episode_id,event_id,state,county_fips,county_name,wfo,begin_date_time,county_timezone,end_date_time,injuries_direct,injuries_indirect,deaths_direct,deaths_indirect,property_damage,crop_damage,source,tornado_rating,max_windspeed,tornado_length,tornado_max_width,other_wfos,other_states,other_counties_fips,other_counties_names,begin_latitude,begin_longitude,end_latitude,end_longitude,episode_narrative,event_narrative,state_code,begin_date_time_corrected,end_date_time_corrected,begin_time_adjusted,end_time_adjusted
,10080833,Nebraska,105,Kimball,,1986-07-31 20:23:00,CST,1986-07-31 20:23:00,0,0,0,0,.03K,0,,F0,Unknown,0.2,40,,,,,41.12,-103.67,,,,,NE,1986-07-31 21:23:00,1986-07-31 21:23:00,True,True
,10108320,Oklahoma,97,Mayes,,1986-04-07 17:44:00,CST,1986-04-07 17:44:00,0,0,0,0,250K,0,,F2,Unknown,5.0,100,,,,,36.48,-95.33,36.45,-95.23,,,OK,1986-04-07 17:44:00,1986-04-07 17:44:00,False,False
,10108491,Oklahoma,149,Washita,,1986-03-17 18:25:00,CST,1986-03-17 18:25:00,0,0,0,0,250K,0,,F1,Unknown,13.0,100,,,,,35.18,-99.35,35.43,-99.28,,,OK,1986-03-17 18:25:00,1986-03-17 18:25:00,False,False
,10018752,Indiana,59,Hancock,,1986-03-10 14:10:00,EST,1986-03-10 14:10:00,0,0,0,0,250K,0,,F2,Unknown,5.0,220,,,,,39.8,-85.78,39.85,-85.68,,,IN,1986-03-10 14:10:00,1986-03-10 14:10:00,False,False
,10085363,North Dakota,51,Mcintosh,,1986-06-06 18:05:00,CST,1986-06-06 18:05:00,0,0,0,0,0K,0,,F0,Unknown,0.2,10,,,,,45.98,-99.58,,,,,ND,1986-06-06 18:05:00,1986-06-06 18:05:00,False,False
,9998825,Florida,105,Polk,,1986-07-05 13:15:00,EST,1986-07-05 13:15:00,0,0,0,0,2.5K,0,,F0,Unknown,1.0,30,,,,,28.0,-81.58,,,,,FL,1986-07-05 14:15:00,1986-07-05 14:15:00,True,True
,10013958,Iowa,153,Polk,,1986-05-09 18:36:00,CST,1986-05-09 18:36:00,0,0,0,0,0K,0,,F0,Unknown,0.1,10,,,,,41.58,-93.8,41.58,-93.78,,,IA,1986-05-09 19:36:00,1986-05-09 19:36:00,True,True
,10144075,Texas,175,Goliad,,1986-05-17 16:17:00,CST,1986-05-17 16:17:00,0,0,0,0,0K,0,,F0,Unknown,1.0,30,,,,,28.8,-97.43,,,,,TX,1986-05-17 17:17:00,1986-05-17 17:17:00,True,True
,10142607,Texas,399,Runnels,,1986-09-30 17:35:00,CST,1986-09-30 17:35:00,0,0,0,0,25K,0,,F1,Unknown,0.2,50,,,,,32.07,-100.07,,,,,TX,1986-09-30 18:35:00,1986-09-30 18:35:00,True,True
,10080895,Nebraska,17,Brown,,1986-08-31 15:00:00,CST,1986-08-31 15:00:00,0,0,0,0,.03K,0,,F0,Unknown,0.1,20,,,,,42.58,-99.98,,,,,NE,1986-08-31 16:00:00,1986-08-31 16:00:00,True,True
,10080839,Nebraska,171,Thomas,,1986-08-06 19:20:00,CST,1986-08-06 19:20:00,0,0,0,0,2.5M,0,,F2,Unknown,10.0,70,,,,,41.93,-100.35,41.98,-100.45,,,NE,1986-08-06 20:20:00,1986-08-06 20:20:00,True,True
,10080841,Nebraska,171,Thomas,,1986-08-06 19:43:00,CST,1986-08-06 19:43:00,0,0,0,0,25K,0,,F1,Unknown,0.2,23,,,,,41.88,-100.37,,,,,NE,1986-08-06 20:43:00,1986-08-06 20:43:00,True,True
,10080838,Nebraska,9,Blaine,,1986-08-06 19:00:00,CST,1986-08-06 19:00:00,0,0,0,0,2.5M,0,,F2,Unknown,9.0,70,,,,,42.05,-100.2,41.93,-100.35,,,NE,1986-08-06 20:00:00,1986-08-06 20:00:00,True,True
,10079307,New Jersey,9,Cape May,,1986-09-23 20:00:00,EST,1986-09-23 20:00:00,0,0,0,0,250K,0,,F0,Unknown,1.0,30,,,,,39.22,-74.8,,,,,NJ,1986-09-23 21:00:00,1986-09-23 21:00:00,True,True
,10081406,New Hampshire,3,Carroll,,1986-08-07 15:50:00,EDT,1986-08-07 15:50:00,0,0,0,0,2.5M,0,,F1,Unknown,0.2,10,,,,,43.7,-71.22,,,,,NH,1986-08-07 16:50:00,1986-08-07 16:50:00,True,True
,10109691,Oklahoma,109,Oklahoma,,1986-09-29 15:25:00,CST,1986-09-29 15:25:00,0,0,0,0,250K,0,,F2,Unknown,5.0,100,,,,,35.5,-97.2,35.5,-97.15,,,OK,1986-09-29 16:25:00,1986-09-29 16:25:00,True,True
,10109692,Oklahoma,109,Oklahoma,,1986-09-29 15:30:00,CST,1986-09-29 15:30:00,0,0,0,0,0K,0,,F2,Unknown,0.1,73,,,,,35.45,-97.4,,,,,OK,1986-09-29 16:30:00,1986-09-29 16:30:00,True,True
,10083141,North Dakota,59,Morton,,1986-06-30 20:34:00,CST,1986-06-30 20:34:00,0,0,0,0,0K,0,,F0,Unknown,0.2,10,,,,,46.83,-101.93,,,,,ND,1986-06-30 21:34:00,1986-06-30 21:34:00,True,True
,10083142,North Dakota,59,Morton,,1986-06-30 21:50:00,CST,1986-06-30 21:50:00,0,0,0,0,250K,0,,F0,Unknown,0.2,10,,,,,46.75,-101.5,,,,,ND,1986-06-30 22:50:00,1986-06-30 22:50:00,True,True
,10083159,North Dakota,63,Nelson,,1986-07-10 11:55:00,CST,1986-07-10 11:55:00,0,0,0,0,0K,0,,F0,Unknown,0.2,13,,,,,47.75,-98.12,,,,,ND,1986-07-10 12:55:00,1986-07-10 12:55:00,True,True
,10083160,North Dakota,91,Steele,,1986-07-10 13:40:00,CST,1986-07-10 13:40:00,0,0,0,0,0K,0,,F0,Unknown,0.2,13,,,,,47.52,-97.73,,,,,ND,1986-07-10 14:40:00,1986-07-10 14:40:00,True,True
,10083161,North Dakota,17,Cass,,1986-07-10 18:03:00,CST,1986-07-10 18:03:00,0,0,0,0,0K,0,,F0,Unknown,0.2,13,,,,,46.88,-97.05,,,,,ND,1986-07-10 19:03:00,1986-07-10 19:03:00,True,True
,10078506,Nebraska,19,Buffalo,,1986-04-13 16:32:00,CST,1986-04-13 16:32:00,0,0,0,0,2.5K,0,,F0,Unknown,0.1,20,,,,,40.92,-99.35,40.92,-99.35,,,NE,1986-04-13 16:32:00,1986-04-13 16:32:00,False,False
,10078507,Nebraska,79,Hall,,1986-04-13 16:35:00,CST,1986-04-13 16:35:00,0,0,0,0,.03K,0,,F0,Unknown,0.1,20,,,,,40.77,-98.37,40.77,-98.37,,,NE,1986-04-13 16:35:00,1986-04-13 16:35:00,False,False
,10078508,Nebraska,79,Hall,,1986-04-13 16:35:00,CST,1986-04-13 16:35:00,0,0,0,0,25K,0,,F1,Unknown,1.5,20,,,,,40.83,-98.52,40.83,-98.52,,,NE,1986-04-13 16:35:00,1986-04-13 16:35:00,False,False
,10078513,Nebraska,185,York,,1986-04-13 19:30:00,CST,1986-04-13 19:30:00,0,0,0,0,25K,0,,F1,Unknown,0.3,20,,,,,40.87,-97.53,40.87,-97.53,,,NE,1986-04-13 19:30:00,1986-04-13 19:30:00,False,False
,10078516,Nebraska,101,Keith,,1986-04-17 15:35:00,CST,1986-04-17 15:35:00,0,0,0,0,.03K,0,,F0,Unknown,0.1,17,,,,,41.15,-101.7,41.15,-101.7,,,NE,1986-04-17 15:35:00,1986-04-17 15:35:00,False,False
,10078517,Nebraska,111,Lincoln,,1986-04-17 17:30:00,CST,1986-04-17 17:30:00,0,0,0,0,.03K,0,,F0,Unknown,0.2,27,,,,,41.05,-100.72,41.05,-100.72,,,NE,1986-04-17 17:30:00,1986-04-17 17:30:00,False,False
,10083132,North Dakota,25,Dunn,,1986-06-27 18:00:00,CST,1986-06-27 18:00:00,0,0,0,0,25K,0,,F0,Unknown,0.2,10,,,,,47.37,-102.77,,,,,ND,1986-06-27 19:00:00,1986-06-27 19:00:00,True,True
,10079760,Nebraska,41,Custer,,1986-06-21 20:20:00,CST,1986-06-21 20:20:00,0,0,0,0,.25K,0,,F0,Unknown,0.1,20,,,,,41.37,-100.03,,,,,NE,1986-06-21 21:20:00,1986-06-21 21:20:00,True,True
,10085676,North Dakota,55,Mclean,,1986-07-17 05:00:00,CST,1986-07-17 05:00:00,0,0,0,0,25K,0,,F1,Unknown,0.2,13,,,,,47.75,-101.83,,,,,ND,1986-07-17 05:00:00,1986-07-17 05:00:00,False,False
,10085677,North Dakota,77,Richland,,1986-07-17 11:45:00,CST,1986-07-17 11:45:00,0,0,0,0,25K,0,,F0,Unknown,0.2,13,,,,,46.45,-96.85,,,,,ND,1986-07-17 12:45:00,1986-07-17 12:45:00,True,True
,10085690,North Dakota,103,Wells,,1986-07-27 18:35:00,CST,1986-07-27 18:35:00,0,0,0,0,0K,0,,F0,Unknown,0.2,13,,,,,47.77,-99.9,,,,,ND,1986-07-27 19:35:00,1986-07-27 19:35:00,True,True
,10048055,Minnesota,3,Anoka,,1986-07-18 15:51:00,CST,1986-07-18 15:51:00,0,0,0,0,2.5M,0,,F2,Unknown,2.0,833,,,,,45.17,-93.32,45.15,-93.28,,,MN,1986-07-18 16:51:00,1986-07-18 16:51:00,True,True
,10048066,Minnesota,23,Chippewa,,1986-07-26 17:15:00,CST,1986-07-26 17:15:00,0,0,0,0,0K,0,,F1,Unknown,1.0,30,,,,,44.95,-95.58,,,,,MN,1986-07-26 18:15:00,1986-07-26 18:15:00,True,True
,10048072,Minnesota,119,Polk,,1986-07-27 18:45:00,CST,1986-07-27 18:45:00,0,0,0,0,0K,0,,F0,Unknown,0.2,10,,,,,47.88,-96.92,,,,,MN,1986-07-27 19:45:00,1986-07-27 19:45:00,True,True
,10083139,North Dakota,37,Grant,,1986-06-29 08:30:00,CST,1986-06-29 08:30:00,0,0,0,0,250K,0,,F1,Unknown,0.2,10,,,,,46.28,-101.68,,,,,ND,1986-06-29 09:30:00,1986-06-29 09:30:00,True,True
,10083140,North Dakota,59,Morton,,1986-06-30 20:15:00,CST,1986-06-30 20:15:00,0,0,0,0,0K,0,,F0,Unknown,0.2,10,,,,,46.9,-101.98,,,,,ND,1986-06-30 21:15:00,1986-06-30 21:15:00,True,True
,10117119,Pennsylvania,81,Lycoming,,1986-07-13 12:30:00,EST,1986-07-13 12:30:00,0,0,0,0,25K,0,,F1,Unknown,8.0,100,,,,,41.23,-76.73,41.33,-76.55,,,PA,1986-07-13 13:30:00,1986-07-13 13:30:00,True,True
,10043166,Louisiana,65,Madison,,1986-05-18 10:05:00,CST,1986-05-18 10:05:00,0,0,0,0,0K,0,,F0,Unknown,0.1,13,,,,,32.3,-91.07,,,,,LA,1986-05-18 11:05:00,1986-05-18 11:05:00,True,True
,10123478,South Dakota,105,Perkins,,1986-07-18 16:00:00,CST,1986-07-18 16:00:00,0,0,0,0,2.5K,0,,F2,Unknown,10.5,140,,,,,45.52,-102.23,45.4,-102.1,,,SD,1986-07-18 17:00:00,1986-07-18 17:00:00,True,True
,10123482,South Dakota,105,Perkins,,1986-07-18 16:15:00,CST,1986-07-18 16:15:00,0,0,0,0,0K,0,,F0,Unknown,0.1,40,,,,,45.53,-102.35,,,,,SD,1986-07-18 17:15:00,1986-07-18 17:15:00,True,True
,10099273,Ohio,107,Mercer,,1986-03-10 15:20:00,EST,1986-03-10 15:20:00,0,0,0,0,250K,0,,F1,Unknown,14.0,73,,,,,40.42,-84.63,40.62,-84.45,,,OH,1986-03-10 15:20:00,1986-03-10 15:20:00,False,False
,10099274,Ohio,17,Butler,,1986-03-10 15:20:00,EST,1986-03-10 15:20:00,0,0,0,0,2.5M,0,,F2,Unknown,1.0,200,,,,,39.35,-84.38,,,,,OH,1986-03-10 15:20:00,1986-03-10 15:20:00,False,False
,10106524,Oklahoma,81,Lincoln,,1986-09-29 06:15:00,CST,1986-09-29 06:15:00,0,0,0,0,250K,0,,F1,Unknown,4.0,100,,,,,35.47,-96.95,35.47,-96.85,,,OK,1986-09-29 07:15:00,1986-09-29 07:15:00,True,True
,10106525,Oklahoma,131,Rogers,,1986-09-29 07:15:00,CST,1986-09-29 07:15:00,1,0,0,0,250K,0,,F2,Unknown,2.0,100,,,,,36.18,-95.73,,,,,OK,1986-09-29 08:15:00,1986-09-29 08:15:00,True,True
,10074150,New York,75,Oswego,,1986-07-13 16:25:00,EST,1986-07-13 16:25:00,0,0,0,0,250K,0,,F1,Unknown,7.0,7,,,,,43.32,-76.42,43.22,-76.37,,,NY,1986-07-13 17:25:00,1986-07-13 17:25:00,True,True
,10074151,New York,67,Onondaga,,1986-07-13 16:35:00,EST,1986-07-13 16:35:00,5,0,0,0,250K,0,,F1,Unknown,4.0,7,,,,,43.22,-76.37,43.18,-76.28,,,NY,1986-07-13 17:35:00,1986-07-13 17:35:00,True,True
,10074159,New York,33,Franklin,,1986-07-26 09:50:00,EDT,1986-07-26 09:50:00,0,0,0,0,250K,0,,F1,Unknown,1.0,150,,,,,44.57,-74.25,,,,,NY,1986-07-26 10:50:00,1986-07-26 10:50:00,True,True
,10074160,New York,111,Ulster,,1986-07-26 12:30:00,EDT,1986-07-26 12:30:00,2,0,0,0,2.5M,0,,F2,Unknown,0.5,100,,,,,41.6,-74.47,,,,,NY,1986-07-26 13:30:00,1986-07-26 13:30:00,True,True
,10117120,Pennsylvania,113,Sullivan,,1986-07-13 13:00:00,EST,1986-07-13 13:00:00,0,0,0,0,2.5K,0,,F1,Unknown,9.0,100,,,,,41.33,-76.55,41.47,-76.57,,,PA,1986-07-13 14:00:00,1986-07-13 14:00:00,True,True
,10123471,South Dakota,57,Hamlin,,1986-07-18 14:45:00,CST,1986-07-18 14:45:00,0,0,0,0,25K,0,,F2,Unknown,14.0,100,,,,,44.57,-97.45,44.58,-97.1,,,SD,1986-07-18 15:45:00,1986-07-18 15:45:00,True,True
,10123476,South Dakota,39,Deuel,,1986-07-18 15:38:00,CST,1986-07-18 15:38:00,0,0,0,0,25K,0,,F2,Unknown,17.0,150,,,,,44.57,-96.7,44.58,-96.48,,,SD,1986-07-18 16:38:00,1986-07-18 16:38:00,True,True
,10080223,Nebraska,79,Hall,,1986-07-24 15:00:00,CST,1986-07-24 15:00:00,0,0,0,0,2.5K,0,,F1,Unknown,0.3,40,,,,,40.95,-98.4,,,,,NE,1986-07-24 16:00:00,1986-07-24 16:00:00,True,True
,10112906,South Carolina,19,Charleston,,1986-07-26 13:30:00,EST,1986-07-26 13:30:00,3,0,0,0,25K,0,,F0,Unknown,0.2,30,,,,,32.8,-80.12,,,,,SC,1986-07-26 14:30:00,1986-07-26 14:30:00,True,True
,10105284,Oklahoma,61,Haskell,,1986-06-07 13:05:00,CST,1986-06-07 13:05:00,0,0,0,0,25K,0,,F0,Unknown,0.2,73,,,,,35.27,-94.92,,,,,OK,1986-06-07 14:05:00,1986-06-07 14:05:00,True,True
,10043142,Louisiana,107,Tensas,,1986-04-12 00:50:00,CST,1986-04-12 00:50:00,0,0,0,0,0K,0,,F1,Unknown,0.3,100,,,,,32.0,-91.25,32.0,-91.25,,,LA,1986-04-12 00:50:00,1986-04-12 00:50:00,False,False
,10046959,Minnesota,141,Sherburne,,1986-04-27 19:25:00,CST,1986-04-27 19:25:00,0,0,0,0,.25K,0,,F0,Unknown,0.1,10,,,,,45.43,-94.0,45.43,-94.0,,,MN,1986-04-27 20:25:00,1986-04-27 20:25:00,True,True
,10043154,Louisiana,127,Winn,,1986-04-19 16:20:00,CST,1986-04-19 16:20:00,0,0,0,0,0K,0,,F1,Unknown,0.3,50,,,,,32.12,-92.67,32.12,-92.67,,,LA,1986-04-19 16:20:00,1986-04-19 16:20:00,False,False
,10105151,Oklahoma,75,Kiowa,,1986-10-01 21:07:00,CST,1986-10-01 21:07:00,0,0,0,0,0K,0,,F0,Unknown,0.1,30,,,,,35.1,-99.4,,,,,OK,1986-10-01 22:07:00,1986-10-01 22:07:00,True,True
,10105156,Oklahoma,109,Oklahoma,,1986-10-02 09:07:00,CST,1986-10-02 09:07:00,0,0,0,0,2.5M,0,,F1,Unknown,2.0,150,,,,,35.57,-97.6,,,,,OK,1986-10-02 10:07:00,1986-10-02 10:07:00,True,True
,10105158,Oklahoma,83,Logan,,1986-10-02 10:12:00,CST,1986-10-02 10:12:00,0,0,0,0,0K,0,,F0,Unknown,5.0,73,,,,,35.8,-97.6,35.87,-97.6,,,OK,1986-10-02 11:12:00,1986-10-02 11:12:00,True,True
,10105159,Oklahoma,83,Logan,,1986-10-02 15:29:00,CST,1986-10-02 15:29:00,0,0,0,0,0K,0,,F0,Unknown,0.1,50,,,,,35.88,-97.55,,,,,OK,1986-10-02 16:29:00,1986-10-02 16:29:00,True,True
,10079672,New Hampshire,5,Cheshire,,1986-06-16 12:50:00,EDT,1986-06-16 12:50:00,0,0,0,0,250K,0,,F1,Unknown,10.0,30,,,,,42.9,-72.22,42.97,-72.03,,,NH,1986-06-16 13:50:00,1986-06-16 13:50:00,True,True
,10079673,New Hampshire,11,Hillsborough,,1986-06-16 13:00:00,CST,1986-06-16 13:00:00,0,0,0,0,250K,0,,F1,Unknown,2.0,30,,,,,42.95,-71.98,42.97,-71.97,,,NH,1986-06-16 14:00:00,1986-06-16 14:00:00,True,True
,10080248,Nebraska,27,Cedar,,1986-07-28 18:50:00,CST,1986-07-28 18:50:00,0,0,0,0,.25K,0,,F0,Unknown,0.1,20,,,,,42.77,-97.17,,,,,NE,1986-07-28 19:50:00,1986-07-28 19:50:00,True,True
,10080251,Nebraska,89,Holt,,1986-07-29 17:45:00,CST,1986-07-29 17:45:00,0,0,0,0,2.5K,0,,F1,Unknown,5.0,70,,,,,42.45,-98.35,42.42,-98.43,,,NE,1986-07-29 18:45:00,1986-07-29 18:45:00,True,True
,10080252,Nebraska,3,Antelope,,1986-07-29 18:25:00,CST,1986-07-29 18:25:00,0,0,0,0,25K,0,,F1,Unknown,3.0,20,,,,,42.38,-98.28,42.4,-98.25,,,NE,1986-07-29 19:25:00,1986-07-29 19:25:00,True,True
,10080260,Nebraska,47,Dawson,,1986-07-31 09:30:00,CST,1986-07-31 09:30:00,0,0,0,0,.03K,0,,F0,Unknown,0.2,30,,,,,40.78,-99.72,,,,,NE,1986-07-31 10:30:00,1986-07-31 10:30:00,True,True
,10106379,Oklahoma,141,Tillman,,1986-05-08 16:08:00,CST,1986-05-08 16:08:00,0,0,0,0,0K,0,,F0,Unknown,1.0,300,,,,,34.23,-98.72,,,,,OK,1986-05-08 17:08:00,1986-05-08 17:08:00,True,True
,10099332,Ohio,71,Highland,,1986-06-10 13:20:00,EST,1986-06-10 13:20:00,0,0,0,0,250K,0,,F1,Unknown,3.5,73,,,,,39.2,-83.63,39.22,-83.58,,,OH,1986-06-10 14:20:00,1986-06-10 14:20:00,True,True
,10099333,Ohio,97,Madison,,1986-06-10 17:30:00,EST,1986-06-10 17:30:00,0,0,0,0,250K,0,,F1,Unknown,10.0,73,,,,,39.92,-83.45,39.92,-83.23,,,OH,1986-06-10 18:30:00,1986-06-10 18:30:00,True,True
,10099334,Ohio,49,Franklin,,1986-06-10 17:50:00,EST,1986-06-10 17:50:00,0,0,0,0,250K,0,,F1,Unknown,5.0,73,,,,,39.92,-83.23,39.92,-83.17,,,OH,1986-06-10 18:50:00,1986-06-10 18:50:00,True,True
,10099335,Ohio,123,Ottawa,,1986-06-10 19:03:00,EST,1986-06-10 19:03:00,0,0,0,0,2.5M,0,,F1,Unknown,18.0,73,,,,,41.52,-83.1,41.53,-82.78,,,OH,1986-06-10 20:03:00,1986-06-10 20:03:00,True,True
,10099336,Ohio,7,Ashtabula,,1986-06-10 22:00:00,EST,1986-06-10 22:00:00,0,0,0,0,25K,0,,F1,Unknown,0.3,100,,,,,41.85,-80.85,,,,,OH,1986-06-10 23:00:00,1986-06-10 23:00:00,True,True
,10107491,Oklahoma,107,Okfuskee,,1986-05-14 17:26:00,CST,1986-05-14 17:26:00,0,0,0,0,25K,0,,F1,Unknown,2.0,150,,,,,35.5,-96.22,,,,,OK,1986-05-14 18:26:00,1986-05-14 18:26:00,True,True
,10107495,Oklahoma,49,Garvin,,1986-05-14 17:49:00,CST,1986-05-14 17:49:00,0,0,0,0,0K,0,,F1,Unknown,0.5,23,,,,,34.67,-97.3,,,,,OK,1986-05-14 18:49:00,1986-05-14 18:49:00,True,True
,10076385,New York,25,Delaware,,1986-10-01 01:00:00,EST,1986-10-01 01:00:00,0,0,0,0,250K,0,,F2,Unknown,0.1,10,,,,,42.28,-74.57,,,,,NY,1986-10-01 02:00:00,1986-10-01 02:00:00,True,True
,10099325,Ohio,155,Trumbull,,1986-05-15 21:57:00,EST,1986-05-15 21:57:00,0,0,0,0,250K,0,,F1,Unknown,0.8,30,,,,,41.47,-80.88,,,,,OH,1986-05-15 22:57:00,1986-05-15 22:57:00,True,True
,10080246,Nebraska,43,Dakota,,1986-07-28 18:15:00,CST,1986-07-28 18:15:00,1,0,0,0,25M,0,,F4,Unknown,20.0,73,,,,,42.53,-96.68,42.42,-96.42,,,NE,1986-07-28 19:15:00,1986-07-28 19:15:00,True,True
,10097140,Ohio,103,Medina,,1986-09-24 13:30:00,EST,1986-09-24 13:30:00,0,0,0,0,25K,0,,F0,Unknown,0.1,10,,,,,41.1,-81.95,,,,,OH,1986-09-24 14:30:00,1986-09-24 14:30:00,True,True
,10085349,North Dakota,97,Traill,,1986-05-11 22:31:00,CST,1986-05-11 22:31:00,0,0,0,0,25K,0,,F1,Unknown,0.1,100,,,,,47.63,-97.45,47.62,-97.45,,,ND,1986-05-11 23:31:00,1986-05-11 23:31:00,True,True
,10085351,North Dakota,35,Grand Forks,,1986-05-11 23:40:00,CST,1986-05-11 23:40:00,0,0,0,0,2.5K,0,,F1,Unknown,0.2,13,,,,,47.78,-97.1,,,,,ND,1986-05-12 00:40:00,1986-05-12 00:40:00,True,True
,10063111,Mississippi,11,Bolivar,,1986-03-12 01:30:00,CST,1986-03-12 01:30:00,0,0,0,0,25K,0,,F0,Unknown,0.4,30,,,,,33.83,-90.92,,,,,MS,1986-03-12 01:30:00,1986-03-12 01:30:00,False,False
,10063112,Mississippi,33,De Soto,,1986-03-12 01:30:00,CST,1986-03-12 01:30:00,0,0,0,0,250K,0,,F1,Unknown,1.0,30,,,,,34.82,-90.2,,,,,MS,1986-03-12 01:30:00,1986-03-12 01:30:00,False,False
,10063115,Mississippi,135,Tallahatchie,,1986-03-12 02:20:00,CST,1986-03-12 02:20:00,1,0,0,0,2.5M,0,,F1,Unknown,1.2,100,,,,,34.0,-90.05,,,,,MS,1986-03-12 02:20:00,1986-03-12 02:20:00,False,False
,10080229,Nebraska,141,Platte,,1986-07-24 16:20:00,CST,1986-07-24 16:20:00,0,0,0,0,250K,0,,F1,Unknown,0.1,20,,,,,41.7,-97.75,,,,,NE,1986-07-24 17:20:00,1986-07-24 17:20:00,True,True
,10108574,Oklahoma,143,Tulsa,,1986-04-13 23:20:00,CST,1986-04-13 23:20:00,2,0,0,0,2.5M,0,,F2,Unknown,4.0,300,,,,,36.05,-95.78,36.1,-95.73,,,OK,1986-04-13 23:20:00,1986-04-13 23:20:00,False,False
,10063128,Mississippi,95,Monroe,,1986-05-18 12:45:00,CST,1986-05-18 12:45:00,0,0,0,0,25K,0,,F1,Unknown,1.0,7,,,,,33.98,-88.37,,,,,MS,1986-05-18 13:45:00,1986-05-18 13:45:00,True,True
,10080244,Nebraska,51,Dixon,,1986-07-28 17:30:00,CST,1986-07-28 17:30:00,0,0,0,0,25M,0,,F4,Unknown,20.0,73,,,,,42.68,-96.97,42.53,-96.68,,,NE,1986-07-28 18:30:00,1986-07-28 18:30:00,True,True
,10085337,North Dakota,29,Emmons,,1986-05-11 19:20:00,CST,1986-05-11 19:20:00,0,0,0,0,0K,0,,F0,Unknown,0.2,13,,,,,45.97,-100.3,,,,,ND,1986-05-11 20:20:00,1986-05-11 20:20:00,True,True
,10085338,North Dakota,29,Emmons,,1986-05-11 19:20:00,CST,1986-05-11 19:20:00,0,0,0,0,0K,0,,F0,Unknown,0.2,13,,,,,45.97,-100.3,,,,,ND,1986-05-11 20:20:00,1986-05-11 20:20:00,True,True
,10085342,North Dakota,93,Stutsman,,1986-05-11 21:15:00,CST,1986-05-11 21:15:00,0,0,0,0,0K,0,,F0,Unknown,0.2,13,,,,,46.93,-98.5,,,,,ND,1986-05-11 22:15:00,1986-05-11 22:15:00,True,True
,10085348,North Dakota,91,Steele,,1986-05-11 22:30:00,CST,1986-05-11 22:30:00,0,0,0,0,25K,0,,F1,Unknown,0.1,100,,,,,47.63,-97.5,47.63,-97.48,,,ND,1986-05-11 23:30:00,1986-05-11 23:30:00,True,True
,10078550,Nebraska,169,Thayer,,1986-04-26 19:08:00,CST,1986-04-26 19:08:00,0,0,0,0,250K,0,,F2,Unknown,10.0,40,,,,,40.17,-97.57,40.3,-97.42,,,NE,1986-04-26 19:08:00,1986-04-26 19:08:00,False,False
,10124865,South Dakota,75,Jones,,1986-09-24 19:15:00,CST,1986-09-24 19:15:00,0,0,0,0,0K,0,,F0,Unknown,0.1,40,,,,,43.88,-100.85,,,,,SD,1986-09-24 20:15:00,1986-09-24 20:15:00,True,True
,10124867,South Dakota,117,Stanley,,1986-09-24 20:15:00,CST,1986-09-24 20:15:00,0,0,0,0,2.5K,0,,F1,Unknown,0.1,40,,,,,44.6,-100.67,,,,,SD,1986-09-24 21:15:00,1986-09-24 21:15:00,True,True
,10124869,South Dakota,41,Dewey,,1986-09-24 21:18:00,CST,1986-09-24 21:18:00,0,0,0,0,25K,0,,F1,Unknown,0.3,40,,,,,45.1,-100.83,,,,,SD,1986-09-24 22:18:00,1986-09-24 22:18:00,True,True
,10107472,Oklahoma,75,Kiowa,,1986-05-14 15:09:00,CST,1986-05-14 15:09:00,0,0,0,0,250K,0,,F1,Unknown,0.1,73,,,,,34.63,-98.97,34.65,-98.95,,,OK,1986-05-14 16:09:00,1986-05-14 16:09:00,True,True
,10107473,Oklahoma,75,Kiowa,,1986-05-14 15:09:00,CST,1986-05-14 15:09:00,0,0,0,0,250K,0,,F2,Unknown,3.0,500,,,,,34.63,-98.95,34.63,-98.9,,,OK,1986-05-14 16:09:00,1986-05-14 16:09:00,True,True
,10082427,Nevada,3,Clark,,1986-05-28 20:08:00,PST,1986-05-28 20:08:00,0,0,0,0,0K,0,,F0,Unknown,3.0,150,,,,,36.62,-115.57,36.63,-115.52,,,NV,1986-05-28 21:08:00,1986-05-28 21:08:00,True,True
,10108640,Oklahoma,149,Washita,,1986-05-16 20:00:00,CST,1986-05-16 20:00:00,0,0,0,0,0K,0,,F0,Unknown,0.2,23,,,,,35.32,-99.13,,,,,OK,1986-05-16 21:00:00,1986-05-16 21:00:00,True,True
,10108643,Oklahoma,39,Custer,,1986-05-16 20:10:00,CST,1986-05-16 20:10:00,0,0,0,0,0K,0,,F0,Unknown,0.5,50,,,,,35.53,-98.88,,,,,OK,1986-05-16 21:10:00,1986-05-16 21:10:00,True,True
,10108646,Oklahoma,15,Caddo,,1986-05-16 20:35:00,CST,1986-05-16 20:35:00,0,0,0,0,25K,0,,F1,Unknown,0.2,50,,,,,35.55,-98.45,,,,,OK,1986-05-16 21:35:00,1986-05-16 21:35:00,True,True
,10099320,Ohio,33,Crawford,,1986-05-15 17:27:00,EST,1986-05-15 17:27:00,0,0,0,0,250K,0,,F1,Unknown,9.0,120,,,,,40.88,-82.98,40.98,-82.88,,,OH,1986-05-15 18:27:00,1986-05-15 18:27:00,True,True
,10099321,Ohio,77,Huron,,1986-05-15 18:05:00,EST,1986-05-15 18:05:00,0,0,0,0,25K,0,,F0,Unknown,1.0,73,,,,,41.08,-82.82,,,,,OH,1986-05-15 19:05:00,1986-05-15 19:05:00,True,True
,10119334,Tennessee,115,Marion,,1986-04-20 18:25:00,CST,1986-04-20 18:25:00,6,0,0,0,250K,0,,F1,Unknown,0.2,27,,,,,35.08,-85.6,,,,,TN,1986-04-20 18:25:00,1986-04-20 18:25:00,False,False
,10097120,Ohio,93,Lorain,,1986-08-26 14:15:00,EST,1986-08-26 14:15:00,2,0,0,0,2.5M,0,,F2,Unknown,3.0,440,,,,,41.4,-82.18,41.45,-82.17,,,OH,1986-08-26 15:15:00,1986-08-26 15:15:00,True,True
,10063084,Mississippi,143,Tunica,,1986-02-17 16:20:00,CST,1986-02-17 16:20:00,0,0,0,0,25K,0,,F1,Unknown,1.0,50,,,,,34.62,-90.3,,,,,MS,1986-02-17 16:20:00,1986-02-17 16:20:00,False,False
,10063085,Mississippi,143,Tunica,,1986-02-17 16:25:00,CST,1986-02-17 16:25:00,0,0,0,0,25K,0,,F1,Unknown,1.5,50,,,,,34.57,-90.23,,,,,MS,1986-02-17 16:25:00,1986-02-17 16:25:00,False,False
,10078553,Nebraska,159,Seward,,1986-04-26 19:55:00,CST,1986-04-26 19:55:00,0,0,0,0,.25K,0,,F0,Unknown,0.1,20,,,,,40.75,-96.97,40.75,-96.97,,,NE,1986-04-26 19:55:00,1986-04-26 19:55:00,False,False
,10037275,Kansas,157,Republic,,1986-04-13 18:45:00,CST,1986-04-13 18:45:00,0,0,0,0,250K,0,,F0,Unknown,1.0,27,,,,,39.82,-97.63,39.82,-97.63,,,KS,1986-04-13 18:45:00,1986-04-13 18:45:00,False,False
,10105680,Oklahoma,109,Oklahoma,,1986-05-08 18:21:00,CST,1986-05-08 18:21:00,0,0,0,0,250K,0,,F1,Unknown,7.0,50,,,,,35.65,-97.48,35.73,-97.38,,,OK,1986-05-08 19:21:00,1986-05-08 19:21:00,True,True
,10105682,Oklahoma,83,Logan,,1986-05-08 19:15:00,CST,1986-05-08 19:15:00,0,0,0,0,250K,0,,F1,Unknown,3.0,23,,,,,35.88,-97.35,35.97,-97.33,,,OK,1986-05-08 20:15:00,1986-05-08 20:15:00,True,True
,10046020,Maine,31,York,,1986-08-07 15:15:00,EDT,1986-08-07 15:15:00,0,0,0,0,2.5M,0,,F1,Unknown,2.0,200,,,,,43.73,-70.98,43.73,-70.93,,,ME,1986-08-07 16:15:00,1986-08-07 16:15:00,True,True
,10046021,Maine,31,York,,1986-08-07 15:20:00,EDT,1986-08-07 15:20:00,0,0,0,0,250K,0,,F1,Unknown,1.5,200,,,,,43.53,-70.85,,,,,ME,1986-08-07 16:20:00,1986-08-07 16:20:00,True,True
,10092990,Oklahoma,65,Jackson,,1986-05-14 14:42:00,CST,1986-05-14 14:42:00,0,0,0,0,250K,0,,F1,Unknown,6.0,300,,,,,34.57,-99.2,34.65,-99.12,,,OK,1986-05-14 15:42:00,1986-05-14 15:42:00,True,True
,10092997,Oklahoma,141,Tillman,,1986-05-14 15:05:00,CST,1986-05-14 15:05:00,0,0,0,0,250K,0,,F1,Unknown,1.0,73,,,,,34.63,-98.98,34.63,-98.97,,,OK,1986-05-14 16:05:00,1986-05-14 16:05:00,True,True
,10100368,Ohio,119,Muskingum,,1986-03-10 18:45:00,EST,1986-03-10 18:45:00,3,0,1,0,250K,0,,F2,Unknown,5.0,100,,,,,39.97,-81.83,40.0,-81.73,,,OH,1986-03-10 18:45:00,1986-03-10 18:45:00,False,False
,10100373,Ohio,23,Clark,,1986-04-20 17:45:00,CST,1986-04-20 17:45:00,6,0,0,0,250K,0,,F1,Unknown,3.5,27,,,,,39.92,-83.67,39.92,-83.58,,,OH,1986-04-20 17:45:00,1986-04-20 17:45:00,False,False
,10052177,Michigan,15,Barry,,1986-07-15 19:38:00,EST,1986-07-15 19:38:00,0,0,0,0,250K,0,,F2,Unknown,20.0,440,,,,,42.55,-85.52,42.42,-85.18,,,MI,1986-07-15 20:38:00,1986-07-15 20:38:00,True,True
,10052181,Michigan,25,Calhoun,,1986-07-15 20:05:00,EST,1986-07-15 20:05:00,0,0,0,0,250K,0,,F2,Unknown,22.5,440,,,,,42.4,-85.18,42.25,-84.75,,,MI,1986-07-15 21:05:00,1986-07-15 21:05:00,True,True
,10052183,Michigan,91,Lenawee,,1986-07-15 21:23:00,EST,1986-07-15 21:23:00,0,0,0,0,0K,0,,F0,Unknown,0.2,13,,,,,42.0,-84.18,,,,,MI,1986-07-15 22:23:00,1986-07-15 22:23:00,True,True
,10073010,Missouri,207,Stoddard,,1986-05-15 16:00:00,CST,1986-05-15 16:00:00,0,0,0,0,2.5M,0,,F1,Unknown,0.5,100,,,,,36.9,-89.9,,,,,MO,1986-05-15 17:00:00,1986-05-15 17:00:00,True,True
,10073011,Missouri,207,Stoddard,,1986-05-15 16:51:00,CST,1986-05-15 16:51:00,0,0,0,0,0K,0,,F0,Unknown,0.2,73,,,,,36.78,-89.85,,,,,MO,1986-05-15 17:51:00,1986-05-15 17:51:00,True,True
,10073012,Missouri,207,Stoddard,,1986-05-15 17:00:00,CST,1986-05-15 17:00:00,0,0,0,0,0K,0,,F0,Unknown,0.2,73,,,,,36.68,-89.8,,,,,MO,1986-05-15 18:00:00,1986-05-15 18:00:00,True,True
,10073014,Missouri,207,Stoddard,,1986-05-15 17:15:00,CST,1986-05-15 17:15:00,0,0,0,0,25K,0,,F1,Unknown,5.0,200,,,,,36.8,-89.75,36.88,-89.68,,,MO,1986-05-15 18:15:00,1986-05-15 18:15:00,True,True
,10073015,Missouri,201,Scott,,1986-05-15 17:25:00,CST,1986-05-15 17:25:00,0,0,0,0,25K,0,,F1,Unknown,10.0,200,,,,,36.88,-89.68,37.08,-89.6,,,MO,1986-05-15 18:25:00,1986-05-15 18:25:00,True,True
,10073016,Missouri,143,New Madrid,,1986-05-15 17:30:00,CST,1986-05-15 17:30:00,0,0,0,0,25M,0,,F2,Unknown,3.0,500,,,,,36.87,-89.62,36.88,-89.58,,,MO,1986-05-15 18:30:00,1986-05-15 18:30:00,True,True
,10073017,Missouri,201,Scott,,1986-05-15 17:36:00,CST,1986-05-15 17:36:00,19,0,0,0,25M,0,,F2,Unknown,6.0,500,,,,,36.88,-89.58,36.98,-89.47,,,MO,1986-05-15 18:36:00,1986-05-15 18:36:00,True,True
,10073018,Missouri,201,Scott,,1986-05-15 18:30:00,CST,1986-05-15 18:30:00,15,0,1,0,2.5M,0,,F2,Unknown,4.0,400,,,,,36.97,-89.7,37.02,-89.65,,,MO,1986-05-15 19:30:00,1986-05-15 19:30:00,True,True
,10073023,Missouri,155,Pemiscot,,1986-06-09 14:30:00,CST,1986-06-09 14:30:00,0,0,0,0,2.5K,0,,F1,Unknown,0.5,50,,,,,36.13,-89.78,,,,,MO,1986-06-09 15:30:00,1986-06-09 15:30:00,True,True
,10100424,Ohio,89,Licking,,1986-06-22 20:35:00,EST,1986-06-22 20:35:00,0,0,0,0,250K,0,,F1,Unknown,2.0,47,,,,,40.05,-82.4,,,,,OH,1986-06-22 21:35:00,1986-06-22 21:35:00,True,True
,10073024,Missouri,155,Pemiscot,,1986-06-09 14:50:00,CST,1986-06-09 14:50:00,0,0,0,0,0K,0,,F1,Unknown,0.5,73,,,,,36.1,-89.93,,,,,MO,1986-06-09 15:50:00,1986-06-09 15:50:00,True,True
,10073025,Missouri,155,Pemiscot,,1986-06-09 15:05:00,CST,1986-06-09 15:05:00,0,0,0,0,0K,0,,F1,Unknown,0.2,50,,,,,36.18,-89.75,,,,,MO,1986-06-09 16:05:00,1986-06-09 16:05:00,True,True
,10073026,Missouri,155,Pemiscot,,1986-06-09 15:45:00,CST,1986-06-09 15:45:00,0,0,0,0,0K,0,,F1,Unknown,0.5,50,,,,,36.28,-89.65,,,,,MO,1986-06-09 16:45:00,1986-06-09 16:45:00,True,True
,10100351,Ohio,97,Madison,,1986-03-10 17:05:00,EST,1986-03-10 17:05:00,0,0,0,0,2.5M,0,,F2,Unknown,3.0,100,,,,,39.72,-83.27,39.72,-83.22,,,OH,1986-03-10 17:05:00,1986-03-10 17:05:00,False,False
,10100352,Ohio,129,Pickaway,,1986-03-10 17:11:00,EST,1986-03-10 17:11:00,10,0,0,0,2.5M,0,,F2,Unknown,3.0,100,,,,,39.72,-83.2,39.75,-83.22,,,OH,1986-03-10 17:11:00,1986-03-10 17:11:00,False,False
,10046484,Louisiana,49,Jackson,,1986-03-18 14:25:00,CST,1986-03-18 14:25:00,2,0,0,0,250K,0,,F2,Unknown,3.0,150,,,,,32.3,-92.45,32.38,-92.35,,,LA,1986-03-18 14:25:00,1986-03-18 14:25:00,False,False
,10046485,Louisiana,73,Ouachita,,1986-03-18 14:25:00,CST,1986-03-18 14:25:00,0,0,0,0,250K,0,,F2,Unknown,2.0,150,,,,,32.38,-92.35,32.33,-92.32,,,LA,1986-03-18 14:25:00,1986-03-18 14:25:00,False,False
,10046488,Louisiana,75,Plaquemines,,1986-03-19 09:15:00,CST,1986-03-19 09:15:00,1,0,0,0,0K,0,,F0,Unknown,0.1,17,,,,,29.35,-89.53,,,,,LA,1986-03-19 09:15:00,1986-03-19 09:15:00,False,False
,10046490,Louisiana,17,Caddo,,1986-04-04 19:50:00,CST,1986-04-04 19:50:00,0,0,0,0,0K,0,,F1,Unknown,0.3,150,,,,,33.0,-93.92,33.0,-93.92,,,LA,1986-04-04 19:50:00,1986-04-04 19:50:00,False,False
,9975737,Alabama,89,Madison,,1986-07-28 20:00:00,CST,1986-07-28 20:00:00,0,0,0,0,.25K,0,,F0,Unknown,4.0,150,,,,,34.63,-86.5,34.6,-86.45,,,AL,1986-07-28 21:00:00,1986-07-28 21:00:00,True,True
,10047041,Minnesota,115,Pine,,1986-07-05 17:25:00,CST,1986-07-05 17:25:00,0,0,0,0,25K,0,,F0,Unknown,1.0,20,,,,,45.77,-93.08,,,,,MN,1986-07-05 18:25:00,1986-07-05 18:25:00,True,True
,10079078,Nebraska,47,Dawson,,1986-06-26 14:57:00,CST,1986-06-26 14:57:00,0,0,0,0,25K,0,,F1,Unknown,0.3,50,,,,,40.75,-99.53,,,,,NE,1986-06-26 15:57:00,1986-06-26 15:57:00,True,True
,10079079,Nebraska,107,Knox,,1986-06-28 20:27:00,CST,1986-06-28 20:27:00,0,0,0,0,.03K,0,,F0,Unknown,0.1,20,,,,,42.7,-97.77,,,,,NE,1986-06-28 21:27:00,1986-06-28 21:27:00,True,True
,10079089,Nebraska,143,Polk,,1986-06-29 20:02:00,CST,1986-06-29 20:02:00,0,0,0,0,25K,0,,F1,Unknown,0.3,50,,,,,41.3,-97.55,,,,,NE,1986-06-29 21:02:00,1986-06-29 21:02:00,True,True
,9985892,Colorado,123,Weld,,1986-08-02 21:50:00,MST,1986-08-02 21:50:00,0,0,0,0,2.5K,0,,F1,Unknown,0.7,30,,,,,40.58,-104.25,,,,,CO,1986-08-02 22:50:00,1986-08-02 22:50:00,True,True
,9985896,Colorado,73,Lincoln,,1986-08-03 17:48:00,CST,1986-08-03 17:48:00,0,0,0,0,0K,0,,F1,Unknown,0.5,30,,,,,39.27,-103.65,,,,,CO,1986-08-03 18:48:00,1986-08-03 18:48:00,True,True
,9984757,Colorado,123,Weld,,1986-06-09 10:20:00,MST,1986-06-09 10:20:00,0,0,0,0,0K,0,,F1,Unknown,0.2,30,,,,,40.05,-104.73,,,,,CO,1986-06-09 11:20:00,1986-06-09 11:20:00,True,True
,9984763,Colorado,63,Kit Carson,,1986-06-13 17:58:00,MST,1986-06-13 17:58:00,0,0,0,0,0K,0,,F1,Unknown,0.5,40,,,,,39.1,-102.35,,,,,CO,1986-06-13 18:58:00,1986-06-13 18:58:00,True,True
,10052820,Michigan,155,Shiawassee,,1986-04-28 14:08:00,CST,1986-04-28 14:08:00,0,0,0,0,2.5M,0,,F2,Unknown,18.4,40,,,,,42.9,-84.25,43.17,-84.25,,,MI,1986-04-28 15:08:00,1986-04-28 15:08:00,True,True
,10070791,Missouri,131,Miller,,1986-10-03 02:15:00,CST,1986-10-03 02:15:00,0,0,0,0,2.5M,0,,F2,Unknown,6.7,100,,,,,38.33,-92.47,38.37,-92.42,,,MO,1986-10-03 03:15:00,1986-10-03 03:15:00,True,True
,9984751,Colorado,31,Denver,,1986-06-08 17:10:00,CST,1986-06-08 17:10:00,6,0,0,0,2.5M,0,,F2,Unknown,1.0,50,,,,,39.72,-104.9,,,,,CO,1986-06-08 18:10:00,1986-06-08 18:10:00,True,True
,9984752,Colorado,5,Arapahoe,,1986-06-08 17:13:00,MST,1986-06-08 17:13:00,0,0,0,0,2.5M,0,,F2,Unknown,0.1,50,,,,,39.72,-104.85,39.72,-104.85,,,CO,1986-06-08 18:13:00,1986-06-08 18:13:00,True,True
,9984753,Colorado,1,Adams,,1986-06-08 17:15:00,CST,1986-06-08 17:15:00,0,0,0,0,0K,0,,F2,Unknown,2.0,100,,,,,39.83,-104.6,,,,,CO,1986-06-08 18:15:00,1986-06-08 18:15:00,True,True
,9984754,Colorado,1,Adams,,1986-06-08 17:20:00,CST,1986-06-08 17:20:00,0,0,0,0,0K,0,,F1,Unknown,2.0,100,,,,,39.83,-104.6,,,,,CO,1986-06-08 18:20:00,1986-06-08 18:20:00,True,True
,9984755,Colorado,1,Adams,,1986-06-08 17:20:00,CST,1986-06-08 17:20:00,0,0,0,0,0K,0,,F1,Unknown,2.0,100,,,,,39.83,-104.6,,,,,CO,1986-06-08 18:20:00,1986-06-08 18:20:00,True,True
,9984756,Colorado,61,Kiowa,,1986-06-08 17:30:00,MST,1986-06-08 17:30:00,0,0,0,0,0K,0,,F1,Unknown,0.5,50,,,,,38.48,-102.52,,,,,CO,1986-06-08 18:30:00,1986-06-08 18:30:00,True,True
,9978785,Alabama,107,Pickens,,1986-03-12 14:15:00,CST,1986-03-12 14:15:00,0,0,2,0,2.5M,0,,F3,Unknown,16.0,700,,,,,33.18,-88.2,33.38,-88.2,,,AL,1986-03-12 14:15:00,1986-03-12 14:15:00,False,False
,9978786,Alabama,75,Lamar,,1986-03-12 14:58:00,CST,1986-03-12 14:58:00,0,0,0,0,250K,0,,F3,Unknown,6.0,500,,,,,33.55,-88.05,33.63,-88.0,,,AL,1986-03-12 14:58:00,1986-03-12 14:58:00,False,False
,9978789,Alabama,93,Marion,,1986-03-12 15:25:00,CST,1986-03-12 15:25:00,0,0,0,0,250K,0,,F3,Unknown,2.5,200,,,,,33.93,-87.83,,,,,AL,1986-03-12 15:25:00,1986-03-12 15:25:00,False,False
,9978790,Alabama,93,Marion,,1986-03-12 15:35:00,CST,1986-03-12 15:35:00,0,0,0,0,25K,0,,F2,Unknown,7.5,200,,,,,33.93,-87.82,34.12,-87.88,,,AL,1986-03-12 15:35:00,1986-03-12 15:35:00,False,False
,9978795,Alabama,43,Cullman,,1986-03-12 20:20:00,CST,1986-03-12 20:20:00,0,0,0,0,2.5M,0,,F2,Unknown,1.0,200,,,,,34.3,-86.5,34.32,-86.5,,,AL,1986-03-12 20:20:00,1986-03-12 20:20:00,False,False
,9978796,Alabama,95,Marshall,,1986-03-12 20:22:00,CST,1986-03-12 20:22:00,5,0,0,0,2.5M,0,,F2,Unknown,6.0,200,,,,,34.32,-86.5,34.38,-86.42,,,AL,1986-03-12 20:22:00,1986-03-12 20:22:00,False,False
,10078496,Nebraska,111,Lincoln,,1986-04-03 16:10:00,CST,1986-04-03 16:10:00,0,0,0,0,25K,0,,F1,Unknown,2.0,50,,,,,41.03,-100.65,41.03,-100.65,,,NE,1986-04-03 16:10:00,1986-04-03 16:10:00,False,False
,10078497,Nebraska,111,Lincoln,,1986-04-03 16:42:00,CST,1986-04-03 16:42:00,0,0,0,0,.03K,0,,F0,Unknown,0.1,17,,,,,41.07,-100.53,41.07,-100.53,,,NE,1986-04-03 16:42:00,1986-04-03 16:42:00,False,False
,10078498,Nebraska,47,Dawson,,1986-04-03 17:10:00,CST,1986-04-03 17:10:00,1,0,0,0,250K,0,,F1,Unknown,1.0,40,,,,,40.95,-99.45,40.95,-99.45,,,NE,1986-04-03 17:10:00,1986-04-03 17:10:00,False,False
,10078499,Nebraska,47,Dawson,,1986-04-03 17:10:00,CST,1986-04-03 17:10:00,0,0,0,0,25K,0,,F1,Unknown,0.5,40,,,,,41.02,-99.75,,,,,NE,1986-04-03 17:10:00,1986-04-03 17:10:00,False,False
,10078500,Nebraska,41,Custer,,1986-04-03 17:30:00,CST,1986-04-03 17:30:00,0,0,0,0,250K,0,,F2,Unknown,1.5,40,,,,,41.15,-99.9,41.15,-99.9,,,NE,1986-04-03 17:30:00,1986-04-03 17:30:00,False,False
,10078501,Nebraska,111,Lincoln,,1986-04-03 17:53:00,CST,1986-04-03 17:53:00,0,0,0,0,0K,0,,F0,Unknown,0.1,13,,,,,41.13,-100.65,41.13,-100.65,,,NE,1986-04-03 17:53:00,1986-04-03 17:53:00,False,False
,10078502,Nebraska,185,York,,1986-04-03 18:03:00,CST,1986-04-03 18:03:00,0,0,0,0,0K,0,,F0,Unknown,0.1,20,,,,,40.8,-97.67,40.8,-97.67,,,NE,1986-04-03 18:03:00,1986-04-03 18:03:00,False,False
,10078504,Nebraska,99,Kearney,,1986-04-13 16:12:00,CST,1986-04-13 16:12:00,0,0,0,0,250K,0,,F2,Unknown,5.0,40,,,,,40.57,-99.03,40.6,-98.95,,,NE,1986-04-13 16:12:00,1986-04-13 16:12:00,False,False
,10078505,Nebraska,99,Kearney,,1986-04-13 16:31:00,CST,1986-04-13 16:31:00,0,0,0,0,.03K,0,,F1,Unknown,0.5,30,,,,,40.48,-98.95,40.48,-98.95,,,NE,1986-04-13 16:31:00,1986-04-13 16:31:00,False,False
,10046501,Louisiana,83,Richland,,1986-04-12 00:05:00,CST,1986-04-12 00:05:00,0,0,0,0,0K,0,,F1,Unknown,0.3,100,,,,,32.45,-91.75,32.45,-91.75,,,LA,1986-04-12 00:05:00,1986-04-12 00:05:00,False,False
,10046502,Louisiana,41,Franklin,,1986-04-12 00:09:00,CST,1986-04-12 00:09:00,3,0,0,0,250K,0,,F2,Unknown,2.0,100,,,,,31.98,-91.73,31.98,-91.73,,,LA,1986-04-12 00:09:00,1986-04-12 00:09:00,False,False
,9984737,Colorado,123,Weld,,1986-05-12 14:05:00,MST,1986-05-12 14:05:00,0,0,0,0,0K,0,,F1,Unknown,0.5,30,,,,,40.62,-104.6,,,,,CO,1986-05-12 15:05:00,1986-05-12 15:05:00,True,True
,9984738,Colorado,17,Cheyenne,,1986-05-12 22:29:00,MST,1986-05-12 22:29:00,0,0,0,0,0K,0,,F1,Unknown,0.5,30,,,,,38.63,-102.58,,,,,CO,1986-05-12 23:29:00,1986-05-12 23:29:00,True,True
,9984740,Colorado,125,Yuma,,1986-05-14 19:35:00,MST,1986-05-14 19:35:00,0,0,0,0,0K,0,,F1,Unknown,0.5,30,,,,,39.6,-102.52,,,,,CO,1986-05-14 20:35:00,1986-05-14 20:35:00,True,True
,9984741,Colorado,125,Yuma,,1986-05-14 19:35:00,MST,1986-05-14 19:35:00,0,0,0,0,0K,0,,F1,Unknown,0.5,30,,,,,39.6,-102.52,,,,,CO,1986-05-14 20:35:00,1986-05-14 20:35:00,True,True
,9984742,Colorado,125,Yuma,,1986-05-14 19:35:00,MST,1986-05-14 19:35:00,0,0,0,0,0K,0,,F1,Unknown,0.5,30,,,,,39.6,-102.52,,,,,CO,1986-05-14 20:35:00,1986-05-14 20:35:00,True,True
,9984743,Colorado,25,Crowley,,1986-05-15 16:15:00,MST,1986-05-15 16:15:00,0,0,0,0,0K,0,,F1,Unknown,0.5,30,,,,,38.2,-103.67,,,,,CO,1986-05-15 17:15:00,1986-05-15 17:15:00,True,True
,10124862,South Dakota,19,Butte,,1986-09-24 17:15:00,CST,1986-09-24 17:15:00,0,0,0,0,25K,0,,F1,Unknown,3.0,40,,,,,44.72,-103.43,44.72,-103.37,,,SD,1986-09-24 18:15:00,1986-09-24 18:15:00,True,True
,10124864,South Dakota,95,Mellette,,1986-09-24 18:52:00,CST,1986-09-24 18:52:00,0,0,0,0,25K,0,,F0,Unknown,1.5,60,,,,,43.58,-101.0,,,,,SD,1986-09-24 19:52:00,1986-09-24 19:52:00,True,True
,10076376,New York,35,Fulton,,1986-08-23 21:20:00,CST,1986-08-23 21:20:00,1,0,0,0,25K,0,,F1,Unknown,0.2,10,,,,,43.15,-74.5,,,,,NY,1986-08-23 22:20:00,1986-08-23 22:20:00,True,True
,10076378,New York,73,Orleans,,1986-09-29 20:05:00,EST,1986-09-29 20:05:00,0,0,0,0,25K,0,,F1,Unknown,0.5,23,,,,,43.35,-78.4,,,,,NY,1986-09-29 21:05:00,1986-09-29 21:05:00,True,True
,10047017,Minnesota,47,Freeborn,,1986-06-22 01:15:00,CST,1986-06-22 01:15:00,0,0,0,0,.25K,0,,F0,Unknown,0.2,50,,,,,43.63,-93.6,,,,,MN,1986-06-22 02:15:00,1986-06-22 02:15:00,True,True
,10047024,Minnesota,111,Otter Tail,,1986-06-26 16:30:00,CST,1986-06-26 16:30:00,0,0,0,0,0K,0,,F0,Unknown,0.2,20,,,,,46.47,-96.1,,,,,MN,1986-06-26 17:30:00,1986-06-26 17:30:00,True,True
,10047025,Minnesota,111,Otter Tail,,1986-06-26 16:37:00,CST,1986-06-26 16:37:00,0,0,0,0,0K,0,,F0,Unknown,0.3,20,,,,,46.57,-96.08,,,,,MN,1986-06-26 17:37:00,1986-06-26 17:37:00,True,True
,10047026,Minnesota,167,Wilkin,,1986-06-26 16:45:00,CST,1986-06-26 16:45:00,0,0,0,0,25K,0,,F1,Unknown,1.0,20,,,,,46.52,-96.3,,,,,MN,1986-06-26 17:45:00,1986-06-26 17:45:00,True,True
,9985855,Colorado,9,Baca,,1986-08-01 15:42:00,CST,1986-08-01 15:42:00,0,0,0,0,0K,0,,F1,Unknown,1.0,40,,,,,37.28,-102.47,,,,,CO,1986-08-01 16:42:00,1986-08-01 16:42:00,True,True
,10064039,Mississippi,51,Holmes,,1986-11-08 06:30:00,CST,1986-11-08 06:30:00,0,0,0,0,0K,0,,F0,Unknown,0.5,50,,,,,33.17,-90.0,,,,,MS,1986-11-08 06:30:00,1986-11-08 06:30:00,False,False
,10064040,Mississippi,141,Tishomingo,,1986-11-08 16:05:00,CST,1986-11-08 16:05:00,0,0,0,0,250K,0,,F2,Unknown,5.0,200,,,,,34.62,-88.2,34.67,-88.18,,,MS,1986-11-08 16:05:00,1986-11-08 16:05:00,False,False
,10070790,Missouri,15,Benton,,1986-10-02 22:50:00,CST,1986-10-02 22:50:00,0,0,0,0,250K,0,,F1,Unknown,10.0,50,,,,,38.25,-93.43,38.35,-93.27,,,MO,1986-10-02 23:50:00,1986-10-02 23:50:00,True,True
,10034017,Kansas,167,Russell,,1986-08-22 17:55:00,CST,1986-08-22 17:55:00,0,0,0,0,0K,0,,F0,Unknown,0.5,20,,,,,38.95,-99.02,,,,,KS,1986-08-22 18:55:00,1986-08-22 18:55:00,True,True
,10047001,Minnesota,95,Mille Lacs,,1986-06-20 18:05:00,CST,1986-06-20 18:05:00,0,0,0,0,25K,0,,F1,Unknown,0.2,20,,,,,45.63,-93.63,,,,,MN,1986-06-20 19:05:00,1986-06-20 19:05:00,True,True
,10047002,Minnesota,41,Douglas,,1986-06-21 14:30:00,CST,1986-06-21 14:30:00,0,0,0,0,0K,0,,F0,Unknown,0.2,20,,,,,45.78,-95.7,,,,,MN,1986-06-21 15:30:00,1986-06-21 15:30:00,True,True
,10047007,Minnesota,137,St. Louis,,1986-06-21 16:20:00,CST,1986-06-21 16:20:00,0,0,0,0,2.5K,0,,F1,Unknown,1.0,40,,,,,46.78,-92.92,46.75,-92.92,,,MN,1986-06-21 17:20:00,1986-06-21 17:20:00,True,True
,10047008,Minnesota,17,Carlton,,1986-06-21 16:22:00,CST,1986-06-21 16:22:00,0,0,0,0,2.5K,0,,F1,Unknown,1.0,40,,,,,46.72,-92.92,46.72,-92.92,,,MN,1986-06-21 17:22:00,1986-06-21 17:22:00,True,True
,10047009,Minnesota,17,Carlton,,1986-06-21 16:40:00,CST,1986-06-21 16:40:00,0,0,0,0,2.5K,0,,F1,Unknown,0.5,40,,,,,46.62,-92.57,,,,,MN,1986-06-21 17:40:00,1986-06-21 17:40:00,True,True
,9976660,Alabama,45,Dale,,1986-11-26 01:56:00,CST,1986-11-26 01:56:00,0,0,0,0,250K,0,,F1,Unknown,13.0,150,,,,,31.38,-85.77,31.45,-85.62,,,AL,1986-11-26 01:56:00,1986-11-26 01:56:00,False,False
,9990051,Arkansas,19,Clark,,1986-05-01 08:30:00,CDT,1986-05-01 08:30:00,0,0,0,0,0K,0,,F0,Unknown,0.2,200,,,,,33.88,-93.2,,,,,AR,1986-05-01 09:30:00,1986-05-01 09:30:00,True,True
,9976649,Alabama,31,Coffee,,1986-11-25 21:20:00,CST,1986-11-25 21:20:00,3,0,0,0,2.5M,0,,F3,Unknown,14.0,200,,,,,31.38,-85.93,31.55,-85.77,,,AL,1986-11-25 21:20:00,1986-11-25 21:20:00,False,False
,9976650,Alabama,45,Dale,,1986-11-25 21:48:00,CST,1986-11-25 21:48:00,1,0,0,0,2.5M,0,,F3,Unknown,8.0,200,,,,,31.55,-85.77,31.63,-85.7,,,AL,1986-11-25 21:48:00,1986-11-25 21:48:00,False,False
,9976651,Alabama,5,Barbour,,1986-11-25 22:06:00,CST,1986-11-25 22:06:00,0,0,0,0,2.5M,0,,F3,Unknown,22.0,200,,,,,31.63,-85.7,31.88,-85.45,,,AL,1986-11-25 22:06:00,1986-11-25 22:06:00,False,False
,9976654,Alabama,101,Montgomery,,1986-11-26 01:00:00,CST,1986-11-26 01:00:00,2,0,0,0,250K,0,,F1,Unknown,4.0,100,,,,,32.27,-86.0,32.3,-85.93,,,AL,1986-11-26 01:00:00,1986-11-26 01:00:00,False,False
,9976656,Alabama,87,Macon,,1986-11-26 01:08:00,CST,1986-11-26 01:08:00,0,0,0,0,250K,0,,F1,Unknown,1.0,100,,,,,32.3,-85.93,32.3,-85.92,,,AL,1986-11-26 01:08:00,1986-11-26 01:08:00,False,False
,9976657,Alabama,109,Pike,,1986-11-26 01:20:00,CST,1986-11-26 01:20:00,1,0,0,0,250K,0,,F2,Unknown,8.0,150,,,,,31.77,-85.97,31.82,-85.85,,,AL,1986-11-26 01:20:00,1986-11-26 01:20:00,False,False
,9976659,Alabama,31,Coffee,,1986-11-26 01:40:00,CST,1986-11-26 01:40:00,2,0,0,0,250K,0,,F1,Unknown,8.0,150,,,,,31.3,-85.88,31.38,-85.77,,,AL,1986-11-26 01:40:00,1986-11-26 01:40:00,False,False
,10039092,Massachusetts,17,Middlesex,,1986-08-07 13:10:00,CST,1986-08-07 13:10:00,0,0,0,0,250K,0,,F1,Unknown,4.0,73,,,,,42.45,-71.27,42.5,-71.23,,,MA,1986-08-07 14:10:00,1986-08-07 14:10:00,True,True
,10039094,Massachusetts,27,Worcester,,1986-08-08 09:25:00,EST,1986-08-08 09:25:00,0,0,0,0,2.5K,0,,F1,Unknown,1.0,100,,,,,42.02,-71.58,42.03,-71.58,,,MA,1986-08-08 10:25:00,1986-08-08 10:25:00,True,True
,10075819,New Mexico,25,Lea,,1986-07-01 22:15:00,MDT,1986-07-01 22:15:00,0,0,0,0,0K,0,,F0,Unknown,0.2,10,,,,,32.7,-103.15,,,,,NM,1986-07-01 23:15:00,1986-07-01 23:15:00,True,True
,10075824,New Mexico,5,Chaves,,1986-09-04 18:55:00,MDT,1986-09-04 18:55:00,0,0,0,0,0K,0,,F0,Unknown,0.1,10,,,,,33.55,-104.52,,,,,NM,1986-09-04 19:55:00,1986-09-04 19:55:00,True,True
,10074130,New York,77,Otsego,,1986-06-16 20:00:00,CST,1986-06-16 20:00:00,0,0,0,0,250K,0,,F0,Unknown,0.5,100,,,,,42.63,-75.03,,,,,NY,1986-06-16 21:00:00,1986-06-16 21:00:00,True,True
,10091379,North Carolina,55,Dare,,1986-06-20 13:46:00,EST,1986-06-20 13:46:00,0,0,0,0,0K,0,,F0,Unknown,0.2,23,,,,,35.5,-75.48,,,,,NC,1986-06-20 14:46:00,1986-06-20 14:46:00,True,True
,10052200,Michigan,87,Lapeer,,1986-07-19 22:45:00,EST,1986-07-19 22:45:00,0,0,0,0,2.5K,0,,F1,Unknown,2.3,40,,,,,43.08,-83.18,43.07,-83.12,,,MI,1986-07-19 23:45:00,1986-07-19 23:45:00,True,True
,10052202,Michigan,35,Clare,,1986-07-25 14:20:00,EST,1986-07-25 14:20:00,0,0,0,0,0K,0,,F0,Unknown,0.1,13,,,,,44.02,-84.9,,,,,MI,1986-07-25 15:20:00,1986-07-25 15:20:00,True,True
,10052207,Michigan,49,Genesee,,1986-07-25 17:05:00,EST,1986-07-25 17:05:00,1,0,0,0,25K,0,,F1,Unknown,5.7,73,,,,,42.92,-83.73,42.92,-83.62,,,MI,1986-07-25 18:05:00,1986-07-25 18:05:00,True,True
,10052209,Michigan,99,Macomb,,1986-08-02 13:25:00,EST,1986-08-02 13:25:00,0,0,0,0,0K,0,,F1,Unknown,0.7,23,,,,,42.73,-83.0,,,,,MI,1986-08-02 14:25:00,1986-08-02 14:25:00,True,True
,10052210,Michigan,163,Wayne,,1986-08-02 13:40:00,EST,1986-08-02 13:40:00,3,0,0,0,0K,0,,F1,Unknown,0.3,20,,,,,42.33,-83.07,,,,,MI,1986-08-02 14:40:00,1986-08-02 14:40:00,True,True
,10052211,Michigan,141,Presque Isle,,1986-08-08 11:40:00,EST,1986-08-08 11:40:00,0,0,0,0,2.5K,0,,F1,Unknown,1.7,20,,,,,45.42,-83.83,,,,,MI,1986-08-08 12:40:00,1986-08-08 12:40:00,True,True
,10119350,Tennessee,137,Pickett,,1986-05-26 12:00:00,CST,1986-05-26 12:00:00,0,0,0,0,25K,0,,F0,Unknown,0.8,23,,,,,36.62,-85.2,,,,,TN,1986-05-26 13:00:00,1986-05-26 13:00:00,True,True
,10091371,North Carolina,95,Hyde,,1986-06-17 15:30:00,EST,1986-06-17 15:30:00,0,0,0,0,2.5K,0,,F0,Unknown,0.2,13,,,,,35.45,-76.17,,,,,NC,1986-06-17 16:30:00,1986-06-17 16:30:00,True,True
,10091372,North Carolina,95,Hyde,,1986-06-17 15:45:00,EST,1986-06-17 15:45:00,0,0,0,0,250K,0,,F2,Unknown,0.5,60,,,,,35.45,-76.17,,,,,NC,1986-06-17 16:45:00,1986-06-17 16:45:00,True,True
,10091376,North Carolina,55,Dare,,1986-06-20 13:15:00,EST,1986-06-20 13:15:00,0,0,0,0,2.5K,0,,F0,Unknown,2.0,100,,,,,35.83,-75.63,,,,,NC,1986-06-20 14:15:00,1986-06-20 14:15:00,True,True
,10091378,North Carolina,95,Hyde,,1986-06-20 13:35:00,EST,1986-06-20 13:35:00,0,0,0,0,0K,0,,F0,Unknown,0.5,50,,,,,35.5,-75.9,,,,,NC,1986-06-20 14:35:00,1986-06-20 14:35:00,True,True
,10117190,Pennsylvania,39,Crawford,,1986-09-30 14:20:00,EST,1986-09-30 14:20:00,1,0,0,0,2.5M,0,,F2,Unknown,0.5,60,,,,,41.8,-79.95,,,,,PA,1986-09-30 15:20:00,1986-09-30 15:20:00,True,True
,10085373,North Dakota,3,Barnes,,1986-06-15 16:46:00,CST,1986-06-15 16:46:00,0,0,0,0,0K,0,,F0,Unknown,0.2,10,,,,,47.23,-98.2,,,,,ND,1986-06-15 17:46:00,1986-06-15 17:46:00,True,True
,10085374,North Dakota,39,Griggs,,1986-06-15 16:50:00,CST,1986-06-15 16:50:00,0,0,0,0,2.5M,0,,F2,Unknown,2.0,100,,,,,47.32,-98.23,,,,,ND,1986-06-15 17:50:00,1986-06-15 17:50:00,True,True
,10085375,North Dakota,39,Griggs,,1986-06-15 17:00:00,CST,1986-06-15 17:00:00,0,0,0,0,250K,0,,F2,Unknown,0.1,30,,,,,47.27,-98.13,,,,,ND,1986-06-15 18:00:00,1986-06-15 18:00:00,True,True
,10080194,Nebraska,115,Loup,,1986-07-11 17:00:00,CST,1986-07-11 17:00:00,0,0,0,0,25K,0,,F1,Unknown,0.3,30,,,,,41.88,-99.23,,,,,NE,1986-07-11 18:00:00,1986-07-11 18:00:00,True,True
,10080198,Nebraska,79,Hall,,1986-07-11 21:10:00,CST,1986-07-11 21:10:00,0,0,0,0,250K,0,,F1,Unknown,0.5,50,,,,,40.92,-98.35,,,,,NE,1986-07-11 22:10:00,1986-07-11 22:10:00,True,True
,10090336,North Carolina,133,Onslow,,1986-07-02 19:30:00,EST,1986-07-02 19:30:00,10,0,3,0,250K,0,,F2,Unknown,1.5,33,,,,,34.75,-77.42,,,,,NC,1986-07-02 20:30:00,1986-07-02 20:30:00,True,True
,10046966,Minnesota,85,Mcleod,,1986-05-12 14:45:00,CDT,1986-05-12 14:45:00,0,0,0,0,0K,0,,F0,Unknown,0.2,13,,,,,44.75,-94.37,,,,,MN,1986-05-12 14:45:00,1986-05-12 14:45:00,False,False
,10046969,Minnesota,85,Mcleod,,1986-05-12 16:15:00,CST,1986-05-12 16:15:00,0,0,0,0,25K,0,,F1,Unknown,0.2,20,,,,,44.8,-94.15,,,,,MN,1986-05-12 16:15:00,1986-05-12 16:15:00,False,False
,10119312,Tennessee,11,Bradley,,1986-02-06 16:18:00,EST,1986-02-06 16:18:00,5,0,0,0,2.5M,0,,F3,Unknown,5.0,270,,,,,35.23,-84.82,35.23,-84.67,,,TN,1986-02-06 16:18:00,1986-02-06 16:18:00,False,False
,10119314,Tennessee,139,Polk,,1986-02-06 16:28:00,CST,1986-02-06 16:28:00,0,0,0,0,2.5M,0,,F3,Unknown,2.0,270,,,,,35.23,-84.65,35.3,-84.65,,,TN,1986-02-06 16:28:00,1986-02-06 16:28:00,False,False
,10119315,Tennessee,107,Mcminn,,1986-02-06 16:38:00,CST,1986-02-06 16:38:00,0,0,0,0,2.5M,0,,F3,Unknown,3.0,270,,,,,35.3,-84.65,35.28,-84.6,,,TN,1986-02-06 16:38:00,1986-02-06 16:38:00,False,False
,10119317,Tennessee,187,Williamson,,1986-02-17 14:40:00,CST,1986-02-17 14:40:00,0,0,0,0,250K,0,,F0,Unknown,0.7,13,,,,,35.98,-87.12,,,,,TN,1986-02-17 14:40:00,1986-02-17 14:40:00,False,False
,10108638,Oklahoma,3,Alfalfa,,1986-05-16 19:18:00,CST,1986-05-16 19:18:00,0,0,0,0,25K,0,,F1,Unknown,5.0,30,,,,,36.72,-98.35,36.65,-98.3,,,OK,1986-05-16 20:18:00,1986-05-16 20:18:00,True,True
,10037253,Kansas,17,Chase,,1986-04-07 19:26:00,CST,1986-04-07 19:26:00,0,0,0,0,0K,0,,F0,Unknown,0.1,50,,,,,38.33,-96.83,38.35,-96.82,,,KS,1986-04-07 19:26:00,1986-04-07 19:26:00,False,False
,10037254,Kansas,21,Cherokee,,1986-04-07 19:45:00,CST,1986-04-07 19:45:00,0,0,0,0,2.5K,0,,F1,Unknown,0.5,50,,,,,37.1,-94.63,37.1,-94.63,,,KS,1986-04-07 19:45:00,1986-04-07 19:45:00,False,False
,10119325,Tennessee,79,Henry,,1986-03-12 00:10:00,CST,1986-03-12 00:10:00,0,0,0,0,25K,0,,F0,Unknown,0.3,17,,,,,36.32,-88.48,,,,,TN,1986-03-12 00:10:00,1986-03-12 00:10:00,False,False
,10077550,New York,105,Sullivan,,1986-06-16 11:15:00,EDT,1986-06-16 11:15:00,2,0,0,0,250K,0,,F1,Unknown,1.0,100,,,,,41.75,-74.6,,,,,NY,1986-06-16 12:15:00,1986-06-16 12:15:00,True,True
,10085694,North Dakota,101,Ward,,1986-07-27 23:05:00,CST,1986-07-27 23:05:00,0,0,0,0,0K,0,,F0,Unknown,0.2,13,,,,,48.32,-101.4,,,,,ND,1986-07-28 00:05:00,1986-07-28 00:05:00,True,True
,10085695,North Dakota,101,Ward,,1986-07-27 23:25:00,CST,1986-07-27 23:25:00,0,0,0,0,0K,0,,F0,Unknown,0.2,13,,,,,48.32,-101.33,,,,,ND,1986-07-28 00:25:00,1986-07-28 00:25:00,True,True
,10085696,North Dakota,101,Ward,,1986-07-27 23:39:00,CST,1986-07-27 23:39:00,0,0,0,0,25K,0,,F0,Unknown,0.2,13,,,,,48.23,-101.28,,,,,ND,1986-07-28 00:39:00,1986-07-28 00:39:00,True,True
,10037242,Kansas,133,Neosho,,1986-04-07 18:55:00,CST,1986-04-07 18:55:00,0,0,0,0,0K,0,,F0,Unknown,0.3,50,,,,,37.57,-95.12,37.57,-95.12,,,KS,1986-04-07 18:55:00,1986-04-07 18:55:00,False,False
,10037245,Kansas,37,Crawford,,1986-04-07 18:56:00,CST,1986-04-07 18:56:00,0,0,0,0,0K,0,,F0,Unknown,0.1,50,,,,,37.57,-95.08,37.57,-95.08,,,KS,1986-04-07 18:56:00,1986-04-07 18:56:00,False,False
,10037251,Kansas,37,Crawford,,1986-04-07 19:19:00,CST,1986-04-07 19:19:00,0,0,0,0,25K,0,,F1,Unknown,0.5,50,,,,,37.35,-95.08,37.35,-95.08,,,KS,1986-04-07 19:19:00,1986-04-07 19:19:00,False,False
,10037252,Kansas,115,Marion,,1986-04-07 19:25:00,CST,1986-04-07 19:25:00,0,0,0,0,0K,0,,F0,Unknown,0.1,50,,,,,38.32,-96.85,38.32,-96.85,,,KS,1986-04-07 19:25:00,1986-04-07 19:25:00,False,False
,10105679,Oklahoma,109,Oklahoma,,1986-05-08 18:12:00,CST,1986-05-08 18:12:00,15,0,0,0,25M,0,,F3,Unknown,4.0,200,,,,,35.48,-97.53,35.65,-97.48,,,OK,1986-05-08 19:12:00,1986-05-08 19:12:00,True,True
,10037237,Kansas,37,Crawford,,1986-04-07 18:40:00,CST,1986-04-07 18:40:00,0,0,0,0,0K,0,,F0,Unknown,0.3,50,,,,,37.5,-95.02,37.5,-95.02,,,KS,1986-04-07 18:40:00,1986-04-07 18:40:00,False,False
,10037240,Kansas,21,Cherokee,,1986-04-07 18:46:00,CST,1986-04-07 18:46:00,0,0,0,0,0K,0,,F0,Unknown,0.1,50,,,,,37.28,-94.92,37.28,-94.92,,,KS,1986-04-07 18:46:00,1986-04-07 18:46:00,False,False
,10085368,North Dakota,103,Wells,,1986-06-15 14:47:00,CST,1986-06-15 14:47:00,0,0,0,0,0K,0,,F0,Unknown,0.2,10,,,,,47.5,-99.62,,,,,ND,1986-06-15 15:47:00,1986-06-15 15:47:00,True,True
,10083162,North Dakota,17,Cass,,1986-07-10 18:24:00,CST,1986-07-10 18:24:00,0,0,0,0,0K,0,,F0,Unknown,0.2,13,,,,,46.97,-97.53,,,,,ND,1986-07-10 19:24:00,1986-07-10 19:24:00,True,True
,10081967,Nebraska,181,Webster,,1986-09-05 19:30:00,CST,1986-09-05 19:30:00,0,0,0,0,.03K,0,,F1,Unknown,0.2,50,,,,,40.33,-98.32,,,,,NE,1986-09-05 20:30:00,1986-09-05 20:30:00,True,True
,10081968,Nebraska,181,Webster,,1986-09-05 20:00:00,CST,1986-09-05 20:00:00,0,0,0,0,.03K,0,,F1,Unknown,0.2,50,,,,,40.25,-98.53,,,,,NE,1986-09-05 21:00:00,1986-09-05 21:00:00,True,True
,10053078,Michigan,125,Oakland,,1986-09-10 17:58:00,EST,1986-09-10 17:58:00,0,0,0,0,250K,0,,F2,Unknown,7.7,50,,,,,42.58,-83.48,42.63,-83.3,,,MI,1986-09-10 18:58:00,1986-09-10 18:58:00,True,True
,10085709,North Dakota,93,Stutsman,,1986-07-29 20:49:00,CST,1986-07-29 20:49:00,0,0,0,0,0K,0,,F0,Unknown,0.2,13,,,,,46.9,-99.0,,,,,ND,1986-07-29 21:49:00,1986-07-29 21:49:00,True,True
,10081975,Nebraska,87,Hitchcock,,1986-09-16 17:00:00,CST,1986-09-16 17:00:00,0,0,0,0,.03K,0,,F0,Unknown,0.1,10,,,,,40.35,-101.03,,,,,NE,1986-09-16 18:00:00,1986-09-16 18:00:00,True,True
,10081980,Nebraska,129,Nuckolls,,1986-09-18 19:30:00,CST,1986-09-18 19:30:00,7,0,0,0,2.5M,0,,F3,Unknown,1.0,80,,,,,40.02,-97.93,40.03,-97.92,,,NE,1986-09-18 20:30:00,1986-09-18 20:30:00,True,True
,10081982,Nebraska,181,Webster,,1986-09-18 20:15:00,CST,1986-09-18 20:15:00,0,0,0,0,250K,0,,F2,Unknown,2.0,50,,,,,40.1,-98.65,,,,,NE,1986-09-18 21:15:00,1986-09-18 21:15:00,True,True
,10081989,Nebraska,35,Clay,,1986-09-18 22:28:00,CST,1986-09-18 22:28:00,0,0,0,0,25K,0,,F2,Unknown,1.0,40,,,,,40.68,-98.27,,,,,NE,1986-09-18 23:28:00,1986-09-18 23:28:00,True,True
,10046988,Minnesota,103,Nicollet,,1986-06-15 19:30:00,CST,1986-06-15 19:30:00,0,0,0,0,2.5K,0,,F1,Unknown,3.0,100,,,,,44.23,-94.1,44.22,-94.02,,,MN,1986-06-15 20:30:00,1986-06-15 20:30:00,True,True
,10079090,Nebraska,143,Polk,,1986-06-29 20:12:00,CST,1986-06-29 20:12:00,0,0,0,0,250K,0,,F1,Unknown,0.3,50,,,,,41.27,-97.67,,,,,NE,1986-06-29 21:12:00,1986-06-29 21:12:00,True,True
,10079095,Nebraska,165,Sioux,,1986-06-29 21:10:00,CST,1986-06-29 21:10:00,0,0,0,0,.03K,0,,F1,Unknown,0.1,20,,,,,42.2,-103.65,,,,,NE,1986-06-29 22:10:00,1986-06-29 22:10:00,True,True
,10043177,Louisiana,31,De Soto,,1986-06-27 01:10:00,CST,1986-06-27 01:10:00,0,0,0,0,25K,0,,F1,Unknown,0.1,23,,,,,32.08,-93.82,,,,,LA,1986-06-27 02:10:00,1986-06-27 02:10:00,True,True
,10043178,Louisiana,119,Webster,,1986-06-27 18:08:00,CST,1986-06-27 18:08:00,0,0,0,0,25K,0,,F1,Unknown,0.1,100,,,,,33.0,-93.47,,,,,LA,1986-06-27 19:08:00,1986-06-27 19:08:00,True,True
,10043179,Louisiana,119,Webster,,1986-06-27 18:22:00,CST,1986-06-27 18:22:00,5,0,0,0,250K,0,,F2,Unknown,0.3,200,,,,,33.0,-93.48,,,,,LA,1986-06-27 19:22:00,1986-06-27 19:22:00,True,True
,10043180,Louisiana,119,Webster,,1986-06-27 18:25:00,CST,1986-06-27 18:25:00,2,0,0,0,250K,0,,F1,Unknown,0.1,100,,,,,32.97,-93.35,,,,,LA,1986-06-27 19:25:00,1986-06-27 19:25:00,True,True
,10043181,Louisiana,119,Webster,,1986-06-27 18:40:00,CST,1986-06-27 18:40:00,0,0,0,0,25K,0,,F1,Unknown,0.1,100,,,,,32.93,-93.3,,,,,LA,1986-06-27 19:40:00,1986-06-27 19:40:00,True,True
,10043196,Louisiana,95,St. John The Baptist,,1986-08-23 17:00:00,CST,1986-08-23 17:00:00,0,0,0,0,0K,0,,F0,Unknown,0.1,13,,,,,30.07,-90.48,,,,,LA,1986-08-23 18:00:00,1986-08-23 18:00:00,True,True
,10043199,Louisiana,23,Cameron,,1986-11-04 20:00:00,CST,1986-11-04 20:00:00,0,0,0,0,0K,0,,F0,Unknown,0.1,17,,,,,29.78,-93.03,,,,,LA,1986-11-04 20:00:00,1986-11-04 20:00:00,False,False
,10083110,North Dakota,9,Bottineau,,1986-06-26 15:37:00,CST,1986-06-26 15:37:00,0,0,0,0,0K,0,,F0,Unknown,0.2,10,,,,,48.93,-100.43,,,,,ND,1986-06-26 16:37:00,1986-06-26 16:37:00,True,True
,10117196,Pennsylvania,51,Fayette,,1986-10-01 14:40:00,EST,1986-10-01 14:40:00,2,0,0,0,2.5M,0,,F2,Unknown,4.5,100,,,,,39.92,-79.75,39.9,-79.67,,,PA,1986-10-01 15:40:00,1986-10-01 15:40:00,True,True
,10117198,Pennsylvania,85,Mercer,,1986-10-03 17:35:00,EST,1986-10-03 17:35:00,0,0,0,0,2.5M,0,,F2,Unknown,9.0,123,,,,,41.13,-80.23,41.13,-80.03,,,PA,1986-10-03 18:35:00,1986-10-03 18:35:00,True,True
,10090317,North Carolina,85,Harnett,,1986-07-01 14:35:00,EST,1986-07-01 14:35:00,0,0,0,0,25K,0,,F1,Unknown,5.0,150,,,,,35.38,-79.05,35.38,-78.95,,,NC,1986-07-01 15:35:00,1986-07-01 15:35:00,True,True
,10090318,North Carolina,85,Harnett,,1986-07-01 15:16:00,EST,1986-07-01 15:16:00,0,0,0,0,2.5K,0,,F0,Unknown,0.2,23,,,,,35.52,-78.77,,,,,NC,1986-07-01 16:16:00,1986-07-01 16:16:00,True,True
,10035106,Kansas,89,Jewell,,1986-09-18 19:15:00,CST,1986-09-18 19:15:00,0,0,0,0,2.5M,0,,F3,Unknown,5.0,500,,,,,39.93,-97.98,39.98,-97.92,,,KS,1986-09-18 20:15:00,1986-09-18 20:15:00,True,True
,10035107,Kansas,157,Republic,,1986-09-18 19:25:00,CST,1986-09-18 19:25:00,0,0,0,0,2.5M,0,,F3,Unknown,1.0,500,,,,,39.98,-97.92,40.02,-97.93,,,KS,1986-09-18 20:25:00,1986-09-18 20:25:00,True,True
,10035109,Kansas,13,Brown,,1986-09-22 15:20:00,CST,1986-09-22 15:20:00,0,0,0,0,250K,0,,F0,Unknown,1.0,80,,,,,40.0,-95.33,,,,,KS,1986-09-22 16:20:00,1986-09-22 16:20:00,True,True
,10035110,Kansas,13,Brown,,1986-09-22 15:30:00,CST,1986-09-22 15:30:00,0,0,0,0,25K,0,,F0,Unknown,0.2,23,,,,,39.82,-95.75,,,,,KS,1986-09-22 16:30:00,1986-09-22 16:30:00,True,True
,10070296,Montana,65,Musselshell,,1986-05-04 20:00:00,CST,1986-05-04 20:00:00,0,0,0,0,2.5K,0,,F2,Unknown,0.1,10,,,,,46.35,-108.08,,,,,MT,1986-05-04 21:00:00,1986-05-04 21:00:00,True,True
,10070298,Montana,11,Carter,,1986-05-11 17:00:00,CST,1986-05-11 17:00:00,0,0,0,0,2.5K,0,,F1,Unknown,0.2,10,,,,,45.22,-104.93,,,,,MT,1986-05-11 18:00:00,1986-05-11 18:00:00,True,True
,10034026,Kansas,169,Saline,,1986-09-10 18:23:00,CST,1986-09-10 18:23:00,0,0,0,0,.25K,0,,F0,Unknown,1.0,23,,,,,38.83,-97.55,,,,,KS,1986-09-10 19:23:00,1986-09-10 19:23:00,True,True
,10053304,Michigan,67,Ionia,,1986-09-26 07:00:00,EST,1986-09-26 07:00:00,0,0,0,0,2.5K,0,,F0,Unknown,0.1,10,,,,,43.0,-84.92,,,,,MI,1986-09-26 08:00:00,1986-09-26 08:00:00,True,True
,9982945,Arizona,21,Pinal,,1986-11-18 16:30:00,MST,1986-11-18 16:30:00,0,0,0,0,0K,0,,F0,Unknown,0.5,17,,,,,32.77,-111.55,,,,,AZ,1986-11-18 16:30:00,1986-11-18 16:30:00,False,False
,9982946,Arizona,21,Pinal,,1986-11-18 18:04:00,MST,1986-11-18 18:04:00,0,0,0,0,250K,0,,F1,Unknown,0.5,20,,,,,33.42,-111.55,,,,,AZ,1986-11-18 18:04:00,1986-11-18 18:04:00,False,False
,10064257,Mississippi,117,Prentiss,,1986-11-08 19:40:00,CST,1986-11-08 19:40:00,0,0,0,0,250K,0,,F1,Unknown,2.5,77,,,,,34.62,-88.55,,,,,MS,1986-11-08 19:40:00,1986-11-08 19:40:00,False,False
,10064258,Mississippi,157,Wilkinson,,1986-11-20 03:05:00,CST,1986-11-20 03:05:00,0,0,0,0,250K,0,,F2,Unknown,5.0,173,,,,,31.02,-91.17,31.02,-91.07,,,MS,1986-11-20 03:05:00,1986-11-20 03:05:00,False,False
,10064259,Mississippi,113,Pike,,1986-11-20 04:15:00,CST,1986-11-20 04:15:00,4,0,0,0,250K,0,,F1,Unknown,0.5,40,,,,,31.02,-90.3,,,,,MS,1986-11-20 04:15:00,1986-11-20 04:15:00,False,False
,10063137,Mississippi,23,Clarke,,1986-05-18 14:30:00,CST,1986-05-18 14:30:00,0,0,0,0,250K,0,,F1,Unknown,0.8,60,,,,,31.88,-88.83,,,,,MS,1986-05-18 15:30:00,1986-05-18 15:30:00,True,True
,10063154,Mississippi,5,Amite,,1986-07-21 12:30:00,CST,1986-07-21 12:30:00,0,0,0,0,250K,0,,F1,Unknown,1.0,50,,,,,31.2,-91.02,,,,,MS,1986-07-21 13:30:00,1986-07-21 13:30:00,True,True
,10053324,Michigan,163,Wayne,,1986-09-28 23:45:00,EST,1986-09-28 23:45:00,0,0,0,0,.25K,0,,F0,Unknown,0.2,10,,,,,42.38,-83.37,,,,,MI,1986-09-29 00:45:00,1986-09-29 00:45:00,True,True
,10070774,Missouri,121,Macon,,1986-08-05 17:45:00,CST,1986-08-05 17:45:00,0,0,0,0,25K,0,,F1,Unknown,8.0,100,,,,,39.73,-92.47,39.75,-92.3,,,MO,1986-08-05 18:45:00,1986-08-05 18:45:00,True,True
,10070775,Missouri,205,Shelby,,1986-08-05 18:10:00,CST,1986-08-05 18:10:00,0,0,0,0,25K,0,,F1,Unknown,5.0,100,,,,,39.75,-92.3,39.75,-92.28,,,MO,1986-08-05 19:10:00,1986-08-05 19:10:00,True,True
,10060133,Missouri,119,Mcdonald,,1986-04-07 22:00:00,CST,1986-04-07 22:00:00,0,0,0,0,0K,0,,F1,Unknown,0.5,50,,,,,36.55,-94.3,36.55,-94.3,,,MO,1986-04-07 22:00:00,1986-04-07 22:00:00,False,False
,10070300,Montana,41,Hill,,1986-06-06 16:30:00,MST,1986-06-06 16:30:00,0,0,0,0,0K,0,,F0,Unknown,0.2,10,,,,,48.97,-109.68,,,,,MT,1986-06-06 17:30:00,1986-06-06 17:30:00,True,True
,9978829,Alabama,43,Cullman,,1986-05-24 21:29:00,CST,1986-05-24 21:29:00,0,0,0,0,.25K,0,,F1,Unknown,8.0,30,,,,,34.17,-87.1,34.28,-87.12,,,AL,1986-05-24 22:29:00,1986-05-24 22:29:00,True,True
,9978833,Alabama,77,Lauderdale,,1986-06-11 17:20:00,CST,1986-06-11 17:20:00,0,0,0,0,2.5K,0,,F1,Unknown,3.5,500,,,,,34.87,-87.58,34.88,-87.52,,,AL,1986-06-11 18:20:00,1986-06-11 18:20:00,True,True
,10034409,Kansas,187,Stanton,,1986-05-14 14:00:00,CST,1986-05-14 14:00:00,0,0,0,0,0K,0,,F0,Unknown,0.3,100,,,,,37.43,-101.88,,,,,KS,1986-05-14 15:00:00,1986-05-14 15:00:00,True,True
,10034412,Kansas,187,Stanton,,1986-05-14 14:33:00,CST,1986-05-14 14:33:00,0,0,0,0,0K,0,,F0,Unknown,0.5,100,,,,,37.52,-101.75,,,,,KS,1986-05-14 15:33:00,1986-05-14 15:33:00,True,True
,10064209,Mississippi,9,Benton,,1986-03-18 15:10:00,CST,1986-03-18 15:10:00,0,0,0,0,250K,0,,F1,Unknown,1.3,100,,,,,34.83,-89.17,,,,,MS,1986-03-18 15:10:00,1986-03-18 15:10:00,False,False
,10064210,Mississippi,125,Sharkey,,1986-03-18 15:15:00,CST,1986-03-18 15:15:00,0,0,0,0,25K,0,,F1,Unknown,2.0,40,,,,,32.75,-90.77,32.82,-90.7,,,MS,1986-03-18 15:15:00,1986-03-18 15:15:00,False,False
,10070309,Montana,99,Teton,,1986-06-29 11:00:00,MST,1986-06-29 11:00:00,0,0,0,0,0K,0,,F0,Unknown,0.2,10,,,,,48.07,-112.42,,,,,MT,1986-06-29 12:00:00,1986-06-29 12:00:00,True,True
,10053317,Michigan,125,Oakland,,1986-09-26 17:45:00,EST,1986-09-26 17:45:00,0,0,0,0,2.5K,0,,F0,Unknown,0.1,20,,,,,42.48,-83.37,,,,,MI,1986-09-26 18:45:00,1986-09-26 18:45:00,True,True
,10064211,Mississippi,163,Yazoo,,1986-03-18 15:19:00,CST,1986-03-18 15:19:00,0,0,0,0,25K,0,,F1,Unknown,3.0,40,,,,,32.82,-90.7,32.83,-90.7,,,MS,1986-03-18 15:19:00,1986-03-18 15:19:00,False,False
,10064212,Mississippi,51,Holmes,,1986-03-18 16:30:00,CST,1986-03-18 16:30:00,0,0,0,0,25K,0,,F0,Unknown,0.6,40,,,,,33.17,-89.93,,,,,MS,1986-03-18 16:30:00,1986-03-18 16:30:00,False,False
,10064213,Mississippi,145,Union,,1986-03-18 16:35:00,CST,1986-03-18 16:35:00,0,0,0,0,250K,0,,F1,Unknown,3.0,100,,,,,34.4,-88.9,34.43,-88.87,,,MS,1986-03-18 16:35:00,1986-03-18 16:35:00,False,False
,10064214,Mississippi,49,Hinds,,1986-03-18 17:25:00,CST,1986-03-18 17:25:00,0,0,0,0,250K,0,,F1,Unknown,2.5,150,,,,,32.12,-90.33,,,,,MS,1986-03-18 17:25:00,1986-03-18 17:25:00,False,False
,10064215,Mississippi,29,Copiah,,1986-03-18 19:10:00,CST,1986-03-18 19:10:00,0,0,0,0,25K,0,,F1,Unknown,1.2,50,,,,,31.87,-90.33,,,,,MS,1986-03-18 19:10:00,1986-03-18 19:10:00,False,False
,10064216,Mississippi,103,Noxubee,,1986-03-18 23:25:00,CST,1986-03-18 23:25:00,0,0,0,0,25K,0,,F1,Unknown,10.0,50,,,,,33.17,-88.4,33.23,-88.5,,,MS,1986-03-18 23:25:00,1986-03-18 23:25:00,False,False
,10052859,Michigan,23,Branch,,1986-05-17 18:40:00,EST,1986-05-17 18:40:00,0,0,0,0,25K,0,,F1,Unknown,4.9,40,,,,,41.82,-84.88,41.88,-84.82,,,MI,1986-05-17 19:40:00,1986-05-17 19:40:00,True,True
,10052861,Michigan,5,Allegan,,1986-05-17 19:45:00,EST,1986-05-17 19:45:00,0,0,0,0,0K,0,,F0,Unknown,0.2,20,,,,,42.53,-86.08,,,,,MI,1986-05-17 20:45:00,1986-05-17 20:45:00,True,True
,10044052,Louisiana,49,Jackson,,1986-11-07 19:20:00,CST,1986-11-07 19:20:00,0,0,0,0,250K,0,,F2,Unknown,9.0,100,,,,,32.18,-92.65,32.35,-92.6,,,LA,1986-11-07 19:20:00,1986-11-07 19:20:00,False,False
,10046946,Minnesota,63,Jackson,,1986-04-26 19:53:00,CST,1986-04-26 19:53:00,0,0,0,0,25K,0,,F1,Unknown,0.1,50,,,,,43.72,-95.32,43.72,-95.32,,,MN,1986-04-26 19:53:00,1986-04-26 19:53:00,False,False
,10052161,Michigan,27,Cass,,1986-06-19 21:40:00,EST,1986-06-19 21:40:00,0,0,0,0,2.5M,0,,F2,Unknown,1.3,700,,,,,41.92,-86.0,,,,,MI,1986-06-19 22:40:00,1986-06-19 22:40:00,True,True
,10052162,Michigan,19,Benzie,,1986-06-26 15:25:00,EST,1986-06-26 15:25:00,0,0,0,0,2.5K,0,,F1,Unknown,0.7,20,,,,,44.52,-85.93,,,,,MI,1986-06-26 16:25:00,1986-06-26 16:25:00,True,True
,10052163,Michigan,109,Menominee,,1986-07-04 19:20:00,CST,1986-07-04 19:20:00,12,0,0,0,2.5M,0,,F3,Unknown,16.3,750,,,,,45.68,-87.77,45.65,-87.43,,,MI,1986-07-04 20:20:00,1986-07-04 20:20:00,True,True
,10052841,Michigan,23,Branch,,1986-05-15 16:54:00,EST,1986-05-15 16:54:00,0,0,0,0,2.5M,0,,F3,Unknown,1.2,200,,,,,41.93,-84.97,,,,,MI,1986-05-15 17:54:00,1986-05-15 17:54:00,True,True
,10037223,Kansas,73,Greenwood,,1986-04-07 17:35:00,CST,1986-04-07 17:35:00,0,0,0,0,250K,0,,F1,Unknown,0.1,50,,,,,38.05,-96.13,38.05,-96.13,,,KS,1986-04-07 17:35:00,1986-04-07 17:35:00,False,False
,10037226,Kansas,73,Greenwood,,1986-04-07 17:45:00,CST,1986-04-07 17:45:00,0,0,0,0,250K,0,,F2,Unknown,8.6,100,,,,,38.05,-96.08,37.95,-95.93,,,KS,1986-04-07 17:45:00,1986-04-07 17:45:00,False,False
,10037227,Kansas,207,Woodson,,1986-04-07 17:55:00,CST,1986-04-07 17:55:00,0,0,0,0,0K,0,,F0,Unknown,0.1,50,,,,,37.88,-95.68,37.88,-95.68,,,KS,1986-04-07 17:55:00,1986-04-07 17:55:00,False,False
,10037232,Kansas,207,Woodson,,1986-04-07 18:01:00,CST,1986-04-07 18:01:00,0,0,0,0,250K,0,,F2,Unknown,14.0,100,,,,,37.95,-95.93,37.88,-95.73,,,KS,1986-04-07 18:01:00,1986-04-07 18:01:00,False,False
,10039099,Massachusetts,23,Plymouth,,1986-09-16 04:35:00,EST,1986-09-16 04:35:00,0,0,0,0,250K,0,,F1,Unknown,0.1,50,,,,,42.2,-70.73,,,,,MA,1986-09-16 05:35:00,1986-09-16 05:35:00,True,True
,10063173,Mississippi,91,Marion,,1986-08-10 15:10:00,CST,1986-08-10 15:10:00,0,0,0,0,250K,0,,F0,Unknown,0.5,50,,,,,31.25,-89.83,,,,,MS,1986-08-10 16:10:00,1986-08-10 16:10:00,True,True
,10063186,Mississippi,31,Covington,,1986-09-05 16:15:00,CST,1986-09-05 16:15:00,0,0,0,0,250K,0,,F1,Unknown,1.0,50,,,,,31.55,-89.5,,,,,MS,1986-09-05 17:15:00,1986-09-05 17:15:00,True,True
,10033978,Kansas,101,Lane,,1986-08-13 16:45:00,CST,1986-08-13 16:45:00,0,0,0,0,2.5K,0,,F0,Unknown,1.0,30,,,,,38.4,-100.37,,,,,KS,1986-08-13 17:45:00,1986-08-13 17:45:00,True,True
,9978815,Alabama,93,Marion,,1986-03-18 23:00:00,CST,1986-03-18 23:00:00,0,0,0,0,25K,0,,F1,Unknown,6.8,140,,,,,33.97,-87.82,34.1,-87.77,,,AL,1986-03-18 23:00:00,1986-03-18 23:00:00,False,False
,9978816,Alabama,9,Blount,,1986-03-19 02:00:00,CST,1986-03-19 02:00:00,0,0,0,0,25K,0,,F2,Unknown,0.2,73,,,,,33.82,-86.6,,,,,AL,1986-03-19 02:00:00,1986-03-19 02:00:00,False,False
,10035036,Kansas,127,Morris,,1986-05-06 20:03:00,CST,1986-05-06 20:03:00,0,0,0,0,250K,0,,F1,Unknown,7.0,200,,,,,38.87,-96.82,38.88,-96.7,,,KS,1986-05-06 21:03:00,1986-05-06 21:03:00,True,True
,10035037,Kansas,61,Geary,,1986-05-06 20:30:00,CST,1986-05-06 20:30:00,0,0,0,0,250K,0,,F1,Unknown,8.0,200,,,,,38.88,-96.7,38.92,-96.5,,,KS,1986-05-06 21:30:00,1986-05-06 21:30:00,True,True
,10079114,Nebraska,35,Clay,,1986-07-05 16:43:00,CST,1986-07-05 16:43:00,0,0,0,0,.03K,0,,F0,Unknown,0.1,30,,,,,40.62,-97.83,,,,,NE,1986-07-05 17:43:00,1986-07-05 17:43:00,True,True
,10034451,Kansas,27,Clay,,1986-05-16 15:00:00,CST,1986-05-16 15:00:00,0,0,0,0,25K,0,,F1,Unknown,9.0,100,,,,,39.37,-97.28,39.4,-97.08,,,KS,1986-05-16 16:00:00,1986-05-16 16:00:00,True,True
,10052221,Michigan,49,Genesee,,1986-08-26 18:00:00,EST,1986-08-26 18:00:00,0,0,0,0,0K,0,,F0,Unknown,0.1,10,,,,,43.03,-83.68,,,,,MI,1986-08-26 19:00:00,1986-08-26 19:00:00,True,True
,10052222,Michigan,25,Calhoun,,1986-09-10 16:03:00,CST,1986-09-10 16:03:00,0,0,0,0,25K,0,,F1,Unknown,3.8,223,,,,,42.4,-85.3,42.4,-85.22,,,MI,1986-09-10 17:03:00,1986-09-10 17:03:00,True,True
,10060120,Missouri,97,Jasper,,1986-04-07 18:40:00,CST,1986-04-07 18:40:00,0,0,0,0,0K,0,,F1,Unknown,0.5,50,,,,,37.08,-94.57,37.08,-94.57,,,MO,1986-04-07 18:40:00,1986-04-07 18:40:00,False,False
,10060121,Missouri,97,Jasper,,1986-04-07 18:45:00,CST,1986-04-07 18:45:00,0,0,0,0,.25K,0,,F1,Unknown,0.7,50,,,,,37.08,-94.52,37.08,-94.52,,,MO,1986-04-07 18:45:00,1986-04-07 18:45:00,False,False
,10064194,Mississippi,23,Clarke,,1986-03-12 12:50:00,CST,1986-03-12 12:50:00,0,0,0,0,250K,0,,F2,Unknown,2.0,120,,,,,32.23,-88.82,32.23,-88.88,,,MS,1986-03-12 12:50:00,1986-03-12 12:50:00,False,False
,10064195,Mississippi,75,Lauderdale,,1986-03-12 12:55:00,CST,1986-03-12 12:55:00,0,0,0,0,250K,0,,F2,Unknown,12.0,120,,,,,32.25,-88.85,32.35,-88.75,,,MS,1986-03-12 12:55:00,1986-03-12 12:55:00,False,False
,10064196,Mississippi,75,Lauderdale,,1986-03-12 13:06:00,CST,1986-03-12 13:06:00,8,0,0,0,2.5M,0,,F4,Unknown,16.0,440,,,,,32.42,-88.77,32.6,-88.7,,,MS,1986-03-12 13:06:00,1986-03-12 13:06:00,False,False
,10064197,Mississippi,69,Kemper,,1986-03-12 13:20:00,CST,1986-03-12 13:20:00,0,0,0,0,2.5M,0,,F4,Unknown,7.0,440,,,,,32.6,-88.7,32.7,-88.58,,,MS,1986-03-12 13:20:00,1986-03-12 13:20:00,False,False
,10064198,Mississippi,69,Kemper,,1986-03-12 13:30:00,CST,1986-03-12 13:30:00,0,0,0,0,25K,0,,F1,Unknown,1.0,70,,,,,32.68,-88.47,,,,,MS,1986-03-12 13:30:00,1986-03-12 13:30:00,False,False
,10064205,Mississippi,53,Humphreys,,1986-03-18 14:15:00,CST,1986-03-18 14:15:00,0,0,0,0,250K,0,,F2,Unknown,5.0,100,,,,,32.95,-90.55,32.97,-90.42,,,MS,1986-03-18 14:15:00,1986-03-18 14:15:00,False,False
,10064206,Mississippi,163,Yazoo,,1986-03-18 14:21:00,CST,1986-03-18 14:21:00,0,0,0,0,250K,0,,F2,Unknown,0.0,100,,,,,32.98,-90.42,32.98,-90.45,,,MS,1986-03-18 14:21:00,1986-03-18 14:21:00,False,False
,10064207,Mississippi,53,Humphreys,,1986-03-18 14:25:00,CST,1986-03-18 14:25:00,0,0,0,0,250K,0,,F2,Unknown,2.0,100,,,,,32.98,-90.45,33.02,-90.42,,,MS,1986-03-18 14:25:00,1986-03-18 14:25:00,False,False
,10064208,Mississippi,51,Holmes,,1986-03-18 14:35:00,CST,1986-03-18 14:35:00,0,0,0,0,250K,0,,F2,Unknown,5.0,100,,,,,33.03,-90.37,33.07,-90.33,,,MS,1986-03-18 14:35:00,1986-03-18 14:35:00,False,False
,10064239,Mississippi,77,Lawrence,,1986-04-12 04:32:00,CST,1986-04-12 04:32:00,0,0,0,0,250K,0,,F1,Unknown,3.0,100,,,,,31.38,-90.23,31.35,-90.23,,,MS,1986-04-12 04:32:00,1986-04-12 04:32:00,False,False
,10064240,Mississippi,147,Walthall,,1986-04-12 04:40:00,CST,1986-04-12 04:40:00,0,0,0,0,250K,0,,F1,Unknown,2.2,100,,,,,31.32,-90.2,31.35,-90.22,,,MS,1986-04-12 04:40:00,1986-04-12 04:40:00,False,False
,10064247,Mississippi,83,Leflore,,1986-05-10 15:30:00,CST,1986-05-10 15:30:00,0,0,0,0,25K,0,,F1,Unknown,0.3,40,,,,,33.58,-90.33,,,,,MS,1986-05-10 16:30:00,1986-05-10 16:30:00,True,True
,10064253,Mississippi,11,Bolivar,,1986-11-08 16:15:00,CST,1986-11-08 16:15:00,0,0,0,0,0K,0,,F0,Unknown,0.2,30,,,,,33.68,-90.82,,,,,MS,1986-11-08 16:15:00,1986-11-08 16:15:00,False,False
,10034442,Kansas,183,Smith,,1986-05-16 04:10:00,CST,1986-05-16 04:10:00,0,0,0,0,250K,0,,F1,Unknown,18.0,100,,,,,39.63,-98.87,39.8,-98.55,,,KS,1986-05-16 05:10:00,1986-05-16 05:10:00,True,True
,10052216,Michigan,77,Kalamazoo,,1986-08-26 15:40:00,EST,1986-08-26 15:40:00,0,0,0,0,2.5K,0,,F1,Unknown,0.5,100,,,,,42.33,-85.58,,,,,MI,1986-08-26 16:40:00,1986-08-26 16:40:00,True,True
,10052217,Michigan,15,Barry,,1986-08-26 15:40:00,EST,1986-08-26 15:40:00,0,0,0,0,25K,0,,F2,Unknown,0.6,13,,,,,42.58,-85.4,,,,,MI,1986-08-26 16:40:00,1986-08-26 16:40:00,True,True
,10052218,Michigan,45,Eaton,,1986-08-26 16:30:00,EST,1986-08-26 16:30:00,0,0,0,0,250K,0,,F2,Unknown,3.0,50,,,,,42.63,-84.63,42.63,-84.57,,,MI,1986-08-26 17:30:00,1986-08-26 17:30:00,True,True
,10052219,Michigan,65,Ingham,,1986-08-26 16:37:00,EST,1986-08-26 16:37:00,0,0,0,0,250K,0,,F2,Unknown,7.6,50,,,,,42.63,-84.57,42.65,-84.45,,,MI,1986-08-26 17:37:00,1986-08-26 17:37:00,True,True
,10037322,Kansas,97,Kiowa,,1986-08-01 17:15:00,CST,1986-08-01 17:15:00,3,0,0,0,25K,0,,F1,Unknown,4.0,250,,,,,37.45,-99.08,37.45,-98.98,,,KS,1986-08-01 18:15:00,1986-08-01 18:15:00,True,True
,10037323,Kansas,7,Barber,,1986-08-01 17:23:00,CST,1986-08-01 17:23:00,0,0,0,0,25K,0,,F1,Unknown,3.0,250,,,,,37.45,-98.98,37.38,-98.98,,,KS,1986-08-01 18:23:00,1986-08-01 18:23:00,True,True
,9984777,Colorado,125,Yuma,,1986-07-09 18:00:00,MST,1986-07-09 18:00:00,0,0,0,0,25K,0,,F1,Unknown,1.0,40,,,,,40.1,-102.23,,,,,CO,1986-07-09 19:00:00,1986-07-09 19:00:00,True,True
,10033876,Kansas,155,Reno,,1986-04-27 03:10:00,CST,1986-04-27 03:10:00,0,0,0,0,0K,0,,F0,Unknown,0.5,50,,,,,37.97,-98.37,37.97,-98.37,,,KS,1986-04-27 04:10:00,1986-04-27 04:10:00,True,True
,10047840,Minnesota,53,Hennepin,,1986-07-18 15:47:00,CST,1986-07-18 15:47:00,0,0,0,0,2.5M,0,,F2,Unknown,2.0,833,,,,,45.0,-93.28,45.17,-93.32,,,MN,1986-07-18 16:47:00,1986-07-18 16:47:00,True,True
,10035082,Kansas,95,Kingman,,1986-05-08 19:35:00,CST,1986-05-08 19:35:00,0,0,0,0,2.5K,0,,F1,Unknown,1.0,50,,,,,37.45,-97.85,,,,,KS,1986-05-08 20:35:00,1986-05-08 20:35:00,True,True
,10035083,Kansas,95,Kingman,,1986-05-08 19:46:00,CST,1986-05-08 19:46:00,0,0,0,0,2.5K,0,,F1,Unknown,1.5,50,,,,,37.5,-97.92,,,,,KS,1986-05-08 20:46:00,1986-05-08 20:46:00,True,True
,10035086,Kansas,77,Harper,,1986-05-10 14:35:00,CST,1986-05-10 14:35:00,0,0,0,0,0K,0,,F0,Unknown,0.2,50,,,,,37.28,-98.13,,,,,KS,1986-05-10 15:35:00,1986-05-10 15:35:00,True,True
,10064184,Mississippi,5,Amite,,1986-03-12 09:25:00,CST,1986-03-12 09:25:00,0,0,0,0,250K,0,,F2,Unknown,3.0,250,,,,,31.32,-90.6,31.33,-90.52,,,MS,1986-03-12 09:25:00,1986-03-12 09:25:00,False,False
,10064186,Mississippi,113,Pike,,1986-03-12 09:30:00,CST,1986-03-12 09:30:00,0,0,0,0,250K,0,,F2,Unknown,2.0,250,,,,,31.33,-90.52,31.35,-90.53,,,MS,1986-03-12 09:30:00,1986-03-12 09:30:00,False,False
,10064187,Mississippi,85,Lincoln,,1986-03-12 09:38:00,CST,1986-03-12 09:38:00,0,0,0,0,250K,0,,F2,Unknown,3.0,250,,,,,31.35,-90.53,31.38,-90.5,,,MS,1986-03-12 09:38:00,1986-03-12 09:38:00,False,False
,10064189,Mississippi,85,Lincoln,,1986-03-12 10:10:00,CST,1986-03-12 10:10:00,0,0,0,0,25K,0,,F1,Unknown,1.0,100,,,,,31.58,-90.3,,,,,MS,1986-03-12 10:10:00,1986-03-12 10:10:00,False,False
,10064191,Mississippi,129,Smith,,1986-03-12 12:07:00,CST,1986-03-12 12:07:00,0,0,0,0,2.5M,0,,F3,Unknown,2.0,123,,,,,31.9,-89.37,31.97,-89.27,,,MS,1986-03-12 12:07:00,1986-03-12 12:07:00,False,False
,10064192,Mississippi,61,Jasper,,1986-03-12 12:10:00,CST,1986-03-12 12:10:00,1,0,0,0,2.5M,0,,F3,Unknown,20.0,123,,,,,31.97,-89.27,32.23,-89.12,,,MS,1986-03-12 12:10:00,1986-03-12 12:10:00,False,False
,10064193,Mississippi,101,Newton,,1986-03-12 12:30:00,CST,1986-03-12 12:30:00,1,0,0,0,2.5M,0,,F3,Unknown,10.0,123,,,,,32.27,-89.12,32.32,-89.1,,,MS,1986-03-12 12:30:00,1986-03-12 12:30:00,False,False
,10036174,Kansas,35,Cowley,,1986-07-06 17:24:00,CST,1986-07-06 17:24:00,0,0,0,0,0K,0,,F0,Unknown,0.1,10,,,,,37.38,-96.98,,,,,KS,1986-07-06 18:24:00,1986-07-06 18:24:00,True,True
,9985908,Colorado,81,Moffat,,1986-08-20 16:15:00,CST,1986-08-20 16:15:00,0,0,0,0,0K,0,,F0,Unknown,0.5,20,,,,,40.3,-107.82,,,,,CO,1986-08-20 17:15:00,1986-08-20 17:15:00,True,True
,9978828,Alabama,133,Winston,,1986-05-24 21:25:00,CST,1986-05-24 21:25:00,0,0,0,0,.25K,0,,F1,Unknown,2.0,30,,,,,34.15,-87.13,34.17,-87.1,,,AL,1986-05-24 22:25:00,1986-05-24 22:25:00,True,True
,10079110,Nebraska,87,Hitchcock,,1986-07-02 14:56:00,CST,1986-07-02 14:56:00,0,0,0,0,.03K,0,,F0,Unknown,0.1,10,,,,,40.1,-101.02,,,,,NE,1986-07-02 15:56:00,1986-07-02 15:56:00,True,True
,10075300,New York,89,St. Lawrence,,1986-08-15 16:30:00,CST,1986-08-15 16:30:00,3,0,1,0,250K,0,,F2,Unknown,0.2,10,,,,,44.28,-75.57,,,,,NY,1986-08-15 17:30:00,1986-08-15 17:30:00,True,True
,10064221,Mississippi,67,Jones,,1986-04-08 16:45:00,CST,1986-04-08 16:45:00,1,0,0,0,2.5M,0,,F2,Unknown,5.0,1000,,,,,31.7,-89.2,31.68,-89.17,,,MS,1986-04-08 16:45:00,1986-04-08 16:45:00,False,False
,10079731,Nebraska,157,Scotts Bluff,,1986-06-07 20:30:00,CST,1986-06-07 20:30:00,0,0,0,0,.03K,0,,F0,Unknown,0.1,10,,,,,42.0,-104.02,,,,,NE,1986-06-07 21:30:00,1986-06-07 21:30:00,True,True
,10079733,Nebraska,1,Adams,,1986-06-10 19:30:00,CST,1986-06-10 19:30:00,0,0,0,0,2.5K,0,,F1,Unknown,1.0,50,,,,,40.48,-98.28,40.48,-98.25,,,NE,1986-06-10 20:30:00,1986-06-10 20:30:00,True,True
,10079734,Nebraska,35,Clay,,1986-06-10 19:33:00,CST,1986-06-10 19:33:00,0,0,0,0,2.5K,0,,F1,Unknown,1.0,50,,,,,40.48,-98.23,40.5,-98.25,,,NE,1986-06-10 20:33:00,1986-06-10 20:33:00,True,True
,10079720,Nebraska,99,Kearney,,1986-05-10 16:10:00,CST,1986-05-10 16:10:00,0,0,0,0,.03K,0,,F0,Unknown,0.1,20,,,,,40.55,-99.02,,,,,NE,1986-05-10 17:10:00,1986-05-10 17:10:00,True,True
,10079721,Nebraska,107,Knox,,1986-05-10 16:15:00,CST,1986-05-10 16:15:00,0,0,0,0,.03K,0,,F0,Unknown,0.1,30,,,,,42.73,-97.63,,,,,NE,1986-05-10 17:15:00,1986-05-10 17:15:00,True,True
,10053329,Michigan,159,Van Buren,,1986-09-29 15:30:00,EST,1986-09-29 15:30:00,1,0,0,0,250K,0,,F2,Unknown,3.8,400,,,,,42.2,-85.85,42.2,-85.78,,,MI,1986-09-29 16:30:00,1986-09-29 16:30:00,True,True
,10053334,Michigan,49,Genesee,,1986-09-29 17:51:00,EST,1986-09-29 17:51:00,0,0,0,0,250K,0,,F2,Unknown,5.6,400,,,,,42.87,-83.8,42.92,-83.68,,,MI,1986-09-29 18:51:00,1986-09-29 18:51:00,True,True
,10053336,Michigan,49,Genesee,,1986-09-29 18:10:00,EST,1986-09-29 18:10:00,0,0,0,0,2.5K,0,,F1,Unknown,1.3,20,,,,,42.87,-83.5,,,,,MI,1986-09-29 19:10:00,1986-09-29 19:10:00,True,True
,10079756,Nebraska,91,Hooker,,1986-06-21 19:15:00,CST,1986-06-21 19:15:00,0,0,0,0,2.5K,0,,F1,Unknown,0.2,20,,,,,41.97,-101.03,,,,,NE,1986-06-21 20:15:00,1986-06-21 20:15:00,True,True
,10079716,Nebraska,19,Buffalo,,1986-05-10 14:25:00,CST,1986-05-10 14:25:00,0,0,0,0,.25K,0,,F1,Unknown,0.5,20,,,,,40.7,-99.08,,,,,NE,1986-05-10 15:25:00,1986-05-10 15:25:00,True,True
,10079717,Nebraska,99,Kearney,,1986-05-10 14:30:00,CST,1986-05-10 14:30:00,0,0,0,0,.03K,0,,F0,Unknown,0.1,20,,,,,40.47,-98.95,,,,,NE,1986-05-10 15:30:00,1986-05-10 15:30:00,True,True
,10079718,Nebraska,19,Buffalo,,1986-05-10 15:00:00,CST,1986-05-10 15:00:00,0,0,0,0,.03K,0,,F0,Unknown,0.1,20,,,,,41.02,-98.9,,,,,NE,1986-05-10 16:00:00,1986-05-10 16:00:00,True,True
,10079719,Nebraska,99,Kearney,,1986-05-10 15:40:00,CST,1986-05-10 15:40:00,0,0,0,0,.03K,0,,F0,Unknown,0.1,10,,,,,40.6,-99.12,,,,,NE,1986-05-10 16:40:00,1986-05-10 16:40:00,True,True
,10072993,Missouri,65,Dent,,1986-05-13 20:25:00,CST,1986-05-13 20:25:00,0,0,0,0,0K,0,,F0,Unknown,0.2,50,,,,,37.65,-91.48,,,,,MO,1986-05-13 21:25:00,1986-05-13 21:25:00,True,True
,10064231,Mississippi,63,Jefferson,,1986-04-12 03:05:00,CST,1986-04-12 03:05:00,0,0,0,0,25K,0,,F1,Unknown,4.0,150,,,,,31.82,-90.95,31.7,-90.9,,,MS,1986-04-12 03:05:00,1986-04-12 03:05:00,False,False
,10064237,Mississippi,85,Lincoln,,1986-04-12 04:20:00,CST,1986-04-12 04:20:00,0,0,0,0,2.5M,0,,F2,Unknown,8.2,100,,,,,31.52,-90.37,31.43,-90.25,,,MS,1986-04-12 04:20:00,1986-04-12 04:20:00,False,False
,10064238,Mississippi,77,Lawrence,,1986-04-12 04:28:00,CST,1986-04-12 04:28:00,0,0,0,0,2.5M,0,,F2,Unknown,13.6,100,,,,,31.43,-90.25,31.38,-90.05,,,MS,1986-04-12 04:28:00,1986-04-12 04:28:00,False,False
,10002578,Illinois,203,Woodford,,1986-09-24 17:15:00,CST,1986-09-24 17:15:00,0,0,0,0,250K,0,,F2,Unknown,2.5,73,,,,,40.82,-89.2,,,,,IL,1986-09-24 18:15:00,1986-09-24 18:15:00,True,True
,10002585,Illinois,201,Winnebago,,1986-09-28 17:15:00,CST,1986-09-28 17:15:00,0,0,0,0,0K,0,,F0,Unknown,0.2,10,,,,,42.27,-89.2,,,,,IL,1986-09-28 18:15:00,1986-09-28 18:15:00,True,True
,10002588,Illinois,99,La Salle,,1986-09-29 12:55:00,CST,1986-09-29 12:55:00,0,0,0,0,250K,0,,F1,Unknown,1.0,10,,,,,41.45,-88.67,,,,,IL,1986-09-29 13:55:00,1986-09-29 13:55:00,True,True
,10002590,Illinois,31,Cook,,1986-09-29 13:30:00,CST,1986-09-29 13:30:00,10,0,0,0,250K,0,,F1,Unknown,0.1,50,,,,,41.83,-87.82,,,,,IL,1986-09-29 14:30:00,1986-09-29 14:30:00,True,True
,10002126,Florida,11,Broward,,1986-03-14 13:45:00,EST,1986-03-14 13:45:00,0,0,0,0,0K,0,,F0,Unknown,1.0,10,,,,,26.07,-80.23,,,,,FL,1986-03-14 13:45:00,1986-03-14 13:45:00,False,False
,10012869,Iowa,99,Jasper,,1986-05-08 16:00:00,CST,1986-05-08 16:00:00,0,0,0,0,25K,0,,F1,Unknown,0.1,20,,,,,41.58,-93.02,,,,,IA,1986-05-08 17:00:00,1986-05-08 17:00:00,True,True
,10012871,Iowa,149,Plymouth,,1986-05-08 16:05:00,CST,1986-05-08 16:05:00,0,0,0,0,25K,0,,F0,Unknown,0.1,10,,,,,42.92,-96.05,,,,,IA,1986-05-08 17:05:00,1986-05-08 17:05:00,True,True
,10107576,Oklahoma,25,Cimarron,,1986-08-02 15:30:00,CST,1986-08-02 15:30:00,0,0,0,0,0K,0,,F0,Unknown,0.5,50,,,,,36.73,-102.52,,,,,OK,1986-08-02 16:30:00,1986-08-02 16:30:00,True,True
,10015552,Iowa,103,Johnson,,1986-09-22 17:25:00,CST,1986-09-22 17:25:00,0,0,0,0,25K,0,,F1,Unknown,0.2,10,,,,,41.67,-91.83,,,,,IA,1986-09-22 18:25:00,1986-09-22 18:25:00,True,True
,10105228,Oklahoma,75,Kiowa,,1986-04-26 19:37:00,CST,1986-04-26 19:37:00,0,0,0,0,0K,0,,F0,Unknown,0.1,10,,,,,35.08,-98.75,,,,,OK,1986-04-26 19:37:00,1986-04-26 19:37:00,False,False
,10019926,Indiana,1,Adams,,1986-07-12 17:50:00,EST,1986-07-12 17:50:00,0,0,0,0,2.5K,0,,F1,Unknown,2.0,10,,,,,40.88,-85.02,40.88,-85.05,,,IN,1986-07-12 18:50:00,1986-07-12 18:50:00,True,True
,10018834,Indiana,173,Warrick,,1986-07-01 14:26:00,EST,1986-07-01 14:26:00,0,0,0,0,0K,0,,F0,Unknown,0.1,10,,,,,37.95,-87.42,,,,,IN,1986-07-01 15:26:00,1986-07-01 15:26:00,True,True
,10015567,Iowa,153,Polk,,1986-09-28 16:34:00,CST,1986-09-28 16:34:00,0,0,0,0,2.5M,0,,F4,Unknown,6.0,250,,,,,41.75,-93.6,41.77,-93.35,,,IA,1986-09-28 17:34:00,1986-09-28 17:34:00,True,True
,10015568,Iowa,99,Jasper,,1986-09-28 16:48:00,CST,1986-09-28 16:48:00,0,0,0,0,2.5M,0,,F4,Unknown,14.0,250,,,,,41.77,-93.33,41.77,-93.0,,,IA,1986-09-28 17:48:00,1986-09-28 17:48:00,True,True
,10015571,Iowa,41,Clay,,1986-09-28 18:05:00,CST,1986-09-28 18:05:00,0,0,0,0,25K,0,,F1,Unknown,0.1,13,,,,,43.15,-95.32,,,,,IA,1986-09-28 19:05:00,1986-09-28 19:05:00,True,True
,10106478,Oklahoma,81,Lincoln,,1986-08-15 17:50:00,CST,1986-08-15 17:50:00,0,0,0,0,0K,0,,F0,Unknown,2.0,50,,,,,35.8,-96.88,,,,,OK,1986-08-15 18:50:00,1986-08-15 18:50:00,True,True
,10116972,Pennsylvania,5,Armstrong,,1986-09-23 14:06:00,EST,1986-09-23 14:06:00,1,0,0,0,2.5M,0,,F2,Unknown,0.5,40,,,,,40.97,-79.43,,,,,PA,1986-09-23 15:06:00,1986-09-23 15:06:00,True,True
,10100344,Ohio,15,Brown,,1986-03-10 16:54:00,EST,1986-03-10 16:54:00,0,0,0,0,2.5M,0,,F2,Unknown,6.0,143,,,,,38.73,-83.83,38.8,-83.75,,,OH,1986-03-10 16:54:00,1986-03-10 16:54:00,False,False
,10100349,Ohio,77,Huron,,1986-03-10 17:03:00,EST,1986-03-10 17:03:00,10,0,1,0,2.5M,0,,F2,Unknown,8.0,200,,,,,41.05,-82.68,41.17,-82.58,,,OH,1986-03-10 17:03:00,1986-03-10 17:03:00,False,False
,10100462,Ohio,135,Preble,,1986-07-12 13:07:00,EST,1986-07-12 13:07:00,0,0,0,0,25K,0,,F2,Unknown,0.1,73,,,,,38.58,-84.55,,,,,OH,1986-07-12 14:07:00,1986-07-12 14:07:00,True,True
,10100465,Ohio,39,Defiance,,1986-07-12 16:32:00,EST,1986-07-12 16:32:00,0,0,0,0,2.5M,0,,F2,Unknown,3.3,73,,,,,41.23,-84.35,41.22,-84.32,,,OH,1986-07-12 17:32:00,1986-07-12 17:32:00,True,True
,10002136,Florida,31,Duval,,1986-03-20 10:45:00,EST,1986-03-20 10:45:00,1,0,0,0,25K,0,,F0,Unknown,2.0,10,,,,,30.35,-81.72,,,,,FL,1986-03-20 10:45:00,1986-03-20 10:45:00,False,False
,10002146,Florida,105,Polk,,1986-05-09 17:00:00,EST,1986-05-09 17:00:00,0,0,0,0,.25K,0,,F0,Unknown,0.5,30,,,,,27.9,-81.98,,,,,FL,1986-05-09 18:00:00,1986-05-09 18:00:00,True,True
,10002147,Florida,101,Pasco,,1986-05-14 14:17:00,EST,1986-05-14 14:17:00,0,0,0,0,2.5K,0,,F0,Unknown,1.0,30,,,,,28.3,-82.42,,,,,FL,1986-05-14 15:17:00,1986-05-14 15:17:00,True,True
,10002148,Florida,103,Pinellas,,1986-05-20 01:20:00,EST,1986-05-20 01:20:00,0,0,0,0,2.5K,0,,F0,Unknown,1.0,30,,,,,27.77,-82.67,,,,,FL,1986-05-20 02:20:00,1986-05-20 02:20:00,True,True
,10098231,Ohio,171,Williams,,1986-10-01 16:46:00,CST,1986-10-01 16:46:00,0,0,0,0,0K,0,,F0,Unknown,2.0,10,,,,,41.58,-84.82,41.58,-84.78,,,OH,1986-10-01 17:46:00,1986-10-01 17:46:00,True,True
,10032366,Kentucky,93,Hardin,,1986-03-12 04:40:00,EST,1986-03-12 04:40:00,0,0,0,0,250K,0,,F1,Unknown,0.1,10,,,,,37.58,-86.05,,,,,KY,1986-03-12 04:40:00,1986-03-12 04:40:00,False,False
,10032369,Kentucky,179,Nelson,,1986-03-12 05:10:00,EST,1986-03-12 05:10:00,2,0,0,0,25K,0,,F1,Unknown,0.5,1500,,,,,37.87,-85.47,,,,,KY,1986-03-12 05:10:00,1986-03-12 05:10:00,False,False
,10032378,Kentucky,181,Nicholas,,1986-03-12 06:15:00,EST,1986-03-12 06:15:00,3,0,0,0,25K,0,,F1,Unknown,0.1,10,,,,,38.45,-84.03,,,,,KY,1986-03-12 06:15:00,1986-03-12 06:15:00,False,False
,10032382,Kentucky,69,Fleming,,1986-03-12 06:35:00,EST,1986-03-12 06:35:00,0,0,0,0,0K,0,,F0,Unknown,0.1,10,,,,,38.43,-83.87,,,,,KY,1986-03-12 06:35:00,1986-03-12 06:35:00,False,False
,10032389,Kentucky,57,Cumberland,,1986-04-20 16:45:00,CST,1986-04-20 16:45:00,2,0,0,0,250K,0,,F3,Unknown,3.0,400,,,,,36.83,-85.37,36.88,-85.37,,,KY,1986-04-20 16:45:00,1986-04-20 16:45:00,False,False
,10032390,Kentucky,57,Cumberland,,1986-04-20 17:10:00,CST,1986-04-20 17:10:00,0,0,0,0,25K,0,,F1,Unknown,8.0,150,,,,,36.85,-85.33,36.95,-85.22,,,KY,1986-04-20 17:10:00,1986-04-20 17:10:00,False,False
,10012860,Iowa,135,Monroe,,1986-05-08 14:50:00,CST,1986-05-08 14:50:00,0,0,0,0,25K,0,,F0,Unknown,0.1,13,,,,,41.0,-92.82,,,,,IA,1986-05-08 15:50:00,1986-05-08 15:50:00,True,True
,10012867,Iowa,153,Polk,,1986-05-08 15:38:00,CST,1986-05-08 15:38:00,0,0,0,0,0K,0,,F0,Unknown,0.1,10,,,,,41.63,-93.43,,,,,IA,1986-05-08 16:38:00,1986-05-08 16:38:00,True,True
,10117646,Rhode Island,7,Providence,,1986-08-07 14:30:00,EST,1986-08-07 14:30:00,0,0,0,0,250K,0,,F1,Unknown,0.5,100,,,,,41.92,-71.43,,,,,RI,1986-08-07 15:30:00,1986-08-07 15:30:00,True,True
,10117647,Rhode Island,7,Providence,,1986-08-07 15:15:00,EST,1986-08-07 15:15:00,20,0,0,0,2.5M,0,,F2,Unknown,4.0,1000,,,,,41.77,-71.45,41.82,-71.43,,,RI,1986-08-07 16:15:00,1986-08-07 16:15:00,True,True
,10117648,Rhode Island,7,Providence,,1986-08-08 09:15:00,EST,1986-08-08 09:15:00,0,0,0,0,250K,0,,F1,Unknown,6.0,1000,,,,,41.98,-71.73,42.03,-71.58,,,RI,1986-08-08 10:15:00,1986-08-08 10:15:00,True,True
,10002161,Florida,95,Orange,,1986-05-20 14:00:00,EST,1986-05-20 14:00:00,0,0,0,0,25K,0,,F0,Unknown,2.0,30,,,,,28.68,-81.47,,,,,FL,1986-05-20 15:00:00,1986-05-20 15:00:00,True,True
,10106865,Oklahoma,105,Nowata,,1986-05-14 13:13:00,CST,1986-05-14 13:13:00,0,0,0,0,0K,0,,F0,Unknown,1.0,50,,,,,36.93,-95.8,,,,,OK,1986-05-14 14:13:00,1986-05-14 14:13:00,True,True
,10084880,North Dakota,71,Ramsey,,1986-07-11 17:35:00,CST,1986-07-11 17:35:00,0,0,0,0,25K,0,,F0,Unknown,0.2,13,,,,,48.48,-98.53,,,,,ND,1986-07-11 18:35:00,1986-07-11 18:35:00,True,True
,10002115,Florida,69,Lake,,1986-03-14 06:30:00,EST,1986-03-14 06:30:00,0,0,0,0,2.5K,0,,F1,Unknown,2.0,10,,,,,29.17,-81.53,,,,,FL,1986-03-14 06:30:00,1986-03-14 06:30:00,False,False
,10002117,Florida,109,St. Johns,,1986-03-14 07:15:00,EST,1986-03-14 07:15:00,0,0,0,0,2.5K,0,,F0,Unknown,1.0,10,,,,,29.97,-81.45,,,,,FL,1986-03-14 07:15:00,1986-03-14 07:15:00,False,False
,10002118,Florida,35,Flagler,,1986-03-14 07:22:00,EST,1986-03-14 07:22:00,0,0,0,0,0K,0,,F0,Unknown,0.5,10,,,,,29.47,-81.13,,,,,FL,1986-03-14 07:22:00,1986-03-14 07:22:00,False,False
,10002120,Florida,35,Flagler,,1986-03-14 07:40:00,EST,1986-03-14 07:40:00,0,0,0,0,25K,0,,F0,Unknown,1.0,10,,,,,29.47,-81.15,,,,,FL,1986-03-14 07:40:00,1986-03-14 07:40:00,False,False
,10002121,Florida,127,Volusia,,1986-03-14 07:54:00,EST,1986-03-14 07:54:00,0,0,0,0,.25K,0,,F0,Unknown,1.0,10,,,,,29.3,-81.18,,,,,FL,1986-03-14 07:54:00,1986-03-14 07:54:00,False,False
,10002122,Florida,83,Marion,,1986-03-14 08:30:00,EST,1986-03-14 08:30:00,0,0,0,0,2.5K,0,,F1,Unknown,2.0,10,,,,,29.07,-82.05,,,,,FL,1986-03-14 08:30:00,1986-03-14 08:30:00,False,False
,10002125,Florida,127,Volusia,,1986-03-14 09:45:00,EST,1986-03-14 09:45:00,0,0,0,0,25K,0,,F1,Unknown,1.0,10,,,,,29.3,-81.18,,,,,FL,1986-03-14 09:45:00,1986-03-14 09:45:00,False,False
,10106878,Oklahoma,109,Oklahoma,,1986-05-14 14:05:00,CST,1986-05-14 14:05:00,0,0,0,0,0K,0,,F1,Unknown,0.2,50,,,,,35.53,-97.22,,,,,OK,1986-05-14 15:05:00,1986-05-14 15:05:00,True,True
,10100122,Ohio,27,Clinton,,1986-03-10 16:08:00,EST,1986-03-10 16:08:00,10,0,0,0,2.5M,0,,F2,Unknown,6.0,73,,,,,39.45,-83.83,39.52,-83.75,,,OH,1986-03-10 16:08:00,1986-03-10 16:08:00,False,False
,10018793,Indiana,45,Fountain,,1986-05-15 19:55:00,CST,1986-05-15 19:55:00,0,0,0,0,250K,0,,F0,Unknown,1.0,140,,,,,40.13,-87.42,40.13,-87.4,,,IN,1986-05-15 20:55:00,1986-05-15 20:55:00,True,True
,10108665,Oklahoma,81,Lincoln,,1986-05-16 23:09:00,CST,1986-05-16 23:09:00,0,0,0,0,0K,0,,F0,Unknown,0.2,50,,,,,35.48,-96.78,,,,,OK,1986-05-17 00:09:00,1986-05-17 00:09:00,True,True
,10108666,Oklahoma,49,Garvin,,1986-05-16 23:10:00,CST,1986-05-16 23:10:00,0,0,0,0,250K,0,,F1,Unknown,0.5,73,,,,,34.65,-97.17,,,,,OK,1986-05-17 00:10:00,1986-05-17 00:10:00,True,True
,10108667,Oklahoma,125,Pottawatomie,,1986-05-16 23:10:00,CST,1986-05-16 23:10:00,0,0,0,0,25K,0,,F1,Unknown,0.5,73,,,,,35.15,-97.02,,,,,OK,1986-05-17 00:10:00,1986-05-17 00:10:00,True,True
,10108672,Oklahoma,61,Haskell,,1986-05-16 23:30:00,CST,1986-05-16 23:30:00,0,0,0,0,2.5K,0,,F0,Unknown,0.2,73,,,,,35.25,-94.98,,,,,OK,1986-05-17 00:30:00,1986-05-17 00:30:00,True,True
,10002162,Florida,81,Manatee,,1986-05-20 18:00:00,EST,1986-05-20 18:00:00,0,0,0,0,2.5K,0,,F0,Unknown,2.0,30,,,,,27.52,-82.53,,,,,FL,1986-05-20 19:00:00,1986-05-20 19:00:00,True,True
,10002168,Florida,105,Polk,,1986-06-03 13:34:00,CST,1986-06-03 13:34:00,0,0,0,0,0K,0,,F0,Unknown,0.5,20,,,,,27.73,-81.95,,,,,FL,1986-06-03 14:34:00,1986-06-03 14:34:00,True,True
,10078846,Nebraska,71,Garfield,,1986-06-21 21:04:00,CST,1986-06-21 21:04:00,0,0,0,0,250K,0,,F1,Unknown,8.0,40,,,,,41.92,-99.13,41.88,-99.0,,,NE,1986-06-21 22:04:00,1986-06-21 22:04:00,True,True
,10001042,Florida,127,Volusia,,1986-02-08 10:00:00,EST,1986-02-08 10:00:00,1,0,0,0,25K,0,,F0,Unknown,5.0,10,,,,,29.17,-81.53,29.23,-81.47,,,FL,1986-02-08 10:00:00,1986-02-08 10:00:00,False,False
,10001046,Florida,81,Manatee,,1986-02-08 12:00:00,EST,1986-02-08 12:00:00,4,0,0,0,25K,0,,F0,Unknown,0.5,10,,,,,27.48,-82.57,,,,,FL,1986-02-08 12:00:00,1986-02-08 12:00:00,False,False
,10001047,Florida,105,Polk,,1986-02-08 12:45:00,EST,1986-02-08 12:45:00,0,0,0,0,250K,0,,F2,Unknown,2.0,10,,,,,27.88,-81.83,,,,,FL,1986-02-08 12:45:00,1986-02-08 12:45:00,False,False
,10001048,Florida,63,Jackson,,1986-02-10 09:20:00,CST,1986-02-10 09:20:00,0,0,0,0,250K,0,,F1,Unknown,1.0,10,,,,,30.7,-85.02,,,,,FL,1986-02-10 09:20:00,1986-02-10 09:20:00,False,False
,10001049,Florida,105,Polk,,1986-02-11 10:45:00,EST,1986-02-11 10:45:00,4,0,0,0,25K,0,,F1,Unknown,0.5,10,,,,,28.18,-81.82,,,,,FL,1986-02-11 10:45:00,1986-02-11 10:45:00,False,False
,10160569,Wyoming,31,Platte,,1986-06-13 16:10:00,MST,1986-06-13 16:10:00,0,0,0,0,0K,0,,F0,Unknown,15.0,23,,,,,41.85,-104.83,41.87,-104.62,,,WY,1986-06-13 17:10:00,1986-06-13 17:10:00,True,True
,10092989,Oklahoma,65,Jackson,,1986-05-14 14:29:00,CST,1986-05-14 14:29:00,0,0,0,0,0K,0,,F1,Unknown,6.0,300,,,,,34.55,-99.33,34.57,-99.2,,,OK,1986-05-14 15:29:00,1986-05-14 15:29:00,True,True
,10005561,Illinois,115,Macon,,1986-05-16 16:20:00,CST,1986-05-16 16:20:00,0,0,0,0,0K,0,,F0,Unknown,0.2,10,,,,,40.02,-88.95,,,,,IL,1986-05-16 17:20:00,1986-05-16 17:20:00,True,True
,10005562,Illinois,167,Sangamon,,1986-05-16 16:20:00,CST,1986-05-16 16:20:00,0,0,0,0,0K,0,,F0,Unknown,0.2,10,,,,,39.8,-89.78,,,,,IL,1986-05-16 17:20:00,1986-05-16 17:20:00,True,True
,10005563,Illinois,167,Sangamon,,1986-05-16 16:25:00,CST,1986-05-16 16:25:00,0,0,0,0,0K,0,,F0,Unknown,0.2,10,,,,,39.67,-89.85,,,,,IL,1986-05-16 17:25:00,1986-05-16 17:25:00,True,True
,10005565,Illinois,147,Piatt,,1986-05-16 17:15:00,CST,1986-05-16 17:15:00,0,0,0,0,2.5K,0,,F1,Unknown,0.5,10,,,,,40.22,-88.57,,,,,IL,1986-05-16 18:15:00,1986-05-16 18:15:00,True,True
,10018779,Indiana,129,Posey,,1986-05-15 15:50:00,EST,1986-05-15 15:50:00,0,0,0,0,0K,0,,F0,Unknown,0.2,10,,,,,37.98,-87.72,,,,,IN,1986-05-15 16:50:00,1986-05-15 16:50:00,True,True
,10019886,Indiana,139,Rush,,1986-05-07 17:20:00,EST,1986-05-07 17:20:00,0,0,0,0,25K,0,,F1,Unknown,0.2,10,,,,,39.58,-85.58,,,,,IN,1986-05-07 18:20:00,1986-05-07 18:20:00,True,True
,10018759,Indiana,135,Randolph,,1986-03-10 14:55:00,CST,1986-03-10 14:55:00,0,0,0,0,25M,0,,F3,Unknown,7.6,440,,,,,40.03,-84.98,40.1,-84.87,,,IN,1986-03-10 14:55:00,1986-03-10 14:55:00,False,False
,10018781,Indiana,163,Vanderburgh,,1986-05-15 15:55:00,EST,1986-05-15 15:55:00,0,0,0,0,0K,0,,F0,Unknown,0.2,10,,,,,38.15,-87.65,,,,,IN,1986-05-15 16:55:00,1986-05-15 16:55:00,True,True
,10018786,Indiana,163,Vanderburgh,,1986-05-15 16:45:00,EST,1986-05-15 16:45:00,0,0,0,0,250K,0,,F2,Unknown,0.2,10,,,,,37.98,-87.55,,,,,IN,1986-05-15 17:45:00,1986-05-15 17:45:00,True,True
,10018789,Indiana,37,Dubois,,1986-05-15 17:30:00,EST,1986-05-15 17:30:00,0,0,0,0,2.5K,0,,F1,Unknown,0.2,10,,,,,38.25,-87.03,,,,,IN,1986-05-15 18:30:00,1986-05-15 18:30:00,True,True
,10018791,Indiana,27,Daviess,,1986-05-15 18:55:00,EST,1986-05-15 18:55:00,0,0,0,0,25K,0,,F2,Unknown,0.2,10,,,,,38.67,-87.17,,,,,IN,1986-05-15 19:55:00,1986-05-15 19:55:00,True,True
,10018792,Indiana,165,Vermillion,,1986-05-15 19:45:00,CST,1986-05-15 19:45:00,0,0,0,0,25K,0,,F0,Unknown,4.0,140,,,,,40.1,-87.52,40.17,-87.5,,,IN,1986-05-15 20:45:00,1986-05-15 20:45:00,True,True
,9990459,Arkansas,109,Pike,,1986-04-04 16:30:00,CST,1986-04-04 16:30:00,0,0,0,0,250K,0,,F1,Unknown,1.2,73,,,,,34.27,-93.55,34.27,-93.55,,,AR,1986-04-04 16:30:00,1986-04-04 16:30:00,False,False
,10010642,Hawaii,1,Hawaii,,1986-04-03 18:30:00,CST,1986-04-03 18:30:00,0,0,0,0,2.5K,0,,F0,Unknown,0.2,50,,,,,19.7,-155.1,,,,,HI,1986-04-03 18:30:00,1986-04-03 18:30:00,False,False
,10010643,Hawaii,3,Honolulu,,1986-05-13 21:30:00,CST,1986-05-13 21:30:00,0,0,0,0,0K,0,,F0,Unknown,0.2,10,,,,,21.38,-158.05,,,,,HI,1986-05-13 21:30:00,1986-05-13 21:30:00,False,False
,10108473,Oklahoma,85,Love,,1986-03-11 16:55:00,CST,1986-03-11 16:55:00,0,0,0,0,2.5K,0,,F1,Unknown,0.1,10,,,,,33.93,-97.5,,,,,OK,1986-03-11 16:55:00,1986-03-11 16:55:00,False,False
,10108487,Oklahoma,55,Greer,,1986-03-17 17:55:00,CST,1986-03-17 17:55:00,0,0,0,0,250K,0,,F1,Unknown,4.0,100,,,,,35.12,-99.63,35.13,-99.68,,,OK,1986-03-17 17:55:00,1986-03-17 17:55:00,False,False
,10108488,Oklahoma,9,Beckham,,1986-03-17 18:01:00,CST,1986-03-17 18:01:00,0,0,0,0,250K,0,,F1,Unknown,17.0,100,,,,,35.13,-99.68,35.18,-99.35,,,OK,1986-03-17 18:01:00,1986-03-17 18:01:00,False,False
,10090249,North Carolina,93,Hoke,,1986-05-19 15:00:00,EST,1986-05-19 15:00:00,5,0,0,0,250K,0,,F2,Unknown,13.0,100,,,,,34.87,-79.22,34.98,-79.0,,,NC,1986-05-19 16:00:00,1986-05-19 16:00:00,True,True
,10018742,Indiana,109,Morgan,,1986-03-10 13:28:00,EST,1986-03-10 13:28:00,9,0,0,0,2.5M,0,,F3,Unknown,15.0,440,,,,,39.37,-86.52,39.58,-86.23,,,IN,1986-03-10 13:28:00,1986-03-10 13:28:00,False,False
,10018745,Indiana,81,Johnson,,1986-03-10 13:45:00,EST,1986-03-10 13:45:00,3,0,0,0,2.5M,0,,F3,Unknown,15.0,440,,,,,39.58,-86.23,39.68,-85.98,,,IN,1986-03-10 13:45:00,1986-03-10 13:45:00,False,False
,10018747,Indiana,97,Marion,,1986-03-10 13:55:00,EST,1986-03-10 13:55:00,10,0,0,0,2.5M,0,,F3,Unknown,2.0,440,,,,,39.68,-85.98,39.67,-85.93,,,IN,1986-03-10 13:55:00,1986-03-10 13:55:00,False,False
,10018749,Indiana,145,Shelby,,1986-03-10 14:05:00,EST,1986-03-10 14:05:00,0,0,0,0,2.5M,0,,F3,Unknown,3.0,440,,,,,39.67,-85.93,39.67,-85.83,,,IN,1986-03-10 14:05:00,1986-03-10 14:05:00,False,False
,10015529,Iowa,101,Jefferson,,1986-08-05 17:00:00,CST,1986-08-05 17:00:00,0,0,0,0,2.5K,0,,F0,Unknown,0.1,13,,,,,41.0,-91.98,,,,,IA,1986-08-05 18:00:00,1986-08-05 18:00:00,True,True
,10002109,Florida,1,Alachua,,1986-03-14 05:17:00,EST,1986-03-14 05:17:00,0,0,0,0,2.5M,0,,F2,Unknown,2.0,10,,,,,29.65,-82.32,,,,,FL,1986-03-14 05:17:00,1986-03-14 05:17:00,False,False
,10002110,Florida,83,Marion,,1986-03-14 05:30:00,EST,1986-03-14 05:30:00,0,0,0,0,2.5K,0,,F1,Unknown,1.0,10,,,,,29.38,-82.22,,,,,FL,1986-03-14 05:30:00,1986-03-14 05:30:00,False,False
,10035561,Kansas,19,Chautauqua,,1986-06-10 17:02:00,CST,1986-06-10 17:02:00,0,0,0,0,2.5K,0,,F0,Unknown,0.1,50,,,,,37.07,-96.5,,,,,KS,1986-06-10 18:02:00,1986-06-10 18:02:00,True,True
,10123746,South Dakota,129,Walworth,,1986-08-06 16:10:00,CST,1986-08-06 16:10:00,0,0,0,0,.25K,0,,F1,Unknown,1.5,40,,,,,45.37,-100.07,,,,,SD,1986-08-06 17:10:00,1986-08-06 17:10:00,True,True
,10090222,North Carolina,133,Onslow,,1986-03-14 08:50:00,EST,1986-03-14 08:50:00,0,0,0,0,25K,0,,F0,Unknown,0.5,100,,,,,34.57,-77.38,,,,,NC,1986-03-14 08:50:00,1986-03-14 08:50:00,False,False
,10090223,North Carolina,133,Onslow,,1986-03-14 10:40:00,EST,1986-03-14 10:40:00,0,0,0,0,25K,0,,F1,Unknown,1.2,100,,,,,34.72,-77.23,,,,,NC,1986-03-14 10:40:00,1986-03-14 10:40:00,False,False
,10090226,North Carolina,183,Wake,,1986-03-14 15:55:00,CST,1986-03-14 15:55:00,0,0,0,0,25K,0,,F1,Unknown,0.5,50,,,,,35.95,-78.58,,,,,NC,1986-03-14 15:55:00,1986-03-14 15:55:00,False,False
,10091414,North Carolina,73,Gates,,1986-06-28 13:20:00,EST,1986-06-28 13:20:00,0,0,0,0,0K,0,,F0,Unknown,1.0,37,,,,,36.4,-76.75,,,,,NC,1986-06-28 14:20:00,1986-06-28 14:20:00,True,True
,10091416,North Carolina,41,Chowan,,1986-06-28 14:19:00,EST,1986-06-28 14:19:00,0,0,0,0,25K,0,,F1,Unknown,1.0,50,,,,,36.18,-76.68,,,,,NC,1986-06-28 15:19:00,1986-06-28 15:19:00,True,True
,10118291,Pennsylvania,79,Luzerne,,1986-08-10 18:45:00,EST,1986-08-10 18:45:00,0,0,0,0,2.5K,0,,F0,Unknown,0.1,100,,,,,41.0,-76.07,,,,,PA,1986-08-10 19:45:00,1986-08-10 19:45:00,True,True
,10014085,Iowa,187,Webster,,1986-09-28 18:35:00,CST,1986-09-28 18:35:00,0,0,0,0,0K,0,,F0,Unknown,0.1,13,,,,,42.47,-94.23,,,,,IA,1986-09-28 19:35:00,1986-09-28 19:35:00,True,True
,10106495,Oklahoma,143,Tulsa,,1986-09-26 16:18:00,CST,1986-09-26 16:18:00,0,0,0,0,0K,0,,F0,Unknown,0.1,50,,,,,35.95,-95.88,,,,,OK,1986-09-26 17:18:00,1986-09-26 17:18:00,True,True
,10106505,Oklahoma,145,Wagoner,,1986-09-26 17:45:00,CST,1986-09-26 17:45:00,0,0,0,0,250K,0,,F2,Unknown,8.0,73,,,,,35.9,-95.65,36.0,-95.52,,,OK,1986-09-26 18:45:00,1986-09-26 18:45:00,True,True
,10018750,Indiana,145,Shelby,,1986-03-10 14:10:00,EST,1986-03-10 14:10:00,0,0,0,0,2.5M,0,,F2,Unknown,10.0,300,,,,,39.57,-85.93,39.72,-85.83,,,IN,1986-03-10 14:10:00,1986-03-10 14:10:00,False,False
,10018751,Indiana,145,Shelby,,1986-03-10 14:10:00,EST,1986-03-10 14:10:00,0,0,0,0,2.5M,0,,F2,Unknown,10.0,150,,,,,39.57,-85.93,39.72,-85.83,,,IN,1986-03-10 14:10:00,1986-03-10 14:10:00,False,False
,10018753,Indiana,175,Washington,,1986-03-10 14:10:00,CST,1986-03-10 14:10:00,0,0,0,0,2.5M,0,,F2,Unknown,3.0,300,,,,,38.68,-85.93,38.68,-85.87,,,IN,1986-03-10 14:10:00,1986-03-10 14:10:00,False,False
,10018754,Indiana,143,Scott,,1986-03-10 14:16:00,CST,1986-03-10 14:16:00,25,0,0,0,2.5M,0,,F2,Unknown,9.0,300,,,,,38.68,-85.87,38.78,-85.75,,,IN,1986-03-10 14:16:00,1986-03-10 14:16:00,False,False
,10018755,Indiana,59,Hancock,,1986-03-10 14:30:00,EST,1986-03-10 14:30:00,1,0,1,0,2.5M,0,,F2,Unknown,7.8,300,,,,,39.72,-85.78,39.78,-85.67,,,IN,1986-03-10 14:30:00,1986-03-10 14:30:00,False,False
,10018757,Indiana,65,Henry,,1986-03-10 14:40:00,CST,1986-03-10 14:40:00,0,0,0,0,250K,0,,F2,Unknown,4.0,300,,,,,39.82,-85.43,39.88,-85.37,,,IN,1986-03-10 14:40:00,1986-03-10 14:40:00,False,False
,10123712,South Dakota,15,Brule,,1986-07-28 16:13:00,CST,1986-07-28 16:13:00,0,0,0,0,250K,0,,F2,Unknown,6.0,80,,,,,43.78,-99.0,43.72,-98.9,,,SD,1986-07-28 17:13:00,1986-07-28 17:13:00,True,True
,10123713,South Dakota,3,Aurora,,1986-07-28 16:30:00,CST,1986-07-28 16:30:00,0,0,0,0,25K,0,,F2,Unknown,3.5,80,,,,,43.65,-98.72,43.65,-98.6,,,SD,1986-07-28 17:30:00,1986-07-28 17:30:00,True,True
,10123714,South Dakota,43,Douglas,,1986-07-28 16:50:00,CST,1986-07-28 16:50:00,0,0,0,0,25K,0,,F1,Unknown,1.5,70,,,,,43.27,-98.15,,,,,SD,1986-07-28 17:50:00,1986-07-28 17:50:00,True,True
,10123715,South Dakota,43,Douglas,,1986-07-28 16:50:00,CST,1986-07-28 16:50:00,0,0,0,0,250K,0,,F2,Unknown,1.9,80,,,,,43.43,-98.38,,,,,SD,1986-07-28 17:50:00,1986-07-28 17:50:00,True,True
,10123720,South Dakota,127,Union,,1986-07-28 17:45:00,CST,1986-07-28 17:45:00,0,0,0,0,0K,0,,F0,Unknown,0.2,40,,,,,42.53,-96.48,,,,,SD,1986-07-28 18:45:00,1986-07-28 18:45:00,True,True
,10123721,South Dakota,27,Clay,,1986-07-28 17:50:00,CST,1986-07-28 17:50:00,0,0,0,0,0K,0,,F0,Unknown,0.2,40,,,,,42.75,-96.8,,,,,SD,1986-07-28 18:50:00,1986-07-28 18:50:00,True,True
,10003659,Illinois,113,Mclean,,1986-09-29 16:34:00,CST,1986-09-29 16:34:00,0,0,0,0,2.5M,0,,F2,Unknown,5.0,50,,,,,40.75,-88.65,40.7,-88.58,,,IL,1986-09-29 16:34:00,1986-09-29 16:34:00,False,False
,10003660,Illinois,105,Livingston,,1986-09-29 16:46:00,CST,1986-09-29 16:46:00,0,0,0,0,2.5M,0,,F2,Unknown,4.0,50,,,,,40.7,-88.58,40.75,-88.52,,,IL,1986-09-29 17:46:00,1986-09-29 17:46:00,True,True
,10123726,South Dakota,29,Codington,,1986-07-29 22:04:00,CST,1986-07-29 22:04:00,0,0,0,0,0K,0,,F1,Unknown,5.9,100,,,,,44.9,-97.28,44.92,-97.1,,,SD,1986-07-29 23:04:00,1986-07-29 23:04:00,True,True
,9996979,Georgia,299,Ware,,1986-02-10 22:05:00,EST,1986-02-10 22:05:00,2,0,0,0,250K,0,,F1,Unknown,3.8,33,,,,,31.23,-82.43,31.27,-82.37,,,GA,1986-02-10 22:05:00,1986-02-10 22:05:00,False,False
,9996981,Georgia,229,Pierce,,1986-02-10 22:15:00,EST,1986-02-10 22:15:00,0,0,0,0,2.5M,0,,F1,Unknown,3.5,33,,,,,31.28,-82.27,31.3,-82.32,,,GA,1986-02-10 22:15:00,1986-02-10 22:15:00,False,False
,9996982,Georgia,229,Pierce,,1986-02-10 22:30:00,EST,1986-02-10 22:30:00,7,0,0,0,250K,0,,F1,Unknown,4.8,33,,,,,31.27,-82.28,31.3,-82.22,,,GA,1986-02-10 22:30:00,1986-02-10 22:30:00,False,False
,9997002,Georgia,1,Appling,,1986-03-13 13:45:00,EST,1986-03-13 13:45:00,4,0,0,0,250K,0,,F1,Unknown,0.3,100,,,,,31.68,-82.35,,,,,GA,1986-03-13 13:45:00,1986-03-13 13:45:00,False,False
,9997007,Georgia,67,Cobb,,1986-03-19 05:32:00,EST,1986-03-19 05:32:00,15,0,0,0,25M,0,,F2,Unknown,5.7,300,,,,,33.97,-84.53,34.02,-84.48,,,GA,1986-03-19 05:32:00,1986-03-19 05:32:00,False,False
,10124612,South Dakota,99,Minnehaha,,1986-08-09 16:57:00,CST,1986-08-09 16:57:00,0,0,0,0,0K,0,,F0,Unknown,0.3,30,,,,,43.73,-96.97,,,,,SD,1986-08-09 17:57:00,1986-08-09 17:57:00,True,True
,10124613,South Dakota,99,Minnehaha,,1986-08-09 16:59:00,CST,1986-08-09 16:59:00,0,0,0,0,0K,0,,F0,Unknown,0.2,30,,,,,43.72,-96.88,,,,,SD,1986-08-09 17:59:00,1986-08-09 17:59:00,True,True
,10035514,Kansas,33,Comanche,,1986-05-16 15:55:00,CST,1986-05-16 15:55:00,0,0,0,0,2.5K,0,,F1,Unknown,0.2,100,,,,,37.03,-99.45,,,,,KS,1986-05-16 16:55:00,1986-05-16 16:55:00,True,True
,10015530,Iowa,55,Delaware,,1986-08-07 17:45:00,CST,1986-08-07 17:45:00,3,0,0,0,25K,0,,F1,Unknown,0.1,23,,,,,42.37,-91.48,,,,,IA,1986-08-07 18:45:00,1986-08-07 18:45:00,True,True
,10015534,Iowa,125,Marion,,1986-08-14 17:37:00,CST,1986-08-14 17:37:00,0,0,0,0,250K,0,,F1,Unknown,0.2,23,,,,,41.47,-93.08,,,,,IA,1986-08-14 18:37:00,1986-08-14 18:37:00,True,True
,10002169,Florida,103,Pinellas,,1986-06-03 15:15:00,CST,1986-06-03 15:15:00,0,0,0,0,.25K,0,,F0,Unknown,0.5,20,,,,,27.87,-82.85,,,,,FL,1986-06-03 16:15:00,1986-06-03 16:15:00,True,True
,10002170,Florida,89,Nassau,,1986-06-07 17:30:00,EST,1986-06-07 17:30:00,0,0,0,0,.25K,0,,F0,Unknown,0.5,20,,,,,30.57,-81.82,,,,,FL,1986-06-07 18:30:00,1986-06-07 18:30:00,True,True
,10002171,Florida,99,Palm Beach,,1986-06-08 15:00:00,EST,1986-06-08 15:00:00,0,0,0,0,.25K,0,,F0,Unknown,0.5,20,,,,,26.67,-80.5,,,,,FL,1986-06-08 16:00:00,1986-06-08 16:00:00,True,True
,10105220,Oklahoma,75,Kiowa,,1986-04-26 19:10:00,CST,1986-04-26 19:10:00,0,0,0,0,25K,0,,F1,Unknown,7.0,100,,,,,34.82,-98.9,34.8,-98.95,,,OK,1986-04-26 19:10:00,1986-04-26 19:10:00,False,False
,10001036,Florida,86,Miami-Dade,,1986-02-07 14:35:00,EST,1986-02-07 14:35:00,0,0,0,0,0K,0,,F0,Unknown,0.5,10,,,,,25.7,-80.3,,,,,FL,1986-02-07 14:35:00,1986-02-07 14:35:00,False,False
,10089246,North Carolina,191,Wayne,,1986-08-20 10:56:00,EST,1986-08-20 10:56:00,0,0,0,0,250K,0,,F2,Unknown,1.0,23,,,,,35.43,-77.93,,,,,NC,1986-08-20 11:56:00,1986-08-20 11:56:00,True,True
,10001038,Florida,101,Pasco,,1986-02-08 07:35:00,EST,1986-02-08 07:35:00,0,0,0,0,2.5K,0,,F0,Unknown,0.5,10,,,,,28.37,-82.7,,,,,FL,1986-02-08 07:35:00,1986-02-08 07:35:00,False,False
,10032351,Kentucky,67,Fayette,,1986-03-10 16:50:00,EST,1986-03-10 16:50:00,20,0,0,0,25M,0,,F2,Unknown,3.5,100,,,,,38.03,-84.5,38.05,-84.45,,,KY,1986-03-10 16:50:00,1986-03-10 16:50:00,False,False
,10105260,Oklahoma,77,Latimer,,1986-05-17 01:20:00,CST,1986-05-17 01:20:00,0,0,0,0,25K,0,,F1,Unknown,2.0,100,,,,,34.95,-95.08,,,,,OK,1986-05-17 02:20:00,1986-05-17 02:20:00,True,True
,10105261,Oklahoma,135,Sequoyah,,1986-05-17 02:10:00,CST,1986-05-17 02:10:00,0,0,0,0,250K,0,,F1,Unknown,2.0,123,,,,,35.38,-94.63,,,,,OK,1986-05-17 03:10:00,1986-05-17 03:10:00,True,True
,9998596,Florida,103,Pinellas,,1986-06-12 07:20:00,EST,1986-06-12 07:20:00,0,0,0,0,25K,0,,F0,Unknown,2.0,40,,,,,27.77,-82.67,,,,,FL,1986-06-12 08:20:00,1986-06-12 08:20:00,True,True
,10089250,North Carolina,15,Bertie,,1986-08-20 12:45:00,CST,1986-08-20 12:45:00,0,0,0,0,0K,0,,F0,Unknown,0.1,13,,,,,36.18,-76.88,,,,,NC,1986-08-20 13:45:00,1986-08-20 13:45:00,True,True
,10032347,Kentucky,179,Nelson,,1986-03-10 16:00:00,EST,1986-03-10 16:00:00,0,0,0,0,25K,0,,F1,Unknown,0.1,10,,,,,37.77,-85.38,,,,,KY,1986-03-10 16:00:00,1986-03-10 16:00:00,False,False
,9989065,California,87,Santa Cruz,,1986-02-03 13:00:00,PST,1986-02-03 13:00:00,0,0,0,0,2.5K,0,,F0,Unknown,0.2,50,,,,,36.97,-121.9,,,,,CA,1986-02-03 13:00:00,1986-02-03 13:00:00,False,False
,9989066,California,107,Tulare,,1986-02-15 14:50:00,PST,1986-02-15 14:50:00,0,0,0,0,250K,0,,F0,Unknown,0.5,100,,,,,36.53,-119.38,,,,,CA,1986-02-15 14:50:00,1986-02-15 14:50:00,False,False
,9989067,California,47,Merced,,1986-02-19 14:30:00,PST,1986-02-19 14:30:00,0,0,0,0,25K,0,,F0,Unknown,0.2,10,,,,,37.23,-120.25,,,,,CA,1986-02-19 14:30:00,1986-02-19 14:30:00,False,False
,10108652,Oklahoma,15,Caddo,,1986-05-16 21:30:00,CST,1986-05-16 21:30:00,0,0,0,0,0K,0,,F0,Unknown,0.2,50,,,,,35.07,-98.27,,,,,OK,1986-05-16 22:30:00,1986-05-16 22:30:00,True,True
,10108653,Oklahoma,109,Oklahoma,,1986-05-16 21:44:00,CST,1986-05-16 21:44:00,0,0,0,0,2.5M,0,,F1,Unknown,2.0,50,,,,,35.45,-97.45,,,,,OK,1986-05-16 22:44:00,1986-05-16 22:44:00,True,True
,10108655,Oklahoma,141,Tillman,,1986-05-16 22:00:00,CST,1986-05-16 22:00:00,0,0,0,0,25K,0,,F0,Unknown,0.2,50,,,,,34.23,-98.65,,,,,OK,1986-05-16 23:00:00,1986-05-16 23:00:00,True,True
,9989069,California,19,Fresno,,1986-03-08 20:35:00,PST,1986-03-08 20:35:00,0,0,0,0,2.5K,0,,F1,Unknown,4.0,50,,,,,36.55,-119.65,36.58,-119.57,,,CA,1986-03-08 20:35:00,1986-03-08 20:35:00,False,False
,9989070,California,81,San Mateo,,1986-03-10 13:45:00,PST,1986-03-10 13:45:00,0,0,0,0,.03K,0,,F0,Unknown,0.2,50,,,,,37.52,-122.52,,,,,CA,1986-03-10 13:45:00,1986-03-10 13:45:00,False,False
,9989071,California,59,Orange,,1986-03-16 07:30:00,PST,1986-03-16 07:30:00,0,0,0,0,2.5M,0,,F1,Unknown,1.2,40,,,,,33.83,-117.92,,,,,CA,1986-03-16 07:30:00,1986-03-16 07:30:00,False,False
,9989076,California,71,San Bernardino,,1986-07-21 13:45:00,PDT,1986-07-21 13:45:00,0,0,0,0,0K,0,,F0,Unknown,0.2,10,,,,,34.72,-117.03,,,,,CA,1986-07-21 14:45:00,1986-07-21 14:45:00,True,True
,9989085,California,103,Tehama,,1986-09-24 14:15:00,PST,1986-09-24 14:15:00,1,0,0,0,2.5M,0,,F2,Unknown,2.0,100,,,,,39.93,-122.05,,,,,CA,1986-09-24 15:15:00,1986-09-24 15:15:00,True,True
,10002591,Illinois,179,Tazewell,,1986-09-29 14:58:00,CST,1986-09-29 14:58:00,0,0,0,0,2.5M,0,,F2,Unknown,2.0,50,,,,,40.42,-89.42,,,,,IL,1986-09-29 15:58:00,1986-09-29 15:58:00,True,True
,10009622,Idaho,57,Latah,,1986-05-19 21:00:00,PST,1986-05-19 21:00:00,0,0,0,0,25K,0,,F1,Unknown,2.0,40,,,,,46.75,-116.75,,,,,ID,1986-05-19 22:00:00,1986-05-19 22:00:00,True,True
,10009624,Idaho,71,Oneida,,1986-05-21 15:30:00,MST,1986-05-21 15:30:00,0,0,0,0,250K,0,,F1,Unknown,5.0,200,,,,,42.12,-112.33,42.03,-112.23,,,ID,1986-05-21 16:30:00,1986-05-21 16:30:00,True,True
,10009625,Idaho,41,Franklin,,1986-05-21 18:15:00,MST,1986-05-21 18:15:00,0,0,0,0,25K,0,,F1,Unknown,0.5,30,,,,,42.42,-111.72,,,,,ID,1986-05-21 19:15:00,1986-05-21 19:15:00,True,True
,10019925,Indiana,179,Wells,,1986-07-12 17:30:00,EST,1986-07-12 17:30:00,0,0,0,0,2.5K,0,,F1,Unknown,5.0,10,,,,,40.88,-85.12,40.88,-85.02,,,IN,1986-07-12 18:30:00,1986-07-12 18:30:00,True,True
,10009636,Idaho,39,Elmore,,1986-08-10 18:00:00,MST,1986-08-10 18:00:00,0,0,0,0,25K,0,,F1,Unknown,2.0,20,,,,,42.97,-115.28,,,,,ID,1986-08-10 19:00:00,1986-08-10 19:00:00,True,True
,10009631,Idaho,83,Twin Falls,,1986-06-24 21:00:00,MST,1986-06-24 21:00:00,0,0,0,0,2.5K,0,,F1,Unknown,0.5,60,,,,,42.6,-114.82,,,,,ID,1986-06-24 22:00:00,1986-06-24 22:00:00,True,True
,10009635,Idaho,43,Fremont,,1986-08-09 18:00:00,MST,1986-08-09 18:00:00,0,0,0,0,0K,0,,F0,Unknown,0.5,10,,,,,43.95,-111.85,,,,,ID,1986-08-09 19:00:00,1986-08-09 19:00:00,True,True
,10100338,Ohio,65,Hardin,,1986-03-10 16:20:00,EST,1986-03-10 16:20:00,0,0,0,0,250K,0,,F1,Unknown,6.0,73,,,,,40.63,-83.6,40.73,-83.48,,,OH,1986-03-10 16:20:00,1986-03-10 16:20:00,False,False
,10100339,Ohio,47,Fayette,,1986-03-10 16:25:00,EST,1986-03-10 16:25:00,0,0,1,0,2.5M,0,,F2,Unknown,22.0,100,,,,,39.48,-83.57,39.7,-83.28,,,OH,1986-03-10 16:25:00,1986-03-10 16:25:00,False,False
,10100341,Ohio,175,Wyandot,,1986-03-10 16:42:00,EST,1986-03-10 16:42:00,0,0,0,0,250K,0,,F1,Unknown,2.0,73,,,,,40.75,-83.13,40.73,-83.08,,,OH,1986-03-10 16:42:00,1986-03-10 16:42:00,False,False
,10100342,Ohio,33,Crawford,,1986-03-10 16:47:00,EST,1986-03-10 16:47:00,0,0,0,0,250K,0,,F1,Unknown,3.0,73,,,,,40.8,-83.07,40.8,-83.07,,,OH,1986-03-10 16:47:00,1986-03-10 16:47:00,False,False
,10159704,Wyoming,13,Fremont,,1986-06-07 16:30:00,MST,1986-06-07 16:30:00,0,0,0,0,250K,0,,F2,Unknown,2.0,50,,,,,43.22,-108.12,,,,,WY,1986-06-07 17:30:00,1986-06-07 17:30:00,True,True
,10159707,Wyoming,15,Goshen,,1986-06-07 20:10:00,MST,1986-06-07 20:10:00,0,0,0,0,0K,0,,F0,Unknown,2.0,23,,,,,42.2,-104.37,,,,,WY,1986-06-07 21:10:00,1986-06-07 21:10:00,True,True
,10159710,Wyoming,21,Laramie,,1986-06-08 17:50:00,MST,1986-06-08 17:50:00,0,0,0,0,0K,0,,F0,Unknown,2.0,23,,,,,41.42,-104.1,,,,,WY,1986-06-08 18:50:00,1986-06-08 18:50:00,True,True
,10159713,Wyoming,15,Goshen,,1986-06-08 19:05:00,MST,1986-06-08 19:05:00,0,0,0,0,0K,0,,F0,Unknown,1.0,23,,,,,42.53,-104.45,,,,,WY,1986-06-08 20:05:00,1986-06-08 20:05:00,True,True
,10159716,Wyoming,25,Natrona,,1986-06-12 20:00:00,CST,1986-06-12 20:00:00,0,0,0,0,0K,0,,F1,Unknown,1.0,23,,,,,43.02,-106.63,,,,,WY,1986-06-12 21:00:00,1986-06-12 21:00:00,True,True
,10153402,Virginia,135,Nottoway,,1986-08-06 16:00:00,EST,1986-08-06 16:00:00,0,0,0,0,25K,0,,F1,Unknown,0.5,30,,,,,37.15,-78.08,,,,,VA,1986-08-06 17:00:00,1986-08-06 17:00:00,True,True
,10153395,Virginia,43,Clarke,,1986-08-02 12:30:00,EST,1986-08-02 12:30:00,0,0,0,0,0K,0,,F1,Unknown,1.0,50,,,,,39.03,-78.12,39.03,-78.1,,,VA,1986-08-02 13:30:00,1986-08-02 13:30:00,True,True
,10153396,Virginia,43,Clarke,,1986-08-02 12:30:00,EST,1986-08-02 12:30:00,0,0,0,0,0K,0,,F1,Unknown,1.0,50,,,,,39.03,-78.1,39.07,-78.07,,,VA,1986-08-02 13:30:00,1986-08-02 13:30:00,True,True
,10161392,Wisconsin,5,Barron,,1986-09-03 14:23:00,CST,1986-09-03 14:23:00,0,0,0,0,250K,0,,F2,Unknown,4.0,100,,,,,45.32,-91.63,45.33,-91.6,,,WI,1986-09-03 15:23:00,1986-09-03 15:23:00,True,True
,10109689,Oklahoma,83,Logan,,1986-09-29 14:07:00,CST,1986-09-29 14:07:00,0,0,0,0,0K,0,,F0,Unknown,0.1,50,,,,,35.8,-97.55,,,,,OK,1986-09-29 15:07:00,1986-09-29 15:07:00,True,True
,10124611,South Dakota,121,Todd,,1986-08-09 13:03:00,CST,1986-08-09 13:03:00,0,0,0,0,.25K,0,,F0,Unknown,0.5,30,,,,,43.28,-100.63,,,,,SD,1986-08-09 14:03:00,1986-08-09 14:03:00,True,True
,10081405,New Hampshire,3,Carroll,,1986-08-07 15:10:00,EDT,1986-08-07 15:10:00,0,0,0,0,250K,0,,F1,Unknown,1.5,100,,,,,43.67,-71.02,43.67,-70.98,,,NH,1986-08-07 16:10:00,1986-08-07 16:10:00,True,True
,10002142,Florida,105,Polk,,1986-05-09 13:45:00,CST,1986-05-09 13:45:00,0,0,0,0,.25K,0,,F0,Unknown,0.5,30,,,,,28.02,-81.68,,,,,FL,1986-05-09 14:45:00,1986-05-09 14:45:00,True,True
,10005346,Illinois,45,Edgar,,1986-05-15 19:30:00,CST,1986-05-15 19:30:00,0,0,0,0,0K,0,,F2,Unknown,5.0,33,,,,,39.53,-87.7,39.58,-87.57,,,IL,1986-05-15 20:30:00,1986-05-15 20:30:00,True,True
,10161407,Wisconsin,19,Clark,,1986-09-26 16:50:00,CST,1986-09-26 16:50:00,0,0,0,0,250K,0,,F1,Unknown,0.5,50,,,,,44.93,-90.8,,,,,WI,1986-09-26 17:50:00,1986-09-26 17:50:00,True,True
,10161408,Wisconsin,113,Sawyer,,1986-09-26 17:00:00,CST,1986-09-26 17:00:00,0,0,0,0,0K,0,,F0,Unknown,0.5,50,,,,,45.68,-90.82,,,,,WI,1986-09-26 18:00:00,1986-09-26 18:00:00,True,True
,10154108,Vermont,7,Chittenden,,1986-08-07 16:40:00,EDT,1986-08-07 16:40:00,0,0,0,0,.25K,0,,F0,Unknown,0.1,20,,,,,44.62,-73.02,,,,,VT,1986-08-07 17:40:00,1986-08-07 17:40:00,True,True
,10160006,Wisconsin,39,Fond Du Lac,,1986-06-11 14:50:00,CST,1986-06-11 14:50:00,0,0,0,0,250K,0,,F2,Unknown,8.0,100,,,,,43.6,-88.35,43.7,-88.25,,,WI,1986-06-11 14:50:00,1986-06-11 14:50:00,False,False
,10160014,Wisconsin,113,Sawyer,,1986-06-21 18:20:00,CST,1986-06-21 18:20:00,0,0,0,0,250K,0,,F1,Unknown,0.5,73,,,,,45.8,-90.3,,,,,WI,1986-06-21 19:20:00,1986-06-21 19:20:00,True,True
,10125939,South Dakota,85,Lyman,,1986-05-08 15:04:00,CST,1986-05-08 15:04:00,0,0,0,0,0K,0,,F0,Unknown,0.1,13,,,,,44.18,-100.08,,,,,SD,1986-05-08 16:04:00,1986-05-08 16:04:00,True,True
,10125941,South Dakota,11,Brookings,,1986-05-08 16:40:00,CST,1986-05-08 16:40:00,0,0,0,0,0K,0,,F0,Unknown,0.1,13,,,,,44.25,-97.1,,,,,SD,1986-05-08 17:40:00,1986-05-08 17:40:00,True,True
,10125946,South Dakota,93,Meade,,1986-06-03 21:53:00,CST,1986-06-03 21:53:00,0,0,0,0,0K,0,,F0,Unknown,0.1,13,,,,,44.28,-102.72,,,,,SD,1986-06-03 22:53:00,1986-06-03 22:53:00,True,True
,10125948,South Dakota,89,Mcpherson,,1986-06-06 18:00:00,CST,1986-06-06 18:00:00,0,0,0,0,0K,0,,F0,Unknown,0.1,13,,,,,45.93,-99.63,,,,,SD,1986-06-06 18:00:00,1986-06-06 18:00:00,False,False
,10125949,South Dakota,45,Edmunds,,1986-06-06 18:25:00,CST,1986-06-06 18:25:00,0,0,0,0,0K,0,,F0,Unknown,0.1,13,,,,,45.35,-99.2,,,,,SD,1986-06-06 19:25:00,1986-06-06 19:25:00,True,True
,10152891,Utah,35,Salt Lake,,1986-09-09 12:14:00,MST,1986-09-09 12:14:00,0,0,0,0,.03K,0,,F0,Unknown,0.2,10,,,,,40.7,-112.05,,,,,UT,1986-09-09 13:14:00,1986-09-09 13:14:00,True,True
,10152884,Utah,55,Wayne,,1986-08-31 15:30:00,MST,1986-08-31 15:30:00,0,0,0,0,.03K,0,,F0,Unknown,0.2,10,,,,,38.37,-110.08,,,,,UT,1986-08-31 16:30:00,1986-08-31 16:30:00,True,True
,10153405,Virginia,25,Brunswick,,1986-10-14 04:50:00,EST,1986-10-14 04:50:00,0,0,0,0,2.5M,0,,F3,Unknown,12.0,800,,,,,36.78,-77.77,36.9,-77.67,,,VA,1986-10-14 05:50:00,1986-10-14 05:50:00,True,True
,10153409,Virginia,37,Charlotte,,1986-10-14 06:05:00,CST,1986-10-14 06:05:00,0,0,0,0,250K,0,,F3,Unknown,5.0,33,,,,,37.3,-76.95,37.32,-76.9,,,VA,1986-10-14 07:05:00,1986-10-14 07:05:00,True,True
,10153412,Virginia,183,Sussex,,1986-10-14 06:20:00,CST,1986-10-14 06:20:00,0,0,0,0,250K,0,,F2,Unknown,2.1,450,,,,,36.97,-77.37,37.02,-77.37,,,VA,1986-10-14 07:20:00,1986-10-14 07:20:00,True,True
,10153413,Virginia,149,Prince George,,1986-10-14 06:20:00,CST,1986-10-14 06:20:00,0,0,0,0,250K,0,,F2,Unknown,2.0,100,,,,,37.27,-77.3,,,,,VA,1986-10-14 07:20:00,1986-10-14 07:20:00,True,True
,10153414,Virginia,149,Prince George,,1986-10-14 06:24:00,EST,1986-10-14 06:24:00,1,0,0,0,250K,0,,F2,Unknown,13.9,450,,,,,37.02,-77.37,37.12,-77.2,,,VA,1986-10-14 07:24:00,1986-10-14 07:24:00,True,True
,10064204,Mississippi,163,Yazoo,,1986-03-18 14:10:00,CST,1986-03-18 14:10:00,0,0,0,0,250K,0,,F2,Unknown,2.0,100,,,,,32.87,-90.57,32.95,-90.55,,,MS,1986-03-18 14:10:00,1986-03-18 14:10:00,False,False
,9996980,Georgia,299,Ware,,1986-02-10 22:10:00,EST,1986-02-10 22:10:00,12,0,0,0,2.5M,0,,F1,Unknown,3.5,33,,,,,31.23,-82.4,31.28,-82.27,,,GA,1986-02-10 22:10:00,1986-02-10 22:10:00,False,False
,10005571,Illinois,17,Cass,,1986-06-04 15:20:00,CST,1986-06-04 15:20:00,0,0,0,0,0K,0,,F0,Unknown,3.0,100,,,,,39.88,-90.02,39.88,-89.9,,,IL,1986-06-04 16:20:00,1986-06-04 16:20:00,True,True
,10127081,South Dakota,13,Brown,,1986-07-17 16:53:00,CST,1986-07-17 16:53:00,0,0,0,0,0K,0,,F0,Unknown,0.1,23,,,,,45.58,-98.65,,,,,SD,1986-07-17 17:53:00,1986-07-17 17:53:00,True,True
,10018746,Indiana,97,Marion,,1986-03-10 13:55:00,EST,1986-03-10 13:55:00,0,0,0,0,250K,0,,F1,Unknown,2.5,220,,,,,39.73,-86.23,,,,,IN,1986-03-10 13:55:00,1986-03-10 13:55:00,False,False
,10161412,Wisconsin,55,Jefferson,,1986-09-28 16:23:00,CST,1986-09-28 16:23:00,1,0,0,0,2.5M,0,,F2,Unknown,9.0,100,,,,,42.87,-88.73,42.92,-88.6,,,WI,1986-09-28 17:23:00,1986-09-28 17:23:00,True,True
,10090250,North Carolina,51,Cumberland,,1986-05-19 15:35:00,EST,1986-05-19 15:35:00,0,0,0,0,250K,0,,F2,Unknown,6.0,100,,,,,34.98,-79.0,35.05,-79.03,,,NC,1986-05-19 16:35:00,1986-05-19 16:35:00,True,True
,9985915,Colorado,87,Morgan,,1986-09-18 18:20:00,CST,1986-09-18 18:20:00,0,0,0,0,250K,0,,F2,Unknown,25.0,300,,,,,40.5,-103.83,40.73,-103.52,,,CO,1986-09-18 19:20:00,1986-09-18 19:20:00,True,True
,10160249,Wisconsin,85,Oneida,,1986-07-04 19:35:00,CST,1986-07-04 19:35:00,0,0,0,0,250K,0,,F2,Unknown,1.5,100,,,,,45.73,-89.63,,,,,WI,1986-07-04 20:35:00,1986-07-04 20:35:00,True,True
,10161142,Wisconsin,125,Vilas,,1986-07-24 14:15:00,CST,1986-07-24 14:15:00,0,0,0,0,250K,0,,F1,Unknown,0.2,50,,,,,45.92,-89.53,,,,,WI,1986-07-24 15:15:00,1986-07-24 15:15:00,True,True
,10160837,Wyoming,29,Park,,1986-08-25 05:30:00,MST,1986-08-25 05:30:00,0,0,0,0,25K,0,,F1,Unknown,1.0,23,,,,,44.52,-108.97,,,,,WY,1986-08-25 06:30:00,1986-08-25 06:30:00,True,True
,10083114,North Dakota,9,Bottineau,,1986-06-26 16:36:00,CST,1986-06-26 16:36:00,1,0,0,0,2.5M,0,,F3,Unknown,8.0,2000,,,,,48.93,-100.6,48.78,-100.5,,,ND,1986-06-26 17:36:00,1986-06-26 17:36:00,True,True
,10052821,Michigan,145,Saginaw,,1986-04-28 14:33:00,CST,1986-04-28 14:33:00,0,0,0,0,2.5M,0,,F2,Unknown,8.1,40,,,,,43.17,-84.25,43.22,-84.23,,,MI,1986-04-28 15:33:00,1986-04-28 15:33:00,True,True
,10070792,Missouri,51,Cole,,1986-10-03 02:32:00,CST,1986-10-03 02:32:00,0,0,0,0,2.5M,0,,F2,Unknown,3.3,100,,,,,38.37,-92.42,38.4,-92.37,,,MO,1986-10-03 03:32:00,1986-10-03 03:32:00,True,True
,10152656,Utah,21,Iron,,1986-05-30 18:30:00,CST,1986-05-30 18:30:00,0,0,0,0,.03K,0,,F1,Unknown,3.0,200,,,,,37.67,-113.65,37.62,-113.65,,,UT,1986-05-30 19:30:00,1986-05-30 19:30:00,True,True
,10152657,Utah,53,Washington,,1986-05-30 18:36:00,CST,1986-05-30 18:36:00,0,0,0,0,.03K,0,,F1,Unknown,0.5,200,,,,,37.62,-113.65,37.57,-113.7,,,UT,1986-05-30 19:36:00,1986-05-30 19:36:00,True,True
,10160571,Wyoming,21,Laramie,,1986-06-13 18:20:00,MST,1986-06-13 18:20:00,0,0,0,0,.25K,0,,F0,Unknown,1.0,23,,,,,41.38,-104.15,,,,,WY,1986-06-13 19:20:00,1986-06-13 19:20:00,True,True
,10160241,Wisconsin,81,Monroe,,1986-06-26 20:17:00,CST,1986-06-26 20:17:00,0,0,0,0,250K,0,,F2,Unknown,5.5,100,,,,,43.93,-90.88,43.97,-90.82,,,WI,1986-06-26 21:17:00,1986-06-26 21:17:00,True,True
,10160845,Wyoming,31,Platte,,1986-09-18 15:22:00,MST,1986-09-18 15:22:00,0,0,0,0,250K,0,,F1,Unknown,2.0,50,,,,,42.08,-105.02,,,,,WY,1986-09-18 16:22:00,1986-09-18 16:22:00,True,True
,10160248,Wisconsin,75,Marinette,,1986-07-04 19:00:00,CST,1986-07-04 19:00:00,0,0,0,0,250K,0,,F3,Unknown,8.0,100,,,,,45.73,-87.77,45.68,-87.85,,,WI,1986-07-04 20:00:00,1986-07-04 20:00:00,True,True
,9984760,Colorado,73,Lincoln,,1986-06-09 16:30:00,MST,1986-06-09 16:30:00,0,0,0,0,0K,0,,F1,Unknown,0.5,40,,,,,39.02,-103.32,,,,,CO,1986-06-09 17:30:00,1986-06-09 17:30:00,True,True
,10160801,Wyoming,11,Crook,,1986-07-04 18:00:00,MST,1986-07-04 18:00:00,0,0,0,0,25K,0,,F1,Unknown,2.0,50,,,,,44.63,-104.18,,,,,WY,1986-07-04 19:00:00,1986-07-04 19:00:00,True,True
,10046941,Minnesota,105,Nobles,,1986-04-26 18:45:00,CST,1986-04-26 18:45:00,2,0,0,0,2.5M,0,,F2,Unknown,10.0,40,,,,,43.47,-95.93,43.58,-95.8,,,MN,1986-04-26 18:45:00,1986-04-26 18:45:00,False,False
,10105145,Oklahoma,57,Harmon,,1986-10-01 19:15:00,CST,1986-10-01 19:15:00,0,0,0,0,0K,0,,F1,Unknown,10.0,50,,,,,34.77,-100.0,34.83,-99.85,,,OK,1986-10-01 20:15:00,1986-10-01 20:15:00,True,True
,10105149,Oklahoma,149,Washita,,1986-10-01 20:25:00,CST,1986-10-01 20:25:00,0,0,0,0,0K,0,,F0,Unknown,0.1,30,,,,,35.38,-99.28,,,,,OK,1986-10-01 21:25:00,1986-10-01 21:25:00,True,True
,10160255,Wisconsin,25,Dane,,1986-07-11 16:00:00,CST,1986-07-11 16:00:00,0,0,0,0,250K,0,,F1,Unknown,0.8,50,,,,,43.07,-89.42,,,,,WI,1986-07-11 17:00:00,1986-07-11 17:00:00,True,True
,10160256,Wisconsin,55,Jefferson,,1986-07-12 13:24:00,CST,1986-07-12 13:24:00,0,0,0,0,0K,0,,F0,Unknown,0.2,23,,,,,43.17,-88.58,,,,,WI,1986-07-12 14:24:00,1986-07-12 14:24:00,True,True
,10160260,Wisconsin,27,Dodge,,1986-07-12 17:00:00,CST,1986-07-12 17:00:00,0,0,0,0,2.5K,0,,F0,Unknown,0.1,23,,,,,43.32,-88.78,,,,,WI,1986-07-12 18:00:00,1986-07-12 18:00:00,True,True
,10160261,Wisconsin,27,Dodge,,1986-07-12 17:45:00,CST,1986-07-12 17:45:00,0,0,0,0,.25K,0,,F0,Unknown,0.1,23,,,,,43.32,-88.5,,,,,WI,1986-07-12 18:45:00,1986-07-12 18:45:00,True,True
,10148604,West Virginia,17,Doddridge,,1986-10-04 22:00:00,EST,1986-10-04 22:00:00,0,0,0,0,250K,0,,F1,Unknown,1.0,50,,,,,39.37,-80.7,,,,,WV,1986-10-04 23:00:00,1986-10-04 23:00:00,True,True
,10004497,Illinois,7,Boone,,1986-05-15 14:30:00,CST,1986-05-15 14:30:00,0,0,0,0,2.5K,0,,F0,Unknown,0.2,10,,,,,42.3,-88.78,,,,,IL,1986-05-15 15:30:00,1986-05-15 15:30:00,True,True
,10141907,Texas,403,Sabine,,1986-03-12 00:05:00,CST,1986-03-12 00:05:00,0,0,0,0,0K,0,,F1,Unknown,1.0,200,,,,,31.25,-93.98,,,,,TX,1986-03-12 00:05:00,1986-03-12 00:05:00,False,False
,9997016,Georgia,59,Clarke,,1986-04-08 15:30:00,CST,1986-04-08 15:30:00,0,0,0,0,250K,0,,F1,Unknown,2.0,27,,,,,33.95,-83.38,33.95,-83.38,,,GA,1986-04-08 15:30:00,1986-04-08 15:30:00,False,False
,9997017,Georgia,221,Oglethorpe,,1986-04-08 16:00:00,CST,1986-04-08 16:00:00,0,0,0,0,25K,0,,F1,Unknown,0.3,27,,,,,33.9,-83.22,33.9,-83.22,,,GA,1986-04-08 16:00:00,1986-04-08 16:00:00,False,False
,10125917,South Dakota,125,Turner,,1986-04-26 17:23:00,CST,1986-04-26 17:23:00,0,0,0,0,0K,0,,F0,Unknown,0.2,20,,,,,43.28,-97.15,,,,,SD,1986-04-26 17:23:00,1986-04-26 17:23:00,False,False
,10125918,South Dakota,125,Turner,,1986-04-26 17:37:00,CST,1986-04-26 17:37:00,0,0,0,0,2.5M,0,,F2,Unknown,6.0,50,,,,,43.23,-96.93,43.27,-96.92,,,SD,1986-04-26 17:37:00,1986-04-26 17:37:00,False,False
,10125919,South Dakota,83,Lincoln,,1986-04-26 17:40:00,CST,1986-04-26 17:40:00,0,0,0,0,2.5M,0,,F2,Unknown,6.0,50,,,,,43.27,-96.92,43.25,-96.85,,,SD,1986-04-26 17:40:00,1986-04-26 17:40:00,False,False
,10145137,Texas,45,Briscoe,,1986-05-16 17:04:00,CST,1986-05-16 17:04:00,0,0,0,0,0K,0,,F0,Unknown,11.0,100,,,,,34.33,-101.47,34.38,-101.3,,,TX,1986-05-16 18:04:00,1986-05-16 18:04:00,True,True
,10145138,Texas,437,Swisher,,1986-05-16 17:12:00,CST,1986-05-16 17:12:00,0,0,0,0,0K,0,,F0,Unknown,12.0,100,,,,,34.55,-101.73,34.65,-101.45,,,TX,1986-05-16 18:12:00,1986-05-16 18:12:00,True,True
,10145139,Texas,45,Briscoe,,1986-05-16 17:20:00,CST,1986-05-16 17:20:00,0,0,0,0,0K,0,,F0,Unknown,10.0,100,,,,,34.65,-101.45,34.77,-101.33,,,TX,1986-05-16 18:20:00,1986-05-16 18:20:00,True,True
,10145140,Texas,191,Hall,,1986-05-16 17:33:00,CST,1986-05-16 17:33:00,0,0,0,0,0K,0,,F0,Unknown,0.2,30,,,,,34.7,-100.88,,,,,TX,1986-05-16 18:33:00,1986-05-16 18:33:00,True,True
,10145141,Texas,129,Donley,,1986-05-16 17:33:00,CST,1986-05-16 17:33:00,0,0,0,0,0K,0,,F0,Unknown,0.2,30,,,,,34.78,-100.9,,,,,TX,1986-05-16 18:33:00,1986-05-16 18:33:00,True,True
,10145145,Texas,101,Cottle,,1986-05-16 18:35:00,CST,1986-05-16 18:35:00,0,0,0,0,0K,0,,F0,Unknown,0.1,50,,,,,34.02,-100.17,,,,,TX,1986-05-16 19:35:00,1986-05-16 19:35:00,True,True
,10142364,Texas,9,Archer,,1986-09-02 11:30:00,CST,1986-09-02 11:30:00,0,0,0,0,25K,0,,F0,Unknown,0.2,10,,,,,33.68,-98.47,,,,,TX,1986-09-02 12:30:00,1986-09-02 12:30:00,True,True
,10128805,Texas,5,Angelina,,1986-11-04 13:42:00,CST,1986-11-04 13:42:00,2,0,0,0,250K,0,,F1,Unknown,1.0,30,,,,,31.35,-94.55,,,,,TX,1986-11-04 13:42:00,1986-11-04 13:42:00,False,False
,10128806,Texas,407,San Jacinto,,1986-11-07 14:50:00,CST,1986-11-07 14:50:00,0,0,0,0,0K,0,,F0,Unknown,1.0,10,,,,,30.62,-95.03,30.63,-95.03,,,TX,1986-11-07 14:50:00,1986-11-07 14:50:00,False,False
,10144076,Texas,469,Victoria,,1986-05-17 16:17:00,CST,1986-05-17 16:17:00,0,0,0,0,0K,0,,F0,Unknown,1.0,30,,,,,28.97,-97.05,,,,,TX,1986-05-17 17:17:00,1986-05-17 17:17:00,True,True
,10012838,Iowa,119,Lyon,,1986-04-26 18:30:00,CST,1986-04-26 18:30:00,2,0,1,0,2.5M,0,,F2,Unknown,8.5,120,,,,,43.4,-96.03,43.47,-95.93,,,IA,1986-04-26 18:30:00,1986-04-26 18:30:00,False,False
,10012839,Iowa,119,Lyon,,1986-04-26 18:42:00,CST,1986-04-26 18:42:00,0,0,0,0,2.5M,0,,F2,Unknown,9.5,70,,,,,43.35,-96.38,43.45,-96.32,,,IA,1986-04-26 18:42:00,1986-04-26 18:42:00,False,False
,10012841,Iowa,47,Crawford,,1986-04-26 21:05:00,CST,1986-04-26 21:05:00,0,0,0,0,0K,0,,F0,Unknown,0.1,20,,,,,42.02,-95.43,,,,,IA,1986-04-26 21:05:00,1986-04-26 21:05:00,False,False
,10143233,Texas,355,Nueces,,1986-11-09 12:42:00,CST,1986-11-09 12:42:00,0,0,0,0,0K,0,,F0,Unknown,1.0,10,,,,,27.68,-97.9,27.67,-97.9,,,TX,1986-11-09 12:42:00,1986-11-09 12:42:00,False,False
,10145267,Texas,133,Eastland,,1986-03-11 15:20:00,CST,1986-03-11 15:20:00,0,0,0,0,0K,0,,F0,Unknown,0.5,30,,,,,32.45,-98.82,,,,,TX,1986-03-11 15:20:00,1986-03-11 15:20:00,False,False
,10145268,Texas,429,Stephens,,1986-03-11 15:30:00,CST,1986-03-11 15:30:00,0,0,0,0,0K,0,,F0,Unknown,1.0,30,,,,,32.8,-98.9,,,,,TX,1986-03-11 15:30:00,1986-03-11 15:30:00,False,False
,10148603,West Virginia,17,Doddridge,,1986-10-01 16:30:00,EST,1986-10-01 16:30:00,1,0,0,0,250K,0,,F3,Unknown,1.0,200,,,,,39.3,-80.78,,,,,WV,1986-10-01 17:30:00,1986-10-01 17:30:00,True,True
,10004498,Illinois,103,Lee,,1986-05-15 14:30:00,CST,1986-05-15 14:30:00,1,0,0,0,25K,0,,F1,Unknown,1.0,33,,,,,41.83,-89.48,,,,,IL,1986-05-15 15:30:00,1986-05-15 15:30:00,True,True
,10004499,Illinois,87,Johnson,,1986-05-15 17:35:00,CST,1986-05-15 17:35:00,0,0,0,0,25K,0,,F1,Unknown,6.0,33,,,,,37.42,-88.9,37.47,-88.75,,,IL,1986-05-15 18:35:00,1986-05-15 18:35:00,True,True
,10004500,Illinois,29,Coles,,1986-05-15 18:45:00,CST,1986-05-15 18:45:00,0,0,0,0,250K,0,,F1,Unknown,8.0,33,,,,,39.48,-88.18,39.53,-88.02,,,IL,1986-05-15 19:45:00,1986-05-15 19:45:00,True,True
,10004501,Illinois,151,Pope,,1986-05-15 19:00:00,CST,1986-05-15 19:00:00,0,0,0,0,2.5K,0,,F0,Unknown,0.2,10,,,,,37.42,-88.48,,,,,IL,1986-05-15 20:00:00,1986-05-15 20:00:00,True,True
,10004502,Illinois,45,Edgar,,1986-05-15 19:04:00,CST,1986-05-15 19:04:00,0,0,0,0,25K,0,,F1,Unknown,3.5,100,,,,,39.67,-87.9,39.72,-87.88,,,IL,1986-05-15 20:04:00,1986-05-15 20:04:00,True,True
,9993718,Georgia,251,Screven,,1986-06-09 15:30:00,EST,1986-06-09 15:30:00,0,0,0,0,25K,0,,F1,Unknown,0.5,50,,,,,32.75,-81.82,,,,,GA,1986-06-09 16:30:00,1986-06-09 16:30:00,True,True
,10141012,Texas,253,Jones,,1986-06-16 16:15:00,CST,1986-06-16 16:15:00,0,0,0,0,0K,0,,F0,Unknown,0.2,10,,,,,32.93,-99.78,,,,,TX,1986-06-16 17:15:00,1986-06-16 17:15:00,True,True
,10141450,Texas,27,Bell,,1986-08-03 14:00:00,CST,1986-08-03 14:00:00,0,0,0,0,0K,0,,F0,Unknown,0.0,10,,,,,31.1,-97.35,,,,,TX,1986-08-03 15:00:00,1986-08-03 15:00:00,True,True
,10012828,Iowa,1,Adair,,1986-03-18 16:03:00,CST,1986-03-18 16:03:00,0,0,0,0,25K,0,,F1,Unknown,0.2,20,,,,,41.42,-94.65,,,,,IA,1986-03-18 16:03:00,1986-03-18 16:03:00,False,False
,10147397,Washington,61,Snohomish,,1986-05-13 12:00:00,PDT,1986-05-13 12:00:00,0,0,0,0,0K,0,,F2,Unknown,0.3,33,,,,,48.22,-122.05,,,,,WA,1986-05-13 13:00:00,1986-05-13 13:00:00,True,True
,10147398,Washington,75,Whitman,,1986-09-14 19:40:00,PDT,1986-09-14 19:40:00,0,0,0,0,.03K,0,,F0,Unknown,0.2,30,,,,,47.08,-117.05,,,,,WA,1986-09-14 20:40:00,1986-09-14 20:40:00,True,True
,10144251,Texas,23,Baylor,,1986-05-14 16:30:00,CST,1986-05-14 16:30:00,0,0,0,0,0K,0,,F0,Unknown,1.0,10,,,,,33.5,-99.38,,,,,TX,1986-05-14 17:30:00,1986-05-14 17:30:00,True,True
,10144256,Texas,9,Archer,,1986-05-14 18:30:00,CST,1986-05-14 18:30:00,4,0,0,0,2.5M,0,,F3,Unknown,11.0,250,,,,,33.53,-98.7,33.57,-98.42,,,TX,1986-05-14 19:30:00,1986-05-14 19:30:00,True,True
,10144257,Texas,77,Clay,,1986-05-14 18:52:00,CST,1986-05-14 18:52:00,0,0,0,0,2.5M,0,,F3,Unknown,9.0,250,,,,,33.57,-98.42,33.57,-98.22,,,TX,1986-05-14 19:52:00,1986-05-14 19:52:00,True,True
,10144259,Texas,337,Montague,,1986-05-14 19:42:00,CST,1986-05-14 19:42:00,0,0,0,0,0K,0,,F0,Unknown,0.2,10,,,,,33.57,-97.88,,,,,TX,1986-05-14 20:42:00,1986-05-14 20:42:00,True,True
,10033486,Kentucky,43,Carter,,1986-07-11 19:30:00,EST,1986-07-11 19:30:00,0,0,0,0,25K,0,,F1,Unknown,0.1,50,,,,,38.42,-82.95,,,,,KY,1986-07-11 20:30:00,1986-07-11 20:30:00,True,True
,10142373,Texas,219,Hockley,,1986-09-22 16:14:00,CST,1986-09-22 16:14:00,0,0,0,0,0K,0,,F0,Unknown,0.2,10,,,,,33.68,-102.37,,,,,TX,1986-09-22 17:14:00,1986-09-22 17:14:00,True,True
,10145215,Texas,305,Lynn,,1986-05-29 13:50:00,CST,1986-05-29 13:50:00,0,0,0,0,0K,0,,F0,Unknown,0.2,10,,,,,33.38,-101.92,,,,,TX,1986-05-29 14:50:00,1986-05-29 14:50:00,True,True
,10145217,Texas,201,Harris,,1986-02-05 15:51:00,CST,1986-02-05 15:51:00,0,0,0,0,250K,0,,F2,Unknown,4.0,170,,,,,29.83,-95.82,29.87,-95.77,,,TX,1986-02-05 15:51:00,1986-02-05 15:51:00,False,False
,10145218,Texas,159,Franklin,,1986-02-05 16:00:00,CST,1986-02-05 16:00:00,0,0,0,0,0K,0,,F1,Unknown,0.5,30,,,,,33.13,-95.23,,,,,TX,1986-02-05 16:00:00,1986-02-05 16:00:00,False,False
,10145219,Texas,159,Franklin,,1986-02-05 16:15:00,CST,1986-02-05 16:15:00,0,0,0,0,0K,0,,F1,Unknown,0.5,30,,,,,33.27,-95.22,,,,,TX,1986-02-05 16:15:00,1986-02-05 16:15:00,False,False
,10145220,Texas,201,Harris,,1986-02-05 16:15:00,CST,1986-02-05 16:15:00,0,0,0,0,2.5M,0,,F2,Unknown,2.5,70,,,,,30.02,-95.62,,,,,TX,1986-02-05 16:15:00,1986-02-05 16:15:00,False,False
,10145221,Texas,339,Montgomery,,1986-02-05 16:30:00,CST,1986-02-05 16:30:00,0,0,0,0,2.5M,0,,F1,Unknown,1.0,30,,,,,30.08,-95.58,,,,,TX,1986-02-05 16:30:00,1986-02-05 16:30:00,False,False
,10145222,Texas,201,Harris,,1986-02-05 16:30:00,CST,1986-02-05 16:30:00,0,0,2,0,25M,0,,F3,Unknown,5.0,70,,,,,30.03,-95.55,29.98,-95.48,,,TX,1986-02-05 16:30:00,1986-02-05 16:30:00,False,False
,10145224,Texas,115,Dawson,,1986-02-05 16:35:00,CST,1986-02-05 16:35:00,0,0,0,0,0K,0,,F0,Unknown,0.1,10,,,,,32.55,-102.1,,,,,TX,1986-02-05 16:35:00,1986-02-05 16:35:00,False,False
,10140960,Texas,451,Tom Green,,1986-05-31 16:14:00,CST,1986-05-31 16:14:00,0,0,0,0,0K,0,,F0,Unknown,0.2,40,,,,,31.4,-100.5,,,,,TX,1986-05-31 17:14:00,1986-05-31 17:14:00,True,True
,10144138,Texas,367,Parker,,1986-02-02 21:40:00,CST,1986-02-02 21:40:00,2,0,0,0,250K,0,,F2,Unknown,10.0,100,,,,,32.65,-97.93,32.73,-97.87,,,TX,1986-02-02 21:40:00,1986-02-02 21:40:00,False,False
,10004461,Illinois,39,De Witt,,1986-04-30 17:05:00,CST,1986-04-30 17:05:00,0,0,0,0,25K,0,,F1,Unknown,0.1,20,,,,,40.1,-89.08,40.1,-89.08,,,IL,1986-04-30 18:05:00,1986-04-30 18:05:00,True,True
,10142151,Texas,69,Castro,,1986-08-02 20:30:00,CST,1986-08-02 20:30:00,0,0,0,0,250K,0,,F1,Unknown,0.2,40,,,,,34.57,-102.32,,,,,TX,1986-08-02 21:30:00,1986-08-02 21:30:00,True,True
,10145367,Texas,197,Hardeman,,1986-05-16 20:13:00,CST,1986-05-16 20:13:00,0,0,0,0,0K,0,,F0,Unknown,0.2,10,,,,,34.23,-99.73,,,,,TX,1986-05-16 21:13:00,1986-05-16 21:13:00,True,True
,10145368,Texas,487,Wilbarger,,1986-05-16 20:23:00,CST,1986-05-16 20:23:00,0,0,0,0,0K,0,,F0,Unknown,0.2,10,,,,,34.08,-99.37,,,,,TX,1986-05-16 21:23:00,1986-05-16 21:23:00,True,True
,10145369,Texas,197,Hardeman,,1986-05-16 20:45:00,CST,1986-05-16 20:45:00,0,0,0,0,0K,0,,F0,Unknown,0.2,10,,,,,34.25,-99.53,,,,,TX,1986-05-16 21:45:00,1986-05-16 21:45:00,True,True
,10145370,Texas,197,Hardeman,,1986-05-16 20:51:00,CST,1986-05-16 20:51:00,0,0,0,0,25K,0,,F1,Unknown,2.0,150,,,,,34.22,-99.5,,,,,TX,1986-05-16 21:51:00,1986-05-16 21:51:00,True,True
,10145371,Texas,487,Wilbarger,,1986-05-16 20:53:00,CST,1986-05-16 20:53:00,0,0,0,0,0K,0,,F0,Unknown,0.2,10,,,,,34.07,-99.4,,,,,TX,1986-05-16 21:53:00,1986-05-16 21:53:00,True,True
,10145373,Texas,487,Wilbarger,,1986-05-16 21:50:00,CST,1986-05-16 21:50:00,0,0,0,0,0K,0,,F0,Unknown,0.2,10,,,,,34.07,-99.28,,,,,TX,1986-05-16 22:50:00,1986-05-16 22:50:00,True,True
,10145387,Texas,27,Bell,,1986-05-17 09:45:00,CST,1986-05-17 09:45:00,0,0,0,0,2.5K,0,,F1,Unknown,0.2,10,,,,,31.13,-97.73,,,,,TX,1986-05-17 10:45:00,1986-05-17 10:45:00,True,True
,10145390,Texas,145,Falls,,1986-05-17 10:55:00,CST,1986-05-17 10:55:00,0,0,0,0,0K,0,,F0,Unknown,0.2,10,,,,,31.3,-96.9,,,,,TX,1986-05-17 11:55:00,1986-05-17 11:55:00,True,True
,10145391,Texas,309,Mclennan,,1986-05-17 11:00:00,CST,1986-05-17 11:00:00,0,0,0,0,0K,0,,F0,Unknown,0.2,10,,,,,31.55,-96.95,,,,,TX,1986-05-17 11:00:00,1986-05-17 11:00:00,False,False
,9998851,Florida,71,Lee,,1986-08-09 15:30:00,EST,1986-08-09 15:30:00,12,0,0,0,2.5M,0,,F2,Unknown,1.5,200,,,,,26.6,-81.97,,,,,FL,1986-08-09 16:30:00,1986-08-09 16:30:00,True,True
,10144234,Texas,253,Jones,,1986-05-13 19:10:00,CST,1986-05-13 19:10:00,0,0,0,0,0K,0,,F0,Unknown,0.2,10,,,,,32.9,-99.78,,,,,TX,1986-05-13 20:10:00,1986-05-13 20:10:00,True,True
,10144235,Texas,335,Mitchell,,1986-05-13 20:40:00,CST,1986-05-13 20:40:00,0,0,0,0,0K,0,,F0,Unknown,0.2,30,,,,,32.47,-100.72,,,,,TX,1986-05-13 21:40:00,1986-05-13 21:40:00,True,True
,10144239,Texas,353,Nolan,,1986-05-13 21:15:00,CST,1986-05-13 21:15:00,0,0,0,0,0K,0,,F0,Unknown,0.2,30,,,,,32.37,-100.62,,,,,TX,1986-05-13 22:15:00,1986-05-13 22:15:00,True,True
,10144244,Texas,111,Dallam,,1986-05-14 13:30:00,CST,1986-05-14 13:30:00,0,0,0,0,0K,0,,F0,Unknown,0.2,10,,,,,36.3,-102.82,,,,,TX,1986-05-14 14:30:00,1986-05-14 14:30:00,True,True
,10144245,Texas,381,Randall,,1986-05-14 13:30:00,CST,1986-05-14 13:30:00,0,0,0,0,0K,0,,F0,Unknown,3.0,50,,,,,35.07,-101.82,35.1,-101.77,,,TX,1986-05-14 14:30:00,1986-05-14 14:30:00,True,True
,10144246,Texas,11,Armstrong,,1986-05-14 14:08:00,CST,1986-05-14 14:08:00,0,0,0,0,0K,0,,F0,Unknown,0.2,30,,,,,35.05,-101.37,,,,,TX,1986-05-14 15:08:00,1986-05-14 15:08:00,True,True
,10142589,Texas,219,Hockley,,1986-09-22 18:18:00,CST,1986-09-22 18:18:00,0,0,0,0,0K,0,,F0,Unknown,0.2,10,,,,,33.43,-102.33,,,,,TX,1986-09-22 19:18:00,1986-09-22 19:18:00,True,True
,9999936,Florida,117,Seminole,,1986-12-23 13:00:00,EST,1986-12-23 13:00:00,0,0,0,0,250K,0,,F0,Unknown,0.5,30,,,,,28.7,-81.27,,,,,FL,1986-12-23 13:00:00,1986-12-23 13:00:00,False,False
,9999937,Florida,83,Marion,,1986-12-23 17:02:00,EST,1986-12-23 17:02:00,0,0,0,0,250K,0,,F0,Unknown,2.0,30,,,,,29.18,-82.13,,,,,FL,1986-12-23 17:02:00,1986-12-23 17:02:00,False,False
,9999939,Florida,99,Palm Beach,,1986-12-31 15:45:00,EST,1986-12-31 15:45:00,0,0,0,0,250K,0,,F0,Unknown,1.0,30,,,,,26.68,-80.67,,,,,FL,1986-12-31 15:45:00,1986-12-31 15:45:00,False,False
,9999944,Florida,99,Palm Beach,,1986-12-31 18:06:00,CST,1986-12-31 18:06:00,7,0,0,0,250K,0,,F1,Unknown,1.0,30,,,,,26.68,-80.67,,,,,FL,1986-12-31 18:06:00,1986-12-31 18:06:00,False,False
,9999945,Florida,111,St. Lucie,,1986-12-31 19:10:00,EST,1986-12-31 19:10:00,0,0,0,0,2.5K,0,,F0,Unknown,0.5,30,,,,,27.37,-80.33,,,,,FL,1986-12-31 19:10:00,1986-12-31 19:10:00,False,False
,10141726,Texas,67,Cass,,1986-04-19 15:15:00,CST,1986-04-19 15:15:00,0,0,0,0,0K,0,,F0,Unknown,0.2,10,,,,,32.9,-94.62,,,,,TX,1986-04-19 15:15:00,1986-04-19 15:15:00,False,False
,10141734,Texas,309,Mclennan,,1986-04-19 15:30:00,CST,1986-04-19 15:30:00,0,0,0,0,250K,0,,F1,Unknown,0.2,10,,,,,31.77,-97.15,,,,,TX,1986-04-19 15:30:00,1986-04-19 15:30:00,False,False
,10013197,Iowa,47,Crawford,,1986-07-28 20:05:00,CST,1986-07-28 20:05:00,0,0,0,0,0K,0,,F0,Unknown,0.2,10,,,,,42.07,-95.6,,,,,IA,1986-07-28 21:05:00,1986-07-28 21:05:00,True,True
,10145342,Texas,139,Ellis,,1986-04-19 14:45:00,CST,1986-04-19 14:45:00,0,0,0,0,25K,0,,F1,Unknown,1.0,10,,,,,32.3,-97.05,,,,,TX,1986-04-19 14:45:00,1986-04-19 14:45:00,False,False
,9995067,Georgia,251,Screven,,1986-07-25 15:20:00,EST,1986-07-25 15:20:00,0,0,0,0,25K,0,,F1,Unknown,0.5,53,,,,,32.7,-81.63,,,,,GA,1986-07-25 16:20:00,1986-07-25 16:20:00,True,True
,10145360,Texas,155,Foard,,1986-05-16 18:48:00,CST,1986-05-16 18:48:00,0,0,0,0,0K,0,,F0,Unknown,5.0,200,,,,,33.98,-99.98,33.98,-99.88,,,TX,1986-05-16 19:48:00,1986-05-16 19:48:00,True,True
,9998816,Florida,105,Polk,,1986-06-19 14:10:00,EST,1986-06-19 14:10:00,0,0,0,0,25K,0,,F0,Unknown,0.5,30,,,,,28.12,-81.62,,,,,FL,1986-06-19 15:10:00,1986-06-19 15:10:00,True,True
,9998819,Florida,87,Monroe,,1986-06-21 03:15:00,EST,1986-06-21 03:15:00,0,0,0,0,250K,0,,F1,Unknown,0.1,30,,,,,25.0,-80.55,,,,,FL,1986-06-21 03:15:00,1986-06-21 03:15:00,False,False
,9998820,Florida,99,Palm Beach,,1986-06-26 12:45:00,EST,1986-06-26 12:45:00,0,0,0,0,0K,0,,F0,Unknown,0.5,20,,,,,26.82,-80.65,,,,,FL,1986-06-26 13:45:00,1986-06-26 13:45:00,True,True
,9998821,Florida,17,Citrus,,1986-06-28 17:00:00,EST,1986-06-28 17:00:00,0,0,0,0,25K,0,,F0,Unknown,0.5,30,,,,,28.82,-82.5,,,,,FL,1986-06-28 18:00:00,1986-06-28 18:00:00,True,True
,9998827,Florida,99,Palm Beach,,1986-07-14 15:00:00,EST,1986-07-14 15:00:00,0,0,0,0,0K,0,,F0,Unknown,0.1,10,,,,,26.65,-80.6,,,,,FL,1986-07-14 16:00:00,1986-07-14 16:00:00,True,True
,10142096,Texas,317,Martin,,1986-06-18 11:13:00,CST,1986-06-18 11:13:00,0,0,0,0,0K,0,,F0,Unknown,0.2,30,,,,,32.3,-101.8,,,,,TX,1986-06-18 12:13:00,1986-06-18 12:13:00,True,True
,10142097,Texas,317,Martin,,1986-06-18 11:21:00,CST,1986-06-18 11:21:00,0,0,0,0,0K,0,,F0,Unknown,0.2,30,,,,,32.18,-101.87,,,,,TX,1986-06-18 12:21:00,1986-06-18 12:21:00,True,True
,10142098,Texas,317,Martin,,1986-06-18 11:33:00,CST,1986-06-18 11:33:00,0,0,0,0,0K,0,,F0,Unknown,4.0,60,,,,,32.37,-101.8,32.32,-101.65,,,TX,1986-06-18 12:33:00,1986-06-18 12:33:00,True,True
,10142099,Texas,227,Howard,,1986-06-18 11:41:00,CST,1986-06-18 11:41:00,0,0,0,0,0K,0,,F0,Unknown,13.0,60,,,,,32.32,-101.65,32.18,-101.63,,,TX,1986-06-18 12:41:00,1986-06-18 12:41:00,True,True
,10142100,Texas,227,Howard,,1986-06-18 11:45:00,CST,1986-06-18 11:45:00,0,0,0,0,0K,0,,F0,Unknown,0.2,50,,,,,32.52,-101.58,,,,,TX,1986-06-18 12:45:00,1986-06-18 12:45:00,True,True
,10145363,Texas,155,Foard,,1986-05-16 19:10:00,CST,1986-05-16 19:10:00,0,0,0,0,0K,0,,F0,Unknown,5.0,150,,,,,33.98,-99.92,33.98,-99.82,,,TX,1986-05-16 20:10:00,1986-05-16 20:10:00,True,True
,10143095,Texas,211,Hemphill,,1986-05-07 16:18:00,CST,1986-05-07 16:18:00,0,0,0,0,0K,0,,F2,Unknown,8.0,100,,,,,35.78,-100.45,35.9,-100.48,,,TX,1986-05-07 17:18:00,1986-05-07 17:18:00,True,True
,10143096,Texas,211,Hemphill,,1986-05-07 16:35:00,CST,1986-05-07 16:35:00,0,0,0,0,250K,0,,F3,Unknown,7.0,300,,,,,35.83,-100.45,35.93,-100.47,,,TX,1986-05-07 17:35:00,1986-05-07 17:35:00,True,True
,10009641,Idaho,27,Canyon,,1986-09-26 13:45:00,MST,1986-09-26 13:45:00,0,0,0,0,0K,0,,F0,Unknown,0.5,10,,,,,43.62,-116.78,,,,,ID,1986-09-26 14:45:00,1986-09-26 14:45:00,True,True
,10141869,Texas,441,Taylor,,1986-06-16 16:45:00,CST,1986-06-16 16:45:00,0,0,0,0,0K,0,,F0,Unknown,0.2,10,,,,,32.45,-99.65,,,,,TX,1986-06-16 17:45:00,1986-06-16 17:45:00,True,True
,10141870,Texas,59,Callahan,,1986-06-16 16:50:00,CST,1986-06-16 16:50:00,0,0,0,0,0K,0,,F0,Unknown,0.2,10,,,,,32.4,-99.5,,,,,TX,1986-06-16 17:50:00,1986-06-16 17:50:00,True,True
,10145298,Texas,143,Erath,,1986-04-18 19:00:00,CST,1986-04-18 19:00:00,0,0,0,0,0K,0,,F0,Unknown,0.2,10,,,,,32.18,-98.2,,,,,TX,1986-04-18 19:00:00,1986-04-18 19:00:00,False,False
,10145303,Texas,353,Nolan,,1986-04-19 06:55:00,CST,1986-04-19 06:55:00,0,0,0,0,25K,0,,F1,Unknown,3.0,250,,,,,32.33,-100.65,32.35,-100.57,,,TX,1986-04-19 06:55:00,1986-04-19 06:55:00,False,False
,10145305,Texas,353,Nolan,,1986-04-19 07:15:00,CST,1986-04-19 07:15:00,100,0,1,0,25M,0,,F3,Unknown,4.5,600,,,,,32.45,-100.43,32.48,-100.35,,,TX,1986-04-19 07:15:00,1986-04-19 07:15:00,False,False
,10145307,Texas,253,Jones,,1986-04-19 09:00:00,CST,1986-04-19 09:00:00,0,0,0,0,0K,0,,F0,Unknown,0.2,10,,,,,32.67,-99.88,,,,,TX,1986-04-19 09:00:00,1986-04-19 09:00:00,False,False
,10125920,South Dakota,83,Lincoln,,1986-04-26 17:50:00,CST,1986-04-26 17:50:00,0,0,0,0,250K,0,,F2,Unknown,5.0,40,,,,,43.3,-96.67,43.4,-96.73,,,SD,1986-04-26 17:50:00,1986-04-26 17:50:00,False,False
,10016585,Indiana,1,Adams,,1986-08-26 18:06:00,EST,1986-08-26 18:06:00,2,0,0,0,2.5M,0,,F2,Unknown,5.0,3,,,,,40.9,-85.02,40.92,-84.93,,,IN,1986-08-26 19:06:00,1986-08-26 19:06:00,True,True
,9998854,Florida,23,Columbia,,1986-08-12 15:15:00,EST,1986-08-12 15:15:00,0,0,0,0,0K,0,,F0,Unknown,1.0,30,,,,,30.17,-82.65,,,,,FL,1986-08-12 16:15:00,1986-08-12 16:15:00,True,True
,9998856,Florida,75,Levy,,1986-08-25 13:47:00,EST,1986-08-25 13:47:00,0,0,0,0,.03K,0,,F0,Unknown,1.0,30,,,,,29.28,-83.12,,,,,FL,1986-08-25 14:47:00,1986-08-25 14:47:00,True,True
,9998857,Florida,71,Lee,,1986-08-25 16:55:00,EST,1986-08-25 16:55:00,1,0,0,0,2.5M,0,,F1,Unknown,6.0,50,,,,,26.6,-81.97,26.6,-81.85,,,FL,1986-08-25 17:55:00,1986-08-25 17:55:00,True,True
,9998858,Florida,11,Broward,,1986-08-28 11:00:00,EST,1986-08-28 11:00:00,0,0,0,0,2.5K,0,,F0,Unknown,1.0,30,,,,,26.1,-80.2,,,,,FL,1986-08-28 12:00:00,1986-08-28 12:00:00,True,True
,9998859,Florida,111,St. Lucie,,1986-08-28 12:15:00,EST,1986-08-28 12:15:00,0,0,0,0,2.5K,0,,F0,Unknown,1.0,30,,,,,27.67,-80.47,,,,,FL,1986-08-28 13:15:00,1986-08-28 13:15:00,True,True
,9998860,Florida,85,Martin,,1986-08-28 12:20:00,EST,1986-08-28 12:20:00,0,0,0,0,25K,0,,F0,Unknown,1.0,30,,,,,27.08,-80.42,,,,,FL,1986-08-28 13:20:00,1986-08-28 13:20:00,True,True
,9998868,Florida,71,Lee,,1986-09-02 17:15:00,EST,1986-09-02 17:15:00,0,0,0,0,250K,0,,F0,Unknown,0.5,30,,,,,26.48,-81.83,,,,,FL,1986-09-02 18:15:00,1986-09-02 18:15:00,True,True
,9998870,Florida,11,Broward,,1986-09-08 12:20:00,EST,1986-09-08 12:20:00,0,0,0,0,0K,0,,F0,Unknown,1.0,30,,,,,26.15,-80.43,,,,,FL,1986-09-08 13:20:00,1986-09-08 13:20:00,True,True
,9998874,Florida,27,De Soto,,1986-09-23 16:00:00,EST,1986-09-23 16:00:00,0,0,0,0,2.5K,0,,F0,Unknown,1.0,30,,,,,27.18,-81.83,,,,,FL,1986-09-23 16:00:00,1986-09-23 16:00:00,False,False
,9998877,Florida,9,Brevard,,1986-10-29 09:49:00,EST,1986-10-29 09:49:00,4,0,0,0,25K,0,,F1,Unknown,1.5,30,,,,,28.03,-80.58,,,,,FL,1986-10-29 09:49:00,1986-10-29 09:49:00,False,False
,10145312,Texas,363,Palo Pinto,,1986-04-19 11:38:00,CST,1986-04-19 11:38:00,0,0,0,0,0K,0,,F0,Unknown,0.2,10,,,,,32.75,-98.57,,,,,TX,1986-04-19 11:38:00,1986-04-19 11:38:00,False,False
,10145316,Texas,83,Coleman,,1986-04-19 13:05:00,CST,1986-04-19 13:05:00,0,0,0,0,0K,0,,F0,Unknown,0.2,10,,,,,31.95,-99.3,,,,,TX,1986-04-19 13:05:00,1986-04-19 13:05:00,False,False
,10145327,Texas,93,Comanche,,1986-04-19 13:45:00,CST,1986-04-19 13:45:00,0,0,0,0,0K,0,,F0,Unknown,0.2,10,,,,,32.12,-98.62,,,,,TX,1986-04-19 13:45:00,1986-04-19 13:45:00,False,False
,10145339,Texas,203,Harrison,,1986-04-19 14:28:00,CST,1986-04-19 14:28:00,0,0,0,0,0K,0,,F0,Unknown,0.2,10,,,,,32.65,-94.2,,,,,TX,1986-04-19 14:28:00,1986-04-19 14:28:00,False,False
,10014303,Iowa,67,Floyd,,1986-09-28 20:45:00,CST,1986-09-28 20:45:00,2,0,0,0,250K,0,,F2,Unknown,0.2,23,,,,,43.15,-92.62,,,,,IA,1986-09-28 21:45:00,1986-09-28 21:45:00,True,True
,10144222,Texas,353,Nolan,,1986-05-13 17:49:00,CST,1986-05-13 17:49:00,0,0,0,0,0K,0,,F0,Unknown,0.2,40,,,,,32.5,-100.6,,,,,TX,1986-05-13 18:49:00,1986-05-13 18:49:00,True,True
,10144224,Texas,353,Nolan,,1986-05-13 17:54:00,CST,1986-05-13 17:54:00,0,0,0,0,0K,0,,F0,Unknown,0.2,20,,,,,32.47,-100.58,,,,,TX,1986-05-13 18:54:00,1986-05-13 18:54:00,True,True
,10144227,Texas,353,Nolan,,1986-05-13 17:58:00,CST,1986-05-13 17:58:00,0,0,0,0,0K,0,,F0,Unknown,0.2,40,,,,,32.45,-100.57,,,,,TX,1986-05-13 18:58:00,1986-05-13 18:58:00,True,True
,10144228,Texas,353,Nolan,,1986-05-13 18:00:00,CST,1986-05-13 18:00:00,0,0,0,0,0K,0,,F0,Unknown,0.2,50,,,,,32.33,-100.4,,,,,TX,1986-05-13 19:00:00,1986-05-13 19:00:00,True,True
,10013176,Iowa,41,Clay,,1986-07-28 18:35:00,CST,1986-07-28 18:35:00,0,0,0,0,250K,0,,F1,Unknown,1.0,40,,,,,43.03,-95.28,,,,,IA,1986-07-28 19:35:00,1986-07-28 19:35:00,True,True
,10013178,Iowa,141,O'Brien,,1986-07-28 18:38:00,CST,1986-07-28 18:38:00,0,0,0,0,25K,0,,F1,Unknown,0.1,13,,,,,43.18,-95.87,,,,,IA,1986-07-28 19:38:00,1986-07-28 19:38:00,True,True
,10013179,Iowa,193,Woodbury,,1986-07-28 18:49:00,CST,1986-07-28 18:49:00,1,0,0,0,250M,0,,F4,Unknown,11.5,73,,,,,42.42,-96.38,42.2,-96.18,,,IA,1986-07-28 19:49:00,1986-07-28 19:49:00,True,True
,10142635,Texas,103,Crane,,1986-10-03 19:50:00,CST,1986-10-03 19:50:00,0,0,0,0,0K,0,,F0,Unknown,0.2,30,,,,,31.37,-102.35,,,,,TX,1986-10-03 20:50:00,1986-10-03 20:50:00,True,True
,10142636,Texas,61,Cameron,,1986-10-07 12:23:00,CST,1986-10-07 12:23:00,0,0,0,0,0K,0,,F0,Unknown,0.2,13,,,,,26.2,-97.72,,,,,TX,1986-10-07 13:23:00,1986-10-07 13:23:00,True,True
,10141474,Texas,347,Nacogdoches,,1986-08-10 20:30:00,CST,1986-08-10 20:30:00,1,0,0,0,250K,0,,F1,Unknown,0.2,10,,,,,31.5,-94.35,,,,,TX,1986-08-10 21:30:00,1986-08-10 21:30:00,True,True
,10141481,Texas,329,Midland,,1986-08-15 19:15:00,CST,1986-08-15 19:15:00,0,0,0,0,0K,0,,F0,Unknown,0.2,30,,,,,32.0,-102.02,,,,,TX,1986-08-15 20:15:00,1986-08-15 20:15:00,True,True
,10141483,Texas,49,Brown,,1986-08-17 16:00:00,CST,1986-08-17 16:00:00,0,0,0,0,25K,0,,F1,Unknown,0.2,10,,,,,31.8,-99.08,,,,,TX,1986-08-17 17:00:00,1986-08-17 17:00:00,True,True
,10144339,Texas,227,Howard,,1986-05-24 18:23:00,CST,1986-05-24 18:23:00,0,0,0,0,0K,0,,F0,Unknown,0.2,10,,,,,32.33,-101.43,,,,,TX,1986-05-24 19:23:00,1986-05-24 19:23:00,True,True
,10009637,Idaho,31,Cassia,,1986-08-24 18:00:00,MST,1986-08-24 18:00:00,0,0,0,0,0K,0,,F0,Unknown,0.5,50,,,,,42.3,-113.03,,,,,ID,1986-08-24 19:00:00,1986-08-24 19:00:00,True,True
,10009638,Idaho,77,Power,,1986-08-24 18:00:00,MST,1986-08-24 18:00:00,0,0,0,0,0K,0,,F1,Unknown,0.5,20,,,,,42.78,-113.03,,,,,ID,1986-08-24 19:00:00,1986-08-24 19:00:00,True,True
,10009639,Idaho,25,Camas,,1986-08-29 13:00:00,MST,1986-08-29 13:00:00,0,0,0,0,0K,0,,F0,Unknown,1.0,20,,,,,43.3,-114.92,,,,,ID,1986-08-29 14:00:00,1986-08-29 14:00:00,True,True
,10145277,Texas,367,Parker,,1986-03-11 17:08:00,CST,1986-03-11 17:08:00,0,0,0,0,0K,0,,F2,Unknown,9.0,40,,,,,32.77,-97.87,32.87,-97.8,,,TX,1986-03-11 17:08:00,1986-03-11 17:08:00,False,False
,10143099,Texas,211,Hemphill,,1986-05-07 16:57:00,CST,1986-05-07 16:57:00,0,0,0,0,0K,0,,F0,Unknown,0.2,50,,,,,35.92,-100.4,,,,,TX,1986-05-07 17:57:00,1986-05-07 17:57:00,True,True
,10143100,Texas,433,Stonewall,,1986-05-07 17:00:00,CST,1986-05-07 17:00:00,0,0,0,0,0K,0,,F0,Unknown,0.2,30,,,,,33.32,-100.32,,,,,TX,1986-05-07 18:00:00,1986-05-07 18:00:00,True,True
,10143103,Texas,211,Hemphill,,1986-05-07 18:08:00,CST,1986-05-07 18:08:00,0,0,0,0,0K,0,,F0,Unknown,0.2,50,,,,,35.92,-100.42,,,,,TX,1986-05-07 19:08:00,1986-05-07 19:08:00,True,True
,10143104,Texas,295,Lipscomb,,1986-05-07 18:50:00,CST,1986-05-07 18:50:00,0,0,0,0,25K,0,,F0,Unknown,0.2,10,,,,,36.28,-100.27,,,,,TX,1986-05-07 19:50:00,1986-05-07 19:50:00,True,True
,9998838,Florida,81,Manatee,,1986-08-01 16:15:00,EST,1986-08-01 16:15:00,0,0,0,0,.25K,0,,F0,Unknown,1.0,30,,,,,27.47,-82.55,,,,,FL,1986-08-01 17:15:00,1986-08-01 17:15:00,True,True
,9998841,Florida,81,Manatee,,1986-08-01 18:15:00,EST,1986-08-01 18:15:00,0,0,0,0,.25K,0,,F0,Unknown,0.5,30,,,,,27.47,-82.7,,,,,FL,1986-08-01 19:15:00,1986-08-01 19:15:00,True,True
,10013182,Iowa,133,Monona,,1986-07-28 19:11:00,CST,1986-07-28 19:11:00,0,0,0,0,250M,0,,F4,Unknown,1.0,73,,,,,42.18,-96.23,42.18,-96.17,,,IA,1986-07-28 20:11:00,1986-07-28 20:11:00,True,True
,10013192,Iowa,25,Calhoun,,1986-07-28 19:47:00,CST,1986-07-28 19:47:00,0,0,0,0,250K,0,,F2,Unknown,4.0,150,,,,,42.55,-94.68,42.55,-94.62,,,IA,1986-07-28 20:47:00,1986-07-28 20:47:00,True,True
,10140969,Texas,189,Hale,,1986-06-02 13:20:00,CST,1986-06-02 13:20:00,0,0,0,0,0K,0,,F0,Unknown,0.2,30,,,,,33.87,-101.68,,,,,TX,1986-06-02 14:20:00,1986-06-02 14:20:00,True,True
,10140970,Texas,189,Hale,,1986-06-02 13:20:00,CST,1986-06-02 13:20:00,0,0,0,0,0K,0,,F0,Unknown,0.2,30,,,,,33.87,-101.72,,,,,TX,1986-06-02 14:20:00,1986-06-02 14:20:00,True,True
,10140971,Texas,329,Midland,,1986-06-02 16:20:00,CST,1986-06-02 16:20:00,0,0,0,0,0K,0,,F0,Unknown,0.2,30,,,,,32.0,-102.08,,,,,TX,1986-06-02 17:20:00,1986-06-02 17:20:00,True,True
,10140972,Texas,17,Bailey,,1986-06-04 12:45:00,CST,1986-06-04 12:45:00,0,0,0,0,0K,0,,F0,Unknown,0.2,30,,,,,34.22,-102.85,,,,,TX,1986-06-04 13:45:00,1986-06-04 13:45:00,True,True
,10127043,South Dakota,67,Hutchinson,,1986-06-29 14:55:00,CST,1986-06-29 14:55:00,0,0,0,0,0K,0,,F0,Unknown,0.1,30,,,,,43.28,-97.75,,,,,SD,1986-06-29 15:55:00,1986-06-29 15:55:00,True,True
,10127044,South Dakota,35,Davison,,1986-06-29 16:25:00,CST,1986-06-29 16:25:00,0,0,0,0,0K,0,,F0,Unknown,1.2,33,,,,,43.58,-98.22,,,,,SD,1986-06-29 17:25:00,1986-06-29 17:25:00,True,True
,10143231,Texas,373,Polk,,1986-11-07 14:52:00,CST,1986-11-07 14:52:00,0,0,0,0,0K,0,,F0,Unknown,1.0,10,,,,,30.63,-95.03,30.65,-95.02,,,TX,1986-11-07 14:52:00,1986-11-07 14:52:00,False,False
,10143232,Texas,249,Jim Wells,,1986-11-09 12:40:00,CST,1986-11-09 12:40:00,0,0,0,0,0K,0,,F0,Unknown,1.0,10,,,,,27.68,-97.92,27.68,-97.9,,,TX,1986-11-09 12:40:00,1986-11-09 12:40:00,False,False
,10140973,Texas,17,Bailey,,1986-06-04 13:00:00,CST,1986-06-04 13:00:00,0,0,0,0,0K,0,,F0,Unknown,0.2,30,,,,,34.22,-102.77,,,,,TX,1986-06-04 14:00:00,1986-06-04 14:00:00,True,True
,10140974,Texas,279,Lamb,,1986-06-04 13:10:00,CST,1986-06-04 13:10:00,0,0,0,0,0K,0,,F0,Unknown,0.2,40,,,,,33.88,-102.12,,,,,TX,1986-06-04 14:10:00,1986-06-04 14:10:00,True,True
,10140975,Texas,189,Hale,,1986-06-04 13:10:00,CST,1986-06-04 13:10:00,0,0,0,0,0K,0,,F0,Unknown,0.2,40,,,,,34.18,-101.7,,,,,TX,1986-06-04 14:10:00,1986-06-04 14:10:00,True,True
,10140976,Texas,17,Bailey,,1986-06-04 13:40:00,CST,1986-06-04 13:40:00,0,0,0,0,0K,0,,F0,Unknown,0.2,30,,,,,34.03,-102.8,,,,,TX,1986-06-04 14:40:00,1986-06-04 14:40:00,True,True
,10140977,Texas,159,Franklin,,1986-06-04 13:55:00,CST,1986-06-04 13:55:00,0,0,0,0,0K,0,,F0,Unknown,0.2,10,,,,,33.17,-95.25,,,,,TX,1986-06-04 14:55:00,1986-06-04 14:55:00,True,True
,10140978,Texas,107,Crosby,,1986-06-04 16:30:00,CST,1986-06-04 16:30:00,0,0,0,0,0K,0,,F0,Unknown,0.2,40,,,,,33.62,-101.3,,,,,TX,1986-06-04 17:30:00,1986-06-04 17:30:00,True,True
,10140980,Texas,147,Fannin,,1986-06-04 19:20:00,CST,1986-06-04 19:20:00,0,0,0,0,0K,0,,F0,Unknown,0.2,10,,,,,33.58,-96.18,,,,,TX,1986-06-04 20:20:00,1986-06-04 20:20:00,True,True
,10140981,Texas,147,Fannin,,1986-06-04 19:25:00,CST,1986-06-04 19:25:00,0,0,0,0,0K,0,,F0,Unknown,0.2,10,,,,,33.58,-96.18,,,,,TX,1986-06-04 20:25:00,1986-06-04 20:25:00,True,True
,10140982,Texas,147,Fannin,,1986-06-04 19:45:00,CST,1986-06-04 19:45:00,0,0,0,0,0K,0,,F0,Unknown,0.2,10,,,,,33.63,-96.18,,,,,TX,1986-06-04 20:45:00,1986-06-04 20:45:00,True,True
,10140983,Texas,129,Donley,,1986-06-08 13:14:00,CST,1986-06-08 13:14:00,0,0,0,0,0K,0,,F0,Unknown,0.2,40,,,,,34.82,-101.05,,,,,TX,1986-06-08 14:14:00,1986-06-08 14:14:00,True,True
,10140984,Texas,129,Donley,,1986-06-08 15:10:00,CST,1986-06-08 15:10:00,0,0,0,0,0K,0,,F0,Unknown,0.2,30,,,,,34.85,-100.9,,,,,TX,1986-06-08 16:10:00,1986-06-08 16:10:00,True,True
,10140985,Texas,5,Angelina,,1986-06-09 10:00:00,CST,1986-06-09 10:00:00,0,0,0,0,0K,0,,F0,Unknown,0.2,10,,,,,31.35,-94.6,,,,,TX,1986-06-09 11:00:00,1986-06-09 11:00:00,True,True
,10144348,Texas,329,Midland,,1986-05-24 19:40:00,CST,1986-05-24 19:40:00,0,0,0,0,0K,0,,F0,Unknown,0.2,10,,,,,32.07,-101.8,,,,,TX,1986-05-24 20:40:00,1986-05-24 20:40:00,True,True
,10144349,Texas,433,Stonewall,,1986-05-24 20:30:00,CST,1986-05-24 20:30:00,0,0,0,0,0K,0,,F0,Unknown,0.2,30,,,,,33.15,-100.33,,,,,TX,1986-05-24 21:30:00,1986-05-24 21:30:00,True,True
,10143110,Texas,93,Comanche,,1986-05-08 13:25:00,CST,1986-05-08 13:25:00,0,0,0,0,2.5K,0,,F0,Unknown,0.2,10,,,,,32.08,-98.83,,,,,TX,1986-05-08 14:25:00,1986-05-08 14:25:00,True,True
,10033487,Kentucky,93,Hardin,,1986-07-11 21:00:00,EST,1986-07-11 21:00:00,1,0,0,0,25K,0,,F1,Unknown,0.2,50,,,,,37.83,-85.95,,,,,KY,1986-07-11 22:00:00,1986-07-11 22:00:00,True,True
,10144299,Texas,399,Runnels,,1986-05-17 19:01:00,CST,1986-05-17 19:01:00,0,0,0,0,0K,0,,F0,Unknown,0.2,10,,,,,31.75,-99.95,,,,,TX,1986-05-17 20:01:00,1986-05-17 20:01:00,True,True
,10141984,Texas,151,Fisher,,1986-04-25 19:14:00,CST,1986-04-25 19:14:00,0,0,0,0,0K,0,,F0,Unknown,0.2,30,,,,,32.72,-100.43,,,,,TX,1986-04-25 19:14:00,1986-04-25 19:14:00,False,False
,10005585,Illinois,97,Lake,,1986-07-06 18:45:00,CST,1986-07-06 18:45:00,0,0,0,0,0K,0,,F0,Unknown,4.0,10,,,,,42.33,-88.15,42.35,-88.1,,,IL,1986-07-06 19:45:00,1986-07-06 19:45:00,True,True
,10015094,Iowa,77,Guthrie,,1986-06-29 21:05:00,CST,1986-06-29 21:05:00,0,0,0,0,2.5M,0,,F2,Unknown,1.0,50,,,,,41.85,-94.57,,,,,IA,1986-06-29 22:05:00,1986-06-29 22:05:00,True,True
,10142009,Texas,189,Hale,,1986-05-04 22:02:00,CST,1986-05-04 22:02:00,0,0,0,0,2.5K,0,,F0,Unknown,4.0,40,,,,,34.1,-101.7,34.03,-101.62,,,TX,1986-05-04 23:02:00,1986-05-04 23:02:00,True,True
,10144282,Texas,437,Swisher,,1986-05-16 17:00:00,CST,1986-05-16 17:00:00,0,0,0,0,0K,0,,F0,Unknown,0.2,30,,,,,34.6,-101.83,,,,,TX,1986-05-16 18:00:00,1986-05-16 18:00:00,True,True
,10126822,South Dakota,27,Clay,,1986-06-21 22:57:00,CST,1986-06-21 22:57:00,0,0,0,0,2.5K,0,,F1,Unknown,0.2,23,,,,,43.08,-97.17,,,,,SD,1986-06-21 23:57:00,1986-06-21 23:57:00,True,True
,10143061,Texas,37,Bowie,,1986-04-04 17:10:00,CST,1986-04-04 17:10:00,0,0,0,0,2.5K,0,,F1,Unknown,0.2,10,,,,,33.52,-94.65,,,,,TX,1986-04-04 17:10:00,1986-04-04 17:10:00,False,False
,10143063,Texas,37,Bowie,,1986-04-04 17:20:00,CST,1986-04-04 17:20:00,0,0,0,0,0K,0,,F0,Unknown,0.2,10,,,,,33.5,-94.42,,,,,TX,1986-04-04 17:20:00,1986-04-04 17:20:00,False,False
,10143065,Texas,37,Bowie,,1986-04-04 17:30:00,CST,1986-04-04 17:30:00,0,0,0,0,0K,0,,F0,Unknown,0.2,10,,,,,33.5,-94.2,,,,,TX,1986-04-04 17:30:00,1986-04-04 17:30:00,False,False
,10143066,Texas,147,Fannin,,1986-04-04 17:30:00,CST,1986-04-04 17:30:00,0,0,0,0,0K,0,,F0,Unknown,0.2,10,,,,,33.58,-95.92,,,,,TX,1986-04-04 17:30:00,1986-04-04 17:30:00,False,False
,10141952,Texas,217,Hill,,1986-04-19 15:40:00,CST,1986-04-19 15:40:00,2,0,0,0,250K,0,,F1,Unknown,0.2,10,,,,,31.77,-96.92,,,,,TX,1986-04-19 15:40:00,1986-04-19 15:40:00,False,False
,10141962,Texas,293,Limestone,,1986-04-19 16:17:00,CST,1986-04-19 16:17:00,2,0,0,0,250K,0,,F1,Unknown,0.2,10,,,,,31.68,-96.57,,,,,TX,1986-04-19 16:17:00,1986-04-19 16:17:00,False,False
,10016605,Indiana,151,Steuben,,1986-10-01 16:20:00,CST,1986-10-01 16:20:00,0,0,0,0,0K,0,,F0,Unknown,14.0,10,,,,,41.57,-85.1,41.58,-84.82,,,IN,1986-10-01 17:20:00,1986-10-01 17:20:00,True,True
,10005584,Illinois,111,Mchenry,,1986-07-06 18:20:00,CST,1986-07-06 18:20:00,0,0,0,0,0K,0,,F0,Unknown,8.0,10,,,,,42.23,-88.33,42.33,-88.18,,,IL,1986-07-06 18:20:00,1986-07-06 18:20:00,False,False
,10142113,Texas,341,Moore,,1986-06-30 20:05:00,CST,1986-06-30 20:05:00,0,0,0,0,0K,0,,F0,Unknown,0.2,30,,,,,35.97,-102.12,,,,,TX,1986-06-30 21:05:00,1986-06-30 21:05:00,True,True
,10142122,Texas,399,Runnels,,1986-07-11 19:23:00,CST,1986-07-11 19:23:00,0,0,0,0,2.5K,0,,F0,Unknown,0.2,10,,,,,31.65,-99.98,,,,,TX,1986-07-11 20:23:00,1986-07-11 20:23:00,True,True
,10005579,Illinois,67,Hancock,,1986-06-30 01:40:00,CST,1986-06-30 01:40:00,1,0,0,0,25K,0,,F1,Unknown,0.3,10,,,,,40.55,-91.38,,,,,IL,1986-06-30 02:40:00,1986-06-30 02:40:00,True,True
,10005581,Illinois,53,Ford,,1986-06-30 04:00:00,CST,1986-06-30 04:00:00,0,0,0,0,0K,0,,F0,Unknown,4.0,123,,,,,40.48,-88.37,40.53,-88.33,,,IL,1986-06-30 05:00:00,1986-06-30 05:00:00,True,True
,9989564,Arkansas,81,Little River,,1986-02-05 18:24:00,CST,1986-02-05 18:24:00,0,0,0,0,0K,0,,F0,Unknown,0.2,10,,,,,33.62,-94.4,,,,,AR,1986-02-05 18:24:00,1986-02-05 18:24:00,False,False
,10144158,Texas,467,Van Zandt,,1986-04-04 20:30:00,CST,1986-04-04 20:30:00,2,0,0,0,250K,0,,F1,Unknown,0.2,10,,,,,32.6,-95.87,,,,,TX,1986-04-04 20:30:00,1986-04-04 20:30:00,False,False
,10126806,South Dakota,43,Douglas,,1986-06-10 13:10:00,CST,1986-06-10 13:10:00,0,0,0,0,0K,0,,F0,Unknown,0.1,13,,,,,43.3,-98.38,,,,,SD,1986-06-10 14:10:00,1986-06-10 14:10:00,True,True
,10126807,South Dakota,43,Douglas,,1986-06-10 13:10:00,CST,1986-06-10 13:10:00,0,0,0,0,0K,0,,F0,Unknown,0.1,13,,,,,43.33,-98.32,,,,,SD,1986-06-10 14:10:00,1986-06-10 14:10:00,True,True
,10142124,Texas,95,Concho,,1986-07-11 19:40:00,CST,1986-07-11 19:40:00,0,0,0,0,0K,0,,F0,Unknown,0.2,10,,,,,31.52,-100.05,,,,,TX,1986-07-11 20:40:00,1986-07-11 20:40:00,True,True
,10142125,Texas,11,Armstrong,,1986-07-12 18:55:00,CST,1986-07-12 18:55:00,0,0,0,0,0K,0,,F0,Unknown,0.2,30,,,,,35.05,-101.43,,,,,TX,1986-07-12 19:55:00,1986-07-12 19:55:00,True,True
,10013962,Iowa,49,Dallas,,1986-05-09 19:09:00,CST,1986-05-09 19:09:00,0,0,0,0,0K,0,,F0,Unknown,0.1,10,,,,,41.62,-93.83,41.62,-93.82,,,IA,1986-05-09 20:09:00,1986-05-09 20:09:00,True,True
,10142614,Texas,475,Ward,,1986-10-01 16:50:00,CST,1986-10-01 16:50:00,0,0,0,0,0K,0,,F0,Unknown,0.2,30,,,,,31.32,-102.83,,,,,TX,1986-10-01 17:50:00,1986-10-01 17:50:00,True,True
,10142621,Texas,191,Hall,,1986-10-01 18:40:00,CST,1986-10-01 18:40:00,0,0,0,0,0K,0,,F0,Unknown,0.2,30,,,,,34.72,-100.53,,,,,TX,1986-10-01 19:40:00,1986-10-01 19:40:00,True,True
,10142622,Texas,87,Collingsworth,,1986-10-01 18:40:00,CST,1986-10-01 18:40:00,0,0,0,0,0K,0,,F0,Unknown,0.2,30,,,,,34.78,-100.28,,,,,TX,1986-10-01 19:40:00,1986-10-01 19:40:00,True,True
,10142631,Texas,3,Andrews,,1986-10-02 15:53:00,CST,1986-10-02 15:53:00,0,0,0,0,250K,0,,F1,Unknown,0.3,40,,,,,32.3,-102.53,,,,,TX,1986-10-02 16:53:00,1986-10-02 16:53:00,True,True
,10142632,Texas,461,Upton,,1986-10-02 17:31:00,CST,1986-10-02 17:31:00,0,0,0,0,25K,0,,F1,Unknown,0.1,30,,,,,31.22,-101.9,,,,,TX,1986-10-02 18:31:00,1986-10-02 18:31:00,True,True
,10144173,Texas,445,Terry,,1986-04-06 20:55:00,CST,1986-04-06 20:55:00,0,0,0,0,0K,0,,F0,Unknown,0.2,300,,,,,33.33,-102.2,,,,,TX,1986-04-06 20:55:00,1986-04-06 20:55:00,False,False
,10144174,Texas,17,Bailey,,1986-04-06 21:15:00,CST,1986-04-06 21:15:00,0,0,0,0,0K,0,,F0,Unknown,0.2,300,,,,,33.85,-102.72,,,,,TX,1986-04-06 21:15:00,1986-04-06 21:15:00,False,False
,10143089,Texas,83,Coleman,,1986-05-06 19:45:00,CST,1986-05-06 19:45:00,0,0,0,0,0K,0,,F0,Unknown,0.2,10,,,,,31.95,-99.57,,,,,TX,1986-05-06 20:45:00,1986-05-06 20:45:00,True,True
,10143093,Texas,451,Tom Green,,1986-05-07 15:25:00,CST,1986-05-07 15:25:00,0,0,0,0,0K,0,,F0,Unknown,0.2,30,,,,,31.35,-100.32,,,,,TX,1986-05-07 16:25:00,1986-05-07 16:25:00,True,True
,10143094,Texas,211,Hemphill,,1986-05-07 16:12:00,CST,1986-05-07 16:12:00,0,0,0,0,0K,0,,F0,Unknown,1.0,100,,,,,35.78,-100.45,,,,,TX,1986-05-07 17:12:00,1986-05-07 17:12:00,True,True
,10015096,Iowa,77,Guthrie,,1986-06-29 21:50:00,CST,1986-06-29 21:50:00,0,0,0,0,250K,0,,F2,Unknown,2.0,73,,,,,41.52,-94.53,,,,,IA,1986-06-29 22:50:00,1986-06-29 22:50:00,True,True
,10015099,Iowa,153,Polk,,1986-06-29 22:35:00,CST,1986-06-29 22:35:00,0,0,0,0,2.5M,0,,F2,Unknown,5.0,50,,,,,41.58,-93.73,41.6,-93.62,,,IA,1986-06-29 23:35:00,1986-06-29 23:35:00,True,True
,10015120,Iowa,53,Decatur,,1986-07-08 20:15:00,CST,1986-07-08 20:15:00,0,0,0,0,0K,0,,F0,Unknown,0.2,10,,,,,40.65,-93.98,,,,,IA,1986-07-08 21:15:00,1986-07-08 21:15:00,True,True
,10015121,Iowa,53,Decatur,,1986-07-08 21:45:00,CST,1986-07-08 21:45:00,0,0,0,0,0K,0,,F0,Unknown,0.2,10,,,,,40.8,-93.98,,,,,IA,1986-07-08 22:45:00,1986-07-08 22:45:00,True,True
,10015130,Iowa,39,Clarke,,1986-07-13 22:47:00,CST,1986-07-13 22:47:00,0,0,0,0,250K,0,,F2,Unknown,1.0,50,,,,,41.02,-93.82,,,,,IA,1986-07-13 23:47:00,1986-07-13 23:47:00,True,True
,10015132,Iowa,53,Decatur,,1986-07-13 23:20:00,CST,1986-07-13 23:20:00,0,0,0,0,250K,0,,F1,Unknown,0.5,40,,,,,40.88,-93.58,,,,,IA,1986-07-14 00:20:00,1986-07-14 00:20:00,True,True
,10013996,Iowa,95,Iowa,,1986-06-10 21:30:00,CST,1986-06-10 21:30:00,0,0,0,0,250K,0,,F1,Unknown,0.2,23,,,,,41.83,-92.07,,,,,IA,1986-06-10 22:30:00,1986-06-10 22:30:00,True,True
,10013997,Iowa,95,Iowa,,1986-06-10 21:40:00,CST,1986-06-10 21:40:00,0,0,0,0,250K,0,,F1,Unknown,0.2,23,,,,,41.8,-91.93,,,,,IA,1986-06-10 22:40:00,1986-06-10 22:40:00,True,True
,10013957,Iowa,49,Dallas,,1986-05-09 18:36:00,CST,1986-05-09 18:36:00,0,0,0,0,0K,0,,F0,Unknown,0.1,10,,,,,41.6,-93.83,41.55,-93.8,,,IA,1986-05-09 19:36:00,1986-05-09 19:36:00,True,True
,10013959,Iowa,49,Dallas,,1986-05-09 18:40:00,CST,1986-05-09 18:40:00,0,0,0,0,0K,0,,F0,Unknown,0.1,10,,,,,41.58,-93.85,,,,,IA,1986-05-09 19:40:00,1986-05-09 19:40:00,True,True
,10013960,Iowa,49,Dallas,,1986-05-09 18:48:00,CST,1986-05-09 18:48:00,0,0,0,0,0K,0,,F0,Unknown,0.1,10,,,,,41.57,-93.83,,,,,IA,1986-05-09 19:48:00,1986-05-09 19:48:00,True,True
,10013961,Iowa,49,Dallas,,1986-05-09 18:55:00,CST,1986-05-09 18:55:00,0,0,0,0,0K,0,,F0,Unknown,0.1,10,,,,,41.62,-93.83,,,,,IA,1986-05-09 19:55:00,1986-05-09 19:55:00,True,True
,10013963,Iowa,153,Polk,,1986-05-09 19:09:00,CST,1986-05-09 19:09:00,0,0,0,0,0K,0,,F0,Unknown,0.1,10,,,,,41.62,-93.78,41.62,-93.77,,,IA,1986-05-09 20:09:00,1986-05-09 20:09:00,True,True
,10013964,Iowa,49,Dallas,,1986-05-09 19:12:00,CST,1986-05-09 19:12:00,0,0,0,0,0K,0,,F0,Unknown,0.1,10,,,,,41.62,-93.88,,,,,IA,1986-05-09 20:12:00,1986-05-09 20:12:00,True,True
,10013966,Iowa,49,Dallas,,1986-05-09 19:40:00,CST,1986-05-09 19:40:00,0,0,0,0,0K,0,,F0,Unknown,0.1,10,,,,,41.85,-93.92,,,,,IA,1986-05-09 20:40:00,1986-05-09 20:40:00,True,True
,10013967,Iowa,153,Polk,,1986-05-09 19:49:00,CST,1986-05-09 19:49:00,0,0,0,0,0K,0,,F0,Unknown,0.1,10,,,,,41.68,-93.8,41.68,-93.82,,,IA,1986-05-09 20:49:00,1986-05-09 20:49:00,True,True
,10013968,Iowa,49,Dallas,,1986-05-09 19:49:00,CST,1986-05-09 19:49:00,0,0,0,0,0K,0,,F0,Unknown,0.1,10,,,,,41.68,-93.82,41.68,-93.8,,,IA,1986-05-09 20:49:00,1986-05-09 20:49:00,True,True
,10013972,Iowa,53,Decatur,,1986-05-10 18:52:00,CST,1986-05-10 18:52:00,0,0,0,0,2.5K,0,,F0,Unknown,0.1,10,,,,,40.82,-93.6,,,,,IA,1986-05-10 19:52:00,1986-05-10 19:52:00,True,True
,10013988,Iowa,141,O'Brien,,1986-06-10 17:55:00,CST,1986-06-10 17:55:00,0,0,0,0,0K,0,,F0,Unknown,0.1,13,,,,,43.1,-95.67,,,,,IA,1986-06-10 18:55:00,1986-06-10 18:55:00,True,True
,10013991,Iowa,117,Lucas,,1986-06-10 20:05:00,CST,1986-06-10 20:05:00,0,0,0,0,.25K,0,,F0,Unknown,0.1,10,,,,,40.98,-93.27,,,,,IA,1986-06-10 21:05:00,1986-06-10 21:05:00,True,True
,10013992,Iowa,125,Marion,,1986-06-10 20:43:00,CST,1986-06-10 20:43:00,0,0,0,0,2.5K,0,,F0,Unknown,0.1,13,,,,,41.32,-92.93,,,,,IA,1986-06-10 21:43:00,1986-06-10 21:43:00,True,True
,10145226,Texas,449,Titus,,1986-02-05 16:50:00,CST,1986-02-05 16:50:00,0,0,0,0,0K,0,,F1,Unknown,0.5,30,,,,,33.35,-94.98,,,,,TX,1986-02-05 16:50:00,1986-02-05 16:50:00,False,False
,10145235,Texas,37,Bowie,,1986-02-05 17:40:00,CST,1986-02-05 17:40:00,0,0,0,0,0K,0,,F0,Unknown,0.5,30,,,,,33.45,-94.45,,,,,TX,1986-02-05 17:40:00,1986-02-05 17:40:00,False,False
,10035539,Kansas,1,Allen,,1986-05-27 12:00:00,CST,1986-05-27 12:00:00,0,0,0,0,25K,0,,F1,Unknown,2.0,50,,,,,37.93,-95.2,,,,,KS,1986-05-27 13:00:00,1986-05-27 13:00:00,True,True
,10035540,Kansas,1,Allen,,1986-05-27 12:10:00,CST,1986-05-27 12:10:00,0,0,0,0,25K,0,,F1,Unknown,1.0,50,,,,,37.97,-95.17,,,,,KS,1986-05-27 13:10:00,1986-05-27 13:10:00,True,True
,10144997,Texas,223,Hopkins,,1986-02-05 15:15:00,CST,1986-02-05 15:15:00,0,0,0,0,0K,0,,F1,Unknown,0.5,30,,,,,33.1,-95.6,,,,,TX,1986-02-05 15:15:00,1986-02-05 15:15:00,False,False
,10144999,Texas,159,Franklin,,1986-02-05 15:40:00,CST,1986-02-05 15:40:00,0,0,0,0,0K,0,,F1,Unknown,0.7,30,,,,,33.15,-95.33,,,,,TX,1986-02-05 15:40:00,1986-02-05 15:40:00,False,False
,10145000,Texas,473,Waller,,1986-02-05 15:45:00,CST,1986-02-05 15:45:00,5,0,0,0,250K,0,,F2,Unknown,4.0,170,,,,,29.83,-95.85,29.83,-95.82,,,TX,1986-02-05 15:45:00,1986-02-05 15:45:00,False,False
