episode_id,event_id,state,county_fips,county_name,wfo,begin_date_time,county_timezone,end_date_time,injuries_direct,injuries_indirect,deaths_direct,deaths_indirect,property_damage,crop_damage,source,tornado_rating,max_windspeed,tornado_length,tornado_max_width,other_wfos,other_states,other_counties_fips,other_counties_names,begin_latitude,begin_longitude,end_latitude,end_longitude,episode_narrative,event_narrative,state_code,begin_date_time_corrected,end_date_time_corrected,begin_time_adjusted,end_time_adjusted
,9976256,Alabama,113,Russell,,1981-04-01 02:15:00,CST,1981-04-01 02:15:00,23,0,2,0,25M,0,,F3,Unknown,0.0,100,,,,,32.25,-85.4,32.25,-85.38,,,AL,1981-04-01 02:15:00,1981-04-01 02:15:00,False,False
,9976264,Alabama,95,Marshall,,1981-05-18 18:10:00,CST,1981-05-18 18:10:00,0,0,0,0,25K,0,,F1,Unknown,0.1,17,,,,,34.35,-86.25,,,,,AL,1981-05-18 19:10:00,1981-05-18 19:10:00,True,True
,10053858,Minnesota,5,Becker,,1981-07-10 19:00:00,CST,1981-07-10 19:00:00,0,0,0,0,.03K,0,,F0,Unknown,0.0,33,,,,,46.97,-95.92,,,,,MN,1981-07-10 20:00:00,1981-07-10 20:00:00,True,True
,9976218,Alabama,101,Montgomery,,1981-03-18 12:20:00,CST,1981-03-18 12:20:00,0,0,0,0,.25K,0,,F1,Unknown,0.4,40,,,,,32.28,-86.0,,,,,AL,1981-03-18 12:20:00,1981-03-18 12:20:00,False,False
,9976222,Alabama,11,Bullock,,1981-03-18 13:50:00,CST,1981-03-18 13:50:00,0,0,0,0,250K,0,,F1,Unknown,0.3,40,,,,,32.23,-85.43,,,,,AL,1981-03-18 13:50:00,1981-03-18 13:50:00,False,False
,9976223,Alabama,27,Clay,,1981-03-18 15:30:00,CST,1981-03-18 15:30:00,0,0,0,0,25K,0,,F1,Unknown,13.8,50,,,,,33.27,-85.9,33.18,-85.68,,,AL,1981-03-18 15:30:00,1981-03-18 15:30:00,False,False
,9976234,Alabama,3,Baldwin,,1981-03-22 17:30:00,CST,1981-03-22 17:30:00,0,0,0,0,0K,0,,F1,Unknown,0.0,33,,,,,30.75,-87.75,,,,,AL,1981-03-22 17:30:00,1981-03-22 17:30:00,False,False
,9976239,Alabama,47,Dallas,,1981-03-30 02:30:00,CST,1981-03-30 02:30:00,0,0,0,0,25K,0,,F1,Unknown,1.0,50,,,,,32.28,-87.37,,,,,AL,1981-03-30 02:30:00,1981-03-30 02:30:00,False,False
,9976240,Alabama,47,Dallas,,1981-03-30 02:40:00,CST,1981-03-30 02:40:00,0,0,0,0,2.5K,0,,F1,Unknown,0.2,30,,,,,32.45,-87.12,,,,,AL,1981-03-30 02:40:00,1981-03-30 02:40:00,False,False
,9976244,Alabama,27,Clay,,1981-03-30 03:30:00,CST,1981-03-30 03:30:00,0,0,0,0,25K,0,,F1,Unknown,0.4,60,,,,,33.12,-85.75,,,,,AL,1981-03-30 03:30:00,1981-03-30 03:30:00,False,False
,10059471,Missouri,151,Osage,,1981-06-21 20:10:00,CST,1981-06-21 20:10:00,0,0,0,0,.25K,0,,F0,Unknown,1.0,50,,,,,38.5,-91.63,,,,,MO,1981-06-21 21:10:00,1981-06-21 21:10:00,True,True
,9976209,Alabama,3,Baldwin,,1981-02-10 08:40:00,CST,1981-02-10 08:40:00,62,0,0,0,2.5M,0,,F2,Unknown,1.5,150,,,,,30.88,-87.78,,,,,AL,1981-02-10 08:40:00,1981-02-10 08:40:00,False,False
,9976212,Alabama,69,Houston,,1981-02-10 17:45:00,CST,1981-02-10 17:45:00,5,0,0,0,2.5M,0,,F1,Unknown,7.4,77,,,,,31.13,-85.4,31.23,-85.37,,,AL,1981-02-10 17:45:00,1981-02-10 17:45:00,False,False
,9976213,Alabama,109,Pike,,1981-03-04 17:20:00,CST,1981-03-04 17:20:00,0,0,0,0,.25K,0,,F1,Unknown,0.3,50,,,,,31.67,-86.1,,,,,AL,1981-03-04 17:20:00,1981-03-04 17:20:00,False,False
,10022647,Kansas,125,Montgomery,,1981-05-23 17:40:00,CST,1981-05-23 17:40:00,0,0,0,0,25K,0,,F1,Unknown,0.5,50,,,,,37.03,-95.53,,,,,KS,1981-05-23 18:40:00,1981-05-23 18:40:00,True,True
,10128134,Texas,219,Hockley,,1981-05-28 14:14:00,CST,1981-05-28 14:14:00,0,0,0,0,0K,0,,F0,Unknown,0.5,20,,,,,33.55,-102.4,,,,,TX,1981-05-28 15:14:00,1981-05-28 15:14:00,True,True
,10129198,Texas,107,Crosby,,1981-05-07 17:54:00,CST,1981-05-07 17:54:00,0,0,0,0,0K,0,,F0,Unknown,0.5,20,,,,,33.68,-101.33,,,,,TX,1981-05-07 18:54:00,1981-05-07 18:54:00,True,True
,10100084,Ohio,59,Guernsey,,1981-06-13 15:36:00,CST,1981-06-13 15:36:00,0,0,0,0,2.5K,0,,F0,Unknown,0.5,100,,,,,40.03,-81.57,,,,,OH,1981-06-13 16:36:00,1981-06-13 16:36:00,True,True
,10100085,Ohio,127,Perry,,1981-06-13 15:40:00,CST,1981-06-13 15:40:00,2,0,0,0,250K,0,,F2,Unknown,2.0,250,,,,,39.88,-82.32,,,,,OH,1981-06-13 16:40:00,1981-06-13 16:40:00,True,True
,10100086,Ohio,119,Muskingum,,1981-06-13 15:45:00,CST,1981-06-13 15:45:00,0,0,0,0,250K,0,,F1,Unknown,4.9,300,,,,,39.95,-82.02,40.0,-81.95,,,OH,1981-06-13 16:45:00,1981-06-13 16:45:00,True,True
,10110769,South Carolina,33,Dillon,,1981-02-02 02:10:00,CST,1981-02-02 02:10:00,0,0,0,0,2.5K,0,,F1,Unknown,0.1,33,,,,,34.32,-79.33,,,,,SC,1981-02-02 02:10:00,1981-02-02 02:10:00,False,False
,10110771,South Carolina,79,Richland,,1981-02-11 00:00:00,CST,1981-02-11 00:00:00,0,0,0,0,25K,0,,F1,Unknown,0.8,33,,,,,33.95,-80.85,,,,,SC,1981-02-11 00:00:00,1981-02-11 00:00:00,False,False
,10110772,South Carolina,63,Lexington,,1981-02-11 00:15:00,CST,1981-02-11 00:15:00,0,0,0,0,2.5K,0,,F1,Unknown,2.0,50,,,,,33.98,-81.25,,,,,SC,1981-02-11 00:15:00,1981-02-11 00:15:00,False,False
,10100058,Ohio,5,Ashland,,1981-06-08 15:00:00,CST,1981-06-08 15:00:00,0,0,0,0,250K,0,,F1,Unknown,0.0,200,,,,,40.75,-82.15,40.77,-82.13,,,OH,1981-06-08 16:00:00,1981-06-08 16:00:00,True,True
,10100059,Ohio,169,Wayne,,1981-06-08 15:02:00,CST,1981-06-08 15:02:00,0,0,0,0,250K,0,,F1,Unknown,8.6,33,,,,,40.77,-82.13,40.8,-81.97,,,OH,1981-06-08 16:02:00,1981-06-08 16:02:00,True,True
,10100066,Ohio,149,Shelby,,1981-06-08 18:38:00,CST,1981-06-08 18:38:00,2,0,0,0,250K,0,,F2,Unknown,1.3,200,,,,,40.28,-84.15,40.3,-84.1,,,OH,1981-06-08 19:38:00,1981-06-08 19:38:00,True,True
,10043299,Louisiana,23,Cameron,,1981-06-05 11:03:00,CST,1981-06-05 11:03:00,0,0,0,0,.25K,0,,F2,Unknown,0.1,17,,,,,29.77,-93.68,,,,,LA,1981-06-05 12:03:00,1981-06-05 12:03:00,True,True
,10043300,Louisiana,79,Rapides,,1981-06-05 11:20:00,CST,1981-06-05 11:20:00,0,0,0,0,250K,0,,F2,Unknown,0.1,33,,,,,31.1,-92.4,,,,,LA,1981-06-05 12:20:00,1981-06-05 12:20:00,True,True
,10043301,Louisiana,79,Rapides,,1981-06-05 11:20:00,CST,1981-06-05 11:20:00,0,0,0,0,25K,0,,F2,Unknown,0.1,23,,,,,31.27,-92.45,,,,,LA,1981-06-05 12:20:00,1981-06-05 12:20:00,True,True
,10043302,Louisiana,79,Rapides,,1981-06-05 11:30:00,CST,1981-06-05 11:30:00,10,0,0,0,2.5M,0,,F3,Unknown,4.3,40,,,,,31.3,-92.47,31.32,-92.4,,,LA,1981-06-05 12:30:00,1981-06-05 12:30:00,True,True
,10043303,Louisiana,125,West Feliciana,,1981-06-05 20:30:00,CST,1981-06-05 20:30:00,0,0,0,0,25K,0,,F1,Unknown,0.1,7,,,,,30.82,-91.33,,,,,LA,1981-06-05 21:30:00,1981-06-05 21:30:00,True,True
,10043310,Louisiana,65,Madison,,1981-06-10 19:00:00,CST,1981-06-10 19:00:00,0,0,0,0,2.5K,0,,F2,Unknown,0.1,7,,,,,32.42,-91.2,,,,,LA,1981-06-10 20:00:00,1981-06-10 20:00:00,True,True
,10043311,Louisiana,71,Orleans,,1981-06-22 13:45:00,CST,1981-06-22 13:45:00,0,0,0,0,25K,0,,F2,Unknown,2.3,20,,,,,29.95,-90.05,,,,,LA,1981-06-22 14:45:00,1981-06-22 14:45:00,True,True
,10041311,Massachusetts,27,Worcester,,1981-06-22 14:00:00,CST,1981-06-22 14:00:00,3,0,0,0,25K,0,,F3,Unknown,7.1,167,,,,,42.5,-72.03,42.55,-71.9,,,MA,1981-06-22 15:00:00,1981-06-22 15:00:00,True,True
,10124569,South Dakota,125,Turner,,1981-08-03 16:35:00,CST,1981-08-03 16:35:00,0,0,0,0,250K,0,,F3,Unknown,12.8,440,,,,,43.28,-97.15,43.1,-97.08,,,SD,1981-08-03 17:35:00,1981-08-03 17:35:00,True,True
,10077038,New York,103,Suffolk,,1981-08-05 11:15:00,CST,1981-08-05 11:15:00,0,0,0,0,250K,0,,F1,Unknown,2.3,13,,,,,40.95,-72.57,40.97,-72.5,,,NY,1981-08-05 12:15:00,1981-08-05 12:15:00,True,True
,10077039,New York,55,Monroe,,1981-09-08 12:00:00,CST,1981-09-08 12:00:00,0,0,0,0,2.5K,0,,F1,Unknown,2.0,100,,,,,43.0,-77.65,,,,,NY,1981-09-08 13:00:00,1981-09-08 13:00:00,True,True
,10077040,New York,75,Oswego,,1981-09-08 13:00:00,CST,1981-09-08 13:00:00,0,0,0,0,2.5K,0,,F1,Unknown,0.0,33,,,,,43.32,-76.42,,,,,NY,1981-09-08 14:00:00,1981-09-08 14:00:00,True,True
,10043334,Louisiana,7,Assumption,,1981-07-23 17:00:00,CST,1981-07-23 17:00:00,0,0,0,0,25K,0,,F1,Unknown,0.5,20,,,,,29.9,-91.17,,,,,LA,1981-07-23 18:00:00,1981-07-23 18:00:00,True,True
,10043337,Louisiana,57,Lafourche,,1981-08-11 14:45:00,CST,1981-08-11 14:45:00,2,0,0,0,2.5K,0,,F1,Unknown,0.1,10,,,,,29.57,-90.4,,,,,LA,1981-08-11 15:45:00,1981-08-11 15:45:00,True,True
,10043315,Louisiana,23,Cameron,,1981-06-23 09:45:00,CST,1981-06-23 09:45:00,0,0,0,0,.03K,0,,F0,Unknown,0.1,7,,,,,29.77,-92.98,,,,,LA,1981-06-23 10:45:00,1981-06-23 10:45:00,True,True
,10043317,Louisiana,107,Tensas,,1981-06-23 15:00:00,CST,1981-06-23 15:00:00,0,0,0,0,.25K,0,,F0,Unknown,0.1,17,,,,,32.08,-91.25,,,,,LA,1981-06-23 16:00:00,1981-06-23 16:00:00,True,True
,10043323,Louisiana,63,Livingston,,1981-07-10 16:15:00,CST,1981-07-10 16:15:00,0,0,0,0,.25K,0,,F1,Unknown,0.5,400,,,,,30.5,-90.8,,,,,LA,1981-07-10 17:15:00,1981-07-10 17:15:00,True,True
,10068860,Nebraska,111,Lincoln,,1981-06-20 18:00:00,CST,1981-06-20 18:00:00,0,0,0,0,0K,0,,F0,Unknown,0.1,30,,,,,41.02,-100.9,,,,,NE,1981-06-20 19:00:00,1981-06-20 19:00:00,True,True
,10100069,Ohio,117,Morrow,,1981-06-08 19:20:00,CST,1981-06-08 19:20:00,0,0,0,0,25K,0,,F1,Unknown,4.7,200,,,,,40.5,-82.8,40.48,-82.7,,,OH,1981-06-08 20:20:00,1981-06-08 20:20:00,True,True
,10100070,Ohio,83,Knox,,1981-06-08 19:45:00,CST,1981-06-08 19:45:00,2,0,0,0,250K,0,,F2,Unknown,3.8,50,,,,,40.53,-82.42,40.53,-82.33,,,OH,1981-06-08 20:45:00,1981-06-08 20:45:00,True,True
,10100071,Ohio,75,Holmes,,1981-06-08 20:25:00,CST,1981-06-08 20:25:00,0,0,0,0,25K,0,,F1,Unknown,2.3,200,,,,,40.45,-81.92,40.45,-81.87,,,OH,1981-06-08 21:25:00,1981-06-08 21:25:00,True,True
,10100072,Ohio,75,Holmes,,1981-06-08 20:25:00,CST,1981-06-08 20:25:00,5,0,0,0,250K,0,,F2,Unknown,2.3,500,,,,,40.45,-81.92,40.45,-81.87,,,OH,1981-06-08 21:25:00,1981-06-08 21:25:00,True,True
,10107860,Oklahoma,127,Pushmataha,,1981-09-13 16:10:00,CST,1981-09-13 16:10:00,0,0,0,0,0K,0,,F0,Unknown,0.0,33,,,,,34.22,-95.58,,,,,OK,1981-09-13 17:10:00,1981-09-13 17:10:00,True,True
,10107865,Oklahoma,73,Kingfisher,,1981-10-05 18:45:00,CST,1981-10-05 18:45:00,0,0,0,0,0K,0,,F0,Unknown,0.0,33,,,,,35.75,-98.08,,,,,OK,1981-10-05 19:45:00,1981-10-05 19:45:00,True,True
,10107866,Oklahoma,23,Choctaw,,1981-10-13 18:00:00,CST,1981-10-13 18:00:00,0,0,0,0,0K,0,,F1,Unknown,0.0,33,,,,,34.02,-95.77,,,,,OK,1981-10-13 19:00:00,1981-10-13 19:00:00,True,True
,10107868,Oklahoma,67,Jefferson,,1981-10-17 03:45:00,CST,1981-10-17 03:45:00,2,0,0,0,0K,0,,F1,Unknown,0.0,33,,,,,34.25,-98.07,,,,,OK,1981-10-17 04:45:00,1981-10-17 04:45:00,True,True
,10107870,Oklahoma,47,Garfield,,1981-11-03 11:30:00,CST,1981-11-03 11:30:00,0,0,0,0,0K,0,,F0,Unknown,0.0,33,,,,,36.35,-97.92,,,,,OK,1981-11-03 11:30:00,1981-11-03 11:30:00,False,False
,10123457,South Dakota,57,Hamlin,,1981-07-22 15:30:00,CST,1981-07-22 15:30:00,0,0,0,0,0K,0,,F0,Unknown,0.0,33,,,,,44.63,-96.88,,,,,SD,1981-07-22 16:30:00,1981-07-22 16:30:00,True,True
,10110775,South Carolina,23,Chester,,1981-04-19 18:45:00,CST,1981-04-19 18:45:00,0,0,0,0,2.5M,0,,F1,Unknown,2.0,33,,,,,34.8,-81.18,,,,,SC,1981-04-19 18:45:00,1981-04-19 18:45:00,False,False
,10110777,South Carolina,75,Orangeburg,,1981-04-20 15:00:00,CST,1981-04-20 15:00:00,0,0,0,0,.25K,0,,F1,Unknown,0.3,20,,,,,33.58,-80.82,,,,,SC,1981-04-20 15:00:00,1981-04-20 15:00:00,False,False
,10110778,South Carolina,79,Richland,,1981-04-20 15:05:00,CST,1981-04-20 15:05:00,0,0,0,0,.25K,0,,F1,Unknown,0.3,20,,,,,33.85,-80.77,,,,,SC,1981-04-20 15:05:00,1981-04-20 15:05:00,False,False
,10110781,South Carolina,41,Florence,,1981-05-27 20:00:00,CST,1981-05-27 20:00:00,6,0,0,0,25K,0,,F2,Unknown,4.7,100,,,,,34.02,-79.62,34.07,-79.57,,,SC,1981-05-27 21:00:00,1981-05-27 21:00:00,True,True
,10124578,South Dakota,117,Stanley,,1981-09-25 18:30:00,CST,1981-09-25 18:30:00,0,0,0,0,0K,0,,F0,Unknown,0.0,33,,,,,44.37,-100.57,,,,,SD,1981-09-25 19:30:00,1981-09-25 19:30:00,True,True
,10124580,South Dakota,27,Clay,,1981-09-26 02:10:00,CST,1981-09-26 02:10:00,0,0,0,0,25K,0,,F2,Unknown,0.0,33,,,,,42.78,-96.88,,,,,SD,1981-09-26 03:10:00,1981-09-26 03:10:00,True,True
,10056354,Missouri,99,Jefferson,,1981-07-20 14:48:00,CST,1981-07-20 14:48:00,0,0,0,0,2.5K,0,,F1,Unknown,1.0,50,,,,,38.32,-90.57,,,,,MO,1981-07-20 15:48:00,1981-07-20 15:48:00,True,True
,10105315,Oklahoma,15,Caddo,,1981-04-30 20:00:00,CST,1981-04-30 20:00:00,0,0,0,0,250K,0,,F1,Unknown,17.9,7,,,,,35.17,-98.25,34.92,-98.17,,,OK,1981-04-30 21:00:00,1981-04-30 21:00:00,True,True
,10107604,Oklahoma,125,Pottawatomie,,1981-06-14 21:50:00,CST,1981-06-14 21:50:00,0,0,0,0,0K,0,,F0,Unknown,0.0,33,,,,,35.35,-96.87,,,,,OK,1981-06-14 22:50:00,1981-06-14 22:50:00,True,True
,10107605,Oklahoma,37,Creek,,1981-06-15 00:05:00,CST,1981-06-15 00:05:00,3,0,0,0,250K,0,,F2,Unknown,3.3,100,,,,,35.95,-96.08,35.97,-96.03,,,OK,1981-06-15 01:05:00,1981-06-15 01:05:00,True,True
,10108956,Oklahoma,143,Tulsa,,1981-04-19 20:10:00,CST,1981-04-19 20:10:00,7,0,0,0,250M,0,,F3,Unknown,4.9,200,,,,,36.07,-95.92,36.08,-95.83,,,OK,1981-04-19 20:10:00,1981-04-19 20:10:00,False,False
,10108958,Oklahoma,37,Creek,,1981-04-19 20:20:00,CST,1981-04-19 20:20:00,0,0,0,0,2.5M,0,,F2,Unknown,3.6,600,,,,,35.97,-95.13,35.97,-95.07,,,OK,1981-04-19 20:20:00,1981-04-19 20:20:00,False,False
,10108959,Oklahoma,37,Creek,,1981-04-19 20:30:00,CST,1981-04-19 20:30:00,0,0,0,0,2.5K,0,,F3,Unknown,3.0,100,,,,,35.92,-95.1,35.92,-95.05,,,OK,1981-04-19 20:30:00,1981-04-19 20:30:00,False,False
,10108961,Oklahoma,143,Tulsa,,1981-04-19 20:35:00,CST,1981-04-19 20:35:00,1,0,0,0,2.5M,0,,F3,Unknown,0.5,7,,,,,36.03,-95.9,,,,,OK,1981-04-19 20:35:00,1981-04-19 20:35:00,False,False
,10108962,Oklahoma,143,Tulsa,,1981-04-19 20:45:00,CST,1981-04-19 20:45:00,49,0,5,0,2.5M,0,,F3,Unknown,9.9,880,,,,,35.95,-96.0,35.9,-95.83,,,OK,1981-04-19 20:45:00,1981-04-19 20:45:00,False,False
,10108964,Oklahoma,67,Jefferson,,1981-04-22 17:15:00,CST,1981-04-22 17:15:00,0,0,0,0,2.5K,0,,F0,Unknown,19.9,7,,,,,34.28,-97.88,34.1,-97.62,,,OK,1981-04-22 17:15:00,1981-04-22 17:15:00,False,False
,10100076,Ohio,113,Montgomery,,1981-06-13 11:55:00,CST,1981-06-13 11:55:00,0,0,0,0,25K,0,,F1,Unknown,1.0,100,,,,,39.8,-84.32,,,,,OH,1981-06-13 12:55:00,1981-06-13 12:55:00,True,True
,10100077,Ohio,117,Morrow,,1981-06-13 13:23:00,CST,1981-06-13 13:23:00,56,0,4,0,25M,0,,F3,Unknown,3.8,350,,,,,40.5,-82.9,40.55,-82.85,,,OH,1981-06-13 14:23:00,1981-06-13 14:23:00,True,True
,10100078,Ohio,49,Franklin,,1981-06-13 13:30:00,CST,1981-06-13 13:30:00,0,0,0,0,2.5K,0,,F0,Unknown,0.5,100,,,,,40.03,-83.0,,,,,OH,1981-06-13 14:30:00,1981-06-13 14:30:00,True,True
,10100082,Ohio,119,Muskingum,,1981-06-13 14:30:00,CST,1981-06-13 14:30:00,0,0,0,0,2.5M,0,,F2,Unknown,2.3,200,,,,,40.07,-81.88,40.08,-81.83,,,OH,1981-06-13 15:30:00,1981-06-13 15:30:00,True,True
,10116348,Pennsylvania,19,Butler,,1981-07-20 12:00:00,CST,1981-07-20 12:00:00,0,0,0,0,250K,0,,F2,Unknown,0.0,33,,,,,40.85,-80.0,,,,,PA,1981-07-20 13:00:00,1981-07-20 13:00:00,True,True
,10038793,Maryland,39,Somerset,,1981-09-08 17:00:00,CST,1981-09-08 17:00:00,0,0,0,0,25K,0,,F1,Unknown,1.0,60,,,,,37.98,-75.85,,,,,MD,1981-09-08 18:00:00,1981-09-08 18:00:00,True,True
,10100095,Ohio,133,Portage,,1981-06-16 13:15:00,CST,1981-06-16 13:15:00,0,0,0,0,250K,0,,F1,Unknown,1.0,150,,,,,41.1,-81.05,,,,,OH,1981-06-16 14:15:00,1981-06-16 14:15:00,True,True
,10100097,Ohio,37,Darke,,1981-06-21 09:14:00,CST,1981-06-21 09:14:00,0,0,0,0,250K,0,,F1,Unknown,2.3,150,,,,,40.22,-84.63,40.23,-84.58,,,OH,1981-06-21 10:14:00,1981-06-21 10:14:00,True,True
,10100099,Ohio,159,Union,,1981-06-21 11:30:00,CST,1981-06-21 11:30:00,3,0,0,0,250K,0,,F1,Unknown,1.9,100,,,,,40.23,-83.37,40.25,-83.32,,,OH,1981-06-21 12:30:00,1981-06-21 12:30:00,True,True
,10124326,South Dakota,103,Pennington,,1981-07-23 18:20:00,CST,1981-07-23 18:20:00,0,0,0,0,0K,0,,F0,Unknown,0.0,33,,,,,44.03,-102.23,,,,,SD,1981-07-23 19:20:00,1981-07-23 19:20:00,True,True
,10124327,South Dakota,103,Pennington,,1981-07-23 18:45:00,CST,1981-07-23 18:45:00,0,0,0,0,0K,0,,F0,Unknown,0.0,33,,,,,44.0,-102.12,,,,,SD,1981-07-23 19:45:00,1981-07-23 19:45:00,True,True
,10100101,Ohio,83,Knox,,1981-06-21 12:15:00,CST,1981-06-21 12:15:00,0,0,0,0,2.5K,0,,F0,Unknown,2.0,150,,,,,40.4,-82.48,,,,,OH,1981-06-21 13:15:00,1981-06-21 13:15:00,True,True
,10100102,Ohio,29,Columbiana,,1981-06-21 13:21:00,CST,1981-06-21 13:21:00,0,0,0,0,2.5K,0,,F0,Unknown,1.0,100,,,,,40.78,-80.77,,,,,OH,1981-06-21 14:21:00,1981-06-21 14:21:00,True,True
,10100108,Ohio,87,Lawrence,,1981-06-21 15:20:00,CST,1981-06-21 15:20:00,0,0,0,0,25K,0,,F0,Unknown,1.0,100,,,,,38.53,-82.67,,,,,OH,1981-06-21 16:20:00,1981-06-21 16:20:00,True,True
,10100109,Ohio,161,Van Wert,,1981-06-21 17:45:00,CST,1981-06-21 17:45:00,0,0,0,0,250K,0,,F1,Unknown,0.0,150,,,,,40.75,-84.42,40.73,-84.4,,,OH,1981-06-21 18:45:00,1981-06-21 18:45:00,True,True
,10100110,Ohio,3,Allen,,1981-06-21 17:47:00,CST,1981-06-21 17:47:00,0,0,0,0,250K,0,,F1,Unknown,2.7,33,,,,,40.73,-84.4,40.7,-84.35,,,OH,1981-06-21 18:47:00,1981-06-21 18:47:00,True,True
,10099018,Ohio,167,Washington,,1981-07-28 17:00:00,CST,1981-07-28 17:00:00,5,0,0,0,250K,0,,F2,Unknown,1.1,50,,,,,39.42,-81.3,39.4,-81.3,,,OH,1981-07-28 18:00:00,1981-07-28 18:00:00,True,True
,10051553,Minnesota,51,Grant,,1981-07-31 16:35:00,CST,1981-07-31 16:35:00,0,0,0,0,.03K,0,,F0,Unknown,0.2,33,,,,,45.82,-95.8,,,,,MN,1981-07-31 17:35:00,1981-07-31 17:35:00,True,True
,10061197,Mississippi,93,Marshall,,1981-09-13 16:45:00,CST,1981-09-13 16:45:00,0,0,0,0,2.5K,0,,F1,Unknown,1.0,100,,,,,34.8,-89.58,,,,,MS,1981-09-13 17:45:00,1981-09-13 17:45:00,True,True
,10059482,Missouri,95,Jackson,,1981-06-29 18:05:00,CST,1981-06-29 18:05:00,0,0,0,0,0K,0,,F0,Unknown,1.0,50,,,,,38.92,-94.38,,,,,MO,1981-06-29 19:05:00,1981-06-29 19:05:00,True,True
,10106709,Oklahoma,13,Bryan,,1981-05-23 19:00:00,CST,1981-05-23 19:00:00,0,0,0,0,0K,0,,F1,Unknown,0.0,33,,,,,34.93,-96.57,,,,,OK,1981-05-23 20:00:00,1981-05-23 20:00:00,True,True
,10106710,Oklahoma,41,Delaware,,1981-05-23 19:18:00,CST,1981-05-23 19:18:00,0,0,0,0,0K,0,,F2,Unknown,0.0,33,,,,,36.27,-94.65,,,,,OK,1981-05-23 20:18:00,1981-05-23 20:18:00,True,True
,10106717,Oklahoma,101,Muskogee,,1981-05-28 15:45:00,CST,1981-05-28 15:45:00,0,0,0,0,0K,0,,F1,Unknown,0.0,33,,,,,35.62,-95.17,,,,,OK,1981-05-28 16:45:00,1981-05-28 16:45:00,True,True
,10106719,Oklahoma,75,Kiowa,,1981-05-28 19:00:00,CST,1981-05-28 19:00:00,0,0,0,0,0K,0,,F1,Unknown,0.0,33,,,,,35.0,-99.2,,,,,OK,1981-05-28 20:00:00,1981-05-28 20:00:00,True,True
,10051559,Minnesota,7,Beltrami,,1981-08-02 14:16:00,CST,1981-08-02 14:16:00,0,0,0,0,.25K,0,,F1,Unknown,5.7,713,,,,,47.77,-94.85,47.68,-94.9,,,MN,1981-08-02 15:16:00,1981-08-02 15:16:00,True,True
,10051560,Minnesota,21,Cass,,1981-08-02 15:30:00,CST,1981-08-02 15:30:00,0,0,0,0,2.5M,0,,F1,Unknown,0.5,400,,,,,47.38,-94.47,,,,,MN,1981-08-02 16:30:00,1981-08-02 16:30:00,True,True
,10051563,Minnesota,29,Clearwater,,1981-08-05 15:30:00,CST,1981-08-05 15:30:00,0,0,0,0,2.5K,0,,F2,Unknown,0.8,70,,,,,47.7,-95.25,,,,,MN,1981-08-05 16:30:00,1981-08-05 16:30:00,True,True
,10051564,Minnesota,129,Renville,,1981-08-05 16:00:00,CST,1981-08-05 16:00:00,0,0,0,0,250K,0,,F2,Unknown,0.0,33,,,,,44.75,-95.25,,,,,MN,1981-08-05 17:00:00,1981-08-05 17:00:00,True,True
,10051566,Minnesota,171,Wright,,1981-08-05 19:30:00,CST,1981-08-05 19:30:00,1,0,0,0,25K,0,,F1,Unknown,0.3,200,,,,,45.3,-94.22,,,,,MN,1981-08-05 20:30:00,1981-08-05 20:30:00,True,True
,10087109,North Dakota,29,Emmons,,1981-04-28 18:30:00,CST,1981-04-28 18:30:00,0,0,0,0,.25K,0,,F0,Unknown,0.3,10,,,,,46.3,-100.32,,,,,ND,1981-04-28 19:30:00,1981-04-28 19:30:00,True,True
,10087112,North Dakota,59,Morton,,1981-06-09 14:12:00,CST,1981-06-09 14:12:00,0,0,0,0,0K,0,,F0,Unknown,0.4,13,,,,,46.7,-102.03,,,,,ND,1981-06-09 15:12:00,1981-06-09 15:12:00,True,True
,10087113,North Dakota,37,Grant,,1981-06-09 14:34:00,CST,1981-06-09 14:34:00,0,0,0,0,0K,0,,F0,Unknown,0.3,10,,,,,46.53,-101.37,,,,,ND,1981-06-09 15:34:00,1981-06-09 15:34:00,True,True
,10116362,Pennsylvania,95,Northampton,,1981-07-26 19:35:00,CST,1981-07-26 19:35:00,2,0,0,0,250K,0,,F3,Unknown,3.3,50,,,,,40.77,-75.58,40.8,-75.52,,,PA,1981-07-26 20:35:00,1981-07-26 20:35:00,True,True
,10116363,Pennsylvania,39,Crawford,,1981-07-28 12:00:00,CST,1981-07-28 12:00:00,4,0,0,0,250K,0,,F2,Unknown,2.0,33,,,,,41.62,-79.77,,,,,PA,1981-07-28 13:00:00,1981-07-28 13:00:00,True,True
,10053796,Minnesota,53,Hennepin,,1981-06-14 14:49:00,CST,1981-06-14 14:49:00,23,0,0,0,25M,0,,F3,Unknown,6.2,600,,,,,44.82,-93.27,44.88,-93.17,,,MN,1981-06-14 15:49:00,1981-06-14 15:49:00,True,True
,10053797,Minnesota,13,Blue Earth,,1981-06-14 14:50:00,CST,1981-06-14 14:50:00,0,0,0,0,2.5M,0,,F1,Unknown,2.0,440,,,,,44.17,-94.02,,,,,MN,1981-06-14 15:50:00,1981-06-14 15:50:00,True,True
,10053798,Minnesota,123,Ramsey,,1981-06-14 15:00:00,CST,1981-06-14 15:00:00,60,0,1,0,25M,0,,F3,Unknown,10.0,600,,,,,44.88,-93.17,45.0,-93.03,,,MN,1981-06-14 16:00:00,1981-06-14 16:00:00,True,True
,10116123,Pennsylvania,7,Beaver,,1981-06-21 13:50:00,CST,1981-06-21 13:50:00,0,0,0,0,25K,0,,F1,Unknown,0.0,33,,,,,40.75,-80.17,,,,,PA,1981-06-21 14:50:00,1981-06-21 14:50:00,True,True
,10116124,Pennsylvania,3,Allegheny,,1981-06-21 14:30:00,CST,1981-06-21 14:30:00,0,0,0,0,25K,0,,F1,Unknown,0.0,33,,,,,40.5,-79.92,40.5,-79.92,,,PA,1981-06-21 15:30:00,1981-06-21 15:30:00,True,True
,10116125,Pennsylvania,79,Luzerne,,1981-06-21 15:30:00,CST,1981-06-21 15:30:00,0,0,0,0,25K,0,,F1,Unknown,3.3,17,,,,,41.17,-75.9,41.12,-75.85,,,PA,1981-06-21 16:30:00,1981-06-21 16:30:00,True,True
,10116127,Pennsylvania,21,Cambria,,1981-06-22 11:25:00,CST,1981-06-22 11:25:00,0,0,0,0,25K,0,,F1,Unknown,0.0,33,,,,,40.38,-78.92,,,,,PA,1981-06-22 12:25:00,1981-06-22 12:25:00,True,True
,10051548,Minnesota,91,Martin,,1981-07-24 15:00:00,CST,1981-07-24 15:00:00,0,0,0,0,.03K,0,,F0,Unknown,0.1,7,,,,,43.67,-94.5,,,,,MN,1981-07-24 16:00:00,1981-07-24 16:00:00,True,True
,10123448,South Dakota,102,Oglala Lakota,,1981-07-22 05:00:00,CST,1981-07-22 05:00:00,0,0,0,0,0K,0,,F0,Unknown,0.0,33,,,,,43.18,-102.75,,,,,SD,1981-07-22 06:00:00,1981-07-22 06:00:00,True,True
,10123451,South Dakota,57,Hamlin,,1981-07-22 14:30:00,CST,1981-07-22 14:30:00,0,0,0,0,250K,0,,F2,Unknown,0.0,33,,,,,44.78,-97.1,,,,,SD,1981-07-22 15:30:00,1981-07-22 15:30:00,True,True
,10123453,South Dakota,39,Deuel,,1981-07-22 15:00:00,CST,1981-07-22 15:00:00,0,0,0,0,0K,0,,F0,Unknown,0.0,33,,,,,44.92,-96.82,,,,,SD,1981-07-22 16:00:00,1981-07-22 16:00:00,True,True
,10106455,Oklahoma,101,Muskogee,,1981-05-17 22:00:00,CST,1981-05-17 22:00:00,0,0,0,0,0K,0,,F2,Unknown,0.0,33,,,,,35.62,-95.17,,,,,OK,1981-05-17 23:00:00,1981-05-17 23:00:00,True,True
,10123425,South Dakota,23,Charles Mix,,1981-07-19 17:30:00,CST,1981-07-19 17:30:00,2,0,0,0,0K,0,,F1,Unknown,5.6,33,,,,,43.02,-98.23,42.98,-98.12,,,SD,1981-07-19 18:30:00,1981-07-19 18:30:00,True,True
,10123426,South Dakota,9,Bon Homme,,1981-07-19 17:45:00,CST,1981-07-19 17:45:00,0,0,0,0,0K,0,,F1,Unknown,1.9,33,,,,,42.98,-98.12,42.95,-98.07,,,SD,1981-07-19 18:45:00,1981-07-19 18:45:00,True,True
,10091131,North Carolina,131,Northampton,,1981-09-15 16:00:00,CST,1981-09-15 16:00:00,0,0,0,0,250K,0,,F2,Unknown,1.3,33,,,,,36.47,-77.55,,,,,NC,1981-09-15 17:00:00,1981-09-15 17:00:00,True,True
,10106730,Oklahoma,15,Caddo,,1981-06-01 19:00:00,CST,1981-06-01 19:00:00,0,0,0,0,.03K,0,,F0,Unknown,0.0,33,,,,,35.32,-98.33,,,,,OK,1981-06-01 20:00:00,1981-06-01 20:00:00,True,True
,10106734,Oklahoma,139,Texas,,1981-06-02 17:00:00,CST,1981-06-02 17:00:00,0,0,0,0,0K,0,,F0,Unknown,0.0,33,,,,,36.62,-101.53,,,,,OK,1981-06-02 18:00:00,1981-06-02 18:00:00,True,True
,10106739,Oklahoma,109,Oklahoma,,1981-06-03 20:30:00,CST,1981-06-03 20:30:00,2,0,0,0,2.5M,0,,F1,Unknown,1.0,100,,,,,35.4,-97.5,,,,,OK,1981-06-03 21:30:00,1981-06-03 21:30:00,True,True
,10065453,Nebraska,71,Garfield,,1981-08-04 18:30:00,CST,1981-08-04 18:30:00,0,0,0,0,250K,0,,F2,Unknown,0.2,60,,,,,41.77,-98.83,,,,,NE,1981-08-04 19:30:00,1981-08-04 19:30:00,True,True
,10065455,Nebraska,175,Valley,,1981-08-04 19:15:00,CST,1981-08-04 19:15:00,0,0,0,0,250K,0,,F1,Unknown,0.2,20,,,,,41.68,-98.93,,,,,NE,1981-08-04 20:15:00,1981-08-04 20:15:00,True,True
,9982489,Arkansas,29,Conway,,1981-05-31 16:38:00,CST,1981-05-31 16:38:00,0,0,0,0,0K,0,,F0,Unknown,0.1,27,,,,,35.13,-92.55,,,,,AR,1981-05-31 17:38:00,1981-05-31 17:38:00,True,True
,10043963,Louisiana,45,Iberia,,1981-05-09 21:00:00,CST,1981-05-09 21:00:00,0,0,0,0,25K,0,,F1,Unknown,0.1,70,,,,,29.98,-91.83,,,,,LA,1981-05-09 22:00:00,1981-05-09 22:00:00,True,True
,10043976,Louisiana,111,Union,,1981-05-16 17:30:00,CST,1981-05-16 17:30:00,0,0,0,0,25K,0,,F1,Unknown,20.1,50,,,,,32.82,-92.65,32.98,-92.37,,,LA,1981-05-16 18:30:00,1981-05-16 18:30:00,True,True
,10043977,Louisiana,111,Union,,1981-05-16 17:30:00,CST,1981-05-16 17:30:00,0,0,0,0,25K,0,,F1,Unknown,24.5,50,,,,,32.77,-92.4,32.98,-92.07,,,LA,1981-05-16 18:30:00,1981-05-16 18:30:00,True,True
,9984546,Colorado,75,Logan,,1981-06-13 19:30:00,CST,1981-06-13 19:30:00,0,0,0,0,0K,0,,F1,Unknown,1.0,40,,,,,40.8,-103.07,,,,,CO,1981-06-13 20:30:00,1981-06-13 20:30:00,True,True
,10043960,Louisiana,1,Acadia,,1981-05-09 20:05:00,CST,1981-05-09 20:05:00,0,0,0,0,2.5K,0,,F1,Unknown,0.1,120,,,,,30.18,-92.37,,,,,LA,1981-05-09 21:05:00,1981-05-09 21:05:00,True,True
,9984530,Colorado,123,Weld,,1981-06-03 16:00:00,CST,1981-06-03 16:00:00,0,0,0,0,0K,0,,F1,Unknown,0.2,40,,,,,40.62,-104.78,,,,,CO,1981-06-03 17:00:00,1981-06-03 17:00:00,True,True
,10058293,Missouri,75,Gentry,,1981-04-13 18:39:00,CST,1981-04-13 18:39:00,0,0,0,0,250K,0,,F1,Unknown,1.0,100,,,,,40.2,-94.42,,,,,MO,1981-04-13 18:39:00,1981-04-13 18:39:00,False,False
,10059435,Missouri,31,Cape Girardeau,,1981-05-24 14:55:00,CST,1981-05-24 14:55:00,0,0,0,0,2.5M,0,,F2,Unknown,2.7,400,,,,,37.2,-89.72,37.2,-89.67,,,MO,1981-05-24 15:55:00,1981-05-24 15:55:00,True,True
,10059436,Missouri,201,Scott,,1981-05-24 15:00:00,CST,1981-05-24 15:00:00,1,0,0,0,2.5M,0,,F2,Unknown,6.4,33,,,,,37.2,-89.67,37.2,-89.55,,,MO,1981-05-24 16:00:00,1981-05-24 16:00:00,True,True
,10059440,Missouri,69,Dunklin,,1981-06-04 16:30:00,CST,1981-06-04 16:30:00,0,0,0,0,0K,0,,F0,Unknown,0.1,50,,,,,36.57,-89.97,,,,,MO,1981-06-04 17:30:00,1981-06-04 17:30:00,True,True
,10059461,Missouri,219,Warren,,1981-06-21 01:10:00,CST,1981-06-21 01:10:00,6,0,1,0,250K,0,,F2,Unknown,6.5,300,,,,,38.83,-91.13,38.8,-91.02,,,MO,1981-06-21 02:10:00,1981-06-21 02:10:00,True,True
,10059466,Missouri,95,Jackson,,1981-06-21 17:58:00,CST,1981-06-21 17:58:00,0,0,0,0,0K,0,,F0,Unknown,1.0,50,,,,,38.88,-94.57,,,,,MO,1981-06-21 18:58:00,1981-06-21 18:58:00,True,True
,10059467,Missouri,95,Jackson,,1981-06-21 18:14:00,CST,1981-06-21 18:14:00,0,0,0,0,0K,0,,F0,Unknown,1.0,50,,,,,39.03,-94.6,,,,,MO,1981-06-21 19:14:00,1981-06-21 19:14:00,True,True
,10059468,Missouri,37,Cass,,1981-06-21 18:14:00,CST,1981-06-21 18:14:00,0,0,0,0,0K,0,,F0,Unknown,1.0,50,,,,,38.8,-94.5,,,,,MO,1981-06-21 19:14:00,1981-06-21 19:14:00,True,True
,10059469,Missouri,95,Jackson,,1981-06-21 18:38:00,CST,1981-06-21 18:38:00,0,0,0,0,.25K,0,,F0,Unknown,0.3,50,,,,,39.0,-94.57,,,,,MO,1981-06-21 19:38:00,1981-06-21 19:38:00,True,True
,10059470,Missouri,37,Cass,,1981-06-21 20:05:00,CST,1981-06-21 20:05:00,0,0,0,0,0K,0,,F0,Unknown,1.0,50,,,,,38.48,-94.6,,,,,MO,1981-06-21 21:05:00,1981-06-21 21:05:00,True,True
,10078481,New Mexico,35,Otero,,1981-08-02 22:00:00,CST,1981-08-02 22:00:00,0,0,0,0,0K,0,,F0,Unknown,0.0,33,,,,,32.42,-106.33,,,,,NM,1981-08-02 23:00:00,1981-08-02 23:00:00,True,True
,10078482,New Mexico,35,Otero,,1981-08-05 12:15:00,CST,1981-08-05 12:15:00,0,0,0,0,0K,0,,F0,Unknown,0.0,33,,,,,32.83,-105.42,,,,,NM,1981-08-05 13:15:00,1981-08-05 13:15:00,True,True
,10059446,Missouri,95,Jackson,,1981-06-15 06:45:00,CST,1981-06-15 06:45:00,1,0,0,0,250K,0,,F1,Unknown,1.0,50,,,,,38.92,-94.53,,,,,MO,1981-06-15 07:45:00,1981-06-15 07:45:00,True,True
,10059449,Missouri,159,Pettis,,1981-06-15 18:10:00,CST,1981-06-15 18:10:00,0,0,0,0,250K,0,,F1,Unknown,2.3,50,,,,,38.73,-93.27,38.75,-93.22,,,MO,1981-06-15 19:10:00,1981-06-15 19:10:00,True,True
,10059450,Missouri,37,Cass,,1981-06-19 19:43:00,CST,1981-06-19 19:43:00,0,0,0,0,0K,0,,F0,Unknown,7.1,50,,,,,38.63,-94.55,38.65,-94.42,,,MO,1981-06-19 20:43:00,1981-06-19 20:43:00,True,True
,10059452,Missouri,37,Cass,,1981-06-19 20:10:00,CST,1981-06-19 20:10:00,0,0,0,0,0K,0,,F0,Unknown,1.0,50,,,,,38.63,-94.57,,,,,MO,1981-06-19 21:10:00,1981-06-19 21:10:00,True,True
,10059459,Missouri,159,Pettis,,1981-06-20 22:30:00,CST,1981-06-20 22:30:00,0,0,0,0,2.5K,0,,F1,Unknown,1.0,50,,,,,38.9,-93.37,,,,,MO,1981-06-20 23:30:00,1981-06-20 23:30:00,True,True
,10043949,Louisiana,95,St. John The Baptist,,1981-04-30 17:00:00,CST,1981-04-30 17:00:00,0,0,0,0,2.5K,0,,F0,Unknown,0.0,33,,,,,30.07,-90.57,,,,,LA,1981-04-30 18:00:00,1981-04-30 18:00:00,True,True
,10065436,Nebraska,145,Red Willow,,1981-07-25 23:00:00,CST,1981-07-25 23:00:00,0,0,0,0,.03K,0,,F0,Unknown,0.1,20,,,,,40.07,-100.6,,,,,NE,1981-07-26 00:00:00,1981-07-26 00:00:00,True,True
,10059429,Missouri,165,Platte,,1981-05-23 15:53:00,CST,1981-05-23 15:53:00,0,0,0,0,.03K,0,,F0,Unknown,3.8,50,,,,,39.28,-94.77,39.32,-94.7,,,MO,1981-05-23 16:53:00,1981-05-23 16:53:00,True,True
,10059430,Missouri,217,Vernon,,1981-05-23 17:55:00,CST,1981-05-23 17:55:00,0,0,0,0,0K,0,,F0,Unknown,0.5,50,,,,,37.9,-94.37,,,,,MO,1981-05-23 18:55:00,1981-05-23 18:55:00,True,True
,10068827,Nebraska,111,Lincoln,,1981-06-13 22:00:00,CST,1981-06-13 22:00:00,0,0,0,0,25K,0,,F1,Unknown,14.4,30,,,,,41.2,-101.05,41.2,-100.77,,,NE,1981-06-13 23:00:00,1981-06-13 23:00:00,True,True
,10054963,Minnesota,37,Dakota,,1981-04-29 14:55:00,CST,1981-04-29 14:55:00,0,0,0,0,250K,0,,F1,Unknown,0.5,200,,,,,44.48,-93.13,,,,,MN,1981-04-29 15:55:00,1981-04-29 15:55:00,True,True
,10054964,Minnesota,109,Olmsted,,1981-04-29 14:55:00,CST,1981-04-29 14:55:00,2,0,0,0,2.5M,0,,F2,Unknown,0.0,100,,,,,44.2,-92.65,44.2,-92.6,,,MN,1981-04-29 15:55:00,1981-04-29 15:55:00,True,True
,10054967,Minnesota,109,Olmsted,,1981-04-29 15:28:00,CST,1981-04-29 15:28:00,0,0,0,0,0K,0,,F0,Unknown,0.5,90,,,,,43.98,-92.23,,,,,MN,1981-04-29 16:28:00,1981-04-29 16:28:00,True,True
,10054968,Minnesota,109,Olmsted,,1981-04-29 15:30:00,CST,1981-04-29 15:30:00,0,0,0,0,2.5K,0,,F0,Unknown,0.8,300,,,,,43.85,-92.48,,,,,MN,1981-04-29 16:30:00,1981-04-29 16:30:00,True,True
,10038782,Maryland,15,Cecil,,1981-05-15 15:09:00,CST,1981-05-15 15:09:00,2,0,0,0,2.5M,0,,F2,Unknown,1.5,27,,,,,39.6,-75.83,,,,,MD,1981-05-15 16:09:00,1981-05-15 16:09:00,True,True
,10038493,Michigan,71,Iron,,1981-06-14 17:12:00,CST,1981-06-14 17:12:00,0,0,0,0,2.5K,0,,F2,Unknown,1.3,90,,,,,46.08,-88.17,46.1,-88.12,,,MI,1981-06-14 18:12:00,1981-06-14 18:12:00,True,True
,10038494,Michigan,43,Dickinson,,1981-06-14 17:20:00,CST,1981-06-14 17:20:00,0,0,0,0,2.5K,0,,F2,Unknown,1.3,33,,,,,46.1,-88.12,46.12,-88.07,,,MI,1981-06-14 18:20:00,1981-06-14 18:20:00,True,True
,10038504,Michigan,21,Berrien,,1981-06-20 18:21:00,CST,1981-06-20 18:21:00,0,0,0,0,250K,0,,F2,Unknown,1.5,500,,,,,41.95,-86.35,,,,,MI,1981-06-20 19:21:00,1981-06-20 19:21:00,True,True
,10038506,Michigan,69,Iosco,,1981-06-29 14:40:00,CST,1981-06-29 14:40:00,0,0,0,0,25K,0,,F1,Unknown,5.6,33,,,,,44.35,-83.87,44.38,-83.75,,,MI,1981-06-29 15:40:00,1981-06-29 15:40:00,True,True
,10108941,Oklahoma,23,Choctaw,,1981-04-03 19:00:00,CST,1981-04-03 19:00:00,0,0,0,0,25K,0,,F1,Unknown,2.0,33,,,,,34.02,-95.87,,,,,OK,1981-04-03 19:00:00,1981-04-03 19:00:00,False,False
,10108947,Oklahoma,75,Kiowa,,1981-04-11 19:00:00,CST,1981-04-11 19:00:00,0,0,0,0,0K,0,,F0,Unknown,0.0,33,,,,,34.67,-99.0,,,,,OK,1981-04-11 19:00:00,1981-04-11 19:00:00,False,False
,10108950,Oklahoma,75,Kiowa,,1981-04-12 18:30:00,CST,1981-04-12 18:30:00,0,0,0,0,25K,0,,F1,Unknown,1.0,7,,,,,34.87,-99.15,,,,,OK,1981-04-12 18:30:00,1981-04-12 18:30:00,False,False
,10038490,Michigan,25,Calhoun,,1981-04-17 18:25:00,CST,1981-04-17 18:25:00,0,0,0,0,2.5K,0,,F0,Unknown,0.6,27,,,,,42.28,-84.98,,,,,MI,1981-04-17 18:25:00,1981-04-17 18:25:00,False,False
,10080308,New Hampshire,17,Strafford,,1981-06-22 13:30:00,CST,1981-06-22 13:30:00,0,0,0,0,2.5M,0,,F2,Unknown,8.7,40,,,,,43.43,-71.17,43.38,-71.0,,,NH,1981-06-22 14:30:00,1981-06-22 14:30:00,True,True
,10087121,North Dakota,35,Grand Forks,,1981-06-27 20:29:00,CST,1981-06-27 20:29:00,0,0,0,0,0K,0,,F0,Unknown,0.3,10,,,,,47.7,-97.53,,,,,ND,1981-06-27 21:29:00,1981-06-27 21:29:00,True,True
,10096239,Ohio,99,Mahoning,,1981-06-22 05:50:00,CST,1981-06-22 05:50:00,6,0,0,0,2.5M,0,,F1,Unknown,2.0,200,,,,,41.02,-80.95,,,,,OH,1981-06-22 06:50:00,1981-06-22 06:50:00,True,True
,10043343,Louisiana,51,Jefferson,,1981-09-03 14:20:00,CST,1981-09-03 14:20:00,0,0,0,0,.03K,0,,F0,Unknown,0.1,3,,,,,29.98,-90.23,,,,,LA,1981-09-03 15:20:00,1981-09-03 15:20:00,True,True
,10082599,New Jersey,27,Morris,,1981-07-20 19:00:00,CST,1981-07-20 19:00:00,0,0,0,0,0K,0,,F2,Unknown,3.6,250,,,,,40.92,-74.75,40.87,-74.7,,,NJ,1981-07-20 20:00:00,1981-07-20 20:00:00,True,True
,10082600,New Jersey,41,Warren,,1981-10-26 18:00:00,CST,1981-10-26 18:00:00,0,0,0,0,0K,0,,F2,Unknown,0.8,400,,,,,40.87,-74.88,,,,,NJ,1981-10-26 18:00:00,1981-10-26 18:00:00,False,False
,10116114,Pennsylvania,19,Butler,,1981-04-28 15:07:00,CST,1981-04-28 15:07:00,0,0,0,0,25K,0,,F2,Unknown,0.5,33,,,,,40.73,-79.73,,,,,PA,1981-04-28 16:07:00,1981-04-28 16:07:00,True,True
,10116115,Pennsylvania,25,Carbon,,1981-04-29 17:30:00,CST,1981-04-29 17:30:00,0,0,0,0,25K,0,,F2,Unknown,0.0,33,,,,,40.82,-75.58,,,,,PA,1981-04-29 18:30:00,1981-04-29 18:30:00,True,True
,10116116,Pennsylvania,65,Jefferson,,1981-05-11 09:45:00,CST,1981-05-11 09:45:00,0,0,0,0,25K,0,,F1,Unknown,0.0,33,,,,,41.1,-78.9,,,,,PA,1981-05-11 10:45:00,1981-05-11 10:45:00,True,True
,10105566,Oklahoma,71,Kay,,1981-05-17 14:25:00,CST,1981-05-17 14:25:00,0,0,0,0,0K,0,,F0,Unknown,18.7,33,,,,,36.83,-97.37,36.98,-97.08,,,OK,1981-05-17 15:25:00,1981-05-17 15:25:00,True,True
,10105567,Oklahoma,47,Garfield,,1981-05-17 15:30:00,CST,1981-05-17 15:30:00,0,0,0,0,.03K,0,,F1,Unknown,1.0,33,,,,,36.43,-97.53,,,,,OK,1981-05-17 16:30:00,1981-05-17 16:30:00,True,True
,10105572,Oklahoma,103,Noble,,1981-05-17 16:30:00,CST,1981-05-17 16:30:00,0,0,0,0,.03K,0,,F1,Unknown,0.5,10,,,,,36.55,-97.07,,,,,OK,1981-05-17 17:30:00,1981-05-17 17:30:00,True,True
,10116367,Pennsylvania,121,Venango,,1981-08-07 16:15:00,CST,1981-08-07 16:15:00,0,0,0,0,250K,0,,F2,Unknown,0.0,33,,,,,41.4,-79.85,,,,,PA,1981-08-07 17:15:00,1981-08-07 17:15:00,True,True
,10116368,Pennsylvania,39,Crawford,,1981-09-01 15:45:00,CST,1981-09-01 15:45:00,0,0,0,0,25K,0,,F1,Unknown,0.0,33,,,,,41.52,-80.38,,,,,PA,1981-09-01 16:45:00,1981-09-01 16:45:00,True,True
,10071403,Montana,27,Fergus,,1981-05-28 15:00:00,CST,1981-05-28 15:00:00,0,0,0,0,0K,0,,F2,Unknown,1.5,100,,,,,47.35,-109.05,,,,,MT,1981-05-28 16:00:00,1981-05-28 16:00:00,True,True
,10116352,Pennsylvania,95,Northampton,,1981-07-20 15:30:00,CST,1981-07-20 15:30:00,0,0,0,0,25K,0,,F2,Unknown,4.1,67,,,,,40.85,-75.15,40.92,-75.12,,,PA,1981-07-20 16:30:00,1981-07-20 16:30:00,True,True
,10116357,Pennsylvania,63,Indiana,,1981-07-26 13:30:00,CST,1981-07-26 13:30:00,0,0,0,0,250K,0,,F2,Unknown,0.0,33,,,,,40.57,-79.23,,,,,PA,1981-07-26 14:30:00,1981-07-26 14:30:00,True,True
,10116358,Pennsylvania,21,Cambria,,1981-07-26 14:00:00,CST,1981-07-26 14:00:00,0,0,0,0,25K,0,,F1,Unknown,0.0,33,,,,,40.37,-78.62,,,,,PA,1981-07-26 15:00:00,1981-07-26 15:00:00,True,True
,10116359,Pennsylvania,21,Cambria,,1981-07-26 14:05:00,CST,1981-07-26 14:05:00,0,0,0,0,25K,0,,F1,Unknown,0.0,33,,,,,40.32,-78.98,,,,,PA,1981-07-26 15:05:00,1981-07-26 15:05:00,True,True
,10116360,Pennsylvania,107,Schuylkill,,1981-07-26 18:00:00,CST,1981-07-26 18:00:00,0,0,0,0,25K,0,,F2,Unknown,0.0,33,,,,,40.87,-76.25,,,,,PA,1981-07-26 19:00:00,1981-07-26 19:00:00,True,True
,10108933,Oklahoma,45,Ellis,,1981-03-04 16:25:00,CST,1981-03-04 16:25:00,0,0,0,0,0K,0,,F0,Unknown,0.3,13,,,,,36.3,-99.88,,,,,OK,1981-03-04 16:25:00,1981-03-04 16:25:00,False,False
,10105560,Oklahoma,29,Coal,,1981-05-13 16:10:00,CST,1981-05-13 16:10:00,0,0,0,0,2.5K,0,,F2,Unknown,4.5,100,,,,,34.48,-96.22,34.43,-96.17,,,OK,1981-05-13 17:10:00,1981-05-13 17:10:00,True,True
,10105561,Oklahoma,5,Atoka,,1981-05-13 16:35:00,CST,1981-05-13 16:35:00,0,0,0,0,.03K,0,,F1,Unknown,2.0,50,,,,,34.47,-96.02,,,,,OK,1981-05-13 17:35:00,1981-05-13 17:35:00,True,True
,10105563,Oklahoma,127,Pushmataha,,1981-05-13 17:30:00,CST,1981-05-13 17:30:00,0,0,0,0,.03K,0,,F1,Unknown,0.0,33,,,,,34.25,-95.72,,,,,OK,1981-05-13 18:30:00,1981-05-13 18:30:00,True,True
,10106457,Oklahoma,149,Washita,,1981-05-22 16:17:00,CST,1981-05-22 16:17:00,0,0,0,0,250K,0,,F2,Unknown,6.9,200,,,,,35.32,-99.0,35.4,-98.93,,,OK,1981-05-22 17:17:00,1981-05-22 17:17:00,True,True
,10106459,Oklahoma,149,Washita,,1981-05-22 17:25:00,CST,1981-05-22 17:25:00,0,0,0,0,0K,0,,F1,Unknown,1.0,50,,,,,35.17,-98.85,,,,,OK,1981-05-22 18:25:00,1981-05-22 18:25:00,True,True
,10106460,Oklahoma,149,Washita,,1981-05-22 18:07:00,CST,1981-05-22 18:07:00,0,0,0,0,0K,0,,F2,Unknown,2.7,300,,,,,35.25,-98.67,35.27,-98.63,,,OK,1981-05-22 19:07:00,1981-05-22 19:07:00,True,True
,10105532,Oklahoma,51,Grady,,1981-04-30 20:15:00,CST,1981-04-30 20:15:00,4,0,1,0,250K,0,,F2,Unknown,29.1,7,,,,,35.3,-97.97,34.88,-97.88,,,OK,1981-04-30 21:15:00,1981-04-30 21:15:00,True,True
,10105533,Oklahoma,51,Grady,,1981-04-30 20:25:00,CST,1981-04-30 20:25:00,0,0,0,0,250K,0,,F1,Unknown,14.0,33,,,,,34.92,-98.17,34.77,-98.0,,,OK,1981-04-30 21:25:00,1981-04-30 21:25:00,True,True
,10105558,Oklahoma,29,Coal,,1981-05-13 15:45:00,CST,1981-05-13 15:45:00,0,0,0,0,.03K,0,,F1,Unknown,0.0,33,,,,,34.67,-96.38,,,,,OK,1981-05-13 16:45:00,1981-05-13 16:45:00,True,True
,10058284,Missouri,87,Holt,,1981-04-13 14:28:00,CST,1981-04-13 14:28:00,0,0,0,0,.03K,0,,F0,Unknown,2.8,100,,,,,39.95,-95.22,,,,,MO,1981-04-13 14:28:00,1981-04-13 14:28:00,False,False
,10058285,Missouri,3,Andrew,,1981-04-13 14:42:00,CST,1981-04-13 14:42:00,0,0,0,0,.03K,0,,F0,Unknown,2.0,100,,,,,39.97,-94.97,,,,,MO,1981-04-13 14:42:00,1981-04-13 14:42:00,False,False
,10058286,Missouri,87,Holt,,1981-04-13 14:51:00,CST,1981-04-13 14:51:00,0,0,0,0,2.5K,0,,F1,Unknown,1.0,100,,,,,39.97,-95.22,,,,,MO,1981-04-13 14:51:00,1981-04-13 14:51:00,False,False
,10081536,New Jersey,5,Burlington,,1981-06-21 16:15:00,CST,1981-06-21 16:15:00,0,0,0,0,250K,0,,F1,Unknown,0.0,33,,,,,40.07,-74.2,,,,,NJ,1981-06-21 17:15:00,1981-06-21 17:15:00,True,True
,10106696,Oklahoma,49,Garvin,,1981-05-23 16:00:00,CST,1981-05-23 16:00:00,0,0,0,0,0K,0,,F1,Unknown,2.0,50,,,,,34.53,-97.28,,,,,OK,1981-05-23 17:00:00,1981-05-23 17:00:00,True,True
,10106698,Oklahoma,105,Nowata,,1981-05-23 16:30:00,CST,1981-05-23 16:30:00,0,0,0,0,0K,0,,F0,Unknown,0.0,33,,,,,36.87,-95.65,,,,,OK,1981-05-23 17:30:00,1981-05-23 17:30:00,True,True
,10106699,Oklahoma,99,Murray,,1981-05-23 17:05:00,CST,1981-05-23 17:05:00,0,0,0,0,0K,0,,F1,Unknown,0.0,33,,,,,34.5,-96.98,,,,,OK,1981-05-23 18:05:00,1981-05-23 18:05:00,True,True
,10106702,Oklahoma,125,Pottawatomie,,1981-05-23 17:25:00,CST,1981-05-23 17:25:00,0,0,0,0,0K,0,,F1,Unknown,0.0,33,,,,,35.37,-97.12,,,,,OK,1981-05-23 18:25:00,1981-05-23 18:25:00,True,True
,10106703,Oklahoma,125,Pottawatomie,,1981-05-23 17:30:00,CST,1981-05-23 17:30:00,0,0,0,0,0K,0,,F1,Unknown,0.0,33,,,,,35.42,-96.9,,,,,OK,1981-05-23 18:30:00,1981-05-23 18:30:00,True,True
,10106704,Oklahoma,147,Washington,,1981-05-23 17:30:00,CST,1981-05-23 17:30:00,0,0,0,0,0K,0,,F2,Unknown,5.7,100,,,,,36.93,-95.88,36.95,-95.78,,,OK,1981-05-23 18:30:00,1981-05-23 18:30:00,True,True
,10106705,Oklahoma,105,Nowata,,1981-05-23 17:35:00,CST,1981-05-23 17:35:00,3,0,0,0,250K,0,,F2,Unknown,4.5,100,,,,,36.95,-95.7,36.98,-95.63,,,OK,1981-05-23 18:35:00,1981-05-23 18:35:00,True,True
,10106706,Oklahoma,105,Nowata,,1981-05-23 18:00:00,CST,1981-05-23 18:00:00,3,0,0,0,0K,0,,F2,Unknown,9.5,33,,,,,36.95,-95.78,36.98,-95.62,,,OK,1981-05-23 19:00:00,1981-05-23 19:00:00,True,True
,10083742,North Dakota,37,Grant,,1981-07-24 14:15:00,CST,1981-07-24 14:15:00,0,0,0,0,0K,0,,F0,Unknown,0.4,10,,,,,46.52,-101.82,,,,,ND,1981-07-24 15:15:00,1981-07-24 15:15:00,True,True
,10083752,North Dakota,59,Morton,,1981-07-30 16:03:00,CST,1981-07-30 16:03:00,0,0,0,0,2.5K,0,,F0,Unknown,0.5,90,,,,,46.85,-101.65,,,,,ND,1981-07-30 17:03:00,1981-07-30 17:03:00,True,True
,10083756,North Dakota,59,Morton,,1981-07-30 17:20:00,CST,1981-07-30 17:20:00,0,0,0,0,250K,0,,F3,Unknown,20.9,500,,,,,46.73,-101.13,46.67,-100.7,,,ND,1981-07-30 18:20:00,1981-07-30 18:20:00,True,True
,10083758,North Dakota,103,Wells,,1981-07-30 17:47:00,CST,1981-07-30 17:47:00,0,0,0,0,0K,0,,F0,Unknown,0.4,10,,,,,47.85,-99.62,,,,,ND,1981-07-30 18:47:00,1981-07-30 18:47:00,True,True
,10083762,North Dakota,15,Burleigh,,1981-07-30 18:00:00,CST,1981-07-30 18:00:00,0,0,0,0,250K,0,,F3,Unknown,3.0,33,,,,,46.67,-100.7,46.65,-100.62,,,ND,1981-07-30 19:00:00,1981-07-30 19:00:00,True,True
,10053843,Minnesota,129,Renville,,1981-06-23 21:30:00,CST,1981-06-23 21:30:00,0,0,0,0,250K,0,,F2,Unknown,6.8,150,,,,,44.83,-95.33,44.78,-95.2,,,MN,1981-06-23 22:30:00,1981-06-23 22:30:00,True,True
,10068875,Nebraska,107,Knox,,1981-06-21 04:00:00,CST,1981-06-21 04:00:00,0,0,0,0,250K,0,,F1,Unknown,0.5,40,,,,,42.75,-98.03,,,,,NE,1981-06-21 05:00:00,1981-06-21 05:00:00,True,True
,9982436,Arkansas,51,Garland,,1981-05-13 20:25:00,CST,1981-05-13 20:25:00,0,0,0,0,25K,0,,F1,Unknown,0.1,50,,,,,34.45,-93.43,,,,,AR,1981-05-13 21:25:00,1981-05-13 21:25:00,True,True
,9982442,Arkansas,27,Columbia,,1981-05-13 21:15:00,CST,1981-05-13 21:15:00,4,0,0,0,250K,0,,F2,Unknown,14.6,440,,,,,33.27,-93.38,33.23,-93.13,,,AR,1981-05-13 22:15:00,1981-05-13 22:15:00,True,True
,9982443,Arkansas,129,Searcy,,1981-05-13 21:16:00,CST,1981-05-13 21:16:00,0,0,0,0,2.5K,0,,F0,Unknown,2.0,440,,,,,36.02,-92.63,,,,,AR,1981-05-13 22:16:00,1981-05-13 22:16:00,True,True
,9982451,Arkansas,41,Desha,,1981-05-16 22:23:00,CST,1981-05-16 22:23:00,0,0,0,0,25K,0,,F2,Unknown,5.7,660,,,,,33.88,-91.65,33.88,-91.55,,,AR,1981-05-16 23:23:00,1981-05-16 23:23:00,True,True
,9982452,Arkansas,79,Lincoln,,1981-05-16 22:35:00,CST,1981-05-16 22:35:00,5,0,0,0,250K,0,,F2,Unknown,6.8,33,,,,,33.88,-91.55,33.88,-91.43,,,AR,1981-05-16 23:35:00,1981-05-16 23:35:00,True,True
,9982457,Arkansas,27,Columbia,,1981-05-18 15:00:00,CST,1981-05-18 15:00:00,0,0,0,0,2.5K,0,,F1,Unknown,10.2,440,,,,,33.03,-93.08,33.08,-92.92,,,AR,1981-05-18 16:00:00,1981-05-18 16:00:00,True,True
,9984516,Colorado,123,Weld,,1981-05-31 16:10:00,CST,1981-05-31 16:10:00,0,0,0,0,0K,0,,F1,Unknown,0.2,27,,,,,40.38,-104.83,,,,,CO,1981-05-31 17:10:00,1981-05-31 17:10:00,True,True
,9984519,Colorado,1,Adams,,1981-06-02 19:40:00,CST,1981-06-02 19:40:00,0,0,0,0,0K,0,,F1,Unknown,0.5,50,,,,,39.87,-104.78,,,,,CO,1981-06-02 20:40:00,1981-06-02 20:40:00,True,True
,9984520,Colorado,59,Jefferson,,1981-06-03 14:20:00,CST,1981-06-03 14:20:00,0,0,0,0,2.5M,0,,F2,Unknown,0.0,50,,,,,39.72,-105.05,39.73,-105.03,,,CO,1981-06-03 15:20:00,1981-06-03 15:20:00,True,True
,9984521,Colorado,31,Denver,,1981-06-03 14:25:00,CST,1981-06-03 14:25:00,0,0,0,0,2.5M,0,,F2,Unknown,0.0,33,,,,,39.73,-105.03,39.73,-105.02,,,CO,1981-06-03 15:25:00,1981-06-03 15:25:00,True,True
,10056399,Missouri,69,Dunklin,,1981-08-27 10:30:00,CST,1981-08-27 10:30:00,0,0,0,0,25K,0,,F1,Unknown,1.0,50,,,,,36.13,-90.17,,,,,MO,1981-08-27 11:30:00,1981-08-27 11:30:00,True,True
,10059472,Missouri,11,Barton,,1981-06-22 09:02:00,CST,1981-06-22 09:02:00,0,0,0,0,25K,0,,F1,Unknown,3.6,50,,,,,37.43,-94.35,37.45,-94.28,,,MO,1981-06-22 10:02:00,1981-06-22 10:02:00,True,True
,10054947,Minnesota,97,Morrison,,1981-03-25 13:15:00,CST,1981-03-25 13:15:00,0,0,0,0,25K,0,,F2,Unknown,3.0,50,,,,,45.83,-94.18,,,,,MN,1981-03-25 13:15:00,1981-03-25 13:15:00,False,False
,10043296,Louisiana,29,Concordia,,1981-06-03 12:05:00,CST,1981-06-03 12:05:00,0,0,0,0,2.5K,0,,F2,Unknown,0.5,30,,,,,31.63,-91.57,,,,,LA,1981-06-03 13:05:00,1981-06-03 13:05:00,True,True
,10043297,Louisiana,79,Rapides,,1981-06-05 05:40:00,CST,1981-06-05 05:40:00,0,0,0,0,2.5K,0,,F0,Unknown,0.1,7,,,,,31.4,-92.88,,,,,LA,1981-06-05 06:40:00,1981-06-05 06:40:00,True,True
,9977384,Alabama,3,Baldwin,,1981-08-18 14:20:00,CST,1981-08-18 14:20:00,0,0,0,0,.03K,0,,F0,Unknown,0.1,20,,,,,30.68,-87.87,,,,,AL,1981-08-18 15:20:00,1981-08-18 15:20:00,True,True
,9984525,Colorado,1,Adams,,1981-06-03 14:55:00,CST,1981-06-03 14:55:00,42,0,0,0,25M,0,,F2,Unknown,2.3,133,,,,,39.87,-104.98,,,,,CO,1981-06-03 15:55:00,1981-06-03 15:55:00,True,True
,9984526,Colorado,123,Weld,,1981-06-03 15:18:00,CST,1981-06-03 15:18:00,2,0,0,0,2.5M,0,,F1,Unknown,0.9,50,,,,,40.08,-104.83,,,,,CO,1981-06-03 16:18:00,1981-06-03 16:18:00,True,True
,9984527,Colorado,123,Weld,,1981-06-03 15:20:00,CST,1981-06-03 15:20:00,0,0,0,0,0K,0,,F1,Unknown,0.3,40,,,,,40.22,-104.82,,,,,CO,1981-06-03 16:20:00,1981-06-03 16:20:00,True,True
,9984528,Colorado,35,Douglas,,1981-06-03 15:30:00,CST,1981-06-03 15:30:00,0,0,0,0,0K,0,,F1,Unknown,0.3,40,,,,,39.35,-104.72,,,,,CO,1981-06-03 16:30:00,1981-06-03 16:30:00,True,True
,9984529,Colorado,123,Weld,,1981-06-03 15:48:00,CST,1981-06-03 15:48:00,0,0,0,0,0K,0,,F1,Unknown,0.2,40,,,,,40.43,-104.87,,,,,CO,1981-06-03 16:48:00,1981-06-03 16:48:00,True,True
,10068802,Nebraska,119,Madison,,1981-06-13 16:25:00,CST,1981-06-13 16:25:00,0,0,0,0,250K,0,,F1,Unknown,8.8,50,,,,,41.98,-97.82,42.08,-97.7,,,NE,1981-06-13 17:25:00,1981-06-13 17:25:00,True,True
,10067669,Nebraska,109,Lancaster,,1981-04-03 14:15:00,CST,1981-04-03 14:15:00,0,0,0,0,250K,0,,F2,Unknown,8.3,50,,,,,40.87,-96.87,40.88,-96.7,,,NE,1981-04-03 14:15:00,1981-04-03 14:15:00,False,False
,10068804,Nebraska,11,Boone,,1981-06-13 17:10:00,CST,1981-06-13 17:10:00,0,0,0,0,.25K,0,,F0,Unknown,0.2,10,,,,,41.85,-98.08,,,,,NE,1981-06-13 18:10:00,1981-06-13 18:10:00,True,True
,9984016,Arizona,21,Pinal,,1981-09-05 16:25:00,CST,1981-09-05 16:25:00,0,0,0,0,250K,0,,F1,Unknown,2.0,40,,,,,32.7,-111.97,,,,,AZ,1981-09-05 16:25:00,1981-09-05 16:25:00,False,False
,9984017,Arizona,13,Maricopa,,1981-09-05 16:27:00,CST,1981-09-05 16:27:00,0,0,0,0,250K,0,,F1,Unknown,1.0,40,,,,,32.95,-112.72,,,,,AZ,1981-09-05 16:27:00,1981-09-05 16:27:00,False,False
,9984018,Arizona,13,Maricopa,,1981-09-05 20:20:00,CST,1981-09-05 20:20:00,0,0,0,0,250K,0,,F1,Unknown,1.0,30,,,,,33.67,-112.32,,,,,AZ,1981-09-05 20:20:00,1981-09-05 20:20:00,False,False
,10051527,Minnesota,71,Koochiching,,1981-07-16 18:30:00,CST,1981-07-16 18:30:00,0,0,0,0,.03K,0,,F0,Unknown,2.3,10,,,,,48.3,-93.75,48.32,-93.67,,,MN,1981-07-16 19:30:00,1981-07-16 19:30:00,True,True
,10051531,Minnesota,57,Hubbard,,1981-07-20 15:00:00,CST,1981-07-20 15:00:00,0,0,0,0,.03K,0,,F0,Unknown,0.1,20,,,,,44.37,-92.33,,,,,MN,1981-07-20 16:00:00,1981-07-20 16:00:00,True,True
,9984506,Colorado,87,Morgan,,1981-05-11 20:22:00,CST,1981-05-11 20:22:00,0,0,0,0,0K,0,,F1,Unknown,0.1,20,,,,,40.33,-103.8,,,,,CO,1981-05-11 21:22:00,1981-05-11 21:22:00,True,True
,9984507,Colorado,99,Prowers,,1981-05-16 16:00:00,CST,1981-05-16 16:00:00,0,0,0,0,0K,0,,F1,Unknown,0.1,20,,,,,38.13,-102.67,,,,,CO,1981-05-16 17:00:00,1981-05-16 17:00:00,True,True
,9984514,Colorado,31,Denver,,1981-05-28 16:48:00,CST,1981-05-28 16:48:00,0,0,0,0,0K,0,,F1,Unknown,0.1,30,,,,,39.82,-104.88,,,,,CO,1981-05-28 17:48:00,1981-05-28 17:48:00,True,True
,9984515,Colorado,123,Weld,,1981-05-31 16:03:00,CST,1981-05-31 16:03:00,0,0,0,0,2.5K,0,,F1,Unknown,0.3,30,,,,,40.18,-105.0,,,,,CO,1981-05-31 17:03:00,1981-05-31 17:03:00,True,True
,10043286,Louisiana,37,East Feliciana,,1981-05-25 20:00:00,CST,1981-05-25 20:00:00,0,0,0,0,2.5K,0,,F1,Unknown,1.0,50,,,,,30.8,-91.22,,,,,LA,1981-05-25 21:00:00,1981-05-25 21:00:00,True,True
,9982460,Arkansas,139,Union,,1981-05-18 15:49:00,CST,1981-05-18 15:49:00,0,0,0,0,2.5K,0,,F0,Unknown,0.1,27,,,,,33.2,-92.68,,,,,AR,1981-05-18 16:49:00,1981-05-18 16:49:00,True,True
,10078466,New Mexico,37,Quay,,1981-05-06 18:30:00,CST,1981-05-06 18:30:00,0,0,0,0,.03K,0,,F0,Unknown,0.0,33,,,,,35.22,-103.78,,,,,NM,1981-05-06 19:30:00,1981-05-06 19:30:00,True,True
,10078470,New Mexico,41,Roosevelt,,1981-06-22 22:00:00,CST,1981-06-22 22:00:00,0,0,0,0,25K,0,,F1,Unknown,0.0,33,,,,,34.18,-103.33,,,,,NM,1981-06-22 23:00:00,1981-06-22 23:00:00,True,True
,10078471,New Mexico,47,San Miguel,,1981-06-23 18:30:00,CST,1981-06-23 18:30:00,0,0,0,0,2.5K,0,,F1,Unknown,0.0,33,,,,,35.27,-105.32,,,,,NM,1981-06-23 19:30:00,1981-06-23 19:30:00,True,True
,10078474,New Mexico,5,Chaves,,1981-06-29 16:20:00,CST,1981-06-29 16:20:00,0,0,0,0,2.5K,0,,F1,Unknown,0.0,33,,,,,33.33,-104.62,,,,,NM,1981-06-29 17:20:00,1981-06-29 17:20:00,True,True
,10078475,New Mexico,37,Quay,,1981-06-30 18:35:00,CST,1981-06-30 18:35:00,0,0,0,0,0K,0,,F0,Unknown,0.0,33,,,,,35.17,-103.73,,,,,NM,1981-06-30 19:35:00,1981-06-30 19:35:00,True,True
,10078477,New Mexico,15,Eddy,,1981-07-05 02:00:00,CST,1981-07-05 02:00:00,0,0,0,0,250K,0,,F1,Unknown,0.0,33,,,,,32.42,-104.23,,,,,NM,1981-07-05 03:00:00,1981-07-05 03:00:00,True,True
,10056133,Missouri,139,Montgomery,,1981-07-20 14:07:00,CST,1981-07-20 14:07:00,0,0,0,0,25K,0,,F2,Unknown,1.0,50,,,,,38.88,-91.38,,,,,MO,1981-07-20 15:07:00,1981-07-20 15:07:00,True,True
,10065400,Nebraska,75,Grant,,1981-07-18 14:00:00,CST,1981-07-18 14:00:00,0,0,0,0,.03K,0,,F0,Unknown,0.3,17,,,,,42.03,-101.83,,,,,NE,1981-07-18 15:00:00,1981-07-18 15:00:00,True,True
,10065406,Nebraska,167,Stanton,,1981-07-19 20:10:00,CST,1981-07-19 20:10:00,0,0,0,0,250K,0,,F1,Unknown,3.6,50,,,,,41.98,-97.27,41.93,-97.22,,,NE,1981-07-19 21:10:00,1981-07-19 21:10:00,True,True
,10065412,Nebraska,19,Buffalo,,1981-07-21 07:00:00,CST,1981-07-21 07:00:00,0,0,0,0,.03K,0,,F0,Unknown,0.1,10,,,,,40.73,-99.0,,,,,NE,1981-07-21 08:00:00,1981-07-21 08:00:00,True,True
,10065414,Nebraska,161,Sheridan,,1981-07-21 20:45:00,CST,1981-07-21 20:45:00,0,0,0,0,25K,0,,F1,Unknown,0.3,20,,,,,42.98,-102.57,,,,,NE,1981-07-21 21:45:00,1981-07-21 21:45:00,True,True
,9982458,Arkansas,139,Union,,1981-05-18 15:25:00,CST,1981-05-18 15:25:00,1,0,0,0,250K,0,,F1,Unknown,8.8,33,,,,,33.08,-92.92,33.1,-92.77,,,AR,1981-05-18 16:25:00,1981-05-18 16:25:00,True,True
,10070714,Montana,101,Toole,,1981-08-02 20:00:00,CST,1981-08-02 20:00:00,0,0,0,0,0K,0,,F0,Unknown,0.0,33,,,,,48.53,-111.87,,,,,MT,1981-08-02 21:00:00,1981-08-02 21:00:00,True,True
,10070715,Montana,101,Toole,,1981-08-02 20:00:00,CST,1981-08-02 20:00:00,0,0,0,0,0K,0,,F0,Unknown,0.0,33,,,,,48.53,-111.87,,,,,MT,1981-08-02 21:00:00,1981-08-02 21:00:00,True,True
,10058347,Missouri,23,Butler,,1981-05-18 20:15:00,CST,1981-05-18 20:15:00,0,0,0,0,2.5K,0,,F0,Unknown,0.5,50,,,,,36.77,-90.4,,,,,MO,1981-05-18 21:15:00,1981-05-18 21:15:00,True,True
,10061162,Mississippi,89,Madison,,1981-05-18 21:05:00,CST,1981-05-18 21:05:00,1,0,0,0,250K,0,,F2,Unknown,7.1,300,,,,,32.67,-89.93,32.65,-89.82,,,MS,1981-05-18 22:05:00,1981-05-18 22:05:00,True,True
,10061170,Mississippi,149,Warren,,1981-06-06 17:00:00,CST,1981-06-06 17:00:00,0,0,0,0,2.5K,0,,F1,Unknown,3.3,150,,,,,32.35,-90.75,32.37,-90.7,,,MS,1981-06-06 18:00:00,1981-06-06 18:00:00,True,True
,10053803,Minnesota,171,Wright,,1981-06-14 19:47:00,CST,1981-06-14 19:47:00,0,0,0,0,250K,0,,F2,Unknown,2.9,440,,,,,45.22,-93.98,,,,,MN,1981-06-14 20:47:00,1981-06-14 20:47:00,True,True
,10053807,Minnesota,107,Norman,,1981-06-21 15:00:00,CST,1981-06-21 15:00:00,0,0,0,0,2.5K,0,,F0,Unknown,1.0,20,,,,,47.38,-96.28,,,,,MN,1981-06-21 16:00:00,1981-06-21 16:00:00,True,True
,10053808,Minnesota,73,Lac Qui Parle,,1981-06-21 15:30:00,CST,1981-06-21 15:30:00,0,0,0,0,25K,0,,F1,Unknown,2.0,50,,,,,44.82,-95.88,,,,,MN,1981-06-21 15:30:00,1981-06-21 15:30:00,False,False
,10053809,Minnesota,173,Yellow Medicine,,1981-06-21 15:38:00,CST,1981-06-21 15:38:00,0,0,0,0,250K,0,,F2,Unknown,14.4,200,,,,,44.78,-95.57,44.65,-95.33,,,MN,1981-06-21 16:38:00,1981-06-21 16:38:00,True,True
,10053810,Minnesota,127,Redwood,,1981-06-21 16:04:00,CST,1981-06-21 16:04:00,0,0,0,0,250K,0,,F2,Unknown,26.6,200,,,,,44.65,-95.33,44.42,-94.9,,,MN,1981-06-21 17:04:00,1981-06-21 17:04:00,True,True
,10053811,Minnesota,127,Redwood,,1981-06-21 16:47:00,CST,1981-06-21 16:47:00,0,0,0,0,0K,0,,F0,Unknown,2.0,33,,,,,44.32,-95.22,,,,,MN,1981-06-21 17:47:00,1981-06-21 17:47:00,True,True
,10053812,Minnesota,127,Redwood,,1981-06-21 16:54:00,CST,1981-06-21 16:54:00,0,0,0,0,250K,0,,F2,Unknown,9.5,200,,,,,44.42,-94.9,44.28,-94.83,,,MN,1981-06-21 17:54:00,1981-06-21 17:54:00,True,True
,10053814,Minnesota,15,Brown,,1981-06-21 17:28:00,CST,1981-06-21 17:28:00,0,0,0,0,0K,0,,F0,Unknown,8.4,50,,,,,44.18,-94.57,44.1,-94.43,,,MN,1981-06-21 18:28:00,1981-06-21 18:28:00,True,True
,10053816,Minnesota,165,Watonwan,,1981-06-21 17:45:00,CST,1981-06-21 17:45:00,0,0,0,0,0K,0,,F0,Unknown,3.6,50,,,,,44.1,-94.43,44.08,-94.35,,,MN,1981-06-21 18:45:00,1981-06-21 18:45:00,True,True
,10053817,Minnesota,165,Watonwan,,1981-06-21 17:45:00,CST,1981-06-21 17:45:00,0,0,0,0,25K,0,,F1,Unknown,15.6,50,,,,,44.07,-94.72,43.98,-94.42,,,MN,1981-06-21 18:45:00,1981-06-21 18:45:00,True,True
,10053821,Minnesota,173,Yellow Medicine,,1981-06-23 13:00:00,CST,1981-06-23 13:00:00,0,0,0,0,25K,0,,F1,Unknown,0.1,20,,,,,44.63,-95.57,,,,,MN,1981-06-23 14:00:00,1981-06-23 14:00:00,True,True
,10053823,Minnesota,173,Yellow Medicine,,1981-06-23 13:30:00,CST,1981-06-23 13:30:00,0,0,0,0,0K,0,,F0,Unknown,0.1,20,,,,,44.63,-95.53,,,,,MN,1981-06-23 14:30:00,1981-06-23 14:30:00,True,True
,10053825,Minnesota,127,Redwood,,1981-06-23 13:56:00,CST,1981-06-23 13:56:00,0,0,0,0,2.5M,0,,F2,Unknown,1.0,20,,,,,44.53,-95.08,,,,,MN,1981-06-23 14:56:00,1981-06-23 14:56:00,True,True
,10058327,Missouri,201,Scott,,1981-04-22 19:02:00,CST,1981-04-22 19:02:00,0,0,0,0,.03K,0,,F0,Unknown,1.0,100,,,,,37.17,-89.45,,,,,MO,1981-04-22 19:02:00,1981-04-22 19:02:00,False,False
,9984587,Colorado,9,Baca,,1981-07-26 18:30:00,CST,1981-07-26 18:30:00,0,0,0,0,0K,0,,F1,Unknown,1.0,40,,,,,37.4,-102.47,,,,,CO,1981-07-26 19:30:00,1981-07-26 19:30:00,True,True
,9984589,Colorado,41,El Paso,,1981-07-27 11:50:00,CST,1981-07-27 11:50:00,0,0,0,0,0K,0,,F0,Unknown,0.5,30,,,,,38.85,-104.67,,,,,CO,1981-07-27 12:50:00,1981-07-27 12:50:00,True,True
,9984593,Colorado,41,El Paso,,1981-08-02 23:44:00,CST,1981-08-02 23:44:00,0,0,0,0,0K,0,,F0,Unknown,0.5,17,,,,,38.85,-104.67,,,,,CO,1981-08-03 00:44:00,1981-08-03 00:44:00,True,True
,9984603,Colorado,101,Pueblo,,1981-08-06 20:00:00,CST,1981-08-06 20:00:00,0,0,0,0,2.5K,0,,F1,Unknown,0.5,17,,,,,38.28,-104.75,,,,,CO,1981-08-06 21:00:00,1981-08-06 21:00:00,True,True
,9984609,Colorado,5,Arapahoe,,1981-08-16 15:55:00,CST,1981-08-16 15:55:00,0,0,0,0,0K,0,,F0,Unknown,0.5,20,,,,,39.75,-104.72,,,,,CO,1981-08-16 16:55:00,1981-08-16 16:55:00,True,True
,10053849,Minnesota,97,Morrison,,1981-06-28 17:25:00,CST,1981-06-28 17:25:00,0,0,0,0,25K,0,,F1,Unknown,0.3,17,,,,,45.8,-93.95,,,,,MN,1981-06-28 18:25:00,1981-06-28 18:25:00,True,True
,10053850,Minnesota,65,Kanabec,,1981-06-28 17:30:00,CST,1981-06-28 17:30:00,0,0,0,0,25K,0,,F1,Unknown,0.3,17,,,,,45.9,-93.28,,,,,MN,1981-06-28 18:30:00,1981-06-28 18:30:00,True,True
,10053856,Minnesota,5,Becker,,1981-07-10 18:26:00,CST,1981-07-10 18:26:00,0,0,0,0,.03K,0,,F0,Unknown,0.0,33,,,,,47.1,-95.55,,,,,MN,1981-07-10 19:26:00,1981-07-10 19:26:00,True,True
,10043828,Maine,17,Oxford,,1981-06-06 12:45:00,CST,1981-06-06 12:45:00,0,0,0,0,25K,0,,F1,Unknown,0.1,17,,,,,44.32,-70.57,,,,,ME,1981-06-06 13:45:00,1981-06-06 13:45:00,True,True
,10053857,Minnesota,87,Mahnomen,,1981-07-10 18:30:00,CST,1981-07-10 18:30:00,0,0,0,0,.03K,0,,F0,Unknown,0.0,33,,,,,47.15,-95.95,,,,,MN,1981-07-10 19:30:00,1981-07-10 19:30:00,True,True
,10067659,Nebraska,59,Fillmore,,1981-04-03 13:15:00,CST,1981-04-03 13:15:00,0,0,0,0,0K,0,,F0,Unknown,6.4,50,,,,,40.58,-97.6,40.62,-97.48,,,NE,1981-04-03 13:15:00,1981-04-03 13:15:00,False,False
,10067664,Nebraska,159,Seward,,1981-04-03 14:00:00,CST,1981-04-03 14:00:00,0,0,0,0,.25K,0,,F0,Unknown,0.1,30,,,,,40.87,-97.18,,,,,NE,1981-04-03 14:00:00,1981-04-03 14:00:00,False,False
,10068903,Nebraska,159,Seward,,1981-07-14 17:25:00,CST,1981-07-14 17:25:00,0,0,0,0,25K,0,,F1,Unknown,0.2,150,,,,,40.88,-97.35,,,,,NE,1981-07-14 18:25:00,1981-07-14 18:25:00,True,True
,9984580,Colorado,123,Weld,,1981-07-25 17:46:00,CST,1981-07-25 17:46:00,0,0,0,0,0K,0,,F0,Unknown,0.2,30,,,,,40.42,-104.42,,,,,CO,1981-07-25 18:46:00,1981-07-25 18:46:00,True,True
,9984581,Colorado,87,Morgan,,1981-07-25 18:15:00,CST,1981-07-25 18:15:00,0,0,0,0,0K,0,,F1,Unknown,1.0,40,,,,,40.33,-103.82,,,,,CO,1981-07-25 19:15:00,1981-07-25 19:15:00,True,True
,10053832,Minnesota,43,Faribault,,1981-06-23 16:20:00,CST,1981-06-23 16:20:00,0,0,0,0,0K,0,,F0,Unknown,0.1,20,,,,,43.58,-93.95,,,,,MN,1981-06-23 17:20:00,1981-06-23 17:20:00,True,True
,10053834,Minnesota,43,Faribault,,1981-06-23 16:25:00,CST,1981-06-23 16:25:00,0,0,0,0,0K,0,,F0,Unknown,0.1,20,,,,,43.55,-93.82,,,,,MN,1981-06-23 17:25:00,1981-06-23 17:25:00,True,True
,10053838,Minnesota,43,Faribault,,1981-06-23 16:39:00,CST,1981-06-23 16:39:00,0,0,0,0,250K,0,,F2,Unknown,1.0,30,,,,,43.72,-93.65,,,,,MN,1981-06-23 17:39:00,1981-06-23 17:39:00,True,True
,9984617,Colorado,123,Weld,,1981-09-23 14:58:00,CST,1981-09-23 14:58:00,0,0,0,0,0K,0,,F0,Unknown,0.5,13,,,,,40.83,-104.8,,,,,CO,1981-09-23 15:58:00,1981-09-23 15:58:00,True,True
,9980145,Arkansas,125,Saline,,1981-10-17 18:05:00,CST,1981-10-17 18:05:00,0,0,0,0,25K,0,,F2,Unknown,0.5,100,,,,,34.53,-92.35,,,,,AR,1981-10-17 19:05:00,1981-10-17 19:05:00,True,True
,10058321,Missouri,143,New Madrid,,1981-04-22 16:52:00,CST,1981-04-22 16:52:00,0,0,0,0,0K,0,,F4,Unknown,55.2,33,,,,,36.6,-90.38,36.88,-89.45,,,MO,1981-04-22 16:52:00,1981-04-22 16:52:00,False,False
,10058323,Missouri,201,Scott,,1981-04-22 17:30:00,CST,1981-04-22 17:30:00,0,0,0,0,.03K,0,,F1,Unknown,1.0,100,,,,,37.1,-89.5,,,,,MO,1981-04-22 17:30:00,1981-04-22 17:30:00,False,False
,10058324,Missouri,201,Scott,,1981-04-22 17:42:00,CST,1981-04-22 17:42:00,0,0,0,0,.03K,0,,F1,Unknown,1.0,100,,,,,37.13,-89.45,,,,,MO,1981-04-22 17:42:00,1981-04-22 17:42:00,False,False
,10058325,Missouri,99,Jefferson,,1981-04-22 17:54:00,CST,1981-04-22 17:54:00,0,0,1,0,2.5M,0,,F3,Unknown,7.1,100,,,,,38.18,-90.5,38.23,-90.38,,,MO,1981-04-22 17:54:00,1981-04-22 17:54:00,False,False
,10058326,Missouri,133,Mississippi,,1981-04-22 18:00:00,CST,1981-04-22 18:00:00,6,0,1,0,25M,0,,F4,Unknown,6.5,33,,,,,36.88,-89.45,36.9,-89.33,,,MO,1981-04-22 18:00:00,1981-04-22 18:00:00,False,False
,10061834,Mississippi,59,Jackson,,1981-02-10 07:45:00,CST,1981-02-10 07:45:00,2,0,0,0,250K,0,,F2,Unknown,0.5,50,,,,,30.52,-88.55,,,,,MS,1981-02-10 07:45:00,1981-02-10 07:45:00,False,False
,9979995,Arkansas,113,Polk,,1981-04-03 20:30:00,CST,1981-04-03 20:30:00,0,0,0,0,250K,0,,F1,Unknown,5.1,100,,,,,34.58,-94.43,34.6,-94.35,,,AR,1981-04-03 20:30:00,1981-04-03 20:30:00,False,False
,10066545,Nebraska,63,Frontier,,1981-08-06 05:00:00,CST,1981-08-06 05:00:00,0,0,0,0,250K,0,,F1,Unknown,0.8,50,,,,,40.38,-100.27,,,,,NE,1981-08-06 06:00:00,1981-08-06 06:00:00,True,True
,10066551,Nebraska,33,Cheyenne,,1981-08-21 15:40:00,CST,1981-08-21 15:40:00,0,0,0,0,0K,0,,F0,Unknown,0.1,80,,,,,41.13,-103.02,,,,,NE,1981-08-21 16:40:00,1981-08-21 16:40:00,True,True
,10061145,Mississippi,113,Pike,,1981-03-31 18:40:00,CST,1981-03-31 18:40:00,0,0,0,0,250K,0,,F2,Unknown,13.7,127,,,,,31.28,-90.43,31.35,-90.22,,,MS,1981-03-31 18:40:00,1981-03-31 18:40:00,False,False
,10058302,Missouri,195,Saline,,1981-04-13 20:10:00,CST,1981-04-13 20:10:00,0,0,0,0,250K,0,,F1,Unknown,14.9,167,,,,,39.02,-93.2,39.08,-92.93,,,MO,1981-04-13 20:10:00,1981-04-13 20:10:00,False,False
,10058307,Missouri,89,Howard,,1981-04-13 20:40:00,CST,1981-04-13 20:40:00,0,0,0,0,250K,0,,F1,Unknown,15.2,33,,,,,39.08,-92.93,39.17,-92.67,,,MO,1981-04-13 20:40:00,1981-04-13 20:40:00,False,False
,10058313,Missouri,139,Montgomery,,1981-04-13 21:50:00,CST,1981-04-13 21:50:00,0,0,0,0,.03K,0,,F0,Unknown,0.0,33,,,,,39.03,-91.45,,,,,MO,1981-04-13 21:50:00,1981-04-13 21:50:00,False,False
,9977349,Alabama,57,Fayette,,1981-07-05 10:20:00,CST,1981-07-05 10:20:00,0,0,0,0,2.5K,0,,F0,Unknown,7.8,20,,,,,33.85,-87.62,33.9,-87.5,,,AL,1981-07-05 11:20:00,1981-07-05 11:20:00,True,True
,10054975,Minnesota,27,Clay,,1981-05-22 17:17:00,CST,1981-05-22 17:17:00,0,0,0,0,0K,0,,F0,Unknown,0.0,33,,,,,46.88,-96.75,,,,,MN,1981-05-22 18:17:00,1981-05-22 18:17:00,True,True
,10054981,Minnesota,67,Kandiyohi,,1981-06-13 06:30:00,CST,1981-06-13 06:30:00,0,0,0,0,.03K,0,,F1,Unknown,0.5,50,,,,,45.28,-94.83,,,,,MN,1981-06-13 07:30:00,1981-06-13 07:30:00,True,True
,10054982,Minnesota,59,Isanti,,1981-06-13 17:30:00,CST,1981-06-13 17:30:00,0,0,0,0,250K,0,,F2,Unknown,2.0,100,,,,,45.58,-93.47,,,,,MN,1981-06-13 18:30:00,1981-06-13 18:30:00,True,True
,10066557,Nebraska,113,Logan,,1981-08-24 19:00:00,CST,1981-08-24 19:00:00,0,0,0,0,250K,0,,F2,Unknown,1.0,200,,,,,41.47,-100.28,,,,,NE,1981-08-24 20:00:00,1981-08-24 20:00:00,True,True
,10054984,Minnesota,33,Cottonwood,,1981-06-13 20:25:00,CST,1981-06-13 20:25:00,0,0,0,0,.25K,0,,F1,Unknown,0.5,50,,,,,44.07,-95.43,,,,,MN,1981-06-13 21:25:00,1981-06-13 21:25:00,True,True
,10054994,Minnesota,13,Blue Earth,,1981-06-14 04:25:00,CST,1981-06-14 04:25:00,0,0,0,0,25K,0,,F1,Unknown,3.3,100,,,,,44.05,-94.23,44.08,-94.17,,,MN,1981-06-14 05:25:00,1981-06-14 05:25:00,True,True
,10054996,Minnesota,79,Le Sueur,,1981-06-14 05:00:00,CST,1981-06-14 05:00:00,8,0,0,0,250K,0,,F2,Unknown,2.0,100,,,,,44.38,-93.73,,,,,MN,1981-06-14 06:00:00,1981-06-14 06:00:00,True,True
,9999701,Florida,5,Bay,,1981-02-01 23:00:00,CST,1981-02-01 23:00:00,0,0,0,0,2.5K,0,,F1,Unknown,0.3,7,,,,,30.12,-85.57,,,,,FL,1981-02-01 23:00:00,1981-02-01 23:00:00,False,False
,9999702,Florida,57,Hillsborough,,1981-02-02 04:30:00,CST,1981-02-02 04:30:00,0,0,0,0,250K,0,,F1,Unknown,0.5,10,,,,,28.05,-82.3,,,,,FL,1981-02-02 04:30:00,1981-02-02 04:30:00,False,False
,9999703,Florida,85,Martin,,1981-02-02 11:10:00,CST,1981-02-02 11:10:00,0,0,0,0,2.5K,0,,F1,Unknown,0.3,10,,,,,27.17,-80.3,,,,,FL,1981-02-02 11:10:00,1981-02-02 11:10:00,False,False
,9999704,Florida,91,Okaloosa,,1981-02-10 12:30:00,CST,1981-02-10 12:30:00,0,0,0,0,25K,0,,F1,Unknown,1.5,50,,,,,30.83,-86.7,,,,,FL,1981-02-10 12:30:00,1981-02-10 12:30:00,False,False
,9999708,Florida,69,Lake,,1981-02-11 09:15:00,CST,1981-02-11 09:15:00,0,0,0,0,25K,0,,F1,Unknown,0.5,10,,,,,28.8,-81.87,,,,,FL,1981-02-11 09:15:00,1981-02-11 09:15:00,False,False
,9999712,Florida,117,Seminole,,1981-03-18 23:55:00,CST,1981-03-18 23:55:00,1,0,0,0,250K,0,,F2,Unknown,0.5,33,,,,,28.67,-81.2,,,,,FL,1981-03-18 23:55:00,1981-03-18 23:55:00,False,False
,9999714,Florida,97,Osceola,,1981-03-19 01:00:00,CST,1981-03-19 01:00:00,11,0,0,0,250K,0,,F2,Unknown,5.4,50,,,,,28.23,-81.37,28.25,-81.28,,,FL,1981-03-19 01:00:00,1981-03-19 01:00:00,False,False
,9999715,Florida,1,Alachua,,1981-03-22 09:45:00,CST,1981-03-22 09:45:00,0,0,0,0,2.5K,0,,F0,Unknown,0.3,10,,,,,29.75,-82.5,,,,,FL,1981-03-22 09:45:00,1981-03-22 09:45:00,False,False
,10011793,Iowa,143,Osceola,,1981-06-14 04:00:00,CST,1981-06-14 04:00:00,0,0,0,0,2.5M,0,,F2,Unknown,8.3,1533,,,,,43.42,-95.55,43.45,-95.38,,,IA,1981-06-14 05:00:00,1981-06-14 05:00:00,True,True
,10011794,Iowa,143,Osceola,,1981-06-14 04:00:00,CST,1981-06-14 04:00:00,0,0,0,0,2.5M,0,,F2,Unknown,8.8,1533,,,,,43.43,-95.55,43.48,-95.38,,,IA,1981-06-14 05:00:00,1981-06-14 05:00:00,True,True
,10011795,Iowa,59,Dickinson,,1981-06-14 04:25:00,CST,1981-06-14 04:25:00,0,0,0,0,2.5M,0,,F2,Unknown,13.3,33,,,,,43.45,-95.38,43.48,-95.12,,,IA,1981-06-14 05:25:00,1981-06-14 05:25:00,True,True
,10011796,Iowa,59,Dickinson,,1981-06-14 04:25:00,CST,1981-06-14 04:25:00,0,0,0,0,2.5M,0,,F2,Unknown,13.1,33,,,,,43.48,-95.38,43.5,-95.12,,,IA,1981-06-14 05:25:00,1981-06-14 05:25:00,True,True
,10017439,Indiana,15,Carroll,,1981-06-08 19:39:00,CST,1981-06-08 19:39:00,0,0,0,0,2.5K,0,,F0,Unknown,0.0,33,,,,,40.62,-86.4,,,,,IN,1981-06-08 20:39:00,1981-06-08 20:39:00,True,True
,10106461,Oklahoma,15,Caddo,,1981-05-22 18:12:00,CST,1981-05-22 18:12:00,0,0,0,0,0K,0,,F2,Unknown,3.3,33,,,,,35.27,-98.63,35.3,-98.6,,,OK,1981-05-22 19:12:00,1981-05-22 19:12:00,True,True
,10106462,Oklahoma,39,Custer,,1981-05-22 18:15:00,CST,1981-05-22 18:15:00,0,0,0,0,0K,0,,F1,Unknown,0.0,33,,,,,35.57,-99.0,,,,,OK,1981-05-22 19:15:00,1981-05-22 19:15:00,True,True
,10106463,Oklahoma,15,Caddo,,1981-05-22 18:29:00,CST,1981-05-22 18:29:00,0,0,0,0,0K,0,,F0,Unknown,0.3,10,,,,,35.23,-98.45,,,,,OK,1981-05-22 19:29:00,1981-05-22 19:29:00,True,True
,10017450,Indiana,107,Montgomery,,1981-06-13 20:00:00,CST,1981-06-13 20:00:00,0,0,0,0,0K,0,,F0,Unknown,0.0,33,,,,,40.0,-86.72,,,,,IN,1981-06-13 21:00:00,1981-06-13 21:00:00,True,True
,10017459,Indiana,157,Tippecanoe,,1981-06-24 19:47:00,CST,1981-06-24 19:47:00,0,0,0,0,250K,0,,F1,Unknown,1.0,27,,,,,40.42,-86.87,,,,,IN,1981-06-24 20:47:00,1981-06-24 20:47:00,True,True
,10014825,Iowa,185,Wayne,,1981-04-03 20:10:00,CST,1981-04-03 20:10:00,0,0,0,0,0K,0,,F0,Unknown,0.0,33,,,,,40.75,-93.23,,,,,IA,1981-04-03 20:10:00,1981-04-03 20:10:00,False,False
,9995917,Georgia,163,Jefferson,,1981-07-25 14:15:00,CST,1981-07-25 14:15:00,0,0,0,0,250K,0,,F1,Unknown,0.5,13,,,,,33.12,-82.38,,,,,GA,1981-07-25 15:15:00,1981-07-25 15:15:00,True,True
,10098944,Ohio,119,Muskingum,,1981-04-13 15:54:00,CST,1981-04-13 15:54:00,0,0,0,0,250K,0,,F1,Unknown,2.0,40,,,,,39.87,-81.93,,,,,OH,1981-04-13 15:54:00,1981-04-13 15:54:00,False,False
,10098951,Ohio,95,Lucas,,1981-04-17 20:20:00,CST,1981-04-17 20:20:00,0,0,0,0,25K,0,,F0,Unknown,0.3,30,,,,,41.62,-83.58,,,,,OH,1981-04-17 20:20:00,1981-04-17 20:20:00,False,False
,10098952,Ohio,147,Seneca,,1981-04-17 21:00:00,CST,1981-04-17 21:00:00,0,0,0,0,25K,0,,F1,Unknown,0.3,37,,,,,41.07,-82.88,,,,,OH,1981-04-17 21:00:00,1981-04-17 21:00:00,False,False
,10123209,Tennessee,147,Robertson,,1981-04-17 07:10:00,CST,1981-04-17 07:10:00,0,0,0,0,25K,0,,F1,Unknown,0.4,50,,,,,36.47,-86.7,,,,,TN,1981-04-17 07:10:00,1981-04-17 07:10:00,False,False
,10123210,Tennessee,167,Tipton,,1981-05-09 13:55:00,CST,1981-05-09 13:55:00,0,0,0,0,.03K,0,,F0,Unknown,0.2,40,,,,,36.4,-89.97,,,,,TN,1981-05-09 14:55:00,1981-05-09 14:55:00,True,True
,10123214,Tennessee,93,Knox,,1981-05-27 18:40:00,CST,1981-05-27 18:40:00,0,0,0,0,25K,0,,F0,Unknown,0.4,50,,,,,36.03,-84.17,,,,,TN,1981-05-27 19:40:00,1981-05-27 19:40:00,True,True
,10123220,Tennessee,77,Henderson,,1981-06-06 04:50:00,CST,1981-06-06 04:50:00,0,0,0,0,25K,0,,F1,Unknown,2.0,100,,,,,35.77,-88.47,,,,,TN,1981-06-06 05:50:00,1981-06-06 05:50:00,True,True
,10123221,Tennessee,85,Humphreys,,1981-06-06 05:50:00,CST,1981-06-06 05:50:00,0,0,0,0,25K,0,,F0,Unknown,0.1,20,,,,,36.0,-87.95,,,,,TN,1981-06-06 06:50:00,1981-06-06 06:50:00,True,True
,10123222,Tennessee,85,Humphreys,,1981-06-06 06:20:00,CST,1981-06-06 06:20:00,0,0,0,0,25K,0,,F0,Unknown,0.1,20,,,,,36.15,-87.65,,,,,TN,1981-06-06 07:20:00,1981-06-06 07:20:00,True,True
,9994567,Georgia,163,Jefferson,,1981-03-18 13:25:00,CST,1981-03-18 13:25:00,1,0,0,0,25K,0,,F1,Unknown,2.0,30,,,,,32.87,-82.4,,,,,GA,1981-03-18 13:25:00,1981-03-18 13:25:00,False,False
,10107602,Oklahoma,25,Cimarron,,1981-06-11 18:00:00,CST,1981-06-11 18:00:00,0,0,0,0,2.5K,0,,F0,Unknown,0.0,33,,,,,36.83,-102.33,,,,,OK,1981-06-11 19:00:00,1981-06-11 19:00:00,True,True
,10022648,Kansas,197,Wabaunsee,,1981-05-25 15:50:00,CST,1981-05-25 15:50:00,0,0,0,0,0K,0,,F0,Unknown,0.2,17,,,,,38.95,-96.1,,,,,KS,1981-05-25 16:50:00,1981-05-25 16:50:00,True,True
,10107833,Oklahoma,75,Kiowa,,1981-07-21 15:00:00,CST,1981-07-21 15:00:00,0,0,0,0,25K,0,,F2,Unknown,0.5,30,,,,,35.2,-94.52,,,,,OK,1981-07-21 16:00:00,1981-07-21 16:00:00,True,True
,10107837,Oklahoma,97,Mayes,,1981-07-21 18:30:00,CST,1981-07-21 18:30:00,0,0,0,0,25K,0,,F1,Unknown,0.5,10,,,,,36.3,-95.32,,,,,OK,1981-07-21 19:30:00,1981-07-21 19:30:00,True,True
,10000801,Florida,81,Manatee,,1981-06-04 14:40:00,CST,1981-06-04 14:40:00,0,0,0,0,25K,0,,F0,Unknown,0.2,30,,,,,27.48,-82.32,,,,,FL,1981-06-04 15:40:00,1981-06-04 15:40:00,True,True
,10000802,Florida,95,Orange,,1981-06-10 17:20:00,CST,1981-06-10 17:20:00,0,0,0,0,0K,0,,F0,Unknown,0.1,20,,,,,28.43,-81.42,,,,,FL,1981-06-10 18:20:00,1981-06-10 18:20:00,True,True
,10000803,Florida,57,Hillsborough,,1981-06-13 16:15:00,CST,1981-06-13 16:15:00,0,0,0,0,25K,0,,F1,Unknown,0.5,30,,,,,28.08,-82.58,,,,,FL,1981-06-13 17:15:00,1981-06-13 17:15:00,True,True
,10000804,Florida,105,Polk,,1981-06-13 18:30:00,CST,1981-06-13 18:30:00,0,0,0,0,25K,0,,F1,Unknown,0.5,30,,,,,27.88,-81.73,,,,,FL,1981-06-13 19:30:00,1981-06-13 19:30:00,True,True
,10000806,Florida,101,Pasco,,1981-06-17 18:15:00,CST,1981-06-17 18:15:00,0,0,0,0,250K,0,,F1,Unknown,0.5,50,,,,,28.18,-82.17,,,,,FL,1981-06-17 19:15:00,1981-06-17 19:15:00,True,True
,10000809,Florida,17,Citrus,,1981-06-18 16:42:00,CST,1981-06-18 16:42:00,0,0,0,0,25K,0,,F1,Unknown,5.1,50,,,,,28.83,-82.22,28.87,-82.15,,,FL,1981-06-18 17:42:00,1981-06-18 17:42:00,True,True
,10107825,Oklahoma,27,Cleveland,,1981-06-30 15:20:00,CST,1981-06-30 15:20:00,1,0,0,0,250K,0,,F1,Unknown,0.3,7,,,,,35.22,-97.43,,,,,OK,1981-06-30 16:20:00,1981-06-30 16:20:00,True,True
,10107826,Oklahoma,151,Woods,,1981-07-08 04:15:00,CST,1981-07-08 04:15:00,0,0,0,0,25K,0,,F1,Unknown,0.5,20,,,,,36.58,-98.83,,,,,OK,1981-07-08 05:15:00,1981-07-08 05:15:00,True,True
,10107828,Oklahoma,71,Kay,,1981-07-16 14:30:00,CST,1981-07-16 14:30:00,0,0,0,0,0K,0,,F1,Unknown,21.5,10,,,,,36.63,-97.37,36.88,-97.13,,,OK,1981-07-16 15:30:00,1981-07-16 15:30:00,True,True
,10107831,Oklahoma,143,Tulsa,,1981-07-20 19:30:00,CST,1981-07-20 19:30:00,5,0,0,0,250K,0,,F1,Unknown,0.5,33,,,,,36.05,-95.78,,,,,OK,1981-07-20 20:30:00,1981-07-20 20:30:00,True,True
,10000814,Florida,103,Pinellas,,1981-06-19 18:30:00,CST,1981-06-19 18:30:00,1,0,0,0,25K,0,,F0,Unknown,0.1,30,,,,,28.03,-82.67,,,,,FL,1981-06-19 19:30:00,1981-06-19 19:30:00,True,True
,10000816,Florida,95,Orange,,1981-06-20 15:10:00,CST,1981-06-20 15:10:00,0,0,0,0,25K,0,,F0,Unknown,0.1,20,,,,,28.6,-81.33,,,,,FL,1981-06-20 16:10:00,1981-06-20 16:10:00,True,True
,10000818,Florida,11,Broward,,1981-06-21 11:15:00,CST,1981-06-21 11:15:00,0,0,0,0,25K,0,,F0,Unknown,0.1,20,,,,,26.32,-80.1,,,,,FL,1981-06-21 12:15:00,1981-06-21 12:15:00,True,True
,10000819,Florida,95,Orange,,1981-06-21 15:10:00,CST,1981-06-21 15:10:00,0,0,0,0,250K,0,,F1,Unknown,0.5,30,,,,,28.62,-81.43,,,,,FL,1981-06-21 16:10:00,1981-06-21 16:10:00,True,True
,10000820,Florida,95,Orange,,1981-06-21 16:00:00,CST,1981-06-21 16:00:00,0,0,0,0,2.5K,0,,F0,Unknown,0.1,20,,,,,28.35,-81.13,,,,,FL,1981-06-21 17:00:00,1981-06-21 17:00:00,True,True
,10000821,Florida,95,Orange,,1981-06-21 16:00:00,CST,1981-06-21 16:00:00,0,0,0,0,.25K,0,,F0,Unknown,0.1,20,,,,,28.73,-81.55,,,,,FL,1981-06-21 17:00:00,1981-06-21 17:00:00,True,True
,10105593,Oklahoma,133,Seminole,,1981-05-17 20:10:00,CST,1981-05-17 20:10:00,0,0,0,0,25K,0,,F3,Unknown,15.4,350,,,,,35.33,-96.48,35.45,-96.25,,,OK,1981-05-17 21:10:00,1981-05-17 21:10:00,True,True
,10091073,North Carolina,125,Moore,,1981-02-11 01:45:00,CST,1981-02-11 01:45:00,0,0,0,0,2.5M,0,,F2,Unknown,5.2,700,,,,,35.08,-79.5,35.13,-79.43,,,NC,1981-02-11 01:45:00,1981-02-11 01:45:00,False,False
,10091074,North Carolina,125,Moore,,1981-02-11 01:55:00,CST,1981-02-11 01:55:00,0,0,0,0,250K,0,,F2,Unknown,7.6,800,,,,,35.2,-79.38,35.25,-79.27,,,NC,1981-02-11 01:55:00,1981-02-11 01:55:00,False,False
,10017433,Indiana,89,Lake,,1981-06-08 17:30:00,CST,1981-06-08 17:30:00,0,0,0,0,250K,0,,F1,Unknown,7.3,20,,,,,41.33,-87.45,41.28,-87.32,,,IN,1981-06-08 18:30:00,1981-06-08 18:30:00,True,True
,10017434,Indiana,73,Jasper,,1981-06-08 18:07:00,CST,1981-06-08 18:07:00,0,0,0,0,250K,0,,F1,Unknown,13.6,33,,,,,41.28,-87.32,41.12,-87.17,,,IN,1981-06-08 19:07:00,1981-06-08 19:07:00,True,True
,10091076,North Carolina,93,Hoke,,1981-02-11 02:30:00,CST,1981-02-11 02:30:00,0,0,1,0,250K,0,,F2,Unknown,1.9,847,,,,,34.98,-79.08,35.0,-79.07,,,NC,1981-02-11 02:30:00,1981-02-11 02:30:00,False,False
,10107845,Oklahoma,47,Garfield,,1981-08-15 13:45:00,CST,1981-08-15 13:45:00,0,0,0,0,0K,0,,F0,Unknown,0.0,33,,,,,36.27,-98.0,,,,,OK,1981-08-15 14:45:00,1981-08-15 14:45:00,True,True
,10107846,Oklahoma,65,Jackson,,1981-08-15 15:00:00,CST,1981-08-15 15:00:00,0,0,0,0,25K,0,,F1,Unknown,0.0,33,,,,,34.73,-99.42,,,,,OK,1981-08-15 16:00:00,1981-08-15 16:00:00,True,True
,10105575,Oklahoma,87,Mcclain,,1981-05-17 16:46:00,CST,1981-05-17 16:46:00,0,0,0,0,0K,0,,F1,Unknown,1.9,100,,,,,35.15,-97.45,35.17,-97.43,,,OK,1981-05-17 16:46:00,1981-05-17 16:46:00,False,False
,10105576,Oklahoma,27,Cleveland,,1981-05-17 16:48:00,CST,1981-05-17 16:48:00,0,0,0,0,0K,0,,F1,Unknown,2.3,33,,,,,35.17,-97.43,35.18,-97.42,,,OK,1981-05-17 17:48:00,1981-05-17 17:48:00,True,True
,10105578,Oklahoma,109,Oklahoma,,1981-05-17 17:00:00,CST,1981-05-17 17:00:00,0,0,0,0,250K,0,,F2,Unknown,1.9,50,,,,,35.63,-97.35,35.65,-97.32,,,OK,1981-05-17 18:00:00,1981-05-17 18:00:00,True,True
,10105580,Oklahoma,27,Cleveland,,1981-05-17 17:24:00,CST,1981-05-17 17:24:00,0,0,0,0,.03K,0,,F1,Unknown,1.0,100,,,,,35.18,-97.25,,,,,OK,1981-05-17 18:24:00,1981-05-17 18:24:00,True,True
,10020681,Kansas,175,Seward,,1981-07-17 17:45:00,CST,1981-07-17 17:45:00,0,0,0,0,2.5K,0,,F1,Unknown,0.5,27,,,,,37.07,-100.93,,,,,KS,1981-07-17 18:45:00,1981-07-17 18:45:00,True,True
,10020683,Kansas,177,Shawnee,,1981-07-19 08:45:00,CST,1981-07-19 08:45:00,9,0,0,0,250K,0,,F2,Unknown,0.3,150,,,,,39.13,-95.65,,,,,KS,1981-07-19 09:45:00,1981-07-19 09:45:00,True,True
,10020684,Kansas,195,Trego,,1981-07-19 16:11:00,CST,1981-07-19 16:11:00,0,0,0,0,0K,0,,F1,Unknown,0.5,17,,,,,39.0,-99.73,,,,,KS,1981-07-19 17:11:00,1981-07-19 17:11:00,True,True
,10020688,Kansas,195,Trego,,1981-07-19 21:00:00,CST,1981-07-19 21:00:00,0,0,0,0,0K,0,,F1,Unknown,0.5,17,,,,,39.05,-99.88,,,,,KS,1981-07-19 22:00:00,1981-07-19 22:00:00,True,True
,10020702,Kansas,33,Comanche,,1981-07-30 14:40:00,CST,1981-07-30 14:40:00,0,0,0,0,2.5K,0,,F1,Unknown,1.0,10,,,,,37.22,-99.3,,,,,KS,1981-07-30 15:40:00,1981-07-30 15:40:00,True,True
,10020727,Kansas,51,Ellis,,1981-09-06 14:50:00,CST,1981-09-06 14:50:00,0,0,0,0,0K,0,,F1,Unknown,0.2,17,,,,,38.92,-99.32,,,,,KS,1981-09-06 15:50:00,1981-09-06 15:50:00,True,True
,10105582,Oklahoma,125,Pottawatomie,,1981-05-17 18:10:00,CST,1981-05-17 18:10:00,6,0,0,0,250K,0,,F3,Unknown,10.2,587,,,,,35.22,-96.98,35.3,-96.83,,,OK,1981-05-17 19:10:00,1981-05-17 19:10:00,True,True
,10105583,Oklahoma,113,Osage,,1981-05-17 18:15:00,CST,1981-05-17 18:15:00,0,0,0,0,25K,0,,F1,Unknown,2.0,67,,,,,36.75,-96.67,,,,,OK,1981-05-17 19:15:00,1981-05-17 19:15:00,True,True
,10105585,Oklahoma,133,Seminole,,1981-05-17 18:45:00,CST,1981-05-17 18:45:00,0,0,0,0,250K,0,,F2,Unknown,2.7,200,,,,,35.32,-96.73,35.35,-96.72,,,OK,1981-05-17 19:45:00,1981-05-17 19:45:00,True,True
,10105586,Oklahoma,113,Osage,,1981-05-17 19:00:00,CST,1981-05-17 19:00:00,0,0,0,0,0K,0,,F0,Unknown,0.0,33,,,,,36.95,-96.27,,,,,OK,1981-05-17 20:00:00,1981-05-17 20:00:00,True,True
,10105587,Oklahoma,133,Seminole,,1981-05-17 19:00:00,CST,1981-05-17 19:00:00,0,0,0,0,2.5M,0,,F4,Unknown,9.7,600,,,,,35.35,-96.6,35.38,-96.43,,,OK,1981-05-17 20:00:00,1981-05-17 20:00:00,True,True
,10105589,Oklahoma,113,Osage,,1981-05-17 19:20:00,CST,1981-05-17 19:20:00,0,0,0,0,0K,0,,F2,Unknown,0.0,33,,,,,36.98,-96.23,,,,,OK,1981-05-17 20:20:00,1981-05-17 20:20:00,True,True
,10105590,Oklahoma,107,Okfuskee,,1981-05-17 19:20:00,CST,1981-05-17 19:20:00,2,0,0,0,2.5M,0,,F4,Unknown,19.6,33,,,,,35.38,-96.43,35.55,-96.15,,,OK,1981-05-17 20:20:00,1981-05-17 20:20:00,True,True
,10105592,Oklahoma,111,Okmulgee,,1981-05-17 19:50:00,CST,1981-05-17 19:50:00,0,0,0,0,2.5M,0,,F4,Unknown,4.3,33,,,,,35.55,-96.15,35.6,-96.1,,,OK,1981-05-17 20:50:00,1981-05-17 20:50:00,True,True
,10006461,Illinois,143,Peoria,,1981-05-27 13:00:00,CST,1981-05-27 13:00:00,0,0,0,0,0K,0,,F0,Unknown,0.5,13,,,,,40.82,-89.97,,,,,IL,1981-05-27 14:00:00,1981-05-27 14:00:00,True,True
,10006464,Illinois,193,White,,1981-06-01 15:45:00,CST,1981-06-01 15:45:00,0,0,0,0,0K,0,,F0,Unknown,0.0,33,,,,,38.25,-88.33,,,,,IL,1981-06-01 16:45:00,1981-06-01 16:45:00,True,True
,10006467,Illinois,109,Mcdonough,,1981-06-08 16:43:00,CST,1981-06-08 16:43:00,0,0,0,0,0K,0,,F0,Unknown,0.0,33,,,,,40.42,-90.8,,,,,IL,1981-06-08 16:43:00,1981-06-08 16:43:00,False,False
,10006472,Illinois,169,Schuyler,,1981-06-08 18:56:00,CST,1981-06-08 18:56:00,0,0,0,0,0K,0,,F0,Unknown,0.0,33,,,,,40.22,-90.77,,,,,IL,1981-06-08 19:56:00,1981-06-08 19:56:00,True,True
,9995926,Georgia,63,Clayton,,1981-11-19 23:15:00,CST,1981-11-19 23:15:00,5,0,0,0,2.5M,0,,F1,Unknown,2.5,100,,,,,33.65,-84.43,,,,,GA,1981-11-19 23:15:00,1981-11-19 23:15:00,False,False
,10110788,South Carolina,27,Clarendon,,1981-07-03 18:43:00,CST,1981-07-03 18:43:00,0,0,0,0,0K,0,,F0,Unknown,0.5,30,,,,,33.53,-80.47,,,,,SC,1981-07-03 19:43:00,1981-07-03 19:43:00,True,True
,10110790,South Carolina,75,Orangeburg,,1981-07-26 17:00:00,CST,1981-07-26 17:00:00,0,0,0,0,25K,0,,F1,Unknown,0.3,30,,,,,33.53,-81.12,,,,,SC,1981-07-26 18:00:00,1981-07-26 18:00:00,True,True
,10110791,South Carolina,49,Hampton,,1981-08-07 15:00:00,CST,1981-08-07 15:00:00,0,0,0,0,2.5K,0,,F1,Unknown,0.3,100,,,,,32.87,-81.12,,,,,SC,1981-08-07 16:00:00,1981-08-07 16:00:00,True,True
,10021499,Kansas,177,Shawnee,,1981-04-13 17:35:00,CST,1981-04-13 17:35:00,0,0,0,0,.03K,0,,F0,Unknown,0.0,33,,,,,38.9,-95.82,,,,,KS,1981-04-13 17:35:00,1981-04-13 17:35:00,False,False
,10021520,Kansas,173,Sedgwick,,1981-05-08 15:00:00,CST,1981-05-08 15:00:00,0,0,0,0,0K,0,,F0,Unknown,0.2,17,,,,,37.85,-97.38,,,,,KS,1981-05-08 16:00:00,1981-05-08 16:00:00,True,True
,10011764,Iowa,39,Clarke,,1981-06-07 18:18:00,CST,1981-06-07 18:18:00,0,0,0,0,2.5K,0,,F1,Unknown,0.0,30,,,,,41.03,-93.78,,,,,IA,1981-06-07 19:18:00,1981-06-07 19:18:00,True,True
,10011801,Iowa,3,Adams,,1981-06-14 20:22:00,CST,1981-06-14 20:22:00,0,0,0,0,25K,0,,F0,Unknown,0.0,33,,,,,41.03,-94.73,,,,,IA,1981-06-14 21:22:00,1981-06-14 21:22:00,True,True
,10087127,North Dakota,39,Griggs,,1981-06-28 20:45:00,CST,1981-06-28 20:45:00,0,0,0,0,0K,0,,F0,Unknown,0.3,10,,,,,47.57,-98.35,,,,,ND,1981-06-28 21:45:00,1981-06-28 21:45:00,True,True
,10087128,North Dakota,61,Mountrail,,1981-07-01 17:00:00,CST,1981-07-01 17:00:00,0,0,0,0,0K,0,,F0,Unknown,0.5,10,,,,,48.32,-102.07,,,,,ND,1981-07-01 18:00:00,1981-07-01 18:00:00,True,True
,10107859,Oklahoma,3,Alfalfa,,1981-09-11 19:30:00,CST,1981-09-11 19:30:00,0,0,0,0,25K,0,,F1,Unknown,0.0,33,,,,,36.75,-98.43,,,,,OK,1981-09-11 20:30:00,1981-09-11 20:30:00,True,True
,10023808,Kansas,117,Marshall,,1981-06-24 17:45:00,CST,1981-06-24 17:45:00,0,0,0,0,0K,0,,F0,Unknown,0.5,17,,,,,39.7,-96.53,,,,,KS,1981-06-24 18:45:00,1981-06-24 18:45:00,True,True
,10023813,Kansas,193,Thomas,,1981-06-28 17:39:00,CST,1981-06-28 17:39:00,0,0,0,0,0K,0,,F0,Unknown,0.5,17,,,,,39.32,-100.98,,,,,KS,1981-06-28 18:39:00,1981-06-28 18:39:00,True,True
,10023814,Kansas,173,Sedgwick,,1981-06-29 13:32:00,CST,1981-06-29 13:32:00,0,0,0,0,0K,0,,F0,Unknown,0.2,17,,,,,37.65,-97.38,,,,,KS,1981-06-29 14:32:00,1981-06-29 14:32:00,True,True
,10016338,Indiana,183,Whitley,,1981-04-13 21:15:00,CST,1981-04-13 21:15:00,0,0,0,0,0K,0,,F1,Unknown,2.0,123,,,,,41.08,-85.55,,,,,IN,1981-04-13 21:15:00,1981-04-13 21:15:00,False,False
,10005328,Illinois,161,Rock Island,,1981-04-04 00:30:00,CST,1981-04-04 00:30:00,4,0,0,0,2.5M,0,,F1,Unknown,4.9,100,,,,,41.95,-90.57,42.0,-90.48,,,IL,1981-04-04 00:30:00,1981-04-04 00:30:00,False,False
,10014839,Iowa,139,Muscatine,,1981-04-03 23:55:00,CST,1981-04-03 23:55:00,0,0,0,0,250K,0,,F0,Unknown,32.2,33,,,,,41.33,-91.2,41.5,-91.78,,,IA,1981-04-03 23:55:00,1981-04-03 23:55:00,False,False
,10014841,Iowa,163,Scott,,1981-04-04 00:30:00,CST,1981-04-04 00:30:00,0,0,0,0,250K,0,,F0,Unknown,53.4,33,,,,,41.5,-91.78,41.52,-90.75,,,IA,1981-04-04 00:30:00,1981-04-04 00:30:00,False,False
,10014842,Iowa,163,Scott,,1981-04-04 00:30:00,CST,1981-04-04 00:30:00,0,0,0,0,2.5M,0,,F1,Unknown,0.0,50,,,,,41.78,-90.78,41.8,-90.77,,,IA,1981-04-04 00:30:00,1981-04-04 00:30:00,False,False
,10014843,Iowa,45,Clinton,,1981-04-04 00:32:00,CST,1981-04-04 00:32:00,0,0,0,0,2.5M,0,,F1,Unknown,20.5,33,,,,,41.8,-90.77,42.0,-90.47,,,IA,1981-04-04 00:32:00,1981-04-04 00:32:00,False,False
,10022642,Kansas,103,Leavenworth,,1981-05-23 15:15:00,CST,1981-05-23 15:15:00,0,0,0,0,.25K,0,,F0,Unknown,2.0,33,,,,,39.18,-94.9,,,,,KS,1981-05-23 16:15:00,1981-05-23 16:15:00,True,True
,10022643,Kansas,3,Anderson,,1981-05-23 15:15:00,CST,1981-05-23 15:15:00,0,0,0,0,2.5M,0,,F2,Unknown,1.5,50,,,,,38.37,-95.23,,,,,KS,1981-05-23 16:15:00,1981-05-23 16:15:00,True,True
,10022645,Kansas,107,Linn,,1981-05-23 16:15:00,CST,1981-05-23 16:15:00,0,0,0,0,250K,0,,F1,Unknown,6.5,100,,,,,38.22,-95.05,38.15,-94.97,,,KS,1981-05-23 17:15:00,1981-05-23 17:15:00,True,True
,10022646,Kansas,125,Montgomery,,1981-05-23 17:25:00,CST,1981-05-23 17:25:00,0,0,0,0,0K,0,,F0,Unknown,0.5,50,,,,,37.05,-95.55,,,,,KS,1981-05-23 18:25:00,1981-05-23 18:25:00,True,True
,10023778,Kansas,45,Douglas,,1981-06-19 18:30:00,CST,1981-06-19 18:30:00,33,0,1,0,25M,0,,F3,Unknown,7.7,200,,,,,38.97,-95.27,38.92,-95.13,,,KS,1981-06-19 19:30:00,1981-06-19 19:30:00,True,True
,10014853,Iowa,181,Warren,,1981-04-10 17:30:00,CST,1981-04-10 17:30:00,0,0,0,0,2.5K,0,,F0,Unknown,8.0,30,,,,,41.5,-93.55,,,,,IA,1981-04-10 17:30:00,1981-04-10 17:30:00,False,False
,10014854,Iowa,125,Marion,,1981-04-10 17:55:00,CST,1981-04-10 17:55:00,0,0,0,0,25K,0,,F0,Unknown,8.3,33,,,,,41.47,-93.37,41.57,-93.27,,,IA,1981-04-10 17:55:00,1981-04-10 17:55:00,False,False
,10014855,Iowa,127,Marshall,,1981-04-10 17:55:00,CST,1981-04-10 17:55:00,9,0,0,0,2.5M,0,,F2,Unknown,5.6,500,,,,,41.88,-93.17,41.95,-93.08,,,IA,1981-04-10 17:55:00,1981-04-10 17:55:00,False,False
,10087155,North Dakota,71,Ramsey,,1981-07-15 18:15:00,CST,1981-07-15 18:15:00,0,0,0,0,.25K,0,,F1,Unknown,1.5,27,,,,,48.42,-98.47,,,,,ND,1981-07-15 19:15:00,1981-07-15 19:15:00,True,True
,10087156,North Dakota,63,Nelson,,1981-07-15 18:37:00,CST,1981-07-15 18:37:00,0,0,0,0,0K,0,,F0,Unknown,0.4,10,,,,,48.15,-98.35,,,,,ND,1981-07-15 19:37:00,1981-07-15 19:37:00,True,True
,9999718,Florida,19,Clay,,1981-04-01 16:15:00,CST,1981-04-01 16:15:00,0,0,0,0,25K,0,,F1,Unknown,3.0,20,,,,,30.17,-81.7,,,,,FL,1981-04-01 16:15:00,1981-04-01 16:15:00,False,False
,10014814,Iowa,15,Boone,,1981-04-03 18:40:00,CST,1981-04-03 18:40:00,0,0,0,0,0K,0,,F0,Unknown,5.2,30,,,,,41.95,-94.17,42.02,-94.1,,,IA,1981-04-03 18:40:00,1981-04-03 18:40:00,False,False
,10016798,Indiana,99,Marshall,,1981-10-17 22:50:00,CST,1981-10-17 22:50:00,0,0,0,0,.03K,0,,F0,Unknown,2.0,150,,,,,41.3,-86.12,,,,,IN,1981-10-17 23:50:00,1981-10-17 23:50:00,True,True
,10016803,Indiana,137,Ripley,,1981-11-19 17:45:00,CST,1981-11-19 17:45:00,0,0,0,0,250K,0,,F1,Unknown,4.7,150,,,,,38.97,-85.42,39.0,-85.33,,,IN,1981-11-19 17:45:00,1981-11-19 17:45:00,False,False
,10033271,Kentucky,161,Mason,,1981-06-09 23:15:00,CST,1981-06-09 23:15:00,7,0,0,0,2.5M,0,,F2,Unknown,4.1,20,,,,,38.62,-83.8,38.62,-83.72,,,KY,1981-06-10 00:15:00,1981-06-10 00:15:00,True,True
,10012886,Iowa,25,Calhoun,,1981-06-23 22:40:00,CST,1981-06-23 22:40:00,0,0,0,0,25K,0,,F1,Unknown,1.0,30,,,,,42.55,-94.68,,,,,IA,1981-06-23 23:40:00,1981-06-23 23:40:00,True,True
,10014862,Iowa,17,Bremer,,1981-04-10 19:12:00,CST,1981-04-10 19:12:00,0,0,0,0,2.5M,0,,F2,Unknown,0.8,100,,,,,42.83,-92.1,,,,,IA,1981-04-10 19:12:00,1981-04-10 19:12:00,False,False
,10014864,Iowa,173,Taylor,,1981-04-11 19:40:00,CST,1981-04-11 19:40:00,2,0,0,0,2.5M,0,,F2,Unknown,6.9,50,,,,,40.68,-94.75,40.72,-94.88,,,IA,1981-04-11 19:40:00,1981-04-11 19:40:00,False,False
,10022617,Kansas,69,Gray,,1981-05-16 16:45:00,CST,1981-05-16 16:45:00,0,0,0,0,250K,0,,F1,Unknown,20.8,33,,,,,37.5,-100.67,37.58,-100.3,,,KS,1981-05-16 17:45:00,1981-05-16 17:45:00,True,True
,10022622,Kansas,35,Cowley,,1981-05-17 15:05:00,CST,1981-05-17 15:05:00,0,0,0,0,2.5M,0,,F2,Unknown,0.5,100,,,,,37.07,-97.05,,,,,KS,1981-05-17 16:05:00,1981-05-17 16:05:00,True,True
,10022623,Kansas,77,Harper,,1981-05-17 15:15:00,CST,1981-05-17 15:15:00,0,0,0,0,250K,0,,F1,Unknown,7.2,100,,,,,37.35,-98.08,37.35,-97.95,,,KS,1981-05-17 16:15:00,1981-05-17 16:15:00,True,True
,10022626,Kansas,193,Thomas,,1981-05-17 15:56:00,CST,1981-05-17 15:56:00,0,0,0,0,2.5K,0,,F0,Unknown,0.2,17,,,,,39.2,-100.85,,,,,KS,1981-05-17 16:56:00,1981-05-17 16:56:00,True,True
,10022628,Kansas,35,Cowley,,1981-05-17 17:42:00,CST,1981-05-17 17:42:00,0,0,0,0,2.5K,0,,F1,Unknown,0.2,50,,,,,37.22,-96.75,,,,,KS,1981-05-17 18:42:00,1981-05-17 18:42:00,True,True
,10005307,Illinois,195,Whiteside,,1981-03-29 18:30:00,CST,1981-03-29 18:30:00,0,0,0,0,2.5M,0,,F4,Unknown,5.1,33,,,,,41.68,-89.95,41.75,-89.88,,,IL,1981-03-29 18:30:00,1981-03-29 18:30:00,False,False
,10005315,Illinois,119,Madison,,1981-04-03 22:50:00,CST,1981-04-03 22:50:00,32,0,0,0,25M,0,,F4,Unknown,11.9,567,,,,,38.72,-90.13,38.82,-89.95,,,IL,1981-04-03 22:50:00,1981-04-03 22:50:00,False,False
,10124555,South Dakota,107,Potter,,1981-08-03 02:30:00,CST,1981-08-03 02:30:00,0,0,0,0,25K,0,,F1,Unknown,0.0,33,,,,,45.03,-99.78,,,,,SD,1981-08-03 03:30:00,1981-08-03 03:30:00,True,True
,10124556,South Dakota,107,Potter,,1981-08-03 03:00:00,CST,1981-08-03 03:00:00,0,0,0,0,25K,0,,F1,Unknown,0.0,33,,,,,45.02,-99.95,,,,,SD,1981-08-03 04:00:00,1981-08-03 04:00:00,True,True
,10124562,South Dakota,51,Grant,,1981-08-03 07:10:00,CST,1981-08-03 07:10:00,0,0,0,0,250K,0,,F1,Unknown,0.0,33,,,,,45.05,-96.57,,,,,SD,1981-08-03 08:10:00,1981-08-03 08:10:00,True,True
,10022635,Kansas,105,Lincoln,,1981-05-22 17:15:00,CST,1981-05-22 17:15:00,0,0,0,0,0K,0,,F0,Unknown,0.5,17,,,,,39.02,-97.97,,,,,KS,1981-05-22 18:15:00,1981-05-22 18:15:00,True,True
,10014829,Iowa,95,Iowa,,1981-04-03 20:30:00,CST,1981-04-03 20:30:00,0,0,0,0,250K,0,,F1,Unknown,2.7,80,,,,,41.72,-92.28,41.77,-92.25,,,IA,1981-04-03 20:30:00,1981-04-03 20:30:00,False,False
,10014836,Iowa,183,Washington,,1981-04-03 23:15:00,CST,1981-04-03 23:15:00,0,0,0,0,250K,0,,F0,Unknown,1.3,50,,,,,41.2,-91.53,41.22,-91.48,,,IA,1981-04-03 23:15:00,1981-04-03 23:15:00,False,False
,10014837,Iowa,115,Louisa,,1981-04-03 23:18:00,CST,1981-04-03 23:18:00,0,0,0,0,250K,0,,F0,Unknown,16.6,33,,,,,41.22,-91.48,41.33,-91.2,,,IA,1981-04-03 23:18:00,1981-04-03 23:18:00,False,False
,10000823,Florida,93,Okeechobee,,1981-06-24 13:45:00,CST,1981-06-24 13:45:00,0,0,0,0,0K,0,,F0,Unknown,0.1,7,,,,,27.25,-80.95,,,,,FL,1981-06-24 14:45:00,1981-06-24 14:45:00,True,True
,10000824,Florida,93,Okeechobee,,1981-06-24 13:45:00,CST,1981-06-24 13:45:00,0,0,0,0,0K,0,,F0,Unknown,0.1,7,,,,,27.25,-80.95,,,,,FL,1981-06-24 14:45:00,1981-06-24 14:45:00,True,True
,10000825,Florida,81,Manatee,,1981-06-25 17:00:00,CST,1981-06-25 17:00:00,0,0,0,0,250K,0,,F0,Unknown,0.5,50,,,,,27.4,-82.55,,,,,FL,1981-06-25 18:00:00,1981-06-25 18:00:00,True,True
,10000827,Florida,57,Hillsborough,,1981-06-25 17:30:00,CST,1981-06-25 17:30:00,0,0,0,0,25K,0,,F0,Unknown,0.1,20,,,,,27.88,-82.25,,,,,FL,1981-06-25 18:30:00,1981-06-25 18:30:00,True,True
,10000835,Florida,11,Broward,,1981-07-02 07:49:00,CST,1981-07-02 07:49:00,0,0,0,0,2.5K,0,,F0,Unknown,0.5,17,,,,,26.1,-80.13,,,,,FL,1981-07-02 08:49:00,1981-07-02 08:49:00,True,True
,10000840,Florida,69,Lake,,1981-07-08 14:00:00,CST,1981-07-08 14:00:00,0,0,0,0,250K,0,,F1,Unknown,1.0,50,,,,,28.55,-81.77,,,,,FL,1981-07-08 15:00:00,1981-07-08 15:00:00,True,True
,10021478,Kansas,109,Logan,,1981-03-28 13:15:00,CST,1981-03-28 13:15:00,0,0,0,0,.03K,0,,F1,Unknown,0.0,33,,,,,39.0,-100.85,,,,,KS,1981-03-28 13:15:00,1981-03-28 13:15:00,False,False
,9994783,Georgia,259,Stewart,,1981-03-18 13:45:00,CST,1981-03-18 13:45:00,0,0,0,0,25K,0,,F1,Unknown,1.0,30,,,,,32.05,-84.83,,,,,GA,1981-03-18 13:45:00,1981-03-18 13:45:00,False,False
,9994784,Georgia,271,Telfair,,1981-03-18 13:45:00,CST,1981-03-18 13:45:00,0,0,0,0,2.5K,0,,F1,Unknown,3.3,40,,,,,32.1,-82.9,32.1,-82.85,,,GA,1981-03-18 13:45:00,1981-03-18 13:45:00,False,False
,9994788,Georgia,307,Webster,,1981-03-18 14:05:00,CST,1981-03-18 14:05:00,0,0,0,0,25K,0,,F1,Unknown,3.3,40,,,,,32.03,-84.53,32.03,-84.48,,,GA,1981-03-18 14:05:00,1981-03-18 14:05:00,False,False
,10021479,Kansas,179,Sheridan,,1981-03-28 14:15:00,CST,1981-03-28 14:15:00,0,0,0,0,.03K,0,,F1,Unknown,0.0,33,,,,,39.48,-100.63,,,,,KS,1981-03-28 14:15:00,1981-03-28 14:15:00,False,False
,10021485,Kansas,197,Wabaunsee,,1981-04-03 17:05:00,CST,1981-04-03 17:05:00,0,0,0,0,2.5K,0,,F1,Unknown,0.0,33,,,,,39.05,-96.23,,,,,KS,1981-04-03 17:05:00,1981-04-03 17:05:00,False,False
,10021486,Kansas,43,Doniphan,,1981-04-03 18:00:00,CST,1981-04-03 18:00:00,0,0,0,0,250K,0,,F2,Unknown,1.8,33,,,,,39.78,-95.0,,,,,KS,1981-04-03 18:00:00,1981-04-03 18:00:00,False,False
,10087133,North Dakota,9,Bottineau,,1981-07-01 17:30:00,CST,1981-07-01 17:30:00,0,0,0,0,0K,0,,F0,Unknown,0.3,10,,,,,48.77,-101.03,,,,,ND,1981-07-01 18:30:00,1981-07-01 18:30:00,True,True
,10087139,North Dakota,17,Cass,,1981-07-10 17:28:00,CST,1981-07-10 17:28:00,0,0,0,0,0K,0,,F0,Unknown,2.0,27,,,,,46.87,-97.05,,,,,ND,1981-07-10 18:28:00,1981-07-10 18:28:00,True,True
,10000563,Florida,83,Marion,,1981-04-15 15:00:00,CST,1981-04-15 15:00:00,2,0,0,0,250K,0,,F1,Unknown,6.9,50,,,,,29.25,-82.17,29.18,-82.25,,,FL,1981-04-15 15:00:00,1981-04-15 15:00:00,False,False
,10091079,North Carolina,51,Cumberland,,1981-02-11 02:32:00,CST,1981-02-11 02:32:00,0,0,0,0,250K,0,,F2,Unknown,10.5,33,,,,,35.0,-79.07,35.07,-78.9,,,NC,1981-02-11 02:32:00,1981-02-11 02:32:00,False,False
,10091080,North Carolina,183,Wake,,1981-02-11 03:05:00,CST,1981-02-11 03:05:00,2,0,0,0,250K,0,,F2,Unknown,1.9,800,,,,,35.78,-78.5,,,,,NC,1981-02-11 03:05:00,1981-02-11 03:05:00,False,False
,10091086,North Carolina,91,Hertford,,1981-03-30 16:45:00,CST,1981-03-30 16:45:00,1,0,1,0,250K,0,,F2,Unknown,7.7,83,,,,,36.5,-77.07,36.53,-76.93,,,NC,1981-03-30 16:45:00,1981-03-30 16:45:00,False,False
,10022671,Kansas,97,Kiowa,,1981-06-03 11:30:00,CST,1981-06-03 11:30:00,0,0,0,0,0K,0,,F0,Unknown,0.5,17,,,,,37.65,-99.23,,,,,KS,1981-06-03 12:30:00,1981-06-03 12:30:00,True,True
,10091101,North Carolina,157,Rockingham,,1981-06-06 18:40:00,CST,1981-06-06 18:40:00,0,0,0,0,250K,0,,F1,Unknown,9.0,17,,,,,36.38,-79.68,36.33,-79.53,,,NC,1981-06-06 19:40:00,1981-06-06 19:40:00,True,True
,10091102,North Carolina,67,Forsyth,,1981-06-06 18:40:00,CST,1981-06-06 18:40:00,1,0,0,0,250K,0,,F2,Unknown,9.4,17,,,,,36.07,-80.23,36.17,-80.12,,,NC,1981-06-06 19:40:00,1981-06-06 19:40:00,True,True
,10091103,North Carolina,145,Person,,1981-06-06 19:00:00,CST,1981-06-06 19:00:00,0,0,0,0,250K,0,,F1,Unknown,3.6,30,,,,,36.35,-78.95,36.35,-78.88,,,NC,1981-06-06 20:00:00,1981-06-06 20:00:00,True,True
,10123241,Tennessee,69,Hardeman,,1981-10-17 19:00:00,CST,1981-10-17 19:00:00,0,0,0,0,25K,0,,F2,Unknown,1.5,33,,,,,35.25,-89.1,,,,,TN,1981-10-17 20:00:00,1981-10-17 20:00:00,True,True
,10011773,Iowa,185,Wayne,,1981-06-07 20:30:00,CST,1981-06-07 20:30:00,0,0,0,0,2.5K,0,,F1,Unknown,0.0,33,,,,,40.63,-93.3,,,,,IA,1981-06-07 21:30:00,1981-06-07 21:30:00,True,True
,10011779,Iowa,91,Humboldt,,1981-06-12 16:05:00,CST,1981-06-12 16:05:00,1,0,0,0,25K,0,,F2,Unknown,0.0,33,,,,,42.83,-94.22,,,,,IA,1981-06-12 17:05:00,1981-06-12 17:05:00,True,True
,10023787,Kansas,91,Johnson,,1981-06-20 17:58:00,CST,1981-06-20 17:58:00,0,0,0,0,0K,0,,F0,Unknown,0.2,17,,,,,38.85,-94.75,,,,,KS,1981-06-20 18:58:00,1981-06-20 18:58:00,True,True
,10023790,Kansas,161,Riley,,1981-06-21 03:00:00,CST,1981-06-21 03:00:00,0,0,0,0,0K,0,,F0,Unknown,0.5,17,,,,,39.12,-96.72,,,,,KS,1981-06-21 04:00:00,1981-06-21 04:00:00,True,True
,10017422,Indiana,163,Vanderburgh,,1981-05-26 15:00:00,CST,1981-05-26 15:00:00,0,0,0,0,0K,0,,F0,Unknown,0.0,33,,,,,37.98,-87.55,,,,,IN,1981-05-26 16:00:00,1981-05-26 16:00:00,True,True
,10001918,Florida,86,Miami-Dade,,1981-08-16 15:40:00,CST,1981-08-16 15:40:00,0,0,0,0,.25K,0,,F0,Unknown,0.5,30,,,,,25.92,-80.18,,,,,FL,1981-08-16 16:40:00,1981-08-16 16:40:00,True,True
,10001919,Florida,87,Monroe,,1981-08-16 22:02:00,CST,1981-08-16 22:02:00,0,0,0,0,.25K,0,,F0,Unknown,0.5,30,,,,,24.97,-80.57,,,,,FL,1981-08-16 22:02:00,1981-08-16 22:02:00,False,False
,10001920,Florida,61,Indian River,,1981-08-20 12:30:00,CST,1981-08-20 12:30:00,0,0,0,0,0K,0,,F0,Unknown,0.1,30,,,,,27.63,-80.43,,,,,FL,1981-08-20 13:30:00,1981-08-20 13:30:00,True,True
,10001921,Florida,9,Brevard,,1981-08-20 12:35:00,CST,1981-08-20 12:35:00,0,0,0,0,25K,0,,F1,Unknown,0.1,30,,,,,28.33,-80.72,,,,,FL,1981-08-20 13:35:00,1981-08-20 13:35:00,True,True
,10001922,Florida,81,Manatee,,1981-08-24 16:30:00,CST,1981-08-24 16:30:00,0,0,0,0,250K,0,,F1,Unknown,0.3,50,,,,,27.42,-82.58,,,,,FL,1981-08-24 17:30:00,1981-08-24 17:30:00,True,True
,10001923,Florida,115,Sarasota,,1981-08-26 13:20:00,CST,1981-08-26 13:20:00,0,0,0,0,250K,0,,F1,Unknown,0.1,50,,,,,27.33,-82.53,,,,,FL,1981-08-26 14:20:00,1981-08-26 14:20:00,True,True
,10001924,Florida,95,Orange,,1981-08-27 15:50:00,CST,1981-08-27 15:50:00,0,0,0,0,2.5K,0,,F0,Unknown,0.1,20,,,,,28.67,-81.53,,,,,FL,1981-08-27 16:50:00,1981-08-27 16:50:00,True,True
,10001925,Florida,21,Collier,,1981-08-27 16:08:00,CST,1981-08-27 16:08:00,0,0,0,0,2.5K,0,,F0,Unknown,0.1,20,,,,,26.13,-81.8,,,,,FL,1981-08-27 17:08:00,1981-08-27 17:08:00,True,True
,10001928,Florida,105,Polk,,1981-09-16 12:45:00,CST,1981-09-16 12:45:00,0,0,0,0,25K,0,,F0,Unknown,1.0,20,,,,,27.88,-81.62,,,,,FL,1981-09-16 13:45:00,1981-09-16 13:45:00,True,True
,10001929,Florida,99,Palm Beach,,1981-09-17 15:17:00,CST,1981-09-17 15:17:00,0,0,0,0,0K,0,,F0,Unknown,0.1,20,,,,,26.93,-80.1,,,,,FL,1981-09-17 16:17:00,1981-09-17 16:17:00,True,True
,10001932,Florida,86,Miami-Dade,,1981-09-26 15:45:00,CST,1981-09-26 15:45:00,0,0,0,0,0K,0,,F0,Unknown,0.2,17,,,,,25.8,-80.12,,,,,FL,1981-09-26 16:45:00,1981-09-26 16:45:00,True,True
,10001933,Florida,13,Calhoun,,1981-10-25 16:30:00,CST,1981-10-25 16:30:00,12,0,0,0,2.5M,0,,F2,Unknown,6.9,50,,,,,30.45,-85.05,30.55,-85.05,,,FL,1981-10-25 16:30:00,1981-10-25 16:30:00,False,False
,10001934,Florida,103,Pinellas,,1981-12-15 08:25:00,CST,1981-12-15 08:25:00,5,0,0,0,250K,0,,F2,Unknown,4.7,150,,,,,27.72,-82.72,27.77,-82.67,,,FL,1981-12-15 08:25:00,1981-12-15 08:25:00,False,False
,10011786,Iowa,167,Sioux,,1981-06-13 20:30:00,CST,1981-06-13 20:30:00,0,0,0,0,2.5K,0,,F2,Unknown,0.0,33,,,,,43.17,-95.88,,,,,IA,1981-06-13 21:30:00,1981-06-13 21:30:00,True,True
,10012917,Iowa,37,Chickasaw,,1981-08-28 16:15:00,CST,1981-08-28 16:15:00,0,0,0,0,0K,0,,F0,Unknown,0.0,33,,,,,42.95,-92.53,,,,,IA,1981-08-28 17:15:00,1981-08-28 17:15:00,True,True
,10011751,Iowa,29,Cass,,1981-05-23 15:30:00,CST,1981-05-23 15:30:00,0,0,0,0,0K,0,,F0,Unknown,0.0,33,,,,,41.45,-94.72,,,,,IA,1981-05-23 16:30:00,1981-05-23 16:30:00,True,True
,10011754,Iowa,1,Adair,,1981-05-23 16:02:00,CST,1981-05-23 16:02:00,0,0,0,0,0K,0,,F0,Unknown,0.0,33,,,,,41.42,-94.5,,,,,IA,1981-05-23 17:02:00,1981-05-23 17:02:00,True,True
,10011755,Iowa,1,Adair,,1981-05-23 16:15:00,CST,1981-05-23 16:15:00,0,0,0,0,0K,0,,F0,Unknown,0.0,33,,,,,41.42,-94.3,,,,,IA,1981-05-23 17:15:00,1981-05-23 17:15:00,True,True
,10011756,Iowa,121,Madison,,1981-05-23 16:36:00,CST,1981-05-23 16:36:00,0,0,0,0,0K,0,,F0,Unknown,0.0,33,,,,,41.45,-94.23,,,,,IA,1981-05-23 17:36:00,1981-05-23 17:36:00,True,True
,10011757,Iowa,159,Ringgold,,1981-05-23 17:00:00,CST,1981-05-23 17:00:00,0,0,0,0,250K,0,,F2,Unknown,15.9,130,,,,,40.7,-94.32,40.82,-94.05,,,IA,1981-05-23 18:00:00,1981-05-23 18:00:00,True,True
,10011758,Iowa,121,Madison,,1981-05-23 17:28:00,CST,1981-05-23 17:28:00,0,0,0,0,2.5K,0,,F1,Unknown,0.0,33,,,,,41.42,-94.08,,,,,IA,1981-05-23 18:28:00,1981-05-23 18:28:00,True,True
,10011759,Iowa,131,Mitchell,,1981-05-23 17:55:00,CST,1981-05-23 17:55:00,0,0,0,0,250K,0,,F2,Unknown,3.8,50,,,,,43.27,-92.92,43.3,-92.83,,,IA,1981-05-23 18:55:00,1981-05-23 18:55:00,True,True
,9984558,Colorado,87,Morgan,,1981-06-13 21:45:00,CST,1981-06-13 21:45:00,0,0,0,0,25K,0,,F1,Unknown,0.5,40,,,,,40.25,-103.65,,,,,CO,1981-06-13 22:45:00,1981-06-13 22:45:00,True,True
,9982449,Arkansas,27,Columbia,,1981-05-16 17:40:00,CST,1981-05-16 17:40:00,0,0,0,0,250K,0,,F1,Unknown,10.5,440,,,,,33.27,-93.37,33.35,-93.22,,,AR,1981-05-16 18:40:00,1981-05-16 18:40:00,True,True
,10061147,Mississippi,31,Covington,,1981-03-31 20:10:00,CST,1981-03-31 20:10:00,2,0,0,0,250K,0,,F2,Unknown,8.2,100,,,,,31.53,-89.52,31.55,-89.38,,,MS,1981-03-31 20:10:00,1981-03-31 20:10:00,False,False
,10110768,South Carolina,33,Dillon,,1981-02-02 01:00:00,CST,1981-02-02 01:00:00,0,0,0,0,2.5K,0,,F1,Unknown,0.1,33,,,,,34.28,-79.27,,,,,SC,1981-02-02 01:00:00,1981-02-02 01:00:00,False,False
,10053813,Minnesota,15,Brown,,1981-06-21 17:02:00,CST,1981-06-21 17:02:00,0,0,0,0,250K,0,,F2,Unknown,3.8,200,,,,,44.28,-94.83,44.22,-94.82,,,MN,1981-06-21 18:02:00,1981-06-21 18:02:00,True,True
,10091083,North Carolina,127,Nash,,1981-02-11 03:36:00,CST,1981-02-11 03:36:00,0,0,0,0,2.5M,0,,F2,Unknown,3.3,800,,,,,35.93,-78.15,35.95,-78.1,,,NC,1981-02-11 03:36:00,1981-02-11 03:36:00,False,False
,10160121,Wyoming,3,Big Horn,,1981-07-24 15:00:00,CST,1981-07-24 15:00:00,0,0,0,0,0K,0,,F1,Unknown,0.0,33,,,,,44.83,-108.38,,,,,WY,1981-07-24 16:00:00,1981-07-24 16:00:00,True,True
,10160129,Wyoming,21,Laramie,,1981-08-16 11:25:00,CST,1981-08-16 11:25:00,0,0,0,0,0K,0,,F0,Unknown,0.0,33,,,,,41.13,-105.15,,,,,WY,1981-08-16 12:25:00,1981-08-16 12:25:00,True,True
,10160132,Wyoming,21,Laramie,,1981-09-02 13:15:00,CST,1981-09-02 13:15:00,0,0,0,0,0K,0,,F0,Unknown,3.3,33,,,,,41.13,-104.18,41.08,-104.13,,,WY,1981-09-02 14:15:00,1981-09-02 14:15:00,True,True
,10000786,Florida,11,Broward,,1981-05-20 14:40:00,CST,1981-05-20 14:40:00,0,0,0,0,0K,0,,F1,Unknown,0.1,20,,,,,26.12,-80.23,,,,,FL,1981-05-20 15:40:00,1981-05-20 15:40:00,True,True
,10149989,Virginia,810,Virginia Beach (C),,1981-07-04 06:00:00,CST,1981-07-04 06:00:00,0,0,0,0,25K,0,,F1,Unknown,0.1,3,,,,,36.85,-75.98,,,,,VA,1981-07-04 06:00:00,1981-07-04 06:00:00,False,False
,10131494,Texas,331,Milam,,1981-05-16 01:50:00,CST,1981-05-16 01:50:00,0,0,0,0,0K,0,,F0,Unknown,0.2,33,,,,,30.6,-96.93,,,,,TX,1981-05-16 02:50:00,1981-05-16 02:50:00,True,True
,10131495,Texas,51,Burleson,,1981-05-16 02:10:00,CST,1981-05-16 02:10:00,1,0,0,0,250K,0,,F2,Unknown,9.7,73,,,,,30.45,-96.8,30.4,-96.65,,,TX,1981-05-16 03:10:00,1981-05-16 03:10:00,True,True
,10007862,Idaho,77,Power,,1981-07-17 17:00:00,CST,1981-07-17 17:00:00,0,0,0,0,2.5K,0,,F1,Unknown,0.8,3,,,,,42.58,-112.88,,,,,ID,1981-07-17 18:00:00,1981-07-17 18:00:00,True,True
,10131514,Texas,53,Burnet,,1981-05-16 16:00:00,CST,1981-05-16 16:00:00,0,0,0,0,0K,0,,F1,Unknown,3.6,47,,,,,30.78,-98.38,30.77,-98.33,,,TX,1981-05-16 17:00:00,1981-05-16 17:00:00,True,True
,10131516,Texas,121,Denton,,1981-05-17 17:53:00,CST,1981-05-17 17:53:00,0,0,0,0,2.5K,0,,F2,Unknown,4.9,123,,,,,33.27,-97.33,33.27,-97.25,,,TX,1981-05-17 18:53:00,1981-05-17 18:53:00,True,True
,10148109,Wisconsin,95,Polk,,1981-08-03 14:30:00,CST,1981-08-03 14:30:00,0,0,0,0,25K,0,,F0,Unknown,0.0,33,,,,,45.38,-92.53,,,,,WI,1981-08-03 15:30:00,1981-08-03 15:30:00,True,True
,10148110,Wisconsin,95,Polk,,1981-08-03 14:35:00,CST,1981-08-03 14:35:00,0,0,0,0,25K,0,,F0,Unknown,0.0,33,,,,,45.35,-92.52,,,,,WI,1981-08-03 15:35:00,1981-08-03 15:35:00,True,True
,10148118,Wisconsin,117,Sheboygan,,1981-08-29 13:00:00,CST,1981-08-29 13:00:00,0,0,0,0,2.5K,0,,F0,Unknown,0.0,33,,,,,43.67,-87.83,,,,,WI,1981-08-29 14:00:00,1981-08-29 14:00:00,True,True
,10129261,Texas,445,Terry,,1981-06-03 20:30:00,CST,1981-06-03 20:30:00,0,0,0,0,25K,0,,F2,Unknown,2.0,40,,,,,33.22,-102.28,,,,,TX,1981-06-03 21:30:00,1981-06-03 21:30:00,True,True
,10129263,Texas,305,Lynn,,1981-06-03 20:55:00,CST,1981-06-03 20:55:00,0,0,0,0,.03K,0,,F1,Unknown,1.0,30,,,,,33.18,-101.88,,,,,TX,1981-06-03 21:55:00,1981-06-03 21:55:00,True,True
,10129265,Texas,415,Scurry,,1981-06-03 22:00:00,CST,1981-06-03 22:00:00,0,0,0,0,.03K,0,,F0,Unknown,0.5,30,,,,,32.65,-101.13,,,,,TX,1981-06-03 23:00:00,1981-06-03 23:00:00,True,True
,10129267,Texas,167,Galveston,,1981-06-05 01:40:00,CST,1981-06-05 01:40:00,2,0,0,0,2.5M,0,,F2,Unknown,2.7,100,,,,,29.25,-94.85,,,,,TX,1981-06-05 02:40:00,1981-06-05 02:40:00,True,True
,10129268,Texas,167,Galveston,,1981-06-05 03:00:00,CST,1981-06-05 03:00:00,0,0,0,0,2.5K,0,,F1,Unknown,1.2,60,,,,,29.42,-94.7,,,,,TX,1981-06-05 04:00:00,1981-06-05 04:00:00,True,True
,10129269,Texas,71,Chambers,,1981-06-05 03:30:00,CST,1981-06-05 03:30:00,1,0,0,0,250K,0,,F2,Unknown,1.5,60,,,,,29.53,-94.75,,,,,TX,1981-06-05 04:30:00,1981-06-05 04:30:00,True,True
,10129270,Texas,71,Chambers,,1981-06-05 08:30:00,CST,1981-06-05 08:30:00,0,0,0,0,25K,0,,F0,Unknown,0.7,30,,,,,29.75,-94.68,,,,,TX,1981-06-05 09:30:00,1981-06-05 09:30:00,True,True
,10129272,Texas,403,Sabine,,1981-06-06 19:55:00,CST,1981-06-06 19:55:00,0,0,0,0,0K,0,,F0,Unknown,0.0,33,,,,,31.15,-94.0,,,,,TX,1981-06-06 20:55:00,1981-06-06 20:55:00,True,True
,10129273,Texas,213,Henderson,,1981-06-10 16:30:00,CST,1981-06-10 16:30:00,0,0,0,0,25K,0,,F1,Unknown,0.0,33,,,,,32.2,-95.85,,,,,TX,1981-06-10 17:30:00,1981-06-10 17:30:00,True,True
,10129274,Texas,183,Gregg,,1981-06-10 18:17:00,CST,1981-06-10 18:17:00,0,0,0,0,0K,0,,F0,Unknown,0.0,33,,,,,32.38,-94.57,,,,,TX,1981-06-10 19:17:00,1981-06-10 19:17:00,True,True
,10058320,Missouri,69,Dunklin,,1981-04-22 16:50:00,CST,1981-04-22 16:50:00,26,0,0,0,25M,0,,F4,Unknown,1.3,400,,,,,36.6,-90.42,36.6,-90.38,,,MO,1981-04-22 16:50:00,1981-04-22 16:50:00,False,False
,10000778,Florida,9,Brevard,,1981-05-01 16:45:00,CST,1981-05-01 16:45:00,0,0,0,0,25K,0,,F1,Unknown,2.0,100,,,,,28.72,-80.85,,,,,FL,1981-05-01 17:45:00,1981-05-01 17:45:00,True,True
,10000779,Florida,11,Broward,,1981-05-07 12:35:00,CST,1981-05-07 12:35:00,0,0,0,0,2.5K,0,,F0,Unknown,0.1,20,,,,,26.17,-80.17,,,,,FL,1981-05-07 13:35:00,1981-05-07 13:35:00,True,True
,10000780,Florida,86,Miami-Dade,,1981-05-07 16:15:00,CST,1981-05-07 16:15:00,0,0,0,0,25K,0,,F1,Unknown,1.0,50,,,,,25.62,-80.38,,,,,FL,1981-05-07 17:15:00,1981-05-07 17:15:00,True,True
,10000781,Florida,11,Broward,,1981-05-11 15:15:00,CST,1981-05-11 15:15:00,0,0,0,0,0K,0,,F0,Unknown,0.1,20,,,,,26.02,-80.47,,,,,FL,1981-05-11 16:15:00,1981-05-11 16:15:00,True,True
,10000782,Florida,105,Polk,,1981-05-17 17:45:00,CST,1981-05-17 17:45:00,0,0,0,0,25K,0,,F1,Unknown,1.0,30,,,,,28.07,-81.78,,,,,FL,1981-05-17 18:45:00,1981-05-17 18:45:00,True,True
,10000784,Florida,11,Broward,,1981-05-20 14:15:00,CST,1981-05-20 14:15:00,0,0,0,0,25K,0,,F1,Unknown,1.0,50,,,,,26.08,-80.2,,,,,FL,1981-05-20 15:15:00,1981-05-20 15:15:00,True,True
,10000787,Florida,11,Broward,,1981-05-20 14:55:00,CST,1981-05-20 14:55:00,0,0,0,0,0K,0,,F1,Unknown,0.1,20,,,,,25.97,-80.22,,,,,FL,1981-05-20 15:55:00,1981-05-20 15:55:00,True,True
,10000788,Florida,5,Bay,,1981-05-26 09:15:00,CST,1981-05-26 09:15:00,0,0,0,0,25K,0,,F0,Unknown,1.0,30,,,,,30.18,-85.8,,,,,FL,1981-05-26 10:15:00,1981-05-26 10:15:00,True,True
,10131470,Texas,451,Tom Green,,1981-05-15 19:25:00,CST,1981-05-15 19:25:00,0,0,0,0,0K,0,,F1,Unknown,0.5,20,,,,,31.22,-100.5,,,,,TX,1981-05-15 20:25:00,1981-05-15 20:25:00,True,True
,10146520,Washington,63,Spokane,,1981-06-22 22:15:00,CST,1981-06-22 22:15:00,0,0,0,0,.25K,0,,F1,Unknown,0.0,33,,,,,47.95,-117.45,,,,,WA,1981-06-22 23:15:00,1981-06-22 23:15:00,True,True
,10146521,Washington,53,Pierce,,1981-09-24 12:45:00,CST,1981-09-24 12:45:00,0,0,0,0,0K,0,,F0,Unknown,0.0,33,,,,,47.08,-122.58,,,,,WA,1981-09-24 13:45:00,1981-09-24 13:45:00,True,True
,10149975,Virginia,41,Chesterfield,,1981-02-11 17:45:00,CST,1981-02-11 17:45:00,0,0,0,0,250K,0,,F1,Unknown,0.1,70,,,,,37.48,-77.45,,,,,VA,1981-02-11 17:45:00,1981-02-11 17:45:00,False,False
,10149976,Virginia,800,Suffolk (C),,1981-03-30 17:00:00,CST,1981-03-30 17:00:00,0,0,0,0,250K,0,,F2,Unknown,14.2,83,,,,,36.53,-76.93,36.58,-76.68,,,VA,1981-03-30 17:00:00,1981-03-30 17:00:00,False,False
,10149978,Virginia,119,Middlesex,,1981-05-11 15:30:00,CST,1981-05-11 15:30:00,0,0,0,0,25K,0,,F2,Unknown,0.2,20,,,,,37.68,-76.68,,,,,VA,1981-05-11 16:30:00,1981-05-11 16:30:00,True,True
,10106688,Oklahoma,11,Blaine,,1981-05-22 21:40:00,CST,1981-05-22 21:40:00,0,0,0,0,0K,0,,F2,Unknown,0.0,33,,,,,35.72,-98.3,,,,,OK,1981-05-22 22:40:00,1981-05-22 22:40:00,True,True
,10152809,Utah,5,Cache,,1981-05-06 12:45:00,CST,1981-05-06 12:45:00,0,0,0,0,.03K,0,,F1,Unknown,0.5,100,,,,,41.87,-112.0,,,,,UT,1981-05-06 13:45:00,1981-05-06 13:45:00,True,True
,10152814,Utah,55,Wayne,,1981-07-24 15:12:00,CST,1981-07-24 15:12:00,0,0,0,0,0K,0,,F0,Unknown,0.2,10,,,,,38.47,-110.7,,,,,UT,1981-07-24 16:12:00,1981-07-24 16:12:00,True,True
,10146989,Wisconsin,25,Dane,,1981-06-15 10:10:00,CST,1981-06-15 10:10:00,0,0,0,0,250K,0,,F2,Unknown,1.0,33,,,,,43.08,-89.22,,,,,WI,1981-06-15 11:10:00,1981-06-15 11:10:00,True,True
,10146990,Wisconsin,45,Green,,1981-06-15 10:25:00,CST,1981-06-15 10:25:00,0,0,0,0,2.5K,0,,F0,Unknown,0.1,10,,,,,42.62,-89.45,,,,,WI,1981-06-15 11:25:00,1981-06-15 11:25:00,True,True
,10146991,Wisconsin,27,Dodge,,1981-06-15 11:30:00,CST,1981-06-15 11:30:00,0,0,0,0,25K,0,,F1,Unknown,0.1,17,,,,,43.57,-88.73,,,,,WI,1981-06-15 12:30:00,1981-06-15 12:30:00,True,True
,10146996,Wisconsin,55,Jefferson,,1981-06-15 13:02:00,CST,1981-06-15 13:02:00,3,0,0,0,250K,0,,F2,Unknown,23.1,50,,,,,42.88,-88.93,43.05,-88.53,,,WI,1981-06-15 14:02:00,1981-06-15 14:02:00,True,True
,10146997,Wisconsin,133,Waukesha,,1981-06-15 13:35:00,CST,1981-06-15 13:35:00,0,0,0,0,250K,0,,F2,Unknown,5.6,33,,,,,43.05,-88.53,43.08,-88.42,,,WI,1981-06-15 14:35:00,1981-06-15 14:35:00,True,True
,10150836,Virginia,59,Fairfax,,1981-07-28 17:20:00,CST,1981-07-28 17:20:00,0,0,0,0,25K,0,,F2,Unknown,0.1,27,,,,,38.9,-77.43,,,,,VA,1981-07-28 18:20:00,1981-07-28 18:20:00,True,True
,9991289,California,7,Butte,,1981-01-22 09:30:00,CST,1981-01-22 09:30:00,0,0,0,0,2.5K,0,,F0,Unknown,0.0,33,,,,,39.73,-121.88,,,,,CA,1981-01-22 09:30:00,1981-01-22 09:30:00,False,False
,10106708,Oklahoma,13,Bryan,,1981-05-23 18:58:00,CST,1981-05-23 18:58:00,0,0,0,0,2.5M,0,,F3,Unknown,9.7,100,,,,,34.08,-96.5,33.98,-96.38,,,OK,1981-05-23 19:58:00,1981-05-23 19:58:00,True,True
,9984578,Colorado,123,Weld,,1981-07-24 19:25:00,CST,1981-07-24 19:25:00,0,0,0,0,0K,0,,F0,Unknown,0.5,30,,,,,40.07,-104.42,,,,,CO,1981-07-24 20:25:00,1981-07-24 20:25:00,True,True
,9984588,Colorado,35,Douglas,,1981-07-27 11:30:00,CST,1981-07-27 11:30:00,0,0,0,0,0K,0,,F0,Unknown,0.5,30,,,,,39.53,-104.95,,,,,CO,1981-07-27 12:30:00,1981-07-27 12:30:00,True,True
,10061169,Mississippi,93,Marshall,,1981-06-06 02:30:00,CST,1981-06-06 02:30:00,0,0,0,0,25K,0,,F1,Unknown,0.8,150,,,,,34.95,-89.63,,,,,MS,1981-06-06 03:30:00,1981-06-06 03:30:00,True,True
,9994810,Georgia,261,Sumter,,1981-04-01 04:30:00,CST,1981-04-01 04:30:00,0,0,0,0,250K,0,,F1,Unknown,0.3,13,,,,,32.13,-84.23,,,,,GA,1981-04-01 04:30:00,1981-04-01 04:30:00,False,False
,9994819,Georgia,247,Rockdale,,1981-05-10 21:30:00,CST,1981-05-10 21:30:00,0,0,0,0,250K,0,,F1,Unknown,1.0,17,,,,,33.62,-83.95,,,,,GA,1981-05-10 22:30:00,1981-05-10 22:30:00,True,True
,10016360,Indiana,97,Marion,,1981-04-28 18:00:00,CST,1981-04-28 18:00:00,0,0,0,0,25K,0,,F1,Unknown,0.0,33,,,,,39.83,-86.3,,,,,IN,1981-04-28 19:00:00,1981-04-28 19:00:00,True,True
,10147004,Wisconsin,63,La Crosse,,1981-06-23 19:30:00,CST,1981-06-23 19:30:00,0,0,0,0,250K,0,,F1,Unknown,2.0,33,,,,,43.9,-91.08,,,,,WI,1981-06-23 20:30:00,1981-06-23 20:30:00,True,True
,10160105,Wyoming,31,Platte,,1981-04-20 15:00:00,CST,1981-04-20 15:00:00,0,0,0,0,0K,0,,F0,Unknown,0.0,33,,,,,42.13,-104.97,,,,,WY,1981-04-20 15:00:00,1981-04-20 15:00:00,False,False
,9999713,Florida,95,Orange,,1981-03-19 00:45:00,CST,1981-03-19 00:45:00,1,0,0,0,2.5M,0,,F3,Unknown,8.0,100,,,,,28.5,-81.42,28.55,-81.3,,,FL,1981-03-19 00:45:00,1981-03-19 00:45:00,False,False
,10106678,Oklahoma,75,Kiowa,,1981-05-22 18:30:00,CST,1981-05-22 18:30:00,0,0,0,0,0K,0,,F2,Unknown,0.0,100,,,,,35.12,-98.75,35.13,-98.73,,,OK,1981-05-22 19:30:00,1981-05-22 19:30:00,True,True
,10106679,Oklahoma,39,Custer,,1981-05-22 18:30:00,CST,1981-05-22 18:30:00,0,0,0,0,2.5M,0,,F2,Unknown,10.4,200,,,,,35.55,-99.18,35.58,-99.0,,,OK,1981-05-22 19:30:00,1981-05-22 19:30:00,True,True
,10106680,Oklahoma,149,Washita,,1981-05-22 18:32:00,CST,1981-05-22 18:32:00,0,0,0,0,0K,0,,F2,Unknown,9.8,33,,,,,35.13,-98.73,35.25,-98.63,,,OK,1981-05-22 19:32:00,1981-05-22 19:32:00,True,True
,10106681,Oklahoma,15,Caddo,,1981-05-22 18:49:00,CST,1981-05-22 18:49:00,0,0,0,0,2.5M,0,,F4,Unknown,12.2,1333,,,,,35.32,-98.37,35.38,-98.17,,,OK,1981-05-22 19:49:00,1981-05-22 19:49:00,True,True
,10106682,Oklahoma,15,Caddo,,1981-05-22 18:55:00,CST,1981-05-22 18:55:00,0,0,0,0,0K,0,,F2,Unknown,5.6,33,,,,,35.25,-98.63,35.32,-98.58,,,OK,1981-05-22 19:55:00,1981-05-22 19:55:00,True,True
,10106683,Oklahoma,39,Custer,,1981-05-22 19:00:00,CST,1981-05-22 19:00:00,0,0,0,0,0K,0,,F1,Unknown,0.0,33,,,,,35.53,-99.02,,,,,OK,1981-05-22 20:00:00,1981-05-22 20:00:00,True,True
,10106684,Oklahoma,17,Canadian,,1981-05-22 19:15:00,CST,1981-05-22 19:15:00,0,0,0,0,2.5M,0,,F4,Unknown,4.5,33,,,,,35.38,-98.17,35.43,-98.12,,,OK,1981-05-22 20:15:00,1981-05-22 20:15:00,True,True
,10106686,Oklahoma,17,Canadian,,1981-05-22 19:32:00,CST,1981-05-22 19:32:00,0,0,0,0,0K,0,,F1,Unknown,2.0,100,,,,,35.43,-98.0,,,,,OK,1981-05-22 20:32:00,1981-05-22 20:32:00,True,True
,10106687,Oklahoma,39,Custer,,1981-05-22 19:55:00,CST,1981-05-22 19:55:00,12,0,0,0,25M,0,,F3,Unknown,10.3,267,,,,,35.48,-99.03,35.6,-98.92,,,OK,1981-05-22 20:55:00,1981-05-22 20:55:00,True,True
,10106689,Oklahoma,113,Osage,,1981-05-23 01:00:00,CST,1981-05-23 01:00:00,0,0,0,0,0K,0,,F1,Unknown,0.0,33,,,,,36.33,-96.43,,,,,OK,1981-05-23 02:00:00,1981-05-23 02:00:00,True,True
,10106691,Oklahoma,37,Creek,,1981-05-23 15:00:00,CST,1981-05-23 15:00:00,0,0,0,0,0K,0,,F1,Unknown,0.0,33,,,,,35.83,-96.33,,,,,OK,1981-05-23 16:00:00,1981-05-23 16:00:00,True,True
,10000797,Florida,27,De Soto,,1981-06-02 14:45:00,CST,1981-06-02 14:45:00,0,0,0,0,25K,0,,F0,Unknown,0.1,30,,,,,26.93,-81.87,,,,,FL,1981-06-02 14:45:00,1981-06-02 14:45:00,False,False
,10091109,North Carolina,107,Lenoir,,1981-07-04 02:19:00,CST,1981-07-04 02:19:00,0,0,0,0,25K,0,,F1,Unknown,0.0,33,,,,,35.2,-77.78,,,,,NC,1981-07-04 03:19:00,1981-07-04 03:19:00,True,True
,10123219,Tennessee,113,Madison,,1981-06-06 04:15:00,CST,1981-06-06 04:15:00,0,0,0,0,250K,0,,F0,Unknown,0.5,50,,,,,35.63,-88.88,,,,,TN,1981-06-06 05:15:00,1981-06-06 05:15:00,True,True
,10145905,Wisconsin,15,Calumet,,1981-04-04 00:35:00,CST,1981-04-04 00:35:00,6,0,0,0,250K,0,,F2,Unknown,0.1,23,,,,,43.92,-88.08,,,,,WI,1981-04-04 00:35:00,1981-04-04 00:35:00,False,False
,9991292,California,77,San Joaquin,,1981-03-19 17:30:00,CST,1981-03-19 17:30:00,0,0,0,0,2.5K,0,,F0,Unknown,0.0,33,,,,,37.98,-121.05,,,,,CA,1981-03-19 17:30:00,1981-03-19 17:30:00,False,False
,10129249,Texas,87,Collingsworth,,1981-06-02 21:00:00,CST,1981-06-02 21:00:00,0,0,0,0,.25K,0,,F1,Unknown,1.0,40,,,,,34.85,-100.47,,,,,TX,1981-06-02 22:00:00,1981-06-02 22:00:00,True,True
,10129250,Texas,39,Brazoria,,1981-06-03 00:05:00,CST,1981-06-03 00:05:00,0,0,0,0,2.5K,0,,F0,Unknown,0.1,20,,,,,29.13,-95.7,,,,,TX,1981-06-03 01:05:00,1981-06-03 01:05:00,True,True
,10128130,Texas,345,Motley,,1981-05-26 20:54:00,CST,1981-05-26 20:54:00,0,0,0,0,0K,0,,F0,Unknown,0.5,30,,,,,34.15,-100.82,,,,,TX,1981-05-26 21:54:00,1981-05-26 21:54:00,True,True
,10128131,Texas,101,Cottle,,1981-05-26 21:40:00,CST,1981-05-26 21:40:00,0,0,0,0,0K,0,,F0,Unknown,0.5,20,,,,,34.15,-101.3,,,,,TX,1981-05-26 22:40:00,1981-05-26 22:40:00,True,True
,10023816,Kansas,139,Osage,,1981-06-29 16:12:00,CST,1981-06-29 16:12:00,0,0,0,0,0K,0,,F0,Unknown,0.5,17,,,,,38.73,-95.55,,,,,KS,1981-06-29 17:12:00,1981-06-29 17:12:00,True,True
,10023817,Kansas,35,Cowley,,1981-06-29 17:00:00,CST,1981-06-29 17:00:00,0,0,0,0,0K,0,,F0,Unknown,0.5,17,,,,,37.07,-97.23,,,,,KS,1981-06-29 18:00:00,1981-06-29 18:00:00,True,True
,10023819,Kansas,77,Harper,,1981-06-30 17:13:00,CST,1981-06-30 17:13:00,0,0,0,0,0K,0,,F0,Unknown,0.5,17,,,,,37.25,-98.02,,,,,KS,1981-06-30 18:13:00,1981-06-30 18:13:00,True,True
,10023820,Kansas,77,Harper,,1981-06-30 17:30:00,CST,1981-06-30 17:30:00,0,0,0,0,0K,0,,F0,Unknown,0.5,17,,,,,37.25,-98.1,,,,,KS,1981-06-30 18:30:00,1981-06-30 18:30:00,True,True
,10023821,Kansas,195,Trego,,1981-07-02 21:40:00,CST,1981-07-02 21:40:00,0,0,0,0,0K,0,,F1,Unknown,0.5,17,,,,,38.78,-99.8,,,,,KS,1981-07-02 22:40:00,1981-07-02 22:40:00,True,True
,10023822,Kansas,53,Ellsworth,,1981-07-03 12:42:00,CST,1981-07-03 12:42:00,0,0,0,0,0K,0,,F1,Unknown,0.5,17,,,,,38.8,-98.47,,,,,KS,1981-07-03 13:42:00,1981-07-03 13:42:00,True,True
,10129189,Texas,153,Floyd,,1981-05-07 17:15:00,CST,1981-05-07 17:15:00,0,0,0,0,0K,0,,F0,Unknown,0.3,7,,,,,34.2,-101.4,,,,,TX,1981-05-07 18:15:00,1981-05-07 18:15:00,True,True
,10130296,Texas,113,Dallas,,1981-05-08 20:20:00,CST,1981-05-08 20:20:00,0,0,0,0,25K,0,,F2,Unknown,4.9,73,,,,,32.57,-96.98,32.55,-96.9,,,TX,1981-05-08 21:20:00,1981-05-08 21:20:00,True,True
,10130304,Texas,211,Hemphill,,1981-05-08 22:30:00,CST,1981-05-08 22:30:00,0,0,0,0,25K,0,,F1,Unknown,1.0,30,,,,,35.92,-100.4,,,,,TX,1981-05-08 23:30:00,1981-05-08 23:30:00,True,True
,10130309,Texas,217,Hill,,1981-05-09 11:45:00,CST,1981-05-09 11:45:00,0,0,0,0,25K,0,,F2,Unknown,9.6,100,,,,,31.97,-97.25,31.97,-97.08,,,TX,1981-05-09 12:45:00,1981-05-09 12:45:00,True,True
,10130311,Texas,217,Hill,,1981-05-09 12:13:00,CST,1981-05-09 12:13:00,0,0,0,0,2.5M,0,,F3,Unknown,5.2,73,,,,,31.97,-97.02,31.93,-96.93,,,TX,1981-05-09 13:13:00,1981-05-09 13:13:00,True,True
,10130312,Texas,349,Navarro,,1981-05-09 12:34:00,CST,1981-05-09 12:34:00,0,0,0,0,0K,0,,F1,Unknown,0.5,50,,,,,31.92,-96.75,,,,,TX,1981-05-09 13:34:00,1981-05-09 13:34:00,True,True
,10130313,Texas,27,Bell,,1981-05-09 12:45:00,CST,1981-05-09 12:45:00,0,0,0,0,25K,0,,F1,Unknown,1.0,100,,,,,31.12,-97.37,,,,,TX,1981-05-09 13:45:00,1981-05-09 13:45:00,True,True
,10130316,Texas,213,Henderson,,1981-05-09 13:10:00,CST,1981-05-09 13:10:00,0,0,0,0,0K,0,,F1,Unknown,0.0,33,,,,,32.2,-95.62,,,,,TX,1981-05-09 14:10:00,1981-05-09 14:10:00,True,True
,10023827,Kansas,181,Sherman,,1981-07-14 15:10:00,CST,1981-07-14 15:10:00,0,0,0,0,0K,0,,F1,Unknown,0.5,17,,,,,39.25,-101.53,,,,,KS,1981-07-14 16:10:00,1981-07-14 16:10:00,True,True
,10016795,Indiana,89,Lake,,1981-10-17 20:40:00,CST,1981-10-17 20:40:00,0,0,0,0,25K,0,,F1,Unknown,0.0,33,,,,,41.65,-87.47,,,,,IN,1981-10-17 21:40:00,1981-10-17 21:40:00,True,True
,10001913,Florida,57,Hillsborough,,1981-07-30 11:20:00,CST,1981-07-30 11:20:00,0,0,0,0,250K,0,,F1,Unknown,0.5,30,,,,,27.87,-82.33,,,,,FL,1981-07-30 12:20:00,1981-07-30 12:20:00,True,True
,10030233,Kentucky,217,Taylor,,1981-08-05 21:00:00,CST,1981-08-05 21:00:00,1,0,0,0,25K,0,,F2,Unknown,1.0,10,,,,,37.33,-85.4,,,,,KY,1981-08-05 22:00:00,1981-08-05 22:00:00,True,True
,10017485,Indiana,91,La Porte,,1981-07-25 19:12:00,CST,1981-07-25 19:12:00,0,0,0,0,25K,0,,F0,Unknown,0.0,33,,,,,41.5,-86.78,,,,,IN,1981-07-25 20:12:00,1981-07-25 20:12:00,True,True
,10131426,Texas,147,Fannin,,1981-05-13 18:07:00,CST,1981-05-13 18:07:00,0,0,0,0,25K,0,,F2,Unknown,1.0,73,,,,,33.53,-96.08,,,,,TX,1981-05-13 19:07:00,1981-05-13 19:07:00,True,True
,10131427,Texas,277,Lamar,,1981-05-13 18:15:00,CST,1981-05-13 18:15:00,30,0,0,0,2.5M,0,,F4,Unknown,8.8,400,,,,,33.77,-95.7,33.78,-95.55,,,TX,1981-05-13 19:15:00,1981-05-13 19:15:00,True,True
,10004516,Illinois,73,Henry,,1981-08-25 16:05:00,CST,1981-08-25 16:05:00,0,0,0,0,25K,0,,F1,Unknown,0.3,17,,,,,41.13,-90.05,,,,,IL,1981-08-25 17:05:00,1981-08-25 17:05:00,True,True
,10129171,Texas,201,Harris,,1981-05-03 13:15:00,CST,1981-05-03 13:15:00,0,0,0,0,250K,0,,F1,Unknown,0.5,33,,,,,29.53,-95.17,,,,,TX,1981-05-03 14:15:00,1981-05-03 14:15:00,True,True
,10129172,Texas,51,Burleson,,1981-05-03 14:15:00,CST,1981-05-03 14:15:00,0,0,0,0,250K,0,,F1,Unknown,0.4,27,,,,,30.48,-96.87,,,,,TX,1981-05-03 15:15:00,1981-05-03 15:15:00,True,True
,10129173,Texas,39,Brazoria,,1981-05-03 18:40:00,CST,1981-05-03 18:40:00,10,0,0,0,250K,0,,F2,Unknown,7.2,73,,,,,29.43,-95.32,29.53,-95.3,,,TX,1981-05-03 19:40:00,1981-05-03 19:40:00,True,True
,10129175,Texas,157,Fort Bend,,1981-05-04 16:45:00,CST,1981-05-04 16:45:00,0,0,0,0,0K,0,,F0,Unknown,0.6,30,,,,,29.57,-95.57,,,,,TX,1981-05-04 17:45:00,1981-05-04 17:45:00,True,True
,10129183,Texas,195,Hansford,,1981-05-06 20:20:00,CST,1981-05-06 20:20:00,0,0,0,0,0K,0,,F0,Unknown,0.5,30,,,,,36.27,-101.38,,,,,TX,1981-05-06 21:20:00,1981-05-06 21:20:00,True,True
,10129185,Texas,43,Brewster,,1981-05-07 16:15:00,CST,1981-05-07 16:15:00,0,0,0,0,250K,0,,F1,Unknown,1.0,30,,,,,30.18,-103.25,,,,,TX,1981-05-07 17:15:00,1981-05-07 17:15:00,True,True
,10129187,Texas,107,Crosby,,1981-05-07 16:55:00,CST,1981-05-07 16:55:00,0,0,0,0,0K,0,,F2,Unknown,6.1,40,,,,,33.67,-101.37,33.75,-101.33,,,TX,1981-05-07 17:55:00,1981-05-07 17:55:00,True,True
,10129188,Texas,107,Crosby,,1981-05-07 17:00:00,CST,1981-05-07 17:00:00,0,0,0,0,250K,0,,F2,Unknown,1.5,40,,,,,33.48,-101.38,,,,,TX,1981-05-07 18:00:00,1981-05-07 18:00:00,True,True
,10129241,Texas,101,Cottle,,1981-06-01 21:40:00,CST,1981-06-01 21:40:00,0,0,0,0,.03K,0,,F0,Unknown,0.3,10,,,,,33.95,-100.3,,,,,TX,1981-06-01 22:40:00,1981-06-01 22:40:00,True,True
,10129245,Texas,341,Moore,,1981-06-02 17:00:00,CST,1981-06-02 17:00:00,0,0,0,0,.03K,0,,F0,Unknown,0.3,10,,,,,35.85,-101.97,,,,,TX,1981-06-02 18:00:00,1981-06-02 18:00:00,True,True
,10129246,Texas,341,Moore,,1981-06-02 17:00:00,CST,1981-06-02 17:00:00,0,0,0,0,.03K,0,,F0,Unknown,0.3,10,,,,,36.02,-101.73,,,,,TX,1981-06-02 18:00:00,1981-06-02 18:00:00,True,True
,10129248,Texas,191,Hall,,1981-06-02 20:50:00,CST,1981-06-02 20:50:00,0,0,0,0,25K,0,,F0,Unknown,0.4,20,,,,,34.67,-100.7,,,,,TX,1981-06-02 21:50:00,1981-06-02 21:50:00,True,True
,10128232,Texas,231,Hunt,,1981-10-13 14:15:00,CST,1981-10-13 14:15:00,0,0,0,0,25K,0,,F1,Unknown,5.6,73,,,,,33.35,-95.9,33.42,-95.85,,,TX,1981-10-13 15:15:00,1981-10-13 15:15:00,True,True
,10003373,Illinois,179,Tazewell,,1981-06-08 19:18:00,CST,1981-06-08 19:18:00,0,0,0,0,25K,0,,F1,Unknown,0.0,33,,,,,40.55,-89.57,,,,,IL,1981-06-08 20:18:00,1981-06-08 20:18:00,True,True
,10003374,Illinois,19,Champaign,,1981-06-08 20:37:00,CST,1981-06-08 20:37:00,0,0,0,0,25K,0,,F1,Unknown,0.0,33,,,,,40.2,-88.47,,,,,IL,1981-06-08 21:37:00,1981-06-08 21:37:00,True,True
,10003375,Illinois,39,De Witt,,1981-06-08 20:38:00,CST,1981-06-08 20:38:00,0,0,0,0,25K,0,,F1,Unknown,0.0,33,,,,,40.25,-88.65,,,,,IL,1981-06-08 21:38:00,1981-06-08 21:38:00,True,True
,10003376,Illinois,167,Sangamon,,1981-06-08 20:40:00,CST,1981-06-08 20:40:00,0,0,0,0,0K,0,,F0,Unknown,0.0,33,,,,,39.82,-89.75,,,,,IL,1981-06-08 21:40:00,1981-06-08 21:40:00,True,True
,10003377,Illinois,19,Champaign,,1981-06-08 20:40:00,CST,1981-06-08 20:40:00,0,0,0,0,25K,0,,F1,Unknown,0.0,33,,,,,40.2,-88.62,,,,,IL,1981-06-08 21:40:00,1981-06-08 21:40:00,True,True
,10004507,Illinois,143,Peoria,,1981-07-25 20:40:00,CST,1981-07-25 20:40:00,0,0,0,0,250K,0,,F2,Unknown,2.0,20,,,,,40.9,-89.77,,,,,IL,1981-07-25 21:40:00,1981-07-25 21:40:00,True,True
,10004508,Illinois,57,Fulton,,1981-07-25 20:50:00,CST,1981-07-25 20:50:00,0,0,0,0,2.5K,0,,F0,Unknown,0.0,33,,,,,40.58,-90.08,,,,,IL,1981-07-25 21:50:00,1981-07-25 21:50:00,True,True
,10006444,Illinois,203,Woodford,,1981-04-13 23:10:00,CST,1981-04-13 23:10:00,0,0,0,0,25K,0,,F1,Unknown,8.3,150,,,,,40.6,-89.28,40.6,-89.12,,,IL,1981-04-13 23:10:00,1981-04-13 23:10:00,False,False
,10003387,Illinois,113,Mclean,,1981-06-20 17:45:00,CST,1981-06-20 17:45:00,0,0,0,0,25K,0,,F1,Unknown,1.0,70,,,,,40.42,-89.12,,,,,IL,1981-06-20 17:45:00,1981-06-20 17:45:00,False,False
,10003388,Illinois,113,Mclean,,1981-06-20 17:45:00,CST,1981-06-20 17:45:00,0,0,0,0,25K,0,,F1,Unknown,0.1,33,,,,,40.75,-88.8,,,,,IL,1981-06-20 17:45:00,1981-06-20 17:45:00,False,False
,10130405,Texas,201,Harris,,1981-08-04 09:30:00,CST,1981-08-04 09:30:00,0,0,0,0,25K,0,,F0,Unknown,0.1,17,,,,,29.73,-94.95,,,,,TX,1981-08-04 10:30:00,1981-08-04 10:30:00,True,True
,10130406,Texas,111,Dallam,,1981-08-06 12:58:00,CST,1981-08-06 12:58:00,0,0,0,0,0K,0,,F0,Unknown,0.0,67,,,,,36.23,-102.23,,,,,TX,1981-08-06 13:58:00,1981-08-06 13:58:00,True,True
,10130407,Texas,391,Refugio,,1981-08-11 10:45:00,CST,1981-08-11 10:45:00,0,0,0,0,0K,0,,F0,Unknown,0.1,20,,,,,28.2,-97.25,,,,,TX,1981-08-11 11:45:00,1981-08-11 11:45:00,True,True
,10130408,Texas,409,San Patricio,,1981-08-12 08:45:00,CST,1981-08-12 08:45:00,0,0,0,0,0K,0,,F0,Unknown,0.1,20,,,,,27.88,-97.58,,,,,TX,1981-08-12 09:45:00,1981-08-12 09:45:00,True,True
,10006445,Illinois,113,Mclean,,1981-04-13 23:15:00,CST,1981-04-13 23:15:00,0,0,0,0,25K,0,,F1,Unknown,26.2,33,,,,,40.6,-89.12,40.57,-88.62,,,IL,1981-04-13 23:15:00,1981-04-13 23:15:00,False,False
,10006446,Illinois,113,Mclean,,1981-04-13 23:20:00,CST,1981-04-13 23:20:00,0,0,0,0,25K,0,,F1,Unknown,0.0,50,,,,,40.48,-88.93,,,,,IL,1981-04-13 23:20:00,1981-04-13 23:20:00,False,False
,10006454,Illinois,119,Madison,,1981-04-22 17:56:00,CST,1981-04-22 17:56:00,0,0,0,0,2.5K,0,,F0,Unknown,5.6,50,,,,,38.95,-90.18,39.03,-90.15,,,IL,1981-04-22 17:56:00,1981-04-22 17:56:00,False,False
,10129251,Texas,423,Smith,,1981-06-03 13:55:00,CST,1981-06-03 13:55:00,0,0,0,0,0K,0,,F0,Unknown,0.0,33,,,,,32.23,-95.3,,,,,TX,1981-06-03 14:55:00,1981-06-03 14:55:00,True,True
,10129252,Texas,253,Jones,,1981-06-03 17:30:00,CST,1981-06-03 17:30:00,0,0,0,0,0K,0,,F0,Unknown,0.0,33,,,,,32.77,-99.75,,,,,TX,1981-06-03 18:30:00,1981-06-03 18:30:00,True,True
,10128127,Texas,45,Briscoe,,1981-05-26 19:00:00,CST,1981-05-26 19:00:00,0,0,0,0,0K,0,,F0,Unknown,0.3,7,,,,,34.37,-101.08,,,,,TX,1981-05-26 20:00:00,1981-05-26 20:00:00,True,True
,10128128,Texas,45,Briscoe,,1981-05-26 19:20:00,CST,1981-05-26 19:20:00,0,0,0,0,0K,0,,F0,Unknown,1.0,30,,,,,34.33,-101.02,,,,,TX,1981-05-26 20:20:00,1981-05-26 20:20:00,True,True
,10127954,Texas,215,Hidalgo,,1981-08-29 13:47:00,CST,1981-08-29 13:47:00,0,0,0,0,25K,0,,F1,Unknown,2.0,37,,,,,26.18,-98.33,,,,,TX,1981-08-29 14:47:00,1981-08-29 14:47:00,True,True
,10127955,Texas,355,Nueces,,1981-08-29 14:30:00,CST,1981-08-29 14:30:00,0,0,0,0,2.5K,0,,F0,Unknown,0.1,20,,,,,27.67,-97.37,,,,,TX,1981-08-29 15:30:00,1981-08-29 15:30:00,True,True
,10127956,Texas,215,Hidalgo,,1981-08-29 15:20:00,CST,1981-08-29 15:20:00,0,0,0,0,0K,0,,F0,Unknown,0.2,27,,,,,26.52,-98.4,,,,,TX,1981-08-29 16:20:00,1981-08-29 16:20:00,True,True
,10127957,Texas,409,San Patricio,,1981-08-29 15:30:00,CST,1981-08-29 15:30:00,0,0,0,0,25K,0,,F1,Unknown,0.2,50,,,,,27.9,-97.13,,,,,TX,1981-08-29 16:30:00,1981-08-29 16:30:00,True,True
,10127958,Texas,297,Live Oak,,1981-08-30 14:45:00,CST,1981-08-30 14:45:00,2,0,0,0,250K,0,,F1,Unknown,1.0,40,,,,,28.48,-98.12,,,,,TX,1981-08-30 15:45:00,1981-08-30 15:45:00,True,True
,10127959,Texas,13,Atascosa,,1981-08-30 15:15:00,CST,1981-08-30 15:15:00,0,0,0,0,0K,0,,F0,Unknown,0.5,40,,,,,28.93,-98.67,,,,,TX,1981-08-30 16:15:00,1981-08-30 16:15:00,True,True
,10131207,Texas,167,Galveston,,1981-05-09 18:15:00,CST,1981-05-09 18:15:00,1,0,0,0,250K,0,,F2,Unknown,1.5,50,,,,,29.48,-95.03,,,,,TX,1981-05-09 19:15:00,1981-05-09 19:15:00,True,True
,10129978,Texas,491,Williamson,,1981-02-10 01:13:00,CST,1981-02-10 01:13:00,0,0,0,0,250K,0,,F2,Unknown,0.8,100,,,,,30.67,-97.67,,,,,TX,1981-02-10 01:13:00,1981-02-10 01:13:00,False,False
,10145899,Wisconsin,27,Dodge,,1981-04-03 23:30:00,CST,1981-04-03 23:30:00,0,0,0,0,25K,0,,F1,Unknown,0.0,33,,,,,43.45,-88.45,,,,,WI,1981-04-03 23:30:00,1981-04-03 23:30:00,False,False
,10129988,Texas,41,Brazos,,1981-02-10 02:45:00,CST,1981-02-10 02:45:00,1,0,0,0,25K,0,,F1,Unknown,2.0,77,,,,,30.78,-96.3,,,,,TX,1981-02-10 02:45:00,1981-02-10 02:45:00,False,False
,10129995,Texas,185,Grimes,,1981-02-10 03:10:00,CST,1981-02-10 03:10:00,2,0,0,0,250K,0,,F2,Unknown,2.5,77,,,,,30.77,-96.0,,,,,TX,1981-02-10 03:10:00,1981-02-10 03:10:00,False,False
,10145902,Wisconsin,131,Washington,,1981-04-04 00:04:00,CST,1981-04-04 00:04:00,53,0,3,0,25M,0,,F4,Unknown,1.8,100,,,,,43.43,-88.2,,,,,WI,1981-04-04 00:04:00,1981-04-04 00:04:00,False,False
,10003391,Illinois,113,Mclean,,1981-06-20 19:34:00,CST,1981-06-20 19:34:00,0,0,0,0,0K,0,,F0,Unknown,0.0,33,,,,,40.6,-88.98,,,,,IL,1981-06-20 19:34:00,1981-06-20 19:34:00,False,False
,10003392,Illinois,113,Mclean,,1981-06-20 19:34:00,CST,1981-06-20 19:34:00,0,0,0,0,0K,0,,F0,Unknown,0.0,33,,,,,40.6,-88.93,,,,,IL,1981-06-20 19:34:00,1981-06-20 19:34:00,False,False
,10129023,Texas,469,Victoria,,1981-10-18 21:53:00,CST,1981-10-18 21:53:00,0,0,0,0,2.5K,0,,F0,Unknown,0.1,27,,,,,28.82,-97.03,,,,,TX,1981-10-18 22:53:00,1981-10-18 22:53:00,True,True
,10129025,Texas,175,Goliad,,1981-10-22 11:40:00,CST,1981-10-22 11:40:00,0,0,0,0,250K,0,,F1,Unknown,5.7,50,,,,,28.83,-97.43,28.87,-97.35,,,TX,1981-10-22 12:40:00,1981-10-22 12:40:00,True,True
,10006434,Illinois,155,Putnam,,1981-04-13 20:07:00,CST,1981-04-13 20:07:00,0,0,0,0,25K,0,,F0,Unknown,0.0,33,,,,,41.18,-89.4,,,,,IL,1981-04-13 20:07:00,1981-04-13 20:07:00,False,False
,10006435,Illinois,113,Mclean,,1981-04-13 20:30:00,CST,1981-04-13 20:30:00,0,0,0,0,2.5M,0,,F2,Unknown,0.0,33,,,,,40.62,-88.75,,,,,IL,1981-04-13 20:30:00,1981-04-13 20:30:00,False,False
,10006442,Illinois,113,Mclean,,1981-04-13 22:35:00,CST,1981-04-13 22:35:00,0,0,0,0,0K,0,,F0,Unknown,0.0,33,,,,,40.55,-89.0,,,,,IL,1981-04-13 22:35:00,1981-04-13 22:35:00,False,False
,10128208,Texas,69,Castro,,1981-09-24 17:03:00,CST,1981-09-24 17:03:00,0,0,0,0,.03K,0,,F0,Unknown,0.0,33,,,,,33.82,-100.52,,,,,TX,1981-09-24 18:03:00,1981-09-24 18:03:00,True,True
,10128213,Texas,29,Bexar,,1981-10-07 01:00:00,CST,1981-10-07 01:00:00,0,0,0,0,250K,0,,F1,Unknown,0.3,33,,,,,29.38,-98.63,,,,,TX,1981-10-07 02:00:00,1981-10-07 02:00:00,True,True
,10128214,Texas,167,Galveston,,1981-10-07 09:52:00,CST,1981-10-07 09:52:00,0,0,0,0,0K,0,,F0,Unknown,0.1,27,,,,,29.32,-95.02,,,,,TX,1981-10-07 10:52:00,1981-10-07 10:52:00,True,True
,10128215,Texas,201,Harris,,1981-10-11 18:45:00,CST,1981-10-11 18:45:00,1,0,0,0,25K,0,,F1,Unknown,0.1,27,,,,,29.57,-95.12,,,,,TX,1981-10-11 19:45:00,1981-10-11 19:45:00,True,True
,10128216,Texas,349,Navarro,,1981-10-13 08:00:00,CST,1981-10-13 08:00:00,1,0,0,0,25K,0,,F3,Unknown,7.2,100,,,,,31.95,-96.15,32.05,-96.13,,,TX,1981-10-13 09:00:00,1981-10-13 09:00:00,True,True
,10128217,Texas,213,Henderson,,1981-10-13 09:00:00,CST,1981-10-13 09:00:00,0,0,0,0,25K,0,,F1,Unknown,6.2,50,,,,,32.27,-96.17,32.33,-96.1,,,TX,1981-10-13 10:00:00,1981-10-13 10:00:00,True,True
,10128218,Texas,299,Llano,,1981-10-13 09:10:00,CST,1981-10-13 09:10:00,0,0,0,0,25K,0,,F1,Unknown,1.0,40,,,,,30.82,-98.83,,,,,TX,1981-10-13 10:10:00,1981-10-13 10:10:00,True,True
,10128219,Texas,257,Kaufman,,1981-10-13 09:20:00,CST,1981-10-13 09:20:00,0,0,0,0,2.5K,0,,F1,Unknown,2.7,27,,,,,32.37,-96.08,32.4,-96.07,,,TX,1981-10-13 10:20:00,1981-10-13 10:20:00,True,True
,10128220,Texas,467,Van Zandt,,1981-10-13 09:25:00,CST,1981-10-13 09:25:00,0,0,0,0,2.5K,0,,F1,Unknown,3.0,33,,,,,32.4,-96.07,32.42,-96.03,,,TX,1981-10-13 10:25:00,1981-10-13 10:25:00,True,True
,10128222,Texas,309,Mclennan,,1981-10-13 11:27:00,CST,1981-10-13 11:27:00,4,0,0,0,25M,0,,F2,Unknown,2.0,150,,,,,31.53,-97.18,,,,,TX,1981-10-13 11:27:00,1981-10-13 11:27:00,False,False
,10128223,Texas,251,Johnson,,1981-10-13 11:45:00,CST,1981-10-13 11:45:00,0,0,0,0,25K,0,,F2,Unknown,2.7,50,,,,,32.47,-97.38,32.5,-97.37,,,TX,1981-10-13 12:45:00,1981-10-13 12:45:00,True,True
,10128224,Texas,251,Johnson,,1981-10-13 11:50:00,CST,1981-10-13 11:50:00,0,0,0,0,0K,0,,F1,Unknown,0.0,33,,,,,32.5,-97.22,,,,,TX,1981-10-13 12:50:00,1981-10-13 12:50:00,True,True
,10128225,Texas,251,Johnson,,1981-10-13 12:00:00,CST,1981-10-13 12:00:00,0,0,0,0,2.5K,0,,F1,Unknown,5.7,50,,,,,32.25,-97.22,32.33,-97.22,,,TX,1981-10-13 13:00:00,1981-10-13 13:00:00,True,True
,10128226,Texas,217,Hill,,1981-10-13 12:00:00,CST,1981-10-13 12:00:00,0,0,0,0,25K,0,,F2,Unknown,2.7,100,,,,,32.13,-97.33,32.17,-97.32,,,TX,1981-10-13 13:00:00,1981-10-13 13:00:00,True,True
,10128227,Texas,439,Tarrant,,1981-10-13 13:30:00,CST,1981-10-13 13:30:00,2,0,0,0,25K,0,,F1,Unknown,1.0,100,,,,,32.9,-97.05,,,,,TX,1981-10-13 14:30:00,1981-10-13 14:30:00,True,True
,10128229,Texas,113,Dallas,,1981-10-13 13:40:00,CST,1981-10-13 13:40:00,0,0,0,0,0K,0,,F1,Unknown,1.0,50,,,,,32.95,-96.97,,,,,TX,1981-10-13 14:40:00,1981-10-13 14:40:00,True,True
,10003397,Illinois,67,Hancock,,1981-06-21 19:14:00,CST,1981-06-21 19:14:00,0,0,0,0,2.5M,0,,F1,Unknown,0.0,33,,,,,40.35,-91.45,,,,,IL,1981-06-21 20:14:00,1981-06-21 20:14:00,True,True
,10003398,Illinois,67,Hancock,,1981-06-21 19:47:00,CST,1981-06-21 19:47:00,0,0,0,0,2.5K,0,,F1,Unknown,0.0,33,,,,,40.27,-91.08,,,,,IL,1981-06-21 20:47:00,1981-06-21 20:47:00,True,True
,10126779,South Dakota,97,Miner,,1981-06-12 23:30:00,CST,1981-06-12 23:30:00,0,0,0,0,0K,0,,F0,Unknown,0.0,33,,,,,44.37,-102.35,,,,,SD,1981-06-13 00:30:00,1981-06-13 00:30:00,True,True
,10130494,Texas,277,Lamar,,1981-10-13 15:00:00,CST,1981-10-13 15:00:00,0,0,0,0,.25K,0,,F1,Unknown,0.0,33,,,,,33.65,-95.77,,,,,TX,1981-10-13 16:00:00,1981-10-13 16:00:00,True,True
,10130495,Texas,277,Lamar,,1981-10-13 15:30:00,CST,1981-10-13 15:30:00,0,0,0,0,25K,0,,F2,Unknown,6.6,50,,,,,33.65,-95.67,33.72,-95.58,,,TX,1981-10-13 16:30:00,1981-10-13 16:30:00,True,True
,10130496,Texas,339,Montgomery,,1981-10-14 06:50:00,CST,1981-10-14 06:50:00,0,0,0,0,0K,0,,F1,Unknown,0.8,40,,,,,30.22,-95.78,,,,,TX,1981-10-14 07:50:00,1981-10-14 07:50:00,True,True
,10130497,Texas,135,Ector,,1981-10-15 21:30:00,CST,1981-10-15 21:30:00,2,0,0,0,25K,0,,F2,Unknown,1.5,30,,,,,31.65,-102.37,,,,,TX,1981-10-15 22:30:00,1981-10-15 22:30:00,True,True
,10130498,Texas,181,Grayson,,1981-10-16 14:55:00,CST,1981-10-16 14:55:00,0,0,0,0,0K,0,,F1,Unknown,0.0,33,,,,,33.48,-96.77,,,,,TX,1981-10-16 15:55:00,1981-10-16 15:55:00,True,True
,10130499,Texas,139,Ellis,,1981-10-16 17:15:00,CST,1981-10-16 17:15:00,0,0,0,0,0K,0,,F0,Unknown,0.0,33,,,,,32.53,-96.93,,,,,TX,1981-10-16 18:15:00,1981-10-16 18:15:00,True,True
,10131108,Texas,37,Bowie,,1981-03-29 03:30:00,CST,1981-03-29 03:30:00,0,0,0,0,250K,0,,F1,Unknown,0.0,33,,,,,33.47,-94.05,,,,,TX,1981-03-29 03:30:00,1981-03-29 03:30:00,False,False
,10129037,Texas,251,Johnson,,1981-11-08 17:22:00,CST,1981-11-08 17:22:00,0,0,0,0,25K,0,,F1,Unknown,2.0,73,,,,,32.57,-97.6,,,,,TX,1981-11-08 17:22:00,1981-11-08 17:22:00,False,False
,10129038,Texas,251,Johnson,,1981-11-08 17:30:00,CST,1981-11-08 17:30:00,0,0,0,0,0K,0,,F0,Unknown,0.0,33,,,,,32.47,-97.47,,,,,TX,1981-11-08 17:30:00,1981-11-08 17:30:00,False,False
,10129040,Texas,27,Bell,,1981-11-13 00:50:00,CST,1981-11-13 00:50:00,2,0,0,0,25K,0,,F1,Unknown,0.0,33,,,,,30.97,-97.73,,,,,TX,1981-11-13 00:50:00,1981-11-13 00:50:00,False,False
,10131525,Texas,347,Nacogdoches,,1981-05-18 17:00:00,CST,1981-05-18 17:00:00,0,0,0,0,0K,0,,F2,Unknown,1.0,100,,,,,31.75,-94.75,,,,,TX,1981-05-18 18:00:00,1981-05-18 18:00:00,True,True
,10131526,Texas,347,Nacogdoches,,1981-05-18 17:00:00,CST,1981-05-18 17:00:00,0,0,0,0,0K,0,,F2,Unknown,7.1,150,,,,,31.72,-94.75,31.7,-94.63,,,TX,1981-05-18 18:00:00,1981-05-18 18:00:00,True,True
,10127809,Texas,451,Tom Green,,1981-04-20 13:40:00,CST,1981-04-20 13:40:00,0,0,0,0,.03K,0,,F1,Unknown,2.0,20,,,,,31.37,-100.27,,,,,TX,1981-04-20 13:40:00,1981-04-20 13:40:00,False,False
,10127810,Texas,451,Tom Green,,1981-04-20 14:17:00,CST,1981-04-20 14:17:00,0,0,0,0,0K,0,,F0,Unknown,0.2,17,,,,,31.47,-100.67,,,,,TX,1981-04-20 14:17:00,1981-04-20 14:17:00,False,False
,10127812,Texas,95,Concho,,1981-04-20 14:56:00,CST,1981-04-20 14:56:00,0,0,0,0,0K,0,,F0,Unknown,0.0,33,,,,,31.47,-100.13,,,,,TX,1981-04-20 14:56:00,1981-04-20 14:56:00,False,False
,10131528,Texas,455,Trinity,,1981-05-18 17:30:00,CST,1981-05-18 17:30:00,0,0,0,0,0K,0,,F1,Unknown,0.0,33,,,,,31.12,-95.2,,,,,TX,1981-05-18 18:30:00,1981-05-18 18:30:00,True,True
,10128033,Texas,363,Palo Pinto,,1981-04-21 14:50:00,CST,1981-04-21 14:50:00,1,0,0,0,250K,0,,F1,Unknown,7.7,100,,,,,32.83,-98.47,32.9,-98.37,,,TX,1981-04-21 14:50:00,1981-04-21 14:50:00,False,False
,10128045,Texas,103,Crane,,1981-04-22 15:15:00,CST,1981-04-22 15:15:00,0,0,0,0,.03K,0,,F1,Unknown,1.0,30,,,,,31.23,-102.35,,,,,TX,1981-04-22 15:15:00,1981-04-22 15:15:00,False,False
,10128048,Texas,207,Haskell,,1981-04-22 16:35:00,CST,1981-04-22 16:35:00,0,0,0,0,0K,0,,F0,Unknown,0.0,33,,,,,33.0,-99.78,,,,,TX,1981-04-22 16:35:00,1981-04-22 16:35:00,False,False
,10128172,Texas,29,Bexar,,1981-08-30 15:45:00,CST,1981-08-30 15:45:00,0,0,0,0,0K,0,,F0,Unknown,0.8,27,,,,,29.12,-98.45,,,,,TX,1981-08-30 16:45:00,1981-08-30 16:45:00,True,True
,10128173,Texas,25,Bee,,1981-08-30 16:10:00,CST,1981-08-30 16:10:00,0,0,0,0,250K,0,,F1,Unknown,0.8,43,,,,,28.43,-97.82,,,,,TX,1981-08-30 17:10:00,1981-08-30 17:10:00,True,True
,10128174,Texas,255,Karnes,,1981-08-30 17:30:00,CST,1981-08-30 17:30:00,0,0,0,0,25K,0,,F0,Unknown,0.3,37,,,,,28.77,-97.8,,,,,TX,1981-08-30 18:30:00,1981-08-30 18:30:00,True,True
,10128175,Texas,175,Goliad,,1981-08-30 17:50:00,CST,1981-08-30 17:50:00,0,0,0,0,0K,0,,F0,Unknown,0.2,27,,,,,28.55,-97.53,,,,,TX,1981-08-30 18:50:00,1981-08-30 18:50:00,True,True
,10128176,Texas,39,Brazoria,,1981-08-31 08:15:00,CST,1981-08-31 08:15:00,0,0,0,0,250K,0,,F1,Unknown,0.3,30,,,,,29.17,-95.67,,,,,TX,1981-08-31 09:15:00,1981-08-31 09:15:00,True,True
,10128177,Texas,15,Austin,,1981-08-31 08:30:00,CST,1981-08-31 08:30:00,0,0,0,0,25K,0,,F0,Unknown,0.1,37,,,,,29.77,-96.07,,,,,TX,1981-08-31 09:30:00,1981-08-31 09:30:00,True,True
,10128178,Texas,39,Brazoria,,1981-08-31 11:45:00,CST,1981-08-31 11:45:00,0,0,0,0,25K,0,,F1,Unknown,0.4,43,,,,,29.13,-95.25,,,,,TX,1981-08-31 12:45:00,1981-08-31 12:45:00,True,True
,10128180,Texas,167,Galveston,,1981-08-31 18:05:00,CST,1981-08-31 18:05:00,2,0,0,0,25M,0,,F1,Unknown,12.9,83,,,,,29.22,-94.93,29.33,-94.77,,,TX,1981-08-31 19:05:00,1981-08-31 19:05:00,True,True
,10128182,Texas,71,Chambers,,1981-09-02 15:03:00,CST,1981-09-02 15:03:00,0,0,0,0,25K,0,,F1,Unknown,0.1,10,,,,,29.87,-94.87,,,,,TX,1981-09-02 16:03:00,1981-09-02 16:03:00,True,True
,10128192,Texas,317,Martin,,1981-09-04 13:00:00,CST,1981-09-04 13:00:00,0,0,0,0,.25K,0,,F0,Unknown,0.0,33,,,,,32.13,-101.8,,,,,TX,1981-09-04 14:00:00,1981-09-04 14:00:00,True,True
,10128193,Texas,165,Gaines,,1981-09-04 13:52:00,CST,1981-09-04 13:52:00,0,0,0,0,0K,0,,F0,Unknown,0.0,33,,,,,32.87,-102.65,,,,,TX,1981-09-04 14:52:00,1981-09-04 14:52:00,True,True
,10130326,Texas,331,Milam,,1981-05-09 14:00:00,CST,1981-05-09 14:00:00,0,0,0,0,250K,0,,F2,Unknown,12.6,60,,,,,30.75,-96.95,30.58,-96.87,,,TX,1981-05-09 15:00:00,1981-05-09 15:00:00,True,True
,10130328,Texas,1,Anderson,,1981-05-09 14:10:00,CST,1981-05-09 14:10:00,0,0,0,0,250K,0,,F3,Unknown,9.9,100,,,,,31.95,-95.9,32.05,-95.78,,,TX,1981-05-09 15:10:00,1981-05-09 15:10:00,True,True
,10130329,Texas,51,Burleson,,1981-05-09 14:20:00,CST,1981-05-09 14:20:00,0,0,0,0,250K,0,,F2,Unknown,9.7,33,,,,,30.58,-96.87,30.48,-96.75,,,TX,1981-05-09 15:20:00,1981-05-09 15:20:00,True,True
,10128195,Texas,269,King,,1981-09-13 14:40:00,CST,1981-09-13 14:40:00,0,0,0,0,0K,0,,F0,Unknown,0.0,33,,,,,34.73,-102.5,,,,,TX,1981-09-13 15:40:00,1981-09-13 15:40:00,True,True
,10147024,Wisconsin,17,Chippewa,,1981-07-14 18:00:00,CST,1981-07-14 18:00:00,0,0,0,0,25K,0,,F1,Unknown,0.0,33,,,,,45.05,-91.42,,,,,WI,1981-07-14 19:00:00,1981-07-14 19:00:00,True,True
,10128103,Texas,17,Bailey,,1981-05-24 16:10:00,CST,1981-05-24 16:10:00,0,0,0,0,0K,0,,F0,Unknown,0.3,7,,,,,34.0,-102.92,,,,,TX,1981-05-24 17:10:00,1981-05-24 17:10:00,True,True
,10128104,Texas,487,Wilbarger,,1981-05-24 17:55:00,CST,1981-05-24 17:55:00,0,0,0,0,0K,0,,F1,Unknown,2.5,50,,,,,34.15,-99.45,,,,,TX,1981-05-24 18:55:00,1981-05-24 18:55:00,True,True
,10128105,Texas,23,Baylor,,1981-05-24 18:00:00,CST,1981-05-24 18:00:00,0,0,0,0,0K,0,,F0,Unknown,0.0,33,,,,,33.75,-99.23,,,,,TX,1981-05-24 19:00:00,1981-05-24 19:00:00,True,True
,10128106,Texas,23,Baylor,,1981-05-24 18:05:00,CST,1981-05-24 18:05:00,0,0,0,0,0K,0,,F0,Unknown,0.0,33,,,,,33.73,-99.23,,,,,TX,1981-05-24 19:05:00,1981-05-24 19:05:00,True,True
,10033256,Kentucky,105,Hickman,,1981-05-18 22:45:00,CST,1981-05-18 22:45:00,0,0,0,0,.25K,0,,F2,Unknown,0.0,33,,,,,36.72,-88.98,,,,,KY,1981-05-18 23:45:00,1981-05-18 23:45:00,True,True
,10030235,Kentucky,117,Kenton,,1981-11-19 18:30:00,CST,1981-11-19 18:30:00,2,0,0,0,2.5M,0,,F1,Unknown,0.5,50,,,,,39.05,-84.55,,,,,KY,1981-11-19 18:30:00,1981-11-19 18:30:00,False,False
,10131432,Texas,467,Van Zandt,,1981-05-13 20:15:00,CST,1981-05-13 20:15:00,0,0,0,0,250K,0,,F2,Unknown,2.7,200,,,,,32.7,-95.65,32.68,-95.62,,,TX,1981-05-13 21:15:00,1981-05-13 21:15:00,True,True
,10131434,Texas,499,Wood,,1981-05-13 20:25:00,CST,1981-05-13 20:25:00,0,0,0,0,250K,0,,F2,Unknown,2.7,33,,,,,32.68,-95.62,32.67,-95.58,,,TX,1981-05-13 21:25:00,1981-05-13 21:25:00,True,True
,10131438,Texas,423,Smith,,1981-05-13 20:55:00,CST,1981-05-13 20:55:00,0,0,0,0,0K,0,,F1,Unknown,0.0,33,,,,,32.45,-95.23,,,,,TX,1981-05-13 21:55:00,1981-05-13 21:55:00,True,True
,10131440,Texas,499,Wood,,1981-05-13 21:10:00,CST,1981-05-13 21:10:00,0,0,0,0,25K,0,,F2,Unknown,6.5,50,,,,,32.7,-95.32,32.67,-95.22,,,TX,1981-05-13 22:10:00,1981-05-13 22:10:00,True,True
,10128087,Texas,245,Jefferson,,1981-04-23 11:15:00,CST,1981-04-23 11:15:00,2,0,0,0,250K,0,,F2,Unknown,13.4,50,,,,,30.03,-94.33,30.08,-94.12,,,TX,1981-04-23 11:15:00,1981-04-23 11:15:00,False,False
,10128090,Texas,201,Harris,,1981-04-23 14:15:00,CST,1981-04-23 14:15:00,0,0,0,0,25K,0,,F1,Unknown,0.2,50,,,,,29.78,-95.23,,,,,TX,1981-04-23 14:15:00,1981-04-23 14:15:00,False,False
,10130855,Texas,459,Upshur,,1981-02-21 16:40:00,CST,1981-02-21 16:40:00,0,0,0,0,0K,0,,F1,Unknown,0.0,33,,,,,32.73,-95.1,,,,,TX,1981-02-21 16:40:00,1981-02-21 16:40:00,False,False
,10007848,Idaho,19,Bonneville,,1981-04-21 16:07:00,CST,1981-04-21 16:07:00,0,0,0,0,2.5K,0,,F1,Unknown,1.1,3,,,,,43.67,-111.98,43.68,-111.98,,,ID,1981-04-21 16:07:00,1981-04-21 16:07:00,False,False
,10130075,Texas,367,Parker,,1981-05-08 18:00:00,CST,1981-05-08 18:00:00,0,0,0,0,0K,0,,F0,Unknown,0.2,30,,,,,32.93,-98.0,,,,,TX,1981-05-08 19:00:00,1981-05-08 19:00:00,True,True
,10130076,Texas,367,Parker,,1981-05-08 18:05:00,CST,1981-05-08 18:05:00,0,0,0,0,0K,0,,F0,Unknown,0.2,30,,,,,32.92,-97.98,,,,,TX,1981-05-08 19:05:00,1981-05-08 19:05:00,True,True
,10131129,Texas,451,Tom Green,,1981-04-20 13:30:00,CST,1981-04-20 13:30:00,0,0,0,0,0K,0,,F0,Unknown,0.5,40,,,,,31.37,-100.32,,,,,TX,1981-04-20 13:30:00,1981-04-20 13:30:00,False,False
,10129010,Texas,25,Bee,,1981-05-29 17:15:00,CST,1981-05-29 17:15:00,0,0,0,0,25K,0,,F0,Unknown,0.4,27,,,,,28.2,-97.68,,,,,TX,1981-05-29 18:15:00,1981-05-29 18:15:00,True,True
,10129013,Texas,337,Montague,,1981-05-29 19:30:00,CST,1981-05-29 19:30:00,0,0,0,0,0K,0,,F1,Unknown,2.0,73,,,,,33.73,-97.53,,,,,TX,1981-05-29 20:30:00,1981-05-29 20:30:00,True,True
,10131475,Texas,307,Mcculloch,,1981-05-15 21:15:00,CST,1981-05-15 21:15:00,0,0,0,0,0K,0,,F1,Unknown,2.0,100,,,,,31.23,-99.18,,,,,TX,1981-05-15 21:15:00,1981-05-15 21:15:00,False,False
,10131478,Texas,411,San Saba,,1981-05-15 21:50:00,CST,1981-05-15 21:50:00,0,0,0,0,0K,0,,F2,Unknown,8.0,150,,,,,31.18,-98.95,31.17,-98.82,,,TX,1981-05-15 22:50:00,1981-05-15 22:50:00,True,True
,10001682,Florida,121,Suwannee,,1981-07-08 15:21:00,CST,1981-07-08 15:21:00,0,0,0,0,25K,0,,F1,Unknown,2.0,50,,,,,30.03,-82.93,,,,,FL,1981-07-08 16:21:00,1981-07-08 16:21:00,True,True
,10003399,Illinois,169,Schuyler,,1981-06-21 19:56:00,CST,1981-06-21 19:56:00,12,0,1,0,2.5M,0,,F3,Unknown,8.8,880,,,,,40.23,-90.63,40.2,-90.47,,,IL,1981-06-21 20:56:00,1981-06-21 20:56:00,True,True
,10003400,Illinois,113,Mclean,,1981-06-21 20:33:00,CST,1981-06-21 20:33:00,0,0,0,0,0K,0,,F0,Unknown,0.0,33,,,,,40.42,-89.0,,,,,IL,1981-06-21 20:33:00,1981-06-21 20:33:00,False,False
,10003401,Illinois,1,Adams,,1981-06-21 21:00:00,CST,1981-06-21 21:00:00,0,0,0,0,0K,0,,F0,Unknown,0.0,33,,,,,40.15,-91.1,,,,,IL,1981-06-21 22:00:00,1981-06-21 22:00:00,True,True
,10003402,Illinois,113,Mclean,,1981-06-21 21:16:00,CST,1981-06-21 21:16:00,0,0,0,0,0K,0,,F0,Unknown,0.3,50,,,,,40.48,-88.85,,,,,IL,1981-06-21 21:16:00,1981-06-21 21:16:00,False,False
,10003409,Illinois,183,Vermilion,,1981-07-04 15:07:00,CST,1981-07-04 15:07:00,0,0,0,0,2.5K,0,,F0,Unknown,0.2,167,,,,,40.47,-87.67,,,,,IL,1981-07-04 16:07:00,1981-07-04 16:07:00,True,True
,10131273,Texas,53,Burnet,,1981-05-16 00:25:00,CST,1981-05-16 00:25:00,0,0,0,0,0K,0,,F1,Unknown,2.7,60,,,,,30.58,-98.1,30.58,-98.07,,,TX,1981-05-16 01:25:00,1981-05-16 01:25:00,True,True
,10131275,Texas,453,Travis,,1981-05-16 00:30:00,CST,1981-05-16 00:30:00,0,0,0,0,0K,0,,F1,Unknown,9.0,33,,,,,30.58,-98.07,30.57,-97.92,,,TX,1981-05-16 01:30:00,1981-05-16 01:30:00,True,True
,10131276,Texas,491,Williamson,,1981-05-16 00:50:00,CST,1981-05-16 00:50:00,4,0,0,0,250K,0,,F1,Unknown,5.2,33,,,,,30.57,-97.92,30.57,-97.83,,,TX,1981-05-16 01:50:00,1981-05-16 01:50:00,True,True
,10146755,Wisconsin,85,Oneida,,1981-06-13 20:40:00,CST,1981-06-13 20:40:00,0,0,0,0,25K,0,,F1,Unknown,0.0,33,,,,,45.82,-89.72,,,,,WI,1981-06-13 21:40:00,1981-06-13 21:40:00,True,True
,10146756,Wisconsin,85,Oneida,,1981-06-13 20:40:00,CST,1981-06-13 20:40:00,0,0,0,0,25K,0,,F1,Unknown,0.0,33,,,,,45.82,-89.72,,,,,WI,1981-06-13 21:40:00,1981-06-13 21:40:00,True,True
,10146757,Wisconsin,125,Vilas,,1981-06-13 20:45:00,CST,1981-06-13 20:45:00,0,0,0,0,25K,0,,F1,Unknown,0.0,50,,,,,46.02,-89.53,46.02,-89.48,,,WI,1981-06-13 21:45:00,1981-06-13 21:45:00,True,True
,10146758,Wisconsin,85,Oneida,,1981-06-13 21:00:00,CST,1981-06-13 21:00:00,0,0,0,0,250K,0,,F2,Unknown,0.0,50,,,,,45.8,-89.17,45.78,-89.12,,,WI,1981-06-13 22:00:00,1981-06-13 22:00:00,True,True
,10146764,Wisconsin,93,Pierce,,1981-06-14 05:55:00,CST,1981-06-14 05:55:00,0,0,0,0,250K,0,,F2,Unknown,0.5,33,,,,,44.85,-92.25,,,,,WI,1981-06-14 06:55:00,1981-06-14 06:55:00,True,True
,10129194,Texas,107,Crosby,,1981-05-07 17:34:00,CST,1981-05-07 17:34:00,0,0,0,0,250K,0,,F2,Unknown,1.0,30,,,,,33.7,-101.37,,,,,TX,1981-05-07 18:34:00,1981-05-07 18:34:00,True,True
,10129196,Texas,107,Crosby,,1981-05-07 17:54:00,CST,1981-05-07 17:54:00,0,0,0,0,0K,0,,F0,Unknown,0.5,20,,,,,33.68,-101.33,,,,,TX,1981-05-07 18:54:00,1981-05-07 18:54:00,True,True
,10129197,Texas,107,Crosby,,1981-05-07 17:54:00,CST,1981-05-07 17:54:00,0,0,0,0,0K,0,,F0,Unknown,0.5,20,,,,,33.68,-101.33,,,,,TX,1981-05-07 18:54:00,1981-05-07 18:54:00,True,True
,10129199,Texas,107,Crosby,,1981-05-07 17:54:00,CST,1981-05-07 17:54:00,0,0,0,0,0K,0,,F0,Unknown,0.5,20,,,,,33.68,-101.33,,,,,TX,1981-05-07 18:54:00,1981-05-07 18:54:00,True,True
,10129200,Texas,107,Crosby,,1981-05-07 17:54:00,CST,1981-05-07 17:54:00,0,0,0,0,250K,0,,F2,Unknown,2.7,150,,,,,33.68,-101.33,33.7,-101.3,,,TX,1981-05-07 18:54:00,1981-05-07 18:54:00,True,True
,10001901,Florida,113,Santa Rosa,,1981-07-09 18:30:00,CST,1981-07-09 18:30:00,0,0,0,0,25K,0,,F0,Unknown,0.1,30,,,,,30.95,-87.15,,,,,FL,1981-07-09 19:30:00,1981-07-09 19:30:00,True,True
,10001903,Florida,103,Pinellas,,1981-07-15 03:15:00,CST,1981-07-15 03:15:00,0,0,0,0,250K,0,,F0,Unknown,0.5,30,,,,,27.83,-82.75,,,,,FL,1981-07-15 04:15:00,1981-07-15 04:15:00,True,True
,10130366,Texas,195,Hansford,,1981-07-04 16:30:00,CST,1981-07-04 16:30:00,0,0,0,0,.25K,0,,F0,Unknown,0.2,10,,,,,36.2,-101.2,,,,,TX,1981-07-04 17:30:00,1981-07-04 17:30:00,True,True
,10130372,Texas,461,Upton,,1981-07-04 21:40:00,CST,1981-07-04 21:40:00,0,0,0,0,.25K,0,,F0,Unknown,0.3,10,,,,,31.63,-101.85,,,,,TX,1981-07-04 22:40:00,1981-07-04 22:40:00,True,True
,10130373,Texas,349,Navarro,,1981-07-05 18:15:00,CST,1981-07-05 18:15:00,0,0,0,0,.25K,0,,F0,Unknown,0.2,10,,,,,32.1,-96.47,,,,,TX,1981-07-05 19:15:00,1981-07-05 19:15:00,True,True
,10130377,Texas,117,Deaf Smith,,1981-07-07 23:15:00,CST,1981-07-07 23:15:00,0,0,0,0,25K,0,,F1,Unknown,0.3,10,,,,,34.92,-102.2,,,,,TX,1981-07-08 00:15:00,1981-07-08 00:15:00,True,True
,10006419,Illinois,57,Fulton,,1981-04-13 16:35:00,CST,1981-04-13 16:35:00,0,0,0,0,2.5M,0,,F1,Unknown,6.8,100,,,,,40.4,-90.15,40.32,-90.07,,,IL,1981-04-13 16:35:00,1981-04-13 16:35:00,False,False
,10006420,Illinois,125,Mason,,1981-04-13 16:50:00,CST,1981-04-13 16:50:00,0,0,0,0,2.5M,0,,F1,Unknown,25.6,33,,,,,40.32,-90.07,40.27,-89.58,,,IL,1981-04-13 16:50:00,1981-04-13 16:50:00,False,False
,10006422,Illinois,107,Logan,,1981-04-13 17:30:00,CST,1981-04-13 17:30:00,0,0,0,0,2.5M,0,,F1,Unknown,13.7,33,,,,,40.27,-89.58,40.15,-89.37,,,IL,1981-04-13 17:30:00,1981-04-13 17:30:00,False,False
,9991290,California,77,San Joaquin,,1981-01-23 12:45:00,CST,1981-01-23 12:45:00,0,0,0,0,25K,0,,F0,Unknown,0.0,33,,,,,37.97,-121.3,,,,,CA,1981-01-23 12:45:00,1981-01-23 12:45:00,False,False
,10127886,Texas,153,Floyd,,1981-05-24 11:58:00,CST,1981-05-24 11:58:00,0,0,0,0,0K,0,,F0,Unknown,0.3,7,,,,,34.27,-101.4,,,,,TX,1981-05-24 12:58:00,1981-05-24 12:58:00,True,True
,10127887,Texas,303,Lubbock,,1981-05-24 12:10:00,CST,1981-05-24 12:10:00,0,0,0,0,0K,0,,F0,Unknown,0.3,7,,,,,33.62,-102.07,,,,,TX,1981-05-24 13:10:00,1981-05-24 13:10:00,True,True
,10127888,Texas,303,Lubbock,,1981-05-24 12:59:00,CST,1981-05-24 12:59:00,0,0,0,0,0K,0,,F0,Unknown,0.5,20,,,,,33.58,-101.95,,,,,TX,1981-05-24 13:59:00,1981-05-24 13:59:00,True,True
,10131465,Texas,235,Irion,,1981-05-15 18:30:00,CST,1981-05-15 18:30:00,0,0,0,0,0K,0,,F1,Unknown,1.0,40,,,,,31.3,-101.75,,,,,TX,1981-05-15 19:30:00,1981-05-15 19:30:00,True,True
,10011749,Iowa,137,Montgomery,,1981-05-23 14:32:00,CST,1981-05-23 14:32:00,0,0,0,0,0K,0,,F0,Unknown,0.0,33,,,,,41.13,-95.0,,,,,IA,1981-05-23 15:32:00,1981-05-23 15:32:00,True,True
,10011750,Iowa,1,Adair,,1981-05-23 15:15:00,CST,1981-05-23 15:15:00,0,0,0,0,0K,0,,F0,Unknown,0.0,33,,,,,41.43,-94.65,,,,,IA,1981-05-23 16:15:00,1981-05-23 16:15:00,True,True
,10129278,Texas,65,Carson,,1981-06-11 21:30:00,CST,1981-06-11 21:30:00,0,0,0,0,.03K,0,,F0,Unknown,0.5,30,,,,,35.35,-101.28,,,,,TX,1981-06-11 22:30:00,1981-06-11 22:30:00,True,True
,10131479,Texas,281,Lampasas,,1981-05-15 22:20:00,CST,1981-05-15 22:20:00,0,0,0,0,0K,0,,F1,Unknown,0.0,33,,,,,31.13,-98.18,,,,,TX,1981-05-15 23:20:00,1981-05-15 23:20:00,True,True
,10131483,Texas,299,Llano,,1981-05-15 23:25:00,CST,1981-05-15 23:25:00,0,0,0,0,0K,0,,F0,Unknown,0.3,30,,,,,30.78,-98.72,,,,,TX,1981-05-16 00:25:00,1981-05-16 00:25:00,True,True
,10131441,Texas,213,Henderson,,1981-05-13 21:20:00,CST,1981-05-13 21:20:00,0,0,0,0,0K,0,,F1,Unknown,0.0,33,,,,,32.07,-95.5,,,,,TX,1981-05-13 22:20:00,1981-05-13 22:20:00,True,True
,10129280,Texas,453,Travis,,1981-06-13 15:00:00,CST,1981-06-13 15:00:00,0,0,0,0,25K,0,,F1,Unknown,0.2,33,,,,,30.28,-97.73,,,,,TX,1981-06-13 16:00:00,1981-06-13 16:00:00,True,True
,10129281,Texas,193,Hamilton,,1981-06-15 18:50:00,CST,1981-06-15 18:50:00,0,0,0,0,0K,0,,F1,Unknown,0.0,33,,,,,31.63,-98.2,,,,,TX,1981-06-15 19:50:00,1981-06-15 19:50:00,True,True
,10129282,Texas,193,Hamilton,,1981-06-15 19:05:00,CST,1981-06-15 19:05:00,0,0,0,0,0K,0,,F1,Unknown,0.0,33,,,,,31.8,-98.25,,,,,TX,1981-06-15 20:05:00,1981-06-15 20:05:00,True,True
,10128108,Texas,23,Baylor,,1981-05-24 18:10:00,CST,1981-05-24 18:10:00,0,0,0,0,0K,0,,F0,Unknown,0.0,33,,,,,33.73,-99.22,,,,,TX,1981-05-24 19:10:00,1981-05-24 19:10:00,True,True
,10128111,Texas,323,Maverick,,1981-05-24 20:00:00,CST,1981-05-24 20:00:00,0,0,0,0,250K,0,,F2,Unknown,2.0,50,,,,,28.37,-100.33,,,,,TX,1981-05-24 21:00:00,1981-05-24 21:00:00,True,True
,10130362,Texas,17,Bailey,,1981-07-04 15:03:00,CST,1981-07-04 15:03:00,0,0,0,0,.03K,0,,F0,Unknown,0.2,10,,,,,33.87,-102.93,,,,,TX,1981-07-04 16:03:00,1981-07-04 16:03:00,True,True
,10131068,Texas,67,Cass,,1981-02-21 17:30:00,CST,1981-02-21 17:30:00,0,0,0,0,0K,0,,F1,Unknown,0.0,33,,,,,32.95,-94.55,,,,,TX,1981-02-21 17:30:00,1981-02-21 17:30:00,False,False
,10131069,Texas,315,Marion,,1981-02-21 19:10:00,CST,1981-02-21 19:10:00,0,0,0,0,0K,0,,F1,Unknown,0.0,33,,,,,32.78,-94.35,,,,,TX,1981-02-21 19:10:00,1981-02-21 19:10:00,False,False
,10131070,Texas,303,Lubbock,,1981-03-03 14:50:00,CST,1981-03-03 14:50:00,0,0,0,0,25K,0,,F0,Unknown,11.9,30,,,,,33.53,-101.8,33.67,-101.67,,,TX,1981-03-03 14:50:00,1981-03-03 14:50:00,False,False
,10131071,Texas,107,Crosby,,1981-03-03 15:15:00,CST,1981-03-03 15:15:00,0,0,0,0,.03K,0,,F0,Unknown,0.7,10,,,,,33.73,-101.47,,,,,TX,1981-03-03 15:15:00,1981-03-03 15:15:00,False,False
,10131072,Texas,303,Lubbock,,1981-03-03 15:27:00,CST,1981-03-03 15:27:00,0,0,0,0,.03K,0,,F0,Unknown,1.3,30,,,,,33.5,-101.57,33.52,-101.55,,,TX,1981-03-03 15:27:00,1981-03-03 15:27:00,False,False
,10131073,Texas,107,Crosby,,1981-03-03 15:30:00,CST,1981-03-03 15:30:00,0,0,0,0,.03K,0,,F0,Unknown,22.0,33,,,,,33.52,-101.55,33.83,-101.5,,,TX,1981-03-03 15:30:00,1981-03-03 15:30:00,False,False
,10131074,Texas,233,Hutchinson,,1981-03-03 16:25:00,CST,1981-03-03 16:25:00,1,0,0,0,.03K,0,,F0,Unknown,1.0,50,,,,,35.67,-101.38,,,,,TX,1981-03-03 16:25:00,1981-03-03 16:25:00,False,False
,10131079,Texas,23,Baylor,,1981-03-07 16:00:00,CST,1981-03-07 16:00:00,0,0,0,0,0K,0,,F1,Unknown,4.1,100,,,,,33.75,-99.22,33.75,-99.15,,,TX,1981-03-07 16:00:00,1981-03-07 16:00:00,False,False
,10131083,Texas,181,Grayson,,1981-03-17 19:30:00,CST,1981-03-17 19:30:00,1,0,0,0,250K,0,,F2,Unknown,1.0,73,,,,,33.75,-96.53,,,,,TX,1981-03-17 19:30:00,1981-03-17 19:30:00,False,False
,10011748,Iowa,145,Page,,1981-05-23 14:32:00,CST,1981-05-23 14:32:00,0,0,0,0,0K,0,,F0,Unknown,0.0,33,,,,,40.7,-95.05,,,,,IA,1981-05-23 15:32:00,1981-05-23 15:32:00,True,True
,10130423,Texas,135,Ector,,1981-08-28 15:38:00,CST,1981-08-28 15:38:00,0,0,0,0,0K,0,,F0,Unknown,0.0,67,,,,,31.85,-102.37,,,,,TX,1981-08-28 16:38:00,1981-08-28 16:38:00,True,True
,10001912,Florida,81,Manatee,,1981-07-29 17:08:00,CST,1981-07-29 17:08:00,0,0,0,0,0K,0,,F0,Unknown,0.1,20,,,,,27.52,-82.58,,,,,FL,1981-07-29 18:08:00,1981-07-29 18:08:00,True,True
,10147884,Wisconsin,39,Fond Du Lac,,1981-07-20 12:05:00,CST,1981-07-20 12:05:00,0,0,0,0,25K,0,,F1,Unknown,0.0,33,,,,,44.17,-88.62,,,,,WI,1981-07-20 12:05:00,1981-07-20 12:05:00,False,False
,10147886,Wisconsin,27,Dodge,,1981-07-20 12:20:00,CST,1981-07-20 12:20:00,0,0,0,0,0K,0,,F0,Unknown,0.0,33,,,,,43.45,-88.6,,,,,WI,1981-07-20 13:20:00,1981-07-20 13:20:00,True,True
,10147890,Wisconsin,79,Milwaukee,,1981-07-20 14:30:00,CST,1981-07-20 14:30:00,0,0,0,0,25K,0,,F1,Unknown,0.9,20,,,,,42.87,-87.87,,,,,WI,1981-07-20 15:30:00,1981-07-20 15:30:00,True,True
,10129289,Texas,273,Kleberg,,1981-06-28 10:30:00,CST,1981-06-28 10:30:00,0,0,0,0,0K,0,,F0,Unknown,0.1,13,,,,,27.5,-97.67,,,,,TX,1981-06-28 11:30:00,1981-06-28 11:30:00,True,True
,10147892,Wisconsin,109,St. Croix,,1981-07-24 17:35:00,CST,1981-07-24 17:35:00,0,0,0,0,25K,0,,F0,Unknown,0.3,20,,,,,44.97,-92.38,,,,,WI,1981-07-24 18:35:00,1981-07-24 18:35:00,True,True
,10148846,West Virginia,49,Marion,,1981-06-21 16:30:00,CST,1981-06-21 16:30:00,0,0,0,0,250K,0,,F2,Unknown,1.0,10,,,,,39.53,-80.35,,,,,WV,1981-06-21 17:30:00,1981-06-21 17:30:00,True,True
,10148851,West Virginia,77,Preston,,1981-07-26 15:20:00,CST,1981-07-26 15:20:00,0,0,0,0,0K,0,,F0,Unknown,0.0,33,,,,,39.5,-79.8,,,,,WV,1981-07-26 16:20:00,1981-07-26 16:20:00,True,True
,10148854,West Virginia,73,Pleasants,,1981-07-28 17:05:00,CST,1981-07-28 17:05:00,3,0,0,0,250K,0,,F2,Unknown,5.1,33,,,,,39.4,-81.3,39.38,-81.2,,,WV,1981-07-28 18:05:00,1981-07-28 18:05:00,True,True
,10000791,Florida,11,Broward,,1981-05-28 14:58:00,CST,1981-05-28 14:58:00,0,0,0,0,0K,0,,F0,Unknown,0.1,20,,,,,26.02,-80.2,,,,,FL,1981-05-28 15:58:00,1981-05-28 15:58:00,True,True
,10126789,South Dakota,13,Brown,,1981-06-21 14:45:00,CST,1981-06-21 14:45:00,0,0,0,0,0K,0,,F0,Unknown,0.0,33,,,,,45.67,-98.02,,,,,SD,1981-06-21 15:45:00,1981-06-21 15:45:00,True,True
,10126790,South Dakota,91,Marshall,,1981-06-23 10:00:00,CST,1981-06-23 10:00:00,0,0,0,0,25K,0,,F1,Unknown,4.9,50,,,,,45.58,-97.42,45.58,-97.3,,,SD,1981-06-23 11:00:00,1981-06-23 11:00:00,True,True
,10126795,South Dakota,1,Brown,,1981-06-23 17:42:00,CST,1981-06-23 17:42:00,0,0,0,0,0K,0,,F0,Unknown,0.5,33,,,,,43.58,-98.65,,,,,SD,1981-06-23 18:42:00,1981-06-23 18:42:00,True,True
,10126801,South Dakota,87,Mccook,,1981-06-23 20:10:00,CST,1981-06-23 20:10:00,0,0,0,0,0K,0,,F0,Unknown,0.5,33,,,,,43.5,-97.45,,,,,SD,1981-06-23 20:10:00,1981-06-23 20:10:00,False,False
,10126803,South Dakota,27,Clay,,1981-06-23 20:59:00,CST,1981-06-23 20:59:00,0,0,0,0,0K,0,,F0,Unknown,0.0,33,,,,,42.83,-97.07,,,,,SD,1981-06-23 21:59:00,1981-06-23 21:59:00,True,True
,10129998,Texas,471,Walker,,1981-02-10 03:25:00,CST,1981-02-10 03:25:00,8,0,1,0,250K,0,,F2,Unknown,19.9,100,,,,,30.8,-95.57,30.83,-95.23,,,TX,1981-02-10 03:25:00,1981-02-10 03:25:00,False,False
,10001904,Florida,83,Marion,,1981-07-15 12:20:00,CST,1981-07-15 12:20:00,0,0,0,0,250K,0,,F1,Unknown,0.5,30,,,,,29.18,-82.13,,,,,FL,1981-07-15 13:20:00,1981-07-15 13:20:00,True,True
,10130331,Texas,213,Henderson,,1981-05-09 14:25:00,CST,1981-05-09 14:25:00,0,0,0,0,250K,0,,F3,Unknown,5.1,33,,,,,32.05,-95.78,32.05,-95.7,,,TX,1981-05-09 15:25:00,1981-05-09 15:25:00,True,True
,10130335,Texas,1,Anderson,,1981-05-09 14:30:00,CST,1981-05-09 14:30:00,0,0,0,0,25K,0,,F2,Unknown,9.9,73,,,,,31.87,-95.7,31.88,-95.53,,,TX,1981-05-09 15:30:00,1981-05-09 15:30:00,True,True
,10130336,Texas,183,Gregg,,1981-05-09 14:30:00,CST,1981-05-09 14:30:00,0,0,0,0,25K,0,,F2,Unknown,7.7,73,,,,,32.43,-95.0,32.43,-94.87,,,TX,1981-05-09 15:30:00,1981-05-09 15:30:00,True,True
,10130339,Texas,365,Panola,,1981-05-09 14:50:00,CST,1981-05-09 14:50:00,0,0,0,0,0K,0,,F1,Unknown,0.0,33,,,,,32.33,-94.13,,,,,TX,1981-05-09 15:50:00,1981-05-09 15:50:00,True,True
,10130340,Texas,183,Gregg,,1981-05-09 15:00:00,CST,1981-05-09 15:00:00,0,0,0,0,0K,0,,F1,Unknown,0.0,33,,,,,32.38,-94.75,,,,,TX,1981-05-09 16:00:00,1981-05-09 16:00:00,True,True
,10130344,Texas,455,Trinity,,1981-05-09 16:00:00,CST,1981-05-09 16:00:00,0,0,0,0,0K,0,,F1,Unknown,0.0,33,,,,,30.92,-99.4,,,,,TX,1981-05-09 17:00:00,1981-05-09 17:00:00,True,True
,10130346,Texas,339,Montgomery,,1981-05-09 16:30:00,CST,1981-05-09 16:30:00,2,0,0,0,25K,0,,F2,Unknown,5.1,40,,,,,30.45,-95.75,30.38,-95.72,,,TX,1981-05-09 17:30:00,1981-05-09 17:30:00,True,True
,10130349,Texas,157,Fort Bend,,1981-05-09 16:50:00,CST,1981-05-09 16:50:00,0,0,0,0,25K,0,,F2,Unknown,3.3,40,,,,,29.5,-95.82,29.47,-95.78,,,TX,1981-05-09 17:50:00,1981-05-09 17:50:00,True,True
,10130412,Texas,227,Howard,,1981-08-17 11:00:00,CST,1981-08-17 11:00:00,0,0,0,0,.03K,0,,F1,Unknown,0.0,67,,,,,32.3,-101.43,,,,,TX,1981-08-17 12:00:00,1981-08-17 12:00:00,True,True
,10001896,Florida,86,Miami-Dade,,1981-07-09 13:00:00,CST,1981-07-09 13:00:00,0,0,0,0,2.5K,0,,F0,Unknown,0.1,20,,,,,25.47,-80.55,,,,,FL,1981-07-09 14:00:00,1981-07-09 14:00:00,True,True
,10001897,Florida,91,Okaloosa,,1981-07-09 14:00:00,CST,1981-07-09 14:00:00,0,0,0,0,25K,0,,F0,Unknown,0.5,20,,,,,30.92,-86.5,,,,,FL,1981-07-09 15:00:00,1981-07-09 15:00:00,True,True
,10022399,Kansas,67,Grant,,1981-05-16 16:10:00,CST,1981-05-16 16:10:00,0,0,0,0,25K,0,,F1,Unknown,9.9,30,,,,,37.42,-101.5,37.52,-101.37,,,KS,1981-05-16 17:10:00,1981-05-16 17:10:00,True,True
,10022400,Kansas,81,Haskell,,1981-05-16 16:25:00,CST,1981-05-16 16:25:00,0,0,0,0,250K,0,,F1,Unknown,11.5,50,,,,,37.42,-100.85,37.5,-100.67,,,KS,1981-05-16 17:25:00,1981-05-16 17:25:00,True,True
,10014584,Iowa,29,Cass,,1981-03-29 09:20:00,CST,1981-03-29 09:20:00,0,0,0,0,25K,0,,F1,Unknown,0.0,20,,,,,41.5,-95.03,,,,,IA,1981-03-29 09:20:00,1981-03-29 09:20:00,False,False
,10129231,Texas,321,Matagorda,,1981-05-31 11:45:00,CST,1981-05-31 11:45:00,0,0,0,0,0K,0,,F1,Unknown,0.2,27,,,,,28.82,-96.13,,,,,TX,1981-05-31 12:45:00,1981-05-31 12:45:00,True,True
,10129236,Texas,191,Hall,,1981-06-01 17:10:00,CST,1981-06-01 17:10:00,0,0,0,0,.03K,0,,F0,Unknown,0.5,30,,,,,34.6,-100.65,,,,,TX,1981-06-01 18:10:00,1981-06-01 18:10:00,True,True
,10129237,Texas,87,Collingsworth,,1981-06-01 17:20:00,CST,1981-06-01 17:20:00,0,0,0,0,.03K,0,,F0,Unknown,0.3,20,,,,,34.9,-100.42,,,,,TX,1981-06-01 18:20:00,1981-06-01 18:20:00,True,True
,10129238,Texas,87,Collingsworth,,1981-06-01 17:30:00,CST,1981-06-01 17:30:00,0,0,0,0,250K,0,,F2,Unknown,5.7,50,,,,,34.82,-100.03,34.82,-99.93,,,TX,1981-06-01 18:30:00,1981-06-01 18:30:00,True,True
