episode_id,event_id,state,county_fips,county_name,wfo,begin_date_time,county_timezone,end_date_time,injuries_direct,injuries_indirect,deaths_direct,deaths_indirect,property_damage,crop_damage,source,tornado_rating,max_windspeed,tornado_length,tornado_max_width,other_wfos,other_states,other_counties_fips,other_counties_names,begin_latitude,begin_longitude,end_latitude,end_longitude,episode_narrative,event_narrative,state_code,begin_date_time_corrected,end_date_time_corrected,begin_time_adjusted,end_time_adjusted
,10054373,Minnesota,109,Olmsted,,2062-10-04 15:50:00,CST,2062-10-04 15:50:00,0,0,0,0,0K,0,,F0,Unknown,0.0,33,,,,,43.98,-92.6,,,,,MN,2062-10-04 15:50:00,2062-10-04 15:50:00,False,False
,10072319,Montana,79,Prairie,,2062-07-18 18:00:00,CST,2062-07-18 18:00:00,0,0,0,0,0K,0,,F2,Unknown,40.6,33,,,,,46.58,-105.0,46.3,-104.25,,,MT,2062-07-18 18:00:00,2062-07-18 18:00:00,False,False
,10013260,Iowa,189,Winnebago,,2062-06-17 16:00:00,CST,2062-06-17 16:00:00,0,0,0,0,25K,0,,F1,Unknown,1.0,200,,,,,43.47,-93.9,,,,,IA,2062-06-17 16:00:00,2062-06-17 16:00:00,False,False
,10122365,Texas,183,Gregg,,2062-10-14 18:30:00,CST,2062-10-14 18:30:00,0,0,0,0,0K,0,,F1,Unknown,0.5,27,,,,,32.5,-94.75,,,,,TX,2062-10-14 18:30:00,2062-10-14 18:30:00,False,False
,10006107,Indiana,127,Porter,,2062-04-30 14:15:00,CST,2062-04-30 14:15:00,0,0,0,0,2.5K,0,,F3,Unknown,0.0,33,,,,,41.3,-87.03,,,,,IN,2062-04-30 14:15:00,2062-04-30 14:15:00,False,False
,10060309,Missouri,97,Jasper,,2062-07-05 19:00:00,CST,2062-07-05 19:00:00,0,0,0,0,.25K,0,,F0,Unknown,0.2,10,,,,,37.18,-94.2,,,,,MO,2062-07-05 19:00:00,2062-07-05 19:00:00,False,False
,10095185,Oklahoma,3,Alfalfa,,2062-05-20 18:55:00,CST,2062-05-20 18:55:00,0,0,0,0,250K,0,,F2,Unknown,0.3,100,,,,,36.75,-98.35,,,,,OK,2062-05-20 18:55:00,2062-05-20 18:55:00,False,False
,10119252,Texas,389,Reeves,,2062-05-17 14:30:00,CST,2062-05-17 14:30:00,0,0,0,0,0K,0,,F0,Unknown,0.5,17,,,,,31.23,-103.35,,,,,TX,2062-05-17 14:30:00,2062-05-17 14:30:00,False,False
,10029133,Kansas,181,Sherman,,2062-06-23 19:00:00,CST,2062-06-23 19:00:00,0,0,0,0,2.5K,0,,,Unknown,3.3,33,,,,,39.33,-101.85,39.33,-101.78,,,KS,2062-06-23 19:00:00,2062-06-23 19:00:00,False,False
,10032756,Louisiana,23,Cameron,,2062-08-28 21:55:00,CST,2062-08-28 21:55:00,0,0,0,0,0K,0,,F0,Unknown,0.5,33,,,,,29.8,-93.32,,,,,LA,2062-08-28 21:55:00,2062-08-28 21:55:00,False,False
,10080159,Nevada,7,Elko,,2062-07-17 16:00:00,CST,2062-07-17 16:00:00,0,0,0,0,25K,0,,,Unknown,0.5,50,,,,,40.3,-116.5,,,,,NV,2062-07-17 16:00:00,2062-07-17 16:00:00,False,False
,10094137,Oklahoma,39,Custer,,2062-06-05 18:20:00,CST,2062-06-05 18:20:00,0,0,0,0,2.5K,0,,,Unknown,0.0,33,,,,,35.67,-99.2,,,,,OK,2062-06-05 18:20:00,2062-06-05 18:20:00,False,False
,10112498,South Dakota,137,Ziebach,,2062-06-06 19:00:00,CST,2062-06-06 19:00:00,0,0,0,0,25K,0,,F0,Unknown,0.0,33,,,,,45.05,-101.6,,,,,SD,2062-06-06 19:00:00,2062-06-06 19:00:00,False,False
,10040387,Massachusetts,27,Worcester,,2062-10-12 15:30:00,CST,2062-10-12 15:30:00,0,0,0,0,25K,0,,F2,Unknown,4.1,133,,,,,42.13,-71.97,42.08,-71.9,,,MA,2062-10-12 15:30:00,2062-10-12 15:30:00,False,False
,10112501,South Dakota,53,Gregory,,2062-06-12 15:45:00,CST,2062-06-12 15:45:00,0,0,0,0,0K,0,,F0,Unknown,7.8,817,,,,,43.23,-100.0,43.28,-99.85,,,SD,2062-06-12 15:45:00,2062-06-12 15:45:00,False,False
,10112502,South Dakota,81,Lawrence,,2062-06-14 14:00:00,CST,2062-06-14 14:00:00,0,0,0,0,25K,0,,F1,Unknown,1.9,440,,,,,44.3,-103.77,44.33,-103.72,,,SD,2062-06-14 14:00:00,2062-06-14 14:00:00,False,False
,10112504,South Dakota,33,Custer,,2062-06-14 18:45:00,CST,2062-06-14 18:45:00,0,0,0,0,0K,0,,F1,Unknown,0.0,33,,,,,43.77,-103.52,,,,,SD,2062-06-14 18:45:00,2062-06-14 18:45:00,False,False
,10112505,South Dakota,105,Perkins,,2062-06-14 20:00:00,CST,2062-06-14 20:00:00,0,0,0,0,0K,0,,F1,Unknown,0.0,33,,,,,45.93,-102.15,,,,,SD,2062-06-14 20:00:00,2062-06-14 20:00:00,False,False
,10112506,South Dakota,103,Pennington,,2062-06-14 20:00:00,CST,2062-06-14 20:00:00,2,0,0,0,2.5K,0,,F1,Unknown,0.0,33,,,,,44.08,-103.22,,,,,SD,2062-06-14 20:00:00,2062-06-14 20:00:00,False,False
,10112508,South Dakota,117,Stanley,,2062-06-20 16:39:00,CST,2062-06-20 16:39:00,0,0,0,0,0K,0,,F0,Unknown,0.0,33,,,,,44.37,-101.02,,,,,SD,2062-06-20 16:39:00,2062-06-20 16:39:00,False,False
,10072829,Nebraska,111,Lincoln,,2062-05-14 18:30:00,CST,2062-05-14 18:30:00,0,0,0,0,0K,0,,F1,Unknown,0.0,33,,,,,41.07,-101.03,,,,,NE,2062-05-14 18:30:00,2062-05-14 18:30:00,False,False
,10072830,Nebraska,111,Lincoln,,2062-05-14 18:30:00,CST,2062-05-14 18:30:00,0,0,0,0,0K,0,,F1,Unknown,0.5,33,,,,,41.07,-101.03,,,,,NE,2062-05-14 18:30:00,2062-05-14 18:30:00,False,False
,10072831,Nebraska,113,Logan,,2062-05-14 18:30:00,CST,2062-05-14 18:30:00,0,0,0,0,0K,0,,F1,Unknown,0.0,33,,,,,41.48,-100.43,,,,,NE,2062-05-14 18:30:00,2062-05-14 18:30:00,False,False
,10113592,South Dakota,29,Codington,,2062-08-06 03:15:00,CST,2062-08-06 03:15:00,0,0,0,0,250K,0,,F2,Unknown,0.0,33,,,,,45.05,-97.22,,,,,SD,2062-08-06 03:15:00,2062-08-06 03:15:00,False,False
,10113595,South Dakota,63,Harding,,2062-08-09 17:00:00,CST,2062-08-09 17:00:00,0,0,0,0,.25K,0,,F1,Unknown,10.4,20,,,,,45.87,-103.15,45.93,-102.95,,,SD,2062-08-09 17:00:00,2062-08-09 17:00:00,False,False
,10113596,South Dakota,123,Tripp,,2062-08-10 19:20:00,CST,2062-08-10 19:20:00,0,0,0,0,0K,0,,F1,Unknown,0.0,33,,,,,43.3,-99.85,,,,,SD,2062-08-10 19:20:00,2062-08-10 19:20:00,False,False
,10113601,South Dakota,121,Todd,,2062-09-15 18:45:00,CST,2062-09-15 18:45:00,0,0,0,0,2.5K,0,,F1,Unknown,0.3,33,,,,,43.35,-101.02,,,,,SD,2062-09-15 18:45:00,2062-09-15 18:45:00,False,False
,10072832,Nebraska,113,Logan,,2062-05-14 18:30:00,CST,2062-05-14 18:30:00,0,0,0,0,0K,0,,F1,Unknown,0.0,33,,,,,41.48,-100.43,,,,,NE,2062-05-14 18:30:00,2062-05-14 18:30:00,False,False
,10072833,Nebraska,31,Cherry,,2062-05-15 17:00:00,CST,2062-05-15 17:00:00,0,0,0,0,25K,0,,F2,Unknown,0.0,33,,,,,42.28,-100.62,,,,,NE,2062-05-15 17:00:00,2062-05-15 17:00:00,False,False
,10112472,South Dakota,99,Minnehaha,,2062-05-12 23:45:00,CST,2062-05-12 23:45:00,0,0,0,0,25K,0,,F2,Unknown,10.1,880,,,,,43.53,-96.98,43.68,-96.97,,,SD,2062-05-12 23:45:00,2062-05-12 23:45:00,False,False
,10112473,South Dakota,23,Charles Mix,,2062-05-14 17:30:00,CST,2062-05-14 17:30:00,0,0,0,0,0K,0,,F3,Unknown,8.5,1760,,,,,43.0,-99.03,43.1,-98.92,,,SD,2062-05-14 17:30:00,2062-05-14 17:30:00,False,False
,10112474,South Dakota,23,Charles Mix,,2062-05-14 18:00:00,CST,2062-05-14 18:00:00,1,0,0,0,0K,0,,F1,Unknown,0.0,33,,,,,43.28,-98.57,,,,,SD,2062-05-14 18:00:00,2062-05-14 18:00:00,False,False
,10112475,South Dakota,43,Douglas,,2062-05-14 18:30:00,CST,2062-05-14 18:30:00,0,0,0,0,0K,0,,F3,Unknown,9.7,1760,,,,,43.4,-98.38,43.5,-98.23,,,SD,2062-05-14 18:30:00,2062-05-14 18:30:00,False,False
,10112476,South Dakota,35,Davison,,2062-05-14 18:45:00,CST,2062-05-14 18:45:00,2,0,0,0,0K,0,,F3,Unknown,60.7,1760,,,,,44.5,-98.23,43.63,-98.02,,,SD,2062-05-14 18:45:00,2062-05-14 18:45:00,False,False
,10112479,South Dakota,97,Miner,,2062-05-15 18:30:00,CST,2062-05-15 18:30:00,2,0,0,0,0K,0,,F2,Unknown,4.1,33,,,,,44.0,-97.7,44.07,-97.73,,,SD,2062-05-15 18:30:00,2062-05-15 18:30:00,False,False
,10112483,South Dakota,97,Miner,,2062-05-16 15:00:00,CST,2062-05-16 15:00:00,0,0,0,0,0K,0,,F2,Unknown,0.0,33,,,,,44.17,-97.65,,,,,SD,2062-05-16 15:00:00,2062-05-16 15:00:00,False,False
,10112484,South Dakota,23,Charles Mix,,2062-05-16 16:00:00,CST,2062-05-16 16:00:00,2,0,0,0,0K,0,,F3,Unknown,0.0,33,,,,,43.07,-98.95,,,,,SD,2062-05-16 16:00:00,2062-05-16 16:00:00,False,False
,10112485,South Dakota,77,Kingsbury,,2062-05-16 20:00:00,CST,2062-05-16 20:00:00,0,0,0,0,0K,0,,F1,Unknown,0.0,33,,,,,44.33,-97.55,,,,,SD,2062-05-16 20:00:00,2062-05-16 20:00:00,False,False
,10112486,South Dakota,51,Grant,,2062-05-16 21:15:00,CST,2062-05-16 21:15:00,0,0,0,0,0K,0,,F1,Unknown,1.0,33,,,,,45.08,-96.97,,,,,SD,2062-05-16 21:15:00,2062-05-16 21:15:00,False,False
,10112488,South Dakota,135,Yankton,,2062-05-17 23:30:00,CST,2062-05-17 23:30:00,0,0,0,0,25K,0,,F1,Unknown,0.0,33,,,,,42.97,-97.42,,,,,SD,2062-05-17 23:30:00,2062-05-17 23:30:00,False,False
,10112489,South Dakota,23,Charles Mix,,2062-05-21 19:00:00,CST,2062-05-21 19:00:00,0,0,0,0,0K,0,,F3,Unknown,0.0,33,,,,,43.0,-98.58,43.0,-98.58,,,SD,2062-05-21 19:00:00,2062-05-21 19:00:00,False,False
,10112490,South Dakota,53,Gregory,,2062-05-21 20:00:00,CST,2062-05-21 20:00:00,2,0,0,0,2.5M,0,,F1,Unknown,47.9,33,,,,,43.23,-99.48,43.17,-98.53,,,SD,2062-05-21 20:00:00,2062-05-21 20:00:00,False,False
,10112491,South Dakota,35,Davison,,2062-05-21 20:00:00,CST,2062-05-21 20:00:00,32,0,0,0,2.5M,0,,F3,Unknown,1.0,167,,,,,43.72,-98.05,,,,,SD,2062-05-21 20:00:00,2062-05-21 20:00:00,False,False
,10112492,South Dakota,111,Sanborn,,2062-05-21 20:15:00,CST,2062-05-21 20:15:00,0,0,0,0,0K,0,,F2,Unknown,10.4,33,,,,,44.02,-98.28,43.87,-98.33,,,SD,2062-05-21 20:15:00,2062-05-21 20:15:00,False,False
,10112493,South Dakota,83,Lincoln,,2062-05-21 20:45:00,CST,2062-05-21 20:45:00,0,0,0,0,25K,0,,F1,Unknown,0.0,33,,,,,43.13,-96.45,,,,,SD,2062-05-21 20:45:00,2062-05-21 20:45:00,False,False
,10112494,South Dakota,99,Minnehaha,,2062-05-21 21:00:00,CST,2062-05-21 21:00:00,0,0,0,0,25K,0,,,Unknown,0.0,33,,,,,43.83,-96.72,,,,,SD,2062-05-21 21:00:00,2062-05-21 21:00:00,False,False
,10112496,South Dakota,9,Bon Homme,,2062-06-05 01:15:00,CST,2062-06-05 01:15:00,0,0,0,0,250K,0,,F3,Unknown,9.5,1760,,,,,42.87,-97.9,42.98,-97.78,,,SD,2062-06-05 01:15:00,2062-06-05 01:15:00,False,False
,10093787,Oklahoma,39,Custer,,2062-05-25 19:19:00,CST,2062-05-25 19:19:00,4,0,0,0,250K,0,,F3,Unknown,1.5,33,,,,,35.52,-98.72,,,,,OK,2062-05-25 19:19:00,2062-05-25 19:19:00,False,False
,10093792,Oklahoma,125,Pottawatomie,,2062-05-26 00:40:00,CST,2062-05-26 00:40:00,0,0,0,0,0K,0,,,Unknown,0.0,33,,,,,35.37,-97.1,,,,,OK,2062-05-26 00:40:00,2062-05-26 00:40:00,False,False
,10093793,Oklahoma,125,Pottawatomie,,2062-05-26 00:50:00,CST,2062-05-26 00:50:00,0,0,0,0,0K,0,,,Unknown,0.0,33,,,,,35.1,-97.12,,,,,OK,2062-05-26 00:50:00,2062-05-26 00:50:00,False,False
,10112468,South Dakota,35,Davison,,2062-04-26 21:45:00,CST,2062-04-26 21:45:00,0,0,0,0,25K,0,,F2,Unknown,0.0,33,,,,,43.72,-98.0,,,,,SD,2062-04-26 21:45:00,2062-04-26 21:45:00,False,False
,10119279,Texas,207,Haskell,,2062-05-26 20:50:00,CST,2062-05-26 20:50:00,0,0,0,0,0K,0,,F1,Unknown,1.5,50,,,,,33.17,-99.77,,,,,TX,2062-05-26 20:50:00,2062-05-26 20:50:00,False,False
,10119280,Texas,207,Haskell,,2062-05-26 20:50:00,CST,2062-05-26 20:50:00,0,0,0,0,0K,0,,F2,Unknown,1.0,67,,,,,33.17,-99.77,,,,,TX,2062-05-26 20:50:00,2062-05-26 20:50:00,False,False
,10119281,Texas,207,Haskell,,2062-05-26 20:50:00,CST,2062-05-26 20:50:00,1,0,0,0,2.5M,0,,F4,Unknown,10.7,133,,,,,33.17,-99.77,33.17,-99.58,,,TX,2062-05-26 20:50:00,2062-05-26 20:50:00,False,False
,10092707,Oklahoma,149,Washita,,2062-05-25 16:05:00,CST,2062-05-25 16:05:00,0,0,0,0,0K,0,,F0,Unknown,0.0,33,,,,,35.42,-99.17,,,,,OK,2062-05-25 16:05:00,2062-05-25 16:05:00,False,False
,10092708,Oklahoma,149,Washita,,2062-05-25 18:25:00,CST,2062-05-25 18:25:00,0,0,0,0,0K,0,,F0,Unknown,0.0,33,,,,,35.43,-98.88,,,,,OK,2062-05-25 18:25:00,2062-05-25 18:25:00,False,False
,10092709,Oklahoma,149,Washita,,2062-05-25 18:28:00,CST,2062-05-25 18:28:00,9,0,0,0,250K,0,,F4,Unknown,7.2,250,,,,,35.27,-99.2,35.3,-99.08,,,OK,2062-05-25 18:28:00,2062-05-25 18:28:00,False,False
,10092710,Oklahoma,75,Kiowa,,2062-05-25 19:00:00,CST,2062-05-25 19:00:00,0,0,0,0,25K,0,,F1,Unknown,6.8,33,,,,,35.03,-99.23,35.03,-99.12,,,OK,2062-05-25 19:00:00,2062-05-25 19:00:00,False,False
,10119854,Texas,375,Potter,,2062-06-14 21:00:00,CST,2062-06-14 21:00:00,0,0,0,0,0K,0,,F1,Unknown,0.5,33,,,,,35.23,-101.77,,,,,TX,2062-06-14 21:00:00,2062-06-14 21:00:00,False,False
,10074386,North Carolina,81,Guilford,,2062-06-12 21:30:00,CST,2062-06-12 21:30:00,0,0,0,0,2.5K,0,,F1,Unknown,1.0,50,,,,,36.1,-79.65,,,,,NC,2062-06-12 21:30:00,2062-06-12 21:30:00,False,False
,10093535,Oklahoma,59,Harper,,2062-06-21 23:45:00,CST,2062-06-21 23:45:00,0,0,0,0,25K,0,,F1,Unknown,0.0,33,,,,,36.7,-99.88,,,,,OK,2062-06-21 23:45:00,2062-06-21 23:45:00,False,False
,10093536,Oklahoma,7,Beaver,,2062-06-22 22:53:00,CST,2062-06-22 22:53:00,0,0,0,0,0K,0,,F0,Unknown,0.0,33,,,,,36.7,-100.8,,,,,OK,2062-06-22 22:53:00,2062-06-22 22:53:00,False,False
,10072891,Nebraska,145,Red Willow,,2062-06-16 14:00:00,CST,2062-06-16 14:00:00,0,0,0,0,0K,0,,F1,Unknown,0.0,33,,,,,40.22,-100.72,,,,,NE,2062-06-16 14:00:00,2062-06-16 14:00:00,False,False
,10060336,Missouri,217,Vernon,,2062-10-06 20:00:00,CST,2062-10-06 20:00:00,0,0,0,0,250K,0,,F1,Unknown,5.1,50,,,,,37.85,-94.32,37.88,-94.23,,,MO,2062-10-06 20:00:00,2062-10-06 20:00:00,False,False
,10119821,Texas,293,Limestone,,2062-06-09 11:15:00,CST,2062-06-09 11:15:00,0,0,0,0,0K,0,,F0,Unknown,0.0,33,,,,,31.68,-96.47,,,,,TX,2062-06-09 11:15:00,2062-06-09 11:15:00,False,False
,10119822,Texas,43,Brewster,,2062-06-09 17:30:00,CST,2062-06-09 17:30:00,0,0,0,0,2.5K,0,,F2,Unknown,0.2,100,,,,,29.82,-102.82,,,,,TX,2062-06-09 17:30:00,2062-06-09 17:30:00,False,False
,10119831,Texas,145,Falls,,2062-06-12 12:00:00,CST,2062-06-12 12:00:00,0,0,0,0,0K,0,,F1,Unknown,2.0,40,,,,,31.12,-97.07,,,,,TX,2062-06-12 12:00:00,2062-06-12 12:00:00,False,False
,10119833,Texas,201,Harris,,2062-06-12 17:25:00,CST,2062-06-12 17:25:00,0,0,0,0,0K,0,,F1,Unknown,1.0,50,,,,,29.57,-95.07,,,,,TX,2062-06-12 17:25:00,2062-06-12 17:25:00,False,False
,10119835,Texas,219,Hockley,,2062-06-14 15:00:00,CST,2062-06-14 15:00:00,0,0,0,0,2.5K,0,,F1,Unknown,1.0,33,,,,,33.73,-102.32,,,,,TX,2062-06-14 15:00:00,2062-06-14 15:00:00,False,False
,10119836,Texas,371,Pecos,,2062-06-14 15:00:00,CST,2062-06-14 15:00:00,0,0,0,0,0K,0,,F1,Unknown,4.0,33,,,,,30.8,-103.03,,,,,TX,2062-06-14 15:00:00,2062-06-14 15:00:00,False,False
,10119837,Texas,389,Reeves,,2062-06-14 15:00:00,CST,2062-06-14 15:00:00,0,0,0,0,0K,0,,F1,Unknown,1.5,33,,,,,31.38,-103.45,,,,,TX,2062-06-14 15:00:00,2062-06-14 15:00:00,False,False
,10119838,Texas,381,Randall,,2062-06-14 15:00:00,CST,2062-06-14 15:00:00,0,0,0,0,250K,0,,F2,Unknown,1.4,67,,,,,34.97,-101.92,,,,,TX,2062-06-14 15:00:00,2062-06-14 15:00:00,False,False
,10119846,Texas,381,Randall,,2062-06-14 19:40:00,CST,2062-06-14 19:40:00,0,0,0,0,0K,0,,F1,Unknown,4.7,13,,,,,35.18,-101.82,35.23,-101.77,,,TX,2062-06-14 19:40:00,2062-06-14 19:40:00,False,False
,10119847,Texas,381,Randall,,2062-06-14 19:57:00,CST,2062-06-14 19:57:00,0,0,0,0,250K,0,,F1,Unknown,2.0,27,,,,,34.97,-101.93,,,,,TX,2062-06-14 19:57:00,2062-06-14 19:57:00,False,False
,10119849,Texas,381,Randall,,2062-06-14 20:11:00,CST,2062-06-14 20:11:00,0,0,0,0,0K,0,,F0,Unknown,2.0,33,,,,,35.18,-101.82,,,,,TX,2062-06-14 20:11:00,2062-06-14 20:11:00,False,False
,10072907,Nebraska,31,Cherry,,2062-06-30 17:40:00,CST,2062-06-30 17:40:00,0,0,0,0,0K,0,,,Unknown,0.0,33,,,,,42.9,-101.12,,,,,NE,2062-06-30 17:40:00,2062-06-30 17:40:00,False,False
,10093512,Oklahoma,139,Texas,,2062-06-08 18:30:00,CST,2062-06-08 18:30:00,0,0,0,0,0K,0,,F1,Unknown,0.0,33,,,,,36.6,-101.78,,,,,OK,2062-06-08 18:30:00,2062-06-08 18:30:00,False,False
,10093516,Oklahoma,7,Beaver,,2062-06-08 20:10:00,CST,2062-06-08 20:10:00,0,0,0,0,0K,0,,F1,Unknown,0.0,33,,,,,36.88,-100.55,,,,,OK,2062-06-08 20:10:00,2062-06-08 20:10:00,False,False
,10093517,Oklahoma,7,Beaver,,2062-06-08 20:15:00,CST,2062-06-08 20:15:00,0,0,0,0,0K,0,,F0,Unknown,0.0,33,,,,,36.82,-100.55,,,,,OK,2062-06-08 20:15:00,2062-06-08 20:15:00,False,False
,10093518,Oklahoma,7,Beaver,,2062-06-08 20:15:00,CST,2062-06-08 20:15:00,0,0,0,0,0K,0,,F0,Unknown,0.0,33,,,,,36.82,-100.57,,,,,OK,2062-06-08 20:15:00,2062-06-08 20:15:00,False,False
,10093519,Oklahoma,7,Beaver,,2062-06-08 20:15:00,CST,2062-06-08 20:15:00,0,0,0,0,0K,0,,F1,Unknown,0.0,33,,,,,36.75,-100.5,,,,,OK,2062-06-08 20:15:00,2062-06-08 20:15:00,False,False
,10093520,Oklahoma,113,Osage,,2062-06-09 01:20:00,CST,2062-06-09 01:20:00,0,0,0,0,0K,0,,,Unknown,0.0,33,,,,,36.5,-96.33,,,,,OK,2062-06-09 01:20:00,2062-06-09 01:20:00,False,False
,10093522,Oklahoma,19,Carter,,2062-06-09 03:20:00,CST,2062-06-09 03:20:00,0,0,0,0,25K,0,,F1,Unknown,0.0,33,,,,,34.47,-97.4,,,,,OK,2062-06-09 03:20:00,2062-06-09 03:20:00,False,False
,10069333,Nebraska,53,Dodge,,2062-05-07 18:30:00,CST,2062-05-07 18:30:00,5,0,0,0,25K,0,,F2,Unknown,1.0,33,,,,,41.6,-96.5,,,,,NE,2062-05-07 18:30:00,2062-05-07 18:30:00,False,False
,10084777,North Dakota,99,Walsh,,2062-08-05 15:30:00,CST,2062-08-05 15:30:00,0,0,0,0,2.5K,0,,,Unknown,0.2,400,,,,,48.4,-97.4,,,,,ND,2062-08-05 15:30:00,2062-08-05 15:30:00,False,False
,10084779,North Dakota,5,Benson,,2062-08-10 20:30:00,CST,2062-08-10 20:30:00,0,0,0,0,0K,0,,F0,Unknown,0.0,33,,,,,48.1,-99.2,,,,,ND,2062-08-10 20:30:00,2062-08-10 20:30:00,False,False
,10084782,North Dakota,23,Divide,,2062-08-18 19:00:00,CST,2062-08-18 19:00:00,0,0,0,0,2.5K,0,,,Unknown,0.0,33,,,,,48.9,-103.8,,,,,ND,2062-08-18 19:00:00,2062-08-18 19:00:00,False,False
,10084784,North Dakota,57,Mercer,,2062-08-21 18:00:00,CST,2062-08-21 18:00:00,0,0,0,0,25K,0,,F1,Unknown,0.0,33,,,,,47.3,-101.0,,,,,ND,2062-08-21 18:00:00,2062-08-21 18:00:00,False,False
,10093502,Oklahoma,139,Texas,,2062-06-06 18:00:00,CST,2062-06-06 18:00:00,0,0,0,0,0K,0,,F0,Unknown,0.0,33,,,,,36.67,-101.5,,,,,OK,2062-06-06 18:00:00,2062-06-06 18:00:00,False,False
,10053265,Minnesota,83,Lyon,,2062-06-19 12:55:00,CST,2062-06-19 12:55:00,0,0,0,0,0K,0,,F0,Unknown,0.0,33,,,,,44.57,-95.98,,,,,MN,2062-06-19 12:55:00,2062-06-19 12:55:00,False,False
,10053266,Minnesota,83,Lyon,,2062-06-19 12:55:00,CST,2062-06-19 12:55:00,0,0,0,0,0K,0,,F0,Unknown,0.0,33,,,,,44.57,-95.98,,,,,MN,2062-06-19 12:55:00,2062-06-19 12:55:00,False,False
,10119808,Texas,251,Johnson,,2062-06-08 15:00:00,CST,2062-06-08 15:00:00,0,0,0,0,0K,0,,F2,Unknown,1.5,133,,,,,32.45,-97.35,,,,,TX,2062-06-08 15:00:00,2062-06-08 15:00:00,False,False
,10119810,Texas,227,Howard,,2062-06-08 17:50:00,CST,2062-06-08 17:50:00,0,0,0,0,0K,0,,F1,Unknown,2.0,33,,,,,32.23,-101.33,,,,,TX,2062-06-08 17:50:00,2062-06-08 17:50:00,False,False
,10119811,Texas,335,Mitchell,,2062-06-08 18:30:00,CST,2062-06-08 18:30:00,0,0,0,0,0K,0,,F0,Unknown,2.0,50,,,,,32.33,-100.93,,,,,TX,2062-06-08 18:30:00,2062-06-08 18:30:00,False,False
,10119812,Texas,139,Ellis,,2062-06-08 18:30:00,CST,2062-06-08 18:30:00,0,0,0,0,0K,0,,F1,Unknown,0.0,33,,,,,32.28,-96.88,,,,,TX,2062-06-08 18:30:00,2062-06-08 18:30:00,False,False
,10119253,Texas,389,Reeves,,2062-05-17 14:30:00,CST,2062-05-17 14:30:00,3,0,0,0,250K,0,,F2,Unknown,2.0,67,,,,,31.43,-103.48,,,,,TX,2062-05-17 14:30:00,2062-05-17 14:30:00,False,False
,10084763,North Dakota,51,Mcintosh,,2062-07-06 18:30:00,CST,2062-07-06 18:30:00,0,0,0,0,25K,0,,F2,Unknown,0.0,33,,,,,46.02,-99.05,,,,,ND,2062-07-06 18:30:00,2062-07-06 18:30:00,False,False
,10084764,North Dakota,51,Mcintosh,,2062-07-06 18:30:00,CST,2062-07-06 18:30:00,0,0,0,0,0K,0,,F2,Unknown,0.0,33,,,,,46.03,-99.07,,,,,ND,2062-07-06 18:30:00,2062-07-06 18:30:00,False,False
,10084771,North Dakota,93,Stutsman,,2062-07-18 17:00:00,CST,2062-07-18 17:00:00,0,0,0,0,2.5K,0,,F1,Unknown,0.0,33,,,,,46.9,-99.3,,,,,ND,2062-07-18 17:00:00,2062-07-18 17:00:00,False,False
,10119237,Texas,499,Wood,,2062-04-30 18:00:00,CST,2062-04-30 18:00:00,0,0,0,0,0K,0,,F0,Unknown,0.0,33,,,,,32.65,-95.22,,,,,TX,2062-04-30 18:00:00,2062-04-30 18:00:00,False,False
,10114306,South Carolina,65,Mccormick,,2062-01-06 07:15:00,CST,2062-01-06 07:15:00,1,0,0,0,2.5K,0,,F1,Unknown,1.0,100,,,,,33.85,-82.25,,,,,SC,2062-01-06 07:15:00,2062-01-06 07:15:00,False,False
,10114310,South Carolina,61,Lee,,2062-02-09 17:00:00,CST,2062-02-09 17:00:00,0,0,0,0,25K,0,,F1,Unknown,1.5,80,,,,,34.13,-80.2,,,,,SC,2062-02-09 17:00:00,2062-02-09 17:00:00,False,False
,10114311,South Carolina,67,Marion,,2062-02-22 16:45:00,CST,2062-02-22 16:45:00,1,0,0,0,25K,0,,F2,Unknown,8.7,100,,,,,34.18,-79.4,34.2,-79.25,,,SC,2062-02-22 16:45:00,2062-02-22 16:45:00,False,False
,10114312,South Carolina,89,Williamsburg,,2062-02-22 17:30:00,CST,2062-02-22 17:30:00,0,0,0,0,2.5K,0,,F1,Unknown,1.5,60,,,,,33.67,-79.65,,,,,SC,2062-02-22 17:30:00,2062-02-22 17:30:00,False,False
,10114313,South Carolina,41,Florence,,2062-04-08 06:05:00,CST,2062-04-08 06:05:00,0,0,0,0,2.5K,0,,F0,Unknown,0.2,50,,,,,34.2,-79.65,,,,,SC,2062-04-08 06:05:00,2062-04-08 06:05:00,False,False
,10114319,South Carolina,69,Marlboro,,2062-05-15 17:10:00,CST,2062-05-15 17:10:00,2,0,0,0,25K,0,,F1,Unknown,1.0,10,,,,,34.72,-79.85,,,,,SC,2062-05-15 17:10:00,2062-05-15 17:10:00,False,False
,10119243,Texas,303,Lubbock,,2062-05-07 15:00:00,CST,2062-05-07 15:00:00,0,0,0,0,0K,0,,F0,Unknown,0.5,13,,,,,33.58,-102.1,,,,,TX,2062-05-07 15:00:00,2062-05-07 15:00:00,False,False
,10119802,Texas,151,Fisher,,2062-06-07 19:30:00,CST,2062-06-07 19:30:00,0,0,0,0,0K,0,,F2,Unknown,3.6,200,,,,,32.9,-100.53,32.87,-100.5,,,TX,2062-06-07 19:30:00,2062-06-07 19:30:00,False,False
,10095193,Oklahoma,137,Stephens,,2062-05-20 23:11:00,CST,2062-05-20 23:11:00,0,0,0,0,0K,0,,,Unknown,0.0,33,,,,,34.65,-97.97,,,,,OK,2062-05-20 23:11:00,2062-05-20 23:11:00,False,False
,10120138,Texas,371,Pecos,,2062-06-05 14:20:00,CST,2062-06-05 14:20:00,0,0,0,0,0K,0,,F1,Unknown,1.0,50,,,,,30.75,-103.08,,,,,TX,2062-06-05 14:20:00,2062-06-05 14:20:00,False,False
,10120141,Texas,197,Hardeman,,2062-06-05 20:00:00,CST,2062-06-05 20:00:00,0,0,0,0,0K,0,,F1,Unknown,0.8,50,,,,,34.22,-99.58,,,,,TX,2062-06-05 20:00:00,2062-06-05 20:00:00,False,False
,10120142,Texas,487,Wilbarger,,2062-06-05 20:00:00,CST,2062-06-05 20:00:00,0,0,0,0,25K,0,,F2,Unknown,1.0,50,,,,,34.15,-99.27,,,,,TX,2062-06-05 20:00:00,2062-06-05 20:00:00,False,False
,10120143,Texas,195,Hansford,,2062-06-06 17:00:00,CST,2062-06-06 17:00:00,0,0,0,0,0K,0,,F0,Unknown,1.0,27,,,,,36.33,-101.38,,,,,TX,2062-06-06 17:00:00,2062-06-06 17:00:00,False,False
,10120144,Texas,195,Hansford,,2062-06-06 17:00:00,CST,2062-06-06 17:00:00,0,0,0,0,25K,0,,F1,Unknown,2.5,1320,,,,,36.33,-101.38,,,,,TX,2062-06-06 17:00:00,2062-06-06 17:00:00,False,False
,10095226,Oklahoma,75,Kiowa,,2062-05-24 23:13:00,CST,2062-05-24 23:13:00,0,0,0,0,0K,0,,F0,Unknown,0.0,33,,,,,34.62,-99.0,,,,,OK,2062-05-24 23:13:00,2062-05-24 23:13:00,False,False
,10053243,Minnesota,165,Watonwan,,2062-05-18 15:00:00,CST,2062-05-18 15:00:00,0,0,0,0,25K,0,,F2,Unknown,42.4,50,,,,,44.07,-94.8,43.88,-93.98,,,MN,2062-05-18 15:00:00,2062-05-18 15:00:00,False,False
,10053244,Minnesota,145,Stearns,,2062-05-18 16:15:00,CST,2062-05-18 16:15:00,3,0,0,0,2.5K,0,,F1,Unknown,1.5,7,,,,,45.5,-94.48,,,,,MN,2062-05-18 16:15:00,2062-05-18 16:15:00,False,False
,10115566,Pennsylvania,17,Bucks,,2062-05-24 13:30:00,CST,2062-05-24 13:30:00,0,0,0,0,25K,0,,F2,Unknown,1.9,67,,,,,40.32,-74.95,40.3,-74.9,,,PA,2062-05-24 13:30:00,2062-05-24 13:30:00,False,False
,10115569,Pennsylvania,105,Potter,,2062-06-14 13:30:00,CST,2062-06-14 13:30:00,0,0,0,0,2.5K,0,,F2,Unknown,0.2,33,,,,,41.77,-78.02,,,,,PA,2062-06-14 13:30:00,2062-06-14 13:30:00,False,False
,10053246,Minnesota,25,Chisago,,2062-05-18 17:45:00,CST,2062-05-18 17:45:00,0,0,0,0,2.5K,0,,F1,Unknown,2.0,150,,,,,45.68,-92.98,,,,,MN,2062-05-18 17:45:00,2062-05-18 17:45:00,False,False
,10053251,Minnesota,147,Steele,,2062-05-22 17:30:00,CST,2062-05-22 17:30:00,0,0,0,0,250K,0,,F1,Unknown,8.0,33,,,,,43.97,-93.23,44.08,-93.23,,,MN,2062-05-22 17:30:00,2062-05-22 17:30:00,False,False
,10053252,Minnesota,109,Olmsted,,2062-05-22 18:00:00,CST,2062-05-22 18:00:00,0,0,0,0,0K,0,,F0,Unknown,1.0,33,,,,,43.9,-92.53,,,,,MN,2062-05-22 18:00:00,2062-05-22 18:00:00,False,False
,10053253,Minnesota,109,Olmsted,,2062-05-22 18:00:00,CST,2062-05-22 18:00:00,0,0,0,0,25K,0,,F2,Unknown,0.5,33,,,,,43.88,-92.48,,,,,MN,2062-05-22 18:00:00,2062-05-22 18:00:00,False,False
,10053261,Minnesota,109,Olmsted,,2062-06-17 17:20:00,CST,2062-06-17 17:20:00,0,0,0,0,25K,0,,F1,Unknown,0.0,100,,,,,43.87,-92.47,,,,,MN,2062-06-17 17:20:00,2062-06-17 17:20:00,False,False
,10053264,Minnesota,83,Lyon,,2062-06-19 12:55:00,CST,2062-06-19 12:55:00,0,0,0,0,0K,0,,F0,Unknown,0.0,33,,,,,44.57,-95.98,,,,,MN,2062-06-19 12:55:00,2062-06-19 12:55:00,False,False
,10114324,South Carolina,75,Orangeburg,,2062-07-24 15:00:00,CST,2062-07-24 15:00:00,0,0,0,0,2.5K,0,,F1,Unknown,1.0,80,,,,,33.43,-80.45,,,,,SC,2062-07-24 15:00:00,2062-07-24 15:00:00,False,False
,10114325,South Carolina,27,Clarendon,,2062-07-24 15:00:00,CST,2062-07-24 15:00:00,0,0,0,0,2.5K,0,,F1,Unknown,1.0,80,,,,,33.7,-80.05,,,,,SC,2062-07-24 15:00:00,2062-07-24 15:00:00,False,False
,10114328,South Carolina,85,Sumter,,2062-07-25 12:00:00,CST,2062-07-25 12:00:00,0,0,0,0,0K,0,,F0,Unknown,0.5,13,,,,,34.0,-80.47,,,,,SC,2062-07-25 12:00:00,2062-07-25 12:00:00,False,False
,10120134,Texas,269,King,,2062-06-04 20:00:00,CST,2062-06-04 20:00:00,0,0,0,0,0K,0,,F0,Unknown,0.2,50,,,,,33.75,-100.3,,,,,TX,2062-06-04 20:00:00,2062-06-04 20:00:00,False,False
,10120135,Texas,269,King,,2062-06-04 20:00:00,CST,2062-06-04 20:00:00,0,0,0,0,0K,0,,F0,Unknown,0.2,50,,,,,33.75,-100.3,,,,,TX,2062-06-04 20:00:00,2062-06-04 20:00:00,False,False
,10120136,Texas,371,Pecos,,2062-06-05 14:20:00,CST,2062-06-05 14:20:00,0,0,0,0,0K,0,,F0,Unknown,2.0,50,,,,,30.75,-103.08,,,,,TX,2062-06-05 14:20:00,2062-06-05 14:20:00,False,False
,10120137,Texas,371,Pecos,,2062-06-05 14:20:00,CST,2062-06-05 14:20:00,0,0,0,0,0K,0,,F0,Unknown,2.0,50,,,,,30.75,-103.08,,,,,TX,2062-06-05 14:20:00,2062-06-05 14:20:00,False,False
,10093541,Oklahoma,73,Kingfisher,,2062-07-09 15:55:00,CST,2062-07-09 15:55:00,0,0,0,0,2.5K,0,,F1,Unknown,0.0,33,,,,,36.1,-97.9,,,,,OK,2062-07-09 15:55:00,2062-07-09 15:55:00,False,False
,10093545,Oklahoma,65,Jackson,,2062-07-14 17:15:00,CST,2062-07-14 17:15:00,0,0,0,0,2.5K,0,,F2,Unknown,0.0,33,,,,,34.63,-99.13,,,,,OK,2062-07-14 17:15:00,2062-07-14 17:15:00,False,False
,10093549,Oklahoma,109,Oklahoma,,2062-07-18 15:58:00,CST,2062-07-18 15:58:00,0,0,0,0,0K,0,,F1,Unknown,0.0,33,,,,,35.42,-97.6,,,,,OK,2062-07-18 15:58:00,2062-07-18 15:58:00,False,False
,10093550,Oklahoma,65,Jackson,,2062-07-20 16:00:00,CST,2062-07-20 16:00:00,0,0,0,0,.25K,0,,F2,Unknown,0.0,33,,,,,34.65,-99.55,,,,,OK,2062-07-20 16:00:00,2062-07-20 16:00:00,False,False
,10093551,Oklahoma,123,Pontotoc,,2062-07-20 16:45:00,CST,2062-07-20 16:45:00,0,0,0,0,.25K,0,,F2,Unknown,0.0,100,,,,,34.77,-96.62,,,,,OK,2062-07-20 16:45:00,2062-07-20 16:45:00,False,False
,10093553,Oklahoma,137,Stephens,,2062-07-28 12:20:00,CST,2062-07-28 12:20:00,1,0,0,0,250K,0,,F2,Unknown,1.0,50,,,,,34.47,-97.97,,,,,OK,2062-07-28 12:20:00,2062-07-28 12:20:00,False,False
,10093555,Oklahoma,103,Noble,,2062-08-01 13:00:00,CST,2062-08-01 13:00:00,0,0,0,0,0K,0,,,Unknown,0.0,33,,,,,36.5,-97.4,,,,,OK,2062-08-01 13:00:00,2062-08-01 13:00:00,False,False
,10093556,Oklahoma,101,Muskogee,,2062-08-08 17:00:00,CST,2062-08-08 17:00:00,0,0,0,0,0K,0,,,Unknown,0.0,33,,,,,35.4,-95.2,,,,,OK,2062-08-08 17:00:00,2062-08-08 17:00:00,False,False
,10072315,Montana,1,Beaverhead,,2062-07-14 15:45:00,CST,2062-07-14 15:45:00,0,0,0,0,0K,0,,,Unknown,0.0,33,,,,,45.4,-113.4,,,,,MT,2062-07-14 15:45:00,2062-07-14 15:45:00,False,False
,10038381,Michigan,65,Ingham,,2062-04-30 16:00:00,CST,2062-04-30 16:00:00,0,0,0,0,.25K,0,,F1,Unknown,0.0,33,,,,,42.72,-84.57,,,,,MI,2062-04-30 16:00:00,2062-04-30 16:00:00,False,False
,10095201,Oklahoma,97,Mayes,,2062-05-23 20:20:00,CST,2062-05-23 20:20:00,1,0,0,0,25K,0,,F1,Unknown,0.3,67,,,,,36.12,-95.37,,,,,OK,2062-05-23 20:20:00,2062-05-23 20:20:00,False,False
,10095203,Oklahoma,65,Jackson,,2062-05-24 17:15:00,CST,2062-05-24 17:15:00,0,0,0,0,2.5K,0,,F2,Unknown,0.0,33,,,,,34.68,-99.37,,,,,OK,2062-05-24 17:15:00,2062-05-24 17:15:00,False,False
,10095204,Oklahoma,65,Jackson,,2062-05-24 17:16:00,CST,2062-05-24 17:16:00,0,0,0,0,25K,0,,F2,Unknown,0.0,33,,,,,34.58,-99.37,,,,,OK,2062-05-24 17:16:00,2062-05-24 17:16:00,False,False
,10095206,Oklahoma,65,Jackson,,2062-05-24 17:25:00,CST,2062-05-24 17:25:00,0,0,0,0,0K,0,,F0,Unknown,0.0,33,,,,,34.55,-99.43,,,,,OK,2062-05-24 17:25:00,2062-05-24 17:25:00,False,False
,10095207,Oklahoma,65,Jackson,,2062-05-24 17:25:00,CST,2062-05-24 17:25:00,0,0,0,0,0K,0,,F0,Unknown,0.0,33,,,,,34.57,-99.42,,,,,OK,2062-05-24 17:25:00,2062-05-24 17:25:00,False,False
,10095210,Oklahoma,31,Comanche,,2062-05-24 18:15:00,CST,2062-05-24 18:15:00,0,0,0,0,0K,0,,F0,Unknown,0.0,33,,,,,34.55,-98.5,,,,,OK,2062-05-24 18:15:00,2062-05-24 18:15:00,False,False
,10095214,Oklahoma,141,Tillman,,2062-05-24 19:32:00,CST,2062-05-24 19:32:00,0,0,0,0,0K,0,,F0,Unknown,0.0,33,,,,,34.32,-98.75,,,,,OK,2062-05-24 19:32:00,2062-05-24 19:32:00,False,False
,10095215,Oklahoma,141,Tillman,,2062-05-24 19:32:00,CST,2062-05-24 19:32:00,0,0,0,0,0K,0,,F0,Unknown,0.0,33,,,,,34.32,-98.75,,,,,OK,2062-05-24 19:32:00,2062-05-24 19:32:00,False,False
,10076922,North Carolina,163,Sampson,,2062-04-08 09:00:00,CST,2062-04-08 09:00:00,0,0,0,0,250K,0,,F0,Unknown,64.1,33,,,,,35.03,-78.3,35.6,-77.4,,,NC,2062-04-08 09:00:00,2062-04-08 09:00:00,False,False
,10084750,North Dakota,61,Mountrail,,2062-06-14 20:00:00,CST,2062-06-14 20:00:00,0,0,0,0,2.5K,0,,F2,Unknown,0.0,33,,,,,48.3,-102.5,,,,,ND,2062-06-14 20:00:00,2062-06-14 20:00:00,False,False
,10072321,Montana,83,Richland,,2062-07-22 18:30:00,CST,2062-07-22 18:30:00,0,0,0,0,2.5K,0,,,Unknown,0.0,33,,,,,47.9,-104.0,,,,,MT,2062-07-22 18:30:00,2062-07-22 18:30:00,False,False
,10072324,Montana,105,Valley,,2062-08-04 20:45:00,CST,2062-08-04 20:45:00,0,0,0,0,250K,0,,F2,Unknown,42.9,73,,,,,48.7,-106.5,48.95,-105.63,,,MT,2062-08-04 20:45:00,2062-08-04 20:45:00,False,False
,10072325,Montana,69,Petroleum,,2062-08-07 22:00:00,CST,2062-08-07 22:00:00,0,0,0,0,2.5K,0,,F2,Unknown,2.0,10,,,,,47.3,-108.4,,,,,MT,2062-08-07 22:00:00,2062-08-07 22:00:00,False,False
,10093560,Oklahoma,25,Cimarron,,2062-08-30 19:00:00,CST,2062-08-30 19:00:00,0,0,0,0,25K,0,,F1,Unknown,0.0,33,,,,,36.8,-102.35,,,,,OK,2062-08-30 19:00:00,2062-08-30 19:00:00,False,False
,10115350,Pennsylvania,79,Luzerne,,2062-01-27 01:30:00,CST,2062-01-27 01:30:00,0,0,0,0,250K,0,,F1,Unknown,0.0,200,,,,,41.07,-76.22,,,,,PA,2062-01-27 01:30:00,2062-01-27 01:30:00,False,False
,10121574,Texas,265,Kerr,,2062-05-28 23:00:00,CST,2062-05-28 23:00:00,0,0,0,0,0K,0,,F0,Unknown,0.0,33,,,,,30.05,-99.05,,,,,TX,2062-05-28 23:00:00,2062-05-28 23:00:00,False,False
,10082475,New Hampshire,19,Sullivan,,2062-07-09 08:10:00,CST,2062-07-09 08:10:00,0,0,0,0,25K,0,,F0,Unknown,1.0,40,,,,,43.53,-72.2,,,,,NH,2062-07-09 08:10:00,2062-07-09 08:10:00,False,False
,10082476,New Hampshire,19,Sullivan,,2062-07-09 09:00:00,CST,2062-07-09 09:00:00,0,0,0,0,2.5K,0,,F2,Unknown,3.0,100,,,,,43.3,-72.4,43.33,-72.33,,,NH,2062-07-09 09:00:00,2062-07-09 09:00:00,False,False
,10061688,Missouri,185,St. Clair,,2062-05-26 22:30:00,CST,2062-05-26 22:30:00,0,0,0,0,25K,0,,F1,Unknown,0.2,17,,,,,38.2,-94.03,,,,,MO,2062-05-26 22:30:00,2062-05-26 22:30:00,False,False
,10061691,Missouri,47,Clay,,2062-05-28 19:00:00,CST,2062-05-28 19:00:00,0,0,0,0,25K,0,,F1,Unknown,2.3,50,,,,,39.35,-94.58,39.37,-94.53,,,MO,2062-05-28 19:00:00,2062-05-28 19:00:00,False,False
,10061693,Missouri,201,Scott,,2062-05-29 15:30:00,CST,2062-05-29 15:30:00,2,0,0,0,25K,0,,F1,Unknown,0.2,17,,,,,37.0,-89.53,,,,,MO,2062-05-29 15:30:00,2062-05-29 15:30:00,False,False
,9982514,Arkansas,45,Faulkner,,2062-02-14 22:00:00,CST,2062-02-14 22:00:00,0,0,0,0,25K,0,,F1,Unknown,0.0,33,,,,,35.2,-92.2,,,,,AR,2062-02-14 22:00:00,2062-02-14 22:00:00,False,False
,10038386,Michigan,161,Washtenaw,,2062-04-30 17:00:00,CST,2062-04-30 17:00:00,0,0,0,0,2.5K,0,,F1,Unknown,0.2,33,,,,,42.15,-83.6,,,,,MI,2062-04-30 17:00:00,2062-04-30 17:00:00,False,False
,10038387,Michigan,161,Washtenaw,,2062-04-30 17:00:00,CST,2062-04-30 17:00:00,0,0,0,0,25K,0,,F2,Unknown,0.1,33,,,,,42.15,-83.55,,,,,MI,2062-04-30 17:00:00,2062-04-30 17:00:00,False,False
,10072943,Nebraska,171,Thomas,,2062-08-02 16:00:00,CST,2062-08-02 16:00:00,0,0,0,0,2.5K,0,,F1,Unknown,0.0,200,,,,,41.88,-100.28,,,,,NE,2062-08-02 16:00:00,2062-08-02 16:00:00,False,False
,10072946,Nebraska,169,Thayer,,2062-08-04 15:30:00,CST,2062-08-04 15:30:00,0,0,0,0,2.5K,0,,F1,Unknown,1.2,400,,,,,40.32,-97.82,,,,,NE,2062-08-04 15:30:00,2062-08-04 15:30:00,False,False
,10072285,Montana,77,Powell,,2062-05-17 18:00:00,CST,2062-05-17 18:00:00,0,0,0,0,0K,0,,F0,Unknown,0.0,33,,,,,46.42,-112.92,,,,,MT,2062-05-17 18:00:00,2062-05-17 18:00:00,False,False
,10072286,Montana,1,Beaverhead,,2062-05-19 17:00:00,CST,2062-05-19 17:00:00,0,0,0,0,25K,0,,F2,Unknown,2.0,17,,,,,45.3,-112.7,,,,,MT,2062-05-19 17:00:00,2062-05-19 17:00:00,False,False
,10072297,Montana,1,Beaverhead,,2062-06-14 15:45:00,CST,2062-06-14 15:45:00,0,0,0,0,0K,0,,F2,Unknown,0.0,33,,,,,45.4,-113.4,,,,,MT,2062-06-14 15:45:00,2062-06-14 15:45:00,False,False
,10072304,Montana,83,Richland,,2062-06-22 18:30:00,CST,2062-06-22 18:30:00,0,0,0,0,2.5K,0,,,Unknown,0.0,33,,,,,47.6,-111.9,,,,,MT,2062-06-22 18:30:00,2062-06-22 18:30:00,False,False
,10072305,Montana,41,Hill,,2062-07-01 16:15:00,CST,2062-07-01 16:15:00,0,0,0,0,.25K,0,,,Unknown,3.8,33,,,,,48.5,-109.8,48.5,-109.7,,,MT,2062-07-01 16:15:00,2062-07-01 16:15:00,False,False
,10038382,Michigan,45,Eaton,,2062-04-30 16:00:00,CST,2062-04-30 16:00:00,0,0,0,0,2.5K,0,,F2,Unknown,0.8,50,,,,,42.75,-84.75,,,,,MI,2062-04-30 16:00:00,2062-04-30 16:00:00,False,False
,10072934,Nebraska,143,Polk,,2062-07-21 20:30:00,CST,2062-07-21 20:30:00,1,0,0,0,250K,0,,F3,Unknown,25.2,880,,,,,41.1,-97.78,41.4,-97.5,,,NE,2062-07-21 20:30:00,2062-07-21 20:30:00,False,False
,10064812,Missouri,21,Buchanan,,2062-05-31 13:45:00,CST,2062-05-31 13:45:00,0,0,0,0,.03K,0,,F1,Unknown,0.1,10,,,,,39.88,-94.95,39.88,-94.95,,,MO,2062-05-31 13:45:00,2062-05-31 13:45:00,False,False
,10064813,Missouri,145,Newton,,2062-06-02 19:45:00,CST,2062-06-02 19:45:00,0,0,0,0,25K,0,,F1,Unknown,0.5,17,,,,,36.83,-94.47,,,,,MO,2062-06-02 19:45:00,2062-06-02 19:45:00,False,False
,10064814,Missouri,205,Shelby,,2062-06-03 15:30:00,CST,2062-06-03 15:30:00,0,0,0,0,25K,0,,F1,Unknown,0.2,17,,,,,39.63,-92.27,,,,,MO,2062-06-03 15:30:00,2062-06-03 15:30:00,False,False
,10064815,Missouri,163,Pike,,2062-06-03 17:25:00,CST,2062-06-03 17:25:00,0,0,0,0,.03K,0,,F0,Unknown,0.1,10,,,,,39.4,-91.2,,,,,MO,2062-06-03 17:25:00,2062-06-03 17:25:00,False,False
,10095179,Oklahoma,25,Cimarron,,2062-05-17 14:22:00,CST,2062-05-17 14:22:00,0,0,0,0,0K,0,,F0,Unknown,0.0,33,,,,,36.92,-102.5,,,,,OK,2062-05-17 14:22:00,2062-05-17 14:22:00,False,False
,10095187,Oklahoma,141,Tillman,,2062-05-20 19:36:00,CST,2062-05-20 19:36:00,0,0,0,0,0K,0,,F0,Unknown,0.0,33,,,,,34.42,-99.08,,,,,OK,2062-05-20 19:36:00,2062-05-20 19:36:00,False,False
,10095188,Oklahoma,31,Comanche,,2062-05-20 20:10:00,CST,2062-05-20 20:10:00,0,0,0,0,0K,0,,F0,Unknown,0.0,33,,,,,34.5,-98.53,,,,,OK,2062-05-20 20:10:00,2062-05-20 20:10:00,False,False
,10093799,Oklahoma,65,Jackson,,2062-05-26 17:02:00,CST,2062-05-26 17:02:00,0,0,0,0,0K,0,,,Unknown,0.0,33,,,,,34.78,-99.32,,,,,OK,2062-05-26 17:02:00,2062-05-26 17:02:00,False,False
,10093800,Oklahoma,149,Washita,,2062-05-26 17:45:00,CST,2062-05-26 17:45:00,0,0,0,0,0K,0,,,Unknown,0.0,33,,,,,35.22,-99.18,,,,,OK,2062-05-26 17:45:00,2062-05-26 17:45:00,False,False
,10093801,Oklahoma,55,Greer,,2062-05-26 18:00:00,CST,2062-05-26 18:00:00,0,0,0,0,0K,0,,F0,Unknown,0.0,33,,,,,34.87,-99.68,,,,,OK,2062-05-26 18:00:00,2062-05-26 18:00:00,False,False
,10043722,Maine,5,Cumberland,,2062-07-09 10:55:00,CST,2062-07-09 10:55:00,0,0,0,0,2.5K,0,,F1,Unknown,11.3,23,,,,,43.88,-70.7,43.9,-70.47,,,ME,2062-07-09 10:55:00,2062-07-09 10:55:00,False,False
,10043724,Maine,25,Somerset,,2062-08-20 13:50:00,CST,2062-08-20 13:50:00,0,0,0,0,2.5K,0,,F2,Unknown,0.0,27,,,,,45.03,-69.6,45.03,-69.63,,,ME,2062-08-20 13:50:00,2062-08-20 13:50:00,False,False
,10040060,Maryland,47,Worcester,,2062-06-13 04:30:00,CST,2062-06-13 04:30:00,0,0,0,0,25K,0,,F1,Unknown,0.5,50,,,,,38.45,-75.22,,,,,MD,2062-06-13 04:30:00,2062-06-13 04:30:00,False,False
,10072848,Nebraska,71,Garfield,,2062-05-18 15:45:00,CST,2062-05-18 15:45:00,0,0,0,0,0K,0,,F1,Unknown,0.0,33,,,,,41.87,-99.22,,,,,NE,2062-05-18 15:45:00,2062-05-18 15:45:00,False,False
,10072852,Nebraska,29,Chase,,2062-05-18 18:30:00,CST,2062-05-18 18:30:00,0,0,0,0,0K,0,,F1,Unknown,0.0,33,,,,,40.57,-101.45,,,,,NE,2062-05-18 18:30:00,2062-05-18 18:30:00,False,False
,10040061,Maryland,45,Wicomico,,2062-06-24 16:15:00,CST,2062-06-24 16:15:00,0,0,0,0,.25K,0,,F0,Unknown,0.1,17,,,,,38.52,-75.75,,,,,MD,2062-06-24 16:15:00,2062-06-24 16:15:00,False,False
,10061652,Missouri,133,Mississippi,,2062-02-08 22:00:00,CST,2062-02-08 22:00:00,0,0,0,0,25K,0,,F2,Unknown,0.1,30,,,,,36.72,-89.32,,,,,MO,2062-02-08 22:00:00,2062-02-08 22:00:00,False,False
,10061654,Missouri,155,Pemiscot,,2062-02-08 23:15:00,CST,2062-02-08 23:15:00,0,0,0,0,2.5K,0,,F1,Unknown,0.2,17,,,,,36.27,-89.82,,,,,MO,2062-02-08 23:15:00,2062-02-08 23:15:00,False,False
,10054371,Minnesota,109,Olmsted,,2062-09-16 04:10:00,CST,2062-09-16 04:10:00,34,0,0,0,250K,0,,F4,Unknown,0.5,33,,,,,43.97,-92.45,,,,,MN,2062-09-16 04:10:00,2062-09-16 04:10:00,False,False
,10054372,Minnesota,109,Olmsted,,2062-09-16 04:16:00,CST,2062-09-16 04:16:00,0,0,0,0,25K,0,,F2,Unknown,3.0,33,,,,,43.85,-92.42,43.88,-92.35,,,MN,2062-09-16 04:16:00,2062-09-16 04:16:00,False,False
,10040071,Maryland,47,Worcester,,2062-11-09 20:00:00,CST,2062-11-09 20:00:00,0,0,0,0,25K,0,,F1,Unknown,0.5,50,,,,,38.33,-75.1,,,,,MD,2062-11-09 20:00:00,2062-11-09 20:00:00,False,False
,10072842,Nebraska,137,Phelps,,2062-05-17 18:30:00,CST,2062-05-17 18:30:00,0,0,0,0,0K,0,,F1,Unknown,0.0,33,,,,,40.43,-99.33,,,,,NE,2062-05-17 18:30:00,2062-05-17 18:30:00,False,False
,10072843,Nebraska,139,Pierce,,2062-05-17 21:20:00,CST,2062-05-17 21:20:00,0,0,0,0,0K,0,,,Unknown,0.0,33,,,,,42.38,-97.45,,,,,NE,2062-05-17 21:20:00,2062-05-17 21:20:00,False,False
,10072844,Nebraska,63,Frontier,,2062-05-18 13:40:00,CST,2062-05-18 13:40:00,0,0,0,0,25K,0,,F2,Unknown,14.2,33,,,,,40.65,-100.65,40.83,-100.52,,,NE,2062-05-18 13:40:00,2062-05-18 13:40:00,False,False
,10072845,Nebraska,111,Lincoln,,2062-05-18 13:55:00,CST,2062-05-18 13:55:00,0,0,0,0,0K,0,,,Unknown,0.0,33,,,,,41.17,-101.0,,,,,NE,2062-05-18 13:55:00,2062-05-18 13:55:00,False,False
,10072846,Nebraska,101,Keith,,2062-05-18 14:15:00,CST,2062-05-18 14:15:00,0,0,0,0,0K,0,,F1,Unknown,0.0,33,,,,,41.13,-101.35,,,,,NE,2062-05-18 14:15:00,2062-05-18 14:15:00,False,False
,10072847,Nebraska,111,Lincoln,,2062-05-18 15:41:00,CST,2062-05-18 15:41:00,0,0,0,0,0K,0,,,Unknown,0.0,33,,,,,41.03,-100.37,,,,,NE,2062-05-18 15:41:00,2062-05-18 15:41:00,False,False
,9986242,Delaware,5,Sussex,,2062-06-24 17:00:00,CST,2062-06-24 17:00:00,0,0,0,0,25K,0,,F1,Unknown,0.5,40,,,,,38.53,-75.07,,,,,DE,2062-06-24 17:00:00,2062-06-24 17:00:00,False,False
,10095162,Oklahoma,9,Beckham,,2062-04-26 18:30:00,CST,2062-04-26 18:30:00,0,0,0,0,250K,0,,F3,Unknown,3.6,300,,,,,35.33,-99.65,35.37,-99.6,,,OK,2062-04-26 18:30:00,2062-04-26 18:30:00,False,False
,10095165,Oklahoma,33,Cotton,,2062-04-27 00:20:00,CST,2062-04-27 00:20:00,0,0,0,0,0K,0,,,Unknown,0.0,33,,,,,34.3,-98.23,,,,,OK,2062-04-27 00:20:00,2062-04-27 00:20:00,False,False
,10095166,Oklahoma,27,Cleveland,,2062-04-27 00:40:00,CST,2062-04-27 00:40:00,0,0,0,0,25K,0,,,Unknown,0.0,33,,,,,35.17,-97.45,,,,,OK,2062-04-27 00:40:00,2062-04-27 00:40:00,False,False
,10095171,Oklahoma,89,Mccurtain,,2062-04-30 17:00:00,CST,2062-04-30 17:00:00,0,0,0,0,2.5K,0,,F2,Unknown,0.0,33,,,,,33.88,-94.83,,,,,OK,2062-04-30 17:00:00,2062-04-30 17:00:00,False,False
,10093805,Oklahoma,33,Cotton,,2062-05-26 20:00:00,CST,2062-05-26 20:00:00,1,0,0,0,250K,0,,F4,Unknown,10.1,400,,,,,34.15,-98.45,34.28,-98.38,,,OK,2062-05-26 20:00:00,2062-05-26 20:00:00,False,False
,10060314,Missouri,31,Cape Girardeau,,2062-07-13 15:00:00,CST,2062-07-13 15:00:00,0,0,0,0,25K,0,,F1,Unknown,2.5,20,,,,,37.3,-89.68,,,,,MO,2062-07-13 15:00:00,2062-07-13 15:00:00,False,False
,10060315,Missouri,177,Ray,,2062-07-15 01:00:00,CST,2062-07-15 01:00:00,0,0,0,0,2.5K,0,,F1,Unknown,1.0,10,,,,,39.27,-93.83,,,,,MO,2062-07-15 01:00:00,2062-07-15 01:00:00,False,False
,10060319,Missouri,3,Andrew,,2062-07-21 07:00:00,CST,2062-07-21 07:00:00,1,0,0,0,25K,0,,F1,Unknown,10.6,100,,,,,39.95,-94.95,39.88,-94.77,,,MO,2062-07-21 07:00:00,2062-07-21 07:00:00,False,False
,10060320,Missouri,3,Andrew,,2062-07-21 07:25:00,CST,2062-07-21 07:25:00,0,0,0,0,25K,0,,F1,Unknown,0.0,100,,,,,39.88,-94.77,39.88,-94.75,,,MO,2062-07-21 07:25:00,2062-07-21 07:25:00,False,False
,10047074,Mississippi,139,Tippah,,2062-02-23 15:17:00,CST,2062-02-23 15:17:00,0,0,0,0,25K,0,,F2,Unknown,5.6,100,,,,,34.88,-88.9,34.95,-88.85,,,MS,2062-02-23 15:17:00,2062-02-23 15:17:00,False,False
,10047075,Mississippi,107,Panola,,2062-02-23 16:00:00,CST,2062-02-23 16:00:00,4,0,0,0,2.5K,0,,F1,Unknown,0.0,33,,,,,34.32,-89.95,,,,,MS,2062-02-23 16:00:00,2062-02-23 16:00:00,False,False
,10047076,Mississippi,71,Lafayette,,2062-02-23 16:00:00,CST,2062-02-23 16:00:00,1,0,0,0,2.5K,0,,F2,Unknown,0.0,33,,,,,34.55,-89.63,,,,,MS,2062-02-23 16:00:00,2062-02-23 16:00:00,False,False
,10047077,Mississippi,87,Lowndes,,2062-03-31 00:15:00,CST,2062-03-31 00:15:00,1,0,0,0,250K,0,,F3,Unknown,3.0,880,,,,,33.47,-88.3,33.5,-88.33,,,MS,2062-03-31 00:15:00,2062-03-31 00:15:00,False,False
,10047080,Mississippi,89,Madison,,2062-04-10 20:45:00,CST,2062-04-10 20:45:00,0,0,0,0,25K,0,,F2,Unknown,4.9,1000,,,,,32.62,-90.05,32.62,-89.97,,,MS,2062-04-10 20:45:00,2062-04-10 20:45:00,False,False
,10069343,Nebraska,57,Dundy,,2062-05-14 16:00:00,CST,2062-05-14 16:00:00,0,0,0,0,0K,0,,F1,Unknown,0.0,33,,,,,40.02,-101.95,,,,,NE,2062-05-14 16:00:00,2062-05-14 16:00:00,False,False
,10061702,Missouri,3,Andrew,,2062-05-31 13:45:00,CST,2062-05-31 13:45:00,0,0,0,0,.03K,0,,F0,Unknown,0.1,10,,,,,39.95,-95.0,,,,,MO,2062-05-31 13:45:00,2062-05-31 13:45:00,False,False
,10061703,Missouri,3,Andrew,,2062-05-31 13:45:00,CST,2062-05-31 13:45:00,0,0,0,0,.03K,0,,F0,Unknown,0.1,10,,,,,39.97,-94.98,,,,,MO,2062-05-31 13:45:00,2062-05-31 13:45:00,False,False
,10074598,North Carolina,19,Brunswick,,2062-06-13 01:37:00,CST,2062-06-13 01:37:00,0,0,0,0,25K,0,,F2,Unknown,0.0,30,,,,,34.3,-78.0,,,,,NC,2062-06-13 01:37:00,2062-06-13 01:37:00,False,False
,10060296,Missouri,145,Newton,,2062-06-09 09:00:00,CST,2062-06-09 09:00:00,0,0,0,0,.03K,0,,F0,Unknown,0.5,67,,,,,36.88,-94.1,,,,,MO,2062-06-09 09:00:00,2062-06-09 09:00:00,False,False
,10069341,Nebraska,105,Kimball,,2062-05-14 16:00:00,CST,2062-05-14 16:00:00,0,0,0,0,0K,0,,F1,Unknown,0.0,33,,,,,41.22,-103.48,,,,,NE,2062-05-14 16:00:00,2062-05-14 16:00:00,False,False
,10069342,Nebraska,105,Kimball,,2062-05-14 16:00:00,CST,2062-05-14 16:00:00,0,0,0,0,0K,0,,F1,Unknown,0.0,33,,,,,41.22,-103.48,,,,,NE,2062-05-14 16:00:00,2062-05-14 16:00:00,False,False
,10060297,Missouri,229,Wright,,2062-06-09 15:40:00,CST,2062-06-09 15:40:00,0,0,0,0,.03K,0,,F0,Unknown,0.5,10,,,,,37.27,-92.52,,,,,MO,2062-06-09 15:40:00,2062-06-09 15:40:00,False,False
,10060298,Missouri,215,Texas,,2062-06-09 16:00:00,CST,2062-06-09 16:00:00,0,0,0,0,25K,0,,F1,Unknown,2.7,17,,,,,37.1,-92.1,37.12,-92.05,,,MO,2062-06-09 16:00:00,2062-06-09 16:00:00,False,False
,10060305,Missouri,113,Lincoln,,2062-06-24 11:48:00,CST,2062-06-24 11:48:00,0,0,0,0,.03K,0,,F0,Unknown,0.2,10,,,,,38.93,-90.75,,,,,MO,2062-06-24 11:48:00,2062-06-24 11:48:00,False,False
,10072860,Nebraska,3,Antelope,,2062-05-21 18:50:00,CST,2062-05-21 18:50:00,0,0,0,0,2.5M,0,,F3,Unknown,10.6,500,,,,,41.9,-97.9,42.05,-97.83,,,NE,2062-05-21 18:50:00,2062-05-21 18:50:00,False,False
,10072861,Nebraska,119,Madison,,2062-05-21 19:25:00,CST,2062-05-21 19:25:00,6,0,0,0,2.5M,0,,F3,Unknown,3.6,500,,,,,42.05,-97.83,42.1,-97.78,,,NE,2062-05-21 19:25:00,2062-05-21 19:25:00,False,False
,10047108,Mississippi,113,Pike,,2062-11-11 21:30:00,CST,2062-11-11 21:30:00,0,0,0,0,250K,0,,F2,Unknown,0.0,33,,,,,31.17,-90.47,,,,,MS,2062-11-11 21:30:00,2062-11-11 21:30:00,False,False
,10047109,Mississippi,29,Copiah,,2062-12-03 18:30:00,CST,2062-12-03 18:30:00,0,0,0,0,0K,0,,F1,Unknown,0.0,230,,,,,32.05,-90.45,,,,,MS,2062-12-03 18:30:00,2062-12-03 18:30:00,False,False
,10121563,Texas,171,Gillespie,,2062-05-28 15:00:00,CST,2062-05-28 15:00:00,0,0,0,0,0K,0,,F2,Unknown,5.1,100,,,,,30.28,-98.85,30.28,-98.77,,,TX,2062-05-28 15:00:00,2062-05-28 15:00:00,False,False
,10119286,Texas,295,Lipscomb,,2062-05-27 16:30:00,CST,2062-05-27 16:30:00,0,0,0,0,0K,0,,,Unknown,0.0,33,,,,,36.43,-100.53,,,,,TX,2062-05-27 16:30:00,2062-05-27 16:30:00,False,False
,10119287,Texas,195,Hansford,,2062-05-27 16:30:00,CST,2062-05-27 16:30:00,0,0,0,0,0K,0,,F1,Unknown,4.5,50,,,,,36.17,-101.08,36.22,-101.03,,,TX,2062-05-27 16:30:00,2062-05-27 16:30:00,False,False
,10119288,Texas,295,Lipscomb,,2062-05-27 16:30:00,CST,2062-05-27 16:30:00,0,0,0,0,0K,0,,F2,Unknown,0.0,33,,,,,36.48,-100.53,,,,,TX,2062-05-27 16:30:00,2062-05-27 16:30:00,False,False
,10119289,Texas,357,Ochiltree,,2062-05-27 17:30:00,CST,2062-05-27 17:30:00,0,0,0,0,0K,0,,F1,Unknown,1.5,50,,,,,36.18,-100.88,,,,,TX,2062-05-27 17:30:00,2062-05-27 17:30:00,False,False
,10119290,Texas,357,Ochiltree,,2062-05-27 17:30:00,CST,2062-05-27 17:30:00,0,0,0,0,0K,0,,F2,Unknown,1.0,83,,,,,36.18,-100.88,,,,,TX,2062-05-27 17:30:00,2062-05-27 17:30:00,False,False
,10060295,Missouri,101,Johnson,,2062-06-08 10:30:00,CST,2062-06-08 10:30:00,0,0,0,0,.25K,0,,F1,Unknown,0.5,17,,,,,38.77,-93.78,,,,,MO,2062-06-08 10:30:00,2062-06-08 10:30:00,False,False
,10113360,South Dakota,121,Todd,,2062-06-21 18:15:00,CST,2062-06-21 18:15:00,0,0,0,0,0K,0,,,Unknown,0.0,33,,,,,43.02,-110.17,,,,,SD,2062-06-21 18:15:00,2062-06-21 18:15:00,False,False
,10113362,South Dakota,85,Lyman,,2062-06-21 21:07:00,CST,2062-06-21 21:07:00,0,0,0,0,0K,0,,F1,Unknown,0.0,33,,,,,43.92,-100.07,,,,,SD,2062-06-21 21:07:00,2062-06-21 21:07:00,False,False
,10113363,South Dakota,105,Perkins,,2062-06-21 23:00:00,CST,2062-06-21 23:00:00,0,0,0,0,0K,0,,F0,Unknown,0.0,33,,,,,45.93,-102.15,,,,,SD,2062-06-21 23:00:00,2062-06-21 23:00:00,False,False
,10113367,South Dakota,89,Mcpherson,,2062-07-06 18:15:00,CST,2062-07-06 18:15:00,0,0,0,0,25K,0,,F2,Unknown,3.0,550,,,,,45.93,-99.07,45.92,-99.02,,,SD,2062-07-06 18:15:00,2062-07-06 18:15:00,False,False
,10113369,South Dakota,5,Beadle,,2062-07-07 16:15:00,CST,2062-07-07 16:15:00,0,0,0,0,2.5K,0,,F2,Unknown,0.2,33,,,,,44.4,-97.9,,,,,SD,2062-07-07 16:15:00,2062-07-07 16:15:00,False,False
,10113370,South Dakota,25,Clark,,2062-07-07 16:20:00,CST,2062-07-07 16:20:00,0,0,0,0,25K,0,,F2,Unknown,0.0,440,,,,,44.7,-97.55,44.67,-97.53,,,SD,2062-07-07 16:20:00,2062-07-07 16:20:00,False,False
,10113371,South Dakota,63,Harding,,2062-07-09 16:00:00,CST,2062-07-09 16:00:00,0,0,0,0,0K,0,,,Unknown,0.0,33,,,,,45.87,-103.12,,,,,SD,2062-07-09 16:00:00,2062-07-09 16:00:00,False,False
,10115586,Pennsylvania,51,Fayette,,2062-09-10 20:30:00,CST,2062-09-10 20:30:00,0,0,0,0,250K,0,,F1,Unknown,1.0,33,,,,,39.9,-79.72,,,,,PA,2062-09-10 20:30:00,2062-09-10 20:30:00,False,False
,10119282,Texas,433,Stonewall,,2062-05-26 21:00:00,CST,2062-05-26 21:00:00,0,0,0,0,0K,0,,F1,Unknown,9.1,133,,,,,32.97,-100.3,33.07,-100.2,,,TX,2062-05-26 21:00:00,2062-05-26 21:00:00,False,False
,10119855,Texas,437,Swisher,,2062-06-14 21:30:00,CST,2062-06-14 21:30:00,0,0,0,0,0K,0,,F1,Unknown,5.7,33,,,,,34.73,-101.5,34.82,-101.5,,,TX,2062-06-14 21:30:00,2062-06-14 21:30:00,False,False
,10119856,Texas,3,Andrews,,2062-06-16 19:15:00,CST,2062-06-16 19:15:00,0,0,0,0,0K,0,,F2,Unknown,0.8,20,,,,,32.47,-102.23,,,,,TX,2062-06-16 19:15:00,2062-06-16 19:15:00,False,False
,10119857,Texas,169,Garza,,2062-06-16 20:25:00,CST,2062-06-16 20:25:00,0,0,0,0,0K,0,,F2,Unknown,11.9,33,,,,,33.2,-101.53,33.3,-101.37,,,TX,2062-06-16 20:25:00,2062-06-16 20:25:00,False,False
,10077935,New York,7,Broome,,2062-09-10 15:00:00,CST,2062-09-10 15:00:00,0,0,0,0,.25K,0,,F0,Unknown,0.5,100,,,,,42.33,-75.88,,,,,NY,2062-09-10 15:00:00,2062-09-10 15:00:00,False,False
,10121561,Texas,357,Ochiltree,,2062-05-27 17:30:00,CST,2062-05-27 17:30:00,13,0,0,0,2.5M,0,,F3,Unknown,4.5,200,,,,,36.18,-100.88,36.23,-100.83,,,TX,2062-05-27 17:30:00,2062-05-27 17:30:00,False,False
,10121562,Texas,171,Gillespie,,2062-05-28 15:00:00,CST,2062-05-28 15:00:00,0,0,0,0,0K,0,,F1,Unknown,4.3,27,,,,,30.28,-98.85,30.25,-98.8,,,TX,2062-05-28 15:00:00,2062-05-28 15:00:00,False,False
,10072862,Nebraska,139,Pierce,,2062-05-21 19:30:00,CST,2062-05-21 19:30:00,0,0,0,0,2.5M,0,,F3,Unknown,28.5,500,,,,,42.1,-97.78,42.43,-97.45,,,NE,2062-05-21 19:30:00,2062-05-21 19:30:00,False,False
,10072863,Nebraska,15,Boyd,,2062-05-21 19:45:00,CST,2062-05-21 19:45:00,0,0,0,0,250K,0,,F3,Unknown,11.0,33,,,,,42.87,-98.72,43.0,-98.58,,,NE,2062-05-21 19:45:00,2062-05-21 19:45:00,False,False
,10072864,Nebraska,27,Cedar,,2062-05-21 20:00:00,CST,2062-05-21 20:00:00,1,0,0,0,2.5M,0,,F3,Unknown,29.0,500,,,,,42.43,-97.45,42.77,-97.1,,,NE,2062-05-21 20:00:00,2062-05-21 20:00:00,False,False
,10072867,Nebraska,157,Scotts Bluff,,2062-05-24 19:30:00,CST,2062-05-24 19:30:00,0,0,0,0,25K,0,,F1,Unknown,0.0,33,,,,,41.87,-103.98,,,,,NE,2062-05-24 19:30:00,2062-05-24 19:30:00,False,False
,10072870,Nebraska,87,Hitchcock,,2062-05-28 16:30:00,CST,2062-05-28 16:30:00,0,0,0,0,25K,0,,F1,Unknown,0.0,33,,,,,40.2,-100.8,,,,,NE,2062-05-28 16:30:00,2062-05-28 16:30:00,False,False
,10072872,Nebraska,19,Buffalo,,2062-05-29 10:15:00,CST,2062-05-29 10:15:00,0,0,0,0,0K,0,,,Unknown,0.0,33,,,,,40.78,-99.08,,,,,NE,2062-05-29 10:15:00,2062-05-29 10:15:00,False,False
,10072873,Nebraska,41,Custer,,2062-05-29 10:15:00,CST,2062-05-29 10:15:00,0,0,0,0,0K,0,,,Unknown,0.0,33,,,,,41.28,-99.37,,,,,NE,2062-05-29 10:15:00,2062-05-29 10:15:00,False,False
,10072874,Nebraska,89,Holt,,2062-05-29 11:40:00,CST,2062-05-29 11:40:00,0,0,0,0,0K,0,,F4,Unknown,24.2,300,,,,,42.68,-98.45,43.0,-98.67,,,NE,2062-05-29 11:40:00,2062-05-29 11:40:00,False,False
,10072878,Nebraska,143,Polk,,2062-06-06 18:45:00,CST,2062-06-06 18:45:00,0,0,0,0,.25K,0,,F0,Unknown,0.0,33,,,,,41.07,-97.77,,,,,NE,2062-06-06 18:45:00,2062-06-06 18:45:00,False,False
,10072880,Nebraska,159,Seward,,2062-06-06 21:10:00,CST,2062-06-06 21:10:00,0,0,0,0,0K,0,,F0,Unknown,0.0,33,,,,,40.97,-97.18,,,,,NE,2062-06-06 21:10:00,2062-06-06 21:10:00,False,False
,10072882,Nebraska,161,Sheridan,,2062-06-15 16:00:00,CST,2062-06-15 16:00:00,0,0,0,0,25K,0,,F0,Unknown,0.4,33,,,,,42.8,-102.2,,,,,NE,2062-06-15 16:00:00,2062-06-15 16:00:00,False,False
,10072884,Nebraska,13,Box Butte,,2062-06-15 17:50:00,CST,2062-06-15 17:50:00,0,0,0,0,0K,0,,F2,Unknown,21.3,33,,,,,41.87,-102.87,42.08,-102.57,,,NE,2062-06-15 17:50:00,2062-06-15 17:50:00,False,False
,10072885,Nebraska,31,Cherry,,2062-06-15 19:00:00,CST,2062-06-15 19:00:00,6,0,0,0,250K,0,,F3,Unknown,0.0,33,,,,,42.93,-101.12,,,,,NE,2062-06-15 19:00:00,2062-06-15 19:00:00,False,False
,10072886,Nebraska,31,Cherry,,2062-06-15 19:25:00,CST,2062-06-15 19:25:00,0,0,0,0,0K,0,,,Unknown,0.0,33,,,,,42.43,-101.52,,,,,NE,2062-06-15 19:25:00,2062-06-15 19:25:00,False,False
,10114332,South Carolina,51,Horry,,2062-08-17 10:30:00,CST,2062-08-17 10:30:00,0,0,0,0,25K,0,,F1,Unknown,1.5,33,,,,,33.83,-78.67,,,,,SC,2062-08-17 10:30:00,2062-08-17 10:30:00,False,False
,10072854,Nebraska,161,Sheridan,,2062-05-20 17:00:00,CST,2062-05-20 17:00:00,0,0,0,0,25K,0,,F2,Unknown,3.6,33,,,,,42.8,-102.47,42.85,-102.42,,,NE,2062-05-20 17:00:00,2062-05-20 17:00:00,False,False
,10072857,Nebraska,161,Sheridan,,2062-05-21 14:00:00,CST,2062-05-21 14:00:00,0,0,0,0,0K,0,,F0,Unknown,0.0,33,,,,,42.77,-102.47,,,,,NE,2062-05-21 14:00:00,2062-05-21 14:00:00,False,False
,10125319,Texas,473,Waller,,2062-06-18 15:00:00,CST,2062-06-18 15:00:00,0,0,0,0,0K,0,,F2,Unknown,0.0,33,,,,,30.07,-95.93,,,,,TX,2062-06-18 15:00:00,2062-06-18 15:00:00,False,False
,10078390,New Mexico,27,Lincoln,,2062-05-16 11:00:00,CST,2062-05-16 11:00:00,0,0,0,0,0K,0,,F0,Unknown,0.0,17,,,,,34.2,-105.0,,,,,NM,2062-05-16 11:00:00,2062-05-16 11:00:00,False,False
,10078391,New Mexico,41,Roosevelt,,2062-05-16 16:00:00,CST,2062-05-16 16:00:00,0,0,0,0,2.5K,0,,F0,Unknown,0.0,33,,,,,34.43,-103.9,,,,,NM,2062-05-16 16:00:00,2062-05-16 16:00:00,False,False
,10078393,New Mexico,59,Union,,2062-05-17 16:30:00,CST,2062-05-17 16:30:00,0,0,0,0,.25K,0,,F0,Unknown,0.0,33,,,,,36.52,-103.5,,,,,NM,2062-05-17 16:30:00,2062-05-17 16:30:00,False,False
,10078394,New Mexico,59,Union,,2062-05-17 16:30:00,CST,2062-05-17 16:30:00,0,0,0,0,25K,0,,F1,Unknown,15.3,33,,,,,36.42,-103.45,36.58,-103.27,,,NM,2062-05-17 16:30:00,2062-05-17 16:30:00,False,False
,10078395,New Mexico,21,Harding,,2062-05-17 19:00:00,CST,2062-05-17 19:00:00,1,0,0,0,25K,0,,F2,Unknown,10.8,33,,,,,35.97,-104.23,36.1,-104.13,,,NM,2062-05-17 19:00:00,2062-05-17 19:00:00,False,False
,10125327,Texas,273,Kleberg,,2062-06-20 16:00:00,CST,2062-06-20 16:00:00,0,0,0,0,2.5K,0,,F1,Unknown,1.0,33,,,,,27.53,-97.9,,,,,TX,2062-06-20 16:00:00,2062-06-20 16:00:00,False,False
,10125328,Texas,375,Potter,,2062-06-24 00:05:00,CST,2062-06-24 00:05:00,0,0,0,0,2.5K,0,,F2,Unknown,1.5,27,,,,,35.23,-102.0,,,,,TX,2062-06-24 00:05:00,2062-06-24 00:05:00,False,False
,9986192,Connecticut,9,New Haven,,2062-05-24 15:30:00,CST,2062-05-24 15:30:00,45,0,1,0,2.5M,0,,F3,Unknown,9.3,120,,,,,41.55,-73.12,41.57,-72.93,,,CT,2062-05-24 15:30:00,2062-05-24 15:30:00,False,False
,9986193,Connecticut,3,Hartford,,2062-05-24 16:00:00,CST,2062-05-24 16:00:00,5,0,0,0,2.5M,0,,F3,Unknown,2.3,120,,,,,41.57,-72.93,41.6,-72.88,,,CT,2062-05-24 16:00:00,2062-05-24 16:00:00,False,False
,9986194,Connecticut,5,Litchfield,,2062-06-18 14:45:00,CST,2062-06-18 14:45:00,0,0,0,0,25K,0,,F2,Unknown,0.1,67,,,,,41.77,-73.08,,,,,CT,2062-06-18 14:45:00,2062-06-18 14:45:00,False,False
,9975824,Alabama,55,Etowah,,2062-03-21 01:00:00,CST,2062-03-21 01:00:00,10,0,0,0,250K,0,,F3,Unknown,2.3,250,,,,,33.75,-85.82,33.75,-85.78,,,AL,2062-03-21 01:00:00,2062-03-21 01:00:00,False,False
,9975826,Alabama,121,Talladega,,2062-03-21 01:25:00,CST,2062-03-21 01:25:00,0,0,0,0,25K,0,,F2,Unknown,0.5,33,,,,,33.15,-86.27,,,,,AL,2062-03-21 01:25:00,2062-03-21 01:25:00,False,False
,10072613,Nebraska,15,Boyd,,2062-05-14 17:00:00,CST,2062-05-14 17:00:00,8,0,0,0,250K,0,,F3,Unknown,45.3,1760,,,,,42.88,-99.92,43.0,-99.03,,,NE,2062-05-14 17:00:00,2062-05-14 17:00:00,False,False
,10072615,Nebraska,13,Box Butte,,2062-05-14 17:30:00,CST,2062-05-14 17:30:00,0,0,0,0,25K,0,,F2,Unknown,18.3,880,,,,,42.32,-103.1,42.57,-102.97,,,NE,2062-05-14 17:30:00,2062-05-14 17:30:00,False,False
,10069330,Nebraska,175,Valley,,2062-04-26 19:30:00,CST,2062-04-26 19:30:00,0,0,0,0,25K,0,,F2,Unknown,2.0,33,,,,,41.72,-98.78,,,,,NE,2062-04-26 19:30:00,2062-04-26 19:30:00,False,False
,9975827,Alabama,43,Cullman,,2062-03-25 15:30:00,CST,2062-03-25 15:30:00,0,0,0,0,25K,0,,F1,Unknown,3.8,33,,,,,34.17,-86.83,34.2,-86.78,,,AL,2062-03-25 15:30:00,2062-03-25 15:30:00,False,False
,9975828,Alabama,95,Marshall,,2062-03-25 17:15:00,CST,2062-03-25 17:15:00,0,0,0,0,25K,0,,F1,Unknown,0.5,100,,,,,34.17,-86.33,,,,,AL,2062-03-25 17:15:00,2062-03-25 17:15:00,False,False
,9975839,Alabama,3,Baldwin,,2062-03-31 08:00:00,CST,2062-03-31 08:00:00,0,0,0,0,250K,0,,F2,Unknown,11.9,100,,,,,30.3,-87.7,30.37,-87.52,,,AL,2062-03-31 08:00:00,2062-03-31 08:00:00,False,False
,10078410,New Mexico,47,San Miguel,,2062-08-31 02:25:00,CST,2062-08-31 02:25:00,0,0,0,0,0K,0,,,Unknown,0.0,33,,,,,35.47,-105.5,,,,,NM,2062-08-31 02:25:00,2062-08-31 02:25:00,False,False
,10078414,New Mexico,15,Eddy,,2062-10-27 15:30:00,CST,2062-10-27 15:30:00,0,0,0,0,25K,0,,F0,Unknown,0.0,33,,,,,32.37,-104.2,,,,,NM,2062-10-27 15:30:00,2062-10-27 15:30:00,False,False
,9975834,Alabama,33,Colbert,,2062-03-30 23:00:00,CST,2062-03-30 23:00:00,0,0,0,0,25K,0,,F1,Unknown,0.0,33,,,,,34.6,-87.68,,,,,AL,2062-03-30 23:00:00,2062-03-30 23:00:00,False,False
,9975836,Alabama,57,Fayette,,2062-03-31 02:00:00,CST,2062-03-31 02:00:00,0,0,0,0,25K,0,,F2,Unknown,0.0,33,,,,,33.7,-87.9,,,,,AL,2062-03-31 02:00:00,2062-03-31 02:00:00,False,False
,9975837,Alabama,93,Marion,,2062-03-31 02:10:00,CST,2062-03-31 02:10:00,0,0,0,0,250K,0,,F1,Unknown,1.0,33,,,,,33.9,-87.8,,,,,AL,2062-03-31 02:10:00,2062-03-31 02:10:00,False,False
,10078401,New Mexico,15,Eddy,,2062-06-09 16:00:00,CST,2062-06-09 16:00:00,0,0,0,0,2.5K,0,,F0,Unknown,0.0,33,,,,,32.13,-103.83,,,,,NM,2062-06-09 16:00:00,2062-06-09 16:00:00,False,False
,10078404,New Mexico,5,Chaves,,2062-06-12 16:00:00,CST,2062-06-12 16:00:00,0,0,0,0,2.5K,0,,F2,Unknown,0.1,33,,,,,33.4,-104.5,,,,,NM,2062-06-12 16:00:00,2062-06-12 16:00:00,False,False
,10078406,New Mexico,5,Chaves,,2062-07-11 16:00:00,CST,2062-07-11 16:00:00,0,0,0,0,2.5K,0,,F0,Unknown,0.0,33,,,,,33.2,-104.8,,,,,NM,2062-07-11 16:00:00,2062-07-11 16:00:00,False,False
,10078409,New Mexico,47,San Miguel,,2062-08-31 01:25:00,CST,2062-08-31 01:25:00,0,0,0,0,0K,0,,,Unknown,0.0,33,,,,,35.35,-105.58,,,,,NM,2062-08-31 01:25:00,2062-08-31 01:25:00,False,False
,9987249,Florida,91,Okaloosa,,2062-01-05 16:10:00,CST,2062-01-05 16:10:00,30,0,1,0,2.5M,0,,F2,Unknown,2.5,100,,,,,30.77,-86.6,,,,,FL,2062-01-05 16:10:00,2062-01-05 16:10:00,False,False
,9987250,Florida,91,Okaloosa,,2062-01-05 16:10:00,CST,2062-01-05 16:10:00,0,0,0,0,0K,0,,F2,Unknown,2.5,100,,,,,30.77,-86.6,,,,,FL,2062-01-05 16:10:00,2062-01-05 16:10:00,False,False
,9987251,Florida,91,Okaloosa,,2062-01-05 17:00:00,CST,2062-01-05 17:00:00,0,0,0,0,2.5K,0,,F2,Unknown,0.0,77,,,,,30.37,-86.5,,,,,FL,2062-01-05 17:00:00,2062-01-05 17:00:00,False,False
,9987256,Florida,113,Santa Rosa,,2062-03-31 08:00:00,CST,2062-03-31 08:00:00,100,0,17,0,2.5M,0,,F3,Unknown,6.9,440,,,,,30.62,-87.1,30.67,-87.0,,,FL,2062-03-31 08:00:00,2062-03-31 08:00:00,False,False
,9987257,Florida,33,Escambia,,2062-03-31 09:30:00,CST,2062-03-31 09:30:00,2,0,0,0,2.5K,0,,F1,Unknown,0.0,33,,,,,30.5,-87.33,,,,,FL,2062-03-31 09:30:00,2062-03-31 09:30:00,False,False
,9987258,Florida,91,Okaloosa,,2062-03-31 10:20:00,CST,2062-03-31 10:20:00,2,0,0,0,25K,0,,F1,Unknown,0.0,33,,,,,30.5,-86.5,,,,,FL,2062-03-31 10:20:00,2062-03-31 10:20:00,False,False
,9987259,Florida,5,Bay,,2062-03-31 14:00:00,CST,2062-03-31 14:00:00,0,0,0,0,25K,0,,F1,Unknown,0.0,33,,,,,30.18,-85.73,,,,,FL,2062-03-31 14:00:00,2062-03-31 14:00:00,False,False
,9987269,Florida,69,Lake,,2062-05-10 15:00:00,CST,2062-05-10 15:00:00,1,0,0,0,2.5K,0,,F2,Unknown,0.3,33,,,,,25.9,-81.9,,,,,FL,2062-05-10 15:00:00,2062-05-10 15:00:00,False,False
,10072685,Nebraska,105,Kimball,,2062-06-20 18:45:00,CST,2062-06-20 18:45:00,0,0,0,0,0K,0,,,Unknown,59.9,33,,,,,41.22,-103.63,41.63,-102.62,,,NE,2062-06-20 18:45:00,2062-06-20 18:45:00,False,False
,9975815,Alabama,39,Covington,,2062-01-05 16:30:00,CST,2062-01-05 16:30:00,0,0,0,0,2.5K,0,,F2,Unknown,0.0,33,,,,,31.3,-86.5,,,,,AL,2062-01-05 16:30:00,2062-01-05 16:30:00,False,False
,9975816,Alabama,109,Pike,,2062-01-05 17:30:00,CST,2062-01-05 17:30:00,0,0,0,0,25K,0,,F2,Unknown,2.0,33,,,,,31.75,-86.0,,,,,AL,2062-01-05 17:30:00,2062-01-05 17:30:00,False,False
,9975817,Alabama,69,Houston,,2062-01-05 22:30:00,CST,2062-01-05 22:30:00,0,0,0,0,25K,0,,F1,Unknown,5.1,33,,,,,31.3,-85.42,31.35,-85.37,,,AL,2062-01-05 22:30:00,2062-01-05 22:30:00,False,False
,9983973,Arizona,25,Yavapai,,2062-07-26 11:30:00,CST,2062-07-26 11:30:00,0,0,0,0,.25K,0,,F0,Unknown,0.0,33,,,,,34.55,-112.48,,,,,AZ,2062-07-26 11:30:00,2062-07-26 11:30:00,False,False
,9983977,Arizona,17,Navajo,,2062-10-17 08:10:00,CST,2062-10-17 08:10:00,0,0,0,0,2.5K,0,,,Unknown,2.0,200,,,,,34.4,-110.6,,,,,AZ,2062-10-17 08:10:00,2062-10-17 08:10:00,False,False
,9983979,Arizona,1,Apache,,2062-10-17 12:20:00,CST,2062-10-17 12:20:00,0,0,0,0,0K,0,,,Unknown,0.0,33,,,,,35.58,-109.78,,,,,AZ,2062-10-17 12:20:00,2062-10-17 12:20:00,False,False
,10053276,Minnesota,107,Norman,,2062-07-06 21:15:00,CST,2062-07-06 21:15:00,0,0,0,0,0K,0,,F0,Unknown,0.0,33,,,,,47.22,-96.77,,,,,MN,2062-07-06 21:15:00,2062-07-06 21:15:00,False,False
,10053277,Minnesota,107,Norman,,2062-07-06 21:15:00,CST,2062-07-06 21:15:00,0,0,0,0,0K,0,,F0,Unknown,0.0,33,,,,,47.22,-96.77,,,,,MN,2062-07-06 21:15:00,2062-07-06 21:15:00,False,False
,9982528,Arkansas,27,Columbia,,2062-04-30 18:22:00,CST,2062-04-30 18:22:00,2,0,0,0,25K,0,,F2,Unknown,2.0,417,,,,,33.2,-93.03,,,,,AR,2062-04-30 18:22:00,2062-04-30 18:22:00,False,False
,9982536,Arkansas,85,Lonoke,,2062-06-03 18:30:00,CST,2062-06-03 18:30:00,0,0,0,0,0K,0,,F0,Unknown,0.0,33,,,,,34.78,-91.9,,,,,AR,2062-06-03 18:30:00,2062-06-03 18:30:00,False,False
,9982542,Arkansas,63,Independence,,2062-09-08 14:00:00,CST,2062-09-08 14:00:00,0,0,0,0,0K,0,,F1,Unknown,1.5,40,,,,,35.63,-91.47,,,,,AR,2062-09-08 14:00:00,2062-09-08 14:00:00,False,False
,10038415,Michigan,91,Lenawee,,2062-08-26 16:25:00,CST,2062-08-26 16:25:00,0,0,0,0,25K,0,,F1,Unknown,0.5,33,,,,,41.92,-84.33,,,,,MI,2062-08-26 16:25:00,2062-08-26 16:25:00,False,False
,10047096,Mississippi,49,Hinds,,2062-04-28 11:34:00,CST,2062-04-28 11:34:00,0,0,0,0,2.5K,0,,F1,Unknown,0.0,33,,,,,32.23,-90.45,,,,,MS,2062-04-28 11:34:00,2062-04-28 11:34:00,False,False
,10047098,Mississippi,143,Tunica,,2062-04-28 21:30:00,CST,2062-04-28 21:30:00,5,0,1,0,250K,0,,F2,Unknown,26.7,1760,,,,,34.43,-90.4,34.78,-90.2,,,MS,2062-04-28 21:30:00,2062-04-28 21:30:00,False,False
,10047099,Mississippi,33,De Soto,,2062-04-28 22:15:00,CST,2062-04-28 22:15:00,1,0,0,0,250K,0,,F2,Unknown,7.9,1760,,,,,34.78,-90.2,34.88,-90.13,,,MS,2062-04-28 22:15:00,2062-04-28 22:15:00,False,False
,10047067,Mississippi,43,Grenada,,2062-02-15 16:00:00,CST,2062-02-15 16:00:00,0,0,0,0,2.5K,0,,F1,Unknown,0.0,33,,,,,33.78,-88.95,,,,,MS,2062-02-15 16:00:00,2062-02-15 16:00:00,False,False
,10047069,Mississippi,43,Grenada,,2062-02-22 16:30:00,CST,2062-02-22 16:30:00,0,0,0,0,25K,0,,F1,Unknown,0.0,33,,,,,33.77,-88.95,,,,,MS,2062-02-22 16:30:00,2062-02-22 16:30:00,False,False
,10047070,Mississippi,43,Grenada,,2062-02-22 16:30:00,CST,2062-02-22 16:30:00,0,0,0,0,25K,0,,F2,Unknown,0.0,33,,,,,33.78,-88.92,,,,,MS,2062-02-22 16:30:00,2062-02-22 16:30:00,False,False
,10047072,Mississippi,149,Warren,,2062-02-23 13:08:00,CST,2062-02-23 13:08:00,2,0,0,0,2.5K,0,,F1,Unknown,0.0,33,,,,,32.35,-90.88,,,,,MS,2062-02-23 13:08:00,2062-02-23 13:08:00,False,False
,10079231,New Jersey,21,Mercer,,2062-05-24 13:34:00,CST,2062-05-24 13:34:00,1,0,0,0,250K,0,,F2,Unknown,14.7,300,,,,,40.3,-74.9,40.28,-74.62,,,NJ,2062-05-24 13:34:00,2062-05-24 13:34:00,False,False
,10079234,New Jersey,41,Warren,,2062-07-21 15:00:00,CST,2062-07-21 15:00:00,0,0,0,0,0K,0,,F0,Unknown,0.0,33,,,,,40.73,-75.05,,,,,NJ,2062-07-21 15:00:00,2062-07-21 15:00:00,False,False
,10079236,New Jersey,3,Bergen,,2062-08-07 13:30:00,CST,2062-08-07 13:30:00,0,0,0,0,250K,0,,F2,Unknown,2.5,250,,,,,40.93,-74.07,,,,,NJ,2062-08-07 13:30:00,2062-08-07 13:30:00,False,False
,10040386,Massachusetts,9,Essex,,2062-07-21 17:00:00,CST,2062-07-21 17:00:00,3,0,0,0,25K,0,,F1,Unknown,2.7,33,,,,,42.5,-70.9,42.5,-70.83,,,MA,2062-07-21 17:00:00,2062-07-21 17:00:00,False,False
,9982517,Arkansas,87,Madison,,2062-03-20 19:15:00,CST,2062-03-20 19:15:00,0,0,0,0,250K,0,,F2,Unknown,7.8,417,,,,,36.15,-93.88,36.12,-93.75,,,AR,2062-03-20 19:15:00,2062-03-20 19:15:00,False,False
,9982518,Arkansas,101,Newton,,2062-03-20 19:30:00,CST,2062-03-20 19:30:00,2,0,0,0,25K,0,,F2,Unknown,0.5,300,,,,,36.02,-93.35,,,,,AR,2062-03-20 19:30:00,2062-03-20 19:30:00,False,False
,10121482,Texas,253,Jones,,2062-04-26 16:26:00,CST,2062-04-26 16:26:00,0,0,0,0,0K,0,,F0,Unknown,0.3,17,,,,,32.75,-99.8,,,,,TX,2062-04-26 16:26:00,2062-04-26 16:26:00,False,False
,10006117,Indiana,83,Knox,,2062-04-30 21:50:00,CST,2062-04-30 21:50:00,0,0,0,0,250K,0,,F2,Unknown,26.2,33,,,,,38.87,-87.45,38.67,-87.03,,,IN,2062-04-30 21:50:00,2062-04-30 21:50:00,False,False
,9989513,California,59,Orange,,2062-02-19 05:30:00,CST,2062-02-19 05:30:00,0,0,0,0,.25K,0,,F0,Unknown,2.0,33,,,,,33.7,-117.8,,,,,CA,2062-02-19 05:30:00,2062-02-19 05:30:00,False,False
,9989514,California,37,Los Angeles,,2062-02-19 18:00:00,CST,2062-02-19 18:00:00,0,0,0,0,2.5K,0,,F1,Unknown,0.6,250,,,,,36.23,-118.52,,,,,CA,2062-02-19 18:00:00,2062-02-19 18:00:00,False,False
,9989515,California,19,Fresno,,2062-03-22 14:00:00,CST,2062-03-22 14:00:00,0,0,0,0,2.5K,0,,F2,Unknown,0.5,33,,,,,36.8,-119.8,,,,,CA,2062-03-22 14:00:00,2062-03-22 14:00:00,False,False
,9989516,California,37,Los Angeles,,2062-05-14 14:00:00,CST,2062-05-14 14:00:00,0,0,0,0,25K,0,,F1,Unknown,0.0,33,,,,,33.87,-118.3,,,,,CA,2062-05-14 14:00:00,2062-05-14 14:00:00,False,False
,9988348,Florida,23,Columbia,,2062-05-29 15:00:00,CST,2062-05-29 15:00:00,0,0,0,0,0K,0,,F1,Unknown,0.0,33,,,,,30.4,-82.6,,,,,FL,2062-05-29 15:00:00,2062-05-29 15:00:00,False,False
,9988352,Florida,71,Lee,,2062-06-10 13:45:00,CST,2062-06-10 13:45:00,0,0,0,0,25K,0,,F2,Unknown,0.0,33,,,,,26.4,-81.83,,,,,FL,2062-06-10 13:45:00,2062-06-10 13:45:00,False,False
,10121484,Texas,253,Jones,,2062-04-26 16:30:00,CST,2062-04-26 16:30:00,0,0,0,0,25K,0,,F2,Unknown,4.7,440,,,,,32.87,-99.72,32.92,-99.67,,,TX,2062-04-26 16:30:00,2062-04-26 16:30:00,False,False
,10094142,Oklahoma,75,Kiowa,,2062-06-05 20:45:00,CST,2062-06-05 20:45:00,0,0,0,0,0K,0,,F1,Unknown,0.0,33,,,,,35.08,-98.88,,,,,OK,2062-06-05 20:45:00,2062-06-05 20:45:00,False,False
,10094143,Oklahoma,47,Garfield,,2062-06-05 21:00:00,CST,2062-06-05 21:00:00,0,0,0,0,0K,0,,,Unknown,0.0,33,,,,,36.4,-97.53,,,,,OK,2062-06-05 21:00:00,2062-06-05 21:00:00,False,False
,10002742,Indiana,65,Henry,,2062-06-18 18:50:00,CST,2062-06-18 18:50:00,0,0,0,0,250K,0,,F3,Unknown,0.0,33,,,,,39.92,-85.35,,,,,IN,2062-06-18 18:50:00,2062-06-18 18:50:00,False,False
,10002744,Indiana,89,Lake,,2062-07-20 15:00:00,CST,2062-07-20 15:00:00,0,0,0,0,25K,0,,F2,Unknown,14.9,33,,,,,41.53,-87.42,41.58,-87.13,,,IN,2062-07-20 15:00:00,2062-07-20 15:00:00,False,False
,10002745,Indiana,39,Elkhart,,2062-07-20 16:10:00,CST,2062-07-20 16:10:00,0,0,0,0,.25K,0,,F1,Unknown,1.5,33,,,,,40.77,-85.82,,,,,IN,2062-07-20 16:10:00,2062-07-20 16:10:00,False,False
,10002746,Indiana,57,Hamilton,,2062-09-13 23:17:00,CST,2062-09-13 23:17:00,0,0,0,0,25K,0,,F2,Unknown,1.0,27,,,,,40.05,-86.13,,,,,IN,2062-09-13 23:17:00,2062-09-13 23:17:00,False,False
,10121483,Texas,253,Jones,,2062-04-26 16:30:00,CST,2062-04-26 16:30:00,0,0,0,0,0K,0,,F1,Unknown,0.5,17,,,,,32.87,-99.72,,,,,TX,2062-04-26 16:30:00,2062-04-26 16:30:00,False,False
,10121450,Texas,423,Smith,,2062-03-24 15:00:00,CST,2062-03-24 15:00:00,0,0,0,0,0K,0,,F1,Unknown,1.0,40,,,,,32.38,-95.32,,,,,TX,2062-03-24 15:00:00,2062-03-24 15:00:00,False,False
,10121451,Texas,223,Hopkins,,2062-03-24 15:30:00,CST,2062-03-24 15:30:00,0,0,0,0,25K,0,,F2,Unknown,2.0,300,,,,,33.27,-95.73,,,,,TX,2062-03-24 15:30:00,2062-03-24 15:30:00,False,False
,10121452,Texas,499,Wood,,2062-03-24 15:30:00,CST,2062-03-24 15:30:00,8,0,0,0,2.5M,0,,F3,Unknown,0.5,100,,,,,32.67,-95.5,,,,,TX,2062-03-24 15:30:00,2062-03-24 15:30:00,False,False
,10121453,Texas,423,Smith,,2062-03-24 16:20:00,CST,2062-03-24 16:20:00,0,0,0,0,0K,0,,F0,Unknown,1.0,33,,,,,32.53,-95.38,,,,,TX,2062-03-24 16:20:00,2062-03-24 16:20:00,False,False
,10121454,Texas,423,Smith,,2062-03-24 16:20:00,CST,2062-03-24 16:20:00,0,0,0,0,250K,0,,F2,Unknown,1.0,50,,,,,32.52,-95.38,,,,,TX,2062-03-24 16:20:00,2062-03-24 16:20:00,False,False
,10121455,Texas,63,Camp,,2062-03-24 17:00:00,CST,2062-03-24 17:00:00,0,0,0,0,0K,0,,F1,Unknown,0.8,20,,,,,32.98,-94.97,,,,,TX,2062-03-24 17:00:00,2062-03-24 17:00:00,False,False
,10121456,Texas,499,Wood,,2062-03-24 17:00:00,CST,2062-03-24 17:00:00,0,0,0,0,25K,0,,F1,Unknown,2.0,100,,,,,32.85,-95.18,,,,,TX,2062-03-24 17:00:00,2062-03-24 17:00:00,False,False
,10121457,Texas,5,Angelina,,2062-03-24 18:05:00,CST,2062-03-24 18:05:00,0,0,0,0,2.5K,0,,F1,Unknown,0.3,17,,,,,31.33,-94.73,,,,,TX,2062-03-24 18:05:00,2062-03-24 18:05:00,False,False
,10026876,Kansas,161,Riley,,2062-05-18 21:10:00,CST,2062-05-18 21:10:00,0,0,0,0,.25K,0,,,Unknown,0.0,33,,,,,39.08,-96.53,,,,,KS,2062-05-18 21:10:00,2062-05-18 21:10:00,False,False
,10026881,Kansas,97,Kiowa,,2062-05-20 15:35:00,CST,2062-05-20 15:35:00,0,0,0,0,25K,0,,F2,Unknown,25.3,33,,,,,37.43,-99.08,37.8,-99.08,,,KS,2062-05-20 15:35:00,2062-05-20 15:35:00,False,False
,10026886,Kansas,105,Lincoln,,2062-05-20 17:00:00,CST,2062-05-20 17:00:00,0,0,0,0,2.5K,0,,,Unknown,2.0,33,,,,,39.17,-98.43,,,,,KS,2062-05-20 17:00:00,2062-05-20 17:00:00,False,False
,10006101,Indiana,11,Boone,,2062-03-11 19:45:00,CST,2062-03-11 19:45:00,0,0,0,0,25K,0,,F3,Unknown,3.0,10,,,,,40.08,-86.48,40.13,-86.45,,,IN,2062-03-11 19:45:00,2062-03-11 19:45:00,False,False
,10006104,Indiana,73,Jasper,,2062-04-30 14:00:00,CST,2062-04-30 14:00:00,0,0,0,0,250K,0,,F2,Unknown,0.0,33,,,,,41.2,-87.2,,,,,IN,2062-04-30 14:00:00,2062-04-30 14:00:00,False,False
,10006105,Indiana,141,St. Joseph,,2062-04-30 14:00:00,CST,2062-04-30 14:00:00,49,0,0,0,250K,0,,F3,Unknown,23.1,33,,,,,41.67,-86.52,41.7,-86.07,,,IN,2062-04-30 14:00:00,2062-04-30 14:00:00,False,False
,10006109,Indiana,111,Newton,,2062-04-30 14:24:00,CST,2062-04-30 14:24:00,5,0,0,0,25K,0,,F2,Unknown,0.0,33,,,,,40.78,-87.47,,,,,IN,2062-04-30 14:24:00,2062-04-30 14:24:00,False,False
,10006110,Indiana,39,Elkhart,,2062-04-30 14:30:00,CST,2062-04-30 14:30:00,0,0,0,0,250K,0,,F3,Unknown,13.4,33,,,,,41.7,-86.07,41.77,-85.82,,,IN,2062-04-30 14:30:00,2062-04-30 14:30:00,False,False
,10006111,Indiana,181,White,,2062-04-30 14:32:00,CST,2062-04-30 14:32:00,0,0,0,0,250K,0,,F0,Unknown,0.0,33,,,,,40.68,-86.88,,,,,IN,2062-04-30 14:32:00,2062-04-30 14:32:00,False,False
,10006112,Indiana,103,Miami,,2062-04-30 15:00:00,CST,2062-04-30 15:00:00,0,0,0,0,2.5K,0,,F1,Unknown,0.0,33,,,,,40.75,-86.08,,,,,IN,2062-04-30 15:00:00,2062-04-30 15:00:00,False,False
,10009590,Idaho,65,Madison,,2062-09-21 13:25:00,CST,2062-09-21 13:25:00,0,0,0,0,0K,0,,F0,Unknown,0.0,33,,,,,43.7,-111.8,,,,,ID,2062-09-21 13:25:00,2062-09-21 13:25:00,False,False
,10119010,Texas,167,Galveston,,2062-04-27 09:45:00,CST,2062-04-27 09:45:00,0,0,0,0,0K,0,,F1,Unknown,0.5,33,,,,,29.4,-94.77,,,,,TX,2062-04-27 09:45:00,2062-04-27 09:45:00,False,False
,10122124,Texas,53,Burnet,,2062-08-16 19:00:00,CST,2062-08-16 19:00:00,0,0,0,0,0K,0,,F1,Unknown,1.0,33,,,,,30.67,-98.42,,,,,TX,2062-08-16 19:00:00,2062-08-16 19:00:00,False,False
,10122125,Texas,53,Burnet,,2062-08-16 19:00:00,CST,2062-08-16 19:00:00,0,0,0,0,0K,0,,F1,Unknown,0.8,13,,,,,30.67,-98.33,,,,,TX,2062-08-16 19:00:00,2062-08-16 19:00:00,False,False
,10122126,Texas,409,San Patricio,,2062-08-20 14:00:00,CST,2062-08-20 14:00:00,0,0,0,0,0K,0,,F2,Unknown,1.5,43,,,,,28.08,-97.82,,,,,TX,2062-08-20 14:00:00,2062-08-20 14:00:00,False,False
,10119261,Texas,487,Wilbarger,,2062-05-20 15:00:00,CST,2062-05-20 15:00:00,0,0,0,0,0K,0,,F2,Unknown,1.0,50,,,,,33.98,-99.27,,,,,TX,2062-05-20 15:00:00,2062-05-20 15:00:00,False,False
,10152023,Virginia,69,Frederick,,2062-06-02 14:00:00,CST,2062-06-02 14:00:00,0,0,0,0,25K,0,,F1,Unknown,0.0,33,,,,,39.03,-78.28,,,,,VA,2062-06-02 14:00:00,2062-06-02 14:00:00,False,False
,10152024,Virginia,191,Washington,,2062-06-03 15:00:00,CST,2062-06-03 15:00:00,0,0,0,0,25K,0,,F2,Unknown,0.0,33,,,,,36.6,-82.2,,,,,VA,2062-06-03 15:00:00,2062-06-03 15:00:00,False,False
,10008111,Illinois,73,Henry,,2062-05-28 19:45:00,CST,2062-05-28 19:45:00,0,0,0,0,250K,0,,F2,Unknown,0.0,33,,,,,41.42,-90.15,,,,,IL,2062-05-28 19:45:00,2062-05-28 19:45:00,False,False
,10008112,Illinois,161,Rock Island,,2062-05-29 05:20:00,CST,2062-05-29 05:20:00,0,0,0,0,2.5K,0,,F1,Unknown,0.0,33,,,,,41.43,-90.47,,,,,IL,2062-05-29 05:20:00,2062-05-29 05:20:00,False,False
,10008116,Illinois,11,Bureau,,2062-06-08 13:20:00,CST,2062-06-08 13:20:00,0,0,0,0,2.5K,0,,F1,Unknown,0.2,10,,,,,41.42,-89.18,,,,,IL,2062-06-08 13:20:00,2062-06-08 13:20:00,False,False
,10008118,Illinois,31,Cook,,2062-06-23 16:52:00,CST,2062-06-23 16:52:00,10,0,0,0,250K,0,,F2,Unknown,0.5,100,,,,,41.6,-87.72,,,,,IL,2062-06-23 16:52:00,2062-06-23 16:52:00,False,False
,10008120,Illinois,19,Champaign,,2062-07-02 15:30:00,CST,2062-07-02 15:30:00,0,0,0,0,25K,0,,F2,Unknown,6.9,50,,,,,40.18,-87.98,40.22,-87.85,,,IL,2062-07-02 15:30:00,2062-07-02 15:30:00,False,False
,10122131,Texas,399,Runnels,,2062-08-30 19:10:00,CST,2062-08-30 19:10:00,0,0,0,0,0K,0,,F1,Unknown,0.0,50,,,,,31.98,-99.97,,,,,TX,2062-08-30 19:10:00,2062-08-30 19:10:00,False,False
,10122132,Texas,415,Scurry,,2062-08-31 18:45:00,CST,2062-08-31 18:45:00,0,0,0,0,0K,0,,F1,Unknown,1.0,13,,,,,32.58,-101.15,,,,,TX,2062-08-31 18:45:00,2062-08-31 18:45:00,False,False
,10122135,Texas,21,Bastrop,,2062-09-05 17:55:00,CST,2062-09-05 17:55:00,0,0,0,0,0K,0,,F0,Unknown,2.0,33,,,,,30.12,-97.3,,,,,TX,2062-09-05 17:55:00,2062-09-05 17:55:00,False,False
,9991413,Colorado,75,Logan,,2062-07-12 17:15:00,CST,2062-07-12 17:15:00,0,0,0,0,0K,0,,F0,Unknown,0.0,33,,,,,40.8,-103.27,,,,,CO,2062-07-12 17:15:00,2062-07-12 17:15:00,False,False
,10122136,Texas,251,Johnson,,2062-09-07 20:40:00,CST,2062-09-07 20:40:00,1,0,0,0,250K,0,,F2,Unknown,2.0,167,,,,,32.33,-97.42,,,,,TX,2062-09-07 20:40:00,2062-09-07 20:40:00,False,False
,10122139,Texas,89,Colorado,,2062-09-08 05:15:00,CST,2062-09-08 05:15:00,0,0,0,0,.25K,0,,F1,Unknown,1.0,33,,,,,29.77,-96.62,,,,,TX,2062-09-08 05:15:00,2062-09-08 05:15:00,False,False
,10093810,Oklahoma,87,Mcclain,,2062-05-26 20:58:00,CST,2062-05-26 20:58:00,0,0,0,0,25K,0,,F2,Unknown,6.8,100,,,,,35.17,-97.45,35.23,-97.37,,,OK,2062-05-26 20:58:00,2062-05-26 20:58:00,False,False
,10029118,Kansas,55,Finney,,2062-06-16 19:05:00,CST,2062-06-16 19:05:00,0,0,0,0,.25K,0,,F2,Unknown,12.2,50,,,,,38.25,-100.72,38.33,-100.52,,,KS,2062-06-16 19:05:00,2062-06-16 19:05:00,False,False
,10029119,Kansas,55,Finney,,2062-06-16 19:05:00,CST,2062-06-16 19:05:00,0,0,0,0,250K,0,,F3,Unknown,31.9,50,,,,,38.13,-100.72,38.42,-100.25,,,KS,2062-06-16 19:05:00,2062-06-16 19:05:00,False,False
,10029120,Kansas,55,Finney,,2062-06-16 19:10:00,CST,2062-06-16 19:10:00,0,0,0,0,250K,0,,F1,Unknown,9.9,50,,,,,38.22,-100.67,38.3,-100.52,,,KS,2062-06-16 19:10:00,2062-06-16 19:10:00,False,False
,10122127,Texas,355,Nueces,,2062-08-21 13:00:00,CST,2062-08-21 13:00:00,0,0,0,0,2.5K,0,,F1,Unknown,1.0,50,,,,,27.9,-97.77,,,,,TX,2062-08-21 13:00:00,2062-08-21 13:00:00,False,False
,10122128,Texas,121,Denton,,2062-08-24 15:00:00,CST,2062-08-24 15:00:00,0,0,0,0,0K,0,,F1,Unknown,1.0,27,,,,,33.05,-97.0,,,,,TX,2062-08-24 15:00:00,2062-08-24 15:00:00,False,False
,10119262,Texas,345,Motley,,2062-05-20 15:30:00,CST,2062-05-20 15:30:00,0,0,0,0,0K,0,,F1,Unknown,1.0,33,,,,,34.05,-100.8,,,,,TX,2062-05-20 15:30:00,2062-05-20 15:30:00,False,False
,10119271,Texas,253,Jones,,2062-05-25 18:50:00,CST,2062-05-25 18:50:00,1,0,1,0,25K,0,,F3,Unknown,4.1,67,,,,,32.83,-100.0,32.88,-99.97,,,TX,2062-05-25 18:50:00,2062-05-25 18:50:00,False,False
,10119272,Texas,253,Jones,,2062-05-25 19:00:00,CST,2062-05-25 19:00:00,0,0,0,0,0K,0,,F0,Unknown,0.0,33,,,,,32.85,-99.9,,,,,TX,2062-05-25 19:00:00,2062-05-25 19:00:00,False,False
,10119273,Texas,253,Jones,,2062-05-25 19:00:00,CST,2062-05-25 19:00:00,0,0,0,0,0K,0,,F1,Unknown,1.0,33,,,,,32.82,-99.73,,,,,TX,2062-05-25 19:00:00,2062-05-25 19:00:00,False,False
,10093815,Oklahoma,7,Beaver,,2062-05-27 17:30:00,CST,2062-05-27 17:30:00,0,0,0,0,0K,0,,F0,Unknown,0.0,33,,,,,36.82,-100.72,,,,,OK,2062-05-27 17:30:00,2062-05-27 17:30:00,False,False
,9991378,Colorado,87,Morgan,,2062-05-27 16:00:00,CST,2062-05-27 16:00:00,0,0,0,0,.03K,0,,F0,Unknown,0.0,33,,,,,40.02,-104.08,,,,,CO,2062-05-27 16:00:00,2062-05-27 16:00:00,False,False
,9991379,Colorado,1,Adams,,2062-05-27 16:00:00,CST,2062-05-27 16:00:00,0,0,0,0,.03K,0,,F0,Unknown,0.0,33,,,,,39.98,-104.07,,,,,CO,2062-05-27 16:00:00,2062-05-27 16:00:00,False,False
,9991381,Colorado,89,Otero,,2062-05-28 14:00:00,CST,2062-05-28 14:00:00,0,0,0,0,.25K,0,,F1,Unknown,0.0,33,,,,,37.98,-103.62,,,,,CO,2062-05-28 14:00:00,2062-05-28 14:00:00,False,False
,10093819,Oklahoma,3,Alfalfa,,2062-05-28 15:45:00,CST,2062-05-28 15:45:00,0,0,0,0,0K,0,,F2,Unknown,0.0,33,,,,,36.8,-98.42,,,,,OK,2062-05-28 15:45:00,2062-05-28 15:45:00,False,False
,10093821,Oklahoma,125,Pottawatomie,,2062-05-28 17:20:00,CST,2062-05-28 17:20:00,0,0,0,0,.03K,0,,F1,Unknown,0.0,33,,,,,35.4,-96.92,,,,,OK,2062-05-28 17:20:00,2062-05-28 17:20:00,False,False
,10093822,Oklahoma,125,Pottawatomie,,2062-05-28 21:40:00,CST,2062-05-28 21:40:00,0,0,0,0,0K,0,,,Unknown,0.0,33,,,,,34.97,-96.9,,,,,OK,2062-05-28 21:40:00,2062-05-28 21:40:00,False,False
,10093823,Oklahoma,127,Pushmataha,,2062-05-28 23:50:00,CST,2062-05-28 23:50:00,0,0,0,0,25K,0,,F2,Unknown,9.3,200,,,,,34.65,-95.1,34.77,-95.02,,,OK,2062-05-28 23:50:00,2062-05-28 23:50:00,False,False
,10093824,Oklahoma,69,Johnston,,2062-05-29 04:15:00,CST,2062-05-29 04:15:00,0,0,0,0,25K,0,,F2,Unknown,0.0,33,,,,,34.25,-96.55,,,,,OK,2062-05-29 04:15:00,2062-05-29 04:15:00,False,False
,10093826,Oklahoma,71,Kay,,2062-05-30 16:30:00,CST,2062-05-30 16:30:00,0,0,0,0,0K,0,,,Unknown,0.0,33,,,,,36.87,-97.08,,,,,OK,2062-05-30 16:30:00,2062-05-30 16:30:00,False,False
,10029101,Kansas,145,Pawnee,,2062-05-31 16:00:00,CST,2062-05-31 16:00:00,0,0,0,0,0K,0,,,Unknown,0.0,33,,,,,38.2,-99.52,,,,,KS,2062-05-31 16:00:00,2062-05-31 16:00:00,False,False
,10029105,Kansas,37,Crawford,,2062-06-02 19:56:00,CST,2062-06-02 19:56:00,0,0,0,0,2.5K,0,,F2,Unknown,0.0,33,,,,,37.45,-94.75,,,,,KS,2062-06-02 19:56:00,2062-06-02 19:56:00,False,False
,10029111,Kansas,109,Logan,,2062-06-07 22:00:00,CST,2062-06-07 22:00:00,0,0,0,0,25K,0,,F2,Unknown,1.9,400,,,,,39.0,-101.35,39.0,-101.3,,,KS,2062-06-07 22:00:00,2062-06-07 22:00:00,False,False
,10029113,Kansas,119,Meade,,2062-06-10 23:15:00,CST,2062-06-10 23:15:00,0,0,0,0,0K,0,,,Unknown,0.0,33,,,,,37.3,-100.35,,,,,KS,2062-06-10 23:15:00,2062-06-10 23:15:00,False,False
,10029114,Kansas,17,Chase,,2062-06-11 13:15:00,CST,2062-06-11 13:15:00,0,0,0,0,0K,0,,F0,Unknown,2.3,77,,,,,38.1,-96.48,38.07,-96.47,,,KS,2062-06-11 13:15:00,2062-06-11 13:15:00,False,False
,9991383,Colorado,41,El Paso,,2062-06-03 16:30:00,CST,2062-06-03 16:30:00,0,0,0,0,.25K,0,,F1,Unknown,0.0,33,,,,,38.97,-104.87,,,,,CO,2062-06-03 16:30:00,2062-06-03 16:30:00,False,False
,9991385,Colorado,89,Otero,,2062-06-04 20:00:00,CST,2062-06-04 20:00:00,0,0,0,0,2.5K,0,,F1,Unknown,0.0,33,,,,,38.02,-103.63,,,,,CO,2062-06-04 20:00:00,2062-06-04 20:00:00,False,False
,9991391,Colorado,71,Las Animas,,2062-06-12 14:28:00,CST,2062-06-12 14:28:00,0,0,0,0,0K,0,,F0,Unknown,0.0,33,,,,,37.1,-104.07,,,,,CO,2062-06-12 14:28:00,2062-06-12 14:28:00,False,False
,9991392,Colorado,71,Las Animas,,2062-06-12 16:44:00,CST,2062-06-12 16:44:00,0,0,0,0,0K,0,,F0,Unknown,0.0,33,,,,,37.05,-104.03,,,,,CO,2062-06-12 16:44:00,2062-06-12 16:44:00,False,False
,9991393,Colorado,99,Prowers,,2062-06-15 16:45:00,CST,2062-06-15 16:45:00,0,0,0,0,0K,0,,F0,Unknown,0.0,33,,,,,38.03,-102.15,,,,,CO,2062-06-15 16:45:00,2062-06-15 16:45:00,False,False
,10093840,Oklahoma,97,Mayes,,2062-06-01 19:50:00,CST,2062-06-01 19:50:00,0,0,0,0,0K,0,,,Unknown,0.0,33,,,,,36.28,-95.28,,,,,OK,2062-06-01 19:50:00,2062-06-01 19:50:00,False,False
,10120124,Texas,177,Gonzales,,2062-06-03 15:00:00,CST,2062-06-03 15:00:00,2,0,0,0,0K,0,,F1,Unknown,0.8,27,,,,,32.52,-97.43,,,,,TX,2062-06-03 15:00:00,2062-06-03 15:00:00,False,False
,10120125,Texas,357,Ochiltree,,2062-06-03 16:00:00,CST,2062-06-03 16:00:00,0,0,0,0,0K,0,,F1,Unknown,0.0,33,,,,,36.42,-100.82,,,,,TX,2062-06-03 16:00:00,2062-06-03 16:00:00,False,False
,10120128,Texas,71,Chambers,,2062-06-03 16:35:00,CST,2062-06-03 16:35:00,0,0,0,0,0K,0,,F0,Unknown,1.0,33,,,,,29.9,-94.37,,,,,TX,2062-06-03 16:35:00,2062-06-03 16:35:00,False,False
,10120129,Texas,101,Cottle,,2062-06-04 15:00:00,CST,2062-06-04 15:00:00,0,0,0,0,0K,0,,F0,Unknown,0.0,33,,,,,34.17,-100.2,,,,,TX,2062-06-04 15:00:00,2062-06-04 15:00:00,False,False
,10034826,Kentucky,225,Union,,2062-05-26 15:25:00,CST,2062-05-26 15:25:00,0,0,0,0,0K,0,,F0,Unknown,0.0,33,,,,,37.78,-87.9,,,,,KY,2062-05-26 15:25:00,2062-05-26 15:25:00,False,False
,10034829,Kentucky,75,Fulton,,2062-07-08 16:30:00,CST,2062-07-08 16:30:00,0,0,0,0,25K,0,,F1,Unknown,0.0,33,,,,,36.57,-89.18,,,,,KY,2062-07-08 16:30:00,2062-07-08 16:30:00,False,False
,10103757,Oregon,35,Klamath,,2062-05-19 14:00:00,CST,2062-05-19 14:00:00,0,0,0,0,2.5K,0,,F1,Unknown,0.5,20,,,,,42.13,-121.83,,,,,OR,2062-05-19 14:00:00,2062-05-19 14:00:00,False,False
,10121285,Texas,437,Swisher,,2062-06-07 15:00:00,CST,2062-06-07 15:00:00,0,0,0,0,0K,0,,F1,Unknown,2.0,33,,,,,34.55,-101.73,,,,,TX,2062-06-07 15:00:00,2062-06-07 15:00:00,False,False
,10121286,Texas,153,Floyd,,2062-06-07 16:30:00,CST,2062-06-07 16:30:00,0,0,0,0,0K,0,,,Unknown,0.0,33,,,,,34.3,-101.27,,,,,TX,2062-06-07 16:30:00,2062-06-07 16:30:00,False,False
,10121287,Texas,45,Briscoe,,2062-06-07 16:30:00,CST,2062-06-07 16:30:00,0,0,0,0,0K,0,,F0,Unknown,1.5,17,,,,,34.47,-101.28,,,,,TX,2062-06-07 16:30:00,2062-06-07 16:30:00,False,False
,10119008,Texas,469,Victoria,,2062-04-27 06:15:00,CST,2062-04-27 06:15:00,0,0,0,0,25K,0,,F1,Unknown,1.5,17,,,,,28.75,-97.0,,,,,TX,2062-04-27 06:15:00,2062-04-27 06:15:00,False,False
,10013250,Iowa,125,Marion,,2062-05-28 21:00:00,CST,2062-05-28 21:00:00,0,0,0,0,250K,0,,F2,Unknown,11.7,200,,,,,41.17,-93.2,41.3,-93.05,,,IA,2062-05-28 21:00:00,2062-05-28 21:00:00,False,False
,10013251,Iowa,127,Marshall,,2062-05-28 21:00:00,CST,2062-05-28 21:00:00,5,0,0,0,250K,0,,F2,Unknown,0.0,200,,,,,41.87,-92.78,,,,,IA,2062-05-28 21:00:00,2062-05-28 21:00:00,False,False
,10013253,Iowa,17,Bremer,,2062-05-29 18:10:00,CST,2062-05-29 18:10:00,0,0,0,0,25K,0,,,Unknown,0.0,33,,,,,42.85,-92.1,,,,,IA,2062-05-29 18:10:00,2062-05-29 18:10:00,False,False
,10034818,Kentucky,67,Fayette,,2062-03-21 09:00:00,CST,2062-03-21 09:00:00,0,0,0,0,25K,0,,F1,Unknown,0.2,33,,,,,38.0,-84.6,,,,,KY,2062-03-21 09:00:00,2062-03-21 09:00:00,False,False
,9994366,Georgia,77,Coweta,,2062-11-21 15:00:00,CST,2062-11-21 15:00:00,0,0,0,0,25K,0,,F1,Unknown,1.0,33,,,,,33.3,-84.53,,,,,GA,2062-11-21 15:00:00,2062-11-21 15:00:00,False,False
,10119004,Texas,485,Wichita,,2062-04-26 22:45:00,CST,2062-04-26 22:45:00,13,0,0,0,2.5M,0,,F3,Unknown,3.3,100,,,,,33.98,-98.5,34.0,-98.45,,,TX,2062-04-26 22:45:00,2062-04-26 22:45:00,False,False
,10119005,Texas,477,Washington,,2062-04-27 03:30:00,CST,2062-04-27 03:30:00,0,0,0,0,0K,0,,F1,Unknown,1.0,33,,,,,30.23,-96.3,,,,,TX,2062-04-27 03:30:00,2062-04-27 03:30:00,False,False
,9996595,Georgia,57,Cherokee,,2062-04-11 07:30:00,CST,2062-04-11 07:30:00,0,0,0,0,25K,0,,F2,Unknown,1.0,100,,,,,34.23,-84.5,,,,,GA,2062-04-11 07:30:00,2062-04-11 07:30:00,False,False
,9996607,Georgia,19,Berrien,,2062-06-08 14:52:00,CST,2062-06-08 14:52:00,0,0,0,0,250K,0,,F1,Unknown,2.0,30,,,,,31.2,-83.23,,,,,GA,2062-06-08 14:52:00,2062-06-08 14:52:00,False,False
,10122371,Texas,187,Guadalupe,,2062-10-28 11:45:00,CST,2062-10-28 11:45:00,0,0,0,0,25K,0,,F1,Unknown,3.0,100,,,,,29.73,-97.95,29.73,-97.9,,,TX,2062-10-28 11:45:00,2062-10-28 11:45:00,False,False
,10122373,Texas,187,Guadalupe,,2062-12-02 07:15:00,CST,2062-12-02 07:15:00,0,0,0,0,2.5K,0,,F1,Unknown,0.4,50,,,,,29.6,-97.95,,,,,TX,2062-12-02 07:15:00,2062-12-02 07:15:00,False,False
,10013243,Iowa,103,Johnson,,2062-05-22 20:00:00,CST,2062-05-22 20:00:00,0,0,1,0,250K,0,,F2,Unknown,4.1,800,,,,,41.65,-91.53,41.7,-91.47,,,IA,2062-05-22 20:00:00,2062-05-22 20:00:00,False,False
,10028029,Kansas,43,Doniphan,,2062-05-31 13:30:00,CST,2062-05-31 13:30:00,0,0,0,0,0K,0,,F1,Unknown,0.0,33,,,,,39.9,-94.97,39.92,-94.95,,,KS,2062-05-31 13:30:00,2062-05-31 13:30:00,False,False
,10028030,Kansas,13,Brown,,2062-05-31 13:45:00,CST,2062-05-31 13:45:00,0,0,0,0,0K,0,,F1,Unknown,0.0,33,,,,,39.8,-95.63,,,,,KS,2062-05-31 13:45:00,2062-05-31 13:45:00,False,False
,10028031,Kansas,13,Brown,,2062-05-31 13:45:00,CST,2062-05-31 13:45:00,0,0,0,0,0K,0,,F1,Unknown,0.0,33,,,,,39.68,-95.43,,,,,KS,2062-05-31 13:45:00,2062-05-31 13:45:00,False,False
,10028039,Kansas,153,Rawlins,,2062-07-28 17:30:00,CST,2062-07-28 17:30:00,0,0,0,0,2.5K,0,,F1,Unknown,0.0,33,,,,,39.82,-100.8,,,,,KS,2062-07-28 17:30:00,2062-07-28 17:30:00,False,False
,10122354,Texas,479,Webb,,2062-09-10 15:00:00,CST,2062-09-10 15:00:00,0,0,0,0,0K,0,,F0,Unknown,1.8,33,,,,,27.28,-99.48,,,,,TX,2062-09-10 15:00:00,2062-09-10 15:00:00,False,False
,10122355,Texas,229,Hudspeth,,2062-09-10 17:20:00,CST,2062-09-10 17:20:00,0,0,0,0,0K,0,,F0,Unknown,0.0,33,,,,,31.77,-105.05,,,,,TX,2062-09-10 17:20:00,2062-09-10 17:20:00,False,False
,10122359,Texas,409,San Patricio,,2062-09-17 13:20:00,CST,2062-09-17 13:20:00,0,0,0,0,0K,0,,F1,Unknown,0.8,27,,,,,27.93,-97.33,,,,,TX,2062-09-17 13:20:00,2062-09-17 13:20:00,False,False
,10122360,Texas,321,Matagorda,,2062-09-17 16:10:00,CST,2062-09-17 16:10:00,0,0,0,0,25K,0,,F1,Unknown,0.4,33,,,,,28.7,-96.22,,,,,TX,2062-09-17 16:10:00,2062-09-17 16:10:00,False,False
,10121477,Texas,203,Harrison,,2062-04-24 14:30:00,CST,2062-04-24 14:30:00,0,0,0,0,.25K,0,,F1,Unknown,1.0,50,,,,,32.38,-94.35,,,,,TX,2062-04-24 14:30:00,2062-04-24 14:30:00,False,False
,9996580,Georgia,99,Early,,2062-01-05 22:00:00,CST,2062-01-05 22:00:00,0,0,0,0,2.5K,0,,F1,Unknown,1.0,800,,,,,31.43,-85.0,,,,,GA,2062-01-05 22:00:00,2062-01-05 22:00:00,False,False
,9996581,Georgia,289,Twiggs,,2062-01-06 05:00:00,CST,2062-01-06 05:00:00,0,0,0,0,2.5K,0,,F1,Unknown,2.0,300,,,,,32.68,-83.4,,,,,GA,2062-01-06 05:00:00,2062-01-06 05:00:00,False,False
,9996582,Georgia,5,Bacon,,2062-01-06 06:20:00,CST,2062-01-06 06:20:00,0,0,0,0,25K,0,,F2,Unknown,5.4,300,,,,,31.6,-82.4,31.65,-82.33,,,GA,2062-01-06 06:20:00,2062-01-06 06:20:00,False,False
,9996583,Georgia,269,Taylor,,2062-02-22 00:01:00,CST,2062-02-22 00:01:00,0,0,0,0,25K,0,,F2,Unknown,0.8,33,,,,,32.6,-84.12,,,,,GA,2062-02-22 00:01:00,2062-02-22 00:01:00,False,False
,9996588,Georgia,21,Bibb,,2062-03-11 17:10:00,CST,2062-03-11 17:10:00,0,0,0,0,25K,0,,F0,Unknown,0.5,300,,,,,32.88,-83.75,,,,,GA,2062-03-11 17:10:00,2062-03-11 17:10:00,False,False
,9996589,Georgia,303,Washington,,2062-03-11 18:15:00,CST,2062-03-11 18:15:00,0,0,0,0,25K,0,,F1,Unknown,1.0,33,,,,,32.93,-82.8,,,,,GA,2062-03-11 18:15:00,2062-03-11 18:15:00,False,False
,9996590,Georgia,57,Cherokee,,2062-03-21 02:20:00,CST,2062-03-21 02:20:00,0,0,0,0,250K,0,,F3,Unknown,10.0,33,,,,,34.17,-84.42,,,,,GA,2062-03-21 02:20:00,2062-03-21 02:20:00,False,False
,9996591,Georgia,277,Tift,,2062-03-31 11:30:00,CST,2062-03-31 11:30:00,0,0,0,0,25K,0,,F1,Unknown,61.2,200,,,,,31.45,-83.5,31.53,-82.47,,,GA,2062-03-31 11:30:00,2062-03-31 11:30:00,False,False
,10120092,Texas,101,Cottle,,2062-05-31 20:10:00,CST,2062-05-31 20:10:00,0,0,0,0,0K,0,,F1,Unknown,2.0,33,,,,,34.12,-100.2,,,,,TX,2062-05-31 20:10:00,2062-05-31 20:10:00,False,False
,10120094,Texas,383,Reagan,,2062-05-31 21:10:00,CST,2062-05-31 21:10:00,0,0,0,0,0K,0,,F0,Unknown,0.0,33,,,,,31.18,-101.62,,,,,TX,2062-05-31 21:10:00,2062-05-31 21:10:00,False,False
,10120097,Texas,59,Callahan,,2062-05-31 22:00:00,CST,2062-05-31 22:00:00,2,0,0,0,0K,0,,F3,Unknown,2.0,33,,,,,32.3,-99.55,,,,,TX,2062-05-31 22:00:00,2062-05-31 22:00:00,False,False
,10120100,Texas,151,Fisher,,2062-05-31 22:30:00,CST,2062-05-31 22:30:00,0,0,0,0,0K,0,,F2,Unknown,1.0,20,,,,,32.67,-100.37,,,,,TX,2062-05-31 22:30:00,2062-05-31 22:30:00,False,False
,10120104,Texas,25,Bee,,2062-06-01 05:50:00,CST,2062-06-01 05:50:00,0,0,0,0,0K,0,,,Unknown,0.0,33,,,,,28.4,-97.73,,,,,TX,2062-06-01 05:50:00,2062-06-01 05:50:00,False,False
,10120105,Texas,25,Bee,,2062-06-01 05:50:00,CST,2062-06-01 05:50:00,0,0,0,0,250K,0,,F1,Unknown,2.0,100,,,,,28.4,-97.73,,,,,TX,2062-06-01 05:50:00,2062-06-01 05:50:00,False,False
,10120106,Texas,249,Jim Wells,,2062-06-01 07:30:00,CST,2062-06-01 07:30:00,0,0,0,0,25K,0,,F0,Unknown,1.0,33,,,,,27.65,-98.08,,,,,TX,2062-06-01 07:30:00,2062-06-01 07:30:00,False,False
,10120107,Texas,249,Jim Wells,,2062-06-01 07:30:00,CST,2062-06-01 07:30:00,0,0,0,0,25K,0,,F1,Unknown,0.8,17,,,,,27.65,-98.08,,,,,TX,2062-06-01 07:30:00,2062-06-01 07:30:00,False,False
,10120108,Texas,249,Jim Wells,,2062-06-01 07:30:00,CST,2062-06-01 07:30:00,0,0,0,0,25K,0,,F2,Unknown,1.0,50,,,,,27.65,-98.08,,,,,TX,2062-06-01 07:30:00,2062-06-01 07:30:00,False,False
,10120109,Texas,331,Milam,,2062-06-01 07:45:00,CST,2062-06-01 07:45:00,0,0,0,0,0K,0,,F2,Unknown,0.5,50,,,,,30.65,-97.02,,,,,TX,2062-06-01 07:45:00,2062-06-01 07:45:00,False,False
,10120111,Texas,167,Galveston,,2062-06-01 10:00:00,CST,2062-06-01 10:00:00,0,0,0,0,0K,0,,F0,Unknown,0.0,33,,,,,29.37,-94.97,,,,,TX,2062-06-01 10:00:00,2062-06-01 10:00:00,False,False
,10120113,Texas,489,Willacy,,2062-06-01 11:00:00,CST,2062-06-01 11:00:00,1,0,0,0,0K,0,,F2,Unknown,1.0,50,,,,,26.47,-97.78,,,,,TX,2062-06-01 11:00:00,2062-06-01 11:00:00,False,False
,10120117,Texas,59,Callahan,,2062-06-01 15:00:00,CST,2062-06-01 15:00:00,1,0,0,0,2.5M,0,,F2,Unknown,0.0,33,,,,,32.33,-99.37,,,,,TX,2062-06-01 15:00:00,2062-06-01 15:00:00,False,False
,10029162,Kansas,57,Ford,,2062-07-14 20:00:00,CST,2062-07-14 20:00:00,0,0,0,0,2.5K,0,,F2,Unknown,1.0,100,,,,,39.78,-99.92,,,,,KS,2062-07-14 20:00:00,2062-07-14 20:00:00,False,False
,10121437,Texas,287,Lee,,2062-02-15 01:30:00,CST,2062-02-15 01:30:00,0,0,0,0,25K,0,,F1,Unknown,2.0,33,,,,,30.22,-96.95,,,,,TX,2062-02-15 01:30:00,2062-02-15 01:30:00,False,False
,10121442,Texas,287,Lee,,2062-02-23 05:15:00,CST,2062-02-23 05:15:00,0,0,0,0,25K,0,,F2,Unknown,2.0,50,,,,,30.25,-96.78,,,,,TX,2062-02-23 05:15:00,2062-02-23 05:15:00,False,False
,10121443,Texas,203,Harrison,,2062-02-23 06:30:00,CST,2062-02-23 06:30:00,0,0,0,0,2.5K,0,,F1,Unknown,1.0,33,,,,,32.48,-94.07,,,,,TX,2062-02-23 06:30:00,2062-02-23 06:30:00,False,False
,10121444,Texas,5,Angelina,,2062-02-23 08:00:00,CST,2062-02-23 08:00:00,0,0,0,0,2.5K,0,,F1,Unknown,1.0,50,,,,,31.3,-94.6,,,,,TX,2062-02-23 08:00:00,2062-02-23 08:00:00,False,False
,10121445,Texas,37,Bowie,,2062-03-08 19:15:00,CST,2062-03-08 19:15:00,0,0,0,0,25K,0,,F1,Unknown,0.5,100,,,,,33.5,-94.6,,,,,TX,2062-03-08 19:15:00,2062-03-08 19:15:00,False,False
,10121446,Texas,143,Erath,,2062-03-20 09:30:00,CST,2062-03-20 09:30:00,0,0,0,0,25K,0,,F1,Unknown,0.5,67,,,,,32.1,-98.28,,,,,TX,2062-03-20 09:30:00,2062-03-20 09:30:00,False,False
,10121447,Texas,181,Grayson,,2062-03-24 13:30:00,CST,2062-03-24 13:30:00,0,0,0,0,2.5K,0,,F0,Unknown,0.0,33,,,,,33.42,-96.57,,,,,TX,2062-03-24 13:30:00,2062-03-24 13:30:00,False,False
,10121448,Texas,181,Grayson,,2062-03-24 13:30:00,CST,2062-03-24 13:30:00,0,0,0,0,2.5K,0,,F1,Unknown,2.0,33,,,,,33.42,-96.57,,,,,TX,2062-03-24 13:30:00,2062-03-24 13:30:00,False,False
,10121280,Texas,211,Hemphill,,2062-06-06 23:10:00,CST,2062-06-06 23:10:00,0,0,0,0,0K,0,,F0,Unknown,2.0,100,,,,,35.92,-100.43,,,,,TX,2062-06-06 23:10:00,2062-06-06 23:10:00,False,False
,10121284,Texas,263,Kent,,2062-06-07 15:00:00,CST,2062-06-07 15:00:00,0,0,0,0,0K,0,,F0,Unknown,0.0,33,,,,,33.55,-101.8,,,,,TX,2062-06-07 15:00:00,2062-06-07 15:00:00,False,False
,10121289,Texas,45,Briscoe,,2062-06-07 16:30:00,CST,2062-06-07 16:30:00,0,0,0,0,0K,0,,F2,Unknown,1.0,33,,,,,34.47,-101.32,,,,,TX,2062-06-07 16:30:00,2062-06-07 16:30:00,False,False
,10121290,Texas,151,Fisher,,2062-06-07 19:30:00,CST,2062-06-07 19:30:00,0,0,0,0,0K,0,,F1,Unknown,2.0,200,,,,,32.82,-100.38,,,,,TX,2062-06-07 19:30:00,2062-06-07 19:30:00,False,False
,10121288,Texas,45,Briscoe,,2062-06-07 16:30:00,CST,2062-06-07 16:30:00,0,0,0,0,0K,0,,F2,Unknown,1.5,33,,,,,34.47,-101.28,,,,,TX,2062-06-07 16:30:00,2062-06-07 16:30:00,False,False
,10007894,Illinois,143,Peoria,,2062-05-28 18:30:00,CST,2062-05-28 18:30:00,0,0,0,0,0K,0,,,Unknown,0.0,33,,,,,40.95,-89.62,,,,,IL,2062-05-28 18:30:00,2062-05-28 18:30:00,False,False
,10083415,Ohio,133,Portage,,2062-05-23 12:30:00,CST,2062-05-23 12:30:00,0,0,0,0,250K,0,,F1,Unknown,0.0,30,,,,,41.3,-81.4,,,,,OH,2062-05-23 12:30:00,2062-05-23 12:30:00,False,False
,10083426,Ohio,141,Ross,,2062-05-26 14:00:00,CST,2062-05-26 14:00:00,0,0,0,0,25K,0,,F2,Unknown,0.0,33,,,,,39.3,-82.9,,,,,OH,2062-05-26 14:00:00,2062-05-26 14:00:00,False,False
,10083434,Ohio,23,Clark,,2062-07-20 10:50:00,CST,2062-07-20 10:50:00,0,0,0,0,2.5K,0,,,Unknown,0.0,33,,,,,39.92,-84.02,,,,,OH,2062-07-20 10:50:00,2062-07-20 10:50:00,False,False
,10083445,Ohio,35,Cuyahoga,,2062-08-20 20:30:00,CST,2062-08-20 20:30:00,20,0,4,0,2.5M,0,,F2,Unknown,0.5,500,,,,,41.4,-81.8,,,,,OH,2062-08-20 20:30:00,2062-08-20 20:30:00,False,False
,10152001,Virginia,710,Norfolk (C),,2062-04-11 08:45:00,CST,2062-04-11 08:45:00,1,0,0,0,2.5K,0,,F0,Unknown,1.0,33,,,,,36.95,-76.3,,,,,VA,2062-04-11 08:45:00,2062-04-11 08:45:00,False,False
,10152007,Virginia,75,Goochland,,2062-05-08 16:30:00,CST,2062-05-08 16:30:00,2,0,1,0,.25K,0,,F2,Unknown,0.0,33,,,,,37.67,-77.8,,,,,VA,2062-05-08 16:30:00,2062-05-08 16:30:00,False,False
,10150567,Utah,3,Box Elder,,2062-07-09 15:30:00,CST,2062-07-09 15:30:00,0,0,0,0,0K,0,,,Unknown,0.0,33,,,,,41.5,-113.95,,,,,UT,2062-07-09 15:30:00,2062-07-09 15:30:00,False,False
,10151997,Virginia,83,Halifax,,2062-01-06 14:30:00,CST,2062-01-06 14:30:00,0,0,0,0,2.5K,0,,F2,Unknown,0.0,33,,,,,36.58,-78.73,,,,,VA,2062-01-06 14:30:00,2062-01-06 14:30:00,False,False
,10126109,Tennessee,23,Chester,,2062-02-23 15:00:00,CST,2062-02-23 15:00:00,0,0,0,0,250K,0,,F1,Unknown,14.0,300,,,,,35.38,-88.63,35.48,-88.42,,,TN,2062-02-23 15:00:00,2062-02-23 15:00:00,False,False
,10112478,South Dakota,53,Gregory,,2062-05-15 15:00:00,CST,2062-05-15 15:00:00,0,0,0,0,0K,0,,F3,Unknown,0.0,33,,,,,43.2,-99.4,,,,,SD,2062-05-15 15:00:00,2062-05-15 15:00:00,False,False
,10152022,Virginia,1,Accomack,,2062-05-31 10:45:00,CST,2062-05-31 10:45:00,0,0,0,0,.25K,0,,F0,Unknown,0.0,33,,,,,37.85,-75.5,,,,,VA,2062-05-31 10:45:00,2062-05-31 10:45:00,False,False
,10084774,North Dakota,45,La Moure,,2062-07-18 19:20:00,CST,2062-07-18 19:20:00,0,0,0,0,.25K,0,,F0,Unknown,0.0,33,,,,,46.4,-98.3,,,,,ND,2062-07-18 19:20:00,2062-07-18 19:20:00,False,False
,9986243,Delaware,3,New Castle,,2062-07-21 14:00:00,CST,2062-07-21 14:00:00,0,0,0,0,25K,0,,F1,Unknown,1.2,100,,,,,39.67,-75.57,,,,,DE,2062-07-21 14:00:00,2062-07-21 14:00:00,False,False
,10159504,Wyoming,41,Uinta,,2062-05-24 20:00:00,CST,2062-05-24 20:00:00,0,0,0,0,2.5K,0,,F0,Unknown,0.0,33,,,,,41.33,-110.3,,,,,WY,2062-05-24 20:00:00,2062-05-24 20:00:00,False,False
,10159505,Wyoming,25,Natrona,,2062-05-28 11:30:00,CST,2062-05-28 11:30:00,0,0,0,0,0K,0,,F0,Unknown,0.0,33,,,,,43.45,-106.33,,,,,WY,2062-05-28 11:30:00,2062-05-28 11:30:00,False,False
,10159506,Wyoming,5,Campbell,,2062-05-28 14:27:00,CST,2062-05-28 14:27:00,0,0,0,0,0K,0,,F0,Unknown,0.0,33,,,,,44.13,-105.72,,,,,WY,2062-05-28 14:27:00,2062-05-28 14:27:00,False,False
,10159507,Wyoming,25,Natrona,,2062-06-07 14:00:00,CST,2062-06-07 14:00:00,0,0,0,0,25K,0,,,Unknown,0.0,33,,,,,18.2,-67.2,,,,,WY,2062-06-07 14:00:00,2062-06-07 14:00:00,False,False
,10160585,Wyoming,25,Natrona,,2062-06-15 16:00:00,CST,2062-06-15 16:00:00,0,0,0,0,25K,0,,F1,Unknown,2.0,17,,,,,43.22,-106.87,,,,,WY,2062-06-15 16:00:00,2062-06-15 16:00:00,False,False
,10145752,Wisconsin,39,Fond Du Lac,,2062-06-17 18:00:00,CST,2062-06-17 18:00:00,0,0,0,0,25K,0,,F2,Unknown,1.0,33,,,,,43.83,-88.83,,,,,WI,2062-06-17 18:00:00,2062-06-17 18:00:00,False,False
,10032732,Louisiana,73,Ouachita,,2062-02-23 11:25:00,CST,2062-02-23 11:25:00,0,0,0,0,.25K,0,,F0,Unknown,0.5,33,,,,,32.5,-92.38,,,,,LA,2062-02-23 11:25:00,2062-02-23 11:25:00,False,False
,10152000,Virginia,710,Norfolk (C),,2062-04-08 09:50:00,CST,2062-04-08 09:50:00,0,0,1,0,250K,0,,F1,Unknown,11.5,33,,,,,36.6,-76.2,36.72,-76.05,,,VA,2062-04-08 09:50:00,2062-04-08 09:50:00,False,False
,10152863,Virginia,109,Louisa,,2062-08-09 14:00:00,CST,2062-08-09 14:00:00,0,0,0,0,250K,0,,F2,Unknown,22.2,33,,,,,38.08,-78.0,38.32,-77.72,,,VA,2062-08-09 14:00:00,2062-08-09 14:00:00,False,False
,10160358,Wyoming,25,Natrona,,2062-06-11 16:30:00,CST,2062-06-11 16:30:00,4,0,0,0,25K,0,,F2,Unknown,52.0,100,,,,,43.23,-106.35,43.67,-105.5,,,WY,2062-06-11 16:30:00,2062-06-11 16:30:00,False,False
,10160359,Wyoming,45,Weston,,2062-06-11 17:00:00,CST,2062-06-11 17:00:00,0,0,0,0,2.5K,0,,,Unknown,0.1,17,,,,,44.05,-104.95,,,,,WY,2062-06-11 17:00:00,2062-06-11 17:00:00,False,False
,10160360,Wyoming,5,Campbell,,2062-06-11 17:00:00,CST,2062-06-11 17:00:00,0,0,0,0,.25K,0,,F1,Unknown,0.1,3,,,,,43.72,-105.5,,,,,WY,2062-06-11 17:00:00,2062-06-11 17:00:00,False,False
,10160361,Wyoming,25,Natrona,,2062-06-12 16:00:00,CST,2062-06-12 16:00:00,0,0,0,0,.03K,0,,F1,Unknown,1.0,17,,,,,42.62,-107.02,,,,,WY,2062-06-12 16:00:00,2062-06-12 16:00:00,False,False
,10160362,Wyoming,3,Big Horn,,2062-06-12 16:00:00,CST,2062-06-12 16:00:00,0,0,0,0,2.5K,0,,F2,Unknown,0.5,33,,,,,44.48,-108.4,,,,,WY,2062-06-12 16:00:00,2062-06-12 16:00:00,False,False
,10160366,Wyoming,15,Goshen,,2062-06-12 18:00:00,CST,2062-06-12 18:00:00,0,0,0,0,2.5K,0,,F0,Unknown,0.0,33,,,,,42.08,-104.25,,,,,WY,2062-06-12 18:00:00,2062-06-12 18:00:00,False,False
,10160369,Wyoming,27,Niobrara,,2062-06-14 17:45:00,CST,2062-06-14 17:45:00,0,0,0,0,0K,0,,F0,Unknown,0.1,3,,,,,42.75,-104.8,,,,,WY,2062-06-14 17:45:00,2062-06-14 17:45:00,False,False
,10160370,Wyoming,31,Platte,,2062-06-14 19:00:00,CST,2062-06-14 19:00:00,0,0,0,0,25K,0,,F1,Unknown,0.5,17,,,,,42.05,-104.73,,,,,WY,2062-06-14 19:00:00,2062-06-14 19:00:00,False,False
,10160591,Wyoming,13,Fremont,,2062-06-16 16:50:00,CST,2062-06-16 16:50:00,0,0,0,0,2.5K,0,,F3,Unknown,0.5,67,,,,,42.92,-108.73,,,,,WY,2062-06-16 16:50:00,2062-06-16 16:50:00,False,False
,10151843,Vermont,11,Franklin,,2062-05-20 11:00:00,CST,2062-05-20 11:00:00,0,0,0,0,25K,0,,F2,Unknown,1.8,100,,,,,44.8,-72.8,,,,,VT,2062-05-20 11:00:00,2062-05-20 11:00:00,False,False
,10151844,Vermont,19,Orleans,,2062-05-20 11:30:00,CST,2062-05-20 11:30:00,0,0,0,0,25K,0,,F1,Unknown,1.8,100,,,,,44.9,-72.4,,,,,VT,2062-05-20 11:30:00,2062-05-20 11:30:00,False,False
,10151845,Vermont,19,Orleans,,2062-05-20 11:45:00,CST,2062-05-20 11:45:00,1,0,0,0,25K,0,,F1,Unknown,9.4,100,,,,,44.75,-72.37,44.87,-72.25,,,VT,2062-05-20 11:45:00,2062-05-20 11:45:00,False,False
,10151848,Vermont,27,Windsor,,2062-07-09 08:00:00,CST,2062-07-09 08:00:00,0,0,0,0,25K,0,,F2,Unknown,7.6,33,,,,,43.3,-72.6,43.37,-72.47,,,VT,2062-07-09 08:00:00,2062-07-09 08:00:00,False,False
,10151849,Vermont,27,Windsor,,2062-07-09 08:30:00,CST,2062-07-09 08:30:00,0,0,0,0,2.5K,0,,F2,Unknown,4.7,33,,,,,43.27,-72.5,43.3,-72.4,,,VT,2062-07-09 08:30:00,2062-07-09 08:30:00,False,False
,9991394,Colorado,99,Prowers,,2062-06-15 16:45:00,CST,2062-06-15 16:45:00,0,0,0,0,2.5K,0,,F1,Unknown,3.3,33,,,,,38.08,-102.22,38.12,-102.17,,,CO,2062-06-15 16:45:00,2062-06-15 16:45:00,False,False
,9991397,Colorado,125,Yuma,,2062-06-20 21:00:00,CST,2062-06-20 21:00:00,0,0,0,0,.25K,0,,F1,Unknown,1.9,33,,,,,40.23,-102.72,40.25,-102.67,,,CO,2062-06-20 21:00:00,2062-06-20 21:00:00,False,False
,9991398,Colorado,63,Kit Carson,,2062-06-22 14:30:00,CST,2062-06-22 14:30:00,0,0,0,0,.25K,0,,F1,Unknown,0.0,33,,,,,39.2,-102.4,,,,,CO,2062-06-22 14:30:00,2062-06-22 14:30:00,False,False
,9991399,Colorado,9,Baca,,2062-06-22 15:45:00,CST,2062-06-22 15:45:00,0,0,0,0,.25K,0,,F1,Unknown,12.0,33,,,,,37.5,-102.87,37.53,-102.65,,,CO,2062-06-22 15:45:00,2062-06-22 15:45:00,False,False
,9991401,Colorado,99,Prowers,,2062-06-22 17:10:00,CST,2062-06-22 17:10:00,0,0,0,0,0K,0,,F0,Unknown,0.0,33,,,,,38.1,-102.25,,,,,CO,2062-06-22 17:10:00,2062-06-22 17:10:00,False,False
,9991402,Colorado,11,Bent,,2062-06-29 16:40:00,CST,2062-06-29 16:40:00,0,0,0,0,0K,0,,F0,Unknown,0.0,33,,,,,37.83,-103.2,,,,,CO,2062-06-29 16:40:00,2062-06-29 16:40:00,False,False
,9991403,Colorado,11,Bent,,2062-06-29 16:43:00,CST,2062-06-29 16:43:00,0,0,0,0,2.5K,0,,F2,Unknown,0.0,33,,,,,37.82,-103.23,,,,,CO,2062-06-29 16:43:00,2062-06-29 16:43:00,False,False
,10160594,Wyoming,3,Big Horn,,2062-07-09 16:00:00,CST,2062-07-09 16:00:00,0,0,0,0,2.5K,0,,F2,Unknown,0.5,17,,,,,44.37,-108.23,,,,,WY,2062-07-09 16:00:00,2062-07-09 16:00:00,False,False
,10160596,Wyoming,27,Niobrara,,2062-07-17 22:00:00,CST,2062-07-17 22:00:00,0,0,0,0,25K,0,,F1,Unknown,0.5,3,,,,,42.73,-104.82,,,,,WY,2062-07-17 22:00:00,2062-07-17 22:00:00,False,False
,10160598,Wyoming,25,Natrona,,2062-07-27 15:05:00,CST,2062-07-27 15:05:00,0,0,0,0,0K,0,,F1,Unknown,0.5,7,,,,,42.85,-106.33,,,,,WY,2062-07-27 15:05:00,2062-07-27 15:05:00,False,False
,10093842,Oklahoma,45,Ellis,,2062-06-05 16:55:00,CST,2062-06-05 16:55:00,0,0,0,0,0K,0,,F0,Unknown,0.0,33,,,,,36.38,-99.9,,,,,OK,2062-06-05 16:55:00,2062-06-05 16:55:00,False,False
,10160371,Wyoming,21,Laramie,,2062-06-14 20:00:00,CST,2062-06-14 20:00:00,0,0,0,0,2.5K,0,,F1,Unknown,9.2,50,,,,,41.18,-104.17,41.3,-104.07,,,WY,2062-06-14 20:00:00,2062-06-14 20:00:00,False,False
,10093843,Oklahoma,45,Ellis,,2062-06-05 17:00:00,CST,2062-06-05 17:00:00,0,0,0,0,0K,0,,F0,Unknown,0.0,33,,,,,36.2,-99.8,,,,,OK,2062-06-05 17:00:00,2062-06-05 17:00:00,False,False
,10093845,Oklahoma,45,Ellis,,2062-06-05 17:05:00,CST,2062-06-05 17:05:00,0,0,0,0,0K,0,,F0,Unknown,0.0,33,,,,,36.35,-99.88,,,,,OK,2062-06-05 17:05:00,2062-06-05 17:05:00,False,False
,10093846,Oklahoma,153,Woodward,,2062-06-05 17:08:00,CST,2062-06-05 17:08:00,0,0,0,0,0K,0,,F0,Unknown,0.0,33,,,,,36.43,-99.57,,,,,OK,2062-06-05 17:08:00,2062-06-05 17:08:00,False,False
,10093847,Oklahoma,45,Ellis,,2062-06-05 17:20:00,CST,2062-06-05 17:20:00,0,0,0,0,0K,0,,F0,Unknown,0.0,33,,,,,36.15,-99.97,,,,,OK,2062-06-05 17:20:00,2062-06-05 17:20:00,False,False
,10093848,Oklahoma,45,Ellis,,2062-06-05 17:20:00,CST,2062-06-05 17:20:00,0,0,0,0,0K,0,,F0,Unknown,0.0,33,,,,,36.5,-99.97,,,,,OK,2062-06-05 17:20:00,2062-06-05 17:20:00,False,False
,10093849,Oklahoma,45,Ellis,,2062-06-05 17:20:00,CST,2062-06-05 17:20:00,0,0,0,0,0K,0,,F0,Unknown,0.0,33,,,,,36.33,-99.8,,,,,OK,2062-06-05 17:20:00,2062-06-05 17:20:00,False,False
,10013265,Iowa,59,Dickinson,,2062-07-07 19:15:00,CST,2062-07-07 19:15:00,0,0,0,0,0K,0,,F1,Unknown,0.0,33,,,,,43.4,-95.1,,,,,IA,2062-07-07 19:15:00,2062-07-07 19:15:00,False,False
,10113365,South Dakota,99,Minnehaha,,2062-07-04 02:30:00,CST,2062-07-04 02:30:00,0,0,0,0,2.5K,0,,F1,Unknown,0.0,33,,,,,43.72,-96.93,,,,,SD,2062-07-04 02:30:00,2062-07-04 02:30:00,False,False
,10078407,New Mexico,25,Lea,,2062-07-27 17:57:00,CST,2062-07-27 17:57:00,0,0,0,0,0K,0,,F0,Unknown,0.0,33,,,,,32.7,-103.13,,,,,NM,2062-07-27 17:57:00,2062-07-27 17:57:00,False,False
,10146620,Wisconsin,53,Jackson,,2062-10-10 08:30:00,CST,2062-10-10 08:30:00,0,0,0,0,25K,0,,F1,Unknown,3.3,400,,,,,44.33,-90.33,44.33,-90.25,,,WI,2062-10-10 08:30:00,2062-10-10 08:30:00,False,False
,10145766,Wisconsin,79,Milwaukee,,2062-07-22 12:48:00,CST,2062-07-22 12:48:00,0,0,0,0,25K,0,,F2,Unknown,0.1,33,,,,,43.0,-87.97,,,,,WI,2062-07-22 12:48:00,2062-07-22 12:48:00,False,False
,10125582,Texas,329,Midland,,2062-08-01 17:15:00,CST,2062-08-01 17:15:00,0,0,0,0,0K,0,,F1,Unknown,3.3,10,,,,,32.02,-102.12,31.98,-102.15,,,TX,2062-08-01 17:15:00,2062-08-01 17:15:00,False,False
,10125583,Texas,275,Knox,,2062-08-02 11:30:00,CST,2062-08-02 11:30:00,0,0,0,0,0K,0,,F0,Unknown,1.0,20,,,,,33.55,-99.72,,,,,TX,2062-08-02 11:30:00,2062-08-02 11:30:00,False,False
,10125585,Texas,275,Knox,,2062-08-02 21:14:00,CST,2062-08-02 21:14:00,0,0,0,0,0K,0,,F0,Unknown,0.0,33,,,,,33.47,-99.75,,,,,TX,2062-08-02 21:14:00,2062-08-02 21:14:00,False,False
,10125587,Texas,245,Jefferson,,2062-08-10 10:15:00,CST,2062-08-10 10:15:00,0,0,0,0,0K,0,,F0,Unknown,0.8,17,,,,,30.1,-94.1,,,,,TX,2062-08-10 10:15:00,2062-08-10 10:15:00,False,False
,10013014,Iowa,165,Shelby,,2062-05-18 14:30:00,CST,2062-05-18 14:30:00,0,0,0,0,250K,0,,F1,Unknown,3.0,50,,,,,41.6,-95.47,41.63,-95.53,,,IA,2062-05-18 14:30:00,2062-05-18 14:30:00,False,False
,10032731,Louisiana,49,Jackson,,2062-02-23 10:15:00,CST,2062-02-23 10:15:00,1,0,0,0,.25K,0,,F1,Unknown,2.0,50,,,,,32.25,-92.7,,,,,LA,2062-02-23 10:15:00,2062-02-23 10:15:00,False,False
,10032734,Louisiana,71,Orleans,,2062-03-31 07:00:00,CST,2062-03-31 07:00:00,0,0,0,0,2.5K,0,,F1,Unknown,1.0,30,,,,,30.1,-89.75,,,,,LA,2062-03-31 07:00:00,2062-03-31 07:00:00,False,False
,10002736,Indiana,109,Morgan,,2062-05-26 09:30:00,CST,2062-05-26 09:30:00,0,0,0,0,25K,0,,F2,Unknown,0.0,33,,,,,39.53,-86.27,,,,,IN,2062-05-26 09:30:00,2062-05-26 09:30:00,False,False
,10002738,Indiana,163,Vanderburgh,,2062-05-26 16:07:00,CST,2062-05-26 16:07:00,0,0,0,0,0K,0,,,Unknown,0.0,33,,,,,37.83,-87.67,,,,,IN,2062-05-26 16:07:00,2062-05-26 16:07:00,False,False
,9991419,Colorado,41,El Paso,,2062-07-18 16:30:00,CST,2062-07-18 16:30:00,0,0,0,0,0K,0,,F0,Unknown,0.0,33,,,,,38.98,-104.38,,,,,CO,2062-07-18 16:30:00,2062-07-18 16:30:00,False,False
,9991420,Colorado,73,Lincoln,,2062-07-20 16:00:00,CST,2062-07-20 16:00:00,0,0,0,0,0K,0,,F0,Unknown,0.0,33,,,,,39.03,-103.27,,,,,CO,2062-07-20 16:00:00,2062-07-20 16:00:00,False,False
,9991422,Colorado,121,Washington,,2062-07-28 18:20:00,CST,2062-07-28 18:20:00,0,0,0,0,0K,0,,F0,Unknown,0.0,33,,,,,40.12,-103.22,,,,,CO,2062-07-28 18:20:00,2062-07-28 18:20:00,False,False
,9991423,Colorado,39,Elbert,,2062-07-29 12:48:00,CST,2062-07-29 12:48:00,0,0,0,0,0K,0,,F0,Unknown,0.0,33,,,,,39.27,-103.87,,,,,CO,2062-07-29 12:48:00,2062-07-29 12:48:00,False,False
,10125566,Texas,441,Taylor,,2062-07-14 19:00:00,CST,2062-07-14 19:00:00,0,0,0,0,0K,0,,F0,Unknown,0.8,27,,,,,32.42,-99.87,,,,,TX,2062-07-14 19:00:00,2062-07-14 19:00:00,False,False
,9996613,Georgia,51,Chatham,,2062-07-12 15:15:00,CST,2062-07-12 15:15:00,0,0,0,0,25K,0,,F1,Unknown,2.0,30,,,,,32.0,-81.28,,,,,GA,2062-07-12 15:15:00,2062-07-12 15:15:00,False,False
,9992564,Colorado,9,Baca,,2062-05-17 15:30:00,CST,2062-05-17 15:30:00,0,0,0,0,.25K,0,,F1,Unknown,23.0,33,,,,,37.0,-102.2,37.33,-102.2,,,CO,2062-05-17 15:30:00,2062-05-17 15:30:00,False,False
,9992566,Colorado,115,Sedgwick,,2062-05-18 14:00:00,CST,2062-05-18 14:00:00,0,0,0,0,.25K,0,,F1,Unknown,0.0,33,,,,,40.93,-102.38,,,,,CO,2062-05-18 14:00:00,2062-05-18 14:00:00,False,False
,9992567,Colorado,115,Sedgwick,,2062-05-21 15:00:00,CST,2062-05-21 15:00:00,0,0,0,0,.03K,0,,F0,Unknown,0.0,33,,,,,40.98,-102.35,,,,,CO,2062-05-21 15:00:00,2062-05-21 15:00:00,False,False
,10032727,Louisiana,61,Lincoln,,2062-02-15 13:50:00,CST,2062-02-15 13:50:00,0,0,0,0,2.5K,0,,F0,Unknown,0.5,33,,,,,32.5,-92.7,,,,,LA,2062-02-15 13:50:00,2062-02-15 13:50:00,False,False
,10032728,Louisiana,61,Lincoln,,2062-02-15 16:00:00,CST,2062-02-15 16:00:00,0,0,0,0,.03K,0,,F0,Unknown,0.2,33,,,,,32.5,-92.77,,,,,LA,2062-02-15 16:00:00,2062-02-15 16:00:00,False,False
,10146611,Wisconsin,69,Lincoln,,2062-07-24 17:00:00,CST,2062-07-24 17:00:00,0,0,0,0,25K,0,,F2,Unknown,1.0,50,,,,,45.2,-89.92,,,,,WI,2062-07-24 17:00:00,2062-07-24 17:00:00,False,False
,10146613,Wisconsin,5,Barron,,2062-08-15 15:15:00,CST,2062-08-15 15:15:00,0,0,0,0,25K,0,,F1,Unknown,50.9,400,,,,,45.5,-92.0,45.08,-91.13,,,WI,2062-08-15 15:15:00,2062-08-15 15:15:00,False,False
,10146619,Wisconsin,79,Milwaukee,,2062-10-04 15:20:00,CST,2062-10-04 15:20:00,0,0,0,0,25K,0,,F1,Unknown,0.5,33,,,,,42.95,-88.05,,,,,WI,2062-10-04 15:20:00,2062-10-04 15:20:00,False,False
,10032744,Louisiana,15,Bossier,,2062-04-27 11:01:00,CST,2062-04-27 11:01:00,0,0,0,0,25K,0,,F2,Unknown,0.3,100,,,,,32.33,-93.6,,,,,LA,2062-04-27 11:01:00,2062-04-27 11:01:00,False,False
,10032746,Louisiana,19,Calcasieu,,2062-04-27 19:00:00,CST,2062-04-27 19:00:00,0,0,0,0,25K,0,,F1,Unknown,1.0,100,,,,,30.17,-93.35,,,,,LA,2062-04-27 19:00:00,2062-04-27 19:00:00,False,False
,10032748,Louisiana,105,Tangipahoa,,2062-04-27 22:00:00,CST,2062-04-27 22:00:00,0,0,0,0,25K,0,,F1,Unknown,4.1,33,,,,,30.83,-90.45,30.87,-90.4,,,LA,2062-04-27 22:00:00,2062-04-27 22:00:00,False,False
,10032749,Louisiana,17,Caddo,,2062-04-30 18:58:00,CST,2062-04-30 18:58:00,0,0,0,0,.25K,0,,F1,Unknown,1.0,33,,,,,32.45,-93.92,,,,,LA,2062-04-30 18:58:00,2062-04-30 18:58:00,False,False
,10032750,Louisiana,67,Morehouse,,2062-04-30 21:15:00,CST,2062-04-30 21:15:00,1,0,0,0,250K,0,,F1,Unknown,3.6,133,,,,,32.92,-91.55,32.88,-91.5,,,LA,2062-04-30 21:15:00,2062-04-30 21:15:00,False,False
,10032751,Louisiana,123,West Carroll,,2062-04-30 21:25:00,CST,2062-04-30 21:25:00,0,0,0,0,250K,0,,F1,Unknown,17.3,133,,,,,32.88,-91.5,32.67,-91.35,,,LA,2062-04-30 21:25:00,2062-04-30 21:25:00,False,False
,10032757,Louisiana,23,Cameron,,2062-08-28 22:10:00,CST,2062-08-28 22:10:00,30,0,2,0,250K,0,,F1,Unknown,0.5,50,,,,,29.8,-93.33,,,,,LA,2062-08-28 22:10:00,2062-08-28 22:10:00,False,False
,10032758,Louisiana,33,East Baton Rouge,,2062-08-30 15:30:00,CST,2062-08-30 15:30:00,0,0,0,0,2.5K,0,,F0,Unknown,1.0,117,,,,,30.7,-91.0,,,,,LA,2062-08-30 15:30:00,2062-08-30 15:30:00,False,False
,10009579,Idaho,69,Nez Perce,,2062-05-08 16:00:00,CST,2062-05-08 16:00:00,0,0,0,0,25K,0,,F2,Unknown,9.1,33,,,,,46.4,-116.8,46.4,-116.6,,,ID,2062-05-08 16:00:00,2062-05-08 16:00:00,False,False
,10009586,Idaho,29,Caribou,,2062-07-30 15:34:00,CST,2062-07-30 15:34:00,0,0,0,0,0K,0,,,Unknown,0.0,33,,,,,42.9,-112.0,,,,,ID,2062-07-30 15:34:00,2062-07-30 15:34:00,False,False
,10027965,Kansas,155,Reno,,2062-05-24 17:00:00,CST,2062-05-24 17:00:00,2,0,0,0,.25K,0,,F1,Unknown,0.0,33,,,,,37.98,-98.07,,,,,KS,2062-05-24 17:00:00,2062-05-24 17:00:00,False,False
,9988354,Florida,113,Santa Rosa,,2062-07-04 12:10:00,CST,2062-07-04 12:10:00,0,0,0,0,25K,0,,F2,Unknown,5.6,27,,,,,30.62,-87.05,30.65,-86.97,,,FL,2062-07-04 12:10:00,2062-07-04 12:10:00,False,False
,9988357,Florida,111,St. Lucie,,2062-07-20 14:30:00,CST,2062-07-20 14:30:00,0,0,0,0,25K,0,,F1,Unknown,0.0,33,,,,,27.45,-80.33,,,,,FL,2062-07-20 14:30:00,2062-07-20 14:30:00,False,False
,9988363,Florida,11,Broward,,2062-08-18 14:10:00,CST,2062-08-18 14:10:00,0,0,0,0,0K,0,,F0,Unknown,0.0,33,,,,,26.15,-80.43,,,,,FL,2062-08-18 14:10:00,2062-08-18 14:10:00,False,False
,9988364,Florida,109,St. Johns,,2062-08-23 08:45:00,CST,2062-08-23 08:45:00,0,0,0,0,.03K,0,,F0,Unknown,0.0,33,,,,,29.9,-81.3,,,,,FL,2062-08-23 08:45:00,2062-08-23 08:45:00,False,False
,9988365,Florida,86,Miami-Dade,,2062-09-05 11:45:00,CST,2062-09-05 11:45:00,0,0,0,0,0K,0,,F0,Unknown,0.0,33,,,,,25.92,-80.4,,,,,FL,2062-09-05 11:45:00,2062-09-05 11:45:00,False,False
,9988366,Florida,99,Palm Beach,,2062-09-08 15:00:00,CST,2062-09-08 15:00:00,0,0,0,0,0K,0,,,Unknown,0.0,33,,,,,26.78,-80.07,,,,,FL,2062-09-08 15:00:00,2062-09-08 15:00:00,False,False
,9988368,Florida,86,Miami-Dade,,2062-11-09 03:00:00,CST,2062-11-09 03:00:00,1,0,0,0,2.5K,0,,F1,Unknown,1.0,33,,,,,25.8,-80.25,,,,,FL,2062-11-09 03:00:00,2062-11-09 03:00:00,False,False
,9988369,Florida,83,Marion,,2062-11-21 20:45:00,CST,2062-11-21 20:45:00,0,0,0,0,250K,0,,F2,Unknown,3.6,70,,,,,29.17,-81.87,29.18,-81.82,,,FL,2062-11-21 20:45:00,2062-11-21 20:45:00,False,False
,10028883,Kansas,145,Pawnee,,2062-05-31 16:00:00,CST,2062-05-31 16:00:00,0,0,0,0,0K,0,,,Unknown,0.0,33,,,,,38.2,-99.52,,,,,KS,2062-05-31 16:00:00,2062-05-31 16:00:00,False,False
,10029153,Kansas,45,Douglas,,2062-07-11 22:20:00,CST,2062-07-11 22:20:00,0,0,0,0,2.5K,0,,F2,Unknown,0.0,33,,,,,39.03,-95.38,,,,,KS,2062-07-11 22:20:00,2062-07-11 22:20:00,False,False
,10027966,Kansas,155,Reno,,2062-05-24 17:00:00,CST,2062-05-24 17:00:00,2,0,0,0,.25K,0,,F3,Unknown,0.0,33,,,,,38.05,-98.18,,,,,KS,2062-05-24 17:00:00,2062-05-24 17:00:00,False,False
,10027981,Kansas,111,Lyon,,2062-05-24 18:15:00,CST,2062-05-24 18:15:00,0,0,0,0,2.5K,0,,F0,Unknown,0.0,33,,,,,38.58,-96.03,,,,,KS,2062-05-24 18:15:00,2062-05-24 18:15:00,False,False
,10027982,Kansas,155,Reno,,2062-05-24 18:15:00,CST,2062-05-24 18:15:00,0,0,0,0,250K,0,,F3,Unknown,10.4,33,,,,,38.0,-97.52,38.05,-97.33,,,KS,2062-05-24 18:15:00,2062-05-24 18:15:00,False,False
,10027985,Kansas,79,Harvey,,2062-05-24 18:30:00,CST,2062-05-24 18:30:00,0,0,0,0,250K,0,,F3,Unknown,8.4,33,,,,,38.03,-97.67,38.0,-97.52,,,KS,2062-05-24 18:30:00,2062-05-24 18:30:00,False,False
,10027995,Kansas,89,Jewell,,2062-05-25 19:00:00,CST,2062-05-25 19:00:00,0,0,0,0,2.5K,0,,F0,Unknown,0.0,33,,,,,39.83,-98.15,,,,,KS,2062-05-25 19:00:00,2062-05-25 19:00:00,False,False
,10029665,Louisiana,97,St. Landry,,2062-09-05 15:25:00,CST,2062-09-05 15:25:00,0,0,0,0,0K,0,,F1,Unknown,0.5,33,,,,,30.67,-92.15,,,,,LA,2062-09-05 15:25:00,2062-09-05 15:25:00,False,False
,10029666,Louisiana,97,St. Landry,,2062-09-05 15:40:00,CST,2062-09-05 15:40:00,0,0,0,0,0K,0,,F1,Unknown,0.5,33,,,,,30.5,-92.23,,,,,LA,2062-09-05 15:40:00,2062-09-05 15:40:00,False,False
,10027998,Kansas,111,Lyon,,2062-05-26 19:15:00,CST,2062-05-26 19:15:00,0,0,0,0,2.5K,0,,F1,Unknown,0.0,33,,,,,38.47,-96.17,,,,,KS,2062-05-26 19:15:00,2062-05-26 19:15:00,False,False
,10027999,Kansas,111,Lyon,,2062-05-26 19:25:00,CST,2062-05-26 19:25:00,0,0,0,0,2.5K,0,,F2,Unknown,2.0,200,,,,,38.57,-96.18,,,,,KS,2062-05-26 19:25:00,2062-05-26 19:25:00,False,False
,10028000,Kansas,177,Shawnee,,2062-05-26 19:48:00,CST,2062-05-26 19:48:00,4,0,0,0,250K,0,,F3,Unknown,2.0,33,,,,,38.97,-95.7,,,,,KS,2062-05-26 19:48:00,2062-05-26 19:48:00,False,False
,10028005,Kansas,103,Leavenworth,,2062-05-27 15:45:00,CST,2062-05-27 15:45:00,0,0,0,0,2.5K,0,,F2,Unknown,0.0,33,,,,,39.23,-95.0,,,,,KS,2062-05-27 15:45:00,2062-05-27 15:45:00,False,False
,10028007,Kansas,193,Thomas,,2062-05-27 18:10:00,CST,2062-05-27 18:10:00,0,0,0,0,.03K,0,,,Unknown,0.0,33,,,,,39.15,-101.37,,,,,KS,2062-05-27 18:10:00,2062-05-27 18:10:00,False,False
,10028011,Kansas,27,Clay,,2062-05-27 20:30:00,CST,2062-05-27 20:30:00,0,0,0,0,2.5K,0,,F1,Unknown,4.5,50,,,,,39.5,-97.3,39.55,-97.23,,,KS,2062-05-27 20:30:00,2062-05-27 20:30:00,False,False
,10028013,Kansas,157,Republic,,2062-05-27 20:59:00,CST,2062-05-27 20:59:00,0,0,0,0,2.5K,0,,,Unknown,0.0,33,,,,,39.82,-97.47,,,,,KS,2062-05-27 20:59:00,2062-05-27 20:59:00,False,False
,10028016,Kansas,153,Rawlins,,2062-05-28 15:30:00,CST,2062-05-28 15:30:00,0,0,0,0,2.5K,0,,,Unknown,1.0,33,,,,,39.92,-100.92,,,,,KS,2062-05-28 15:30:00,2062-05-28 15:30:00,False,False
,10028017,Kansas,23,Cheyenne,,2062-05-28 15:30:00,CST,2062-05-28 15:30:00,0,0,0,0,2.5K,0,,,Unknown,0.5,33,,,,,39.95,-101.53,,,,,KS,2062-05-28 15:30:00,2062-05-28 15:30:00,False,False
,10028018,Kansas,111,Lyon,,2062-05-28 16:00:00,CST,2062-05-28 16:00:00,0,0,0,0,250K,0,,F2,Unknown,3.6,300,,,,,38.33,-96.12,38.38,-96.08,,,KS,2062-05-28 16:00:00,2062-05-28 16:00:00,False,False
,10028021,Kansas,23,Cheyenne,,2062-05-28 16:30:00,CST,2062-05-28 16:30:00,0,0,0,0,0K,0,,F1,Unknown,0.0,33,,,,,39.78,-101.48,,,,,KS,2062-05-28 16:30:00,2062-05-28 16:30:00,False,False
,10028022,Kansas,9,Barton,,2062-05-28 16:30:00,CST,2062-05-28 16:30:00,0,0,0,0,2.5K,0,,F2,Unknown,1.5,33,,,,,38.3,-98.97,,,,,KS,2062-05-28 16:30:00,2062-05-28 16:30:00,False,False
,10028023,Kansas,139,Osage,,2062-05-28 16:40:00,CST,2062-05-28 16:40:00,0,0,0,0,250K,0,,F2,Unknown,0.9,200,,,,,38.83,-95.9,38.93,-95.78,,,KS,2062-05-28 16:40:00,2062-05-28 16:40:00,False,False
,10028025,Kansas,81,Haskell,,2062-05-28 17:20:00,CST,2062-05-28 17:20:00,0,0,0,0,2.5M,0,,F1,Unknown,0.0,33,,,,,39.3,-95.53,,,,,KS,2062-05-28 17:20:00,2062-05-28 17:20:00,False,False
,10125588,Texas,405,San Augustine,,2062-08-10 15:00:00,CST,2062-08-10 15:00:00,0,0,0,0,0K,0,,F1,Unknown,1.0,23,,,,,31.53,-94.08,,,,,TX,2062-08-10 15:00:00,2062-08-10 15:00:00,False,False
,10125590,Texas,245,Jefferson,,2062-08-10 15:45:00,CST,2062-08-10 15:45:00,6,0,0,0,0K,0,,F1,Unknown,0.8,17,,,,,30.1,-94.1,,,,,TX,2062-08-10 15:45:00,2062-08-10 15:45:00,False,False
,10125595,Texas,215,Hidalgo,,2062-08-15 14:50:00,CST,2062-08-15 14:50:00,0,0,0,0,0K,0,,F1,Unknown,1.0,440,,,,,26.28,-98.38,,,,,TX,2062-08-15 14:50:00,2062-08-15 14:50:00,False,False
,10125600,Texas,299,Llano,,2062-08-16 19:00:00,CST,2062-08-16 19:00:00,0,0,0,0,0K,0,,F1,Unknown,1.0,17,,,,,30.67,-98.45,,,,,TX,2062-08-16 19:00:00,2062-08-16 19:00:00,False,False
,10029667,Louisiana,97,St. Landry,,2062-09-05 15:40:00,CST,2062-09-05 15:40:00,0,0,0,0,0K,0,,F1,Unknown,0.5,33,,,,,30.5,-92.15,,,,,LA,2062-09-05 15:40:00,2062-09-05 15:40:00,False,False
,10029668,Louisiana,23,Cameron,,2062-09-10 15:14:00,CST,2062-09-10 15:14:00,0,0,0,0,0K,0,,F0,Unknown,2.0,33,,,,,29.9,-93.4,,,,,LA,2062-09-10 15:14:00,2062-09-10 15:14:00,False,False
,10029669,Louisiana,113,Vermilion,,2062-09-14 12:13:00,CST,2062-09-14 12:13:00,0,0,0,0,0K,0,,F0,Unknown,1.0,33,,,,,29.6,-92.5,,,,,LA,2062-09-14 12:13:00,2062-09-14 12:13:00,False,False
,10029671,Louisiana,47,Iberville,,2062-10-08 18:30:00,CST,2062-10-08 18:30:00,0,0,0,0,2.5K,0,,F0,Unknown,0.5,33,,,,,30.47,-91.55,,,,,LA,2062-10-08 18:30:00,2062-10-08 18:30:00,False,False
,10028052,Kansas,45,Douglas,,2062-08-06 19:00:00,CST,2062-08-06 19:00:00,0,0,0,0,250K,0,,F3,Unknown,4.1,33,,,,,38.78,-95.25,38.75,-95.18,,,KS,2062-08-06 19:00:00,2062-08-06 19:00:00,False,False
,10028055,Kansas,45,Douglas,,2062-08-06 19:40:00,CST,2062-08-06 19:40:00,0,0,0,0,0K,0,,F1,Unknown,0.0,33,,,,,38.8,-95.33,,,,,KS,2062-08-06 19:40:00,2062-08-06 19:40:00,False,False
,10028056,Kansas,45,Douglas,,2062-08-06 19:40:00,CST,2062-08-06 19:40:00,0,0,0,0,0K,0,,F1,Unknown,0.0,33,,,,,38.78,-95.4,,,,,KS,2062-08-06 19:40:00,2062-08-06 19:40:00,False,False
,10028046,Kansas,85,Jackson,,2062-08-06 17:40:00,CST,2062-08-06 17:40:00,0,0,0,0,250K,0,,F1,Unknown,0.0,33,,,,,39.28,-95.72,,,,,KS,2062-08-06 17:40:00,2062-08-06 17:40:00,False,False
,10028047,Kansas,85,Jackson,,2062-08-06 17:40:00,CST,2062-08-06 17:40:00,3,0,0,0,250K,0,,F4,Unknown,11.0,667,,,,,39.52,-95.78,39.38,-95.67,,,KS,2062-08-06 17:40:00,2062-08-06 17:40:00,False,False
,10028049,Kansas,87,Jefferson,,2062-08-06 18:40:00,CST,2062-08-06 18:40:00,0,0,0,0,.25K,0,,F1,Unknown,0.0,33,,,,,39.17,-95.53,,,,,KS,2062-08-06 18:40:00,2062-08-06 18:40:00,False,False
,10028050,Kansas,87,Jefferson,,2062-08-06 18:40:00,CST,2062-08-06 18:40:00,0,0,0,0,.25K,0,,F2,Unknown,0.0,33,,,,,39.18,-95.57,,,,,KS,2062-08-06 18:40:00,2062-08-06 18:40:00,False,False
,10012136,Iowa,169,Story,,2062-05-07 17:15:00,CST,2062-05-07 17:15:00,0,0,0,0,250K,0,,F2,Unknown,0.0,150,,,,,41.9,-93.3,,,,,IA,2062-05-07 17:15:00,2062-05-07 17:15:00,False,False
,10012138,Iowa,15,Boone,,2062-05-07 18:00:00,CST,2062-05-07 18:00:00,0,0,0,0,250K,0,,F2,Unknown,4.9,880,,,,,42.07,-93.9,42.12,-93.82,,,IA,2062-05-07 18:00:00,2062-05-07 18:00:00,False,False
,10148756,West Virginia,25,Greenbrier,,2062-03-21 14:30:00,CST,2062-03-21 14:30:00,0,0,0,0,250K,0,,F1,Unknown,2.0,100,,,,,37.82,-80.45,,,,,WV,2062-03-21 14:30:00,2062-03-21 14:30:00,False,False
,10027963,Kansas,155,Reno,,2062-05-24 16:37:00,CST,2062-05-24 16:37:00,2,0,0,0,0K,0,,F2,Unknown,0.0,33,,,,,38.15,-98.1,,,,,KS,2062-05-24 16:37:00,2062-05-24 16:37:00,False,False
,10008811,Illinois,167,Sangamon,,2062-05-26 05:30:00,CST,2062-05-26 05:30:00,0,0,0,0,2.5K,0,,F2,Unknown,0.0,33,,,,,39.88,-89.85,,,,,IL,2062-05-26 05:30:00,2062-05-26 05:30:00,False,False
,10008813,Illinois,73,Henry,,2062-05-28 17:12:00,CST,2062-05-28 17:12:00,0,0,0,0,0K,0,,F0,Unknown,0.0,33,,,,,41.18,-90.17,,,,,IL,2062-05-28 17:12:00,2062-05-28 17:12:00,False,False
,10008814,Illinois,73,Henry,,2062-05-28 18:10:00,CST,2062-05-28 18:10:00,0,0,0,0,0K,0,,F2,Unknown,0.0,33,,,,,41.22,-90.33,,,,,IL,2062-05-28 18:10:00,2062-05-28 18:10:00,False,False
,10012144,Iowa,175,Union,,2062-05-07 21:30:00,CST,2062-05-07 21:30:00,0,0,0,0,25K,0,,F1,Unknown,0.3,250,,,,,41.07,-94.37,,,,,IA,2062-05-07 21:30:00,2062-05-07 21:30:00,False,False
,10028881,Kansas,13,Brown,,2062-05-31 13:45:00,EDT,2062-05-31 13:45:00,0,0,0,0,.25K,0,,F2,Unknown,6.9,13,,,,,39.7,-95.6,39.8,-95.6,,,KS,2062-05-31 13:45:00,2062-05-31 13:45:00,False,False
,10012140,Iowa,163,Scott,,2062-05-07 19:05:00,CST,2062-05-07 19:05:00,0,0,0,0,250K,0,,F3,Unknown,10.0,300,,,,,41.67,-90.72,,,,,IA,2062-05-07 19:05:00,2062-05-07 19:05:00,False,False
,10008785,Illinois,41,Douglas,,2062-03-11 18:15:00,CST,2062-03-11 18:15:00,0,0,0,0,.25K,0,,,Unknown,0.0,33,,,,,39.8,-88.3,,,,,IL,2062-03-11 18:15:00,2062-03-11 18:15:00,False,False
,10028051,Kansas,87,Jefferson,,2062-08-06 18:40:00,CST,2062-08-06 18:40:00,0,0,0,0,.25K,0,,F2,Unknown,0.0,33,,,,,39.17,-95.55,,,,,KS,2062-08-06 18:40:00,2062-08-06 18:40:00,False,False
,10008787,Illinois,61,Greene,,2062-04-30 11:30:00,CST,2062-04-30 11:30:00,0,0,0,0,25K,0,,F1,Unknown,5.2,100,,,,,39.27,-90.45,39.32,-90.37,,,IL,2062-04-30 11:30:00,2062-04-30 11:30:00,False,False
,9991426,Colorado,9,Baca,,2062-09-01 17:50:00,CST,2062-09-01 17:50:00,0,0,0,0,0K,0,,F0,Unknown,0.0,33,,,,,37.4,-102.53,,,,,CO,2062-09-01 17:50:00,2062-09-01 17:50:00,False,False
,10008796,Illinois,195,Whiteside,,2062-05-07 20:30:00,CST,2062-05-07 20:30:00,0,0,0,0,0K,0,,F2,Unknown,7.2,10,,,,,41.8,-89.65,41.72,-89.55,,,IL,2062-05-07 20:30:00,2062-05-07 20:30:00,False,False
,10008797,Illinois,195,Whiteside,,2062-05-07 20:30:00,CST,2062-05-07 20:30:00,0,0,0,0,0K,0,,F2,Unknown,7.2,10,,,,,41.8,-89.65,41.72,-89.55,,,IL,2062-05-07 20:30:00,2062-05-07 20:30:00,False,False
,10145757,Wisconsin,19,Clark,,2062-06-23 16:20:00,CST,2062-06-23 16:20:00,0,0,0,0,2.5K,0,,F2,Unknown,2.3,33,,,,,44.97,-90.83,44.95,-90.77,,,WI,2062-06-23 16:20:00,2062-06-23 16:20:00,False,False
,10145758,Wisconsin,9,Brown,,2062-06-23 16:30:00,CST,2062-06-23 16:30:00,0,0,0,0,0K,0,,,Unknown,3.3,33,,,,,44.58,-87.92,44.58,-87.83,,,WI,2062-06-23 16:30:00,2062-06-23 16:30:00,False,False
,10029121,Kansas,135,Ness,,2062-06-16 20:00:00,CST,2062-06-16 20:00:00,3,0,0,0,250K,0,,F3,Unknown,2.7,50,,,,,38.42,-100.25,38.43,-100.2,,,KS,2062-06-16 20:00:00,2062-06-16 20:00:00,False,False
,10029125,Kansas,181,Sherman,,2062-06-22 14:30:00,CST,2062-06-22 14:30:00,0,0,0,0,0K,0,,F1,Unknown,17.7,33,,,,,39.35,-101.87,39.27,-101.55,,,KS,2062-06-22 14:30:00,2062-06-22 14:30:00,False,False
,10029127,Kansas,75,Hamilton,,2062-06-22 16:30:00,CST,2062-06-22 16:30:00,0,0,0,0,0K,0,,F0,Unknown,15.7,33,,,,,38.02,-101.98,38.15,-101.75,,,KS,2062-06-22 16:30:00,2062-06-22 16:30:00,False,False
,10029134,Kansas,181,Sherman,,2062-06-23 19:00:00,CST,2062-06-23 19:00:00,0,0,0,0,2.5M,0,,,Unknown,0.0,33,,,,,39.38,-101.73,,,,,KS,2062-06-23 19:00:00,2062-06-23 19:00:00,False,False
,10026866,Kansas,23,Cheyenne,,2062-05-16 15:00:00,CST,2062-05-16 15:00:00,0,0,0,0,0K,0,,,Unknown,0.0,33,,,,,39.57,-101.7,,,,,KS,2062-05-16 15:00:00,2062-05-16 15:00:00,False,False
,10026867,Kansas,189,Stevens,,2062-05-16 18:45:00,CST,2062-05-16 18:45:00,0,0,0,0,.25K,0,,F1,Unknown,0.1,300,,,,,37.17,-101.22,,,,,KS,2062-05-16 18:45:00,2062-05-16 18:45:00,False,False
,10026869,Kansas,39,Decatur,,2062-05-17 16:30:00,CST,2062-05-17 16:30:00,0,0,0,0,0K,0,,,Unknown,0.0,33,,,,,39.83,-100.72,,,,,KS,2062-05-17 16:30:00,2062-05-17 16:30:00,False,False
,10026870,Kansas,181,Sherman,,2062-05-17 19:35:00,CST,2062-05-17 19:35:00,0,0,0,0,0K,0,,,Unknown,0.0,33,,,,,39.48,-101.52,,,,,KS,2062-05-17 19:35:00,2062-05-17 19:35:00,False,False
,10026871,Kansas,181,Sherman,,2062-05-17 19:35:00,CST,2062-05-17 19:35:00,0,0,0,0,0K,0,,F0,Unknown,0.0,33,,,,,39.48,-101.52,,,,,KS,2062-05-17 19:35:00,2062-05-17 19:35:00,False,False
,10026872,Kansas,75,Hamilton,,2062-05-17 22:05:00,CST,2062-05-17 22:05:00,0,0,0,0,25K,0,,F2,Unknown,12.6,250,,,,,37.98,-101.78,38.17,-101.78,,,KS,2062-05-17 22:05:00,2062-05-17 22:05:00,False,False
,10125549,Texas,249,Jim Wells,,2062-06-26 11:00:00,CST,2062-06-26 11:00:00,0,0,0,0,0K,0,,F1,Unknown,6.9,50,,,,,27.93,-98.03,27.83,-98.03,,,TX,2062-06-26 11:00:00,2062-06-26 11:00:00,False,False
,10125551,Texas,251,Johnson,,2062-06-28 18:00:00,CST,2062-06-28 18:00:00,0,0,0,0,0K,0,,F2,Unknown,1.0,27,,,,,32.33,-97.33,,,,,TX,2062-06-28 18:00:00,2062-06-28 18:00:00,False,False
,10125552,Texas,249,Jim Wells,,2062-06-30 15:00:00,CST,2062-06-30 15:00:00,0,0,0,0,0K,0,,F0,Unknown,0.0,33,,,,,27.9,-98.23,,,,,TX,2062-06-30 15:00:00,2062-06-30 15:00:00,False,False
,10125553,Texas,249,Jim Wells,,2062-07-01 16:20:00,CST,2062-07-01 16:20:00,0,0,0,0,0K,0,,F0,Unknown,2.0,27,,,,,27.9,-98.07,,,,,TX,2062-07-01 16:20:00,2062-07-01 16:20:00,False,False
,10125555,Texas,227,Howard,,2062-07-10 23:00:00,CST,2062-07-10 23:00:00,0,0,0,0,0K,0,,F0,Unknown,0.0,33,,,,,32.25,-101.62,,,,,TX,2062-07-10 23:00:00,2062-07-10 23:00:00,False,False
,10125556,Texas,103,Crane,,2062-07-10 23:00:00,CST,2062-07-10 23:00:00,0,0,0,0,0K,0,,F2,Unknown,0.0,33,,,,,31.4,-102.35,,,,,TX,2062-07-10 23:00:00,2062-07-10 23:00:00,False,False
,10125559,Texas,305,Lynn,,2062-07-11 23:00:00,CST,2062-07-11 23:00:00,0,0,0,0,0K,0,,F1,Unknown,2.0,33,,,,,33.17,-101.78,,,,,TX,2062-07-11 23:00:00,2062-07-11 23:00:00,False,False
,10125560,Texas,305,Lynn,,2062-07-11 23:00:00,CST,2062-07-11 23:00:00,0,0,0,0,0K,0,,F1,Unknown,0.8,33,,,,,33.33,-101.73,,,,,TX,2062-07-11 23:00:00,2062-07-11 23:00:00,False,False
,9992582,Colorado,87,Morgan,,2062-05-27 16:00:00,CST,2062-05-27 16:00:00,0,0,0,0,.03K,0,,F0,Unknown,0.0,33,,,,,40.02,-104.05,,,,,CO,2062-05-27 16:00:00,2062-05-27 16:00:00,False,False
,10145761,Wisconsin,97,Portage,,2062-06-23 19:00:00,CST,2062-06-23 19:00:00,0,0,0,0,0K,0,,F0,Unknown,0.0,33,,,,,44.47,-89.35,,,,,WI,2062-06-23 19:00:00,2062-06-23 19:00:00,False,False
,10029139,Kansas,169,Saline,,2062-06-24 03:00:00,CST,2062-06-24 03:00:00,0,0,0,0,2.5K,0,,F2,Unknown,0.5,27,,,,,38.85,-97.62,,,,,KS,2062-06-24 03:00:00,2062-06-24 03:00:00,False,False
,10029144,Kansas,9,Barton,,2062-06-26 16:30:00,CST,2062-06-26 16:30:00,0,0,0,0,.25K,0,,,Unknown,3.0,100,,,,,38.63,-98.95,38.63,-98.88,,,KS,2062-06-26 16:30:00,2062-06-26 16:30:00,False,False
,10029146,Kansas,93,Kearny,,2062-07-04 15:40:00,CST,2062-07-04 15:40:00,0,0,0,0,0K,0,,F0,Unknown,0.0,33,,,,,37.98,-101.47,,,,,KS,2062-07-04 15:40:00,2062-07-04 15:40:00,False,False
,10029147,Kansas,73,Greenwood,,2062-07-06 16:30:00,CST,2062-07-06 16:30:00,0,0,0,0,0K,0,,F0,Unknown,0.0,33,,,,,38.02,-96.47,,,,,KS,2062-07-06 16:30:00,2062-07-06 16:30:00,False,False
,10013232,Iowa,133,Monona,,2062-05-18 17:00:00,CST,2062-05-18 17:00:00,0,0,0,0,25K,0,,F1,Unknown,1.9,200,,,,,42.1,-95.9,42.13,-95.85,,,IA,2062-05-18 17:00:00,2062-05-18 17:00:00,False,False
,10125563,Texas,441,Taylor,,2062-07-14 18:00:00,CST,2062-07-14 18:00:00,5,0,0,0,0K,0,,F1,Unknown,1.0,17,,,,,32.42,-99.87,,,,,TX,2062-07-14 18:00:00,2062-07-14 18:00:00,False,False
,10125573,Texas,153,Floyd,,2062-07-24 12:40:00,CST,2062-07-24 12:40:00,0,0,0,0,0K,0,,F0,Unknown,14.9,33,,,,,34.22,-101.3,34.38,-101.13,,,TX,2062-07-24 12:40:00,2062-07-24 12:40:00,False,False
,10125575,Texas,445,Terry,,2062-07-25 15:28:00,CST,2062-07-25 15:28:00,0,0,0,0,0K,0,,F0,Unknown,6.0,20,,,,,33.17,-102.25,,,,,TX,2062-07-25 15:28:00,2062-07-25 15:28:00,False,False
,10125577,Texas,445,Terry,,2062-07-26 15:00:00,CST,2062-07-26 15:00:00,0,0,0,0,0K,0,,F0,Unknown,0.0,33,,,,,33.03,-102.27,,,,,TX,2062-07-26 15:00:00,2062-07-26 15:00:00,False,False
,10125578,Texas,367,Parker,,2062-07-26 19:00:00,CST,2062-07-26 19:00:00,0,0,0,0,0K,0,,F2,Unknown,0.0,33,,,,,32.7,-97.78,,,,,TX,2062-07-26 19:00:00,2062-07-26 19:00:00,False,False
,10125574,Texas,329,Midland,,2062-07-24 22:10:00,CST,2062-07-24 22:10:00,0,0,0,0,0K,0,,F1,Unknown,4.9,33,,,,,31.95,-102.12,32.0,-102.07,,,TX,2062-07-24 22:10:00,2062-07-24 22:10:00,False,False
,10149558,Washington,33,King,,2062-09-28 19:57:00,CST,2062-09-28 19:57:00,0,0,0,0,250K,0,,F1,Unknown,0.0,30,,,,,47.5,-122.3,47.52,-122.25,,,WA,2062-09-28 19:57:00,2062-09-28 19:57:00,False,False
