episode_id,event_id,state,county_fips,county_name,wfo,begin_date_time,county_timezone,end_date_time,injuries_direct,injuries_indirect,deaths_direct,deaths_indirect,property_damage,crop_damage,source,tornado_rating,max_windspeed,tornado_length,tornado_max_width,other_wfos,other_states,other_counties_fips,other_counties_names,begin_latitude,begin_longitude,end_latitude,end_longitude,episode_narrative,event_narrative,state_code,begin_date_time_corrected,end_date_time_corrected,begin_time_adjusted,end_time_adjusted
,9986985,Florida,109,St. Johns,,2061-04-09 16:00:00,CST,2061-04-09 16:00:00,2,0,0,0,25K,0,,F2,Unknown,5.1,200,,,,,29.78,-81.43,29.82,-81.37,,,FL,2061-04-09 16:00:00,2061-04-09 16:00:00,False,False
,10091801,Oklahoma,17,Canadian,,2061-04-08 15:45:00,CST,2061-04-08 15:45:00,0,0,0,0,25K,0,,F2,Unknown,1.3,100,,,,,35.5,-97.87,,,,,OK,2061-04-08 15:45:00,2061-04-08 15:45:00,False,False
,10121377,Texas,441,Taylor,,2061-03-16 15:30:00,CST,2061-03-16 15:30:00,0,0,0,0,2.5K,0,,F2,Unknown,22.4,100,,,,,32.4,-100.45,32.4,-100.07,,,TX,2061-03-16 15:30:00,2061-03-16 15:30:00,False,False
,10120074,Texas,491,Williamson,,2061-06-29 17:25:00,CST,2061-06-29 17:25:00,0,0,0,0,0K,0,,F1,Unknown,0.2,17,,,,,30.52,-97.52,,,,,TX,2061-06-29 17:25:00,2061-06-29 17:25:00,False,False
,10026836,Kansas,131,Nemaha,,2061-07-20 19:35:00,CST,2061-07-20 19:35:00,0,0,0,0,0K,0,,,Unknown,0.0,33,,,,,39.88,-95.8,,,,,KS,2061-07-20 19:35:00,2061-07-20 19:35:00,False,False
,10025736,Kansas,163,Rooks,,2061-07-11 19:00:00,CST,2061-07-11 19:00:00,0,0,0,0,0K,0,,F0,Unknown,0.0,33,,,,,39.13,-99.07,,,,,KS,2061-07-11 19:00:00,2061-07-11 19:00:00,False,False
,10043708,Maine,29,Washington,,2061-05-29 14:00:00,CST,2061-05-29 14:00:00,0,0,0,0,25K,0,,F0,Unknown,4.7,150,,,,,45.07,-67.3,45.1,-67.4,,,ME,2061-05-29 14:00:00,2061-05-29 14:00:00,False,False
,10043709,Maine,17,Oxford,,2061-06-13 17:00:00,CST,2061-06-13 17:00:00,0,0,0,0,25K,0,,F1,Unknown,5.4,27,,,,,44.17,-70.98,44.12,-70.88,,,ME,2061-06-13 17:00:00,2061-06-13 17:00:00,False,False
,10043711,Maine,3,Aroostook,,2061-06-29 22:27:00,CST,2061-06-29 22:27:00,0,0,0,0,25K,0,,F1,Unknown,0.5,17,,,,,47.17,-68.3,,,,,ME,2061-06-29 22:27:00,2061-06-29 22:27:00,False,False
,10043716,Maine,3,Aroostook,,2061-07-18 16:15:00,CST,2061-07-18 16:15:00,0,0,0,0,25K,0,,F1,Unknown,0.5,23,,,,,46.77,-67.92,,,,,ME,2061-07-18 16:15:00,2061-07-18 16:15:00,False,False
,10043720,Maine,25,Somerset,,2061-09-04 16:10:00,CST,2061-09-04 16:10:00,0,0,0,0,250K,0,,F2,Unknown,0.5,17,,,,,44.8,-69.7,,,,,ME,2061-09-04 16:10:00,2061-09-04 16:10:00,False,False
,10092873,Oklahoma,93,Major,,2061-05-07 22:15:00,CST,2061-05-07 22:15:00,0,0,0,0,25K,0,,F2,Unknown,4.9,33,,,,,36.45,-98.35,36.5,-98.28,,,OK,2061-05-07 22:15:00,2061-05-07 22:15:00,False,False
,10092876,Oklahoma,47,Garfield,,2061-05-07 23:30:00,CST,2061-05-07 23:30:00,0,0,0,0,2.5K,0,,F2,Unknown,0.0,33,,,,,36.55,-97.87,,,,,OK,2061-05-07 23:30:00,2061-05-07 23:30:00,False,False
,10092878,Oklahoma,113,Osage,,2061-05-08 00:30:00,CST,2061-05-08 00:30:00,0,0,0,0,0K,0,,F0,Unknown,0.0,33,,,,,36.55,-96.7,,,,,OK,2061-05-08 00:30:00,2061-05-08 00:30:00,False,False
,10085659,Ohio,135,Preble,,2061-04-25 15:00:00,CST,2061-04-25 15:00:00,0,0,0,0,2.5M,0,,F4,Unknown,9.5,77,,,,,39.75,-84.8,39.75,-84.62,,,OH,2061-04-25 15:00:00,2061-04-25 15:00:00,False,False
,10085662,Ohio,27,Clinton,,2061-04-25 16:00:00,CST,2061-04-25 16:00:00,4,0,2,0,250K,0,,F2,Unknown,8.8,50,,,,,39.3,-84.0,39.32,-83.83,,,OH,2061-04-25 16:00:00,2061-04-25 16:00:00,False,False
,10078368,New Mexico,25,Lea,,2061-06-07 17:00:00,CST,2061-06-07 17:00:00,0,0,0,0,0K,0,,F0,Unknown,0.0,33,,,,,32.95,-103.18,,,,,NM,2061-06-07 17:00:00,2061-06-07 17:00:00,False,False
,10078369,New Mexico,5,Chaves,,2061-06-14 18:30:00,CST,2061-06-14 18:30:00,2,0,0,0,25K,0,,F1,Unknown,0.0,33,,,,,33.2,-104.5,,,,,NM,2061-06-14 18:30:00,2061-06-14 18:30:00,False,False
,10078370,New Mexico,23,Hidalgo,,2061-06-15 20:00:00,CST,2061-06-15 20:00:00,0,0,0,0,2.5K,0,,F1,Unknown,0.0,33,,,,,32.0,-108.8,,,,,NM,2061-06-15 20:00:00,2061-06-15 20:00:00,False,False
,10078376,New Mexico,15,Eddy,,2061-07-02 16:00:00,CST,2061-07-02 16:00:00,0,0,0,0,0K,0,,F0,Unknown,0.0,33,,,,,32.8,-104.4,,,,,NM,2061-07-02 16:00:00,2061-07-02 16:00:00,False,False
,10121402,Texas,223,Hopkins,,2061-03-26 19:10:00,CST,2061-03-26 19:10:00,0,0,0,0,25K,0,,F2,Unknown,4.7,250,,,,,33.03,-95.4,33.07,-95.33,,,TX,2061-03-26 19:10:00,2061-03-26 19:10:00,False,False
,10121403,Texas,223,Hopkins,,2061-03-26 19:10:00,CST,2061-03-26 19:10:00,1,0,0,0,25K,0,,F2,Unknown,3.8,250,,,,,33.02,-95.52,33.05,-95.47,,,TX,2061-03-26 19:10:00,2061-03-26 19:10:00,False,False
,10121404,Texas,159,Franklin,,2061-03-26 19:30:00,CST,2061-03-26 19:30:00,1,0,0,0,25K,0,,F3,Unknown,7.6,60,,,,,33.13,-95.22,33.22,-95.13,,,TX,2061-03-26 19:30:00,2061-03-26 19:30:00,False,False
,10121405,Texas,139,Ellis,,2061-03-26 19:45:00,CST,2061-03-26 19:45:00,4,0,0,0,2.5M,0,,F3,Unknown,9.1,280,,,,,32.18,-96.88,32.25,-96.75,,,TX,2061-03-26 19:45:00,2061-03-26 19:45:00,False,False
,10121406,Texas,449,Titus,,2061-03-26 19:55:00,CST,2061-03-26 19:55:00,0,0,0,0,25K,0,,F3,Unknown,5.4,60,,,,,33.22,-95.13,33.28,-95.08,,,TX,2061-03-26 19:55:00,2061-03-26 19:55:00,False,False
,10121407,Texas,449,Titus,,2061-03-26 20:30:00,CST,2061-03-26 20:30:00,9,0,0,0,250K,0,,F3,Unknown,0.0,33,,,,,33.23,-94.95,,,,,TX,2061-03-26 20:30:00,2061-03-26 20:30:00,False,False
,10121408,Texas,257,Kaufman,,2061-03-26 20:40:00,CST,2061-03-26 20:40:00,0,0,0,0,25K,0,,F2,Unknown,0.0,33,,,,,33.37,-96.1,,,,,TX,2061-03-26 20:40:00,2061-03-26 20:40:00,False,False
,10121411,Texas,347,Nacogdoches,,2061-03-27 20:30:00,CST,2061-03-27 20:30:00,4,0,2,0,250K,0,,F3,Unknown,13.8,200,,,,,31.72,-94.58,31.73,-94.35,,,TX,2061-03-27 20:30:00,2061-03-27 20:30:00,False,False
,10121412,Texas,349,Navarro,,2061-03-27 21:00:00,CST,2061-03-27 21:00:00,0,0,0,0,0K,0,,F0,Unknown,0.3,17,,,,,32.05,-96.47,,,,,TX,2061-03-27 21:00:00,2061-03-27 21:00:00,False,False
,10085663,Ohio,71,Highland,,2061-04-25 16:15:00,CST,2061-04-25 16:15:00,0,0,0,0,250K,0,,F2,Unknown,16.2,50,,,,,39.32,-83.83,39.37,-83.53,,,OH,2061-04-25 16:15:00,2061-04-25 16:15:00,False,False
,10085664,Ohio,171,Williams,,2061-05-06 20:40:00,CST,2061-05-06 20:40:00,0,0,0,0,25K,0,,F3,Unknown,1.9,813,,,,,41.55,-84.8,41.57,-84.75,,,OH,2061-05-06 20:40:00,2061-05-06 20:40:00,False,False
,10085665,Ohio,15,Brown,,2061-05-08 13:00:00,CST,2061-05-08 13:00:00,0,0,0,0,2.5K,0,,F1,Unknown,20.0,100,,,,,38.95,-84.08,39.08,-83.75,,,OH,2061-05-08 13:00:00,2061-05-08 13:00:00,False,False
,10093782,Oklahoma,115,Ottawa,,2061-05-21 19:40:00,CST,2061-05-21 19:40:00,0,0,0,0,2.5K,0,,F2,Unknown,0.0,33,,,,,36.73,-94.85,,,,,OK,2061-05-21 19:40:00,2061-05-21 19:40:00,False,False
,10112466,South Dakota,89,Mcpherson,,2061-09-07 20:25:00,CST,2061-09-07 20:25:00,0,0,0,0,25K,0,,F2,Unknown,0.0,33,,,,,45.75,-98.73,,,,,SD,2061-09-07 20:25:00,2061-09-07 20:25:00,False,False
,10040049,Maryland,21,Frederick,,2061-04-16 08:00:00,CST,2061-04-16 08:00:00,0,0,0,0,2.5K,0,,F1,Unknown,0.3,20,,,,,39.53,-77.42,,,,,MD,2061-04-16 08:00:00,2061-04-16 08:00:00,False,False
,10040052,Maryland,3,Anne Arundel,,2061-06-09 15:30:00,CST,2061-06-09 15:30:00,0,0,0,0,250K,0,,F3,Unknown,0.0,100,,,,,39.2,-76.62,39.22,-76.6,,,MD,2061-06-09 15:30:00,2061-06-09 15:30:00,False,False
,10092858,Oklahoma,1,Adair,,2061-05-06 15:00:00,CST,2061-05-06 15:00:00,0,0,0,0,2.5K,0,,F1,Unknown,0.8,10,,,,,35.82,-94.7,,,,,OK,2061-05-06 15:00:00,2061-05-06 15:00:00,False,False
,10092860,Oklahoma,79,Le Flore,,2061-05-06 21:30:00,CST,2061-05-06 21:30:00,0,0,0,0,0K,0,,,Unknown,0.0,33,,,,,34.9,-94.6,,,,,OK,2061-05-06 21:30:00,2061-05-06 21:30:00,False,False
,10092861,Oklahoma,27,Cleveland,,2061-05-06 23:50:00,CST,2061-05-06 23:50:00,0,0,0,0,0K,0,,,Unknown,0.0,33,,,,,35.3,-97.5,,,,,OK,2061-05-06 23:50:00,2061-05-06 23:50:00,False,False
,10092862,Oklahoma,27,Cleveland,,2061-05-07 00:45:00,CST,2061-05-07 00:45:00,0,0,0,0,0K,0,,,Unknown,0.0,33,,,,,35.35,-97.5,,,,,OK,2061-05-07 00:45:00,2061-05-07 00:45:00,False,False
,10092864,Oklahoma,145,Wagoner,,2061-05-07 04:00:00,CST,2061-05-07 04:00:00,0,0,0,0,0K,0,,F2,Unknown,0.0,33,,,,,35.9,-95.5,,,,,OK,2061-05-07 04:00:00,2061-05-07 04:00:00,False,False
,10092868,Oklahoma,113,Osage,,2061-05-07 18:06:00,CST,2061-05-07 18:06:00,0,0,0,0,25K,0,,F2,Unknown,0.0,33,,,,,36.5,-96.7,,,,,OK,2061-05-07 18:06:00,2061-05-07 18:06:00,False,False
,10092869,Oklahoma,35,Craig,,2061-05-07 21:05:00,CST,2061-05-07 21:05:00,1,0,0,0,250K,0,,F3,Unknown,8.9,400,,,,,36.8,-95.1,36.85,-94.95,,,OK,2061-05-07 21:05:00,2061-05-07 21:05:00,False,False
,10078359,New Mexico,37,Quay,,2061-05-23 19:30:00,CST,2061-05-23 19:30:00,0,0,0,0,.03K,0,,F1,Unknown,0.3,50,,,,,34.9,-103.6,,,,,NM,2061-05-23 19:30:00,2061-05-23 19:30:00,False,False
,10078360,New Mexico,25,Lea,,2061-05-30 21:00:00,CST,2061-05-30 21:00:00,0,0,0,0,25K,0,,F1,Unknown,1.0,27,,,,,32.9,-103.4,,,,,NM,2061-05-30 21:00:00,2061-05-30 21:00:00,False,False
,10078362,New Mexico,37,Quay,,2061-06-03 17:30:00,CST,2061-06-03 17:30:00,1,0,0,0,25K,0,,F2,Unknown,4.3,100,,,,,35.2,-103.5,35.15,-103.47,,,NM,2061-06-03 17:30:00,2061-06-03 17:30:00,False,False
,10078364,New Mexico,59,Union,,2061-06-05 14:30:00,CST,2061-06-05 14:30:00,0,0,0,0,.03K,0,,,Unknown,5.7,20,,,,,36.9,-103.5,36.95,-103.42,,,NM,2061-06-05 14:30:00,2061-06-05 14:30:00,False,False
,10062759,Missouri,195,Saline,,2061-07-22 12:15:00,CST,2061-07-22 12:15:00,0,0,0,0,250K,0,,F2,Unknown,4.1,200,,,,,38.97,-93.5,38.97,-93.42,,,MO,2061-07-22 12:15:00,2061-07-22 12:15:00,False,False
,10051308,Mississippi,53,Humphreys,,2061-11-15 18:30:00,CST,2061-11-15 18:30:00,0,0,0,0,.25K,0,,F1,Unknown,0.0,33,,,,,32.98,-90.58,,,,,MS,2061-11-15 18:30:00,2061-11-15 18:30:00,False,False
,10051307,Mississippi,149,Warren,,2061-11-15 18:25:00,CST,2061-11-15 18:25:00,0,0,0,0,0K,0,,F2,Unknown,1.9,50,,,,,32.35,-90.67,32.37,-90.65,,,MS,2061-11-15 18:25:00,2061-11-15 18:25:00,False,False
,10062742,Missouri,81,Harrison,,2061-06-07 18:10:00,CST,2061-06-07 18:10:00,0,0,0,0,2.5K,0,,F1,Unknown,0.5,17,,,,,40.33,-93.8,,,,,MO,2061-06-07 18:10:00,2061-06-07 18:10:00,False,False
,10062743,Missouri,27,Callaway,,2061-06-07 19:15:00,CST,2061-06-07 19:15:00,0,0,0,0,2.5K,0,,F1,Unknown,0.5,50,,,,,38.93,-91.77,,,,,MO,2061-06-07 19:15:00,2061-06-07 19:15:00,False,False
,10062744,Missouri,7,Audrain,,2061-06-07 19:35:00,CST,2061-06-07 19:35:00,0,0,0,0,.03K,0,,F0,Unknown,0.2,10,,,,,39.12,-91.83,,,,,MO,2061-06-07 19:35:00,2061-06-07 19:35:00,False,False
,10092856,Oklahoma,23,Choctaw,,2061-05-05 18:30:00,CST,2061-05-05 18:30:00,0,0,0,0,25K,0,,F3,Unknown,0.0,33,,,,,34.02,-95.5,,,,,OK,2061-05-05 18:30:00,2061-05-05 18:30:00,False,False
,10092857,Oklahoma,89,Mccurtain,,2061-05-05 20:00:00,CST,2061-05-05 20:00:00,0,0,0,0,0K,0,,F2,Unknown,9.5,400,,,,,34.4,-94.8,34.5,-94.68,,,OK,2061-05-05 20:00:00,2061-05-05 20:00:00,False,False
,10092633,Oklahoma,11,Blaine,,2061-05-04 17:40:00,CST,2061-05-04 17:40:00,0,0,1,0,25K,0,,F3,Unknown,9.5,33,,,,,35.63,-98.35,35.7,-98.2,,,OK,2061-05-04 17:40:00,2061-05-04 17:40:00,False,False
,10092634,Oklahoma,17,Canadian,,2061-05-04 18:15:00,CST,2061-05-04 18:15:00,0,0,0,0,25K,0,,F2,Unknown,9.0,33,,,,,35.7,-98.2,35.75,-98.05,,,OK,2061-05-04 18:15:00,2061-05-04 18:15:00,False,False
,10092635,Oklahoma,73,Kingfisher,,2061-05-04 18:30:00,CST,2061-05-04 18:30:00,0,0,0,0,25K,0,,F1,Unknown,9.0,33,,,,,35.75,-98.05,35.8,-97.9,,,OK,2061-05-04 18:30:00,2061-05-04 18:30:00,False,False
,10092636,Oklahoma,17,Canadian,,2061-05-04 18:45:00,CST,2061-05-04 18:45:00,0,0,0,0,2.5K,0,,F1,Unknown,12.6,33,,,,,35.7,-97.97,35.65,-97.75,,,OK,2061-05-04 18:45:00,2061-05-04 18:45:00,False,False
,10092637,Oklahoma,45,Ellis,,2061-05-04 20:00:00,CST,2061-05-04 20:00:00,0,0,0,0,2.5K,0,,F2,Unknown,0.0,33,,,,,36.03,-99.8,,,,,OK,2061-05-04 20:00:00,2061-05-04 20:00:00,False,False
,10092638,Oklahoma,17,Canadian,,2061-05-04 20:25:00,CST,2061-05-04 20:25:00,0,0,0,0,0K,0,,F0,Unknown,0.0,33,,,,,35.55,-97.8,,,,,OK,2061-05-04 20:25:00,2061-05-04 20:25:00,False,False
,10092640,Oklahoma,79,Le Flore,,2061-05-05 17:20:00,CST,2061-05-05 17:20:00,58,0,16,0,250K,0,,F4,Unknown,26.4,400,,,,,34.73,-95.03,34.95,-94.65,,,OK,2061-05-05 17:20:00,2061-05-05 17:20:00,False,False
,10114298,South Carolina,27,Clarendon,,2061-07-15 17:30:00,CST,2061-07-15 17:30:00,0,0,0,0,25K,0,,F1,Unknown,0.5,100,,,,,33.75,-80.2,,,,,SC,2061-07-15 17:30:00,2061-07-15 17:30:00,False,False
,10114299,South Carolina,91,York,,2061-07-16 14:00:00,CST,2061-07-16 14:00:00,0,0,0,0,.25K,0,,F0,Unknown,0.3,7,,,,,34.95,-81.05,,,,,SC,2061-07-16 14:00:00,2061-07-16 14:00:00,False,False
,10114301,South Carolina,77,Pickens,,2061-08-18 19:30:00,CST,2061-08-18 19:30:00,0,0,0,0,2.5K,0,,F1,Unknown,0.0,33,,,,,34.72,-82.78,,,,,SC,2061-08-18 19:30:00,2061-08-18 19:30:00,False,False
,10114303,South Carolina,9,Bamberg,,2061-11-23 11:00:00,CST,2061-11-23 11:00:00,0,0,0,0,.25K,0,,F0,Unknown,0.0,33,,,,,33.2,-80.92,,,,,SC,2061-11-23 11:00:00,2061-11-23 11:00:00,False,False
,10114304,South Carolina,75,Orangeburg,,2061-11-23 11:45:00,CST,2061-11-23 11:45:00,0,0,0,0,2.5K,0,,F1,Unknown,0.3,13,,,,,33.25,-80.82,,,,,SC,2061-11-23 11:45:00,2061-11-23 11:45:00,False,False
,10114305,South Carolina,29,Colleton,,2061-11-23 12:00:00,CST,2061-11-23 12:00:00,1,0,0,0,2.5K,0,,F1,Unknown,0.4,60,,,,,33.0,-80.65,,,,,SC,2061-11-23 12:00:00,2061-11-23 12:00:00,False,False
,10062733,Missouri,33,Carroll,,2061-05-07 18:20:00,CST,2061-05-07 18:20:00,0,0,0,0,25K,0,,F2,Unknown,0.0,50,,,,,39.4,-93.43,39.42,-93.42,,,MO,2061-05-07 18:20:00,2061-05-07 18:20:00,False,False
,10094061,Oklahoma,3,Alfalfa,,2061-10-29 07:30:00,CST,2061-10-29 07:30:00,0,0,0,0,25K,0,,,Unknown,3.6,50,,,,,36.9,-98.45,36.93,-98.4,,,OK,2061-10-29 07:30:00,2061-10-29 07:30:00,False,False
,10076913,North Carolina,83,Halifax,,2061-07-26 16:30:00,CST,2061-07-26 16:30:00,0,0,0,0,25K,0,,F1,Unknown,0.0,33,,,,,36.3,-77.72,,,,,NC,2061-07-26 16:30:00,2061-07-26 16:30:00,False,False
,10114419,Pennsylvania,71,Lancaster,,2061-05-26 11:00:00,CST,2061-05-26 11:00:00,3,0,0,0,2.5K,0,,F1,Unknown,0.3,27,,,,,40.07,-76.3,,,,,PA,2061-05-26 11:00:00,2061-05-26 11:00:00,False,False
,10114422,Pennsylvania,91,Montgomery,,2061-06-08 16:05:00,CST,2061-06-08 16:05:00,1,0,0,0,25K,0,,F2,Unknown,1.0,200,,,,,40.2,-75.45,,,,,PA,2061-06-08 16:05:00,2061-06-08 16:05:00,False,False
,10053228,Minnesota,99,Mower,,2061-08-04 17:45:00,CST,2061-08-04 17:45:00,2,0,0,0,250K,0,,F2,Unknown,2.0,600,,,,,43.67,-92.95,,,,,MN,2061-08-04 17:45:00,2061-08-04 17:45:00,False,False
,10112225,South Dakota,99,Minnehaha,,2061-06-21 16:30:00,CST,2061-06-21 16:30:00,0,0,0,0,250K,0,,F3,Unknown,39.9,33,,,,,44.0,-97.08,44.52,-96.72,,,SD,2061-06-21 16:30:00,2061-06-21 16:30:00,False,False
,10112228,South Dakota,33,Custer,,2061-06-22 14:35:00,CST,2061-06-22 14:35:00,0,0,0,0,2.5K,0,,F2,Unknown,0.0,33,,,,,43.52,-103.62,,,,,SD,2061-06-22 14:35:00,2061-06-22 14:35:00,False,False
,10112230,South Dakota,89,Mcpherson,,2061-06-28 18:30:00,CST,2061-06-28 18:30:00,0,0,0,0,250K,0,,F2,Unknown,49.7,33,,,,,45.62,-99.63,45.5,-98.62,,,SD,2061-06-28 18:30:00,2061-06-28 18:30:00,False,False
,10112231,South Dakota,129,Walworth,,2061-06-28 19:30:00,CST,2061-06-28 19:30:00,0,0,0,0,250K,0,,F2,Unknown,1.0,33,,,,,45.25,-99.78,,,,,SD,2061-06-28 19:30:00,2061-06-28 19:30:00,False,False
,10112233,South Dakota,91,Marshall,,2061-06-28 20:05:00,CST,2061-06-28 20:05:00,0,0,0,0,250K,0,,F2,Unknown,1.0,33,,,,,45.6,-97.63,,,,,SD,2061-06-28 20:05:00,2061-06-28 20:05:00,False,False
,10094052,Oklahoma,39,Custer,,2061-09-23 19:00:00,CST,2061-09-23 19:00:00,0,0,0,0,25K,0,,,Unknown,3.0,50,,,,,35.55,-99.0,35.55,-98.95,,,OK,2061-09-23 19:00:00,2061-09-23 19:00:00,False,False
,10076915,North Carolina,133,Onslow,,2061-08-01 17:15:00,CST,2061-08-01 17:15:00,0,0,0,0,250K,0,,F1,Unknown,1.0,50,,,,,34.7,-77.1,,,,,NC,2061-08-01 17:15:00,2061-08-01 17:15:00,False,False
,10076916,North Carolina,107,Lenoir,,2061-08-20 11:00:00,CST,2061-08-20 11:00:00,2,0,0,0,25K,0,,F1,Unknown,1.0,27,,,,,35.3,-77.6,,,,,NC,2061-08-20 11:00:00,2061-08-20 11:00:00,False,False
,10084740,North Dakota,19,Cavalier,,2061-07-22 13:25:00,CST,2061-07-22 13:25:00,0,0,0,0,0K,0,,,Unknown,0.1,33,,,,,48.8,-98.9,,,,,ND,2061-07-22 13:25:00,2061-07-22 13:25:00,False,False
,10084741,North Dakota,45,La Moure,,2061-07-25 16:00:00,CST,2061-07-25 16:00:00,0,0,0,0,0K,0,,,Unknown,2.0,33,,,,,46.37,-98.5,,,,,ND,2061-07-25 16:00:00,2061-07-25 16:00:00,False,False
,10122529,Texas,153,Floyd,,2061-05-03 18:00:00,CST,2061-05-03 18:00:00,0,0,0,0,0K,0,,F0,Unknown,2.0,100,,,,,33.93,-101.07,,,,,TX,2061-05-03 18:00:00,2061-05-03 18:00:00,False,False
,10122530,Texas,153,Floyd,,2061-05-03 18:00:00,CST,2061-05-03 18:00:00,0,0,0,0,25K,0,,F2,Unknown,2.7,100,,,,,33.95,-101.08,33.93,-101.05,,,TX,2061-05-03 18:00:00,2061-05-03 18:00:00,False,False
,10115343,Pennsylvania,133,York,,2061-07-29 02:00:00,CST,2061-07-29 02:00:00,0,0,0,0,2.5M,0,,F2,Unknown,8.8,500,,,,,39.97,-76.67,39.98,-76.5,,,PA,2061-07-29 02:00:00,2061-07-29 02:00:00,False,False
,10120077,Texas,167,Galveston,,2061-07-04 10:15:00,CST,2061-07-04 10:15:00,0,0,0,0,0K,0,,F1,Unknown,15.4,33,,,,,29.3,-94.82,29.13,-94.65,,,TX,2061-07-04 10:15:00,2061-07-04 10:15:00,False,False
,10120081,Texas,79,Cochran,,2061-07-08 19:30:00,CST,2061-07-08 19:30:00,0,0,0,0,0K,0,,F0,Unknown,0.3,17,,,,,33.82,-102.92,,,,,TX,2061-07-08 19:30:00,2061-07-08 19:30:00,False,False
,10120082,Texas,79,Cochran,,2061-07-08 19:30:00,CST,2061-07-08 19:30:00,0,0,0,0,0K,0,,F0,Unknown,0.2,17,,,,,33.82,-102.92,,,,,TX,2061-07-08 19:30:00,2061-07-08 19:30:00,False,False
,10120083,Texas,71,Chambers,,2061-07-09 17:30:00,CST,2061-07-09 17:30:00,0,0,0,0,0K,0,,F0,Unknown,3.0,150,,,,,29.82,-94.4,,,,,TX,2061-07-09 17:30:00,2061-07-09 17:30:00,False,False
,10120339,Texas,201,Harris,,2061-09-11 17:50:00,CST,2061-09-11 17:50:00,22,0,0,0,0K,0,,F3,Unknown,1.0,83,,,,,29.77,-95.13,,,,,TX,2061-09-11 17:50:00,2061-09-11 17:50:00,False,False
,10120340,Texas,167,Galveston,,2061-09-12 03:15:00,CST,2061-09-12 03:15:00,200,0,8,0,0K,0,,F4,Unknown,1.0,100,,,,,29.32,-94.78,,,,,TX,2061-09-12 03:15:00,2061-09-12 03:15:00,False,False
,10120341,Texas,167,Galveston,,2061-09-12 06:00:00,CST,2061-09-12 06:00:00,0,0,0,0,0K,0,,F3,Unknown,2.0,33,,,,,29.27,-94.87,,,,,TX,2061-09-12 06:00:00,2061-09-12 06:00:00,False,False
,10120342,Texas,291,Liberty,,2061-09-12 07:30:00,CST,2061-09-12 07:30:00,0,0,0,0,0K,0,,F3,Unknown,0.5,17,,,,,30.15,-94.73,,,,,TX,2061-09-12 07:30:00,2061-09-12 07:30:00,False,False
,10120344,Texas,387,Red River,,2061-09-12 15:45:00,CST,2061-09-12 15:45:00,0,0,0,0,0K,0,,F3,Unknown,0.5,300,,,,,33.57,-95.27,,,,,TX,2061-09-12 15:45:00,2061-09-12 15:45:00,False,False
,10120349,Texas,365,Panola,,2061-09-13 17:05:00,CST,2061-09-13 17:05:00,2,0,0,0,2.5K,0,,F2,Unknown,0.0,33,,,,,32.37,-94.1,,,,,TX,2061-09-13 17:05:00,2061-09-13 17:05:00,False,False
,10120350,Texas,475,Ward,,2061-09-19 17:00:00,CST,2061-09-19 17:00:00,0,0,0,0,0K,0,,F2,Unknown,0.0,33,,,,,31.45,-103.38,,,,,TX,2061-09-19 17:00:00,2061-09-19 17:00:00,False,False
,10076905,North Carolina,61,Duplin,,2061-06-21 10:45:00,CST,2061-06-21 10:45:00,0,0,0,0,250K,0,,F2,Unknown,1.0,50,,,,,34.95,-77.95,,,,,NC,2061-06-21 10:45:00,2061-06-21 10:45:00,False,False
,10076907,North Carolina,191,Wayne,,2061-06-21 11:13:00,CST,2061-06-21 11:13:00,1,0,0,0,25K,0,,F1,Unknown,1.0,50,,,,,35.23,-78.07,,,,,NC,2061-06-21 11:13:00,2061-06-21 11:13:00,False,False
,10115344,Pennsylvania,71,Lancaster,,2061-07-29 02:30:00,CST,2061-07-29 02:30:00,2,0,0,0,2.5M,0,,F2,Unknown,13.4,500,,,,,39.98,-76.5,40.03,-76.25,,,PA,2061-07-29 02:30:00,2061-07-29 02:30:00,False,False
,10115346,Pennsylvania,17,Bucks,,2061-09-03 13:50:00,CST,2061-09-03 13:50:00,0,0,0,0,25K,0,,F1,Unknown,2.7,10,,,,,40.3,-75.0,40.33,-74.95,,,PA,2061-09-03 13:50:00,2061-09-03 13:50:00,False,False
,10082467,New Hampshire,11,Hillsborough,,2061-07-02 15:00:00,CST,2061-07-02 15:00:00,0,0,0,0,2.5K,0,,F2,Unknown,2.0,17,,,,,43.1,-71.7,,,,,NH,2061-07-02 15:00:00,2061-07-02 15:00:00,False,False
,10083382,Ohio,33,Crawford,,2061-06-06 16:15:00,CST,2061-06-06 16:15:00,0,0,0,0,2.5K,0,,F1,Unknown,0.0,33,,,,,40.88,-82.88,,,,,OH,2061-06-06 16:15:00,2061-06-06 16:15:00,False,False
,10083383,Ohio,109,Miami,,2061-06-08 16:00:00,CST,2061-06-08 16:00:00,0,0,0,0,250K,0,,F2,Unknown,0.0,33,,,,,40.18,-84.25,,,,,OH,2061-06-08 16:00:00,2061-06-08 16:00:00,False,False
,10083390,Ohio,37,Darke,,2061-07-28 19:45:00,CST,2061-07-28 19:45:00,2,0,0,0,250K,0,,F3,Unknown,20.2,200,,,,,40.2,-84.8,40.23,-84.42,,,OH,2061-07-28 19:45:00,2061-07-28 19:45:00,False,False
,10083391,Ohio,149,Shelby,,2061-07-28 19:55:00,CST,2061-07-28 19:55:00,22,0,0,0,250K,0,,F3,Unknown,0.5,200,,,,,40.27,-84.18,,,,,OH,2061-07-28 19:55:00,2061-07-28 19:55:00,False,False
,10083392,Ohio,109,Miami,,2061-07-28 21:00:00,CST,2061-07-28 21:00:00,0,0,0,0,25K,0,,F1,Unknown,0.0,33,,,,,40.03,-84.22,,,,,OH,2061-07-28 21:00:00,2061-07-28 21:00:00,False,False
,10083393,Ohio,49,Franklin,,2061-07-28 22:30:00,CST,2061-07-28 22:30:00,0,0,0,0,25K,0,,F0,Unknown,1.0,500,,,,,40.03,-83.18,,,,,OH,2061-07-28 22:30:00,2061-07-28 22:30:00,False,False
,10112457,South Dakota,121,Todd,,2061-07-27 14:30:00,CST,2061-07-27 14:30:00,0,0,0,0,25K,0,,F2,Unknown,5.0,33,,,,,43.32,-100.65,,,,,SD,2061-07-27 14:30:00,2061-07-27 14:30:00,False,False
,10082468,New Hampshire,15,Rockingham,,2061-07-02 16:00:00,CST,2061-07-02 16:00:00,1,0,0,0,250K,0,,F2,Unknown,5.1,400,,,,,42.83,-71.27,42.77,-71.2,,,NH,2061-07-02 16:00:00,2061-07-02 16:00:00,False,False
,10082469,New Hampshire,11,Hillsborough,,2061-07-21 14:30:00,CST,2061-07-21 14:30:00,0,0,0,0,2.5K,0,,F1,Unknown,2.0,17,,,,,42.97,-71.7,,,,,NH,2061-07-21 14:30:00,2061-07-21 14:30:00,False,False
,10082470,New Hampshire,5,Cheshire,,2061-08-26 14:00:00,CST,2061-08-26 14:00:00,0,0,0,0,2.5K,0,,F1,Unknown,0.1,40,,,,,43.08,-72.3,,,,,NH,2061-08-26 14:00:00,2061-08-26 14:00:00,False,False
,10111366,South Dakota,19,Butte,,2061-05-10 18:30:00,CST,2061-05-10 18:30:00,0,0,0,0,2.5K,0,,,Unknown,2.0,33,,,,,44.62,-103.42,,,,,SD,2061-05-10 18:30:00,2061-05-10 18:30:00,False,False
,10111368,South Dakota,9,Bon Homme,,2061-05-14 12:45:00,CST,2061-05-14 12:45:00,0,0,0,0,2.5K,0,,F1,Unknown,0.3,60,,,,,42.98,-97.88,,,,,SD,2061-05-14 12:45:00,2061-05-14 12:45:00,False,False
,10111369,South Dakota,99,Minnehaha,,2061-06-06 16:00:00,CST,2061-06-06 16:00:00,0,0,0,0,0K,0,,F0,Unknown,0.0,33,,,,,43.8,-97.93,,,,,SD,2061-06-06 16:00:00,2061-06-06 16:00:00,False,False
,10111372,South Dakota,13,Brown,,2061-06-21 14:30:00,CST,2061-06-21 14:30:00,0,0,0,0,2.5K,0,,F3,Unknown,35.4,33,,,,,45.47,-98.23,44.98,-97.98,,,SD,2061-06-21 14:30:00,2061-06-21 14:30:00,False,False
,10111374,South Dakota,25,Clark,,2061-06-21 15:45:00,CST,2061-06-21 15:45:00,7,0,1,0,250K,0,,F3,Unknown,37.1,33,,,,,44.98,-97.98,44.55,-97.53,,,SD,2061-06-21 15:45:00,2061-06-21 15:45:00,False,False
,10038356,Michigan,7,Alpena,,2061-08-05 10:39:00,CST,2061-08-05 10:39:00,0,0,0,0,0K,0,,F0,Unknown,0.0,33,,,,,45.12,-83.5,,,,,MI,2061-08-05 10:39:00,2061-08-05 10:39:00,False,False
,10038368,Michigan,55,Grand Traverse,,2061-09-13 14:12:00,CST,2061-09-13 14:12:00,0,0,0,0,25K,0,,F2,Unknown,14.4,33,,,,,44.77,-85.5,44.77,-85.2,,,MI,2061-09-13 14:12:00,2061-09-13 14:12:00,False,False
,10038369,Michigan,139,Ottawa,,2061-09-22 16:20:00,CST,2061-09-22 16:20:00,1,0,0,0,25K,0,,F2,Unknown,2.7,2000,,,,,43.03,-85.82,43.08,-85.78,,,MI,2061-09-22 16:20:00,2061-09-22 16:20:00,False,False
,10038371,Michigan,81,Kent,,2061-09-22 16:30:00,CST,2061-09-22 16:30:00,0,0,0,0,25K,0,,F2,Unknown,0.0,2000,,,,,43.08,-85.78,43.12,-85.77,,,MI,2061-09-22 16:30:00,2061-09-22 16:30:00,False,False
,9987220,Florida,111,St. Lucie,,2061-06-22 14:30:00,CST,2061-06-22 14:30:00,0,0,0,0,0K,0,,,Unknown,0.0,33,,,,,27.5,-80.35,,,,,FL,2061-06-22 14:30:00,2061-06-22 14:30:00,False,False
,9982506,Arkansas,139,Union,,2061-09-12 15:00:00,CST,2061-09-12 15:00:00,0,0,0,0,25K,0,,F2,Unknown,3.0,33,,,,,33.0,-92.65,33.02,-92.62,,,AR,2061-09-12 15:00:00,2061-09-12 15:00:00,False,False
,9982507,Arkansas,83,Logan,,2061-11-02 09:20:00,CST,2061-11-02 09:20:00,0,0,0,0,2.5K,0,,F2,Unknown,1.5,100,,,,,35.3,-93.7,,,,,AR,2061-11-02 09:20:00,2061-11-02 09:20:00,False,False
,9982508,Arkansas,139,Union,,2061-11-02 14:15:00,CST,2061-11-02 14:15:00,0,0,0,0,0K,0,,F1,Unknown,0.0,33,,,,,33.2,-92.65,,,,,AR,2061-11-02 14:15:00,2061-11-02 14:15:00,False,False
,9982509,Arkansas,11,Bradley,,2061-11-22 13:30:00,CST,2061-11-22 13:30:00,0,0,0,0,0K,0,,,Unknown,0.3,250,,,,,33.6,-92.02,,,,,AR,2061-11-22 13:30:00,2061-11-22 13:30:00,False,False
,9982067,Arkansas,67,Jackson,,2061-03-05 16:00:00,CST,2061-03-05 16:00:00,0,0,0,0,25K,0,,F2,Unknown,30.0,33,,,,,35.4,-91.23,35.72,-90.87,,,AR,2061-03-05 16:00:00,2061-03-05 16:00:00,False,False
,9982068,Arkansas,85,Lonoke,,2061-03-05 16:05:00,CST,2061-03-05 16:05:00,0,0,0,0,25K,0,,F1,Unknown,2.3,417,,,,,34.78,-91.7,34.82,-91.7,,,AR,2061-03-05 16:05:00,2061-03-05 16:05:00,False,False
,9979120,Alabama,91,Marengo,,2061-02-20 18:00:00,CST,2061-02-20 18:00:00,2,0,0,0,25K,0,,F1,Unknown,1.0,33,,,,,32.33,-87.77,,,,,AL,2061-02-20 18:00:00,2061-02-20 18:00:00,False,False
,9979121,Alabama,125,Tuscaloosa,,2061-02-22 05:30:00,CST,2061-02-22 05:30:00,0,0,0,0,250K,0,,F2,Unknown,1.0,33,,,,,33.2,-87.5,,,,,AL,2061-02-22 05:30:00,2061-02-22 05:30:00,False,False
,9979122,Alabama,113,Russell,,2061-02-24 16:30:00,CST,2061-02-24 16:30:00,4,0,0,0,25K,0,,F2,Unknown,25.6,33,,,,,32.23,-85.4,32.38,-85.0,,,AL,2061-02-24 16:30:00,2061-02-24 16:30:00,False,False
,9987228,Florida,31,Duval,,2061-07-12 16:25:00,CST,2061-07-12 16:25:00,0,0,0,0,0K,0,,,Unknown,0.0,33,,,,,30.2,-81.47,,,,,FL,2061-07-12 16:25:00,2061-07-12 16:25:00,False,False
,9987229,Florida,49,Hardee,,2061-07-14 17:00:00,CST,2061-07-14 17:00:00,0,0,0,0,2.5K,0,,F1,Unknown,0.0,33,,,,,27.55,-81.83,,,,,FL,2061-07-14 17:00:00,2061-07-14 17:00:00,False,False
,9987238,Florida,127,Volusia,,2061-08-29 00:01:00,CST,2061-08-29 00:01:00,0,0,0,0,25K,0,,F2,Unknown,0.5,60,,,,,29.05,-80.3,,,,,FL,2061-08-29 00:01:00,2061-08-29 00:01:00,False,False
,9987239,Florida,81,Manatee,,2061-08-31 16:25:00,CST,2061-08-31 16:25:00,0,0,0,0,2.5K,0,,F2,Unknown,2.0,50,,,,,27.6,-82.55,,,,,FL,2061-08-31 16:25:00,2061-08-31 16:25:00,False,False
,9981359,Arkansas,7,Benton,,2061-03-12 16:00:00,CST,2061-03-12 16:00:00,0,0,0,0,25K,0,,F1,Unknown,3.3,33,,,,,36.45,-93.98,36.48,-93.93,,,AR,2061-03-12 16:00:00,2061-03-12 16:00:00,False,False
,10070686,Nebraska,105,Kimball,,2061-06-02 15:10:00,CST,2061-06-02 15:10:00,0,0,0,0,0K,0,,,Unknown,0.0,33,,,,,41.18,-103.98,,,,,NE,2061-06-02 15:10:00,2061-06-02 15:10:00,False,False
,10070687,Nebraska,89,Holt,,2061-06-05 11:00:00,CST,2061-06-05 11:00:00,0,0,0,0,0K,0,,,Unknown,0.0,33,,,,,42.7,-98.63,,,,,NE,2061-06-05 11:00:00,2061-06-05 11:00:00,False,False
,9987202,Florida,97,Osceola,,2061-04-12 15:15:00,CST,2061-04-12 15:15:00,1,0,0,0,25K,0,,F1,Unknown,14.6,100,,,,,28.2,-81.5,28.25,-81.27,,,FL,2061-04-12 15:15:00,2061-04-12 15:15:00,False,False
,9987206,Florida,103,Pinellas,,2061-05-05 16:15:00,CST,2061-05-05 16:15:00,0,0,0,0,25K,0,,F2,Unknown,0.5,50,,,,,27.75,-82.63,,,,,FL,2061-05-05 16:15:00,2061-05-05 16:15:00,False,False
,9987209,Florida,99,Palm Beach,,2061-05-28 15:05:00,CST,2061-05-28 15:05:00,0,0,0,0,0K,0,,,Unknown,0.0,33,,,,,26.75,-80.1,,,,,FL,2061-05-28 15:05:00,2061-05-28 15:05:00,False,False
,9987214,Florida,39,Gadsden,,2061-06-20 12:00:00,CST,2061-06-20 12:00:00,0,0,0,0,250K,0,,F2,Unknown,0.5,33,,,,,30.58,-84.8,,,,,FL,2061-06-20 12:00:00,2061-06-20 12:00:00,False,False
,9987215,Florida,13,Calhoun,,2061-06-20 12:50:00,CST,2061-06-20 12:50:00,0,0,0,0,0K,0,,,Unknown,0.5,33,,,,,30.32,-85.05,,,,,FL,2061-06-20 12:50:00,2061-06-20 12:50:00,False,False
,9987219,Florida,93,Okeechobee,,2061-06-22 12:30:00,CST,2061-06-22 12:30:00,0,0,0,0,0K,0,,,Unknown,0.0,33,,,,,27.33,-80.8,,,,,FL,2061-06-22 12:30:00,2061-06-22 12:30:00,False,False
,9981360,Arkansas,113,Polk,,2061-03-12 16:45:00,CST,2061-03-12 16:45:00,0,0,0,0,25K,0,,F2,Unknown,13.2,200,,,,,34.58,-94.08,34.7,-93.9,,,AR,2061-03-12 16:45:00,2061-03-12 16:45:00,False,False
,9981361,Arkansas,15,Carroll,,2061-03-12 17:15:00,CST,2061-03-12 17:15:00,14,0,0,0,25K,0,,F2,Unknown,1.0,300,,,,,36.48,-93.8,,,,,AR,2061-03-12 17:15:00,2061-03-12 17:15:00,False,False
,9981362,Arkansas,71,Johnson,,2061-03-12 17:30:00,CST,2061-03-12 17:30:00,14,0,1,0,250K,0,,F2,Unknown,26.9,17,,,,,35.47,-93.8,35.63,-93.37,,,AR,2061-03-12 17:30:00,2061-03-12 17:30:00,False,False
,9981363,Arkansas,47,Franklin,,2061-03-12 17:40:00,CST,2061-03-12 17:40:00,4,0,0,0,250K,0,,F2,Unknown,1.9,17,,,,,35.45,-93.75,35.47,-93.72,,,AR,2061-03-12 17:40:00,2061-03-12 17:40:00,False,False
,9981365,Arkansas,119,Pulaski,,2061-03-12 17:50:00,CST,2061-03-12 17:50:00,0,0,0,0,25K,0,,,Unknown,5.4,100,,,,,34.6,-92.2,34.63,-92.12,,,AR,2061-03-12 17:50:00,2061-03-12 17:50:00,False,False
,9981366,Arkansas,9,Boone,,2061-03-12 18:00:00,CST,2061-03-12 18:00:00,4,0,0,0,250K,0,,F2,Unknown,19.0,333,,,,,36.27,-93.23,36.5,-93.05,,,AR,2061-03-12 18:00:00,2061-03-12 18:00:00,False,False
,9981367,Arkansas,105,Perry,,2061-03-12 18:00:00,CST,2061-03-12 18:00:00,0,0,0,0,25K,0,,F2,Unknown,2.0,417,,,,,34.87,-93.2,,,,,AR,2061-03-12 18:00:00,2061-03-12 18:00:00,False,False
,9981368,Arkansas,105,Perry,,2061-03-12 18:00:00,CST,2061-03-12 18:00:00,0,0,0,0,0K,0,,F2,Unknown,2.0,417,,,,,34.87,-92.97,,,,,AR,2061-03-12 18:00:00,2061-03-12 18:00:00,False,False
,9981369,Arkansas,119,Pulaski,,2061-03-12 18:00:00,CST,2061-03-12 18:00:00,0,0,0,0,250K,0,,F2,Unknown,5.6,417,,,,,34.92,-92.62,34.95,-92.53,,,AR,2061-03-12 18:00:00,2061-03-12 18:00:00,False,False
,10069278,Nebraska,161,Sheridan,,2061-07-01 09:15:00,CST,2061-07-01 09:15:00,0,0,0,0,25K,0,,F1,Unknown,0.0,33,,,,,42.77,-102.33,,,,,NE,2061-07-01 09:15:00,2061-07-01 09:15:00,False,False
,10052143,Minnesota,111,Otter Tail,,2061-06-30 18:15:00,CST,2061-06-30 18:15:00,0,0,0,0,25K,0,,F1,Unknown,14.2,33,,,,,46.43,-95.52,46.47,-95.22,,,MN,2061-06-30 18:15:00,2061-06-30 18:15:00,False,False
,10050426,Mississippi,91,Marion,,2061-02-20 17:10:00,CST,2061-02-20 17:10:00,4,0,0,0,25K,0,,F2,Unknown,7.9,73,,,,,31.33,-89.83,31.43,-89.77,,,MS,2061-02-20 17:10:00,2061-02-20 17:10:00,False,False
,10050427,Mississippi,35,Forrest,,2061-02-20 17:30:00,CST,2061-02-20 17:30:00,0,0,0,0,25K,0,,F1,Unknown,0.0,33,,,,,31.22,-89.3,,,,,MS,2061-02-20 17:30:00,2061-02-20 17:30:00,False,False
,10050428,Mississippi,65,Jefferson Davis,,2061-02-20 17:30:00,CST,2061-02-20 17:30:00,4,0,0,0,25K,0,,F2,Unknown,9.1,73,,,,,31.42,-89.77,31.53,-89.7,,,MS,2061-02-20 17:30:00,2061-02-20 17:30:00,False,False
,10052132,Minnesota,161,Waseca,,2061-05-14 17:16:00,CST,2061-05-14 17:16:00,1,0,0,0,250K,0,,F2,Unknown,5.1,880,,,,,43.97,-93.6,44.03,-93.53,,,MN,2061-05-14 17:16:00,2061-05-14 17:16:00,False,False
,10052135,Minnesota,39,Dodge,,2061-06-10 14:00:00,CST,2061-06-10 14:00:00,0,0,0,0,25K,0,,F1,Unknown,0.0,33,,,,,44.08,-92.87,,,,,MN,2061-06-10 14:00:00,2061-06-10 14:00:00,False,False
,9981370,Arkansas,45,Faulkner,,2061-03-12 18:10:00,CST,2061-03-12 18:10:00,12,0,0,0,250K,0,,F2,Unknown,26.7,417,,,,,34.95,-92.53,35.13,-92.12,,,AR,2061-03-12 18:10:00,2061-03-12 18:10:00,False,False
,9981374,Arkansas,145,White,,2061-03-12 18:45:00,CST,2061-03-12 18:45:00,0,0,0,0,250K,0,,F2,Unknown,1.9,417,,,,,35.13,-92.12,35.15,-92.08,,,AR,2061-03-12 18:45:00,2061-03-12 18:45:00,False,False
,9981376,Arkansas,129,Searcy,,2061-03-12 19:00:00,CST,2061-03-12 19:00:00,2,0,0,0,250K,0,,F2,Unknown,18.8,833,,,,,35.75,-92.85,35.92,-92.58,,,AR,2061-03-12 19:00:00,2061-03-12 19:00:00,False,False
,9981377,Arkansas,19,Clark,,2061-03-12 19:35:00,CST,2061-03-12 19:35:00,0,0,0,0,25K,0,,F1,Unknown,2.0,50,,,,,34.18,-93.13,,,,,AR,2061-03-12 19:35:00,2061-03-12 19:35:00,False,False
,9981378,Arkansas,53,Grant,,2061-03-12 20:30:00,CST,2061-03-12 20:30:00,0,0,0,0,250K,0,,F1,Unknown,9.2,333,,,,,34.28,-92.55,34.33,-92.4,,,AR,2061-03-12 20:30:00,2061-03-12 20:30:00,False,False
,9981379,Arkansas,147,Woodruff,,2061-03-12 20:30:00,CST,2061-03-12 20:30:00,12,0,0,0,250K,0,,F3,Unknown,5.1,300,,,,,35.28,-91.32,35.33,-91.25,,,AR,2061-03-12 20:30:00,2061-03-12 20:30:00,False,False
,9981380,Arkansas,101,Newton,,2061-03-12 21:00:00,CST,2061-03-12 21:00:00,0,0,0,0,0K,0,,F1,Unknown,0.0,417,,,,,35.95,-93.07,,,,,AR,2061-03-12 21:00:00,2061-03-12 21:00:00,False,False
,9981381,Arkansas,111,Poinsett,,2061-03-12 21:00:00,CST,2061-03-12 21:00:00,0,0,0,0,250K,0,,F1,Unknown,15.1,417,,,,,35.48,-90.98,35.57,-90.73,,,AR,2061-03-12 21:00:00,2061-03-12 21:00:00,False,False
,10052144,Minnesota,41,Douglas,,2061-06-30 19:30:00,CST,2061-06-30 19:30:00,0,0,0,0,25K,0,,F0,Unknown,0.0,33,,,,,45.95,-95.3,,,,,MN,2061-06-30 19:30:00,2061-06-30 19:30:00,False,False
,10052151,Minnesota,171,Wright,,2061-07-20 17:50:00,CST,2061-07-20 17:50:00,0,0,0,0,2.5K,0,,F1,Unknown,0.0,33,,,,,45.17,-93.85,,,,,MN,2061-07-20 17:50:00,2061-07-20 17:50:00,False,False
,10062694,Missouri,97,Jasper,,2061-04-25 00:30:00,CST,2061-04-25 00:30:00,0,0,0,0,25K,0,,F2,Unknown,9.0,250,,,,,37.33,-94.37,37.33,-94.2,,,MO,2061-04-25 00:30:00,2061-04-25 00:30:00,False,False
,10062695,Missouri,57,Dade,,2061-04-25 01:00:00,CST,2061-04-25 01:00:00,0,0,0,0,25K,0,,F2,Unknown,1.0,250,,,,,37.4,-93.7,,,,,MO,2061-04-25 01:00:00,2061-04-25 01:00:00,False,False
,10062702,Missouri,109,Lawrence,,2061-04-30 19:30:00,CST,2061-04-30 19:30:00,0,0,0,0,.03K,0,,F0,Unknown,0.2,10,,,,,36.98,-93.73,,,,,MO,2061-04-30 19:30:00,2061-04-30 19:30:00,False,False
,10070668,Nebraska,79,Hall,,2061-05-13 19:20:00,CST,2061-05-13 19:20:00,0,0,0,0,25K,0,,F1,Unknown,0.0,33,,,,,40.88,-98.33,,,,,NE,2061-05-13 19:20:00,2061-05-13 19:20:00,False,False
,9986240,Delaware,3,New Castle,,2061-04-28 15:45:00,CST,2061-04-28 15:45:00,0,0,0,0,25K,0,,F3,Unknown,0.3,30,,,,,39.67,-75.57,,,,,DE,2061-04-28 15:45:00,2061-04-28 15:45:00,False,False
,10070674,Nebraska,41,Custer,,2061-05-30 17:00:00,CST,2061-05-30 17:00:00,0,0,0,0,0K,0,,F3,Unknown,48.1,33,,,,,41.62,-99.87,41.63,-98.93,,,NE,2061-05-30 17:00:00,2061-05-30 17:00:00,False,False
,10070675,Nebraska,41,Custer,,2061-05-30 17:00:00,CST,2061-05-30 17:00:00,0,0,0,0,0K,0,,F3,Unknown,48.1,33,,,,,41.62,-99.87,41.63,-98.93,,,NE,2061-05-30 17:00:00,2061-05-30 17:00:00,False,False
,10070676,Nebraska,41,Custer,,2061-05-30 17:00:00,CST,2061-05-30 17:00:00,0,0,0,0,250K,0,,F4,Unknown,48.1,33,,,,,41.62,-99.87,41.63,-98.93,,,NE,2061-05-30 17:00:00,2061-05-30 17:00:00,False,False
,10070679,Nebraska,31,Cherry,,2061-05-30 18:45:00,CST,2061-05-30 18:45:00,0,0,0,0,250K,0,,F0,Unknown,0.0,33,,,,,42.87,-100.57,,,,,NE,2061-05-30 18:45:00,2061-05-30 18:45:00,False,False
,10070680,Nebraska,31,Cherry,,2061-05-30 18:45:00,CST,2061-05-30 18:45:00,0,0,0,0,0K,0,,F0,Unknown,0.0,33,,,,,42.87,-100.57,,,,,NE,2061-05-30 18:45:00,2061-05-30 18:45:00,False,False
,10119210,Texas,355,Nueces,,2061-06-18 15:00:00,CST,2061-06-18 15:00:00,0,0,0,0,25K,0,,F2,Unknown,1.0,50,,,,,27.67,-97.25,,,,,TX,2061-06-18 15:00:00,2061-06-18 15:00:00,False,False
,10119205,Texas,469,Victoria,,2061-06-09 14:30:00,CST,2061-06-09 14:30:00,0,0,0,0,.25K,0,,F0,Unknown,0.2,50,,,,,28.7,-96.98,,,,,TX,2061-06-09 14:30:00,2061-06-09 14:30:00,False,False
,10119207,Texas,47,Brooks,,2061-06-14 15:00:00,CST,2061-06-14 15:00:00,0,0,0,0,0K,0,,F0,Unknown,0.2,17,,,,,26.9,-98.17,,,,,TX,2061-06-14 15:00:00,2061-06-14 15:00:00,False,False
,10119208,Texas,53,Burnet,,2061-06-15 19:30:00,CST,2061-06-15 19:30:00,0,0,0,0,0K,0,,F1,Unknown,0.2,17,,,,,30.83,-98.23,,,,,TX,2061-06-15 19:30:00,2061-06-15 19:30:00,False,False
,10119209,Texas,355,Nueces,,2061-06-18 15:00:00,CST,2061-06-18 15:00:00,0,0,0,0,.25K,0,,F1,Unknown,2.0,440,,,,,27.58,-97.8,,,,,TX,2061-06-18 15:00:00,2061-06-18 15:00:00,False,False
,10119165,Texas,111,Dallam,,2061-06-05 15:00:00,CST,2061-06-05 15:00:00,0,0,0,0,0K,0,,F1,Unknown,23.9,500,,,,,36.57,-102.52,36.27,-102.3,,,TX,2061-06-05 15:00:00,2061-06-05 15:00:00,False,False
,10091823,Oklahoma,17,Canadian,,2061-04-30 17:30:00,CST,2061-04-30 17:30:00,0,0,0,0,25K,0,,F2,Unknown,18.1,200,,,,,35.65,-97.75,35.82,-97.5,,,OK,2061-04-30 17:30:00,2061-04-30 17:30:00,False,False
,10091824,Oklahoma,113,Osage,,2061-04-30 17:55:00,CST,2061-04-30 17:55:00,0,0,0,0,25K,0,,F2,Unknown,0.0,33,,,,,36.4,-96.5,,,,,OK,2061-04-30 17:55:00,2061-04-30 17:55:00,False,False
,10091825,Oklahoma,17,Canadian,,2061-04-30 18:00:00,CST,2061-04-30 18:00:00,0,0,0,0,0K,0,,F2,Unknown,0.5,33,,,,,35.5,-98.17,,,,,OK,2061-04-30 18:00:00,2061-04-30 18:00:00,False,False
,10091829,Oklahoma,51,Grady,,2061-04-30 18:45:00,CST,2061-04-30 18:45:00,2,0,0,0,25K,0,,F3,Unknown,2.0,77,,,,,35.33,-97.95,,,,,OK,2061-04-30 18:45:00,2061-04-30 18:45:00,False,False
,10091831,Oklahoma,137,Stephens,,2061-05-03 02:00:00,CST,2061-05-03 02:00:00,0,0,0,0,2.5K,0,,,Unknown,0.0,33,,,,,34.37,-97.93,,,,,OK,2061-05-03 02:00:00,2061-05-03 02:00:00,False,False
,10091833,Oklahoma,129,Roger Mills,,2061-05-04 15:00:00,CST,2061-05-04 15:00:00,0,0,0,0,25K,0,,F2,Unknown,23.5,200,,,,,35.6,-99.8,35.77,-99.43,,,OK,2061-05-04 15:00:00,2061-05-04 15:00:00,False,False
,10091836,Oklahoma,43,Dewey,,2061-05-04 16:00:00,CST,2061-05-04 16:00:00,0,0,0,0,0K,0,,F1,Unknown,1.0,400,,,,,35.87,-99.33,,,,,OK,2061-05-04 16:00:00,2061-05-04 16:00:00,False,False
,10091837,Oklahoma,43,Dewey,,2061-05-04 16:15:00,CST,2061-05-04 16:15:00,0,0,0,0,2.5K,0,,F2,Unknown,1.0,400,,,,,35.88,-99.33,,,,,OK,2061-05-04 16:15:00,2061-05-04 16:15:00,False,False
,10122337,Texas,417,Shackelford,,2061-05-07 08:55:00,CST,2061-05-07 08:55:00,0,0,0,0,250K,0,,F3,Unknown,3.6,133,,,,,32.93,-99.58,32.97,-99.55,,,TX,2061-05-07 08:55:00,2061-05-07 08:55:00,False,False
,10122338,Texas,23,Baylor,,2061-05-07 23:00:00,CST,2061-05-07 23:00:00,0,0,0,0,0K,0,,F0,Unknown,0.8,17,,,,,33.5,-99.25,,,,,TX,2061-05-07 23:00:00,2061-05-07 23:00:00,False,False
,10122342,Texas,65,Carson,,2061-05-16 16:45:00,CST,2061-05-16 16:45:00,0,0,0,0,2.5K,0,,F2,Unknown,0.5,33,,,,,35.32,-101.33,,,,,TX,2061-05-16 16:45:00,2061-05-16 16:45:00,False,False
,10118514,South Carolina,13,Beaufort,,2061-04-12 09:00:00,CST,2061-04-12 09:00:00,0,0,0,0,25K,0,,,Unknown,0.0,33,,,,,32.18,-80.75,,,,,SC,2061-04-12 09:00:00,2061-04-12 09:00:00,False,False
,10118516,South Carolina,31,Darlington,,2061-04-12 16:10:00,CST,2061-04-12 16:10:00,0,0,1,0,25K,0,,F1,Unknown,0.5,40,,,,,34.37,-80.07,,,,,SC,2061-04-12 16:10:00,2061-04-12 16:10:00,False,False
,10118522,South Carolina,67,Marion,,2061-06-21 12:22:00,CST,2061-06-21 12:22:00,1,0,0,0,250K,0,,F2,Unknown,6.8,167,,,,,34.18,-79.4,34.23,-79.3,,,SC,2061-06-21 12:22:00,2061-06-21 12:22:00,False,False
,10120330,Texas,223,Hopkins,,2061-08-29 17:00:00,CST,2061-08-29 17:00:00,0,0,0,0,0K,0,,F1,Unknown,0.2,17,,,,,33.13,-95.62,,,,,TX,2061-08-29 17:00:00,2061-08-29 17:00:00,False,False
,10120331,Texas,207,Haskell,,2061-09-03 16:15:00,CST,2061-09-03 16:15:00,0,0,0,0,250K,0,,F0,Unknown,0.5,17,,,,,33.45,-99.85,,,,,TX,2061-09-03 16:15:00,2061-09-03 16:15:00,False,False
,10120332,Texas,207,Haskell,,2061-09-03 16:15:00,CST,2061-09-03 16:15:00,0,0,0,0,250K,0,,F3,Unknown,0.7,30,,,,,33.38,-99.85,,,,,TX,2061-09-03 16:15:00,2061-09-03 16:15:00,False,False
,10120335,Texas,187,Guadalupe,,2061-09-04 14:57:00,CST,2061-09-04 14:57:00,0,0,0,0,2.5K,0,,F2,Unknown,1.9,33,,,,,29.62,-98.07,29.62,-98.08,,,TX,2061-09-04 14:57:00,2061-09-04 14:57:00,False,False
,10120337,Texas,321,Matagorda,,2061-09-11 11:47:00,CST,2061-09-11 11:47:00,0,0,0,0,0K,0,,F2,Unknown,0.4,50,,,,,29.0,-95.9,,,,,TX,2061-09-11 11:47:00,2061-09-11 11:47:00,False,False
,10120338,Texas,239,Jackson,,2061-09-11 13:20:00,CST,2061-09-11 13:20:00,3,0,0,0,25K,0,,F3,Unknown,0.0,33,,,,,31.92,-95.28,,,,,TX,2061-09-11 13:20:00,2061-09-11 13:20:00,False,False
,10122498,Texas,113,Dallas,,2061-04-11 16:55:00,CST,2061-04-11 16:55:00,3,0,0,0,25K,0,,F2,Unknown,0.3,33,,,,,32.97,-96.75,,,,,TX,2061-04-11 16:55:00,2061-04-11 16:55:00,False,False
,10122499,Texas,35,Bosque,,2061-04-11 17:00:00,CST,2061-04-11 17:00:00,0,0,0,0,0K,0,,F1,Unknown,13.7,100,,,,,31.78,-97.4,31.78,-97.17,,,TX,2061-04-11 17:00:00,2061-04-11 17:00:00,False,False
,10122501,Texas,349,Navarro,,2061-04-11 17:30:00,CST,2061-04-11 17:30:00,0,0,0,0,25K,0,,F2,Unknown,3.8,150,,,,,31.97,-96.8,32.0,-96.75,,,TX,2061-04-11 17:30:00,2061-04-11 17:30:00,False,False
,10122503,Texas,313,Madison,,2061-04-11 18:40:00,CST,2061-04-11 18:40:00,0,0,0,0,0K,0,,F1,Unknown,0.0,33,,,,,30.97,-95.68,,,,,TX,2061-04-11 18:40:00,2061-04-11 18:40:00,False,False
,10122504,Texas,73,Cherokee,,2061-04-11 20:00:00,CST,2061-04-11 20:00:00,0,0,0,0,2.5K,0,,F2,Unknown,0.3,50,,,,,32.02,-95.4,,,,,TX,2061-04-11 20:00:00,2061-04-11 20:00:00,False,False
,10122507,Texas,415,Scurry,,2061-04-23 16:00:00,CST,2061-04-23 16:00:00,0,0,0,0,2.5K,0,,F1,Unknown,2.0,880,,,,,32.72,-100.98,,,,,TX,2061-04-23 16:00:00,2061-04-23 16:00:00,False,False
,10122509,Texas,315,Marion,,2061-04-27 15:00:00,CST,2061-04-27 15:00:00,0,0,0,0,250K,0,,F2,Unknown,2.0,33,,,,,32.75,-94.55,,,,,TX,2061-04-27 15:00:00,2061-04-27 15:00:00,False,False
,10122510,Texas,355,Nueces,,2061-04-29 12:45:00,CST,2061-04-29 12:45:00,0,0,0,0,25K,0,,F2,Unknown,16.0,17,,,,,27.8,-97.45,27.97,-97.27,,,TX,2061-04-29 12:45:00,2061-04-29 12:45:00,False,False
,10122526,Texas,125,Dickens,,2061-05-03 15:00:00,CST,2061-05-03 15:00:00,0,0,0,0,0K,0,,F1,Unknown,38.3,33,,,,,33.78,-100.83,33.45,-100.3,,,TX,2061-05-03 15:00:00,2061-05-03 15:00:00,False,False
,10072267,Montana,13,Cascade,,2061-06-29 16:00:00,CST,2061-06-29 16:00:00,0,0,0,0,2.5K,0,,,Unknown,0.0,33,,,,,47.4,-111.1,,,,,MT,2061-06-29 16:00:00,2061-06-29 16:00:00,False,False
,10072270,Montana,21,Dawson,,2061-06-29 17:15:00,CST,2061-06-29 17:15:00,1,0,0,0,2.5M,0,,,Unknown,15.9,33,,,,,47.1,-104.7,47.22,-104.4,,,MT,2061-06-29 17:15:00,2061-06-29 17:15:00,False,False
,10033733,Kentucky,183,Ohio,,2061-05-07 09:48:00,CST,2061-05-07 09:48:00,0,0,0,0,2.5M,0,,F3,Unknown,5.6,880,,,,,37.4,-87.1,37.42,-87.0,,,KY,2061-05-07 09:48:00,2061-05-07 09:48:00,False,False
,10033734,Kentucky,183,Ohio,,2061-05-07 09:56:00,CST,2061-05-07 09:56:00,0,0,0,0,2.5M,0,,F3,Unknown,21.0,880,,,,,37.42,-87.0,37.4,-86.62,,,KY,2061-05-07 09:56:00,2061-05-07 09:56:00,False,False
,10033735,Kentucky,85,Grayson,,2061-05-07 10:17:00,CST,2061-05-07 10:17:00,0,0,0,0,2.5M,0,,F3,Unknown,8.2,880,,,,,37.4,-86.62,37.4,-86.47,,,KY,2061-05-07 10:17:00,2061-05-07 10:17:00,False,False
,10043721,Maine,29,Washington,,2061-09-15 09:30:00,CST,2061-09-15 09:30:00,1,0,0,0,25K,0,,F2,Unknown,19.1,33,,,,,44.5,-67.6,44.73,-67.38,,,ME,2061-09-15 09:30:00,2061-09-15 09:30:00,False,False
,10050448,Mississippi,49,Hinds,,2061-06-12 18:38:00,CST,2061-06-12 18:38:00,0,0,0,0,2.5K,0,,F1,Unknown,0.0,33,,,,,32.4,-90.58,,,,,MS,2061-06-12 18:38:00,2061-06-12 18:38:00,False,False
,10050449,Mississippi,129,Smith,,2061-06-24 12:45:00,CST,2061-06-24 12:45:00,0,0,0,0,2.5K,0,,F1,Unknown,0.0,33,,,,,32.2,-89.72,,,,,MS,2061-06-24 12:45:00,2061-06-24 12:45:00,False,False
,10050450,Mississippi,49,Hinds,,2061-07-01 17:45:00,CST,2061-07-01 17:45:00,0,0,0,0,2.5K,0,,F1,Unknown,1.0,7,,,,,32.32,-90.2,,,,,MS,2061-07-01 17:45:00,2061-07-01 17:45:00,False,False
,10050452,Mississippi,49,Hinds,,2061-11-15 18:20:00,CST,2061-11-15 18:20:00,1,0,0,0,25K,0,,F2,Unknown,1.9,50,,,,,32.33,-90.68,32.35,-90.67,,,MS,2061-11-15 18:20:00,2061-11-15 18:20:00,False,False
,10083163,Ohio,157,Tuscarawas,,2061-05-08 16:30:00,CST,2061-05-08 16:30:00,0,0,0,0,25K,0,,F1,Unknown,0.0,33,,,,,40.4,-81.4,,,,,OH,2061-05-08 16:30:00,2061-05-08 16:30:00,False,False
,10083164,Ohio,31,Coshocton,,2061-05-09 16:00:00,CST,2061-05-09 16:00:00,0,0,0,0,2.5K,0,,F1,Unknown,0.0,100,,,,,40.33,-82.0,,,,,OH,2061-05-09 16:00:00,2061-05-09 16:00:00,False,False
,10051309,Mississippi,131,Stone,,2061-11-22 12:00:00,CST,2061-11-22 12:00:00,0,0,0,0,2.5K,0,,F1,Unknown,0.2,33,,,,,30.77,-89.15,,,,,MS,2061-11-22 12:00:00,2061-11-22 12:00:00,False,False
,10078383,New Mexico,49,Santa Fe,,2061-08-16 13:30:00,CST,2061-08-16 13:30:00,0,0,0,0,0K,0,,F0,Unknown,0.0,33,,,,,35.5,-105.9,,,,,NM,2061-08-16 13:30:00,2061-08-16 13:30:00,False,False
,9981420,Arkansas,63,Independence,,2061-05-08 19:20:00,CST,2061-05-08 19:20:00,0,0,0,0,25K,0,,F1,Unknown,4.3,200,,,,,35.82,-91.6,35.85,-91.53,,,AR,2061-05-08 19:20:00,2061-05-08 19:20:00,False,False
,9981421,Arkansas,121,Randolph,,2061-05-14 14:00:00,CST,2061-05-14 14:00:00,0,0,0,0,2.5K,0,,F1,Unknown,0.0,100,,,,,36.18,-90.97,,,,,AR,2061-05-14 14:00:00,2061-05-14 14:00:00,False,False
,9981422,Arkansas,1,Arkansas,,2061-05-14 16:20:00,CST,2061-05-14 16:20:00,0,0,0,0,25K,0,,F2,Unknown,5.9,417,,,,,34.5,-91.6,34.55,-91.52,,,AR,2061-05-14 16:20:00,2061-05-14 16:20:00,False,False
,9986184,Connecticut,13,Tolland,,2061-04-26 10:15:00,CST,2061-04-26 10:15:00,0,0,0,0,2.5K,0,,F1,Unknown,0.0,33,,,,,41.9,-72.5,,,,,CT,2061-04-26 10:15:00,2061-04-26 10:15:00,False,False
,10069295,Nebraska,89,Holt,,2061-07-18 18:00:00,CST,2061-07-18 18:00:00,0,0,0,0,0K,0,,F1,Unknown,0.0,33,,,,,42.62,-98.83,,,,,NE,2061-07-18 18:00:00,2061-07-18 18:00:00,False,False
,9981385,Arkansas,1,Arkansas,,2061-03-26 23:30:00,CST,2061-03-26 23:30:00,6,0,0,0,250K,0,,F2,Unknown,1.5,333,,,,,34.48,-91.55,,,,,AR,2061-03-26 23:30:00,2061-03-26 23:30:00,False,False
,10062715,Missouri,99,Jefferson,,2061-05-06 16:15:00,CST,2061-05-06 16:15:00,0,0,0,0,25K,0,,F1,Unknown,5.7,50,,,,,38.15,-90.53,38.2,-90.45,,,MO,2061-05-06 16:15:00,2061-05-06 16:15:00,False,False
,10062717,Missouri,153,Ozark,,2061-05-07 03:00:00,CST,2061-05-07 03:00:00,0,0,0,0,250K,0,,F3,Unknown,3.6,300,,,,,36.5,-92.3,36.53,-92.25,,,MO,2061-05-07 03:00:00,2061-05-07 03:00:00,False,False
,10062718,Missouri,153,Ozark,,2061-05-07 03:10:00,CST,2061-05-07 03:10:00,1,0,0,0,250K,0,,F3,Unknown,8.0,300,,,,,36.53,-92.25,36.58,-92.12,,,MO,2061-05-07 03:10:00,2061-05-07 03:10:00,False,False
,10062719,Missouri,91,Howell,,2061-05-07 03:30:00,CST,2061-05-07 03:30:00,0,0,0,0,250K,0,,F3,Unknown,6.8,300,,,,,36.58,-92.12,36.62,-92.0,,,MO,2061-05-07 03:30:00,2061-05-07 03:30:00,False,False
,10062720,Missouri,91,Howell,,2061-05-07 03:40:00,CST,2061-05-07 03:40:00,8,0,0,0,250K,0,,F3,Unknown,1.9,300,,,,,36.62,-92.0,36.63,-91.97,,,MO,2061-05-07 03:40:00,2061-05-07 03:40:00,False,False
,10062725,Missouri,165,Platte,,2061-05-07 15:45:00,CST,2061-05-07 15:45:00,0,0,0,0,250K,0,,F4,Unknown,2.7,50,,,,,39.22,-94.77,39.23,-94.72,,,MO,2061-05-07 15:45:00,2061-05-07 15:45:00,False,False
,10062726,Missouri,165,Platte,,2061-05-07 15:55:00,CST,2061-05-07 15:55:00,0,0,0,0,250K,0,,F4,Unknown,9.0,50,,,,,39.23,-94.72,39.27,-94.55,,,MO,2061-05-07 15:55:00,2061-05-07 15:55:00,False,False
,10062727,Missouri,99,Jefferson,,2061-05-07 16:15:00,CST,2061-05-07 16:15:00,0,0,0,0,2.5K,0,,F1,Unknown,5.6,50,,,,,38.07,-90.63,38.12,-90.55,,,MO,2061-05-07 16:15:00,2061-05-07 16:15:00,False,False
,10062729,Missouri,165,Platte,,2061-05-07 16:45:00,CST,2061-05-07 16:45:00,0,0,0,0,250K,0,,F4,Unknown,6.9,50,,,,,39.27,-94.55,39.28,-94.42,,,MO,2061-05-07 16:45:00,2061-05-07 16:45:00,False,False
,10062730,Missouri,177,Ray,,2061-05-07 17:30:00,CST,2061-05-07 17:30:00,0,0,0,0,25K,0,,F2,Unknown,7.3,50,,,,,39.3,-94.05,39.33,-93.92,,,MO,2061-05-07 17:30:00,2061-05-07 17:30:00,False,False
,10062731,Missouri,177,Ray,,2061-05-07 17:45:00,CST,2061-05-07 17:45:00,2,0,0,0,25K,0,,F2,Unknown,0.0,50,,,,,39.33,-93.92,39.33,-93.92,,,MO,2061-05-07 17:45:00,2061-05-07 17:45:00,False,False
,10062732,Missouri,33,Carroll,,2061-05-07 18:00:00,CST,2061-05-07 18:00:00,0,0,0,0,25K,0,,F2,Unknown,9.6,50,,,,,39.38,-93.62,39.4,-93.43,,,MO,2061-05-07 18:00:00,2061-05-07 18:00:00,False,False
,9979124,Alabama,57,Fayette,,2061-03-07 21:30:00,CST,2061-03-07 21:30:00,0,0,0,0,250K,0,,F3,Unknown,15.0,33,,,,,33.82,-87.9,33.88,-87.65,,,AL,2061-03-07 21:30:00,2061-03-07 21:30:00,False,False
,9979125,Alabama,127,Walker,,2061-03-07 21:30:00,CST,2061-03-07 21:30:00,1,0,0,0,250K,0,,F3,Unknown,5.9,33,,,,,33.88,-87.65,33.9,-87.55,,,AL,2061-03-07 21:30:00,2061-03-07 21:30:00,False,False
,9979126,Alabama,43,Cullman,,2061-03-07 23:40:00,CST,2061-03-07 23:40:00,0,0,0,0,250K,0,,F3,Unknown,10.4,200,,,,,34.25,-86.73,34.33,-86.58,,,AL,2061-03-07 23:40:00,2061-03-07 23:40:00,False,False
,9979127,Alabama,95,Marshall,,2061-03-07 23:40:00,CST,2061-03-07 23:40:00,8,0,0,0,250K,0,,F3,Unknown,8.9,200,,,,,34.33,-86.58,34.4,-86.45,,,AL,2061-03-07 23:40:00,2061-03-07 23:40:00,False,False
,9979128,Alabama,123,Tallapoosa,,2061-03-08 04:00:00,CST,2061-03-08 04:00:00,0,0,0,0,25K,0,,F1,Unknown,0.0,33,,,,,32.95,-85.97,,,,,AL,2061-03-08 04:00:00,2061-03-08 04:00:00,False,False
,9979132,Alabama,53,Escambia,,2061-03-17 08:30:00,CST,2061-03-17 08:30:00,0,0,0,0,25K,0,,F1,Unknown,4.1,33,,,,,31.03,-87.48,31.05,-87.42,,,AL,2061-03-17 08:30:00,2061-03-17 08:30:00,False,False
,9981402,Arkansas,115,Pope,,2061-05-05 20:30:00,CST,2061-05-05 20:30:00,4,0,1,0,25K,0,,F2,Unknown,1.0,50,,,,,35.45,-93.13,,,,,AR,2061-05-05 20:30:00,2061-05-05 20:30:00,False,False
,9981403,Arkansas,51,Garland,,2061-05-05 21:00:00,CST,2061-05-05 21:00:00,6,0,0,0,250K,0,,F2,Unknown,2.0,300,,,,,34.52,-93.13,,,,,AR,2061-05-05 21:00:00,2061-05-05 21:00:00,False,False
,9981404,Arkansas,45,Faulkner,,2061-05-05 22:30:00,CST,2061-05-05 22:30:00,3,0,0,0,25K,0,,F1,Unknown,2.5,833,,,,,35.07,-92.43,,,,,AR,2061-05-05 22:30:00,2061-05-05 22:30:00,False,False
,9981407,Arkansas,119,Pulaski,,2061-05-06 00:15:00,CST,2061-05-06 00:15:00,3,0,0,0,250K,0,,F1,Unknown,1.0,200,,,,,34.63,-92.25,,,,,AR,2061-05-06 00:15:00,2061-05-06 00:15:00,False,False
,9981412,Arkansas,63,Independence,,2061-05-06 23:56:00,CST,2061-05-06 23:56:00,0,0,0,0,250K,0,,F2,Unknown,5.6,200,,,,,35.65,-91.43,35.7,-91.35,,,AR,2061-05-06 23:56:00,2061-05-06 23:56:00,False,False
,9981413,Arkansas,89,Marion,,2061-05-07 01:00:00,CST,2061-05-07 01:00:00,9,0,3,0,2.5M,0,,F3,Unknown,14.2,1760,,,,,36.12,-92.78,36.3,-92.67,,,AR,2061-05-07 01:00:00,2061-05-07 01:00:00,False,False
,9981414,Arkansas,129,Searcy,,2061-05-07 02:00:00,CST,2061-05-07 02:00:00,0,0,0,0,25K,0,,F2,Unknown,10.8,333,,,,,36.07,-92.87,36.12,-92.68,,,AR,2061-05-07 02:00:00,2061-05-07 02:00:00,False,False
,9981415,Arkansas,89,Marion,,2061-05-07 02:15:00,CST,2061-05-07 02:15:00,1,0,0,0,2.5M,0,,F3,Unknown,23.5,333,,,,,36.2,-92.5,36.5,-92.3,,,AR,2061-05-07 02:15:00,2061-05-07 02:15:00,False,False
,9981416,Arkansas,129,Searcy,,2061-05-08 05:00:00,CST,2061-05-08 05:00:00,0,0,0,0,25K,0,,F2,Unknown,1.5,33,,,,,36.03,-92.8,,,,,AR,2061-05-08 05:00:00,2061-05-08 05:00:00,False,False
,9981417,Arkansas,59,Hot Spring,,2061-05-08 08:30:00,CST,2061-05-08 08:30:00,0,0,0,0,0K,0,,F1,Unknown,0.3,100,,,,,34.2,-92.73,,,,,AR,2061-05-08 08:30:00,2061-05-08 08:30:00,False,False
,10040366,Massachusetts,11,Franklin,,2061-07-02 15:30:00,CST,2061-07-02 15:30:00,0,0,0,0,25K,0,,F0,Unknown,2.0,280,,,,,42.4,-72.6,,,,,MA,2061-07-02 15:30:00,2061-07-02 15:30:00,False,False
,10040053,Maryland,3,Anne Arundel,,2061-07-13 15:00:00,CST,2061-07-13 15:00:00,0,0,0,0,25K,0,,F1,Unknown,0.5,500,,,,,39.07,-76.65,,,,,MD,2061-07-13 15:00:00,2061-07-13 15:00:00,False,False
,10040056,Maryland,43,Washington,,2061-07-24 16:00:00,CST,2061-07-24 16:00:00,0,0,0,0,25K,0,,F1,Unknown,0.0,500,,,,,39.7,-77.62,39.72,-77.58,,,MD,2061-07-24 16:00:00,2061-07-24 16:00:00,False,False
,10069328,Nebraska,179,Wayne,,2061-10-10 14:35:00,CST,2061-10-10 14:35:00,0,0,0,0,2.5K,0,,,Unknown,0.3,20,,,,,42.27,-96.87,,,,,NE,2061-10-10 14:35:00,2061-10-10 14:35:00,False,False
,9987241,Florida,81,Manatee,,2061-10-05 14:55:00,CST,2061-10-05 14:55:00,0,0,0,0,0K,0,,F0,Unknown,0.0,27,,,,,27.62,-80.4,,,,,FL,2061-10-05 14:55:00,2061-10-05 14:55:00,False,False
,9987242,Florida,91,Okaloosa,,2061-11-22 22:00:00,CST,2061-11-22 22:00:00,1,0,0,0,.25K,0,,,Unknown,0.0,33,,,,,30.72,-86.7,,,,,FL,2061-11-22 22:00:00,2061-11-22 22:00:00,False,False
,9986116,Florida,57,Hillsborough,,2061-02-25 08:00:00,CST,2061-02-25 08:00:00,0,0,0,0,2.5K,0,,F1,Unknown,0.3,50,,,,,28.0,-82.5,,,,,FL,2061-02-25 08:00:00,2061-02-25 08:00:00,False,False
,9986118,Florida,95,Orange,,2061-02-25 09:45:00,CST,2061-02-25 09:45:00,0,0,0,0,2.5K,0,,F1,Unknown,0.0,33,,,,,28.5,-81.4,,,,,FL,2061-02-25 09:45:00,2061-02-25 09:45:00,False,False
,9986122,Florida,11,Broward,,2061-03-21 11:15:00,CST,2061-03-21 11:15:00,0,0,0,0,25K,0,,F0,Unknown,0.0,33,,,,,26.0,-80.25,,,,,FL,2061-03-21 11:15:00,2061-03-21 11:15:00,False,False
,9986125,Florida,47,Hamilton,,2061-03-31 12:50:00,CST,2061-03-31 12:50:00,0,0,0,0,.25K,0,,F1,Unknown,0.5,100,,,,,30.52,-82.97,,,,,FL,2061-03-31 12:50:00,2061-03-31 12:50:00,False,False
,9986127,Florida,89,Nassau,,2061-03-31 13:50:00,CST,2061-03-31 13:50:00,0,0,0,0,2.5K,0,,F0,Unknown,0.0,33,,,,,30.68,-81.4,,,,,FL,2061-03-31 13:50:00,2061-03-31 13:50:00,False,False
,9986129,Florida,31,Duval,,2061-04-09 15:50:00,CST,2061-04-09 15:50:00,3,0,0,0,25K,0,,F1,Unknown,0.8,33,,,,,30.3,-81.4,,,,,FL,2061-04-09 15:50:00,2061-04-09 15:50:00,False,False
,10078365,New Mexico,41,Roosevelt,,2061-06-06 16:30:00,CST,2061-06-06 16:30:00,0,0,0,0,.25K,0,,F0,Unknown,1.0,433,,,,,34.1,-103.5,,,,,NM,2061-06-06 16:30:00,2061-06-06 16:30:00,False,False
,10078366,New Mexico,59,Union,,2061-06-07 15:45:00,CST,2061-06-07 15:45:00,0,0,0,0,0K,0,,F0,Unknown,0.0,33,,,,,36.32,-103.93,,,,,NM,2061-06-07 15:45:00,2061-06-07 15:45:00,False,False
,10050429,Mississippi,65,Jefferson Davis,,2061-02-20 17:30:00,CST,2061-02-20 17:30:00,2,0,0,0,250K,0,,F2,Unknown,12.9,73,,,,,31.6,-89.95,31.77,-89.85,,,MS,2061-02-20 17:30:00,2061-02-20 17:30:00,False,False
,10050431,Mississippi,127,Simpson,,2061-02-20 18:00:00,CST,2061-02-20 18:00:00,2,0,0,0,0K,0,,F2,Unknown,12.5,73,,,,,31.77,-89.85,31.93,-89.77,,,MS,2061-02-20 18:00:00,2061-02-20 18:00:00,False,False
,10050432,Mississippi,73,Lamar,,2061-02-21 17:20:00,CST,2061-02-21 17:20:00,0,0,0,0,2.5K,0,,F1,Unknown,0.0,33,,,,,31.42,-89.55,,,,,MS,2061-02-21 17:20:00,2061-02-21 17:20:00,False,False
,10050434,Mississippi,11,Bolivar,,2061-03-07 17:30:00,CST,2061-03-07 17:30:00,10,0,0,0,25K,0,,F1,Unknown,16.2,300,,,,,33.93,-90.92,34.1,-90.72,,,MS,2061-03-07 17:30:00,2061-03-07 17:30:00,False,False
,10050438,Mississippi,105,Oktibbeha,,2061-03-07 21:00:00,CST,2061-03-07 21:00:00,0,0,0,0,25K,0,,F2,Unknown,0.0,33,,,,,33.45,-88.83,,,,,MS,2061-03-07 21:00:00,2061-03-07 21:00:00,False,False
,10061420,Missouri,111,Lewis,,2061-07-22 15:00:00,CST,2061-07-22 15:00:00,0,0,0,0,25K,0,,F1,Unknown,0.2,17,,,,,40.0,-91.72,,,,,MO,2061-07-22 15:00:00,2061-07-22 15:00:00,False,False
,10061421,Missouri,159,Pettis,,2061-07-22 18:15:00,CST,2061-07-22 18:15:00,0,0,0,0,250K,0,,F1,Unknown,1.9,50,,,,,38.92,-93.5,38.93,-93.55,,,MO,2061-07-22 18:15:00,2061-07-22 18:15:00,False,False
,10061422,Missouri,95,Jackson,,2061-07-22 21:00:00,CST,2061-07-22 21:00:00,0,0,0,0,25K,0,,F2,Unknown,1.3,133,,,,,38.83,-94.13,38.85,-94.1,,,MO,2061-07-22 21:00:00,2061-07-22 21:00:00,False,False
,10034594,Kentucky,1,Adair,,2061-06-09 13:00:00,CST,2061-06-09 13:00:00,0,0,0,0,25K,0,,F2,Unknown,1.0,33,,,,,37.2,-85.3,,,,,KY,2061-06-09 13:00:00,2061-06-09 13:00:00,False,False
,9987244,Florida,37,Franklin,,2061-11-23 02:50:00,CST,2061-11-23 02:50:00,1,0,0,0,25K,0,,F2,Unknown,2.0,100,,,,,29.73,-84.98,,,,,FL,2061-11-23 02:50:00,2061-11-23 02:50:00,False,False
,9987245,Florida,39,Gadsden,,2061-11-23 04:10:00,CST,2061-11-23 04:10:00,0,0,0,0,250K,0,,F2,Unknown,0.0,100,,,,,30.48,-84.55,,,,,FL,2061-11-23 04:10:00,2061-11-23 04:10:00,False,False
,9987246,Florida,57,Hillsborough,,2061-11-23 12:00:00,CST,2061-11-23 12:00:00,0,0,0,0,2.5K,0,,F1,Unknown,0.0,33,,,,,27.9,-82.5,,,,,FL,2061-11-23 12:00:00,2061-11-23 12:00:00,False,False
,10061627,Missouri,101,Johnson,,2061-04-23 02:20:00,CST,2061-04-23 02:20:00,0,0,0,0,2.5K,0,,F1,Unknown,7.1,50,,,,,38.72,-93.98,38.73,-93.85,,,MO,2061-04-23 02:20:00,2061-04-23 02:20:00,False,False
,10061628,Missouri,37,Cass,,2061-04-23 14:00:00,CST,2061-04-23 14:00:00,0,0,0,0,2.5K,0,,F1,Unknown,0.2,10,,,,,38.75,-94.17,,,,,MO,2061-04-23 14:00:00,2061-04-23 14:00:00,False,False
,10070688,Nebraska,79,Hall,,2061-06-05 17:53:00,CST,2061-06-05 17:53:00,0,0,0,0,0K,0,,,Unknown,0.0,33,,,,,40.92,-98.35,,,,,NE,2061-06-05 17:53:00,2061-06-05 17:53:00,False,False
,9975809,Alabama,21,Chilton,,2061-12-11 20:05:00,CST,2061-12-11 20:05:00,0,0,0,0,2.5K,0,,F1,Unknown,2.0,150,,,,,32.9,-86.6,,,,,AL,2061-12-11 20:05:00,2061-12-11 20:05:00,False,False
,9975810,Alabama,37,Coosa,,2061-12-11 21:00:00,CST,2061-12-11 21:00:00,0,0,0,0,25K,0,,F2,Unknown,0.0,33,,,,,33.03,-86.08,,,,,AL,2061-12-11 21:00:00,2061-12-11 21:00:00,False,False
,9975812,Alabama,119,Sumter,,2061-12-12 04:15:00,CST,2061-12-12 04:15:00,0,0,0,0,25K,0,,F2,Unknown,24.2,33,,,,,32.4,-88.38,32.53,-88.0,,,AL,2061-12-12 04:15:00,2061-12-12 04:15:00,False,False
,9975813,Alabama,29,Cleburne,,2061-12-12 05:00:00,CST,2061-12-12 05:00:00,0,0,0,0,2.5K,0,,F1,Unknown,0.0,33,,,,,33.77,-85.55,,,,,AL,2061-12-12 05:00:00,2061-12-12 05:00:00,False,False
,9975814,Alabama,105,Perry,,2061-12-17 21:00:00,EST,2061-12-17 21:00:00,1,0,0,0,25K,0,,F2,Unknown,5.4,100,,,,,32.6,-87.3,32.63,-87.22,,,AL,2061-12-17 21:00:00,2061-12-17 21:00:00,False,False
,10061623,Missouri,37,Cass,,2061-04-22 02:00:00,CST,2061-04-22 02:00:00,0,0,0,0,25K,0,,F1,Unknown,0.2,50,,,,,38.77,-94.22,,,,,MO,2061-04-22 02:00:00,2061-04-22 02:00:00,False,False
,9975790,Alabama,109,Pike,,2061-04-27 09:00:00,CST,2061-04-27 09:00:00,2,0,0,0,25K,0,,F2,Unknown,0.0,33,,,,,31.67,-86.0,,,,,AL,2061-04-27 09:00:00,2061-04-27 09:00:00,False,False
,9975797,Alabama,89,Madison,,2061-06-06 15:00:00,CST,2061-06-06 15:00:00,0,0,0,0,2.5K,0,,F1,Unknown,0.0,33,,,,,34.9,-86.4,,,,,AL,2061-06-06 15:00:00,2061-06-06 15:00:00,False,False
,9975798,Alabama,69,Houston,,2061-06-20 13:30:00,CST,2061-06-20 13:30:00,0,0,0,0,25K,0,,F2,Unknown,0.0,33,,,,,31.13,-85.27,,,,,AL,2061-06-20 13:30:00,2061-06-20 13:30:00,False,False
,9975801,Alabama,97,Mobile,,2061-09-10 14:55:00,CST,2061-09-10 14:55:00,0,0,0,0,2.5K,0,,F1,Unknown,0.5,33,,,,,30.37,-88.12,,,,,AL,2061-09-10 14:55:00,2061-09-10 14:55:00,False,False
,10076834,New York,9,Cattaraugus,,2061-05-15 18:30:00,CST,2061-05-15 18:30:00,0,0,0,0,250K,0,,F3,Unknown,3.0,33,,,,,42.1,-78.6,42.1,-78.52,,,NY,2061-05-15 18:30:00,2061-05-15 18:30:00,False,False
,9975804,Alabama,53,Escambia,,2061-12-10 07:30:00,CST,2061-12-10 07:30:00,1,0,0,0,250K,0,,F3,Unknown,0.2,33,,,,,31.12,-87.05,,,,,AL,2061-12-10 07:30:00,2061-12-10 07:30:00,False,False
,9975805,Alabama,15,Calhoun,,2061-12-11 18:05:00,CST,2061-12-11 18:05:00,0,0,0,0,250K,0,,F3,Unknown,3.3,200,,,,,33.8,-85.78,33.83,-85.75,,,AL,2061-12-11 18:05:00,2061-12-11 18:05:00,False,False
,9975806,Alabama,65,Hale,,2061-12-11 19:00:00,CST,2061-12-11 19:00:00,0,0,0,0,25K,0,,F2,Unknown,8.3,150,,,,,32.78,-87.67,32.87,-87.57,,,AL,2061-12-11 19:00:00,2061-12-11 19:00:00,False,False
,9975807,Alabama,105,Perry,,2061-12-11 19:00:00,CST,2061-12-11 19:00:00,2,0,0,0,250K,0,,F3,Unknown,9.4,100,,,,,32.63,-87.4,32.68,-87.25,,,AL,2061-12-11 19:00:00,2061-12-11 19:00:00,False,False
,9983969,Arizona,13,Maricopa,,2061-09-08 14:30:00,CST,2061-09-08 14:30:00,2,0,0,0,250K,0,,F1,Unknown,11.8,33,,,,,33.4,-112.0,33.57,-111.95,,,AZ,2061-09-08 14:30:00,2061-09-08 14:30:00,False,False
,10076842,New York,29,Erie,,2061-07-07 14:45:00,CST,2061-07-07 14:45:00,0,0,0,0,250K,0,,F2,Unknown,7.8,100,,,,,43.0,-78.95,43.0,-78.78,,,NY,2061-07-07 14:45:00,2061-07-07 14:45:00,False,False
,10076847,New York,77,Otsego,,2061-08-16 18:00:00,CST,2061-08-16 18:00:00,0,0,0,0,25K,0,,F0,Unknown,0.0,33,,,,,42.5,-75.3,,,,,NY,2061-08-16 18:00:00,2061-08-16 18:00:00,False,False
,10076849,New York,109,Tompkins,,2061-08-25 18:00:00,CST,2061-08-25 18:00:00,0,0,0,0,25K,0,,F0,Unknown,0.0,33,,,,,42.4,-76.57,,,,,NY,2061-08-25 18:00:00,2061-08-25 18:00:00,False,False
,10076899,North Carolina,57,Davidson,,2061-05-11 15:00:00,CST,2061-05-11 15:00:00,0,0,0,0,.25K,0,,F0,Unknown,0.5,27,,,,,35.9,-80.1,,,,,NC,2061-05-11 15:00:00,2061-05-11 15:00:00,False,False
,10076888,North Carolina,141,Pender,,2061-02-25 11:06:00,CST,2061-02-25 11:06:00,0,0,0,0,2.5K,0,,F1,Unknown,0.0,33,,,,,34.55,-78.08,,,,,NC,2061-02-25 11:06:00,2061-02-25 11:06:00,False,False
,10076895,North Carolina,119,Mecklenburg,,2061-04-12 17:10:00,CST,2061-04-12 17:10:00,0,0,0,0,25K,0,,F1,Unknown,1.0,200,,,,,35.3,-80.9,,,,,NC,2061-04-12 17:10:00,2061-04-12 17:10:00,False,False
,9975784,Alabama,113,Russell,,2061-03-31 13:10:00,CST,2061-03-31 13:10:00,7,0,0,0,25K,0,,F3,Unknown,3.0,167,,,,,32.43,-85.03,32.45,-84.98,,,AL,2061-03-31 13:10:00,2061-03-31 13:10:00,False,False
,10076830,New York,105,Sullivan,,2061-05-09 18:10:00,CST,2061-05-09 18:10:00,4,0,0,0,2.5M,0,,F2,Unknown,6.8,250,,,,,41.8,-74.78,41.83,-74.65,,,NY,2061-05-09 18:10:00,2061-05-09 18:10:00,False,False
,10061592,Missouri,91,Howell,,2061-03-05 15:00:00,CST,2061-03-05 15:00:00,0,0,0,0,2.5K,0,,F1,Unknown,1.0,100,,,,,36.72,-91.83,,,,,MO,2061-03-05 15:00:00,2061-03-05 15:00:00,False,False
,10061593,Missouri,39,Cedar,,2061-03-05 21:00:00,CST,2061-03-05 21:00:00,0,0,0,0,2.5K,0,,F1,Unknown,2.5,50,,,,,37.78,-93.83,,,,,MO,2061-03-05 21:00:00,2061-03-05 21:00:00,False,False
,10061594,Missouri,39,Cedar,,2061-03-05 21:30:00,CST,2061-03-05 21:30:00,0,0,0,0,2.5K,0,,F1,Unknown,0.2,17,,,,,37.7,-93.9,,,,,MO,2061-03-05 21:30:00,2061-03-05 21:30:00,False,False
,10061595,Missouri,141,Morgan,,2061-03-05 22:30:00,CST,2061-03-05 22:30:00,0,0,0,0,250K,0,,F2,Unknown,9.6,50,,,,,38.27,-92.77,38.38,-92.67,,,MO,2061-03-05 22:30:00,2061-03-05 22:30:00,False,False
,10061596,Missouri,141,Morgan,,2061-03-05 22:30:00,CST,2061-03-05 22:30:00,0,0,0,0,250K,0,,F2,Unknown,0.0,50,,,,,38.38,-92.67,38.38,-92.67,,,MO,2061-03-05 22:30:00,2061-03-05 22:30:00,False,False
,10061597,Missouri,135,Moniteau,,2061-03-05 22:45:00,CST,2061-03-05 22:45:00,0,0,0,0,2.5K,0,,F1,Unknown,0.2,10,,,,,38.6,-92.57,,,,,MO,2061-03-05 22:45:00,2061-03-05 22:45:00,False,False
,10061598,Missouri,135,Moniteau,,2061-03-05 22:45:00,CST,2061-03-05 22:45:00,0,0,0,0,2.5K,0,,F1,Unknown,0.2,10,,,,,38.6,-92.57,,,,,MO,2061-03-05 22:45:00,2061-03-05 22:45:00,False,False
,10061600,Missouri,157,Perry,,2061-03-06 02:30:00,CST,2061-03-06 02:30:00,0,0,0,0,25K,0,,F2,Unknown,1.9,50,,,,,37.87,-89.87,37.9,-89.85,,,MO,2061-03-06 02:30:00,2061-03-06 02:30:00,False,False
,10061602,Missouri,9,Barry,,2061-03-12 18:00:00,CST,2061-03-12 18:00:00,4,0,0,0,25K,0,,F1,Unknown,7.8,50,,,,,36.6,-93.62,36.67,-93.5,,,MO,2061-03-12 18:00:00,2061-03-12 18:00:00,False,False
,10061603,Missouri,209,Stone,,2061-03-12 18:00:00,CST,2061-03-12 18:00:00,0,0,0,0,250K,0,,F2,Unknown,16.3,50,,,,,36.62,-93.38,36.72,-93.12,,,MO,2061-03-12 18:00:00,2061-03-12 18:00:00,False,False
,10061604,Missouri,145,Newton,,2061-03-12 18:10:00,CST,2061-03-12 18:10:00,6,0,0,0,250K,0,,F2,Unknown,1.9,50,,,,,36.95,-94.45,36.97,-94.43,,,MO,2061-03-12 18:10:00,2061-03-12 18:10:00,False,False
,10061605,Missouri,153,Ozark,,2061-03-12 19:00:00,CST,2061-03-12 19:00:00,0,0,0,0,250K,0,,F2,Unknown,1.3,150,,,,,36.62,-92.13,36.63,-92.12,,,MO,2061-03-12 19:00:00,2061-03-12 19:00:00,False,False
,10061606,Missouri,91,Howell,,2061-03-12 19:10:00,CST,2061-03-12 19:10:00,11,0,1,0,250K,0,,F2,Unknown,6.5,150,,,,,36.63,-92.12,36.7,-92.03,,,MO,2061-03-12 19:10:00,2061-03-12 19:10:00,False,False
,10061607,Missouri,91,Howell,,2061-03-12 19:20:00,CST,2061-03-12 19:20:00,0,0,0,0,250K,0,,F2,Unknown,13.3,150,,,,,36.7,-92.03,36.78,-91.82,,,MO,2061-03-12 19:20:00,2061-03-12 19:20:00,False,False
,10061608,Missouri,153,Ozark,,2061-03-12 19:30:00,CST,2061-03-12 19:30:00,0,0,0,0,250K,0,,F1,Unknown,2.8,50,,,,,36.58,-92.35,,,,,MO,2061-03-12 19:30:00,2061-03-12 19:30:00,False,False
,10061609,Missouri,77,Greene,,2061-03-12 19:47:00,CST,2061-03-12 19:47:00,1,0,0,0,2.5K,0,,F1,Unknown,5.6,50,,,,,37.1,-93.33,37.15,-93.25,,,MO,2061-03-12 19:47:00,2061-03-12 19:47:00,False,False
,10061612,Missouri,3,Andrew,,2061-04-20 16:30:00,CST,2061-04-20 16:30:00,0,0,0,0,2.5K,0,,F0,Unknown,0.1,10,,,,,39.85,-94.83,,,,,MO,2061-04-20 16:30:00,2061-04-20 16:30:00,False,False
,10041799,Michigan,21,Berrien,,2061-03-04 18:10:00,CST,2061-03-04 18:10:00,0,0,0,0,250K,0,,F2,Unknown,6.5,440,,,,,41.77,-86.75,41.83,-86.65,,,MI,2061-03-04 18:10:00,2061-03-04 18:10:00,False,False
,10047063,Mississippi,121,Rankin,,2061-11-22 17:30:00,CST,2061-11-22 17:30:00,0,0,0,0,25K,0,,F1,Unknown,1.0,50,,,,,32.32,-90.05,,,,,MS,2061-11-22 17:30:00,2061-11-22 17:30:00,False,False
,10047064,Mississippi,67,Jones,,2061-11-22 20:45:00,CST,2061-11-22 20:45:00,1,0,0,0,250K,0,,F2,Unknown,4.3,50,,,,,31.6,-89.2,31.63,-89.15,,,MS,2061-11-22 20:45:00,2061-11-22 20:45:00,False,False
,10047065,Mississippi,61,Jasper,,2061-12-11 15:45:00,CST,2061-12-11 15:45:00,0,0,0,0,25K,0,,F1,Unknown,0.2,33,,,,,31.9,-89.12,,,,,MS,2061-12-11 15:45:00,2061-12-11 15:45:00,False,False
,10047066,Mississippi,67,Jones,,2061-12-17 18:30:00,CST,2061-12-17 18:30:00,0,0,0,0,2.5K,0,,F1,Unknown,1.0,30,,,,,31.63,-89.1,,,,,MS,2061-12-17 18:30:00,2061-12-17 18:30:00,False,False
,10040371,Massachusetts,17,Middlesex,,2061-07-03 15:00:00,CST,2061-07-03 15:00:00,0,0,0,0,25K,0,,F0,Unknown,0.5,33,,,,,42.5,-71.1,,,,,MA,2061-07-03 15:00:00,2061-07-03 15:00:00,False,False
,10040374,Massachusetts,15,Hampshire,,2061-07-21 15:15:00,CST,2061-07-21 15:15:00,0,0,0,0,25K,0,,F2,Unknown,4.9,167,,,,,42.37,-72.63,42.3,-72.57,,,MA,2061-07-21 15:15:00,2061-07-21 15:15:00,False,False
,9983954,Arizona,13,Maricopa,,2061-07-22 19:15:00,CST,2061-07-22 19:15:00,0,0,0,0,25K,0,,F1,Unknown,0.0,33,,,,,32.7,-112.07,,,,,AZ,2061-07-22 19:15:00,2061-07-22 19:15:00,False,False
,10031637,Louisiana,9,Avoyelles,,2061-03-30 16:00:00,CST,2061-03-30 16:00:00,1,0,0,0,250K,0,,F2,Unknown,6.2,800,,,,,30.95,-91.92,30.9,-91.83,,,LA,2061-03-30 16:00:00,2061-03-30 16:00:00,False,False
,10031638,Louisiana,105,Tangipahoa,,2061-04-09 05:00:00,CST,2061-04-09 05:00:00,0,0,0,0,250K,0,,F2,Unknown,23.6,100,,,,,30.7,-90.5,30.83,-90.13,,,LA,2061-04-09 05:00:00,2061-04-09 05:00:00,False,False
,9989512,California,73,San Diego,,2061-10-08 11:30:00,CST,2061-10-08 11:30:00,3,0,0,0,25K,0,,F1,Unknown,0.0,33,,,,,33.17,-117.35,,,,,CA,2061-10-08 11:30:00,2061-10-08 11:30:00,False,False
,10094037,Oklahoma,115,Ottawa,,2061-07-22 12:18:00,CST,2061-07-22 12:18:00,0,0,0,0,25K,0,,F2,Unknown,0.0,33,,,,,36.75,-94.75,,,,,OK,2061-07-22 12:18:00,2061-07-22 12:18:00,False,False
,10094038,Oklahoma,89,Mccurtain,,2061-07-23 06:30:00,CST,2061-07-23 06:30:00,0,0,0,0,2.5K,0,,F2,Unknown,1.0,23,,,,,33.95,-94.9,,,,,OK,2061-07-23 06:30:00,2061-07-23 06:30:00,False,False
,10122570,Texas,389,Reeves,,2061-05-18 17:05:00,CST,2061-05-18 17:05:00,0,0,0,0,0K,0,,F0,Unknown,0.0,33,,,,,31.43,-103.7,,,,,TX,2061-05-18 17:05:00,2061-05-18 17:05:00,False,False
,10122574,Texas,83,Coleman,,2061-05-19 10:10:00,CST,2061-05-19 10:10:00,0,0,0,0,0K,0,,F0,Unknown,0.2,17,,,,,31.58,-99.6,,,,,TX,2061-05-19 10:10:00,2061-05-19 10:10:00,False,False
,10122577,Texas,445,Terry,,2061-05-20 20:00:00,CST,2061-05-20 20:00:00,0,0,0,0,2.5K,0,,F2,Unknown,0.1,23,,,,,33.32,-102.42,,,,,TX,2061-05-20 20:00:00,2061-05-20 20:00:00,False,False
,10006081,Indiana,19,Clark,,2061-07-23 18:30:00,CST,2061-07-23 18:30:00,0,0,0,0,2.5K,0,,F1,Unknown,0.0,33,,,,,38.45,-85.65,,,,,IN,2061-07-23 18:30:00,2061-07-23 18:30:00,False,False
,10006082,Indiana,19,Clark,,2061-07-23 18:30:00,CST,2061-07-23 18:30:00,0,0,0,0,25K,0,,F2,Unknown,0.0,33,,,,,38.57,-85.52,,,,,IN,2061-07-23 18:30:00,2061-07-23 18:30:00,False,False
,10006083,Indiana,181,White,,2061-07-28 15:30:00,CST,2061-07-28 15:30:00,0,0,0,0,25K,0,,F2,Unknown,0.0,33,,,,,40.75,-86.65,,,,,IN,2061-07-28 15:30:00,2061-07-28 15:30:00,False,False
,10006084,Indiana,75,Jay,,2061-07-28 18:30:00,CST,2061-07-28 18:30:00,2,0,0,0,25K,0,,F2,Unknown,0.0,33,,,,,40.35,-85.15,,,,,IN,2061-07-28 18:30:00,2061-07-28 18:30:00,False,False
,10006085,Indiana,135,Randolph,,2061-07-28 19:30:00,CST,2061-07-28 19:30:00,0,0,0,0,2.5K,0,,F3,Unknown,0.0,33,,,,,40.18,-84.82,40.2,-84.8,,,IN,2061-07-28 19:30:00,2061-07-28 19:30:00,False,False
,10006086,Indiana,11,Boone,,2061-07-28 21:30:00,CST,2061-07-28 21:30:00,0,0,0,0,2.5K,0,,F1,Unknown,0.0,33,,,,,39.93,-86.63,,,,,IN,2061-07-28 21:30:00,2061-07-28 21:30:00,False,False
,10006089,Indiana,23,Clinton,,2061-08-10 17:45:00,CST,2061-08-10 17:45:00,0,0,0,0,25K,0,,F2,Unknown,0.0,33,,,,,40.32,-86.63,,,,,IN,2061-08-10 17:45:00,2061-08-10 17:45:00,False,False
,10006092,Indiana,11,Boone,,2061-08-19 15:00:00,CST,2061-08-19 15:00:00,0,0,0,0,25K,0,,F2,Unknown,0.0,33,,,,,39.93,-86.63,,,,,IN,2061-08-19 15:00:00,2061-08-19 15:00:00,False,False
,10015932,Iowa,31,Cedar,,2061-06-07 14:00:00,CST,2061-06-07 14:00:00,1,0,0,0,25K,0,,F2,Unknown,5.1,200,,,,,41.7,-90.97,41.77,-90.9,,,IA,2061-06-07 14:00:00,2061-06-07 14:00:00,False,False
,9992526,Colorado,17,Cheyenne,,2061-05-05 16:00:00,CST,2061-05-05 16:00:00,0,0,0,0,0K,0,,F0,Unknown,0.0,33,,,,,39.03,-102.53,,,,,CO,2061-05-05 16:00:00,2061-05-05 16:00:00,False,False
,9992527,Colorado,63,Kit Carson,,2061-05-06 22:30:00,CST,2061-05-06 22:30:00,0,0,0,0,2.5K,0,,F1,Unknown,0.0,33,,,,,39.35,-102.27,,,,,CO,2061-05-06 22:30:00,2061-05-06 22:30:00,False,False
,9992529,Colorado,99,Prowers,,2061-05-13 14:30:00,CST,2061-05-13 14:30:00,0,0,0,0,2.5K,0,,F1,Unknown,4.1,33,,,,,38.05,-102.65,38.08,-102.58,,,CO,2061-05-13 14:30:00,2061-05-13 14:30:00,False,False
,10006076,Indiana,133,Putnam,,2061-07-21 18:45:00,CST,2061-07-21 18:45:00,0,0,0,0,25K,0,,F2,Unknown,1.0,20,,,,,39.52,-86.8,,,,,IN,2061-07-21 18:45:00,2061-07-21 18:45:00,False,False
,10006078,Indiana,85,Kosciusko,,2061-07-23 13:00:00,CST,2061-07-23 13:00:00,3,0,0,0,25K,0,,F3,Unknown,0.0,33,,,,,41.33,-85.68,,,,,IN,2061-07-23 13:00:00,2061-07-23 13:00:00,False,False
,10122569,Texas,389,Reeves,,2061-05-18 17:05:00,CST,2061-05-18 17:05:00,0,0,0,0,0K,0,,F0,Unknown,0.0,33,,,,,31.43,-103.7,,,,,TX,2061-05-18 17:05:00,2061-05-18 17:05:00,False,False
,10006075,Indiana,171,Warren,,2061-07-21 18:00:00,CST,2061-07-21 18:00:00,0,0,0,0,25K,0,,,Unknown,23.9,33,,,,,40.18,-87.47,40.43,-87.15,,,IN,2061-07-21 18:00:00,2061-07-21 18:00:00,False,False
,10025740,Kansas,79,Harvey,,2061-07-13 14:45:00,CST,2061-07-13 14:45:00,0,0,0,0,.25K,0,,F2,Unknown,0.0,33,,,,,38.03,-97.37,,,,,KS,2061-07-13 14:45:00,2061-07-13 14:45:00,False,False
,10015926,Iowa,19,Buchanan,,2061-05-14 11:30:00,CST,2061-05-14 11:30:00,2,0,0,0,25K,0,,F1,Unknown,7.2,150,,,,,42.55,-92.03,42.65,-91.97,,,IA,2061-05-14 11:30:00,2061-05-14 11:30:00,False,False
,10015927,Iowa,17,Bremer,,2061-05-14 17:10:00,CST,2061-05-14 17:10:00,0,0,0,0,25K,0,,F1,Unknown,0.0,100,,,,,42.83,-92.1,,,,,IA,2061-05-14 17:10:00,2061-05-14 17:10:00,False,False
,10006093,Indiana,69,Huntington,,2061-08-19 16:00:00,CST,2061-08-19 16:00:00,0,0,0,0,2.5K,0,,,Unknown,0.0,33,,,,,40.97,-85.48,,,,,IN,2061-08-19 16:00:00,2061-08-19 16:00:00,False,False
,10006094,Indiana,35,Delaware,,2061-09-24 15:00:00,CST,2061-09-24 15:00:00,1,0,0,0,250K,0,,F3,Unknown,12.0,33,,,,,40.12,-85.55,40.13,-85.32,,,IN,2061-09-24 15:00:00,2061-09-24 15:00:00,False,False
,10006095,Indiana,145,Shelby,,2061-09-24 15:22:00,CST,2061-09-24 15:22:00,0,0,0,0,250K,0,,F3,Unknown,5.7,33,,,,,40.13,-85.32,40.18,-85.22,,,IN,2061-09-24 15:22:00,2061-09-24 15:22:00,False,False
,10006096,Indiana,135,Randolph,,2061-09-24 16:36:00,EST,2061-09-24 16:36:00,0,0,0,0,250K,0,,F3,Unknown,20.9,33,,,,,40.18,-85.22,40.2,-84.82,,,IN,2061-09-24 16:36:00,2061-09-24 16:36:00,False,False
,10006099,Indiana,145,Shelby,,2061-11-16 04:45:00,CST,2061-11-16 04:45:00,0,0,0,0,25K,0,,F2,Unknown,0.5,33,,,,,39.45,-85.78,,,,,IN,2061-11-16 04:45:00,2061-11-16 04:45:00,False,False
,10025745,Kansas,53,Ellsworth,,2061-07-15 17:15:00,CST,2061-07-15 17:15:00,0,0,0,0,.25K,0,,F1,Unknown,2.7,33,,,,,38.67,-98.0,38.7,-97.95,,,KS,2061-07-15 17:15:00,2061-07-15 17:15:00,False,False
,10025747,Kansas,165,Rush,,2061-07-15 18:13:00,CST,2061-07-15 18:13:00,0,0,0,0,0K,0,,F0,Unknown,1.0,33,,,,,38.53,-99.12,,,,,KS,2061-07-15 18:13:00,2061-07-15 18:13:00,False,False
,10119166,Texas,111,Dallam,,2061-06-05 15:00:00,CST,2061-06-05 15:00:00,0,0,0,0,0K,0,,F1,Unknown,20.0,150,,,,,36.5,-102.52,36.27,-102.3,,,TX,2061-06-05 15:00:00,2061-06-05 15:00:00,False,False
,10119172,Texas,125,Dickens,,2061-06-05 18:00:00,CST,2061-06-05 18:00:00,0,0,0,0,0K,0,,F0,Unknown,0.1,17,,,,,33.47,-100.68,,,,,TX,2061-06-05 18:00:00,2061-06-05 18:00:00,False,False
,10119173,Texas,107,Crosby,,2061-06-05 18:00:00,CST,2061-06-05 18:00:00,0,0,0,0,.03K,0,,F0,Unknown,2.0,50,,,,,33.53,-101.2,,,,,TX,2061-06-05 18:00:00,2061-06-05 18:00:00,False,False
,10119174,Texas,107,Crosby,,2061-06-05 18:00:00,CST,2061-06-05 18:00:00,0,0,0,0,.03K,0,,F1,Unknown,2.0,200,,,,,33.78,-101.38,,,,,TX,2061-06-05 18:00:00,2061-06-05 18:00:00,False,False
,10119178,Texas,169,Garza,,2061-06-05 19:30:00,CST,2061-06-05 19:30:00,0,0,0,0,0K,0,,,Unknown,0.0,33,,,,,33.22,-101.37,,,,,TX,2061-06-05 19:30:00,2061-06-05 19:30:00,False,False
,10119179,Texas,169,Garza,,2061-06-05 19:30:00,CST,2061-06-05 19:30:00,0,0,0,0,0K,0,,F0,Unknown,0.0,33,,,,,33.22,-101.37,,,,,TX,2061-06-05 19:30:00,2061-06-05 19:30:00,False,False
,10119180,Texas,169,Garza,,2061-06-05 19:30:00,CST,2061-06-05 19:30:00,0,0,0,0,0K,0,,F2,Unknown,5.1,200,,,,,33.22,-101.37,33.15,-101.33,,,TX,2061-06-05 19:30:00,2061-06-05 19:30:00,False,False
,10119182,Texas,309,Mclennan,,2061-06-05 21:10:00,CST,2061-06-05 21:10:00,0,0,0,0,.25K,0,,F0,Unknown,1.5,17,,,,,31.38,-97.2,,,,,TX,2061-06-05 21:10:00,2061-06-05 21:10:00,False,False
,10119185,Texas,371,Pecos,,2061-06-06 17:30:00,CST,2061-06-06 17:30:00,0,0,0,0,0K,0,,F0,Unknown,0.5,100,,,,,30.72,-102.9,,,,,TX,2061-06-06 17:30:00,2061-06-06 17:30:00,False,False
,10119186,Texas,393,Roberts,,2061-06-07 00:30:00,CST,2061-06-07 00:30:00,0,0,0,0,0K,0,,F0,Unknown,20.0,33,,,,,35.78,-100.97,,,,,TX,2061-06-07 00:30:00,2061-06-07 00:30:00,False,False
,10119187,Texas,97,Cooke,,2061-06-07 07:30:00,CST,2061-06-07 07:30:00,0,0,0,0,.25K,0,,F2,Unknown,1.0,100,,,,,33.52,-97.17,,,,,TX,2061-06-07 07:30:00,2061-06-07 07:30:00,False,False
,10119188,Texas,501,Yoakum,,2061-06-07 16:20:00,CST,2061-06-07 16:20:00,0,0,0,0,0K,0,,F1,Unknown,0.0,33,,,,,33.18,-102.78,,,,,TX,2061-06-07 16:20:00,2061-06-07 16:20:00,False,False
,10119189,Texas,79,Cochran,,2061-06-07 17:30:00,CST,2061-06-07 17:30:00,0,0,0,0,.25K,0,,F0,Unknown,0.2,50,,,,,33.42,-102.6,,,,,TX,2061-06-07 17:30:00,2061-06-07 17:30:00,False,False
,10119190,Texas,79,Cochran,,2061-06-07 17:30:00,CST,2061-06-07 17:30:00,0,0,0,0,.25K,0,,F0,Unknown,0.2,50,,,,,33.42,-102.6,,,,,TX,2061-06-07 17:30:00,2061-06-07 17:30:00,False,False
,10119191,Texas,79,Cochran,,2061-06-07 17:30:00,CST,2061-06-07 17:30:00,0,0,0,0,.25K,0,,F0,Unknown,0.2,50,,,,,33.42,-102.6,,,,,TX,2061-06-07 17:30:00,2061-06-07 17:30:00,False,False
,9996551,Georgia,285,Troup,,2061-05-09 02:30:00,CST,2061-05-09 02:30:00,0,0,0,0,25K,0,,F2,Unknown,0.8,50,,,,,32.93,-85.15,,,,,GA,2061-05-09 02:30:00,2061-05-09 02:30:00,False,False
,9996553,Georgia,135,Gwinnett,,2061-05-25 14:30:00,CST,2061-05-25 14:30:00,0,0,0,0,2.5K,0,,F1,Unknown,6.1,17,,,,,34.12,-84.0,34.18,-83.93,,,GA,2061-05-25 14:30:00,2061-05-25 14:30:00,False,False
,9996559,Georgia,23,Bleckley,,2061-06-26 15:30:00,CST,2061-06-26 15:30:00,0,0,0,0,25K,0,,F2,Unknown,1.0,33,,,,,32.4,-83.37,,,,,GA,2061-06-26 15:30:00,2061-06-26 15:30:00,False,False
,9996562,Georgia,119,Franklin,,2061-07-16 15:30:00,CST,2061-07-16 15:30:00,0,0,0,0,25K,0,,F1,Unknown,0.9,43,,,,,34.47,-83.3,,,,,GA,2061-07-16 15:30:00,2061-07-16 15:30:00,False,False
,10114412,Pennsylvania,41,Cumberland,,2061-04-16 08:00:00,CST,2061-04-16 08:00:00,0,0,0,0,250K,0,,F3,Unknown,0.0,110,,,,,40.05,-77.52,,,,,PA,2061-04-16 08:00:00,2061-04-16 08:00:00,False,False
,10006068,Indiana,99,Marshall,,2061-06-13 17:00:00,CST,2061-06-13 17:00:00,0,0,0,0,2.5K,0,,F2,Unknown,0.0,33,,,,,41.35,-86.33,,,,,IN,2061-06-13 17:00:00,2061-06-13 17:00:00,False,False
,10006069,Indiana,89,Lake,,2061-06-22 18:00:00,CST,2061-06-22 18:00:00,1,0,0,0,2.5K,0,,F1,Unknown,0.0,33,,,,,41.37,-87.45,,,,,IN,2061-06-22 18:00:00,2061-06-22 18:00:00,False,False
,10006070,Indiana,17,Cass,,2061-06-22 19:30:00,CST,2061-06-22 19:30:00,0,0,0,0,2.5K,0,,F2,Unknown,0.0,33,,,,,40.87,-86.5,,,,,IN,2061-06-22 19:30:00,2061-06-22 19:30:00,False,False
,10121369,Texas,355,Nueces,,2061-02-05 09:40:00,CST,2061-02-05 09:40:00,0,0,0,0,2.5K,0,,F0,Unknown,0.3,20,,,,,27.67,-97.28,,,,,TX,2061-02-05 09:40:00,2061-02-05 09:40:00,False,False
,10121372,Texas,401,Rusk,,2061-03-03 15:00:00,CST,2061-03-03 15:00:00,0,0,0,0,2.5K,0,,F0,Unknown,0.3,17,,,,,31.98,-94.8,,,,,TX,2061-03-03 15:00:00,2061-03-03 15:00:00,False,False
,10091756,Oklahoma,87,Mcclain,,2061-02-17 16:30:00,CST,2061-02-17 16:30:00,0,0,0,0,.25K,0,,,Unknown,0.5,17,,,,,34.88,-97.5,,,,,OK,2061-02-17 16:30:00,2061-02-17 16:30:00,False,False
,10008746,Illinois,183,Vermilion,,2061-07-21 18:25:00,CST,2061-07-21 18:25:00,0,0,0,0,25K,0,,F1,Unknown,0.0,33,,,,,40.1,-87.7,,,,,IL,2061-07-21 18:25:00,2061-07-21 18:25:00,False,False
,10008750,Illinois,173,Shelby,,2061-07-28 15:30:00,CST,2061-07-28 15:30:00,0,0,0,0,25K,0,,F0,Unknown,0.0,33,,,,,39.4,-88.8,,,,,IL,2061-07-28 15:30:00,2061-07-28 15:30:00,False,False
,10008752,Illinois,203,Woodford,,2061-08-01 11:44:00,CST,2061-08-01 11:44:00,0,0,0,0,2.5K,0,,F0,Unknown,0.0,33,,,,,40.9,-89.05,,,,,IL,2061-08-01 11:44:00,2061-08-01 11:44:00,False,False
,10121379,Texas,251,Johnson,,2061-03-16 17:00:00,CST,2061-03-16 17:00:00,0,0,0,0,0K,0,,F1,Unknown,2.7,200,,,,,32.35,-97.43,32.37,-97.4,,,TX,2061-03-16 17:00:00,2061-03-16 17:00:00,False,False
,10121381,Texas,251,Johnson,,2061-03-16 17:55:00,CST,2061-03-16 17:55:00,0,0,0,0,25K,0,,F2,Unknown,1.2,33,,,,,32.33,-97.55,,,,,TX,2061-03-16 17:55:00,2061-03-16 17:55:00,False,False
,10091758,Oklahoma,109,Oklahoma,,2061-02-17 16:45:00,CST,2061-02-17 16:45:00,7,0,0,0,25K,0,,F3,Unknown,16.8,300,,,,,35.52,-97.38,35.68,-97.17,,,OK,2061-02-17 16:45:00,2061-02-17 16:45:00,False,False
,10091761,Oklahoma,49,Garvin,,2061-02-17 18:15:00,CST,2061-02-17 18:15:00,1,0,0,0,2.5M,0,,F3,Unknown,2.0,300,,,,,34.8,-96.95,,,,,OK,2061-02-17 18:15:00,2061-02-17 18:15:00,False,False
,10008760,Illinois,125,Mason,,2061-08-19 17:00:00,CST,2061-08-19 17:00:00,0,0,0,0,2.5K,0,,F0,Unknown,0.0,33,,,,,40.3,-90.1,,,,,IL,2061-08-19 17:00:00,2061-08-19 17:00:00,False,False
,10008761,Illinois,195,Whiteside,,2061-09-01 20:00:00,CST,2061-09-01 20:00:00,4,0,0,0,25K,0,,F1,Unknown,0.0,100,,,,,41.77,-89.73,,,,,IL,2061-09-01 20:00:00,2061-09-01 20:00:00,False,False
,10008766,Illinois,197,Will,,2061-09-22 16:00:00,CST,2061-09-22 16:00:00,0,0,0,0,25K,0,,F1,Unknown,2.0,800,,,,,41.43,-88.0,,,,,IL,2061-09-22 16:00:00,2061-09-22 16:00:00,False,False
,10121205,Texas,349,Navarro,,2061-11-02 06:30:00,CST,2061-11-02 06:30:00,0,0,0,0,.25K,0,,F2,Unknown,0.2,33,,,,,32.23,-96.5,,,,,TX,2061-11-02 06:30:00,2061-11-02 06:30:00,False,False
,10121206,Texas,183,Gregg,,2061-11-02 10:30:00,CST,2061-11-02 10:30:00,0,0,0,0,2.5K,0,,F2,Unknown,4.3,17,,,,,32.43,-94.77,32.48,-94.73,,,TX,2061-11-02 10:30:00,2061-11-02 10:30:00,False,False
,10121207,Texas,57,Calhoun,,2061-11-02 11:30:00,CST,2061-11-02 11:30:00,0,0,0,0,25K,0,,F2,Unknown,0.3,200,,,,,28.62,-96.62,,,,,TX,2061-11-02 11:30:00,2061-11-02 11:30:00,False,False
,10121208,Texas,183,Gregg,,2061-11-02 15:00:00,CST,2061-11-02 15:00:00,0,0,0,0,.25K,0,,F1,Unknown,0.0,33,,,,,32.38,-94.63,,,,,TX,2061-11-02 15:00:00,2061-11-02 15:00:00,False,False
,10121209,Texas,55,Caldwell,,2061-11-12 21:40:00,CST,2061-11-12 21:40:00,0,0,0,0,25K,0,,F2,Unknown,1.0,433,,,,,29.9,-97.72,,,,,TX,2061-11-12 21:40:00,2061-11-12 21:40:00,False,False
,10121210,Texas,209,Hays,,2061-11-12 23:30:00,CST,2061-11-12 23:30:00,0,0,0,0,2.5K,0,,F2,Unknown,0.0,33,,,,,29.87,-97.93,,,,,TX,2061-11-12 23:30:00,2061-11-12 23:30:00,False,False
,10121216,Texas,183,Gregg,,2061-11-22 06:30:00,CST,2061-11-22 06:30:00,0,0,0,0,25K,0,,F2,Unknown,2.5,100,,,,,32.37,-94.87,,,,,TX,2061-11-22 06:30:00,2061-11-22 06:30:00,False,False
,10121217,Texas,29,Bexar,,2061-11-22 07:30:00,CST,2061-11-22 07:30:00,0,0,0,0,2.5K,0,,F3,Unknown,1.0,50,,,,,29.38,-98.53,,,,,TX,2061-11-22 07:30:00,2061-11-22 07:30:00,False,False
,10121218,Texas,347,Nacogdoches,,2061-11-22 08:30:00,CST,2061-11-22 08:30:00,10,0,1,0,250K,0,,F3,Unknown,16.2,150,,,,,31.73,-94.92,31.83,-94.67,,,TX,2061-11-22 08:30:00,2061-11-22 08:30:00,False,False
,10008768,Illinois,49,Effingham,,2061-09-24 13:00:00,CST,2061-09-24 13:00:00,0,0,0,0,2.5K,0,,F1,Unknown,0.3,50,,,,,39.1,-88.5,,,,,IL,2061-09-24 13:00:00,2061-09-24 13:00:00,False,False
,10092906,Oklahoma,39,Custer,,2061-05-21 15:45:00,CST,2061-05-21 15:45:00,0,0,0,0,0K,0,,,Unknown,0.0,33,,,,,35.65,-98.67,,,,,OK,2061-05-21 15:45:00,2061-05-21 15:45:00,False,False
,10092907,Oklahoma,11,Blaine,,2061-05-21 16:15:00,CST,2061-05-21 16:15:00,0,0,0,0,2.5K,0,,,Unknown,9.4,100,,,,,35.88,-98.33,35.98,-98.22,,,OK,2061-05-21 16:15:00,2061-05-21 16:15:00,False,False
,10092908,Oklahoma,119,Payne,,2061-05-21 16:15:00,CST,2061-05-21 16:15:00,0,0,0,0,2.5K,0,,F2,Unknown,0.0,33,,,,,35.95,-96.77,,,,,OK,2061-05-21 16:15:00,2061-05-21 16:15:00,False,False
,10092909,Oklahoma,119,Payne,,2061-05-21 16:15:00,CST,2061-05-21 16:15:00,0,0,0,0,0K,0,,F2,Unknown,0.0,33,,,,,35.97,-96.75,,,,,OK,2061-05-21 16:15:00,2061-05-21 16:15:00,False,False
,10092910,Oklahoma,119,Payne,,2061-05-21 16:15:00,CST,2061-05-21 16:15:00,0,0,0,0,25K,0,,F3,Unknown,0.0,33,,,,,35.97,-96.77,,,,,OK,2061-05-21 16:15:00,2061-05-21 16:15:00,False,False
,10092911,Oklahoma,119,Payne,,2061-05-21 16:15:00,CST,2061-05-21 16:15:00,0,0,0,0,25K,0,,F3,Unknown,0.0,33,,,,,35.95,-96.75,,,,,OK,2061-05-21 16:15:00,2061-05-21 16:15:00,False,False
,10092902,Oklahoma,109,Oklahoma,,2061-05-21 14:53:00,CST,2061-05-21 14:53:00,0,0,0,0,0K,0,,,Unknown,0.0,33,,,,,35.6,-97.65,,,,,OK,2061-05-21 14:53:00,2061-05-21 14:53:00,False,False
,10121396,Texas,223,Hopkins,,2061-03-26 16:00:00,CST,2061-03-26 16:00:00,0,0,0,0,25K,0,,F2,Unknown,0.8,280,,,,,33.33,-95.37,,,,,TX,2061-03-26 16:00:00,2061-03-26 16:00:00,False,False
,10121397,Texas,251,Johnson,,2061-03-26 16:00:00,CST,2061-03-26 16:00:00,0,0,0,0,25K,0,,F3,Unknown,1.0,50,,,,,32.48,-97.37,,,,,TX,2061-03-26 16:00:00,2061-03-26 16:00:00,False,False
,10121399,Texas,73,Cherokee,,2061-03-26 16:20:00,CST,2061-03-26 16:20:00,0,0,0,0,25K,0,,F2,Unknown,0.5,50,,,,,31.68,-95.12,,,,,TX,2061-03-26 16:20:00,2061-03-26 16:20:00,False,False
,10121400,Texas,449,Titus,,2061-03-26 16:30:00,CST,2061-03-26 16:30:00,2,0,0,0,2.5K,0,,F3,Unknown,0.2,33,,,,,33.17,-94.9,,,,,TX,2061-03-26 16:30:00,2061-03-26 16:30:00,False,False
,10122545,Texas,371,Pecos,,2061-05-04 18:30:00,CST,2061-05-04 18:30:00,0,0,0,0,250K,0,,F3,Unknown,1.1,33,,,,,30.53,-102.37,,,,,TX,2061-05-04 18:30:00,2061-05-04 18:30:00,False,False
,10122546,Texas,101,Cottle,,2061-05-04 22:00:00,CST,2061-05-04 22:00:00,0,0,0,0,0K,0,,F0,Unknown,0.1,7,,,,,34.03,-100.5,,,,,TX,2061-05-04 22:00:00,2061-05-04 22:00:00,False,False
,10029034,Kansas,17,Chase,,2061-02-17 15:00:00,CST,2061-02-17 15:00:00,0,0,0,0,0K,0,,,Unknown,0.0,33,,,,,38.3,-96.78,,,,,KS,2061-02-17 15:00:00,2061-02-17 15:00:00,False,False
,10029038,Kansas,21,Cherokee,,2061-02-17 23:00:00,CST,2061-02-17 23:00:00,0,0,0,0,2.5K,0,,F2,Unknown,7.3,880,,,,,37.15,-94.72,37.23,-94.63,,,KS,2061-02-17 23:00:00,2061-02-17 23:00:00,False,False
,10029039,Kansas,205,Wilson,,2061-03-05 17:45:00,CST,2061-03-05 17:45:00,0,0,0,0,.03K,0,,F1,Unknown,2.0,33,,,,,37.62,-95.65,,,,,KS,2061-03-05 17:45:00,2061-03-05 17:45:00,False,False
,10029044,Kansas,11,Bourbon,,2061-03-12 17:30:00,CST,2061-03-12 17:30:00,0,0,0,0,0K,0,,F0,Unknown,1.0,100,,,,,37.83,-94.62,,,,,KS,2061-03-12 17:30:00,2061-03-12 17:30:00,False,False
,10029045,Kansas,11,Bourbon,,2061-03-12 17:30:00,CST,2061-03-12 17:30:00,0,0,0,0,25K,0,,F2,Unknown,2.0,100,,,,,37.92,-94.82,,,,,KS,2061-03-12 17:30:00,2061-03-12 17:30:00,False,False
,10029048,Kansas,73,Greenwood,,2061-03-26 15:30:00,CST,2061-03-26 15:30:00,0,0,0,0,0K,0,,,Unknown,0.0,33,,,,,37.8,-96.37,,,,,KS,2061-03-26 15:30:00,2061-03-26 15:30:00,False,False
,10029049,Kansas,73,Greenwood,,2061-03-26 15:35:00,CST,2061-03-26 15:35:00,1,0,0,0,250K,0,,F2,Unknown,2.0,440,,,,,38.02,-96.3,,,,,KS,2061-03-26 15:35:00,2061-03-26 15:35:00,False,False
,10029050,Kansas,73,Greenwood,,2061-03-26 15:55:00,CST,2061-03-26 15:55:00,0,0,0,0,0K,0,,,Unknown,0.0,33,,,,,37.87,-96.28,,,,,KS,2061-03-26 15:55:00,2061-03-26 15:55:00,False,False
,10029051,Kansas,73,Greenwood,,2061-03-26 16:00:00,CST,2061-03-26 16:00:00,0,0,0,0,0K,0,,,Unknown,0.0,33,,,,,37.95,-96.28,,,,,KS,2061-03-26 16:00:00,2061-03-26 16:00:00,False,False
,10029052,Kansas,31,Coffey,,2061-03-26 16:30:00,CST,2061-03-26 16:30:00,0,0,0,0,.03K,0,,,Unknown,0.7,200,,,,,38.05,-95.63,,,,,KS,2061-03-26 16:30:00,2061-03-26 16:30:00,False,False
,10121384,Texas,15,Austin,,2061-03-16 19:30:00,CST,2061-03-16 19:30:00,0,0,0,0,2.5K,0,,F2,Unknown,0.1,80,,,,,29.95,-96.27,,,,,TX,2061-03-16 19:30:00,2061-03-16 19:30:00,False,False
,10092881,Oklahoma,125,Pottawatomie,,2061-05-08 01:50:00,CST,2061-05-08 01:50:00,0,0,0,0,0K,0,,,Unknown,0.0,33,,,,,35.2,-96.9,,,,,OK,2061-05-08 01:50:00,2061-05-08 01:50:00,False,False
,10092883,Oklahoma,97,Mayes,,2061-05-08 02:00:00,CST,2061-05-08 02:00:00,0,0,0,0,2.5K,0,,F2,Unknown,0.0,33,,,,,36.25,-95.25,,,,,OK,2061-05-08 02:00:00,2061-05-08 02:00:00,False,False
,10092884,Oklahoma,63,Hughes,,2061-05-08 02:30:00,CST,2061-05-08 02:30:00,0,0,0,0,25K,0,,,Unknown,2.0,33,,,,,35.25,-96.07,,,,,OK,2061-05-08 02:30:00,2061-05-08 02:30:00,False,False
,10092885,Oklahoma,1,Adair,,2061-05-08 03:40:00,CST,2061-05-08 03:40:00,0,0,0,0,25K,0,,F2,Unknown,0.0,200,,,,,35.8,-94.55,,,,,OK,2061-05-08 03:40:00,2061-05-08 03:40:00,False,False
,10092888,Oklahoma,137,Stephens,,2061-05-13 19:15:00,CST,2061-05-13 19:15:00,0,0,0,0,2.5K,0,,F1,Unknown,0.0,33,,,,,34.53,-97.95,,,,,OK,2061-05-13 19:15:00,2061-05-13 19:15:00,False,False
,10092889,Oklahoma,141,Tillman,,2061-05-16 19:30:00,CST,2061-05-16 19:30:00,0,0,0,0,0K,0,,,Unknown,0.0,33,,,,,34.25,-99.08,,,,,OK,2061-05-16 19:30:00,2061-05-16 19:30:00,False,False
,10092890,Oklahoma,141,Tillman,,2061-05-16 19:30:00,CST,2061-05-16 19:30:00,0,0,0,0,0K,0,,,Unknown,0.0,33,,,,,34.25,-99.1,,,,,OK,2061-05-16 19:30:00,2061-05-16 19:30:00,False,False
,10092894,Oklahoma,51,Grady,,2061-05-16 22:57:00,CST,2061-05-16 22:57:00,0,0,0,0,.25K,0,,F0,Unknown,0.0,33,,,,,35.1,-98.07,,,,,OK,2061-05-16 22:57:00,2061-05-16 22:57:00,False,False
,10121391,Texas,225,Houston,,2061-03-26 15:00:00,CST,2061-03-26 15:00:00,1,0,0,0,250K,0,,F2,Unknown,1.5,100,,,,,31.32,-95.45,,,,,TX,2061-03-26 15:00:00,2061-03-26 15:00:00,False,False
,10121392,Texas,231,Hunt,,2061-03-26 15:00:00,CST,2061-03-26 15:00:00,0,0,0,0,25K,0,,F2,Unknown,3.0,880,,,,,33.07,-96.23,,,,,TX,2061-03-26 15:00:00,2061-03-26 15:00:00,False,False
,10121395,Texas,251,Johnson,,2061-03-26 16:00:00,CST,2061-03-26 16:00:00,1,0,0,0,0K,0,,F2,Unknown,0.3,17,,,,,32.55,-97.37,,,,,TX,2061-03-26 16:00:00,2061-03-26 16:00:00,False,False
,10029089,Kansas,209,Wyandotte,,2061-05-07 15:20:00,CST,2061-05-07 15:20:00,0,0,0,0,2.5M,0,,F4,Unknown,1.3,150,,,,,39.18,-94.88,39.2,-94.85,,,KS,2061-05-07 15:20:00,2061-05-07 15:20:00,False,False
,10029090,Kansas,209,Wyandotte,,2061-05-07 15:25:00,CST,2061-05-07 15:25:00,12,0,0,0,2.5M,0,,F4,Unknown,2.7,150,,,,,39.2,-94.85,39.18,-94.8,,,KS,2061-05-07 15:25:00,2061-05-07 15:25:00,False,False
,10029091,Kansas,209,Wyandotte,,2061-05-07 15:30:00,CST,2061-05-07 15:30:00,0,0,0,0,2.5M,0,,F4,Unknown,1.3,150,,,,,39.18,-94.8,39.2,-94.77,,,KS,2061-05-07 15:30:00,2061-05-07 15:30:00,False,False
,10008536,Illinois,183,Vermilion,,2061-07-21 17:20:00,CST,2061-07-21 17:20:00,0,0,0,0,25K,0,,F2,Unknown,3.6,33,,,,,40.27,-87.62,40.27,-87.53,,,IL,2061-07-21 17:20:00,2061-07-21 17:20:00,False,False
,9992532,Colorado,35,Douglas,,2061-05-20 14:50:00,CST,2061-05-20 14:50:00,2,0,0,0,25K,0,,F2,Unknown,2.0,67,,,,,39.4,-104.87,,,,,CO,2061-05-20 14:50:00,2061-05-20 14:50:00,False,False
,9992534,Colorado,121,Washington,,2061-05-31 15:10:00,CST,2061-05-31 15:10:00,0,0,0,0,0K,0,,F0,Unknown,0.0,33,,,,,39.88,-102.58,,,,,CO,2061-05-31 15:10:00,2061-05-31 15:10:00,False,False
,9992535,Colorado,63,Kit Carson,,2061-05-31 16:16:00,CST,2061-05-31 16:16:00,0,0,0,0,.25K,0,,F1,Unknown,0.0,33,,,,,39.25,-102.35,,,,,CO,2061-05-31 16:16:00,2061-05-31 16:16:00,False,False
,9992539,Colorado,63,Kit Carson,,2061-06-01 21:09:00,CST,2061-06-01 21:09:00,0,0,0,0,0K,0,,F0,Unknown,0.0,33,,,,,39.3,-102.48,,,,,CO,2061-06-01 21:09:00,2061-06-01 21:09:00,False,False
,9992541,Colorado,95,Phillips,,2061-06-02 15:00:00,CST,2061-06-02 15:00:00,0,0,0,0,0K,0,,F0,Unknown,0.0,33,,,,,40.63,-102.7,,,,,CO,2061-06-02 15:00:00,2061-06-02 15:00:00,False,False
,10122269,Texas,499,Wood,,2061-03-28 18:10:00,CST,2061-03-28 18:10:00,0,0,0,0,25K,0,,F2,Unknown,4.7,280,,,,,32.72,-95.42,32.67,-95.37,,,TX,2061-03-28 18:10:00,2061-03-28 18:10:00,False,False
,10122272,Texas,479,Webb,,2061-04-05 12:00:00,CST,2061-04-05 12:00:00,0,0,0,0,25K,0,,F2,Unknown,2.5,880,,,,,27.28,-99.47,,,,,TX,2061-04-05 12:00:00,2061-04-05 12:00:00,False,False
,10122275,Texas,9,Archer,,2061-04-08 15:00:00,CST,2061-04-08 15:00:00,1,0,0,0,0K,0,,F3,Unknown,1.0,33,,,,,33.6,-98.63,,,,,TX,2061-04-08 15:00:00,2061-04-08 15:00:00,False,False
,10122276,Texas,503,Young,,2061-04-08 15:30:00,CST,2061-04-08 15:30:00,0,0,0,0,0K,0,,F0,Unknown,0.1,17,,,,,33.37,-98.77,,,,,TX,2061-04-08 15:30:00,2061-04-08 15:30:00,False,False
,10122279,Texas,485,Wichita,,2061-04-08 16:00:00,CST,2061-04-08 16:00:00,2,0,0,0,25K,0,,F2,Unknown,3.0,33,,,,,33.95,-98.52,33.98,-98.5,,,TX,2061-04-08 16:00:00,2061-04-08 16:00:00,False,False
,10122281,Texas,287,Lee,,2061-04-08 21:00:00,CST,2061-04-08 21:00:00,0,0,0,0,.25K,0,,F1,Unknown,0.2,17,,,,,30.18,-96.97,,,,,TX,2061-04-08 21:00:00,2061-04-08 21:00:00,False,False
,10122282,Texas,373,Polk,,2061-04-08 22:50:00,CST,2061-04-08 22:50:00,1,0,0,0,25K,0,,F2,Unknown,0.4,17,,,,,31.03,-94.82,,,,,TX,2061-04-08 22:50:00,2061-04-08 22:50:00,False,False
,10122283,Texas,351,Newton,,2061-04-09 00:31:00,CST,2061-04-09 00:31:00,0,0,0,0,25K,0,,F2,Unknown,0.8,17,,,,,30.67,-93.87,,,,,TX,2061-04-09 00:31:00,2061-04-09 00:31:00,False,False
,10125229,Tennessee,177,Warren,,2061-03-13 16:40:00,CST,2061-03-13 16:40:00,0,0,0,0,250K,0,,F3,Unknown,9.3,250,,,,,35.6,-85.92,35.62,-85.75,,,TN,2061-03-13 16:40:00,2061-03-13 16:40:00,False,False
,10096095,Oklahoma,111,Okmulgee,,2061-02-17 20:30:00,CST,2061-02-17 20:30:00,1,0,0,0,2.5M,0,,F3,Unknown,9.0,300,,,,,35.4,-96.08,35.48,-95.97,,,OK,2061-02-17 20:30:00,2061-02-17 20:30:00,False,False
,10096096,Oklahoma,81,Lincoln,,2061-03-05 16:45:00,CST,2061-03-05 16:45:00,0,0,0,0,0K,0,,,Unknown,0.0,33,,,,,35.47,-96.7,,,,,OK,2061-03-05 16:45:00,2061-03-05 16:45:00,False,False
,10096098,Oklahoma,49,Garvin,,2061-03-05 17:15:00,CST,2061-03-05 17:15:00,1,0,0,0,250K,0,,F2,Unknown,1.0,100,,,,,34.73,-97.23,,,,,OK,2061-03-05 17:15:00,2061-03-05 17:15:00,False,False
,10033729,Kentucky,105,Hickman,,2061-05-07 08:15:00,CST,2061-05-07 08:15:00,0,0,0,0,25K,0,,F2,Unknown,22.1,33,,,,,36.7,-89.0,36.7,-88.6,,,KY,2061-05-07 08:15:00,2061-05-07 08:15:00,False,False
,10033731,Kentucky,177,Muhlenberg,,2061-05-07 09:36:00,CST,2061-05-07 09:36:00,0,0,0,0,2.5M,0,,F3,Unknown,5.4,880,,,,,37.37,-87.32,37.37,-87.22,,,KY,2061-05-07 09:36:00,2061-05-07 09:36:00,False,False
,10033732,Kentucky,177,Muhlenberg,,2061-05-07 09:41:00,CST,2061-05-07 09:41:00,0,0,0,0,2.5M,0,,F3,Unknown,6.6,880,,,,,37.37,-87.22,37.4,-87.1,,,KY,2061-05-07 09:41:00,2061-05-07 09:41:00,False,False
,10006050,Indiana,145,Shelby,,2061-04-25 14:27:00,CST,2061-04-25 14:27:00,1,0,0,0,2.5M,0,,F4,Unknown,9.6,550,,,,,39.58,-85.8,39.6,-85.62,,,IN,2061-04-25 14:27:00,2061-04-25 14:27:00,False,False
,10006051,Indiana,139,Rush,,2061-04-25 14:35:00,CST,2061-04-25 14:35:00,3,0,0,0,2.5M,0,,F4,Unknown,17.3,550,,,,,39.6,-85.62,39.67,-85.3,,,IN,2061-04-25 14:35:00,2061-04-25 14:35:00,False,False
,10006052,Indiana,41,Fayette,,2061-04-25 14:50:00,CST,2061-04-25 14:50:00,0,0,0,0,2.5M,0,,F4,Unknown,21.6,550,,,,,39.67,-85.3,39.73,-84.9,,,IN,2061-04-25 14:50:00,2061-04-25 14:50:00,False,False
,10006053,Indiana,177,Wayne,,2061-04-25 15:05:00,CST,2061-04-25 15:05:00,3,0,0,0,2.5M,0,,F4,Unknown,5.1,550,,,,,39.73,-84.9,39.75,-84.8,,,IN,2061-04-25 15:05:00,2061-04-25 15:05:00,False,False
,10006055,Indiana,39,Elkhart,,2061-05-06 18:30:00,CST,2061-05-06 18:30:00,0,0,0,0,0K,0,,,Unknown,0.0,33,,,,,41.73,-85.95,,,,,IN,2061-05-06 18:30:00,2061-05-06 18:30:00,False,False
,10006058,Indiana,87,Lagrange,,2061-05-06 20:02:00,CST,2061-05-06 20:02:00,5,0,0,0,2.5M,0,,F3,Unknown,11.0,800,,,,,41.53,-85.42,41.55,-85.2,,,IN,2061-05-06 20:02:00,2061-05-06 20:02:00,False,False
,10006059,Indiana,151,Steuben,,2061-05-06 20:25:00,CST,2061-05-06 20:25:00,0,0,0,0,2.5M,0,,F3,Unknown,20.5,800,,,,,41.55,-85.2,41.55,-84.8,,,IN,2061-05-06 20:25:00,2061-05-06 20:25:00,False,False
,10006062,Indiana,35,Delaware,,2061-05-24 14:00:00,CST,2061-05-24 14:00:00,0,0,0,0,.03K,0,,,Unknown,0.0,33,,,,,40.18,-85.38,,,,,IN,2061-05-24 14:00:00,2061-05-24 14:00:00,False,False
,10006066,Indiana,51,Gibson,,2061-06-12 20:00:00,CST,2061-06-12 20:00:00,0,0,0,0,25K,0,,F1,Unknown,0.0,33,,,,,38.42,-87.45,,,,,IN,2061-06-12 20:00:00,2061-06-12 20:00:00,False,False
,10120305,Texas,191,Hall,,2061-07-14 20:00:00,CST,2061-07-14 20:00:00,0,0,0,0,0K,0,,F1,Unknown,0.5,17,,,,,34.53,-100.58,,,,,TX,2061-07-14 20:00:00,2061-07-14 20:00:00,False,False
,10120306,Texas,129,Donley,,2061-07-14 20:00:00,CST,2061-07-14 20:00:00,0,0,0,0,0K,0,,F1,Unknown,0.5,33,,,,,34.87,-100.67,,,,,TX,2061-07-14 20:00:00,2061-07-14 20:00:00,False,False
,10034805,Kentucky,65,Estill,,2061-06-09 14:00:00,CST,2061-06-09 14:00:00,38,0,0,0,2.5M,0,,F3,Unknown,1.3,150,,,,,37.67,-83.83,37.67,-83.8,,,KY,2061-06-09 14:00:00,2061-06-09 14:00:00,False,False
,10034807,Kentucky,129,Lee,,2061-06-09 14:10:00,CST,2061-06-09 14:10:00,25,0,1,0,2.5M,0,,F3,Unknown,1.3,150,,,,,37.67,-83.8,37.67,-83.77,,,KY,2061-06-09 14:10:00,2061-06-09 14:10:00,False,False
,10122533,Texas,45,Briscoe,,2061-05-03 18:30:00,CST,2061-05-03 18:30:00,0,0,0,0,0K,0,,F0,Unknown,0.0,33,,,,,34.65,-101.17,,,,,TX,2061-05-03 18:30:00,2061-05-03 18:30:00,False,False
,10122542,Texas,211,Hemphill,,2061-05-04 14:00:00,CST,2061-05-04 14:00:00,0,0,0,0,0K,0,,F0,Unknown,8.4,33,,,,,35.75,-100.17,35.75,-100.02,,,TX,2061-05-04 14:00:00,2061-05-04 14:00:00,False,False
,10122543,Texas,387,Red River,,2061-05-04 15:00:00,CST,2061-05-04 15:00:00,0,0,0,0,0K,0,,F2,Unknown,0.8,1000,,,,,33.47,-95.27,,,,,TX,2061-05-04 15:00:00,2061-05-04 15:00:00,False,False
,10122350,Texas,487,Wilbarger,,2061-05-16 19:00:00,CST,2061-05-16 19:00:00,0,0,0,0,0K,0,,F0,Unknown,0.2,50,,,,,34.22,-99.27,,,,,TX,2061-05-16 19:00:00,2061-05-16 19:00:00,False,False
,10120317,Texas,485,Wichita,,2061-07-21 17:59:00,CST,2061-07-21 17:59:00,0,0,0,0,0K,0,,F1,Unknown,0.2,517,,,,,33.92,-98.57,,,,,TX,2061-07-21 17:59:00,2061-07-21 17:59:00,False,False
,10120318,Texas,135,Ector,,2061-07-21 20:00:00,CST,2061-07-21 20:00:00,0,0,0,0,0K,0,,F2,Unknown,0.5,33,,,,,31.92,-102.38,,,,,TX,2061-07-21 20:00:00,2061-07-21 20:00:00,False,False
,10120319,Texas,5,Angelina,,2061-07-24 12:20:00,CST,2061-07-24 12:20:00,0,0,0,0,0K,0,,F2,Unknown,0.2,17,,,,,31.33,-94.72,,,,,TX,2061-07-24 12:20:00,2061-07-24 12:20:00,False,False
,10120321,Texas,55,Caldwell,,2061-08-04 15:15:00,CST,2061-08-04 15:15:00,3,0,0,0,2.5K,0,,F2,Unknown,0.1,100,,,,,29.7,-97.52,,,,,TX,2061-08-04 15:15:00,2061-08-04 15:15:00,False,False
,10085652,Ohio,147,Seneca,,2061-02-18 19:45:00,CST,2061-02-18 19:45:00,0,0,0,0,250K,0,,F2,Unknown,1.5,440,,,,,41.1,-83.2,,,,,OH,2061-02-18 19:45:00,2061-02-18 19:45:00,False,False
,10122343,Texas,371,Pecos,,2061-05-16 17:00:00,CST,2061-05-16 17:00:00,0,0,0,0,250K,0,,F2,Unknown,0.1,33,,,,,30.9,-102.88,,,,,TX,2061-05-16 17:00:00,2061-05-16 17:00:00,False,False
,9992542,Colorado,99,Prowers,,2061-06-02 17:00:00,CST,2061-06-02 17:00:00,0,0,0,0,25K,0,,F1,Unknown,0.0,33,,,,,38.12,-102.4,,,,,CO,2061-06-02 17:00:00,2061-06-02 17:00:00,False,False
,9992543,Colorado,99,Prowers,,2061-06-02 17:00:00,CST,2061-06-02 17:00:00,0,0,0,0,25K,0,,F1,Unknown,0.0,33,,,,,38.12,-102.45,,,,,CO,2061-06-02 17:00:00,2061-06-02 17:00:00,False,False
,10122345,Texas,389,Reeves,,2061-05-16 17:15:00,CST,2061-05-16 17:15:00,0,0,0,0,0K,0,,F0,Unknown,1.0,280,,,,,31.32,-108.75,,,,,TX,2061-05-16 17:15:00,2061-05-16 17:15:00,False,False
,10122347,Texas,179,Gray,,2061-05-16 17:40:00,CST,2061-05-16 17:40:00,0,0,0,0,0K,0,,F0,Unknown,0.2,33,,,,,35.38,-100.77,,,,,TX,2061-05-16 17:40:00,2061-05-16 17:40:00,False,False
,10009303,Indiana,171,Warren,,2061-03-06 05:45:00,CST,2061-03-06 05:45:00,0,0,0,0,2.5K,0,,,Unknown,0.0,33,,,,,40.32,-87.22,,,,,IN,2061-03-06 05:45:00,2061-03-06 05:45:00,False,False
,10009304,Indiana,157,Tippecanoe,,2061-03-06 06:05:00,CST,2061-03-06 06:05:00,0,0,0,0,.25K,0,,F1,Unknown,0.0,33,,,,,40.3,-86.92,,,,,IN,2061-03-06 06:05:00,2061-03-06 06:05:00,False,False
,10009305,Indiana,23,Clinton,,2061-03-06 06:15:00,CST,2061-03-06 06:15:00,0,0,0,0,250K,0,,F2,Unknown,2.7,70,,,,,40.38,-86.63,40.42,-86.58,,,IN,2061-03-06 06:15:00,2061-03-06 06:15:00,False,False
,10009306,Indiana,11,Boone,,2061-03-06 06:30:00,CST,2061-03-06 06:30:00,2,0,0,0,25K,0,,F2,Unknown,0.0,33,,,,,40.13,-86.62,,,,,IN,2061-03-06 06:30:00,2061-03-06 06:30:00,False,False
,10009307,Indiana,67,Howard,,2061-03-06 06:30:00,CST,2061-03-06 06:30:00,3,0,1,0,250K,0,,F3,Unknown,2.0,300,,,,,40.47,-86.13,,,,,IN,2061-03-06 06:30:00,2061-03-06 06:30:00,False,False
,10009308,Indiana,67,Howard,,2061-03-06 07:00:00,CST,2061-03-06 07:00:00,0,0,0,0,25K,0,,F3,Unknown,0.0,33,,,,,40.47,-85.97,,,,,IN,2061-03-06 07:00:00,2061-03-06 07:00:00,False,False
,10009309,Indiana,143,Scott,,2061-03-06 07:06:00,CST,2061-03-06 07:06:00,3,0,0,0,250K,0,,F2,Unknown,1.0,33,,,,,38.75,-85.82,,,,,IN,2061-03-06 07:06:00,2061-03-06 07:06:00,False,False
,10009311,Indiana,179,Wells,,2061-03-06 07:50:00,CST,2061-03-06 07:50:00,0,0,0,0,25K,0,,F1,Unknown,0.0,33,,,,,40.72,-85.18,,,,,IN,2061-03-06 07:50:00,2061-03-06 07:50:00,False,False
,10009312,Indiana,37,Dubois,,2061-03-06 08:00:00,CST,2061-03-06 08:00:00,0,0,0,0,250K,0,,F1,Unknown,7.2,33,,,,,38.22,-86.9,38.23,-86.77,,,IN,2061-03-06 08:00:00,2061-03-06 08:00:00,False,False
,10009313,Indiana,19,Clark,,2061-03-06 10:00:00,CST,2061-03-06 10:00:00,0,0,0,0,2.5K,0,,,Unknown,0.0,33,,,,,38.4,-85.72,,,,,IN,2061-03-06 10:00:00,2061-03-06 10:00:00,False,False
,10009315,Indiana,89,Lake,,2061-04-23 16:37:00,CST,2061-04-23 16:37:00,0,0,0,0,25K,0,,F3,Unknown,15.4,33,,,,,41.32,-87.52,41.15,-87.32,,,IN,2061-04-23 16:37:00,2061-04-23 16:37:00,False,False
,10085654,Ohio,15,Brown,,2061-03-06 07:00:00,CST,2061-03-06 07:00:00,0,0,0,0,25K,0,,,Unknown,0.0,33,,,,,39.0,-83.67,,,,,OH,2061-03-06 07:00:00,2061-03-06 07:00:00,False,False
,10085655,Ohio,43,Erie,,2061-04-05 17:00:00,CST,2061-04-05 17:00:00,0,0,0,0,2.5K,0,,,Unknown,0.0,10,,,,,41.3,-82.5,,,,,OH,2061-04-05 17:00:00,2061-04-05 17:00:00,False,False
,10085656,Ohio,7,Ashtabula,,2061-04-16 05:30:00,CST,2061-04-16 05:30:00,0,0,0,0,250K,0,,F1,Unknown,7.9,33,,,,,41.77,-80.87,41.83,-80.73,,,OH,2061-04-16 05:30:00,2061-04-16 05:30:00,False,False
,10118508,South Carolina,3,Aiken,,2061-02-24 17:30:00,CST,2061-02-24 17:30:00,5,0,0,0,25K,0,,F1,Unknown,0.5,60,,,,,33.32,-81.78,,,,,SC,2061-02-24 17:30:00,2061-02-24 17:30:00,False,False
,10118509,South Carolina,3,Aiken,,2061-02-24 18:00:00,CST,2061-02-24 18:00:00,2,0,0,0,2.5K,0,,F1,Unknown,0.5,50,,,,,33.42,-81.68,,,,,SC,2061-02-24 18:00:00,2061-02-24 18:00:00,False,False
,10119212,Texas,167,Galveston,,2061-06-18 19:15:00,CST,2061-06-18 19:15:00,5,0,0,0,250K,0,,F3,Unknown,2.5,50,,,,,29.32,-94.78,,,,,TX,2061-06-18 19:15:00,2061-06-18 19:15:00,False,False
,10119215,Texas,165,Gaines,,2061-06-18 20:50:00,CST,2061-06-18 20:50:00,2,0,0,0,25K,0,,F2,Unknown,0.0,33,,,,,32.62,-102.55,,,,,TX,2061-06-18 20:50:00,2061-06-18 20:50:00,False,False
,10094001,Oklahoma,37,Creek,,2061-05-25 17:40:00,CST,2061-05-25 17:40:00,0,0,0,0,25K,0,,F1,Unknown,13.8,33,,,,,35.85,-96.5,35.78,-96.27,,,OK,2061-05-25 17:40:00,2061-05-25 17:40:00,False,False
,10094003,Oklahoma,9,Beckham,,2061-06-02 18:25:00,CST,2061-06-02 18:25:00,0,0,0,0,0K,0,,F0,Unknown,0.0,33,,,,,35.4,-99.5,,,,,OK,2061-06-02 18:25:00,2061-06-02 18:25:00,False,False
,10094006,Oklahoma,141,Tillman,,2061-06-02 23:00:00,CST,2061-06-02 23:00:00,0,0,0,0,2.5K,0,,F1,Unknown,0.3,100,,,,,34.5,-99.13,,,,,OK,2061-06-02 23:00:00,2061-06-02 23:00:00,False,False
,10094008,Oklahoma,139,Texas,,2061-06-03 17:45:00,CST,2061-06-03 17:45:00,0,0,0,0,0K,0,,F2,Unknown,0.0,33,,,,,36.9,-101.0,,,,,OK,2061-06-03 17:45:00,2061-06-03 17:45:00,False,False
,10094009,Oklahoma,7,Beaver,,2061-06-03 18:00:00,CST,2061-06-03 18:00:00,0,0,0,0,.25K,0,,F2,Unknown,1.3,33,,,,,36.63,-100.7,,,,,OK,2061-06-03 18:00:00,2061-06-03 18:00:00,False,False
,10094012,Oklahoma,25,Cimarron,,2061-06-05 17:15:00,CST,2061-06-05 17:15:00,1,0,0,0,2.5K,0,,F2,Unknown,28.5,150,,,,,36.7,-103.0,36.5,-102.55,,,OK,2061-06-05 17:15:00,2061-06-05 17:15:00,False,False
,10094015,Oklahoma,31,Comanche,,2061-06-07 05:20:00,CST,2061-06-07 05:20:00,0,0,0,0,0K,0,,,Unknown,0.0,33,,,,,34.7,-98.5,,,,,OK,2061-06-07 05:20:00,2061-06-07 05:20:00,False,False
,10094016,Oklahoma,139,Texas,,2061-06-07 20:00:00,CST,2061-06-07 20:00:00,0,0,0,0,0K,0,,F0,Unknown,0.0,33,,,,,36.9,-101.2,,,,,OK,2061-06-07 20:00:00,2061-06-07 20:00:00,False,False
,10091797,Oklahoma,63,Hughes,,2061-03-29 15:55:00,CST,2061-03-29 15:55:00,0,0,0,0,25K,0,,F2,Unknown,0.0,33,,,,,35.1,-96.25,,,,,OK,2061-03-29 15:55:00,2061-03-29 15:55:00,False,False
,10121433,Texas,401,Rusk,,2061-11-22 09:18:00,CST,2061-11-22 09:18:00,0,0,0,0,250K,0,,F3,Unknown,5.7,150,,,,,31.83,-94.67,31.92,-94.67,,,TX,2061-11-22 09:18:00,2061-11-22 09:18:00,False,False
,10121435,Texas,481,Wharton,,2061-11-22 16:00:00,CST,2061-11-22 16:00:00,1,0,0,0,0K,0,,F3,Unknown,2.0,200,,,,,29.4,-96.08,,,,,TX,2061-11-22 16:00:00,2061-11-22 16:00:00,False,False
,10094023,Oklahoma,49,Garvin,,2061-07-02 15:00:00,CST,2061-07-02 15:00:00,0,0,0,0,25K,0,,F1,Unknown,0.8,100,,,,,34.72,-97.62,,,,,OK,2061-07-02 15:00:00,2061-07-02 15:00:00,False,False
,10015907,Iowa,1,Adair,,2061-04-20 15:30:00,CST,2061-04-20 15:30:00,0,0,0,0,25K,0,,F1,Unknown,2.3,100,,,,,41.3,-94.5,41.33,-94.45,,,IA,2061-04-20 15:30:00,2061-04-20 15:30:00,False,False
,10015913,Iowa,53,Decatur,,2061-04-23 08:25:00,CST,2061-04-23 08:25:00,2,0,0,0,2.5M,0,,F2,Unknown,9.3,600,,,,,40.72,-93.73,40.72,-93.55,,,IA,2061-04-23 08:25:00,2061-04-23 08:25:00,False,False
,10015914,Iowa,185,Wayne,,2061-04-23 08:37:00,CST,2061-04-23 08:37:00,0,0,0,0,2.5M,0,,F2,Unknown,59.3,600,,,,,40.72,-93.55,40.68,-92.42,,,IA,2061-04-23 08:37:00,2061-04-23 08:37:00,False,False
,10031634,Louisiana,1,Acadia,,2061-03-29 23:30:00,CST,2061-03-29 23:30:00,0,0,0,0,250K,0,,F1,Unknown,3.3,30,,,,,30.33,-92.4,30.37,-92.37,,,LA,2061-03-29 23:30:00,2061-03-29 23:30:00,False,False
,10015916,Iowa,127,Marshall,,2061-04-23 10:15:00,CST,2061-04-23 10:15:00,6,0,0,0,2.5M,0,,F3,Unknown,7.4,800,,,,,42.03,-92.92,42.07,-92.77,,,IA,2061-04-23 10:15:00,2061-04-23 10:15:00,False,False
,10015919,Iowa,171,Tama,,2061-04-23 10:25:00,CST,2061-04-23 10:25:00,6,0,1,0,2.5M,0,,F3,Unknown,80.3,800,,,,,42.07,-92.77,42.25,-91.22,,,IA,2061-04-23 10:25:00,2061-04-23 10:25:00,False,False
,10091788,Oklahoma,147,Washington,,2061-03-26 17:40:00,CST,2061-03-26 17:40:00,0,0,0,0,.03K,0,,F2,Unknown,26.6,33,,,,,36.75,-96.0,37.0,-95.63,,,OK,2061-03-26 17:40:00,2061-03-26 17:40:00,False,False
,10091789,Oklahoma,91,Mcintosh,,2061-03-26 18:56:00,CST,2061-03-26 18:56:00,1,0,0,0,25K,0,,F3,Unknown,21.4,200,,,,,35.27,-95.72,35.5,-95.47,,,OK,2061-03-26 18:56:00,2061-03-26 18:56:00,False,False
,10091791,Oklahoma,71,Kay,,2061-03-26 20:15:00,CST,2061-03-26 20:15:00,0,0,0,0,25K,0,,F3,Unknown,8.0,100,,,,,36.77,-96.83,36.82,-96.7,,,OK,2061-03-26 20:15:00,2061-03-26 20:15:00,False,False
,10125242,Tennessee,125,Montgomery,,2061-04-25 18:15:00,CST,2061-04-25 18:15:00,2,0,0,0,25K,0,,F2,Unknown,9.4,187,,,,,36.43,-87.48,36.47,-87.32,,,TN,2061-04-25 18:15:00,2061-04-25 18:15:00,False,False
,10083398,Ohio,173,Wood,,2061-08-05 15:00:00,CST,2061-08-05 15:00:00,0,0,0,0,2.5K,0,,F0,Unknown,0.0,33,,,,,41.3,-83.6,,,,,OH,2061-08-05 15:00:00,2061-08-05 15:00:00,False,False
,10092915,Oklahoma,15,Caddo,,2061-05-21 17:33:00,CST,2061-05-21 17:33:00,0,0,0,0,0K,0,,,Unknown,0.0,33,,,,,35.1,-98.3,,,,,OK,2061-05-21 17:33:00,2061-05-21 17:33:00,False,False
,10092918,Oklahoma,109,Oklahoma,,2061-05-21 18:03:00,CST,2061-05-21 18:03:00,0,0,0,0,2.5K,0,,,Unknown,0.0,33,,,,,35.5,-97.65,,,,,OK,2061-05-21 18:03:00,2061-05-21 18:03:00,False,False
,10083402,Ohio,139,Richland,,2061-08-25 17:45:00,CST,2061-08-25 17:45:00,0,0,0,0,0K,0,,F0,Unknown,0.0,33,,,,,40.82,-82.62,,,,,OH,2061-08-25 17:45:00,2061-08-25 17:45:00,False,False
,10083403,Ohio,139,Richland,,2061-08-25 18:15:00,CST,2061-08-25 18:15:00,0,0,0,0,0K,0,,F0,Unknown,0.0,33,,,,,40.82,-82.6,,,,,OH,2061-08-25 18:15:00,2061-08-25 18:15:00,False,False
,10091762,Oklahoma,123,Pontotoc,,2061-02-17 18:20:00,CST,2061-02-17 18:20:00,0,0,0,0,2.5M,0,,F3,Unknown,12.0,300,,,,,34.82,-96.92,34.93,-96.77,,,OK,2061-02-17 18:20:00,2061-02-17 18:20:00,False,False
,10091763,Oklahoma,133,Seminole,,2061-02-17 18:45:00,CST,2061-02-17 18:45:00,7,0,0,0,2.5M,0,,F3,Unknown,25.0,300,,,,,34.93,-96.77,35.17,-96.45,,,OK,2061-02-17 18:45:00,2061-02-17 18:45:00,False,False
,10122588,Texas,243,Jeff Davis,,2061-05-23 16:15:00,CST,2061-05-23 16:15:00,0,0,0,0,0K,0,,F0,Unknown,0.5,440,,,,,30.6,-104.48,,,,,TX,2061-05-23 16:15:00,2061-05-23 16:15:00,False,False
,10122589,Texas,239,Jackson,,2061-05-23 17:15:00,CST,2061-05-23 17:15:00,0,0,0,0,2.5K,0,,F1,Unknown,0.4,17,,,,,29.05,-96.52,,,,,TX,2061-05-23 17:15:00,2061-05-23 17:15:00,False,False
,10122590,Texas,469,Victoria,,2061-05-24 16:10:00,CST,2061-05-24 16:10:00,0,0,0,0,0K,0,,F0,Unknown,2.0,50,,,,,28.6,-96.98,,,,,TX,2061-05-24 16:10:00,2061-05-24 16:10:00,False,False
,10122592,Texas,279,Lamb,,2061-05-24 21:00:00,CST,2061-05-24 21:00:00,0,0,0,0,0K,0,,F0,Unknown,0.5,50,,,,,33.97,-102.28,,,,,TX,2061-05-24 21:00:00,2061-05-24 21:00:00,False,False
,10122597,Texas,217,Hill,,2061-05-25 16:00:00,CST,2061-05-25 16:00:00,0,0,0,0,0K,0,,F0,Unknown,2.0,50,,,,,32.03,-97.48,,,,,TX,2061-05-25 16:00:00,2061-05-25 16:00:00,False,False
,10091806,Oklahoma,91,Mcintosh,,2061-04-11 19:30:00,CST,2061-04-11 19:30:00,0,0,0,0,.03K,0,,F1,Unknown,0.0,33,,,,,35.47,-95.52,,,,,OK,2061-04-11 19:30:00,2061-04-11 19:30:00,False,False
,10091807,Oklahoma,105,Nowata,,2061-04-20 23:35:00,CST,2061-04-20 23:35:00,0,0,0,0,.25K,0,,F0,Unknown,0.0,100,,,,,36.85,-95.63,,,,,OK,2061-04-20 23:35:00,2061-04-20 23:35:00,False,False
,10091810,Oklahoma,71,Kay,,2061-04-21 22:15:00,CST,2061-04-21 22:15:00,0,0,0,0,.25K,0,,F1,Unknown,3.4,33,,,,,36.9,-97.18,36.95,-97.18,,,OK,2061-04-21 22:15:00,2061-04-21 22:15:00,False,False
,10091812,Oklahoma,65,Jackson,,2061-04-23 16:15:00,CST,2061-04-23 16:15:00,0,0,0,0,25K,0,,F2,Unknown,0.0,33,,,,,34.68,-99.45,,,,,OK,2061-04-23 16:15:00,2061-04-23 16:15:00,False,False
,10091814,Oklahoma,113,Osage,,2061-04-24 19:15:00,CST,2061-04-24 19:15:00,0,0,0,0,0K,0,,,Unknown,0.0,33,,,,,36.62,-96.93,,,,,OK,2061-04-24 19:15:00,2061-04-24 19:15:00,False,False
,10091816,Oklahoma,43,Dewey,,2061-04-30 14:00:00,CST,2061-04-30 14:00:00,0,0,0,0,0K,0,,,Unknown,0.0,33,,,,,35.95,-99.15,,,,,OK,2061-04-30 14:00:00,2061-04-30 14:00:00,False,False
,10091817,Oklahoma,43,Dewey,,2061-04-30 14:00:00,CST,2061-04-30 14:00:00,0,0,0,0,0K,0,,,Unknown,0.0,33,,,,,36.0,-99.0,,,,,OK,2061-04-30 14:00:00,2061-04-30 14:00:00,False,False
,10091818,Oklahoma,43,Dewey,,2061-04-30 14:00:00,CST,2061-04-30 14:00:00,0,0,0,0,0K,0,,F0,Unknown,0.0,33,,,,,35.9,-99.3,,,,,OK,2061-04-30 14:00:00,2061-04-30 14:00:00,False,False
,10118933,Texas,359,Oldham,,2061-06-03 20:00:00,CST,2061-06-03 20:00:00,0,0,0,0,0K,0,,F0,Unknown,27.3,50,,,,,35.22,-102.3,35.02,-101.88,,,TX,2061-06-03 20:00:00,2061-06-03 20:00:00,False,False
,10122609,Texas,179,Gray,,2061-06-02 14:30:00,CST,2061-06-02 14:30:00,0,0,0,0,0K,0,,F2,Unknown,0.5,23,,,,,35.35,-100.95,,,,,TX,2061-06-02 14:30:00,2061-06-02 14:30:00,False,False
,10122615,Texas,219,Hockley,,2061-06-03 15:00:00,CST,2061-06-03 15:00:00,0,0,0,0,0K,0,,F2,Unknown,3.0,440,,,,,33.88,-102.15,33.87,-102.1,,,TX,2061-06-03 15:00:00,2061-06-03 15:00:00,False,False
,10122619,Texas,279,Lamb,,2061-06-03 16:30:00,CST,2061-06-03 16:30:00,0,0,0,0,25K,0,,F3,Unknown,25.1,200,,,,,34.12,-102.53,33.92,-102.17,,,TX,2061-06-03 16:30:00,2061-06-03 16:30:00,False,False
,10091764,Oklahoma,125,Pottawatomie,,2061-02-17 19:00:00,CST,2061-02-17 19:00:00,1,0,0,0,25K,0,,F2,Unknown,6.6,33,,,,,35.33,-97.1,35.38,-97.0,,,OK,2061-02-17 19:00:00,2061-02-17 19:00:00,False,False
,10091765,Oklahoma,63,Hughes,,2061-02-17 19:30:00,CST,2061-02-17 19:30:00,2,0,0,0,2.5M,0,,F3,Unknown,13.0,300,,,,,35.17,-96.45,35.28,-96.27,,,OK,2061-02-17 19:30:00,2061-02-17 19:30:00,False,False
,10091766,Oklahoma,107,Okfuskee,,2061-02-17 20:00:00,CST,2061-02-17 20:00:00,0,0,0,0,2.5M,0,,F3,Unknown,12.0,300,,,,,35.28,-96.27,35.4,-96.08,,,OK,2061-02-17 20:00:00,2061-02-17 20:00:00,False,False
,10091776,Oklahoma,69,Johnston,,2061-03-05 18:30:00,CST,2061-03-05 18:30:00,0,0,0,0,0K,0,,,Unknown,0.0,33,,,,,34.2,-96.75,,,,,OK,2061-03-05 18:30:00,2061-03-05 18:30:00,False,False
,10091777,Oklahoma,23,Choctaw,,2061-03-05 21:15:00,CST,2061-03-05 21:15:00,0,0,0,0,2.5K,0,,F2,Unknown,3.8,50,,,,,34.0,-95.83,34.03,-95.78,,,OK,2061-03-05 21:15:00,2061-03-05 21:15:00,False,False
,10091781,Oklahoma,17,Canadian,,2061-03-26 14:30:00,CST,2061-03-26 14:30:00,0,0,0,0,25K,0,,F2,Unknown,29.3,33,,,,,35.58,-98.02,35.9,-97.67,,,OK,2061-03-26 14:30:00,2061-03-26 14:30:00,False,False
,10091783,Oklahoma,103,Noble,,2061-03-26 15:28:00,CST,2061-03-26 15:28:00,0,0,0,0,0K,0,,,Unknown,0.0,33,,,,,36.3,-97.33,,,,,OK,2061-03-26 15:28:00,2061-03-26 15:28:00,False,False
,10091785,Oklahoma,131,Rogers,,2061-03-26 17:00:00,CST,2061-03-26 17:00:00,26,0,0,0,.03K,0,,F2,Unknown,23.0,33,,,,,36.55,-96.33,36.75,-96.0,,,OK,2061-03-26 17:00:00,2061-03-26 17:00:00,False,False
,10118947,Texas,111,Dallam,,2061-06-05 15:00:00,CST,2061-06-05 15:00:00,0,0,0,0,.03K,0,,F1,Unknown,12.0,33,,,,,36.32,-103.03,36.32,-102.82,,,TX,2061-06-05 15:00:00,2061-06-05 15:00:00,False,False
,10118948,Texas,111,Dallam,,2061-06-05 15:00:00,CST,2061-06-05 15:00:00,0,0,0,0,.03K,0,,F1,Unknown,21.8,333,,,,,36.5,-102.57,36.27,-102.3,,,TX,2061-06-05 15:00:00,2061-06-05 15:00:00,False,False
,10118510,South Carolina,75,Orangeburg,,2061-02-24 19:00:00,CST,2061-02-24 19:00:00,0,0,0,0,.03K,0,,F0,Unknown,0.5,37,,,,,33.67,-81.12,,,,,SC,2061-02-24 19:00:00,2061-02-24 19:00:00,False,False
,10151836,Vermont,11,Franklin,,2061-06-13 16:45:00,CST,2061-06-13 16:45:00,0,0,0,0,25K,0,,F2,Unknown,7.9,300,,,,,44.93,-73.1,44.97,-72.93,,,VT,2061-06-13 16:45:00,2061-06-13 16:45:00,False,False
,9983955,Arizona,19,Pima,,2061-07-27 17:15:00,CST,2061-07-27 17:15:00,1,0,0,0,250K,0,,F1,Unknown,0.0,33,,,,,32.1,-110.9,,,,,AZ,2061-07-27 17:15:00,2061-07-27 17:15:00,False,False
,10118515,South Carolina,19,Charleston,,2061-04-12 09:43:00,CST,2061-04-12 09:43:00,0,0,0,0,250K,0,,F1,Unknown,2.5,67,,,,,32.73,-79.95,,,,,SC,2061-04-12 09:43:00,2061-04-12 09:43:00,False,False
,10151987,Virginia,69,Frederick,,2061-07-13 15:00:00,CST,2061-07-13 15:00:00,1,0,0,0,2.5K,0,,F2,Unknown,0.0,33,,,,,39.32,-78.2,,,,,VA,2061-07-13 15:00:00,2061-07-13 15:00:00,False,False
,10151996,Virginia,41,Chesterfield,,2061-10-20 18:00:00,CST,2061-10-20 18:00:00,0,0,0,0,.25K,0,,F1,Unknown,0.0,33,,,,,37.5,-77.55,,,,,VA,2061-10-20 18:00:00,2061-10-20 18:00:00,False,False
,10151983,Virginia,175,Southampton,,2061-06-26 12:49:00,CST,2061-06-26 12:49:00,0,0,0,0,25K,0,,F0,Unknown,1.0,33,,,,,36.55,-76.93,,,,,VA,2061-06-26 12:49:00,2061-06-26 12:49:00,False,False
,10151984,Virginia,3,Albemarle,,2061-07-02 13:00:00,CST,2061-07-02 13:00:00,2,0,0,0,.25K,0,,F1,Unknown,0.0,33,,,,,38.17,-78.55,,,,,VA,2061-07-02 13:00:00,2061-07-02 13:00:00,False,False
,9995466,Georgia,175,Laurens,,2061-03-31 08:15:00,CST,2061-03-31 08:15:00,0,0,0,0,2.5K,0,,F1,Unknown,1.0,33,,,,,32.45,-82.95,,,,,GA,2061-03-31 08:15:00,2061-03-31 08:15:00,False,False
,9995467,Georgia,321,Worth,,2061-03-31 09:00:00,CST,2061-03-31 09:00:00,0,0,0,0,25K,0,,F1,Unknown,1.0,400,,,,,31.53,-83.83,,,,,GA,2061-03-31 09:00:00,2061-03-31 09:00:00,False,False
,9995468,Georgia,267,Tattnall,,2061-03-31 10:00:00,CST,2061-03-31 10:00:00,0,0,0,0,2.5K,0,,F2,Unknown,0.2,33,,,,,32.0,-81.9,,,,,GA,2061-03-31 10:00:00,2061-03-31 10:00:00,False,False
,10029087,Kansas,103,Leavenworth,,2061-05-07 15:00:00,CST,2061-05-07 15:00:00,0,0,0,0,0K,0,,,Unknown,0.0,33,,,,,39.12,-95.1,,,,,KS,2061-05-07 15:00:00,2061-05-07 15:00:00,False,False
,10029088,Kansas,103,Leavenworth,,2061-05-07 15:15:00,CST,2061-05-07 15:15:00,0,0,0,0,2.5M,0,,F4,Unknown,2.3,150,,,,,39.17,-94.93,39.18,-94.88,,,KS,2061-05-07 15:15:00,2061-05-07 15:15:00,False,False
,10011019,Illinois,53,Ford,,2061-03-04 16:40:00,CST,2061-03-04 16:40:00,0,0,0,0,250K,0,,F1,Unknown,42.2,33,,,,,40.47,-88.45,40.53,-87.65,,,IL,2061-03-04 16:40:00,2061-03-04 16:40:00,False,False
,10115345,Pennsylvania,49,Erie,,2061-07-31 10:00:00,CST,2061-07-31 10:00:00,0,0,0,0,25K,0,,F1,Unknown,0.3,7,,,,,41.92,-79.63,,,,,PA,2061-07-31 10:00:00,2061-07-31 10:00:00,False,False
,10007654,Illinois,203,Woodford,,2061-05-14 20:15:00,CST,2061-05-14 20:15:00,0,0,0,0,.25K,0,,F0,Unknown,22.9,33,,,,,40.77,-89.28,41.05,-89.05,,,IL,2061-05-14 20:15:00,2061-05-14 20:15:00,False,False
,10150352,Utah,15,Emery,,2061-05-04 15:00:00,CST,2061-05-04 15:00:00,0,0,0,0,2.5K,0,,,Unknown,9.4,67,,,,,38.98,-110.17,39.12,-110.12,,,UT,2061-05-04 15:00:00,2061-05-04 15:00:00,False,False
,9995484,Georgia,261,Sumter,,2061-04-15 04:30:00,CST,2061-04-15 04:30:00,0,0,0,0,25K,0,,F2,Unknown,5.1,300,,,,,32.0,-84.2,32.05,-84.15,,,GA,2061-04-15 04:30:00,2061-04-15 04:30:00,False,False
,9996332,Georgia,17,Ben Hill,,2061-04-15 07:30:00,CST,2061-04-15 07:30:00,0,0,0,0,250K,0,,F1,Unknown,2.3,100,,,,,31.67,-83.2,31.67,-83.17,,,GA,2061-04-15 07:30:00,2061-04-15 07:30:00,False,False
,10053232,Minnesota,77,Lake Of The Woods,,2061-09-01 17:15:00,CST,2061-09-01 17:15:00,1,0,0,0,25K,0,,F1,Unknown,9.8,250,,,,,48.75,-94.8,48.72,-94.58,,,MN,2061-09-01 17:15:00,2061-09-01 17:15:00,False,False
,9975786,Alabama,31,Coffee,,2061-04-09 09:30:00,CST,2061-04-09 09:30:00,0,0,0,0,250K,0,,F1,Unknown,54.1,33,,,,,31.6,-86.03,31.87,-85.17,,,AL,2061-04-09 09:30:00,2061-04-09 09:30:00,False,False
,10159501,Wyoming,11,Crook,,2061-07-17 17:30:00,CST,2061-07-17 17:30:00,0,0,0,0,.25K,0,,F1,Unknown,1.0,7,,,,,44.3,-104.38,,,,,WY,2061-07-17 17:30:00,2061-07-17 17:30:00,False,False
,10111365,South Dakota,55,Haakon,,2061-03-24 23:15:00,CST,2061-03-24 23:15:00,0,0,0,0,2.5K,0,,F1,Unknown,0.0,33,,,,,44.03,-101.67,,,,,SD,2061-03-24 23:15:00,2061-03-24 23:15:00,False,False
,10050430,Mississippi,121,Rankin,,2061-02-20 17:40:00,CST,2061-02-20 17:40:00,0,0,0,0,0K,0,,F1,Unknown,0.0,33,,,,,32.33,-90.12,,,,,MS,2061-02-20 17:40:00,2061-02-20 17:40:00,False,False
,9981373,Arkansas,89,Marion,,2061-03-12 18:30:00,CST,2061-03-12 18:30:00,0,0,0,0,250K,0,,F1,Unknown,19.8,250,,,,,36.17,-92.82,36.38,-92.58,,,AR,2061-03-12 18:30:00,2061-03-12 18:30:00,False,False
,9987208,Florida,11,Broward,,2061-05-26 14:30:00,CST,2061-05-26 14:30:00,2,0,0,0,2.5M,0,,F2,Unknown,0.5,50,,,,,26.08,-80.15,,,,,FL,2061-05-26 14:30:00,2061-05-26 14:30:00,False,False
,10011017,Illinois,113,Mclean,,2061-03-04 16:30:00,CST,2061-03-04 16:30:00,1,0,0,0,250K,0,,F1,Unknown,9.3,33,,,,,40.45,-88.63,40.47,-88.45,,,IL,2061-03-04 16:30:00,2061-03-04 16:30:00,False,False
,10032710,Louisiana,111,Union,,2061-09-12 15:00:00,CST,2061-09-12 15:00:00,0,0,0,0,25K,0,,F2,Unknown,4.1,100,,,,,32.97,-92.6,33.0,-92.65,,,LA,2061-09-12 15:00:00,2061-09-12 15:00:00,False,False
,10033730,Kentucky,107,Hopkins,,2061-05-07 09:25:00,CST,2061-05-07 09:25:00,3,0,0,0,2.5M,0,,F3,Unknown,11.2,880,,,,,37.33,-87.52,37.37,-87.32,,,KY,2061-05-07 09:25:00,2061-05-07 09:25:00,False,False
,10050441,Mississippi,5,Amite,,2061-03-28 03:30:00,CST,2061-03-28 03:30:00,0,0,0,0,25K,0,,F1,Unknown,4.3,100,,,,,31.17,-90.82,31.2,-90.77,,,MS,2061-03-28 03:30:00,2061-03-28 03:30:00,False,False
,10052145,Minnesota,97,Morrison,,2061-06-30 20:30:00,CST,2061-06-30 20:30:00,0,0,0,0,25K,0,,F2,Unknown,0.0,33,,,,,46.02,-94.1,,,,,MN,2061-06-30 20:30:00,2061-06-30 20:30:00,False,False
,9996570,Georgia,45,Carroll,,2061-08-31 11:05:00,CST,2061-08-31 11:05:00,1,0,0,0,25K,0,,F1,Unknown,0.5,300,,,,,33.47,-85.13,,,,,GA,2061-08-31 11:05:00,2061-08-31 11:05:00,False,False
,9996572,Georgia,51,Chatham,,2061-09-13 17:00:00,CST,2061-09-13 17:00:00,0,0,0,0,25K,0,,F2,Unknown,0.2,20,,,,,32.07,-81.12,,,,,GA,2061-09-13 17:00:00,2061-09-13 17:00:00,False,False
,9996573,Georgia,99,Early,,2061-11-23 04:30:00,CST,2061-11-23 04:30:00,0,0,0,0,.25K,0,,F0,Unknown,0.5,33,,,,,32.25,-84.92,,,,,GA,2061-11-23 04:30:00,2061-11-23 04:30:00,False,False
,9996574,Georgia,99,Early,,2061-11-23 04:30:00,CST,2061-11-23 04:30:00,0,0,0,0,.25K,0,,F0,Unknown,0.3,33,,,,,32.27,-84.93,,,,,GA,2061-11-23 04:30:00,2061-11-23 04:30:00,False,False
,9996575,Georgia,99,Early,,2061-11-23 04:30:00,CST,2061-11-23 04:30:00,0,0,0,0,2.5K,0,,F2,Unknown,0.9,33,,,,,31.4,-84.93,,,,,GA,2061-11-23 04:30:00,2061-11-23 04:30:00,False,False
,9996576,Georgia,233,Polk,,2061-12-11 19:00:00,CST,2061-12-11 19:00:00,0,0,0,0,25K,0,,F1,Unknown,0.9,40,,,,,34.0,-85.25,,,,,GA,2061-12-11 19:00:00,2061-12-11 19:00:00,False,False
,9996577,Georgia,143,Haralson,,2061-12-12 06:00:00,CST,2061-12-12 06:00:00,0,0,0,0,25K,0,,F1,Unknown,2.7,33,,,,,33.72,-85.15,33.75,-85.13,,,GA,2061-12-12 06:00:00,2061-12-12 06:00:00,False,False
,9996578,Georgia,143,Haralson,,2061-12-12 06:05:00,CST,2061-12-12 06:05:00,0,0,0,0,25K,0,,F1,Unknown,0.5,33,,,,,33.7,-85.15,,,,,GA,2061-12-12 06:05:00,2061-12-12 06:05:00,False,False
,9996579,Georgia,185,Lowndes,,2061-12-18 07:30:00,CST,2061-12-18 07:30:00,0,0,0,0,25K,0,,F2,Unknown,0.5,37,,,,,30.8,-83.3,,,,,GA,2061-12-18 07:30:00,2061-12-18 07:30:00,False,False
,10159490,Wyoming,11,Crook,,2061-05-18 23:00:00,CST,2061-05-18 23:00:00,0,0,0,0,25K,0,,F2,Unknown,0.0,17,,,,,44.4,-104.58,44.4,-104.57,,,WY,2061-05-18 23:00:00,2061-05-18 23:00:00,False,False
,10159491,Wyoming,33,Sheridan,,2061-05-20 18:00:00,CST,2061-05-20 18:00:00,0,0,0,0,25K,0,,F1,Unknown,0.0,33,,,,,44.73,-106.13,,,,,WY,2061-05-20 18:00:00,2061-05-20 18:00:00,False,False
,10159493,Wyoming,21,Laramie,,2061-06-03 20:00:00,CST,2061-06-03 20:00:00,0,0,0,0,0K,0,,F0,Unknown,0.5,7,,,,,41.18,-104.1,,,,,WY,2061-06-03 20:00:00,2061-06-03 20:00:00,False,False
,10151840,Vermont,11,Franklin,,2061-07-18 15:30:00,CST,2061-07-18 15:30:00,0,0,0,0,2.5K,0,,F1,Unknown,0.1,33,,,,,44.8,-73.1,,,,,VT,2061-07-18 15:30:00,2061-07-18 15:30:00,False,False
,10151841,Vermont,21,Rutland,,2061-07-21 11:00:00,CST,2061-07-21 11:00:00,0,0,0,0,2.5K,0,,F0,Unknown,0.0,33,,,,,43.53,-73.25,,,,,VT,2061-07-21 11:00:00,2061-07-21 11:00:00,False,False
,10007659,Illinois,15,Carroll,,2061-06-07 14:00:00,CST,2061-06-07 14:00:00,0,0,0,0,0K,0,,F0,Unknown,0.0,33,,,,,42.07,-90.17,,,,,IL,2061-06-07 14:00:00,2061-06-07 14:00:00,False,False
,10145716,Wisconsin,13,Burnett,,2061-08-02 19:00:00,CST,2061-08-02 19:00:00,0,0,0,0,0K,0,,,Unknown,0.5,33,,,,,45.75,-92.7,,,,,WI,2061-08-02 19:00:00,2061-08-02 19:00:00,False,False
,10025718,Kansas,31,Coffey,,2061-06-13 19:00:00,CST,2061-06-13 19:00:00,0,0,0,0,0K,0,,,Unknown,0.0,33,,,,,38.2,-95.75,,,,,KS,2061-06-13 19:00:00,2061-06-13 19:00:00,False,False
,10025721,Kansas,205,Wilson,,2061-06-13 21:30:00,CST,2061-06-13 21:30:00,0,0,0,0,.25K,0,,F1,Unknown,1.0,50,,,,,37.63,-95.73,,,,,KS,2061-06-13 21:30:00,2061-06-13 21:30:00,False,False
,10025725,Kansas,83,Hodgeman,,2061-06-25 17:30:00,CST,2061-06-25 17:30:00,0,0,0,0,.25K,0,,F1,Unknown,0.0,33,,,,,37.98,-100.18,,,,,KS,2061-06-25 17:30:00,2061-06-25 17:30:00,False,False
,9995469,Georgia,215,Muscogee,,2061-03-31 13:10:00,CST,2061-03-31 13:10:00,0,0,0,0,25K,0,,F3,Unknown,5.2,33,,,,,32.45,-84.98,32.52,-84.93,,,GA,2061-03-31 13:10:00,2061-03-31 13:10:00,False,False
,9995470,Georgia,49,Charlton,,2061-03-31 13:20:00,CST,2061-03-31 13:20:00,1,0,0,0,0K,0,,F1,Unknown,3.3,400,,,,,30.83,-82.0,30.83,-81.95,,,GA,2061-03-31 13:20:00,2061-03-31 13:20:00,False,False
,9995471,Georgia,1,Appling,,2061-04-03 14:00:00,CST,2061-04-03 14:00:00,0,0,0,0,2.5K,0,,F2,Unknown,0.5,33,,,,,31.8,-82.3,,,,,GA,2061-04-03 14:00:00,2061-04-03 14:00:00,False,False
,9995472,Georgia,321,Worth,,2061-04-03 18:00:00,CST,2061-04-03 18:00:00,0,0,0,0,25K,0,,F2,Unknown,23.5,33,,,,,31.58,-83.98,31.58,-83.58,,,GA,2061-04-03 18:00:00,2061-04-03 18:00:00,False,False
,9995473,Georgia,95,Dougherty,,2061-04-03 18:20:00,CST,2061-04-03 18:20:00,1,0,0,0,25K,0,,F2,Unknown,10.9,33,,,,,31.58,-84.17,31.58,-83.98,,,GA,2061-04-03 18:20:00,2061-04-03 18:20:00,False,False
,9995474,Georgia,51,Chatham,,2061-04-03 21:30:00,CST,2061-04-03 21:30:00,0,0,0,0,2.5K,0,,F0,Unknown,0.5,33,,,,,32.03,-81.1,,,,,GA,2061-04-03 21:30:00,2061-04-03 21:30:00,False,False
,9995475,Georgia,259,Stewart,,2061-04-09 10:40:00,CST,2061-04-09 10:40:00,0,0,0,0,.25K,0,,F2,Unknown,4.9,300,,,,,32.05,-84.8,32.08,-84.73,,,GA,2061-04-09 10:40:00,2061-04-09 10:40:00,False,False
,9995476,Georgia,235,Pulaski,,2061-04-09 12:30:00,CST,2061-04-09 12:30:00,0,0,0,0,2.5K,0,,F1,Unknown,0.7,100,,,,,32.28,-83.47,,,,,GA,2061-04-09 12:30:00,2061-04-09 12:30:00,False,False
,9995477,Georgia,51,Chatham,,2061-04-09 17:00:00,CST,2061-04-09 17:00:00,0,0,0,0,25K,0,,F1,Unknown,0.7,20,,,,,32.07,-81.1,,,,,GA,2061-04-09 17:00:00,2061-04-09 17:00:00,False,False
,9995478,Georgia,131,Grady,,2061-04-12 06:00:00,CST,2061-04-12 06:00:00,0,0,0,0,25K,0,,F1,Unknown,0.3,150,,,,,30.87,-84.3,,,,,GA,2061-04-12 06:00:00,2061-04-12 06:00:00,False,False
,9995480,Georgia,5,Bacon,,2061-04-12 06:45:00,CST,2061-04-12 06:45:00,2,0,0,0,25K,0,,F2,Unknown,15.7,33,,,,,31.5,-82.58,31.5,-82.32,,,GA,2061-04-12 06:45:00,2061-04-12 06:45:00,False,False
,9995481,Georgia,69,Coffee,,2061-04-12 06:55:00,CST,2061-04-12 06:55:00,0,0,0,0,25K,0,,F2,Unknown,4.9,33,,,,,31.5,-82.67,31.5,-82.58,,,GA,2061-04-12 06:55:00,2061-04-12 06:55:00,False,False
,9995482,Georgia,51,Chatham,,2061-04-12 09:00:00,CST,2061-04-12 09:00:00,0,0,0,0,25K,0,,F0,Unknown,0.5,33,,,,,32.02,-80.85,,,,,GA,2061-04-12 09:00:00,2061-04-12 09:00:00,False,False
,10145558,Wisconsin,63,La Crosse,,2061-05-14 13:50:00,CST,2061-05-14 13:50:00,0,0,0,0,25K,0,,F2,Unknown,1.0,33,,,,,43.8,-91.22,,,,,WI,2061-05-14 13:50:00,2061-05-14 13:50:00,False,False
,10032692,Louisiana,13,Bienville,,2061-05-14 14:00:00,CST,2061-05-14 14:00:00,0,0,0,0,25K,0,,F2,Unknown,6.1,283,,,,,32.22,-93.2,32.28,-93.13,,,LA,2061-05-14 14:00:00,2061-05-14 14:00:00,False,False
,10032701,Louisiana,113,Vermilion,,2061-09-10 16:50:00,CST,2061-09-10 16:50:00,55,0,1,0,2.5M,0,,F3,Unknown,5.7,283,,,,,30.0,-92.3,30.08,-92.3,,,LA,2061-09-10 16:50:00,2061-09-10 16:50:00,False,False
,10032702,Louisiana,113,Vermilion,,2061-09-10 18:09:00,CST,2061-09-10 18:09:00,0,0,0,0,25K,0,,F1,Unknown,2.0,100,,,,,29.8,-92.1,,,,,LA,2061-09-10 18:09:00,2061-09-10 18:09:00,False,False
,10032703,Louisiana,113,Vermilion,,2061-09-10 18:12:00,CST,2061-09-10 18:12:00,0,0,0,0,25K,0,,F1,Unknown,1.0,100,,,,,29.7,-91.2,,,,,LA,2061-09-10 18:12:00,2061-09-10 18:12:00,False,False
,10032704,Louisiana,101,St. Mary,,2061-09-10 22:20:00,CST,2061-09-10 22:20:00,0,0,0,0,2.5K,0,,F1,Unknown,0.3,100,,,,,29.7,-91.3,,,,,LA,2061-09-10 22:20:00,2061-09-10 22:20:00,False,False
,10032705,Louisiana,101,St. Mary,,2061-09-10 22:20:00,CST,2061-09-10 22:20:00,16,0,0,0,25K,0,,F2,Unknown,1.0,100,,,,,29.7,-91.2,,,,,LA,2061-09-10 22:20:00,2061-09-10 22:20:00,False,False
,10032706,Louisiana,33,East Baton Rouge,,2061-09-11 11:10:00,CST,2061-09-11 11:10:00,0,0,0,0,250K,0,,F1,Unknown,3.6,100,,,,,30.6,-90.78,30.6,-90.83,,,LA,2061-09-11 11:10:00,2061-09-11 11:10:00,False,False
,10032707,Louisiana,103,St. Tammany,,2061-09-11 11:30:00,CST,2061-09-11 11:30:00,2,0,0,0,25K,0,,F2,Unknown,4.3,100,,,,,30.33,-89.77,30.33,-89.83,,,LA,2061-09-11 11:30:00,2061-09-11 11:30:00,False,False
,10032708,Louisiana,105,Tangipahoa,,2061-09-11 13:00:00,CST,2061-09-11 13:00:00,0,0,0,0,25K,0,,F0,Unknown,5.6,100,,,,,30.43,-90.5,30.43,-90.58,,,LA,2061-09-11 13:00:00,2061-09-11 13:00:00,False,False
,10032709,Louisiana,49,Jackson,,2061-09-12 13:00:00,CST,2061-09-12 13:00:00,37,0,5,0,250K,0,,F3,Unknown,2.0,400,,,,,32.23,-92.7,,,,,LA,2061-09-12 13:00:00,2061-09-12 13:00:00,False,False
,10032711,Louisiana,13,Bienville,,2061-09-13 08:30:00,CST,2061-09-13 08:30:00,0,0,0,0,.25K,0,,F1,Unknown,0.3,100,,,,,32.22,-93.12,,,,,LA,2061-09-13 08:30:00,2061-09-13 08:30:00,False,False
,10032714,Louisiana,85,Sabine,,2061-11-02 14:00:00,CST,2061-11-02 14:00:00,1,0,0,0,250K,0,,F0,Unknown,3.3,67,,,,,31.77,-93.57,31.8,-93.53,,,LA,2061-11-02 14:00:00,2061-11-02 14:00:00,False,False
,10032717,Louisiana,33,East Baton Rouge,,2061-11-13 09:23:00,CST,2061-11-13 09:23:00,1,0,0,0,250K,0,,F2,Unknown,3.4,50,,,,,30.6,-91.17,30.65,-91.17,,,LA,2061-11-13 09:23:00,2061-11-13 09:23:00,False,False
,10032718,Louisiana,57,Lafourche,,2061-11-13 15:00:00,CST,2061-11-13 15:00:00,0,0,0,0,25K,0,,F1,Unknown,1.0,33,,,,,29.7,-90.6,,,,,LA,2061-11-13 15:00:00,2061-11-13 15:00:00,False,False
,10032719,Louisiana,75,Plaquemines,,2061-11-13 23:00:00,CST,2061-11-13 23:00:00,0,0,0,0,2.5K,0,,F1,Unknown,1.0,33,,,,,29.28,-89.33,,,,,LA,2061-11-13 23:00:00,2061-11-13 23:00:00,False,False
,10032721,Louisiana,109,Terrebonne,,2061-11-22 19:00:00,CST,2061-11-22 19:00:00,0,0,0,0,2.5K,0,,F2,Unknown,13.1,33,,,,,29.45,-90.6,29.63,-90.55,,,LA,2061-11-22 19:00:00,2061-11-22 19:00:00,False,False
,10032722,Louisiana,95,St. John The Baptist,,2061-11-22 20:00:00,CST,2061-11-22 20:00:00,3,0,0,0,25K,0,,F2,Unknown,2.0,50,,,,,30.08,-90.53,,,,,LA,2061-11-22 20:00:00,2061-11-22 20:00:00,False,False
,10032723,Louisiana,11,Beauregard,,2061-12-11 13:45:00,CST,2061-12-11 13:45:00,3,0,0,0,25K,0,,F0,Unknown,1.0,50,,,,,30.82,-93.3,,,,,LA,2061-12-11 13:45:00,2061-12-11 13:45:00,False,False
,10007611,Illinois,19,Champaign,,2061-03-04 18:15:00,CST,2061-03-04 18:15:00,0,0,0,0,25K,0,,F0,Unknown,6.2,50,,,,,40.08,-88.17,40.12,-88.05,,,IL,2061-03-04 18:15:00,2061-03-04 18:15:00,False,False
,10007612,Illinois,83,Jersey,,2061-03-06 01:30:00,CST,2061-03-06 01:30:00,0,0,0,0,2.5K,0,,F1,Unknown,33.4,77,,,,,39.13,-90.33,39.22,-89.72,,,IL,2061-03-06 01:30:00,2061-03-06 01:30:00,False,False
,10007613,Illinois,135,Montgomery,,2061-03-06 02:05:00,CST,2061-03-06 02:05:00,0,0,0,0,250K,0,,F1,Unknown,11.5,77,,,,,39.22,-89.72,39.25,-89.5,,,IL,2061-03-06 02:05:00,2061-03-06 02:05:00,False,False
,10007614,Illinois,135,Montgomery,,2061-03-06 02:16:00,CST,2061-03-06 02:16:00,0,0,0,0,250K,0,,F1,Unknown,18.7,77,,,,,39.25,-89.5,39.23,-89.15,,,IL,2061-03-06 02:16:00,2061-03-06 02:16:00,False,False
,10007615,Illinois,157,Randolph,,2061-03-06 02:30:00,CST,2061-03-06 02:30:00,0,0,0,0,2.5M,0,,F2,Unknown,110.2,33,,,,,37.9,-89.85,38.38,-87.92,,,IL,2061-03-06 02:30:00,2061-03-06 02:30:00,False,False
,10007616,Illinois,173,Shelby,,2061-03-06 02:35:00,CST,2061-03-06 02:35:00,1,0,0,0,250K,0,,F1,Unknown,36.5,77,,,,,39.23,-89.15,39.22,-88.47,,,IL,2061-03-06 02:35:00,2061-03-06 02:35:00,False,False
,10007617,Illinois,35,Cumberland,,2061-03-06 03:11:00,CST,2061-03-06 03:11:00,0,0,0,0,2.5K,0,,F1,Unknown,17.8,77,,,,,39.22,-88.47,39.23,-88.13,,,IL,2061-03-06 03:11:00,2061-03-06 03:11:00,False,False
,10007618,Illinois,165,Saline,,2061-03-06 03:40:00,CST,2061-03-06 03:40:00,2,0,0,0,250K,0,,F2,Unknown,4.7,100,,,,,37.8,-88.53,37.82,-88.45,,,IL,2061-03-06 03:40:00,2061-03-06 03:40:00,False,False
,10007619,Illinois,25,Clay,,2061-03-06 04:00:00,CST,2061-03-06 04:00:00,0,0,0,0,25K,0,,F1,Unknown,24.6,33,,,,,38.67,-88.48,38.73,-88.03,,,IL,2061-03-06 04:00:00,2061-03-06 04:00:00,False,False
,10007620,Illinois,49,Effingham,,2061-03-06 04:00:00,CST,2061-03-06 04:00:00,3,0,0,0,250K,0,,F3,Unknown,21.2,33,,,,,39.1,-88.53,38.98,-88.17,,,IL,2061-03-06 04:00:00,2061-03-06 04:00:00,False,False
,10007622,Illinois,41,Douglas,,2061-03-06 04:15:00,CST,2061-03-06 04:15:00,2,0,0,0,250K,0,,F2,Unknown,10.3,33,,,,,39.8,-88.28,39.88,-88.12,,,IL,2061-03-06 04:15:00,2061-03-06 04:15:00,False,False
,10007623,Illinois,19,Champaign,,2061-03-06 04:37:00,CST,2061-03-06 04:37:00,0,0,0,0,250K,0,,F2,Unknown,20.3,33,,,,,39.88,-88.12,39.92,-87.73,,,IL,2061-03-06 04:37:00,2061-03-06 04:37:00,False,False
,10007628,Illinois,197,Will,,2061-04-23 15:45:00,CST,2061-04-23 15:45:00,4,0,0,0,2.5M,0,,F3,Unknown,36.3,33,,,,,41.35,-88.22,41.32,-87.52,,,IL,2061-04-23 15:45:00,2061-04-23 15:45:00,False,False
,10031622,Louisiana,117,Washington,,2061-02-21 04:05:00,CST,2061-02-21 04:05:00,9,0,0,0,250K,0,,F2,Unknown,0.8,283,,,,,30.95,-89.83,,,,,LA,2061-02-21 04:05:00,2061-02-21 04:05:00,False,False
,10031626,Louisiana,19,Calcasieu,,2061-03-17 01:30:00,CST,2061-03-17 01:30:00,0,0,0,0,250K,0,,F2,Unknown,40.4,283,,,,,30.42,-93.45,31.0,-93.4,,,LA,2061-03-17 01:30:00,2061-03-17 01:30:00,False,False
,10031629,Louisiana,17,Caddo,,2061-03-27 17:45:00,CST,2061-03-27 17:45:00,0,0,0,0,2.5K,0,,F1,Unknown,0.5,10,,,,,32.57,-93.8,,,,,LA,2061-03-27 17:45:00,2061-03-27 17:45:00,False,False
,10012095,Iowa,147,Palo Alto,,2061-08-03 14:05:00,CST,2061-08-03 14:05:00,0,0,0,0,25K,0,,F0,Unknown,2.0,100,,,,,42.97,-94.72,,,,,IA,2061-08-03 14:05:00,2061-08-03 14:05:00,False,False
,10009573,Idaho,25,Camas,,2061-07-05 16:15:00,CST,2061-07-05 16:15:00,0,0,0,0,25K,0,,F1,Unknown,5.1,33,,,,,43.2,-115.0,43.23,-114.9,,,ID,2061-07-05 16:15:00,2061-07-05 16:15:00,False,False
,10009575,Idaho,77,Power,,2061-07-31 15:00:00,CST,2061-07-31 15:00:00,0,0,0,0,0K,0,,,Unknown,0.0,33,,,,,42.9,-113.2,,,,,ID,2061-07-31 15:00:00,2061-07-31 15:00:00,False,False
,9995443,Georgia,23,Bleckley,,2061-01-19 14:15:00,CST,2061-01-19 14:15:00,0,0,0,0,.25K,0,,F1,Unknown,1.5,100,,,,,32.3,-83.35,,,,,GA,2061-01-19 14:15:00,2061-01-19 14:15:00,False,False
,9995444,Georgia,215,Muscogee,,2061-02-22 14:55:00,CST,2061-02-22 14:55:00,0,0,0,0,25K,0,,F1,Unknown,0.1,180,,,,,32.3,-84.92,,,,,GA,2061-02-22 14:55:00,2061-02-22 14:55:00,False,False
,9995445,Georgia,93,Dooly,,2061-02-24 13:40:00,CST,2061-02-24 13:40:00,0,0,0,0,25K,0,,F2,Unknown,4.9,200,,,,,32.2,-83.83,32.23,-83.77,,,GA,2061-02-24 13:40:00,2061-02-24 13:40:00,False,False
,9995446,Georgia,21,Bibb,,2061-02-24 14:30:00,CST,2061-02-24 14:30:00,0,0,0,0,25K,0,,F2,Unknown,3.8,30,,,,,32.8,-83.82,32.83,-83.77,,,GA,2061-02-24 14:30:00,2061-02-24 14:30:00,False,False
,9995447,Georgia,289,Twiggs,,2061-02-24 14:30:00,CST,2061-02-24 14:30:00,0,0,0,0,25K,0,,F2,Unknown,1.0,50,,,,,32.6,-83.25,,,,,GA,2061-02-24 14:30:00,2061-02-24 14:30:00,False,False
,9995448,Georgia,9,Baldwin,,2061-02-24 15:45:00,CST,2061-02-24 15:45:00,0,0,0,0,25K,0,,F2,Unknown,0.5,600,,,,,32.08,-83.13,,,,,GA,2061-02-24 15:45:00,2061-02-24 15:45:00,False,False
,9995450,Georgia,245,Richmond,,2061-02-24 17:30:00,CST,2061-02-24 17:30:00,0,0,0,0,25K,0,,F1,Unknown,1.0,100,,,,,33.25,-81.95,,,,,GA,2061-02-24 17:30:00,2061-02-24 17:30:00,False,False
,9995451,Georgia,269,Taylor,,2061-02-24 18:45:00,CST,2061-02-24 18:45:00,0,0,0,0,25K,0,,F2,Unknown,2.0,30,,,,,32.55,-84.25,,,,,GA,2061-02-24 18:45:00,2061-02-24 18:45:00,False,False
,9995452,Georgia,47,Catoosa,,2061-03-08 01:45:00,CST,2061-03-08 01:45:00,0,0,0,0,250K,0,,F2,Unknown,15.2,600,,,,,34.9,-85.3,34.93,-85.03,,,GA,2061-03-08 01:45:00,2061-03-08 01:45:00,False,False
,9995454,Georgia,111,Fannin,,2061-03-08 03:49:00,CST,2061-03-08 03:49:00,0,0,0,0,25K,0,,F1,Unknown,0.5,33,,,,,34.87,-84.33,,,,,GA,2061-03-08 03:49:00,2061-03-08 03:49:00,False,False
,9995455,Georgia,53,Chattahoochee,,2061-03-08 06:10:00,CST,2061-03-08 06:10:00,0,0,0,0,2.5K,0,,F1,Unknown,0.5,100,,,,,32.37,-84.97,,,,,GA,2061-03-08 06:10:00,2061-03-08 06:10:00,False,False
,9995457,Georgia,169,Jones,,2061-03-08 08:00:00,CST,2061-03-08 08:00:00,0,0,0,0,2.5K,0,,F1,Unknown,0.5,100,,,,,33.07,-83.6,,,,,GA,2061-03-08 08:00:00,2061-03-08 08:00:00,False,False
,9995461,Georgia,249,Schley,,2061-03-31 07:10:00,CST,2061-03-31 07:10:00,0,0,0,0,25K,0,,F2,Unknown,0.5,400,,,,,32.23,-84.3,,,,,GA,2061-03-31 07:10:00,2061-03-31 07:10:00,False,False
,9995462,Georgia,93,Dooly,,2061-03-31 07:20:00,CST,2061-03-31 07:20:00,14,0,1,0,2.5M,0,,F3,Unknown,1.0,100,,,,,32.25,-83.73,,,,,GA,2061-03-31 07:20:00,2061-03-31 07:20:00,False,False
,9995463,Georgia,235,Pulaski,,2061-03-31 07:30:00,CST,2061-03-31 07:30:00,0,0,0,0,2.5K,0,,F0,Unknown,0.3,17,,,,,32.32,-83.42,,,,,GA,2061-03-31 07:30:00,2061-03-31 07:30:00,False,False
,9995464,Georgia,153,Houston,,2061-03-31 07:30:00,CST,2061-03-31 07:30:00,0,0,0,0,25K,0,,F1,Unknown,1.0,200,,,,,32.62,-83.68,,,,,GA,2061-03-31 07:30:00,2061-03-31 07:30:00,False,False
,10029056,Kansas,79,Harvey,,2061-03-26 19:45:00,CST,2061-03-26 19:45:00,0,0,0,0,0K,0,,,Unknown,0.0,33,,,,,38.02,-97.32,,,,,KS,2061-03-26 19:45:00,2061-03-26 19:45:00,False,False
,10029057,Kansas,37,Crawford,,2061-03-26 20:00:00,CST,2061-03-26 20:00:00,0,0,0,0,.25K,0,,F2,Unknown,2.0,100,,,,,37.5,-94.83,,,,,KS,2061-03-26 20:00:00,2061-03-26 20:00:00,False,False
,10029058,Kansas,205,Wilson,,2061-03-26 21:30:00,CST,2061-03-26 21:30:00,0,0,0,0,0K,0,,F1,Unknown,2.0,33,,,,,37.65,-95.67,,,,,KS,2061-03-26 21:30:00,2061-03-26 21:30:00,False,False
,10029061,Kansas,3,Anderson,,2061-04-21 18:00:00,CST,2061-04-21 18:00:00,0,0,0,0,250K,0,,F2,Unknown,7.2,50,,,,,38.08,-95.15,38.17,-95.07,,,KS,2061-04-21 18:00:00,2061-04-21 18:00:00,False,False
,10029067,Kansas,107,Linn,,2061-04-24 18:40:00,CST,2061-04-24 18:40:00,0,0,0,0,25K,0,,F1,Unknown,2.7,300,,,,,38.07,-94.7,38.1,-94.67,,,KS,2061-04-24 18:40:00,2061-04-24 18:40:00,False,False
,10029071,Kansas,35,Cowley,,2061-04-30 17:10:00,CST,2061-04-30 17:10:00,0,0,0,0,0K,0,,F1,Unknown,0.5,100,,,,,37.05,-96.83,,,,,KS,2061-04-30 17:10:00,2061-04-30 17:10:00,False,False
,10029077,Kansas,21,Cherokee,,2061-05-06 20:00:00,CST,2061-05-06 20:00:00,0,0,0,0,0K,0,,,Unknown,0.0,33,,,,,37.03,-95.02,,,,,KS,2061-05-06 20:00:00,2061-05-06 20:00:00,False,False
,10029078,Kansas,21,Cherokee,,2061-05-07 02:00:00,CST,2061-05-07 02:00:00,0,0,0,0,25K,0,,F2,Unknown,5.7,33,,,,,37.1,-95.02,37.18,-95.0,,,KS,2061-05-07 02:00:00,2061-05-07 02:00:00,False,False
,10029082,Kansas,13,Brown,,2061-05-07 08:20:00,CST,2061-05-07 08:20:00,0,0,0,0,25K,0,,F2,Unknown,0.0,33,,,,,39.97,-95.62,,,,,KS,2061-05-07 08:20:00,2061-05-07 08:20:00,False,False
,9995465,Georgia,23,Bleckley,,2061-03-31 08:00:00,CST,2061-03-31 08:00:00,0,0,0,0,2.5K,0,,F1,Unknown,0.8,23,,,,,32.4,-83.35,,,,,GA,2061-03-31 08:00:00,2061-03-31 08:00:00,False,False
,10009570,Idaho,25,Camas,,2061-06-02 15:00:00,CST,2061-06-02 15:00:00,0,0,0,0,0K,0,,,Unknown,0.3,33,,,,,43.4,-114.93,,,,,ID,2061-06-02 15:00:00,2061-06-02 15:00:00,False,False
,10148748,West Virginia,19,Fayette,,2061-02-25 12:00:00,CST,2061-02-25 12:00:00,0,0,0,0,250K,0,,F2,Unknown,3.0,100,,,,,37.98,-81.15,,,,,WV,2061-02-25 12:00:00,2061-02-25 12:00:00,False,False
,10148750,West Virginia,69,Ohio,,2061-04-25 11:00:00,CST,2061-04-25 11:00:00,0,0,0,0,0K,0,,F1,Unknown,0.0,33,,,,,39.55,-82.33,,,,,WV,2061-04-25 11:00:00,2061-04-25 11:00:00,False,False
,10025471,Kansas,125,Montgomery,,2061-05-07 20:15:00,CST,2061-05-07 20:15:00,0,0,0,0,0K,0,,,Unknown,0.0,33,,,,,37.08,-95.57,,,,,KS,2061-05-07 20:15:00,2061-05-07 20:15:00,False,False
,10009569,Idaho,39,Elmore,,2061-06-02 14:14:00,CST,2061-06-02 14:14:00,0,0,0,0,0K,0,,F1,Unknown,0.0,33,,,,,43.3,-115.3,,,,,ID,2061-06-02 14:14:00,2061-06-02 14:14:00,False,False
,10145724,Wisconsin,3,Ashland,,2061-08-14 19:50:00,CST,2061-08-14 19:50:00,0,0,0,0,250K,0,,F2,Unknown,4.5,400,,,,,46.0,-90.52,45.97,-90.42,,,WI,2061-08-14 19:50:00,2061-08-14 19:50:00,False,False
,10145726,Wisconsin,109,St. Croix,,2061-09-02 21:30:00,CST,2061-09-02 21:30:00,0,0,0,0,2.5K,0,,F1,Unknown,5.4,33,,,,,45.07,-92.17,45.13,-92.08,,,WI,2061-09-02 21:30:00,2061-09-02 21:30:00,False,False
,10145729,Wisconsin,73,Marathon,,2061-09-03 00:10:00,CST,2061-09-03 00:10:00,0,0,0,0,2.5K,0,,F2,Unknown,2.0,33,,,,,44.87,-90.02,,,,,WI,2061-09-03 00:10:00,2061-09-03 00:10:00,False,False
,10145730,Wisconsin,73,Marathon,,2061-09-03 01:00:00,CST,2061-09-03 01:00:00,0,0,0,0,2.5K,0,,F1,Unknown,2.0,33,,,,,45.03,-90.08,,,,,WI,2061-09-03 01:00:00,2061-09-03 01:00:00,False,False
,10145731,Wisconsin,69,Lincoln,,2061-09-03 17:00:00,CST,2061-09-03 17:00:00,0,0,0,0,2.5K,0,,,Unknown,1.0,33,,,,,45.2,-89.92,,,,,WI,2061-09-03 17:00:00,2061-09-03 17:00:00,False,False
,10145733,Wisconsin,105,Rock,,2061-09-22 12:15:00,CST,2061-09-22 12:15:00,0,0,0,0,25K,0,,F2,Unknown,3.6,220,,,,,42.77,-88.83,42.8,-88.77,,,WI,2061-09-22 12:15:00,2061-09-22 12:15:00,False,False
,10145734,Wisconsin,127,Walworth,,2061-09-22 12:15:00,CST,2061-09-22 12:15:00,1,0,0,0,25K,0,,F2,Unknown,3.3,220,,,,,42.8,-88.77,42.83,-88.7,,,WI,2061-09-22 12:15:00,2061-09-22 12:15:00,False,False
,10145735,Wisconsin,39,Fond Du Lac,,2061-09-22 13:00:00,CST,2061-09-22 13:00:00,0,0,0,0,25K,0,,F2,Unknown,12.6,300,,,,,43.65,-88.25,43.78,-88.07,,,WI,2061-09-22 13:00:00,2061-09-22 13:00:00,False,False
,10008771,Illinois,163,St. Clair,,2061-09-24 15:30:00,CST,2061-09-24 15:30:00,1,0,0,0,25K,0,,F2,Unknown,2.3,33,,,,,38.25,-89.73,38.28,-89.72,,,IL,2061-09-24 15:30:00,2061-09-24 15:30:00,False,False
,10008773,Illinois,189,Washington,,2061-09-24 15:35:00,CST,2061-09-24 15:35:00,0,0,0,0,25K,0,,F2,Unknown,2.7,33,,,,,38.28,-89.72,38.32,-89.68,,,IL,2061-09-24 15:35:00,2061-09-24 15:35:00,False,False
,10008774,Illinois,83,Jersey,,2061-09-24 17:00:00,CST,2061-09-24 17:00:00,0,0,1,0,25K,0,,F1,Unknown,0.0,33,,,,,38.97,-90.52,,,,,IL,2061-09-24 17:00:00,2061-09-24 17:00:00,False,False
,10008776,Illinois,99,La Salle,,2061-09-30 12:30:00,CST,2061-09-30 12:30:00,0,0,0,0,25K,0,,F1,Unknown,2.3,33,,,,,41.62,-88.82,41.65,-88.77,,,IL,2061-09-30 12:30:00,2061-09-30 12:30:00,False,False
,10008777,Illinois,43,Du Page,,2061-09-30 13:30:00,CST,2061-09-30 13:30:00,0,0,0,0,25K,0,,F1,Unknown,1.5,33,,,,,41.8,-88.2,,,,,IL,2061-09-30 13:30:00,2061-09-30 13:30:00,False,False
,10008778,Illinois,21,Christian,,2061-09-30 13:45:00,CST,2061-09-30 13:45:00,0,0,0,0,25K,0,,F1,Unknown,0.0,150,,,,,39.37,-89.53,,,,,IL,2061-09-30 13:45:00,2061-09-30 13:45:00,False,False
,10008780,Illinois,105,Livingston,,2061-09-30 13:55:00,CST,2061-09-30 13:55:00,0,0,0,0,2.5K,0,,F0,Unknown,0.3,33,,,,,40.9,-88.6,,,,,IL,2061-09-30 13:55:00,2061-09-30 13:55:00,False,False
,10007665,Illinois,75,Iroquois,,2061-06-10 17:50:00,CST,2061-06-10 17:50:00,0,0,0,0,0K,0,,F0,Unknown,0.0,33,,,,,40.72,-87.8,,,,,IL,2061-06-10 17:50:00,2061-06-10 17:50:00,False,False
,10007668,Illinois,189,Washington,,2061-06-14 16:10:00,CST,2061-06-14 16:10:00,0,0,0,0,25K,0,,F1,Unknown,0.0,33,,,,,38.4,-89.48,,,,,IL,2061-06-14 16:10:00,2061-06-14 16:10:00,False,False
,10007674,Illinois,1,Adams,,2061-07-21 14:15:00,CST,2061-07-21 14:15:00,0,0,0,0,250K,0,,F1,Unknown,77.3,33,,,,,39.93,-91.42,40.72,-90.37,,,IL,2061-07-21 14:15:00,2061-07-21 14:15:00,False,False
,10007675,Illinois,137,Morgan,,2061-07-21 14:40:00,CST,2061-07-21 14:40:00,0,0,0,0,0K,0,,F0,Unknown,0.0,33,,,,,39.78,-90.17,,,,,IL,2061-07-21 14:40:00,2061-07-21 14:40:00,False,False
,10007676,Illinois,99,La Salle,,2061-07-21 16:15:00,CST,2061-07-21 16:15:00,0,0,0,0,2.5K,0,,F0,Unknown,2.0,33,,,,,41.25,-88.83,,,,,IL,2061-07-21 16:15:00,2061-07-21 16:15:00,False,False
,10007677,Illinois,95,Knox,,2061-07-21 16:15:00,CST,2061-07-21 16:15:00,0,0,0,0,250K,0,,F1,Unknown,70.1,33,,,,,40.72,-90.37,41.6,-89.7,,,IL,2061-07-21 16:15:00,2061-07-21 16:15:00,False,False
,10007400,Illinois,31,Cook,,2061-03-04 17:04:00,CST,2061-03-04 17:04:00,115,0,1,0,25M,0,,F2,Unknown,7.9,100,,,,,41.9,-87.7,41.98,-87.58,,,IL,2061-03-04 17:04:00,2061-03-04 17:04:00,False,False
,10025697,Kansas,157,Republic,,2061-05-31 21:15:00,CST,2061-05-31 21:15:00,0,0,0,0,25K,0,,F2,Unknown,0.0,33,,,,,39.82,-97.62,,,,,KS,2061-05-31 21:15:00,2061-05-31 21:15:00,False,False
,10025704,Kansas,75,Hamilton,,2061-06-02 17:45:00,CST,2061-06-02 17:45:00,0,0,0,0,0K,0,,,Unknown,0.0,33,,,,,38.12,-101.87,,,,,KS,2061-06-02 17:45:00,2061-06-02 17:45:00,False,False
,10025710,Kansas,163,Rooks,,2061-06-05 17:45:00,CST,2061-06-05 17:45:00,0,0,0,0,.25K,0,,,Unknown,0.0,33,,,,,39.38,-99.47,,,,,KS,2061-06-05 17:45:00,2061-06-05 17:45:00,False,False
,10025711,Kansas,163,Rooks,,2061-06-05 17:45:00,CST,2061-06-05 17:45:00,0,0,0,0,.25K,0,,F1,Unknown,0.0,33,,,,,39.38,-99.47,,,,,KS,2061-06-05 17:45:00,2061-06-05 17:45:00,False,False
,10007634,Illinois,149,Pike,,2061-04-24 19:30:00,CST,2061-04-24 19:30:00,0,0,0,0,250K,0,,F3,Unknown,29.3,33,,,,,39.7,-91.15,39.65,-90.6,,,IL,2061-04-24 19:30:00,2061-04-24 19:30:00,False,False
,10007636,Illinois,171,Scott,,2061-04-24 20:00:00,CST,2061-04-24 20:00:00,3,0,0,0,250K,0,,F3,Unknown,16.0,33,,,,,39.65,-90.6,39.62,-90.3,,,IL,2061-04-24 20:00:00,2061-04-24 20:00:00,False,False
,10007637,Illinois,137,Morgan,,2061-04-24 20:26:00,CST,2061-04-24 20:26:00,0,0,0,0,250K,0,,F3,Unknown,18.9,33,,,,,39.62,-90.3,39.57,-89.95,,,IL,2061-04-24 20:26:00,2061-04-24 20:26:00,False,False
,10007649,Illinois,149,Pike,,2061-05-14 17:00:00,CST,2061-05-14 17:00:00,0,0,0,0,2.5M,0,,F3,Unknown,89.6,100,,,,,39.72,-91.3,40.72,-90.22,,,IL,2061-05-14 17:00:00,2061-05-14 17:00:00,False,False
,10007651,Illinois,95,Knox,,2061-05-14 19:00:00,CST,2061-05-14 19:00:00,8,0,0,0,2.5M,0,,F3,Unknown,17.3,100,,,,,40.72,-90.22,40.9,-89.98,,,IL,2061-05-14 19:00:00,2061-05-14 19:00:00,False,False
,10007653,Illinois,143,Peoria,,2061-05-14 19:38:00,CST,2061-05-14 19:38:00,0,0,0,0,2.5M,0,,F3,Unknown,20.2,100,,,,,40.9,-89.98,41.12,-89.72,,,IL,2061-05-14 19:38:00,2061-05-14 19:38:00,False,False
,10007655,Illinois,167,Sangamon,,2061-05-14 22:10:00,CST,2061-05-14 22:10:00,0,0,0,0,250K,0,,F1,Unknown,4.9,33,,,,,39.72,-89.92,39.77,-89.85,,,IL,2061-05-14 22:10:00,2061-05-14 22:10:00,False,False
,10126096,Tennessee,109,Mcnairy,,2061-05-08 17:21:00,CST,2061-05-08 17:21:00,0,0,0,0,250K,0,,F2,Unknown,17.2,300,,,,,35.33,-88.67,35.38,-88.37,,,TN,2061-05-08 17:21:00,2061-05-08 17:21:00,False,False
,10026847,Kansas,87,Jefferson,,2061-10-12 16:45:00,CST,2061-10-12 16:45:00,0,0,0,0,.25K,0,,F0,Unknown,3.3,33,,,,,39.35,-95.58,39.38,-95.53,,,KS,2061-10-12 16:45:00,2061-10-12 16:45:00,False,False
,10026848,Kansas,87,Jefferson,,2061-10-12 17:30:00,CST,2061-10-12 17:30:00,0,0,0,0,25K,0,,F1,Unknown,4.5,33,,,,,39.27,-95.38,39.3,-95.3,,,KS,2061-10-12 17:30:00,2061-10-12 17:30:00,False,False
,10026849,Kansas,61,Geary,,2061-10-12 18:10:00,CST,2061-10-12 18:10:00,0,0,0,0,.25K,0,,F0,Unknown,1.0,33,,,,,38.95,-96.75,,,,,KS,2061-10-12 18:10:00,2061-10-12 18:10:00,False,False
,10026850,Kansas,87,Jefferson,,2061-10-12 20:06:00,CST,2061-10-12 20:06:00,0,0,0,0,0K,0,,F1,Unknown,0.0,33,,,,,39.12,-95.2,,,,,KS,2061-10-12 20:06:00,2061-10-12 20:06:00,False,False
,10026854,Kansas,21,Cherokee,,2061-11-02 02:30:00,CST,2061-11-02 02:30:00,0,0,0,0,25K,0,,F1,Unknown,5.1,100,,,,,37.28,-94.9,37.33,-94.83,,,KS,2061-11-02 02:30:00,2061-11-02 02:30:00,False,False
,10026855,Kansas,37,Crawford,,2061-11-02 02:40:00,CST,2061-11-02 02:40:00,2,0,0,0,25K,0,,F1,Unknown,7.3,100,,,,,37.33,-94.83,37.42,-94.75,,,KS,2061-11-02 02:40:00,2061-11-02 02:40:00,False,False
,10026834,Kansas,27,Clay,,2061-07-20 17:30:00,CST,2061-07-20 17:30:00,0,0,0,0,.03K,0,,F0,Unknown,0.0,33,,,,,39.42,-97.08,,,,,KS,2061-07-20 17:30:00,2061-07-20 17:30:00,False,False
,10026835,Kansas,191,Sumner,,2061-07-20 19:30:00,CST,2061-07-20 19:30:00,0,0,0,0,0K,0,,F0,Unknown,0.0,33,,,,,37.42,-97.72,,,,,KS,2061-07-20 19:30:00,2061-07-20 19:30:00,False,False
,10111375,South Dakota,77,Kingsbury,,2061-06-21 16:00:00,CST,2061-06-21 16:00:00,0,0,0,0,250K,0,,F3,Unknown,43.9,33,,,,,44.55,-97.53,44.0,-97.08,,,SD,2061-06-21 16:00:00,2061-06-21 16:00:00,False,False
,10012107,Iowa,189,Winnebago,,2061-08-10 15:30:00,CST,2061-08-10 15:30:00,0,0,0,0,25K,0,,F0,Unknown,0.5,100,,,,,43.37,-93.95,,,,,IA,2061-08-10 15:30:00,2061-08-10 15:30:00,False,False
,10012110,Iowa,17,Bremer,,2061-09-01 15:40:00,CST,2061-09-01 15:40:00,0,0,0,0,2.5M,0,,F4,Unknown,3.3,27,,,,,42.87,-92.55,42.88,-92.47,,,IA,2061-09-01 15:40:00,2061-09-01 15:40:00,False,False
,10012111,Iowa,7,Appanoose,,2061-09-01 18:00:00,CST,2061-09-01 18:00:00,0,0,0,0,250K,0,,F2,Unknown,1.0,30,,,,,40.7,-92.68,,,,,IA,2061-09-01 18:00:00,2061-09-01 18:00:00,False,False
,10012112,Iowa,23,Butler,,2061-09-01 18:00:00,CST,2061-09-01 18:00:00,7,0,0,0,2.5M,0,,F4,Unknown,23.3,27,,,,,42.78,-93.0,42.87,-92.55,,,IA,2061-09-01 18:00:00,2061-09-01 18:00:00,False,False
,10012114,Iowa,89,Howard,,2061-09-02 22:30:00,CST,2061-09-02 22:30:00,0,0,0,0,25K,0,,F2,Unknown,1.0,40,,,,,42.65,-92.12,,,,,IA,2061-09-02 22:30:00,2061-09-02 22:30:00,False,False
,10012121,Iowa,37,Chickasaw,,2061-10-12 18:20:00,CST,2061-10-12 18:20:00,0,0,0,0,25K,0,,F1,Unknown,1.0,200,,,,,42.93,-92.53,,,,,IA,2061-10-12 18:20:00,2061-10-12 18:20:00,False,False
,10012122,Iowa,37,Chickasaw,,2061-10-12 19:00:00,CST,2061-10-12 19:00:00,0,0,0,0,25K,0,,F1,Unknown,1.0,100,,,,,42.97,-92.2,,,,,IA,2061-10-12 19:00:00,2061-10-12 19:00:00,False,False
,9992548,Colorado,123,Weld,,2061-06-05 14:00:00,CST,2061-06-05 14:00:00,0,0,0,0,0K,0,,F0,Unknown,0.0,33,,,,,40.1,-104.92,,,,,CO,2061-06-05 14:00:00,2061-06-05 14:00:00,False,False
,9992549,Colorado,35,Douglas,,2061-06-05 21:50:00,CST,2061-06-05 21:50:00,0,0,0,0,0K,0,,F0,Unknown,0.0,33,,,,,39.27,-104.95,,,,,CO,2061-06-05 21:50:00,2061-06-05 21:50:00,False,False
,9992556,Colorado,71,Las Animas,,2061-07-14 17:15:00,CST,2061-07-14 17:15:00,0,0,0,0,0K,0,,F0,Unknown,7.9,33,,,,,37.2,-103.5,37.28,-103.4,,,CO,2061-07-14 17:15:00,2061-07-14 17:15:00,False,False
,10026841,Kansas,65,Graham,,2061-08-12 19:30:00,CST,2061-08-12 19:30:00,0,0,0,0,2.5K,0,,F2,Unknown,21.6,300,,,,,39.47,-99.82,39.2,-99.6,,,KS,2061-08-12 19:30:00,2061-08-12 19:30:00,False,False
,10026843,Kansas,13,Brown,,2061-10-12 15:40:00,CST,2061-10-12 15:40:00,0,0,0,0,.25K,0,,F1,Unknown,0.0,33,,,,,39.68,-95.58,,,,,KS,2061-10-12 15:40:00,2061-10-12 15:40:00,False,False
,10026844,Kansas,85,Jackson,,2061-10-12 16:10:00,CST,2061-10-12 16:10:00,0,0,0,0,2.5K,0,,F2,Unknown,1.0,33,,,,,39.32,-95.78,,,,,KS,2061-10-12 16:10:00,2061-10-12 16:10:00,False,False
,10026845,Kansas,5,Atchison,,2061-10-12 16:30:00,CST,2061-10-12 16:30:00,0,0,0,0,0K,0,,,Unknown,0.0,33,,,,,39.52,-95.47,,,,,KS,2061-10-12 16:30:00,2061-10-12 16:30:00,False,False
,9981411,Arkansas,145,White,,2061-05-06 23:30:00,CST,2061-05-06 23:30:00,6,0,2,0,250K,0,,F2,Unknown,1.5,300,,,,,35.53,-91.58,,,,,AR,2061-05-06 23:30:00,2061-05-06 23:30:00,False,False
