episode_id,event_id,state,county_fips,county_name,wfo,begin_date_time,county_timezone,end_date_time,injuries_direct,injuries_indirect,deaths_direct,deaths_indirect,property_damage,crop_damage,source,tornado_rating,max_windspeed,tornado_length,tornado_max_width,other_wfos,other_states,other_counties_fips,other_counties_names,begin_latitude,begin_longitude,end_latitude,end_longitude,episode_narrative,event_narrative,state_code,begin_date_time_corrected,end_date_time_corrected,begin_time_adjusted,end_time_adjusted
,10148233,Wisconsin,57,Juneau,,1983-07-03 18:15:00,CST,1983-07-03 18:15:00,0,0,0,0,.03K,0,,F0,Unknown,0.3,10,,,,,43.8,-90.12,,,,,WI,1983-07-03 19:15:00,1983-07-03 19:15:00,True,True
,9977553,Alabama,3,Baldwin,,1983-07-20 15:45:00,CST,1983-07-20 15:45:00,0,0,0,0,2.5K,0,,F1,Unknown,0.2,50,,,,,30.55,-87.72,,,,,AL,1983-07-20 16:45:00,1983-07-20 16:45:00,True,True
,9978682,Alabama,19,Cherokee,,1983-11-15 02:55:00,CST,1983-11-15 02:55:00,0,0,0,0,25K,0,,F1,Unknown,0.8,40,,,,,34.1,-85.58,,,,,AL,1983-11-15 02:55:00,1983-11-15 02:55:00,False,False
,9978683,Alabama,3,Baldwin,,1983-11-15 07:05:00,CST,1983-11-15 07:05:00,0,0,0,0,25K,0,,F1,Unknown,0.1,20,,,,,30.55,-87.72,,,,,AL,1983-11-15 07:05:00,1983-11-15 07:05:00,False,False
,9978687,Alabama,53,Escambia,,1983-11-20 01:40:00,CST,1983-11-20 01:40:00,1,0,0,0,250K,0,,F1,Unknown,1.5,100,,,,,31.03,-87.05,,,,,AL,1983-11-20 01:40:00,1983-11-20 01:40:00,False,False
,9978693,Alabama,57,Fayette,,1983-11-23 11:20:00,CST,1983-11-23 11:20:00,0,0,0,0,25K,0,,F1,Unknown,8.0,67,,,,,33.75,-87.93,33.83,-87.82,,,AL,1983-11-23 11:20:00,1983-11-23 11:20:00,False,False
,9978698,Alabama,131,Wilcox,,1983-11-23 11:48:00,CST,1983-11-23 11:48:00,2,0,0,0,250K,0,,F2,Unknown,4.0,77,,,,,31.97,-87.3,31.98,-87.27,,,AL,1983-11-23 11:48:00,1983-11-23 11:48:00,False,False
,9978699,Alabama,127,Walker,,1983-11-23 12:00:00,CST,1983-11-23 12:00:00,0,0,0,0,25K,0,,F2,Unknown,0.5,150,,,,,33.92,-87.22,,,,,AL,1983-11-23 12:00:00,1983-11-23 12:00:00,False,False
,10108003,Oklahoma,81,Lincoln,,1983-04-27 19:30:00,CST,1983-04-27 19:30:00,0,0,0,0,.03K,0,,F0,Unknown,0.1,50,,,,,35.5,-96.95,,,,,OK,1983-04-27 20:30:00,1983-04-27 20:30:00,True,True
,10107445,Oklahoma,33,Cotton,,1983-06-27 18:40:00,CST,1983-06-27 18:40:00,0,0,0,0,.03K,0,,F0,Unknown,0.1,10,,,,,34.27,-98.27,,,,,OK,1983-06-27 19:40:00,1983-06-27 19:40:00,True,True
,10105857,Oklahoma,127,Pushmataha,,1983-11-22 16:00:00,CST,1983-11-22 16:00:00,3,0,0,0,2.5M,0,,F3,Unknown,3.0,100,,,,,34.65,-95.12,34.68,-95.08,,,OK,1983-11-22 16:00:00,1983-11-22 16:00:00,False,False
,10002084,Florida,113,Santa Rosa,,1983-12-13 22:30:00,CST,1983-12-13 22:30:00,0,0,0,0,250K,0,,F2,Unknown,1.5,300,,,,,30.63,-87.03,,,,,FL,1983-12-13 22:30:00,1983-12-13 22:30:00,False,False
,10105770,Oklahoma,15,Caddo,,1983-05-13 21:45:00,CST,1983-05-13 21:45:00,0,0,0,0,250K,0,,F2,Unknown,2.0,50,,,,,35.05,-98.32,,,,,OK,1983-05-13 22:45:00,1983-05-13 22:45:00,True,True
,10087874,North Carolina,25,Cabarrus,,1983-08-23 17:10:00,CST,1983-08-23 17:10:00,0,0,0,0,2.5M,0,,F1,Unknown,4.0,100,,,,,35.48,-80.48,35.4,-80.45,,,NC,1983-08-23 18:10:00,1983-08-23 18:10:00,True,True
,10000881,Florida,86,Miami-Dade,,1983-02-10 15:45:00,CST,1983-02-10 15:45:00,0,0,0,0,.03K,0,,F0,Unknown,0.5,20,,,,,25.65,-80.43,,,,,FL,1983-02-10 15:45:00,1983-02-10 15:45:00,False,False
,10109128,Oklahoma,71,Kay,,1983-05-12 17:37:00,CST,1983-05-12 17:37:00,0,0,0,0,.03K,0,,F0,Unknown,0.1,50,,,,,36.92,-97.42,,,,,OK,1983-05-12 18:37:00,1983-05-12 18:37:00,True,True
,10113029,South Carolina,35,Dorchester,,1983-06-07 16:00:00,CST,1983-06-07 16:00:00,1,0,0,0,25K,0,,F1,Unknown,4.0,33,,,,,33.12,-80.6,33.15,-80.53,,,SC,1983-06-07 17:00:00,1983-06-07 17:00:00,True,True
,10141196,Texas,407,San Jacinto,,1983-02-09 14:20:00,CST,1983-02-09 14:20:00,0,0,0,0,250K,0,,F1,Unknown,0.5,30,,,,,30.6,-95.12,,,,,TX,1983-02-09 14:20:00,1983-02-09 14:20:00,False,False
,10023111,Kansas,163,Rooks,,1983-05-17 15:30:00,CST,1983-05-17 15:30:00,0,0,0,0,25K,0,,F0,Unknown,0.2,17,,,,,39.52,-99.43,,,,,KS,1983-05-17 16:30:00,1983-05-17 16:30:00,True,True
,9988855,Colorado,17,Cheyenne,,1983-09-04 20:05:00,CST,1983-09-04 20:05:00,0,0,0,0,.03K,0,,F1,Unknown,0.5,50,,,,,38.82,-102.13,,,,,CO,1983-09-04 21:05:00,1983-09-04 21:05:00,True,True
,10144675,Texas,201,Harris,,1983-05-21 12:15:00,CST,1983-05-21 12:15:00,0,0,0,0,.03K,0,,F0,Unknown,0.3,30,,,,,30.0,-95.35,,,,,TX,1983-05-21 13:15:00,1983-05-21 13:15:00,True,True
,9978645,Alabama,7,Bibb,,1983-08-22 14:37:00,CST,1983-08-22 14:37:00,0,0,0,0,250K,0,,F1,Unknown,0.3,70,,,,,33.18,-87.15,,,,,AL,1983-08-22 15:37:00,1983-08-22 15:37:00,True,True
,9978669,Alabama,65,Hale,,1983-08-29 13:20:00,CST,1983-08-29 13:20:00,0,0,0,0,2.5K,0,,F1,Unknown,2.0,200,,,,,32.87,-87.65,,,,,AL,1983-08-29 14:20:00,1983-08-29 14:20:00,True,True
,9978676,Alabama,25,Clarke,,1983-11-14 17:30:00,CST,1983-11-14 17:30:00,0,0,0,0,2.5K,0,,F0,Unknown,0.1,50,,,,,31.78,-87.73,,,,,AL,1983-11-14 17:30:00,1983-11-14 17:30:00,False,False
,9978680,Alabama,9,Blount,,1983-11-15 01:30:00,CST,1983-11-15 01:30:00,0,0,0,0,25K,0,,F2,Unknown,0.5,33,,,,,33.82,-86.58,,,,,AL,1983-11-15 01:30:00,1983-11-15 01:30:00,False,False
,9978681,Alabama,125,Tuscaloosa,,1983-11-15 01:30:00,CST,1983-11-15 01:30:00,0,0,0,0,25K,0,,F2,Unknown,0.2,40,,,,,33.37,-87.32,,,,,AL,1983-11-15 01:30:00,1983-11-15 01:30:00,False,False
,9976422,Alabama,43,Cullman,,1983-05-03 07:10:00,CST,1983-05-03 07:10:00,0,0,0,0,25K,0,,F1,Unknown,0.1,50,,,,,34.27,-86.75,,,,,AL,1983-05-03 08:10:00,1983-05-03 08:10:00,True,True
,9976374,Alabama,95,Marshall,,1983-02-22 15:28:00,CST,1983-02-22 15:28:00,0,0,0,0,2.5M,0,,F2,Unknown,2.2,440,,,,,34.27,-86.22,,,,,AL,1983-02-22 15:28:00,1983-02-22 15:28:00,False,False
,9976353,Alabama,97,Mobile,,1983-02-01 05:30:00,CST,1983-02-01 05:30:00,1,0,0,0,25K,0,,F0,Unknown,4.0,150,,,,,30.72,-88.17,30.75,-88.12,,,AL,1983-02-01 05:30:00,1983-02-01 05:30:00,False,False
,9976367,Alabama,127,Walker,,1983-02-22 13:15:00,CST,1983-02-22 13:15:00,0,0,0,0,250K,0,,F2,Unknown,6.0,90,,,,,33.9,-87.3,34.0,-87.23,,,AL,1983-02-22 13:15:00,1983-02-22 13:15:00,False,False
,9976369,Alabama,133,Winston,,1983-02-22 13:25:00,CST,1983-02-22 13:25:00,0,0,0,0,250K,0,,F2,Unknown,2.0,90,,,,,34.0,-87.23,34.03,-87.22,,,AL,1983-02-22 13:25:00,1983-02-22 13:25:00,False,False
,9976370,Alabama,43,Cullman,,1983-02-22 14:05:00,CST,1983-02-22 14:05:00,0,0,0,0,250K,0,,F2,Unknown,1.5,60,,,,,34.07,-86.77,,,,,AL,1983-02-22 14:05:00,1983-02-22 14:05:00,False,False
,9976371,Alabama,43,Cullman,,1983-02-22 14:15:00,CST,1983-02-22 14:15:00,0,0,0,0,25K,0,,F1,Unknown,1.0,40,,,,,34.08,-86.77,,,,,AL,1983-02-22 14:15:00,1983-02-22 14:15:00,False,False
,9976390,Alabama,13,Butler,,1983-03-20 13:10:00,CST,1983-03-20 13:10:00,0,0,0,0,.03K,0,,F1,Unknown,0.1,30,,,,,31.63,-86.75,,,,,AL,1983-03-20 13:10:00,1983-03-20 13:10:00,False,False
,9976409,Alabama,3,Baldwin,,1983-04-14 06:12:00,CST,1983-04-14 06:12:00,0,0,0,0,2.5K,0,,F1,Unknown,0.1,30,,,,,30.52,-87.87,,,,,AL,1983-04-14 06:12:00,1983-04-14 06:12:00,False,False
,9976414,Alabama,51,Elmore,,1983-04-23 14:10:00,CST,1983-04-23 14:10:00,0,0,0,0,.25K,0,,F1,Unknown,0.1,40,,,,,32.53,-86.2,,,,,AL,1983-04-23 14:10:00,1983-04-23 14:10:00,False,False
,10111940,South Carolina,39,Fairfield,,1983-03-06 17:30:00,CST,1983-03-06 17:30:00,0,0,0,0,.03K,0,,F1,Unknown,0.3,20,,,,,34.4,-81.15,,,,,SC,1983-03-06 17:30:00,1983-03-06 17:30:00,False,False
,10111941,South Carolina,55,Kershaw,,1983-03-06 18:00:00,CST,1983-03-06 18:00:00,0,0,0,0,.03K,0,,F1,Unknown,1.1,17,,,,,34.47,-80.8,,,,,SC,1983-03-06 18:00:00,1983-03-06 18:00:00,False,False
,10046256,Louisiana,63,Livingston,,1983-08-01 19:10:00,CST,1983-08-01 19:10:00,0,0,0,0,2.5M,0,,F1,Unknown,1.0,200,,,,,30.43,-90.55,,,,,LA,1983-08-01 20:10:00,1983-08-01 20:10:00,True,True
,10046261,Louisiana,105,Tangipahoa,,1983-09-03 18:05:00,CST,1983-09-03 18:05:00,0,0,0,0,250K,0,,F0,Unknown,2.0,200,,,,,30.72,-90.5,,,,,LA,1983-09-03 19:05:00,1983-09-03 19:05:00,True,True
,10046265,Louisiana,35,East Carroll,,1983-11-14 20:20:00,CST,1983-11-14 20:20:00,0,0,0,0,250K,0,,F1,Unknown,2.0,150,,,,,32.8,-91.2,,,,,LA,1983-11-14 20:20:00,1983-11-14 20:20:00,False,False
,10046269,Louisiana,61,Lincoln,,1983-11-19 13:20:00,CST,1983-11-19 13:20:00,3,0,0,0,250K,0,,F2,Unknown,1.0,100,,,,,32.72,-92.7,,,,,LA,1983-11-19 13:20:00,1983-11-19 13:20:00,False,False
,10046271,Louisiana,111,Union,,1983-11-19 13:30:00,CST,1983-11-19 13:30:00,0,0,0,0,2.5M,0,,F3,Unknown,2.0,200,,,,,32.83,-92.63,,,,,LA,1983-11-19 13:30:00,1983-11-19 13:30:00,False,False
,10114808,Pennsylvania,89,Monroe,,1983-08-29 14:30:00,CST,1983-08-29 14:30:00,0,0,0,0,.03K,0,,F0,Unknown,1.0,10,,,,,41.2,-75.42,,,,,PA,1983-08-29 15:30:00,1983-08-29 15:30:00,True,True
,10114810,Pennsylvania,17,Bucks,,1983-08-29 15:45:00,CST,1983-08-29 15:45:00,0,0,0,0,25K,0,,F1,Unknown,2.5,10,,,,,40.43,-75.2,,,,,PA,1983-08-29 16:45:00,1983-08-29 16:45:00,True,True
,10045146,Louisiana,59,La Salle,,1983-05-19 23:15:00,CST,1983-05-19 23:15:00,5,0,0,0,25M,0,,F3,Unknown,7.0,500,,,,,31.93,-92.25,32.03,-92.15,,,LA,1983-05-20 00:15:00,1983-05-20 00:15:00,True,True
,10045149,Louisiana,21,Caldwell,,1983-05-19 23:20:00,CST,1983-05-19 23:20:00,6,0,0,0,250K,0,,F3,Unknown,2.0,250,,,,,32.18,-91.98,,,,,LA,1983-05-20 00:20:00,1983-05-20 00:20:00,True,True
,10045150,Louisiana,41,Franklin,,1983-05-19 23:35:00,CST,1983-05-19 23:35:00,0,0,0,0,25K,0,,F2,Unknown,8.0,150,,,,,31.98,-91.82,32.05,-91.67,,,LA,1983-05-20 00:35:00,1983-05-20 00:35:00,True,True
,10108899,Oklahoma,35,Craig,,1983-04-29 19:30:00,CST,1983-04-29 19:30:00,0,0,0,0,.03K,0,,F0,Unknown,0.1,50,,,,,36.87,-95.37,,,,,OK,1983-04-29 20:30:00,1983-04-29 20:30:00,True,True
,10108900,Oklahoma,131,Rogers,,1983-04-29 19:30:00,CST,1983-04-29 19:30:00,0,0,0,0,250K,0,,F2,Unknown,1.5,100,,,,,36.55,-95.45,,,,,OK,1983-04-29 20:30:00,1983-04-29 20:30:00,True,True
,10082624,New Jersey,29,Ocean,,1983-07-21 19:30:00,CST,1983-07-21 19:30:00,0,0,0,0,2.5M,0,,F3,Unknown,0.2,10,,,,,39.67,-74.28,,,,,NJ,1983-07-21 20:30:00,1983-07-21 20:30:00,True,True
,10045153,Louisiana,9,Avoyelles,,1983-05-20 05:30:00,CST,1983-05-20 05:30:00,0,0,0,0,25K,0,,F3,Unknown,2.0,200,,,,,30.92,-91.93,,,,,LA,1983-05-20 06:30:00,1983-05-20 06:30:00,True,True
,10045154,Louisiana,19,Calcasieu,,1983-05-20 12:13:00,CST,1983-05-20 12:13:00,0,0,0,0,.03K,0,,F0,Unknown,0.5,50,,,,,30.3,-93.22,,,,,LA,1983-05-20 13:13:00,1983-05-20 13:13:00,True,True
,10045155,Louisiana,23,Cameron,,1983-05-20 14:30:00,CST,1983-05-20 14:30:00,0,0,0,0,250K,0,,F3,Unknown,5.0,200,,,,,29.75,-93.6,29.83,-93.58,,,LA,1983-05-20 15:30:00,1983-05-20 15:30:00,True,True
,10057385,Missouri,77,Greene,,1983-04-29 19:55:00,CST,1983-04-29 19:55:00,3,0,0,0,2.5M,0,,F2,Unknown,1.0,100,,,,,37.13,-93.5,,,,,MO,1983-04-29 20:55:00,1983-04-29 20:55:00,True,True
,10040783,Michigan,115,Monroe,,1983-05-01 23:55:00,CST,1983-05-01 23:55:00,0,0,0,0,2.5K,0,,F1,Unknown,3.0,100,,,,,42.03,-83.72,42.05,-83.68,,,MI,1983-05-02 00:55:00,1983-05-02 00:55:00,True,True
,10040772,Michigan,65,Ingham,,1983-03-07 16:15:00,CST,1983-03-07 16:15:00,0,0,0,0,.25K,0,,F0,Unknown,0.1,7,,,,,42.55,-84.53,,,,,MI,1983-03-07 16:15:00,1983-03-07 16:15:00,False,False
,10040774,Michigan,23,Branch,,1983-03-07 18:03:00,CST,1983-03-07 18:03:00,0,0,0,0,25K,0,,F1,Unknown,0.3,37,,,,,41.92,-85.03,,,,,MI,1983-03-07 18:03:00,1983-03-07 18:03:00,False,False
,10040778,Michigan,95,Luce,,1983-05-01 14:55:00,CST,1983-05-01 14:55:00,0,0,0,0,.25K,0,,F0,Unknown,0.1,7,,,,,46.28,-85.58,,,,,MI,1983-05-01 15:55:00,1983-05-01 15:55:00,True,True
,10040779,Michigan,91,Lenawee,,1983-05-01 23:35:00,CST,1983-05-01 23:35:00,0,0,0,0,25K,0,,F2,Unknown,1.9,400,,,,,42.0,-84.18,,,,,MI,1983-05-02 00:35:00,1983-05-02 00:35:00,True,True
,10040782,Michigan,91,Lenawee,,1983-05-01 23:40:00,CST,1983-05-01 23:40:00,0,0,0,0,25K,0,,F2,Unknown,2.0,100,,,,,41.97,-83.97,,,,,MI,1983-05-02 00:40:00,1983-05-02 00:40:00,True,True
,10124662,South Dakota,21,Campbell,,1983-06-21 18:30:00,CST,1983-06-21 18:30:00,4,0,0,0,250K,0,,F3,Unknown,6.0,600,,,,,45.92,-100.28,45.9,-100.12,,,SD,1983-06-21 19:30:00,1983-06-21 19:30:00,True,True
,10113070,South Carolina,29,Colleton,,1983-07-25 15:35:00,CST,1983-07-25 15:35:00,0,0,0,0,2.5K,0,,F1,Unknown,0.2,50,,,,,33.02,-80.98,,,,,SC,1983-07-25 16:35:00,1983-07-25 16:35:00,True,True
,10112798,South Carolina,9,Bamberg,,1983-04-23 19:46:00,CST,1983-04-23 19:46:00,4,0,0,0,2.5M,0,,F3,Unknown,16.0,200,,,,,33.23,-81.22,33.32,-80.93,,,SC,1983-04-23 19:46:00,1983-04-23 19:46:00,False,False
,10112800,South Carolina,75,Orangeburg,,1983-04-23 20:18:00,CST,1983-04-23 20:18:00,0,0,0,0,2.5M,0,,F3,Unknown,4.0,200,,,,,33.32,-80.93,33.33,-80.87,,,SC,1983-04-23 20:18:00,1983-04-23 20:18:00,False,False
,10040031,Michigan,161,Washtenaw,,1983-07-21 15:23:00,CST,1983-07-21 15:23:00,0,0,0,0,.03K,0,,F0,Unknown,0.1,10,,,,,42.27,-83.68,,,,,MI,1983-07-21 16:23:00,1983-07-21 16:23:00,True,True
,10108052,Oklahoma,81,Lincoln,,1983-06-27 20:55:00,CST,1983-06-27 20:55:00,0,0,0,0,25K,0,,F1,Unknown,0.1,10,,,,,35.45,-96.68,,,,,OK,1983-06-27 21:55:00,1983-06-27 21:55:00,True,True
,10108056,Oklahoma,133,Seminole,,1983-06-27 21:02:00,CST,1983-06-27 21:02:00,0,0,0,0,.03K,0,,F0,Unknown,0.1,10,,,,,35.07,-96.62,,,,,OK,1983-06-27 22:02:00,1983-06-27 22:02:00,True,True
,10108068,Oklahoma,137,Stephens,,1983-06-27 22:00:00,CST,1983-06-27 22:00:00,0,0,0,0,.03K,0,,F0,Unknown,0.1,10,,,,,34.52,-97.98,,,,,OK,1983-06-27 23:00:00,1983-06-27 23:00:00,True,True
,10108069,Oklahoma,113,Osage,,1983-06-27 22:00:00,CST,1983-06-27 22:00:00,0,0,0,0,250K,0,,F2,Unknown,0.5,100,,,,,36.35,-96.05,,,,,OK,1983-06-27 23:00:00,1983-06-27 23:00:00,True,True
,10041889,Michigan,49,Genesee,,1983-06-26 23:05:00,CST,1983-06-26 23:05:00,0,0,0,0,250K,0,,F1,Unknown,9.0,60,,,,,42.9,-83.62,42.93,-83.45,,,MI,1983-06-27 00:05:00,1983-06-27 00:05:00,True,True
,10041891,Michigan,87,Lapeer,,1983-06-26 23:25:00,CST,1983-06-26 23:25:00,0,0,0,0,250K,0,,F1,Unknown,11.0,60,,,,,42.93,-83.45,43.0,-83.23,,,MI,1983-06-27 00:25:00,1983-06-27 00:25:00,True,True
,10060778,Mississippi,67,Jones,,1983-12-11 02:00:00,CST,1983-12-11 02:00:00,1,0,0,0,250K,0,,F1,Unknown,1.0,100,,,,,31.43,-89.08,,,,,MS,1983-12-11 02:00:00,1983-12-11 02:00:00,False,False
,10046277,Louisiana,79,Rapides,,1983-11-19 16:15:00,CST,1983-11-19 16:15:00,0,0,0,0,2.5K,0,,F0,Unknown,0.3,50,,,,,31.25,-92.8,,,,,LA,1983-11-19 16:15:00,1983-11-19 16:15:00,False,False
,10046278,Louisiana,83,Richland,,1983-11-19 16:30:00,CST,1983-11-19 16:30:00,0,0,0,0,250K,0,,F2,Unknown,3.0,100,,,,,32.5,-91.52,32.55,-91.5,,,LA,1983-11-19 16:30:00,1983-11-19 16:30:00,False,False
,10046283,Louisiana,65,Madison,,1983-11-19 17:00:00,CST,1983-11-19 17:00:00,0,0,0,0,250K,0,,F3,Unknown,0.5,100,,,,,32.33,-90.93,,,,,LA,1983-11-19 17:00:00,1983-11-19 17:00:00,False,False
,10108073,Oklahoma,143,Tulsa,,1983-06-27 22:15:00,CST,1983-06-27 22:15:00,0,0,1,0,25K,0,,F2,Unknown,2.0,100,,,,,36.37,-95.87,36.38,-95.82,,,OK,1983-06-27 23:15:00,1983-06-27 23:15:00,True,True
,10108074,Oklahoma,131,Rogers,,1983-06-27 22:20:00,CST,1983-06-27 22:20:00,0,0,0,0,25K,0,,F2,Unknown,3.0,100,,,,,36.38,-95.82,36.4,-95.75,,,OK,1983-06-27 23:20:00,1983-06-27 23:20:00,True,True
,10041893,Michigan,65,Ingham,,1983-06-27 14:13:00,CST,1983-06-27 14:13:00,0,0,0,0,25K,0,,F1,Unknown,0.1,50,,,,,42.47,-84.52,,,,,MI,1983-06-27 15:13:00,1983-06-27 15:13:00,True,True
,10108083,Oklahoma,51,Grady,,1983-06-28 00:45:00,CST,1983-06-28 00:45:00,0,0,0,0,.03K,0,,F0,Unknown,0.1,10,,,,,34.55,-97.95,,,,,OK,1983-06-28 01:45:00,1983-06-28 01:45:00,True,True
,10083013,North Dakota,3,Barnes,,1983-06-21 19:30:00,CST,1983-06-21 19:30:00,0,0,0,0,25K,0,,F1,Unknown,11.0,60,,,,,46.67,-98.17,46.77,-98.07,,,ND,1983-06-21 20:30:00,1983-06-21 20:30:00,True,True
,10077136,New York,45,Jefferson,,1983-08-28 16:30:00,CST,1983-08-28 16:30:00,1,0,0,0,2.5M,0,,F1,Unknown,6.0,300,,,,,43.73,-76.2,43.73,-76.08,,,NY,1983-08-28 17:30:00,1983-08-28 17:30:00,True,True
,10057366,Missouri,229,Wright,,1983-04-28 17:08:00,CST,1983-04-28 17:08:00,0,0,0,0,2.5K,0,,F1,Unknown,2.0,50,,,,,37.22,-92.55,,,,,MO,1983-04-28 18:08:00,1983-04-28 18:08:00,True,True
,10041912,Michigan,23,Branch,,1983-06-30 11:12:00,CST,1983-06-30 11:12:00,0,0,0,0,25K,0,,F2,Unknown,1.0,40,,,,,41.98,-84.98,,,,,MI,1983-06-30 12:12:00,1983-06-30 12:12:00,True,True
,10105867,Oklahoma,79,Le Flore,,1983-11-22 17:40:00,CST,1983-11-22 17:40:00,0,0,0,0,250K,0,,F3,Unknown,19.0,100,,,,,35.85,-94.75,36.07,-94.52,,,OK,1983-11-22 17:40:00,1983-11-22 17:40:00,False,False
,10105868,Oklahoma,145,Wagoner,,1983-11-22 17:55:00,CST,1983-11-22 17:55:00,0,0,0,0,.03K,0,,F0,Unknown,0.3,100,,,,,35.97,-95.55,,,,,OK,1983-11-22 17:55:00,1983-11-22 17:55:00,False,False
,10105872,Oklahoma,91,Mcintosh,,1983-11-22 19:50:00,CST,1983-11-22 19:50:00,0,0,0,0,.03K,0,,F1,Unknown,0.3,100,,,,,35.33,-95.37,,,,,OK,1983-11-22 19:50:00,1983-11-22 19:50:00,False,False
,10105749,Oklahoma,45,Ellis,,1983-05-13 19:45:00,CST,1983-05-13 19:45:00,0,0,0,0,2.5K,0,,F1,Unknown,2.5,40,,,,,36.33,-99.65,,,,,OK,1983-05-13 20:45:00,1983-05-13 20:45:00,True,True
,10105750,Oklahoma,75,Kiowa,,1983-05-13 19:45:00,CST,1983-05-13 19:45:00,0,0,0,0,25K,0,,F2,Unknown,0.1,50,,,,,34.97,-99.02,,,,,OK,1983-05-13 20:45:00,1983-05-13 20:45:00,True,True
,10105759,Oklahoma,75,Kiowa,,1983-05-13 20:50:00,CST,1983-05-13 20:50:00,0,0,0,0,.03K,0,,F0,Unknown,0.1,50,,,,,34.98,-98.88,,,,,OK,1983-05-13 21:50:00,1983-05-13 21:50:00,True,True
,10114799,Pennsylvania,77,Lehigh,,1983-08-11 14:35:00,CST,1983-08-11 14:35:00,0,0,0,0,25M,0,,F1,Unknown,3.0,150,,,,,40.72,-75.57,40.7,-75.52,,,PA,1983-08-11 15:35:00,1983-08-11 15:35:00,True,True
,10114801,Pennsylvania,95,Northampton,,1983-08-11 14:41:00,CST,1983-08-11 14:41:00,2,0,0,0,25M,0,,F1,Unknown,8.0,150,,,,,40.7,-75.52,40.65,-75.33,,,PA,1983-08-11 15:41:00,1983-08-11 15:41:00,True,True
,10114802,Pennsylvania,95,Northampton,,1983-08-11 14:47:00,CST,1983-08-11 14:47:00,0,0,0,0,25K,0,,F1,Unknown,2.0,10,,,,,40.6,-75.37,,,,,PA,1983-08-11 15:47:00,1983-08-11 15:47:00,True,True
,10108088,Oklahoma,69,Johnston,,1983-06-28 17:40:00,CST,1983-06-28 17:40:00,0,0,0,0,25K,0,,F2,Unknown,0.1,10,,,,,34.35,-96.72,,,,,OK,1983-06-28 18:40:00,1983-06-28 18:40:00,True,True
,10105847,Oklahoma,23,Choctaw,,1983-11-22 14:38:00,CST,1983-11-22 14:38:00,0,0,0,0,25K,0,,F2,Unknown,1.0,100,,,,,34.08,-95.73,,,,,OK,1983-11-22 14:38:00,1983-11-22 14:38:00,False,False
,10109129,Oklahoma,53,Grant,,1983-05-12 18:00:00,CST,1983-05-12 18:00:00,0,0,0,0,.03K,0,,F0,Unknown,0.1,50,,,,,36.68,-97.55,,,,,OK,1983-05-12 19:00:00,1983-05-12 19:00:00,True,True
,10109131,Oklahoma,71,Kay,,1983-05-12 18:05:00,CST,1983-05-12 18:05:00,0,0,0,0,.03K,0,,F0,Unknown,0.1,50,,,,,36.78,-97.35,,,,,OK,1983-05-12 19:05:00,1983-05-12 19:05:00,True,True
,10109134,Oklahoma,47,Garfield,,1983-05-12 18:52:00,CST,1983-05-12 18:52:00,0,0,0,0,.03K,0,,F0,Unknown,0.1,50,,,,,36.38,-98.05,,,,,OK,1983-05-12 19:52:00,1983-05-12 19:52:00,True,True
,10112795,South Carolina,75,Orangeburg,,1983-04-08 13:00:00,CST,1983-04-08 13:00:00,2,0,0,0,250K,0,,F1,Unknown,4.8,17,,,,,33.68,-81.12,33.72,-81.03,,,SC,1983-04-08 13:00:00,1983-04-08 13:00:00,False,False
,10112796,South Carolina,3,Aiken,,1983-04-23 19:15:00,CST,1983-04-23 19:15:00,0,0,0,0,250K,0,,F1,Unknown,6.0,100,,,,,33.33,-81.8,33.35,-81.7,,,SC,1983-04-23 19:15:00,1983-04-23 19:15:00,False,False
,10112797,South Carolina,11,Barnwell,,1983-04-23 19:20:00,CST,1983-04-23 19:20:00,2,0,0,0,2.5M,0,,F3,Unknown,13.0,200,,,,,33.17,-81.45,33.23,-81.22,,,SC,1983-04-23 19:20:00,1983-04-23 19:20:00,False,False
,10109165,Oklahoma,67,Jefferson,,1983-05-13 17:25:00,CST,1983-05-13 17:25:00,0,0,0,0,.03K,0,,F0,Unknown,1.0,50,,,,,34.17,-97.65,,,,,OK,1983-05-13 18:25:00,1983-05-13 18:25:00,True,True
,10098474,Ohio,77,Huron,,1983-05-02 12:20:00,CST,1983-05-02 12:20:00,2,0,0,0,250K,0,,F2,Unknown,2.0,50,,,,,41.02,-82.6,,,,,OH,1983-05-02 13:20:00,1983-05-02 13:20:00,True,True
,10060777,Mississippi,35,Forrest,,1983-12-11 01:58:00,CST,1983-12-11 01:58:00,0,0,0,0,250K,0,,F1,Unknown,0.6,73,,,,,31.37,-89.08,,,,,MS,1983-12-11 01:58:00,1983-12-11 01:58:00,False,False
,10109146,Oklahoma,55,Greer,,1983-05-12 20:15:00,CST,1983-05-12 20:15:00,0,0,0,0,2.5K,0,,F2,Unknown,0.1,50,,,,,34.85,-99.45,,,,,OK,1983-05-12 21:15:00,1983-05-12 21:15:00,True,True
,10109147,Oklahoma,65,Jackson,,1983-05-12 20:30:00,CST,1983-05-12 20:30:00,0,0,0,0,.03K,0,,F2,Unknown,0.1,50,,,,,34.77,-99.33,,,,,OK,1983-05-12 21:30:00,1983-05-12 21:30:00,True,True
,10109154,Oklahoma,141,Tillman,,1983-05-13 14:30:00,CST,1983-05-13 14:30:00,0,0,0,0,25K,0,,F1,Unknown,6.0,50,,,,,34.18,-98.92,34.18,-98.8,,,OK,1983-05-13 15:30:00,1983-05-13 15:30:00,True,True
,10105853,Oklahoma,127,Pushmataha,,1983-11-22 15:35:00,CST,1983-11-22 15:35:00,0,0,0,0,250K,0,,F2,Unknown,2.0,100,,,,,34.47,-95.27,,,,,OK,1983-11-22 15:35:00,1983-11-22 15:35:00,False,False
,10042930,Louisiana,119,Webster,,1983-04-01 14:30:00,CST,1983-04-01 14:30:00,0,0,0,0,25K,0,,F1,Unknown,1.0,20,,,,,32.63,-93.28,,,,,LA,1983-04-01 14:30:00,1983-04-01 14:30:00,False,False
,10042917,Louisiana,105,Tangipahoa,,1983-03-20 05:45:00,CST,1983-03-20 05:45:00,0,0,0,0,25K,0,,F1,Unknown,0.3,33,,,,,30.68,-90.42,,,,,LA,1983-03-20 05:45:00,1983-03-20 05:45:00,False,False
,10042918,Louisiana,117,Washington,,1983-03-20 06:50:00,CST,1983-03-20 06:50:00,0,0,0,0,250K,0,,F3,Unknown,2.0,200,,,,,30.97,-90.03,,,,,LA,1983-03-20 06:50:00,1983-03-20 06:50:00,False,False
,10109168,Oklahoma,39,Custer,,1983-05-13 17:35:00,CST,1983-05-13 17:35:00,0,0,0,0,.03K,0,,F0,Unknown,0.1,50,,,,,35.75,-98.78,,,,,OK,1983-05-13 18:35:00,1983-05-13 18:35:00,True,True
,10109169,Oklahoma,57,Harmon,,1983-05-13 17:39:00,CST,1983-05-13 17:39:00,0,0,0,0,250K,0,,F2,Unknown,10.0,500,,,,,34.72,-99.98,34.75,-99.82,,,OK,1983-05-13 18:39:00,1983-05-13 18:39:00,True,True
,10109170,Oklahoma,39,Custer,,1983-05-13 17:40:00,CST,1983-05-13 17:40:00,0,0,0,0,250K,0,,F1,Unknown,9.0,150,,,,,35.78,-98.65,35.82,-98.5,,,OK,1983-05-13 18:40:00,1983-05-13 18:40:00,True,True
,10109171,Oklahoma,57,Harmon,,1983-05-13 18:00:00,CST,1983-05-13 18:00:00,0,0,0,0,250K,0,,F2,Unknown,3.0,500,,,,,34.75,-99.82,34.8,-99.82,,,OK,1983-05-13 19:00:00,1983-05-13 19:00:00,True,True
,10109172,Oklahoma,57,Harmon,,1983-05-13 18:05:00,CST,1983-05-13 18:05:00,0,0,0,0,.03K,0,,F0,Unknown,0.1,50,,,,,34.78,-99.75,,,,,OK,1983-05-13 19:05:00,1983-05-13 19:05:00,True,True
,10109173,Oklahoma,19,Carter,,1983-05-13 18:09:00,CST,1983-05-13 18:09:00,0,0,0,0,.03K,0,,F0,Unknown,0.1,3,,,,,34.17,-97.18,,,,,OK,1983-05-13 19:09:00,1983-05-13 19:09:00,True,True
,10109174,Oklahoma,57,Harmon,,1983-05-13 18:10:00,CST,1983-05-13 18:10:00,0,0,0,0,250K,0,,F2,Unknown,2.0,500,,,,,34.8,-99.82,34.82,-99.77,,,OK,1983-05-13 19:10:00,1983-05-13 19:10:00,True,True
,10109190,Oklahoma,101,Muskogee,,1983-07-30 16:32:00,CST,1983-07-30 16:32:00,0,0,0,0,.03K,0,,F0,Unknown,0.1,10,,,,,35.8,-95.38,,,,,OK,1983-07-30 17:32:00,1983-07-30 17:32:00,True,True
,10091158,North Carolina,67,Forsyth,,1983-03-05 19:00:00,CST,1983-03-05 19:00:00,0,0,0,0,25K,0,,F1,Unknown,0.2,33,,,,,36.03,-81.18,,,,,NC,1983-03-05 19:00:00,1983-03-05 19:00:00,False,False
,10091159,North Carolina,179,Union,,1983-03-06 18:20:00,CST,1983-03-06 18:20:00,9,0,0,0,2.5M,0,,F2,Unknown,2.0,33,,,,,34.98,-80.55,,,,,NC,1983-03-06 18:20:00,1983-03-06 18:20:00,False,False
,10091160,North Carolina,59,Davie,,1983-03-06 18:30:00,CST,1983-03-06 18:30:00,0,0,0,0,2.5K,0,,F0,Unknown,0.1,17,,,,,35.83,-80.67,,,,,NC,1983-03-06 18:30:00,1983-03-06 18:30:00,False,False
,10091167,North Carolina,151,Randolph,,1983-03-08 17:00:00,CST,1983-03-08 17:00:00,0,0,0,0,.25K,0,,F0,Unknown,0.1,17,,,,,35.9,-79.97,,,,,NC,1983-03-08 17:00:00,1983-03-08 17:00:00,False,False
,10108011,Oklahoma,81,Lincoln,,1983-04-27 20:15:00,CST,1983-04-27 20:15:00,0,0,0,0,.03K,0,,F0,Unknown,0.2,50,,,,,35.57,-96.9,,,,,OK,1983-04-27 21:15:00,1983-04-27 21:15:00,True,True
,10113064,South Carolina,41,Florence,,1983-07-23 17:30:00,CST,1983-07-23 17:30:00,0,0,0,0,25K,0,,F1,Unknown,1.0,50,,,,,34.23,-79.8,,,,,SC,1983-07-23 18:30:00,1983-07-23 18:30:00,True,True
,10084128,North Dakota,53,Mckenzie,,1983-07-09 17:30:00,CST,1983-07-09 17:30:00,0,0,0,0,.03K,0,,F0,Unknown,0.5,13,,,,,47.68,-103.65,,,,,ND,1983-07-09 17:30:00,1983-07-09 17:30:00,False,False
,10084129,North Dakota,53,Mckenzie,,1983-07-09 17:35:00,CST,1983-07-09 17:35:00,0,0,0,0,.03K,0,,F0,Unknown,0.3,10,,,,,47.4,-103.25,,,,,ND,1983-07-09 17:35:00,1983-07-09 17:35:00,False,False
,10046011,Louisiana,19,Calcasieu,,1983-05-21 15:00:00,CST,1983-05-21 15:00:00,0,0,0,0,.03K,0,,F1,Unknown,0.1,50,,,,,30.13,-93.37,,,,,LA,1983-05-21 16:00:00,1983-05-21 16:00:00,True,True
,10074715,New Mexico,9,Curry,,1983-07-29 14:00:00,CST,1983-07-29 14:00:00,0,0,0,0,25K,0,,F0,Unknown,0.2,10,,,,,34.82,-103.22,,,,,NM,1983-07-29 15:00:00,1983-07-29 15:00:00,True,True
,10074716,New Mexico,15,Eddy,,1983-09-01 18:50:00,CST,1983-09-01 18:50:00,0,0,0,0,250K,0,,F0,Unknown,0.2,10,,,,,32.83,-104.4,,,,,NM,1983-09-01 19:50:00,1983-09-01 19:50:00,True,True
,10074704,New Mexico,25,Lea,,1983-05-30 21:00:00,CST,1983-05-30 21:00:00,0,0,0,0,25K,0,,F0,Unknown,0.2,20,,,,,32.43,-103.15,,,,,NM,1983-05-30 22:00:00,1983-05-30 22:00:00,True,True
,10106935,Oklahoma,45,Ellis,,1983-05-27 21:37:00,CST,1983-05-27 21:37:00,0,0,0,0,.03K,0,,F0,Unknown,0.1,50,,,,,36.35,-99.87,,,,,OK,1983-05-27 22:37:00,1983-05-27 22:37:00,True,True
,10091170,North Carolina,127,Nash,,1983-03-18 12:40:00,CST,1983-03-18 12:40:00,0,0,0,0,250K,0,,F2,Unknown,3.0,17,,,,,35.92,-76.83,35.83,-76.83,,,NC,1983-03-18 12:40:00,1983-03-18 12:40:00,False,False
,10091173,North Carolina,137,Pamlico,,1983-03-21 06:00:00,CST,1983-03-21 06:00:00,0,0,0,0,25K,0,,F0,Unknown,0.1,17,,,,,35.17,-76.83,,,,,NC,1983-03-21 06:00:00,1983-03-21 06:00:00,False,False
,10084136,North Dakota,71,Ramsey,,1983-07-15 19:00:00,CST,1983-07-15 19:00:00,0,0,0,0,.03K,0,,F0,Unknown,0.3,10,,,,,48.1,-99.02,,,,,ND,1983-07-15 20:00:00,1983-07-15 20:00:00,True,True
,10120360,Tennessee,185,White,,1983-05-29 16:00:00,CST,1983-05-29 16:00:00,1,0,0,0,25K,0,,F1,Unknown,1.0,20,,,,,35.82,-85.65,,,,,TN,1983-05-29 17:00:00,1983-05-29 17:00:00,True,True
,10044091,Louisiana,103,St. Tammany,,1983-12-28 23:00:00,CST,1983-12-28 23:00:00,0,0,0,0,25K,0,,F0,Unknown,3.0,50,,,,,30.27,-89.82,30.28,-89.75,,,LA,1983-12-28 23:00:00,1983-12-28 23:00:00,False,False
,10108002,Oklahoma,113,Osage,,1983-04-27 19:15:00,CST,1983-04-27 19:15:00,0,0,0,0,.03K,0,,F0,Unknown,0.2,50,,,,,36.68,-96.88,,,,,OK,1983-04-27 20:15:00,1983-04-27 20:15:00,True,True
,10108008,Oklahoma,117,Pawnee,,1983-04-27 20:00:00,CST,1983-04-27 20:00:00,0,0,0,0,25K,0,,F2,Unknown,0.5,50,,,,,36.5,-96.77,,,,,OK,1983-04-27 21:00:00,1983-04-27 21:00:00,True,True
,10099114,Ohio,129,Pickaway,,1983-06-30 16:20:00,CST,1983-06-30 16:20:00,0,0,0,0,2.5K,0,,F1,Unknown,2.0,50,,,,,39.6,-83.15,,,,,OH,1983-06-30 17:20:00,1983-06-30 17:20:00,True,True
,10084103,North Dakota,93,Stutsman,,1983-06-22 00:30:00,CST,1983-06-22 00:30:00,2,0,0,0,250K,0,,F1,Unknown,10.0,60,,,,,46.82,-98.83,46.85,-98.65,,,ND,1983-06-22 01:30:00,1983-06-22 01:30:00,True,True
,10084105,North Dakota,39,Griggs,,1983-06-22 00:50:00,CST,1983-06-22 00:50:00,0,0,0,0,.25K,0,,F0,Unknown,0.3,10,,,,,47.53,-98.12,,,,,ND,1983-06-22 01:50:00,1983-06-22 01:50:00,True,True
,10108009,Oklahoma,81,Lincoln,,1983-04-27 20:00:00,CST,1983-04-27 20:00:00,0,0,0,0,250K,0,,F2,Unknown,0.5,77,,,,,35.57,-97.05,,,,,OK,1983-04-27 21:00:00,1983-04-27 21:00:00,True,True
,10107987,Oklahoma,9,Beckham,,1983-04-22 15:15:00,CST,1983-04-22 15:15:00,0,0,0,0,.03K,0,,F1,Unknown,0.1,50,,,,,35.3,-99.58,,,,,OK,1983-04-22 15:15:00,1983-04-22 15:15:00,False,False
,10107999,Oklahoma,71,Kay,,1983-04-27 18:40:00,CST,1983-04-27 18:40:00,0,0,0,0,.03K,0,,F1,Unknown,12.0,100,,,,,36.78,-97.37,36.78,-97.15,,,OK,1983-04-27 19:40:00,1983-04-27 19:40:00,True,True
,10108000,Oklahoma,113,Osage,,1983-04-27 18:50:00,CST,1983-04-27 18:50:00,0,0,0,0,.03K,0,,F0,Unknown,0.1,50,,,,,36.72,-96.67,,,,,OK,1983-04-27 19:50:00,1983-04-27 19:50:00,True,True
,10084098,North Dakota,85,Sioux,,1983-06-21 22:15:00,CST,1983-06-21 22:15:00,0,0,0,0,2.5K,0,,F1,Unknown,0.3,17,,,,,46.02,-101.25,,,,,ND,1983-06-21 23:15:00,1983-06-21 23:15:00,True,True
,9988492,Connecticut,7,Middlesex,,1983-08-01 16:30:00,CST,1983-08-01 16:30:00,0,0,0,0,.03K,0,,F0,Unknown,0.2,20,,,,,41.4,-72.45,,,,,CT,1983-08-01 17:30:00,1983-08-01 17:30:00,True,True
,10047629,Minnesota,119,Polk,,1983-06-22 00:10:00,CST,1983-06-22 00:10:00,0,0,0,0,250K,0,,F0,Unknown,3.0,300,,,,,47.75,-96.52,47.8,-96.45,,,MN,1983-06-22 01:10:00,1983-06-22 01:10:00,True,True
,10068691,Nebraska,111,Lincoln,,1983-06-12 17:45:00,CST,1983-06-12 17:45:00,0,0,0,0,2.5K,0,,F1,Unknown,0.1,20,,,,,40.82,-100.73,,,,,NE,1983-06-12 18:45:00,1983-06-12 18:45:00,True,True
,10039988,Michigan,19,Benzie,,1983-07-21 08:30:00,CST,1983-07-21 08:30:00,0,0,0,0,.25K,0,,F1,Unknown,0.1,20,,,,,44.65,-85.83,,,,,MI,1983-07-21 09:30:00,1983-07-21 09:30:00,True,True
,10072523,Montana,55,Mccone,,1983-07-09 19:37:00,CST,1983-07-09 19:37:00,1,0,1,0,250K,0,,F1,Unknown,1.0,500,,,,,47.88,-105.5,,,,,MT,1983-07-09 19:37:00,1983-07-09 19:37:00,False,False
,10068686,Nebraska,57,Dundy,,1983-06-12 17:30:00,CST,1983-06-12 17:30:00,0,0,0,0,.03K,0,,F0,Unknown,0.1,10,,,,,40.27,-101.95,,,,,NE,1983-06-12 18:30:00,1983-06-12 18:30:00,True,True
,10068687,Nebraska,145,Red Willow,,1983-06-12 17:30:00,CST,1983-06-12 17:30:00,0,0,0,0,.03K,0,,F0,Unknown,0.1,17,,,,,40.07,-100.28,,,,,NE,1983-06-12 18:30:00,1983-06-12 18:30:00,True,True
,10072524,Montana,105,Valley,,1983-07-10 02:10:00,CST,1983-07-10 02:10:00,0,0,0,0,2.5K,0,,F1,Unknown,1.0,100,,,,,48.25,-106.9,,,,,MT,1983-07-10 03:10:00,1983-07-10 03:10:00,True,True
,10072527,Montana,33,Garfield,,1983-07-17 22:30:00,CST,1983-07-17 22:30:00,0,0,0,0,2.5K,0,,F0,Unknown,0.5,17,,,,,47.32,-107.22,,,,,MT,1983-07-17 23:30:00,1983-07-17 23:30:00,True,True
,10072533,Montana,63,Missoula,,1983-07-20 14:17:00,CST,1983-07-20 14:17:00,0,0,0,0,.03K,0,,F0,Unknown,2.0,10,,,,,46.9,-114.1,,,,,MT,1983-07-20 15:17:00,1983-07-20 15:17:00,True,True
,10050070,Minnesota,1,Aitkin,,1983-06-12 20:14:00,CST,1983-06-12 20:14:00,0,0,0,0,2.5K,0,,F0,Unknown,3.0,400,,,,,47.0,-93.58,47.0,-93.5,,,MN,1983-06-12 21:14:00,1983-06-12 21:14:00,True,True
,9977501,Alabama,43,Cullman,,1983-05-15 09:19:00,CST,1983-05-15 09:19:00,0,0,0,0,2.5K,0,,F1,Unknown,0.1,50,,,,,34.23,-87.0,,,,,AL,1983-05-15 10:19:00,1983-05-15 10:19:00,True,True
,9986598,Colorado,89,Otero,,1983-06-04 16:00:00,CST,1983-06-04 16:00:00,0,0,0,0,2.5K,0,,F1,Unknown,1.0,50,,,,,38.0,-103.78,,,,,CO,1983-06-04 17:00:00,1983-06-04 17:00:00,True,True
,9986277,Colorado,1,Adams,,1983-06-12 13:39:00,CST,1983-06-12 13:39:00,0,0,0,0,.03K,0,,F1,Unknown,0.3,20,,,,,39.88,-104.7,,,,,CO,1983-06-12 14:39:00,1983-06-12 14:39:00,True,True
,9986278,Colorado,87,Morgan,,1983-06-12 13:45:00,CST,1983-06-12 13:45:00,0,0,0,0,.03K,0,,F1,Unknown,1.0,33,,,,,40.15,-104.12,,,,,CO,1983-06-12 14:45:00,1983-06-12 14:45:00,True,True
,10042317,Michigan,5,Allegan,,1983-07-21 19:05:00,CST,1983-07-21 19:05:00,1,0,1,0,250K,0,,F2,Unknown,13.6,200,,,,,42.67,-86.2,42.58,-86.12,,,MI,1983-07-21 20:05:00,1983-07-21 20:05:00,True,True
,10046230,Louisiana,33,East Baton Rouge,,1983-05-22 02:15:00,CST,1983-05-22 02:15:00,0,0,0,0,25K,0,,F1,Unknown,1.0,50,,,,,30.48,-91.0,30.48,-90.98,,,LA,1983-05-22 03:15:00,1983-05-22 03:15:00,True,True
,10046231,Louisiana,63,Livingston,,1983-05-22 02:20:00,CST,1983-05-22 02:20:00,0,0,0,0,25K,0,,F1,Unknown,2.0,50,,,,,30.48,-90.98,30.48,-90.95,,,LA,1983-05-22 03:20:00,1983-05-22 03:20:00,True,True
,9980424,Arizona,27,Yuma,,1983-07-31 17:45:00,CST,1983-07-31 17:45:00,0,0,0,0,2.5K,0,,F1,Unknown,0.2,20,,,,,33.67,-114.23,,,,,AZ,1983-07-31 17:45:00,1983-07-31 17:45:00,False,False
,10065304,Nebraska,101,Keith,,1983-07-15 19:26:00,CST,1983-07-15 19:26:00,0,0,0,0,250K,0,,F2,Unknown,0.3,100,,,,,41.3,-101.92,,,,,NE,1983-07-15 20:26:00,1983-07-15 20:26:00,True,True
,9979846,Alabama,39,Covington,,1983-12-28 04:40:00,CST,1983-12-28 04:40:00,1,0,0,0,250K,0,,F2,Unknown,15.0,80,,,,,31.28,-86.63,31.48,-86.43,,,AL,1983-12-28 04:40:00,1983-12-28 04:40:00,False,False
,10050078,Minnesota,91,Martin,,1983-06-13 19:27:00,CST,1983-06-13 19:27:00,0,0,0,0,25K,0,,F0,Unknown,0.3,50,,,,,43.65,-94.52,,,,,MN,1983-06-13 20:27:00,1983-06-13 20:27:00,True,True
,10050079,Minnesota,143,Sibley,,1983-06-13 19:30:00,CST,1983-06-13 19:30:00,0,0,0,0,25K,0,,F0,Unknown,1.0,50,,,,,44.53,-94.28,,,,,MN,1983-06-13 20:30:00,1983-06-13 20:30:00,True,True
,10050082,Minnesota,15,Brown,,1983-06-13 19:45:00,CST,1983-06-13 19:45:00,0,0,0,0,25K,0,,F0,Unknown,3.0,33,,,,,44.2,-94.4,44.25,-94.37,,,MN,1983-06-13 20:45:00,1983-06-13 20:45:00,True,True
,10050084,Minnesota,53,Hennepin,,1983-06-13 20:00:00,CST,1983-06-13 20:00:00,0,0,0,0,25K,0,,F0,Unknown,3.0,50,,,,,45.05,-93.65,45.1,-93.63,,,MN,1983-06-13 21:00:00,1983-06-13 21:00:00,True,True
,10050085,Minnesota,13,Blue Earth,,1983-06-13 20:00:00,CST,1983-06-13 20:00:00,0,0,0,0,25K,0,,F0,Unknown,0.1,17,,,,,44.27,-94.32,,,,,MN,1983-06-13 21:00:00,1983-06-13 21:00:00,True,True
,10050086,Minnesota,141,Sherburne,,1983-06-13 20:00:00,CST,1983-06-13 20:00:00,0,0,0,0,25K,0,,F0,Unknown,0.8,300,,,,,45.32,-93.58,,,,,MN,1983-06-13 21:00:00,1983-06-13 21:00:00,True,True
,10050087,Minnesota,85,Mcleod,,1983-06-13 20:00:00,CST,1983-06-13 20:00:00,0,0,0,0,25K,0,,F1,Unknown,1.0,100,,,,,44.73,-94.42,,,,,MN,1983-06-13 20:00:00,1983-06-13 20:00:00,False,False
,10050088,Minnesota,143,Sibley,,1983-06-13 20:02:00,CST,1983-06-13 20:02:00,0,0,0,0,25K,0,,F0,Unknown,0.1,50,,,,,44.62,-94.18,,,,,MN,1983-06-13 21:02:00,1983-06-13 21:02:00,True,True
,10050089,Minnesota,85,Mcleod,,1983-06-13 20:05:00,CST,1983-06-13 20:05:00,0,0,0,0,2.5M,0,,F2,Unknown,1.0,200,,,,,44.9,-94.37,,,,,MN,1983-06-13 20:05:00,1983-06-13 20:05:00,False,False
,10050093,Minnesota,161,Waseca,,1983-06-13 20:31:00,CST,1983-06-13 20:31:00,0,0,0,0,25K,0,,F0,Unknown,0.5,50,,,,,43.97,-93.67,,,,,MN,1983-06-13 21:31:00,1983-06-13 21:31:00,True,True
,10060499,Mississippi,123,Scott,,1983-05-19 03:45:00,CST,1983-05-19 03:45:00,0,0,0,0,250K,0,,F1,Unknown,2.0,77,,,,,32.57,-89.72,32.58,-89.68,,,MS,1983-05-19 04:45:00,1983-05-19 04:45:00,True,True
,10060500,Mississippi,79,Leake,,1983-05-19 03:50:00,CST,1983-05-19 03:50:00,0,0,0,0,250K,0,,F1,Unknown,5.0,77,,,,,32.58,-89.68,32.62,-89.57,,,MS,1983-05-19 04:50:00,1983-05-19 04:50:00,True,True
,10068674,Nebraska,33,Cheyenne,,1983-06-07 12:43:00,CST,1983-06-07 12:43:00,0,0,0,0,.03K,0,,F0,Unknown,0.1,10,,,,,41.1,-103.05,,,,,NE,1983-06-07 13:43:00,1983-06-07 13:43:00,True,True
,10058850,Missouri,29,Camden,,1983-04-27 15:05:00,CST,1983-04-27 15:05:00,0,0,0,0,2.5K,0,,F0,Unknown,1.0,50,,,,,38.15,-92.78,,,,,MO,1983-04-27 16:05:00,1983-04-27 16:05:00,True,True
,10101498,Oregon,15,Curry,,1983-03-22 17:25:00,CST,1983-03-22 17:25:00,0,0,0,0,25K,0,,F0,Unknown,0.1,50,,,,,42.05,-124.28,,,,,OR,1983-03-22 17:25:00,1983-03-22 17:25:00,False,False
,9986592,Colorado,5,Arapahoe,,1983-06-04 15:40:00,CST,1983-06-04 15:40:00,0,0,0,0,.03K,0,,F1,Unknown,1.0,37,,,,,39.62,-104.15,,,,,CO,1983-06-04 16:40:00,1983-06-04 16:40:00,True,True
,9986593,Colorado,39,Elbert,,1983-06-04 15:40:00,CST,1983-06-04 15:40:00,0,0,0,0,250K,0,,F2,Unknown,8.0,200,,,,,39.33,-104.58,39.4,-104.33,,,CO,1983-06-04 16:40:00,1983-06-04 16:40:00,True,True
,9986583,Colorado,75,Logan,,1983-06-02 17:27:00,CST,1983-06-02 17:27:00,0,0,0,0,2.5K,0,,F1,Unknown,0.5,50,,,,,40.77,-103.17,,,,,CO,1983-06-02 18:27:00,1983-06-02 18:27:00,True,True
,10064099,Mississippi,139,Tippah,,1983-05-18 18:00:00,CST,1983-05-18 18:00:00,0,0,0,0,25K,0,,F1,Unknown,0.5,40,,,,,34.67,-89.03,,,,,MS,1983-05-18 19:00:00,1983-05-18 19:00:00,True,True
,10064101,Mississippi,163,Yazoo,,1983-05-18 20:15:00,CST,1983-05-18 20:15:00,0,0,0,0,25K,0,,F1,Unknown,0.5,50,,,,,32.82,-90.23,,,,,MS,1983-05-18 21:15:00,1983-05-18 21:15:00,True,True
,10064102,Mississippi,163,Yazoo,,1983-05-18 21:00:00,CST,1983-05-18 21:00:00,0,0,0,0,25K,0,,F1,Unknown,0.5,50,,,,,32.95,-90.27,,,,,MS,1983-05-18 22:00:00,1983-05-18 22:00:00,True,True
,10064103,Mississippi,163,Yazoo,,1983-05-18 23:15:00,CST,1983-05-18 23:15:00,0,0,0,0,25K,0,,F1,Unknown,0.3,50,,,,,32.83,-90.37,,,,,MS,1983-05-19 00:15:00,1983-05-19 00:15:00,True,True
,10064106,Mississippi,89,Madison,,1983-05-19 03:00:00,CST,1983-05-19 03:00:00,2,0,0,0,2.5M,0,,F2,Unknown,4.0,77,,,,,32.45,-90.12,32.48,-90.07,,,MS,1983-05-19 04:00:00,1983-05-19 04:00:00,True,True
,10064043,Mississippi,41,Greene,,1983-03-20 10:15:00,CST,1983-03-20 10:15:00,0,0,0,0,2.5M,0,,F3,Unknown,1.0,200,,,,,31.15,-88.57,,,,,MS,1983-03-20 10:15:00,1983-03-20 10:15:00,False,False
,10064045,Mississippi,15,Carroll,,1983-04-01 17:20:00,CST,1983-04-01 17:20:00,0,0,0,0,25K,0,,F2,Unknown,1.0,73,,,,,33.58,-90.05,,,,,MS,1983-04-01 17:20:00,1983-04-01 17:20:00,False,False
,9979839,Alabama,97,Mobile,,1983-12-11 03:15:00,CST,1983-12-11 03:15:00,0,0,0,0,25K,0,,F1,Unknown,0.1,30,,,,,31.12,-88.18,,,,,AL,1983-12-11 03:15:00,1983-12-11 03:15:00,False,False
,9979841,Alabama,107,Pickens,,1983-12-11 17:00:00,CST,1983-12-11 17:00:00,0,0,0,0,25K,0,,F0,Unknown,3.0,100,,,,,33.48,-88.15,33.52,-88.1,,,AL,1983-12-11 17:00:00,1983-12-11 17:00:00,False,False
,9979842,Alabama,125,Tuscaloosa,,1983-12-11 18:45:00,CST,1983-12-11 18:45:00,0,0,0,0,25K,0,,F1,Unknown,0.5,127,,,,,33.3,-88.65,,,,,AL,1983-12-11 18:45:00,1983-12-11 18:45:00,False,False
,10039953,Maryland,9,Calvert,,1983-10-13 18:53:00,CST,1983-10-13 18:53:00,0,0,0,0,25K,0,,F2,Unknown,1.0,37,,,,,38.42,-76.55,38.43,-76.53,,,MD,1983-10-13 19:53:00,1983-10-13 19:53:00,True,True
,10040794,Michigan,99,Macomb,,1983-05-02 10:05:00,CST,1983-05-02 10:05:00,0,0,0,0,25M,0,,F3,Unknown,10.0,200,,,,,42.45,-82.95,42.52,-82.75,,,MI,1983-05-02 11:05:00,1983-05-02 11:05:00,True,True
,10040797,Michigan,147,St. Clair,,1983-05-02 10:20:00,CST,1983-05-02 10:20:00,3,0,0,0,25M,0,,F3,Unknown,13.0,200,,,,,42.52,-82.75,42.62,-82.52,,,MI,1983-05-02 11:20:00,1983-05-02 11:20:00,True,True
,10040804,Michigan,69,Iosco,,1983-05-19 18:00:00,CST,1983-05-19 18:00:00,0,0,0,0,25K,0,,F0,Unknown,0.1,7,,,,,44.38,-83.83,,,,,MI,1983-05-19 19:00:00,1983-05-19 19:00:00,True,True
,10065253,Nebraska,19,Buffalo,,1983-06-12 22:00:00,CST,1983-06-12 22:00:00,0,0,0,0,25K,0,,F1,Unknown,0.5,30,,,,,40.88,-98.92,,,,,NE,1983-06-12 23:00:00,1983-06-12 23:00:00,True,True
,10065255,Nebraska,167,Stanton,,1983-06-13 13:00:00,CST,1983-06-13 13:00:00,0,0,0,0,250K,0,,F1,Unknown,3.0,20,,,,,41.83,-97.05,41.87,-97.02,,,NE,1983-06-13 14:00:00,1983-06-13 14:00:00,True,True
,10065256,Nebraska,37,Colfax,,1983-06-13 13:00:00,CST,1983-06-13 13:00:00,0,0,0,0,25K,0,,F1,Unknown,0.2,20,,,,,41.7,-97.15,,,,,NE,1983-06-13 14:00:00,1983-06-13 14:00:00,True,True
,10065258,Nebraska,39,Cuming,,1983-06-13 13:06:00,CST,1983-06-13 13:06:00,0,0,0,0,250K,0,,F1,Unknown,2.0,20,,,,,41.87,-97.02,41.88,-96.97,,,NE,1983-06-13 14:06:00,1983-06-13 14:06:00,True,True
,10075988,New York,111,Ulster,,1983-07-21 15:20:00,CST,1983-07-21 15:20:00,0,0,0,0,25K,0,,F0,Unknown,0.5,300,,,,,41.92,-74.57,,,,,NY,1983-07-21 16:20:00,1983-07-21 16:20:00,True,True
,9980672,Arizona,13,Maricopa,,1983-08-16 18:30:00,CST,1983-08-16 18:30:00,0,0,0,0,250K,0,,F1,Unknown,0.3,30,,,,,33.43,-112.03,,,,,AZ,1983-08-16 18:30:00,1983-08-16 18:30:00,False,False
,9980688,Arizona,15,Mohave,,1983-12-27 21:00:00,CST,1983-12-27 21:00:00,0,0,0,0,250K,0,,F1,Unknown,0.4,50,,,,,36.97,-112.97,,,,,AZ,1983-12-27 21:00:00,1983-12-27 21:00:00,False,False
,10040806,Michigan,99,Macomb,,1983-05-19 18:27:00,CST,1983-05-19 18:27:00,0,0,0,0,25K,0,,F2,Unknown,1.8,37,,,,,42.83,-82.88,,,,,MI,1983-05-19 19:27:00,1983-05-19 19:27:00,True,True
,10068409,Nebraska,25,Cass,,1983-05-01 13:50:00,CST,1983-05-01 13:50:00,0,0,0,0,250K,0,,F1,Unknown,2.0,40,,,,,40.8,-95.88,40.83,-95.83,,,NE,1983-05-01 14:50:00,1983-05-01 14:50:00,True,True
,9986568,Colorado,63,Kit Carson,,1983-05-17 07:15:00,CST,1983-05-17 07:15:00,0,0,0,0,.03K,0,,F1,Unknown,0.5,17,,,,,39.3,-103.42,,,,,CO,1983-05-17 08:15:00,1983-05-17 08:15:00,True,True
,10065286,Nebraska,45,Dawes,,1983-06-19 18:35:00,CST,1983-06-19 18:35:00,0,0,0,0,250K,0,,F2,Unknown,10.0,40,,,,,43.0,-103.33,42.8,-103.28,,,NE,1983-06-19 19:35:00,1983-06-19 19:35:00,True,True
,10065287,Nebraska,45,Dawes,,1983-06-19 18:44:00,CST,1983-06-19 18:44:00,0,0,0,0,.03K,0,,F0,Unknown,0.1,17,,,,,43.63,-102.85,,,,,NE,1983-06-19 19:44:00,1983-06-19 19:44:00,True,True
,10065292,Nebraska,165,Sioux,,1983-06-20 19:00:00,CST,1983-06-20 19:00:00,0,0,0,0,250K,0,,F2,Unknown,0.3,40,,,,,42.2,-103.8,,,,,NE,1983-06-20 20:00:00,1983-06-20 20:00:00,True,True
,9986578,Colorado,61,Kiowa,,1983-06-01 19:54:00,CST,1983-06-01 19:54:00,0,0,0,0,.03K,0,,F1,Unknown,0.5,33,,,,,38.58,-102.62,,,,,CO,1983-06-01 20:54:00,1983-06-01 20:54:00,True,True
,9986579,Colorado,123,Weld,,1983-06-02 14:10:00,CST,1983-06-02 14:10:00,0,0,0,0,2.5K,0,,F1,Unknown,1.0,100,,,,,40.17,-104.97,,,,,CO,1983-06-02 15:10:00,1983-06-02 15:10:00,True,True
,9986580,Colorado,5,Arapahoe,,1983-06-02 14:27:00,CST,1983-06-02 14:27:00,0,0,0,0,2.5K,0,,F1,Unknown,1.0,70,,,,,39.67,-104.43,,,,,CO,1983-06-02 15:27:00,1983-06-02 15:27:00,True,True
,10060754,Mississippi,125,Sharkey,,1983-11-20 17:30:00,CST,1983-11-20 17:30:00,0,0,0,0,250K,0,,F2,Unknown,2.3,100,,,,,32.88,-90.88,,,,,MS,1983-11-20 17:30:00,1983-11-20 17:30:00,False,False
,10060755,Mississippi,121,Rankin,,1983-11-22 18:00:00,CST,1983-11-22 18:00:00,3,0,0,0,25K,0,,F1,Unknown,2.2,73,,,,,32.38,-89.93,,,,,MS,1983-11-22 18:00:00,1983-11-22 18:00:00,False,False
,10064094,Mississippi,143,Tunica,,1983-05-14 21:20:00,CST,1983-05-14 21:20:00,2,0,0,0,2.5M,0,,F2,Unknown,2.0,30,,,,,34.72,-90.38,,,,,MS,1983-05-14 22:20:00,1983-05-14 22:20:00,True,True
,10064096,Mississippi,133,Sunflower,,1983-05-18 03:50:00,CST,1983-05-18 03:50:00,0,0,0,0,25K,0,,F2,Unknown,0.5,50,,,,,33.42,-90.68,,,,,MS,1983-05-18 04:50:00,1983-05-18 04:50:00,True,True
,10064097,Mississippi,115,Pontotoc,,1983-05-18 16:30:00,CST,1983-05-18 16:30:00,3,0,0,0,250K,0,,F2,Unknown,4.0,50,,,,,34.23,-89.03,34.27,-88.97,,,MS,1983-05-18 17:30:00,1983-05-18 17:30:00,True,True
,9980662,Arizona,13,Maricopa,,1983-08-08 18:18:00,CST,1983-08-08 18:18:00,0,0,0,0,25K,0,,F1,Unknown,0.2,20,,,,,33.48,-112.23,,,,,AZ,1983-08-08 18:18:00,1983-08-08 18:18:00,False,False
,10064050,Mississippi,121,Rankin,,1983-04-01 18:15:00,CST,1983-04-01 18:15:00,3,0,0,0,25K,0,,F2,Unknown,0.7,200,,,,,32.22,-90.32,,,,,MS,1983-04-01 18:15:00,1983-04-01 18:15:00,False,False
,10064053,Mississippi,99,Neshoba,,1983-04-01 20:00:00,CST,1983-04-01 20:00:00,0,0,0,0,25K,0,,F1,Unknown,8.0,100,,,,,32.75,-89.18,32.77,-89.03,,,MS,1983-04-01 20:00:00,1983-04-01 20:00:00,False,False
,10064062,Mississippi,37,Franklin,,1983-04-05 11:45:00,CST,1983-04-05 11:45:00,4,0,0,0,2.5M,0,,F2,Unknown,5.0,150,,,,,31.45,-90.85,31.5,-90.78,,,MS,1983-04-05 11:45:00,1983-04-05 11:45:00,False,False
,9986558,Colorado,39,Elbert,,1983-04-30 15:45:00,CST,1983-04-30 15:45:00,0,0,0,0,.03K,0,,F1,Unknown,1.0,50,,,,,39.5,-104.75,,,,,CO,1983-04-30 16:45:00,1983-04-30 16:45:00,True,True
,9986559,Colorado,73,Lincoln,,1983-04-30 16:40:00,CST,1983-04-30 16:40:00,0,0,0,0,.03K,0,,F1,Unknown,2.5,50,,,,,39.28,-104.33,,,,,CO,1983-04-30 17:40:00,1983-04-30 17:40:00,True,True
,10065280,Nebraska,7,Banner,,1983-06-18 19:10:00,CST,1983-06-18 19:10:00,0,0,0,0,25K,0,,F1,Unknown,0.5,30,,,,,41.45,-103.5,,,,,NE,1983-06-18 20:10:00,1983-06-18 20:10:00,True,True
,10120610,Tennessee,7,Bledsoe,,1983-08-22 21:25:00,CST,1983-08-22 21:25:00,0,0,0,0,.03K,0,,F0,Unknown,0.3,10,,,,,35.47,-85.32,,,,,TN,1983-08-22 22:25:00,1983-08-22 22:25:00,True,True
,10120628,Tennessee,157,Shelby,,1983-11-23 06:50:00,CST,1983-11-23 06:50:00,0,0,0,0,250K,0,,F1,Unknown,2.0,80,,,,,35.05,-90.0,,,,,TN,1983-11-23 06:50:00,1983-11-23 06:50:00,False,False
,10120630,Tennessee,85,Humphreys,,1983-11-23 09:30:00,CST,1983-11-23 09:30:00,0,0,0,0,25K,0,,F1,Unknown,1.0,73,,,,,35.98,-87.77,,,,,TN,1983-11-23 09:30:00,1983-11-23 09:30:00,False,False
,10082993,North Dakota,43,Kidder,,1983-06-02 20:30:00,CST,1983-06-02 20:30:00,0,0,0,0,.03K,0,,F0,Unknown,0.3,10,,,,,47.1,-99.52,,,,,ND,1983-06-02 21:30:00,1983-06-02 21:30:00,True,True
,10085022,North Dakota,37,Grant,,1983-07-17 20:58:00,CST,1983-07-17 20:58:00,0,0,0,0,.03K,0,,F0,Unknown,0.3,10,,,,,46.45,-101.4,,,,,ND,1983-07-17 21:58:00,1983-07-17 21:58:00,True,True
,10047901,Minnesota,135,Roseau,,1983-07-13 18:30:00,CST,1983-07-13 18:30:00,0,0,0,0,.25K,0,,F2,Unknown,4.0,867,,,,,48.88,-95.25,48.83,-95.22,,,MN,1983-07-13 19:30:00,1983-07-13 19:30:00,True,True
,10117015,Pennsylvania,117,Tioga,,1983-05-02 17:39:00,CST,1983-05-02 17:39:00,0,0,0,0,2.5M,0,,F2,Unknown,9.8,30,,,,,41.93,-77.45,41.97,-77.25,,,PA,1983-05-02 18:39:00,1983-05-02 18:39:00,True,True
,10117018,Pennsylvania,3,Allegheny,,1983-05-22 12:15:00,CST,1983-05-22 12:15:00,0,0,0,0,2.5M,0,,F2,Unknown,5.0,200,,,,,40.28,-79.88,40.3,-79.78,,,PA,1983-05-22 13:15:00,1983-05-22 13:15:00,True,True
,10117019,Pennsylvania,129,Westmoreland,,1983-05-22 12:20:00,CST,1983-05-22 12:20:00,6,0,0,0,2.5M,0,,F2,Unknown,14.0,200,,,,,40.3,-79.78,40.33,-79.5,,,PA,1983-05-22 13:20:00,1983-05-22 13:20:00,True,True
,10117021,Pennsylvania,129,Westmoreland,,1983-05-22 12:34:00,CST,1983-05-22 12:34:00,4,0,0,0,2.5M,0,,F2,Unknown,13.0,200,,,,,40.33,-79.5,40.45,-79.28,,,PA,1983-05-22 13:34:00,1983-05-22 13:34:00,True,True
,10091196,North Carolina,91,Hertford,,1983-05-16 14:00:00,CST,1983-05-16 14:00:00,1,0,0,0,250K,0,,F2,Unknown,2.0,100,,,,,36.33,-76.97,,,,,NC,1983-05-16 15:00:00,1983-05-16 15:00:00,True,True
,10117024,Pennsylvania,97,Northumberland,,1983-05-23 11:20:00,CST,1983-05-23 11:20:00,0,0,0,0,250K,0,,F1,Unknown,1.0,30,,,,,41.1,-76.77,41.1,-76.75,,,PA,1983-05-23 12:20:00,1983-05-23 12:20:00,True,True
,10117025,Pennsylvania,93,Montour,,1983-05-23 11:30:00,CST,1983-05-23 11:30:00,0,0,0,0,250K,0,,F1,Unknown,1.0,30,,,,,41.1,-76.75,41.12,-76.73,,,PA,1983-05-23 12:30:00,1983-05-23 12:30:00,True,True
,10041134,Michigan,15,Barry,,1983-08-21 15:15:00,CST,1983-08-21 15:15:00,0,0,0,0,.25K,0,,F0,Unknown,0.6,13,,,,,43.62,-85.53,,,,,MI,1983-08-21 16:15:00,1983-08-21 16:15:00,True,True
,10047874,Minnesota,27,Clay,,1983-07-02 19:56:00,CST,1983-07-02 19:56:00,0,0,0,0,.03K,0,,F0,Unknown,0.2,10,,,,,46.8,-96.63,,,,,MN,1983-07-02 20:56:00,1983-07-02 20:56:00,True,True
,10117001,Pennsylvania,17,Bucks,,1983-03-21 13:30:00,CST,1983-03-21 13:30:00,0,0,0,0,25K,0,,F1,Unknown,8.0,50,,,,,40.22,-75.08,40.3,-74.98,,,PA,1983-03-21 13:30:00,1983-03-21 13:30:00,False,False
,10117003,Pennsylvania,49,Erie,,1983-05-02 14:45:00,CST,1983-05-02 14:45:00,0,0,0,0,250K,0,,F2,Unknown,1.0,33,,,,,42.07,-80.03,,,,,PA,1983-05-02 15:45:00,1983-05-02 15:45:00,True,True
,10062962,Mississippi,59,Jackson,,1983-02-01 05:00:00,CST,1983-02-01 05:00:00,3,0,0,0,250K,0,,F1,Unknown,0.3,77,,,,,30.63,-88.43,,,,,MS,1983-02-01 05:00:00,1983-02-01 05:00:00,False,False
,10108025,Oklahoma,63,Hughes,,1983-04-28 18:20:00,CST,1983-04-28 18:20:00,0,0,0,0,.03K,0,,F0,Unknown,0.2,50,,,,,35.0,-96.22,,,,,OK,1983-04-28 19:20:00,1983-04-28 19:20:00,True,True
,10108026,Oklahoma,91,Mcintosh,,1983-04-28 18:35:00,CST,1983-04-28 18:35:00,0,0,0,0,.03K,0,,F0,Unknown,0.1,50,,,,,35.2,-95.92,,,,,OK,1983-04-28 18:35:00,1983-04-28 18:35:00,False,False
,10105860,Oklahoma,79,Le Flore,,1983-11-22 16:40:00,CST,1983-11-22 16:40:00,6,0,0,0,2.5M,0,,F3,Unknown,16.0,100,,,,,35.88,-94.8,36.05,-94.62,,,OK,1983-11-22 16:40:00,1983-11-22 16:40:00,False,False
,10046247,Louisiana,3,Allen,,1983-06-16 17:30:00,CST,1983-06-16 17:30:00,0,0,0,0,.03K,0,,F0,Unknown,0.5,50,,,,,30.45,-92.77,,,,,LA,1983-06-16 18:30:00,1983-06-16 18:30:00,True,True
,10047888,Minnesota,3,Anoka,,1983-07-03 12:05:00,CST,1983-07-03 12:05:00,4,0,0,0,25K,0,,F4,Unknown,1.0,67,,,,,45.22,-93.32,,,,,MN,1983-07-03 13:05:00,1983-07-03 13:05:00,True,True
,10117004,Pennsylvania,39,Crawford,,1983-05-02 15:00:00,CST,1983-05-02 15:00:00,0,0,0,0,25K,0,,F0,Unknown,1.0,33,,,,,41.63,-79.68,,,,,PA,1983-05-02 16:00:00,1983-05-02 16:00:00,True,True
,10118120,Pennsylvania,73,Lawrence,,1983-07-19 14:30:00,CST,1983-07-19 14:30:00,0,0,0,0,25K,0,,F1,Unknown,0.2,10,,,,,40.88,-80.48,,,,,PA,1983-07-19 15:30:00,1983-07-19 15:30:00,True,True
,10118122,Pennsylvania,7,Beaver,,1983-07-19 16:00:00,CST,1983-07-19 16:00:00,0,0,0,0,25K,0,,F1,Unknown,0.2,10,,,,,40.8,-80.42,,,,,PA,1983-07-19 17:00:00,1983-07-19 17:00:00,True,True
,10086415,North Dakota,83,Sheridan,,1983-08-25 19:07:00,CST,1983-08-25 19:07:00,0,0,0,0,250K,0,,F1,Unknown,2.0,40,,,,,47.58,-101.52,,,,,ND,1983-08-25 20:07:00,1983-08-25 20:07:00,True,True
,10101499,Oregon,61,Union,,1983-06-21 16:15:00,CST,1983-06-21 16:15:00,0,0,0,0,2.5K,0,,F0,Unknown,0.1,17,,,,,45.37,-118.05,,,,,OR,1983-06-21 17:15:00,1983-06-21 17:15:00,True,True
,10101500,Oregon,17,Deschutes,,1983-06-22 13:25:00,CST,1983-06-22 13:25:00,0,0,0,0,2.5K,0,,F0,Unknown,0.1,17,,,,,44.1,-121.33,,,,,OR,1983-06-22 14:25:00,1983-06-22 14:25:00,True,True
,10084121,North Dakota,101,Ward,,1983-07-02 00:45:00,CST,1983-07-02 00:45:00,0,0,0,0,.03K,0,,F0,Unknown,0.3,10,,,,,48.4,-101.42,,,,,ND,1983-07-02 01:45:00,1983-07-02 01:45:00,True,True
,10084123,North Dakota,29,Emmons,,1983-07-02 15:20:00,CST,1983-07-02 15:20:00,0,0,0,0,.03K,0,,F0,Unknown,0.5,10,,,,,46.43,-100.27,,,,,ND,1983-07-02 16:20:00,1983-07-02 16:20:00,True,True
,10044054,Louisiana,95,St. John The Baptist,,1983-12-06 01:05:00,CST,1983-12-06 01:05:00,25,0,0,0,25M,0,,F4,Unknown,7.0,200,,,,,30.07,-90.52,30.08,-90.42,,,LA,1983-12-06 01:05:00,1983-12-06 01:05:00,False,False
,10107967,Oklahoma,51,Grady,,1983-03-03 13:00:00,CST,1983-03-03 13:00:00,0,0,0,0,25K,0,,F1,Unknown,0.1,20,,,,,35.23,-97.68,,,,,OK,1983-03-03 13:00:00,1983-03-03 13:00:00,False,False
,10107969,Oklahoma,57,Harmon,,1983-03-03 17:23:00,CST,1983-03-03 17:23:00,0,0,0,0,.03K,0,,F0,Unknown,5.0,10,,,,,34.68,-99.95,34.75,-99.98,,,OK,1983-03-03 17:23:00,1983-03-03 17:23:00,False,False
,10107975,Oklahoma,35,Craig,,1983-03-26 13:30:00,CST,1983-03-26 13:30:00,1,0,0,0,25K,0,,F2,Unknown,1.0,50,,,,,36.8,-95.15,,,,,OK,1983-03-26 13:30:00,1983-03-26 13:30:00,False,False
,10107976,Oklahoma,35,Craig,,1983-03-26 14:00:00,CST,1983-03-26 14:00:00,0,0,0,0,25K,0,,F1,Unknown,0.3,30,,,,,36.93,-95.35,,,,,OK,1983-03-26 14:00:00,1983-03-26 14:00:00,False,False
,10108091,Oklahoma,49,Garvin,,1983-06-28 18:05:00,CST,1983-06-28 18:05:00,0,0,0,0,.03K,0,,F0,Unknown,0.1,10,,,,,34.82,-97.45,,,,,OK,1983-06-28 19:05:00,1983-06-28 19:05:00,True,True
,10109197,Oklahoma,91,Mcintosh,,1983-07-30 18:30:00,CST,1983-07-30 18:30:00,0,0,0,0,25K,0,,F2,Unknown,0.1,10,,,,,35.33,-95.45,,,,,OK,1983-07-30 18:30:00,1983-07-30 18:30:00,False,False
,10107175,Oklahoma,149,Washita,,1983-06-13 18:00:00,CST,1983-06-13 18:00:00,0,0,0,0,.03K,0,,F0,Unknown,0.1,10,,,,,35.15,-99.1,,,,,OK,1983-06-13 19:00:00,1983-06-13 19:00:00,True,True
,10107176,Oklahoma,141,Tillman,,1983-06-13 18:15:00,CST,1983-06-13 18:15:00,0,0,0,0,.25K,0,,F0,Unknown,12.0,40,,,,,34.5,-99.13,34.37,-98.97,,,OK,1983-06-13 19:15:00,1983-06-13 19:15:00,True,True
,10107177,Oklahoma,15,Caddo,,1983-06-13 18:30:00,CST,1983-06-13 18:30:00,0,0,0,0,2.5K,0,,F0,Unknown,0.1,10,,,,,35.28,-98.33,,,,,OK,1983-06-13 19:30:00,1983-06-13 19:30:00,True,True
,10107180,Oklahoma,15,Caddo,,1983-06-13 18:45:00,CST,1983-06-13 18:45:00,0,0,0,0,.03K,0,,F0,Unknown,0.1,10,,,,,35.52,-98.58,,,,,OK,1983-06-13 19:45:00,1983-06-13 19:45:00,True,True
,10044065,Louisiana,55,Lafayette,,1983-12-10 19:55:00,CST,1983-12-10 19:55:00,3,0,0,0,250K,0,,F1,Unknown,0.5,100,,,,,30.1,-92.0,,,,,LA,1983-12-10 19:55:00,1983-12-10 19:55:00,False,False
,10044074,Louisiana,91,St. Helena,,1983-12-11 00:30:00,CST,1983-12-11 00:30:00,4,0,0,0,250K,0,,F1,Unknown,0.5,200,,,,,30.7,-90.68,,,,,LA,1983-12-11 00:30:00,1983-12-11 00:30:00,False,False
,10044075,Louisiana,105,Tangipahoa,,1983-12-11 01:05:00,CST,1983-12-11 01:05:00,0,0,0,0,250K,0,,F1,Unknown,2.0,150,,,,,30.68,-90.5,,,,,LA,1983-12-11 01:05:00,1983-12-11 01:05:00,False,False
,10084119,North Dakota,55,Mclean,,1983-07-01 17:30:00,CST,1983-07-01 17:30:00,0,0,0,0,.03K,0,,F1,Unknown,2.0,150,,,,,47.55,-101.33,,,,,ND,1983-07-01 17:30:00,1983-07-01 17:30:00,False,False
,10118132,Pennsylvania,5,Armstrong,,1983-07-20 13:15:00,CST,1983-07-20 13:15:00,0,0,0,0,250K,0,,F1,Unknown,0.2,10,,,,,40.8,-79.3,,,,,PA,1983-07-20 14:15:00,1983-07-20 14:15:00,True,True
,10118136,Pennsylvania,49,Erie,,1983-07-21 14:08:00,CST,1983-07-21 14:08:00,0,0,0,0,250K,0,,F1,Unknown,0.2,10,,,,,42.0,-80.42,,,,,PA,1983-07-21 15:08:00,1983-07-21 15:08:00,True,True
,10120368,Tennessee,7,Bledsoe,,1983-06-04 00:00:00,CST,1983-06-04 00:00:00,0,0,0,0,250K,0,,F1,Unknown,4.0,73,,,,,35.7,-85.27,35.72,-85.38,,,TN,1983-06-04 01:00:00,1983-06-04 01:00:00,True,True
,10120369,Tennessee,143,Rhea,,1983-06-04 01:15:00,CST,1983-06-04 01:15:00,0,0,0,0,250K,0,,F1,Unknown,20.0,50,,,,,35.55,-85.05,35.77,-84.78,,,TN,1983-06-04 02:15:00,1983-06-04 02:15:00,True,True
,10057386,Missouri,77,Greene,,1983-04-29 20:23:00,CST,1983-04-29 20:23:00,19,0,1,0,25M,0,,F3,Unknown,5.5,100,,,,,37.2,-93.45,37.25,-93.37,,,MO,1983-04-29 21:23:00,1983-04-29 21:23:00,True,True
,10057387,Missouri,145,Newton,,1983-04-29 21:20:00,CST,1983-04-29 21:20:00,0,0,0,0,.25K,0,,F0,Unknown,1.0,50,,,,,36.8,-94.52,,,,,MO,1983-04-29 22:20:00,1983-04-29 22:20:00,True,True
,10057401,Missouri,77,Greene,,1983-04-30 19:00:00,CST,1983-04-30 19:00:00,0,0,0,0,.03K,0,,F1,Unknown,2.5,50,,,,,37.17,-93.38,,,,,MO,1983-04-30 20:00:00,1983-04-30 20:00:00,True,True
,10099095,Ohio,35,Cuyahoga,,1983-05-02 14:55:00,CST,1983-05-02 14:55:00,25,0,1,0,25M,0,,F3,Unknown,12.0,100,,,,,41.33,-81.65,41.37,-81.43,,,OH,1983-05-02 15:55:00,1983-05-02 15:55:00,True,True
,10099100,Ohio,141,Ross,,1983-05-02 15:45:00,CST,1983-05-02 15:45:00,3,0,0,0,250K,0,,F1,Unknown,6.0,83,,,,,39.32,-83.25,39.33,-83.15,,,OH,1983-05-02 16:45:00,1983-05-02 16:45:00,True,True
,10086390,North Dakota,7,Billings,,1983-08-24 18:15:00,CST,1983-08-24 18:15:00,0,0,0,0,25K,0,,F1,Unknown,9.0,40,,,,,47.1,-103.22,47.18,-103.1,,,ND,1983-08-24 19:15:00,1983-08-24 19:15:00,True,True
,10086396,North Dakota,37,Grant,,1983-08-24 19:45:00,CST,1983-08-24 19:45:00,0,0,0,0,25K,0,,F1,Unknown,8.0,30,,,,,46.43,-101.52,46.47,-101.38,,,ND,1983-08-24 20:45:00,1983-08-24 20:45:00,True,True
,10086397,North Dakota,43,Kidder,,1983-08-24 19:50:00,CST,1983-08-24 19:50:00,0,0,0,0,.03K,0,,F0,Unknown,0.3,10,,,,,47.32,-99.77,,,,,ND,1983-08-24 20:50:00,1983-08-24 20:50:00,True,True
,10124666,South Dakota,137,Ziebach,,1983-06-21 20:51:00,CST,1983-06-21 20:51:00,0,0,0,0,250K,0,,F3,Unknown,6.0,300,,,,,45.4,-101.72,45.43,-101.57,,,SD,1983-06-21 21:51:00,1983-06-21 21:51:00,True,True
,10124668,South Dakota,137,Ziebach,,1983-06-21 22:05:00,CST,1983-06-21 22:05:00,0,0,0,0,.03K,0,,F0,Unknown,0.2,13,,,,,43.38,-101.67,,,,,SD,1983-06-21 23:05:00,1983-06-21 23:05:00,True,True
,10124671,South Dakota,31,Corson,,1983-06-21 23:40:00,CST,1983-06-21 23:40:00,0,0,0,0,.03K,0,,F0,Unknown,0.1,10,,,,,45.83,-101.25,,,,,SD,1983-06-22 00:40:00,1983-06-22 00:40:00,True,True
,10124672,South Dakota,21,Campbell,,1983-06-22 00:30:00,CST,1983-06-22 00:30:00,0,0,0,0,25K,0,,F2,Unknown,0.2,13,,,,,45.92,-100.3,,,,,SD,1983-06-22 01:30:00,1983-06-22 01:30:00,True,True
,10124673,South Dakota,23,Charles Mix,,1983-06-26 12:15:00,CST,1983-06-26 12:15:00,0,0,0,0,2.5K,0,,F1,Unknown,1.0,300,,,,,43.42,-98.75,,,,,SD,1983-06-26 13:15:00,1983-06-26 13:15:00,True,True
,10099103,Ohio,47,Fayette,,1983-05-02 16:27:00,CST,1983-05-02 16:27:00,0,0,0,0,250K,0,,F1,Unknown,10.0,83,,,,,39.57,-83.45,39.62,-83.25,,,OH,1983-05-02 17:27:00,1983-05-02 17:27:00,True,True
,10099104,Ohio,129,Pickaway,,1983-05-02 16:50:00,CST,1983-05-02 16:50:00,0,0,0,0,250K,0,,F1,Unknown,1.0,83,,,,,39.62,-83.25,39.63,-83.23,,,OH,1983-05-02 17:50:00,1983-05-02 17:50:00,True,True
,10105455,Oklahoma,73,Kingfisher,,1983-05-13 19:00:00,CST,1983-05-13 19:00:00,0,0,0,0,25K,0,,F1,Unknown,2.0,100,,,,,35.87,-98.17,,,,,OK,1983-05-13 20:00:00,1983-05-13 20:00:00,True,True
,10105457,Oklahoma,73,Kingfisher,,1983-05-13 19:05:00,CST,1983-05-13 19:05:00,0,0,0,0,250K,0,,F3,Unknown,8.8,250,,,,,35.85,-97.95,35.92,-97.82,,,OK,1983-05-13 20:05:00,1983-05-13 20:05:00,True,True
,10105458,Oklahoma,73,Kingfisher,,1983-05-13 19:06:00,CST,1983-05-13 19:06:00,0,0,0,0,25K,0,,F1,Unknown,0.3,17,,,,,35.85,-97.95,,,,,OK,1983-05-13 20:06:00,1983-05-13 20:06:00,True,True
,10105459,Oklahoma,75,Kiowa,,1983-05-13 19:20:00,CST,1983-05-13 19:20:00,0,0,0,0,.03K,0,,F0,Unknown,0.1,50,,,,,34.98,-99.25,,,,,OK,1983-05-13 20:20:00,1983-05-13 20:20:00,True,True
,10113024,South Carolina,41,Florence,,1983-06-05 15:00:00,CST,1983-06-05 15:00:00,0,0,0,0,2.5K,0,,F1,Unknown,0.1,17,,,,,34.22,-79.55,,,,,SC,1983-06-05 16:00:00,1983-06-05 16:00:00,True,True
,10113030,South Carolina,89,Williamsburg,,1983-06-07 18:00:00,CST,1983-06-07 18:00:00,0,0,0,0,25K,0,,F1,Unknown,2.0,33,,,,,33.65,-79.82,,,,,SC,1983-06-07 19:00:00,1983-06-07 19:00:00,True,True
,10113033,South Carolina,75,Orangeburg,,1983-07-03 17:30:00,CST,1983-07-03 17:30:00,0,0,0,0,25K,0,,F1,Unknown,0.5,30,,,,,33.5,-80.85,,,,,SC,1983-07-03 18:30:00,1983-07-03 18:30:00,True,True
,9986301,Colorado,121,Washington,,1983-06-12 16:40:00,CST,1983-06-12 16:40:00,0,0,0,0,.03K,0,,F1,Unknown,0.5,37,,,,,39.9,-103.6,,,,,CO,1983-06-12 17:40:00,1983-06-12 17:40:00,True,True
,9986304,Colorado,125,Yuma,,1983-06-12 16:50:00,CST,1983-06-12 16:50:00,0,0,0,0,.03K,0,,F1,Unknown,1.0,50,,,,,40.22,-102.2,,,,,CO,1983-06-12 17:50:00,1983-06-12 17:50:00,True,True
,9986305,Colorado,125,Yuma,,1983-06-12 17:00:00,CST,1983-06-12 17:00:00,0,0,0,0,.25K,0,,F1,Unknown,1.0,67,,,,,40.1,-102.58,,,,,CO,1983-06-12 18:00:00,1983-06-12 18:00:00,True,True
,9979784,Alabama,91,Marengo,,1983-11-27 13:00:00,CST,1983-11-27 13:00:00,0,0,0,0,25K,0,,F1,Unknown,0.1,100,,,,,32.27,-87.68,,,,,AL,1983-11-27 13:00:00,1983-11-27 13:00:00,False,False
,9979785,Alabama,125,Tuscaloosa,,1983-12-03 16:05:00,CST,1983-12-03 16:05:00,0,0,0,0,2.5K,0,,F1,Unknown,0.1,30,,,,,33.33,-87.55,,,,,AL,1983-12-03 16:05:00,1983-12-03 16:05:00,False,False
,9979786,Alabama,119,Sumter,,1983-12-03 16:20:00,CST,1983-12-03 16:20:00,0,0,0,0,250K,0,,F1,Unknown,0.2,50,,,,,32.47,-88.3,,,,,AL,1983-12-03 16:20:00,1983-12-03 16:20:00,False,False
,9979788,Alabama,65,Hale,,1983-12-03 16:50:00,CST,1983-12-03 16:50:00,0,0,0,0,25K,0,,F1,Unknown,4.0,60,,,,,32.83,-87.5,32.9,-87.43,,,AL,1983-12-03 16:50:00,1983-12-03 16:50:00,False,False
,9979789,Alabama,7,Bibb,,1983-12-03 17:02:00,CST,1983-12-03 17:02:00,0,0,0,0,25K,0,,F1,Unknown,10.0,60,,,,,32.9,-87.43,32.98,-87.25,,,AL,1983-12-03 17:02:00,1983-12-03 17:02:00,False,False
,9979791,Alabama,7,Bibb,,1983-12-03 17:10:00,CST,1983-12-03 17:10:00,0,0,0,0,25K,0,,F1,Unknown,13.0,60,,,,,33.0,-87.22,33.17,-87.05,,,AL,1983-12-03 17:10:00,1983-12-03 17:10:00,False,False
,9979802,Alabama,117,Shelby,,1983-12-03 17:40:00,CST,1983-12-03 17:40:00,0,0,0,0,25K,0,,F1,Unknown,2.0,60,,,,,33.17,-87.05,33.22,-86.97,,,AL,1983-12-03 17:40:00,1983-12-03 17:40:00,False,False
,9979803,Alabama,25,Clarke,,1983-12-03 17:40:00,CST,1983-12-03 17:40:00,0,0,0,0,250K,0,,F1,Unknown,5.0,50,,,,,31.65,-87.83,31.67,-87.72,,,AL,1983-12-03 17:40:00,1983-12-03 17:40:00,False,False
,9979805,Alabama,21,Chilton,,1983-12-03 17:45:00,CST,1983-12-03 17:45:00,0,0,0,0,25K,0,,F1,Unknown,0.2,30,,,,,32.85,-86.63,,,,,AL,1983-12-03 17:45:00,1983-12-03 17:45:00,False,False
,10040890,Michigan,157,Tuscola,,1983-07-29 18:30:00,CST,1983-07-29 18:30:00,0,0,0,0,25K,0,,F1,Unknown,0.2,17,,,,,43.25,-83.5,,,,,MI,1983-07-29 19:30:00,1983-07-29 19:30:00,True,True
,10042995,Louisiana,97,St. Landry,,1983-12-03 18:45:00,CST,1983-12-03 18:45:00,0,0,0,0,2.5M,0,,F1,Unknown,1.5,33,,,,,30.55,-91.95,,,,,LA,1983-12-03 18:45:00,1983-12-03 18:45:00,False,False
,10042997,Louisiana,29,Concordia,,1983-12-05 18:00:00,CST,1983-12-05 18:00:00,0,0,0,0,250K,0,,F1,Unknown,2.0,33,,,,,32.57,-91.5,,,,,LA,1983-12-05 18:00:00,1983-12-05 18:00:00,False,False
,10042869,Louisiana,121,West Baton Rouge,,1983-01-31 23:30:00,CST,1983-01-31 23:30:00,0,0,0,0,25K,0,,F2,Unknown,0.5,33,,,,,30.38,-91.23,,,,,LA,1983-01-31 23:30:00,1983-01-31 23:30:00,False,False
,10049308,Minnesota,113,Pennington,,1983-08-25 22:00:00,CST,1983-08-25 22:00:00,0,0,0,0,.25K,0,,F2,Unknown,1.3,100,,,,,48.0,-96.23,,,,,MN,1983-08-25 23:00:00,1983-08-25 23:00:00,True,True
,9987766,Colorado,123,Weld,,1983-08-12 16:15:00,CST,1983-08-12 16:15:00,0,0,0,0,.03K,0,,F1,Unknown,0.2,17,,,,,40.08,-104.32,,,,,CO,1983-08-12 17:15:00,1983-08-12 17:15:00,True,True
,9987767,Colorado,123,Weld,,1983-08-12 16:20:00,CST,1983-08-12 16:20:00,0,0,0,0,.03K,0,,F1,Unknown,0.2,17,,,,,40.08,-104.32,,,,,CO,1983-08-12 17:20:00,1983-08-12 17:20:00,True,True
,9987768,Colorado,123,Weld,,1983-08-12 16:25:00,CST,1983-08-12 16:25:00,0,0,0,0,.03K,0,,F1,Unknown,0.2,17,,,,,40.08,-104.32,,,,,CO,1983-08-12 17:25:00,1983-08-12 17:25:00,True,True
,10039991,Michigan,113,Missaukee,,1983-07-21 09:22:00,CST,1983-07-21 09:22:00,0,0,0,0,.25K,0,,F1,Unknown,9.2,30,,,,,44.28,-85.22,44.22,-85.05,,,MI,1983-07-21 10:22:00,1983-07-21 10:22:00,True,True
,10042880,Louisiana,121,West Baton Rouge,,1983-02-05 20:30:00,CST,1983-02-05 20:30:00,0,0,0,0,25K,0,,F0,Unknown,1.0,50,,,,,30.38,-91.23,,,,,LA,1983-02-05 20:30:00,1983-02-05 20:30:00,False,False
,10042881,Louisiana,1,Acadia,,1983-02-09 17:30:00,CST,1983-02-09 17:30:00,0,0,0,0,250K,0,,F3,Unknown,3.0,150,,,,,30.43,-92.33,30.48,-92.3,,,LA,1983-02-09 17:30:00,1983-02-09 17:30:00,False,False
,10042882,Louisiana,1,Acadia,,1983-02-09 17:45:00,CST,1983-02-09 17:45:00,0,0,0,0,2.5M,0,,F3,Unknown,1.0,150,,,,,30.4,-92.18,30.42,-92.17,,,LA,1983-02-09 17:45:00,1983-02-09 17:45:00,False,False
,10042883,Louisiana,97,St. Landry,,1983-02-09 17:47:00,CST,1983-02-09 17:47:00,7,0,0,0,2.5M,0,,F3,Unknown,13.0,150,,,,,30.42,-92.17,30.57,-92.0,,,LA,1983-02-09 17:47:00,1983-02-09 17:47:00,False,False
,10042884,Louisiana,97,St. Landry,,1983-02-09 18:05:00,CST,1983-02-09 18:05:00,0,0,0,0,2.5M,0,,F3,Unknown,7.0,150,,,,,30.57,-92.0,30.57,-91.87,,,LA,1983-02-09 18:05:00,1983-02-09 18:05:00,False,False
,10045120,Louisiana,107,Tensas,,1983-05-18 17:42:00,CST,1983-05-18 17:42:00,0,0,0,0,250K,0,,F3,Unknown,9.0,100,,,,,32.05,-91.27,32.2,-91.25,,,LA,1983-05-18 18:42:00,1983-05-18 18:42:00,True,True
,10045121,Louisiana,65,Madison,,1983-05-18 18:00:00,CST,1983-05-18 18:00:00,0,0,0,0,250K,0,,F2,Unknown,0.1,50,,,,,32.35,-91.03,,,,,LA,1983-05-18 19:00:00,1983-05-18 19:00:00,True,True
,10045122,Louisiana,107,Tensas,,1983-05-18 18:26:00,CST,1983-05-18 18:26:00,0,0,0,0,250K,0,,F2,Unknown,0.1,50,,,,,31.92,-91.25,,,,,LA,1983-05-18 19:26:00,1983-05-18 19:26:00,True,True
,9977538,Alabama,55,Etowah,,1983-06-16 15:10:00,CST,1983-06-16 15:10:00,1,0,0,0,250K,0,,F1,Unknown,4.0,33,,,,,33.88,-86.05,33.93,-86.02,,,AL,1983-06-16 16:10:00,1983-06-16 16:10:00,True,True
,10074837,New York,65,Oneida,,1983-05-02 20:30:00,CST,1983-05-02 20:30:00,0,0,0,0,25M,0,,F3,Unknown,3.0,450,,,,,43.48,-75.37,43.48,-75.3,,,NY,1983-05-02 21:30:00,1983-05-02 21:30:00,True,True
,9985168,Delaware,1,Kent,,1983-07-21 18:50:00,CST,1983-07-21 18:50:00,9,0,2,0,250K,0,,F2,Unknown,1.0,20,,,,,39.17,-75.72,,,,,DE,1983-07-21 19:50:00,1983-07-21 19:50:00,True,True
,9986316,Colorado,35,Douglas,,1983-06-13 10:02:00,CST,1983-06-13 10:02:00,0,0,0,0,.03K,0,,F0,Unknown,0.1,17,,,,,39.55,-104.78,,,,,CO,1983-06-13 11:02:00,1983-06-13 11:02:00,True,True
,10045141,Louisiana,127,Winn,,1983-05-19 22:35:00,CST,1983-05-19 22:35:00,10,0,0,0,25M,0,,F3,Unknown,23.0,500,,,,,31.87,-92.92,31.88,-92.47,,,LA,1983-05-19 23:35:00,1983-05-19 23:35:00,True,True
,10045143,Louisiana,91,St. Helena,,1983-05-19 23:05:00,CST,1983-05-19 23:05:00,30,0,1,0,25M,0,,F3,Unknown,5.0,500,,,,,31.87,-92.3,31.93,-92.25,,,LA,1983-05-20 00:05:00,1983-05-20 00:05:00,True,True
,10057064,Missouri,131,Miller,,1983-05-01 13:20:00,CST,1983-05-01 13:20:00,0,0,0,0,250K,0,,F1,Unknown,2.0,77,,,,,38.38,-92.45,38.4,-92.42,,,MO,1983-05-01 14:20:00,1983-05-01 14:20:00,True,True
,10057065,Missouri,51,Cole,,1983-05-01 13:25:00,CST,1983-05-01 13:25:00,0,0,0,0,250K,0,,F1,Unknown,7.0,77,,,,,38.4,-92.42,38.45,-92.27,,,MO,1983-05-01 14:25:00,1983-05-01 14:25:00,True,True
,10057066,Missouri,51,Cole,,1983-05-01 13:38:00,CST,1983-05-01 13:38:00,0,0,0,0,.03K,0,,F0,Unknown,0.5,50,,,,,38.48,-92.17,,,,,MO,1983-05-01 14:38:00,1983-05-01 14:38:00,True,True
,10057067,Missouri,159,Pettis,,1983-05-01 13:55:00,CST,1983-05-01 13:55:00,0,0,0,0,.03K,0,,F0,Unknown,0.3,50,,,,,38.9,-93.35,,,,,MO,1983-05-01 14:55:00,1983-05-01 14:55:00,True,True
,10057072,Missouri,151,Osage,,1983-05-01 14:30:00,CST,1983-05-01 14:30:00,3,0,0,0,2.5M,0,,F3,Unknown,9.0,400,,,,,38.45,-91.92,38.48,-91.72,,,MO,1983-05-01 15:30:00,1983-05-01 15:30:00,True,True
,10057073,Missouri,73,Gasconade,,1983-05-01 14:35:00,CST,1983-05-01 14:35:00,0,0,0,0,.25K,0,,F1,Unknown,1.0,50,,,,,38.67,-91.52,,,,,MO,1983-05-01 15:35:00,1983-05-01 15:35:00,True,True
,10057075,Missouri,219,Warren,,1983-05-01 15:30:00,CST,1983-05-01 15:30:00,3,0,0,0,2.5M,0,,F2,Unknown,0.5,200,,,,,38.83,-91.02,,,,,MO,1983-05-01 16:30:00,1983-05-01 16:30:00,True,True
,10057078,Missouri,113,Lincoln,,1983-05-01 16:25:00,CST,1983-05-01 16:25:00,0,0,0,0,25K,0,,F1,Unknown,0.3,50,,,,,38.95,-90.92,,,,,MO,1983-05-01 17:25:00,1983-05-01 17:25:00,True,True
,10057079,Missouri,183,St. Charles,,1983-05-01 16:48:00,CST,1983-05-01 16:48:00,0,0,0,0,2.5K,0,,F1,Unknown,0.3,50,,,,,38.82,-90.7,,,,,MO,1983-05-01 17:48:00,1983-05-01 17:48:00,True,True
,10057081,Missouri,183,St. Charles,,1983-05-01 17:15:00,CST,1983-05-01 17:15:00,3,0,0,0,2.5M,0,,F2,Unknown,3.0,50,,,,,38.78,-90.7,38.82,-90.67,,,MO,1983-05-01 18:15:00,1983-05-01 18:15:00,True,True
,10042973,Louisiana,19,Calcasieu,,1983-11-23 05:15:00,CST,1983-11-23 05:15:00,0,0,0,0,250K,0,,F1,Unknown,1.0,100,,,,,30.25,-93.23,,,,,LA,1983-11-23 05:15:00,1983-11-23 05:15:00,False,False
,10047847,Minnesota,137,St. Louis,,1983-06-30 14:15:00,CST,1983-06-30 14:15:00,0,0,0,0,.03K,0,,F0,Unknown,0.2,10,,,,,47.18,-91.82,,,,,MN,1983-06-30 15:15:00,1983-06-30 15:15:00,True,True
,10047853,Minnesota,19,Carver,,1983-06-30 17:36:00,CST,1983-06-30 17:36:00,0,0,0,0,2.5M,0,,F1,Unknown,0.5,40,,,,,44.93,-93.85,,,,,MN,1983-06-30 18:36:00,1983-06-30 18:36:00,True,True
,10042987,Louisiana,113,Vermilion,,1983-11-24 02:00:00,CST,1983-11-24 02:00:00,0,0,0,0,250K,0,,F1,Unknown,0.5,50,,,,,29.97,-92.08,,,,,LA,1983-11-24 02:00:00,1983-11-24 02:00:00,False,False
,10042989,Louisiana,73,Ouachita,,1983-12-02 23:05:00,CST,1983-12-02 23:05:00,10,0,0,0,2.5M,0,,F2,Unknown,2.0,50,,,,,32.5,-92.12,,,,,LA,1983-12-02 23:05:00,1983-12-02 23:05:00,False,False
,10056539,Missouri,153,Ozark,,1983-03-26 17:55:00,CST,1983-03-26 17:55:00,0,0,0,0,.25K,0,,F0,Unknown,0.5,50,,,,,36.53,-92.27,,,,,MO,1983-03-26 17:55:00,1983-03-26 17:55:00,False,False
,10056541,Missouri,91,Howell,,1983-03-26 18:30:00,CST,1983-03-26 18:30:00,0,0,0,0,25K,0,,F1,Unknown,0.3,50,,,,,36.75,-91.82,,,,,MO,1983-03-26 18:30:00,1983-03-26 18:30:00,False,False
,9986320,Colorado,123,Weld,,1983-06-16 16:18:00,CST,1983-06-16 16:18:00,0,0,0,0,.03K,0,,F1,Unknown,0.6,33,,,,,40.5,-104.87,,,,,CO,1983-06-16 17:18:00,1983-06-16 17:18:00,True,True
,9986327,Colorado,3,Alamosa,,1983-06-22 14:40:00,CST,1983-06-22 14:40:00,0,0,0,0,.03K,0,,F1,Unknown,1.5,33,,,,,37.47,-105.98,,,,,CO,1983-06-22 15:40:00,1983-06-22 15:40:00,True,True
,9986333,Colorado,119,Teller,,1983-06-28 20:30:00,CST,1983-06-28 20:30:00,0,0,0,0,.03K,0,,F1,Unknown,3.0,100,,,,,38.95,-105.25,38.93,-105.17,,,CO,1983-06-28 21:30:00,1983-06-28 21:30:00,True,True
,9986336,Colorado,69,Larimer,,1983-07-07 20:27:00,CST,1983-07-07 20:27:00,0,0,0,0,.03K,0,,F1,Unknown,0.2,30,,,,,40.42,-105.08,,,,,CO,1983-07-07 21:27:00,1983-07-07 21:27:00,True,True
,9986339,Colorado,123,Weld,,1983-07-10 15:45:00,CST,1983-07-10 15:45:00,0,0,0,0,25K,0,,F1,Unknown,0.5,50,,,,,40.23,-104.82,,,,,CO,1983-07-10 16:45:00,1983-07-10 16:45:00,True,True
,10060771,Mississippi,67,Jones,,1983-12-03 16:00:00,CST,1983-12-03 16:00:00,0,0,0,0,2.5M,0,,F2,Unknown,1.0,100,,,,,31.7,-89.13,,,,,MS,1983-12-03 16:00:00,1983-12-03 16:00:00,False,False
,9977517,Alabama,25,Clarke,,1983-05-19 09:25:00,CST,1983-05-19 09:25:00,0,0,0,0,25K,0,,F2,Unknown,22.0,100,,,,,31.62,-88.02,31.75,-87.67,,,AL,1983-05-19 10:25:00,1983-05-19 10:25:00,True,True
,9977519,Alabama,49,Dekalb,,1983-05-19 16:15:00,CST,1983-05-19 16:15:00,3,0,0,0,2.5M,0,,F3,Unknown,1.2,473,,,,,34.48,-85.68,,,,,AL,1983-05-19 16:15:00,1983-05-19 16:15:00,False,False
,10044007,Louisiana,65,Madison,,1983-04-01 17:25:00,CST,1983-04-01 17:25:00,0,0,0,0,2.5M,0,,F3,Unknown,3.0,150,,,,,32.43,-91.42,32.48,-91.38,,,LA,1983-04-01 17:25:00,1983-04-01 17:25:00,False,False
,10044008,Louisiana,83,Richland,,1983-04-01 17:35:00,CST,1983-04-01 17:35:00,0,0,0,0,2.5M,0,,F3,Unknown,7.0,300,,,,,32.4,-91.58,32.5,-91.5,,,LA,1983-04-01 17:35:00,1983-04-01 17:35:00,False,False
,10044010,Louisiana,65,Madison,,1983-04-01 17:45:00,CST,1983-04-01 17:45:00,0,0,0,0,2.5M,0,,F3,Unknown,2.0,150,,,,,32.53,-91.22,32.57,-91.2,,,LA,1983-04-01 17:45:00,1983-04-01 17:45:00,False,False
,10044011,Louisiana,35,East Carroll,,1983-04-01 17:48:00,CST,1983-04-01 17:48:00,0,0,0,0,2.5M,0,,F3,Unknown,2.0,150,,,,,32.57,-91.2,32.58,-91.17,,,LA,1983-04-01 17:48:00,1983-04-01 17:48:00,False,False
,10044012,Louisiana,107,Tensas,,1983-04-01 18:00:00,CST,1983-04-01 18:00:00,0,0,0,0,2.5M,0,,F2,Unknown,7.0,150,,,,,31.78,-91.5,31.88,-91.45,,,LA,1983-04-01 18:00:00,1983-04-01 18:00:00,False,False
,10044049,Louisiana,57,Lafourche,,1983-04-22 18:10:00,CST,1983-04-22 18:10:00,0,0,0,0,25K,0,,F1,Unknown,1.0,50,,,,,29.73,-90.58,,,,,LA,1983-04-22 18:10:00,1983-04-22 18:10:00,False,False
,10044050,Louisiana,51,Jefferson,,1983-04-22 19:15:00,CST,1983-04-22 19:15:00,3,0,0,0,250K,0,,F2,Unknown,2.0,100,,,,,29.9,-90.1,,,,,LA,1983-04-22 19:15:00,1983-04-22 19:15:00,False,False
,10044053,Louisiana,79,Rapides,,1983-12-05 22:00:00,CST,1983-12-05 22:00:00,0,0,0,0,.03K,0,,F0,Unknown,0.5,17,,,,,31.3,-92.42,,,,,LA,1983-12-05 22:00:00,1983-12-05 22:00:00,False,False
,9980648,Arizona,15,Mohave,,1983-08-06 19:00:00,CST,1983-08-06 19:00:00,0,0,0,0,25K,0,,F1,Unknown,0.2,20,,,,,35.62,-114.2,,,,,AZ,1983-08-06 19:00:00,1983-08-06 19:00:00,False,False
,9989394,Arkansas,111,Poinsett,,1983-11-23 04:35:00,CST,1983-11-23 04:35:00,1,0,0,0,250K,0,,F1,Unknown,1.0,80,,,,,35.57,-90.72,,,,,AR,1983-11-23 04:35:00,1983-11-23 04:35:00,False,False
,9989395,Arkansas,111,Poinsett,,1983-11-23 04:40:00,CST,1983-11-23 04:40:00,3,0,0,0,250K,0,,F1,Unknown,3.0,100,,,,,35.57,-90.7,35.6,-90.63,,,AR,1983-11-23 04:40:00,1983-11-23 04:40:00,False,False
,9989399,Arkansas,77,Lee,,1983-11-23 05:45:00,CST,1983-11-23 05:45:00,0,0,0,0,250K,0,,F1,Unknown,0.9,60,,,,,34.77,-90.75,,,,,AR,1983-11-23 05:45:00,1983-11-23 05:45:00,False,False
,10044039,Louisiana,1,Acadia,,1983-04-07 08:39:00,CST,1983-04-07 08:39:00,0,0,0,0,.25K,0,,F0,Unknown,1.0,20,,,,,30.38,-92.23,,,,,LA,1983-04-07 08:39:00,1983-04-07 08:39:00,False,False
,9979815,Alabama,15,Calhoun,,1983-12-03 18:37:00,CST,1983-12-03 18:37:00,51,0,2,0,2.5M,0,,F3,Unknown,4.0,150,,,,,33.58,-85.83,33.63,-85.8,,,AL,1983-12-03 18:37:00,1983-12-03 18:37:00,False,False
,9979827,Alabama,113,Russell,,1983-12-03 21:15:00,CST,1983-12-03 21:15:00,0,0,0,0,25K,0,,F1,Unknown,0.1,40,,,,,32.08,-85.08,,,,,AL,1983-12-03 21:15:00,1983-12-03 21:15:00,False,False
,9979829,Alabama,47,Dallas,,1983-12-06 02:51:00,CST,1983-12-06 02:51:00,19,0,1,0,2.5M,0,,F3,Unknown,13.0,500,,,,,32.4,-87.07,32.55,-86.9,,,AL,1983-12-06 02:51:00,1983-12-06 02:51:00,False,False
,10039686,Maryland,21,Frederick,,1983-05-22 17:05:00,CST,1983-05-22 17:05:00,0,0,0,0,25K,0,,F3,Unknown,1.0,37,,,,,39.7,-77.25,39.7,-77.23,,,MD,1983-05-22 18:05:00,1983-05-22 18:05:00,True,True
,10039687,Maryland,13,Carroll,,1983-05-22 17:08:00,CST,1983-05-22 17:08:00,0,0,0,0,25K,0,,F3,Unknown,1.0,37,,,,,39.7,-77.23,39.72,-77.2,,,MD,1983-05-22 18:08:00,1983-05-22 18:08:00,True,True
,10042402,Massachusetts,17,Middlesex,,1983-07-18 14:30:00,CST,1983-07-18 14:30:00,0,0,0,0,.25K,0,,F0,Unknown,0.4,20,,,,,42.45,-71.23,,,,,MA,1983-07-18 15:30:00,1983-07-18 15:30:00,True,True
,9989388,Arkansas,147,Woodruff,,1983-11-23 03:30:00,CST,1983-11-23 03:30:00,0,0,0,0,250K,0,,F1,Unknown,7.0,50,,,,,35.28,-91.33,35.35,-91.22,,,AR,1983-11-23 03:30:00,1983-11-23 03:30:00,False,False
,10042420,Massachusetts,11,Franklin,,1983-08-01 13:00:00,CST,1983-08-01 13:00:00,0,0,0,0,.03K,0,,F0,Unknown,0.1,13,,,,,42.6,-72.6,,,,,MA,1983-08-01 14:00:00,1983-08-01 14:00:00,True,True
,10042998,Louisiana,107,Tensas,,1983-12-05 19:30:00,CST,1983-12-05 19:30:00,0,0,0,0,.03K,0,,F0,Unknown,0.5,17,,,,,31.98,-91.33,,,,,LA,1983-12-05 19:30:00,1983-12-05 19:30:00,False,False
,9985494,Colorado,123,Weld,,1983-04-30 10:09:00,CST,1983-04-30 10:09:00,0,0,0,0,.03K,0,,F0,Unknown,0.5,27,,,,,40.53,-105.55,,,,,CO,1983-04-30 11:09:00,1983-04-30 11:09:00,True,True
,10057088,Missouri,510,St. Louis (C),,1983-05-01 19:20:00,CST,1983-05-01 19:20:00,0,0,0,0,25K,0,,F3,Unknown,1.0,400,,,,,38.63,-90.15,38.67,-90.17,,,MO,1983-05-01 19:20:00,1983-05-01 19:20:00,False,False
,10045112,Louisiana,87,St. Bernard,,1983-04-22 21:10:00,CST,1983-04-22 21:10:00,0,0,0,0,25K,0,,F1,Unknown,1.0,33,,,,,29.82,-89.65,,,,,LA,1983-04-22 21:10:00,1983-04-22 21:10:00,False,False
,10065032,Nebraska,29,Chase,,1983-06-12 18:00:00,CST,1983-06-12 18:00:00,0,0,0,0,.03K,0,,F0,Unknown,0.1,17,,,,,40.37,-101.87,,,,,NE,1983-06-12 19:00:00,1983-06-12 19:00:00,True,True
,10043997,Louisiana,73,Ouachita,,1983-04-01 16:15:00,CST,1983-04-01 16:15:00,0,0,0,0,2.5M,0,,F4,Unknown,4.0,1000,,,,,32.65,-92.02,32.67,-91.95,,,LA,1983-04-01 16:15:00,1983-04-01 16:15:00,False,False
,10044001,Louisiana,21,Caldwell,,1983-04-01 16:35:00,CST,1983-04-01 16:35:00,0,0,0,0,2.5M,0,,F3,Unknown,6.0,250,,,,,32.12,-92.1,32.17,-91.98,,,LA,1983-04-01 16:35:00,1983-04-01 16:35:00,False,False
,10044005,Louisiana,41,Franklin,,1983-04-01 17:05:00,CST,1983-04-01 17:05:00,4,0,0,0,2.5M,0,,F3,Unknown,14.0,300,,,,,32.22,-91.75,32.4,-91.58,,,LA,1983-04-01 17:05:00,1983-04-01 17:05:00,False,False
,10074822,New York,13,Chautauqua,,1983-05-02 15:05:00,CST,1983-05-02 15:05:00,0,0,2,0,2.5M,0,,F3,Unknown,28.0,450,,,,,42.15,-79.62,42.32,-79.08,,,NY,1983-05-02 16:05:00,1983-05-02 16:05:00,True,True
,10074828,New York,15,Chemung,,1983-05-02 18:15:00,CST,1983-05-02 18:15:00,6,0,0,0,2.5M,0,,F3,Unknown,6.0,300,,,,,42.03,-76.68,42.05,-76.58,,,NY,1983-05-02 19:15:00,1983-05-02 19:15:00,True,True
,10074829,New York,107,Tioga,,1983-05-02 18:15:00,CST,1983-05-02 18:15:00,1,0,0,0,2.5M,0,,F3,Unknown,2.0,880,,,,,42.0,-76.53,,,,,NY,1983-05-02 19:15:00,1983-05-02 19:15:00,True,True
,10074830,New York,107,Tioga,,1983-05-02 18:30:00,CST,1983-05-02 18:30:00,0,0,0,0,2.5M,0,,F3,Unknown,9.0,300,,,,,42.05,-76.58,42.05,-76.38,,,NY,1983-05-02 19:30:00,1983-05-02 19:30:00,True,True
,10074835,New York,75,Oswego,,1983-05-02 19:29:00,CST,1983-05-02 19:29:00,0,0,0,0,250K,0,,F3,Unknown,3.0,150,,,,,43.23,-76.3,43.25,-76.25,,,NY,1983-05-02 20:29:00,1983-05-02 20:29:00,True,True
,10074836,New York,67,Onondaga,,1983-05-02 19:40:00,CST,1983-05-02 19:40:00,0,0,0,0,2.5M,0,,F3,Unknown,14.0,200,,,,,43.17,-76.47,43.2,-76.17,,,NY,1983-05-02 20:40:00,1983-05-02 20:40:00,True,True
,9977507,Alabama,31,Coffee,,1983-05-16 03:10:00,CST,1983-05-16 03:10:00,1,0,0,0,250K,0,,F3,Unknown,1.5,150,,,,,31.38,-85.93,,,,,AL,1983-05-16 04:10:00,1983-05-16 04:10:00,True,True
,9977514,Alabama,103,Morgan,,1983-05-19 02:35:00,CST,1983-05-19 02:35:00,0,0,0,0,25K,0,,F2,Unknown,2.0,150,,,,,34.3,-87.03,34.33,-87.03,,,AL,1983-05-19 03:35:00,1983-05-19 03:35:00,True,True
,10042724,Louisiana,5,Ascension,,1983-11-19 20:30:00,CST,1983-11-19 20:30:00,7,0,0,0,25K,0,,F1,Unknown,0.5,100,,,,,30.23,-90.92,,,,,LA,1983-11-19 20:30:00,1983-11-19 20:30:00,False,False
,10058566,Missouri,131,Miller,,1983-05-01 13:08:00,CST,1983-05-01 13:08:00,0,0,0,0,.25K,0,,F1,Unknown,0.5,50,,,,,38.35,-92.58,,,,,MO,1983-05-01 14:08:00,1983-05-01 14:08:00,True,True
,10046210,Louisiana,23,Cameron,,1983-01-31 17:41:00,CST,1983-01-31 17:41:00,0,0,0,0,.03K,0,,F1,Unknown,1.0,20,,,,,29.77,-93.6,,,,,LA,1983-01-31 17:41:00,1983-01-31 17:41:00,False,False
,10046211,Louisiana,37,East Feliciana,,1983-01-31 18:00:00,CST,1983-01-31 18:00:00,0,0,0,0,250K,0,,F2,Unknown,3.0,50,,,,,30.72,-92.37,30.75,-92.33,,,LA,1983-01-31 18:00:00,1983-01-31 18:00:00,False,False
,10046212,Louisiana,19,Calcasieu,,1983-01-31 19:30:00,CST,1983-01-31 19:30:00,0,0,0,0,25K,0,,F1,Unknown,1.0,50,,,,,30.23,-93.23,,,,,LA,1983-01-31 19:30:00,1983-01-31 19:30:00,False,False
,10046215,Louisiana,113,Vermilion,,1983-01-31 21:00:00,CST,1983-01-31 21:00:00,0,0,1,0,250K,0,,F3,Unknown,6.0,100,,,,,30.02,-92.27,30.08,-92.22,,,LA,1983-01-31 21:00:00,1983-01-31 21:00:00,False,False
,10046217,Louisiana,9,Avoyelles,,1983-01-31 21:30:00,CST,1983-01-31 21:30:00,2,0,1,0,250K,0,,F3,Unknown,5.0,100,,,,,30.93,-92.17,30.98,-92.12,,,LA,1983-01-31 21:30:00,1983-01-31 21:30:00,False,False
,9977505,Alabama,87,Macon,,1983-05-16 02:30:00,CST,1983-05-16 02:30:00,0,0,0,0,2.5K,0,,F1,Unknown,6.0,50,,,,,32.45,-85.83,32.47,-85.7,,,AL,1983-05-16 03:30:00,1983-05-16 03:30:00,True,True
,10045126,Louisiana,21,Caldwell,,1983-05-18 19:50:00,CST,1983-05-18 19:50:00,0,0,0,0,25K,0,,F2,Unknown,0.1,50,,,,,32.05,-92.08,,,,,LA,1983-05-18 20:50:00,1983-05-18 20:50:00,True,True
,10045127,Louisiana,41,Franklin,,1983-05-18 20:00:00,CST,1983-05-18 20:00:00,0,0,0,0,2.5K,0,,F1,Unknown,0.1,50,,,,,32.28,-91.73,,,,,LA,1983-05-18 21:00:00,1983-05-18 21:00:00,True,True
,10045128,Louisiana,65,Madison,,1983-05-18 20:40:00,CST,1983-05-18 20:40:00,0,0,0,0,250K,0,,F3,Unknown,5.0,100,,,,,32.33,-91.2,32.42,-91.15,,,LA,1983-05-18 21:40:00,1983-05-18 21:40:00,True,True
,10045131,Louisiana,85,Sabine,,1983-05-19 21:36:00,CST,1983-05-19 21:36:00,0,0,0,0,250K,0,,F3,Unknown,3.0,150,,,,,31.6,-93.53,31.62,-93.47,,,LA,1983-05-19 22:36:00,1983-05-19 22:36:00,True,True
,10045136,Louisiana,69,Natchitoches,,1983-05-19 22:00:00,CST,1983-05-19 22:00:00,0,0,0,0,2.5M,0,,F3,Unknown,2.0,200,,,,,31.78,-93.08,,,,,LA,1983-05-19 23:00:00,1983-05-19 23:00:00,True,True
,10057128,Missouri,227,Worth,,1983-05-27 18:46:00,CST,1983-05-27 18:46:00,0,0,0,0,2.5K,0,,F0,Unknown,0.1,13,,,,,40.48,-94.3,,,,,MO,1983-05-27 19:46:00,1983-05-27 19:46:00,True,True
,10057121,Missouri,41,Chariton,,1983-05-18 18:45:00,CST,1983-05-18 18:45:00,0,0,0,0,.25K,0,,F0,Unknown,0.1,13,,,,,39.43,-93.13,,,,,MO,1983-05-18 19:45:00,1983-05-18 19:45:00,True,True
,10057122,Missouri,89,Howard,,1983-05-18 19:43:00,CST,1983-05-18 19:43:00,1,0,0,0,250K,0,,F1,Unknown,0.1,20,,,,,39.02,-92.75,,,,,MO,1983-05-18 20:43:00,1983-05-18 20:43:00,True,True
,10060720,Mississippi,49,Hinds,,1983-05-20 00:55:00,CST,1983-05-20 00:55:00,0,0,0,0,25K,0,,F2,Unknown,4.0,77,,,,,32.25,-90.55,32.3,-90.48,,,MS,1983-05-20 01:55:00,1983-05-20 01:55:00,True,True
,9986615,Colorado,123,Weld,,1983-06-04 17:55:00,CST,1983-06-04 17:55:00,0,0,0,0,.03K,0,,F1,Unknown,2.0,50,,,,,40.08,-104.8,,,,,CO,1983-06-04 18:55:00,1983-06-04 18:55:00,True,True
,9986622,Colorado,73,Lincoln,,1983-06-09 18:08:00,CST,1983-06-09 18:08:00,0,0,0,0,.03K,0,,F1,Unknown,1.0,37,,,,,38.75,-103.3,,,,,CO,1983-06-09 19:08:00,1983-06-09 19:08:00,True,True
,9986623,Colorado,71,Las Animas,,1983-06-10 20:00:00,CST,1983-06-10 20:00:00,0,0,0,0,.03K,0,,F1,Unknown,0.5,37,,,,,37.37,-104.78,,,,,CO,1983-06-10 21:00:00,1983-06-10 21:00:00,True,True
,9986624,Colorado,71,Las Animas,,1983-06-10 21:00:00,CST,1983-06-10 21:00:00,0,0,0,0,.03K,0,,F1,Unknown,0.5,37,,,,,37.08,-104.52,,,,,CO,1983-06-10 22:00:00,1983-06-10 22:00:00,True,True
,10042905,Louisiana,59,La Salle,,1983-03-04 18:30:00,CST,1983-03-04 18:30:00,0,0,0,0,250K,0,,F2,Unknown,4.0,100,,,,,31.63,-92.2,31.7,-92.15,,,LA,1983-03-04 18:30:00,1983-03-04 18:30:00,False,False
,10042912,Louisiana,77,Pointe Coupee,,1983-03-05 04:30:00,CST,1983-03-05 04:30:00,0,0,0,0,250K,0,,F1,Unknown,3.0,100,,,,,30.68,-91.47,30.72,-91.43,,,LA,1983-03-05 04:30:00,1983-03-05 04:30:00,False,False
,9990899,Arkansas,135,Sharp,,1983-03-26 17:00:00,CST,1983-03-26 17:00:00,0,0,0,0,.25K,0,,F0,Unknown,0.3,10,,,,,36.25,-91.35,,,,,AR,1983-03-26 17:00:00,1983-03-26 17:00:00,False,False
,9990900,Arkansas,89,Marion,,1983-03-26 17:00:00,CST,1983-03-26 17:00:00,0,0,0,0,250K,0,,F2,Unknown,2.0,293,,,,,36.18,-92.85,,,,,AR,1983-03-26 17:00:00,1983-03-26 17:00:00,False,False
,10071902,Nebraska,97,Johnson,,1983-05-01 12:26:00,CST,1983-05-01 12:26:00,0,0,0,0,25K,0,,F1,Unknown,4.0,20,,,,,40.32,-96.17,40.33,-96.1,,,NE,1983-05-01 13:26:00,1983-05-01 13:26:00,True,True
,10042863,Louisiana,97,St. Landry,,1983-01-31 22:15:00,CST,1983-01-31 22:15:00,0,0,0,0,25K,0,,F2,Unknown,7.0,100,,,,,30.47,-91.93,30.57,-91.9,,,LA,1983-01-31 22:15:00,1983-01-31 22:15:00,False,False
,9990910,Arkansas,135,Sharp,,1983-03-26 19:00:00,CST,1983-03-26 19:00:00,0,0,0,0,.25K,0,,F0,Unknown,0.3,10,,,,,36.27,-91.5,,,,,AR,1983-03-26 19:00:00,1983-03-26 19:00:00,False,False
,9989819,Arkansas,99,Nevada,,1983-03-04 14:15:00,CST,1983-03-04 14:15:00,0,0,0,0,250K,0,,F1,Unknown,16.0,50,,,,,33.47,-93.42,33.68,-93.27,,,AR,1983-03-04 14:15:00,1983-03-04 14:15:00,False,False
,10087823,North Carolina,47,Columbus,,1983-06-07 20:45:00,CST,1983-06-07 20:45:00,0,0,0,0,250K,0,,F2,Unknown,6.0,450,,,,,34.37,-78.85,34.43,-78.77,,,NC,1983-06-07 21:45:00,1983-06-07 21:45:00,True,True
,10004580,Illinois,51,Fayette,,1983-05-01 21:25:00,CST,1983-05-01 21:25:00,0,0,0,0,250K,0,,F1,Unknown,0.3,33,,,,,38.88,-88.72,,,,,IL,1983-05-01 22:25:00,1983-05-01 22:25:00,True,True
,10004581,Illinois,49,Effingham,,1983-05-01 21:45:00,CST,1983-05-01 21:45:00,0,0,2,0,250K,0,,F0,Unknown,0.2,30,,,,,38.93,-88.68,,,,,IL,1983-05-01 22:45:00,1983-05-01 22:45:00,True,True
,10004584,Illinois,191,Wayne,,1983-05-01 22:30:00,CST,1983-05-01 22:30:00,0,0,0,0,250K,0,,F1,Unknown,0.2,30,,,,,38.45,-88.43,,,,,IL,1983-05-01 23:30:00,1983-05-01 23:30:00,True,True
,10004586,Illinois,81,Jefferson,,1983-05-01 22:45:00,CST,1983-05-01 22:45:00,0,0,0,0,2.5M,0,,F1,Unknown,0.2,30,,,,,38.25,-89.08,,,,,IL,1983-05-01 23:45:00,1983-05-01 23:45:00,True,True
,10004589,Illinois,193,White,,1983-05-02 11:10:00,CST,1983-05-02 11:10:00,0,0,0,0,25K,0,,F1,Unknown,0.2,30,,,,,38.25,-88.02,,,,,IL,1983-05-02 12:10:00,1983-05-02 12:10:00,True,True
,10021687,Kansas,39,Decatur,,1983-06-12 17:00:00,CST,1983-06-12 17:00:00,0,0,0,0,2.5M,0,,F2,Unknown,15.0,200,,,,,39.85,-100.38,40.02,-100.17,,,KS,1983-06-12 18:00:00,1983-06-12 18:00:00,True,True
,10021709,Kansas,13,Brown,,1983-06-13 19:25:00,CST,1983-06-13 19:25:00,0,0,0,0,.25K,0,,F0,Unknown,0.1,7,,,,,39.77,-95.35,,,,,KS,1983-06-13 20:25:00,1983-06-13 20:25:00,True,True
,10099980,Ohio,65,Hardin,,1983-07-04 13:30:00,CST,1983-07-04 13:30:00,0,0,0,0,25K,0,,F1,Unknown,1.0,50,,,,,40.65,-83.5,,,,,OH,1983-07-04 14:30:00,1983-07-04 14:30:00,True,True
,10011846,Iowa,65,Fayette,,1983-07-03 17:25:00,CST,1983-07-03 17:25:00,0,0,0,0,25K,0,,F1,Unknown,0.1,20,,,,,43.03,-91.93,,,,,IA,1983-07-03 18:25:00,1983-07-03 18:25:00,True,True
,10084157,North Dakota,87,Slope,,1983-07-17 20:20:00,CST,1983-07-17 20:20:00,0,0,0,0,.03K,0,,F0,Unknown,0.3,10,,,,,46.43,-103.4,,,,,ND,1983-07-17 21:20:00,1983-07-17 21:20:00,True,True
,10084161,North Dakota,15,Burleigh,,1983-07-17 20:50:00,CST,1983-07-17 20:50:00,0,0,0,0,.03K,0,,F0,Unknown,0.3,10,,,,,47.1,-100.8,,,,,ND,1983-07-17 21:50:00,1983-07-17 21:50:00,True,True
,10004576,Illinois,163,St. Clair,,1983-05-01 20:10:00,CST,1983-05-01 20:10:00,20,0,0,0,2.5M,0,,F2,Unknown,4.0,100,,,,,38.57,-89.83,38.62,-89.75,,,IL,1983-05-01 21:10:00,1983-05-01 21:10:00,True,True
,10029194,Kentucky,133,Letcher,,1983-06-03 15:30:00,CST,1983-06-03 15:30:00,0,0,0,0,2.5M,0,,F1,Unknown,0.2,10,,,,,37.15,-82.8,,,,,KY,1983-06-03 16:30:00,1983-06-03 16:30:00,True,True
,10003488,Illinois,33,Crawford,,1983-03-06 18:15:00,CST,1983-03-06 18:15:00,0,0,0,0,250K,0,,F0,Unknown,0.5,57,,,,,41.55,-87.65,,,,,IL,1983-03-06 18:15:00,1983-03-06 18:15:00,False,False
,10105796,Oklahoma,123,Pontotoc,,1983-05-14 00:15:00,CST,1983-05-14 00:15:00,0,0,0,0,.03K,0,,F1,Unknown,0.1,50,,,,,34.9,-96.6,,,,,OK,1983-05-14 01:15:00,1983-05-14 01:15:00,True,True
,10105798,Oklahoma,121,Pittsburg,,1983-05-14 01:00:00,CST,1983-05-14 01:00:00,0,0,0,0,250K,0,,F2,Unknown,0.1,50,,,,,34.93,-96.02,,,,,OK,1983-05-14 02:00:00,1983-05-14 02:00:00,True,True
,10105804,Oklahoma,3,Alfalfa,,1983-05-17 19:32:00,CST,1983-05-17 19:32:00,0,0,0,0,250K,0,,F2,Unknown,2.5,100,,,,,36.62,-98.18,,,,,OK,1983-05-17 20:32:00,1983-05-17 20:32:00,True,True
,10105805,Oklahoma,93,Major,,1983-05-17 19:35:00,CST,1983-05-17 19:35:00,0,0,0,0,.03K,0,,F0,Unknown,0.1,50,,,,,36.27,-98.47,,,,,OK,1983-05-17 20:35:00,1983-05-17 20:35:00,True,True
,10003504,Illinois,61,Greene,,1983-05-01 16:30:00,CST,1983-05-01 16:30:00,15,0,0,0,2.5M,0,,F3,Unknown,4.0,77,,,,,39.3,-90.27,39.37,-90.17,,,IL,1983-05-01 17:30:00,1983-05-01 17:30:00,True,True
,10003505,Illinois,83,Jersey,,1983-05-01 17:15:00,CST,1983-05-01 17:15:00,1,0,0,0,2.5M,0,,F2,Unknown,0.2,17,,,,,39.13,-90.33,,,,,IL,1983-05-01 18:15:00,1983-05-01 18:15:00,True,True
,10003506,Illinois,83,Jersey,,1983-05-01 17:23:00,CST,1983-05-01 17:23:00,1,0,0,0,2.5M,0,,F2,Unknown,0.5,77,,,,,39.05,-90.25,,,,,IL,1983-05-01 18:23:00,1983-05-01 18:23:00,True,True
,10002080,Florida,103,Pinellas,,1983-12-11 22:00:00,CST,1983-12-11 22:00:00,0,0,0,0,250K,0,,F2,Unknown,8.0,100,,,,,27.77,-82.67,27.88,-82.65,,,FL,1983-12-11 22:00:00,1983-12-11 22:00:00,False,False
,10002082,Florida,27,De Soto,,1983-12-12 01:30:00,CST,1983-12-12 01:30:00,4,0,0,0,250K,0,,F2,Unknown,1.0,50,,,,,27.22,-81.87,,,,,FL,1983-12-12 01:30:00,1983-12-12 01:30:00,False,False
,10002085,Florida,5,Bay,,1983-12-14 01:40:00,CST,1983-12-14 01:40:00,0,0,0,0,250K,0,,F1,Unknown,1.5,50,,,,,30.18,-85.8,,,,,FL,1983-12-14 01:40:00,1983-12-14 01:40:00,False,False
,10021717,Kansas,201,Washington,,1983-06-18 03:19:00,CST,1983-06-18 03:19:00,0,0,0,0,.03K,0,,F0,Unknown,0.1,7,,,,,39.6,-97.0,,,,,KS,1983-06-18 04:19:00,1983-06-18 04:19:00,True,True
,10021724,Kansas,15,Butler,,1983-06-18 17:55:00,CST,1983-06-18 17:55:00,0,0,0,0,25K,0,,F0,Unknown,0.1,7,,,,,39.58,-96.62,,,,,KS,1983-06-18 18:55:00,1983-06-18 18:55:00,True,True
,10000862,Florida,57,Hillsborough,,1983-02-02 05:50:00,CST,1983-02-02 05:50:00,2,0,0,0,250K,0,,F2,Unknown,4.0,40,,,,,27.98,-82.22,28.05,-82.15,,,FL,1983-02-02 05:50:00,1983-02-02 05:50:00,False,False
,10000866,Florida,27,De Soto,,1983-02-02 07:20:00,CST,1983-02-02 07:20:00,0,0,0,0,2.5K,0,,F1,Unknown,0.5,30,,,,,27.22,-81.87,,,,,FL,1983-02-02 07:20:00,1983-02-02 07:20:00,False,False
,10000869,Florida,95,Orange,,1983-02-02 07:45:00,CST,1983-02-02 07:45:00,0,0,0,0,250K,0,,F2,Unknown,1.0,20,,,,,28.55,-81.37,,,,,FL,1983-02-02 07:45:00,1983-02-02 07:45:00,False,False
,10000871,Florida,95,Orange,,1983-02-02 08:00:00,CST,1983-02-02 08:00:00,1,0,0,0,.25K,0,,F0,Unknown,0.2,20,,,,,28.6,-81.33,,,,,FL,1983-02-02 08:00:00,1983-02-02 08:00:00,False,False
,10000872,Florida,95,Orange,,1983-02-02 08:05:00,CST,1983-02-02 08:05:00,9,0,0,0,2.5M,0,,F2,Unknown,5.0,50,,,,,28.55,-81.37,28.62,-81.3,,,FL,1983-02-02 08:05:00,1983-02-02 08:05:00,False,False
,10000873,Florida,55,Highlands,,1983-02-02 08:20:00,CST,1983-02-02 08:20:00,6,0,1,0,250K,0,,F2,Unknown,1.0,40,,,,,27.45,-81.4,,,,,FL,1983-02-02 08:20:00,1983-02-02 08:20:00,False,False
,10000875,Florida,9,Brevard,,1983-02-02 09:48:00,CST,1983-02-02 09:48:00,0,0,0,0,25K,0,,F1,Unknown,0.4,30,,,,,28.25,-80.72,,,,,FL,1983-02-02 09:48:00,1983-02-02 09:48:00,False,False
,10000876,Florida,85,Martin,,1983-02-02 12:20:00,CST,1983-02-02 12:20:00,1,0,0,0,250K,0,,F2,Unknown,2.0,50,,,,,27.25,-80.23,,,,,FL,1983-02-02 12:20:00,1983-02-02 12:20:00,False,False
,10000882,Florida,11,Broward,,1983-02-10 16:00:00,CST,1983-02-10 16:00:00,0,0,0,0,25K,0,,F0,Unknown,0.5,20,,,,,26.13,-80.13,,,,,FL,1983-02-10 16:00:00,1983-02-10 16:00:00,False,False
,10000886,Florida,99,Palm Beach,,1983-02-10 16:42:00,CST,1983-02-10 16:42:00,0,0,0,0,2.5K,0,,F1,Unknown,2.0,40,,,,,26.68,-80.13,,,,,FL,1983-02-10 16:42:00,1983-02-10 16:42:00,False,False
,10002014,Florida,95,Orange,,1983-04-23 13:30:00,CST,1983-04-23 13:30:00,0,0,0,0,2.5K,0,,F1,Unknown,6.0,40,,,,,28.73,-81.6,28.75,-81.5,,,FL,1983-04-23 13:30:00,1983-04-23 13:30:00,False,False
,10000634,Florida,113,Santa Rosa,,1983-02-01 08:10:00,CST,1983-02-01 08:10:00,0,0,0,0,.25K,0,,F0,Unknown,0.5,20,,,,,30.33,-87.15,,,,,FL,1983-02-01 08:10:00,1983-02-01 08:10:00,False,False
,10000635,Florida,91,Okaloosa,,1983-02-01 08:30:00,CST,1983-02-01 08:30:00,0,0,0,0,25K,0,,F1,Unknown,0.4,20,,,,,30.82,-86.55,,,,,FL,1983-02-01 08:30:00,1983-02-01 08:30:00,False,False
,10011830,Iowa,31,Cedar,,1983-07-01 22:30:00,CST,1983-07-01 22:30:00,1,0,0,0,250K,0,,F1,Unknown,15.0,50,,,,,41.62,-91.27,41.78,-91.0,,,IA,1983-07-01 23:30:00,1983-07-01 23:30:00,True,True
,10011831,Iowa,163,Scott,,1983-07-01 23:00:00,CST,1983-07-01 23:00:00,0,0,0,0,250K,0,,F0,Unknown,0.2,20,,,,,41.53,-90.58,,,,,IA,1983-07-02 00:00:00,1983-07-02 00:00:00,True,True
,10011833,Iowa,153,Polk,,1983-07-02 02:22:00,CST,1983-07-02 02:22:00,0,0,0,0,0K,0,,F0,Unknown,0.1,20,,,,,41.77,-93.72,,,,,IA,1983-07-02 03:22:00,1983-07-02 03:22:00,True,True
,10011844,Iowa,175,Union,,1983-07-03 17:02:00,CST,1983-07-03 17:02:00,0,0,0,0,.03K,0,,F0,Unknown,0.1,20,,,,,41.07,-94.45,,,,,IA,1983-07-03 18:02:00,1983-07-03 18:02:00,True,True
,10118156,Pennsylvania,87,Mifflin,,1983-07-21 16:45:00,CST,1983-07-21 16:45:00,0,0,0,0,250K,0,,F1,Unknown,0.2,10,,,,,40.5,-77.32,,,,,PA,1983-07-21 17:45:00,1983-07-21 17:45:00,True,True
,10032532,Kentucky,207,Russell,,1983-04-02 09:35:00,CST,1983-04-02 09:35:00,1,0,0,0,25K,0,,F1,Unknown,0.2,17,,,,,37.12,-85.07,,,,,KY,1983-04-02 09:35:00,1983-04-02 09:35:00,False,False
,10001973,Florida,9,Brevard,,1983-03-24 06:00:00,CST,1983-03-24 06:00:00,0,0,0,0,250K,0,,F1,Unknown,14.0,80,,,,,28.03,-80.87,28.08,-80.6,,,FL,1983-03-24 06:00:00,1983-03-24 06:00:00,False,False
,10015229,Iowa,85,Harrison,,1983-05-06 17:00:00,CST,1983-05-06 17:00:00,0,0,0,0,250K,0,,F2,Unknown,15.0,20,,,,,41.57,-95.95,41.75,-95.75,,,IA,1983-05-06 18:00:00,1983-05-06 18:00:00,True,True
,10000868,Florida,127,Volusia,,1983-02-02 07:40:00,CST,1983-02-02 07:40:00,0,0,0,0,250K,0,,F1,Unknown,2.0,50,,,,,29.02,-80.93,,,,,FL,1983-02-02 07:40:00,1983-02-02 07:40:00,False,False
,10001983,Florida,17,Citrus,,1983-04-09 11:55:00,CST,1983-04-09 11:55:00,2,0,3,0,2.5M,0,,F3,Unknown,10.0,80,,,,,28.72,-82.48,28.85,-82.35,,,FL,1983-04-09 11:55:00,1983-04-09 11:55:00,False,False
,10001984,Florida,83,Marion,,1983-04-09 13:00:00,CST,1983-04-09 13:00:00,0,0,0,0,250K,0,,F2,Unknown,10.0,60,,,,,29.17,-82.23,29.23,-82.05,,,FL,1983-04-09 13:00:00,1983-04-09 13:00:00,False,False
,10001985,Florida,107,Putnam,,1983-04-09 14:00:00,CST,1983-04-09 14:00:00,0,0,0,0,25K,0,,F1,Unknown,4.0,40,,,,,29.48,-81.63,29.53,-81.58,,,FL,1983-04-09 14:00:00,1983-04-09 14:00:00,False,False
,10001988,Florida,69,Lake,,1983-04-15 14:00:00,CST,1983-04-15 14:00:00,0,0,0,0,2.5K,0,,F1,Unknown,1.0,30,,,,,28.57,-81.8,,,,,FL,1983-04-15 14:00:00,1983-04-15 14:00:00,False,False
,10001990,Florida,127,Volusia,,1983-04-15 15:10:00,CST,1983-04-15 15:10:00,0,0,0,0,2.5K,0,,F1,Unknown,16.0,50,,,,,28.87,-80.85,28.92,-81.12,,,FL,1983-04-15 15:10:00,1983-04-15 15:10:00,False,False
,10001992,Florida,37,Franklin,,1983-04-23 02:30:00,CST,1983-04-23 02:30:00,0,0,0,0,25K,0,,F1,Unknown,14.0,40,,,,,29.8,-84.58,29.98,-84.42,,,FL,1983-04-23 02:30:00,1983-04-23 02:30:00,False,False
,10084145,North Dakota,87,Slope,,1983-07-17 19:29:00,CST,1983-07-17 19:29:00,0,0,0,0,.03K,0,,F0,Unknown,0.3,10,,,,,46.53,-103.95,,,,,ND,1983-07-17 20:29:00,1983-07-17 20:29:00,True,True
,10083005,North Dakota,45,La Moure,,1983-06-21 18:50:00,CST,1983-06-21 18:50:00,0,0,0,0,.03K,0,,F0,Unknown,0.3,10,,,,,46.5,-98.3,,,,,ND,1983-06-21 18:50:00,1983-06-21 18:50:00,False,False
,10105600,Oklahoma,143,Tulsa,,1983-10-03 21:25:00,CST,1983-10-03 21:25:00,1,0,0,0,.03K,0,,F0,Unknown,0.1,10,,,,,36.03,-95.82,,,,,OK,1983-10-03 22:25:00,1983-10-03 22:25:00,True,True
,10086420,North Dakota,35,Grand Forks,,1983-08-25 20:30:00,CST,1983-08-25 20:30:00,0,0,0,0,.03K,0,,F0,Unknown,0.3,10,,,,,48.1,-97.68,,,,,ND,1983-08-25 21:30:00,1983-08-25 21:30:00,True,True
,10086422,North Dakota,35,Grand Forks,,1983-08-25 20:45:00,CST,1983-08-25 20:45:00,0,0,0,0,.03K,0,,F0,Unknown,0.3,10,,,,,47.92,-97.3,,,,,ND,1983-08-25 21:45:00,1983-08-25 21:45:00,True,True
,10086426,North Dakota,91,Steele,,1983-08-25 21:45:00,CST,1983-08-25 21:45:00,0,0,0,0,.03K,0,,F0,Unknown,0.3,10,,,,,47.52,-97.97,,,,,ND,1983-08-25 22:45:00,1983-08-25 22:45:00,True,True
,10004613,Illinois,113,Mclean,,1983-06-29 13:55:00,CST,1983-06-29 13:55:00,0,0,0,0,.03K,0,,F0,Unknown,0.2,20,,,,,40.28,-88.98,,,,,IL,1983-06-29 13:55:00,1983-06-29 13:55:00,False,False
,10086435,North Dakota,17,Cass,,1983-08-28 19:03:00,CST,1983-08-28 19:03:00,0,0,0,0,.25K,0,,F1,Unknown,0.3,10,,,,,46.97,-96.95,,,,,ND,1983-08-28 20:03:00,1983-08-28 20:03:00,True,True
,10029280,Kentucky,227,Warren,,1983-08-11 14:00:00,CST,1983-08-11 14:00:00,6,0,0,0,25K,0,,F1,Unknown,0.2,10,,,,,36.98,-86.43,,,,,KY,1983-08-11 15:00:00,1983-08-11 15:00:00,True,True
,10124655,South Dakota,47,Fall River,,1983-06-20 19:00:00,CST,1983-06-20 19:00:00,0,0,0,0,2.5K,0,,F0,Unknown,5.0,33,,,,,43.3,-104.0,43.3,-104.9,,,SD,1983-06-20 20:00:00,1983-06-20 20:00:00,True,True
,10109220,Oklahoma,25,Cimarron,,1983-08-21 14:30:00,CST,1983-08-21 14:30:00,0,0,0,0,.03K,0,,F0,Unknown,0.2,10,,,,,36.55,-102.9,,,,,OK,1983-08-21 15:30:00,1983-08-21 15:30:00,True,True
,10004361,Illinois,119,Madison,,1983-05-01 19:23:00,CST,1983-05-01 19:23:00,3,0,0,0,25M,0,,F3,Unknown,15.0,1000,,,,,38.67,-90.17,38.83,-89.93,,,IL,1983-05-01 20:23:00,1983-05-01 20:23:00,True,True
,10015235,Iowa,145,Page,,1983-05-06 17:50:00,CST,1983-05-06 17:50:00,0,0,0,0,250K,0,,F1,Unknown,0.1,30,,,,,40.83,-95.02,,,,,IA,1983-05-06 18:50:00,1983-05-06 18:50:00,True,True
,10015237,Iowa,49,Dallas,,1983-05-06 18:56:00,CST,1983-05-06 18:56:00,0,0,0,0,2.5K,0,,F1,Unknown,0.2,10,,,,,41.55,-94.1,,,,,IA,1983-05-06 19:56:00,1983-05-06 19:56:00,True,True
,10015238,Iowa,153,Polk,,1983-05-06 18:58:00,CST,1983-05-06 18:58:00,0,0,0,0,25K,0,,F1,Unknown,0.5,20,,,,,41.67,-93.62,,,,,IA,1983-05-06 19:58:00,1983-05-06 19:58:00,True,True
,10015239,Iowa,153,Polk,,1983-05-06 19:00:00,CST,1983-05-06 19:00:00,0,0,0,0,2.5M,0,,F2,Unknown,1.0,60,,,,,41.58,-93.53,,,,,IA,1983-05-06 20:00:00,1983-05-06 20:00:00,True,True
,10015252,Iowa,27,Carroll,,1983-05-27 17:17:00,CST,1983-05-27 17:17:00,0,0,0,0,25K,0,,F1,Unknown,1.0,20,,,,,41.97,-94.88,,,,,IA,1983-05-27 18:17:00,1983-05-27 18:17:00,True,True
,10015253,Iowa,77,Guthrie,,1983-05-27 18:10:00,CST,1983-05-27 18:10:00,0,0,0,0,25K,0,,F1,Unknown,0.5,20,,,,,41.68,-94.55,,,,,IA,1983-05-27 19:10:00,1983-05-27 19:10:00,True,True
,10001998,Florida,41,Gilchrist,,1983-04-23 07:10:00,CST,1983-04-23 07:10:00,4,0,0,0,2.5M,0,,F2,Unknown,11.0,80,,,,,29.72,-82.9,29.87,-82.75,,,FL,1983-04-23 07:10:00,1983-04-23 07:10:00,False,False
,10001999,Florida,23,Columbia,,1983-04-23 07:30:00,CST,1983-04-23 07:30:00,2,0,0,0,2.5M,0,,F2,Unknown,4.0,80,,,,,29.87,-82.75,29.93,-82.6,,,FL,1983-04-23 07:30:00,1983-04-23 07:30:00,False,False
,10002000,Florida,125,Union,,1983-04-23 07:55:00,CST,1983-04-23 07:55:00,0,0,0,0,2.5M,0,,F1,Unknown,10.0,50,,,,,30.03,-82.4,30.07,-82.23,,,FL,1983-04-23 07:55:00,1983-04-23 07:55:00,False,False
,10002005,Florida,19,Clay,,1983-04-23 08:47:00,CST,1983-04-23 08:47:00,0,0,0,0,2.5M,0,,F1,Unknown,1.0,40,,,,,30.17,-81.8,30.18,-81.78,,,FL,1983-04-23 08:47:00,1983-04-23 08:47:00,False,False
,10002006,Florida,31,Duval,,1983-04-23 08:50:00,CST,1983-04-23 08:50:00,0,0,0,0,2.5M,0,,F1,Unknown,5.0,40,,,,,30.18,-81.78,30.25,-81.68,,,FL,1983-04-23 08:50:00,1983-04-23 08:50:00,False,False
,10002008,Florida,83,Marion,,1983-04-23 11:10:00,CST,1983-04-23 11:10:00,1,0,0,0,2.5M,0,,F1,Unknown,8.0,50,,,,,29.42,-82.1,29.5,-81.95,,,FL,1983-04-23 11:10:00,1983-04-23 11:10:00,False,False
,10002011,Florida,69,Lake,,1983-04-23 12:30:00,CST,1983-04-23 12:30:00,0,0,0,0,250K,0,,F1,Unknown,3.0,30,,,,,28.53,-81.77,28.58,-81.75,,,FL,1983-04-23 12:30:00,1983-04-23 12:30:00,False,False
,10002012,Florida,127,Volusia,,1983-04-23 12:50:00,CST,1983-04-23 12:50:00,0,0,0,0,25K,0,,F1,Unknown,8.0,40,,,,,28.93,-81.05,29.05,-79.92,,,FL,1983-04-23 12:50:00,1983-04-23 12:50:00,False,False
,10015220,Iowa,137,Montgomery,,1983-05-01 13:40:00,CST,1983-05-01 13:40:00,0,0,0,0,250K,0,,F1,Unknown,5.0,20,,,,,40.9,-95.23,40.95,-95.13,,,IA,1983-05-01 14:40:00,1983-05-01 14:40:00,True,True
,10012972,Iowa,35,Cherokee,,1983-09-05 17:20:00,CST,1983-09-05 17:20:00,0,0,0,0,25K,0,,F1,Unknown,0.1,30,,,,,42.85,-95.8,,,,,IA,1983-09-05 18:20:00,1983-09-05 18:20:00,True,True
,10012975,Iowa,193,Woodbury,,1983-09-05 18:05:00,CST,1983-09-05 18:05:00,0,0,0,0,250K,0,,F2,Unknown,2.5,127,,,,,42.38,-96.07,,,,,IA,1983-09-05 19:05:00,1983-09-05 19:05:00,True,True
,10020821,Kansas,7,Barber,,1983-05-17 18:20:00,CST,1983-05-17 18:20:00,0,0,0,0,.03K,0,,F0,Unknown,0.2,17,,,,,37.2,-98.77,,,,,KS,1983-05-17 19:20:00,1983-05-17 19:20:00,True,True
,10020824,Kansas,201,Washington,,1983-05-18 14:00:00,CST,1983-05-18 14:00:00,0,0,0,0,2.5K,0,,F0,Unknown,6.0,17,,,,,39.72,-96.92,39.75,-96.82,,,KS,1983-05-18 15:00:00,1983-05-18 15:00:00,True,True
,10020825,Kansas,117,Marshall,,1983-05-18 14:15:00,CST,1983-05-18 14:15:00,0,0,0,0,2.5K,0,,F0,Unknown,2.0,17,,,,,39.75,-96.82,39.77,-96.75,,,KS,1983-05-18 15:15:00,1983-05-18 15:15:00,True,True
,10020826,Kansas,201,Washington,,1983-05-18 16:25:00,CST,1983-05-18 16:25:00,0,0,0,0,.25K,0,,F0,Unknown,0.2,17,,,,,39.9,-97.05,,,,,KS,1983-05-18 17:25:00,1983-05-18 17:25:00,True,True
,10149445,Wisconsin,51,Iron,,1983-06-30 22:40:00,CST,1983-06-30 22:40:00,0,0,0,0,.03K,0,,F0,Unknown,0.1,80,,,,,42.83,-90.92,,,,,WI,1983-06-30 23:40:00,1983-06-30 23:40:00,True,True
,10149447,Wisconsin,125,Vilas,,1983-07-03 04:39:00,CST,1983-07-03 04:39:00,0,0,0,0,250K,0,,F1,Unknown,0.5,17,,,,,45.93,-89.27,,,,,WI,1983-07-03 05:39:00,1983-07-03 05:39:00,True,True
,10015008,Iowa,71,Fremont,,1983-05-01 13:54:00,CST,1983-05-01 13:54:00,0,0,0,0,2.5K,0,,F1,Unknown,9.0,40,,,,,40.83,-95.83,40.9,-95.68,,,IA,1983-05-01 14:54:00,1983-05-01 14:54:00,True,True
,10015009,Iowa,145,Page,,1983-05-01 14:10:00,CST,1983-05-01 14:10:00,0,0,0,0,.25K,0,,F0,Unknown,1.0,10,,,,,40.62,-95.05,,,,,IA,1983-05-01 15:10:00,1983-05-01 15:10:00,True,True
,10020847,Kansas,83,Hodgeman,,1983-05-27 16:35:00,CST,1983-05-27 16:35:00,0,0,0,0,.03K,0,,F0,Unknown,0.2,30,,,,,37.95,-100.17,,,,,KS,1983-05-27 17:35:00,1983-05-27 17:35:00,True,True
,10015010,Iowa,129,Mills,,1983-05-01 14:15:00,CST,1983-05-01 14:15:00,3,0,0,0,2.5K,0,,F1,Unknown,11.0,40,,,,,40.9,-95.68,40.98,-95.13,,,IA,1983-05-01 15:15:00,1983-05-01 15:15:00,True,True
,10015012,Iowa,173,Taylor,,1983-05-01 15:00:00,CST,1983-05-01 15:00:00,0,0,0,0,25K,0,,F1,Unknown,2.0,20,,,,,41.63,-94.87,,,,,IA,1983-05-01 16:00:00,1983-05-01 16:00:00,True,True
,10015013,Iowa,115,Louisa,,1983-05-01 19:25:00,CST,1983-05-01 19:25:00,0,0,0,0,.25K,0,,F0,Unknown,0.1,10,,,,,41.3,-91.5,,,,,IA,1983-05-01 20:25:00,1983-05-01 20:25:00,True,True
,10001753,Florida,105,Polk,,1983-03-24 04:15:00,CST,1983-03-24 04:15:00,2,0,0,0,250K,0,,F1,Unknown,0.8,80,,,,,28.02,-81.72,,,,,FL,1983-03-24 04:15:00,1983-03-24 04:15:00,False,False
,10015216,Iowa,145,Page,,1983-05-01 13:30:00,CST,1983-05-01 13:30:00,0,0,0,0,2.5K,0,,F0,Unknown,1.0,20,,,,,40.7,-95.22,,,,,IA,1983-05-01 14:30:00,1983-05-01 14:30:00,True,True
,10015217,Iowa,145,Page,,1983-05-01 13:30:00,CST,1983-05-01 13:30:00,0,0,0,0,250K,0,,F1,Unknown,5.0,20,,,,,40.87,-95.3,40.9,-95.23,,,IA,1983-05-01 14:30:00,1983-05-01 14:30:00,True,True
,10015218,Iowa,71,Fremont,,1983-05-01 13:30:00,CST,1983-05-01 13:30:00,3,0,0,0,2.5M,0,,F2,Unknown,7.0,20,,,,,40.63,-95.67,40.7,-95.58,,,IA,1983-05-01 14:30:00,1983-05-01 14:30:00,True,True
,10000856,Florida,1,Alachua,,1983-02-02 04:40:00,CST,1983-02-02 04:40:00,4,0,0,0,250K,0,,F2,Unknown,0.3,20,,,,,29.52,-82.27,,,,,FL,1983-02-02 04:40:00,1983-02-02 04:40:00,False,False
,10000857,Florida,103,Pinellas,,1983-02-02 05:00:00,CST,1983-02-02 05:00:00,1,0,0,0,250K,0,,F1,Unknown,0.6,40,,,,,27.77,-82.67,,,,,FL,1983-02-02 05:00:00,1983-02-02 05:00:00,False,False
,10124650,South Dakota,47,Fall River,,1983-06-19 18:10:00,CST,1983-06-19 18:10:00,0,0,0,0,25K,0,,F2,Unknown,12.0,40,,,,,43.17,-103.22,43.0,-103.33,,,SD,1983-06-19 19:10:00,1983-06-19 19:10:00,True,True
,10098455,Ohio,69,Henry,,1983-05-02 10:37:00,CST,1983-05-02 10:37:00,0,0,0,0,2.5M,0,,F2,Unknown,5.0,83,,,,,41.23,-84.02,41.28,-83.92,,,OH,1983-05-02 11:37:00,1983-05-02 11:37:00,True,True
,10098456,Ohio,173,Wood,,1983-05-02 10:49:00,CST,1983-05-02 10:49:00,22,0,1,0,25M,0,,F3,Unknown,5.0,100,,,,,41.33,-83.83,41.37,-83.75,,,OH,1983-05-02 11:49:00,1983-05-02 11:49:00,True,True
,9997180,Georgia,207,Monroe,,1983-05-16 05:00:00,CST,1983-05-16 05:00:00,0,0,0,0,25K,0,,F0,Unknown,0.5,30,,,,,32.87,-84.08,,,,,GA,1983-05-16 06:00:00,1983-05-16 06:00:00,True,True
,9997184,Georgia,321,Worth,,1983-05-16 06:20:00,CST,1983-05-16 06:20:00,0,0,0,0,250K,0,,F1,Unknown,15.0,150,,,,,31.53,-83.98,31.62,-83.75,,,GA,1983-05-16 07:20:00,1983-05-16 07:20:00,True,True
,10023055,Kansas,147,Phillips,,1983-03-14 18:30:00,CST,1983-03-14 18:30:00,0,0,0,0,250K,0,,F1,Unknown,0.5,100,,,,,39.83,-99.57,,,,,KS,1983-03-14 18:30:00,1983-03-14 18:30:00,False,False
,10023056,Kansas,37,Crawford,,1983-03-26 15:15:00,CST,1983-03-26 15:15:00,4,0,0,0,2.5M,0,,F3,Unknown,7.0,100,,,,,37.43,-94.7,37.55,-94.65,,,KS,1983-03-26 15:15:00,1983-03-26 15:15:00,False,False
,10023081,Kansas,39,Decatur,,1983-05-05 21:00:00,CST,1983-05-05 21:00:00,0,0,0,0,250K,0,,F0,Unknown,0.5,30,,,,,39.82,-100.52,,,,,KS,1983-05-05 22:00:00,1983-05-05 22:00:00,True,True
,10032545,Kentucky,141,Logan,,1983-04-28 20:47:00,CST,1983-04-28 20:47:00,0,0,0,0,2.5K,0,,F1,Unknown,0.2,17,,,,,36.85,-86.88,,,,,KY,1983-04-28 21:47:00,1983-04-28 21:47:00,True,True
,10032549,Kentucky,117,Kenton,,1983-05-02 14:20:00,CST,1983-05-02 14:20:00,0,0,0,0,25K,0,,F1,Unknown,0.5,20,,,,,38.93,-84.55,,,,,KY,1983-05-02 15:20:00,1983-05-02 15:20:00,True,True
,10002093,Florida,129,Wakulla,,1983-12-28 08:00:00,CST,1983-12-28 08:00:00,0,0,0,0,25K,0,,F1,Unknown,1.0,30,,,,,30.07,-84.48,,,,,FL,1983-12-28 08:00:00,1983-12-28 08:00:00,False,False
,10002094,Florida,121,Suwannee,,1983-12-28 09:30:00,CST,1983-12-28 09:30:00,0,0,0,0,25K,0,,F1,Unknown,3.0,30,,,,,30.3,-82.98,30.35,-82.97,,,FL,1983-12-28 09:30:00,1983-12-28 09:30:00,False,False
,10002095,Florida,121,Suwannee,,1983-12-28 09:50:00,CST,1983-12-28 09:50:00,0,0,0,0,25K,0,,F1,Unknown,2.0,30,,,,,30.38,-83.15,30.42,-83.17,,,FL,1983-12-28 09:50:00,1983-12-28 09:50:00,False,False
,10002097,Florida,47,Hamilton,,1983-12-28 09:54:00,CST,1983-12-28 09:54:00,0,0,0,0,25K,0,,F1,Unknown,1.0,30,,,,,30.42,-83.17,30.43,-83.17,,,FL,1983-12-28 09:54:00,1983-12-28 09:54:00,False,False
,9993575,Georgia,287,Turner,,1983-05-16 06:30:00,CST,1983-05-16 06:30:00,0,0,0,0,250K,0,,F1,Unknown,5.0,150,,,,,31.62,-83.75,31.65,-83.67,,,GA,1983-05-16 07:30:00,1983-05-16 07:30:00,True,True
,10087529,North Carolina,1,Alamance,,1983-05-26 15:25:00,CST,1983-05-26 15:25:00,0,0,0,0,25K,0,,F1,Unknown,0.1,17,,,,,35.92,-79.67,,,,,NC,1983-05-26 16:25:00,1983-05-26 16:25:00,True,True
,10087849,North Carolina,67,Forsyth,,1983-07-22 16:35:00,CST,1983-07-22 16:35:00,0,0,0,0,250K,0,,F1,Unknown,0.1,10,,,,,36.17,-80.17,,,,,NC,1983-07-22 17:35:00,1983-07-22 17:35:00,True,True
,10001968,Florida,97,Osceola,,1983-03-24 05:10:00,CST,1983-03-24 05:10:00,0,0,0,0,25M,0,,F2,Unknown,10.0,90,,,,,28.25,-81.03,28.3,-80.85,,,FL,1983-03-24 05:10:00,1983-03-24 05:10:00,False,False
,10001969,Florida,9,Brevard,,1983-03-24 05:30:00,CST,1983-03-24 05:30:00,0,0,0,0,25M,0,,F2,Unknown,8.0,90,,,,,28.3,-80.85,28.33,-80.72,,,FL,1983-03-24 05:30:00,1983-03-24 05:30:00,False,False
,10001971,Florida,97,Osceola,,1983-03-24 05:50:00,CST,1983-03-24 05:50:00,0,0,0,0,250K,0,,F1,Unknown,7.0,80,,,,,28.0,-81.0,28.03,-80.87,,,FL,1983-03-24 05:50:00,1983-03-24 05:50:00,False,False
,10021679,Kansas,169,Saline,,1983-06-10 14:00:00,CST,1983-06-10 14:00:00,0,0,0,0,2.5K,0,,F0,Unknown,0.1,7,,,,,38.9,-97.68,,,,,KS,1983-06-10 15:00:00,1983-06-10 15:00:00,True,True
,10021683,Kansas,27,Clay,,1983-06-10 18:16:00,CST,1983-06-10 18:16:00,0,0,0,0,.03K,0,,F0,Unknown,0.1,7,,,,,39.43,-97.35,,,,,KS,1983-06-10 19:16:00,1983-06-10 19:16:00,True,True
,10021685,Kansas,39,Decatur,,1983-06-12 16:15:00,CST,1983-06-12 16:15:00,0,0,0,0,.03K,0,,F0,Unknown,0.1,7,,,,,39.73,-100.52,,,,,KS,1983-06-12 17:15:00,1983-06-12 17:15:00,True,True
,10087861,North Carolina,15,Bertie,,1983-08-09 16:20:00,CST,1983-08-09 16:20:00,0,0,0,0,250K,0,,F1,Unknown,2.5,80,,,,,35.97,-76.92,,,,,NC,1983-08-09 17:20:00,1983-08-09 17:20:00,True,True
,10021428,Kansas,157,Republic,,1983-09-28 20:15:00,CST,1983-09-28 20:15:00,0,0,0,0,25K,0,,F0,Unknown,0.1,17,,,,,39.78,-97.87,,,,,KS,1983-09-28 21:15:00,1983-09-28 21:15:00,True,True
,10099085,Ohio,139,Richland,,1983-05-02 14:10:00,CST,1983-05-02 14:10:00,0,0,0,0,250K,0,,F1,Unknown,10.0,100,,,,,40.62,-82.58,40.63,-82.4,,,OH,1983-05-02 15:10:00,1983-05-02 15:10:00,True,True
,10000846,Florida,131,Walton,,1983-02-01 09:30:00,CST,1983-02-01 09:30:00,1,0,0,0,25K,0,,F2,Unknown,0.3,30,,,,,30.85,-86.28,,,,,FL,1983-02-01 09:30:00,1983-02-01 09:30:00,False,False
,10000849,Florida,53,Hernando,,1983-02-02 03:30:00,CST,1983-02-02 03:30:00,0,0,0,0,25K,0,,F1,Unknown,1.0,20,,,,,28.57,-82.65,,,,,FL,1983-02-02 03:30:00,1983-02-02 03:30:00,False,False
,10000850,Florida,17,Citrus,,1983-02-02 03:45:00,CST,1983-02-02 03:45:00,1,0,0,0,25K,0,,F1,Unknown,2.0,30,,,,,28.75,-82.28,,,,,FL,1983-02-02 03:45:00,1983-02-02 03:45:00,False,False
,10015288,Iowa,37,Chickasaw,,1983-06-29 16:38:00,CST,1983-06-29 16:38:00,0,0,0,0,25K,0,,F1,Unknown,0.1,7,,,,,43.08,-92.47,,,,,IA,1983-06-29 17:38:00,1983-06-29 17:38:00,True,True
,10106667,Oklahoma,93,Major,,1983-05-17 19:35:00,CST,1983-05-17 19:35:00,0,0,0,0,.03K,0,,F1,Unknown,0.1,50,,,,,36.27,-98.52,,,,,OK,1983-05-17 20:35:00,1983-05-17 20:35:00,True,True
,10106669,Oklahoma,11,Blaine,,1983-05-17 20:05:00,CST,1983-05-17 20:05:00,0,0,0,0,.03K,0,,F0,Unknown,0.1,50,,,,,35.82,-98.58,,,,,OK,1983-05-17 21:05:00,1983-05-17 21:05:00,True,True
,10124645,South Dakota,93,Meade,,1983-06-18 17:43:00,CST,1983-06-18 17:43:00,0,0,0,0,.03K,0,,F1,Unknown,0.1,10,,,,,44.15,-103.1,,,,,SD,1983-06-18 18:43:00,1983-06-18 18:43:00,True,True
,10124646,South Dakota,93,Meade,,1983-06-18 18:16:00,CST,1983-06-18 18:16:00,0,0,0,0,.03K,0,,F1,Unknown,0.1,10,,,,,44.15,-103.1,,,,,SD,1983-06-18 19:16:00,1983-06-18 19:16:00,True,True
,10000959,Florida,99,Palm Beach,,1983-08-08 14:15:00,CST,1983-08-08 14:15:00,0,0,0,0,2.5K,0,,F0,Unknown,1.0,100,,,,,26.68,-80.08,,,,,FL,1983-08-08 15:15:00,1983-08-08 15:15:00,True,True
,10000960,Florida,99,Palm Beach,,1983-08-08 14:30:00,CST,1983-08-08 14:30:00,2,0,0,0,2.5M,0,,F2,Unknown,0.3,70,,,,,26.7,-80.1,,,,,FL,1983-08-08 15:30:00,1983-08-08 15:30:00,True,True
,10000961,Florida,35,Flagler,,1983-08-12 12:30:00,CST,1983-08-12 12:30:00,0,0,0,0,250K,0,,F1,Unknown,0.5,40,,,,,29.5,-81.15,,,,,FL,1983-08-12 13:30:00,1983-08-12 13:30:00,True,True
,10004596,Illinois,31,Cook,,1983-05-29 12:39:00,CST,1983-05-29 12:39:00,1,0,0,0,25K,0,,F1,Unknown,0.2,30,,,,,41.83,-87.73,,,,,IL,1983-05-29 13:39:00,1983-05-29 13:39:00,True,True
,10004597,Illinois,31,Cook,,1983-05-29 12:42:00,CST,1983-05-29 12:42:00,2,0,0,0,2.5K,0,,F0,Unknown,0.2,30,,,,,41.82,-87.85,,,,,IL,1983-05-29 13:42:00,1983-05-29 13:42:00,True,True
,9997167,Georgia,21,Bibb,,1983-04-23 16:45:00,CST,1983-04-23 16:45:00,0,0,0,0,2.5K,0,,F1,Unknown,1.0,30,,,,,32.75,-83.63,32.75,-83.62,,,GA,1983-04-23 16:45:00,1983-04-23 16:45:00,False,False
,9997168,Georgia,289,Twiggs,,1983-04-23 16:50:00,CST,1983-04-23 16:50:00,0,0,0,0,2.5K,0,,F1,Unknown,1.0,30,,,,,32.75,-83.62,32.75,-83.6,,,GA,1983-04-23 16:50:00,1983-04-23 16:50:00,False,False
,9997172,Georgia,245,Richmond,,1983-04-23 17:17:00,CST,1983-04-23 17:17:00,0,0,0,0,250K,0,,F0,Unknown,2.0,100,,,,,33.25,-81.97,,,,,GA,1983-04-23 17:17:00,1983-04-23 17:17:00,False,False
,9997175,Georgia,33,Burke,,1983-04-23 18:42:00,CST,1983-04-23 18:42:00,0,0,0,0,250K,0,,F0,Unknown,0.5,20,,,,,33.03,-82.0,,,,,GA,1983-04-23 18:42:00,1983-04-23 18:42:00,False,False
,10019736,Indiana,107,Montgomery,,1983-05-01 21:35:00,CST,1983-05-01 21:35:00,0,0,0,0,25K,0,,F0,Unknown,0.1,10,,,,,40.18,-87.07,,,,,IN,1983-05-01 22:35:00,1983-05-01 22:35:00,True,True
,10124627,South Dakota,101,Moody,,1983-05-05 18:00:00,CST,1983-05-05 18:00:00,0,0,0,0,.25K,0,,F0,Unknown,0.1,10,,,,,44.12,-96.68,,,,,SD,1983-05-05 19:00:00,1983-05-05 19:00:00,True,True
,10124628,South Dakota,101,Moody,,1983-05-05 18:15:00,CST,1983-05-05 18:15:00,0,0,0,0,.25K,0,,F0,Unknown,0.1,10,,,,,44.02,-96.65,,,,,SD,1983-05-05 19:15:00,1983-05-05 19:15:00,True,True
,10124629,South Dakota,101,Moody,,1983-05-05 18:30:00,CST,1983-05-05 18:30:00,0,0,0,0,.25K,0,,F0,Unknown,0.1,10,,,,,44.18,-96.58,,,,,SD,1983-05-05 19:30:00,1983-05-05 19:30:00,True,True
,10124635,South Dakota,23,Charles Mix,,1983-06-12 07:40:00,CST,1983-06-12 07:40:00,0,0,0,0,.03K,0,,F0,Unknown,0.1,10,,,,,43.47,-98.97,,,,,SD,1983-06-12 08:40:00,1983-06-12 08:40:00,True,True
,10124640,South Dakota,47,Fall River,,1983-06-16 15:40:00,CST,1983-06-16 15:40:00,0,0,0,0,.03K,0,,F0,Unknown,0.1,10,,,,,43.08,-103.2,,,,,SD,1983-06-16 16:40:00,1983-06-16 16:40:00,True,True
,10124644,South Dakota,93,Meade,,1983-06-18 17:43:00,CST,1983-06-18 17:43:00,0,0,0,0,.03K,0,,F0,Unknown,0.1,10,,,,,44.33,-103.37,,,,,SD,1983-06-18 18:43:00,1983-06-18 18:43:00,True,True
,10020869,Kansas,73,Greenwood,,1983-05-27 19:30:00,CST,1983-05-27 19:30:00,0,0,0,0,25K,0,,F0,Unknown,0.2,17,,,,,37.97,-96.17,,,,,KS,1983-05-27 20:30:00,1983-05-27 20:30:00,True,True
,10118109,Pennsylvania,7,Beaver,,1983-07-04 17:25:00,CST,1983-07-04 17:25:00,1,0,0,0,250K,0,,F1,Unknown,0.2,10,,,,,40.63,-80.45,,,,,PA,1983-07-04 18:25:00,1983-07-04 18:25:00,True,True
,10105819,Oklahoma,31,Comanche,,1983-10-19 18:03:00,CST,1983-10-19 18:03:00,0,0,0,0,250K,0,,F2,Unknown,2.6,50,,,,,34.8,-98.32,34.83,-98.33,,,OK,1983-10-19 19:03:00,1983-10-19 19:03:00,True,True
,10105826,Oklahoma,27,Cleveland,,1983-11-18 22:50:00,CST,1983-11-18 22:50:00,0,0,0,0,2.5K,0,,F1,Unknown,0.2,17,,,,,35.2,-97.42,,,,,OK,1983-11-18 22:50:00,1983-11-18 22:50:00,False,False
,10020856,Kansas,31,Coffey,,1983-05-27 17:30:00,CST,1983-05-27 17:30:00,0,0,0,0,250K,0,,F1,Unknown,4.0,50,,,,,38.3,-95.85,38.37,-95.83,,,KS,1983-05-27 18:30:00,1983-05-27 18:30:00,True,True
,10020859,Kansas,169,Saline,,1983-05-27 17:36:00,CST,1983-05-27 17:36:00,0,0,0,0,.25K,0,,F0,Unknown,0.2,17,,,,,38.92,-97.42,,,,,KS,1983-05-27 18:36:00,1983-05-27 18:36:00,True,True
,10020860,Kansas,169,Saline,,1983-05-27 17:38:00,CST,1983-05-27 17:38:00,0,0,0,0,.25K,0,,F0,Unknown,0.2,17,,,,,38.9,-97.57,,,,,KS,1983-05-27 18:38:00,1983-05-27 18:38:00,True,True
,10020862,Kansas,31,Coffey,,1983-05-27 17:44:00,CST,1983-05-27 17:44:00,0,0,0,0,2.5K,0,,F0,Unknown,0.2,17,,,,,38.38,-96.92,,,,,KS,1983-05-27 18:44:00,1983-05-27 18:44:00,True,True
,10029173,Kentucky,199,Pulaski,,1983-05-21 16:00:00,CST,1983-05-21 16:00:00,0,0,0,0,.25K,0,,F0,Unknown,0.5,20,,,,,37.27,-84.5,,,,,KY,1983-05-21 17:00:00,1983-05-21 17:00:00,True,True
,10021692,Kansas,193,Thomas,,1983-06-12 19:40:00,CST,1983-06-12 19:40:00,0,0,0,0,.03K,0,,F0,Unknown,0.1,7,,,,,39.4,-101.0,,,,,KS,1983-06-12 20:40:00,1983-06-12 20:40:00,True,True
,10021693,Kansas,193,Thomas,,1983-06-12 19:40:00,CST,1983-06-12 19:40:00,0,0,0,0,.03K,0,,F0,Unknown,0.1,7,,,,,39.33,-101.05,,,,,KS,1983-06-12 20:40:00,1983-06-12 20:40:00,True,True
,10021694,Kansas,193,Thomas,,1983-06-12 20:00:00,CST,1983-06-12 20:00:00,0,0,0,0,.03K,0,,F0,Unknown,0.1,7,,,,,39.33,-100.87,,,,,KS,1983-06-12 21:00:00,1983-06-12 21:00:00,True,True
,10082390,Nevada,11,Eureka,,1983-08-21 16:00:00,CST,1983-08-21 16:00:00,0,0,0,0,.03K,0,,F0,Unknown,0.1,10,,,,,40.58,-116.47,,,,,NV,1983-08-21 17:00:00,1983-08-21 17:00:00,True,True
,10000861,Florida,127,Volusia,,1983-02-02 05:30:00,CST,1983-02-02 05:30:00,0,0,0,0,2.5K,0,,F1,Unknown,0.2,10,,,,,29.18,-81.43,,,,,FL,1983-02-02 05:30:00,1983-02-02 05:30:00,False,False
,9990928,Arkansas,19,Clark,,1983-04-01 13:52:00,CST,1983-04-01 13:52:00,0,0,0,0,25K,0,,F1,Unknown,13.0,100,,,,,34.02,-93.32,34.17,-93.18,,,AR,1983-04-01 13:52:00,1983-04-01 13:52:00,False,False
,9990934,Arkansas,91,Miller,,1983-04-01 14:30:00,CST,1983-04-01 14:30:00,0,0,0,0,25K,0,,F0,Unknown,0.1,80,,,,,33.28,-93.72,,,,,AR,1983-04-01 14:30:00,1983-04-01 14:30:00,False,False
,10020885,Kansas,133,Neosho,,1983-06-03 02:15:00,CST,1983-06-03 02:15:00,0,0,0,0,250K,0,,F1,Unknown,7.0,50,,,,,37.6,-95.32,37.6,-95.18,,,KS,1983-06-03 03:15:00,1983-06-03 03:15:00,True,True
,10029289,Kentucky,49,Clark,,1983-08-11 14:50:00,CST,1983-08-11 14:50:00,0,0,0,0,.03K,0,,F0,Unknown,0.2,10,,,,,37.98,-84.18,,,,,KY,1983-08-11 15:50:00,1983-08-11 15:50:00,True,True
,10007891,Idaho,75,Payette,,1983-07-01 15:30:00,CST,1983-07-01 15:30:00,0,0,0,0,25K,0,,F1,Unknown,2.0,10,,,,,44.02,-116.85,,,,,ID,1983-07-01 16:30:00,1983-07-01 16:30:00,True,True
,10021399,Kansas,107,Linn,,1983-07-31 13:10:00,CST,1983-07-31 13:10:00,0,0,0,0,.03K,0,,F0,Unknown,0.1,10,,,,,38.03,-95.02,,,,,KS,1983-07-31 14:10:00,1983-07-31 14:10:00,True,True
,10020851,Kansas,83,Hodgeman,,1983-05-27 16:50:00,CST,1983-05-27 16:50:00,0,0,0,0,.03K,0,,F0,Unknown,0.2,30,,,,,37.97,-100.15,,,,,KS,1983-05-27 17:50:00,1983-05-27 17:50:00,True,True
,10020877,Kansas,75,Hamilton,,1983-06-01 20:45:00,CST,1983-06-01 20:45:00,0,0,0,0,.03K,0,,F0,Unknown,0.1,7,,,,,38.08,-101.63,,,,,KS,1983-06-01 21:45:00,1983-06-01 21:45:00,True,True
,10015266,Iowa,59,Dickinson,,1983-06-13 16:30:00,CST,1983-06-13 16:30:00,1,0,0,0,250K,0,,F1,Unknown,1.0,30,,,,,43.33,-95.13,,,,,IA,1983-06-13 17:30:00,1983-06-13 17:30:00,True,True
,10015267,Iowa,63,Emmet,,1983-06-13 16:50:00,CST,1983-06-13 16:50:00,0,0,0,0,.03K,0,,F0,Unknown,0.1,10,,,,,43.38,-94.88,,,,,IA,1983-06-13 17:50:00,1983-06-13 17:50:00,True,True
,10015269,Iowa,107,Keokuk,,1983-06-18 16:50:00,CST,1983-06-18 16:50:00,0,0,0,0,25K,0,,F1,Unknown,6.1,20,,,,,41.45,-92.25,41.5,-92.15,,,IA,1983-06-18 17:50:00,1983-06-18 17:50:00,True,True
,10015278,Iowa,57,Des Moines,,1983-06-29 10:58:00,CST,1983-06-29 10:58:00,27,0,0,0,2.5M,0,,F1,Unknown,13.0,40,,,,,40.8,-91.12,41.0,-91.18,,,IA,1983-06-29 11:58:00,1983-06-29 11:58:00,True,True
,10015280,Iowa,87,Henry,,1983-06-29 11:15:00,CST,1983-06-29 11:15:00,0,0,0,0,25K,0,,F1,Unknown,0.1,10,,,,,41.15,-91.67,,,,,IA,1983-06-29 12:15:00,1983-06-29 12:15:00,True,True
,10015282,Iowa,103,Johnson,,1983-06-29 12:50:00,CST,1983-06-29 12:50:00,0,0,0,0,250K,0,,F1,Unknown,19.0,40,,,,,41.55,-91.67,41.87,-91.68,,,IA,1983-06-29 13:50:00,1983-06-29 13:50:00,True,True
,10015283,Iowa,113,Linn,,1983-06-29 13:30:00,CST,1983-06-29 13:30:00,0,0,0,0,250K,0,,F1,Unknown,12.0,40,,,,,41.87,-91.68,42.07,-91.7,,,IA,1983-06-29 14:30:00,1983-06-29 14:30:00,True,True
,10015284,Iowa,171,Tama,,1983-06-29 13:45:00,CST,1983-06-29 13:45:00,0,0,0,0,250K,0,,F1,Unknown,0.1,20,,,,,42.02,-92.33,,,,,IA,1983-06-29 14:45:00,1983-06-29 14:45:00,True,True
,10015285,Iowa,171,Tama,,1983-06-29 13:55:00,CST,1983-06-29 13:55:00,0,0,0,0,250K,0,,F1,Unknown,0.2,20,,,,,42.13,-92.37,,,,,IA,1983-06-29 14:55:00,1983-06-29 14:55:00,True,True
,10105764,Oklahoma,65,Jackson,,1983-05-13 21:14:00,CST,1983-05-13 21:14:00,0,0,0,0,.03K,0,,F0,Unknown,0.1,50,,,,,34.67,-99.57,,,,,OK,1983-05-13 22:14:00,1983-05-13 22:14:00,True,True
,10105772,Oklahoma,15,Caddo,,1983-05-13 21:50:00,CST,1983-05-13 21:50:00,0,0,0,0,.03K,0,,F0,Unknown,0.1,50,,,,,34.88,-98.52,,,,,OK,1983-05-13 22:50:00,1983-05-13 22:50:00,True,True
,10105773,Oklahoma,83,Logan,,1983-05-13 21:50:00,CST,1983-05-13 21:50:00,0,0,0,0,.03K,0,,F1,Unknown,0.1,50,,,,,36.02,-97.42,,,,,OK,1983-05-13 22:50:00,1983-05-13 22:50:00,True,True
,10105775,Oklahoma,99,Murray,,1983-05-13 21:55:00,CST,1983-05-13 21:55:00,1,0,0,0,250K,0,,F2,Unknown,7.0,200,,,,,34.42,-97.1,34.5,-96.98,,,OK,1983-05-13 22:55:00,1983-05-13 22:55:00,True,True
,10105780,Oklahoma,15,Caddo,,1983-05-13 22:10:00,CST,1983-05-13 22:10:00,0,0,0,0,25K,0,,F2,Unknown,0.1,50,,,,,35.08,-98.18,,,,,OK,1983-05-13 23:10:00,1983-05-13 23:10:00,True,True
,10105783,Oklahoma,31,Comanche,,1983-05-13 22:25:00,CST,1983-05-13 22:25:00,0,0,0,0,.03K,0,,F0,Unknown,0.1,50,,,,,34.58,-98.45,,,,,OK,1983-05-13 23:25:00,1983-05-13 23:25:00,True,True
,10105788,Oklahoma,51,Grady,,1983-05-13 22:45:00,CST,1983-05-13 22:45:00,0,0,0,0,.03K,0,,F1,Unknown,0.1,50,,,,,35.13,-97.93,,,,,OK,1983-05-13 23:45:00,1983-05-13 23:45:00,True,True
,10105790,Oklahoma,27,Cleveland,,1983-05-13 23:20:00,CST,1983-05-13 23:20:00,0,0,0,0,.03K,0,,F0,Unknown,0.1,50,,,,,35.07,-97.32,,,,,OK,1983-05-14 00:20:00,1983-05-14 00:20:00,True,True
,10105791,Oklahoma,63,Hughes,,1983-05-13 23:20:00,CST,1983-05-13 23:20:00,0,0,0,0,25K,0,,F2,Unknown,0.1,50,,,,,34.98,-96.18,,,,,OK,1983-05-14 00:20:00,1983-05-14 00:20:00,True,True
,10105792,Oklahoma,123,Pontotoc,,1983-05-13 23:30:00,CST,1983-05-13 23:30:00,0,0,0,0,.03K,0,,F0,Unknown,0.1,50,,,,,34.8,-96.72,,,,,OK,1983-05-14 00:30:00,1983-05-14 00:30:00,True,True
,10105793,Oklahoma,133,Seminole,,1983-05-13 23:55:00,CST,1983-05-13 23:55:00,0,0,0,0,.03K,0,,F0,Unknown,0.1,50,,,,,34.92,-96.77,,,,,OK,1983-05-14 00:55:00,1983-05-14 00:55:00,True,True
,10085265,North Dakota,17,Cass,,1983-07-30 17:55:00,CST,1983-07-30 17:55:00,0,0,0,0,.03K,0,,F0,Unknown,0.3,10,,,,,46.72,-97.17,,,,,ND,1983-07-30 18:55:00,1983-07-30 18:55:00,True,True
,10085273,North Dakota,99,Walsh,,1983-08-02 19:40:00,CST,1983-08-02 19:40:00,0,0,0,0,.03K,0,,F0,Unknown,0.3,10,,,,,48.4,-97.77,,,,,ND,1983-08-02 20:40:00,1983-08-02 20:40:00,True,True
,10107400,Oklahoma,31,Comanche,,1983-06-13 19:40:00,CST,1983-06-13 19:40:00,0,0,0,0,25K,0,,F1,Unknown,0.1,10,,,,,34.42,-98.65,,,,,OK,1983-06-13 20:40:00,1983-06-13 20:40:00,True,True
,10107410,Oklahoma,71,Kay,,1983-06-18 21:05:00,CST,1983-06-18 21:05:00,0,0,0,0,.03K,0,,F0,Unknown,0.1,10,,,,,36.77,-96.83,,,,,OK,1983-06-18 22:05:00,1983-06-18 22:05:00,True,True
,10106293,Oklahoma,9,Beckham,,1983-06-10 18:20:00,CST,1983-06-10 18:20:00,0,0,0,0,25K,0,,F1,Unknown,6.0,40,,,,,35.47,-99.5,35.5,-99.37,,,OK,1983-06-10 19:20:00,1983-06-10 19:20:00,True,True
,10106294,Oklahoma,39,Custer,,1983-06-10 18:35:00,CST,1983-06-10 18:35:00,0,0,0,0,25K,0,,F1,Unknown,22.0,40,,,,,35.5,-99.37,35.55,-98.95,,,OK,1983-06-10 19:35:00,1983-06-10 19:35:00,True,True
,10106297,Oklahoma,15,Caddo,,1983-06-10 19:39:00,CST,1983-06-10 19:39:00,0,0,0,0,.25K,0,,F0,Unknown,0.1,10,,,,,35.45,-98.42,,,,,OK,1983-06-10 20:39:00,1983-06-10 20:39:00,True,True
,10106300,Oklahoma,15,Caddo,,1983-06-10 21:00:00,CST,1983-06-10 21:00:00,0,0,0,0,.03K,0,,F0,Unknown,0.1,10,,,,,35.47,-98.37,,,,,OK,1983-06-10 22:00:00,1983-06-10 22:00:00,True,True
,10106301,Oklahoma,7,Beaver,,1983-06-13 15:03:00,CST,1983-06-13 15:03:00,0,0,0,0,.03K,0,,F0,Unknown,0.1,10,,,,,36.77,-100.52,,,,,OK,1983-06-13 16:03:00,1983-06-13 16:03:00,True,True
,10106302,Oklahoma,129,Roger Mills,,1983-06-13 15:19:00,CST,1983-06-13 15:19:00,0,0,0,0,.03K,0,,F0,Unknown,0.1,10,,,,,35.58,-99.47,,,,,OK,1983-06-13 16:19:00,1983-06-13 16:19:00,True,True
,10106303,Oklahoma,139,Texas,,1983-06-13 15:30:00,CST,1983-06-13 15:30:00,0,0,0,0,.03K,0,,F0,Unknown,0.1,10,,,,,36.52,-101.48,,,,,OK,1983-06-13 16:30:00,1983-06-13 16:30:00,True,True
,10106304,Oklahoma,9,Beckham,,1983-06-13 15:56:00,CST,1983-06-13 15:56:00,0,0,0,0,.03K,0,,F0,Unknown,0.1,10,,,,,35.43,-99.42,,,,,OK,1983-06-13 16:56:00,1983-06-13 16:56:00,True,True
,10106305,Oklahoma,59,Harper,,1983-06-13 16:15:00,CST,1983-06-13 16:15:00,0,0,0,0,.03K,0,,F0,Unknown,0.1,10,,,,,36.72,-99.9,,,,,OK,1983-06-13 17:15:00,1983-06-13 17:15:00,True,True
,10091197,North Carolina,139,Pasquotank,,1983-05-16 15:00:00,CST,1983-05-16 15:00:00,3,0,0,0,25K,0,,F2,Unknown,0.5,17,,,,,36.42,-76.33,,,,,NC,1983-05-16 16:00:00,1983-05-16 16:00:00,True,True
,10091198,North Carolina,177,Tyrrell,,1983-05-16 16:25:00,CST,1983-05-16 16:25:00,0,0,0,0,250K,0,,F2,Unknown,1.0,100,,,,,35.83,-76.8,35.83,-76.78,,,NC,1983-05-16 17:25:00,1983-05-16 17:25:00,True,True
,10091199,North Carolina,187,Washington,,1983-05-16 16:27:00,CST,1983-05-16 16:27:00,5,0,0,0,250K,0,,F2,Unknown,6.0,100,,,,,35.83,-76.78,35.83,-76.67,,,NC,1983-05-16 17:27:00,1983-05-16 17:27:00,True,True
,10002039,Florida,105,Polk,,1983-09-06 19:00:00,CST,1983-09-06 19:00:00,0,0,0,0,25K,0,,F0,Unknown,1.0,100,,,,,28.07,-81.78,,,,,FL,1983-09-06 20:00:00,1983-09-06 20:00:00,True,True
,10151167,Virginia,159,Richmond,,1983-08-31 16:00:00,CST,1983-08-31 16:00:00,0,0,0,0,25K,0,,F2,Unknown,0.2,60,,,,,37.97,-76.77,,,,,VA,1983-08-31 17:00:00,1983-08-31 17:00:00,True,True
,10149700,Wisconsin,73,Marathon,,1983-07-03 17:35:00,CST,1983-07-03 17:35:00,0,0,0,0,250K,0,,F2,Unknown,6.0,57,,,,,44.88,-90.33,44.9,-90.18,,,WI,1983-07-03 18:35:00,1983-07-03 18:35:00,True,True
,10149704,Wisconsin,57,Juneau,,1983-07-03 18:00:00,CST,1983-07-03 18:00:00,0,0,0,0,25K,0,,F1,Unknown,1.0,50,,,,,43.83,-89.97,43.85,-89.95,,,WI,1983-07-03 19:00:00,1983-07-03 19:00:00,True,True
,10149710,Wisconsin,1,Adams,,1983-07-03 18:03:00,CST,1983-07-03 18:03:00,0,0,0,0,25K,0,,F1,Unknown,5.0,50,,,,,43.85,-89.95,43.9,-89.85,,,WI,1983-07-03 19:03:00,1983-07-03 19:03:00,True,True
,10149711,Wisconsin,57,Juneau,,1983-07-03 18:04:00,CST,1983-07-03 18:04:00,8,0,0,0,250K,0,,F3,Unknown,1.0,50,,,,,44.08,-90.23,,,,,WI,1983-07-03 19:04:00,1983-07-03 19:04:00,True,True
,10149683,Wisconsin,7,Bayfield,,1983-07-03 14:30:00,CST,1983-07-03 14:30:00,0,0,0,0,.25K,0,,F0,Unknown,0.3,50,,,,,46.57,-91.37,,,,,WI,1983-07-03 15:30:00,1983-07-03 15:30:00,True,True
,10149684,Wisconsin,3,Ashland,,1983-07-03 14:30:00,CST,1983-07-03 14:30:00,0,0,0,0,.25K,0,,F0,Unknown,0.3,50,,,,,46.58,-90.88,,,,,WI,1983-07-03 15:30:00,1983-07-03 15:30:00,True,True
,10149685,Wisconsin,7,Bayfield,,1983-07-03 14:30:00,CST,1983-07-03 14:30:00,2,0,0,0,250K,0,,F1,Unknown,3.0,57,,,,,46.38,-91.52,46.4,-91.45,,,WI,1983-07-03 15:30:00,1983-07-03 15:30:00,True,True
,10162376,Wisconsin,19,Clark,,1983-08-16 17:10:00,CST,1983-08-16 17:10:00,0,0,0,0,250K,0,,F0,Unknown,0.1,27,,,,,44.65,-90.57,,,,,WI,1983-08-16 18:10:00,1983-08-16 18:10:00,True,True
,9990930,Arkansas,19,Clark,,1983-04-01 14:15:00,CST,1983-04-01 14:15:00,0,0,0,0,25K,0,,F0,Unknown,0.2,30,,,,,34.13,-93.12,,,,,AR,1983-04-01 14:15:00,1983-04-01 14:15:00,False,False
,10000901,Florida,21,Collier,,1983-03-17 06:15:00,CST,1983-03-17 06:15:00,0,0,0,0,250K,0,,F1,Unknown,7.0,40,,,,,26.13,-81.8,26.18,-81.7,,,FL,1983-03-17 06:15:00,1983-03-17 06:15:00,False,False
,10117022,Pennsylvania,63,Indiana,,1983-05-22 12:47:00,CST,1983-05-22 12:47:00,0,0,0,0,2.5M,0,,F2,Unknown,6.0,200,,,,,40.45,-79.28,40.5,-79.18,,,PA,1983-05-22 13:47:00,1983-05-22 13:47:00,True,True
,10151968,Virginia,135,Nottoway,,1983-05-22 16:30:00,CST,1983-05-22 16:30:00,0,0,0,0,250K,0,,F3,Unknown,2.5,37,,,,,37.08,-77.97,37.08,-77.92,,,VA,1983-05-22 17:30:00,1983-05-22 17:30:00,True,True
,10151969,Virginia,53,Dinwiddie,,1983-05-22 16:40:00,CST,1983-05-22 16:40:00,0,0,0,0,250K,0,,F3,Unknown,1.0,37,,,,,37.08,-77.92,37.1,-77.88,,,VA,1983-05-22 17:40:00,1983-05-22 17:40:00,True,True
,10149436,Wisconsin,91,Pepin,,1983-06-30 19:30:00,CST,1983-06-30 19:30:00,0,0,0,0,.03K,0,,F0,Unknown,0.1,80,,,,,44.43,-92.15,,,,,WI,1983-06-30 20:30:00,1983-06-30 20:30:00,True,True
,9997148,Georgia,17,Ben Hill,,1983-02-22 14:45:00,CST,1983-02-22 14:45:00,0,0,0,0,250K,0,,F1,Unknown,2.5,50,,,,,31.72,-83.25,,,,,GA,1983-02-22 14:45:00,1983-02-22 14:45:00,False,False
,9997149,Georgia,5,Bacon,,1983-02-22 17:05:00,CST,1983-02-22 17:05:00,0,0,0,0,25K,0,,F1,Unknown,2.0,67,,,,,31.57,-82.5,,,,,GA,1983-02-22 17:05:00,1983-02-22 17:05:00,False,False
,9997150,Georgia,5,Bacon,,1983-02-22 17:05:00,CST,1983-02-22 17:05:00,3,0,0,0,250K,0,,F1,Unknown,4.0,300,,,,,31.53,-82.45,31.58,-82.43,,,GA,1983-02-22 17:05:00,1983-02-22 17:05:00,False,False
,9998528,Florida,79,Madison,,1983-12-29 00:45:00,CST,1983-12-29 00:45:00,0,0,0,0,25K,0,,F1,Unknown,3.0,30,,,,,30.42,-83.3,30.47,-83.32,,,FL,1983-12-29 00:45:00,1983-12-29 00:45:00,False,False
,10040781,Michigan,91,Lenawee,,1983-05-01 23:37:00,CST,1983-05-01 23:37:00,0,0,0,0,25K,0,,F2,Unknown,5.9,500,,,,,41.98,-84.1,42.03,-84.0,,,MI,1983-05-02 00:37:00,1983-05-02 00:37:00,True,True
,10032527,Kentucky,193,Perry,,1983-03-27 14:50:00,CST,1983-03-27 14:50:00,0,0,0,0,2.5K,0,,F1,Unknown,2.0,100,,,,,37.08,-83.2,,,,,KY,1983-03-27 14:50:00,1983-03-27 14:50:00,False,False
,10043998,Louisiana,67,Morehouse,,1983-04-01 16:23:00,CST,1983-04-01 16:23:00,20,0,2,0,2.5M,0,,F4,Unknown,5.0,1000,,,,,32.67,-91.95,32.7,-91.87,,,LA,1983-04-01 16:23:00,1983-04-01 16:23:00,False,False
,10162386,Wisconsin,27,Dodge,,1983-08-21 14:41:00,CST,1983-08-21 14:41:00,0,0,0,0,2.5K,0,,F0,Unknown,0.1,20,,,,,43.57,-88.83,,,,,WI,1983-08-21 15:41:00,1983-08-21 15:41:00,True,True
,10146532,Washington,21,Franklin,,1983-04-23 16:49:00,CST,1983-04-23 16:49:00,0,0,0,0,25K,0,,F1,Unknown,3.0,100,,,,,46.53,-119.0,46.57,-118.95,,,WA,1983-04-23 16:49:00,1983-04-23 16:49:00,False,False
,10146533,Washington,1,Adams,,1983-04-23 17:29:00,CST,1983-04-23 17:29:00,0,0,0,0,.03K,0,,F0,Unknown,0.5,33,,,,,46.9,-119.07,,,,,WA,1983-04-23 17:29:00,1983-04-23 17:29:00,False,False
,10146535,Washington,65,Stevens,,1983-07-25 20:00:00,CST,1983-07-25 20:00:00,0,0,0,0,25K,0,,F1,Unknown,0.2,10,,,,,48.55,-117.82,,,,,WA,1983-07-25 21:00:00,1983-07-25 21:00:00,True,True
,10142462,Texas,59,Callahan,,1983-06-05 16:15:00,CST,1983-06-05 16:15:00,0,0,0,0,250K,0,,F1,Unknown,0.1,17,,,,,32.22,-99.8,,,,,TX,1983-06-05 17:15:00,1983-06-05 17:15:00,True,True
,10001993,Florida,129,Wakulla,,1983-04-23 02:50:00,CST,1983-04-23 02:50:00,0,0,0,0,25K,0,,F1,Unknown,8.0,40,,,,,29.98,-84.42,30.07,-84.3,,,FL,1983-04-23 02:50:00,1983-04-23 02:50:00,False,False
,10126673,South Dakota,103,Pennington,,1983-08-17 15:22:00,CST,1983-08-17 15:22:00,0,0,0,0,2.5K,0,,F1,Unknown,0.2,10,,,,,44.25,-102.23,,,,,SD,1983-08-17 16:22:00,1983-08-17 16:22:00,True,True
,10126675,South Dakota,47,Fall River,,1983-08-17 18:15:00,CST,1983-08-17 18:15:00,0,0,0,0,25K,0,,F2,Unknown,0.2,10,,,,,43.2,-103.07,,,,,SD,1983-08-17 19:15:00,1983-08-17 19:15:00,True,True
,10142490,Texas,163,Frio,,1983-06-06 11:30:00,CST,1983-06-06 11:30:00,0,0,0,0,25K,0,,F1,Unknown,1.0,567,,,,,28.78,-99.12,,,,,TX,1983-06-06 12:30:00,1983-06-06 12:30:00,True,True
,10008992,Idaho,5,Bannock,,1983-08-18 13:30:00,CST,1983-08-18 13:30:00,0,0,0,0,.03K,0,,F1,Unknown,2.5,3,,,,,42.68,-112.28,,,,,ID,1983-08-18 14:30:00,1983-08-18 14:30:00,True,True
,10125534,South Dakota,125,Turner,,1983-07-01 00:00:00,CST,1983-07-01 00:00:00,0,0,0,0,2.5K,0,,F0,Unknown,0.2,10,,,,,43.4,-97.13,,,,,SD,1983-07-01 01:00:00,1983-07-01 01:00:00,True,True
,10050090,Minnesota,19,Carver,,1983-06-13 20:15:00,CST,1983-06-13 20:15:00,0,0,0,0,.03K,0,,F0,Unknown,0.2,50,,,,,44.97,-93.85,,,,,MN,1983-06-13 21:15:00,1983-06-13 21:15:00,True,True
,10149690,Wisconsin,35,Eau Claire,,1983-07-03 16:10:00,CST,1983-07-03 16:10:00,0,0,0,0,250K,0,,F2,Unknown,8.0,880,,,,,44.63,-91.25,44.72,-91.15,,,WI,1983-07-03 17:10:00,1983-07-03 17:10:00,True,True
,10149691,Wisconsin,35,Eau Claire,,1983-07-03 16:20:00,CST,1983-07-03 16:20:00,0,0,0,0,25K,0,,F2,Unknown,0.5,50,,,,,44.82,-91.48,,,,,WI,1983-07-03 17:20:00,1983-07-03 17:20:00,True,True
,10149693,Wisconsin,19,Clark,,1983-07-03 17:20:00,CST,1983-07-03 17:20:00,0,0,0,0,250K,0,,F2,Unknown,6.0,57,,,,,44.85,-90.45,44.88,-90.33,,,WI,1983-07-03 18:20:00,1983-07-03 18:20:00,True,True
,10149370,Wisconsin,15,Calumet,,1983-07-19 19:25:00,CST,1983-07-19 19:25:00,0,0,0,0,250K,0,,F1,Unknown,2.0,100,,,,,44.07,-88.3,,,,,WI,1983-07-19 20:25:00,1983-07-19 20:25:00,True,True
,10149374,Wisconsin,27,Dodge,,1983-07-19 19:30:00,CST,1983-07-19 19:30:00,0,0,0,0,2.5K,0,,F0,Unknown,0.1,7,,,,,43.22,-88.52,,,,,WI,1983-07-19 20:30:00,1983-07-19 20:30:00,True,True
,10154267,Virginia,147,Prince Edward,,1983-10-13 14:45:00,CST,1983-10-13 14:45:00,0,0,0,0,250K,0,,F1,Unknown,1.0,30,,,,,37.28,-78.28,37.28,-78.23,,,VA,1983-10-13 15:45:00,1983-10-13 15:45:00,True,True
,10154268,Virginia,135,Nottoway,,1983-10-13 14:47:00,CST,1983-10-13 14:47:00,0,0,0,0,250K,0,,F1,Unknown,3.0,30,,,,,37.28,-78.23,37.3,-78.2,,,VA,1983-10-13 15:47:00,1983-10-13 15:47:00,True,True
,10154269,Virginia,7,Amelia,,1983-10-13 14:50:00,CST,1983-10-13 14:50:00,0,0,0,0,250K,0,,F1,Unknown,2.0,30,,,,,37.3,-78.2,37.3,-78.15,,,VA,1983-10-13 15:50:00,1983-10-13 15:50:00,True,True
,10154271,Virginia,75,Goochland,,1983-10-13 15:00:00,CST,1983-10-13 15:00:00,0,0,0,0,250K,0,,F1,Unknown,2.0,27,,,,,37.73,-77.88,37.75,-77.83,,,VA,1983-10-13 16:00:00,1983-10-13 16:00:00,True,True
,10074832,New York,11,Cayuga,,1983-05-02 19:15:00,CST,1983-05-02 19:15:00,0,0,1,0,2.5M,0,,F3,Unknown,6.0,200,,,,,43.17,-76.62,43.17,-76.47,,,NY,1983-05-02 20:15:00,1983-05-02 20:15:00,True,True
,10162999,Wyoming,1,Albany,,1983-08-18 15:45:00,CST,1983-08-18 15:45:00,0,0,0,0,.03K,0,,F0,Unknown,0.2,17,,,,,41.32,-105.58,,,,,WY,1983-08-18 16:45:00,1983-08-18 16:45:00,True,True
,9976392,Alabama,97,Mobile,,1983-03-26 16:50:00,CST,1983-03-26 16:50:00,0,0,0,0,250K,0,,F1,Unknown,0.1,20,,,,,30.55,-88.17,,,,,AL,1983-03-26 16:50:00,1983-03-26 16:50:00,False,False
,9977518,Alabama,95,Marshall,,1983-05-19 14:35:00,CST,1983-05-19 14:35:00,2,0,0,0,25K,0,,F1,Unknown,1.5,80,,,,,34.2,-86.2,,,,,AL,1983-05-19 15:35:00,1983-05-19 15:35:00,True,True
,10039951,Maryland,37,St. Mary'S,,1983-10-13 18:45:00,CST,1983-10-13 18:45:00,0,0,0,0,25K,0,,F2,Unknown,3.0,37,,,,,38.37,-76.57,38.42,-76.55,,,MD,1983-10-13 18:45:00,1983-10-13 18:45:00,False,False
,10148239,Wisconsin,1,Adams,,1983-07-03 18:45:00,CST,1983-07-03 18:45:00,0,0,0,0,.03K,0,,F0,Unknown,0.3,10,,,,,43.78,-89.78,,,,,WI,1983-07-03 19:45:00,1983-07-03 19:45:00,True,True
,10148240,Wisconsin,1,Adams,,1983-07-03 19:00:00,CST,1983-07-03 19:00:00,0,0,0,0,.03K,0,,F0,Unknown,0.5,50,,,,,43.67,-89.63,,,,,WI,1983-07-03 20:00:00,1983-07-03 20:00:00,True,True
,10148241,Wisconsin,115,Shawano,,1983-07-03 19:00:00,CST,1983-07-03 19:00:00,0,0,0,0,25K,0,,F1,Unknown,0.5,50,,,,,44.93,-89.2,,,,,WI,1983-07-03 20:00:00,1983-07-03 20:00:00,True,True
,10148244,Wisconsin,141,Wood,,1983-07-03 19:11:00,CST,1983-07-03 19:11:00,0,0,0,0,.03K,0,,F0,Unknown,0.3,10,,,,,44.52,-89.95,,,,,WI,1983-07-03 20:11:00,1983-07-03 20:11:00,True,True
,10148245,Wisconsin,57,Juneau,,1983-07-03 19:15:00,CST,1983-07-03 19:15:00,0,0,0,0,.03K,0,,F0,Unknown,0.3,10,,,,,43.72,-89.9,,,,,WI,1983-07-03 20:15:00,1983-07-03 20:15:00,True,True
,10148246,Wisconsin,49,Iowa,,1983-07-03 19:15:00,CST,1983-07-03 19:15:00,0,0,0,0,25K,0,,F4,Unknown,0.5,50,,,,,42.97,-90.13,,,,,WI,1983-07-03 20:15:00,1983-07-03 20:15:00,True,True
,10021680,Kansas,29,Cloud,,1983-06-10 16:30:00,CST,1983-06-10 16:30:00,0,0,0,0,.03K,0,,F0,Unknown,0.1,7,,,,,39.55,-97.63,,,,,KS,1983-06-10 17:30:00,1983-06-10 17:30:00,True,True
,10047852,Minnesota,19,Carver,,1983-06-30 17:26:00,CST,1983-06-30 17:26:00,0,0,0,0,2.5M,0,,F1,Unknown,2.0,40,,,,,44.92,-93.93,,,,,MN,1983-06-30 18:26:00,1983-06-30 18:26:00,True,True
,10064098,Mississippi,135,Tallahatchie,,1983-05-18 16:30:00,CST,1983-05-18 16:30:00,0,0,0,0,250K,0,,F2,Unknown,0.7,77,,,,,33.75,-90.2,,,,,MS,1983-05-18 17:30:00,1983-05-18 17:30:00,True,True
,10106673,Oklahoma,17,Canadian,,1983-05-17 21:55:00,CST,1983-05-17 21:55:00,0,0,0,0,250K,0,,F2,Unknown,10.0,200,,,,,35.55,-98.05,35.63,-97.9,,,OK,1983-05-17 22:55:00,1983-05-17 22:55:00,True,True
,10161908,Wyoming,5,Campbell,,1983-07-17 01:30:00,CST,1983-07-17 01:30:00,0,0,0,0,25K,0,,F1,Unknown,1.5,70,,,,,43.72,-105.47,,,,,WY,1983-07-17 02:30:00,1983-07-17 02:30:00,True,True
,9978678,Alabama,43,Cullman,,1983-11-15 00:12:00,CST,1983-11-15 00:12:00,19,0,0,0,2.5M,0,,F3,Unknown,17.0,200,,,,,34.1,-86.87,34.27,-86.62,,,AL,1983-11-15 00:12:00,1983-11-15 00:12:00,False,False
,9991556,Arkansas,69,Jefferson,,1983-05-14 18:50:00,CST,1983-05-14 18:50:00,2,0,0,0,2.5M,0,,F3,Unknown,5.0,100,,,,,34.18,-92.05,34.3,-91.97,,,AR,1983-05-14 19:50:00,1983-05-14 19:50:00,True,True
,10152999,Vermont,7,Chittenden,,1983-08-08 14:00:00,CST,1983-08-08 14:00:00,0,0,0,0,2.5M,0,,F2,Unknown,0.2,10,,,,,44.53,-73.15,,,,,VT,1983-08-08 15:00:00,1983-08-08 15:00:00,True,True
,10149696,Wisconsin,121,Trempealeau,,1983-07-03 17:30:00,CST,1983-07-03 17:30:00,0,0,0,0,.25K,0,,F0,Unknown,0.3,10,,,,,44.25,-91.58,,,,,WI,1983-07-03 18:30:00,1983-07-03 18:30:00,True,True
,10151161,Virginia,65,Fluvanna,,1983-08-23 15:00:00,CST,1983-08-23 15:00:00,0,0,0,0,2.5K,0,,F1,Unknown,0.3,100,,,,,37.78,-78.25,,,,,VA,1983-08-23 16:00:00,1983-08-23 16:00:00,True,True
,10161889,Wyoming,21,Laramie,,1983-06-04 15:45:00,CST,1983-06-04 15:45:00,0,0,0,0,.03K,0,,F1,Unknown,0.5,30,,,,,41.13,-104.35,,,,,WY,1983-06-04 16:45:00,1983-06-04 16:45:00,True,True
,10161892,Wyoming,27,Niobrara,,1983-06-20 18:40:00,CST,1983-06-20 18:40:00,0,0,0,0,.03K,0,,F1,Unknown,1.0,30,,,,,43.25,-104.3,,,,,WY,1983-06-20 19:40:00,1983-06-20 19:40:00,True,True
,10091174,North Carolina,95,Hyde,,1983-03-21 06:10:00,CST,1983-03-21 06:10:00,0,0,0,0,250K,0,,F1,Unknown,12.0,33,,,,,35.58,-76.5,35.63,-76.3,,,NC,1983-03-21 06:10:00,1983-03-21 06:10:00,False,False
,10154273,Virginia,109,Louisa,,1983-10-13 15:05:00,CST,1983-10-13 15:05:00,0,0,0,0,250K,0,,F1,Unknown,2.0,27,,,,,37.75,-77.83,37.77,-77.8,,,VA,1983-10-13 16:05:00,1983-10-13 16:05:00,True,True
,10154274,Virginia,37,Charlotte,,1983-10-13 15:45:00,CST,1983-10-13 15:45:00,0,0,0,0,250K,0,,F2,Unknown,5.0,30,,,,,36.98,-78.6,37.05,-78.5,,,VA,1983-10-13 16:45:00,1983-10-13 16:45:00,True,True
,10154275,Virginia,61,Fauquier,,1983-10-13 16:00:00,CST,1983-10-13 16:00:00,0,0,0,0,2.5K,0,,F0,Unknown,0.3,10,,,,,38.73,-77.77,,,,,VA,1983-10-13 17:00:00,1983-10-13 17:00:00,True,True
,10154276,Virginia,47,Culpeper,,1983-10-13 16:54:00,CST,1983-10-13 16:54:00,6,0,0,0,2.5M,0,,F2,Unknown,1.0,40,,,,,38.42,-77.88,,,,,VA,1983-10-13 17:54:00,1983-10-13 17:54:00,True,True
,10154279,Virginia,59,Fairfax,,1983-10-13 17:55:00,CST,1983-10-13 17:55:00,0,0,0,0,.03K,0,,F0,Unknown,1.0,17,,,,,38.85,-77.3,,,,,VA,1983-10-13 18:55:00,1983-10-13 18:55:00,True,True
,10154280,Virginia,610,Falls Church (C),,1983-10-13 18:12:00,CST,1983-10-13 18:12:00,0,0,0,0,2.5M,0,,F2,Unknown,1.0,40,,,,,38.88,-77.2,,,,,VA,1983-10-13 18:12:00,1983-10-13 18:12:00,False,False
,9994869,Georgia,77,Coweta,,1983-11-20 12:45:00,CST,1983-11-20 12:45:00,0,0,0,0,25K,0,,F1,Unknown,5.0,100,,,,,33.32,-84.63,33.35,-84.57,,,GA,1983-11-20 12:45:00,1983-11-20 12:45:00,False,False
,9994870,Georgia,215,Muscogee,,1983-11-20 13:50:00,CST,1983-11-20 13:50:00,2,0,0,0,250K,0,,F1,Unknown,1.0,100,,,,,32.52,-84.93,,,,,GA,1983-11-20 13:50:00,1983-11-20 13:50:00,False,False
,9994873,Georgia,235,Pulaski,,1983-11-20 16:50:00,CST,1983-11-20 16:50:00,0,0,0,0,25K,0,,F1,Unknown,6.0,67,,,,,32.28,-83.52,32.33,-83.45,,,GA,1983-11-20 16:50:00,1983-11-20 16:50:00,False,False
,9994874,Georgia,223,Paulding,,1983-12-03 20:30:00,CST,1983-12-03 20:30:00,0,0,0,0,2.5K,0,,F1,Unknown,0.3,30,,,,,33.87,-84.75,,,,,GA,1983-12-03 20:30:00,1983-12-03 20:30:00,False,False
,9994875,Georgia,15,Bartow,,1983-12-03 20:30:00,CST,1983-12-03 20:30:00,0,0,0,0,250K,0,,F1,Unknown,2.5,100,,,,,34.28,-84.52,,,,,GA,1983-12-03 20:30:00,1983-12-03 20:30:00,False,False
,9994877,Georgia,121,Fulton,,1983-12-03 21:00:00,CST,1983-12-03 21:00:00,0,0,0,0,2.5M,0,,F2,Unknown,0.5,80,,,,,33.78,-84.52,,,,,GA,1983-12-03 21:00:00,1983-12-03 21:00:00,False,False
,9994880,Georgia,221,Oglethorpe,,1983-12-03 22:45:00,CST,1983-12-03 22:45:00,0,0,0,0,.03K,0,,F0,Unknown,4.0,40,,,,,33.88,-83.03,33.9,-82.98,,,GA,1983-12-03 22:45:00,1983-12-03 22:45:00,False,False
,9994881,Georgia,163,Jefferson,,1983-12-04 00:15:00,CST,1983-12-04 00:15:00,2,0,0,0,.03K,0,,F0,Unknown,1.0,30,,,,,32.88,-82.47,,,,,GA,1983-12-04 00:15:00,1983-12-04 00:15:00,False,False
,10141517,Texas,181,Grayson,,1983-04-13 08:30:00,CST,1983-04-13 08:30:00,0,0,0,0,25K,0,,F0,Unknown,0.1,20,,,,,33.6,-96.92,,,,,TX,1983-04-13 08:30:00,1983-04-13 08:30:00,False,False
,10141431,Texas,39,Brazoria,,1983-08-18 18:30:00,CST,1983-08-18 18:30:00,0,0,0,0,.03K,0,,F0,Unknown,0.3,30,,,,,29.28,-95.75,,,,,TX,1983-08-18 19:30:00,1983-08-18 19:30:00,True,True
,10141432,Texas,39,Brazoria,,1983-08-18 18:35:00,CST,1983-08-18 18:35:00,0,0,0,0,.03K,0,,F0,Unknown,0.3,30,,,,,29.42,-95.25,,,,,TX,1983-08-18 19:35:00,1983-08-18 19:35:00,True,True
,10141433,Texas,201,Harris,,1983-08-18 19:20:00,CST,1983-08-18 19:20:00,0,0,0,0,.03K,0,,F0,Unknown,1.0,50,,,,,29.7,-95.1,,,,,TX,1983-08-18 20:20:00,1983-08-18 20:20:00,True,True
,10141436,Texas,241,Jasper,,1983-09-01 02:30:00,CST,1983-09-01 02:30:00,0,0,0,0,250K,0,,F0,Unknown,3.0,30,,,,,30.9,-94.15,30.9,-94.1,,,TX,1983-09-01 03:30:00,1983-09-01 03:30:00,True,True
,9994890,Georgia,277,Tift,,1983-12-05 20:08:00,CST,1983-12-05 20:08:00,0,0,0,0,.03K,0,,F1,Unknown,4.0,100,,,,,31.42,-83.43,31.43,-83.38,,,GA,1983-12-05 20:08:00,1983-12-05 20:08:00,False,False
,10141792,Texas,341,Moore,,1983-05-13 13:30:00,CST,1983-05-13 13:30:00,0,0,0,0,.03K,0,,F0,Unknown,0.5,50,,,,,35.83,-101.7,,,,,TX,1983-05-13 14:30:00,1983-05-13 14:30:00,True,True
,10141793,Texas,485,Wichita,,1983-05-13 14:30:00,CST,1983-05-13 14:30:00,0,0,0,0,.03K,0,,F1,Unknown,0.8,17,,,,,34.15,-98.93,34.18,-98.92,,,TX,1983-05-13 15:30:00,1983-05-13 15:30:00,True,True
,10142497,Texas,25,Bee,,1983-06-06 12:25:00,CST,1983-06-06 12:25:00,0,0,0,0,.03K,0,,F0,Unknown,0.3,20,,,,,28.25,-97.67,,,,,TX,1983-06-06 13:25:00,1983-06-06 13:25:00,True,True
,10142501,Texas,131,Duval,,1983-06-06 12:50:00,CST,1983-06-06 12:50:00,0,0,0,0,250K,0,,F1,Unknown,0.3,30,,,,,28.12,-98.62,,,,,TX,1983-06-06 13:50:00,1983-06-06 13:50:00,True,True
,10002036,Florida,83,Marion,,1983-09-03 16:00:00,CST,1983-09-03 16:00:00,0,0,0,0,2.5K,0,,F0,Unknown,0.2,30,,,,,27.48,-82.57,,,,,FL,1983-09-03 17:00:00,1983-09-03 17:00:00,True,True
,10002040,Florida,57,Hillsborough,,1983-09-08 13:00:00,CST,1983-09-08 13:00:00,0,0,0,0,250K,0,,F0,Unknown,0.5,30,,,,,27.85,-82.52,,,,,FL,1983-09-08 14:00:00,1983-09-08 14:00:00,True,True
,10002041,Florida,71,Lee,,1983-09-10 15:30:00,CST,1983-09-10 15:30:00,0,0,0,0,250K,0,,F1,Unknown,3.0,30,,,,,26.6,-81.97,26.65,-81.92,,,FL,1983-09-10 16:30:00,1983-09-10 16:30:00,True,True
,10000917,Florida,57,Hillsborough,,1983-06-08 11:00:00,CST,1983-06-08 11:00:00,2,0,0,0,250K,0,,F1,Unknown,1.0,30,,,,,28.0,-82.05,,,,,FL,1983-06-08 12:00:00,1983-06-08 12:00:00,True,True
,10000925,Florida,87,Monroe,,1983-06-20 19:14:00,CST,1983-06-20 19:14:00,0,0,0,0,2.5M,0,,F1,Unknown,3.0,50,,,,,24.65,-81.57,24.68,-81.53,,,FL,1983-06-20 19:14:00,1983-06-20 19:14:00,False,False
,10000926,Florida,1,Alachua,,1983-06-21 10:00:00,CST,1983-06-21 10:00:00,0,0,0,0,25K,0,,F1,Unknown,4.0,40,,,,,29.65,-82.33,29.7,-82.28,,,FL,1983-06-21 11:00:00,1983-06-21 11:00:00,True,True
,10000927,Florida,35,Flagler,,1983-06-22 13:00:00,CST,1983-06-22 13:00:00,0,0,0,0,.25K,0,,F0,Unknown,0.4,20,,,,,29.47,-81.13,,,,,FL,1983-06-22 14:00:00,1983-06-22 14:00:00,True,True
,10143571,Texas,245,Jefferson,,1983-05-20 13:35:00,CST,1983-05-20 13:35:00,0,0,0,0,.25K,0,,F0,Unknown,0.3,50,,,,,30.08,-94.13,,,,,TX,1983-05-20 14:35:00,1983-05-20 14:35:00,True,True
,10143572,Texas,71,Chambers,,1983-05-20 13:35:00,CST,1983-05-20 13:35:00,0,0,0,0,.03K,0,,F0,Unknown,0.3,20,,,,,29.82,-94.38,,,,,TX,1983-05-20 14:35:00,1983-05-20 14:35:00,True,True
,10143574,Texas,245,Jefferson,,1983-05-20 13:40:00,CST,1983-05-20 13:40:00,0,0,0,0,2.5M,0,,F0,Unknown,1.0,100,,,,,29.92,-94.25,,,,,TX,1983-05-20 14:40:00,1983-05-20 14:40:00,True,True
,10143575,Texas,245,Jefferson,,1983-05-20 13:45:00,CST,1983-05-20 13:45:00,9,0,1,0,2.5M,0,,F2,Unknown,3.0,167,,,,,29.95,-94.03,29.97,-94.0,,,TX,1983-05-20 14:45:00,1983-05-20 14:45:00,True,True
,10143589,Texas,369,Parmer,,1983-06-07 22:45:00,CST,1983-06-07 22:45:00,0,0,0,0,25K,0,,F1,Unknown,0.3,60,,,,,34.52,-102.9,,,,,TX,1983-06-07 23:45:00,1983-06-07 23:45:00,True,True
,10143590,Texas,369,Parmer,,1983-06-08 18:34:00,CST,1983-06-08 18:34:00,0,0,0,0,.03K,0,,F0,Unknown,0.3,60,,,,,34.38,-103.03,,,,,TX,1983-06-08 19:34:00,1983-06-08 19:34:00,True,True
,10143591,Texas,17,Bailey,,1983-06-08 19:15:00,CST,1983-06-08 19:15:00,0,0,0,0,.03K,0,,F1,Unknown,0.5,100,,,,,34.22,-102.73,,,,,TX,1983-06-08 20:15:00,1983-06-08 20:15:00,True,True
,10143593,Texas,279,Lamb,,1983-06-08 19:30:00,CST,1983-06-08 19:30:00,0,0,0,0,.03K,0,,F0,Unknown,0.3,70,,,,,34.07,-102.53,,,,,TX,1983-06-08 20:30:00,1983-06-08 20:30:00,True,True
,10143594,Texas,279,Lamb,,1983-06-08 20:25:00,CST,1983-06-08 20:25:00,0,0,0,0,.03K,0,,F0,Unknown,0.3,70,,,,,34.0,-102.32,,,,,TX,1983-06-08 21:25:00,1983-06-08 21:25:00,True,True
,10143595,Texas,219,Hockley,,1983-06-08 20:53:00,CST,1983-06-08 20:53:00,0,0,0,0,.03K,0,,F1,Unknown,0.1,17,,,,,33.68,-102.12,,,,,TX,1983-06-08 21:53:00,1983-06-08 21:53:00,True,True
,10143597,Texas,305,Lynn,,1983-06-08 21:22:00,CST,1983-06-08 21:22:00,0,0,0,0,.03K,0,,F0,Unknown,0.3,50,,,,,32.97,-101.6,,,,,TX,1983-06-08 22:22:00,1983-06-08 22:22:00,True,True
,10125792,South Dakota,127,Union,,1983-07-22 19:25:00,CST,1983-07-22 19:25:00,0,0,0,0,.03K,0,,F0,Unknown,0.2,10,,,,,42.73,-96.67,,,,,SD,1983-07-22 20:25:00,1983-07-22 20:25:00,True,True
,10125793,South Dakota,127,Union,,1983-07-22 19:25:00,CST,1983-07-22 19:25:00,0,0,0,0,.25K,0,,F0,Unknown,0.2,10,,,,,43.0,-96.65,,,,,SD,1983-07-22 20:25:00,1983-07-22 20:25:00,True,True
,10125794,South Dakota,127,Union,,1983-07-22 19:28:00,CST,1983-07-22 19:28:00,0,0,0,0,.03K,0,,F0,Unknown,0.2,10,,,,,42.85,-96.73,,,,,SD,1983-07-22 20:28:00,1983-07-22 20:28:00,True,True
,10125795,South Dakota,127,Union,,1983-07-22 19:28:00,CST,1983-07-22 19:28:00,0,0,0,0,2.5K,0,,F1,Unknown,0.2,10,,,,,42.77,-96.63,,,,,SD,1983-07-22 20:28:00,1983-07-22 20:28:00,True,True
,10023086,Kansas,177,Shawnee,,1983-05-06 17:30:00,CST,1983-05-06 17:30:00,25,0,1,0,25M,0,,F3,Unknown,19.0,150,,,,,38.9,-95.87,39.05,-95.58,,,KS,1983-05-06 18:30:00,1983-05-06 18:30:00,True,True
,10016378,Indiana,125,Pike,,1983-05-02 14:00:00,CST,1983-05-02 14:00:00,0,0,0,0,25K,0,,F0,Unknown,0.1,10,,,,,38.4,-87.4,,,,,IN,1983-05-02 15:00:00,1983-05-02 15:00:00,True,True
,10143518,Texas,15,Austin,,1983-05-20 00:05:00,CST,1983-05-20 00:05:00,0,0,0,0,2.5M,0,,F0,Unknown,0.3,20,,,,,29.78,-96.15,,,,,TX,1983-05-20 01:05:00,1983-05-20 01:05:00,True,True
,10143519,Texas,291,Liberty,,1983-05-20 00:15:00,CST,1983-05-20 00:15:00,0,0,0,0,2.5M,0,,F0,Unknown,0.8,40,,,,,30.05,-94.97,,,,,TX,1983-05-20 01:15:00,1983-05-20 01:15:00,True,True
,10143520,Texas,477,Washington,,1983-05-20 00:30:00,CST,1983-05-20 00:30:00,4,0,1,0,2.5M,0,,F1,Unknown,1.0,167,,,,,30.1,-96.37,,,,,TX,1983-05-20 01:30:00,1983-05-20 01:30:00,True,True
,10143523,Texas,291,Liberty,,1983-05-20 00:35:00,CST,1983-05-20 00:35:00,0,0,0,0,2.5M,0,,F1,Unknown,1.0,100,,,,,29.88,-94.88,,,,,TX,1983-05-20 01:35:00,1983-05-20 01:35:00,True,True
,10002027,Florida,63,Jackson,,1983-06-07 08:20:00,CST,1983-06-07 08:20:00,0,0,0,0,250K,0,,F1,Unknown,2.0,40,,,,,30.95,-85.17,,,,,FL,1983-06-07 09:20:00,1983-06-07 09:20:00,True,True
,10002028,Florida,7,Bradford,,1983-06-07 13:15:00,CST,1983-06-07 13:15:00,0,0,0,0,25K,0,,F1,Unknown,0.4,20,,,,,29.9,-82.12,,,,,FL,1983-06-07 14:15:00,1983-06-07 14:15:00,True,True
,10142918,Texas,465,Val Verde,,1983-05-19 18:35:00,CST,1983-05-19 18:35:00,0,0,0,0,.03K,0,,F0,Unknown,1.0,30,,,,,29.37,-100.92,,,,,TX,1983-05-19 19:35:00,1983-05-19 19:35:00,True,True
,10141764,Texas,123,De Witt,,1983-05-03 00:35:00,CST,1983-05-03 00:35:00,0,0,0,0,.03K,0,,F0,Unknown,1.0,30,,,,,28.95,-97.23,,,,,TX,1983-05-03 00:35:00,1983-05-03 00:35:00,False,False
,10002078,Florida,91,Okaloosa,,1983-12-11 06:30:00,CST,1983-12-11 06:30:00,0,0,0,0,2.5K,0,,F1,Unknown,0.5,30,,,,,30.48,-86.53,,,,,FL,1983-12-11 06:30:00,1983-12-11 06:30:00,False,False
,10000705,Florida,21,Collier,,1983-06-08 06:45:00,CST,1983-06-08 06:45:00,0,0,0,0,2.5K,0,,F0,Unknown,0.5,20,,,,,26.12,-81.78,,,,,FL,1983-06-08 07:45:00,1983-06-08 07:45:00,True,True
,10000955,Florida,5,Bay,,1983-08-03 16:00:00,CST,1983-08-03 16:00:00,0,0,0,0,25K,0,,F1,Unknown,0.3,40,,,,,30.17,-85.67,,,,,FL,1983-08-03 17:00:00,1983-08-03 17:00:00,True,True
,10000956,Florida,86,Miami-Dade,,1983-08-05 07:55:00,CST,1983-08-05 07:55:00,0,0,0,0,.25K,0,,F0,Unknown,0.2,40,,,,,25.7,-80.37,,,,,FL,1983-08-05 08:55:00,1983-08-05 08:55:00,True,True
,10000957,Florida,9,Brevard,,1983-08-07 13:00:00,CST,1983-08-07 13:00:00,0,0,0,0,.03K,0,,F0,Unknown,0.2,30,,,,,28.38,-80.6,,,,,FL,1983-08-07 14:00:00,1983-08-07 14:00:00,True,True
,10141424,Texas,481,Wharton,,1983-08-18 15:55:00,CST,1983-08-18 15:55:00,0,0,0,0,.03K,0,,F0,Unknown,0.5,40,,,,,29.2,-96.28,,,,,TX,1983-08-18 16:55:00,1983-08-18 16:55:00,True,True
,9999788,Florida,5,Bay,,1983-01-29 22:15:00,CST,1983-01-29 22:15:00,0,0,0,0,2.5M,0,,F1,Unknown,0.7,30,,,,,30.18,-85.8,,,,,FL,1983-01-29 22:15:00,1983-01-29 22:15:00,False,False
,9999790,Florida,33,Escambia,,1983-02-01 07:45:00,CST,1983-02-01 07:45:00,0,0,0,0,250K,0,,F1,Unknown,5.0,40,,,,,30.38,-87.27,30.42,-87.22,,,FL,1983-02-01 07:45:00,1983-02-01 07:45:00,False,False
,10000933,Florida,55,Highlands,,1983-06-25 18:00:00,CST,1983-06-25 18:00:00,0,0,0,0,250K,0,,F1,Unknown,0.4,30,,,,,27.6,-81.52,,,,,FL,1983-06-25 19:00:00,1983-06-25 19:00:00,True,True
,10000936,Florida,117,Seminole,,1983-07-05 15:15:00,CST,1983-07-05 15:15:00,0,0,0,0,25K,0,,F1,Unknown,0.5,30,,,,,28.73,-81.2,,,,,FL,1983-07-05 16:15:00,1983-07-05 16:15:00,True,True
,10000938,Florida,21,Collier,,1983-07-06 16:00:00,CST,1983-07-06 16:00:00,0,0,0,0,.03K,0,,F0,Unknown,1.0,20,,,,,25.83,-81.3,,,,,FL,1983-07-06 17:00:00,1983-07-06 17:00:00,True,True
,10000940,Florida,115,Sarasota,,1983-07-07 15:57:00,CST,1983-07-07 15:57:00,0,0,0,0,250K,0,,F1,Unknown,3.0,50,,,,,27.13,-82.45,27.17,-82.4,,,FL,1983-07-07 16:57:00,1983-07-07 16:57:00,True,True
,10125777,South Dakota,29,Codington,,1983-07-18 03:00:00,CST,1983-07-18 03:00:00,0,0,0,0,2.5M,0,,F3,Unknown,0.5,100,,,,,44.9,-97.17,,,,,SD,1983-07-18 04:00:00,1983-07-18 04:00:00,True,True
,10143532,Texas,15,Austin,,1983-05-20 01:00:00,CST,1983-05-20 01:00:00,0,0,0,0,250K,0,,F1,Unknown,2.5,167,,,,,29.95,-96.33,,,,,TX,1983-05-20 02:00:00,1983-05-20 02:00:00,True,True
,10000945,Florida,17,Citrus,,1983-07-18 16:30:00,CST,1983-07-18 16:30:00,0,0,0,0,.25K,0,,F0,Unknown,0.4,20,,,,,28.92,-82.37,,,,,FL,1983-07-18 17:30:00,1983-07-18 17:30:00,True,True
,10000949,Florida,11,Broward,,1983-07-19 13:40:00,CST,1983-07-19 13:40:00,0,0,0,0,.03K,0,,F0,Unknown,0.3,20,,,,,26.27,-80.22,,,,,FL,1983-07-19 14:40:00,1983-07-19 14:40:00,True,True
,10000950,Florida,99,Palm Beach,,1983-07-20 22:15:00,CST,1983-07-20 22:15:00,0,0,0,0,25K,0,,F1,Unknown,0.5,30,,,,,26.47,-80.07,,,,,FL,1983-07-20 23:15:00,1983-07-20 23:15:00,True,True
,10000952,Florida,101,Pasco,,1983-07-25 14:40:00,CST,1983-07-25 14:40:00,0,0,0,0,25K,0,,F1,Unknown,0.5,30,,,,,28.23,-82.18,,,,,FL,1983-07-25 15:40:00,1983-07-25 15:40:00,True,True
,10143559,Texas,71,Chambers,,1983-05-20 12:55:00,CST,1983-05-20 12:55:00,0,0,0,0,250K,0,,F0,Unknown,0.3,20,,,,,29.83,-94.75,,,,,TX,1983-05-20 13:55:00,1983-05-20 13:55:00,True,True
,10143563,Texas,245,Jefferson,,1983-05-20 13:15:00,CST,1983-05-20 13:15:00,0,0,0,0,2.5M,0,,F0,Unknown,0.3,20,,,,,30.03,-94.42,,,,,TX,1983-05-20 14:15:00,1983-05-20 14:15:00,True,True
,10143537,Texas,15,Austin,,1983-05-20 01:10:00,CST,1983-05-20 01:10:00,0,0,0,0,2.5K,0,,F1,Unknown,3.0,167,,,,,30.02,-96.27,30.02,-96.22,,,TX,1983-05-20 02:10:00,1983-05-20 02:10:00,True,True
,10143539,Texas,201,Harris,,1983-05-20 01:15:00,CST,1983-05-20 01:15:00,0,0,0,0,.03K,0,,F1,Unknown,1.5,167,,,,,30.1,-95.62,,,,,TX,1983-05-20 02:15:00,1983-05-20 02:15:00,True,True
,10143541,Texas,201,Harris,,1983-05-20 01:20:00,CST,1983-05-20 01:20:00,5,0,1,0,2.5M,0,,F2,Unknown,7.0,333,,,,,30.07,-95.57,30.07,-95.45,,,TX,1983-05-20 02:20:00,1983-05-20 02:20:00,True,True
,10143544,Texas,201,Harris,,1983-05-20 01:30:00,CST,1983-05-20 01:30:00,7,0,1,0,2.5M,0,,F2,Unknown,12.0,333,,,,,29.83,-95.53,29.93,-95.37,,,TX,1983-05-20 02:30:00,1983-05-20 02:30:00,True,True
,10143555,Texas,201,Harris,,1983-05-20 12:20:00,CST,1983-05-20 12:20:00,0,0,0,0,.03K,0,,F0,Unknown,0.3,20,,,,,30.0,-95.25,,,,,TX,1983-05-20 13:20:00,1983-05-20 13:20:00,True,True
,10143556,Texas,201,Harris,,1983-05-20 12:31:00,CST,1983-05-20 12:31:00,0,0,0,0,.03K,0,,F0,Unknown,0.3,20,,,,,29.67,-95.37,,,,,TX,1983-05-20 13:31:00,1983-05-20 13:31:00,True,True
,9993723,Georgia,287,Turner,,1983-05-16 07:30:00,CST,1983-05-16 07:30:00,0,0,0,0,250K,0,,F1,Unknown,0.5,100,,,,,31.8,-83.48,,,,,GA,1983-05-16 08:30:00,1983-05-16 08:30:00,True,True
,9993724,Georgia,17,Ben Hill,,1983-05-16 08:00:00,CST,1983-05-16 08:00:00,0,0,0,0,250K,0,,F1,Unknown,3.0,100,,,,,31.8,-83.3,31.83,-83.25,,,GA,1983-05-16 09:00:00,1983-05-16 09:00:00,True,True
,9993726,Georgia,185,Lowndes,,1983-05-16 09:15:00,CST,1983-05-16 09:15:00,0,0,0,0,25K,0,,F1,Unknown,0.3,150,,,,,30.8,-83.3,,,,,GA,1983-05-16 10:15:00,1983-05-16 10:15:00,True,True
,9993727,Georgia,295,Walker,,1983-05-19 17:45:00,CST,1983-05-19 17:45:00,1,0,0,0,250K,0,,F1,Unknown,2.0,50,,,,,34.62,-85.3,,,,,GA,1983-05-19 18:45:00,1983-05-19 18:45:00,True,True
,9993728,Georgia,313,Whitfield,,1983-05-19 18:00:00,CST,1983-05-19 18:00:00,3,0,0,0,250K,0,,F1,Unknown,0.5,30,,,,,34.75,-84.9,,,,,GA,1983-05-19 19:00:00,1983-05-19 19:00:00,True,True
,10141088,Texas,211,Hemphill,,1983-05-24 20:00:00,CST,1983-05-24 20:00:00,0,0,0,0,25K,0,,F1,Unknown,0.3,60,,,,,36.02,-100.25,,,,,TX,1983-05-24 21:00:00,1983-05-24 21:00:00,True,True
,10144659,Texas,101,Cottle,,1983-05-20 19:55:00,CST,1983-05-20 19:55:00,0,0,0,0,.03K,0,,F0,Unknown,1.0,40,,,,,34.0,-100.4,,,,,TX,1983-05-20 20:55:00,1983-05-20 20:55:00,True,True
,10144663,Texas,241,Jasper,,1983-05-21 02:20:00,CST,1983-05-21 02:20:00,0,0,0,0,.03K,0,,F0,Unknown,0.3,20,,,,,30.65,-93.9,,,,,TX,1983-05-21 03:20:00,1983-05-21 03:20:00,True,True
,10144666,Texas,287,Lee,,1983-05-21 07:00:00,CST,1983-05-21 07:00:00,1,0,0,0,250K,0,,F1,Unknown,2.0,100,,,,,30.1,-96.97,,,,,TX,1983-05-21 08:00:00,1983-05-21 08:00:00,True,True
,10144667,Texas,473,Waller,,1983-05-21 08:25:00,CST,1983-05-21 08:25:00,0,0,0,0,.03K,0,,F0,Unknown,0.3,20,,,,,29.82,-95.93,,,,,TX,1983-05-21 09:25:00,1983-05-21 09:25:00,True,True
,10142380,Texas,215,Hidalgo,,1983-03-15 17:00:00,CST,1983-03-15 17:00:00,1,0,0,0,2.5M,0,,F3,Unknown,4.0,900,,,,,26.05,-98.32,26.0,-98.27,,,TX,1983-03-15 17:00:00,1983-03-15 17:00:00,False,False
,10142383,Texas,215,Hidalgo,,1983-03-15 17:15:00,CST,1983-03-15 17:15:00,9,0,0,0,2.5M,0,,F3,Unknown,1.5,900,,,,,26.0,-98.27,25.97,-98.27,,,TX,1983-03-15 17:15:00,1983-03-15 17:15:00,False,False
,10142384,Texas,215,Hidalgo,,1983-03-15 17:20:00,CST,1983-03-15 17:20:00,0,0,0,0,2.5M,0,,F3,Unknown,0.6,900,,,,,25.97,-98.27,25.95,-98.28,,,TX,1983-03-15 17:20:00,1983-03-15 17:20:00,False,False
,10142391,Texas,39,Brazoria,,1983-03-16 07:20:00,CST,1983-03-16 07:20:00,0,0,0,0,25K,0,,F0,Unknown,0.3,20,,,,,29.05,-95.58,,,,,TX,1983-03-16 07:20:00,1983-03-16 07:20:00,False,False
,10142394,Texas,409,San Patricio,,1983-03-23 10:30:00,CST,1983-03-23 10:30:00,0,0,0,0,25K,0,,F1,Unknown,0.5,20,,,,,27.98,-97.38,,,,,TX,1983-03-23 10:30:00,1983-03-23 10:30:00,False,False
,10142159,Texas,37,Bowie,,1983-03-04 12:15:00,CST,1983-03-04 12:15:00,0,0,0,0,250K,0,,F2,Unknown,5.0,50,,,,,33.5,-94.62,33.5,-94.53,,,TX,1983-03-04 12:15:00,1983-03-04 12:15:00,False,False
,10142163,Texas,339,Montgomery,,1983-03-04 14:00:00,CST,1983-03-04 14:00:00,0,0,0,0,.03K,0,,F0,Unknown,0.5,20,,,,,30.38,-95.65,,,,,TX,1983-03-04 14:00:00,1983-03-04 14:00:00,False,False
,9991559,Arkansas,1,Arkansas,,1983-05-14 19:40:00,CST,1983-05-14 19:40:00,0,0,0,0,250K,0,,F3,Unknown,0.8,250,,,,,34.5,-91.53,,,,,AR,1983-05-14 20:40:00,1983-05-14 20:40:00,True,True
,10142561,Texas,61,Cameron,,1983-11-06 11:30:00,CST,1983-11-06 11:30:00,0,0,0,0,25K,0,,F0,Unknown,2.0,300,,,,,25.95,-97.45,,,,,TX,1983-11-06 11:30:00,1983-11-06 11:30:00,False,False
,10142562,Texas,61,Cameron,,1983-11-06 11:50:00,CST,1983-11-06 11:50:00,0,0,0,0,25K,0,,F0,Unknown,4.0,200,,,,,25.98,-97.55,25.95,-97.5,,,TX,1983-11-06 11:50:00,1983-11-06 11:50:00,False,False
,9994860,Georgia,137,Habersham,,1983-10-12 22:30:00,CST,1983-10-12 22:30:00,6,0,0,0,250K,0,,F1,Unknown,10.0,100,,,,,34.62,-83.58,34.73,-83.48,,,GA,1983-10-12 23:30:00,1983-10-12 23:30:00,True,True
,9994861,Georgia,241,Rabun,,1983-10-12 22:50:00,CST,1983-10-12 22:50:00,0,0,0,0,250K,0,,F1,Unknown,5.0,100,,,,,34.73,-83.48,34.82,-83.43,,,GA,1983-10-12 23:50:00,1983-10-12 23:50:00,True,True
,10002015,Florida,73,Leon,,1983-05-16 08:30:00,CST,1983-05-16 08:30:00,0,0,0,0,2.5M,0,,F1,Unknown,2.0,50,,,,,30.4,-84.35,,,,,FL,1983-05-16 09:30:00,1983-05-16 09:30:00,True,True
,10002018,Florida,3,Baker,,1983-05-16 13:30:00,CST,1983-05-16 13:30:00,0,0,0,0,25K,0,,F1,Unknown,0.5,40,,,,,30.25,-82.27,,,,,FL,1983-05-16 14:30:00,1983-05-16 14:30:00,True,True
,10002023,Florida,99,Palm Beach,,1983-05-31 16:15:00,CST,1983-05-31 16:15:00,0,0,0,0,25K,0,,F0,Unknown,0.4,20,,,,,26.47,-80.07,,,,,FL,1983-05-31 17:15:00,1983-05-31 17:15:00,True,True
,10002024,Florida,86,Miami-Dade,,1983-05-31 16:45:00,CST,1983-05-31 16:45:00,0,0,0,0,2.5K,0,,F0,Unknown,0.3,10,,,,,25.77,-80.37,,,,,FL,1983-05-31 17:45:00,1983-05-31 17:45:00,True,True
,9994884,Georgia,71,Colquitt,,1983-12-05 19:15:00,CST,1983-12-05 19:15:00,3,0,0,0,.03K,0,,F1,Unknown,10.0,80,,,,,31.2,-83.93,31.23,-83.8,,,GA,1983-12-05 19:15:00,1983-12-05 19:15:00,False,False
,10144705,Texas,19,Bandera,,1983-05-23 19:50:00,CST,1983-05-23 19:50:00,0,0,0,0,.03K,0,,F0,Unknown,0.3,30,,,,,29.8,-99.07,,,,,TX,1983-05-23 20:50:00,1983-05-23 20:50:00,True,True
,10144706,Texas,19,Bandera,,1983-05-23 19:53:00,CST,1983-05-23 19:53:00,0,0,0,0,.03K,0,,F0,Unknown,0.3,30,,,,,29.8,-99.07,,,,,TX,1983-05-23 20:53:00,1983-05-23 20:53:00,True,True
,10144707,Texas,19,Bandera,,1983-05-23 19:55:00,CST,1983-05-23 19:55:00,0,0,0,0,.03K,0,,F0,Unknown,0.3,20,,,,,29.8,-99.07,,,,,TX,1983-05-23 20:55:00,1983-05-23 20:55:00,True,True
,10144792,Texas,347,Nacogdoches,,1983-12-10 15:50:00,CST,1983-12-10 15:50:00,3,0,0,0,2.5M,0,,F2,Unknown,8.0,50,,,,,31.62,-94.72,31.63,-94.62,,,TX,1983-12-10 15:50:00,1983-12-10 15:50:00,False,False
,10144794,Texas,477,Washington,,1983-12-10 16:00:00,CST,1983-12-10 16:00:00,0,0,1,0,250K,0,,F1,Unknown,4.0,200,,,,,30.27,-96.23,30.27,-96.17,,,TX,1983-12-10 16:00:00,1983-12-10 16:00:00,False,False
,10144795,Texas,477,Washington,,1983-12-10 16:08:00,CST,1983-12-10 16:08:00,0,0,0,0,250K,0,,F0,Unknown,2.0,150,,,,,30.27,-96.12,,,,,TX,1983-12-10 16:08:00,1983-12-10 16:08:00,False,False
,10144800,Texas,185,Grimes,,1983-12-10 16:50:00,CST,1983-12-10 16:50:00,0,0,0,0,250K,0,,F1,Unknown,1.0,100,,,,,30.32,-96.08,,,,,TX,1983-12-10 16:50:00,1983-12-10 16:50:00,False,False
,10144803,Texas,201,Harris,,1983-12-10 18:05:00,CST,1983-12-10 18:05:00,0,0,0,0,2.5K,0,,F0,Unknown,0.5,30,,,,,29.88,-95.32,,,,,TX,1983-12-10 18:05:00,1983-12-10 18:05:00,False,False
,10144804,Texas,407,San Jacinto,,1983-12-10 18:05:00,CST,1983-12-10 18:05:00,3,0,1,0,250K,0,,F1,Unknown,3.0,200,,,,,30.55,-95.23,30.55,-95.18,,,TX,1983-12-10 18:05:00,1983-12-10 18:05:00,False,False
,10144805,Texas,339,Montgomery,,1983-12-10 18:10:00,CST,1983-12-10 18:10:00,0,0,0,0,.03K,0,,F0,Unknown,2.0,100,,,,,30.38,-95.45,,,,,TX,1983-12-10 18:10:00,1983-12-10 18:10:00,False,False
,10144806,Texas,201,Harris,,1983-12-10 18:25:00,CST,1983-12-10 18:25:00,0,0,0,0,250K,0,,F0,Unknown,1.0,50,,,,,29.9,-95.13,,,,,TX,1983-12-10 18:25:00,1983-12-10 18:25:00,False,False
,10142893,Texas,453,Travis,,1983-05-18 11:15:00,CST,1983-05-18 11:15:00,0,0,0,0,2.5K,0,,F1,Unknown,12.0,60,,,,,30.23,-97.88,30.47,-97.68,,,TX,1983-05-18 12:15:00,1983-05-18 12:15:00,True,True
,10142894,Texas,491,Williamson,,1983-05-18 11:45:00,CST,1983-05-18 11:45:00,0,0,0,0,2.5K,0,,F1,Unknown,1.0,60,,,,,30.47,-97.68,30.48,-97.7,,,TX,1983-05-18 12:45:00,1983-05-18 12:45:00,True,True
,10142899,Texas,73,Cherokee,,1983-05-18 15:16:00,CST,1983-05-18 15:16:00,0,0,0,0,.03K,0,,F1,Unknown,0.1,17,,,,,31.72,-95.12,,,,,TX,1983-05-18 16:16:00,1983-05-18 16:16:00,True,True
,10141190,Texas,471,Walker,,1983-02-09 12:30:00,CST,1983-02-09 12:30:00,0,0,0,0,250K,0,,F1,Unknown,2.0,40,,,,,30.53,-95.5,,,,,TX,1983-02-09 12:30:00,1983-02-09 12:30:00,False,False
,10141192,Texas,201,Harris,,1983-02-09 13:30:00,CST,1983-02-09 13:30:00,3,0,0,0,250K,0,,F2,Unknown,1.5,50,,,,,29.65,-95.45,,,,,TX,1983-02-09 13:30:00,1983-02-09 13:30:00,False,False
,10142455,Texas,491,Williamson,,1983-06-04 21:30:00,CST,1983-06-04 21:30:00,0,0,0,0,250K,0,,F1,Unknown,0.5,50,,,,,30.57,-97.43,,,,,TX,1983-06-04 22:30:00,1983-06-04 22:30:00,True,True
,10142456,Texas,253,Jones,,1983-06-05 14:50:00,CST,1983-06-05 14:50:00,4,0,0,0,2.5K,0,,F0,Unknown,0.1,17,,,,,32.12,-99.98,,,,,TX,1983-06-05 15:50:00,1983-06-05 15:50:00,True,True
,10142457,Texas,253,Jones,,1983-06-05 15:00:00,CST,1983-06-05 15:00:00,0,0,0,0,.03K,0,,F0,Unknown,0.1,17,,,,,32.92,-100.08,,,,,TX,1983-06-05 16:00:00,1983-06-05 16:00:00,True,True
,10142458,Texas,441,Taylor,,1983-06-05 15:05:00,CST,1983-06-05 15:05:00,0,0,0,0,.03K,0,,F0,Unknown,0.1,17,,,,,32.83,-100.05,,,,,TX,1983-06-05 16:05:00,1983-06-05 16:05:00,True,True
,10142459,Texas,441,Taylor,,1983-06-05 15:40:00,CST,1983-06-05 15:40:00,0,0,0,0,.03K,0,,F0,Unknown,0.1,17,,,,,32.25,-99.82,,,,,TX,1983-06-05 16:40:00,1983-06-05 16:40:00,True,True
,10142461,Texas,253,Jones,,1983-06-05 15:45:00,CST,1983-06-05 15:45:00,0,0,0,0,.03K,0,,F0,Unknown,0.1,17,,,,,32.15,-99.9,,,,,TX,1983-06-05 16:45:00,1983-06-05 16:45:00,True,True
,10141201,Texas,129,Donley,,1983-03-03 16:50:00,CST,1983-03-03 16:50:00,0,0,0,0,.03K,0,,F2,Unknown,5.0,880,,,,,34.85,-101.0,34.93,-101.0,,,TX,1983-03-03 16:50:00,1983-03-03 16:50:00,False,False
,10141202,Texas,133,Eastland,,1983-03-03 17:40:00,CST,1983-03-03 17:40:00,0,0,0,0,2.5K,0,,F0,Unknown,0.6,33,,,,,32.1,-98.97,,,,,TX,1983-03-03 17:40:00,1983-03-03 17:40:00,False,False
,10141203,Texas,129,Donley,,1983-03-03 17:59:00,CST,1983-03-03 17:59:00,1,0,0,0,25K,0,,F2,Unknown,5.0,880,,,,,35.03,-100.95,35.12,-100.95,,,TX,1983-03-03 17:59:00,1983-03-03 17:59:00,False,False
,10141204,Texas,73,Cherokee,,1983-03-03 18:00:00,CST,1983-03-03 18:00:00,0,0,0,0,25K,0,,F0,Unknown,0.4,33,,,,,32.07,-95.47,,,,,TX,1983-03-03 18:00:00,1983-03-03 18:00:00,False,False
,10141205,Texas,423,Smith,,1983-03-03 18:15:00,CST,1983-03-03 18:15:00,0,0,0,0,25K,0,,F1,Unknown,0.5,33,,,,,32.2,-95.35,,,,,TX,1983-03-03 18:15:00,1983-03-03 18:15:00,False,False
,10141207,Texas,179,Gray,,1983-03-03 19:05:00,CST,1983-03-03 19:05:00,0,0,0,0,.03K,0,,F0,Unknown,0.5,33,,,,,35.22,-100.95,,,,,TX,1983-03-03 19:05:00,1983-03-03 19:05:00,False,False
,10141208,Texas,93,Comanche,,1983-03-03 19:40:00,CST,1983-03-03 19:40:00,0,0,0,0,25K,0,,F1,Unknown,0.5,33,,,,,31.73,-98.57,,,,,TX,1983-03-03 19:40:00,1983-03-03 19:40:00,False,False
,10141209,Texas,459,Upshur,,1983-03-03 20:00:00,CST,1983-03-03 20:00:00,0,0,0,0,.03K,0,,F0,Unknown,0.1,33,,,,,32.78,-94.97,,,,,TX,1983-03-03 20:00:00,1983-03-03 20:00:00,False,False
,10141216,Texas,259,Kendall,,1983-03-04 07:15:00,CST,1983-03-04 07:15:00,0,0,0,0,25K,0,,F1,Unknown,4.0,50,,,,,29.93,-98.92,29.97,-98.88,,,TX,1983-03-04 07:15:00,1983-03-04 07:15:00,False,False
,10141218,Texas,259,Kendall,,1983-03-04 07:20:00,CST,1983-03-04 07:20:00,1,0,0,0,250K,0,,F2,Unknown,4.0,100,,,,,29.9,-98.83,29.87,-98.78,,,TX,1983-03-04 07:20:00,1983-03-04 07:20:00,False,False
,10142299,Texas,215,Hidalgo,,1983-09-07 13:40:00,CST,1983-09-07 13:40:00,0,0,0,0,.03K,0,,F1,Unknown,1.0,50,,,,,26.53,-98.48,26.55,-98.5,,,TX,1983-09-07 14:40:00,1983-09-07 14:40:00,True,True
,10142300,Texas,427,Starr,,1983-09-07 13:44:00,CST,1983-09-07 13:44:00,0,0,0,0,.03K,0,,F1,Unknown,1.0,50,,,,,26.55,-98.5,26.57,-98.52,,,TX,1983-09-07 14:44:00,1983-09-07 14:44:00,True,True
,9992426,California,71,San Bernardino,,1983-08-01 12:50:00,CST,1983-08-01 12:50:00,1,0,0,0,250K,0,,F0,Unknown,0.3,30,,,,,34.28,-116.45,,,,,CA,1983-08-01 13:50:00,1983-08-01 13:50:00,True,True
,10141222,Texas,423,Smith,,1983-03-04 10:45:00,CST,1983-03-04 10:45:00,0,0,0,0,25K,0,,F1,Unknown,0.1,50,,,,,32.35,-95.3,,,,,TX,1983-03-04 10:45:00,1983-03-04 10:45:00,False,False
,10141332,Texas,367,Parker,,1983-06-03 17:01:00,CST,1983-06-03 17:01:00,0,0,0,0,.03K,0,,F0,Unknown,0.1,17,,,,,32.77,-97.78,,,,,TX,1983-06-03 18:01:00,1983-06-03 18:01:00,True,True
,10141336,Texas,93,Comanche,,1983-06-03 17:18:00,CST,1983-06-03 17:18:00,0,0,0,0,.03K,0,,F0,Unknown,0.1,17,,,,,32.0,-98.17,,,,,TX,1983-06-03 18:18:00,1983-06-03 18:18:00,True,True
,10141339,Texas,133,Eastland,,1983-06-03 17:35:00,CST,1983-06-03 17:35:00,0,0,0,0,.03K,0,,F0,Unknown,0.1,17,,,,,32.43,-99.3,,,,,TX,1983-06-03 18:35:00,1983-06-03 18:35:00,True,True
,10141340,Texas,367,Parker,,1983-06-03 17:40:00,CST,1983-06-03 17:40:00,0,0,0,0,.03K,0,,F0,Unknown,0.1,17,,,,,32.82,-97.63,,,,,TX,1983-06-03 18:40:00,1983-06-03 18:40:00,True,True
,10141342,Texas,439,Tarrant,,1983-06-03 17:47:00,CST,1983-06-03 17:47:00,0,0,0,0,.03K,0,,F0,Unknown,0.1,17,,,,,32.67,-97.42,,,,,TX,1983-06-03 18:47:00,1983-06-03 18:47:00,True,True
,10141355,Texas,429,Stephens,,1983-06-03 20:22:00,CST,1983-06-03 20:22:00,0,0,0,0,.03K,0,,F0,Unknown,0.1,17,,,,,32.7,-99.02,,,,,TX,1983-06-03 21:22:00,1983-06-03 21:22:00,True,True
,9992431,California,37,Los Angeles,,1983-09-30 09:00:00,CST,1983-09-30 09:00:00,0,0,0,0,250K,0,,F0,Unknown,0.3,100,,,,,33.92,-118.28,,,,,CA,1983-09-30 10:00:00,1983-09-30 10:00:00,True,True
,9993786,Georgia,137,Habersham,,1983-08-24 16:00:00,CST,1983-08-24 16:00:00,0,0,0,0,25K,0,,F1,Unknown,1.0,100,,,,,34.62,-83.52,,,,,GA,1983-08-24 17:00:00,1983-08-24 17:00:00,True,True
,10144750,Texas,147,Fannin,,1983-06-28 19:00:00,CST,1983-06-28 19:00:00,0,0,0,0,25K,0,,F0,Unknown,0.1,17,,,,,34.15,-96.32,,,,,TX,1983-06-28 20:00:00,1983-06-28 20:00:00,True,True
,10126931,South Dakota,59,Hand,,1983-09-02 15:45:00,CST,1983-09-02 15:45:00,0,0,0,0,2.5K,0,,F2,Unknown,0.2,10,,,,,44.9,-99.25,,,,,SD,1983-09-02 16:45:00,1983-09-02 16:45:00,True,True
,10126932,South Dakota,59,Hand,,1983-09-02 16:15:00,CST,1983-09-02 16:15:00,0,0,0,0,25K,0,,F2,Unknown,0.2,10,,,,,44.8,-99.15,,,,,SD,1983-09-02 17:15:00,1983-09-02 17:15:00,True,True
,10141219,Texas,259,Kendall,,1983-03-04 07:35:00,CST,1983-03-04 07:35:00,0,0,0,0,.25K,0,,F0,Unknown,1.0,20,,,,,30.03,-98.52,,,,,TX,1983-03-04 07:35:00,1983-03-04 07:35:00,False,False
,10144677,Texas,201,Harris,,1983-05-21 12:20:00,CST,1983-05-21 12:20:00,0,0,0,0,.03K,0,,F0,Unknown,0.3,50,,,,,29.73,-95.4,,,,,TX,1983-05-21 13:20:00,1983-05-21 13:20:00,True,True
,10144683,Texas,447,Throckmorton,,1983-05-22 18:30:00,CST,1983-05-22 18:30:00,0,0,0,0,2.5K,0,,F1,Unknown,0.2,33,,,,,33.17,-99.2,,,,,TX,1983-05-22 19:30:00,1983-05-22 19:30:00,True,True
,10144686,Texas,503,Young,,1983-05-22 19:30:00,CST,1983-05-22 19:30:00,0,0,0,0,25K,0,,F1,Unknown,0.2,33,,,,,33.08,-98.6,,,,,TX,1983-05-22 20:30:00,1983-05-22 20:30:00,True,True
,10148466,Wisconsin,77,Marquette,,1983-07-03 19:34:00,CST,1983-07-03 19:34:00,0,0,0,0,.03K,0,,F0,Unknown,0.3,10,,,,,43.78,-89.57,,,,,WI,1983-07-03 20:34:00,1983-07-03 20:34:00,True,True
,10148468,Wisconsin,77,Marquette,,1983-07-03 19:39:00,CST,1983-07-03 19:39:00,0,0,0,0,.03K,0,,F0,Unknown,0.3,10,,,,,43.78,-89.57,,,,,WI,1983-07-03 20:39:00,1983-07-03 20:39:00,True,True
,10148472,Wisconsin,77,Marquette,,1983-07-03 20:00:00,CST,1983-07-03 20:00:00,0,0,0,0,25K,0,,F1,Unknown,0.3,10,,,,,43.78,-89.57,,,,,WI,1983-07-03 21:00:00,1983-07-03 21:00:00,True,True
,10148477,Wisconsin,105,Rock,,1983-07-03 20:44:00,CST,1983-07-03 20:44:00,0,0,0,0,.03K,0,,F1,Unknown,0.3,10,,,,,42.52,-89.03,,,,,WI,1983-07-03 21:44:00,1983-07-03 21:44:00,True,True
,10148483,Wisconsin,101,Racine,,1983-07-03 23:05:00,CST,1983-07-03 23:05:00,0,0,0,0,25K,0,,F1,Unknown,0.3,20,,,,,42.8,-88.02,,,,,WI,1983-07-04 00:05:00,1983-07-04 00:05:00,True,True
,10142421,Texas,59,Callahan,,1983-03-29 19:48:00,CST,1983-03-29 19:48:00,0,0,0,0,.03K,0,,F0,Unknown,0.1,33,,,,,32.42,-99.5,,,,,TX,1983-03-29 19:48:00,1983-03-29 19:48:00,False,False
,10142422,Texas,133,Eastland,,1983-03-29 21:05:00,CST,1983-03-29 21:05:00,0,0,0,0,.03K,0,,F0,Unknown,0.1,33,,,,,32.3,-99.1,,,,,TX,1983-03-29 21:05:00,1983-03-29 21:05:00,False,False
,10141179,Texas,39,Brazoria,,1983-01-31 13:07:00,CST,1983-01-31 13:07:00,0,0,0,0,250K,0,,F1,Unknown,1.0,20,,,,,29.02,-95.95,,,,,TX,1983-01-31 13:07:00,1983-01-31 13:07:00,False,False
,10141180,Texas,245,Jefferson,,1983-01-31 14:00:00,CST,1983-01-31 14:00:00,1,0,0,0,2.5M,0,,F3,Unknown,1.0,40,,,,,30.08,-94.18,,,,,TX,1983-01-31 14:00:00,1983-01-31 14:00:00,False,False
,10147370,Wisconsin,39,Fond Du Lac,,1983-06-15 16:00:00,CST,1983-06-15 16:00:00,0,0,0,0,.03K,0,,F0,Unknown,0.1,50,,,,,43.6,-88.28,,,,,WI,1983-06-15 16:00:00,1983-06-15 16:00:00,False,False
,10147383,Wisconsin,3,Ashland,,1983-06-30 17:15:00,CST,1983-06-30 17:15:00,0,0,0,0,.03K,0,,F0,Unknown,0.1,80,,,,,46.4,-90.78,,,,,WI,1983-06-30 18:15:00,1983-06-30 18:15:00,True,True
,10147386,Washington,63,Spokane,,1983-10-17 18:30:00,CST,1983-10-17 18:30:00,0,0,0,0,25K,0,,F1,Unknown,0.5,50,,,,,47.48,-117.55,,,,,WA,1983-10-17 19:30:00,1983-10-17 19:30:00,True,True
,10142432,Texas,201,Harris,,1983-03-30 10:02:00,CST,1983-03-30 10:02:00,2,0,0,0,25K,0,,F1,Unknown,0.3,40,,,,,29.82,-95.05,,,,,TX,1983-03-30 10:02:00,1983-03-30 10:02:00,False,False
,10143605,Texas,233,Hutchinson,,1983-06-09 22:45:00,CST,1983-06-09 22:45:00,1,0,1,0,25K,0,,F1,Unknown,0.1,17,,,,,35.67,-101.6,,,,,TX,1983-06-09 23:45:00,1983-06-09 23:45:00,True,True
,10144776,Texas,399,Runnels,,1983-06-29 19:07:00,CST,1983-06-29 19:07:00,0,0,0,0,.03K,0,,F0,Unknown,0.1,17,,,,,32.25,-100.5,,,,,TX,1983-06-29 20:07:00,1983-06-29 20:07:00,True,True
,10144789,Texas,5,Angelina,,1983-12-10 15:30:00,CST,1983-12-10 15:30:00,2,0,0,0,2.5M,0,,F2,Unknown,18.0,50,,,,,31.2,-94.68,31.23,-94.37,,,TX,1983-12-10 15:30:00,1983-12-10 15:30:00,False,False
,10141193,Texas,201,Harris,,1983-02-09 13:50:00,CST,1983-02-09 13:50:00,0,0,0,0,250K,0,,F1,Unknown,1.0,20,,,,,29.7,-95.03,,,,,TX,1983-02-09 13:50:00,1983-02-09 13:50:00,False,False
,10141194,Texas,201,Harris,,1983-02-09 14:10:00,CST,1983-02-09 14:10:00,0,0,0,0,25K,0,,F1,Unknown,1.0,20,,,,,29.7,-95.27,,,,,TX,1983-02-09 14:10:00,1983-02-09 14:10:00,False,False
,10141195,Texas,471,Walker,,1983-02-09 14:15:00,CST,1983-02-09 14:15:00,0,0,0,0,250K,0,,F0,Unknown,0.5,20,,,,,30.72,-95.62,,,,,TX,1983-02-09 14:15:00,1983-02-09 14:15:00,False,False
,10141197,Texas,39,Brazoria,,1983-02-09 14:25:00,CST,1983-02-09 14:25:00,0,0,0,0,25K,0,,F2,Unknown,8.0,50,,,,,29.48,-95.35,29.57,-95.28,,,TX,1983-02-09 14:25:00,1983-02-09 14:25:00,False,False
,10142887,Texas,447,Throckmorton,,1983-05-17 18:45:00,CST,1983-05-17 18:45:00,0,0,0,0,.03K,0,,F1,Unknown,0.2,17,,,,,33.18,-99.33,,,,,TX,1983-05-17 19:45:00,1983-05-17 19:45:00,True,True
,10142888,Texas,447,Throckmorton,,1983-05-17 19:30:00,CST,1983-05-17 19:30:00,0,0,0,0,.03K,0,,F1,Unknown,0.2,17,,,,,33.18,-99.13,,,,,TX,1983-05-17 20:30:00,1983-05-17 20:30:00,True,True
,10142889,Texas,447,Throckmorton,,1983-05-17 20:00:00,CST,1983-05-17 20:00:00,0,0,0,0,.03K,0,,F1,Unknown,0.2,17,,,,,33.18,-99.0,,,,,TX,1983-05-17 21:00:00,1983-05-17 21:00:00,True,True
,10016396,Indiana,1,Adams,,1983-06-28 12:25:00,CST,1983-06-28 12:25:00,0,0,0,0,.25K,0,,F1,Unknown,0.1,10,,,,,40.65,-85.03,,,,,IN,1983-06-28 13:25:00,1983-06-28 13:25:00,True,True
,10016397,Indiana,169,Wabash,,1983-06-28 13:45:00,CST,1983-06-28 13:45:00,0,0,0,0,25K,0,,F1,Unknown,0.1,10,,,,,40.8,-85.92,,,,,IN,1983-06-28 14:45:00,1983-06-28 14:45:00,True,True
,10016403,Indiana,149,Starke,,1983-07-01 09:57:00,CST,1983-07-01 09:57:00,0,0,0,0,.25K,0,,F1,Unknown,0.1,50,,,,,41.33,-86.63,,,,,IN,1983-07-01 10:57:00,1983-07-01 10:57:00,True,True
,10141321,Texas,441,Taylor,,1983-05-30 15:35:00,CST,1983-05-30 15:35:00,0,0,0,0,.03K,0,,F1,Unknown,0.1,17,,,,,32.4,-99.77,,,,,TX,1983-05-30 16:35:00,1983-05-30 16:35:00,True,True
,10141324,Texas,135,Ector,,1983-05-30 17:20:00,CST,1983-05-30 17:20:00,0,0,0,0,.03K,0,,F0,Unknown,0.3,50,,,,,31.87,-102.45,,,,,TX,1983-05-30 18:20:00,1983-05-30 18:20:00,True,True
,10143653,Texas,139,Ellis,,1983-11-22 23:00:00,CST,1983-11-22 23:00:00,6,0,0,0,2.5M,0,,F2,Unknown,3.0,40,,,,,32.35,-96.68,32.35,-96.62,,,TX,1983-11-22 23:00:00,1983-11-22 23:00:00,False,False
,10010640,Hawaii,3,Honolulu,,1983-09-23 17:30:00,CST,1983-09-23 17:30:00,0,0,0,0,2.5K,0,,F0,Unknown,0.1,10,,,,,21.35,-157.92,,,,,HI,1983-09-23 17:30:00,1983-09-23 17:30:00,False,False
,10141362,Texas,303,Lubbock,,1983-06-04 15:45:00,CST,1983-06-04 15:45:00,0,0,0,0,.25K,0,,F0,Unknown,2.0,200,,,,,33.5,-102.02,,,,,TX,1983-06-04 16:45:00,1983-06-04 16:45:00,True,True
,10002054,Florida,33,Escambia,,1983-11-20 02:15:00,CST,1983-11-20 02:15:00,0,0,0,0,25K,0,,F1,Unknown,3.0,50,,,,,30.42,-87.22,30.45,-87.18,,,FL,1983-11-20 02:15:00,1983-11-20 02:15:00,False,False
,10002061,Florida,127,Volusia,,1983-11-20 12:26:00,CST,1983-11-20 12:26:00,0,0,0,0,2.5M,0,,F2,Unknown,3.0,50,,,,,29.28,-81.05,29.32,-81.0,,,FL,1983-11-20 12:26:00,1983-11-20 12:26:00,False,False
,10002062,Florida,35,Flagler,,1983-11-20 12:30:00,CST,1983-11-20 12:30:00,0,0,0,0,250K,0,,F2,Unknown,3.0,50,,,,,29.47,-81.13,29.48,-81.08,,,FL,1983-11-20 12:30:00,1983-11-20 12:30:00,False,False
,10144669,Texas,201,Harris,,1983-05-21 09:15:00,CST,1983-05-21 09:15:00,0,0,0,0,.03K,0,,F0,Unknown,0.5,50,,,,,29.73,-95.43,,,,,TX,1983-05-21 10:15:00,1983-05-21 10:15:00,True,True
,10144671,Texas,15,Austin,,1983-05-21 11:10:00,CST,1983-05-21 11:10:00,0,0,0,0,.03K,0,,F0,Unknown,0.5,30,,,,,29.78,-96.13,,,,,TX,1983-05-21 12:10:00,1983-05-21 12:10:00,True,True
,10144672,Texas,15,Austin,,1983-05-21 12:10:00,CST,1983-05-21 12:10:00,0,0,0,0,.03K,0,,F0,Unknown,0.5,20,,,,,29.87,-96.18,,,,,TX,1983-05-21 13:10:00,1983-05-21 13:10:00,True,True
,10144673,Texas,15,Austin,,1983-05-21 12:10:00,CST,1983-05-21 12:10:00,0,0,0,0,.03K,0,,F0,Unknown,0.5,20,,,,,29.87,-96.18,,,,,TX,1983-05-21 13:10:00,1983-05-21 13:10:00,True,True
,10144674,Texas,15,Austin,,1983-05-21 12:10:00,CST,1983-05-21 12:10:00,0,0,0,0,.03K,0,,F0,Unknown,0.5,20,,,,,29.87,-96.18,,,,,TX,1983-05-21 13:10:00,1983-05-21 13:10:00,True,True
,10144676,Texas,201,Harris,,1983-05-21 12:15:00,CST,1983-05-21 12:15:00,0,0,0,0,.03K,0,,F0,Unknown,0.3,30,,,,,30.0,-95.35,,,,,TX,1983-05-21 13:15:00,1983-05-21 13:15:00,True,True
,10142577,Texas,41,Brazos,,1983-11-19 09:10:00,CST,1983-11-19 09:10:00,0,0,0,0,2.5M,0,,F2,Unknown,1.1,100,,,,,30.4,-96.23,,,,,TX,1983-11-19 09:10:00,1983-11-19 09:10:00,False,False
,10143705,Texas,361,Orange,,1983-11-23 04:55:00,CST,1983-11-23 04:55:00,0,0,0,0,25K,0,,F0,Unknown,0.3,100,,,,,30.13,-93.77,,,,,TX,1983-11-23 04:55:00,1983-11-23 04:55:00,False,False
,10143708,Texas,167,Galveston,,1983-11-30 17:25:00,CST,1983-11-30 17:25:00,0,0,0,0,.03K,0,,F0,Unknown,0.3,40,,,,,29.33,-95.02,,,,,TX,1983-11-30 17:25:00,1983-11-30 17:25:00,False,False
,10143709,Texas,167,Galveston,,1983-11-30 17:25:00,CST,1983-11-30 17:25:00,0,0,0,0,.03K,0,,F0,Unknown,0.3,40,,,,,29.33,-95.02,,,,,TX,1983-11-30 17:25:00,1983-11-30 17:25:00,False,False
,10029299,Kentucky,79,Garrard,,1983-08-12 20:00:00,CST,1983-08-12 20:00:00,0,0,0,0,25K,0,,F0,Unknown,0.2,10,,,,,37.63,-84.53,,,,,KY,1983-08-12 21:00:00,1983-08-12 21:00:00,True,True
,10141023,Texas,481,Wharton,,1983-01-31 09:30:00,CST,1983-01-31 09:30:00,0,0,0,0,250K,0,,F1,Unknown,5.0,60,,,,,29.4,-96.17,29.48,-96.15,,,TX,1983-01-31 09:30:00,1983-01-31 09:30:00,False,False
,10141024,Texas,339,Montgomery,,1983-01-31 10:00:00,CST,1983-01-31 10:00:00,0,0,0,0,2.5M,0,,F1,Unknown,5.2,40,,,,,30.17,-95.43,,,,,TX,1983-01-31 10:00:00,1983-01-31 10:00:00,False,False
,9992408,California,97,Sonoma,,1983-02-27 07:20:00,CST,1983-02-27 07:20:00,0,0,0,0,25K,0,,F1,Unknown,0.8,100,,,,,38.45,-122.7,,,,,CA,1983-02-27 07:20:00,1983-02-27 07:20:00,False,False
,9992412,California,37,Los Angeles,,1983-03-01 09:40:00,CST,1983-03-01 09:40:00,30,0,0,0,25M,0,,F2,Unknown,3.5,100,,,,,33.98,-118.37,34.05,-118.35,,,CA,1983-03-01 09:40:00,1983-03-01 09:40:00,False,False
,9992413,California,37,Los Angeles,,1983-03-01 10:15:00,CST,1983-03-01 10:15:00,0,0,0,0,.25K,0,,F0,Unknown,0.2,100,,,,,34.13,-118.12,,,,,CA,1983-03-01 10:15:00,1983-03-01 10:15:00,False,False
,9992417,California,61,Placer,,1983-03-03 19:15:00,CST,1983-03-03 19:15:00,0,0,0,0,.03K,0,,F0,Unknown,0.1,50,,,,,38.75,-121.28,,,,,CA,1983-03-03 19:15:00,1983-03-03 19:15:00,False,False
,9992419,California,67,Sacramento,,1983-03-22 16:10:00,CST,1983-03-22 16:10:00,0,0,0,0,250K,0,,F1,Unknown,1.0,50,,,,,38.72,-121.35,38.73,-121.33,,,CA,1983-03-22 16:10:00,1983-03-22 16:10:00,False,False
,9992420,California,61,Placer,,1983-03-22 16:12:00,CST,1983-03-22 16:12:00,0,0,0,0,250K,0,,F1,Unknown,1.0,50,,,,,38.73,-121.33,38.77,-121.28,,,CA,1983-03-22 16:12:00,1983-03-22 16:12:00,False,False
,10141777,Texas,253,Jones,,1983-05-10 20:55:00,CST,1983-05-10 20:55:00,0,0,0,0,.03K,0,,F1,Unknown,0.1,17,,,,,32.88,-99.82,,,,,TX,1983-05-10 21:55:00,1983-05-10 21:55:00,True,True
,10141779,Texas,253,Jones,,1983-05-10 21:15:00,CST,1983-05-10 21:15:00,0,0,0,0,.03K,0,,F1,Unknown,0.1,17,,,,,32.78,-100.08,,,,,TX,1983-05-10 22:15:00,1983-05-10 22:15:00,True,True
,10141782,Texas,101,Cottle,,1983-05-12 18:20:00,CST,1983-05-12 18:20:00,0,0,0,0,.03K,0,,F0,Unknown,0.5,50,,,,,34.12,-100.18,,,,,TX,1983-05-12 19:20:00,1983-05-12 19:20:00,True,True
,10141311,Texas,135,Ector,,1983-05-25 15:03:00,CST,1983-05-25 15:03:00,0,0,0,0,.03K,0,,F0,Unknown,0.1,30,,,,,31.82,-102.4,,,,,TX,1983-05-25 16:03:00,1983-05-25 16:03:00,True,True
,10141312,Texas,461,Upton,,1983-05-25 15:15:00,CST,1983-05-25 15:15:00,0,0,0,0,.03K,0,,F0,Unknown,0.1,30,,,,,31.18,-101.92,,,,,TX,1983-05-25 16:15:00,1983-05-25 16:15:00,True,True
,10141316,Texas,139,Ellis,,1983-05-28 13:40:00,CST,1983-05-28 13:40:00,0,0,0,0,.03K,0,,F1,Unknown,0.1,17,,,,,32.47,-96.98,,,,,TX,1983-05-28 14:40:00,1983-05-28 14:40:00,True,True
,10141165,Texas,15,Austin,,1983-01-31 10:15:00,CST,1983-01-31 10:15:00,4,0,0,0,2.5M,0,,F2,Unknown,3.0,60,,,,,29.78,-96.13,29.83,-96.13,,,TX,1983-01-31 10:15:00,1983-01-31 10:15:00,False,False
,10142521,Texas,491,Williamson,,1983-09-19 13:07:00,CST,1983-09-19 13:07:00,0,0,0,0,.03K,0,,F0,Unknown,0.5,30,,,,,30.52,-97.42,,,,,TX,1983-09-19 14:07:00,1983-09-19 14:07:00,True,True
,10144566,Texas,455,Trinity,,1983-12-10 15:00:00,CST,1983-12-10 15:00:00,0,0,0,0,250K,0,,F2,Unknown,10.0,50,,,,,31.03,-95.23,31.1,-95.07,,,TX,1983-12-10 15:00:00,1983-12-10 15:00:00,False,False
,10142522,Texas,361,Orange,,1983-09-20 02:30:00,CST,1983-09-20 02:30:00,0,0,0,0,250K,0,,F0,Unknown,0.5,30,,,,,30.12,-94.02,,,,,TX,1983-09-20 03:30:00,1983-09-20 03:30:00,True,True
,10142523,Texas,273,Kleberg,,1983-09-27 08:15:00,CST,1983-09-27 08:15:00,0,0,0,0,.03K,0,,F0,Unknown,0.5,30,,,,,27.45,-97.28,,,,,TX,1983-09-27 09:15:00,1983-09-27 09:15:00,True,True
,10144809,Texas,457,Tyler,,1983-12-10 19:45:00,CST,1983-12-10 19:45:00,4,0,0,0,2.5M,0,,F2,Unknown,26.0,700,,,,,30.5,-94.55,30.57,-94.1,,,TX,1983-12-10 19:45:00,1983-12-10 19:45:00,False,False
,10144810,Texas,241,Jasper,,1983-12-10 20:30:00,CST,1983-12-10 20:30:00,0,0,0,0,250K,0,,F1,Unknown,0.5,40,,,,,31.55,-93.9,,,,,TX,1983-12-10 20:30:00,1983-12-10 20:30:00,False,False
,10144811,Texas,167,Galveston,,1983-12-13 09:05:00,CST,1983-12-13 09:05:00,0,0,0,0,25K,0,,F0,Unknown,0.5,20,,,,,29.32,-94.78,,,,,TX,1983-12-13 09:05:00,1983-12-13 09:05:00,False,False
,10144812,Texas,245,Jefferson,,1983-12-13 10:25:00,CST,1983-12-13 10:25:00,0,0,0,0,.03K,0,,F0,Unknown,0.5,30,,,,,30.15,-94.08,,,,,TX,1983-12-13 10:25:00,1983-12-13 10:25:00,False,False
,10142930,Texas,317,Martin,,1983-05-19 20:43:00,CST,1983-05-19 20:43:00,0,0,0,0,.03K,0,,F0,Unknown,0.3,50,,,,,32.45,-101.73,,,,,TX,1983-05-19 21:43:00,1983-05-19 21:43:00,True,True
,10142414,Texas,469,Victoria,,1983-03-26 04:00:00,CST,1983-03-26 04:00:00,0,0,0,0,25K,0,,F0,Unknown,0.5,30,,,,,28.92,-97.1,,,,,TX,1983-03-26 04:00:00,1983-03-26 04:00:00,False,False
,9993764,Georgia,137,Habersham,,1983-07-18 15:00:00,CST,1983-07-18 15:00:00,0,0,0,0,25K,0,,F0,Unknown,1.0,50,,,,,34.67,-83.52,,,,,GA,1983-07-18 16:00:00,1983-07-18 16:00:00,True,True
,10141428,Texas,201,Harris,,1983-08-18 16:15:00,CST,1983-08-18 16:15:00,0,0,0,0,.03K,0,,F0,Unknown,0.5,30,,,,,29.68,-95.43,,,,,TX,1983-08-18 17:15:00,1983-08-18 17:15:00,True,True
,10145989,Wisconsin,19,Clark,,1983-07-19 16:55:00,CST,1983-07-19 16:55:00,0,0,0,0,2.5K,0,,F2,Unknown,1.0,200,,,,,44.85,-90.8,,,,,WI,1983-07-19 17:55:00,1983-07-19 17:55:00,True,True
,10142417,Texas,291,Liberty,,1983-03-26 06:30:00,CST,1983-03-26 06:30:00,0,0,0,0,.03K,0,,F0,Unknown,0.3,20,,,,,30.05,-94.83,,,,,TX,1983-03-26 06:30:00,1983-03-26 06:30:00,False,False
,10142418,Texas,39,Brazoria,,1983-03-26 06:30:00,CST,1983-03-26 06:30:00,7,0,0,0,250K,0,,F1,Unknown,0.5,70,,,,,29.42,-95.25,,,,,TX,1983-03-26 06:30:00,1983-03-26 06:30:00,False,False
,10142419,Texas,39,Brazoria,,1983-03-26 06:40:00,CST,1983-03-26 06:40:00,0,0,0,0,2.5K,0,,F0,Unknown,0.3,20,,,,,29.55,-95.02,,,,,TX,1983-03-26 06:40:00,1983-03-26 06:40:00,False,False
,10144430,Texas,245,Jefferson,,1983-05-20 14:01:00,CST,1983-05-20 14:01:00,3,0,0,0,2.5M,0,,F1,Unknown,0.7,10,,,,,29.9,-93.95,,,,,TX,1983-05-20 15:01:00,1983-05-20 15:01:00,True,True
,10144432,Texas,189,Hale,,1983-05-20 14:18:00,CST,1983-05-20 14:18:00,0,0,0,0,.03K,0,,F0,Unknown,10.0,1320,,,,,34.1,-101.8,34.1,-101.58,,,TX,1983-05-20 15:18:00,1983-05-20 15:18:00,True,True
,10144433,Texas,153,Floyd,,1983-05-20 14:54:00,CST,1983-05-20 14:54:00,0,0,0,0,.03K,0,,F1,Unknown,2.0,1760,,,,,34.1,-101.5,,,,,TX,1983-05-20 15:54:00,1983-05-20 15:54:00,True,True
,10144429,Texas,201,Harris,,1983-05-20 14:00:00,CST,1983-05-20 14:00:00,2,0,1,0,250K,0,,F2,Unknown,4.0,333,,,,,29.9,-96.1,29.92,-95.0,,,TX,1983-05-20 15:00:00,1983-05-20 15:00:00,True,True
,10023100,Kansas,13,Brown,,1983-05-12 16:20:00,CST,1983-05-12 16:20:00,0,0,0,0,25K,0,,F0,Unknown,2.5,50,,,,,39.68,-95.43,,,,,KS,1983-05-12 17:20:00,1983-05-12 17:20:00,True,True
,9988838,Colorado,123,Weld,,1983-08-17 15:45:00,CST,1983-08-17 15:45:00,0,0,0,0,.03K,0,,F1,Unknown,0.3,20,,,,,40.78,-104.8,,,,,CO,1983-08-17 16:45:00,1983-08-17 16:45:00,True,True
,9988839,Colorado,123,Weld,,1983-08-17 15:50:00,CST,1983-08-17 15:50:00,0,0,0,0,.03K,0,,F1,Unknown,0.3,20,,,,,40.78,-104.8,,,,,CO,1983-08-17 16:50:00,1983-08-17 16:50:00,True,True
,10143639,Texas,197,Hardeman,,1983-06-27 16:55:00,CST,1983-06-27 16:55:00,0,0,0,0,.03K,0,,F1,Unknown,0.1,17,,,,,34.53,-99.83,,,,,TX,1983-06-27 17:55:00,1983-06-27 17:55:00,True,True
,10143641,Texas,487,Wilbarger,,1983-06-27 17:20:00,CST,1983-06-27 17:20:00,0,0,0,0,.03K,0,,F0,Unknown,0.1,17,,,,,34.3,-99.52,,,,,TX,1983-06-27 18:20:00,1983-06-27 18:20:00,True,True
,10143606,Texas,233,Hutchinson,,1983-06-09 23:00:00,CST,1983-06-09 23:00:00,0,0,0,0,250K,0,,F1,Unknown,0.1,17,,,,,35.73,-101.48,,,,,TX,1983-06-10 00:00:00,1983-06-10 00:00:00,True,True
,10143608,Texas,421,Sherman,,1983-06-10 22:45:00,CST,1983-06-10 22:45:00,0,0,0,0,.03K,0,,F0,Unknown,0.3,70,,,,,36.27,-101.65,,,,,TX,1983-06-10 23:45:00,1983-06-10 23:45:00,True,True
,10143609,Texas,393,Roberts,,1983-06-11 00:10:00,CST,1983-06-11 00:10:00,0,0,0,0,250K,0,,F1,Unknown,0.1,17,,,,,35.7,-100.78,,,,,TX,1983-06-11 01:10:00,1983-06-11 01:10:00,True,True
,10143610,Texas,179,Gray,,1983-06-11 00:15:00,CST,1983-06-11 00:15:00,0,0,0,0,25K,0,,F0,Unknown,0.3,70,,,,,35.53,-100.98,,,,,TX,1983-06-11 01:15:00,1983-06-11 01:15:00,True,True
,10144648,Texas,185,Grimes,,1983-05-20 16:00:00,CST,1983-05-20 16:00:00,0,0,0,0,.03K,0,,F0,Unknown,0.3,20,,,,,30.38,-96.08,,,,,TX,1983-05-20 17:00:00,1983-05-20 17:00:00,True,True
,10144651,Texas,153,Floyd,,1983-05-20 16:40:00,CST,1983-05-20 16:40:00,0,0,0,0,.03K,0,,F0,Unknown,0.3,50,,,,,34.12,-101.43,,,,,TX,1983-05-20 17:40:00,1983-05-20 17:40:00,True,True
,10144652,Texas,201,Harris,,1983-05-20 17:00:00,CST,1983-05-20 17:00:00,0,0,0,0,.03K,0,,F0,Unknown,0.3,20,,,,,29.55,-95.03,,,,,TX,1983-05-20 18:00:00,1983-05-20 18:00:00,True,True
,10143614,Texas,357,Ochiltree,,1983-06-13 14:50:00,CST,1983-06-13 14:50:00,0,0,0,0,.03K,0,,F0,Unknown,0.3,80,,,,,36.48,-100.8,,,,,TX,1983-06-13 15:50:00,1983-06-13 15:50:00,True,True
,10143625,Texas,461,Upton,,1983-06-24 12:20:00,CST,1983-06-24 12:20:00,0,0,0,0,.03K,0,,F0,Unknown,0.1,17,,,,,31.6,-101.9,,,,,TX,1983-06-24 13:20:00,1983-06-24 13:20:00,True,True
,10000892,Florida,113,Santa Rosa,,1983-03-05 17:50:00,CST,1983-03-05 17:50:00,0,0,0,0,.03K,0,,F0,Unknown,0.5,30,,,,,30.62,-87.0,,,,,FL,1983-03-05 17:50:00,1983-03-05 17:50:00,False,False
,10000893,Florida,91,Okaloosa,,1983-03-05 19:15:00,CST,1983-03-05 19:15:00,0,0,0,0,.25K,0,,F0,Unknown,0.5,30,,,,,30.38,-86.52,,,,,FL,1983-03-05 19:15:00,1983-03-05 19:15:00,False,False
,10000899,Florida,9,Brevard,,1983-03-07 14:45:00,CST,1983-03-07 14:45:00,0,0,0,0,250K,0,,F2,Unknown,5.0,60,,,,,28.12,-80.63,28.17,-80.57,,,FL,1983-03-07 14:45:00,1983-03-07 14:45:00,False,False
,10142654,Texas,191,Hall,,1983-05-13 16:20:00,CST,1983-05-13 16:20:00,0,0,0,0,.03K,0,,F0,Unknown,0.3,60,,,,,34.57,-100.52,,,,,TX,1983-05-13 17:20:00,1983-05-13 17:20:00,True,True
,10000902,Florida,21,Collier,,1983-03-17 06:49:00,CST,1983-03-17 06:49:00,0,0,0,0,2.5M,0,,F2,Unknown,2.5,60,,,,,25.9,-80.93,25.92,-80.88,,,FL,1983-03-17 06:49:00,1983-03-17 06:49:00,False,False
,10000903,Florida,86,Miami-Dade,,1983-03-17 07:05:00,CST,1983-03-17 07:05:00,0,0,0,0,2.5M,0,,F2,Unknown,10.0,60,,,,,25.92,-80.88,25.97,-80.73,,,FL,1983-03-17 07:05:00,1983-03-17 07:05:00,False,False
,10000905,Florida,11,Broward,,1983-03-17 08:10:00,CST,1983-03-17 08:10:00,2,0,0,0,2.5M,0,,F2,Unknown,40.0,60,,,,,25.97,-80.73,26.28,-80.08,,,FL,1983-03-17 08:10:00,1983-03-17 08:10:00,False,False
,10000907,Florida,93,Okeechobee,,1983-03-21 04:30:00,CST,1983-03-21 04:30:00,4,0,0,0,2.5M,0,,F2,Unknown,5.0,50,,,,,27.25,-80.83,27.32,-80.73,,,FL,1983-03-21 04:30:00,1983-03-21 04:30:00,False,False
,10141404,Texas,167,Galveston,,1983-08-17 21:10:00,CST,1983-08-17 21:10:00,0,0,0,0,.03K,0,,F0,Unknown,0.5,30,,,,,29.38,-95.15,,,,,TX,1983-08-17 22:10:00,1983-08-17 22:10:00,True,True
,10141405,Texas,201,Harris,,1983-08-17 21:30:00,CST,1983-08-17 21:30:00,0,0,0,0,.03K,0,,F0,Unknown,0.5,30,,,,,29.73,-95.12,,,,,TX,1983-08-17 22:30:00,1983-08-17 22:30:00,True,True
,10141406,Texas,201,Harris,,1983-08-17 21:59:00,CST,1983-08-17 21:59:00,0,0,0,0,.03K,0,,F0,Unknown,0.3,20,,,,,29.98,-95.32,,,,,TX,1983-08-17 22:59:00,1983-08-17 22:59:00,True,True
,10141407,Texas,167,Galveston,,1983-08-17 22:40:00,CST,1983-08-17 22:40:00,0,0,0,0,.03K,0,,F0,Unknown,0.3,30,,,,,29.35,-95.0,,,,,TX,1983-08-17 23:40:00,1983-08-17 23:40:00,True,True
,10141408,Texas,167,Galveston,,1983-08-17 22:40:00,CST,1983-08-17 22:40:00,0,0,0,0,.03K,0,,F0,Unknown,0.3,30,,,,,29.35,-95.05,,,,,TX,1983-08-17 23:40:00,1983-08-17 23:40:00,True,True
,10141409,Texas,167,Galveston,,1983-08-17 22:43:00,CST,1983-08-17 22:43:00,0,0,0,0,.03K,0,,F0,Unknown,0.3,30,,,,,29.5,-94.97,,,,,TX,1983-08-17 23:43:00,1983-08-17 23:43:00,True,True
,10141410,Texas,201,Harris,,1983-08-18 01:02:00,CST,1983-08-18 01:02:00,0,0,0,0,.03K,0,,F0,Unknown,0.3,30,,,,,29.67,-95.37,,,,,TX,1983-08-18 02:02:00,1983-08-18 02:02:00,True,True
,10141411,Texas,201,Harris,,1983-08-18 01:15:00,CST,1983-08-18 01:15:00,0,0,0,0,.03K,0,,F1,Unknown,0.5,40,,,,,29.53,-95.13,,,,,TX,1983-08-18 02:15:00,1983-08-18 02:15:00,True,True
,10141412,Texas,201,Harris,,1983-08-18 01:45:00,CST,1983-08-18 01:45:00,0,0,0,0,250K,0,,F0,Unknown,0.5,30,,,,,29.62,-95.32,,,,,TX,1983-08-18 02:45:00,1983-08-18 02:45:00,True,True
,10141413,Texas,201,Harris,,1983-08-18 02:02:00,CST,1983-08-18 02:02:00,0,0,0,0,2.5K,0,,F0,Unknown,0.3,30,,,,,29.7,-95.03,,,,,TX,1983-08-18 03:02:00,1983-08-18 03:02:00,True,True
,10141414,Texas,39,Brazoria,,1983-08-18 02:20:00,CST,1983-08-18 02:20:00,0,0,0,0,.03K,0,,F0,Unknown,0.3,30,,,,,29.57,-95.28,,,,,TX,1983-08-18 03:20:00,1983-08-18 03:20:00,True,True
,10141415,Texas,201,Harris,,1983-08-18 02:30:00,CST,1983-08-18 02:30:00,0,0,0,0,.03K,0,,F0,Unknown,0.3,40,,,,,29.73,-95.37,,,,,TX,1983-08-18 03:30:00,1983-08-18 03:30:00,True,True
,10141416,Texas,201,Harris,,1983-08-18 04:20:00,CST,1983-08-18 04:20:00,0,0,0,0,.03K,0,,F0,Unknown,0.5,40,,,,,29.78,-95.68,,,,,TX,1983-08-18 05:20:00,1983-08-18 05:20:00,True,True
,10141417,Texas,201,Harris,,1983-08-18 05:05:00,CST,1983-08-18 05:05:00,0,0,0,0,.03K,0,,F0,Unknown,0.3,30,,,,,29.7,-95.13,,,,,TX,1983-08-18 06:05:00,1983-08-18 06:05:00,True,True
,10141418,Texas,201,Harris,,1983-08-18 06:20:00,CST,1983-08-18 06:20:00,0,0,0,0,.03K,0,,F0,Unknown,1.0,40,,,,,29.98,-95.75,,,,,TX,1983-08-18 07:20:00,1983-08-18 07:20:00,True,True
,10141419,Texas,339,Montgomery,,1983-08-18 10:10:00,CST,1983-08-18 10:10:00,0,0,0,0,.03K,0,,F0,Unknown,0.5,30,,,,,30.32,-95.35,,,,,TX,1983-08-18 11:10:00,1983-08-18 11:10:00,True,True
,10141420,Texas,349,Navarro,,1983-08-18 14:00:00,CST,1983-08-18 14:00:00,0,0,0,0,2.5M,0,,F2,Unknown,2.5,33,,,,,32.1,-96.47,,,,,TX,1983-08-18 15:00:00,1983-08-18 15:00:00,True,True
,10142649,Texas,45,Briscoe,,1983-05-13 14:42:00,CST,1983-05-13 14:42:00,0,0,0,0,.03K,0,,F1,Unknown,0.5,80,,,,,34.38,-101.13,,,,,TX,1983-05-13 15:42:00,1983-05-13 15:42:00,True,True
,9991552,Arkansas,71,Johnson,,1983-05-14 04:00:00,CST,1983-05-14 04:00:00,0,0,0,0,250K,0,,F2,Unknown,0.5,100,,,,,35.63,-93.5,,,,,AR,1983-05-14 05:00:00,1983-05-14 05:00:00,True,True
,9991554,Arkansas,19,Clark,,1983-05-14 16:10:00,CST,1983-05-14 16:10:00,0,0,0,0,2.5K,0,,F1,Unknown,8.0,500,,,,,34.23,-93.48,34.28,-93.35,,,AR,1983-05-14 17:10:00,1983-05-14 17:10:00,True,True
,9991555,Arkansas,59,Hot Spring,,1983-05-14 16:30:00,CST,1983-05-14 16:30:00,0,0,0,0,2.5K,0,,F1,Unknown,5.0,500,,,,,34.28,-93.35,34.33,-93.28,,,AR,1983-05-14 17:30:00,1983-05-14 17:30:00,True,True
,10141381,Texas,227,Howard,,1983-07-04 19:38:00,CST,1983-07-04 19:38:00,0,0,0,0,.03K,0,,F0,Unknown,0.2,50,,,,,32.15,-101.58,,,,,TX,1983-07-04 20:38:00,1983-07-04 20:38:00,True,True
,10141386,Texas,479,Webb,,1983-07-14 14:00:00,CST,1983-07-14 14:00:00,0,0,0,0,.03K,0,,F1,Unknown,0.5,40,,,,,27.88,-98.93,,,,,TX,1983-07-14 15:00:00,1983-07-14 15:00:00,True,True
,10141387,Texas,39,Brazoria,,1983-07-15 10:55:00,CST,1983-07-15 10:55:00,2,0,0,0,250K,0,,F1,Unknown,0.7,60,,,,,29.05,-95.45,,,,,TX,1983-07-15 11:55:00,1983-07-15 11:55:00,True,True
,10141389,Texas,201,Harris,,1983-07-15 15:10:00,CST,1983-07-15 15:10:00,0,0,0,0,25K,0,,F1,Unknown,0.5,60,,,,,29.77,-95.32,,,,,TX,1983-07-15 16:10:00,1983-07-15 16:10:00,True,True
,9991544,Arkansas,41,Desha,,1983-05-02 23:16:00,CST,1983-05-02 23:16:00,0,0,0,0,.03K,0,,F0,Unknown,0.1,50,,,,,33.72,-91.23,,,,,AR,1983-05-03 00:16:00,1983-05-03 00:16:00,True,True
,9977513,Alabama,43,Cullman,,1983-05-19 02:30:00,CST,1983-05-19 02:30:00,0,0,0,0,25K,0,,F2,Unknown,2.0,150,,,,,34.27,-87.05,34.3,-87.03,,,AL,1983-05-19 03:30:00,1983-05-19 03:30:00,True,True
,9992432,California,37,Los Angeles,,1983-10-01 00:35:00,CST,1983-10-01 00:35:00,3,0,0,0,2.5K,0,,F1,Unknown,0.3,100,,,,,33.92,-118.35,,,,,CA,1983-10-01 01:35:00,1983-10-01 01:35:00,True,True
,9992433,California,45,Mendocino,,1983-12-11 12:30:00,CST,1983-12-11 12:30:00,0,0,0,0,2.5K,0,,F0,Unknown,2.0,300,,,,,39.15,-123.22,,,,,CA,1983-12-11 12:30:00,1983-12-11 12:30:00,False,False
