episode_id,event_id,state,county_fips,county_name,wfo,begin_date_time,county_timezone,end_date_time,injuries_direct,injuries_indirect,deaths_direct,deaths_indirect,property_damage,crop_damage,source,tornado_rating,max_windspeed,tornado_length,tornado_max_width,other_wfos,other_states,other_counties_fips,other_counties_names,begin_latitude,begin_longitude,end_latitude,end_longitude,episode_narrative,event_narrative,state_code,begin_date_time_corrected,end_date_time_corrected,begin_time_adjusted,end_time_adjusted
,10049806,Mississippi,67,Jones,,1972-01-09 23:20:00,CST,1972-01-09 23:20:00,12,0,0,0,2.5M,0,,F3,Unknown,13.5,300,,,,,31.7,-89.17,31.77,-88.95,,,MS,1972-01-09 23:20:00,1972-01-09 23:20:00,False,False
,9978347,Alabama,129,Washington,,1972-03-02 07:00:00,CST,1972-03-02 07:00:00,0,0,0,0,2.5K,0,,F2,Unknown,8.0,33,,,,,31.43,-88.05,31.53,-87.98,,,AL,1972-03-02 07:00:00,1972-03-02 07:00:00,False,False
,10079162,New Hampshire,13,Merrimack,,1972-05-31 11:45:00,CST,1972-05-31 11:45:00,0,0,0,0,.25K,0,,F1,Unknown,0.1,50,,,,,43.32,-71.6,,,,,NH,1972-05-31 12:45:00,1972-05-31 12:45:00,True,True
,9978615,Alabama,3,Baldwin,,1972-11-13 14:40:00,CST,1972-11-13 14:40:00,0,0,0,0,25K,0,,F2,Unknown,1.0,200,,,,,30.62,-87.7,,,,,AL,1972-11-13 14:40:00,1972-11-13 14:40:00,False,False
,9978599,Alabama,95,Marshall,,1972-06-27 08:45:00,CST,1972-06-27 08:45:00,2,0,0,0,25K,0,,F2,Unknown,0.3,40,,,,,34.32,-86.5,,,,,AL,1972-06-27 09:45:00,1972-06-27 09:45:00,True,True
,9978608,Alabama,109,Pike,,1972-07-03 22:30:00,CST,1972-07-03 22:30:00,0,0,0,0,250K,0,,F2,Unknown,0.3,200,,,,,31.8,-85.98,,,,,AL,1972-07-03 23:30:00,1972-07-03 23:30:00,True,True
,9978613,Alabama,73,Jefferson,,1972-10-27 13:45:00,CST,1972-10-27 13:45:00,0,0,0,0,250K,0,,F2,Unknown,17.1,50,,,,,33.52,-86.92,33.75,-86.82,,,AL,1972-10-27 14:45:00,1972-10-27 14:45:00,True,True
,9978616,Alabama,53,Escambia,,1972-12-15 07:00:00,CST,1972-12-15 07:00:00,3,0,0,0,2.5K,0,,F2,Unknown,1.0,50,,,,,31.03,-87.05,,,,,AL,1972-12-15 07:00:00,1972-12-15 07:00:00,False,False
,9978587,Alabama,47,Dallas,,1972-04-22 03:40:00,CST,1972-04-22 03:40:00,0,0,0,0,25K,0,,F2,Unknown,5.7,200,,,,,32.1,-87.13,32.17,-87.08,,,AL,1972-04-22 03:40:00,1972-04-22 03:40:00,False,False
,9978590,Alabama,53,Escambia,,1972-06-08 14:00:00,CST,1972-06-08 14:00:00,0,0,0,0,25K,0,,F2,Unknown,0.1,30,,,,,31.02,-87.48,,,,,AL,1972-06-08 15:00:00,1972-06-08 15:00:00,True,True
,10010159,Illinois,151,Pope,,1972-04-21 17:20:00,CST,1972-04-21 17:20:00,0,0,3,0,25K,0,,F3,Unknown,0.3,60,,,,,37.55,-88.53,,,,,IL,1972-04-21 17:20:00,1972-04-21 17:20:00,False,False
,10021031,Kansas,91,Johnson,,1972-04-30 22:16:00,CST,1972-04-30 22:16:00,0,0,0,0,250K,0,,F2,Unknown,0.0,233,,,,,38.75,-94.77,,,,,KS,1972-04-30 23:16:00,1972-04-30 23:16:00,True,True
,9998300,Florida,31,Duval,,1972-07-26 17:00:00,CST,1972-07-26 17:00:00,4,0,0,0,0K,0,,F1,Unknown,0.3,30,,,,,30.33,-81.67,,,,,FL,1972-07-26 18:00:00,1972-07-26 18:00:00,True,True
,9978577,Alabama,97,Mobile,,1972-03-18 15:00:00,CST,1972-03-18 15:00:00,0,0,0,0,25K,0,,F1,Unknown,1.0,60,,,,,30.55,-88.17,,,,,AL,1972-03-18 15:00:00,1972-03-18 15:00:00,False,False
,9978565,Alabama,53,Escambia,,1972-03-02 07:45:00,CST,1972-03-02 07:45:00,0,0,0,0,2.5K,0,,F2,Unknown,4.7,33,,,,,31.0,-87.48,31.03,-87.42,,,AL,1972-03-02 07:45:00,1972-03-02 07:45:00,False,False
,10047573,Mississippi,27,Coahoma,,1972-04-03 19:30:00,CST,1972-04-03 19:30:00,0,0,0,0,25K,0,,F1,Unknown,4.7,33,,,,,34.0,-90.48,34.03,-90.42,,,MS,1972-04-03 19:30:00,1972-04-03 19:30:00,False,False
,10073520,Montana,105,Valley,,1972-06-11 13:05:00,CST,1972-06-11 13:05:00,0,0,0,0,0K,0,,F1,Unknown,3.6,30,,,,,48.93,-106.42,48.93,-106.32,,,MT,1972-06-11 14:05:00,1972-06-11 14:05:00,True,True
,10073521,Montana,105,Valley,,1972-06-11 13:05:00,CST,1972-06-11 13:05:00,0,0,0,0,2.5K,0,,F2,Unknown,0.3,30,,,,,48.68,-106.4,,,,,MT,1972-06-11 14:05:00,1972-06-11 14:05:00,True,True
,10073522,Montana,83,Richland,,1972-06-11 14:25:00,CST,1972-06-11 14:25:00,0,0,0,0,.25K,0,,F2,Unknown,9.1,50,,,,,47.72,-104.82,47.65,-104.63,,,MT,1972-06-11 15:25:00,1972-06-11 15:25:00,True,True
,10073523,Montana,19,Daniels,,1972-06-11 14:55:00,CST,1972-06-11 14:55:00,0,0,0,0,2.5K,0,,F1,Unknown,10.4,50,,,,,48.77,-105.82,48.77,-105.58,,,MT,1972-06-11 15:55:00,1972-06-11 15:55:00,True,True
,10055983,Missouri,93,Iron,,1972-04-21 15:15:00,CST,1972-04-21 15:15:00,4,0,0,0,25K,0,,F2,Unknown,5.7,50,,,,,37.35,-90.73,37.38,-90.63,,,MO,1972-04-21 15:15:00,1972-04-21 15:15:00,False,False
,10055984,Missouri,93,Iron,,1972-04-21 15:30:00,CST,1972-04-21 15:30:00,0,0,0,0,25K,0,,F2,Unknown,5.1,50,,,,,37.38,-90.63,37.42,-90.55,,,MO,1972-04-21 15:30:00,1972-04-21 15:30:00,False,False
,10039616,Maryland,21,Frederick,,1972-03-03 11:45:00,CST,1972-03-03 11:45:00,0,0,0,0,250K,0,,F1,Unknown,1.0,100,,,,,39.42,-77.42,,,,,MD,1972-03-03 11:45:00,1972-03-03 11:45:00,False,False
,10125375,Tennessee,47,Fayette,,1972-04-15 19:37:00,CST,1972-04-15 19:37:00,0,0,0,0,0K,0,,F1,Unknown,0.3,50,,,,,35.03,-89.4,,,,,TN,1972-04-15 19:37:00,1972-04-15 19:37:00,False,False
,10125376,Tennessee,187,Williamson,,1972-04-21 15:15:00,CST,1972-04-21 15:15:00,3,0,0,0,250K,0,,F1,Unknown,1.5,50,,,,,35.93,-86.87,,,,,TN,1972-04-21 15:15:00,1972-04-21 15:15:00,False,False
,10125377,Tennessee,157,Shelby,,1972-04-21 18:25:00,CST,1972-04-21 18:25:00,0,0,0,0,0K,0,,F1,Unknown,0.3,20,,,,,35.12,-89.72,,,,,TN,1972-04-21 18:25:00,1972-04-21 18:25:00,False,False
,10125378,Tennessee,183,Weakley,,1972-04-21 18:30:00,CST,1972-04-21 18:30:00,1,0,0,0,2.5K,0,,F1,Unknown,1.3,7,,,,,36.5,-88.73,36.5,-88.72,,,TN,1972-04-21 18:30:00,1972-04-21 18:30:00,False,False
,10125379,Tennessee,99,Lawrence,,1972-04-21 20:05:00,CST,1972-04-21 20:05:00,6,0,0,0,250K,0,,F3,Unknown,20.6,200,,,,,35.13,-87.53,35.28,-87.22,,,TN,1972-04-21 20:05:00,1972-04-21 20:05:00,False,False
,10125381,Tennessee,55,Giles,,1972-04-21 20:45:00,CST,1972-04-21 20:45:00,4,0,0,0,0K,0,,F3,Unknown,11.7,200,,,,,35.28,-87.22,35.37,-87.03,,,TN,1972-04-21 20:45:00,1972-04-21 20:45:00,False,False
,10125383,Tennessee,49,Fentress,,1972-05-14 20:30:00,CST,1972-05-14 20:30:00,3,0,0,0,25K,0,,F2,Unknown,1.0,50,,,,,36.37,-84.8,,,,,TN,1972-05-14 21:30:00,1972-05-14 21:30:00,True,True
,10055963,Missouri,9,Barry,,1972-04-12 23:45:00,CST,1972-04-12 23:45:00,7,0,0,0,2.5M,0,,F2,Unknown,0.9,177,,,,,36.67,-93.87,,,,,MO,1972-04-12 23:45:00,1972-04-12 23:45:00,False,False
,10055969,Missouri,185,St. Clair,,1972-04-13 21:00:00,CST,1972-04-13 21:00:00,0,0,0,0,25K,0,,F1,Unknown,2.7,50,,,,,37.92,-93.57,37.93,-93.52,,,MO,1972-04-13 21:00:00,1972-04-13 21:00:00,False,False
,10055970,Missouri,85,Hickory,,1972-04-13 21:05:00,CST,1972-04-13 21:05:00,1,0,0,0,25K,0,,F1,Unknown,2.7,50,,,,,37.93,-93.52,37.95,-93.47,,,MO,1972-04-13 21:05:00,1972-04-13 21:05:00,False,False
,10125369,Tennessee,21,Cheatham,,1972-04-07 16:30:00,CST,1972-04-07 16:30:00,0,0,0,0,250K,0,,F2,Unknown,5.7,200,,,,,36.3,-87.07,36.25,-86.98,,,TN,1972-04-07 16:30:00,1972-04-07 16:30:00,False,False
,10125370,Tennessee,37,Davidson,,1972-04-07 16:45:00,CST,1972-04-07 16:45:00,15,0,0,0,250K,0,,F2,Unknown,18.5,200,,,,,36.25,-86.98,36.17,-86.67,,,TN,1972-04-07 16:45:00,1972-04-07 16:45:00,False,False
,10092063,Oklahoma,139,Texas,,1972-07-17 14:15:00,CST,1972-07-17 14:15:00,0,0,0,0,0K,0,,F1,Unknown,0.1,20,,,,,36.83,-101.07,,,,,OK,1972-07-17 15:15:00,1972-07-17 15:15:00,True,True
,10073897,New York,101,Steuben,,1972-08-07 09:00:00,CST,1972-08-07 09:00:00,2,0,1,0,25K,0,,F1,Unknown,0.0,33,,,,,42.18,-77.23,,,,,NY,1972-08-07 10:00:00,1972-08-07 10:00:00,True,True
,10073898,New York,89,St. Lawrence,,1972-08-07 12:00:00,CST,1972-08-07 12:00:00,0,0,0,0,25K,0,,F1,Unknown,4.9,30,,,,,44.47,-75.23,44.52,-75.15,,,NY,1972-08-07 13:00:00,1972-08-07 13:00:00,True,True
,10057013,Missouri,13,Bates,,1972-07-02 15:30:00,CST,1972-07-02 15:30:00,0,0,0,0,2.5K,0,,F0,Unknown,2.7,17,,,,,38.25,-94.12,38.28,-94.08,,,MO,1972-07-02 16:30:00,1972-07-02 16:30:00,True,True
,10073886,New York,29,Erie,,1972-05-02 17:30:00,CST,1972-05-02 17:30:00,0,0,0,0,250K,0,,F2,Unknown,12.0,350,,,,,42.73,-78.52,42.78,-78.28,,,NY,1972-05-02 18:30:00,1972-05-02 18:30:00,True,True
,10073887,New York,75,Oswego,,1972-05-30 14:00:00,CST,1972-05-30 14:00:00,0,0,0,0,25K,0,,F0,Unknown,0.3,50,,,,,43.47,-76.43,,,,,NY,1972-05-30 15:00:00,1972-05-30 15:00:00,True,True
,10073889,New York,105,Sullivan,,1972-06-09 16:15:00,CST,1972-06-09 16:15:00,2,0,0,0,250K,0,,F2,Unknown,0.3,40,,,,,41.75,-74.77,,,,,NY,1972-06-09 17:15:00,1972-06-09 17:15:00,True,True
,10073890,New York,115,Washington,,1972-07-25 10:40:00,CST,1972-07-25 10:40:00,0,0,0,0,2.5K,0,,F0,Unknown,0.0,20,,,,,43.52,-73.27,,,,,NY,1972-07-25 11:40:00,1972-07-25 11:40:00,True,True
,10087052,Ohio,7,Ashtabula,,1972-08-07 04:02:00,CST,1972-08-07 04:02:00,0,0,0,0,25K,0,,F1,Unknown,1.8,200,,,,,41.7,-80.9,,,,,OH,1972-08-07 05:02:00,1972-08-07 05:02:00,True,True
,10087053,Ohio,143,Sandusky,,1972-08-17 09:15:00,CST,1972-08-17 09:15:00,0,0,0,0,2.5K,0,,F1,Unknown,0.1,33,,,,,41.38,-83.23,,,,,OH,1972-08-17 10:15:00,1972-08-17 10:15:00,True,True
,10087054,Ohio,139,Richland,,1972-08-17 10:12:00,CST,1972-08-17 10:12:00,0,0,0,0,25K,0,,F2,Unknown,0.1,30,,,,,40.9,-82.5,,,,,OH,1972-08-17 11:12:00,1972-08-17 11:12:00,True,True
,10087055,Ohio,5,Ashland,,1972-08-17 10:30:00,CST,1972-08-17 10:30:00,0,0,0,0,25K,0,,F1,Unknown,2.0,50,,,,,40.77,-82.37,,,,,OH,1972-08-17 11:30:00,1972-08-17 11:30:00,True,True
,10087056,Ohio,77,Huron,,1972-08-17 11:11:00,CST,1972-08-17 11:11:00,0,0,0,0,250K,0,,F2,Unknown,2.8,183,,,,,41.03,-82.62,,,,,OH,1972-08-17 12:11:00,1972-08-17 12:11:00,True,True
,10087048,Ohio,93,Lorain,,1972-07-23 18:45:00,CST,1972-07-23 18:45:00,0,0,0,0,25K,0,,F1,Unknown,0.0,33,,,,,41.43,-82.37,,,,,OH,1972-07-23 19:45:00,1972-07-23 19:45:00,True,True
,10087049,Ohio,93,Lorain,,1972-08-01 02:13:00,CST,1972-08-01 02:13:00,0,0,0,0,250K,0,,F1,Unknown,2.0,100,,,,,41.43,-82.35,,,,,OH,1972-08-01 03:13:00,1972-08-01 03:13:00,True,True
,10089171,North Carolina,147,Pitt,,1972-05-15 19:58:00,CST,1972-05-15 19:58:00,4,0,0,0,2.5M,0,,F3,Unknown,8.5,120,,,,,35.58,-77.52,35.6,-77.37,,,NC,1972-05-15 20:58:00,1972-05-15 20:58:00,True,True
,10089177,North Carolina,129,New Hanover,,1972-08-01 05:30:00,CST,1972-08-01 05:30:00,0,0,0,0,0K,0,,F0,Unknown,0.0,3,,,,,34.2,-77.93,,,,,NC,1972-08-01 06:30:00,1972-08-01 06:30:00,True,True
,10089179,North Carolina,31,Carteret,,1972-09-30 16:00:00,CST,1972-09-30 16:00:00,0,0,0,0,0K,0,,F0,Unknown,0.0,33,,,,,34.75,-76.68,,,,,NC,1972-09-30 17:00:00,1972-09-30 17:00:00,True,True
,10089180,North Carolina,133,Onslow,,1972-10-24 16:06:00,CST,1972-10-24 16:06:00,0,0,0,0,25K,0,,F2,Unknown,0.7,150,,,,,34.75,-77.38,,,,,NC,1972-10-24 17:06:00,1972-10-24 17:06:00,True,True
,10083490,North Dakota,17,Cass,,1972-05-26 17:35:00,CST,1972-05-26 17:35:00,0,0,0,0,25K,0,,F1,Unknown,2.0,30,,,,,46.68,-97.53,,,,,ND,1972-05-26 18:35:00,1972-05-26 18:35:00,True,True
,10083491,North Dakota,71,Ramsey,,1972-06-01 19:45:00,CST,1972-06-01 19:45:00,0,0,0,0,0K,0,,F0,Unknown,0.5,20,,,,,48.4,-98.45,,,,,ND,1972-06-01 20:45:00,1972-06-01 20:45:00,True,True
,10083492,North Dakota,89,Stark,,1972-06-11 16:40:00,CST,1972-06-11 16:40:00,0,0,0,0,0K,0,,F0,Unknown,3.6,30,,,,,46.78,-102.95,46.78,-102.87,,,ND,1972-06-11 17:40:00,1972-06-11 17:40:00,True,True
,10083495,North Dakota,9,Bottineau,,1972-06-12 22:00:00,CST,1972-06-12 22:00:00,1,0,0,0,250K,0,,F2,Unknown,2.0,20,,,,,48.93,-100.35,,,,,ND,1972-06-12 23:00:00,1972-06-12 23:00:00,True,True
,10083497,North Dakota,81,Sargent,,1972-06-27 11:05:00,CST,1972-06-27 11:05:00,0,0,0,0,2.5K,0,,F1,Unknown,4.3,30,,,,,46.0,-97.63,46.0,-97.53,,,ND,1972-06-27 12:05:00,1972-06-27 12:05:00,True,True
,10083499,North Dakota,71,Ramsey,,1972-07-01 19:00:00,CST,1972-07-01 19:00:00,0,0,0,0,0K,0,,F0,Unknown,0.3,20,,,,,48.45,-98.93,,,,,ND,1972-07-01 20:00:00,1972-07-01 20:00:00,True,True
,10083503,North Dakota,31,Foster,,1972-07-29 16:45:00,CST,1972-07-29 16:45:00,0,0,0,0,25K,0,,F2,Unknown,2.3,20,,,,,47.57,-98.78,47.6,-98.73,,,ND,1972-07-29 17:45:00,1972-07-29 17:45:00,True,True
,10112032,South Carolina,65,Mccormick,,1972-01-10 02:30:00,CST,1972-01-10 02:30:00,0,0,0,0,2.5K,0,,F1,Unknown,2.0,100,,,,,33.92,-82.25,,,,,SC,1972-01-10 02:30:00,1972-01-10 02:30:00,False,False
,10112033,South Carolina,63,Lexington,,1972-01-10 14:05:00,CST,1972-01-10 14:05:00,2,0,0,0,250K,0,,F1,Unknown,3.0,77,,,,,34.05,-81.22,34.07,-81.17,,,SC,1972-01-10 14:05:00,1972-01-10 14:05:00,False,False
,10112034,South Carolina,79,Richland,,1972-01-10 14:05:00,CST,1972-01-10 14:05:00,1,0,0,0,250K,0,,F1,Unknown,3.0,77,,,,,34.07,-81.17,34.08,-81.12,,,SC,1972-01-10 14:05:00,1972-01-10 14:05:00,False,False
,10095764,Oklahoma,49,Garvin,,1972-04-19 17:40:00,CST,1972-04-19 17:40:00,3,0,5,0,25K,0,,F4,Unknown,10.1,33,,,,,34.5,-97.35,34.55,-97.18,,,OK,1972-04-19 17:40:00,1972-04-19 17:40:00,False,False
,10095767,Oklahoma,13,Bryan,,1972-04-20 19:25:00,CST,1972-04-20 19:25:00,0,0,0,0,25K,0,,F2,Unknown,8.9,50,,,,,33.93,-96.38,34.05,-96.32,,,OK,1972-04-20 19:25:00,1972-04-20 19:25:00,False,False
,10095768,Oklahoma,5,Atoka,,1972-04-20 20:10:00,CST,1972-04-20 20:10:00,0,0,0,0,25K,0,,F1,Unknown,0.1,10,,,,,34.5,-96.1,,,,,OK,1972-04-20 20:10:00,1972-04-20 20:10:00,False,False
,10095769,Oklahoma,7,Beaver,,1972-04-25 23:45:00,CST,1972-04-25 23:45:00,0,0,0,0,25K,0,,F1,Unknown,0.1,17,,,,,36.82,-100.52,,,,,OK,1972-04-25 23:45:00,1972-04-25 23:45:00,False,False
,10083506,North Dakota,19,Cavalier,,1972-08-20 15:45:00,CST,1972-08-20 15:45:00,0,0,0,0,.25K,0,,F0,Unknown,5.1,20,,,,,48.98,-98.43,48.93,-98.33,,,ND,1972-08-20 16:45:00,1972-08-20 16:45:00,True,True
,10039838,Massachusetts,11,Franklin,,1972-07-03 12:30:00,CST,1972-07-03 12:30:00,0,0,0,0,2.5K,0,,F1,Unknown,1.0,3,,,,,42.52,-72.8,,,,,MA,1972-07-03 13:30:00,1972-07-03 13:30:00,True,True
,10039839,Massachusetts,11,Franklin,,1972-07-03 13:21:00,CST,1972-07-03 13:21:00,0,0,0,0,2.5K,0,,F1,Unknown,3.0,20,,,,,42.7,-72.47,,,,,MA,1972-07-03 14:21:00,1972-07-03 14:21:00,True,True
,10039840,Massachusetts,17,Middlesex,,1972-07-21 15:00:00,CST,1972-07-21 15:00:00,4,0,0,0,2.5M,0,,F2,Unknown,7.6,37,,,,,42.68,-71.42,42.58,-71.33,,,MA,1972-07-21 16:00:00,1972-07-21 16:00:00,True,True
,10039841,Massachusetts,9,Essex,,1972-07-21 15:22:00,CST,1972-07-21 15:22:00,0,0,0,0,2.5K,0,,F1,Unknown,0.3,20,,,,,42.5,-71.05,,,,,MA,1972-07-21 16:22:00,1972-07-21 16:22:00,True,True
,10092289,Oklahoma,97,Mayes,,1972-12-29 23:15:00,CST,1972-12-29 23:15:00,0,0,0,0,250K,0,,F2,Unknown,31.2,30,,,,,36.5,-95.02,36.88,-94.72,,,OK,1972-12-29 23:15:00,1972-12-29 23:15:00,False,False
,10039849,Massachusetts,13,Hampden,,1972-08-09 11:05:00,CST,1972-08-09 11:05:00,0,0,0,0,2.5K,0,,F1,Unknown,0.5,77,,,,,42.12,-72.4,,,,,MA,1972-08-09 12:05:00,1972-08-09 12:05:00,True,True
,10039850,Massachusetts,21,Norfolk,,1972-08-09 13:30:00,CST,1972-08-09 13:30:00,6,0,1,0,25K,0,,F1,Unknown,4.9,30,,,,,42.28,-71.23,42.35,-71.17,,,MA,1972-08-09 14:30:00,1972-08-09 14:30:00,True,True
,10039851,Massachusetts,27,Worcester,,1972-08-09 13:30:00,CST,1972-08-09 13:30:00,1,0,0,0,25K,0,,F2,Unknown,9.7,10,,,,,42.55,-72.13,42.68,-72.05,,,MA,1972-08-09 14:30:00,1972-08-09 14:30:00,True,True
,10039852,Massachusetts,11,Franklin,,1972-08-27 16:15:00,CST,1972-08-27 16:15:00,0,0,0,0,25K,0,,F2,Unknown,1.0,100,,,,,42.5,-72.5,,,,,MA,1972-08-27 17:15:00,1972-08-27 17:15:00,True,True
,10039853,Massachusetts,13,Hampden,,1972-09-14 12:20:00,CST,1972-09-14 12:20:00,0,0,0,0,2.5K,0,,F1,Unknown,0.3,30,,,,,42.07,-72.4,,,,,MA,1972-09-14 13:20:00,1972-09-14 13:20:00,True,True
,10039854,Massachusetts,5,Bristol,,1972-09-14 14:40:00,CST,1972-09-14 14:40:00,0,0,0,0,2.5K,0,,F0,Unknown,4.1,20,,,,,41.63,-70.92,41.58,-70.85,,,MA,1972-09-14 15:40:00,1972-09-14 15:40:00,True,True
,9984427,Arkansas,63,Independence,,1972-06-08 17:00:00,CST,1972-06-08 17:00:00,0,0,0,0,25K,0,,F2,Unknown,0.5,100,,,,,35.6,-91.42,,,,,AR,1972-06-08 18:00:00,1972-06-08 18:00:00,True,True
,9984429,Arkansas,11,Bradley,,1972-06-20 21:45:00,CST,1972-06-20 21:45:00,0,0,0,0,25K,0,,F3,Unknown,0.3,150,,,,,33.35,-92.08,,,,,AR,1972-06-20 22:45:00,1972-06-20 22:45:00,True,True
,9986844,Colorado,41,El Paso,,1972-05-28 17:00:00,CST,1972-05-28 17:00:00,0,0,0,0,.25K,0,,F1,Unknown,0.0,33,,,,,39.12,-104.6,,,,,CO,1972-05-28 18:00:00,1972-05-28 18:00:00,True,True
,10033802,Kentucky,87,Green,,1972-04-11 23:45:00,CST,1972-04-11 23:45:00,0,0,0,0,250K,0,,F2,Unknown,0.0,33,,,,,37.37,-85.58,,,,,KY,1972-04-11 23:45:00,1972-04-11 23:45:00,False,False
,9981766,Arizona,13,Maricopa,,1972-06-13 20:33:00,CST,1972-06-13 20:33:00,0,0,0,0,25K,0,,F0,Unknown,0.3,33,,,,,33.47,-112.17,,,,,AZ,1972-06-13 20:33:00,1972-06-13 20:33:00,False,False
,9981767,Arizona,21,Pinal,,1972-06-21 16:15:00,CST,1972-06-21 16:15:00,8,0,0,0,2.5M,0,,F1,Unknown,1.0,1000,,,,,32.75,-111.55,,,,,AZ,1972-06-21 16:15:00,1972-06-21 16:15:00,False,False
,9981768,Arizona,21,Pinal,,1972-06-21 16:53:00,CST,1972-06-21 16:53:00,0,0,0,0,25K,0,,F0,Unknown,17.8,33,,,,,33.07,-111.73,33.23,-111.5,,,AZ,1972-06-21 16:53:00,1972-06-21 16:53:00,False,False
,9981769,Arizona,21,Pinal,,1972-06-21 17:00:00,CST,1972-06-21 17:00:00,5,0,0,0,250K,0,,F1,Unknown,6.4,100,,,,,33.02,-112.12,33.05,-112.02,,,AZ,1972-06-21 17:00:00,1972-06-21 17:00:00,False,False
,9981770,Arizona,21,Pinal,,1972-06-21 17:30:00,CST,1972-06-21 17:30:00,0,0,0,0,25K,0,,F0,Unknown,0.0,33,,,,,33.42,-111.55,,,,,AZ,1972-06-21 17:30:00,1972-06-21 17:30:00,False,False
,9981771,Arizona,13,Maricopa,,1972-06-21 18:05:00,CST,1972-06-21 18:05:00,0,0,0,0,0K,0,,F0,Unknown,0.0,33,,,,,33.38,-111.93,,,,,AZ,1972-06-21 18:05:00,1972-06-21 18:05:00,False,False
,9977484,Alabama,91,Marengo,,1972-01-04 03:15:00,CST,1972-01-04 03:15:00,0,0,0,0,250K,0,,F2,Unknown,1.0,100,,,,,32.3,-87.78,,,,,AL,1972-01-04 03:15:00,1972-01-04 03:15:00,False,False
,9977485,Alabama,17,Chambers,,1972-01-10 10:30:00,CST,1972-01-10 10:30:00,0,0,0,0,25K,0,,F2,Unknown,4.5,50,,,,,32.73,-85.58,32.78,-85.55,,,AL,1972-01-10 10:30:00,1972-01-10 10:30:00,False,False
,9977486,Alabama,31,Coffee,,1972-01-13 01:00:00,CST,1972-01-13 01:00:00,0,0,0,0,250K,0,,F2,Unknown,1.1,100,,,,,31.32,-85.8,31.33,-85.8,,,AL,1972-01-13 01:00:00,1972-01-13 01:00:00,False,False
,9977487,Alabama,45,Dale,,1972-01-13 01:00:00,CST,1972-01-13 01:00:00,88,0,4,0,250K,0,,F2,Unknown,5.2,100,,,,,31.33,-85.8,31.38,-85.73,,,AL,1972-01-13 01:00:00,1972-01-13 01:00:00,False,False
,9977488,Alabama,67,Henry,,1972-01-13 02:15:00,CST,1972-01-13 02:15:00,2,0,0,0,250K,0,,F3,Unknown,8.4,200,,,,,31.6,-85.4,31.72,-85.37,,,AL,1972-01-13 02:15:00,1972-01-13 02:15:00,False,False
,9977489,Alabama,5,Barbour,,1972-01-13 02:15:00,CST,1972-01-13 02:15:00,0,0,0,0,250K,0,,F3,Unknown,8.4,200,,,,,31.72,-85.37,31.83,-85.33,,,AL,1972-01-13 02:15:00,1972-01-13 02:15:00,False,False
,10068259,Nebraska,35,Clay,,1972-06-18 19:25:00,CST,1972-06-18 19:25:00,0,0,0,0,0K,0,,F0,Unknown,0.1,10,,,,,40.68,-98.1,,,,,NE,1972-06-18 20:25:00,1972-06-18 20:25:00,True,True
,9986851,Colorado,75,Logan,,1972-06-17 16:15:00,CST,1972-06-17 16:15:00,0,0,0,0,0K,0,,F0,Unknown,0.0,33,,,,,40.2,-103.75,,,,,CO,1972-06-17 17:15:00,1972-06-17 17:15:00,True,True
,9986854,Colorado,125,Yuma,,1972-06-21 20:00:00,CST,1972-06-21 20:00:00,0,0,0,0,0K,0,,F0,Unknown,0.0,33,,,,,39.88,-102.45,,,,,CO,1972-06-21 21:00:00,1972-06-21 21:00:00,True,True
,9986855,Colorado,125,Yuma,,1972-06-21 20:40:00,CST,1972-06-21 20:40:00,3,0,0,0,25K,0,,F2,Unknown,19.3,33,,,,,39.92,-102.5,39.7,-102.27,,,CO,1972-06-21 21:40:00,1972-06-21 21:40:00,True,True
,9986856,Colorado,39,Elbert,,1972-06-22 17:10:00,CST,1972-06-22 17:10:00,0,0,0,0,0K,0,,F0,Unknown,0.0,33,,,,,39.32,-103.75,,,,,CO,1972-06-22 18:10:00,1972-06-22 18:10:00,True,True
,9986857,Colorado,39,Elbert,,1972-06-22 17:25:00,CST,1972-06-22 17:25:00,0,0,0,0,0K,0,,F0,Unknown,13.1,33,,,,,39.27,-103.95,39.27,-103.7,,,CO,1972-06-22 18:25:00,1972-06-22 18:25:00,True,True
,9986858,Colorado,73,Lincoln,,1972-06-22 19:00:00,CST,1972-06-22 19:00:00,0,0,0,0,0K,0,,F0,Unknown,0.0,33,,,,,39.37,-103.82,,,,,CO,1972-06-22 20:00:00,1972-06-22 20:00:00,True,True
,9986868,Colorado,75,Logan,,1972-07-06 18:05:00,CST,1972-07-06 18:05:00,0,0,0,0,0K,0,,F0,Unknown,0.0,33,,,,,40.45,-103.03,,,,,CO,1972-07-06 19:05:00,1972-07-06 19:05:00,True,True
,9986869,Colorado,73,Lincoln,,1972-07-07 19:50:00,CST,1972-07-07 19:50:00,0,0,0,0,2.5K,0,,F0,Unknown,0.0,33,,,,,40.83,-103.42,,,,,CO,1972-07-07 20:50:00,1972-07-07 20:50:00,True,True
,10079169,New Hampshire,3,Carroll,,1972-08-09 15:30:00,CST,1972-08-09 15:30:00,0,0,0,0,2.5K,0,,F1,Unknown,0.0,77,,,,,43.88,-71.2,43.9,-71.17,,,NH,1972-08-09 16:30:00,1972-08-09 16:30:00,True,True
,10079170,New Hampshire,3,Carroll,,1972-08-25 13:00:00,CST,1972-08-25 13:00:00,0,0,0,0,0K,0,,F0,Unknown,0.5,17,,,,,43.68,-71.3,,,,,NH,1972-08-25 14:00:00,1972-08-25 14:00:00,True,True
,10064820,Nebraska,119,Madison,,1972-07-01 17:10:00,CST,1972-07-01 17:10:00,0,0,0,0,0K,0,,F0,Unknown,0.3,17,,,,,41.82,-97.62,,,,,NE,1972-07-01 18:10:00,1972-07-01 18:10:00,True,True
,9981778,Arizona,13,Maricopa,,1972-07-23 18:30:00,CST,1972-07-23 18:30:00,0,0,0,0,.03K,0,,F0,Unknown,0.0,33,,,,,33.1,-111.57,,,,,AZ,1972-07-23 18:30:00,1972-07-23 18:30:00,False,False
,9981774,Arizona,13,Maricopa,,1972-06-21 19:30:00,CST,1972-06-21 19:30:00,3,0,0,0,25M,0,,F2,Unknown,13.5,33,,,,,33.47,-112.0,33.65,-111.92,,,AZ,1972-06-21 19:30:00,1972-06-21 19:30:00,False,False
,10068229,Nebraska,89,Holt,,1972-05-22 15:00:00,CST,1972-05-22 15:00:00,0,0,0,0,0K,0,,F0,Unknown,2.3,33,,,,,42.22,-98.75,42.25,-98.7,,,NE,1972-05-22 16:00:00,1972-05-22 16:00:00,True,True
,10068230,Nebraska,89,Holt,,1972-05-22 15:00:00,CST,1972-05-22 15:00:00,0,0,0,0,25K,0,,F1,Unknown,2.3,220,,,,,42.22,-98.75,42.25,-98.7,,,NE,1972-05-22 16:00:00,1972-05-22 16:00:00,True,True
,10068232,Nebraska,73,Gosper,,1972-05-22 17:45:00,CST,1972-05-22 17:45:00,0,0,0,0,0K,0,,F1,Unknown,1.0,220,,,,,40.57,-99.75,,,,,NE,1972-05-22 18:45:00,1972-05-22 18:45:00,True,True
,10068233,Nebraska,131,Otoe,,1972-05-23 13:30:00,CST,1972-05-23 13:30:00,0,0,0,0,0K,0,,F0,Unknown,0.1,33,,,,,40.68,-95.88,,,,,NE,1972-05-23 14:30:00,1972-05-23 14:30:00,True,True
,10068234,Nebraska,131,Otoe,,1972-05-23 13:45:00,CST,1972-05-23 13:45:00,0,0,0,0,0K,0,,F0,Unknown,0.1,33,,,,,40.67,-96.03,,,,,NE,1972-05-23 14:45:00,1972-05-23 14:45:00,True,True
,10068235,Nebraska,81,Hamilton,,1972-05-23 15:53:00,CST,1972-05-23 15:53:00,0,0,0,0,0K,0,,F0,Unknown,0.1,33,,,,,40.7,-98.15,,,,,NE,1972-05-23 16:53:00,1972-05-23 16:53:00,True,True
,10068236,Nebraska,81,Hamilton,,1972-05-23 16:45:00,CST,1972-05-23 16:45:00,0,0,0,0,0K,0,,F0,Unknown,0.1,33,,,,,40.78,-98.0,,,,,NE,1972-05-23 17:45:00,1972-05-23 17:45:00,True,True
,10068237,Nebraska,37,Colfax,,1972-05-23 16:50:00,CST,1972-05-23 16:50:00,0,0,0,0,0K,0,,F0,Unknown,0.1,33,,,,,41.45,-97.18,,,,,NE,1972-05-23 17:50:00,1972-05-23 17:50:00,True,True
,10068238,Nebraska,89,Holt,,1972-05-23 17:08:00,CST,1972-05-23 17:08:00,0,0,0,0,0K,0,,F0,Unknown,0.1,33,,,,,42.45,-98.67,,,,,NE,1972-05-23 18:08:00,1972-05-23 18:08:00,True,True
,10068239,Nebraska,51,Dixon,,1972-05-23 17:10:00,CST,1972-05-23 17:10:00,0,0,0,0,0K,0,,F0,Unknown,0.1,33,,,,,42.73,-96.78,,,,,NE,1972-05-23 18:10:00,1972-05-23 18:10:00,True,True
,10068240,Nebraska,23,Butler,,1972-05-23 17:22:00,CST,1972-05-23 17:22:00,0,0,0,0,0K,0,,F0,Unknown,0.1,33,,,,,41.35,-97.17,,,,,NE,1972-05-23 18:22:00,1972-05-23 18:22:00,True,True
,10068241,Nebraska,67,Gage,,1972-05-23 17:50:00,CST,1972-05-23 17:50:00,0,0,0,0,0K,0,,F0,Unknown,0.1,33,,,,,40.3,-96.78,,,,,NE,1972-05-23 18:50:00,1972-05-23 18:50:00,True,True
,10068242,Nebraska,23,Butler,,1972-05-23 18:12:00,CST,1972-05-23 18:12:00,0,0,0,0,0K,0,,F0,Unknown,0.1,33,,,,,41.23,-97.32,,,,,NE,1972-05-23 19:12:00,1972-05-23 19:12:00,True,True
,10068244,Nebraska,109,Lancaster,,1972-05-27 14:12:00,CST,1972-05-27 14:12:00,0,0,0,0,0K,0,,F0,Unknown,0.5,10,,,,,40.87,-96.53,,,,,NE,1972-05-27 15:12:00,1972-05-27 15:12:00,True,True
,10068245,Nebraska,53,Dodge,,1972-05-27 15:35:00,CST,1972-05-27 15:35:00,0,0,0,0,0K,0,,F0,Unknown,0.1,33,,,,,41.62,-96.67,,,,,NE,1972-05-27 16:35:00,1972-05-27 16:35:00,True,True
,10068248,Nebraska,55,Douglas,,1972-06-07 16:16:00,CST,1972-06-07 16:16:00,0,0,0,0,0K,0,,F0,Unknown,0.1,10,,,,,41.32,-95.9,,,,,NE,1972-06-07 17:16:00,1972-06-07 17:16:00,True,True
,10068250,Nebraska,185,York,,1972-06-16 12:48:00,CST,1972-06-16 12:48:00,0,0,0,0,0K,0,,F0,Unknown,0.0,33,,,,,40.77,-97.72,,,,,NE,1972-06-16 13:48:00,1972-06-16 13:48:00,True,True
,10068253,Nebraska,81,Hamilton,,1972-06-18 17:03:00,CST,1972-06-18 17:03:00,0,0,0,0,2.5K,0,,F1,Unknown,0.3,20,,,,,40.82,-98.25,,,,,NE,1972-06-18 18:03:00,1972-06-18 18:03:00,True,True
,9986056,Colorado,123,Weld,,1972-05-10 14:15:00,CST,1972-05-10 14:15:00,0,0,0,0,2.5K,0,,F1,Unknown,1.0,20,,,,,40.35,-104.4,,,,,CO,1972-05-10 15:15:00,1972-05-10 15:15:00,True,True
,10079163,New Hampshire,1,Belknap,,1972-05-31 12:30:00,CST,1972-05-31 12:30:00,0,0,0,0,250K,0,,F1,Unknown,1.0,70,,,,,43.53,-71.43,,,,,NH,1972-05-31 13:30:00,1972-05-31 13:30:00,True,True
,10079164,New Hampshire,1,Belknap,,1972-07-03 13:20:00,CST,1972-07-03 13:20:00,7,0,0,0,25K,0,,F2,Unknown,1.0,40,,,,,43.42,-71.43,,,,,NH,1972-07-03 14:20:00,1972-07-03 14:20:00,True,True
,10079165,New Hampshire,11,Hillsborough,,1972-07-19 13:15:00,CST,1972-07-19 13:15:00,0,0,0,0,2.5K,0,,F1,Unknown,0.9,40,,,,,42.75,-71.43,,,,,NH,1972-07-19 14:15:00,1972-07-19 14:15:00,True,True
,10079167,New Hampshire,9,Grafton,,1972-07-21 13:00:00,CST,1972-07-21 13:00:00,0,0,0,0,25K,0,,F1,Unknown,0.5,7,,,,,43.65,-72.0,,,,,NH,1972-07-21 14:00:00,1972-07-21 14:00:00,True,True
,10079168,New Hampshire,9,Grafton,,1972-07-21 13:00:00,CST,1972-07-21 13:00:00,0,0,0,0,25K,0,,F1,Unknown,7.0,10,,,,,43.65,-72.15,,,,,NH,1972-07-21 14:00:00,1972-07-21 14:00:00,True,True
,10041381,Michigan,77,Kalamazoo,,1972-09-17 19:25:00,CST,1972-09-17 19:25:00,0,0,0,0,.25K,0,,F0,Unknown,0.0,20,,,,,42.33,-85.5,,,,,MI,1972-09-17 20:25:00,1972-09-17 20:25:00,True,True
,10041382,Michigan,15,Barry,,1972-09-17 19:55:00,CST,1972-09-17 19:55:00,0,0,0,0,25K,0,,F1,Unknown,0.0,27,,,,,42.67,-85.48,,,,,MI,1972-09-17 20:55:00,1972-09-17 20:55:00,True,True
,9981785,Arizona,15,Mohave,,1972-08-08 16:00:00,CST,1972-08-08 16:00:00,0,0,0,0,.03K,0,,F0,Unknown,2.3,300,,,,,35.32,-113.92,35.3,-113.95,,,AZ,1972-08-08 16:00:00,1972-08-08 16:00:00,False,False
,9981786,Arizona,25,Yavapai,,1972-08-10 15:00:00,CST,1972-08-10 15:00:00,0,0,0,0,.03K,0,,F3,Unknown,0.0,33,,,,,34.75,-112.47,,,,,AZ,1972-08-10 15:00:00,1972-08-10 15:00:00,False,False
,10047622,Mississippi,7,Attala,,1972-06-29 05:05:00,CST,1972-06-29 05:05:00,3,0,0,0,25K,0,,F1,Unknown,0.5,33,,,,,33.03,-89.77,,,,,MS,1972-06-29 06:05:00,1972-06-29 06:05:00,True,True
,10047590,Mississippi,47,Harrison,,1972-05-07 14:00:00,CST,1972-05-07 14:00:00,0,0,0,0,0K,0,,F1,Unknown,8.3,33,,,,,30.25,-89.25,30.37,-89.23,,,MS,1972-05-07 15:00:00,1972-05-07 15:00:00,True,True
,10047592,Mississippi,47,Harrison,,1972-05-07 14:45:00,CST,1972-05-07 14:45:00,2,0,0,0,2.5K,0,,F1,Unknown,0.8,33,,,,,30.37,-89.08,,,,,MS,1972-05-07 15:45:00,1972-05-07 15:45:00,True,True
,10047593,Mississippi,47,Harrison,,1972-05-07 15:08:00,CST,1972-05-07 15:08:00,0,0,0,0,0K,0,,F1,Unknown,0.8,33,,,,,30.5,-89.08,,,,,MS,1972-05-07 16:08:00,1972-05-07 16:08:00,True,True
,10047594,Mississippi,47,Harrison,,1972-05-07 15:30:00,CST,1972-05-07 15:30:00,0,0,0,0,2.5K,0,,F1,Unknown,0.8,33,,,,,30.4,-89.08,,,,,MS,1972-05-07 16:30:00,1972-05-07 16:30:00,True,True
,10047595,Mississippi,45,Hancock,,1972-05-07 17:30:00,CST,1972-05-07 17:30:00,1,0,0,0,25K,0,,F2,Unknown,3.3,23,,,,,30.3,-89.33,30.33,-89.3,,,MS,1972-05-07 18:30:00,1972-05-07 18:30:00,True,True
,10047596,Mississippi,47,Harrison,,1972-05-07 17:40:00,CST,1972-05-07 17:40:00,0,0,0,0,25K,0,,F2,Unknown,4.3,23,,,,,30.33,-89.3,30.38,-89.27,,,MS,1972-05-07 18:40:00,1972-05-07 18:40:00,True,True
,10047597,Mississippi,47,Harrison,,1972-05-07 17:53:00,CST,1972-05-07 17:53:00,0,0,0,0,25K,0,,F2,Unknown,1.2,33,,,,,30.35,-89.25,,,,,MS,1972-05-07 18:53:00,1972-05-07 18:53:00,True,True
,10115640,Pennsylvania,39,Crawford,,1972-05-02 20:05:00,CST,1972-05-02 20:05:00,3,0,0,0,25K,0,,F3,Unknown,7.9,33,,,,,41.48,-80.2,41.55,-80.07,,,PA,1972-05-02 21:05:00,1972-05-02 21:05:00,True,True
,10115650,Pennsylvania,89,Monroe,,1972-09-13 15:45:00,CST,1972-09-13 15:45:00,0,0,0,0,2.5K,0,,F2,Unknown,0.1,100,,,,,41.15,-75.4,,,,,PA,1972-09-13 16:45:00,1972-09-13 16:45:00,True,True
,10083485,North Dakota,87,Slope,,1972-05-19 20:00:00,CST,1972-05-19 20:00:00,0,0,0,0,2.5K,0,,F1,Unknown,15.5,50,,,,,46.37,-103.17,46.55,-102.97,,,ND,1972-05-19 21:00:00,1972-05-19 21:00:00,True,True
,10048412,Mississippi,139,Tippah,,1972-09-29 18:00:00,CST,1972-09-29 18:00:00,0,0,0,0,250K,0,,F3,Unknown,14.6,880,,,,,34.72,-88.97,34.67,-88.72,,,MS,1972-09-29 19:00:00,1972-09-29 19:00:00,True,True
,10048413,Mississippi,117,Prentiss,,1972-09-29 18:00:00,CST,1972-09-29 18:00:00,1,0,0,0,250K,0,,F3,Unknown,5.1,880,,,,,34.67,-88.72,34.65,-88.63,,,MS,1972-09-29 19:00:00,1972-09-29 19:00:00,True,True
,10048414,Mississippi,117,Prentiss,,1972-09-29 18:00:00,CST,1972-09-29 18:00:00,0,0,0,0,0K,0,,F3,Unknown,17.1,880,,,,,34.65,-88.63,34.65,-88.33,,,MS,1972-09-29 19:00:00,1972-09-29 19:00:00,True,True
,10048415,Mississippi,141,Tishomingo,,1972-09-29 18:00:00,CST,1972-09-29 18:00:00,3,0,0,0,250K,0,,F3,Unknown,8.7,880,,,,,34.65,-88.33,34.63,-88.18,,,MS,1972-09-29 19:00:00,1972-09-29 19:00:00,True,True
,10048417,Mississippi,129,Smith,,1972-11-13 09:45:00,CST,1972-11-13 09:45:00,0,0,0,0,25K,0,,F1,Unknown,0.5,200,,,,,32.05,-89.48,,,,,MS,1972-11-13 09:45:00,1972-11-13 09:45:00,False,False
,10048418,Mississippi,73,Lamar,,1972-11-13 11:30:00,CST,1972-11-13 11:30:00,0,0,0,0,250K,0,,F2,Unknown,0.8,50,,,,,31.13,-89.42,,,,,MS,1972-11-13 11:30:00,1972-11-13 11:30:00,False,False
,10048419,Mississippi,5,Amite,,1972-12-20 16:45:00,CST,1972-12-20 16:45:00,0,0,0,0,2.5K,0,,F1,Unknown,1.0,67,,,,,31.13,-90.65,,,,,MS,1972-12-20 16:45:00,1972-12-20 16:45:00,False,False
,10092283,Oklahoma,71,Kay,,1972-08-21 17:30:00,CST,1972-08-21 17:30:00,1,0,0,0,0K,0,,F1,Unknown,0.0,33,,,,,36.73,-97.03,,,,,OK,1972-08-21 18:30:00,1972-08-21 18:30:00,True,True
,10092286,Oklahoma,89,Mccurtain,,1972-10-22 02:24:00,CST,1972-10-22 02:24:00,1,0,0,0,25K,0,,F2,Unknown,0.5,33,,,,,33.88,-94.82,,,,,OK,1972-10-22 02:24:00,1972-10-22 02:24:00,False,False
,10092287,Oklahoma,89,Mccurtain,,1972-10-22 02:24:00,CST,1972-10-22 02:24:00,1,0,0,0,25K,0,,F3,Unknown,1.5,33,,,,,33.9,-94.83,,,,,OK,1972-10-22 02:24:00,1972-10-22 02:24:00,False,False
,10087041,Ohio,51,Fulton,,1972-06-20 18:30:00,CST,1972-06-20 18:30:00,0,0,1,0,25K,0,,F0,Unknown,0.1,20,,,,,41.5,-84.2,,,,,OH,1972-06-20 19:30:00,1972-06-20 19:30:00,True,True
,10087044,Ohio,169,Wayne,,1972-07-09 19:18:00,CST,1972-07-09 19:18:00,0,0,0,0,25K,0,,F1,Unknown,1.8,100,,,,,40.78,-81.93,,,,,OH,1972-07-09 20:18:00,1972-07-09 20:18:00,True,True
,10087047,Ohio,93,Lorain,,1972-07-23 18:45:00,CST,1972-07-23 18:45:00,0,0,0,0,25K,0,,F1,Unknown,1.5,220,,,,,41.43,-82.37,,,,,OH,1972-07-23 19:45:00,1972-07-23 19:45:00,True,True
,10111267,South Dakota,135,Yankton,,1972-09-20 16:30:00,CST,1972-09-20 16:30:00,0,0,0,0,250K,0,,F2,Unknown,0.0,33,,,,,42.98,-97.48,,,,,SD,1972-09-20 17:30:00,1972-09-20 17:30:00,True,True
,10092288,Oklahoma,87,Mcclain,,1972-12-29 20:15:00,CST,1972-12-29 20:15:00,0,0,0,0,25K,0,,F2,Unknown,14.5,40,,,,,34.9,-97.5,34.98,-97.27,,,OK,1972-12-29 20:15:00,1972-12-29 20:15:00,False,False
,10111260,South Dakota,13,Brown,,1972-07-25 17:58:00,CST,1972-07-25 17:58:00,0,0,0,0,0K,0,,F0,Unknown,0.0,33,,,,,45.62,-98.43,,,,,SD,1972-07-25 18:58:00,1972-07-25 18:58:00,True,True
,10111261,South Dakota,85,Lyman,,1972-07-30 20:30:00,CST,1972-07-30 20:30:00,0,0,0,0,0K,0,,F0,Unknown,0.0,33,,,,,43.7,-99.88,,,,,SD,1972-07-30 21:30:00,1972-07-30 21:30:00,True,True
,10111262,South Dakota,3,Aurora,,1972-07-30 21:40:00,CST,1972-07-30 21:40:00,0,0,0,0,0K,0,,F0,Unknown,0.0,33,,,,,43.72,-98.27,,,,,SD,1972-07-30 22:40:00,1972-07-30 22:40:00,True,True
,10111263,South Dakota,135,Yankton,,1972-08-05 11:55:00,CST,1972-08-05 11:55:00,0,0,0,0,2.5K,0,,F2,Unknown,0.3,400,,,,,43.02,-97.45,,,,,SD,1972-08-05 12:55:00,1972-08-05 12:55:00,True,True
,10111251,South Dakota,5,Beadle,,1972-07-19 19:20:00,CST,1972-07-19 19:20:00,0,0,0,0,25K,0,,F2,Unknown,0.3,150,,,,,44.37,-97.87,,,,,SD,1972-07-19 20:20:00,1972-07-19 20:20:00,True,True
,10111252,South Dakota,102,Oglala Lakota,,1972-07-21 20:00:00,CST,1972-07-21 20:00:00,0,0,0,0,2.5K,0,,F1,Unknown,0.0,33,,,,,43.52,-102.25,,,,,SD,1972-07-21 21:00:00,1972-07-21 21:00:00,True,True
,10095749,Oklahoma,131,Rogers,,1972-04-12 21:30:00,CST,1972-04-12 21:30:00,0,0,0,0,2.5K,0,,F1,Unknown,0.1,30,,,,,36.27,-95.73,,,,,OK,1972-04-12 21:30:00,1972-04-12 21:30:00,False,False
,10095750,Oklahoma,21,Cherokee,,1972-04-13 01:00:00,CST,1972-04-13 01:00:00,0,0,0,0,25K,0,,F1,Unknown,40.8,50,,,,,35.93,-95.23,35.52,-94.72,,,OK,1972-04-13 01:00:00,1972-04-13 01:00:00,False,False
,10095755,Oklahoma,121,Pittsburg,,1972-04-15 05:30:00,CST,1972-04-15 05:30:00,0,0,0,0,0K,0,,F1,Unknown,4.9,50,,,,,34.92,-95.77,34.95,-95.7,,,OK,1972-04-15 05:30:00,1972-04-15 05:30:00,False,False
,10095756,Oklahoma,43,Dewey,,1972-04-19 14:15:00,CST,1972-04-19 14:15:00,0,0,0,0,25K,0,,F2,Unknown,15.5,77,,,,,36.05,-99.05,36.15,-98.8,,,OK,1972-04-19 14:15:00,1972-04-19 14:15:00,False,False
,10095757,Oklahoma,3,Alfalfa,,1972-04-19 15:05:00,CST,1972-04-19 15:05:00,0,0,0,0,0K,0,,F0,Unknown,0.1,10,,,,,36.8,-98.37,,,,,OK,1972-04-19 15:05:00,1972-04-19 15:05:00,False,False
,10095759,Oklahoma,19,Carter,,1972-04-19 17:00:00,CST,1972-04-19 17:00:00,3,0,0,0,25K,0,,F4,Unknown,3.3,33,,,,,34.38,-97.55,34.42,-97.52,,,OK,1972-04-19 17:00:00,1972-04-19 17:00:00,False,False
,10095761,Oklahoma,19,Carter,,1972-04-19 17:10:00,CST,1972-04-19 17:10:00,0,0,0,0,0K,0,,F4,Unknown,10.5,33,,,,,34.42,-97.52,34.48,-97.35,,,OK,1972-04-19 17:10:00,1972-04-19 17:10:00,False,False
,10095763,Oklahoma,99,Murray,,1972-04-19 17:30:00,CST,1972-04-19 17:30:00,0,0,0,0,25K,0,,F4,Unknown,4.3,33,,,,,34.48,-97.35,34.5,-97.28,,,OK,1972-04-19 17:30:00,1972-04-19 17:30:00,False,False
,10112035,South Carolina,11,Barnwell,,1972-01-13 16:10:00,CST,1972-01-13 16:10:00,0,0,0,0,2.5M,0,,F1,Unknown,9.9,100,,,,,33.28,-81.45,33.35,-81.3,,,SC,1972-01-13 16:10:00,1972-01-13 16:10:00,False,False
,10112037,South Carolina,75,Orangeburg,,1972-03-21 23:30:00,CST,1972-03-21 23:30:00,0,0,0,0,25K,0,,F1,Unknown,3.8,77,,,,,33.48,-80.5,33.52,-80.45,,,SC,1972-03-21 23:30:00,1972-03-21 23:30:00,False,False
,10112043,South Carolina,27,Clarendon,,1972-08-08 15:00:00,CST,1972-08-08 15:00:00,0,0,0,0,25K,0,,F0,Unknown,3.3,60,,,,,33.5,-80.22,33.55,-80.2,,,SC,1972-08-08 16:00:00,1972-08-08 16:00:00,True,True
,10047577,Mississippi,11,Bolivar,,1972-04-15 20:15:00,CST,1972-04-15 20:15:00,62,0,0,0,250K,0,,F2,Unknown,8.8,33,,,,,33.7,-90.8,33.78,-90.68,,,MS,1972-04-15 20:15:00,1972-04-15 20:15:00,False,False
,10047578,Mississippi,151,Washington,,1972-04-21 16:30:00,CST,1972-04-21 16:30:00,0,0,0,0,0K,0,,F1,Unknown,0.5,100,,,,,33.13,-90.83,,,,,MS,1972-04-21 16:30:00,1972-04-21 16:30:00,False,False
,10047579,Mississippi,53,Humphreys,,1972-04-21 16:50:00,CST,1972-04-21 16:50:00,0,0,0,0,0K,0,,F2,Unknown,0.8,83,,,,,33.25,-90.58,,,,,MS,1972-04-21 16:50:00,1972-04-21 16:50:00,False,False
,10047580,Mississippi,83,Leflore,,1972-04-21 17:20:00,CST,1972-04-21 17:20:00,0,0,0,0,0K,0,,F3,Unknown,12.8,150,,,,,33.32,-90.43,33.35,-90.22,,,MS,1972-04-21 17:20:00,1972-04-21 17:20:00,False,False
,10047583,Mississippi,85,Lincoln,,1972-04-21 22:05:00,CST,1972-04-21 22:05:00,0,0,0,0,25K,0,,F3,Unknown,9.1,150,,,,,31.42,-90.47,31.52,-90.37,,,MS,1972-04-21 22:05:00,1972-04-21 22:05:00,False,False
,10047586,Mississippi,31,Covington,,1972-04-21 23:30:00,CST,1972-04-21 23:30:00,8,0,0,0,250K,0,,F2,Unknown,11.7,90,,,,,31.63,-89.72,31.7,-89.53,,,MS,1972-04-21 23:30:00,1972-04-21 23:30:00,False,False
,10047588,Mississippi,109,Pearl River,,1972-05-07 13:00:00,CST,1972-05-07 13:00:00,0,0,0,0,.25K,0,,F1,Unknown,0.8,50,,,,,30.7,-89.42,,,,,MS,1972-05-07 14:00:00,1972-05-07 14:00:00,True,True
,10047589,Mississippi,109,Pearl River,,1972-05-07 13:04:00,CST,1972-05-07 13:04:00,0,0,0,0,25K,0,,F2,Unknown,4.3,50,,,,,30.85,-89.53,30.9,-89.5,,,MS,1972-05-07 14:04:00,1972-05-07 14:04:00,True,True
,10057046,Missouri,9,Barry,,1972-12-30 00:15:00,CST,1972-12-30 00:15:00,2,0,0,0,25K,0,,F2,Unknown,3.8,220,,,,,36.65,-94.05,36.7,-94.02,,,MO,1972-12-30 00:15:00,1972-12-30 00:15:00,False,False
,10057049,Missouri,3,Andrew,,1972-12-30 01:30:00,CST,1972-12-30 01:30:00,0,0,0,0,25K,0,,F1,Unknown,2.0,50,,,,,39.88,-94.75,,,,,MO,1972-12-30 01:30:00,1972-12-30 01:30:00,False,False
,9983348,Arkansas,31,Craighead,,1972-04-07 16:10:00,CST,1972-04-07 16:10:00,0,0,0,0,250K,0,,F3,Unknown,2.0,100,,,,,35.78,-92.33,,,,,AR,1972-04-07 16:10:00,1972-04-07 16:10:00,False,False
,9983350,Arkansas,17,Chicot,,1972-04-15 19:30:00,CST,1972-04-15 19:30:00,0,0,0,0,25K,0,,F2,Unknown,0.5,100,,,,,33.43,-91.33,,,,,AR,1972-04-15 19:30:00,1972-04-15 19:30:00,False,False
,10057035,Missouri,135,Moniteau,,1972-09-07 14:40:00,CST,1972-09-07 14:40:00,0,0,0,0,2.5K,0,,F0,Unknown,0.1,50,,,,,38.57,-92.55,,,,,MO,1972-09-07 15:40:00,1972-09-07 15:40:00,True,True
,10057036,Missouri,19,Boone,,1972-09-07 15:15:00,CST,1972-09-07 15:15:00,0,0,0,0,25K,0,,F1,Unknown,0.1,33,,,,,38.77,-92.23,,,,,MO,1972-09-07 16:15:00,1972-09-07 16:15:00,True,True
,10055953,Missouri,186,Ste. Genevieve,,1972-03-01 17:50:00,CST,1972-03-01 17:50:00,0,0,0,0,25K,0,,F1,Unknown,0.1,33,,,,,37.58,-90.27,,,,,MO,1972-03-01 17:50:00,1972-03-01 17:50:00,False,False
,10064848,Nebraska,31,Cherry,,1972-07-27 15:00:00,CST,1972-07-27 15:00:00,0,0,0,0,2.5K,0,,F2,Unknown,1.0,440,,,,,42.62,-101.53,,,,,NE,1972-07-27 16:00:00,1972-07-27 16:00:00,True,True
,10064850,Nebraska,111,Lincoln,,1972-07-27 18:28:00,CST,1972-07-27 18:28:00,0,0,0,0,25K,0,,F3,Unknown,2.3,100,,,,,41.2,-101.0,41.17,-101.0,,,NE,1972-07-27 19:28:00,1972-07-27 19:28:00,True,True
,10064851,Nebraska,107,Knox,,1972-08-01 15:20:00,CST,1972-08-01 15:20:00,0,0,0,0,0K,0,,F0,Unknown,0.1,10,,,,,42.5,-97.6,,,,,NE,1972-08-01 16:20:00,1972-08-01 16:20:00,True,True
,9983346,Arkansas,111,Poinsett,,1972-04-07 16:00:00,CST,1972-04-07 16:00:00,0,0,0,0,2.5K,0,,F1,Unknown,0.0,50,,,,,35.63,-90.52,,,,,AR,1972-04-07 16:00:00,1972-04-07 16:00:00,False,False
,9983347,Arkansas,93,Mississippi,,1972-04-07 16:10:00,CST,1972-04-07 16:10:00,0,0,0,0,25K,0,,F2,Unknown,0.1,200,,,,,35.7,-89.97,,,,,AR,1972-04-07 16:10:00,1972-04-07 16:10:00,False,False
,10049800,Mississippi,37,Franklin,,1972-01-04 02:00:00,CST,1972-01-04 02:00:00,0,0,0,0,25K,0,,F2,Unknown,1.2,100,,,,,31.35,-90.88,,,,,MS,1972-01-04 02:00:00,1972-01-04 02:00:00,False,False
,10049801,Mississippi,65,Jefferson Davis,,1972-01-09 18:00:00,CST,1972-01-09 18:00:00,0,0,0,0,25K,0,,F2,Unknown,2.0,33,,,,,31.73,-89.92,,,,,MS,1972-01-09 18:00:00,1972-01-09 18:00:00,False,False
,10049802,Mississippi,61,Jasper,,1972-01-09 19:20:00,CST,1972-01-09 19:20:00,1,0,0,0,25K,0,,F3,Unknown,18.2,100,,,,,31.87,-89.28,32.07,-89.08,,,MS,1972-01-09 19:20:00,1972-01-09 19:20:00,False,False
,10049803,Mississippi,23,Clarke,,1972-01-09 19:30:00,CST,1972-01-09 19:30:00,1,0,0,0,2.5K,0,,F1,Unknown,0.5,100,,,,,32.03,-88.83,,,,,MS,1972-01-09 19:30:00,1972-01-09 19:30:00,False,False
,10049804,Mississippi,23,Clarke,,1972-01-09 20:15:00,CST,1972-01-09 20:15:00,0,0,0,0,0K,0,,F1,Unknown,1.0,200,,,,,32.02,-88.73,,,,,MS,1972-01-09 20:15:00,1972-01-09 20:15:00,False,False
,10049805,Mississippi,127,Simpson,,1972-01-09 21:05:00,CST,1972-01-09 21:05:00,0,0,0,0,25K,0,,F2,Unknown,10.9,200,,,,,31.83,-89.72,31.9,-89.55,,,MS,1972-01-09 21:05:00,1972-01-09 21:05:00,False,False
,10049807,Mississippi,153,Wayne,,1972-01-09 23:40:00,CST,1972-01-09 23:40:00,0,0,0,0,25K,0,,F3,Unknown,10.1,300,,,,,31.77,-88.95,31.8,-88.78,,,MS,1972-01-09 23:40:00,1972-01-09 23:40:00,False,False
,10049814,Mississippi,67,Jones,,1972-03-02 05:00:00,CST,1972-03-02 05:00:00,0,0,0,0,25K,0,,F1,Unknown,4.3,200,,,,,31.52,-89.13,31.57,-89.1,,,MS,1972-03-02 05:00:00,1972-03-02 05:00:00,False,False
,10049815,Mississippi,45,Hancock,,1972-03-02 05:40:00,CST,1972-03-02 05:40:00,2,0,0,0,250K,0,,F2,Unknown,4.1,200,,,,,30.3,-89.43,30.3,-89.37,,,MS,1972-03-02 05:40:00,1972-03-02 05:40:00,False,False
,10049817,Mississippi,7,Attala,,1972-03-08 00:30:00,EDT,1972-03-08 00:30:00,0,0,0,0,2.5K,0,,F1,Unknown,0.2,100,,,,,32.93,-89.58,,,,,MS,1972-03-08 00:30:00,1972-03-08 00:30:00,False,False
,10054590,Minnesota,87,Mahnomen,,1972-07-10 17:57:00,CST,1972-07-10 17:57:00,0,0,0,0,25K,0,,F0,Unknown,0.3,50,,,,,47.3,-96.05,,,,,MN,1972-07-10 18:57:00,1972-07-10 18:57:00,True,True
,10054595,Minnesota,97,Morrison,,1972-07-21 15:20:00,CST,1972-07-21 15:20:00,0,0,0,0,0K,0,,F0,Unknown,0.1,20,,,,,46.22,-94.52,,,,,MN,1972-07-21 16:20:00,1972-07-21 16:20:00,True,True
,10054598,Minnesota,35,Crow Wing,,1972-07-27 16:40:00,CST,1972-07-27 16:40:00,0,0,0,0,0K,0,,F0,Unknown,0.1,20,,,,,46.62,-94.2,,,,,MN,1972-07-27 17:40:00,1972-07-27 17:40:00,True,True
,9987328,Connecticut,7,Middlesex,,1972-07-21 17:25:00,CST,1972-07-21 17:25:00,0,0,0,0,2.5K,0,,F1,Unknown,1.0,50,,,,,41.58,-72.65,,,,,CT,1972-07-21 18:25:00,1972-07-21 18:25:00,True,True
,9987329,Connecticut,5,Litchfield,,1972-08-07 21:35:00,CST,1972-08-07 21:35:00,0,0,0,0,250K,0,,F1,Unknown,9.3,150,,,,,41.92,-73.25,41.98,-73.08,,,CT,1972-08-07 22:35:00,1972-08-07 22:35:00,True,True
,9987330,Connecticut,5,Litchfield,,1972-08-09 11:00:00,CST,1972-08-09 11:00:00,0,0,0,0,25K,0,,F1,Unknown,2.0,33,,,,,41.67,-73.17,,,,,CT,1972-08-09 12:00:00,1972-08-09 12:00:00,True,True
,10056775,Missouri,159,Pettis,,1972-04-30 14:16:00,CST,1972-04-30 14:16:00,0,0,0,0,0K,0,,F0,Unknown,0.1,50,,,,,38.78,-93.45,,,,,MO,1972-04-30 15:16:00,1972-04-30 15:16:00,True,True
,10054579,Minnesota,13,Blue Earth,,1972-05-24 18:10:00,CST,1972-05-24 18:10:00,0,0,0,0,0K,0,,F0,Unknown,0.1,30,,,,,43.88,-94.25,,,,,MN,1972-05-24 19:10:00,1972-05-24 19:10:00,True,True
,10054584,Minnesota,67,Kandiyohi,,1972-06-17 15:20:00,CST,1972-06-17 15:20:00,0,0,0,0,.03K,0,,F0,Unknown,0.3,10,,,,,45.25,-94.97,,,,,MN,1972-06-17 16:20:00,1972-06-17 16:20:00,True,True
,9985491,Colorado,9,Baca,,1972-05-09 18:53:00,CST,1972-05-09 18:53:00,0,0,0,0,0K,0,,F0,Unknown,0.0,33,,,,,37.5,-102.08,,,,,CO,1972-05-09 19:53:00,1972-05-09 19:53:00,True,True
,9983313,Arkansas,11,Bradley,,1972-03-01 20:00:00,CST,1972-03-01 20:00:00,0,0,0,0,2.5K,0,,F0,Unknown,2.7,200,,,,,33.4,-92.1,33.4,-92.05,,,AR,1972-03-01 20:00:00,1972-03-01 20:00:00,False,False
,9983314,Arkansas,41,Desha,,1972-03-01 20:40:00,CST,1972-03-01 20:40:00,0,0,0,0,250K,0,,F2,Unknown,1.0,300,,,,,33.88,-91.5,,,,,AR,1972-03-01 20:40:00,1972-03-01 20:40:00,False,False
,9983320,Arkansas,119,Pulaski,,1972-03-27 20:12:00,CST,1972-03-27 20:12:00,0,0,0,0,.03K,0,,F0,Unknown,0.3,50,,,,,34.62,-92.43,,,,,AR,1972-03-27 20:12:00,1972-03-27 20:12:00,False,False
,9983323,Arkansas,41,Desha,,1972-03-27 21:30:00,CST,1972-03-27 21:30:00,0,0,0,0,2.5K,0,,F1,Unknown,0.3,50,,,,,33.75,-91.28,,,,,AR,1972-03-27 21:30:00,1972-03-27 21:30:00,False,False
,9983334,Arkansas,139,Union,,1972-03-28 17:30:00,CST,1972-03-28 17:30:00,3,0,0,0,2.5M,0,,F2,Unknown,5.4,880,,,,,33.18,-92.8,33.22,-92.72,,,AR,1972-03-28 17:30:00,1972-03-28 17:30:00,False,False
,9983336,Arkansas,139,Union,,1972-03-28 17:55:00,CST,1972-03-28 17:55:00,0,0,0,0,2.5M,0,,F3,Unknown,10.4,880,,,,,33.15,-92.47,33.25,-92.33,,,AR,1972-03-28 17:55:00,1972-03-28 17:55:00,False,False
,9984445,Arkansas,15,Carroll,,1972-07-01 16:30:00,CST,1972-07-01 16:30:00,0,0,0,0,25K,0,,F1,Unknown,0.3,100,,,,,36.37,-93.58,,,,,AR,1972-07-01 17:30:00,1972-07-01 17:30:00,True,True
,10044865,Maine,11,Kennebec,,1972-07-10 16:30:00,CST,1972-07-10 16:30:00,0,0,0,0,2.5K,0,,F1,Unknown,1.0,30,,,,,44.75,-70.83,,,,,ME,1972-07-10 17:30:00,1972-07-10 17:30:00,True,True
,10044866,Maine,17,Oxford,,1972-07-24 17:00:00,CST,1972-07-24 17:00:00,0,0,0,0,2.5K,0,,F1,Unknown,0.1,20,,,,,43.83,-70.63,,,,,ME,1972-07-24 18:00:00,1972-07-24 18:00:00,True,True
,10064842,Nebraska,119,Madison,,1972-07-20 16:00:00,CST,1972-07-20 16:00:00,0,0,0,0,2.5K,0,,F2,Unknown,0.3,10,,,,,41.85,-97.67,,,,,NE,1972-07-20 17:00:00,1972-07-20 17:00:00,True,True
,10064844,Nebraska,19,Buffalo,,1972-07-25 18:30:00,CST,1972-07-25 18:30:00,0,0,0,0,25K,0,,F1,Unknown,0.0,33,,,,,40.77,-99.07,,,,,NE,1972-07-25 19:30:00,1972-07-25 19:30:00,True,True
,10064846,Nebraska,19,Buffalo,,1972-07-25 19:15:00,CST,1972-07-25 19:15:00,0,0,0,0,0K,0,,F0,Unknown,0.1,10,,,,,40.78,-98.88,,,,,NE,1972-07-25 20:15:00,1972-07-25 20:15:00,True,True
,10064847,Nebraska,165,Sioux,,1972-07-25 20:00:00,CST,1972-07-25 20:00:00,0,0,0,0,0K,0,,F0,Unknown,0.1,10,,,,,42.32,-103.57,,,,,NE,1972-07-25 21:00:00,1972-07-25 21:00:00,True,True
,10040505,Michigan,105,Mason,,1972-04-12 09:30:00,CST,1972-04-12 09:30:00,0,0,0,0,0K,0,,F1,Unknown,0.0,33,,,,,43.8,-86.22,,,,,MI,1972-04-12 09:30:00,1972-04-12 09:30:00,False,False
,10040506,Michigan,105,Mason,,1972-04-12 09:30:00,CST,1972-04-12 09:30:00,8,0,0,0,2.5M,0,,F2,Unknown,0.1,27,,,,,43.82,-86.25,,,,,MI,1972-04-12 09:30:00,1972-04-12 09:30:00,False,False
,10040507,Michigan,105,Mason,,1972-04-12 21:30:00,CST,1972-04-12 21:30:00,0,0,0,0,0K,0,,F1,Unknown,0.0,33,,,,,43.87,-86.28,,,,,MI,1972-04-12 21:30:00,1972-04-12 21:30:00,False,False
,10040509,Michigan,45,Eaton,,1972-05-15 11:45:00,CST,1972-05-15 11:45:00,0,0,0,0,0K,0,,F0,Unknown,0.0,10,,,,,42.57,-84.78,,,,,MI,1972-05-15 12:45:00,1972-05-15 12:45:00,True,True
,10040510,Michigan,75,Jackson,,1972-05-30 10:25:00,CST,1972-05-30 10:25:00,0,0,0,0,2.5K,0,,F1,Unknown,1.1,17,,,,,42.25,-84.27,,,,,MI,1972-05-30 11:25:00,1972-05-30 11:25:00,True,True
,10033810,Kentucky,139,Livingston,,1972-04-21 19:00:00,CST,1972-04-21 19:00:00,0,0,0,0,25K,0,,F2,Unknown,10.1,100,,,,,37.25,-88.43,37.27,-88.25,,,KY,1972-04-21 19:00:00,1972-04-21 19:00:00,False,False
,10033812,Kentucky,31,Butler,,1972-04-21 20:00:00,CST,1972-04-21 20:00:00,0,0,0,0,250K,0,,F3,Unknown,5.7,33,,,,,37.28,-86.73,37.32,-86.63,,,KY,1972-04-21 20:00:00,1972-04-21 20:00:00,False,False
,10033813,Kentucky,85,Grayson,,1972-04-21 21:00:00,CST,1972-04-21 21:00:00,4,0,0,0,250K,0,,F3,Unknown,1.0,33,,,,,37.5,-86.18,,,,,KY,1972-04-21 21:00:00,1972-04-21 21:00:00,False,False
,10033809,Kentucky,83,Graves,,1972-04-21 18:33:00,CST,1972-04-21 18:33:00,1,0,0,0,2.5K,0,,F1,Unknown,9.4,7,,,,,36.5,-88.72,36.6,-88.6,,,KY,1972-04-21 18:33:00,1972-04-21 18:33:00,False,False
,10033807,Kentucky,123,Larue,,1972-04-14 01:10:00,CST,1972-04-14 01:10:00,0,0,0,0,25K,0,,F1,Unknown,2.0,100,,,,,37.67,-85.58,,,,,KY,1972-04-14 01:10:00,1972-04-14 01:10:00,False,False
,10064839,Nebraska,93,Howard,,1972-07-20 14:10:00,CST,1972-07-20 14:10:00,0,0,0,0,.25K,0,,F1,Unknown,14.0,10,,,,,41.3,-98.37,41.47,-98.2,,,NE,1972-07-20 15:10:00,1972-07-20 15:10:00,True,True
,10064840,Nebraska,41,Custer,,1972-07-20 14:40:00,CST,1972-07-20 14:40:00,0,0,0,0,25K,0,,F3,Unknown,32.8,150,,,,,41.48,-99.6,41.7,-99.03,,,NE,1972-07-20 15:40:00,1972-07-20 15:40:00,True,True
,10064841,Nebraska,175,Valley,,1972-07-20 15:55:00,CST,1972-07-20 15:55:00,0,0,0,0,2.5K,0,,F2,Unknown,0.0,33,,,,,41.5,-98.93,,,,,NE,1972-07-20 16:55:00,1972-07-20 16:55:00,True,True
,10040511,Michigan,21,Berrien,,1972-06-14 16:30:00,CST,1972-06-14 16:30:00,0,0,0,0,2.5K,0,,F2,Unknown,1.3,70,,,,,41.97,-86.48,41.98,-86.43,,,MI,1972-06-14 17:30:00,1972-06-14 17:30:00,True,True
,10040512,Michigan,151,Sanilac,,1972-07-12 12:20:00,CST,1972-07-12 12:20:00,0,0,0,0,25K,0,,F1,Unknown,0.1,10,,,,,43.6,-82.65,,,,,MI,1972-07-12 13:20:00,1972-07-12 13:20:00,True,True
,10040513,Michigan,33,Chippewa,,1972-07-12 14:00:00,CST,1972-07-12 14:00:00,0,0,0,0,0K,0,,F0,Unknown,0.0,33,,,,,46.08,-84.07,,,,,MI,1972-07-12 15:00:00,1972-07-12 15:00:00,True,True
,10040518,Michigan,41,Delta,,1972-07-20 14:25:00,CST,1972-07-20 14:25:00,1,0,0,0,250K,0,,F2,Unknown,0.8,70,,,,,46.07,-87.17,,,,,MI,1972-07-20 15:25:00,1972-07-20 15:25:00,True,True
,10040521,Michigan,155,Shiawassee,,1972-08-01 16:45:00,CST,1972-08-01 16:45:00,0,0,0,0,.25K,0,,F1,Unknown,0.1,10,,,,,42.87,-84.33,,,,,MI,1972-08-01 17:45:00,1972-08-01 17:45:00,True,True
,10040522,Michigan,93,Livingston,,1972-08-02 13:10:00,CST,1972-08-02 13:10:00,0,0,0,0,25K,0,,F2,Unknown,7.4,27,,,,,42.48,-84.08,42.52,-83.93,,,MI,1972-08-02 14:10:00,1972-08-02 14:10:00,True,True
,10040526,Michigan,91,Lenawee,,1972-08-18 21:45:00,CST,1972-08-18 21:45:00,0,0,0,0,25K,0,,F0,Unknown,0.1,10,,,,,42.03,-84.22,,,,,MI,1972-08-18 22:45:00,1972-08-18 22:45:00,True,True
,10040528,Michigan,145,Saginaw,,1972-08-22 17:45:00,CST,1972-08-22 17:45:00,0,0,0,0,2.5K,0,,F1,Unknown,0.1,10,,,,,43.35,-83.87,,,,,MI,1972-08-22 18:45:00,1972-08-22 18:45:00,True,True
,10040530,Michigan,109,Menominee,,1972-09-16 17:15:00,CST,1972-09-16 17:15:00,0,0,0,0,250K,0,,F2,Unknown,13.1,200,,,,,45.45,-87.73,45.35,-87.5,,,MI,1972-09-16 18:15:00,1972-09-16 18:15:00,True,True
,9981074,Arizona,13,Maricopa,,1972-08-12 21:00:00,CST,1972-08-12 21:00:00,0,0,0,0,.03K,0,,F1,Unknown,0.3,17,,,,,33.38,-112.08,,,,,AZ,1972-08-12 21:00:00,1972-08-12 21:00:00,False,False
,9981075,Arizona,3,Cochise,,1972-09-09 15:10:00,CST,1972-09-09 15:10:00,0,0,0,0,.03K,0,,F0,Unknown,0.0,33,,,,,32.18,-109.83,,,,,AZ,1972-09-09 15:10:00,1972-09-09 15:10:00,False,False
,9981078,Arizona,13,Maricopa,,1972-09-10 20:05:00,CST,1972-09-10 20:05:00,1,0,0,0,2.5M,0,,F1,Unknown,1.8,700,,,,,33.4,-111.85,,,,,AZ,1972-09-10 20:05:00,1972-09-10 20:05:00,False,False
,9981079,Arizona,15,Mohave,,1972-09-18 17:00:00,CST,1972-09-18 17:00:00,1,0,0,0,250K,0,,F1,Unknown,0.0,33,,,,,35.03,-114.57,,,,,AZ,1972-09-18 17:00:00,1972-09-18 17:00:00,False,False
,9981080,Arizona,27,Yuma,,1972-09-18 18:00:00,CST,1972-09-18 18:00:00,0,0,0,0,25K,0,,F1,Unknown,0.0,33,,,,,34.25,-114.17,,,,,AZ,1972-09-18 18:00:00,1972-09-18 18:00:00,False,False
,9981081,Arizona,27,Yuma,,1972-10-04 16:00:00,CST,1972-10-04 16:00:00,0,0,0,0,.03K,0,,F0,Unknown,0.0,33,,,,,33.05,-113.35,,,,,AZ,1972-10-04 16:00:00,1972-10-04 16:00:00,False,False
,9981083,Arizona,21,Pinal,,1972-10-18 19:45:00,CST,1972-10-18 19:45:00,0,0,0,0,25K,0,,F1,Unknown,0.0,1000,,,,,33.42,-111.53,,,,,AZ,1972-10-18 19:45:00,1972-10-18 19:45:00,False,False
,10057021,Missouri,185,St. Clair,,1972-07-27 19:10:00,CST,1972-07-27 19:10:00,1,0,0,0,25K,0,,F1,Unknown,3.6,50,,,,,38.03,-94.03,38.08,-94.0,,,MO,1972-07-27 20:10:00,1972-07-27 20:10:00,True,True
,10001599,Florida,117,Seminole,,1972-03-31 04:00:00,CST,1972-03-31 04:00:00,0,0,0,0,.03K,0,,F1,Unknown,0.2,20,,,,,28.7,-81.33,,,,,FL,1972-03-31 04:00:00,1972-03-31 04:00:00,False,False
,10001601,Florida,117,Seminole,,1972-03-31 04:15:00,CST,1972-03-31 04:15:00,0,0,0,0,.03K,0,,F0,Unknown,0.2,20,,,,,28.7,-81.32,,,,,FL,1972-03-31 04:15:00,1972-03-31 04:15:00,False,False
,10001603,Florida,57,Hillsborough,,1972-03-31 05:14:00,CST,1972-03-31 05:14:00,4,0,0,0,250K,0,,F2,Unknown,0.2,30,,,,,27.83,-82.5,,,,,FL,1972-03-31 05:14:00,1972-03-31 05:14:00,False,False
,10001604,Florida,9,Brevard,,1972-03-31 05:30:00,CST,1972-03-31 05:30:00,1,0,0,0,250K,0,,F2,Unknown,1.0,100,,,,,28.73,-80.75,,,,,FL,1972-03-31 05:30:00,1972-03-31 05:30:00,False,False
,10001605,Florida,9,Brevard,,1972-03-31 05:36:00,CST,1972-03-31 05:36:00,0,0,0,0,25K,0,,F2,Unknown,2.0,50,,,,,28.52,-80.7,,,,,FL,1972-03-31 05:36:00,1972-03-31 05:36:00,False,False
,10001606,Florida,57,Hillsborough,,1972-03-31 06:00:00,CST,1972-03-31 06:00:00,0,0,0,0,25K,0,,F2,Unknown,1.0,30,,,,,27.9,-82.25,,,,,FL,1972-03-31 06:00:00,1972-03-31 06:00:00,False,False
,10110141,South Dakota,93,Meade,,1972-05-21 13:25:00,CST,1972-05-21 13:25:00,0,0,0,0,0K,0,,F0,Unknown,0.0,33,,,,,44.73,-102.52,,,,,SD,1972-05-21 14:25:00,1972-05-21 14:25:00,True,True
,10110142,South Dakota,93,Meade,,1972-05-21 15:00:00,CST,1972-05-21 15:00:00,0,0,0,0,0K,0,,F1,Unknown,0.0,33,,,,,44.9,-102.48,,,,,SD,1972-05-21 16:00:00,1972-05-21 16:00:00,True,True
,10110143,South Dakota,93,Meade,,1972-05-21 15:30:00,CST,1972-05-21 15:30:00,0,0,0,0,2.5K,0,,F2,Unknown,0.0,33,,,,,44.8,-102.65,,,,,SD,1972-05-21 16:30:00,1972-05-21 16:30:00,True,True
,10110145,South Dakota,5,Beadle,,1972-05-22 16:45:00,CST,1972-05-22 16:45:00,0,0,0,0,0K,0,,F0,Unknown,0.0,33,,,,,44.28,-97.87,,,,,SD,1972-05-22 17:45:00,1972-05-22 17:45:00,True,True
,10110148,South Dakota,17,Buffalo,,1972-05-24 12:30:00,CST,1972-05-24 12:30:00,0,0,0,0,0K,0,,F0,Unknown,0.0,33,,,,,44.08,-98.98,,,,,SD,1972-05-24 13:30:00,1972-05-24 13:30:00,True,True
,10110149,South Dakota,105,Perkins,,1972-05-25 15:50:00,CST,1972-05-25 15:50:00,0,0,0,0,25K,0,,F2,Unknown,2.0,50,,,,,45.52,-102.58,,,,,SD,1972-05-25 16:50:00,1972-05-25 16:50:00,True,True
,10110151,South Dakota,105,Perkins,,1972-05-25 17:00:00,CST,1972-05-25 17:00:00,0,0,0,0,0K,0,,F0,Unknown,0.0,33,,,,,45.42,-102.62,,,,,SD,1972-05-25 18:00:00,1972-05-25 18:00:00,True,True
,10110152,South Dakota,119,Sully,,1972-05-26 12:10:00,CST,1972-05-26 12:10:00,0,0,0,0,0K,0,,F0,Unknown,0.0,33,,,,,44.67,-100.2,,,,,SD,1972-05-26 13:10:00,1972-05-26 13:10:00,True,True
,10110153,South Dakota,111,Sanborn,,1972-05-26 12:35:00,CST,1972-05-26 12:35:00,0,0,0,0,0K,0,,F0,Unknown,0.0,33,,,,,44.08,-98.08,,,,,SD,1972-05-26 13:35:00,1972-05-26 13:35:00,True,True
,10110154,South Dakota,5,Beadle,,1972-05-26 12:50:00,CST,1972-05-26 12:50:00,0,0,0,0,0K,0,,F0,Unknown,0.0,33,,,,,44.27,-98.17,,,,,SD,1972-05-26 13:50:00,1972-05-26 13:50:00,True,True
,10110155,South Dakota,93,Meade,,1972-05-26 19:30:00,CST,1972-05-26 19:30:00,0,0,0,0,25K,0,,F2,Unknown,1.5,440,,,,,44.75,-102.92,,,,,SD,1972-05-26 20:30:00,1972-05-26 20:30:00,True,True
,10110156,South Dakota,43,Douglas,,1972-05-26 19:46:00,CST,1972-05-26 19:46:00,0,0,0,0,0K,0,,F0,Unknown,0.0,33,,,,,43.48,-98.5,,,,,SD,1972-05-26 20:46:00,1972-05-26 20:46:00,True,True
,10110157,South Dakota,5,Beadle,,1972-05-28 12:45:00,CST,1972-05-28 12:45:00,0,0,0,0,0K,0,,F0,Unknown,0.0,33,,,,,44.57,-98.07,,,,,SD,1972-05-28 13:45:00,1972-05-28 13:45:00,True,True
,10110158,South Dakota,5,Beadle,,1972-05-28 12:45:00,CST,1972-05-28 12:45:00,0,0,0,0,0K,0,,F0,Unknown,0.0,33,,,,,44.63,-98.02,,,,,SD,1972-05-28 13:45:00,1972-05-28 13:45:00,True,True
,10110159,South Dakota,25,Clark,,1972-05-28 16:50:00,CST,1972-05-28 16:50:00,0,0,0,0,0K,0,,,Unknown,0.0,33,,,,,44.92,-97.7,,,,,SD,1972-05-28 17:50:00,1972-05-28 17:50:00,True,True
,10110160,South Dakota,93,Meade,,1972-06-10 16:35:00,CST,1972-06-10 16:35:00,0,0,0,0,0K,0,,F0,Unknown,0.0,33,,,,,44.53,-102.73,,,,,SD,1972-06-10 17:35:00,1972-06-10 17:35:00,True,True
,10110162,South Dakota,9,Bon Homme,,1972-06-13 13:15:00,CST,1972-06-13 13:15:00,0,0,0,0,0K,0,,F0,Unknown,0.0,33,,,,,42.87,-97.95,,,,,SD,1972-06-13 14:15:00,1972-06-13 14:15:00,True,True
,10110163,South Dakota,67,Hutchinson,,1972-06-13 14:50:00,CST,1972-06-13 14:50:00,0,0,0,0,0K,0,,F0,Unknown,0.0,33,,,,,43.35,-97.45,,,,,SD,1972-06-13 15:50:00,1972-06-13 15:50:00,True,True
,10110165,South Dakota,5,Beadle,,1972-06-18 19:12:00,CST,1972-06-18 19:12:00,0,0,0,0,0K,0,,F0,Unknown,0.0,33,,,,,44.47,-98.17,,,,,SD,1972-06-18 20:12:00,1972-06-18 20:12:00,True,True
,10111028,South Dakota,109,Roberts,,1972-07-11 22:05:00,CST,1972-07-11 22:05:00,0,0,0,0,2.5K,0,,F1,Unknown,0.0,33,,,,,45.87,-96.73,,,,,SD,1972-07-11 23:05:00,1972-07-11 23:05:00,True,True
,10111031,South Dakota,123,Tripp,,1972-07-16 22:08:00,CST,1972-07-16 22:08:00,0,0,0,0,0K,0,,F0,Unknown,0.0,33,,,,,43.02,-99.77,,,,,SD,1972-07-16 23:08:00,1972-07-16 23:08:00,True,True
,10111033,South Dakota,13,Brown,,1972-07-19 16:45:00,CST,1972-07-19 16:45:00,0,0,0,0,0K,0,,F0,Unknown,0.0,33,,,,,45.83,-98.52,,,,,SD,1972-07-19 17:45:00,1972-07-19 17:45:00,True,True
,10095801,Oklahoma,79,Le Flore,,1972-07-01 11:10:00,CST,1972-07-01 11:10:00,0,0,0,0,0K,0,,F1,Unknown,0.1,13,,,,,35.07,-94.67,,,,,OK,1972-07-01 12:10:00,1972-07-01 12:10:00,True,True
,10095802,Oklahoma,53,Grant,,1972-07-01 18:00:00,CST,1972-07-01 18:00:00,0,0,0,0,0K,0,,F1,Unknown,0.1,17,,,,,36.83,-97.73,,,,,OK,1972-07-01 19:00:00,1972-07-01 19:00:00,True,True
,10010145,Illinois,191,Wayne,,1972-04-13 03:26:00,CST,1972-04-13 03:26:00,0,0,0,0,25K,0,,F1,Unknown,0.0,33,,,,,38.35,-88.57,,,,,IL,1972-04-13 03:26:00,1972-04-13 03:26:00,False,False
,10010146,Illinois,47,Edwards,,1972-04-13 03:30:00,CST,1972-04-13 03:30:00,0,0,0,0,250K,0,,F1,Unknown,4.9,100,,,,,38.27,-88.0,38.3,-87.92,,,IL,1972-04-13 03:30:00,1972-04-13 03:30:00,False,False
,10010148,Illinois,181,Union,,1972-04-14 03:10:00,CST,1972-04-14 03:10:00,4,0,0,0,25K,0,,F2,Unknown,3.3,30,,,,,37.57,-89.32,37.53,-89.27,,,IL,1972-04-14 03:10:00,1972-04-14 03:10:00,False,False
,10010149,Illinois,181,Union,,1972-04-14 03:22:00,CST,1972-04-14 03:22:00,0,0,0,0,25K,0,,F2,Unknown,11.8,30,,,,,37.53,-89.27,37.52,-89.05,,,IL,1972-04-14 03:22:00,1972-04-14 03:22:00,False,False
,10010150,Illinois,87,Johnson,,1972-04-14 03:52:00,CST,1972-04-14 03:52:00,5,0,0,0,25K,0,,F2,Unknown,4.9,30,,,,,37.52,-89.05,37.55,-88.97,,,IL,1972-04-14 03:52:00,1972-04-14 03:52:00,False,False
,10010151,Illinois,87,Johnson,,1972-04-14 04:06:00,CST,1972-04-14 04:06:00,0,0,0,0,25K,0,,F2,Unknown,10.9,30,,,,,37.55,-88.97,37.57,-88.77,,,IL,1972-04-14 04:06:00,1972-04-14 04:06:00,False,False
,10010157,Illinois,3,Alexander,,1972-04-21 17:00:00,CST,1972-04-21 17:00:00,1,0,0,0,25K,0,,F2,Unknown,1.3,33,,,,,37.22,-89.28,37.23,-89.25,,,IL,1972-04-21 17:00:00,1972-04-21 17:00:00,False,False
,10010158,Illinois,153,Pulaski,,1972-04-21 17:03:00,CST,1972-04-21 17:03:00,2,0,0,0,25K,0,,F2,Unknown,5.6,33,,,,,37.23,-89.25,37.28,-89.17,,,IL,1972-04-21 17:03:00,1972-04-21 17:03:00,False,False
,9995687,Georgia,87,Decatur,,1972-10-27 11:57:00,CST,1972-10-27 11:57:00,0,0,0,0,2.5K,0,,F1,Unknown,0.5,100,,,,,30.75,-84.75,,,,,GA,1972-10-27 12:57:00,1972-10-27 12:57:00,True,True
,9995688,Georgia,87,Decatur,,1972-10-27 12:15:00,CST,1972-10-27 12:15:00,0,0,0,0,250K,0,,F2,Unknown,1.0,100,,,,,30.75,-84.48,,,,,GA,1972-10-27 13:15:00,1972-10-27 13:15:00,True,True
,9995689,Georgia,103,Effingham,,1972-10-27 20:45:00,CST,1972-10-27 20:45:00,0,0,0,0,250K,0,,F2,Unknown,1.0,400,,,,,32.37,-81.32,,,,,GA,1972-10-27 21:45:00,1972-10-27 21:45:00,True,True
,9995692,Georgia,99,Early,,1972-11-13 20:00:00,CST,1972-11-13 20:00:00,0,0,0,0,2.5K,0,,F0,Unknown,0.5,10,,,,,31.45,-84.93,,,,,GA,1972-11-13 20:00:00,1972-11-13 20:00:00,False,False
,10081811,New Mexico,9,Curry,,1972-07-20 19:25:00,CST,1972-07-20 19:25:00,0,0,0,0,0K,0,,F0,Unknown,0.0,33,,,,,34.6,-103.3,,,,,NM,1972-07-20 20:25:00,1972-07-20 20:25:00,True,True
,10081818,New Mexico,13,Dona Ana,,1972-09-19 17:20:00,CST,1972-09-19 17:20:00,0,0,0,0,0K,0,,F0,Unknown,0.0,33,,,,,31.88,-106.75,,,,,NM,1972-09-19 18:20:00,1972-09-19 18:20:00,True,True
,10001569,Florida,113,Santa Rosa,,1972-03-02 09:35:00,CST,1972-03-02 09:35:00,0,0,0,0,25K,0,,F2,Unknown,2.0,500,,,,,30.67,-87.08,,,,,FL,1972-03-02 09:35:00,1972-03-02 09:35:00,False,False
,10001570,Florida,45,Gulf,,1972-03-02 13:30:00,CST,1972-03-02 13:30:00,0,0,0,0,2.5K,0,,F1,Unknown,1.0,20,,,,,29.92,-85.17,,,,,FL,1972-03-02 13:30:00,1972-03-02 13:30:00,False,False
,10001572,Florida,11,Broward,,1972-03-04 13:59:00,CST,1972-03-04 13:59:00,6,0,0,0,250K,0,,F2,Unknown,2.0,500,,,,,26.12,-80.17,,,,,FL,1972-03-04 13:59:00,1972-03-04 13:59:00,False,False
,10001573,Florida,91,Okaloosa,,1972-03-08 05:45:00,CST,1972-03-08 05:45:00,3,0,0,0,2.5K,0,,F1,Unknown,0.2,100,,,,,30.83,-86.67,,,,,FL,1972-03-08 05:45:00,1972-03-08 05:45:00,False,False
,9994557,Georgia,209,Montgomery,,1972-01-05 03:30:00,CST,1972-01-05 03:30:00,0,0,0,0,250K,0,,F2,Unknown,3.3,300,,,,,32.18,-83.6,32.18,-83.55,,,GA,1972-01-05 03:30:00,1972-01-05 03:30:00,False,False
,9994558,Georgia,121,Fulton,,1972-01-10 10:25:00,CST,1972-01-10 10:25:00,9,0,1,0,250K,0,,F3,Unknown,3.0,200,,,,,33.67,-84.4,33.68,-84.35,,,GA,1972-01-10 10:25:00,1972-01-10 10:25:00,False,False
,9994559,Georgia,89,De Kalb,,1972-01-10 10:30:00,CST,1972-01-10 10:30:00,0,0,0,0,250K,0,,F3,Unknown,3.3,200,,,,,33.68,-84.35,33.7,-84.3,,,GA,1972-01-10 10:30:00,1972-01-10 10:30:00,False,False
,9994561,Georgia,273,Terrell,,1972-01-11 07:00:00,CST,1972-01-11 07:00:00,0,0,0,0,25K,0,,F1,Unknown,0.3,50,,,,,31.9,-84.5,,,,,GA,1972-01-11 07:00:00,1972-01-11 07:00:00,False,False
,10010160,Illinois,151,Pope,,1972-04-21 18:00:00,CST,1972-04-21 18:00:00,2,0,0,0,250K,0,,F1,Unknown,0.0,33,,,,,37.25,-88.55,,,,,IL,1972-04-21 18:00:00,1972-04-21 18:00:00,False,False
,10010161,Illinois,59,Gallatin,,1972-04-21 18:45:00,CST,1972-04-21 18:45:00,0,0,0,0,25K,0,,F1,Unknown,0.0,33,,,,,37.67,-88.3,,,,,IL,1972-04-21 18:45:00,1972-04-21 18:45:00,False,False
,10010162,Illinois,33,Crawford,,1972-04-21 19:20:00,CST,1972-04-21 19:20:00,0,0,0,0,25K,0,,F1,Unknown,1.0,20,,,,,39.0,-87.73,,,,,IL,1972-04-21 19:20:00,1972-04-21 19:20:00,False,False
,10010163,Illinois,37,De Kalb,,1972-05-14 11:40:00,CST,1972-05-14 11:40:00,0,0,0,0,0K,0,,F0,Unknown,0.1,10,,,,,41.8,-88.75,,,,,IL,1972-05-14 12:40:00,1972-05-14 12:40:00,True,True
,10010164,Illinois,103,Lee,,1972-05-14 11:45:00,CST,1972-05-14 11:45:00,0,0,0,0,0K,0,,F0,Unknown,0.1,7,,,,,41.75,-89.1,,,,,IL,1972-05-14 12:45:00,1972-05-14 12:45:00,True,True
,10111019,South Dakota,83,Lincoln,,1972-06-28 18:40:00,CST,1972-06-28 18:40:00,1,0,0,0,2.5K,0,,F2,Unknown,0.1,33,,,,,44.55,-103.72,,,,,SD,1972-06-28 19:40:00,1972-06-28 19:40:00,True,True
,10010123,Illinois,141,Ogle,,1972-04-06 18:45:00,CST,1972-04-06 18:45:00,3,0,1,0,250K,0,,F2,Unknown,10.9,50,,,,,42.05,-89.6,41.9,-89.52,,,IL,1972-04-06 18:45:00,1972-04-06 18:45:00,False,False
,10010127,Illinois,103,Lee,,1972-04-06 19:05:00,CST,1972-04-06 19:05:00,6,0,0,0,250K,0,,F2,Unknown,16.6,50,,,,,41.9,-89.52,41.72,-89.3,,,IL,1972-04-06 19:05:00,1972-04-06 19:05:00,False,False
,10010128,Illinois,197,Will,,1972-04-06 20:10:00,CST,1972-04-06 20:10:00,22,0,1,0,250K,0,,F2,Unknown,6.8,50,,,,,41.53,-88.2,41.57,-88.07,,,IL,1972-04-06 20:10:00,1972-04-06 20:10:00,False,False
,10010130,Illinois,93,Kendall,,1972-04-06 20:30:00,CST,1972-04-06 20:30:00,0,0,0,0,25K,0,,F1,Unknown,10.7,50,,,,,41.62,-88.33,41.57,-88.13,,,IL,1972-04-06 20:30:00,1972-04-06 20:30:00,False,False
,10010131,Illinois,197,Will,,1972-04-06 20:30:00,CST,1972-04-06 20:30:00,0,0,0,0,250K,0,,F1,Unknown,3.6,50,,,,,41.55,-88.13,41.58,-88.07,,,IL,1972-04-06 20:30:00,1972-04-06 20:30:00,False,False
,10010132,Illinois,197,Will,,1972-04-06 20:30:00,CST,1972-04-06 20:30:00,0,0,0,0,250K,0,,F2,Unknown,5.1,50,,,,,41.52,-88.18,41.55,-88.08,,,IL,1972-04-06 20:30:00,1972-04-06 20:30:00,False,False
,10010135,Illinois,75,Iroquois,,1972-04-06 21:00:00,CST,1972-04-06 21:00:00,0,0,0,0,.25K,0,,F0,Unknown,0.0,33,,,,,40.92,-87.65,,,,,IL,1972-04-06 21:00:00,1972-04-06 21:00:00,False,False
,9994562,Georgia,165,Jenkins,,1972-01-11 14:00:00,CST,1972-01-11 14:00:00,0,0,0,0,25K,0,,F1,Unknown,2.0,100,,,,,32.85,-82.02,,,,,GA,1972-01-11 14:00:00,1972-01-11 14:00:00,False,False
,9994563,Georgia,197,Marion,,1972-01-13 01:30:00,CST,1972-01-13 01:30:00,0,0,0,0,2.5K,0,,F1,Unknown,1.0,100,,,,,32.53,-84.6,,,,,GA,1972-01-13 01:30:00,1972-01-13 01:30:00,False,False
,9994564,Georgia,61,Clay,,1972-01-13 02:00:00,CST,1972-01-13 02:00:00,0,0,0,0,25K,0,,F1,Unknown,1.5,300,,,,,31.78,-85.13,,,,,GA,1972-01-13 02:00:00,1972-01-13 02:00:00,False,False
,9994565,Georgia,261,Sumter,,1972-01-13 03:40:00,CST,1972-01-13 03:40:00,0,0,0,0,25K,0,,F1,Unknown,2.0,300,,,,,32.15,-84.0,,,,,GA,1972-01-13 03:40:00,1972-01-13 03:40:00,False,False
,9994566,Georgia,153,Houston,,1972-01-13 04:00:00,CST,1972-01-13 04:00:00,0,0,0,0,25K,0,,F1,Unknown,1.0,200,,,,,32.33,-83.8,,,,,GA,1972-01-13 04:00:00,1972-01-13 04:00:00,False,False
,10030021,Kentucky,99,Hart,,1972-07-28 18:30:00,CST,1972-07-28 18:30:00,0,0,0,0,2.5K,0,,F1,Unknown,0.3,20,,,,,37.28,-85.9,,,,,KY,1972-07-28 19:30:00,1972-07-28 19:30:00,True,True
,10030023,Kentucky,151,Madison,,1972-08-19 14:00:00,CST,1972-08-19 14:00:00,1,0,0,0,250K,0,,F2,Unknown,0.0,33,,,,,37.57,-84.32,,,,,KY,1972-08-19 15:00:00,1972-08-19 15:00:00,True,True
,10030024,Kentucky,179,Nelson,,1972-08-25 13:50:00,CST,1972-08-25 13:50:00,0,0,0,0,25K,0,,F1,Unknown,0.3,33,,,,,37.7,-85.57,,,,,KY,1972-08-25 14:50:00,1972-08-25 14:50:00,True,True
,10030025,Kentucky,175,Morgan,,1972-09-29 12:00:00,CST,1972-09-29 12:00:00,3,0,0,0,25K,0,,F2,Unknown,1.0,50,,,,,37.9,-83.05,,,,,KY,1972-09-29 13:00:00,1972-09-29 13:00:00,True,True
,10014662,Iowa,71,Fremont,,1972-06-13 13:45:00,CST,1972-06-13 13:45:00,0,0,0,0,25K,0,,F1,Unknown,1.0,100,,,,,40.87,-95.83,,,,,IA,1972-06-13 14:45:00,1972-06-13 14:45:00,True,True
,10014663,Iowa,173,Taylor,,1972-06-13 15:30:00,CST,1972-06-13 15:30:00,0,0,0,0,2.5K,0,,F1,Unknown,0.5,100,,,,,40.75,-94.83,,,,,IA,1972-06-13 16:30:00,1972-06-13 16:30:00,True,True
,10014664,Iowa,175,Union,,1972-06-13 16:40:00,CST,1972-06-13 16:40:00,0,0,0,0,25K,0,,F2,Unknown,2.0,100,,,,,41.12,-94.05,,,,,IA,1972-06-13 17:40:00,1972-06-13 17:40:00,True,True
,10115639,Pennsylvania,85,Mercer,,1972-05-02 20:00:00,CST,1972-05-02 20:00:00,0,0,0,0,25K,0,,F3,Unknown,0.0,33,,,,,41.47,-80.22,41.48,-80.2,,,PA,1972-05-02 21:00:00,1972-05-02 21:00:00,True,True
,9999379,Florida,86,Miami-Dade,,1972-11-15 06:15:00,CST,1972-11-15 06:15:00,0,0,0,0,.25K,0,,F0,Unknown,0.3,20,,,,,25.78,-83.33,,,,,FL,1972-11-15 06:15:00,1972-11-15 06:15:00,False,False
,9999380,Florida,33,Escambia,,1972-12-06 10:10:00,CST,1972-12-06 10:10:00,0,0,0,0,.25K,0,,F0,Unknown,0.3,10,,,,,30.5,-87.28,,,,,FL,1972-12-06 10:10:00,1972-12-06 10:10:00,False,False
,9999381,Florida,121,Suwannee,,1972-12-21 12:45:00,CST,1972-12-21 12:45:00,0,0,0,0,25K,0,,F2,Unknown,12.2,30,,,,,30.25,-83.2,30.37,-83.05,,,FL,1972-12-21 12:45:00,1972-12-21 12:45:00,False,False
,10014699,Iowa,121,Madison,,1972-09-12 18:19:00,CST,1972-09-12 18:19:00,0,0,0,0,25K,0,,F1,Unknown,19.9,200,,,,,41.17,-94.18,41.33,-93.87,,,IA,1972-09-12 19:19:00,1972-09-12 19:19:00,True,True
,10014700,Iowa,197,Wright,,1972-09-12 18:31:00,CST,1972-09-12 18:31:00,0,0,0,0,25K,0,,F1,Unknown,0.0,100,,,,,42.82,-94.0,42.83,-93.97,,,IA,1972-09-12 19:31:00,1972-09-12 19:31:00,True,True
,10014704,Iowa,113,Linn,,1972-09-28 13:50:00,CST,1972-09-28 13:50:00,3,0,0,0,2.5M,0,,F2,Unknown,21.9,2200,,,,,42.2,-91.78,42.28,-91.37,,,IA,1972-09-28 14:50:00,1972-09-28 14:50:00,True,True
,10014705,Iowa,105,Jones,,1972-09-28 14:26:00,CST,1972-09-28 14:26:00,0,0,0,0,2.5M,0,,F2,Unknown,42.6,2200,,,,,42.28,-91.37,42.42,-90.55,,,IA,1972-09-28 15:26:00,1972-09-28 15:26:00,True,True
,10014710,Iowa,23,Butler,,1972-10-03 15:00:00,CST,1972-10-03 15:00:00,0,0,0,0,25K,0,,F0,Unknown,0.0,50,,,,,42.9,-92.8,42.9,-92.78,,,IA,1972-10-03 16:00:00,1972-10-03 16:00:00,True,True
,10022179,Kansas,199,Wallace,,1972-07-06 19:10:00,CST,1972-07-06 19:10:00,0,0,0,0,0K,0,,F1,Unknown,0.2,17,,,,,39.02,-101.75,,,,,KS,1972-07-06 20:10:00,1972-07-06 20:10:00,True,True
,10022181,Kansas,141,Osborne,,1972-07-12 17:45:00,CST,1972-07-12 17:45:00,0,0,0,0,0K,0,,F1,Unknown,0.1,23,,,,,39.13,-98.95,,,,,KS,1972-07-12 18:45:00,1972-07-12 18:45:00,True,True
,10029820,Louisiana,15,Bossier,,1972-11-13 01:20:00,CST,1972-11-13 01:20:00,0,0,0,0,250K,0,,F1,Unknown,5.7,200,,,,,32.87,-93.73,32.93,-93.68,,,LA,1972-11-13 01:20:00,1972-11-13 01:20:00,False,False
,10029822,Louisiana,59,La Salle,,1972-11-13 06:15:00,CST,1972-11-13 06:15:00,0,0,0,0,25K,0,,F1,Unknown,0.2,50,,,,,31.5,-92.15,,,,,LA,1972-11-13 06:15:00,1972-11-13 06:15:00,False,False
,10029823,Louisiana,41,Franklin,,1972-11-13 07:20:00,CST,1972-11-13 07:20:00,0,0,0,0,250K,0,,F2,Unknown,4.3,100,,,,,31.95,-91.67,31.97,-91.6,,,LA,1972-11-13 07:20:00,1972-11-13 07:20:00,False,False
,10103800,Oregon,51,Multnomah,,1972-04-05 14:50:00,CST,1972-04-05 14:50:00,0,0,0,0,250K,0,,F3,Unknown,0.0,50,,,,,45.6,-122.63,45.6,-122.63,,,OR,1972-04-05 14:50:00,1972-04-05 14:50:00,False,False
,10029825,Louisiana,51,Jefferson,,1972-11-18 18:40:00,CST,1972-11-18 18:40:00,0,0,0,0,250K,0,,F1,Unknown,2.0,100,,,,,29.27,-89.95,,,,,LA,1972-11-18 18:40:00,1972-11-18 18:40:00,False,False
,10029826,Louisiana,57,Lafourche,,1972-11-18 18:45:00,CST,1972-11-18 18:45:00,0,0,0,0,25K,0,,F1,Unknown,0.2,50,,,,,29.4,-90.28,,,,,LA,1972-11-18 18:45:00,1972-11-18 18:45:00,False,False
,10019331,Indiana,19,Clark,,1972-04-13 04:42:00,CST,1972-04-13 04:42:00,0,0,0,0,25K,0,,F1,Unknown,0.1,20,,,,,38.42,-85.7,,,,,IN,1972-04-13 04:42:00,1972-04-13 04:42:00,False,False
,9995415,Georgia,205,Mitchell,,1972-01-13 04:00:00,CST,1972-01-13 04:00:00,2,0,0,0,25K,0,,F2,Unknown,1.0,150,,,,,31.08,-84.2,,,,,GA,1972-01-13 04:00:00,1972-01-13 04:00:00,False,False
,10117622,Rhode Island,1,Bristol,,1972-09-14 15:45:00,CST,1972-09-14 15:45:00,0,0,0,0,0K,0,,F0,Unknown,2.0,33,,,,,41.48,-71.38,,,,,RI,1972-09-14 16:45:00,1972-09-14 16:45:00,True,True
,10022414,Kansas,51,Ellis,,1972-08-02 17:30:00,CST,1972-08-02 17:30:00,0,0,0,0,250K,0,,F2,Unknown,0.2,150,,,,,38.88,-99.33,,,,,KS,1972-08-02 18:30:00,1972-08-02 18:30:00,True,True
,10022417,Kansas,91,Johnson,,1972-08-22 00:15:00,CST,1972-08-22 00:15:00,0,0,0,0,25K,0,,F1,Unknown,0.1,17,,,,,39.02,-94.85,,,,,KS,1972-08-22 01:15:00,1972-08-22 01:15:00,True,True
,10022418,Kansas,187,Stanton,,1972-08-22 16:00:00,CST,1972-08-22 16:00:00,0,0,0,0,25K,0,,F2,Unknown,0.1,220,,,,,37.57,-101.68,,,,,KS,1972-08-22 17:00:00,1972-08-22 17:00:00,True,True
,10022421,Kansas,57,Ford,,1972-08-31 15:40:00,CST,1972-08-31 15:40:00,0,0,0,0,0K,0,,F1,Unknown,9.9,17,,,,,37.57,-99.82,37.48,-99.67,,,KS,1972-08-31 16:40:00,1972-08-31 16:40:00,True,True
,10022422,Kansas,179,Sheridan,,1972-09-05 17:10:00,CST,1972-09-05 17:10:00,0,0,0,0,2.5K,0,,F2,Unknown,2.0,100,,,,,39.55,-100.47,,,,,KS,1972-09-05 18:10:00,1972-09-05 18:10:00,True,True
,10022423,Kansas,39,Decatur,,1972-09-05 17:18:00,CST,1972-09-05 17:18:00,0,0,0,0,0K,0,,F1,Unknown,0.5,50,,,,,39.62,-100.45,,,,,KS,1972-09-05 18:18:00,1972-09-05 18:18:00,True,True
,10022424,Kansas,39,Decatur,,1972-09-05 17:18:00,CST,1972-09-05 17:18:00,0,0,0,0,250K,0,,F2,Unknown,2.3,80,,,,,39.62,-100.45,39.65,-100.42,,,KS,1972-09-05 18:18:00,1972-09-05 18:18:00,True,True
,10019339,Indiana,95,Madison,,1972-05-14 13:00:00,CST,1972-05-14 13:00:00,1,0,0,0,25K,0,,F4,Unknown,5.4,200,,,,,39.95,-85.68,39.98,-85.58,,,IN,1972-05-14 14:00:00,1972-05-14 14:00:00,True,True
,10019336,Indiana,97,Marion,,1972-05-14 12:05:00,CST,1972-05-14 12:05:00,17,0,0,0,250K,0,,F4,Unknown,8.4,200,,,,,39.77,-86.08,39.83,-85.95,,,IN,1972-05-14 13:05:00,1972-05-14 13:05:00,True,True
,10019337,Indiana,3,Allen,,1972-05-14 12:30:00,CST,1972-05-14 12:30:00,0,0,0,0,25K,0,,F1,Unknown,0.4,50,,,,,41.12,-85.13,,,,,IN,1972-05-14 13:30:00,1972-05-14 13:30:00,True,True
,10019338,Indiana,59,Hancock,,1972-05-14 12:45:00,CST,1972-05-14 12:45:00,1,0,0,0,25K,0,,F4,Unknown,16.2,200,,,,,39.83,-85.95,39.95,-85.68,,,IN,1972-05-14 13:45:00,1972-05-14 13:45:00,True,True
,9998030,Florida,99,Palm Beach,,1972-03-31 14:00:00,CST,1972-03-31 14:00:00,0,0,0,0,2.5K,0,,F1,Unknown,0.5,50,,,,,26.68,-80.27,,,,,FL,1972-03-31 14:00:00,1972-03-31 14:00:00,False,False
,9998031,Florida,95,Orange,,1972-03-31 15:30:00,CST,1972-03-31 15:30:00,0,0,0,0,.03K,0,,F1,Unknown,0.5,20,,,,,28.68,-81.57,,,,,FL,1972-03-31 15:30:00,1972-03-31 15:30:00,False,False
,10019340,Indiana,65,Henry,,1972-05-14 13:15:00,CST,1972-05-14 13:15:00,1,0,0,0,25K,0,,F4,Unknown,0.0,200,,,,,39.98,-85.58,40.0,-85.55,,,IN,1972-05-14 14:15:00,1972-05-14 14:15:00,True,True
,10019343,Indiana,149,Starke,,1972-07-17 23:20:00,CST,1972-07-17 23:20:00,0,0,0,0,0K,0,,F0,Unknown,0.1,50,,,,,41.22,-86.78,,,,,IN,1972-07-18 00:20:00,1972-07-18 00:20:00,True,True
,10019344,Indiana,177,Wayne,,1972-08-02 18:15:00,CST,1972-08-02 18:15:00,0,0,0,0,250K,0,,F1,Unknown,2.0,100,,,,,39.97,-85.1,,,,,IN,1972-08-02 19:15:00,1972-08-02 19:15:00,True,True
,10024366,Kansas,73,Greenwood,,1972-04-19 17:50:00,CST,1972-04-19 17:50:00,0,0,0,0,25K,0,,F2,Unknown,20.0,100,,,,,37.6,-96.03,,,,,KS,1972-04-19 17:50:00,1972-04-19 17:50:00,False,False
,10081781,New Mexico,41,Roosevelt,,1972-05-07 19:58:00,CST,1972-05-07 19:58:00,0,0,0,0,2.5K,0,,F2,Unknown,0.0,33,,,,,34.27,-103.33,,,,,NM,1972-05-07 20:58:00,1972-05-07 20:58:00,True,True
,10081782,New Mexico,59,Union,,1972-05-10 15:00:00,CST,1972-05-10 15:00:00,0,0,0,0,0K,0,,F0,Unknown,0.0,33,,,,,35.77,-103.33,,,,,NM,1972-05-10 16:00:00,1972-05-10 16:00:00,True,True
,10081783,New Mexico,59,Union,,1972-05-10 15:00:00,CST,1972-05-10 15:00:00,0,0,0,0,0K,0,,F0,Unknown,0.0,33,,,,,35.77,-103.33,,,,,NM,1972-05-10 16:00:00,1972-05-10 16:00:00,True,True
,10081784,New Mexico,59,Union,,1972-05-10 15:00:00,CST,1972-05-10 15:00:00,0,0,0,0,0K,0,,F0,Unknown,0.0,33,,,,,35.77,-103.33,,,,,NM,1972-05-10 16:00:00,1972-05-10 16:00:00,True,True
,10081785,New Mexico,59,Union,,1972-05-10 15:10:00,CST,1972-05-10 15:10:00,0,0,0,0,2.5K,0,,F1,Unknown,3.6,33,,,,,35.77,-103.33,35.78,-103.27,,,NM,1972-05-10 16:10:00,1972-05-10 16:10:00,True,True
,10081786,New Mexico,59,Union,,1972-05-10 15:20:00,CST,1972-05-10 15:20:00,0,0,0,0,25K,0,,F2,Unknown,2.5,660,,,,,35.82,-103.07,,,,,NM,1972-05-10 16:20:00,1972-05-10 16:20:00,True,True
,10081787,New Mexico,5,Chaves,,1972-05-11 16:30:00,CST,1972-05-11 16:30:00,0,0,0,0,.25K,0,,F0,Unknown,0.0,33,,,,,33.47,-104.5,,,,,NM,1972-05-11 17:30:00,1972-05-11 17:30:00,True,True
,10081792,New Mexico,41,Roosevelt,,1972-06-14 17:12:00,CST,1972-06-14 17:12:00,0,0,0,0,0K,0,,F0,Unknown,0.0,33,,,,,34.22,-103.37,,,,,NM,1972-06-14 18:12:00,1972-06-14 18:12:00,True,True
,10081794,New Mexico,25,Lea,,1972-06-14 22:00:00,CST,1972-06-14 22:00:00,0,0,0,0,.25K,0,,F2,Unknown,0.0,33,,,,,33.1,-103.22,,,,,NM,1972-06-14 23:00:00,1972-06-14 23:00:00,True,True
,10081795,New Mexico,49,Santa Fe,,1972-06-15 16:28:00,CST,1972-06-15 16:28:00,0,0,0,0,0K,0,,F0,Unknown,0.0,33,,,,,35.38,-106.08,,,,,NM,1972-06-15 17:28:00,1972-06-15 17:28:00,True,True
,10081797,New Mexico,5,Chaves,,1972-06-29 20:02:00,CST,1972-06-29 20:02:00,0,0,0,0,0K,0,,F0,Unknown,0.0,33,,,,,33.0,-104.4,,,,,NM,1972-06-29 21:02:00,1972-06-29 21:02:00,True,True
,10081799,New Mexico,9,Curry,,1972-07-02 14:30:00,CST,1972-07-02 14:30:00,0,0,0,0,0K,0,,F0,Unknown,2.0,1760,,,,,34.82,-103.22,,,,,NM,1972-07-02 15:30:00,1972-07-02 15:30:00,True,True
,10081801,New Mexico,37,Quay,,1972-07-03 12:00:00,CST,1972-07-03 12:00:00,0,0,0,0,.25K,0,,F1,Unknown,0.0,33,,,,,34.7,-104.02,,,,,NM,1972-07-03 13:00:00,1972-07-03 13:00:00,True,True
,10021254,Kansas,129,Morton,,1972-05-09 15:45:00,CST,1972-05-09 15:45:00,0,0,0,0,25K,0,,F3,Unknown,2.7,400,,,,,37.12,-102.0,37.15,-101.97,,,KS,1972-05-09 16:45:00,1972-05-09 16:45:00,True,True
,10021258,Kansas,163,Rooks,,1972-05-22 16:30:00,CST,1972-05-22 16:30:00,0,0,0,0,0K,0,,F1,Unknown,7.9,30,,,,,39.32,-99.27,39.42,-99.18,,,KS,1972-05-22 17:30:00,1972-05-22 17:30:00,True,True
,10021260,Kansas,163,Rooks,,1972-05-22 17:30:00,CST,1972-05-22 17:30:00,0,0,0,0,0K,0,,F1,Unknown,0.5,100,,,,,39.25,-99.25,,,,,KS,1972-05-22 18:30:00,1972-05-22 18:30:00,True,True
,10021261,Kansas,83,Hodgeman,,1972-05-22 18:00:00,CST,1972-05-22 18:00:00,0,0,0,0,0K,0,,F1,Unknown,7.1,33,,,,,38.18,-100.02,38.23,-99.9,,,KS,1972-05-22 19:00:00,1972-05-22 19:00:00,True,True
,10021262,Kansas,83,Hodgeman,,1972-05-22 18:00:00,CST,1972-05-22 18:00:00,0,0,0,0,0K,0,,F1,Unknown,0.5,33,,,,,38.18,-100.02,,,,,KS,1972-05-22 19:00:00,1972-05-22 19:00:00,True,True
,10021263,Kansas,83,Hodgeman,,1972-05-22 18:00:00,CST,1972-05-22 18:00:00,0,0,0,0,0K,0,,F2,Unknown,9.4,10,,,,,38.18,-100.08,38.28,-99.97,,,KS,1972-05-22 19:00:00,1972-05-22 19:00:00,True,True
,10021264,Kansas,83,Hodgeman,,1972-05-22 18:05:00,CST,1972-05-22 18:05:00,0,0,0,0,0K,0,,F1,Unknown,0.5,33,,,,,38.08,-100.08,,,,,KS,1972-05-22 19:05:00,1972-05-22 19:05:00,True,True
,10021265,Kansas,83,Hodgeman,,1972-05-22 18:05:00,CST,1972-05-22 18:05:00,0,0,0,0,0K,0,,F1,Unknown,0.5,33,,,,,38.08,-100.08,,,,,KS,1972-05-22 19:05:00,1972-05-22 19:05:00,True,True
,10021266,Kansas,83,Hodgeman,,1972-05-22 18:05:00,CST,1972-05-22 18:05:00,0,0,0,0,0K,0,,F1,Unknown,5.0,33,,,,,38.17,-99.78,,,,,KS,1972-05-22 19:05:00,1972-05-22 19:05:00,True,True
,10021267,Kansas,135,Ness,,1972-05-22 18:10:00,CST,1972-05-22 18:10:00,0,0,0,0,0K,0,,F1,Unknown,0.5,33,,,,,38.28,-99.9,,,,,KS,1972-05-22 19:10:00,1972-05-22 19:10:00,True,True
,10081806,New Mexico,37,Quay,,1972-07-17 18:40:00,CST,1972-07-17 18:40:00,1,0,0,0,25K,0,,F1,Unknown,3.8,33,,,,,35.35,-103.45,35.35,-103.38,,,NM,1972-07-17 19:40:00,1972-07-17 19:40:00,True,True
,10001596,Florida,121,Suwannee,,1972-03-29 17:40:00,CST,1972-03-29 17:40:00,0,0,0,0,.03K,0,,F0,Unknown,0.5,20,,,,,29.97,-82.97,,,,,FL,1972-03-29 17:40:00,1972-03-29 17:40:00,False,False
,10001597,Florida,53,Hernando,,1972-03-31 03:15:00,CST,1972-03-31 03:15:00,0,0,0,0,.03K,0,,F0,Unknown,0.2,20,,,,,28.57,-82.42,,,,,FL,1972-03-31 03:15:00,1972-03-31 03:15:00,False,False
,10001598,Florida,95,Orange,,1972-03-31 04:00:00,CST,1972-03-31 04:00:00,0,0,0,0,.03K,0,,F1,Unknown,0.2,20,,,,,28.67,-81.5,,,,,FL,1972-03-31 04:00:00,1972-03-31 04:00:00,False,False
,10024371,Kansas,119,Meade,,1972-04-26 14:45:00,CST,1972-04-26 14:45:00,0,0,0,0,0K,0,,F1,Unknown,0.1,17,,,,,37.38,-100.3,,,,,KS,1972-04-26 14:45:00,1972-04-26 14:45:00,False,False
,10014685,Iowa,45,Clinton,,1972-08-01 20:15:00,CST,1972-08-01 20:15:00,0,0,0,0,25K,0,,F0,Unknown,1.0,50,,,,,42.02,-90.75,,,,,IA,1972-08-01 21:15:00,1972-08-01 21:15:00,True,True
,10014689,Iowa,11,Benton,,1972-08-05 20:10:00,CST,1972-08-05 20:10:00,0,0,0,0,250K,0,,F1,Unknown,11.7,27,,,,,41.92,-92.25,41.85,-92.03,,,IA,1972-08-05 21:10:00,1972-08-05 21:10:00,True,True
,10014690,Iowa,149,Plymouth,,1972-09-06 17:00:00,CST,1972-09-06 17:00:00,0,0,0,0,0K,0,,F0,Unknown,0.1,17,,,,,42.82,-96.0,,,,,IA,1972-09-06 18:00:00,1972-09-06 18:00:00,True,True
,10014692,Iowa,165,Shelby,,1972-09-10 19:55:00,CST,1972-09-10 19:55:00,0,0,0,0,25K,0,,F1,Unknown,5.9,100,,,,,41.57,-95.18,41.63,-95.1,,,IA,1972-09-10 20:55:00,1972-09-10 20:55:00,True,True
,10014693,Iowa,85,Harrison,,1972-09-12 15:30:00,CST,1972-09-12 15:30:00,0,0,0,0,25K,0,,F2,Unknown,5.9,100,,,,,41.5,-95.7,41.58,-95.65,,,IA,1972-09-12 16:30:00,1972-09-12 16:30:00,True,True
,10081809,New Mexico,35,Otero,,1972-07-19 19:45:00,CST,1972-07-19 19:45:00,0,0,0,0,0K,0,,F0,Unknown,3.6,33,,,,,32.02,-106.32,32.02,-106.27,,,NM,1972-07-19 20:45:00,1972-07-19 20:45:00,True,True
,10014698,Iowa,175,Union,,1972-09-12 18:00:00,CST,1972-09-12 18:00:00,0,0,0,0,25K,0,,F0,Unknown,0.5,100,,,,,41.05,-94.47,,,,,IA,1972-09-12 19:00:00,1972-09-12 19:00:00,True,True
,10006761,Illinois,131,Mercer,,1972-06-03 14:40:00,CST,1972-06-03 14:40:00,0,0,0,0,0K,0,,F0,Unknown,0.1,7,,,,,41.17,-90.75,,,,,IL,1972-06-03 15:40:00,1972-06-03 15:40:00,True,True
,10006763,Illinois,29,Coles,,1972-06-09 16:30:00,CST,1972-06-09 16:30:00,0,0,0,0,25K,0,,F1,Unknown,0.1,30,,,,,39.48,-88.17,,,,,IL,1972-06-09 17:30:00,1972-06-09 17:30:00,True,True
,10001593,Florida,33,Escambia,,1972-03-29 12:50:00,CST,1972-03-29 12:50:00,0,0,0,0,.25K,0,,F0,Unknown,0.2,20,,,,,30.58,-87.3,,,,,FL,1972-03-29 12:50:00,1972-03-29 12:50:00,False,False
,10024376,Kansas,101,Lane,,1972-04-30 16:00:00,CST,1972-04-30 16:00:00,0,0,0,0,25K,0,,F3,Unknown,13.1,300,,,,,38.53,-100.37,38.68,-100.22,,,KS,1972-04-30 17:00:00,1972-04-30 17:00:00,True,True
,10024380,Kansas,51,Ellis,,1972-04-30 16:30:00,CST,1972-04-30 16:30:00,0,0,0,0,25K,0,,F2,Unknown,10.5,127,,,,,38.92,-99.38,39.07,-99.33,,,KS,1972-04-30 17:30:00,1972-04-30 17:30:00,True,True
,10024381,Kansas,101,Lane,,1972-04-30 17:20:00,CST,1972-04-30 17:20:00,2,0,0,0,2.5K,0,,F3,Unknown,1.0,50,,,,,38.65,-100.48,,,,,KS,1972-04-30 18:20:00,1972-04-30 18:20:00,True,True
,10024383,Kansas,145,Pawnee,,1972-04-30 17:30:00,CST,1972-04-30 17:30:00,0,0,0,0,250K,0,,F3,Unknown,17.0,77,,,,,38.22,-99.5,38.45,-99.4,,,KS,1972-04-30 18:30:00,1972-04-30 18:30:00,True,True
,10024384,Kansas,135,Ness,,1972-04-30 17:30:00,CST,1972-04-30 17:30:00,0,0,0,0,2.5K,0,,F3,Unknown,6.8,440,,,,,38.55,-100.03,38.62,-99.93,,,KS,1972-04-30 18:30:00,1972-04-30 18:30:00,True,True
,10024387,Kansas,83,Hodgeman,,1972-04-30 18:25:00,CST,1972-04-30 18:25:00,1,0,0,0,250K,0,,F4,Unknown,24.3,77,,,,,38.08,-100.1,38.27,-99.72,,,KS,1972-04-30 19:25:00,1972-04-30 19:25:00,True,True
,10024388,Kansas,135,Ness,,1972-04-30 18:38:00,CST,1972-04-30 18:38:00,0,0,0,0,250K,0,,F3,Unknown,2.7,200,,,,,38.45,-99.72,38.43,-99.67,,,KS,1972-04-30 19:38:00,1972-04-30 19:38:00,True,True
,10024390,Kansas,135,Ness,,1972-04-30 19:00:00,CST,1972-04-30 19:00:00,0,0,0,0,250K,0,,F4,Unknown,2.3,77,,,,,38.27,-99.72,38.3,-99.68,,,KS,1972-04-30 20:00:00,1972-04-30 20:00:00,True,True
,10095771,Oklahoma,65,Jackson,,1972-04-26 23:03:00,CST,1972-04-26 23:03:00,0,0,0,0,0K,0,,F1,Unknown,12.8,17,,,,,34.77,-99.32,34.62,-99.18,,,OK,1972-04-26 23:03:00,1972-04-26 23:03:00,False,False
,10095773,Oklahoma,53,Grant,,1972-04-30 23:05:00,CST,1972-04-30 23:05:00,0,0,0,0,25K,0,,F0,Unknown,0.1,10,,,,,36.9,-97.95,,,,,OK,1972-05-01 00:05:00,1972-05-01 00:05:00,True,True
,10095776,Oklahoma,91,Mcintosh,,1972-05-01 05:35:00,CST,1972-05-01 05:35:00,0,0,0,0,2.5K,0,,F1,Unknown,3.6,77,,,,,35.45,-95.67,35.45,-95.6,,,OK,1972-05-01 05:35:00,1972-05-01 05:35:00,False,False
,10095777,Oklahoma,9,Beckham,,1972-05-22 19:00:00,CST,1972-05-22 19:00:00,0,0,0,0,2.5K,0,,F1,Unknown,0.1,30,,,,,35.2,-99.87,,,,,OK,1972-05-22 20:00:00,1972-05-22 20:00:00,True,True
,10095778,Oklahoma,55,Greer,,1972-05-22 19:30:00,CST,1972-05-22 19:30:00,0,0,0,0,0K,0,,F3,Unknown,9.5,100,,,,,35.02,-99.67,35.0,-99.5,,,OK,1972-05-22 20:30:00,1972-05-22 20:30:00,True,True
,10095779,Oklahoma,149,Washita,,1972-05-22 20:27:00,CST,1972-05-22 20:27:00,0,0,0,0,0K,0,,F1,Unknown,1.9,33,,,,,35.3,-99.0,35.32,-98.98,,,OK,1972-05-22 21:27:00,1972-05-22 21:27:00,True,True
,10024394,Kansas,53,Ellsworth,,1972-04-30 20:00:00,CST,1972-04-30 20:00:00,0,0,0,0,25K,0,,F2,Unknown,1.0,30,,,,,38.58,-98.23,,,,,KS,1972-04-30 21:00:00,1972-04-30 21:00:00,True,True
,10030016,Kentucky,167,Mercer,,1972-04-21 22:10:00,CST,1972-04-21 22:10:00,0,0,0,0,250K,0,,F2,Unknown,5.1,30,,,,,37.9,-84.95,37.93,-84.87,,,KY,1972-04-21 22:10:00,1972-04-21 22:10:00,False,False
,10030018,Kentucky,213,Simpson,,1972-07-02 18:30:00,CST,1972-07-02 18:30:00,0,0,0,0,2.5K,0,,F1,Unknown,1.0,20,,,,,36.72,-86.65,,,,,KY,1972-07-02 19:30:00,1972-07-02 19:30:00,True,True
,10095782,Oklahoma,49,Garvin,,1972-05-28 21:15:00,CST,1972-05-28 21:15:00,0,0,0,0,0K,0,,F0,Unknown,0.1,27,,,,,34.63,-97.17,,,,,OK,1972-05-28 22:15:00,1972-05-28 22:15:00,True,True
,10095785,Oklahoma,119,Payne,,1972-06-19 21:25:00,CST,1972-06-19 21:25:00,0,0,0,0,0K,0,,F2,Unknown,0.0,33,,,,,35.98,-97.02,,,,,OK,1972-06-19 22:25:00,1972-06-19 22:25:00,True,True
,10095786,Oklahoma,9,Beckham,,1972-06-24 02:00:00,CST,1972-06-24 02:00:00,0,0,0,0,0K,0,,F1,Unknown,0.1,20,,,,,35.38,-99.58,,,,,OK,1972-06-24 03:00:00,1972-06-24 03:00:00,True,True
,10095787,Oklahoma,97,Mayes,,1972-06-26 19:30:00,CST,1972-06-26 19:30:00,0,0,0,0,25K,0,,F1,Unknown,0.1,10,,,,,36.42,-95.12,,,,,OK,1972-06-26 20:30:00,1972-06-26 20:30:00,True,True
,10095791,Oklahoma,97,Mayes,,1972-06-27 18:45:00,CST,1972-06-27 18:45:00,0,0,0,0,0K,0,,F1,Unknown,0.1,10,,,,,36.2,-95.1,,,,,OK,1972-06-27 19:45:00,1972-06-27 19:45:00,True,True
,10095796,Oklahoma,109,Oklahoma,,1972-06-27 19:45:00,CST,1972-06-27 19:45:00,0,0,0,0,0K,0,,F0,Unknown,0.1,20,,,,,35.48,-97.53,,,,,OK,1972-06-27 20:45:00,1972-06-27 20:45:00,True,True
,10095797,Oklahoma,143,Tulsa,,1972-06-27 20:40:00,CST,1972-06-27 20:40:00,0,0,0,0,0K,0,,F0,Unknown,1.0,7,,,,,36.13,-95.92,,,,,OK,1972-06-27 21:40:00,1972-06-27 21:40:00,True,True
,10001574,Florida,63,Jackson,,1972-03-16 15:00:00,CST,1972-03-16 15:00:00,0,0,0,0,25K,0,,F1,Unknown,7.7,300,,,,,30.83,-85.17,30.92,-85.08,,,FL,1972-03-16 15:00:00,1972-03-16 15:00:00,False,False
,10001581,Florida,77,Liberty,,1972-03-28 07:45:00,CST,1972-03-28 07:45:00,0,0,0,0,25K,0,,F1,Unknown,1.0,50,,,,,30.58,-85.17,,,,,FL,1972-03-28 07:45:00,1972-03-28 07:45:00,False,False
,10001582,Florida,5,Bay,,1972-03-28 08:05:00,CST,1972-03-28 08:05:00,0,0,0,0,.03K,0,,F0,Unknown,0.5,20,,,,,30.28,-85.98,,,,,FL,1972-03-28 08:05:00,1972-03-28 08:05:00,False,False
,10001583,Florida,113,Santa Rosa,,1972-03-28 09:00:00,CST,1972-03-28 09:00:00,1,0,0,0,25K,0,,F1,Unknown,0.5,50,,,,,30.62,-87.03,,,,,FL,1972-03-28 09:00:00,1972-03-28 09:00:00,False,False
,10001586,Florida,73,Leon,,1972-03-28 09:30:00,CST,1972-03-28 09:30:00,0,0,0,0,25K,0,,F2,Unknown,0.2,50,,,,,30.4,-84.33,,,,,FL,1972-03-28 09:30:00,1972-03-28 09:30:00,False,False
,10001587,Florida,73,Leon,,1972-03-28 09:45:00,CST,1972-03-28 09:45:00,0,0,0,0,25K,0,,F2,Unknown,0.2,50,,,,,30.4,-84.42,,,,,FL,1972-03-28 09:45:00,1972-03-28 09:45:00,False,False
,10001589,Florida,109,St. Johns,,1972-03-28 13:30:00,CST,1972-03-28 13:30:00,0,0,0,0,.25K,0,,F0,Unknown,0.5,20,,,,,29.83,-81.55,,,,,FL,1972-03-28 13:30:00,1972-03-28 13:30:00,False,False
,10001590,Florida,19,Clay,,1972-03-28 14:00:00,CST,1972-03-28 14:00:00,0,0,0,0,2.5K,0,,F1,Unknown,3.6,20,,,,,29.77,-82.05,29.78,-82.0,,,FL,1972-03-28 14:00:00,1972-03-28 14:00:00,False,False
,10001591,Florida,7,Bradford,,1972-03-28 14:00:00,CST,1972-03-28 14:00:00,0,0,0,0,25K,0,,F1,Unknown,6.8,20,,,,,29.87,-82.08,29.78,-82.03,,,FL,1972-03-28 14:00:00,1972-03-28 14:00:00,False,False
,10006767,Illinois,31,Cook,,1972-06-19 15:00:00,CST,1972-06-19 15:00:00,2,0,0,0,25K,0,,F1,Unknown,0.1,7,,,,,42.08,-87.9,,,,,IL,1972-06-19 16:00:00,1972-06-19 16:00:00,True,True
,10006771,Illinois,107,Logan,,1972-06-19 19:00:00,CST,1972-06-19 19:00:00,1,0,0,0,25K,0,,F1,Unknown,0.1,7,,,,,39.97,-89.48,,,,,IL,1972-06-19 20:00:00,1972-06-19 20:00:00,True,True
,10006773,Illinois,125,Mason,,1972-07-12 21:40:00,CST,1972-07-12 21:40:00,0,0,0,0,2.5K,0,,F1,Unknown,0.5,130,,,,,40.45,-89.8,,,,,IL,1972-07-12 22:40:00,1972-07-12 22:40:00,True,True
,10006775,Illinois,99,La Salle,,1972-07-14 23:00:00,CST,1972-07-14 23:00:00,1,0,0,0,2.5K,0,,F0,Unknown,0.0,33,,,,,41.37,-88.82,,,,,IL,1972-07-15 00:00:00,1972-07-15 00:00:00,True,True
,10006779,Illinois,123,Marshall,,1972-07-17 16:45:00,CST,1972-07-17 16:45:00,0,0,0,0,2.5M,0,,F3,Unknown,15.2,200,,,,,41.07,-89.63,41.13,-89.35,,,IL,1972-07-17 17:45:00,1972-07-17 17:45:00,True,True
,10006781,Illinois,155,Putnam,,1972-07-17 17:00:00,CST,1972-07-17 17:00:00,0,0,0,0,0K,0,,F3,Unknown,66.3,33,,,,,41.13,-89.35,41.5,-88.17,,,IL,1972-07-17 18:00:00,1972-07-17 18:00:00,True,True
,10006782,Illinois,175,Stark,,1972-07-17 18:06:00,CST,1972-07-17 18:06:00,0,0,0,0,2.5M,0,,F1,Unknown,29.6,33,,,,,41.1,-89.9,41.37,-89.45,,,IL,1972-07-17 19:06:00,1972-07-17 19:06:00,True,True
,10006783,Illinois,187,Warren,,1972-07-17 18:30:00,CST,1972-07-17 18:30:00,0,0,0,0,25K,0,,F1,Unknown,27.2,33,,,,,40.67,-90.5,40.78,-90.0,,,IL,1972-07-17 19:30:00,1972-07-17 19:30:00,True,True
,10006784,Illinois,43,Du Page,,1972-07-17 19:10:00,CST,1972-07-17 19:10:00,0,0,0,0,2.5M,0,,F2,Unknown,0.0,33,,,,,41.87,-88.13,,,,,IL,1972-07-17 19:10:00,1972-07-17 19:10:00,False,False
,10006793,Illinois,99,La Salle,,1972-08-23 12:00:00,CST,1972-08-23 12:00:00,0,0,0,0,2.5K,0,,F1,Unknown,0.0,33,,,,,41.3,-88.8,,,,,IL,1972-08-23 13:00:00,1972-08-23 13:00:00,True,True
,10014669,Iowa,109,Kossuth,,1972-07-01 16:15:00,CST,1972-07-01 16:15:00,0,0,0,0,25K,0,,F1,Unknown,2.0,200,,,,,43.23,-94.03,,,,,IA,1972-07-01 17:15:00,1972-07-01 17:15:00,True,True
,10014670,Iowa,109,Kossuth,,1972-07-01 19:10:00,CST,1972-07-01 19:10:00,0,0,0,0,25K,0,,F1,Unknown,0.0,200,,,,,43.22,-94.45,43.22,-94.43,,,IA,1972-07-01 20:10:00,1972-07-01 20:10:00,True,True
,10014674,Iowa,193,Woodbury,,1972-07-06 16:10:00,CST,1972-07-06 16:10:00,0,0,0,0,250K,0,,F1,Unknown,4.1,150,,,,,42.4,-95.7,42.45,-95.63,,,IA,1972-07-06 17:10:00,1972-07-06 17:10:00,True,True
,10014675,Iowa,193,Woodbury,,1972-07-06 16:13:00,CST,1972-07-06 16:13:00,0,0,0,0,25K,0,,F1,Unknown,1.0,100,,,,,42.3,-95.77,,,,,IA,1972-07-06 17:13:00,1972-07-06 17:13:00,True,True
,10014680,Iowa,159,Ringgold,,1972-07-14 18:27:00,CST,1972-07-14 18:27:00,0,0,0,0,25K,0,,F1,Unknown,1.0,100,,,,,40.6,-94.22,,,,,IA,1972-07-14 19:27:00,1972-07-14 19:27:00,True,True
,10014684,Iowa,179,Wapello,,1972-07-17 14:45:00,CST,1972-07-17 14:45:00,0,0,0,0,.03K,0,,F0,Unknown,0.1,50,,,,,41.05,-92.53,,,,,IA,1972-07-17 15:45:00,1972-07-17 15:45:00,True,True
,10021268,Kansas,83,Hodgeman,,1972-05-22 18:15:00,CST,1972-05-22 18:15:00,0,0,0,0,0K,0,,F1,Unknown,0.5,33,,,,,38.03,-99.82,,,,,KS,1972-05-22 19:15:00,1972-05-22 19:15:00,True,True
,10021269,Kansas,83,Hodgeman,,1972-05-22 18:15:00,CST,1972-05-22 18:15:00,0,0,0,0,0K,0,,F2,Unknown,5.1,33,,,,,38.0,-99.9,38.03,-99.82,,,KS,1972-05-22 19:15:00,1972-05-22 19:15:00,True,True
,10021270,Kansas,51,Ellis,,1972-05-22 18:39:00,CST,1972-05-22 18:39:00,0,0,0,0,0K,0,,F2,Unknown,1.0,220,,,,,39.0,-99.53,,,,,KS,1972-05-22 19:39:00,1972-05-22 19:39:00,True,True
,10021271,Kansas,51,Ellis,,1972-05-22 18:39:00,CST,1972-05-22 18:39:00,0,0,0,0,0K,0,,F2,Unknown,1.0,220,,,,,39.0,-99.53,,,,,KS,1972-05-22 19:39:00,1972-05-22 19:39:00,True,True
,10021272,Kansas,51,Ellis,,1972-05-22 18:39:00,CST,1972-05-22 18:39:00,0,0,0,0,0K,0,,F2,Unknown,1.0,220,,,,,39.0,-99.53,,,,,KS,1972-05-22 19:39:00,1972-05-22 19:39:00,True,True
,10021273,Kansas,51,Ellis,,1972-05-22 18:40:00,CST,1972-05-22 18:40:00,0,0,0,0,25K,0,,F2,Unknown,2.0,250,,,,,38.93,-99.57,,,,,KS,1972-05-22 19:40:00,1972-05-22 19:40:00,True,True
,10021274,Kansas,51,Ellis,,1972-05-22 18:42:00,CST,1972-05-22 18:42:00,0,0,0,0,0K,0,,F2,Unknown,0.5,220,,,,,38.93,-99.48,,,,,KS,1972-05-22 19:42:00,1972-05-22 19:42:00,True,True
,10021285,Kansas,29,Cloud,,1972-05-26 14:23:00,CST,1972-05-26 14:23:00,0,0,0,0,.25K,0,,F0,Unknown,0.5,10,,,,,39.52,-97.88,,,,,KS,1972-05-26 15:23:00,1972-05-26 15:23:00,True,True
,10014436,Iowa,109,Kossuth,,1972-05-26 11:35:00,CST,1972-05-26 11:35:00,0,0,0,0,25K,0,,F1,Unknown,0.0,200,,,,,43.17,-94.03,43.13,-94.0,,,IA,1972-05-26 12:35:00,1972-05-26 12:35:00,True,True
,10014437,Iowa,103,Johnson,,1972-06-05 17:30:00,CST,1972-06-05 17:30:00,0,0,0,0,25K,0,,F1,Unknown,0.0,150,,,,,41.43,-91.4,41.4,-91.38,,,IA,1972-06-05 18:30:00,1972-06-05 18:30:00,True,True
,10014438,Iowa,125,Marion,,1972-06-05 17:56:00,CST,1972-06-05 17:56:00,0,0,0,0,25K,0,,F2,Unknown,1.9,200,,,,,41.22,-93.0,41.18,-92.97,,,IA,1972-06-05 18:56:00,1972-06-05 18:56:00,True,True
,10014439,Iowa,27,Carroll,,1972-06-07 11:25:00,CST,1972-06-07 11:25:00,0,0,0,0,2.5K,0,,F2,Unknown,2.0,200,,,,,42.15,-94.98,,,,,IA,1972-06-07 12:25:00,1972-06-07 12:25:00,True,True
,10014440,Iowa,27,Carroll,,1972-06-07 11:30:00,CST,1972-06-07 11:30:00,0,0,0,0,25K,0,,F2,Unknown,1.0,200,,,,,42.07,-94.87,,,,,IA,1972-06-07 12:30:00,1972-06-07 12:30:00,True,True
,10021319,Kansas,139,Osage,,1972-07-02 17:10:00,CST,1972-07-02 17:10:00,0,0,0,0,0K,0,,F1,Unknown,0.5,33,,,,,38.8,-95.92,,,,,KS,1972-07-02 18:10:00,1972-07-02 18:10:00,True,True
,10021301,Kansas,29,Cloud,,1972-06-24 16:45:00,CST,1972-06-24 16:45:00,0,0,0,0,2.5K,0,,F0,Unknown,0.3,13,,,,,39.6,-97.88,,,,,KS,1972-06-24 17:45:00,1972-06-24 17:45:00,True,True
,10040523,Michigan,125,Oakland,,1972-08-02 14:23:00,CST,1972-08-02 14:23:00,0,0,0,0,2.5M,0,,F3,Unknown,0.0,43,,,,,42.53,-83.48,42.55,-83.45,,,MI,1972-08-02 15:23:00,1972-08-02 15:23:00,True,True
,10154069,Virginia,810,Virginia Beach (C),,1972-07-27 13:17:00,CST,1972-07-27 13:17:00,2,0,0,0,25K,0,,F1,Unknown,0.0,33,,,,,36.85,-75.98,,,,,VA,1972-07-27 13:17:00,1972-07-27 13:17:00,False,False
,10154072,Virginia,143,Pittsylvania,,1972-09-29 16:14:00,CST,1972-09-29 16:14:00,0,0,0,0,25K,0,,F1,Unknown,5.1,50,,,,,37.03,-79.3,37.08,-79.23,,,VA,1972-09-29 17:14:00,1972-09-29 17:14:00,True,True
,10148992,Wisconsin,105,Rock,,1972-05-14 14:20:00,CST,1972-05-14 14:20:00,0,0,0,0,0K,0,,F1,Unknown,2.7,100,,,,,42.65,-88.97,42.7,-88.95,,,WI,1972-05-14 15:20:00,1972-05-14 15:20:00,True,True
,9998032,Florida,33,Escambia,,1972-04-16 07:40:00,CST,1972-04-16 07:40:00,0,0,0,0,0K,0,,F0,Unknown,0.1,10,,,,,30.62,-87.38,,,,,FL,1972-04-16 07:40:00,1972-04-16 07:40:00,False,False
,10148998,Wisconsin,103,Richland,,1972-06-13 18:00:00,CST,1972-06-13 18:00:00,0,0,0,0,25K,0,,F1,Unknown,2.0,50,,,,,43.32,-90.53,,,,,WI,1972-06-13 19:00:00,1972-06-13 19:00:00,True,True
,10148999,Wisconsin,111,Sauk,,1972-06-13 19:15:00,CST,1972-06-13 19:15:00,0,0,0,0,2.5K,0,,F1,Unknown,2.0,50,,,,,43.5,-89.62,,,,,WI,1972-06-13 20:15:00,1972-06-13 20:15:00,True,True
,10162866,Wyoming,5,Campbell,,1972-06-10 15:00:00,CST,1972-06-10 15:00:00,0,0,0,0,0K,0,,F1,Unknown,0.0,33,,,,,44.32,-105.52,,,,,WY,1972-06-10 16:00:00,1972-06-10 16:00:00,True,True
,10162869,Wyoming,11,Crook,,1972-06-15 15:00:00,CST,1972-06-15 15:00:00,0,0,0,0,0K,0,,F1,Unknown,0.3,100,,,,,44.47,-104.47,,,,,WY,1972-06-15 16:00:00,1972-06-15 16:00:00,True,True
,10162873,Wyoming,31,Platte,,1972-06-28 14:15:00,CST,1972-06-28 14:15:00,0,0,0,0,.25K,0,,,Unknown,0.0,13,,,,,18.4,-67.25,,,,,WY,1972-06-28 15:15:00,1972-06-28 15:15:00,True,True
,10162875,Wyoming,31,Platte,,1972-07-27 22:04:00,CST,1972-07-27 22:04:00,0,0,0,0,0K,0,,F0,Unknown,0.0,33,,,,,41.73,-104.67,,,,,WY,1972-07-27 23:04:00,1972-07-27 23:04:00,True,True
,10006776,Illinois,31,Cook,,1972-07-14 23:00:00,CST,1972-07-14 23:00:00,0,0,0,0,2.5M,0,,F1,Unknown,21.9,33,,,,,42.0,-88.08,42.12,-87.68,,,IL,1972-07-15 00:00:00,1972-07-15 00:00:00,True,True
,10134092,Texas,189,Hale,,1972-07-02 22:20:00,CST,1972-07-02 22:20:00,0,0,0,0,25K,0,,F0,Unknown,0.5,50,,,,,34.2,-101.87,,,,,TX,1972-07-02 23:20:00,1972-07-02 23:20:00,True,True
,10134097,Texas,441,Taylor,,1972-07-03 19:08:00,CST,1972-07-03 19:08:00,0,0,0,0,0K,0,,F1,Unknown,0.3,50,,,,,32.2,-99.83,,,,,TX,1972-07-03 20:08:00,1972-07-03 20:08:00,True,True
,10134098,Texas,419,Shelby,,1972-07-04 04:10:00,CST,1972-07-04 04:10:00,0,0,0,0,0K,0,,F0,Unknown,0.3,440,,,,,31.8,-94.3,,,,,TX,1972-07-04 05:10:00,1972-07-04 05:10:00,True,True
,10134099,Texas,201,Harris,,1972-07-04 13:50:00,CST,1972-07-04 13:50:00,0,0,0,0,0K,0,,F0,Unknown,0.1,20,,,,,30.12,-95.62,,,,,TX,1972-07-04 14:50:00,1972-07-04 14:50:00,True,True
,10148991,Wisconsin,43,Grant,,1972-05-01 19:00:00,CST,1972-05-01 19:00:00,0,0,0,0,2.5K,0,,F0,Unknown,0.5,50,,,,,42.85,-90.72,,,,,WI,1972-05-01 20:00:00,1972-05-01 20:00:00,True,True
,10134981,Texas,287,Lee,,1972-08-03 10:00:00,CST,1972-08-03 10:00:00,0,0,0,0,25K,0,,F1,Unknown,1.0,10,,,,,30.12,-96.97,,,,,TX,1972-08-03 11:00:00,1972-08-03 11:00:00,True,True
,10134982,Texas,453,Travis,,1972-08-03 11:10:00,CST,1972-08-03 11:10:00,0,0,0,0,25K,0,,F0,Unknown,0.1,17,,,,,30.33,-97.78,,,,,TX,1972-08-03 12:10:00,1972-08-03 12:10:00,True,True
,10134983,Texas,437,Swisher,,1972-08-06 15:50:00,CST,1972-08-06 15:50:00,0,0,0,0,0K,0,,F2,Unknown,1.0,50,,,,,34.73,-101.98,,,,,TX,1972-08-06 16:50:00,1972-08-06 16:50:00,True,True
,10134985,Texas,375,Potter,,1972-08-08 14:15:00,CST,1972-08-08 14:15:00,0,0,0,0,0K,0,,F0,Unknown,2.0,50,,,,,35.22,-101.88,,,,,TX,1972-08-08 15:15:00,1972-08-08 15:15:00,True,True
,10134987,Texas,221,Hood,,1972-08-08 17:50:00,CST,1972-08-08 17:50:00,0,0,0,0,25K,0,,F1,Unknown,0.8,10,,,,,32.43,-97.82,,,,,TX,1972-08-08 18:50:00,1972-08-08 18:50:00,True,True
,10134988,Texas,77,Clay,,1972-08-08 20:15:00,CST,1972-08-08 20:15:00,0,0,0,0,25K,0,,F1,Unknown,1.0,67,,,,,34.08,-98.1,,,,,TX,1972-08-08 21:15:00,1972-08-08 21:15:00,True,True
,10134989,Texas,85,Collin,,1972-08-10 16:00:00,CST,1972-08-10 16:00:00,0,0,0,0,2.5K,0,,F0,Unknown,1.0,10,,,,,33.28,-96.45,,,,,TX,1972-08-10 17:00:00,1972-08-10 17:00:00,True,True
,10134990,Texas,201,Harris,,1972-08-11 14:00:00,CST,1972-08-11 14:00:00,0,0,0,0,0K,0,,F0,Unknown,0.1,10,,,,,29.77,-95.38,,,,,TX,1972-08-11 15:00:00,1972-08-11 15:00:00,True,True
,10134991,Texas,283,La Salle,,1972-08-11 19:15:00,CST,1972-08-11 19:15:00,0,0,0,0,0K,0,,F1,Unknown,0.3,100,,,,,28.37,-99.0,,,,,TX,1972-08-11 20:15:00,1972-08-11 20:15:00,True,True
,10055985,Missouri,123,Madison,,1972-04-21 15:40:00,CST,1972-04-21 15:40:00,0,0,0,0,25K,0,,F2,Unknown,15.2,50,,,,,37.42,-90.55,37.52,-90.3,,,MO,1972-04-21 15:40:00,1972-04-21 15:40:00,False,False
,9995637,Georgia,205,Mitchell,,1972-03-02 13:00:00,CST,1972-03-02 13:00:00,0,0,0,0,25K,0,,F1,Unknown,1.0,50,,,,,31.17,-84.22,,,,,GA,1972-03-02 13:00:00,1972-03-02 13:00:00,False,False
,10110167,South Dakota,25,Clark,,1972-06-19 18:30:00,CST,1972-06-19 18:30:00,0,0,0,0,25K,0,,F1,Unknown,0.0,33,,,,,44.58,-97.82,,,,,SD,1972-06-19 19:30:00,1972-06-19 19:30:00,True,True
,10151213,Vermont,11,Franklin,,1972-07-19 06:30:00,CST,1972-07-19 06:30:00,0,0,0,0,25K,0,,F1,Unknown,2.0,50,,,,,44.78,-72.85,,,,,VT,1972-07-19 07:30:00,1972-07-19 07:30:00,True,True
,10151217,Vermont,17,Orange,,1972-08-09 12:45:00,CST,1972-08-09 12:45:00,0,0,0,0,25K,0,,F1,Unknown,3.6,27,,,,,43.93,-72.15,44.0,-72.13,,,VT,1972-08-09 13:45:00,1972-08-09 13:45:00,True,True
,10145710,Wisconsin,103,Richland,,1972-08-11 18:30:00,CST,1972-08-11 18:30:00,0,0,0,0,25K,0,,F1,Unknown,3.8,50,,,,,43.55,-90.62,43.5,-90.55,,,WI,1972-08-11 19:30:00,1972-08-11 19:30:00,True,True
,10024398,Kansas,41,Dickinson,,1972-04-30 21:15:00,CST,1972-04-30 21:15:00,6,0,0,0,250K,0,,F3,Unknown,1.5,300,,,,,38.92,-97.23,,,,,KS,1972-04-30 22:15:00,1972-04-30 22:15:00,True,True
,10047591,Mississippi,47,Harrison,,1972-05-07 14:02:00,CST,1972-05-07 14:02:00,0,0,0,0,25K,0,,F2,Unknown,0.8,33,,,,,30.47,-89.05,,,,,MS,1972-05-07 15:02:00,1972-05-07 15:02:00,True,True
,10135182,Texas,421,Sherman,,1972-04-25 21:15:00,CST,1972-04-25 21:15:00,0,0,0,0,25K,0,,F1,Unknown,0.5,10,,,,,36.35,-102.12,,,,,TX,1972-04-25 21:15:00,1972-04-25 21:15:00,False,False
,10135184,Texas,355,Nueces,,1972-04-27 12:20:00,CST,1972-04-27 12:20:00,0,0,0,0,0K,0,,F1,Unknown,1.5,50,,,,,27.77,-97.38,,,,,TX,1972-04-27 12:20:00,1972-04-27 12:20:00,False,False
,10135185,Texas,355,Nueces,,1972-04-27 12:50:00,CST,1972-04-27 12:50:00,0,0,0,0,0K,0,,F0,Unknown,0.2,10,,,,,27.62,-97.32,,,,,TX,1972-04-27 12:50:00,1972-04-27 12:50:00,False,False
,10145704,Wisconsin,121,Trempealeau,,1972-07-16 15:50:00,CST,1972-07-16 15:50:00,0,0,0,0,25K,0,,F1,Unknown,4.3,50,,,,,44.07,-91.38,44.02,-91.32,,,WI,1972-07-16 16:50:00,1972-07-16 16:50:00,True,True
,10133841,Texas,303,Lubbock,,1972-06-14 20:45:00,CST,1972-06-14 20:45:00,0,0,0,0,0K,0,,F1,Unknown,0.3,20,,,,,33.68,-101.98,,,,,TX,1972-06-14 21:45:00,1972-06-14 21:45:00,True,True
,10135187,Texas,29,Bexar,,1972-04-27 15:54:00,CST,1972-04-27 15:54:00,0,0,0,0,0K,0,,F0,Unknown,0.1,7,,,,,29.42,-98.62,,,,,TX,1972-04-27 15:54:00,1972-04-27 15:54:00,False,False
,10135188,Texas,127,Dimmit,,1972-04-27 16:15:00,CST,1972-04-27 16:15:00,0,0,0,0,2.5K,0,,F1,Unknown,0.5,20,,,,,28.45,-99.42,,,,,TX,1972-04-27 16:15:00,1972-04-27 16:15:00,False,False
,10135192,Texas,491,Williamson,,1972-04-27 17:56:00,CST,1972-04-27 17:56:00,0,0,0,0,0K,0,,F0,Unknown,0.1,7,,,,,30.52,-97.33,,,,,TX,1972-04-27 17:56:00,1972-04-27 17:56:00,False,False
,10135209,Texas,77,Clay,,1972-08-13 19:15:00,CST,1972-08-13 19:15:00,0,0,0,0,25K,0,,F1,Unknown,0.3,20,,,,,33.67,-98.2,,,,,TX,1972-08-13 20:15:00,1972-08-13 20:15:00,True,True
,10135210,Texas,167,Galveston,,1972-08-14 13:55:00,CST,1972-08-14 13:55:00,0,0,0,0,0K,0,,F0,Unknown,0.1,10,,,,,29.52,-95.1,,,,,TX,1972-08-14 14:55:00,1972-08-14 14:55:00,True,True
,9990616,California,25,Imperial,,1972-06-07 15:40:00,CST,1972-06-07 15:40:00,0,0,0,0,0K,0,,F0,Unknown,0.0,33,,,,,33.3,-115.05,,,,,CA,1972-06-07 16:40:00,1972-06-07 16:40:00,True,True
,9990620,California,17,El Dorado,,1972-10-01 14:00:00,CST,1972-10-01 14:00:00,0,0,0,0,0K,0,,F0,Unknown,0.0,33,,,,,38.8,-120.5,,,,,CA,1972-10-01 15:00:00,1972-10-01 15:00:00,True,True
,9990623,California,43,Mariposa,,1972-10-15 14:24:00,CST,1972-10-15 14:24:00,0,0,0,0,0K,0,,F0,Unknown,0.0,33,,,,,37.8,-119.83,,,,,CA,1972-10-15 15:24:00,1972-10-15 15:24:00,True,True
,9990624,California,61,Placer,,1972-10-15 14:26:00,CST,1972-10-15 14:26:00,0,0,0,0,0K,0,,F0,Unknown,0.0,33,,,,,38.75,-121.35,,,,,CA,1972-10-15 15:26:00,1972-10-15 15:26:00,True,True
,10006794,Illinois,31,Cook,,1972-08-25 21:30:00,CST,1972-08-25 21:30:00,1,0,0,0,2.5M,0,,F2,Unknown,1.8,200,,,,,42.03,-87.85,,,,,IL,1972-08-25 22:30:00,1972-08-25 22:30:00,True,True
,10134060,Texas,201,Harris,,1972-06-16 13:17:00,CST,1972-06-16 13:17:00,0,0,0,0,2.5K,0,,F0,Unknown,0.1,10,,,,,29.6,-95.17,,,,,TX,1972-06-16 14:17:00,1972-06-16 14:17:00,True,True
,10134061,Texas,317,Martin,,1972-06-17 13:30:00,CST,1972-06-17 13:30:00,0,0,0,0,0K,0,,F1,Unknown,29.3,50,,,,,32.33,-101.8,32.37,-101.3,,,TX,1972-06-17 14:30:00,1972-06-17 14:30:00,True,True
,10135240,Texas,309,Mclennan,,1972-10-21 22:30:00,CDT,1972-10-21 22:30:00,0,0,0,0,.25K,0,,F2,Unknown,1.5,20,,,,,31.55,-97.18,,,,,TX,1972-10-21 22:30:00,1972-10-21 22:30:00,False,False
,10135241,Texas,309,Mclennan,,1972-10-21 22:30:00,CDT,1972-10-21 22:30:00,3,0,0,0,250K,0,,F2,Unknown,1.0,20,,,,,31.55,-97.18,,,,,TX,1972-10-21 22:30:00,1972-10-21 22:30:00,False,False
,10135242,Texas,213,Henderson,,1972-10-22 00:22:00,CDT,1972-10-22 00:22:00,0,0,0,0,.25K,0,,F2,Unknown,1.3,440,,,,,32.28,-96.2,,,,,TX,1972-10-22 01:22:00,1972-10-22 01:22:00,True,True
,10135243,Texas,213,Henderson,,1972-10-22 00:22:00,CDT,1972-10-22 00:22:00,1,0,0,0,250K,0,,F2,Unknown,1.3,440,,,,,32.28,-96.2,,,,,TX,1972-10-22 01:22:00,1972-10-22 01:22:00,True,True
,10135244,Texas,203,Harrison,,1972-10-22 09:00:00,CDT,1972-10-22 09:00:00,2,0,0,0,25K,0,,F3,Unknown,0.5,30,,,,,32.48,-94.28,,,,,TX,1972-10-22 10:00:00,1972-10-22 10:00:00,True,True
,10135245,Texas,57,Calhoun,,1972-10-29 06:30:00,CST,1972-10-29 06:30:00,2,0,0,0,25K,0,,F2,Unknown,10.8,100,,,,,28.62,-96.77,28.52,-96.63,,,TX,1972-10-29 06:30:00,1972-10-29 06:30:00,False,False
,10135252,Texas,439,Tarrant,,1972-11-12 21:15:00,CST,1972-11-12 21:15:00,5,0,0,0,250K,0,,F1,Unknown,0.1,77,,,,,32.7,-97.12,,,,,TX,1972-11-12 21:15:00,1972-11-12 21:15:00,False,False
,10135254,Texas,113,Dallas,,1972-11-12 21:30:00,CST,1972-11-12 21:30:00,0,0,0,0,25K,0,,F1,Unknown,0.3,10,,,,,32.72,-96.85,,,,,TX,1972-11-12 21:30:00,1972-11-12 21:30:00,False,False
,9995641,Georgia,105,Elbert,,1972-03-02 15:00:00,CST,1972-03-02 15:00:00,0,0,0,0,250K,0,,F1,Unknown,8.2,400,,,,,34.0,-82.78,34.12,-82.77,,,GA,1972-03-02 15:00:00,1972-03-02 15:00:00,False,False
,9995644,Georgia,253,Seminole,,1972-03-16 09:10:00,CST,1972-03-16 09:10:00,0,0,0,0,25K,0,,F1,Unknown,0.5,100,,,,,31.02,-84.82,,,,,GA,1972-03-16 09:10:00,1972-03-16 09:10:00,False,False
,9995645,Georgia,23,Bleckley,,1972-03-16 09:30:00,CST,1972-03-16 09:30:00,12,0,0,0,250K,0,,F2,Unknown,0.5,100,,,,,32.38,-83.35,,,,,GA,1972-03-16 09:30:00,1972-03-16 09:30:00,False,False
,9995647,Georgia,1,Appling,,1972-03-16 16:30:00,CST,1972-03-16 16:30:00,0,0,0,0,25K,0,,F1,Unknown,3.6,100,,,,,31.83,-82.5,31.82,-82.45,,,GA,1972-03-16 16:30:00,1972-03-16 16:30:00,False,False
,10134914,Texas,217,Hill,,1972-03-26 16:30:00,CST,1972-03-26 16:30:00,2,0,0,0,250K,0,,F2,Unknown,6.5,100,,,,,32.02,-97.13,32.05,-97.03,,,TX,1972-03-26 16:30:00,1972-03-26 16:30:00,False,False
,10134916,Texas,217,Hill,,1972-03-26 17:00:00,CST,1972-03-26 17:00:00,0,0,0,0,25K,0,,F1,Unknown,0.5,10,,,,,31.83,-96.92,,,,,TX,1972-03-26 17:00:00,1972-03-26 17:00:00,False,False
,10134917,Texas,349,Navarro,,1972-03-27 15:03:00,CST,1972-03-27 15:03:00,0,0,0,0,2.5K,0,,F1,Unknown,0.1,40,,,,,32.17,-96.73,,,,,TX,1972-03-27 15:03:00,1972-03-27 15:03:00,False,False
,10145707,Wisconsin,55,Jefferson,,1972-07-19 13:15:00,CST,1972-07-19 13:15:00,3,0,0,0,250K,0,,F1,Unknown,2.0,50,,,,,43.08,-88.88,,,,,WI,1972-07-19 14:15:00,1972-07-19 14:15:00,True,True
,10145708,Wisconsin,61,Kewaunee,,1972-07-20 15:30:00,CST,1972-07-20 15:30:00,0,0,0,0,25K,0,,F1,Unknown,3.6,100,,,,,44.63,-87.77,44.63,-87.68,,,WI,1972-07-20 16:30:00,1972-07-20 16:30:00,True,True
,10011873,Indiana,111,Newton,,1972-04-06 21:30:00,CST,1972-04-06 21:30:00,0,0,0,0,25K,0,,F1,Unknown,11.2,30,,,,,40.8,-87.42,40.77,-87.2,,,IN,1972-04-06 21:30:00,1972-04-06 21:30:00,False,False
,9995627,Georgia,23,Bleckley,,1972-01-13 05:00:00,CST,1972-01-13 05:00:00,0,0,0,0,25K,0,,F1,Unknown,0.5,100,,,,,32.38,-84.43,,,,,GA,1972-01-13 05:00:00,1972-01-13 05:00:00,False,False
,9995629,Georgia,87,Decatur,,1972-01-13 06:45:00,CST,1972-01-13 06:45:00,3,0,0,0,25K,0,,F2,Unknown,2.0,300,,,,,30.73,-84.65,,,,,GA,1972-01-13 06:45:00,1972-01-13 06:45:00,False,False
,9995630,Georgia,175,Laurens,,1972-01-13 13:45:00,CST,1972-01-13 13:45:00,0,0,0,0,250K,0,,F2,Unknown,11.3,200,,,,,32.5,-83.03,32.62,-82.9,,,GA,1972-01-13 13:45:00,1972-01-13 13:45:00,False,False
,9995631,Georgia,163,Jefferson,,1972-01-13 14:30:00,CST,1972-01-13 14:30:00,2,0,0,0,2.5M,0,,F3,Unknown,8.6,400,,,,,32.87,-82.38,32.92,-82.25,,,GA,1972-01-13 14:30:00,1972-01-13 14:30:00,False,False
,9995632,Georgia,33,Burke,,1972-01-13 14:40:00,CST,1972-01-13 14:40:00,19,0,0,0,2.5M,0,,F3,Unknown,25.0,400,,,,,32.92,-82.25,33.08,-81.87,,,GA,1972-01-13 14:40:00,1972-01-13 14:40:00,False,False
,9995633,Georgia,155,Irwin,,1972-01-13 15:30:00,CST,1972-01-13 15:30:00,0,0,0,0,2.5K,0,,F1,Unknown,0.3,100,,,,,31.53,-83.25,,,,,GA,1972-01-13 15:30:00,1972-01-13 15:30:00,False,False
,9995634,Georgia,251,Screven,,1972-01-13 17:45:00,CST,1972-01-13 17:45:00,0,0,0,0,2.5K,0,,F0,Unknown,0.5,50,,,,,32.67,-81.63,,,,,GA,1972-01-13 17:45:00,1972-01-13 17:45:00,False,False
,9995636,Georgia,251,Screven,,1972-02-03 09:00:00,CST,1972-02-03 09:00:00,0,0,0,0,25K,0,,F0,Unknown,0.1,20,,,,,32.75,-81.63,,,,,GA,1972-02-03 09:00:00,1972-02-03 09:00:00,False,False
,10132948,Texas,389,Reeves,,1972-05-20 18:00:00,CST,1972-05-20 18:00:00,1,0,0,0,25K,0,,F1,Unknown,2.0,20,,,,,31.42,-103.5,,,,,TX,1972-05-20 19:00:00,1972-05-20 19:00:00,True,True
,10132949,Texas,389,Reeves,,1972-05-20 18:00:00,CST,1972-05-20 18:00:00,0,0,0,0,25K,0,,F1,Unknown,2.0,20,,,,,31.42,-103.5,,,,,TX,1972-05-20 19:00:00,1972-05-20 19:00:00,True,True
,10132953,Texas,491,Williamson,,1972-05-24 15:22:00,CST,1972-05-24 15:22:00,0,0,0,0,0K,0,,F1,Unknown,0.1,3,,,,,30.65,-97.55,,,,,TX,1972-05-24 16:22:00,1972-05-24 16:22:00,True,True
,10132954,Texas,491,Williamson,,1972-05-24 15:22:00,CST,1972-05-24 15:22:00,0,0,0,0,0K,0,,F1,Unknown,0.1,3,,,,,30.65,-97.55,,,,,TX,1972-05-24 16:22:00,1972-05-24 16:22:00,True,True
,10132955,Texas,491,Williamson,,1972-05-24 15:45:00,CST,1972-05-24 15:45:00,0,0,0,0,.25K,0,,F1,Unknown,0.1,3,,,,,30.8,-97.6,,,,,TX,1972-05-24 16:45:00,1972-05-24 16:45:00,True,True
,10132956,Texas,357,Ochiltree,,1972-05-24 16:30:00,CST,1972-05-24 16:30:00,0,0,0,0,0K,0,,F1,Unknown,4.3,440,,,,,36.42,-100.82,36.45,-100.75,,,TX,1972-05-24 17:30:00,1972-05-24 17:30:00,True,True
,10136290,Texas,87,Collingsworth,,1972-05-04 16:15:00,CST,1972-05-04 16:15:00,0,0,0,0,2.5K,0,,F1,Unknown,0.5,50,,,,,35.05,-100.33,,,,,TX,1972-05-04 17:15:00,1972-05-04 17:15:00,True,True
,10136296,Texas,13,Atascosa,,1972-05-06 11:00:00,CST,1972-05-06 11:00:00,1,0,0,0,2.5K,0,,F1,Unknown,13.1,33,,,,,28.88,-98.65,28.9,-98.43,,,TX,1972-05-06 12:00:00,1972-05-06 12:00:00,True,True
,10136297,Texas,13,Atascosa,,1972-05-06 11:45:00,CST,1972-05-06 11:45:00,0,0,0,0,2.5K,0,,F1,Unknown,0.0,33,,,,,28.88,-98.53,,,,,TX,1972-05-06 12:45:00,1972-05-06 12:45:00,True,True
,10001568,Florida,33,Escambia,,1972-03-02 09:00:00,CST,1972-03-02 09:00:00,0,0,0,0,2.5K,0,,F1,Unknown,0.5,200,,,,,30.42,-87.25,,,,,FL,1972-03-02 09:00:00,1972-03-02 09:00:00,False,False
,10132927,Texas,399,Runnels,,1972-05-13 14:30:00,CST,1972-05-13 14:30:00,0,0,0,0,2.5K,0,,F0,Unknown,0.1,7,,,,,31.95,-99.95,,,,,TX,1972-05-13 15:30:00,1972-05-13 15:30:00,True,True
,10132933,Texas,309,Mclennan,,1972-05-13 18:08:00,UNK,1972-05-13 18:08:00,0,0,0,0,25K,0,,F1,Unknown,1.0,100,,,,,31.4,-97.22,,,,,TX,1972-05-13 18:08:00,1972-05-13 18:08:00,False,False
,10132940,Texas,285,Lavaca,,1972-05-16 08:30:00,CST,1972-05-16 08:30:00,0,0,0,0,2.5K,0,,F1,Unknown,0.5,20,,,,,29.27,-96.7,,,,,TX,1972-05-16 09:30:00,1972-05-16 09:30:00,True,True
,10132941,Texas,285,Lavaca,,1972-05-16 08:30:00,CST,1972-05-16 08:30:00,0,0,0,0,0K,0,,F1,Unknown,0.5,20,,,,,29.27,-96.7,,,,,TX,1972-05-16 09:30:00,1972-05-16 09:30:00,True,True
,10132942,Texas,285,Lavaca,,1972-05-16 08:30:00,CST,1972-05-16 08:30:00,0,0,0,0,0K,0,,F1,Unknown,0.5,20,,,,,29.27,-96.7,,,,,TX,1972-05-16 09:30:00,1972-05-16 09:30:00,True,True
,10132943,Texas,171,Gillespie,,1972-05-16 14:15:00,CST,1972-05-16 14:15:00,0,0,0,0,2.5K,0,,F1,Unknown,0.5,20,,,,,30.17,-98.75,,,,,TX,1972-05-16 15:15:00,1972-05-16 15:15:00,True,True
,10132944,Texas,187,Guadalupe,,1972-05-16 15:50:00,CST,1972-05-16 15:50:00,0,0,0,0,25K,0,,F1,Unknown,5.6,20,,,,,29.58,-97.97,29.63,-97.9,,,TX,1972-05-16 16:50:00,1972-05-16 16:50:00,True,True
,10133837,Texas,303,Lubbock,,1972-06-13 13:55:00,CST,1972-06-13 13:55:00,0,0,0,0,0K,0,,F1,Unknown,4.1,50,,,,,33.68,-101.98,33.68,-101.92,,,TX,1972-06-13 14:55:00,1972-06-13 14:55:00,True,True
,10133840,Texas,303,Lubbock,,1972-06-14 20:30:00,CST,1972-06-14 20:30:00,0,0,0,0,0K,0,,F1,Unknown,5.1,50,,,,,33.68,-101.98,33.7,-101.9,,,TX,1972-06-14 21:30:00,1972-06-14 21:30:00,True,True
,10145696,Wisconsin,39,Fond Du Lac,,1972-07-14 14:45:00,CST,1972-07-14 14:45:00,0,0,0,0,25K,0,,F1,Unknown,1.3,50,,,,,43.78,-88.38,43.8,-88.33,,,WI,1972-07-14 14:45:00,1972-07-14 14:45:00,False,False
,10145697,Wisconsin,55,Jefferson,,1972-07-14 19:00:00,CST,1972-07-14 19:00:00,0,0,0,0,250K,0,,F1,Unknown,34.0,100,,,,,43.03,-88.53,42.9,-87.88,,,WI,1972-07-14 20:00:00,1972-07-14 20:00:00,True,True
,10145698,Wisconsin,133,Waukesha,,1972-07-14 19:10:00,CST,1972-07-14 19:10:00,0,0,0,0,250K,0,,F1,Unknown,13.9,100,,,,,42.93,-88.33,42.87,-88.07,,,WI,1972-07-14 20:10:00,1972-07-14 20:10:00,True,True
,10145699,Wisconsin,127,Walworth,,1972-07-14 19:20:00,CST,1972-07-14 19:20:00,0,0,0,0,250K,0,,F1,Unknown,14.1,100,,,,,42.72,-88.55,42.65,-88.28,,,WI,1972-07-14 20:20:00,1972-07-14 20:20:00,True,True
,10133407,Texas,257,Kaufman,,1972-03-24 17:10:00,CST,1972-03-24 17:10:00,0,0,0,0,25K,0,,F2,Unknown,2.0,200,,,,,32.62,-96.37,,,,,TX,1972-03-24 17:10:00,1972-03-24 17:10:00,False,False
,10132971,Texas,69,Castro,,1972-06-10 17:00:00,CST,1972-06-10 17:00:00,0,0,0,0,2.5K,0,,F1,Unknown,0.3,7,,,,,34.37,-102.12,,,,,TX,1972-06-10 18:00:00,1972-06-10 18:00:00,True,True
,10145523,West Virginia,43,Lincoln,,1972-09-29 12:15:00,CST,1972-09-29 12:15:00,0,0,0,0,2.5K,0,,F1,Unknown,20.9,70,,,,,38.05,-82.17,38.08,-81.78,,,WV,1972-09-29 13:15:00,1972-09-29 13:15:00,True,True
,9998295,Florida,117,Seminole,,1972-07-05 16:05:00,CST,1972-07-05 16:05:00,0,0,0,0,25K,0,,F2,Unknown,0.3,50,,,,,28.83,-81.25,,,,,FL,1972-07-05 17:05:00,1972-07-05 17:05:00,True,True
,9998298,Florida,105,Polk,,1972-07-13 13:10:00,CST,1972-07-13 13:10:00,0,0,0,0,2.5K,0,,F1,Unknown,0.2,50,,,,,28.12,-81.63,,,,,FL,1972-07-13 14:10:00,1972-07-13 14:10:00,True,True
,9998303,Florida,127,Volusia,,1972-08-22 15:55:00,CST,1972-08-22 15:55:00,0,0,0,0,25K,0,,F2,Unknown,1.0,50,,,,,29.13,-81.3,,,,,FL,1972-08-22 16:55:00,1972-08-22 16:55:00,True,True
,9998304,Florida,87,Monroe,,1972-09-09 15:23:00,CST,1972-09-09 15:23:00,0,0,0,0,2.5K,0,,F1,Unknown,0.5,50,,,,,24.63,-81.67,,,,,FL,1972-09-09 15:23:00,1972-09-09 15:23:00,False,False
,9998305,Florida,85,Martin,,1972-10-01 15:20:00,CST,1972-10-01 15:20:00,0,0,0,0,.25K,0,,F0,Unknown,0.3,50,,,,,27.0,-80.17,,,,,FL,1972-10-01 16:20:00,1972-10-01 16:20:00,True,True
,9998307,Florida,91,Okaloosa,,1972-10-27 05:30:00,CST,1972-10-27 05:30:00,0,0,0,0,25K,0,,F2,Unknown,0.3,20,,,,,30.83,-86.6,,,,,FL,1972-10-27 06:30:00,1972-10-27 06:30:00,True,True
,9998308,Florida,91,Okaloosa,,1972-10-27 05:45:00,CST,1972-10-27 05:45:00,0,0,0,0,2.5K,0,,F0,Unknown,0.3,20,,,,,30.88,-86.5,,,,,FL,1972-10-27 06:45:00,1972-10-27 06:45:00,True,True
,9998309,Florida,45,Gulf,,1972-10-27 06:10:00,CST,1972-10-27 06:10:00,1,0,0,0,250K,0,,F2,Unknown,1.0,100,,,,,29.78,-85.03,,,,,FL,1972-10-27 07:10:00,1972-10-27 07:10:00,True,True
,9998310,Florida,37,Franklin,,1972-10-27 08:05:00,CST,1972-10-27 08:05:00,0,0,0,0,0K,0,,F0,Unknown,0.3,10,,,,,29.62,-85.0,,,,,FL,1972-10-27 09:05:00,1972-10-27 09:05:00,True,True
,9998311,Florida,77,Liberty,,1972-10-27 09:15:00,CST,1972-10-27 09:15:00,0,0,0,0,.03K,0,,F0,Unknown,0.3,10,,,,,30.4,-84.8,,,,,FL,1972-10-27 10:15:00,1972-10-27 10:15:00,True,True
,9998312,Florida,39,Gadsden,,1972-10-27 11:30:00,CST,1972-10-27 11:30:00,0,0,0,0,25K,0,,F2,Unknown,0.3,50,,,,,30.6,-84.6,,,,,FL,1972-10-27 12:30:00,1972-10-27 12:30:00,True,True
,9998313,Florida,39,Gadsden,,1972-10-27 11:30:00,CST,1972-10-27 11:30:00,0,0,0,0,25K,0,,F2,Unknown,0.3,50,,,,,30.62,-84.62,,,,,FL,1972-10-27 12:30:00,1972-10-27 12:30:00,True,True
,9998275,Florida,127,Volusia,,1972-06-19 02:50:00,CST,1972-06-19 02:50:00,0,0,0,0,25K,0,,F1,Unknown,0.1,100,,,,,28.75,-81.08,,,,,FL,1972-06-19 03:50:00,1972-06-19 03:50:00,True,True
,9998276,Florida,33,Escambia,,1972-06-25 14:45:00,CST,1972-06-25 14:45:00,0,0,0,0,.03K,0,,F0,Unknown,0.3,20,,,,,30.98,-87.27,,,,,FL,1972-06-25 15:45:00,1972-06-25 15:45:00,True,True
,9998280,Florida,59,Holmes,,1972-06-25 15:10:00,CST,1972-06-25 15:10:00,2,0,1,0,2.5K,0,,F2,Unknown,0.5,27,,,,,30.97,-85.6,,,,,FL,1972-06-25 16:10:00,1972-06-25 16:10:00,True,True
,9998282,Florida,39,Gadsden,,1972-06-25 15:45:00,CST,1972-06-25 15:45:00,0,0,0,0,2.5K,0,,F1,Unknown,0.3,20,,,,,30.62,-84.67,,,,,FL,1972-06-25 16:45:00,1972-06-25 16:45:00,True,True
,9998286,Florida,39,Gadsden,,1972-06-25 16:55:00,CST,1972-06-25 16:55:00,0,0,0,0,2.5K,0,,F1,Unknown,0.5,100,,,,,30.53,-84.77,,,,,FL,1972-06-25 17:55:00,1972-06-25 17:55:00,True,True
,10135264,Texas,5,Angelina,,1972-11-13 02:45:00,CST,1972-11-13 02:45:00,0,0,2,0,250K,0,,F2,Unknown,3.3,100,,,,,31.05,-94.42,31.08,-94.38,,,TX,1972-11-13 02:45:00,1972-11-13 02:45:00,False,False
,10135265,Texas,403,Sabine,,1972-11-13 04:00:00,CST,1972-11-13 04:00:00,0,0,0,0,25K,0,,F1,Unknown,2.0,50,,,,,31.2,-93.63,,,,,TX,1972-11-13 04:00:00,1972-11-13 04:00:00,False,False
,10136123,Texas,245,Jefferson,,1972-11-13 05:25:00,CST,1972-11-13 05:25:00,0,0,0,0,2.5M,0,,F2,Unknown,2.3,50,,,,,29.85,-93.97,,,,,TX,1972-11-13 05:25:00,1972-11-13 05:25:00,False,False
,10136052,Texas,393,Roberts,,1972-04-29 16:35:00,CST,1972-04-29 16:35:00,0,0,0,0,25K,0,,F1,Unknown,0.1,50,,,,,35.67,-100.72,,,,,TX,1972-04-29 16:35:00,1972-04-29 16:35:00,False,False
,10136054,Texas,87,Collingsworth,,1972-04-29 19:30:00,CST,1972-04-29 19:30:00,0,0,0,0,250K,0,,F1,Unknown,11.1,880,,,,,35.08,-100.33,35.17,-100.17,,,TX,1972-04-29 19:30:00,1972-04-29 19:30:00,False,False
,9999159,Florida,37,Franklin,,1972-10-27 12:10:00,CST,1972-10-27 12:10:00,0,0,0,0,250K,0,,F2,Unknown,0.3,20,,,,,29.92,-84.33,,,,,FL,1972-10-27 13:10:00,1972-10-27 13:10:00,True,True
,9999160,Florida,65,Jefferson,,1972-10-27 14:00:00,CST,1972-10-27 14:00:00,1,0,0,0,25K,0,,F1,Unknown,0.3,50,,,,,30.57,-83.75,,,,,FL,1972-10-27 15:00:00,1972-10-27 15:00:00,True,True
,9999161,Florida,123,Taylor,,1972-10-27 14:50:00,CST,1972-10-27 14:50:00,1,0,0,0,250K,0,,F2,Unknown,3.4,50,,,,,29.82,-83.58,29.77,-83.58,,,FL,1972-10-27 15:50:00,1972-10-27 15:50:00,True,True
,9998251,Florida,13,Calhoun,,1972-05-08 09:15:00,CST,1972-05-08 09:15:00,0,0,0,0,25K,0,,F2,Unknown,0.3,27,,,,,30.57,-85.0,,,,,FL,1972-05-08 10:15:00,1972-05-08 10:15:00,True,True
,9998252,Florida,127,Volusia,,1972-05-20 13:00:00,CST,1972-05-20 13:00:00,0,0,0,0,25K,0,,F2,Unknown,1.0,23,,,,,29.07,-81.3,,,,,FL,1972-05-20 14:00:00,1972-05-20 14:00:00,True,True
,9998260,Florida,115,Sarasota,,1972-06-11 15:15:00,CST,1972-06-11 15:15:00,0,0,0,0,0K,0,,F0,Unknown,0.3,10,,,,,27.33,-82.5,,,,,FL,1972-06-11 16:15:00,1972-06-11 16:15:00,True,True
,9998261,Florida,87,Monroe,,1972-06-18 00:15:00,CST,1972-06-18 00:15:00,40,0,0,0,250K,0,,F2,Unknown,1.0,100,,,,,24.62,-81.68,,,,,FL,1972-06-18 00:15:00,1972-06-18 00:15:00,False,False
,9998262,Florida,87,Monroe,,1972-06-18 01:00:00,CST,1972-06-18 01:00:00,0,0,0,0,250K,0,,F2,Unknown,1.5,50,,,,,24.57,-81.8,,,,,FL,1972-06-18 01:00:00,1972-06-18 01:00:00,False,False
,9998263,Florida,87,Monroe,,1972-06-18 04:00:00,CST,1972-06-18 04:00:00,0,0,0,0,25K,0,,F1,Unknown,2.0,20,,,,,24.83,-80.88,,,,,FL,1972-06-18 04:00:00,1972-06-18 04:00:00,False,False
,9998264,Florida,93,Okeechobee,,1972-06-18 11:55:00,CST,1972-06-18 11:55:00,2,0,0,0,25K,0,,F1,Unknown,1.0,50,,,,,27.43,-81.0,,,,,FL,1972-06-18 12:55:00,1972-06-18 12:55:00,True,True
,9998265,Florida,71,Lee,,1972-06-18 12:38:00,CST,1972-06-18 12:38:00,0,0,0,0,25K,0,,F2,Unknown,0.3,30,,,,,26.43,-82.12,,,,,FL,1972-06-18 13:38:00,1972-06-18 13:38:00,True,True
,9998266,Florida,71,Lee,,1972-06-18 13:00:00,CST,1972-06-18 13:00:00,0,0,0,0,25K,0,,F2,Unknown,2.0,50,,,,,26.62,-82.17,,,,,FL,1972-06-18 14:00:00,1972-06-18 14:00:00,True,True
,9998267,Florida,105,Polk,,1972-06-18 13:10:00,CST,1972-06-18 13:10:00,3,0,0,0,25K,0,,F1,Unknown,0.3,50,,,,,28.13,-81.7,,,,,FL,1972-06-18 14:10:00,1972-06-18 14:10:00,True,True
,9998268,Florida,71,Lee,,1972-06-18 14:00:00,CST,1972-06-18 14:00:00,0,0,0,0,250K,0,,F2,Unknown,0.5,20,,,,,26.62,-81.63,,,,,FL,1972-06-18 15:00:00,1972-06-18 15:00:00,True,True
,9998269,Florida,101,Pasco,,1972-06-18 15:40:00,CST,1972-06-18 15:40:00,4,0,0,0,25K,0,,F1,Unknown,0.2,50,,,,,28.2,-82.17,,,,,FL,1972-06-18 16:40:00,1972-06-18 16:40:00,True,True
,10136064,Texas,27,Bell,,1972-05-01 18:15:00,CST,1972-05-01 18:15:00,0,0,0,0,25K,0,,F1,Unknown,0.1,7,,,,,31.1,-97.33,,,,,TX,1972-05-01 19:15:00,1972-05-01 19:15:00,True,True
,10029813,Louisiana,19,Calcasieu,,1972-07-11 15:45:00,CST,1972-07-11 15:45:00,0,0,0,0,25K,0,,F1,Unknown,0.2,33,,,,,30.22,-93.12,,,,,LA,1972-07-11 16:45:00,1972-07-11 16:45:00,True,True
,10132917,Texas,245,Jefferson,,1972-05-12 07:23:00,CST,1972-05-12 07:23:00,2,0,0,0,250K,0,,F2,Unknown,19.9,30,,,,,29.92,-94.25,29.92,-93.92,,,TX,1972-05-12 08:23:00,1972-05-12 08:23:00,True,True
,10133388,Texas,29,Bexar,,1972-03-15 17:30:00,CST,1972-03-15 17:30:00,0,0,0,0,25K,0,,F1,Unknown,0.1,3,,,,,29.58,-98.32,,,,,TX,1972-03-15 17:30:00,1972-03-15 17:30:00,False,False
,10133391,Texas,321,Matagorda,,1972-03-20 14:00:00,CST,1972-03-20 14:00:00,0,0,0,0,25K,0,,F1,Unknown,0.1,7,,,,,28.95,-95.95,,,,,TX,1972-03-20 14:00:00,1972-03-20 14:00:00,False,False
,10133392,Texas,285,Lavaca,,1972-03-20 15:00:00,CST,1972-03-20 15:00:00,0,0,0,0,2.5K,0,,F1,Unknown,0.2,20,,,,,29.33,-96.78,,,,,TX,1972-03-20 15:00:00,1972-03-20 15:00:00,False,False
,10133393,Texas,201,Harris,,1972-03-20 15:00:00,CST,1972-03-20 15:00:00,0,0,0,0,25K,0,,F1,Unknown,0.1,10,,,,,29.83,-95.42,,,,,TX,1972-03-20 15:00:00,1972-03-20 15:00:00,False,False
,10133394,Texas,481,Wharton,,1972-03-20 15:15:00,CST,1972-03-20 15:15:00,0,0,0,0,25K,0,,F2,Unknown,0.5,50,,,,,29.33,-96.08,,,,,TX,1972-03-20 15:15:00,1972-03-20 15:15:00,False,False
,10133395,Texas,157,Fort Bend,,1972-03-20 15:35:00,CST,1972-03-20 15:35:00,0,0,0,0,25K,0,,F1,Unknown,18.9,100,,,,,29.57,-95.82,29.75,-95.58,,,TX,1972-03-20 15:35:00,1972-03-20 15:35:00,False,False
,10133396,Texas,285,Lavaca,,1972-03-20 16:30:00,CST,1972-03-20 16:30:00,0,0,0,0,25K,0,,F2,Unknown,4.5,50,,,,,29.43,-96.93,29.43,-96.87,,,TX,1972-03-20 16:30:00,1972-03-20 16:30:00,False,False
,10133397,Texas,201,Harris,,1972-03-20 17:00:00,CST,1972-03-20 17:00:00,0,0,0,0,0K,0,,F1,Unknown,0.1,7,,,,,29.75,-95.35,,,,,TX,1972-03-20 17:00:00,1972-03-20 17:00:00,False,False
,10133398,Texas,201,Harris,,1972-03-20 18:45:00,CST,1972-03-20 18:45:00,0,0,0,0,0K,0,,F0,Unknown,0.1,7,,,,,29.75,-95.35,,,,,TX,1972-03-20 18:45:00,1972-03-20 18:45:00,False,False
,10133399,Texas,291,Liberty,,1972-03-20 20:20:00,CST,1972-03-20 20:20:00,0,0,0,0,0K,0,,F0,Unknown,0.2,33,,,,,30.05,-94.98,,,,,TX,1972-03-20 20:20:00,1972-03-20 20:20:00,False,False
,10133400,Texas,291,Liberty,,1972-03-20 20:20:00,CST,1972-03-20 20:20:00,2,0,0,0,0K,0,,F1,Unknown,0.2,33,,,,,30.05,-95.08,,,,,TX,1972-03-20 20:20:00,1972-03-20 20:20:00,False,False
,10133401,Texas,321,Matagorda,,1972-03-20 21:15:00,CST,1972-03-20 21:15:00,0,0,0,0,25K,0,,F1,Unknown,0.1,7,,,,,28.95,-96.08,,,,,TX,1972-03-20 21:15:00,1972-03-20 21:15:00,False,False
,9998270,Florida,99,Palm Beach,,1972-06-18 16:40:00,CST,1972-06-18 16:40:00,0,0,0,0,25K,0,,F1,Unknown,0.3,50,,,,,26.8,-80.1,,,,,FL,1972-06-18 17:40:00,1972-06-18 17:40:00,True,True
,9998271,Florida,55,Highlands,,1972-06-18 16:45:00,CST,1972-06-18 16:45:00,0,0,0,0,.03K,0,,F0,Unknown,1.0,20,,,,,27.22,-80.97,,,,,FL,1972-06-18 17:45:00,1972-06-18 17:45:00,True,True
,9998272,Florida,9,Brevard,,1972-06-18 17:46:00,CST,1972-06-18 17:46:00,11,0,0,0,250K,0,,F2,Unknown,2.0,100,,,,,28.0,-80.57,,,,,FL,1972-06-18 18:46:00,1972-06-18 18:46:00,True,True
,9998273,Florida,9,Brevard,,1972-06-19 01:35:00,CST,1972-06-19 01:35:00,0,0,0,0,2.5M,0,,F3,Unknown,4.9,100,,,,,28.37,-80.67,28.43,-80.68,,,FL,1972-06-19 02:35:00,1972-06-19 02:35:00,True,True
,9998274,Florida,9,Brevard,,1972-06-19 02:00:00,CST,1972-06-19 02:00:00,23,0,0,0,2.5M,0,,F3,Unknown,3.8,100,,,,,28.47,-80.53,28.52,-80.55,,,FL,1972-06-19 03:00:00,1972-06-19 03:00:00,True,True
,10132695,Texas,157,Fort Bend,,1972-05-12 04:43:00,CST,1972-05-12 04:43:00,1,0,0,0,250K,0,,F1,Unknown,1.9,50,,,,,29.5,-95.43,29.52,-95.42,,,TX,1972-05-12 05:43:00,1972-05-12 05:43:00,True,True
,10132696,Texas,39,Brazoria,,1972-05-12 04:45:00,CST,1972-05-12 04:45:00,1,0,0,0,0K,0,,F1,Unknown,0.1,20,,,,,29.55,-95.3,,,,,TX,1972-05-12 05:45:00,1972-05-12 05:45:00,True,True
,10132697,Texas,201,Harris,,1972-05-12 04:45:00,CST,1972-05-12 04:45:00,7,0,0,0,0K,0,,F1,Unknown,4.5,20,,,,,29.62,-95.18,29.62,-95.12,,,TX,1972-05-12 05:45:00,1972-05-12 05:45:00,True,True
,10132698,Texas,167,Galveston,,1972-05-12 04:45:00,CST,1972-05-12 04:45:00,2,0,0,0,25K,0,,F1,Unknown,1.0,10,,,,,29.5,-95.23,,,,,TX,1972-05-12 05:45:00,1972-05-12 05:45:00,True,True
,10132699,Texas,39,Brazoria,,1972-05-12 04:46:00,CST,1972-05-12 04:46:00,6,0,0,0,250K,0,,F1,Unknown,3.0,50,,,,,29.52,-95.42,29.53,-95.38,,,TX,1972-05-12 05:46:00,1972-05-12 05:46:00,True,True
,10132701,Texas,201,Harris,,1972-05-12 05:30:00,CST,1972-05-12 05:30:00,0,0,0,0,250K,0,,F1,Unknown,0.3,10,,,,,29.73,-95.0,,,,,TX,1972-05-12 06:30:00,1972-05-12 06:30:00,True,True
,9995656,Georgia,235,Pulaski,,1972-04-22 11:00:00,CST,1972-04-22 11:00:00,0,0,0,0,25K,0,,F1,Unknown,1.0,100,,,,,32.23,-83.53,,,,,GA,1972-04-22 11:00:00,1972-04-22 11:00:00,False,False
,9995660,Georgia,205,Mitchell,,1972-05-08 14:35:00,CST,1972-05-08 14:35:00,0,0,0,0,2.5K,0,,F0,Unknown,0.5,50,,,,,31.23,-84.22,,,,,GA,1972-05-08 15:35:00,1972-05-08 15:35:00,True,True
,9995664,Georgia,229,Pierce,,1972-06-19 12:55:00,CST,1972-06-19 12:55:00,1,0,0,0,25K,0,,F1,Unknown,1.0,50,,,,,31.25,-82.25,,,,,GA,1972-06-19 13:55:00,1972-06-19 13:55:00,True,True
,9995665,Georgia,69,Coffee,,1972-06-19 14:00:00,CST,1972-06-19 14:00:00,0,0,0,0,250K,0,,F2,Unknown,1.5,50,,,,,31.48,-82.87,,,,,GA,1972-06-19 15:00:00,1972-06-19 15:00:00,True,True
,9995666,Georgia,261,Sumter,,1972-06-25 11:00:00,CST,1972-06-25 11:00:00,0,0,0,0,2.5K,0,,F1,Unknown,0.5,40,,,,,31.95,-84.0,,,,,GA,1972-06-25 12:00:00,1972-06-25 12:00:00,True,True
,9995667,Georgia,87,Decatur,,1972-06-25 16:30:00,CST,1972-06-25 16:30:00,0,0,0,0,25K,0,,F1,Unknown,0.5,50,,,,,31.02,-84.45,,,,,GA,1972-06-25 17:30:00,1972-06-25 17:30:00,True,True
,9995669,Georgia,79,Crawford,,1972-06-27 07:30:00,CST,1972-06-27 07:30:00,0,0,0,0,2.5K,0,,F1,Unknown,0.0,33,,,,,32.72,-84.12,,,,,GA,1972-06-27 08:30:00,1972-06-27 08:30:00,True,True
,9995671,Georgia,143,Haralson,,1972-06-27 08:00:00,CST,1972-06-27 08:00:00,0,0,0,0,25K,0,,F1,Unknown,0.5,50,,,,,33.82,-85.18,,,,,GA,1972-06-27 09:00:00,1972-06-27 09:00:00,True,True
,9995673,Georgia,235,Pulaski,,1972-06-27 13:00:00,CST,1972-06-27 13:00:00,0,0,0,0,2.5K,0,,F0,Unknown,0.3,50,,,,,32.23,-83.4,,,,,GA,1972-06-27 14:00:00,1972-06-27 14:00:00,True,True
,9995675,Georgia,75,Cook,,1972-06-27 14:30:00,CST,1972-06-27 14:30:00,1,0,0,0,25K,0,,F1,Unknown,0.3,30,,,,,31.12,-83.53,,,,,GA,1972-06-27 15:30:00,1972-06-27 15:30:00,True,True
,10032021,Louisiana,121,West Baton Rouge,,1972-02-29 22:15:00,CST,1972-02-29 22:15:00,3,0,0,0,250K,0,,F3,Unknown,1.0,200,,,,,30.53,-91.38,,,,,LA,1972-02-29 22:15:00,1972-02-29 22:15:00,False,False
,9995677,Georgia,185,Lowndes,,1972-06-27 15:00:00,CST,1972-06-27 15:00:00,0,0,0,0,25K,0,,F0,Unknown,0.5,50,,,,,30.98,-83.37,,,,,GA,1972-06-27 16:00:00,1972-06-27 16:00:00,True,True
,9995682,Georgia,67,Cobb,,1972-08-07 19:00:00,CST,1972-08-07 19:00:00,0,0,0,0,.25K,0,,F0,Unknown,3.0,20,,,,,33.88,-84.55,33.88,-84.5,,,GA,1972-08-07 20:00:00,1972-08-07 20:00:00,True,True
,9995686,Georgia,87,Decatur,,1972-10-27 11:30:00,CST,1972-10-27 11:30:00,0,0,0,0,25K,0,,F1,Unknown,4.1,100,,,,,31.03,-84.68,31.05,-84.62,,,GA,1972-10-27 12:30:00,1972-10-27 12:30:00,True,True
,10135215,Texas,171,Gillespie,,1972-08-23 14:30:00,CST,1972-08-23 14:30:00,0,0,0,0,0K,0,,F0,Unknown,0.1,10,,,,,30.3,-99.27,,,,,TX,1972-08-23 15:30:00,1972-08-23 15:30:00,True,True
,10135216,Texas,31,Blanco,,1972-08-23 15:45:00,CST,1972-08-23 15:45:00,0,0,0,0,2.5K,0,,F0,Unknown,0.1,10,,,,,30.27,-98.42,,,,,TX,1972-08-23 16:45:00,1972-08-23 16:45:00,True,True
,10135219,Texas,241,Jasper,,1972-09-04 20:05:00,CST,1972-09-04 20:05:00,0,0,0,0,.25K,0,,F0,Unknown,0.3,10,,,,,30.67,-94.0,,,,,TX,1972-09-04 21:05:00,1972-09-04 21:05:00,True,True
,10135220,Texas,245,Jefferson,,1972-09-05 17:20:00,CST,1972-09-05 17:20:00,0,0,0,0,0K,0,,F1,Unknown,4.3,23,,,,,29.85,-94.0,29.8,-94.03,,,TX,1972-09-05 18:20:00,1972-09-05 18:20:00,True,True
,10135224,Texas,57,Calhoun,,1972-09-22 09:56:00,CST,1972-09-22 09:56:00,0,0,0,0,0K,0,,F0,Unknown,0.3,10,,,,,28.32,-96.48,,,,,TX,1972-09-22 10:56:00,1972-09-22 10:56:00,True,True
,10135225,Texas,57,Calhoun,,1972-09-22 10:50:00,CST,1972-09-22 10:50:00,0,0,0,0,0K,0,,F0,Unknown,0.3,10,,,,,28.7,-96.67,,,,,TX,1972-09-22 11:50:00,1972-09-22 11:50:00,True,True
,10135226,Texas,57,Calhoun,,1972-09-22 10:50:00,CST,1972-09-22 10:50:00,0,0,0,0,0K,0,,F0,Unknown,0.3,10,,,,,28.7,-96.67,,,,,TX,1972-09-22 11:50:00,1972-09-22 11:50:00,True,True
,10135227,Texas,29,Bexar,,1972-09-26 16:00:00,CST,1972-09-26 16:00:00,0,0,0,0,2.5K,0,,F1,Unknown,0.1,7,,,,,29.4,-98.47,,,,,TX,1972-09-26 17:00:00,1972-09-26 17:00:00,True,True
,10135229,Texas,439,Tarrant,,1972-09-26 20:14:00,CST,1972-09-26 20:14:00,1,0,0,0,250K,0,,F1,Unknown,0.5,440,,,,,32.87,-97.37,,,,,TX,1972-09-26 21:14:00,1972-09-26 21:14:00,True,True
,10135230,Texas,439,Tarrant,,1972-09-29 14:45:00,CST,1972-09-29 14:45:00,0,0,0,0,25K,0,,F1,Unknown,0.1,13,,,,,32.73,-97.12,,,,,TX,1972-09-29 15:45:00,1972-09-29 15:45:00,True,True
,10135236,Texas,491,Williamson,,1972-10-21 20:30:00,CDT,1972-10-21 20:30:00,0,0,0,0,25K,0,,F1,Unknown,0.3,200,,,,,30.63,-97.68,,,,,TX,1972-10-21 21:30:00,1972-10-21 21:30:00,True,True
,10006809,Illinois,97,Lake,,1972-09-28 17:55:00,CST,1972-09-28 17:55:00,20,0,0,0,2.5M,0,,F4,Unknown,5.2,220,,,,,42.28,-87.87,42.37,-87.83,,,IL,1972-09-28 18:55:00,1972-09-28 18:55:00,True,True
,10032028,Louisiana,53,Jefferson Davis,,1972-03-15 16:15:00,CST,1972-03-15 16:15:00,0,0,0,0,.25K,0,,F1,Unknown,0.2,50,,,,,30.23,-92.6,,,,,LA,1972-03-15 16:15:00,1972-03-15 16:15:00,False,False
,10032030,Louisiana,51,Jefferson,,1972-03-16 02:20:00,CST,1972-03-16 02:20:00,2,0,0,0,250K,0,,F2,Unknown,0.5,67,,,,,30.03,-90.23,,,,,LA,1972-03-16 02:20:00,1972-03-16 02:20:00,False,False
,10145928,Wisconsin,71,Manitowoc,,1972-08-21 15:10:00,CST,1972-08-21 15:10:00,0,0,0,0,25K,0,,F1,Unknown,12.1,50,,,,,44.22,-87.75,44.22,-87.5,,,WI,1972-08-21 16:10:00,1972-08-21 16:10:00,True,True
,10145929,Wisconsin,41,Forest,,1972-09-16 16:05:00,CST,1972-09-16 16:05:00,0,0,0,0,250K,0,,F2,Unknown,53.1,200,,,,,45.45,-88.75,45.33,-87.67,,,WI,1972-09-16 17:05:00,1972-09-16 17:05:00,True,True
,10145934,Wisconsin,99,Price,,1972-09-20 13:40:00,CST,1972-09-20 13:40:00,0,0,0,0,25K,0,,F2,Unknown,13.1,100,,,,,45.67,-90.45,45.75,-90.2,,,WI,1972-09-20 14:40:00,1972-09-20 14:40:00,True,True
,10145935,Wisconsin,65,Lafayette,,1972-09-20 13:58:00,CST,1972-09-20 13:58:00,0,0,0,0,25K,0,,F1,Unknown,1.0,100,,,,,42.55,-90.22,,,,,WI,1972-09-20 14:58:00,1972-09-20 14:58:00,True,True
,10135237,Texas,309,Mclennan,,1972-10-21 22:00:00,CDT,1972-10-21 22:00:00,0,0,0,0,2.5K,0,,F1,Unknown,0.1,67,,,,,31.43,-97.28,,,,,TX,1972-10-21 22:00:00,1972-10-21 22:00:00,False,False
,10135238,Texas,27,Bell,,1972-10-21 22:00:00,CDT,1972-10-21 22:00:00,0,0,0,0,25K,0,,F2,Unknown,5.4,100,,,,,31.25,-97.4,31.3,-97.33,,,TX,1972-10-21 23:00:00,1972-10-21 23:00:00,True,True
,10145937,Wisconsin,27,Dodge,,1972-09-20 14:30:00,CST,1972-09-20 14:30:00,0,0,0,0,250K,0,,F1,Unknown,2.0,50,,,,,43.77,-90.05,,,,,WI,1972-09-20 15:30:00,1972-09-20 15:30:00,True,True
,10145938,Wisconsin,25,Dane,,1972-09-20 15:10:00,CST,1972-09-20 15:10:00,0,0,0,0,25K,0,,F1,Unknown,0.5,50,,,,,43.27,-89.62,,,,,WI,1972-09-20 16:10:00,1972-09-20 16:10:00,True,True
,10145939,Wisconsin,47,Green Lake,,1972-09-20 15:30:00,CST,1972-09-20 15:30:00,0,0,0,0,25K,0,,F1,Unknown,3.3,50,,,,,43.85,-89.08,43.87,-89.0,,,WI,1972-09-20 16:30:00,1972-09-20 16:30:00,True,True
,10145941,Wisconsin,43,Grant,,1972-09-28 15:30:00,CST,1972-09-28 15:30:00,0,0,0,0,2.5K,0,,F1,Unknown,0.0,50,,,,,42.53,-90.43,42.55,-90.4,,,WI,1972-09-28 16:30:00,1972-09-28 16:30:00,True,True
,10145942,Wisconsin,45,Green,,1972-09-28 16:30:00,CST,1972-09-28 16:30:00,0,0,0,0,250K,0,,F1,Unknown,2.2,27,,,,,42.6,-89.63,,,,,WI,1972-09-28 17:30:00,1972-09-28 17:30:00,True,True
,10145943,Wisconsin,127,Walworth,,1972-09-28 17:40:00,CST,1972-09-28 17:40:00,0,0,0,0,250K,0,,F2,Unknown,1.5,50,,,,,42.77,-88.42,,,,,WI,1972-09-28 18:40:00,1972-09-28 18:40:00,True,True
,10145944,Wisconsin,101,Racine,,1972-09-28 17:55:00,CST,1972-09-28 17:55:00,0,0,0,0,25K,0,,F2,Unknown,1.0,50,,,,,42.8,-88.15,,,,,WI,1972-09-28 18:55:00,1972-09-28 18:55:00,True,True
,10136302,Texas,323,Maverick,,1972-05-06 20:00:00,CST,1972-05-06 20:00:00,2,0,0,0,250K,0,,F2,Unknown,6.5,17,,,,,28.92,-100.62,28.95,-100.52,,,TX,1972-05-06 21:00:00,1972-05-06 21:00:00,True,True
,10136305,Texas,177,Gonzales,,1972-05-07 02:20:00,CST,1972-05-07 02:20:00,0,0,0,0,25K,0,,F1,Unknown,0.2,20,,,,,29.42,-97.62,,,,,TX,1972-05-07 03:20:00,1972-05-07 03:20:00,True,True
,10136307,Texas,57,Calhoun,,1972-05-07 06:10:00,CST,1972-05-07 06:10:00,1,0,0,0,25K,0,,F2,Unknown,0.1,10,,,,,28.62,-96.62,,,,,TX,1972-05-07 07:10:00,1972-05-07 07:10:00,True,True
,10136308,Texas,239,Jackson,,1972-05-07 07:27:00,CST,1972-05-07 07:27:00,0,0,0,0,25K,0,,F1,Unknown,0.3,20,,,,,28.85,-96.62,,,,,TX,1972-05-07 08:27:00,1972-05-07 08:27:00,True,True
,10136309,Texas,177,Gonzales,,1972-05-07 09:00:00,CST,1972-05-07 09:00:00,0,0,0,0,2.5K,0,,F1,Unknown,0.3,20,,,,,29.27,-97.72,,,,,TX,1972-05-07 10:00:00,1972-05-07 10:00:00,True,True
,10136314,Texas,17,Bailey,,1972-05-09 18:13:00,CST,1972-05-09 18:13:00,0,0,0,0,25K,0,,F1,Unknown,0.1,10,,,,,34.2,-102.73,,,,,TX,1972-05-09 19:13:00,1972-05-09 19:13:00,True,True
,10132967,Texas,257,Kaufman,,1972-05-29 19:30:00,CST,1972-05-29 19:30:00,2,0,0,0,25K,0,,F1,Unknown,0.1,10,,,,,32.35,-96.12,,,,,TX,1972-05-29 20:30:00,1972-05-29 20:30:00,True,True
,10132968,Texas,355,Nueces,,1972-06-02 01:35:00,CST,1972-06-02 01:35:00,1,0,0,0,2.5K,0,,F1,Unknown,0.1,17,,,,,27.65,-97.28,,,,,TX,1972-06-02 02:35:00,1972-06-02 02:35:00,True,True
,10132918,Texas,39,Brazoria,,1972-05-12 12:15:00,CST,1972-05-12 12:15:00,0,0,0,0,2.5K,0,,F1,Unknown,0.3,10,,,,,29.4,-95.23,,,,,TX,1972-05-12 13:15:00,1972-05-12 13:15:00,True,True
,10136315,Texas,279,Lamb,,1972-05-09 19:15:00,CST,1972-05-09 19:15:00,0,0,0,0,0K,0,,F1,Unknown,0.3,20,,,,,34.32,-102.42,,,,,TX,1972-05-09 20:15:00,1972-05-09 20:15:00,True,True
,10136316,Texas,381,Randall,,1972-05-09 20:04:00,CST,1972-05-09 20:04:00,0,0,0,0,0K,0,,F1,Unknown,0.5,20,,,,,35.13,-101.83,,,,,TX,1972-05-09 21:04:00,1972-05-09 21:04:00,True,True
,10136317,Texas,397,Rockwall,,1972-05-10 03:00:00,CST,1972-05-10 03:00:00,0,0,0,0,25K,0,,F1,Unknown,0.5,50,,,,,31.93,-99.97,,,,,TX,1972-05-10 04:00:00,1972-05-10 04:00:00,True,True
,10136320,Texas,469,Victoria,,1972-05-10 05:05:00,CST,1972-05-10 05:05:00,0,0,0,0,2.5K,0,,F1,Unknown,0.3,33,,,,,28.8,-97.0,,,,,TX,1972-05-10 06:05:00,1972-05-10 06:05:00,True,True
,10136324,Texas,205,Hartley,,1972-05-10 16:25:00,CST,1972-05-10 16:25:00,0,0,0,0,0K,0,,F1,Unknown,0.0,33,,,,,35.93,-102.75,,,,,TX,1972-05-10 17:25:00,1972-05-10 17:25:00,True,True
,10136325,Texas,205,Hartley,,1972-05-10 16:25:00,CST,1972-05-10 16:25:00,0,0,0,0,0K,0,,F1,Unknown,0.0,33,,,,,36.07,-102.55,,,,,TX,1972-05-10 17:25:00,1972-05-10 17:25:00,True,True
,10136286,Texas,61,Cameron,,1972-05-02 16:10:00,CST,1972-05-02 16:10:00,0,0,0,0,0K,0,,F0,Unknown,0.1,17,,,,,26.07,-97.42,,,,,TX,1972-05-02 17:10:00,1972-05-02 17:10:00,True,True
,10136281,Texas,507,Zavala,,1972-05-01 18:30:00,CST,1972-05-01 18:30:00,0,0,0,0,2.5K,0,,F1,Unknown,0.3,7,,,,,28.95,-99.83,,,,,TX,1972-05-01 19:30:00,1972-05-01 19:30:00,True,True
,10136334,Texas,111,Dallam,,1972-05-10 19:45:00,CST,1972-05-10 19:45:00,0,0,0,0,250K,0,,F2,Unknown,1.0,100,,,,,36.23,-102.23,,,,,TX,1972-05-10 20:45:00,1972-05-10 20:45:00,True,True
,10136335,Texas,111,Dallam,,1972-05-10 19:45:00,CST,1972-05-10 19:45:00,0,0,0,0,0K,0,,F2,Unknown,1.0,100,,,,,36.25,-102.23,,,,,TX,1972-05-10 20:45:00,1972-05-10 20:45:00,True,True
,10029593,Louisiana,105,Tangipahoa,,1972-05-12 11:15:00,CST,1972-05-12 11:15:00,0,0,0,0,250K,0,,F2,Unknown,2.0,100,,,,,30.75,-90.42,,,,,LA,1972-05-12 12:15:00,1972-05-12 12:15:00,True,True
,10146484,Washington,11,Clark,,1972-04-05 14:50:00,CST,1972-04-05 14:50:00,300,0,6,0,25M,0,,F3,Unknown,8.7,440,,,,,45.6,-122.63,45.63,-122.45,,,WA,1972-04-05 14:50:00,1972-04-05 14:50:00,False,False
,10146485,Washington,25,Grant,,1972-04-05 18:30:00,CST,1972-04-05 18:30:00,0,0,0,0,25K,0,,F2,Unknown,0.0,33,,,,,47.7,-119.1,,,,,WA,1972-04-05 18:30:00,1972-04-05 18:30:00,False,False
,10146486,Washington,43,Lincoln,,1972-04-05 19:30:00,CST,1972-04-05 19:30:00,1,0,0,0,250K,0,,F3,Unknown,0.0,83,,,,,47.75,-118.52,47.77,-118.47,,,WA,1972-04-05 19:30:00,1972-04-05 19:30:00,False,False
,10146487,Washington,65,Stevens,,1972-04-05 20:00:00,CST,1972-04-05 20:00:00,0,0,0,0,25K,0,,F2,Unknown,1.0,100,,,,,48.6,-118.1,,,,,WA,1972-04-05 20:00:00,1972-04-05 20:00:00,False,False
,10134084,Texas,135,Ector,,1972-06-29 16:15:00,CST,1972-06-29 16:15:00,0,0,0,0,0K,0,,F0,Unknown,0.1,10,,,,,31.85,-102.37,,,,,TX,1972-06-29 17:15:00,1972-06-29 17:15:00,True,True
,10134088,Texas,303,Lubbock,,1972-07-01 22:15:00,CST,1972-07-01 22:15:00,0,0,0,0,0K,0,,F0,Unknown,0.3,50,,,,,33.58,-101.83,,,,,TX,1972-07-01 23:15:00,1972-07-01 23:15:00,True,True
,10134089,Texas,303,Lubbock,,1972-07-01 22:15:00,CST,1972-07-01 22:15:00,0,0,0,0,0K,0,,F1,Unknown,0.3,50,,,,,33.43,-102.03,,,,,TX,1972-07-01 23:15:00,1972-07-01 23:15:00,True,True
,10134090,Texas,117,Deaf Smith,,1972-07-02 20:30:00,CST,1972-07-02 20:30:00,0,0,0,0,0K,0,,F1,Unknown,0.3,50,,,,,35.03,-102.67,,,,,TX,1972-07-02 21:30:00,1972-07-02 21:30:00,True,True
,10134091,Texas,189,Hale,,1972-07-02 22:20:00,CST,1972-07-02 22:20:00,0,0,0,0,25K,0,,F0,Unknown,0.5,50,,,,,34.2,-101.87,,,,,TX,1972-07-02 23:20:00,1972-07-02 23:20:00,True,True
,10134072,Texas,117,Deaf Smith,,1972-06-21 20:45:00,CST,1972-06-21 20:45:00,0,0,0,0,0K,0,,F1,Unknown,5.9,20,,,,,34.83,-102.45,34.88,-102.37,,,TX,1972-06-21 21:45:00,1972-06-21 21:45:00,True,True
,10134073,Texas,117,Deaf Smith,,1972-06-21 20:45:00,CST,1972-06-21 20:45:00,0,0,0,0,0K,0,,F1,Unknown,1.0,20,,,,,34.83,-102.35,,,,,TX,1972-06-21 21:45:00,1972-06-21 21:45:00,True,True
,10134074,Texas,375,Potter,,1972-06-21 21:15:00,CST,1972-06-21 21:15:00,5,0,0,0,2.5M,0,,F2,Unknown,4.1,100,,,,,35.2,-101.83,35.2,-101.77,,,TX,1972-06-21 22:15:00,1972-06-21 22:15:00,True,True
,10133846,Texas,195,Hansford,,1972-06-15 16:35:00,CST,1972-06-15 16:35:00,0,0,0,0,0K,0,,F1,Unknown,3.6,20,,,,,36.27,-101.37,36.27,-101.3,,,TX,1972-06-15 17:35:00,1972-06-15 17:35:00,True,True
,9995650,Georgia,67,Cobb,,1972-04-07 21:30:00,CST,1972-04-07 21:30:00,1,0,0,0,250K,0,,F1,Unknown,3.6,300,,,,,33.98,-84.63,34.03,-84.62,,,GA,1972-04-07 21:30:00,1972-04-07 21:30:00,False,False
,9995652,Georgia,211,Morgan,,1972-04-07 21:45:00,CST,1972-04-07 21:45:00,0,0,0,0,25K,0,,F1,Unknown,0.5,50,,,,,33.75,-83.52,,,,,GA,1972-04-07 21:45:00,1972-04-07 21:45:00,False,False
,9995654,Georgia,21,Bibb,,1972-04-07 23:15:00,CST,1972-04-07 23:15:00,0,0,0,0,25K,0,,F1,Unknown,2.7,200,,,,,32.85,-83.65,32.85,-83.62,,,GA,1972-04-07 23:15:00,1972-04-07 23:15:00,False,False
,9995655,Georgia,261,Sumter,,1972-04-22 10:00:00,CST,1972-04-22 10:00:00,0,0,0,0,25K,0,,F1,Unknown,0.5,100,,,,,31.98,-84.23,,,,,GA,1972-04-22 10:00:00,1972-04-22 10:00:00,False,False
,10134104,Texas,57,Calhoun,,1972-07-10 10:09:00,CST,1972-07-10 10:09:00,0,0,0,0,0K,0,,F1,Unknown,0.5,30,,,,,28.67,-96.58,,,,,TX,1972-07-10 11:09:00,1972-07-10 11:09:00,True,True
,10134106,Texas,245,Jefferson,,1972-07-13 12:15:00,CST,1972-07-13 12:15:00,0,0,0,0,0K,0,,F1,Unknown,0.1,20,,,,,30.17,-94.1,,,,,TX,1972-07-13 13:15:00,1972-07-13 13:15:00,True,True
,10135256,Texas,113,Dallas,,1972-11-12 21:50:00,CST,1972-11-12 21:50:00,0,0,0,0,250K,0,,F1,Unknown,0.3,10,,,,,32.63,-96.7,,,,,TX,1972-11-12 21:50:00,1972-11-12 21:50:00,False,False
,10135257,Texas,309,Mclennan,,1972-11-12 21:50:00,CST,1972-11-12 21:50:00,0,0,0,0,250K,0,,F1,Unknown,24.0,100,,,,,31.33,-97.52,31.45,-97.13,,,TX,1972-11-12 21:50:00,1972-11-12 21:50:00,False,False
,10135153,Texas,237,Jack,,1972-04-14 10:00:00,CST,1972-04-14 10:00:00,0,0,0,0,2.5K,0,,F1,Unknown,0.5,10,,,,,33.22,-98.17,,,,,TX,1972-04-14 10:00:00,1972-04-14 10:00:00,False,False
,10135163,Texas,431,Sterling,,1972-04-19 15:48:00,CST,1972-04-19 15:48:00,0,0,0,0,0K,0,,F1,Unknown,0.5,20,,,,,31.83,-100.98,,,,,TX,1972-04-19 15:48:00,1972-04-19 15:48:00,False,False
,10001555,Florida,103,Pinellas,,1972-01-02 13:00:00,CST,1972-01-02 13:00:00,0,0,0,0,2.5K,0,,F0,Unknown,0.5,50,,,,,27.92,-82.83,,,,,FL,1972-01-02 13:00:00,1972-01-02 13:00:00,False,False
,10001556,Florida,33,Escambia,,1972-01-12 21:45:00,CST,1972-01-12 21:45:00,1,0,0,0,25K,0,,F2,Unknown,0.5,50,,,,,30.7,-87.03,,,,,FL,1972-01-12 21:45:00,1972-01-12 21:45:00,False,False
,10001558,Florida,19,Clay,,1972-01-22 16:53:00,CST,1972-01-22 16:53:00,4,0,0,0,2.5K,0,,F2,Unknown,0.3,50,,,,,29.83,-81.67,,,,,FL,1972-01-22 16:53:00,1972-01-22 16:53:00,False,False
,10001559,Florida,81,Manatee,,1972-02-01 16:43:00,CST,1972-02-01 16:43:00,0,0,0,0,250K,0,,F2,Unknown,0.5,100,,,,,27.42,-82.17,,,,,FL,1972-02-01 16:43:00,1972-02-01 16:43:00,False,False
,10001560,Florida,81,Manatee,,1972-02-01 18:30:00,CST,1972-02-01 18:30:00,3,0,0,0,250K,0,,F2,Unknown,3.3,400,,,,,27.42,-82.58,27.45,-82.55,,,FL,1972-02-01 18:30:00,1972-02-01 18:30:00,False,False
,10001561,Florida,95,Orange,,1972-02-03 12:00:00,CST,1972-02-03 12:00:00,0,0,0,0,25K,0,,F1,Unknown,0.2,100,,,,,28.5,-81.42,,,,,FL,1972-02-03 12:00:00,1972-02-03 12:00:00,False,False
,10001563,Florida,117,Seminole,,1972-02-03 12:40:00,CST,1972-02-03 12:40:00,0,0,0,0,25K,0,,F1,Unknown,0.2,300,,,,,28.75,-81.17,,,,,FL,1972-02-03 12:40:00,1972-02-03 12:40:00,False,False
,10001565,Florida,57,Hillsborough,,1972-02-07 09:20:00,CST,1972-02-07 09:20:00,0,0,0,0,25K,0,,F1,Unknown,0.5,250,,,,,27.75,-82.25,,,,,FL,1972-02-07 09:20:00,1972-02-07 09:20:00,False,False
,10135142,Texas,73,Cherokee,,1972-04-03 17:30:00,CST,1972-04-03 17:30:00,0,0,0,0,.25K,0,,F1,Unknown,0.2,7,,,,,31.92,-95.33,,,,,TX,1972-04-03 17:30:00,1972-04-03 17:30:00,False,False
,10132924,Texas,421,Sherman,,1972-05-13 12:15:00,CST,1972-05-13 12:15:00,0,0,0,0,0K,0,,F1,Unknown,0.5,100,,,,,36.33,-102.12,,,,,TX,1972-05-13 13:15:00,1972-05-13 13:15:00,True,True
,10132926,Texas,371,Pecos,,1972-05-13 14:09:00,CST,1972-05-13 14:09:00,0,0,0,0,0K,0,,F1,Unknown,13.5,50,,,,,30.88,-102.93,30.75,-102.77,,,TX,1972-05-13 15:09:00,1972-05-13 15:09:00,True,True
,10007374,Idaho,67,Minidoka,,1972-06-07 16:00:00,CST,1972-06-07 16:00:00,0,0,0,0,0K,0,,F1,Unknown,0.5,17,,,,,42.72,-113.7,,,,,ID,1972-06-07 17:00:00,1972-06-07 17:00:00,True,True
,10007375,Idaho,11,Bingham,,1972-07-27 14:30:00,CST,1972-07-27 14:30:00,0,0,0,0,0K,0,,F1,Unknown,1.0,10,,,,,43.63,-112.63,,,,,ID,1972-07-27 15:30:00,1972-07-27 15:30:00,True,True
,10134110,Texas,279,Lamb,,1972-07-17 21:30:00,CST,1972-07-17 21:30:00,0,0,0,0,0K,0,,F1,Unknown,1.0,100,,,,,34.22,-102.42,,,,,TX,1972-07-17 22:30:00,1972-07-17 22:30:00,True,True
,10134111,Texas,141,El Paso,,1972-07-19 20:20:00,CST,1972-07-19 20:20:00,0,0,0,0,0K,0,,F1,Unknown,2.0,100,,,,,31.95,-106.05,,,,,TX,1972-07-19 21:20:00,1972-07-19 21:20:00,True,True
,10134112,Texas,167,Galveston,,1972-07-22 11:15:00,CST,1972-07-22 11:15:00,0,0,0,0,0K,0,,F0,Unknown,0.1,10,,,,,29.52,-94.47,,,,,TX,1972-07-22 12:15:00,1972-07-22 12:15:00,True,True
,10134113,Texas,245,Jefferson,,1972-07-29 15:00:00,CST,1972-07-29 15:00:00,0,0,0,0,250K,0,,F1,Unknown,2.5,30,,,,,29.95,-93.97,,,,,TX,1972-07-29 16:00:00,1972-07-29 16:00:00,True,True
,10134114,Texas,123,De Witt,,1972-07-30 21:00:00,CST,1972-07-30 21:00:00,0,0,0,0,2.5K,0,,F0,Unknown,0.5,10,,,,,29.12,-97.18,,,,,TX,1972-07-30 21:00:00,1972-07-30 21:00:00,False,False
,10134115,Texas,285,Lavaca,,1972-07-30 21:00:00,CST,1972-07-30 21:00:00,0,0,0,0,2.5K,0,,F1,Unknown,0.3,10,,,,,29.42,-96.97,,,,,TX,1972-07-30 22:00:00,1972-07-30 22:00:00,True,True
,10133373,Texas,167,Galveston,,1972-01-01 15:30:00,CST,1972-01-01 15:30:00,0,0,0,0,25K,0,,F1,Unknown,0.5,50,,,,,29.53,-95.2,,,,,TX,1972-01-01 15:30:00,1972-01-01 15:30:00,False,False
,10133384,Texas,197,Hardeman,,1972-03-14 19:00:00,CST,1972-03-14 19:00:00,0,0,0,0,25K,0,,F1,Unknown,3.0,200,,,,,34.3,-99.75,34.32,-99.7,,,TX,1972-03-14 19:00:00,1972-03-14 19:00:00,False,False
,10133385,Texas,197,Hardeman,,1972-03-14 19:15:00,CST,1972-03-14 19:15:00,0,0,0,0,0K,0,,F1,Unknown,0.0,33,,,,,34.3,-99.7,,,,,TX,1972-03-14 19:15:00,1972-03-14 19:15:00,False,False
,10135139,Texas,5,Angelina,,1972-03-28 16:29:00,CST,1972-03-28 16:29:00,13,0,0,0,2.5M,0,,F2,Unknown,18.7,150,,,,,31.27,-94.83,31.43,-94.58,,,TX,1972-03-28 16:29:00,1972-03-28 16:29:00,False,False
,10134107,Texas,361,Orange,,1972-07-14 13:15:00,CST,1972-07-14 13:15:00,0,0,0,0,0K,0,,F1,Unknown,3.8,50,,,,,30.22,-93.73,30.22,-93.68,,,TX,1972-07-14 14:15:00,1972-07-14 14:15:00,True,True
,10134108,Texas,373,Polk,,1972-07-15 13:30:00,CST,1972-07-15 13:30:00,0,0,0,0,0K,0,,F1,Unknown,5.4,20,,,,,30.68,-94.98,30.73,-94.92,,,TX,1972-07-15 14:30:00,1972-07-15 14:30:00,True,True
,10134109,Texas,279,Lamb,,1972-07-17 21:30:00,CST,1972-07-17 21:30:00,0,0,0,0,0K,0,,F1,Unknown,1.0,100,,,,,34.23,-102.42,,,,,TX,1972-07-17 22:30:00,1972-07-17 22:30:00,True,True
,10135165,Texas,353,Nolan,,1972-04-19 19:00:00,CST,1972-04-19 19:00:00,0,0,0,0,2.5K,0,,F1,Unknown,0.5,20,,,,,32.17,-100.38,,,,,TX,1972-04-19 19:00:00,1972-04-19 19:00:00,False,False
,10135167,Texas,97,Cooke,,1972-04-19 20:45:00,CST,1972-04-19 20:45:00,0,0,0,0,2.5K,0,,F1,Unknown,0.2,10,,,,,33.67,-97.37,,,,,TX,1972-04-19 20:45:00,1972-04-19 20:45:00,False,False
,9998290,Florida,5,Bay,,1972-06-29 10:09:00,CST,1972-06-29 10:09:00,0,0,0,0,0K,0,,F0,Unknown,0.3,20,,,,,30.4,-85.7,,,,,FL,1972-06-29 11:09:00,1972-06-29 11:09:00,True,True
,10081796,New Mexico,27,Lincoln,,1972-06-17 14:00:00,CST,1972-06-17 14:00:00,0,0,0,0,.25K,0,,F1,Unknown,6.1,100,,,,,33.42,-105.67,33.47,-105.58,,,NM,1972-06-17 15:00:00,1972-06-17 15:00:00,True,True
,10032043,Louisiana,23,Cameron,,1972-03-20 21:55:00,CST,1972-03-20 21:55:00,0,0,0,0,25K,0,,F2,Unknown,0.3,50,,,,,29.82,-93.07,,,,,LA,1972-03-20 21:55:00,1972-03-20 21:55:00,False,False
,10032046,Louisiana,3,Allen,,1972-03-24 21:45:00,CST,1972-03-24 21:45:00,0,0,0,0,.25K,0,,F0,Unknown,0.1,27,,,,,30.5,-92.65,,,,,LA,1972-03-24 21:45:00,1972-03-24 21:45:00,False,False
,10032053,Louisiana,119,Webster,,1972-04-15 17:30:00,CST,1972-04-15 17:30:00,0,0,0,0,25K,0,,F1,Unknown,1.0,40,,,,,32.43,-93.35,,,,,LA,1972-04-15 17:30:00,1972-04-15 17:30:00,False,False
,10032055,Louisiana,111,Union,,1972-04-15 17:48:00,CST,1972-04-15 17:48:00,0,0,0,0,25K,0,,F2,Unknown,41.9,50,,,,,32.7,-92.5,32.93,-91.83,,,LA,1972-04-15 17:48:00,1972-04-15 17:48:00,False,False
,10032057,Louisiana,125,West Feliciana,,1972-04-22 01:30:00,CST,1972-04-22 01:30:00,0,0,0,0,25K,0,,F1,Unknown,22.2,50,,,,,30.9,-90.33,30.97,-89.97,,,LA,1972-04-22 01:30:00,1972-04-22 01:30:00,False,False
,10032058,Louisiana,105,Tangipahoa,,1972-05-07 15:30:00,CST,1972-05-07 15:30:00,0,0,0,0,25K,0,,F2,Unknown,1.0,100,,,,,30.8,-90.37,,,,,LA,1972-05-07 16:30:00,1972-05-07 16:30:00,True,True
,10126243,Tennessee,35,Cumberland,,1972-06-28 13:00:00,CST,1972-06-28 13:00:00,0,0,0,0,25K,0,,F2,Unknown,0.1,40,,,,,36.0,-85.03,,,,,TN,1972-06-28 14:00:00,1972-06-28 14:00:00,True,True
,10126245,Tennessee,9,Blount,,1972-06-28 17:40:00,CST,1972-06-28 17:40:00,3,0,0,0,250K,0,,F1,Unknown,0.5,27,,,,,35.75,-83.92,,,,,TN,1972-06-28 18:40:00,1972-06-28 18:40:00,True,True
,10126248,Tennessee,71,Hardin,,1972-07-02 19:20:00,CST,1972-07-02 19:20:00,0,0,0,0,0K,0,,F0,Unknown,0.1,10,,,,,35.23,-88.23,,,,,TN,1972-07-02 20:20:00,1972-07-02 20:20:00,True,True
,10022404,Kansas,179,Sheridan,,1972-07-20 14:00:00,CST,1972-07-20 14:00:00,0,0,0,0,2.5K,0,,F0,Unknown,0.4,50,,,,,39.3,-100.45,,,,,KS,1972-07-20 15:00:00,1972-07-20 15:00:00,True,True
,10022405,Kansas,163,Rooks,,1972-07-27 23:45:00,CST,1972-07-27 23:45:00,1,0,0,0,25K,0,,F2,Unknown,0.5,100,,,,,39.25,-99.3,,,,,KS,1972-07-28 00:45:00,1972-07-28 00:45:00,True,True
,10022406,Kansas,81,Haskell,,1972-07-28 02:35:00,CST,1972-07-28 02:35:00,7,0,0,0,250K,0,,F2,Unknown,1.3,440,,,,,37.5,-100.85,,,,,KS,1972-07-28 03:35:00,1972-07-28 03:35:00,True,True
,10022407,Kansas,25,Clark,,1972-07-28 03:00:00,CST,1972-07-28 03:00:00,0,0,0,0,25K,0,,F2,Unknown,0.5,50,,,,,37.45,-100.02,,,,,KS,1972-07-28 04:00:00,1972-07-28 04:00:00,True,True
,10032060,Louisiana,47,Iberville,,1972-05-12 10:45:00,CST,1972-05-12 10:45:00,0,0,0,0,25K,0,,F2,Unknown,1.0,100,,,,,30.13,-91.35,,,,,LA,1972-05-12 11:45:00,1972-05-12 11:45:00,True,True
,9984442,Arkansas,29,Conway,,1972-07-01 14:00:00,CST,1972-07-01 14:00:00,0,0,0,0,250K,0,,F1,Unknown,0.3,100,,,,,35.17,-92.72,,,,,AR,1972-07-01 15:00:00,1972-07-01 15:00:00,True,True
990000001.0,990000001,Florida,43,Glades,,1972-06-18 15:17:00,CST,1972-06-18 15:17:00,6,0,0,0,190K,5K,Manual Input,F2,Unknown,0.7,150,,,,,26.77,-81.48,26.78,-81.48,"As Hurricane Agnes moved northward, approximately 200 miles west of the Florida peninsula, numerous tornadoes occurred across south and central Florida, many of which were strong (F2 and F3), resulting in numerous casualties and considerable property damage.","A tornado moved northward from Hendry County, tearing up citrus groves before hitting two trailer parks near LaBelle. Ten units were destroyed and 6 persons were injured. Property damage was estimated at $190,000, with $5,000 in crop damage. Note: this event was added in 2018, following a reanalysis by NWS Melbourne.",FL,1972-06-18 16:17:00,1972-06-18 16:17:00,True,True
990000001.0,990000002,Florida,51,Hendry,,1972-06-18 15:13:00,CST,1972-06-18 15:13:00,1,0,1,0,10K,5K,Manual Input,F2,Unknown,2.8,150,,,,,26.73,-81.47,26.77,-81.48,"As Hurricane Agnes moved northward, approximately 200 miles west of the Florida peninsula, numerous tornadoes occurred across south and central Florida, many of which were strong (F2 and F3), resulting in numerous casualties and considerable property damage.","A tornado in the vicinity of Fort Denaud destroyed a trailer home killing a woman and injuring her daughter. The tornado then moved northward tearing up citrus groves before crossing into Glades County. Property damage was estimated at $10,000, with $5,000 in crop damage. Note: this event was added in 2018, following a reanalysis by NWS Melbourne.",FL,1972-06-18 16:13:00,1972-06-18 16:13:00,True,True
990000001.0,990000003,Florida,93,Okeechobee,,1972-06-18 22:55:00,CST,1972-06-18 22:55:00,44,0,6,0,500K,0,Manual Input,F2,Unknown,4.5,150,,,,,27.21,-80.8,27.27,-80.8,"As Hurricane Agnes moved northward, approximately 200 miles west of the Florida peninsula, numerous tornadoes occurred across south and central Florida, many of which were strong (F2 and F3), resulting in numerous casualties and considerable property damage.","A tornado cut a path up to 150 yards wide and 4.5 miles long as it moved north from Taylor Creek, affecting Treasure Island Park, a fishing lodge and several other mobile home parks. Six people were killed and 44 were injured (many seriously). Over one hundred mobile homes were destroyed or heavily damaged. Property damage was estimated near $500,000. Note: this event was added in 2018, following a reanalysis by NWS Melbourne.",FL,1972-06-18 23:55:00,1972-06-18 23:55:00,True,True
