episode_id,event_id,state,county_fips,county_name,wfo,begin_date_time,county_timezone,end_date_time,injuries_direct,injuries_indirect,deaths_direct,deaths_indirect,property_damage,crop_damage,source,tornado_rating,max_windspeed,tornado_length,tornado_max_width,other_wfos,other_states,other_counties_fips,other_counties_names,begin_latitude,begin_longitude,end_latitude,end_longitude,episode_narrative,event_narrative,state_code,begin_date_time_corrected,end_date_time_corrected,begin_time_adjusted,end_time_adjusted
,9978487,Alabama,129,Washington,,1969-06-29 15:55:00,CST,1969-06-29 15:55:00,0,0,0,0,2.5K,0,,F0,Unknown,0.0,33,,,,,31.48,-88.03,,,,,AL,1969-06-29 16:55:00,1969-06-29 16:55:00,True,True
,9978491,Alabama,3,Baldwin,,1969-07-08 17:30:00,CST,1969-07-08 17:30:00,0,0,0,0,.25K,0,,F0,Unknown,0.0,33,,,,,30.7,-87.8,,,,,AL,1969-07-08 18:30:00,1969-07-08 18:30:00,True,True
,9978461,Alabama,109,Pike,,1969-05-17 18:10:00,CST,1969-05-17 18:10:00,0,0,0,0,2.5K,0,,F1,Unknown,7.1,33,,,,,31.72,-85.97,31.8,-85.9,,,AL,1969-05-17 19:10:00,1969-05-17 19:10:00,True,True
,9978462,Alabama,41,Crenshaw,,1969-05-18 07:30:00,CST,1969-05-18 07:30:00,0,0,0,0,25K,0,,F2,Unknown,6.4,33,,,,,31.55,-86.23,31.58,-86.13,,,AL,1969-05-18 08:30:00,1969-05-18 08:30:00,True,True
,9978463,Alabama,11,Bullock,,1969-05-18 09:30:00,CST,1969-05-18 09:30:00,0,0,0,0,25K,0,,F1,Unknown,0.0,33,,,,,32.0,-85.7,,,,,AL,1969-05-18 10:30:00,1969-05-18 10:30:00,True,True
,9978464,Alabama,43,Cullman,,1969-05-18 10:00:00,CST,1969-05-18 10:00:00,0,0,0,0,25K,0,,F1,Unknown,0.5,50,,,,,34.17,-86.9,,,,,AL,1969-05-18 11:00:00,1969-05-18 11:00:00,True,True
,9978451,Alabama,109,Pike,,1969-04-18 00:30:00,CST,1969-04-18 00:30:00,0,0,0,0,250K,0,,,Unknown,2.5,33,,,,,31.8,-86.0,,,,,AL,1969-04-18 00:30:00,1969-04-18 00:30:00,False,False
,9978452,Alabama,13,Butler,,1969-04-18 02:30:00,CST,1969-04-18 02:30:00,11,0,2,0,250K,0,,F4,Unknown,12.8,500,,,,,31.83,-86.63,31.93,-86.45,,,AL,1969-04-18 02:30:00,1969-04-18 02:30:00,False,False
,9978453,Alabama,41,Crenshaw,,1969-04-18 02:30:00,CST,1969-04-18 02:30:00,0,0,0,0,250K,0,,F4,Unknown,32.8,500,,,,,31.93,-86.45,32.22,-86.0,,,AL,1969-04-18 02:30:00,1969-04-18 02:30:00,False,False
,9978459,Alabama,73,Jefferson,,1969-05-17 17:15:00,CST,1969-05-17 17:15:00,0,0,0,0,25K,0,,F1,Unknown,0.0,33,,,,,33.48,-86.8,,,,,AL,1969-05-17 18:15:00,1969-05-17 18:15:00,True,True
,10087509,North Carolina,61,Duplin,,1969-04-18 16:00:00,CST,1969-04-18 16:00:00,1,0,0,0,25K,0,,F3,Unknown,4.5,100,,,,,35.12,-78.18,35.15,-78.12,,,NC,1969-04-18 16:00:00,1969-04-18 16:00:00,False,False
,9999321,Florida,57,Hillsborough,,1969-12-10 05:45:00,CST,1969-12-10 05:45:00,0,0,0,0,25K,0,,F2,Unknown,0.0,33,,,,,27.95,-82.5,,,,,FL,1969-12-10 05:45:00,1969-12-10 05:45:00,False,False
,10084353,Ohio,17,Butler,,1969-05-10 14:10:00,CST,1969-05-10 14:10:00,9,0,0,0,2.5M,0,,F3,Unknown,23.8,400,,,,,39.33,-84.77,39.42,-84.33,,,OH,1969-05-10 15:10:00,1969-05-10 15:10:00,True,True
,10133110,Texas,227,Howard,,1969-05-06 06:00:00,CST,1969-05-06 06:00:00,0,0,0,0,2.5K,0,,F1,Unknown,0.5,17,,,,,32.33,-101.23,,,,,TX,1969-05-06 07:00:00,1969-05-06 07:00:00,True,True
,10134633,Texas,115,Dawson,,1969-05-15 22:55:00,CST,1969-05-15 22:55:00,0,0,0,0,0K,0,,F0,Unknown,0.1,17,,,,,32.73,-102.0,,,,,TX,1969-05-15 23:55:00,1969-05-15 23:55:00,True,True
,9995063,Georgia,135,Gwinnett,,1969-05-16 16:00:00,CST,1969-05-16 16:00:00,0,0,0,0,2.5K,0,,F1,Unknown,0.5,50,,,,,34.1,-84.0,,,,,GA,1969-05-16 17:00:00,1969-05-16 17:00:00,True,True
,10134881,Texas,135,Ector,,1969-06-03 22:00:00,CST,1969-06-03 22:00:00,0,0,0,0,0K,0,,F2,Unknown,14.9,33,,,,,32.0,-102.33,32.15,-102.15,,,TX,1969-06-03 23:00:00,1969-06-03 23:00:00,True,True
,10146465,Wisconsin,93,Pierce,,1969-07-15 20:15:00,CST,1969-07-15 20:15:00,0,0,0,0,2.5K,0,,F0,Unknown,1.0,50,,,,,44.83,-92.75,,,,,WI,1969-07-15 21:15:00,1969-07-15 21:15:00,True,True
,10134850,Texas,123,De Witt,,1969-05-16 10:02:00,CST,1969-05-16 10:02:00,0,0,0,0,25K,0,,F1,Unknown,0.1,20,,,,,28.97,-97.52,,,,,TX,1969-05-16 10:02:00,1969-05-16 10:02:00,False,False
,10145597,Wisconsin,111,Sauk,,1969-06-26 10:00:00,CST,1969-06-26 10:00:00,0,0,0,0,250K,0,,F1,Unknown,1.0,100,,,,,43.37,-89.75,,,,,WI,1969-06-26 11:00:00,1969-06-26 11:00:00,True,True
,10112859,South Carolina,45,Greenville,,1969-08-15 14:19:00,CST,1969-08-15 14:19:00,0,0,0,0,.03K,0,,F0,Unknown,0.0,33,,,,,34.85,-82.25,,,,,SC,1969-08-15 15:19:00,1969-08-15 15:19:00,True,True
,10112862,South Carolina,57,Lancaster,,1969-10-01 22:45:00,CST,1969-10-01 22:45:00,0,0,0,0,.25K,0,,,Unknown,0.5,17,,,,,34.62,-80.87,,,,,SC,1969-10-01 23:45:00,1969-10-01 23:45:00,True,True
,10116396,South Dakota,105,Perkins,,1969-08-12 17:00:00,CST,1969-08-12 17:00:00,1,0,0,0,25K,0,,F2,Unknown,6.1,33,,,,,45.5,-102.2,45.48,-102.07,,,SD,1969-08-12 18:00:00,1969-08-12 18:00:00,True,True
,10116397,South Dakota,123,Tripp,,1969-08-19 18:37:00,CST,1969-08-19 18:37:00,0,0,0,0,0K,0,,,Unknown,0.0,33,,,,,43.2,-100.2,,,,,SD,1969-08-19 19:37:00,1969-08-19 19:37:00,True,True
,10057730,Missouri,187,St. Francois,,1969-06-22 18:55:00,CST,1969-06-22 18:55:00,0,0,0,0,2.5M,0,,F4,Unknown,2.3,440,,,,,37.72,-90.32,37.72,-90.27,,,MO,1969-06-22 19:55:00,1969-06-22 19:55:00,True,True
,10057731,Missouri,157,Perry,,1969-06-22 19:15:00,CST,1969-06-22 19:15:00,6,0,0,0,250K,0,,F3,Unknown,18.1,100,,,,,37.68,-90.07,37.68,-89.73,,,MO,1969-06-22 20:15:00,1969-06-22 20:15:00,True,True
,10057735,Missouri,167,Polk,,1969-06-23 21:30:00,CST,1969-06-23 21:30:00,0,0,0,0,.25K,0,,F0,Unknown,0.2,17,,,,,37.6,-93.42,,,,,MO,1969-06-23 22:30:00,1969-06-23 22:30:00,True,True
,10093925,Oklahoma,7,Beaver,,1969-06-10 19:00:00,CST,1969-06-10 19:00:00,0,0,0,0,0K,0,,F0,Unknown,0.0,33,,,,,36.52,-100.9,,,,,OK,1969-06-10 20:00:00,1969-06-10 20:00:00,True,True
,10110895,South Dakota,71,Jackson,,1969-07-10 12:00:00,CST,1969-07-10 12:00:00,0,0,0,0,0K,0,,F1,Unknown,27.5,33,,,,,44.03,-101.67,43.63,-101.62,,,SD,1969-07-10 13:00:00,1969-07-10 13:00:00,True,True
,10110896,South Dakota,47,Fall River,,1969-07-10 12:30:00,CST,1969-07-10 12:30:00,0,0,0,0,0K,0,,F0,Unknown,0.0,33,,,,,43.4,-103.4,,,,,SD,1969-07-10 13:30:00,1969-07-10 13:30:00,True,True
,10110899,South Dakota,95,Mellette,,1969-07-10 14:00:00,CST,1969-07-10 14:00:00,0,0,0,0,0K,0,,,Unknown,0.0,33,,,,,43.7,-100.0,,,,,SD,1969-07-10 15:00:00,1969-07-10 15:00:00,True,True
,10110900,South Dakota,123,Tripp,,1969-07-10 14:45:00,CST,1969-07-10 14:45:00,0,0,0,0,0K,0,,F0,Unknown,0.0,33,,,,,43.1,-99.9,,,,,SD,1969-07-10 15:45:00,1969-07-10 15:45:00,True,True
,10087578,North Dakota,73,Ransom,,1969-06-25 16:40:00,CST,1969-06-25 16:40:00,1,0,0,0,25K,0,,F1,Unknown,0.4,47,,,,,46.6,-97.7,,,,,ND,1969-06-25 17:40:00,1969-06-25 17:40:00,True,True
,10112835,South Carolina,55,Kershaw,,1969-04-18 13:45:00,CST,1969-04-18 13:45:00,0,0,0,0,25K,0,,F1,Unknown,4.7,100,,,,,34.3,-80.5,34.33,-80.43,,,SC,1969-04-18 13:45:00,1969-04-18 13:45:00,False,False
,10112836,South Carolina,31,Darlington,,1969-04-18 14:00:00,CST,1969-04-18 14:00:00,3,0,0,0,250K,0,,F3,Unknown,39.9,100,,,,,34.42,-80.13,34.67,-79.5,,,SC,1969-04-18 14:00:00,1969-04-18 14:00:00,False,False
,10077163,New York,49,Lewis,,1969-07-12 10:00:00,CST,1969-07-12 10:00:00,0,0,0,0,25K,0,,F1,Unknown,0.8,150,,,,,43.62,-75.4,,,,,NY,1969-07-12 11:00:00,1969-07-12 11:00:00,True,True
,10077166,New York,71,Orange,,1969-07-25 15:00:00,CST,1969-07-25 15:00:00,0,0,0,0,2.5K,0,,,Unknown,0.0,33,,,,,41.42,-74.4,,,,,NY,1969-07-25 16:00:00,1969-07-25 16:00:00,True,True
,10077167,New York,63,Niagara,,1969-07-26 11:05:00,CST,1969-07-26 11:05:00,0,0,0,0,25K,0,,F1,Unknown,2.0,100,,,,,43.1,-78.92,,,,,NY,1969-07-26 12:05:00,1969-07-26 12:05:00,True,True
,10123563,Tennessee,157,Shelby,,1969-06-24 02:30:00,CST,1969-06-24 02:30:00,0,0,0,0,25K,0,,F1,Unknown,0.5,7,,,,,35.2,-90.0,,,,,TN,1969-06-24 03:30:00,1969-06-24 03:30:00,True,True
,10094205,Oklahoma,151,Woods,,1969-09-15 19:27:00,CST,1969-09-15 19:27:00,0,0,0,0,0K,0,,F0,Unknown,0.0,33,,,,,36.8,-98.78,,,,,OK,1969-09-15 20:27:00,1969-09-15 20:27:00,True,True
,10037077,Kentucky,179,Nelson,,1969-05-08 17:00:00,CST,1969-05-08 17:00:00,0,0,0,0,25K,0,,F1,Unknown,0.0,33,,,,,37.9,-85.4,,,,,KY,1969-05-08 18:00:00,1969-05-08 18:00:00,True,True
,10087593,North Dakota,59,Morton,,1969-08-03 20:30:00,CST,1969-08-03 20:30:00,0,0,0,0,2.5K,0,,F1,Unknown,0.1,20,,,,,46.9,-101.3,,,,,ND,1969-08-03 21:30:00,1969-08-03 21:30:00,True,True
,10087597,North Dakota,13,Burke,,1969-08-05 18:00:00,CST,1969-08-05 18:00:00,0,0,0,0,2.5K,0,,F1,Unknown,0.1,10,,,,,49.0,-102.8,,,,,ND,1969-08-05 19:00:00,1969-08-05 19:00:00,True,True
,10087598,North Dakota,13,Burke,,1969-08-05 18:30:00,CST,1969-08-05 18:30:00,0,0,0,0,25K,0,,F2,Unknown,0.5,50,,,,,49.0,-102.3,,,,,ND,1969-08-05 19:30:00,1969-08-05 19:30:00,True,True
,10087599,North Dakota,101,Ward,,1969-08-05 19:39:00,CST,1969-08-05 19:39:00,0,0,0,0,0K,0,,F0,Unknown,13.0,10,,,,,48.6,-101.5,48.45,-101.32,,,ND,1969-08-05 20:39:00,1969-08-05 20:39:00,True,True
,10037080,Kentucky,99,Hart,,1969-05-08 18:15:00,CST,1969-05-08 18:15:00,1,0,0,0,25K,0,,F1,Unknown,8.8,100,,,,,37.17,-85.85,37.28,-85.78,,,KY,1969-05-08 19:15:00,1969-05-08 19:15:00,True,True
,10037084,Kentucky,29,Bullitt,,1969-05-10 15:00:00,CST,1969-05-10 15:00:00,14,0,0,0,250K,0,,F3,Unknown,4.3,200,,,,,37.95,-85.7,37.95,-85.62,,,KY,1969-05-10 16:00:00,1969-05-10 16:00:00,True,True
,10112364,South Dakota,83,Lincoln,,1969-06-28 19:33:00,CST,1969-06-28 19:33:00,4,0,0,0,250K,0,,F1,Unknown,2.0,33,,,,,43.28,-96.62,,,,,SD,1969-06-28 20:33:00,1969-06-28 20:33:00,True,True
,10124253,Tennessee,161,Stewart,,1969-01-23 16:05:00,CST,1969-01-23 16:05:00,0,0,0,0,250K,0,,F2,Unknown,0.1,7,,,,,36.48,-88.03,,,,,TN,1969-01-23 16:05:00,1969-01-23 16:05:00,False,False
,10076081,New York,13,Chautauqua,,1969-06-20 05:55:00,CST,1969-06-20 05:55:00,0,0,0,0,2.5M,0,,F3,Unknown,45.6,33,,,,,42.02,-79.63,42.25,-78.8,,,NY,1969-06-20 06:55:00,1969-06-20 06:55:00,True,True
,10076082,New York,13,Chautauqua,,1969-06-20 06:00:00,CST,1969-06-20 06:00:00,0,0,0,0,0K,0,,F3,Unknown,38.5,33,,,,,42.25,-78.8,42.32,-78.05,,,NY,1969-06-20 07:00:00,1969-06-20 07:00:00,True,True
,10076084,New York,109,Tompkins,,1969-06-20 07:45:00,CST,1969-06-20 07:45:00,0,0,0,0,25K,0,,F1,Unknown,2.0,33,,,,,42.42,-76.53,,,,,NY,1969-06-20 08:45:00,1969-06-20 08:45:00,True,True
,10085469,Ohio,51,Fulton,,1969-07-04 19:30:00,CST,1969-07-04 19:30:00,0,0,0,0,25K,0,,F1,Unknown,2.0,77,,,,,41.6,-84.0,,,,,OH,1969-07-04 20:30:00,1969-07-04 20:30:00,True,True
,10056608,Missouri,151,Osage,,1969-04-17 19:00:00,CST,1969-04-17 19:00:00,0,0,0,0,25K,0,,F1,Unknown,1.0,200,,,,,38.63,-91.68,,,,,MO,1969-04-17 19:00:00,1969-04-17 19:00:00,False,False
,10056611,Missouri,95,Jackson,,1969-04-26 18:10:00,CST,1969-04-26 18:10:00,0,0,0,0,25K,0,,F1,Unknown,0.5,50,,,,,38.92,-94.37,,,,,MO,1969-04-26 18:10:00,1969-04-26 18:10:00,False,False
,10056612,Missouri,217,Vernon,,1969-04-26 21:10:00,CST,1969-04-26 21:10:00,0,0,0,0,.03K,0,,F0,Unknown,0.1,10,,,,,37.85,-94.27,,,,,MO,1969-04-26 21:10:00,1969-04-26 21:10:00,False,False
,10112837,South Carolina,21,Cherokee,,1969-04-18 14:30:00,CST,1969-04-18 14:30:00,0,0,0,0,25K,0,,F2,Unknown,0.5,83,,,,,35.02,-81.7,,,,,SC,1969-04-18 14:30:00,1969-04-18 14:30:00,False,False
,10112839,South Carolina,71,Newberry,,1969-04-18 16:00:00,CST,1969-04-18 16:00:00,0,0,0,0,2.5K,0,,F1,Unknown,2.0,83,,,,,34.28,-81.68,,,,,SC,1969-04-18 16:00:00,1969-04-18 16:00:00,False,False
,10112841,South Carolina,55,Kershaw,,1969-04-18 17:05:00,CST,1969-04-18 17:05:00,0,0,0,0,.25K,0,,F2,Unknown,0.8,67,,,,,34.47,-80.8,,,,,SC,1969-04-18 17:05:00,1969-04-18 17:05:00,False,False
,10112842,South Carolina,31,Darlington,,1969-04-18 19:05:00,CST,1969-04-18 19:05:00,0,0,0,0,25K,0,,F1,Unknown,1.0,100,,,,,34.42,-80.07,,,,,SC,1969-04-18 19:05:00,1969-04-18 19:05:00,False,False
,10112844,South Carolina,83,Spartanburg,,1969-05-18 21:00:00,CST,1969-05-18 21:00:00,0,0,0,0,250K,0,,F1,Unknown,0.1,50,,,,,35.02,-81.8,,,,,SC,1969-05-18 22:00:00,1969-05-18 22:00:00,True,True
,10085471,Ohio,63,Hancock,,1969-07-04 22:30:00,CST,1969-07-04 22:30:00,0,0,0,0,250K,0,,F1,Unknown,1.9,127,,,,,41.12,-83.67,41.15,-83.63,,,OH,1969-07-04 23:30:00,1969-07-04 23:30:00,True,True
,10085478,Ohio,75,Holmes,,1969-07-27 18:20:00,CST,1969-07-27 18:20:00,0,0,0,0,2.5K,0,,F1,Unknown,0.0,87,,,,,40.7,-82.1,,,,,OH,1969-07-27 19:20:00,1969-07-27 19:20:00,True,True
,10085479,Ohio,61,Hamilton,,1969-08-09 16:57:00,CST,1969-08-09 16:57:00,240,0,4,0,2.5M,0,,F3,Unknown,11.9,400,,,,,39.22,-84.52,39.17,-84.3,,,OH,1969-08-09 17:57:00,1969-08-09 17:57:00,True,True
,10085481,Ohio,25,Clermont,,1969-08-09 17:20:00,CST,1969-08-09 17:20:00,7,0,0,0,250K,0,,F3,Unknown,10.3,400,,,,,39.17,-84.3,39.12,-84.12,,,OH,1969-08-09 18:20:00,1969-08-09 18:20:00,True,True
,10093064,Oklahoma,139,Texas,,1969-06-07 22:10:00,CST,1969-06-07 22:10:00,0,0,0,0,2.5K,0,,F2,Unknown,0.0,33,,,,,36.87,-101.47,,,,,OK,1969-06-07 23:10:00,1969-06-07 23:10:00,True,True
,10111219,South Dakota,123,Tripp,,1969-06-10 14:45:00,CST,1969-06-10 14:45:00,0,0,0,0,0K,0,,,Unknown,0.0,33,,,,,43.1,-99.9,,,,,SD,1969-06-10 15:45:00,1969-06-10 15:45:00,True,True
,10088670,North Carolina,141,Pender,,1969-08-05 04:00:00,CST,1969-08-05 04:00:00,0,0,0,0,25K,0,,F2,Unknown,0.3,50,,,,,34.6,-77.9,,,,,NC,1969-08-05 05:00:00,1969-08-05 05:00:00,True,True
,10088677,North Carolina,185,Warren,,1969-10-02 12:00:00,CST,1969-10-02 12:00:00,0,0,0,0,250K,0,,F2,Unknown,5.6,100,,,,,36.45,-78.0,36.5,-77.92,,,NC,1969-10-02 13:00:00,1969-10-02 13:00:00,True,True
,10088678,North Carolina,127,Nash,,1969-10-02 13:30:00,CST,1969-10-02 13:30:00,0,0,0,0,25K,0,,F1,Unknown,0.0,10,,,,,35.95,-77.9,,,,,NC,1969-10-02 14:30:00,1969-10-02 14:30:00,True,True
,10088680,North Carolina,15,Bertie,,1969-10-02 16:00:00,CST,1969-10-02 16:00:00,0,0,0,0,250K,0,,F1,Unknown,20.2,7,,,,,35.93,-76.93,36.2,-76.78,,,NC,1969-10-02 17:00:00,1969-10-02 17:00:00,True,True
,10111227,South Dakota,29,Codington,,1969-06-25 13:15:00,CST,1969-06-25 13:15:00,1,0,0,0,25K,0,,F1,Unknown,0.0,33,,,,,45.12,-96.93,,,,,SD,1969-06-25 14:15:00,1969-06-25 14:15:00,True,True
,10111228,South Dakota,49,Faulk,,1969-06-25 14:25:00,CST,1969-06-25 14:25:00,0,0,0,0,0K,0,,F1,Unknown,0.0,33,,,,,45.0,-98.83,,,,,SD,1969-06-25 15:25:00,1969-06-25 15:25:00,True,True
,10111229,South Dakota,13,Brown,,1969-06-25 15:15:00,CST,1969-06-25 15:15:00,6,0,0,0,250K,0,,F3,Unknown,1.5,133,,,,,45.45,-98.08,,,,,SD,1969-06-25 16:15:00,1969-06-25 16:15:00,True,True
,10111230,South Dakota,13,Brown,,1969-06-25 17:00:00,CST,1969-06-25 17:00:00,0,0,0,0,0K,0,,F0,Unknown,0.0,33,,,,,45.5,-98.4,,,,,SD,1969-06-25 18:00:00,1969-06-25 18:00:00,True,True
,10110923,South Dakota,102,Oglala Lakota,,1969-07-16 15:00:00,CST,1969-07-16 15:00:00,0,0,0,0,0K,0,,F1,Unknown,1.0,33,,,,,43.2,-103.0,,,,,SD,1969-07-16 16:00:00,1969-07-16 16:00:00,True,True
,10110924,South Dakota,105,Perkins,,1969-07-17 21:30:00,CST,1969-07-17 21:30:00,0,0,0,0,25K,0,,F2,Unknown,0.0,33,,,,,45.9,-102.2,,,,,SD,1969-07-17 22:30:00,1969-07-17 22:30:00,True,True
,10110925,South Dakota,49,Faulk,,1969-07-18 20:05:00,CST,1969-07-18 20:05:00,0,0,0,0,0K,0,,,Unknown,0.0,33,,,,,45.2,-98.7,,,,,SD,1969-07-18 21:05:00,1969-07-18 21:05:00,True,True
,10110928,South Dakota,81,Lawrence,,1969-07-23 16:30:00,CST,1969-07-23 16:30:00,0,0,0,0,.25K,0,,F2,Unknown,0.2,33,,,,,44.3,-103.68,,,,,SD,1969-07-23 17:30:00,1969-07-23 17:30:00,True,True
,10050879,Mississippi,45,Hancock,,1969-07-14 13:30:00,CST,1969-07-14 13:30:00,0,0,0,0,0K,0,,,Unknown,0.0,33,,,,,30.32,-89.3,,,,,MS,1969-07-14 14:30:00,1969-07-14 14:30:00,True,True
,10050890,Mississippi,59,Jackson,,1969-08-09 23:00:00,CST,1969-08-09 23:00:00,0,0,0,0,0K,0,,,Unknown,0.0,33,,,,,30.42,-88.83,,,,,MS,1969-08-10 00:00:00,1969-08-10 00:00:00,True,True
,10050893,Mississippi,59,Jackson,,1969-12-21 07:45:00,CST,1969-12-21 07:45:00,0,0,0,0,2.5K,0,,F1,Unknown,2.7,120,,,,,30.42,-88.48,30.45,-88.47,,,MS,1969-12-21 07:45:00,1969-12-21 07:45:00,False,False
,10093002,Oklahoma,3,Alfalfa,,1969-04-16 14:30:00,CST,1969-04-16 14:30:00,0,0,0,0,250K,0,,F2,Unknown,13.8,200,,,,,36.6,-98.5,36.78,-98.6,,,OK,1969-04-16 14:30:00,1969-04-16 14:30:00,False,False
,10093024,Oklahoma,19,Carter,,1969-04-16 21:00:00,CST,1969-04-16 21:00:00,0,0,0,0,0K,0,,F0,Unknown,0.0,33,,,,,34.33,-97.3,,,,,OK,1969-04-16 21:00:00,1969-04-16 21:00:00,False,False
,10093021,Oklahoma,115,Ottawa,,1969-04-16 18:20:00,CST,1969-04-16 18:20:00,0,0,0,0,.25K,0,,F0,Unknown,0.3,33,,,,,36.88,-94.75,,,,,OK,1969-04-16 18:20:00,1969-04-16 18:20:00,False,False
,10093022,Oklahoma,113,Osage,,1969-04-16 19:15:00,CST,1969-04-16 19:15:00,0,0,0,0,0K,0,,F1,Unknown,0.0,33,,,,,36.9,-96.73,,,,,OK,1969-04-16 19:15:00,1969-04-16 19:15:00,False,False
,10093008,Oklahoma,33,Cotton,,1969-04-16 15:30:00,CST,1969-04-16 15:30:00,1,0,0,0,25K,0,,F2,Unknown,24.2,33,,,,,34.15,-98.6,34.27,-98.2,,,OK,1969-04-16 15:30:00,1969-04-16 15:30:00,False,False
,10093012,Oklahoma,47,Garfield,,1969-04-16 16:30:00,CST,1969-04-16 16:30:00,0,0,0,0,25K,0,,F1,Unknown,2.0,33,,,,,36.45,-97.93,,,,,OK,1969-04-16 16:30:00,1969-04-16 16:30:00,False,False
,10072358,Montana,11,Carter,,1969-07-15 15:30:00,CST,1969-07-15 15:30:00,0,0,0,0,.25K,0,,F1,Unknown,0.0,33,,,,,45.87,-104.53,,,,,MT,1969-07-15 16:30:00,1969-07-15 16:30:00,True,True
,10093018,Oklahoma,137,Stephens,,1969-04-16 18:00:00,CST,1969-04-16 18:00:00,1,0,0,0,250K,0,,F2,Unknown,8.2,33,,,,,34.28,-97.98,34.37,-97.88,,,OK,1969-04-16 18:00:00,1969-04-16 18:00:00,False,False
,10038243,Michigan,59,Hillsdale,,1969-07-04 16:00:00,CST,1969-07-04 16:00:00,0,0,0,0,250K,0,,F2,Unknown,18.7,100,,,,,41.98,-84.7,41.87,-84.37,,,MI,1969-07-04 17:00:00,1969-07-04 17:00:00,True,True
,10038245,Michigan,161,Washtenaw,,1969-07-04 16:23:00,CST,1969-07-04 16:23:00,4,0,0,0,2.5M,0,,F3,Unknown,1.3,100,,,,,42.12,-83.58,42.12,-83.53,,,MI,1969-07-04 17:23:00,1969-07-04 17:23:00,True,True
,10038246,Michigan,163,Wayne,,1969-07-04 16:25:00,CST,1969-07-04 16:25:00,50,0,0,0,2.5M,0,,F3,Unknown,12.6,100,,,,,42.12,-83.53,42.1,-83.28,,,MI,1969-07-04 17:25:00,1969-07-04 17:25:00,True,True
,10038250,Michigan,75,Jackson,,1969-07-04 23:10:00,CST,1969-07-04 23:10:00,11,0,0,0,25K,0,,F1,Unknown,0.3,27,,,,,42.3,-84.33,,,,,MI,1969-07-05 00:10:00,1969-07-05 00:10:00,True,True
,10078222,New Mexico,15,Eddy,,1969-06-13 17:15:00,CST,1969-06-13 17:15:00,0,0,0,0,0K,0,,F0,Unknown,0.0,33,,,,,32.6,-104.58,,,,,NM,1969-06-13 18:15:00,1969-06-13 18:15:00,True,True
,10067840,Nebraska,123,Morrill,,1969-07-09 17:20:00,CST,1969-07-09 17:20:00,0,0,0,0,0K,0,,,Unknown,0.0,33,,,,,41.47,-102.93,,,,,NE,1969-07-09 18:20:00,1969-07-09 18:20:00,True,True
,10067841,Nebraska,165,Sioux,,1969-07-14 18:00:00,CST,1969-07-14 18:00:00,0,0,0,0,25K,0,,F1,Unknown,0.0,33,,,,,42.7,-103.88,,,,,NE,1969-07-14 19:00:00,1969-07-14 19:00:00,True,True
,10067844,Nebraska,143,Polk,,1969-07-16 16:15:00,CST,1969-07-16 16:15:00,0,0,0,0,2.5K,0,,F0,Unknown,7.1,33,,,,,41.18,-97.42,41.22,-97.55,,,NE,1969-07-16 17:15:00,1969-07-16 17:15:00,True,True
,10067845,Nebraska,143,Polk,,1969-07-16 16:45:00,CST,1969-07-16 16:45:00,0,0,0,0,0K,0,,F0,Unknown,0.0,33,,,,,41.18,-97.42,,,,,NE,1969-07-16 17:45:00,1969-07-16 17:45:00,True,True
,10067846,Nebraska,141,Platte,,1969-07-16 16:50:00,CST,1969-07-16 16:50:00,0,0,0,0,0K,0,,F1,Unknown,0.0,33,,,,,41.4,-97.25,,,,,NE,1969-07-16 17:50:00,1969-07-16 17:50:00,True,True
,10067851,Nebraska,65,Furnas,,1969-07-17 14:25:00,CST,1969-07-17 14:25:00,0,0,0,0,0K,0,,F0,Unknown,0.0,33,,,,,40.02,-99.7,,,,,NE,1969-07-17 15:25:00,1969-07-17 15:25:00,True,True
,10067855,Nebraska,157,Scotts Bluff,,1969-07-23 22:20:00,CST,1969-07-23 22:20:00,0,0,0,0,0K,0,,,Unknown,0.0,33,,,,,41.87,-103.67,,,,,NE,1969-07-23 23:20:00,1969-07-23 23:20:00,True,True
,10067858,Nebraska,157,Scotts Bluff,,1969-08-01 17:15:00,CST,1969-08-01 17:15:00,0,0,0,0,0K,0,,,Unknown,0.0,33,,,,,41.87,-103.75,,,,,NE,1969-08-01 18:15:00,1969-08-01 18:15:00,True,True
,10067866,Nebraska,141,Platte,,1969-08-06 19:40:00,CST,1969-08-06 19:40:00,0,0,0,0,0K,0,,,Unknown,0.0,33,,,,,41.48,-97.58,,,,,NE,1969-08-06 20:40:00,1969-08-06 20:40:00,True,True
,10056583,Missouri,13,Bates,,1969-04-04 16:00:00,CST,1969-04-04 16:00:00,0,0,0,0,250K,0,,F2,Unknown,6.9,100,,,,,38.47,-94.6,38.52,-94.5,,,MO,1969-04-04 16:00:00,1969-04-04 16:00:00,False,False
,10056585,Missouri,37,Cass,,1969-04-04 16:15:00,CST,1969-04-04 16:15:00,0,0,0,0,.03K,0,,F0,Unknown,0.2,10,,,,,38.6,-94.37,,,,,MO,1969-04-04 16:15:00,1969-04-04 16:15:00,False,False
,10056587,Missouri,101,Johnson,,1969-04-04 17:20:00,CST,1969-04-04 17:20:00,1,0,0,0,250K,0,,F2,Unknown,0.3,150,,,,,38.72,-93.98,,,,,MO,1969-04-04 17:20:00,1969-04-04 17:20:00,False,False
,10066697,Nebraska,19,Buffalo,,1969-05-12 18:30:00,CST,1969-05-12 18:30:00,0,0,0,0,0K,0,,F1,Unknown,0.0,33,,,,,40.98,-98.92,,,,,NE,1969-05-12 19:30:00,1969-05-12 19:30:00,True,True
,10066698,Nebraska,19,Buffalo,,1969-05-13 19:00:00,CST,1969-05-13 19:00:00,0,0,0,0,.25K,0,,F1,Unknown,0.2,33,,,,,40.85,-99.28,,,,,NE,1969-05-13 20:00:00,1969-05-13 20:00:00,True,True
,10050848,Mississippi,151,Washington,,1969-06-19 15:00:00,CST,1969-06-19 15:00:00,1,0,0,0,25K,0,,F2,Unknown,0.0,33,,,,,33.32,-90.9,,,,,MS,1969-06-19 16:00:00,1969-06-19 16:00:00,True,True
,10050859,Mississippi,43,Grenada,,1969-06-21 18:09:00,CST,1969-06-21 18:09:00,0,0,0,0,0K,0,,F2,Unknown,6.5,33,,,,,33.88,-89.82,33.8,-89.77,,,MS,1969-06-21 19:09:00,1969-06-21 19:09:00,True,True
,10050871,Mississippi,33,De Soto,,1969-06-24 01:50:00,CST,1969-06-24 01:50:00,0,0,0,0,0K,0,,F1,Unknown,0.0,33,,,,,34.83,-89.88,,,,,MS,1969-06-24 01:50:00,1969-06-24 01:50:00,False,False
,10050872,Mississippi,141,Tishomingo,,1969-06-24 05:30:00,CST,1969-06-24 05:30:00,0,0,0,0,0K,0,,F1,Unknown,0.0,33,,,,,34.82,-88.18,,,,,MS,1969-06-24 06:30:00,1969-06-24 06:30:00,True,True
,10050877,Mississippi,17,Chickasaw,,1969-07-13 14:00:00,CST,1969-07-13 14:00:00,0,0,0,0,0K,0,,F1,Unknown,0.0,33,,,,,33.95,-89.1,,,,,MS,1969-07-13 15:00:00,1969-07-13 15:00:00,True,True
,10038257,Michigan,137,Otsego,,1969-07-11 23:30:00,CST,1969-07-11 23:30:00,0,0,0,0,25K,0,,,Unknown,1.0,50,,,,,44.93,-84.7,,,,,MI,1969-07-12 00:30:00,1969-07-12 00:30:00,True,True
,10076071,New York,13,Chautauqua,,1969-06-02 14:00:00,CST,1969-06-02 14:00:00,0,0,0,0,0K,0,,,Unknown,4.1,33,,,,,43.17,-76.55,43.2,-76.47,,,NY,1969-06-02 15:00:00,1969-06-02 15:00:00,True,True
,10038235,Michigan,81,Kent,,1969-06-25 21:05:00,CST,1969-06-25 21:05:00,0,0,0,0,25K,0,,F1,Unknown,6.1,200,,,,,43.22,-85.55,43.22,-85.42,,,MI,1969-06-25 22:05:00,1969-06-25 22:05:00,True,True
,10038236,Michigan,55,Grand Traverse,,1969-06-26 13:30:00,CST,1969-06-26 13:30:00,0,0,0,0,250K,0,,F3,Unknown,6.4,600,,,,,44.75,-85.67,44.82,-85.57,,,MI,1969-06-26 14:30:00,1969-06-26 14:30:00,True,True
,10076064,New York,13,Chautauqua,,1969-05-17 17:10:00,CST,1969-05-17 17:10:00,1,0,0,0,250K,0,,F2,Unknown,2.0,250,,,,,42.27,-79.27,,,,,NY,1969-05-17 18:10:00,1969-05-17 18:10:00,True,True
,10058914,Missouri,67,Douglas,,1969-10-10 20:40:00,CST,1969-10-10 20:40:00,0,0,0,0,25K,0,,F1,Unknown,3.6,20,,,,,36.98,-92.28,37.02,-92.23,,,MO,1969-10-10 21:40:00,1969-10-10 21:40:00,True,True
,10058916,Missouri,113,Lincoln,,1969-10-10 22:10:00,CST,1969-10-10 22:10:00,0,0,0,0,250K,0,,F2,Unknown,2.7,100,,,,,38.97,-90.98,38.98,-90.93,,,MO,1969-10-10 23:10:00,1969-10-10 23:10:00,True,True
,10078207,New Mexico,59,Union,,1969-06-03 23:00:00,CST,1969-06-03 23:00:00,0,0,0,0,.03K,0,,F0,Unknown,0.0,33,,,,,35.9,-103.2,,,,,NM,1969-06-04 00:00:00,1969-06-04 00:00:00,True,True
,10078209,New Mexico,33,Mora,,1969-06-08 14:30:00,CST,1969-06-08 14:30:00,0,0,0,0,0K,0,,F0,Unknown,0.0,33,,,,,36.0,-104.7,,,,,NM,1969-06-08 15:30:00,1969-06-08 15:30:00,True,True
,9984410,Arkansas,69,Jefferson,,1969-08-16 20:30:00,CST,1969-08-16 20:30:00,0,0,0,0,25K,0,,F2,Unknown,0.0,33,,,,,34.1,-91.75,,,,,AR,1969-08-16 21:30:00,1969-08-16 21:30:00,True,True
,9984412,Arkansas,45,Faulkner,,1969-10-06 18:40:00,CST,1969-10-06 18:40:00,1,0,0,0,2.5K,0,,F2,Unknown,9.4,33,,,,,35.1,-92.42,35.1,-92.25,,,AR,1969-10-06 19:40:00,1969-10-06 19:40:00,True,True
,10050840,Mississippi,47,Harrison,,1969-05-17 05:00:00,CST,1969-05-17 05:00:00,0,0,0,0,0K,0,,,Unknown,0.0,33,,,,,30.32,-89.23,,,,,MS,1969-05-17 06:00:00,1969-05-17 06:00:00,True,True
,10050841,Mississippi,51,Holmes,,1969-05-17 17:08:00,CST,1969-05-17 17:08:00,0,0,0,0,0K,0,,F0,Unknown,0.0,33,,,,,30.15,-89.85,,,,,MS,1969-05-17 18:08:00,1969-05-17 18:08:00,True,True
,10050842,Mississippi,27,Coahoma,,1969-05-17 18:10:00,CST,1969-05-17 18:10:00,0,0,0,0,0K,0,,F1,Unknown,0.0,33,,,,,34.25,-90.52,,,,,MS,1969-05-17 19:10:00,1969-05-17 19:10:00,True,True
,10112381,South Dakota,63,Harding,,1969-07-07 17:15:00,CST,1969-07-07 17:15:00,0,0,0,0,25K,0,,F4,Unknown,1.8,133,,,,,45.28,-103.75,,,,,SD,1969-07-07 18:15:00,1969-07-07 18:15:00,True,True
,10112382,South Dakota,81,Lawrence,,1969-07-07 21:05:00,CST,1969-07-07 21:05:00,0,0,0,0,0K,0,,F2,Unknown,0.0,33,,,,,45.8,-101.0,,,,,SD,1969-07-07 22:05:00,1969-07-07 22:05:00,True,True
,10093030,Oklahoma,51,Grady,,1969-04-26 17:00:00,CST,1969-04-26 17:00:00,0,0,0,0,250K,0,,F1,Unknown,10.4,33,,,,,34.93,-97.92,35.05,-97.8,,,OK,1969-04-26 17:00:00,1969-04-26 17:00:00,False,False
,10093032,Oklahoma,9,Beckham,,1969-05-02 20:52:00,CST,1969-05-02 20:52:00,0,0,0,0,0K,0,,F0,Unknown,0.0,33,,,,,35.27,-99.9,,,,,OK,1969-05-02 21:52:00,1969-05-02 21:52:00,True,True
,10093033,Oklahoma,51,Grady,,1969-05-03 14:00:00,CST,1969-05-03 14:00:00,0,0,0,0,0K,0,,F1,Unknown,0.0,33,,,,,35.1,-98.1,,,,,OK,1969-05-03 15:00:00,1969-05-03 15:00:00,True,True
,10041592,Michigan,73,Isabella,,1969-04-09 20:25:00,CST,1969-04-09 20:25:00,0,0,0,0,25K,0,,F1,Unknown,0.5,7,,,,,43.6,-84.78,,,,,MI,1969-04-09 20:25:00,1969-04-09 20:25:00,False,False
,10041593,Michigan,23,Branch,,1969-04-15 17:45:00,CST,1969-04-15 17:45:00,0,0,0,0,2.5K,0,,F1,Unknown,0.5,7,,,,,41.95,-85.03,,,,,MI,1969-04-15 17:45:00,1969-04-15 17:45:00,False,False
,10050832,Mississippi,5,Amite,,1969-05-08 14:00:00,CST,1969-05-08 14:00:00,0,0,0,0,0K,0,,F1,Unknown,0.0,33,,,,,31.2,-90.92,,,,,MS,1969-05-08 15:00:00,1969-05-08 15:00:00,True,True
,10050833,Mississippi,23,Clarke,,1969-05-08 15:15:00,CST,1969-05-08 15:15:00,0,0,0,0,0K,0,,F2,Unknown,10.4,100,,,,,32.03,-88.63,32.08,-88.47,,,MS,1969-05-08 16:15:00,1969-05-08 16:15:00,True,True
,10050834,Mississippi,147,Walthall,,1969-05-08 15:30:00,CST,1969-05-08 15:30:00,0,0,0,0,2.5K,0,,F1,Unknown,0.5,100,,,,,31.05,-89.88,,,,,MS,1969-05-08 16:30:00,1969-05-08 16:30:00,True,True
,10050835,Mississippi,109,Pearl River,,1969-05-08 15:40:00,CST,1969-05-08 15:40:00,0,0,0,0,25K,0,,F2,Unknown,2.0,30,,,,,30.88,-89.38,,,,,MS,1969-05-08 16:40:00,1969-05-08 16:40:00,True,True
,10050836,Mississippi,59,Jackson,,1969-05-08 17:00:00,CST,1969-05-08 17:00:00,1,0,0,0,0K,0,,F1,Unknown,0.0,33,,,,,30.53,-88.55,,,,,MS,1969-05-08 18:00:00,1969-05-08 18:00:00,True,True
,10058901,Missouri,161,Phelps,,1969-08-20 13:00:00,CST,1969-08-20 13:00:00,0,0,0,0,2.5K,0,,F1,Unknown,0.1,17,,,,,37.95,-91.77,,,,,MO,1969-08-20 14:00:00,1969-08-20 14:00:00,True,True
,10054558,Minnesota,37,Dakota,,1969-07-13 06:29:00,CST,1969-07-13 06:29:00,3,0,0,0,25K,0,,F1,Unknown,0.5,20,,,,,44.62,-93.27,,,,,MN,1969-07-13 07:29:00,1969-07-13 07:29:00,True,True
,10049737,Mississippi,63,Jefferson,,1969-01-23 05:25:00,CST,1969-01-23 05:25:00,0,0,0,0,250K,0,,F4,Unknown,19.5,200,,,,,31.68,-91.05,31.77,-90.73,,,MS,1969-01-23 05:25:00,1969-01-23 05:25:00,False,False
,10049738,Mississippi,29,Copiah,,1969-01-23 06:25:00,CST,1969-01-23 06:25:00,140,0,11,0,250K,0,,F4,Unknown,34.5,200,,,,,31.77,-90.73,31.9,-90.17,,,MS,1969-01-23 06:25:00,1969-01-23 06:25:00,False,False
,10049740,Mississippi,121,Rankin,,1969-01-23 07:15:00,CST,1969-01-23 07:15:00,1,0,0,0,250K,0,,F4,Unknown,5.6,200,,,,,32.05,-89.82,32.08,-89.73,,,MS,1969-01-23 07:15:00,1969-01-23 07:15:00,False,False
,10049741,Mississippi,129,Smith,,1969-01-23 07:25:00,CST,1969-01-23 07:25:00,35,0,9,0,250K,0,,F4,Unknown,14.9,200,,,,,32.08,-89.73,32.22,-89.53,,,MS,1969-01-23 07:25:00,1969-01-23 07:25:00,False,False
,10049742,Mississippi,123,Scott,,1969-01-23 07:45:00,CST,1969-01-23 07:45:00,0,0,0,0,250K,0,,F4,Unknown,20.3,200,,,,,32.22,-89.53,32.3,-89.2,,,MS,1969-01-23 07:45:00,1969-01-23 07:45:00,False,False
,10049744,Mississippi,7,Attala,,1969-03-23 14:30:00,CST,1969-03-23 14:30:00,0,0,0,0,2.5K,0,,F1,Unknown,0.1,3,,,,,33.28,-89.58,,,,,MS,1969-03-23 14:30:00,1969-03-23 14:30:00,False,False
,10084341,Ohio,121,Noble,,1969-03-24 15:00:00,CST,1969-03-24 15:00:00,0,0,0,0,2.5K,0,,F1,Unknown,0.5,33,,,,,39.8,-81.5,,,,,OH,1969-03-24 15:00:00,1969-03-24 15:00:00,False,False
,10084342,Ohio,171,Williams,,1969-04-17 19:30:00,CST,1969-04-17 19:30:00,0,0,0,0,25K,0,,F1,Unknown,0.0,300,,,,,41.6,-84.8,,,,,OH,1969-04-17 19:30:00,1969-04-17 19:30:00,False,False
,10044828,Maine,13,Knox,,1969-08-08 22:00:00,CST,1969-08-08 22:00:00,0,0,0,0,25K,0,,,Unknown,1.0,50,,,,,44.0,-69.1,,,,,ME,1969-08-08 23:00:00,1969-08-08 23:00:00,True,True
,10084346,Ohio,113,Montgomery,,1969-05-08 16:00:00,CST,1969-05-08 16:00:00,25,0,0,0,2.5M,0,,F3,Unknown,1.9,150,,,,,39.67,-84.13,39.7,-84.1,,,OH,1969-05-08 17:00:00,1969-05-08 17:00:00,True,True
,10084349,Ohio,67,Harrison,,1969-05-08 18:35:00,CST,1969-05-08 18:35:00,14,0,1,0,250K,0,,F3,Unknown,2.0,300,,,,,40.3,-81.2,,,,,OH,1969-05-08 19:35:00,1969-05-08 19:35:00,True,True
,10084350,Ohio,111,Monroe,,1969-05-08 19:30:00,CST,1969-05-08 19:30:00,0,0,0,0,250K,0,,F1,Unknown,1.0,67,,,,,39.8,-81.2,,,,,OH,1969-05-08 20:30:00,1969-05-08 20:30:00,True,True
,10084368,Ohio,173,Wood,,1969-05-18 17:40:00,CST,1969-05-18 17:40:00,3,0,0,0,2.5K,0,,F0,Unknown,0.0,17,,,,,41.5,-83.7,,,,,OH,1969-05-18 18:40:00,1969-05-18 18:40:00,True,True
,10084372,Ohio,51,Fulton,,1969-06-01 13:29:00,CST,1969-06-01 13:29:00,0,0,0,0,2.5K,0,,F1,Unknown,0.0,33,,,,,41.7,-84.2,,,,,OH,1969-06-01 14:29:00,1969-06-01 14:29:00,True,True
,10079620,New Mexico,41,Roosevelt,,1969-05-04 01:01:00,CST,1969-05-04 01:01:00,2,0,0,0,0K,0,,F0,Unknown,0.0,33,,,,,34.58,-103.8,,,,,NM,1969-05-04 02:01:00,1969-05-04 02:01:00,True,True
,10079622,New Mexico,41,Roosevelt,,1969-05-05 19:00:00,CST,1969-05-05 19:00:00,0,0,0,0,0K,0,,F0,Unknown,5.0,867,,,,,34.2,-103.3,,,,,NM,1969-05-05 20:00:00,1969-05-05 20:00:00,True,True
,10079623,New Mexico,9,Curry,,1969-05-05 21:00:00,CST,1969-05-05 21:00:00,0,0,0,0,0K,0,,F0,Unknown,0.0,33,,,,,34.42,-103.57,,,,,NM,1969-05-05 22:00:00,1969-05-05 22:00:00,True,True
,10079624,New Mexico,41,Roosevelt,,1969-05-06 15:00:00,CST,1969-05-06 15:00:00,0,0,0,0,0K,0,,F0,Unknown,0.0,33,,,,,34.6,-103.6,,,,,NM,1969-05-06 16:00:00,1969-05-06 16:00:00,True,True
,10079625,New Mexico,7,Colfax,,1969-05-16 12:00:00,CST,1969-05-16 12:00:00,0,0,0,0,0K,0,,F0,Unknown,0.0,33,,,,,36.3,-104.6,,,,,NM,1969-05-16 13:00:00,1969-05-16 13:00:00,True,True
,10110382,South Carolina,31,Darlington,,1969-10-02 04:30:00,CST,1969-10-02 04:30:00,0,0,0,0,2.5K,0,,F0,Unknown,0.0,33,,,,,34.52,-79.85,,,,,SC,1969-10-02 05:30:00,1969-10-02 05:30:00,True,True
,10093035,Oklahoma,67,Jefferson,,1969-05-06 17:15:00,CST,1969-05-06 17:15:00,0,0,0,0,0K,0,,F0,Unknown,0.0,33,,,,,34.2,-97.6,,,,,OK,1969-05-06 18:15:00,1969-05-06 18:15:00,True,True
,10093044,Oklahoma,55,Greer,,1969-05-13 21:00:00,CST,1969-05-13 21:00:00,0,0,0,0,0K,0,,F0,Unknown,0.0,33,,,,,34.88,-99.72,,,,,OK,1969-05-13 22:00:00,1969-05-13 22:00:00,True,True
,10093046,Oklahoma,9,Beckham,,1969-05-15 00:01:00,CST,1969-05-15 00:01:00,0,0,0,0,0K,0,,F0,Unknown,0.0,33,,,,,35.25,-99.9,,,,,OK,1969-05-15 01:01:00,1969-05-15 01:01:00,True,True
,10084355,Ohio,165,Warren,,1969-05-10 14:40:00,CST,1969-05-10 14:40:00,10,0,0,0,250K,0,,F3,Unknown,19.4,400,,,,,39.42,-84.33,39.53,-84.0,,,OH,1969-05-10 15:40:00,1969-05-10 15:40:00,True,True
,10084357,Ohio,27,Clinton,,1969-05-10 15:00:00,CST,1969-05-10 15:00:00,0,0,0,0,.25K,0,,F3,Unknown,4.1,400,,,,,39.53,-84.0,39.55,-83.92,,,OH,1969-05-10 16:00:00,1969-05-10 16:00:00,True,True
,10084358,Ohio,57,Greene,,1969-05-10 15:10:00,CST,1969-05-10 15:10:00,6,0,0,0,.25K,0,,F3,Unknown,7.2,400,,,,,39.55,-83.92,39.58,-83.78,,,OH,1969-05-10 16:10:00,1969-05-10 16:10:00,True,True
,10084359,Ohio,101,Marion,,1969-05-10 15:15:00,CST,1969-05-10 15:15:00,0,0,0,0,25K,0,,F1,Unknown,2.0,150,,,,,40.6,-83.35,,,,,OH,1969-05-10 16:15:00,1969-05-10 16:15:00,True,True
,10084360,Ohio,101,Marion,,1969-05-10 15:30:00,CST,1969-05-10 15:30:00,0,0,0,0,2.5K,0,,F1,Unknown,1.0,160,,,,,40.43,-83.15,,,,,OH,1969-05-10 16:30:00,1969-05-10 16:30:00,True,True
,10084365,Ohio,151,Stark,,1969-05-10 17:55:00,CST,1969-05-10 17:55:00,0,0,0,0,25K,0,,F1,Unknown,0.0,33,,,,,40.8,-81.2,,,,,OH,1969-05-10 18:55:00,1969-05-10 18:55:00,True,True
,10058634,Missouri,147,Nodaway,,1969-06-29 19:57:00,CST,1969-06-29 19:57:00,0,0,0,0,250K,0,,F2,Unknown,5.1,100,,,,,40.25,-94.62,40.28,-94.52,,,MO,1969-06-29 20:57:00,1969-06-29 20:57:00,True,True
,10116394,South Dakota,117,Stanley,,1969-08-08 23:35:00,CST,1969-08-08 23:35:00,3,0,0,0,25K,0,,F1,Unknown,0.0,33,,,,,44.65,-101.03,,,,,SD,1969-08-09 00:35:00,1969-08-09 00:35:00,True,True
,10093927,Oklahoma,47,Garfield,,1969-06-11 15:00:00,CST,1969-06-11 15:00:00,0,0,0,0,0K,0,,F0,Unknown,0.0,33,,,,,36.45,-98.02,,,,,OK,1969-06-11 16:00:00,1969-06-11 16:00:00,True,True
,10110901,South Dakota,85,Lyman,,1969-07-10 14:45:00,CST,1969-07-10 14:45:00,0,0,0,0,0K,0,,F1,Unknown,2.3,33,,,,,43.7,-100.13,43.72,-100.07,,,SD,1969-07-10 15:45:00,1969-07-10 15:45:00,True,True
,10110940,South Dakota,35,Davison,,1969-08-08 18:45:00,CST,1969-08-08 18:45:00,1,0,0,0,25K,0,,F2,Unknown,34.3,33,,,,,43.7,-98.0,43.63,-97.32,,,SD,1969-08-08 19:45:00,1969-08-08 19:45:00,True,True
,10110946,South Dakota,127,Union,,1969-08-08 21:00:00,CST,1969-08-08 21:00:00,0,0,0,0,0K,0,,,Unknown,0.0,33,,,,,42.6,-99.6,,,,,SD,1969-08-08 22:00:00,1969-08-08 22:00:00,True,True
,10110902,South Dakota,11,Brookings,,1969-07-13 16:45:00,CST,1969-07-13 16:45:00,0,0,0,0,0K,0,,F0,Unknown,0.0,33,,,,,44.4,-96.7,,,,,SD,1969-07-13 17:45:00,1969-07-13 17:45:00,True,True
,10110903,South Dakota,101,Moody,,1969-07-13 17:20:00,CST,1969-07-13 17:20:00,0,0,0,0,0K,0,,F0,Unknown,0.0,33,,,,,44.0,-96.58,,,,,SD,1969-07-13 18:20:00,1969-07-13 18:20:00,True,True
,10110909,South Dakota,47,Fall River,,1969-07-14 14:00:00,CST,1969-07-14 14:00:00,0,0,0,0,25K,0,,F2,Unknown,0.1,33,,,,,43.37,-103.38,,,,,SD,1969-07-14 15:00:00,1969-07-14 15:00:00,True,True
,10110916,South Dakota,91,Marshall,,1969-07-14 21:30:00,CST,1969-07-14 21:30:00,0,0,0,0,0K,0,,F0,Unknown,13.1,33,,,,,45.72,-97.87,45.77,-97.6,,,SD,1969-07-14 22:30:00,1969-07-14 22:30:00,True,True
,10110920,South Dakota,33,Custer,,1969-07-15 19:00:00,CST,1969-07-15 19:00:00,0,0,0,0,25K,0,,F1,Unknown,0.0,33,,,,,43.48,-103.17,,,,,SD,1969-07-15 20:00:00,1969-07-15 20:00:00,True,True
,10057725,Missouri,221,Washington,,1969-06-22 17:40:00,CST,1969-06-22 17:40:00,22,0,2,0,2.5M,0,,F4,Unknown,20.2,800,,,,,37.95,-91.1,38.0,-90.73,,,MO,1969-06-22 18:40:00,1969-06-22 18:40:00,True,True
,10057773,Missouri,147,Nodaway,,1969-06-29 18:50:00,CST,1969-06-29 18:50:00,0,0,0,0,.03K,0,,F0,Unknown,0.1,10,,,,,40.3,-94.82,,,,,MO,1969-06-29 19:50:00,1969-06-29 19:50:00,True,True
,9980630,Arizona,13,Maricopa,,1969-02-22 14:45:00,CST,1969-02-22 14:45:00,0,0,0,0,0K,0,,,Unknown,0.0,33,,,,,33.73,-112.07,,,,,AZ,1969-02-22 14:45:00,1969-02-22 14:45:00,False,False
,9980633,Arizona,13,Maricopa,,1969-08-01 00:45:00,CST,1969-08-01 00:45:00,2,0,0,0,25K,0,,F1,Unknown,0.0,33,,,,,33.0,-112.8,,,,,AZ,1969-08-01 00:45:00,1969-08-01 00:45:00,False,False
,9980635,Arizona,19,Pima,,1969-08-01 22:00:00,CST,1969-08-01 22:00:00,0,0,0,0,0K,0,,F0,Unknown,0.0,33,,,,,31.9,-110.8,,,,,AZ,1969-08-01 22:00:00,1969-08-01 22:00:00,False,False
,9981716,Arizona,19,Pima,,1969-08-16 20:00:00,CST,1969-08-16 20:00:00,0,0,0,0,250K,0,,F1,Unknown,1.0,33,,,,,31.93,-110.97,,,,,AZ,1969-08-16 20:00:00,1969-08-16 20:00:00,False,False
,10055666,Minnesota,137,St. Louis,,1969-08-06 17:50:00,CST,1969-08-06 17:50:00,3,0,2,0,250K,0,,F3,Unknown,5.7,117,,,,,47.05,-92.15,47.03,-92.02,,,MN,1969-08-06 18:50:00,1969-08-06 18:50:00,True,True
,10055667,Minnesota,137,St. Louis,,1969-08-06 18:00:00,CST,1969-08-06 18:00:00,0,0,0,0,2.5K,0,,F3,Unknown,11.5,200,,,,,47.03,-91.97,47.03,-91.72,,,MN,1969-08-06 19:00:00,1969-08-06 19:00:00,True,True
,10055671,Minnesota,155,Traverse,,1969-09-05 17:55:00,CST,1969-09-05 17:55:00,0,0,0,0,2.5K,0,,F1,Unknown,10.2,100,,,,,46.0,-96.27,45.97,-96.05,,,MN,1969-09-05 18:55:00,1969-09-05 18:55:00,True,True
,10055672,Minnesota,51,Grant,,1969-09-05 18:41:00,CST,1969-09-05 18:41:00,0,0,0,0,2.5K,0,,F1,Unknown,0.5,100,,,,,46.0,-95.97,,,,,MN,1969-09-05 19:41:00,1969-09-05 19:41:00,True,True
,10055673,Minnesota,5,Becker,,1969-09-05 18:45:00,CST,1969-09-05 18:45:00,0,0,0,0,0K,0,,F0,Unknown,0.1,13,,,,,46.92,-95.9,,,,,MN,1969-09-05 19:45:00,1969-09-05 19:45:00,True,True
,10055660,Minnesota,137,St. Louis,,1969-08-06 17:00:00,CST,1969-08-06 17:00:00,0,0,0,0,25K,0,,F2,Unknown,0.0,150,,,,,47.73,-92.28,47.73,-92.22,,,MN,1969-08-06 18:00:00,1969-08-06 18:00:00,True,True
,10055661,Minnesota,137,St. Louis,,1969-08-06 17:00:00,CST,1969-08-06 17:00:00,0,0,0,0,25K,0,,F2,Unknown,0.0,150,,,,,47.77,-92.27,47.77,-92.23,,,MN,1969-08-06 18:00:00,1969-08-06 18:00:00,True,True
,10055662,Minnesota,137,St. Louis,,1969-08-06 17:00:00,CST,1969-08-06 17:00:00,0,0,0,0,250K,0,,F3,Unknown,7.2,220,,,,,47.8,-92.28,47.8,-92.12,,,MN,1969-08-06 18:00:00,1969-08-06 18:00:00,True,True
,10055663,Minnesota,137,St. Louis,,1969-08-06 17:00:00,CST,1969-08-06 17:00:00,20,0,0,0,2.5M,0,,F3,Unknown,18.4,2933,,,,,46.95,-92.98,47.02,-92.6,,,MN,1969-08-06 18:00:00,1969-08-06 18:00:00,True,True
,10055664,Minnesota,137,St. Louis,,1969-08-06 17:15:00,CST,1969-08-06 17:15:00,0,0,0,0,250K,0,,F3,Unknown,3.8,250,,,,,47.82,-92.13,47.8,-92.03,,,MN,1969-08-06 18:15:00,1969-08-06 18:15:00,True,True
,10055665,Minnesota,137,St. Louis,,1969-08-06 17:35:00,CST,1969-08-06 17:35:00,0,0,0,0,25K,0,,F2,Unknown,1.9,193,,,,,47.87,-91.93,47.87,-91.87,,,MN,1969-08-06 18:35:00,1969-08-06 18:35:00,True,True
,10054532,Minnesota,39,Dodge,,1969-05-31 15:45:00,CST,1969-05-31 15:45:00,0,0,0,0,0K,0,,F0,Unknown,0.1,13,,,,,44.0,-92.75,,,,,MN,1969-05-31 16:45:00,1969-05-31 16:45:00,True,True
,10054535,Minnesota,133,Rock,,1969-06-25 12:40:00,CST,1969-06-25 12:40:00,5,0,0,0,250K,0,,F2,Unknown,12.3,120,,,,,43.67,-96.42,43.85,-96.4,,,MN,1969-06-25 13:40:00,1969-06-25 13:40:00,True,True
,10054536,Minnesota,117,Pipestone,,1969-06-25 13:00:00,CST,1969-06-25 13:00:00,0,0,0,0,250K,0,,F2,Unknown,17.0,120,,,,,43.85,-96.4,44.1,-96.38,,,MN,1969-06-25 14:00:00,1969-06-25 14:00:00,True,True
,10054539,Minnesota,67,Kandiyohi,,1969-06-25 15:15:00,CST,1969-06-25 15:15:00,0,0,0,0,2.5K,0,,F0,Unknown,0.3,13,,,,,45.12,-95.12,,,,,MN,1969-06-25 16:15:00,1969-06-25 16:15:00,True,True
,10054545,Minnesota,93,Meeker,,1969-06-25 16:45:00,CST,1969-06-25 16:45:00,0,0,0,0,25K,0,,F1,Unknown,2.5,50,,,,,45.25,-94.7,,,,,MN,1969-06-25 17:45:00,1969-06-25 17:45:00,True,True
,10050815,Mississippi,29,Copiah,,1969-04-13 12:35:00,CST,1969-04-13 12:35:00,5,0,0,0,25K,0,,F2,Unknown,6.1,267,,,,,31.72,-90.28,31.78,-90.22,,,MS,1969-04-13 12:35:00,1969-04-13 12:35:00,False,False
,10050817,Mississippi,77,Lawrence,,1969-04-13 13:50:00,CST,1969-04-13 13:50:00,0,0,0,0,25K,0,,F2,Unknown,5.6,140,,,,,31.63,-90.05,31.7,-90.0,,,MS,1969-04-13 13:50:00,1969-04-13 13:50:00,False,False
,10050818,Mississippi,77,Lawrence,,1969-04-13 14:30:00,CST,1969-04-13 14:30:00,0,0,0,0,25K,0,,,Unknown,4.5,33,,,,,31.5,-90.03,31.55,-89.98,,,MS,1969-04-13 14:30:00,1969-04-13 14:30:00,False,False
,10050819,Mississippi,31,Covington,,1969-04-13 15:00:00,CST,1969-04-13 15:00:00,11,0,0,0,250K,0,,F2,Unknown,3.3,250,,,,,31.75,-89.67,31.78,-89.63,,,MS,1969-04-13 15:00:00,1969-04-13 15:00:00,False,False
,10050820,Mississippi,129,Smith,,1969-04-13 15:05:00,CST,1969-04-13 15:05:00,0,0,0,0,250K,0,,F2,Unknown,4.7,250,,,,,31.78,-89.63,31.83,-89.58,,,MS,1969-04-13 15:05:00,1969-04-13 15:05:00,False,False
,10050821,Mississippi,31,Covington,,1969-04-13 15:25:00,CST,1969-04-13 15:25:00,0,0,0,0,0K,0,,F1,Unknown,0.0,33,,,,,31.77,-89.15,,,,,MS,1969-04-13 15:25:00,1969-04-13 15:25:00,False,False
,10050824,Mississippi,121,Rankin,,1969-04-17 16:55:00,CST,1969-04-17 16:55:00,0,0,0,0,0K,0,,F0,Unknown,0.0,33,,,,,32.17,-90.1,,,,,MS,1969-04-17 16:55:00,1969-04-17 16:55:00,False,False
,10040133,Massachusetts,27,Worcester,,1969-05-29 17:00:00,CST,1969-05-29 17:00:00,0,0,0,0,2.5K,0,,F1,Unknown,1.0,13,,,,,42.3,-72.2,,,,,MA,1969-05-29 18:00:00,1969-05-29 18:00:00,True,True
,10057716,Missouri,165,Platte,,1969-06-22 01:00:00,CST,1969-06-22 01:00:00,0,0,0,0,25K,0,,F1,Unknown,0.3,50,,,,,39.18,-94.6,,,,,MO,1969-06-22 02:00:00,1969-06-22 02:00:00,True,True
,10057722,Missouri,39,Cedar,,1969-06-22 16:30:00,CST,1969-06-22 16:30:00,0,0,0,0,.03K,0,,F0,Unknown,0.3,10,,,,,37.6,-93.9,,,,,MO,1969-06-22 17:30:00,1969-06-22 17:30:00,True,True
,10050596,Mississippi,45,Hancock,,1969-04-13 09:30:00,CST,1969-04-13 09:30:00,0,0,0,0,25K,0,,F1,Unknown,0.1,100,,,,,30.6,-89.32,,,,,MS,1969-04-13 09:30:00,1969-04-13 09:30:00,False,False
,10037119,Kentucky,161,Mason,,1969-07-22 13:30:00,CST,1969-07-22 13:30:00,0,0,0,0,2.5K,0,,F1,Unknown,2.0,30,,,,,38.62,-83.75,,,,,KY,1969-07-22 14:30:00,1969-07-22 14:30:00,True,True
,10058871,Missouri,47,Clay,,1969-07-07 16:30:00,CST,1969-07-07 16:30:00,0,0,0,0,.25K,0,,F1,Unknown,0.1,17,,,,,39.15,-94.57,,,,,MO,1969-07-07 17:30:00,1969-07-07 17:30:00,True,True
,10066730,Nebraska,11,Boone,,1969-06-25 00:30:00,CST,1969-06-25 00:30:00,0,0,0,0,250K,0,,F1,Unknown,13.1,33,,,,,41.63,-98.25,41.68,-98.0,,,NE,1969-06-25 01:30:00,1969-06-25 01:30:00,True,True
,10055656,Minnesota,21,Cass,,1969-08-06 16:10:00,CST,1969-08-06 16:10:00,70,0,12,0,2.5M,0,,F4,Unknown,12.3,833,,,,,46.83,-94.02,46.9,-93.77,,,MN,1969-08-06 17:10:00,1969-08-06 17:10:00,True,True
,10055657,Minnesota,1,Aitkin,,1969-08-06 16:20:00,CST,1969-08-06 16:20:00,0,0,0,0,2.5M,0,,F4,Unknown,10.1,833,,,,,46.9,-93.77,46.97,-93.57,,,MN,1969-08-06 17:20:00,1969-08-06 17:20:00,True,True
,10055658,Minnesota,137,St. Louis,,1969-08-06 16:25:00,CST,1969-08-06 16:25:00,9,0,0,0,2.5M,0,,F3,Unknown,10.0,300,,,,,47.6,-92.83,47.68,-92.65,,,MN,1969-08-06 17:25:00,1969-08-06 17:25:00,True,True
,10055652,Minnesota,7,Beltrami,,1969-08-06 12:15:00,CST,1969-08-06 12:15:00,0,0,0,0,0K,0,,F0,Unknown,0.0,33,,,,,47.5,-94.85,,,,,MN,1969-08-06 13:15:00,1969-08-06 13:15:00,True,True
,10055654,Minnesota,21,Cass,,1969-08-06 15:20:00,CST,1969-08-06 15:20:00,4,0,0,0,2.5M,0,,F3,Unknown,17.3,167,,,,,46.72,-94.73,46.85,-94.42,,,MN,1969-08-06 16:20:00,1969-08-06 16:20:00,True,True
,10055659,Minnesota,1,Aitkin,,1969-08-06 16:50:00,CST,1969-08-06 16:50:00,3,0,1,0,250K,0,,F3,Unknown,12.5,1500,,,,,46.9,-93.45,46.93,-93.18,,,MN,1969-08-06 17:50:00,1969-08-06 17:50:00,True,True
,9987659,Colorado,63,Kit Carson,,1969-06-21 16:55:00,CST,1969-06-21 16:55:00,0,0,0,0,.25K,0,,F0,Unknown,3.3,83,,,,,39.38,-102.3,39.4,-102.23,,,CO,1969-06-21 17:55:00,1969-06-21 17:55:00,True,True
,10066703,Nebraska,67,Gage,,1969-05-31 16:05:00,CST,1969-05-31 16:05:00,0,0,0,0,0K,0,,F0,Unknown,0.0,33,,,,,40.38,-96.73,,,,,NE,1969-05-31 17:05:00,1969-05-31 17:05:00,True,True
,10066708,Nebraska,137,Phelps,,1969-06-10 20:35:00,CST,1969-06-10 20:35:00,0,0,0,0,0K,0,,F2,Unknown,2.0,400,,,,,40.53,-99.63,,,,,NE,1969-06-10 21:35:00,1969-06-10 21:35:00,True,True
,10066714,Nebraska,65,Furnas,,1969-06-22 01:00:00,CST,1969-06-22 01:00:00,0,0,1,0,25K,0,,F2,Unknown,4.1,33,,,,,40.25,-99.65,40.28,-99.57,,,NE,1969-06-22 02:00:00,1969-06-22 02:00:00,True,True
,10066717,Nebraska,125,Nance,,1969-06-22 03:00:00,CST,1969-06-22 03:00:00,0,0,0,0,25K,0,,F1,Unknown,0.0,33,,,,,41.45,-97.77,,,,,NE,1969-06-22 04:00:00,1969-06-22 04:00:00,True,True
,10066724,Nebraska,141,Platte,,1969-06-22 05:30:00,CST,1969-06-22 05:30:00,0,0,0,0,0K,0,,F1,Unknown,0.0,33,,,,,41.7,-97.33,,,,,NE,1969-06-22 06:30:00,1969-06-22 06:30:00,True,True
,10066725,Nebraska,135,Perkins,,1969-06-24 18:30:00,CST,1969-06-24 18:30:00,0,0,0,0,250K,0,,F2,Unknown,9.9,20,,,,,40.8,-101.92,40.85,-101.73,,,NE,1969-06-24 19:30:00,1969-06-24 19:30:00,True,True
,9987666,Colorado,121,Washington,,1969-07-05 17:00:00,CST,1969-07-05 17:00:00,0,0,0,0,2.5K,0,,F0,Unknown,0.0,33,,,,,40.13,-103.2,,,,,CO,1969-07-05 18:00:00,1969-07-05 18:00:00,True,True
,9987667,Colorado,63,Kit Carson,,1969-07-05 19:30:00,CST,1969-07-05 19:30:00,0,0,0,0,25K,0,,F0,Unknown,0.0,33,,,,,39.13,-102.28,,,,,CO,1969-07-05 20:30:00,1969-07-05 20:30:00,True,True
,9987668,Colorado,99,Prowers,,1969-07-14 15:40:00,CST,1969-07-14 15:40:00,0,0,0,0,0K,0,,F0,Unknown,0.0,33,,,,,38.07,-102.35,,,,,CO,1969-07-14 16:40:00,1969-07-14 16:40:00,True,True
,9987669,Colorado,99,Prowers,,1969-07-15 18:30:00,CST,1969-07-15 18:30:00,0,0,0,0,2.5K,0,,F1,Unknown,0.0,33,,,,,38.13,-102.55,,,,,CO,1969-07-15 19:30:00,1969-07-15 19:30:00,True,True
,9987673,Colorado,5,Arapahoe,,1969-08-05 17:40:00,CST,1969-08-05 17:40:00,0,0,0,0,0K,0,,F0,Unknown,0.0,33,,,,,39.67,-104.7,,,,,CO,1969-08-05 18:40:00,1969-08-05 18:40:00,True,True
,9987674,Colorado,5,Arapahoe,,1969-08-05 17:40:00,CST,1969-08-05 17:40:00,0,0,0,0,0K,0,,F0,Unknown,0.0,33,,,,,39.67,-104.7,,,,,CO,1969-08-05 18:40:00,1969-08-05 18:40:00,True,True
,10055641,Minnesota,53,Hennepin,,1969-07-15 15:20:00,CST,1969-07-15 15:20:00,0,0,0,0,2.5K,0,,F0,Unknown,0.5,50,,,,,44.92,-93.58,,,,,MN,1969-07-15 16:20:00,1969-07-15 16:20:00,True,True
,10055642,Minnesota,145,Stearns,,1969-07-15 15:30:00,CST,1969-07-15 15:30:00,0,0,0,0,.25K,0,,F0,Unknown,0.5,50,,,,,45.45,-94.22,,,,,MN,1969-07-15 16:30:00,1969-07-15 16:30:00,True,True
,10055644,Minnesota,37,Dakota,,1969-07-15 19:10:00,CST,1969-07-15 19:10:00,0,0,0,0,2.5K,0,,F1,Unknown,2.0,63,,,,,44.65,-92.87,,,,,MN,1969-07-15 20:10:00,1969-07-15 20:10:00,True,True
,10055645,Minnesota,49,Goodhue,,1969-07-15 21:00:00,CST,1969-07-15 21:00:00,0,0,0,0,25K,0,,F1,Unknown,0.8,20,,,,,44.38,-92.47,,,,,MN,1969-07-15 22:00:00,1969-07-15 22:00:00,True,True
,10055648,Minnesota,87,Mahnomen,,1969-07-26 14:30:00,CST,1969-07-26 14:30:00,0,0,0,0,0K,0,,F0,Unknown,0.3,13,,,,,47.18,-95.9,,,,,MN,1969-07-26 15:30:00,1969-07-26 15:30:00,True,True
,10055649,Minnesota,57,Hubbard,,1969-07-26 15:30:00,CST,1969-07-26 15:30:00,0,0,0,0,2.5K,0,,F1,Unknown,0.5,100,,,,,47.22,-94.87,,,,,MN,1969-07-26 16:30:00,1969-07-26 16:30:00,True,True
,10057748,Missouri,165,Platte,,1969-06-26 18:30:00,CST,1969-06-26 18:30:00,2,0,0,0,25K,0,,F3,Unknown,1.9,100,,,,,39.18,-94.63,39.22,-94.6,,,MO,1969-06-26 19:30:00,1969-06-26 19:30:00,True,True
,10057749,Missouri,47,Clay,,1969-06-26 18:30:00,CST,1969-06-26 18:30:00,3,0,0,0,25K,0,,F3,Unknown,8.2,100,,,,,39.22,-94.6,39.3,-94.48,,,MO,1969-06-26 19:30:00,1969-06-26 19:30:00,True,True
,10057750,Missouri,165,Platte,,1969-06-26 18:35:00,CST,1969-06-26 18:35:00,0,0,0,0,250K,0,,F2,Unknown,0.5,100,,,,,39.23,-94.7,,,,,MO,1969-06-26 19:35:00,1969-06-26 19:35:00,True,True
,10057754,Missouri,47,Clay,,1969-06-26 19:00:00,CST,1969-06-26 19:00:00,0,0,0,0,25K,0,,F1,Unknown,6.2,100,,,,,39.28,-94.28,39.32,-94.17,,,MO,1969-06-26 20:00:00,1969-06-26 20:00:00,True,True
,10057755,Missouri,177,Ray,,1969-06-26 19:00:00,CST,1969-06-26 19:00:00,0,0,0,0,25K,0,,F1,Unknown,0.2,17,,,,,39.42,-94.22,,,,,MO,1969-06-26 20:00:00,1969-06-26 20:00:00,True,True
,10079136,New Hampshire,5,Cheshire,,1969-06-06 16:30:00,CST,1969-06-06 16:30:00,0,0,0,0,2.5K,0,,F2,Unknown,1.5,150,,,,,42.9,-72.2,,,,,NH,1969-06-06 17:30:00,1969-06-06 17:30:00,True,True
,10079137,New Hampshire,9,Grafton,,1969-08-25 15:00:00,CST,1969-08-25 15:00:00,0,0,0,0,25K,0,,,Unknown,5.7,17,,,,,43.87,-71.7,43.95,-71.7,,,NH,1969-08-25 16:00:00,1969-08-25 16:00:00,True,True
,10041219,Maryland,1,Allegany,,1969-07-05 13:15:00,CST,1969-07-05 13:15:00,1,0,0,0,250K,0,,F2,Unknown,0.5,200,,,,,39.67,-78.9,,,,,MD,1969-07-05 14:15:00,1969-07-05 14:15:00,True,True
,10050813,Mississippi,147,Walthall,,1969-04-13 12:15:00,CST,1969-04-13 12:15:00,2,0,0,0,25K,0,,F1,Unknown,0.0,33,,,,,30.97,-90.07,,,,,MS,1969-04-13 12:15:00,1969-04-13 12:15:00,False,False
,10057728,Missouri,187,St. Francois,,1969-06-22 18:35:00,CST,1969-06-22 18:35:00,14,0,4,0,2.5M,0,,F4,Unknown,7.2,440,,,,,37.73,-90.55,37.73,-90.42,,,MO,1969-06-22 19:35:00,1969-06-22 19:35:00,True,True
,10057729,Missouri,187,St. Francois,,1969-06-22 18:45:00,CST,1969-06-22 18:45:00,0,0,0,0,2.5M,0,,F4,Unknown,5.6,440,,,,,37.73,-90.42,37.72,-90.32,,,MO,1969-06-22 19:45:00,1969-06-22 19:45:00,True,True
,10072370,Montana,85,Roosevelt,,1969-09-21 00:30:00,CST,1969-09-21 00:30:00,0,0,0,0,25K,0,,F2,Unknown,1.0,33,,,,,48.3,-104.6,,,,,MT,1969-09-21 01:30:00,1969-09-21 01:30:00,True,True
,9979576,Alabama,55,Etowah,,1969-12-30 13:45:00,CST,1969-12-30 13:45:00,2,0,0,0,250K,0,,F2,Unknown,7.1,100,,,,,33.9,-86.0,34.0,-86.02,,,AL,1969-12-30 13:45:00,1969-12-30 13:45:00,False,False
,10041229,Maryland,13,Carroll,,1969-07-27 19:15:00,CST,1969-07-27 19:15:00,0,0,0,0,25K,0,,F1,Unknown,1.0,10,,,,,39.6,-76.83,,,,,MD,1969-07-27 20:15:00,1969-07-27 20:15:00,True,True
,10066728,Nebraska,61,Franklin,,1969-06-24 21:30:00,CST,1969-06-24 21:30:00,0,0,0,0,25K,0,,F2,Unknown,15.7,33,,,,,40.22,-99.15,40.43,-99.05,,,NE,1969-06-24 22:30:00,1969-06-24 22:30:00,True,True
,10066731,Nebraska,119,Madison,,1969-06-25 00:30:00,CST,1969-06-25 00:30:00,0,0,0,0,25K,0,,F2,Unknown,20.5,33,,,,,41.75,-97.77,41.93,-97.45,,,NE,1969-06-25 01:30:00,1969-06-25 01:30:00,True,True
,9987641,Colorado,35,Douglas,,1969-05-05 17:40:00,CST,1969-05-05 17:40:00,0,0,0,0,0K,0,,F0,Unknown,0.0,33,,,,,39.63,-104.75,,,,,CO,1969-05-05 18:40:00,1969-05-05 18:40:00,True,True
,9987642,Colorado,95,Phillips,,1969-05-07 13:18:00,CST,1969-05-07 13:18:00,0,0,0,0,0K,0,,F0,Unknown,0.0,33,,,,,40.6,-102.62,,,,,CO,1969-05-07 14:18:00,1969-05-07 14:18:00,True,True
,9979574,Alabama,3,Baldwin,,1969-08-22 16:15:00,CST,1969-08-22 16:15:00,0,0,0,0,.03K,0,,F1,Unknown,0.0,33,,,,,30.7,-87.9,,,,,AL,1969-08-22 17:15:00,1969-08-22 17:15:00,True,True
,9979575,Alabama,15,Calhoun,,1969-12-30 13:45:00,CST,1969-12-30 13:45:00,0,0,0,0,250K,0,,F2,Unknown,8.6,100,,,,,33.78,-86.05,33.9,-86.0,,,AL,1969-12-30 13:45:00,1969-12-30 13:45:00,False,False
,9979568,Alabama,97,Mobile,,1969-07-27 15:30:00,CST,1969-07-27 15:30:00,0,0,0,0,25K,0,,F1,Unknown,0.3,37,,,,,30.6,-88.15,,,,,AL,1969-07-27 16:30:00,1969-07-27 16:30:00,True,True
,9987648,Colorado,9,Baca,,1969-05-31 17:15:00,CST,1969-05-31 17:15:00,0,0,0,0,25K,0,,F1,Unknown,0.3,50,,,,,37.37,-102.62,,,,,CO,1969-05-31 18:15:00,1969-05-31 18:15:00,True,True
,10058890,Missouri,21,Buchanan,,1969-07-26 19:26:00,CST,1969-07-26 19:26:00,0,0,0,0,250K,0,,F2,Unknown,0.1,20,,,,,39.78,-94.82,,,,,MO,1969-07-26 20:26:00,1969-07-26 20:26:00,True,True
,10006596,Indiana,81,Johnson,,1969-05-10 12:40:00,CST,1969-05-10 12:40:00,0,0,0,0,250K,0,,F2,Unknown,33.2,33,,,,,39.48,-86.05,39.62,-85.45,,,IN,1969-05-10 13:40:00,1969-05-10 13:40:00,True,True
,10006597,Indiana,5,Bartholomew,,1969-05-10 13:20:00,CST,1969-05-10 13:20:00,0,0,0,0,250K,0,,F2,Unknown,6.4,33,,,,,39.22,-85.78,39.18,-85.67,,,IN,1969-05-10 14:20:00,1969-05-10 14:20:00,True,True
,10033175,Louisiana,19,Calcasieu,,1969-03-23 12:10:00,CST,1969-03-23 12:10:00,0,0,0,0,2.5K,0,,F0,Unknown,0.5,33,,,,,30.15,-93.05,,,,,LA,1969-03-23 12:10:00,1969-03-23 12:10:00,False,False
,10033176,Louisiana,19,Calcasieu,,1969-03-23 12:20:00,CST,1969-03-23 12:20:00,0,0,0,0,2.5K,0,,F1,Unknown,0.5,33,,,,,30.1,-93.0,,,,,LA,1969-03-23 12:20:00,1969-03-23 12:20:00,False,False
,10085464,Ohio,85,Lake,,1969-07-04 18:10:00,CST,1969-07-04 18:10:00,40,0,0,0,250K,0,,F2,Unknown,7.2,100,,,,,41.8,-81.25,41.75,-81.12,,,OH,1969-07-04 19:10:00,1969-07-04 19:10:00,True,True
,9999327,Florida,21,Collier,,1969-12-10 12:09:00,CST,1969-12-10 12:09:00,0,0,0,0,2.5K,0,,,Unknown,0.0,33,,,,,26.42,-81.4,,,,,FL,1969-12-10 12:09:00,1969-12-10 12:09:00,False,False
,9999331,Florida,113,Santa Rosa,,1969-12-21 09:05:00,CST,1969-12-21 09:05:00,0,0,0,0,2.5K,0,,F2,Unknown,0.0,33,,,,,30.4,-86.85,,,,,FL,1969-12-21 09:05:00,1969-12-21 09:05:00,False,False
,9999332,Florida,37,Franklin,,1969-12-21 15:45:00,CST,1969-12-21 15:45:00,0,0,0,0,2.5K,0,,F1,Unknown,0.0,33,,,,,29.6,-84.95,,,,,FL,1969-12-21 15:45:00,1969-12-21 15:45:00,False,False
,9999334,Florida,33,Escambia,,1969-12-25 12:05:00,CST,1969-12-25 12:05:00,0,0,0,0,.25K,0,,F1,Unknown,0.0,33,,,,,30.3,-87.3,,,,,FL,1969-12-25 12:05:00,1969-12-25 12:05:00,False,False
,9999335,Florida,33,Escambia,,1969-12-25 12:15:00,CST,1969-12-25 12:15:00,0,0,0,0,0K,0,,F0,Unknown,0.0,33,,,,,30.5,-87.33,,,,,FL,1969-12-25 12:15:00,1969-12-25 12:15:00,False,False
,9999337,Florida,91,Okaloosa,,1969-12-25 13:20:00,CST,1969-12-25 13:20:00,0,0,0,0,0K,0,,,Unknown,0.0,33,,,,,30.38,-86.47,,,,,FL,1969-12-25 13:20:00,1969-12-25 13:20:00,False,False
,9999339,Florida,77,Liberty,,1969-12-25 15:15:00,CST,1969-12-25 15:15:00,0,0,0,0,0K,0,,F0,Unknown,0.0,33,,,,,30.42,-84.98,,,,,FL,1969-12-25 15:15:00,1969-12-25 15:15:00,False,False
,9999340,Florida,77,Liberty,,1969-12-25 15:15:00,CST,1969-12-25 15:15:00,0,0,0,0,0K,0,,F0,Unknown,0.0,33,,,,,30.4,-85.0,,,,,FL,1969-12-25 15:15:00,1969-12-25 15:15:00,False,False
,9999341,Florida,77,Liberty,,1969-12-25 15:15:00,CST,1969-12-25 15:15:00,0,0,0,0,25K,0,,F1,Unknown,0.0,33,,,,,30.4,-84.97,,,,,FL,1969-12-25 15:15:00,1969-12-25 15:15:00,False,False
,9999342,Florida,39,Gadsden,,1969-12-25 15:15:00,CST,1969-12-25 15:15:00,0,0,0,0,250K,0,,F2,Unknown,0.0,50,,,,,30.58,-84.6,,,,,FL,1969-12-25 15:15:00,1969-12-25 15:15:00,False,False
,9999344,Florida,79,Madison,,1969-12-25 18:30:00,CST,1969-12-25 18:30:00,1,0,0,0,2.5K,0,,F2,Unknown,0.0,33,,,,,30.4,-83.3,,,,,FL,1969-12-25 18:30:00,1969-12-25 18:30:00,False,False
,9999345,Florida,1,Alachua,,1969-12-25 19:25:00,CST,1969-12-25 19:25:00,0,0,0,0,2.5K,0,,F1,Unknown,0.0,33,,,,,29.6,-82.48,,,,,FL,1969-12-25 19:25:00,1969-12-25 19:25:00,False,False
,10094146,Oklahoma,13,Bryan,,1969-06-14 03:00:00,CST,1969-06-14 03:00:00,0,0,0,0,25K,0,,F2,Unknown,12.8,100,,,,,33.9,-96.48,33.98,-96.28,,,OK,1969-06-14 04:00:00,1969-06-14 04:00:00,True,True
,10094155,Oklahoma,81,Lincoln,,1969-06-22 20:30:00,CST,1969-06-22 20:30:00,0,0,0,0,2.5K,0,,F2,Unknown,0.0,33,,,,,35.48,-96.77,,,,,OK,1969-06-22 21:30:00,1969-06-22 21:30:00,True,True
,10094164,Oklahoma,45,Ellis,,1969-06-23 17:00:00,CST,1969-06-23 17:00:00,0,0,0,0,0K,0,,F0,Unknown,0.0,33,,,,,36.3,-99.8,,,,,OK,1969-06-23 18:00:00,1969-06-23 18:00:00,True,True
,10094167,Oklahoma,37,Creek,,1969-06-23 18:00:00,CST,1969-06-23 18:00:00,0,0,0,0,0K,0,,F1,Unknown,0.0,33,,,,,36.0,-96.5,,,,,OK,1969-06-23 19:00:00,1969-06-23 19:00:00,True,True
,10094169,Oklahoma,103,Noble,,1969-06-23 18:10:00,CST,1969-06-23 18:10:00,0,0,0,0,0K,0,,F0,Unknown,0.0,33,,,,,36.23,-97.37,,,,,OK,1969-06-23 19:10:00,1969-06-23 19:10:00,True,True
,10005351,Indiana,99,Marshall,,1969-06-30 09:15:00,CST,1969-06-30 09:15:00,0,0,0,0,25K,0,,F1,Unknown,0.0,33,,,,,41.35,-86.32,,,,,IN,1969-06-30 10:15:00,1969-06-30 10:15:00,True,True
,10005352,Indiana,141,St. Joseph,,1969-06-30 10:30:00,CST,1969-06-30 10:30:00,0,0,0,0,25K,0,,F1,Unknown,0.0,33,,,,,41.67,-86.25,,,,,IN,1969-06-30 11:30:00,1969-06-30 11:30:00,True,True
,9995275,Georgia,35,Butts,,1969-05-18 13:30:00,CST,1969-05-18 13:30:00,0,0,0,0,2.5K,0,,F2,Unknown,15.9,50,,,,,33.33,-83.92,33.53,-83.78,,,GA,1969-05-18 14:30:00,1969-05-18 14:30:00,True,True
,9995276,Georgia,297,Walton,,1969-05-18 14:30:00,CST,1969-05-18 14:30:00,0,0,0,0,25K,0,,F1,Unknown,0.8,50,,,,,33.75,-83.67,,,,,GA,1969-05-18 15:30:00,1969-05-18 15:30:00,True,True
,10086818,North Dakota,57,Mercer,,1969-08-12 23:55:00,CST,1969-08-12 23:55:00,0,0,0,0,25K,0,,F1,Unknown,7.6,50,,,,,47.6,-100.7,47.7,-100.62,,,ND,1969-08-13 00:55:00,1969-08-13 00:55:00,True,True
,10086820,North Dakota,101,Ward,,1969-08-21 17:00:00,CST,1969-08-21 17:00:00,0,0,0,0,0K,0,,F0,Unknown,0.1,10,,,,,48.0,-101.8,,,,,ND,1969-08-21 18:00:00,1969-08-21 18:00:00,True,True
,10094195,Oklahoma,65,Jackson,,1969-07-25 17:30:00,CST,1969-07-25 17:30:00,0,0,0,0,25K,0,,F2,Unknown,0.8,40,,,,,34.57,-99.23,,,,,OK,1969-07-25 18:30:00,1969-07-25 18:30:00,True,True
,10023382,Kansas,169,Saline,,1969-06-21 22:40:00,CST,1969-06-21 22:40:00,60,0,0,0,25M,0,,F3,Unknown,2.0,100,,,,,38.82,-97.63,,,,,KS,1969-06-21 23:40:00,1969-06-21 23:40:00,True,True
,10033174,Louisiana,19,Calcasieu,,1969-03-23 11:20:00,CST,1969-03-23 11:20:00,0,0,0,0,2.5K,0,,F1,Unknown,0.5,33,,,,,30.2,-93.52,,,,,LA,1969-03-23 11:20:00,1969-03-23 11:20:00,False,False
,10021158,Kansas,101,Lane,,1969-07-09 14:45:00,CST,1969-07-09 14:45:00,0,0,0,0,0K,0,,F1,Unknown,1.0,100,,,,,38.52,-100.3,,,,,KS,1969-07-09 15:45:00,1969-07-09 15:45:00,True,True
,10021159,Kansas,161,Riley,,1969-07-09 15:30:00,CST,1969-07-09 15:30:00,0,0,0,0,0K,0,,F0,Unknown,0.0,33,,,,,39.15,-96.73,,,,,KS,1969-07-09 16:30:00,1969-07-09 16:30:00,True,True
,10021163,Kansas,45,Douglas,,1969-07-09 16:50:00,CST,1969-07-09 16:50:00,2,0,0,0,250K,0,,F2,Unknown,2.7,33,,,,,38.95,-95.1,38.97,-95.05,,,KS,1969-07-09 17:50:00,1969-07-09 17:50:00,True,True
,10008919,Illinois,183,Vermilion,,1969-07-24 10:55:00,CST,1969-07-24 10:55:00,0,0,0,0,25K,0,,F0,Unknown,0.3,50,,,,,40.08,-87.63,,,,,IL,1969-07-24 11:55:00,1969-07-24 11:55:00,True,True
,10008921,Illinois,43,Du Page,,1969-07-26 15:50:00,CST,1969-07-26 15:50:00,0,0,0,0,25K,0,,F1,Unknown,5.1,37,,,,,41.9,-88.1,41.93,-88.0,,,IL,1969-07-26 15:50:00,1969-07-26 15:50:00,False,False
,10008923,Illinois,181,Union,,1969-08-09 15:28:00,CST,1969-08-09 15:28:00,0,0,0,0,2.5K,0,,F0,Unknown,0.0,33,,,,,37.42,-89.2,,,,,IL,1969-08-09 16:28:00,1969-08-09 16:28:00,True,True
,10008926,Illinois,91,Kankakee,,1969-09-04 17:20:00,CST,1969-09-04 17:20:00,0,0,0,0,25K,0,,F2,Unknown,2.5,33,,,,,41.02,-87.75,,,,,IL,1969-09-04 18:20:00,1969-09-04 18:20:00,True,True
,10008927,Illinois,105,Livingston,,1969-09-04 18:30:00,CST,1969-09-04 18:30:00,0,0,0,0,25K,0,,F1,Unknown,0.0,33,,,,,41.1,-88.43,,,,,IL,1969-09-04 19:30:00,1969-09-04 19:30:00,True,True
,10008931,Illinois,13,Calhoun,,1969-10-10 19:00:00,CST,1969-10-10 19:00:00,4,0,0,0,25K,0,,F2,Unknown,0.3,100,,,,,39.23,-90.73,,,,,IL,1969-10-10 20:00:00,1969-10-10 20:00:00,True,True
,10006583,Indiana,53,Grant,,1969-04-17 17:30:00,CST,1969-04-17 17:30:00,0,0,0,0,.03K,0,,F0,Unknown,0.1,3,,,,,40.38,-85.8,,,,,IN,1969-04-17 17:30:00,1969-04-17 17:30:00,False,False
,10006584,Indiana,113,Noble,,1969-04-17 19:12:00,CST,1969-04-17 19:12:00,0,0,0,0,0K,0,,F0,Unknown,0.1,7,,,,,41.45,-85.27,,,,,IN,1969-04-17 19:12:00,1969-04-17 19:12:00,False,False
,10006585,Indiana,33,De Kalb,,1969-04-21 11:15:00,CST,1969-04-21 11:15:00,0,0,0,0,25K,0,,F0,Unknown,0.1,10,,,,,41.43,-85.05,,,,,IN,1969-04-21 11:15:00,1969-04-21 11:15:00,False,False
,10006592,Indiana,121,Parke,,1969-05-10 11:15:00,CST,1969-05-10 11:15:00,0,0,0,0,2.5K,0,,F0,Unknown,0.1,20,,,,,39.73,-87.08,,,,,IN,1969-05-10 12:15:00,1969-05-10 12:15:00,True,True
,10006593,Indiana,133,Putnam,,1969-05-10 11:35:00,CST,1969-05-10 11:35:00,7,0,0,0,250K,0,,F2,Unknown,16.5,400,,,,,39.57,-86.97,39.63,-86.67,,,IN,1969-05-10 12:35:00,1969-05-10 12:35:00,True,True
,10006595,Indiana,57,Hamilton,,1969-05-10 12:20:00,CST,1969-05-10 12:20:00,0,0,0,0,2.5K,0,,F0,Unknown,0.0,33,,,,,39.98,-86.12,,,,,IN,1969-05-10 13:20:00,1969-05-10 13:20:00,True,True
,9999304,Florida,37,Franklin,,1969-09-20 21:20:00,CST,1969-09-20 21:20:00,0,0,0,0,2.5K,0,,F1,Unknown,0.0,33,,,,,29.93,-84.5,,,,,FL,1969-09-20 22:20:00,1969-09-20 22:20:00,True,True
,10049739,Mississippi,127,Simpson,,1969-01-23 06:40:00,CST,1969-01-23 06:40:00,65,0,12,0,250K,0,,F4,Unknown,23.0,200,,,,,31.9,-90.17,32.05,-89.82,,,MS,1969-01-23 06:40:00,1969-01-23 06:40:00,False,False
,10005361,Indiana,97,Marion,,1969-08-09 05:35:00,CST,1969-08-09 05:35:00,6,0,0,0,250K,0,,F3,Unknown,0.1,167,,,,,39.82,-86.22,,,,,IN,1969-08-09 06:35:00,1969-08-09 06:35:00,True,True
,10005362,Indiana,145,Shelby,,1969-08-09 15:30:00,CST,1969-08-09 15:30:00,0,0,0,0,250K,0,,F2,Unknown,0.0,33,,,,,39.65,-85.88,,,,,IN,1969-08-09 16:30:00,1969-08-09 16:30:00,True,True
,10012339,Iowa,61,Dubuque,,1969-06-04 14:15:00,CST,1969-06-04 14:15:00,0,0,0,0,0K,0,,,Unknown,0.0,33,,,,,42.62,-90.78,,,,,IA,1969-06-04 15:15:00,1969-06-04 15:15:00,True,True
,10012340,Iowa,125,Marion,,1969-06-04 14:45:00,CST,1969-06-04 14:45:00,0,0,0,0,25K,0,,,Unknown,1.0,200,,,,,41.4,-95.43,,,,,IA,1969-06-04 15:45:00,1969-06-04 15:45:00,True,True
,10012344,Iowa,127,Marshall,,1969-06-06 18:30:00,CST,1969-06-06 18:30:00,0,0,0,0,25K,0,,F2,Unknown,0.0,200,,,,,41.87,-92.78,,,,,IA,1969-06-06 19:30:00,1969-06-06 19:30:00,True,True
,10012347,Iowa,127,Marshall,,1969-06-06 22:50:00,CST,1969-06-06 22:50:00,0,0,0,0,25K,0,,F1,Unknown,0.0,100,,,,,42.05,-92.93,,,,,IA,1969-06-06 23:50:00,1969-06-06 23:50:00,True,True
,10012352,Iowa,127,Marshall,,1969-06-11 20:15:00,CST,1969-06-11 20:15:00,0,0,0,0,25K,0,,F2,Unknown,1.0,100,,,,,41.83,-92.78,,,,,IA,1969-06-11 21:15:00,1969-06-11 21:15:00,True,True
,10023356,Kansas,203,Wichita,,1969-05-28 17:34:00,CST,1969-05-28 17:34:00,0,0,0,0,0K,0,,F0,Unknown,0.0,33,,,,,38.47,-101.27,,,,,KS,1969-05-28 18:34:00,1969-05-28 18:34:00,True,True
,10023357,Kansas,109,Logan,,1969-05-28 18:05:00,CST,1969-05-28 18:05:00,0,0,0,0,0K,0,,F0,Unknown,0.2,33,,,,,39.07,-101.27,,,,,KS,1969-05-28 19:05:00,1969-05-28 19:05:00,True,True
,10023363,Kansas,191,Sumner,,1969-05-31 20:30:00,CST,1969-05-31 20:30:00,0,0,0,0,250K,0,,F1,Unknown,2.0,250,,,,,37.25,-97.75,,,,,KS,1969-05-31 21:30:00,1969-05-31 21:30:00,True,True
,10013490,Iowa,73,Greene,,1969-07-16 18:15:00,CST,1969-07-16 18:15:00,0,0,0,0,250K,0,,F1,Unknown,1.9,200,,,,,42.15,-94.47,42.15,-94.4,,,IA,1969-07-16 19:15:00,1969-07-16 19:15:00,True,True
,10013492,Iowa,83,Hardin,,1969-07-16 19:00:00,CST,1969-07-16 19:00:00,0,0,0,0,25K,0,,,Unknown,0.0,33,,,,,42.22,-93.07,,,,,IA,1969-07-16 20:00:00,1969-07-16 20:00:00,True,True
,10013494,Iowa,181,Warren,,1969-07-16 23:34:00,CST,1969-07-16 23:34:00,0,0,0,0,25K,0,,,Unknown,0.0,33,,,,,41.52,-93.5,,,,,IA,1969-07-17 00:34:00,1969-07-17 00:34:00,True,True
,10013501,Iowa,93,Ida,,1969-07-26 13:47:00,CST,1969-07-26 13:47:00,0,0,0,0,250K,0,,F3,Unknown,22.5,200,,,,,42.33,-95.6,42.03,-95.42,,,IA,1969-07-26 14:47:00,1969-07-26 14:47:00,True,True
,10013509,Iowa,47,Crawford,,1969-07-26 16:30:00,CST,1969-07-26 16:30:00,0,0,0,0,250K,0,,F2,Unknown,11.1,33,,,,,42.12,-95.32,42.08,-95.1,,,IA,1969-07-26 17:30:00,1969-07-26 17:30:00,True,True
,10092781,Oklahoma,41,Delaware,,1969-04-04 17:05:00,CST,1969-04-04 17:05:00,0,0,0,0,25K,0,,F1,Unknown,0.1,100,,,,,36.6,-94.87,,,,,OK,1969-04-04 17:05:00,1969-04-04 17:05:00,False,False
,10092782,Oklahoma,121,Pittsburg,,1969-04-04 18:38:00,CST,1969-04-04 18:38:00,0,0,0,0,2.5K,0,,F1,Unknown,0.0,33,,,,,34.75,-95.7,,,,,OK,1969-04-04 18:38:00,1969-04-04 18:38:00,False,False
,10005364,Indiana,85,Kosciusko,,1969-08-09 15:45:00,CST,1969-08-09 15:45:00,0,0,0,0,0K,0,,,Unknown,0.0,33,,,,,41.42,-85.75,,,,,IN,1969-08-09 16:45:00,1969-08-09 16:45:00,True,True
,10005365,Indiana,47,Franklin,,1969-08-09 16:30:00,CST,1969-08-09 16:30:00,0,0,0,0,25K,0,,F2,Unknown,0.7,33,,,,,39.42,-85.0,,,,,IN,1969-08-09 17:30:00,1969-08-09 17:30:00,True,True
,10005366,Indiana,27,Daviess,,1969-08-09 17:30:00,CST,1969-08-09 17:30:00,0,0,0,0,25K,0,,F2,Unknown,0.0,33,,,,,38.67,-87.03,,,,,IN,1969-08-09 18:30:00,1969-08-09 18:30:00,True,True
,10005367,Indiana,151,Steuben,,1969-08-15 18:00:00,CST,1969-08-15 18:00:00,0,0,0,0,25K,0,,F2,Unknown,0.0,33,,,,,41.63,-84.78,,,,,IN,1969-08-15 19:00:00,1969-08-15 19:00:00,True,True
,10005368,Indiana,153,Sullivan,,1969-09-05 22:30:00,CST,1969-09-05 22:30:00,0,0,0,0,25K,0,,F2,Unknown,0.0,33,,,,,39.23,-87.37,,,,,IN,1969-09-05 23:30:00,1969-09-05 23:30:00,True,True
,10005369,Indiana,151,Steuben,,1969-09-06 13:22:00,CST,1969-09-06 13:22:00,0,0,0,0,.25K,0,,F1,Unknown,0.0,33,,,,,41.7,-85.0,,,,,IN,1969-09-06 14:22:00,1969-09-06 14:22:00,True,True
,10005370,Indiana,151,Steuben,,1969-09-06 13:45:00,CST,1969-09-06 13:45:00,0,0,0,0,25K,0,,F2,Unknown,0.0,33,,,,,41.7,-85.0,,,,,IN,1969-09-06 14:45:00,1969-09-06 14:45:00,True,True
,10029774,Louisiana,119,Webster,,1969-10-10 16:00:00,CST,1969-10-10 16:00:00,0,0,0,0,25K,0,,F1,Unknown,1.0,100,,,,,32.93,-93.45,,,,,LA,1969-10-10 17:00:00,1969-10-10 17:00:00,True,True
,10029752,Louisiana,1,Acadia,,1969-05-26 18:05:00,CST,1969-05-26 18:05:00,0,0,0,0,0K,0,,F0,Unknown,0.5,20,,,,,30.27,-92.55,,,,,LA,1969-05-26 19:05:00,1969-05-26 19:05:00,True,True
,10029755,Louisiana,55,Lafayette,,1969-07-10 12:40:00,CST,1969-07-10 12:40:00,0,0,0,0,0K,0,,F1,Unknown,0.5,33,,,,,30.2,-92.03,,,,,LA,1969-07-10 13:40:00,1969-07-10 13:40:00,True,True
,10029760,Louisiana,51,Jefferson,,1969-07-14 16:30:00,CST,1969-07-14 16:30:00,1,0,0,0,250K,0,,F1,Unknown,0.5,33,,,,,29.27,-89.93,,,,,LA,1969-07-14 17:30:00,1969-07-14 17:30:00,True,True
,10029761,Louisiana,37,East Feliciana,,1969-07-14 18:45:00,CST,1969-07-14 18:45:00,0,0,0,0,2.5K,0,,F0,Unknown,0.5,33,,,,,30.87,-91.03,,,,,LA,1969-07-14 19:45:00,1969-07-14 19:45:00,True,True
,10029762,Louisiana,53,Jefferson Davis,,1969-07-14 18:45:00,CST,1969-07-14 18:45:00,0,0,0,0,2.5K,0,,F1,Unknown,0.5,33,,,,,30.3,-92.95,,,,,LA,1969-07-14 19:45:00,1969-07-14 19:45:00,True,True
,10023335,Kansas,3,Anderson,,1969-05-05 18:35:00,CST,1969-05-05 18:35:00,0,0,0,0,2.5K,0,,F1,Unknown,2.0,33,,,,,38.3,-95.48,,,,,KS,1969-05-05 19:35:00,1969-05-05 19:35:00,True,True
,10103786,Oregon,63,Wallowa,,1969-06-23 18:00:00,CST,1969-06-23 18:00:00,0,0,0,0,25K,0,,F1,Unknown,1.0,10,,,,,42.95,-117.05,,,,,OR,1969-06-23 19:00:00,1969-06-23 19:00:00,True,True
,10023337,Kansas,87,Jefferson,,1969-05-07 13:00:00,CST,1969-05-07 13:00:00,0,0,0,0,0K,0,,F0,Unknown,0.2,20,,,,,39.07,-95.3,,,,,KS,1969-05-07 14:00:00,1969-05-07 14:00:00,True,True
,10023343,Kansas,77,Harper,,1969-05-13 17:30:00,CST,1969-05-13 17:30:00,0,0,0,0,0K,0,,F0,Unknown,0.0,33,,,,,37.05,-97.87,,,,,KS,1969-05-13 18:30:00,1969-05-13 18:30:00,True,True
,9995312,Georgia,151,Henry,,1969-07-19 02:45:00,CST,1969-07-19 02:45:00,0,0,0,0,25K,0,,F2,Unknown,1.0,37,,,,,33.4,-84.2,,,,,GA,1969-07-19 03:45:00,1969-07-19 03:45:00,True,True
,9995314,Georgia,191,Mcintosh,,1969-07-21 13:50:00,CST,1969-07-21 13:50:00,0,0,0,0,.03K,0,,F1,Unknown,0.5,40,,,,,31.35,-81.47,,,,,GA,1969-07-21 13:50:00,1969-07-21 13:50:00,False,False
,9995315,Georgia,87,Decatur,,1969-07-24 07:24:00,CST,1969-07-24 07:24:00,2,0,0,0,25K,0,,F1,Unknown,0.2,33,,,,,30.75,-84.5,,,,,GA,1969-07-24 08:24:00,1969-07-24 08:24:00,True,True
,9995321,Georgia,89,De Kalb,,1969-08-12 20:30:00,CST,1969-08-12 20:30:00,0,0,0,0,250K,0,,F1,Unknown,0.5,200,,,,,33.7,-84.1,,,,,GA,1969-08-12 20:30:00,1969-08-12 20:30:00,False,False
,9995323,Georgia,51,Chatham,,1969-09-02 13:17:00,CST,1969-09-02 13:17:00,0,0,0,0,0K,0,,F0,Unknown,0.1,10,,,,,31.97,-81.15,,,,,GA,1969-09-02 14:17:00,1969-09-02 14:17:00,True,True
,9995324,Georgia,177,Lee,,1969-12-25 15:00:00,CST,1969-12-25 15:00:00,7,0,0,0,25K,0,,F2,Unknown,4.7,200,,,,,31.7,-84.25,31.75,-84.2,,,GA,1969-12-25 15:00:00,1969-12-25 15:00:00,False,False
,10079613,New Mexico,9,Curry,,1969-04-16 13:15:00,CST,1969-04-16 13:15:00,0,0,0,0,.25K,0,,F1,Unknown,0.1,50,,,,,34.47,-103.27,,,,,NM,1969-04-16 13:15:00,1969-04-16 13:15:00,False,False
,10094185,Oklahoma,43,Dewey,,1969-06-27 18:00:00,CST,1969-06-27 18:00:00,0,0,0,0,25K,0,,F1,Unknown,0.0,33,,,,,36.1,-98.85,,,,,OK,1969-06-27 19:00:00,1969-06-27 19:00:00,True,True
,10094186,Oklahoma,43,Dewey,,1969-06-27 19:57:00,CST,1969-06-27 19:57:00,0,0,0,0,0K,0,,F0,Unknown,0.0,33,,,,,35.98,-98.95,,,,,OK,1969-06-27 20:57:00,1969-06-27 20:57:00,True,True
,9998162,Florida,61,Indian River,,1969-07-23 14:38:00,CST,1969-07-23 14:38:00,0,0,0,0,0K,0,,,Unknown,0.0,33,,,,,27.72,-80.83,,,,,FL,1969-07-23 15:38:00,1969-07-23 15:38:00,True,True
,10021153,Kansas,171,Scott,,1969-07-08 17:25:00,CST,1969-07-08 17:25:00,0,0,0,0,0K,0,,F0,Unknown,0.0,33,,,,,38.55,-100.98,,,,,KS,1969-07-08 18:25:00,1969-07-08 18:25:00,True,True
,9998168,Florida,86,Miami-Dade,,1969-08-10 12:37:00,CST,1969-08-10 12:37:00,0,0,0,0,0K,0,,,Unknown,0.0,33,,,,,25.9,-80.45,,,,,FL,1969-08-10 13:37:00,1969-08-10 13:37:00,True,True
,9998169,Florida,11,Broward,,1969-08-10 13:40:00,CST,1969-08-10 13:40:00,0,0,0,0,25K,0,,F1,Unknown,0.0,33,,,,,26.13,-80.43,,,,,FL,1969-08-10 14:40:00,1969-08-10 14:40:00,True,True
,9998170,Florida,11,Broward,,1969-08-10 14:28:00,CST,1969-08-10 14:28:00,0,0,0,0,2.5K,0,,F1,Unknown,0.0,33,,,,,26.1,-80.2,,,,,FL,1969-08-10 15:28:00,1969-08-10 15:28:00,True,True
,9998171,Florida,55,Highlands,,1969-08-13 13:35:00,CST,1969-08-13 13:35:00,0,0,0,0,25K,0,,F1,Unknown,3.6,33,,,,,27.63,-81.5,27.63,-81.45,,,FL,1969-08-13 14:35:00,1969-08-13 14:35:00,True,True
,9998172,Florida,95,Orange,,1969-08-14 20:10:00,CST,1969-08-14 20:10:00,0,0,0,0,25K,0,,F1,Unknown,3.8,33,,,,,28.62,-81.1,28.63,-81.05,,,FL,1969-08-14 21:10:00,1969-08-14 21:10:00,True,True
,10008904,Illinois,197,Will,,1969-06-30 00:20:00,CST,1969-06-30 00:20:00,0,0,0,0,250K,0,,F1,Unknown,0.0,33,,,,,41.5,-88.2,,,,,IL,1969-06-30 01:20:00,1969-06-30 01:20:00,True,True
,9998155,Florida,105,Polk,,1969-07-14 16:00:00,CST,1969-07-14 16:00:00,0,0,0,0,25K,0,,F1,Unknown,0.0,33,,,,,27.9,-81.63,,,,,FL,1969-07-14 17:00:00,1969-07-14 17:00:00,True,True
,9998161,Florida,127,Volusia,,1969-07-22 18:18:00,CST,1969-07-22 18:18:00,0,0,0,0,2.5K,0,,,Unknown,0.0,33,,,,,29.17,-81.0,,,,,FL,1969-07-22 19:18:00,1969-07-22 19:18:00,True,True
,10087506,North Carolina,163,Sampson,,1969-04-18 15:15:00,CST,1969-04-18 15:15:00,0,0,0,0,25K,0,,F3,Unknown,21.3,300,,,,,34.95,-78.5,35.12,-78.18,,,NC,1969-04-18 15:15:00,1969-04-18 15:15:00,False,False
,10087508,North Carolina,165,Scotland,,1969-04-18 15:30:00,CST,1969-04-18 15:30:00,0,0,0,0,250K,0,,F3,Unknown,37.4,440,,,,,34.67,-79.5,34.97,-78.95,,,NC,1969-04-18 15:30:00,1969-04-18 15:30:00,False,False
,10087512,North Carolina,151,Randolph,,1969-04-18 18:15:00,CST,1969-04-18 18:15:00,1,0,0,0,25K,0,,F2,Unknown,0.0,33,,,,,35.87,-79.6,,,,,NC,1969-04-18 18:15:00,1969-04-18 18:15:00,False,False
,10087513,North Carolina,49,Craven,,1969-04-19 03:14:00,CST,1969-04-19 03:14:00,0,0,0,0,2.5K,0,,F2,Unknown,0.0,7,,,,,35.0,-77.0,,,,,NC,1969-04-19 03:14:00,1969-04-19 03:14:00,False,False
,10008890,Illinois,173,Shelby,,1969-06-24 13:25:00,CST,1969-06-24 13:25:00,0,0,0,0,2.5K,0,,F1,Unknown,0.0,33,,,,,39.2,-89.1,,,,,IL,1969-06-24 14:25:00,1969-06-24 14:25:00,True,True
,9998146,Florida,69,Lake,,1969-07-06 18:00:00,CST,1969-07-06 18:00:00,0,0,0,0,0K,0,,,Unknown,0.0,33,,,,,28.8,-81.9,,,,,FL,1969-07-06 19:00:00,1969-07-06 19:00:00,True,True
,9998147,Florida,69,Lake,,1969-07-06 18:10:00,CST,1969-07-06 18:10:00,0,0,0,0,0K,0,,,Unknown,0.0,33,,,,,28.92,-81.63,,,,,FL,1969-07-06 19:10:00,1969-07-06 19:10:00,True,True
,10094170,Oklahoma,119,Payne,,1969-06-23 18:50:00,CST,1969-06-23 18:50:00,0,0,0,0,250K,0,,F2,Unknown,13.1,33,,,,,35.95,-97.03,36.08,-96.87,,,OK,1969-06-23 19:50:00,1969-06-23 19:50:00,True,True
,10094173,Oklahoma,35,Craig,,1969-06-23 22:00:00,CST,1969-06-23 22:00:00,0,0,0,0,2.5K,0,,F1,Unknown,1.5,33,,,,,36.8,-95.2,,,,,OK,1969-06-23 23:00:00,1969-06-23 23:00:00,True,True
,10094174,Oklahoma,109,Oklahoma,,1969-06-25 17:00:00,CST,1969-06-25 17:00:00,0,0,0,0,2.5K,0,,F2,Unknown,0.8,33,,,,,35.5,-97.25,,,,,OK,1969-06-25 18:00:00,1969-06-25 18:00:00,True,True
,9994197,Georgia,93,Dooly,,1969-02-13 18:15:00,CST,1969-02-13 18:15:00,0,0,0,0,25K,0,,F1,Unknown,0.0,33,,,,,32.1,-83.8,,,,,GA,1969-02-13 18:15:00,1969-02-13 18:15:00,False,False
,9999090,Florida,33,Escambia,,1969-08-17 11:15:00,CST,1969-08-17 11:15:00,0,0,0,0,0K,0,,F0,Unknown,0.0,33,,,,,30.4,-87.38,,,,,FL,1969-08-17 12:15:00,1969-08-17 12:15:00,True,True
,9999091,Florida,113,Santa Rosa,,1969-08-17 15:28:00,CST,1969-08-17 15:28:00,0,0,0,0,.25K,0,,,Unknown,0.0,33,,,,,30.42,-87.0,,,,,FL,1969-08-17 16:28:00,1969-08-17 16:28:00,True,True
,9999309,Florida,127,Volusia,,1969-10-02 15:43:00,CST,1969-10-02 15:43:00,0,0,0,0,.03K,0,,,Unknown,0.0,33,,,,,29.23,-81.0,,,,,FL,1969-10-02 16:43:00,1969-10-02 16:43:00,True,True
,9999310,Florida,27,De Soto,,1969-10-04 16:10:00,CST,1969-10-04 16:10:00,0,0,0,0,0K,0,,,Unknown,0.0,33,,,,,27.2,-81.7,,,,,FL,1969-10-04 16:10:00,1969-10-04 16:10:00,False,False
,9999316,Florida,17,Citrus,,1969-11-13 14:00:00,CST,1969-11-13 14:00:00,0,0,0,0,2.5K,0,,F1,Unknown,0.0,33,,,,,28.8,-82.3,,,,,FL,1969-11-13 14:00:00,1969-11-13 14:00:00,False,False
,9999317,Florida,119,Sumter,,1969-11-13 14:00:00,CST,1969-11-13 14:00:00,1,0,0,0,250K,0,,F2,Unknown,3.4,150,,,,,28.7,-81.98,28.65,-81.98,,,FL,1969-11-13 14:00:00,1969-11-13 14:00:00,False,False
,9999320,Florida,103,Pinellas,,1969-12-10 05:40:00,CST,1969-12-10 05:40:00,1,0,0,0,250K,0,,F2,Unknown,1.0,150,,,,,27.7,-82.63,,,,,FL,1969-12-10 05:40:00,1969-12-10 05:40:00,False,False
,10095089,Oklahoma,63,Hughes,,1969-10-10 21:00:00,CST,1969-10-10 21:00:00,0,0,0,0,250K,0,,F2,Unknown,0.8,200,,,,,35.07,-96.47,,,,,OK,1969-10-10 22:00:00,1969-10-10 22:00:00,True,True
,10023373,Kansas,127,Morris,,1969-06-17 16:00:00,CST,1969-06-17 16:00:00,6,0,0,0,250K,0,,F2,Unknown,6.2,37,,,,,38.67,-96.6,38.7,-96.48,,,KS,1969-06-17 17:00:00,1969-06-17 17:00:00,True,True
,10079611,New Mexico,25,Lea,,1969-04-10 20:35:00,CST,1969-04-10 20:35:00,2,0,0,0,25K,0,,F1,Unknown,12.3,33,,,,,31.98,-103.33,32.12,-103.2,,,NM,1969-04-10 20:35:00,1969-04-10 20:35:00,False,False
,10008933,Illinois,179,Tazewell,,1969-10-10 20:00:00,CST,1969-10-10 20:00:00,0,0,0,0,250K,0,,F2,Unknown,1.0,200,,,,,40.63,-89.33,,,,,IL,1969-10-10 21:00:00,1969-10-10 21:00:00,True,True
,10117593,Pennsylvania,133,York,,1969-07-27 18:30:00,CST,1969-07-27 18:30:00,0,0,0,0,250K,0,,F2,Unknown,0.3,100,,,,,40.07,-76.7,,,,,PA,1969-07-27 19:30:00,1969-07-27 19:30:00,True,True
,10117600,Pennsylvania,29,Chester,,1969-11-14 17:00:00,CST,1969-11-14 17:00:00,0,0,0,0,25K,0,,F1,Unknown,0.1,33,,,,,39.8,-75.88,,,,,PA,1969-11-14 17:00:00,1969-11-14 17:00:00,False,False
,9999303,Florida,67,Lafayette,,1969-08-27 17:30:00,CST,1969-08-27 17:30:00,0,0,0,0,2.5K,0,,F1,Unknown,0.0,33,,,,,30.12,-83.27,,,,,FL,1969-08-27 18:30:00,1969-08-27 18:30:00,True,True
,9999305,Florida,37,Franklin,,1969-09-20 21:45:00,CST,1969-09-20 21:45:00,3,0,0,0,25K,0,,F2,Unknown,0.0,33,,,,,29.87,-84.67,,,,,FL,1969-09-20 22:45:00,1969-09-20 22:45:00,True,True
,9999307,Florida,37,Franklin,,1969-10-01 04:10:00,CST,1969-10-01 04:10:00,0,0,0,0,.03K,0,,,Unknown,0.0,33,,,,,29.9,-84.55,,,,,FL,1969-10-01 05:10:00,1969-10-01 05:10:00,True,True
,10020887,Kansas,173,Sedgwick,,1969-06-23 16:00:00,CST,1969-06-23 16:00:00,6,0,0,0,250K,0,,F4,Unknown,8.7,700,,,,,37.65,-97.65,37.6,-97.5,,,KS,1969-06-23 17:00:00,1969-06-23 17:00:00,True,True
,10013457,Iowa,15,Boone,,1969-06-29 16:47:00,CST,1969-06-29 16:47:00,0,0,0,0,25K,0,,F2,Unknown,0.0,200,,,,,42.07,-93.88,,,,,IA,1969-06-29 17:47:00,1969-06-29 17:47:00,True,True
,10013458,Iowa,169,Story,,1969-06-29 17:00:00,CST,1969-06-29 17:00:00,0,0,0,0,250K,0,,F1,Unknown,0.0,200,,,,,42.07,-93.6,,,,,IA,1969-06-29 18:00:00,1969-06-29 18:00:00,True,True
,10013462,Iowa,157,Poweshiek,,1969-06-29 18:25:00,CST,1969-06-29 18:25:00,0,0,0,0,25K,0,,F2,Unknown,1.0,250,,,,,41.8,-92.6,,,,,IA,1969-06-29 19:25:00,1969-06-29 19:25:00,True,True
,10013463,Iowa,157,Poweshiek,,1969-06-29 18:45:00,CST,1969-06-29 18:45:00,0,0,0,0,250K,0,,F1,Unknown,8.2,250,,,,,41.73,-92.43,41.63,-92.53,,,IA,1969-06-29 19:45:00,1969-06-29 19:45:00,True,True
,10013464,Iowa,61,Dubuque,,1969-06-29 19:12:00,CST,1969-06-29 19:12:00,0,0,0,0,25K,0,,F2,Unknown,0.0,200,,,,,42.4,-91.0,,,,,IA,1969-06-29 20:12:00,1969-06-29 20:12:00,True,True
,10021109,Kansas,195,Trego,,1969-06-24 19:15:00,CST,1969-06-24 19:15:00,0,0,0,0,25K,0,,F3,Unknown,47.0,700,,,,,39.1,-100.03,39.6,-99.43,,,KS,1969-06-24 20:15:00,1969-06-24 20:15:00,True,True
,10021118,Kansas,117,Marshall,,1969-06-26 13:45:00,CST,1969-06-26 13:45:00,0,0,0,0,2.5K,0,,F1,Unknown,0.5,33,,,,,39.6,-96.28,,,,,KS,1969-06-26 14:45:00,1969-06-26 14:45:00,True,True
,10007331,Idaho,69,Nez Perce,,1969-06-20 16:35:00,CST,1969-06-20 16:35:00,0,0,0,0,0K,0,,F1,Unknown,1.0,17,,,,,46.5,-116.8,,,,,ID,1969-06-20 17:35:00,1969-06-20 17:35:00,True,True
,10161755,Wyoming,15,Goshen,,1969-05-05 11:45:00,CST,1969-05-05 11:45:00,1,0,0,0,250K,0,,,Unknown,1.5,7,,,,,18.3,-66.1,,,,,WY,1969-05-05 12:45:00,1969-05-05 12:45:00,True,True
,10161757,Wyoming,25,Natrona,,1969-05-15 14:57:00,CST,1969-05-15 14:57:00,0,0,0,0,.03K,0,,,Unknown,3.8,67,,,,,42.93,-106.33,42.97,-106.25,,,WY,1969-05-15 15:57:00,1969-05-15 15:57:00,True,True
,10161758,Wyoming,23,Lincoln,,1969-06-10 13:20:00,CST,1969-06-10 13:20:00,0,0,0,0,0K,0,,F0,Unknown,0.5,67,,,,,41.8,-110.3,,,,,WY,1969-06-10 14:20:00,1969-06-10 14:20:00,True,True
,10161759,Wyoming,5,Campbell,,1969-06-24 16:20:00,CST,1969-06-24 16:20:00,0,0,0,0,0K,0,,,Unknown,0.0,33,,,,,44.0,-106.0,,,,,WY,1969-06-24 17:20:00,1969-06-24 17:20:00,True,True
,10161762,Wyoming,15,Goshen,,1969-07-23 20:50:00,CST,1969-07-23 20:50:00,0,0,0,0,25K,0,,F1,Unknown,7.3,50,,,,,41.92,-104.1,41.92,-103.95,,,WY,1969-07-23 21:50:00,1969-07-23 21:50:00,True,True
,10161769,Wyoming,15,Goshen,,1969-10-07 16:30:00,CST,1969-10-07 16:30:00,0,0,0,0,.25K,0,,,Unknown,1.0,13,,,,,18.2,-65.3,,,,,WY,1969-10-07 17:30:00,1969-10-07 17:30:00,True,True
,10013229,Iowa,47,Crawford,,1969-06-28 11:00:00,CST,1969-06-28 11:00:00,0,0,0,0,250K,0,,F2,Unknown,4.3,200,,,,,42.0,-95.2,42.05,-95.13,,,IA,1969-06-28 12:00:00,1969-06-28 12:00:00,True,True
,10149713,West Virginia,67,Nicholas,,1969-07-06 14:30:00,CST,1969-07-06 14:30:00,0,0,0,0,2.5K,0,,F1,Unknown,0.0,33,,,,,38.3,-80.6,,,,,WV,1969-07-06 15:30:00,1969-07-06 15:30:00,True,True
,10055655,Minnesota,35,Crow Wing,,1969-08-06 15:48:00,CST,1969-08-06 15:48:00,0,0,0,0,2.5M,0,,F4,Unknown,9.9,833,,,,,46.78,-94.22,46.83,-94.02,,,MN,1969-08-06 16:48:00,1969-08-06 16:48:00,True,True
,9999318,Florida,93,Okeechobee,,1969-11-14 12:20:00,CST,1969-11-14 12:20:00,2,0,0,0,25K,0,,F2,Unknown,3.8,33,,,,,27.3,-80.8,27.3,-80.75,,,FL,1969-11-14 12:20:00,1969-11-14 12:20:00,False,False
,9978454,Alabama,11,Bullock,,1969-04-18 02:45:00,CST,1969-04-18 02:45:00,3,0,0,0,250K,0,,F4,Unknown,6.8,500,,,,,32.22,-86.0,32.22,-85.88,,,AL,1969-04-18 02:45:00,1969-04-18 02:45:00,False,False
,10110919,South Dakota,63,Harding,,1969-07-15 18:45:00,CST,1969-07-15 18:45:00,0,0,0,0,0K,0,,,Unknown,0.0,33,,,,,45.2,-103.7,,,,,SD,1969-07-15 19:45:00,1969-07-15 19:45:00,True,True
,10022224,Kansas,107,Linn,,1969-04-04 15:00:00,CST,1969-04-04 15:00:00,1,0,0,0,250K,0,,F2,Unknown,3.3,200,,,,,38.35,-94.77,38.38,-94.72,,,KS,1969-04-04 15:00:00,1969-04-04 15:00:00,False,False
,10022227,Kansas,121,Miami,,1969-04-04 15:45:00,CST,1969-04-04 15:45:00,0,0,0,0,250K,0,,F2,Unknown,8.5,200,,,,,38.38,-94.72,38.47,-94.6,,,KS,1969-04-04 15:45:00,1969-04-04 15:45:00,False,False
,10145611,Wisconsin,65,Lafayette,,1969-06-29 18:00:00,CST,1969-06-29 18:00:00,0,0,0,0,250K,0,,F2,Unknown,10.4,200,,,,,42.6,-90.23,42.65,-90.03,,,WI,1969-06-29 19:00:00,1969-06-29 19:00:00,True,True
,10145612,Wisconsin,133,Waukesha,,1969-06-29 19:00:00,CST,1969-06-29 19:00:00,0,0,0,0,250K,0,,F2,Unknown,13.1,100,,,,,42.83,-88.2,42.9,-87.95,,,WI,1969-06-29 20:00:00,1969-06-29 20:00:00,True,True
,10145614,Wisconsin,49,Iowa,,1969-06-29 20:30:00,CST,1969-06-29 20:30:00,0,0,0,0,250K,0,,F2,Unknown,3.8,100,,,,,42.9,-89.87,42.93,-89.78,,,WI,1969-06-29 21:30:00,1969-06-29 21:30:00,True,True
,10145615,Wisconsin,135,Waupaca,,1969-07-02 16:00:00,CST,1969-07-02 16:00:00,0,0,0,0,25K,0,,F0,Unknown,4.3,100,,,,,44.5,-88.9,44.45,-88.83,,,WI,1969-07-02 17:00:00,1969-07-02 17:00:00,True,True
,10145616,Wisconsin,61,Kewaunee,,1969-07-02 16:20:00,CST,1969-07-02 16:20:00,0,0,0,0,25K,0,,F1,Unknown,6.9,100,,,,,44.57,-87.75,44.5,-87.63,,,WI,1969-07-02 17:20:00,1969-07-02 17:20:00,True,True
,10145622,Wisconsin,5,Barron,,1969-07-15 10:55:00,CST,1969-07-15 10:55:00,4,0,0,0,25K,0,,F1,Unknown,6.1,50,,,,,45.38,-92.12,45.43,-92.0,,,WI,1969-07-15 11:55:00,1969-07-15 11:55:00,True,True
,10050597,Mississippi,131,Stone,,1969-04-13 11:20:00,CST,1969-04-13 11:20:00,0,0,0,0,0K,0,,F1,Unknown,0.0,33,,,,,30.87,-89.27,,,,,MS,1969-04-13 11:20:00,1969-04-13 11:20:00,False,False
,10154244,Virginia,83,Halifax,,1969-03-24 20:20:00,CST,1969-03-24 20:20:00,4,0,1,0,25K,0,,F3,Unknown,0.1,20,,,,,36.63,-78.8,,,,,VA,1969-03-24 20:20:00,1969-03-24 20:20:00,False,False
,10154245,Virginia,760,Richmond (C),,1969-03-24 22:05:00,CST,1969-03-24 22:05:00,1,0,0,0,250K,0,,F2,Unknown,0.3,17,,,,,37.52,-77.43,,,,,VA,1969-03-24 22:05:00,1969-03-24 22:05:00,False,False
,10151465,Utah,55,Wayne,,1969-05-31 12:52:00,CST,1969-05-31 12:52:00,0,0,0,0,0K,0,,,Unknown,0.0,33,,,,,38.33,-110.9,,,,,UT,1969-05-31 13:52:00,1969-05-31 13:52:00,True,True
,10151466,Utah,55,Wayne,,1969-05-31 12:52:00,CST,1969-05-31 12:52:00,0,0,0,0,0K,0,,,Unknown,0.0,33,,,,,38.33,-110.9,,,,,UT,1969-05-31 13:52:00,1969-05-31 13:52:00,True,True
,10151467,Utah,55,Wayne,,1969-05-31 12:52:00,CST,1969-05-31 12:52:00,0,0,0,0,0K,0,,,Unknown,0.0,33,,,,,38.33,-110.9,,,,,UT,1969-05-31 13:52:00,1969-05-31 13:52:00,True,True
,10076074,New York,11,Cayuga,,1969-06-02 14:30:00,CST,1969-06-02 14:30:00,0,0,0,0,250K,0,,,Unknown,13.4,33,,,,,43.0,-76.7,43.17,-76.55,,,NY,1969-06-02 15:30:00,1969-06-02 15:30:00,True,True
,10154256,Virginia,550,Chesapeake (C),,1969-06-18 23:01:00,CST,1969-06-18 23:01:00,0,0,0,0,2.5K,0,,F1,Unknown,0.1,100,,,,,36.57,-76.38,,,,,VA,1969-06-18 23:01:00,1969-06-18 23:01:00,False,False
,10154257,Virginia,131,Northampton,,1969-06-21 13:00:00,CST,1969-06-21 13:00:00,0,0,0,0,25K,0,,F2,Unknown,0.0,33,,,,,37.28,-75.93,,,,,VA,1969-06-21 14:00:00,1969-06-21 14:00:00,True,True
,10029787,Louisiana,29,Concordia,,1969-12-29 14:25:00,CST,1969-12-29 14:25:00,0,0,0,0,250K,0,,F3,Unknown,25.0,183,,,,,31.53,-91.8,31.72,-91.43,,,LA,1969-12-29 14:25:00,1969-12-29 14:25:00,False,False
,10149719,West Virginia,79,Putnam,,1969-08-09 19:00:00,CST,1969-08-09 19:00:00,0,0,0,0,2.5K,0,,F1,Unknown,0.0,33,,,,,38.4,-82.0,,,,,WV,1969-08-09 20:00:00,1969-08-09 20:00:00,True,True
,10110904,South Dakota,101,Moody,,1969-07-13 17:25:00,CST,1969-07-13 17:25:00,0,0,0,0,0K,0,,F0,Unknown,0.0,33,,,,,43.92,-96.7,,,,,SD,1969-07-13 18:25:00,1969-07-13 18:25:00,True,True
,9998136,Florida,86,Miami-Dade,,1969-06-10 14:15:00,CST,1969-06-10 14:15:00,0,0,0,0,0K,0,,,Unknown,0.0,33,,,,,25.3,-80.5,,,,,FL,1969-06-10 15:15:00,1969-06-10 15:15:00,True,True
,10111224,South Dakota,43,Douglas,,1969-06-25 10:15:00,CST,1969-06-25 10:15:00,2,0,0,0,25K,0,,F2,Unknown,6.6,200,,,,,43.4,-98.23,43.43,-98.37,,,SD,1969-06-25 11:15:00,1969-06-25 11:15:00,True,True
,10146264,Washington,33,King,,1969-12-12 16:15:00,CST,1969-12-12 16:15:00,1,0,0,0,250K,0,,F3,Unknown,3.8,100,,,,,47.5,-122.4,47.53,-122.32,,,WA,1969-12-12 16:15:00,1969-12-12 16:15:00,False,False
,10150979,Vermont,3,Bennington,,1969-05-29 16:05:00,CST,1969-05-29 16:05:00,1,0,0,0,25K,0,,F2,Unknown,0.5,33,,,,,43.2,-73.1,,,,,VT,1969-05-29 17:05:00,1969-05-29 17:05:00,True,True
,9994202,Georgia,253,Seminole,,1969-04-18 06:15:00,CST,1969-04-18 06:15:00,0,0,0,0,25K,0,,F2,Unknown,1.9,233,,,,,30.8,-84.8,30.82,-84.78,,,GA,1969-04-18 06:15:00,1969-04-18 06:15:00,False,False
,9994203,Georgia,87,Decatur,,1969-04-18 07:00:00,CST,1969-04-18 07:00:00,1,0,0,0,25K,0,,F2,Unknown,20.0,233,,,,,30.82,-84.78,31.05,-84.58,,,GA,1969-04-18 07:00:00,1969-04-18 07:00:00,False,False
,9994204,Georgia,131,Grady,,1969-04-18 08:00:00,CST,1969-04-18 08:00:00,0,0,0,0,25K,0,,F2,Unknown,89.6,233,,,,,31.05,-84.58,31.43,-83.13,,,GA,1969-04-18 08:00:00,1969-04-18 08:00:00,False,False
,9994206,Georgia,69,Coffee,,1969-04-18 09:35:00,CST,1969-04-18 09:35:00,28,0,0,0,2.5M,0,,F2,Unknown,30.8,233,,,,,31.43,-83.13,31.57,-82.63,,,GA,1969-04-18 09:35:00,1969-04-18 09:35:00,False,False
,9994207,Georgia,5,Bacon,,1969-04-18 10:35:00,CST,1969-04-18 10:35:00,0,0,0,0,2.5K,0,,F2,Unknown,59.1,233,,,,,31.57,-82.63,31.8,-81.67,,,GA,1969-04-18 10:35:00,1969-04-18 10:35:00,False,False
,9994209,Georgia,179,Liberty,,1969-04-18 12:35:00,CST,1969-04-18 12:35:00,1,0,0,0,25K,0,,F2,Unknown,16.4,233,,,,,31.8,-81.67,31.87,-81.4,,,GA,1969-04-18 12:35:00,1969-04-18 12:35:00,False,False
,10001519,Florida,86,Miami-Dade,,1969-02-12 17:00:00,CST,1969-02-12 17:00:00,0,0,0,0,25K,0,,F0,Unknown,1.0,117,,,,,25.9,-80.2,,,,,FL,1969-02-12 17:00:00,1969-02-12 17:00:00,False,False
,10152933,Virginia,149,Prince George,,1969-07-06 17:45:00,CST,1969-07-06 17:45:00,0,0,0,0,25K,0,,F2,Unknown,0.5,200,,,,,37.22,-77.27,,,,,VA,1969-07-06 18:45:00,1969-07-06 18:45:00,True,True
,10152942,Virginia,59,Fairfax,,1969-08-09 22:15:00,CST,1969-08-09 22:15:00,0,0,0,0,250K,0,,F2,Unknown,0.0,33,,,,,38.87,-77.23,,,,,VA,1969-08-09 23:15:00,1969-08-09 23:15:00,True,True
,10152943,Virginia,133,Northumberland,,1969-08-10 08:00:00,CST,1969-08-10 08:00:00,0,0,0,0,.25K,0,,F0,Unknown,0.1,23,,,,,37.82,-76.38,,,,,VA,1969-08-10 09:00:00,1969-08-10 09:00:00,True,True
,10087510,North Carolina,179,Union,,1969-04-18 16:45:00,CST,1969-04-18 16:45:00,0,0,0,0,250K,0,,F2,Unknown,27.3,300,,,,,35.1,-80.53,35.3,-80.12,,,NC,1969-04-18 16:45:00,1969-04-18 16:45:00,False,False
,10085238,Ohio,45,Fairfield,,1969-06-24 17:15:00,CST,1969-06-24 17:15:00,0,0,0,0,2.5K,0,,F1,Unknown,0.0,50,,,,,39.75,-82.78,,,,,OH,1969-06-24 18:15:00,1969-06-24 18:15:00,True,True
,10012356,Iowa,181,Warren,,1969-06-22 15:35:00,CST,1969-06-22 15:35:00,0,0,0,0,0K,0,,,Unknown,0.0,33,,,,,41.4,-93.6,,,,,IA,1969-06-22 16:35:00,1969-06-22 16:35:00,True,True
,10012357,Iowa,181,Warren,,1969-06-22 15:40:00,CST,1969-06-22 15:40:00,0,0,0,0,25K,0,,,Unknown,0.0,33,,,,,41.37,-93.57,,,,,IA,1969-06-22 16:40:00,1969-06-22 16:40:00,True,True
,10012358,Iowa,127,Marshall,,1969-06-22 16:25:00,CST,1969-06-22 16:25:00,0,0,0,0,25K,0,,F0,Unknown,1.0,200,,,,,42.05,-93.1,,,,,IA,1969-06-22 17:25:00,1969-06-22 17:25:00,True,True
,10012368,Iowa,69,Franklin,,1969-06-26 14:40:00,CST,1969-06-26 14:40:00,0,0,0,0,25K,0,,F1,Unknown,2.0,200,,,,,42.6,-93.35,,,,,IA,1969-06-26 15:40:00,1969-06-26 15:40:00,True,True
,10134235,Texas,393,Roberts,,1969-05-12 17:20:00,CST,1969-05-12 17:20:00,0,0,0,0,0K,0,,F0,Unknown,0.1,33,,,,,35.92,-100.83,,,,,TX,1969-05-12 18:20:00,1969-05-12 18:20:00,True,True
,10134239,Texas,61,Cameron,,1969-05-12 18:00:00,CST,1969-05-12 18:00:00,0,0,0,0,25K,0,,F3,Unknown,0.0,33,,,,,26.22,-97.68,,,,,TX,1969-05-12 19:00:00,1969-05-12 19:00:00,True,True
,10134241,Texas,483,Wheeler,,1969-05-12 19:00:00,CST,1969-05-12 19:00:00,0,0,0,0,0K,0,,F0,Unknown,0.1,33,,,,,35.42,-100.27,,,,,TX,1969-05-12 20:00:00,1969-05-12 20:00:00,True,True
,10134246,Texas,61,Cameron,,1969-05-12 20:30:00,CST,1969-05-12 20:30:00,0,0,0,0,25K,0,,F2,Unknown,0.1,33,,,,,25.88,-97.48,,,,,TX,1969-05-12 21:30:00,1969-05-12 21:30:00,True,True
,10134247,Texas,61,Cameron,,1969-05-12 21:00:00,CST,1969-05-12 21:00:00,0,0,0,0,25K,0,,F3,Unknown,0.1,33,,,,,26.1,-97.6,,,,,TX,1969-05-12 22:00:00,1969-05-12 22:00:00,True,True
,10134248,Texas,483,Wheeler,,1969-05-12 23:20:00,CST,1969-05-12 23:20:00,0,0,0,0,0K,0,,F0,Unknown,0.0,33,,,,,35.38,-100.07,,,,,TX,1969-05-13 00:20:00,1969-05-13 00:20:00,True,True
,10134249,Texas,191,Hall,,1969-05-13 00:35:00,CST,1969-05-13 00:35:00,0,0,0,0,0K,0,,F0,Unknown,7.4,33,,,,,34.73,-100.43,34.82,-100.35,,,TX,1969-05-13 01:35:00,1969-05-13 01:35:00,True,True
,9998104,Florida,99,Palm Beach,,1969-05-15 13:30:00,CST,1969-05-15 13:30:00,0,0,0,0,.25K,0,,F1,Unknown,0.0,33,,,,,26.75,-80.63,,,,,FL,1969-05-15 14:30:00,1969-05-15 14:30:00,True,True
,9998105,Florida,99,Palm Beach,,1969-05-15 13:36:00,CST,1969-05-15 13:36:00,0,0,0,0,0K,0,,,Unknown,0.0,33,,,,,26.63,-80.2,,,,,FL,1969-05-15 14:36:00,1969-05-15 14:36:00,True,True
,10133105,Texas,501,Yoakum,,1969-05-05 21:05:00,CST,1969-05-05 21:05:00,0,0,0,0,0K,0,,F0,Unknown,0.3,33,,,,,33.33,-102.83,,,,,TX,1969-05-05 22:05:00,1969-05-05 22:05:00,True,True
,10133107,Texas,79,Cochran,,1969-05-05 23:50:00,CST,1969-05-05 23:50:00,0,0,0,0,0K,0,,F0,Unknown,0.0,33,,,,,33.62,-102.88,,,,,TX,1969-05-06 00:50:00,1969-05-06 00:50:00,True,True
,10133111,Texas,253,Jones,,1969-05-06 09:45:00,CST,1969-05-06 09:45:00,0,0,0,0,2.5K,0,,F2,Unknown,0.1,50,,,,,32.62,-99.7,,,,,TX,1969-05-06 10:45:00,1969-05-06 10:45:00,True,True
,10133113,Texas,267,Kimble,,1969-05-06 12:00:00,CST,1969-05-06 12:00:00,0,0,0,0,25K,0,,F3,Unknown,41.6,200,,,,,30.63,-99.52,31.23,-99.58,,,TX,1969-05-06 13:00:00,1969-05-06 13:00:00,True,True
,10133114,Texas,259,Kendall,,1969-05-06 12:30:00,CST,1969-05-06 12:30:00,0,0,0,0,25K,0,,F3,Unknown,2.3,100,,,,,30.1,-98.58,30.12,-98.57,,,TX,1969-05-06 13:30:00,1969-05-06 13:30:00,True,True
,10133115,Texas,31,Blanco,,1969-05-06 12:34:00,CST,1969-05-06 12:34:00,2,0,0,0,25K,0,,F3,Unknown,15.2,100,,,,,30.12,-98.57,30.28,-98.4,,,TX,1969-05-06 13:34:00,1969-05-06 13:34:00,True,True
,10133116,Texas,31,Blanco,,1969-05-06 13:35:00,CST,1969-05-06 13:35:00,0,0,0,0,25K,0,,F3,Unknown,14.2,100,,,,,30.28,-98.4,30.48,-98.35,,,TX,1969-05-06 14:35:00,1969-05-06 14:35:00,True,True
,10133117,Texas,53,Burnet,,1969-05-06 14:35:00,CST,1969-05-06 14:35:00,0,0,0,0,25K,0,,F3,Unknown,7.2,100,,,,,30.48,-98.35,30.58,-98.32,,,TX,1969-05-06 15:35:00,1969-05-06 15:35:00,True,True
,10133119,Texas,17,Bailey,,1969-05-06 15:45:00,CST,1969-05-06 15:45:00,0,0,0,0,250K,0,,F1,Unknown,26.7,100,,,,,33.9,-102.65,34.23,-102.42,,,TX,1969-05-06 16:45:00,1969-05-06 16:45:00,True,True
,10132643,Texas,27,Bell,,1969-08-14 18:00:00,CST,1969-08-14 18:00:00,0,0,0,0,25K,0,,F1,Unknown,0.0,33,,,,,31.12,-97.73,,,,,TX,1969-08-14 19:00:00,1969-08-14 19:00:00,True,True
,10132649,Texas,27,Bell,,1969-08-14 18:30:00,CST,1969-08-14 18:30:00,0,0,0,0,250K,0,,F2,Unknown,0.0,33,,,,,31.08,-97.3,,,,,TX,1969-08-14 19:30:00,1969-08-14 19:30:00,True,True
,10132650,Texas,27,Bell,,1969-08-14 18:45:00,CST,1969-08-14 18:45:00,0,0,0,0,250K,0,,F2,Unknown,0.2,33,,,,,31.08,-97.3,,,,,TX,1969-08-14 19:45:00,1969-08-14 19:45:00,True,True
,10134897,Texas,219,Hockley,,1969-06-10 06:35:00,CST,1969-06-10 06:35:00,0,0,0,0,0K,0,,F2,Unknown,0.0,33,,,,,33.73,-102.32,,,,,TX,1969-06-10 07:35:00,1969-06-10 07:35:00,True,True
,10134898,Texas,357,Ochiltree,,1969-06-10 18:18:00,CST,1969-06-10 18:18:00,0,0,0,0,0K,0,,F0,Unknown,0.1,33,,,,,36.42,-102.17,,,,,TX,1969-06-10 19:18:00,1969-06-10 19:18:00,True,True
,10012370,Iowa,131,Mitchell,,1969-06-26 15:20:00,CST,1969-06-26 15:20:00,0,0,0,0,25K,0,,F1,Unknown,1.0,300,,,,,43.38,-92.78,,,,,IA,1969-06-26 16:20:00,1969-06-26 16:20:00,True,True
,10012374,Iowa,55,Delaware,,1969-06-26 20:30:00,CST,1969-06-26 20:30:00,0,0,0,0,250K,0,,F2,Unknown,26.9,300,,,,,42.37,-91.57,42.65,-91.2,,,IA,1969-06-26 21:30:00,1969-06-26 21:30:00,True,True
,10012375,Iowa,97,Jackson,,1969-06-26 21:00:00,CST,1969-06-26 21:00:00,0,0,0,0,25K,0,,F1,Unknown,0.0,33,,,,,42.27,-90.4,,,,,IA,1969-06-26 22:00:00,1969-06-26 22:00:00,True,True
,10146473,Wisconsin,79,Milwaukee,,1969-08-11 14:50:00,CST,1969-08-11 14:50:00,153,0,0,0,250K,0,,F1,Unknown,0.3,100,,,,,43.0,-88.02,,,,,WI,1969-08-11 15:50:00,1969-08-11 15:50:00,True,True
,10134853,Texas,409,San Patricio,,1969-05-16 11:40:00,CST,1969-05-16 11:40:00,0,0,0,0,25K,0,,F3,Unknown,0.5,20,,,,,28.03,-97.83,,,,,TX,1969-05-16 12:40:00,1969-05-16 12:40:00,True,True
,10146469,Wisconsin,95,Polk,,1969-07-26 20:00:00,CST,1969-07-26 20:00:00,0,0,0,0,25K,0,,F1,Unknown,4.7,50,,,,,45.42,-92.67,45.47,-92.58,,,WI,1969-07-26 21:00:00,1969-07-26 21:00:00,True,True
,10145590,Wisconsin,129,Washburn,,1969-06-05 16:10:00,CST,1969-06-05 16:10:00,0,0,0,0,25K,0,,F1,Unknown,8.3,100,,,,,45.7,-91.75,45.62,-91.62,,,WI,1969-06-05 17:10:00,1969-06-05 17:10:00,True,True
,10145591,Wisconsin,45,Green,,1969-06-12 00:05:00,CST,1969-06-12 00:05:00,0,0,0,0,250K,0,,F2,Unknown,0.3,50,,,,,42.62,-89.58,,,,,WI,1969-06-12 01:05:00,1969-06-12 01:05:00,True,True
,10145593,Wisconsin,43,Grant,,1969-06-26 09:00:00,CST,1969-06-26 09:00:00,2,0,0,0,25K,0,,F2,Unknown,2.0,100,,,,,42.97,-90.58,,,,,WI,1969-06-26 10:00:00,1969-06-26 10:00:00,True,True
,10145594,Wisconsin,111,Sauk,,1969-06-26 09:20:00,CST,1969-06-26 09:20:00,0,0,0,0,25K,0,,F1,Unknown,0.0,100,,,,,43.53,-89.77,43.55,-89.73,,,WI,1969-06-26 10:20:00,1969-06-26 10:20:00,True,True
,10021164,Kansas,91,Johnson,,1969-07-09 17:00:00,CST,1969-07-09 17:00:00,2,0,0,0,250K,0,,F2,Unknown,4.3,33,,,,,38.97,-95.05,38.98,-94.97,,,KS,1969-07-09 18:00:00,1969-07-09 18:00:00,True,True
,10133547,Texas,15,Austin,,1969-10-30 04:40:00,CST,1969-10-30 04:40:00,0,0,0,0,2.5K,0,,F1,Unknown,0.8,33,,,,,30.05,-96.4,,,,,TX,1969-10-30 04:40:00,1969-10-30 04:40:00,False,False
,10133548,Texas,167,Galveston,,1969-10-30 13:00:00,CST,1969-10-30 13:00:00,1,0,0,0,25K,0,,F1,Unknown,1.0,33,,,,,29.37,-94.38,,,,,TX,1969-10-30 13:00:00,1969-10-30 13:00:00,False,False
,10133549,Texas,167,Galveston,,1969-10-30 13:10:00,CST,1969-10-30 13:10:00,0,0,0,0,25K,0,,F1,Unknown,1.0,33,,,,,29.37,-94.38,,,,,TX,1969-10-30 13:10:00,1969-10-30 13:10:00,False,False
,10133554,Texas,409,San Patricio,,1969-11-26 22:30:00,CST,1969-11-26 22:30:00,0,0,0,0,.03K,0,,F1,Unknown,0.1,20,,,,,27.97,-97.38,,,,,TX,1969-11-26 22:30:00,1969-11-26 22:30:00,False,False
,10033593,Kentucky,33,Caldwell,,1969-01-23 16:00:00,CST,1969-01-23 16:00:00,0,0,0,0,2.5K,0,,F1,Unknown,0.1,50,,,,,37.0,-87.83,,,,,KY,1969-01-23 16:00:00,1969-01-23 16:00:00,False,False
,10007807,Illinois,183,Vermilion,,1969-05-10 10:15:00,CST,1969-05-10 10:15:00,0,0,0,0,.03K,0,,F0,Unknown,0.1,10,,,,,40.1,-87.7,,,,,IL,1969-05-10 11:15:00,1969-05-10 11:15:00,True,True
,10014590,Iowa,193,Woodbury,,1969-08-08 20:24:00,CST,1969-08-08 20:24:00,0,0,0,0,25K,0,,F1,Unknown,0.0,27,,,,,42.5,-96.43,,,,,IA,1969-08-08 21:24:00,1969-08-08 21:24:00,True,True
,10014591,Iowa,193,Woodbury,,1969-08-08 20:25:00,CST,1969-08-08 20:25:00,0,0,0,0,25K,0,,F1,Unknown,3.0,27,,,,,42.52,-96.38,42.47,-96.33,,,IA,1969-08-08 21:25:00,1969-08-08 21:25:00,True,True
,10014592,Iowa,21,Buena Vista,,1969-08-08 22:00:00,CST,1969-08-08 22:00:00,0,0,0,0,250K,0,,F2,Unknown,2.0,70,,,,,42.62,-95.2,,,,,IA,1969-08-08 23:00:00,1969-08-08 23:00:00,True,True
,10134251,Texas,61,Cameron,,1969-05-13 01:30:00,CST,1969-05-13 01:30:00,0,0,0,0,.25K,0,,F1,Unknown,0.1,33,,,,,26.08,-97.22,,,,,TX,1969-05-13 02:30:00,1969-05-13 02:30:00,True,True
,10134252,Texas,483,Wheeler,,1969-05-13 18:45:00,CST,1969-05-13 18:45:00,0,0,0,0,0K,0,,F0,Unknown,0.0,33,,,,,35.22,-100.23,,,,,TX,1969-05-13 19:45:00,1969-05-13 19:45:00,True,True
,10134255,Texas,223,Hopkins,,1969-05-14 14:00:00,CST,1969-05-14 14:00:00,0,0,0,0,25K,0,,F3,Unknown,0.5,33,,,,,33.05,-95.48,,,,,TX,1969-05-14 15:00:00,1969-05-14 15:00:00,True,True
,10133982,Texas,279,Lamb,,1969-05-06 17:30:00,CST,1969-05-06 17:30:00,0,0,0,0,0K,0,,F3,Unknown,1.0,100,,,,,34.2,-102.4,,,,,TX,1969-05-06 18:30:00,1969-05-06 18:30:00,True,True
,10133983,Texas,323,Maverick,,1969-05-06 18:00:00,CST,1969-05-06 18:00:00,0,0,0,0,0K,0,,F2,Unknown,0.1,17,,,,,28.67,-100.48,,,,,TX,1969-05-06 19:00:00,1969-05-06 19:00:00,True,True
,10133987,Texas,279,Lamb,,1969-05-06 19:10:00,CST,1969-05-06 19:10:00,0,0,0,0,25K,0,,F0,Unknown,0.0,33,,,,,34.23,-102.42,,,,,TX,1969-05-06 20:10:00,1969-05-06 20:10:00,True,True
,10135766,Texas,421,Sherman,,1969-06-10 21:53:00,CST,1969-06-10 21:53:00,0,0,0,0,0K,0,,F0,Unknown,0.1,17,,,,,36.42,-102.17,,,,,TX,1969-06-10 22:53:00,1969-06-10 22:53:00,True,True
,10135767,Texas,81,Coke,,1969-06-12 17:20:00,CST,1969-06-12 17:20:00,0,0,0,0,25K,0,,F2,Unknown,0.5,50,,,,,32.07,-100.27,,,,,TX,1969-06-12 18:20:00,1969-06-12 18:20:00,True,True
,10135772,Texas,49,Brown,,1969-06-12 19:30:00,CST,1969-06-12 19:30:00,0,0,0,0,0K,0,,F0,Unknown,0.1,20,,,,,32.08,-98.98,,,,,TX,1969-06-12 20:30:00,1969-06-12 20:30:00,True,True
,10136001,Texas,501,Yoakum,,1969-06-13 19:07:00,CST,1969-06-13 19:07:00,0,0,0,0,2.5K,0,,F1,Unknown,0.0,33,,,,,33.3,-102.97,,,,,TX,1969-06-13 20:07:00,1969-06-13 20:07:00,True,True
,10136002,Texas,3,Andrews,,1969-06-13 19:55:00,CST,1969-06-13 19:55:00,0,0,0,0,0K,0,,F0,Unknown,0.1,17,,,,,32.33,-102.53,,,,,TX,1969-06-13 20:55:00,1969-06-13 20:55:00,True,True
,10145463,West Virginia,39,Kanawha,,1969-04-18 12:30:00,CST,1969-04-18 12:30:00,1,0,0,0,25K,0,,F1,Unknown,0.3,33,,,,,38.4,-81.8,,,,,WV,1969-04-18 12:30:00,1969-04-18 12:30:00,False,False
,10145581,Wisconsin,99,Price,,1969-05-28 19:30:00,CST,1969-05-28 19:30:00,0,0,0,0,2.5K,0,,F1,Unknown,2.0,100,,,,,45.97,-90.52,,,,,WI,1969-05-28 20:30:00,1969-05-28 20:30:00,True,True
,10145582,Wisconsin,43,Grant,,1969-05-31 13:00:00,CST,1969-05-31 13:00:00,0,0,0,0,2.5K,0,,F1,Unknown,16.0,50,,,,,42.88,-91.12,42.97,-90.82,,,WI,1969-05-31 14:00:00,1969-05-31 14:00:00,True,True
,10145583,Wisconsin,25,Dane,,1969-05-31 14:00:00,CST,1969-05-31 14:00:00,0,0,0,0,2.5K,0,,F0,Unknown,1.0,50,,,,,43.07,-89.23,,,,,WI,1969-05-31 15:00:00,1969-05-31 15:00:00,True,True
,10145584,Wisconsin,131,Washington,,1969-05-31 15:30:00,CST,1969-05-31 15:30:00,0,0,0,0,25K,0,,F1,Unknown,1.9,50,,,,,43.3,-88.4,43.33,-88.35,,,WI,1969-05-31 16:30:00,1969-05-31 16:30:00,True,True
,10145585,Wisconsin,43,Grant,,1969-06-04 13:00:00,CST,1969-06-04 13:00:00,0,0,0,0,250K,0,,F2,Unknown,4.1,200,,,,,42.77,-91.0,42.73,-90.92,,,WI,1969-06-04 14:00:00,1969-06-04 14:00:00,True,True
,10145586,Wisconsin,43,Grant,,1969-06-04 13:45:00,CST,1969-06-04 13:45:00,0,0,0,0,250K,0,,F2,Unknown,24.4,200,,,,,42.83,-90.57,42.7,-90.12,,,WI,1969-06-04 14:45:00,1969-06-04 14:45:00,True,True
,10145588,Wisconsin,25,Dane,,1969-06-04 16:00:00,CST,1969-06-04 16:00:00,0,0,0,0,25K,0,,F2,Unknown,4.9,300,,,,,43.07,-89.17,43.03,-89.07,,,WI,1969-06-04 17:00:00,1969-06-04 17:00:00,True,True
,10134849,Texas,29,Bexar,,1969-05-16 07:30:00,CST,1969-05-16 07:30:00,3,0,0,0,250K,0,,F2,Unknown,4.3,100,,,,,29.42,-98.5,29.45,-98.45,,,TX,1969-05-16 08:30:00,1969-05-16 08:30:00,True,True
,9995062,Georgia,277,Tift,,1969-05-15 04:00:00,CST,1969-05-15 04:00:00,0,0,0,0,2.5K,0,,F2,Unknown,2.0,33,,,,,31.47,-83.47,,,,,GA,1969-05-15 05:00:00,1969-05-15 05:00:00,True,True
,10133086,Texas,441,Taylor,,1969-05-04 16:30:00,CST,1969-05-04 16:30:00,0,0,0,0,0K,0,,F0,Unknown,0.2,17,,,,,32.13,-99.73,,,,,TX,1969-05-04 17:30:00,1969-05-04 17:30:00,True,True
,10133089,Texas,441,Taylor,,1969-05-04 17:30:00,CST,1969-05-04 17:30:00,0,0,0,0,0K,0,,F0,Unknown,0.1,17,,,,,32.33,-99.67,,,,,TX,1969-05-04 18:30:00,1969-05-04 18:30:00,True,True
,10133090,Texas,441,Taylor,,1969-05-04 17:30:00,CST,1969-05-04 17:30:00,0,0,0,0,0K,0,,F0,Unknown,0.1,17,,,,,32.33,-99.67,,,,,TX,1969-05-04 18:30:00,1969-05-04 18:30:00,True,True
,10133091,Texas,441,Taylor,,1969-05-04 17:30:00,CST,1969-05-04 17:30:00,0,0,0,0,0K,0,,F0,Unknown,0.1,17,,,,,32.33,-99.67,,,,,TX,1969-05-04 18:30:00,1969-05-04 18:30:00,True,True
,10133092,Texas,441,Taylor,,1969-05-04 17:30:00,CST,1969-05-04 17:30:00,0,0,0,0,0K,0,,F0,Unknown,0.1,17,,,,,32.33,-99.67,,,,,TX,1969-05-04 18:30:00,1969-05-04 18:30:00,True,True
,10133095,Texas,201,Harris,,1969-05-05 10:34:00,CST,1969-05-05 10:34:00,0,0,0,0,0K,0,,F0,Unknown,0.1,17,,,,,29.77,-95.42,,,,,TX,1969-05-05 11:34:00,1969-05-05 11:34:00,True,True
,10133096,Texas,3,Andrews,,1969-05-05 14:57:00,CST,1969-05-05 14:57:00,0,0,0,0,0K,0,,F0,Unknown,4.1,100,,,,,32.33,-102.3,32.37,-102.25,,,TX,1969-05-05 15:57:00,1969-05-05 15:57:00,True,True
,10133097,Texas,3,Andrews,,1969-05-05 15:00:00,CST,1969-05-05 15:00:00,0,0,0,0,0K,0,,F0,Unknown,0.1,10,,,,,32.3,-102.55,,,,,TX,1969-05-05 16:00:00,1969-05-05 16:00:00,True,True
,10133098,Texas,3,Andrews,,1969-05-05 15:00:00,CST,1969-05-05 15:00:00,0,0,0,0,0K,0,,F0,Unknown,2.0,60,,,,,32.3,-102.55,,,,,TX,1969-05-05 16:00:00,1969-05-05 16:00:00,True,True
,10133099,Texas,317,Martin,,1969-05-05 16:45:00,CST,1969-05-05 16:45:00,0,0,0,0,2.5K,0,,F0,Unknown,0.5,17,,,,,32.47,-102.12,,,,,TX,1969-05-05 17:45:00,1969-05-05 17:45:00,True,True
,10133100,Texas,115,Dawson,,1969-05-05 16:45:00,CST,1969-05-05 16:45:00,0,0,0,0,0K,0,,F0,Unknown,0.5,50,,,,,32.57,-102.05,,,,,TX,1969-05-05 17:45:00,1969-05-05 17:45:00,True,True
,10133101,Texas,115,Dawson,,1969-05-05 16:45:00,CST,1969-05-05 16:45:00,0,0,0,0,0K,0,,F0,Unknown,1.0,50,,,,,32.57,-102.05,,,,,TX,1969-05-05 17:45:00,1969-05-05 17:45:00,True,True
,10133102,Texas,305,Lynn,,1969-05-05 19:00:00,CST,1969-05-05 19:00:00,0,0,0,0,2.5K,0,,F2,Unknown,4.7,33,,,,,33.15,-101.62,33.18,-101.55,,,TX,1969-05-05 20:00:00,1969-05-05 20:00:00,True,True
,10029777,Louisiana,55,Lafayette,,1969-12-06 12:45:00,CST,1969-12-06 12:45:00,0,0,0,0,2.5K,0,,F2,Unknown,0.5,33,,,,,30.15,-92.03,,,,,LA,1969-12-06 12:45:00,1969-12-06 12:45:00,False,False
,10029778,Louisiana,89,St. Charles,,1969-12-21 05:15:00,CST,1969-12-21 05:15:00,5,0,0,0,25K,0,,F1,Unknown,16.4,67,,,,,29.75,-90.03,29.8,-90.3,,,LA,1969-12-21 05:15:00,1969-12-21 05:15:00,False,False
,10022555,Kansas,93,Kearny,,1969-10-04 16:00:00,CST,1969-10-04 16:00:00,0,0,0,0,0K,0,,F0,Unknown,0.0,33,,,,,38.2,-101.5,,,,,KS,1969-10-04 17:00:00,1969-10-04 17:00:00,True,True
,10134854,Texas,205,Hartley,,1969-05-16 14:30:00,CST,1969-05-16 14:30:00,0,0,0,0,0K,0,,F0,Unknown,1.0,33,,,,,35.78,-102.55,,,,,TX,1969-05-16 15:30:00,1969-05-16 15:30:00,True,True
,10134855,Texas,179,Gray,,1969-05-16 14:40:00,CST,1969-05-16 14:40:00,0,0,0,0,0K,0,,F0,Unknown,0.1,33,,,,,35.53,-100.8,,,,,TX,1969-05-16 15:40:00,1969-05-16 15:40:00,True,True
,10134856,Texas,79,Cochran,,1969-05-16 15:00:00,CST,1969-05-16 15:00:00,0,0,0,0,25K,0,,F0,Unknown,42.8,150,,,,,33.68,-102.97,34.12,-102.43,,,TX,1969-05-16 16:00:00,1969-05-16 16:00:00,True,True
,10134857,Texas,79,Cochran,,1969-05-16 15:00:00,CST,1969-05-16 15:00:00,0,0,0,0,0K,0,,F0,Unknown,42.8,267,,,,,33.68,-102.97,34.12,-102.43,,,TX,1969-05-16 16:00:00,1969-05-16 16:00:00,True,True
,10134858,Texas,79,Cochran,,1969-05-16 15:00:00,CST,1969-05-16 15:00:00,0,0,0,0,0K,0,,F0,Unknown,42.8,200,,,,,33.68,-102.97,34.12,-102.43,,,TX,1969-05-16 16:00:00,1969-05-16 16:00:00,True,True
,10134859,Texas,79,Cochran,,1969-05-16 15:00:00,CST,1969-05-16 15:00:00,0,0,0,0,0K,0,,F0,Unknown,42.8,200,,,,,33.68,-102.97,34.12,-102.43,,,TX,1969-05-16 16:00:00,1969-05-16 16:00:00,True,True
,10134860,Texas,17,Bailey,,1969-05-16 15:00:00,CST,1969-05-16 15:00:00,0,0,0,0,0K,0,,F0,Unknown,10.5,150,,,,,34.1,-102.5,34.17,-102.33,,,TX,1969-05-16 16:00:00,1969-05-16 16:00:00,True,True
,10134861,Texas,279,Lamb,,1969-05-16 16:15:00,CST,1969-05-16 16:15:00,0,0,0,0,25K,0,,F3,Unknown,0.6,50,,,,,33.92,-102.5,,,,,TX,1969-05-16 17:15:00,1969-05-16 17:15:00,True,True
,10134862,Texas,69,Castro,,1969-05-16 16:30:00,CST,1969-05-16 16:30:00,0,0,0,0,0K,0,,F0,Unknown,23.7,33,,,,,34.18,-102.23,34.52,-102.13,,,TX,1969-05-16 17:30:00,1969-05-16 17:30:00,True,True
,10134863,Texas,369,Parmer,,1969-05-16 18:30:00,CST,1969-05-16 18:30:00,0,0,0,0,2.5K,0,,F2,Unknown,0.1,20,,,,,34.42,-102.6,,,,,TX,1969-05-16 19:30:00,1969-05-16 19:30:00,True,True
,10134865,Texas,187,Guadalupe,,1969-05-22 10:00:00,CST,1969-05-22 10:00:00,0,0,0,0,2.5K,0,,F2,Unknown,0.0,33,,,,,29.6,-97.95,,,,,TX,1969-05-22 11:00:00,1969-05-22 11:00:00,True,True
,10134866,Texas,369,Parmer,,1969-05-24 18:00:00,CST,1969-05-24 18:00:00,0,0,0,0,0K,0,,F0,Unknown,0.1,33,,,,,34.52,-102.87,,,,,TX,1969-05-24 19:00:00,1969-05-24 19:00:00,True,True
,10134868,Texas,71,Chambers,,1969-05-27 11:45:00,CST,1969-05-27 11:45:00,0,0,3,0,25K,0,,F3,Unknown,1.5,67,,,,,29.78,-94.7,,,,,TX,1969-05-27 12:45:00,1969-05-27 12:45:00,True,True
,10134876,Texas,229,Hudspeth,,1969-06-02 14:30:00,CST,1969-06-02 14:30:00,0,0,0,0,0K,0,,F0,Unknown,0.0,33,,,,,31.2,-105.58,,,,,TX,1969-06-02 15:30:00,1969-06-02 15:30:00,True,True
,10029780,Louisiana,113,Vermilion,,1969-12-25 04:30:00,CST,1969-12-25 04:30:00,8,0,1,0,250K,0,,F3,Unknown,1.5,100,,,,,30.0,-92.27,,,,,LA,1969-12-25 04:30:00,1969-12-25 04:30:00,False,False
,10029783,Louisiana,47,Iberville,,1969-12-25 06:45:00,CST,1969-12-25 06:45:00,1,0,0,0,25K,0,,F3,Unknown,13.5,50,,,,,30.13,-91.35,30.18,-91.13,,,LA,1969-12-25 06:45:00,1969-12-25 06:45:00,False,False
,10029784,Louisiana,25,Catahoula,,1969-12-29 14:15:00,CST,1969-12-29 14:15:00,2,0,0,0,250K,0,,F3,Unknown,4.1,183,,,,,31.5,-91.85,31.53,-91.8,,,LA,1969-12-29 14:15:00,1969-12-29 14:15:00,False,False
,10132635,Texas,245,Jefferson,,1969-07-30 17:00:00,CST,1969-07-30 17:00:00,0,0,0,0,25K,0,,F1,Unknown,0.5,20,,,,,29.85,-94.05,,,,,TX,1969-07-30 18:00:00,1969-07-30 18:00:00,True,True
,10132636,Texas,303,Lubbock,,1969-07-31 21:00:00,CST,1969-07-31 21:00:00,0,0,0,0,0K,0,,F1,Unknown,0.0,33,,,,,33.58,-98.17,,,,,TX,1969-07-31 22:00:00,1969-07-31 22:00:00,True,True
,10136014,Texas,495,Winkler,,1969-06-16 21:10:00,CST,1969-06-16 21:10:00,0,0,0,0,0K,0,,F0,Unknown,0.1,33,,,,,31.77,-103.13,,,,,TX,1969-06-16 22:10:00,1969-06-16 22:10:00,True,True
,10136015,Texas,495,Winkler,,1969-06-16 21:40:00,CST,1969-06-16 21:40:00,0,0,0,0,0K,0,,F0,Unknown,0.1,33,,,,,31.77,-103.13,,,,,TX,1969-06-16 22:40:00,1969-06-16 22:40:00,True,True
,10134205,Texas,445,Terry,,1969-05-06 20:05:00,CST,1969-05-06 20:05:00,0,0,0,0,0K,0,,F0,Unknown,0.1,17,,,,,33.07,-102.43,,,,,TX,1969-05-06 21:05:00,1969-05-06 21:05:00,True,True
,9998108,Florida,91,Okaloosa,,1969-05-18 04:40:00,CST,1969-05-18 04:40:00,0,0,0,0,25K,0,,F1,Unknown,0.0,33,,,,,30.85,-86.53,,,,,FL,1969-05-18 05:40:00,1969-05-18 05:40:00,True,True
,9998110,Florida,123,Taylor,,1969-05-19 15:25:00,CST,1969-05-19 15:25:00,0,0,0,0,0K,0,,,Unknown,0.0,33,,,,,30.0,-83.83,,,,,FL,1969-05-19 16:25:00,1969-05-19 16:25:00,True,True
,9998112,Florida,113,Santa Rosa,,1969-05-24 17:00:00,CST,1969-05-24 17:00:00,0,0,0,0,.25K,0,,F1,Unknown,0.0,33,,,,,30.57,-87.13,,,,,FL,1969-05-24 18:00:00,1969-05-24 18:00:00,True,True
,9998114,Florida,131,Walton,,1969-05-24 17:30:00,CST,1969-05-24 17:30:00,0,0,0,0,.03K,0,,,Unknown,0.0,33,,,,,30.85,-86.15,,,,,FL,1969-05-24 18:30:00,1969-05-24 18:30:00,True,True
,9998115,Florida,99,Palm Beach,,1969-05-25 11:14:00,CST,1969-05-25 11:14:00,0,0,0,0,0K,0,,F0,Unknown,0.0,33,,,,,26.55,-80.47,,,,,FL,1969-05-25 12:14:00,1969-05-25 12:14:00,True,True
,9998121,Florida,57,Hillsborough,,1969-06-04 15:10:00,CST,1969-06-04 15:10:00,0,0,0,0,2.5K,0,,,Unknown,0.0,33,,,,,28.1,-82.35,,,,,FL,1969-06-04 16:10:00,1969-06-04 16:10:00,True,True
,9998125,Florida,109,St. Johns,,1969-06-05 15:00:00,CST,1969-06-05 15:00:00,0,0,0,0,2.5K,0,,F1,Unknown,0.0,33,,,,,29.9,-81.48,,,,,FL,1969-06-05 16:00:00,1969-06-05 16:00:00,True,True
,9998126,Florida,121,Suwannee,,1969-06-05 17:00:00,CST,1969-06-05 17:00:00,0,0,0,0,0K,0,,,Unknown,0.0,33,,,,,30.47,-82.98,,,,,FL,1969-06-05 18:00:00,1969-06-05 18:00:00,True,True
,10134221,Texas,113,Dallas,,1969-05-08 15:24:00,CST,1969-05-08 15:24:00,0,0,0,0,0K,0,,F0,Unknown,0.0,33,,,,,32.58,-96.65,,,,,TX,1969-05-08 16:24:00,1969-05-08 16:24:00,True,True
,10134227,Texas,355,Nueces,,1969-05-12 16:00:00,CST,1969-05-12 16:00:00,0,0,0,0,2.5K,0,,F2,Unknown,4.9,33,,,,,27.78,-97.83,27.82,-97.77,,,TX,1969-05-12 17:00:00,1969-05-12 17:00:00,True,True
,10132408,Texas,401,Rusk,,1969-07-15 09:00:00,CST,1969-07-15 09:00:00,0,0,0,0,0K,0,,F0,Unknown,0.0,100,,,,,32.08,-94.7,,,,,TX,1969-07-15 10:00:00,1969-07-15 10:00:00,True,True
,10132409,Texas,245,Jefferson,,1969-07-15 16:10:00,CST,1969-07-15 16:10:00,0,0,0,0,250K,0,,F1,Unknown,2.3,20,,,,,29.87,-94.0,29.87,-93.97,,,TX,1969-07-15 17:10:00,1969-07-15 17:10:00,True,True
,10132411,Texas,73,Cherokee,,1969-07-15 21:00:00,CST,1969-07-15 21:00:00,0,0,0,0,0K,0,,F2,Unknown,0.5,33,,,,,32.03,-95.17,,,,,TX,1969-07-15 22:00:00,1969-07-15 22:00:00,True,True
,10132412,Texas,25,Bee,,1969-07-16 13:45:00,CST,1969-07-16 13:45:00,0,0,0,0,0K,0,,F1,Unknown,0.5,17,,,,,28.33,-97.47,,,,,TX,1969-07-16 14:45:00,1969-07-16 14:45:00,True,True
,10029523,Louisiana,19,Calcasieu,,1969-04-05 05:08:00,CST,1969-04-05 05:08:00,0,0,0,0,0K,0,,F1,Unknown,0.5,33,,,,,30.17,-93.22,,,,,LA,1969-04-05 05:08:00,1969-04-05 05:08:00,False,False
,10133742,Texas,245,Jefferson,,1969-03-23 11:05:00,CST,1969-03-23 11:05:00,1,0,0,0,25K,0,,F3,Unknown,0.5,67,,,,,29.8,-94.3,,,,,TX,1969-03-23 11:05:00,1969-03-23 11:05:00,False,False
,10133743,Texas,51,Burleson,,1969-04-04 10:00:00,CST,1969-04-04 10:00:00,0,0,0,0,2.5K,0,,F2,Unknown,9.0,440,,,,,30.5,-96.63,30.58,-96.52,,,TX,1969-04-04 10:00:00,1969-04-04 10:00:00,False,False
,10133746,Texas,301,Loving,,1969-04-10 20:35:00,CST,1969-04-10 20:35:00,0,0,0,0,0K,0,,F1,Unknown,7.1,33,,,,,31.9,-103.4,31.98,-103.33,,,TX,1969-04-10 20:35:00,1969-04-10 20:35:00,False,False
,10133749,Texas,3,Andrews,,1969-04-10 23:00:00,CST,1969-04-10 23:00:00,0,0,0,0,0K,0,,F0,Unknown,28.0,33,,,,,32.2,-102.5,31.83,-102.3,,,TX,1969-04-10 23:00:00,1969-04-10 23:00:00,False,False
,10133752,Texas,469,Victoria,,1969-04-11 05:10:00,CST,1969-04-11 05:10:00,0,0,0,0,.25K,0,,F1,Unknown,1.0,50,,,,,28.75,-97.08,,,,,TX,1969-04-11 05:10:00,1969-04-11 05:10:00,False,False
,10133753,Texas,123,De Witt,,1969-04-11 08:15:00,CST,1969-04-11 08:15:00,0,0,0,0,2.5K,0,,F2,Unknown,1.0,33,,,,,28.95,-97.3,,,,,TX,1969-04-11 08:15:00,1969-04-11 08:15:00,False,False
,10133756,Texas,321,Matagorda,,1969-04-11 10:30:00,CST,1969-04-11 10:30:00,0,0,0,0,0K,0,,F0,Unknown,0.1,33,,,,,28.83,-95.92,,,,,TX,1969-04-11 10:30:00,1969-04-11 10:30:00,False,False
,10133757,Texas,321,Matagorda,,1969-04-11 10:30:00,CST,1969-04-11 10:30:00,0,0,0,0,0K,0,,F0,Unknown,0.1,33,,,,,28.88,-95.95,,,,,TX,1969-04-11 10:30:00,1969-04-11 10:30:00,False,False
,10133758,Texas,321,Matagorda,,1969-04-11 10:50:00,CST,1969-04-11 10:50:00,13,0,0,0,2.5M,0,,F3,Unknown,2.0,67,,,,,28.8,-95.65,,,,,TX,1969-04-11 10:50:00,1969-04-11 10:50:00,False,False
,9998129,Florida,105,Polk,,1969-06-06 12:15:00,CST,1969-06-06 12:15:00,0,0,0,0,0K,0,,F2,Unknown,0.0,33,,,,,27.8,-81.98,,,,,FL,1969-06-06 13:15:00,1969-06-06 13:15:00,True,True
,10132844,Texas,165,Gaines,,1969-04-19 17:00:00,CST,1969-04-19 17:00:00,0,0,0,0,2.5K,0,,F3,Unknown,0.1,50,,,,,32.7,-102.67,,,,,TX,1969-04-19 17:00:00,1969-04-19 17:00:00,False,False
,9998131,Florida,57,Hillsborough,,1969-06-06 18:26:00,CST,1969-06-06 18:26:00,0,0,0,0,0K,0,,,Unknown,0.0,33,,,,,28.0,-82.2,,,,,FL,1969-06-06 19:26:00,1969-06-06 19:26:00,True,True
,9998135,Florida,81,Manatee,,1969-06-08 17:05:00,CST,1969-06-08 17:05:00,0,0,0,0,2.5K,0,,F1,Unknown,0.0,33,,,,,27.5,-82.5,,,,,FL,1969-06-08 18:05:00,1969-06-08 18:05:00,True,True
,9998137,Florida,115,Sarasota,,1969-06-13 16:45:00,CST,1969-06-13 16:45:00,0,0,0,0,2.5K,0,,F2,Unknown,0.0,33,,,,,27.35,-82.52,,,,,FL,1969-06-13 17:45:00,1969-06-13 17:45:00,True,True
,9998140,Florida,91,Okaloosa,,1969-06-21 03:44:00,CST,1969-06-21 03:44:00,0,0,0,0,0K,0,,,Unknown,0.0,33,,,,,30.48,-86.5,,,,,FL,1969-06-21 04:44:00,1969-06-21 04:44:00,True,True
,9998144,Florida,57,Hillsborough,,1969-07-01 16:40:00,CST,1969-07-01 16:40:00,0,0,0,0,.25K,0,,F1,Unknown,0.0,33,,,,,28.1,-82.5,,,,,FL,1969-07-01 17:40:00,1969-07-01 17:40:00,True,True
,9998145,Florida,57,Hillsborough,,1969-07-02 16:46:00,CST,1969-07-02 16:46:00,2,0,0,0,2.5K,0,,F2,Unknown,0.0,33,,,,,27.85,-82.38,,,,,FL,1969-07-02 17:46:00,1969-07-02 17:46:00,True,True
,10133067,Texas,231,Hunt,,1969-04-27 04:50:00,CST,1969-04-27 04:50:00,0,0,0,0,2.5K,0,,F2,Unknown,1.0,20,,,,,33.1,-95.95,,,,,TX,1969-04-27 05:50:00,1969-04-27 05:50:00,True,True
,10133068,Texas,439,Tarrant,,1969-04-27 05:00:00,CST,1969-04-27 05:00:00,0,0,0,0,250K,0,,F2,Unknown,0.0,100,,,,,32.87,-97.22,,,,,TX,1969-04-27 06:00:00,1969-04-27 06:00:00,True,True
,10133069,Texas,85,Collin,,1969-04-27 05:10:00,CST,1969-04-27 05:10:00,45,0,0,0,250K,0,,F2,Unknown,16.5,200,,,,,33.05,-96.72,33.13,-96.45,,,TX,1969-04-27 06:10:00,1969-04-27 06:10:00,True,True
,10133071,Texas,387,Red River,,1969-04-27 06:00:00,CST,1969-04-27 06:00:00,0,0,0,0,25K,0,,F3,Unknown,2.0,440,,,,,33.72,-95.27,,,,,TX,1969-04-27 07:00:00,1969-04-27 07:00:00,True,True
,10133075,Texas,201,Harris,,1969-04-27 10:15:00,CST,1969-04-27 10:15:00,0,0,0,0,.25K,0,,F1,Unknown,1.5,20,,,,,31.95,-94.95,,,,,TX,1969-04-27 11:15:00,1969-04-27 11:15:00,True,True
,10133076,Texas,375,Potter,,1969-05-02 16:00:00,CST,1969-05-02 16:00:00,0,0,0,0,2.5K,0,,F2,Unknown,0.1,50,,,,,35.33,-101.83,,,,,TX,1969-05-02 17:00:00,1969-05-02 17:00:00,True,True
,10133077,Texas,381,Randall,,1969-05-02 16:04:00,CST,1969-05-02 16:04:00,0,0,0,0,0K,0,,F0,Unknown,0.2,33,,,,,34.9,-101.77,,,,,TX,1969-05-02 17:04:00,1969-05-02 17:04:00,True,True
,10133078,Texas,381,Randall,,1969-05-02 16:30:00,CST,1969-05-02 16:30:00,0,0,0,0,0K,0,,F0,Unknown,0.2,33,,,,,34.95,-101.92,,,,,TX,1969-05-02 17:30:00,1969-05-02 17:30:00,True,True
,10133079,Texas,29,Bexar,,1969-05-03 05:00:00,CST,1969-05-03 05:00:00,0,0,0,0,250K,0,,F2,Unknown,1.0,67,,,,,29.38,-98.42,,,,,TX,1969-05-03 06:00:00,1969-05-03 06:00:00,True,True
,10132657,Texas,275,Knox,,1969-08-22 15:50:00,CST,1969-08-22 15:50:00,0,0,0,0,250K,0,,F2,Unknown,0.3,67,,,,,33.53,-99.63,,,,,TX,1969-08-22 16:50:00,1969-08-22 16:50:00,True,True
,10132662,Texas,303,Lubbock,,1969-08-23 14:32:00,CST,1969-08-23 14:32:00,0,0,0,0,0K,0,,F0,Unknown,0.0,33,,,,,33.63,-101.9,,,,,TX,1969-08-23 15:32:00,1969-08-23 15:32:00,True,True
,10132663,Texas,219,Hockley,,1969-08-23 14:33:00,CST,1969-08-23 14:33:00,0,0,0,0,0K,0,,F0,Unknown,0.0,33,,,,,33.77,-102.12,,,,,TX,1969-08-23 15:33:00,1969-08-23 15:33:00,True,True
,10132666,Texas,245,Jefferson,,1969-08-27 08:00:00,CST,1969-08-27 08:00:00,0,0,0,0,0K,0,,F0,Unknown,0.1,17,,,,,29.92,-93.92,,,,,TX,1969-08-27 09:00:00,1969-08-27 09:00:00,True,True
,10132667,Texas,201,Harris,,1969-09-08 17:40:00,CST,1969-09-08 17:40:00,0,0,0,0,25K,0,,F3,Unknown,0.8,50,,,,,29.7,-95.22,,,,,TX,1969-09-08 18:40:00,1969-09-08 18:40:00,True,True
,10132668,Texas,257,Kaufman,,1969-09-08 19:30:00,CST,1969-09-08 19:30:00,0,0,0,0,2.5K,0,,F1,Unknown,0.0,33,,,,,32.3,-96.2,,,,,TX,1969-09-08 20:30:00,1969-09-08 20:30:00,True,True
,10132669,Texas,501,Yoakum,,1969-09-14 00:30:00,CST,1969-09-14 00:30:00,0,0,0,0,0K,0,,F1,Unknown,0.0,33,,,,,33.3,-102.97,,,,,TX,1969-09-14 01:30:00,1969-09-14 01:30:00,True,True
,10132670,Texas,501,Yoakum,,1969-09-14 00:30:00,CST,1969-09-14 00:30:00,0,0,0,0,0K,0,,F1,Unknown,0.0,33,,,,,33.3,-102.97,,,,,TX,1969-09-14 01:30:00,1969-09-14 01:30:00,True,True
,10132671,Texas,265,Kerr,,1969-09-16 21:20:00,CST,1969-09-16 21:20:00,0,0,0,0,0K,0,,F1,Unknown,0.0,50,,,,,30.2,-99.53,,,,,TX,1969-09-16 22:20:00,1969-09-16 22:20:00,True,True
,10132673,Texas,279,Lamb,,1969-09-22 18:30:00,CST,1969-09-22 18:30:00,0,0,0,0,0K,0,,F0,Unknown,6.6,100,,,,,34.1,-102.3,34.15,-102.2,,,TX,1969-09-22 19:30:00,1969-09-22 19:30:00,True,True
,10132679,Texas,113,Dallas,,1969-10-12 06:50:00,CST,1969-10-12 06:50:00,2,0,0,0,2.5K,0,,F3,Unknown,28.0,200,,,,,32.67,-96.83,32.98,-96.53,,,TX,1969-10-12 07:50:00,1969-10-12 07:50:00,True,True
,10132680,Texas,85,Collin,,1969-10-12 07:44:00,CST,1969-10-12 07:44:00,0,0,0,0,2.5K,0,,F3,Unknown,17.9,200,,,,,32.98,-96.53,33.23,-96.45,,,TX,1969-10-12 08:44:00,1969-10-12 08:44:00,True,True
,10132681,Texas,355,Nueces,,1969-10-12 17:30:00,CST,1969-10-12 17:30:00,0,0,0,0,0K,0,,F0,Unknown,0.5,33,,,,,27.77,-97.67,,,,,TX,1969-10-12 18:30:00,1969-10-12 18:30:00,True,True
,10132682,Texas,355,Nueces,,1969-10-12 17:30:00,CST,1969-10-12 17:30:00,0,0,0,0,0K,0,,F0,Unknown,0.5,33,,,,,27.77,-97.67,,,,,TX,1969-10-12 18:30:00,1969-10-12 18:30:00,True,True
,10132683,Texas,355,Nueces,,1969-10-12 17:30:00,CST,1969-10-12 17:30:00,0,0,0,0,0K,0,,F0,Unknown,0.5,33,,,,,27.77,-97.67,,,,,TX,1969-10-12 18:30:00,1969-10-12 18:30:00,True,True
,10132684,Texas,279,Lamb,,1969-10-19 20:00:00,CST,1969-10-19 20:00:00,0,0,0,0,25K,0,,F2,Unknown,1.0,10,,,,,34.25,-102.12,,,,,TX,1969-10-19 21:00:00,1969-10-19 21:00:00,True,True
,10133731,Texas,167,Galveston,,1969-02-14 07:45:00,CST,1969-02-14 07:45:00,0,0,0,0,2.5K,0,,F1,Unknown,0.0,33,,,,,29.37,-95.1,,,,,TX,1969-02-14 07:45:00,1969-02-14 07:45:00,False,False
,10136038,Texas,253,Jones,,1969-06-19 18:30:00,CST,1969-06-19 18:30:00,0,0,0,0,25K,0,,F2,Unknown,0.1,10,,,,,32.78,-99.62,,,,,TX,1969-06-19 19:30:00,1969-06-19 19:30:00,True,True
,10134625,Texas,121,Denton,,1969-05-15 16:30:00,CST,1969-05-15 16:30:00,0,0,0,0,25K,0,,F2,Unknown,0.2,33,,,,,33.37,-97.2,,,,,TX,1969-05-15 17:30:00,1969-05-15 17:30:00,True,True
,10134632,Texas,169,Garza,,1969-05-15 20:20:00,CST,1969-05-15 20:20:00,0,0,0,0,0K,0,,F0,Unknown,0.1,17,,,,,33.1,-101.27,,,,,TX,1969-05-15 21:20:00,1969-05-15 21:20:00,True,True
,10136044,Texas,253,Jones,,1969-06-23 14:55:00,CST,1969-06-23 14:55:00,0,0,0,0,0K,0,,F1,Unknown,0.2,20,,,,,32.62,-99.65,,,,,TX,1969-06-23 15:55:00,1969-06-23 15:55:00,True,True
,10136047,Texas,295,Lipscomb,,1969-06-23 16:55:00,CST,1969-06-23 16:55:00,0,0,0,0,0K,0,,F0,Unknown,1.0,300,,,,,36.42,-100.13,,,,,TX,1969-06-23 17:55:00,1969-06-23 17:55:00,True,True
,10136005,Texas,33,Borden,,1969-06-13 20:20:00,CST,1969-06-13 20:20:00,0,0,0,0,0K,0,,F1,Unknown,0.5,20,,,,,32.53,-101.47,,,,,TX,1969-06-13 21:20:00,1969-06-13 21:20:00,True,True
,10145606,Wisconsin,19,Clark,,1969-06-26 16:35:00,CST,1969-06-26 16:35:00,2,0,0,0,2.5M,0,,F2,Unknown,28.5,100,,,,,44.77,-90.92,45.03,-90.47,,,WI,1969-06-26 17:35:00,1969-06-26 17:35:00,True,True
,10145607,Wisconsin,125,Vilas,,1969-06-26 17:00:00,CST,1969-06-26 17:00:00,0,0,0,0,250K,0,,F2,Unknown,28.9,33,,,,,45.95,-89.87,46.23,-89.42,,,WI,1969-06-26 18:00:00,1969-06-26 18:00:00,True,True
,10145608,Wisconsin,105,Rock,,1969-06-26 17:20:00,CST,1969-06-26 17:20:00,0,0,0,0,250K,0,,F1,Unknown,0.5,100,,,,,42.7,-89.0,,,,,WI,1969-06-26 18:20:00,1969-06-26 18:20:00,True,True
,10145609,Wisconsin,43,Grant,,1969-06-29 16:30:00,CST,1969-06-29 16:30:00,0,0,0,0,25K,0,,F1,Unknown,1.0,100,,,,,42.77,-90.7,,,,,WI,1969-06-29 17:30:00,1969-06-29 17:30:00,True,True
,10029736,Louisiana,19,Calcasieu,,1969-04-05 05:08:00,CST,1969-04-05 05:08:00,0,0,0,0,25K,0,,F1,Unknown,0.5,33,,,,,30.12,-92.9,,,,,LA,1969-04-05 05:08:00,1969-04-05 05:08:00,False,False
,10029737,Louisiana,5,Ascension,,1969-04-12 22:30:00,CST,1969-04-12 22:30:00,1,0,0,0,250K,0,,F3,Unknown,10.7,100,,,,,30.2,-90.9,30.28,-90.75,,,LA,1969-04-12 22:30:00,1969-04-12 22:30:00,False,False
,10029738,Louisiana,35,East Carroll,,1969-04-17 12:00:00,CST,1969-04-17 12:00:00,0,0,0,0,25K,0,,F1,Unknown,2.0,67,,,,,32.55,-91.4,,,,,LA,1969-04-17 12:00:00,1969-04-17 12:00:00,False,False
,10134256,Texas,217,Hill,,1969-05-14 16:20:00,CST,1969-05-14 16:20:00,0,0,0,0,25K,0,,F3,Unknown,0.1,33,,,,,31.92,-96.88,,,,,TX,1969-05-14 17:20:00,1969-05-14 17:20:00,True,True
,10134258,Texas,243,Jeff Davis,,1969-05-14 16:50:00,CST,1969-05-14 16:50:00,0,0,0,0,0K,0,,F0,Unknown,0.1,17,,,,,30.58,-104.25,,,,,TX,1969-05-14 17:50:00,1969-05-14 17:50:00,True,True
,10134262,Texas,421,Sherman,,1969-05-14 19:10:00,CST,1969-05-14 19:10:00,0,0,0,0,0K,0,,F0,Unknown,0.1,17,,,,,36.33,-102.08,,,,,TX,1969-05-14 20:10:00,1969-05-14 20:10:00,True,True
,10134266,Texas,115,Dawson,,1969-05-14 21:15:00,CST,1969-05-14 21:15:00,0,0,0,0,0K,0,,F0,Unknown,0.0,33,,,,,32.92,-101.83,,,,,TX,1969-05-14 22:15:00,1969-05-14 22:15:00,True,True
,10001525,Florida,39,Gadsden,,1969-02-15 10:45:00,CST,1969-02-15 10:45:00,0,0,0,0,25K,0,,F1,Unknown,0.0,33,,,,,30.63,-84.4,,,,,FL,1969-02-15 10:45:00,1969-02-15 10:45:00,False,False
,10001533,Florida,95,Orange,,1969-04-19 02:30:00,CST,1969-04-19 02:30:00,0,0,0,0,250K,0,,F1,Unknown,5.6,500,,,,,28.6,-81.43,28.63,-81.35,,,FL,1969-04-19 02:30:00,1969-04-19 02:30:00,False,False
,10001538,Florida,101,Pasco,,1969-05-03 16:44:00,CST,1969-05-03 16:44:00,0,0,0,0,0K,0,,,Unknown,0.0,33,,,,,28.4,-82.2,,,,,FL,1969-05-03 17:44:00,1969-05-03 17:44:00,True,True
,10001539,Florida,99,Palm Beach,,1969-05-11 14:45:00,CST,1969-05-11 14:45:00,0,0,0,0,0K,0,,,Unknown,0.0,33,,,,,26.6,-80.6,,,,,FL,1969-05-11 15:45:00,1969-05-11 15:45:00,True,True
,10145599,Wisconsin,87,Outagamie,,1969-06-26 11:15:00,CST,1969-06-26 11:15:00,1,0,0,0,2.5M,0,,F3,Unknown,7.7,100,,,,,44.5,-88.4,44.58,-88.28,,,WI,1969-06-26 12:15:00,1969-06-26 12:15:00,True,True
,10145600,Wisconsin,115,Shawano,,1969-06-26 11:30:00,CST,1969-06-26 11:30:00,0,0,0,0,2.5M,0,,F3,Unknown,7.6,100,,,,,44.58,-88.28,44.68,-88.2,,,WI,1969-06-26 12:30:00,1969-06-26 12:30:00,True,True
,10145602,Wisconsin,53,Jackson,,1969-06-26 16:15:00,CST,1969-06-26 16:15:00,0,0,0,0,2.5M,0,,F2,Unknown,19.0,100,,,,,44.43,-91.13,44.67,-90.92,,,WI,1969-06-26 17:15:00,1969-06-26 17:15:00,True,True
,10145603,Wisconsin,99,Price,,1969-06-26 16:30:00,CST,1969-06-26 16:30:00,0,0,0,0,250K,0,,F1,Unknown,24.4,33,,,,,45.88,-90.28,46.13,-89.92,,,WI,1969-06-26 17:30:00,1969-06-26 17:30:00,True,True
,10145604,Wisconsin,125,Vilas,,1969-06-26 16:30:00,CST,1969-06-26 16:30:00,1,0,0,0,250K,0,,F1,Unknown,8.8,33,,,,,46.13,-89.92,46.2,-89.75,,,WI,1969-06-26 17:30:00,1969-06-26 17:30:00,True,True
,10134886,Texas,165,Gaines,,1969-06-07 18:45:00,CST,1969-06-07 18:45:00,0,0,0,0,0K,0,,F0,Unknown,4.1,33,,,,,32.97,-102.55,33.0,-102.5,,,TX,1969-06-07 19:45:00,1969-06-07 19:45:00,True,True
,10012327,Iowa,141,O'Brien,,1969-04-08 18:00:00,CST,1969-04-08 18:00:00,0,0,0,0,2.5K,0,,F1,Unknown,1.0,300,,,,,43.18,-95.47,,,,,IA,1969-04-08 18:00:00,1969-04-08 18:00:00,False,False
,10112860,South Carolina,45,Greenville,,1969-08-15 14:26:00,CST,1969-08-15 14:26:00,0,0,0,0,.03K,0,,F0,Unknown,0.0,33,,,,,34.85,-82.25,,,,,SC,1969-08-15 15:26:00,1969-08-15 15:26:00,True,True
,10134621,Texas,321,Matagorda,,1969-05-15 10:10:00,CST,1969-05-15 10:10:00,0,0,0,0,0K,0,,F0,Unknown,0.1,33,,,,,28.7,-96.27,,,,,TX,1969-05-15 11:10:00,1969-05-15 11:10:00,True,True
,10134624,Texas,381,Randall,,1969-05-15 15:00:00,CST,1969-05-15 15:00:00,0,0,0,0,0K,0,,F0,Unknown,0.5,33,,,,,35.08,-102.08,,,,,TX,1969-05-15 16:00:00,1969-05-15 16:00:00,True,True
,9990604,California,77,San Joaquin,,1969-10-16 17:00:00,CST,1969-10-16 17:00:00,0,0,0,0,0K,0,,,Unknown,0.0,33,,,,,37.67,-121.3,,,,,CA,1969-10-16 18:00:00,1969-10-16 18:00:00,True,True
,10014606,Iowa,73,Greene,,1969-09-26 19:30:00,CST,1969-09-26 19:30:00,0,0,0,0,25K,0,,F1,Unknown,1.0,200,,,,,42.08,-94.43,,,,,IA,1969-09-26 20:30:00,1969-09-26 20:30:00,True,True
,10132842,Texas,323,Maverick,,1969-04-17 01:00:00,CST,1969-04-17 01:00:00,0,0,0,0,2.5K,0,,F1,Unknown,0.8,33,,,,,29.05,-100.42,,,,,TX,1969-04-17 01:00:00,1969-04-17 01:00:00,False,False
,10132843,Texas,165,Gaines,,1969-04-19 17:00:00,CST,1969-04-19 17:00:00,0,0,0,0,0K,0,,F0,Unknown,0.1,33,,,,,32.73,-102.63,,,,,TX,1969-04-19 17:00:00,1969-04-19 17:00:00,False,False
