episode_id,event_id,state,county_fips,county_name,wfo,begin_date_time,county_timezone,end_date_time,injuries_direct,injuries_indirect,deaths_direct,deaths_indirect,property_damage,crop_damage,source,tornado_rating,max_windspeed,tornado_length,tornado_max_width,other_wfos,other_states,other_counties_fips,other_counties_names,begin_latitude,begin_longitude,end_latitude,end_longitude,episode_narrative,event_narrative,state_code,begin_date_time_corrected,end_date_time_corrected,begin_time_adjusted,end_time_adjusted
2151859,5325452,Utah,39,Sanpete,SLC,2002-09-08 12:50:00,MST,2002-09-08 13:05:00,0,0,0,0,2M,100K,GENERAL PUBLIC,F2,Unknown,2.7,270.0,,,,,,,,,,"An F2 tornado began one mile south-southwest of Manti and moved northeast through Southeast Manti. The first mile of the tornado path was across open land, however the tornado produced some remarkable damage at the start. A 10X12 foot pioneer building was lifted, rotated 90 degrees, and moved 8 feet before being dropped back to the ground. At the south end of Manti, the tornado struck the Anderson Lumber business and did substantial damage. A 40 foot semi-trailer, loaded with insulation, was lifted and thrown onto it's side approximately 35 to 40 feet away. A large amount of debris, along with a 10X10 foot wooden shed, was thrown across Highway 89 and over the hill some 200 to 300 feet away. The wide swath of the tornado did considerable damage as it moved through the residential area in Southeast Manti. As the tornado exited the residential area, where some of the heaviest damage occurred, a 26 foot camp trailer was lifted and thrown to the west-northwest some 150 to 200 feet and disintegrated. The tornado continued across open farmland another half a mile or so before dissipating near the mountains. It has been determined that this was a high-end F2 tornado, with winds as high as 157 mph. The distance traveled was 2.75 miles, and the width was 800 feet. Time on the ground was approximately 15 minutes. Estimated damage is around $2,000,000, but could still go higher. Amazingly, there were no injuries.",UT,2002-09-08 13:50:00,2002-09-08 14:05:00,True,True
2151863,5325456,Utah,55,Wayne,SLC,2002-09-12 13:30:00,MST,2002-09-12 13:35:00,0,0,0,0,0,0,GENERAL PUBLIC,F0,Unknown,0.2,20.0,,,,,,,,,,"A small tornado (F0) was observed 20 miles southeast of Hanksville in Wayne County. It was on the ground over open country for a short time, and debris from the ground was observed rising before the funnel dissipated.",UT,2002-09-12 14:30:00,2002-09-12 14:35:00,True,True
2151862,5325455,Utah,39,Sanpete,SLC,2002-09-12 10:55:00,MST,2002-09-12 10:56:00,0,0,0,0,0,0,GENERAL PUBLIC,F0,Unknown,0.1,10.0,,,,,,,,,,"A small tornado (F0) was observed just west of Ephraim in Sanpete County. The tornado moved slowly to the northeast over open country before dissipating. This tornado remained on the ground for only a few seconds, but the funnel cloud was visible for about 10 minutes.",UT,2002-09-12 11:55:00,2002-09-12 11:56:00,True,True
2151831,5324591,Wyoming,41,Uinta,SLC,2002-07-19 13:45:00,MST,2002-07-19 13:50:00,0,0,0,0,0,0,GENERAL PUBLIC,F0,Unknown,0.5,20.0,,,,,,,,,,"A small tornado was reported over open country near Fort Bridger, Wyoming. It remained over open country and dissipated, causing no damage.",WY,2002-07-19 14:45:00,2002-07-19 14:50:00,True,True
1144700,5323897,Georgia,69,Coffee,JAX,2002-12-24 10:15:00,EST,2002-12-24 10:15:00,0,0,0,0,5K,,UTILITY COMPANY,F0,Unknown,0.1,10.0,,,,,31.51667,-82.65,31.51667,-82.65,,Brief touchdown. Trees and power poles snapped off with power lines downed.,GA,2002-12-24 10:15:00,2002-12-24 10:15:00,False,False
1144701,5323898,Georgia,161,Jeff Davis,JAX,2002-12-24 10:25:00,EST,2002-12-24 10:25:00,0,0,0,0,5K,,UTILITY COMPANY,F0,Unknown,0.1,10.0,,,,,31.81667,-82.6,31.81667,-82.6,,Brief touchdown. Trees down on power lines with power lines down. Power poles snapped off above ground.,GA,2002-12-24 10:25:00,2002-12-24 10:25:00,False,False
1144832,5323697,Arkansas,37,Cross,MEG,2002-11-09 21:15:00,CST,2002-11-09 21:23:00,0,0,0,0,25K,,NWS STORM SURVEY,F2,Unknown,1.5,440.0,,,,,35.35,-90.53333,35.35,-90.51667,,The tornado touched down just southwest of Twist and moved northeast and later moved into Crittenden County. Some farm buildings were damaged. Several trees and power poles were blown down.,AR,2002-11-09 21:15:00,2002-11-09 21:23:00,False,False
1144832,5323698,Arkansas,35,Crittenden,MEG,2002-11-09 21:23:00,CST,2002-11-09 21:50:00,0,0,0,0,600K,,NWS STORM SURVEY,F2,Unknown,17.6,440.0,,,,,35.33333,-90.55,35.43333,-90.2,,"The tornado moved into Crittenden county from Cross county and continued to move northeast. The tornado produced some damage near the town of Heafer. A mobile home and 2 farm shops were destroyed. A church and parsonage, three mobile homes and five houses were also damaged. The tornado then continued across the county and reached the town of Gilmore. Fourteen mobile homes were destroyed or suffered major damage. Nineteen houses and several cars were also damaged. Numerous trees and power lines were knocked down across the county. The tornado eventually moved out of the county near Menesha and entered Mississippi county.",AR,2002-11-09 21:23:00,2002-11-09 21:50:00,False,False
1144710,5323907,Georgia,5,Bacon,JAX,2002-12-24 10:55:00,EST,2002-12-24 10:55:00,0,0,0,0,40K,,EMERGENCY MANAGER,F0,Unknown,2.0,100.0,,,,,31.45,-82.46667,31.45,-82.46667,,House damaged by 16 inch diameter tree. Numerous trees down. 2 mile long path about 100 yards wide.,GA,2002-12-24 10:55:00,2002-12-24 10:55:00,False,False
1144711,5323908,Georgia,5,Bacon,JAX,2002-12-24 10:55:00,EST,2002-12-24 10:55:00,0,0,0,0,10K,,EMERGENCY MANAGER,F0,Unknown,0.1,100.0,,,,,31.65,-82.46667,31.65,-82.46667,,Numerous trees snapped off and down along Hwy 23.,GA,2002-12-24 10:55:00,2002-12-24 10:55:00,False,False
1144714,5323911,Georgia,1,Appling,JAX,2002-12-24 11:04:00,EST,2002-12-24 11:04:00,0,0,0,0,,,EMERGENCY MANAGER,F0,Unknown,0.1,10.0,,,,,31.71667,-82.38333,31.71667,-82.38333,,Brief touchdown.,GA,2002-12-24 11:04:00,2002-12-24 11:04:00,False,False
1144834,5323916,Tennessee,17,Carroll,MEG,2002-11-10 17:40:00,CST,2002-11-10 17:42:00,0,0,0,0,10K,,LAW ENFORCEMENT,F0,Unknown,0.3,33.0,,,,,35.85,-88.66667,35.85,-88.66667,,A tornado briefly touched down near the town of Lavinia in southwest Carroll county. Some trees were blown down. One tree fell on a house.,TN,2002-11-10 17:40:00,2002-11-10 17:42:00,False,False
1146229,5324636,Arkansas,41,Desha,LZK,2002-12-18 18:01:00,CST,2002-12-18 18:13:00,0,0,0,0,,,NWS STORM SURVEY,F1,Unknown,9.0,50.0,,,,,33.86667,-91.36667,33.95,-91.25,,"An F1 tornado touched down 4 miles south-southwest of Pea Ridge and moved to the northeast for 9 miles before lifting. The first damage noted were several twisted trees and some large tree limbs that were knocked down. Just east of Highway 277, a house sustained minor roof and window damage. Further to the northeast, several buildings along Highway 1 were damaged. The roof of a church was damaged and a nearby house had some roof damage. Also, a storage garage was destroyed and several farm vehicles were damaged.",AR,2002-12-18 18:01:00,2002-12-18 18:13:00,False,False
1146230,5324637,Arkansas,69,Jefferson,LZK,2002-12-18 19:45:00,CST,2002-12-18 19:45:00,0,0,0,0,,,NWS STORM SURVEY,F0,Unknown,0.2,20.0,,,,,34.23333,-91.75,34.23333,-91.75,,A weak tornado (F0) touched down briefly in a farm field. There was no damage. The tornado was observed by a motorist driving on Highway 88 and a man whose house was on the edge of the field.,AR,2002-12-18 19:45:00,2002-12-18 19:45:00,False,False
1146231,5324638,Arkansas,103,Ouachita,LZK,2002-12-18 20:10:00,CST,2002-12-18 20:18:00,0,0,0,0,,,NWS STORM SURVEY,F0,Unknown,5.1,40.0,,,,,33.71667,-92.66667,33.76667,-92.6,,A weak tornado (F0) touched down 2.7 miles west-southwest of Bearden and tracked to the northeast for 5.1 miles before lifting. The only damage noted along the path of the tornado were some trees that were snapped off and minor damage to the tin roof of a barn.,AR,2002-12-18 20:10:00,2002-12-18 20:18:00,False,False
1146232,5324639,Arkansas,69,Jefferson,LZK,2002-12-18 20:33:00,CST,2002-12-18 20:34:00,0,0,0,0,,,NWS STORM SURVEY,F0,Unknown,1.2,25.0,,,,,34.08333,-91.55,34.1,-91.51667,,A weak tornado (F0) touched down briefly southeast of Reydell. The only damage noted were the tops of several trees that were twisted out and a large tree limb that fell onto a mobile home.,AR,2002-12-18 20:33:00,2002-12-18 20:34:00,False,False
1146217,5324258,Arkansas,45,Faulkner,LZK,2002-12-18 15:35:00,CST,2002-12-18 15:47:00,13,0,1,0,,,LAW ENFORCEMENT,F3,Unknown,9.8,150.0,,,,,35.1,-92.31667,35.2,-92.18333,,"A strong tornado was spawned over Faulkner County about 1 mile north of Hamlet. The tornado moved to the northeast for approximately 9.8 miles before lifting 0.8 mile east-southeast of Enola. A number of homes, both permanent and mobile, were either damaged or destroyed along the path of the tornado. An 84 year-old woman was killed when her mobile home was destroyed. 13 others sustained injuries. Numerous trees and power lines were blown down. A power substation was also damaged.",AR,2002-12-18 15:35:00,2002-12-18 15:47:00,False,False
1146342,5324203,Mississippi,75,Lauderdale,JAN,2002-12-19 14:20:00,CST,2002-12-19 14:25:00,0,0,0,0,33K,,NWS STORM SURVEY,F0,Unknown,3.0,150.0,,,,,32.3,-88.61667,32.35,-88.58333,,"A tornado touched down around 2:20 PM, about 3.5 miles southwest of the community of Vimville. It moved three miles northeast across Lauderdale County, toppling numerous large trees and damaging almost twenty other homes, barns, and mobile homes. The tornado lifted about one mile northwest of the city.",MS,2002-12-19 14:20:00,2002-12-19 14:25:00,False,False
1146219,5324303,Arkansas,59,Hot Spring,LZK,2002-12-18 15:50:00,CST,2002-12-18 15:50:00,0,0,0,0,,,NWS STORM SURVEY,F0,Unknown,0.1,25.0,,,,,34.35,-93.33333,34.35,-93.33333,,A weak tornado touched down briefly 1 mile northwest of Point Cedar. Damage was limited to some trees being blown down.,AR,2002-12-18 15:50:00,2002-12-18 15:50:00,False,False
1146220,5324304,Arkansas,63,Independence,LZK,2002-12-18 16:56:00,CST,2002-12-18 16:59:00,0,0,0,0,,,NWS STORM SURVEY,F0,Unknown,2.2,30.0,,,,,35.7,-91.4,35.75,-91.4,,"A weak tornado touched down briefly in eastern Independence County. The tornado caused minimal damage, with just a few trees snapped off.",AR,2002-12-18 16:56:00,2002-12-18 16:59:00,False,False
1146221,5324305,Arkansas,85,Lonoke,LZK,2002-12-18 17:05:00,CST,2002-12-18 17:13:00,0,0,0,0,,,NWS STORM SURVEY,F0,Unknown,5.5,40.0,,,,,34.58333,-91.93333,34.63333,-91.86667,,A weak tornado touched down over southern Lonoke County in areas just northeast of England. The only damage noted along the path of the tornado were some trees snapped off.,AR,2002-12-18 17:05:00,2002-12-18 17:13:00,False,False
1146222,5324306,Arkansas,43,Drew,LZK,2002-12-18 17:23:00,CST,2002-12-18 17:25:00,0,0,0,0,,,NWS STORM SURVEY,F0,Unknown,1.0,30.0,,,,,33.48333,-91.7,33.5,-91.68333,,An F0 tornado touched down briefly west-southwest of Collins. The tornado was on the ground for just a mile and snapped off several dozen small trees along it's path.,AR,2002-12-18 17:23:00,2002-12-18 17:25:00,False,False
1150133,5324144,Connecticut,11,New London,OKX,2002-06-16 16:30:00,EST,2002-06-16 16:30:00,0,0,0,0,,,NWS STORM SURVEY,F1,Unknown,0.1,50.0,,,,,41.45,-72.13333,41.45,-72.13333,"The tornado developed over Gardner Lake in the northern section of Montville, just to the west of St. Thomas Moore Prep School. This is an area of homes along private roads on the eastern shore of the lake. Eyewitnesses reported seeing a wall of water over the lake approaching rapidly and once it hit shore, trees were snapped and water was everywhere. Several trees 2 to 3 feet in diameter in the path of the storm fell in an easterly direction damaging at least 6 cars and the front and side porches of a house. Many of the other trees in the area had their tops twisted off. Winds were estimated at 80 to 90 mph from the damage observed. It appeared from the damage pattern that the tornado quickly lifted.",,CT,2002-06-16 17:30:00,2002-06-16 17:30:00,True,True
1146341,5324132,Arkansas,3,Ashley,JAN,2002-12-18 16:55:00,CST,2002-12-18 16:56:00,0,0,0,0,25K,,LAW ENFORCEMENT,F0,Unknown,1.0,50.0,,,,,33.21667,-91.95,33.21667,-91.95,,"A tornado briefly touched down 5 miles north of North Crossett, toppling several trees along State Road 133. In addition, a shed was destroyed and the roof was removed from a barn. Producing no injuries, the tornado traveled about one mile before lifting.",AR,2002-12-18 16:55:00,2002-12-18 16:56:00,False,False
1146342,5324200,Mississippi,101,Newton,JAN,2002-12-19 13:07:00,CST,2002-12-19 13:13:00,0,0,0,0,1M,,NWS STORM SURVEY,F2,Unknown,5.5,440.0,,,,,32.28333,-89.2,32.35,-89.13333,,"A tornado developed in Newton County, just southwest of the city of Newton. It moved 5.5 miles northeast through the city, resulting in approximately 50 injuries and damage to numerous buildings. In all, over 150 homes and 95 businesses were either damaged or destroyed. The most extensive damage occurred near the city's Wal-Mart, which received heavy roof damage. The tornado lifted just northeast of the intersection of State Road 15 and Interstate 20.",MS,2002-12-19 13:07:00,2002-12-19 13:13:00,False,False
1146223,5324307,Arkansas,117,Prairie,LZK,2002-12-18 17:32:00,CST,2002-12-18 17:35:00,0,0,0,0,,,NWS STORM SURVEY,F0,Unknown,2.0,75.0,,,,,34.76667,-91.55,34.8,-91.53333,,"A weak tornado touched down 1.2 miles southeast of Hazen and tracked to the northeast for 2 miles before lifting. Two residences suffered damage from fallen trees. A carport and a small shed were destroyed. Two mobile homes where damaged. A few trees were also blown down, as was a billboard.",AR,2002-12-18 17:32:00,2002-12-18 17:35:00,False,False
1146218,5324302,Arkansas,125,Saline,LZK,2002-12-18 16:08:00,CST,2002-12-18 16:09:00,0,0,0,0,,,NWS STORM SURVEY,F0,Unknown,0.5,25.0,,,,,34.61667,-92.76667,34.61667,-92.76667,,A weak tornado touched down briefly in the vicinity of Crows. The only damage noted were several trees that were twisted and broken off several feet above the ground along a small river that runs along Highway 9 just north of Crows. There were at least 2 people that witnessed the tornado.,AR,2002-12-18 16:08:00,2002-12-18 16:09:00,False,False
1145664,5326944,Texas,291,Liberty,HGX,2002-12-23 22:18:00,CST,2002-12-23 22:18:00,0,0,0,0,30K,,EMERGENCY MANAGER,F0,Unknown,0.3,30.0,,,,,30.06667,-94.8,30.06667,-94.8,"This December 23rd tornado and severe thunderstorm outbreak developed as a strong upper level low pressure system moved out of the southwestern U.S. and off to the east and northeast across the state of Texas. Abundant low level moisture was already in place across southeast Texas. Very strong shear, or turning and strengthening of the winds with height, was expected to last throughout the day. A warm front moved northward throughout the day and became a focus for the development of showers and thunderstorms. With the strong shear present, a significant number of thunderstorms quickly became severe. During an eighteen hour stretch, ten tornadoes and several large hail events were reported mainly north and west of the Houston area. Locations from the Houston area to the beaches felt the brunt of this event in the evening when a squall line rapidly moved eastward toward the coast. Three injuries and over $800,000 in damage occurred with this outbreak.",Building damaged.,TX,2002-12-23 22:18:00,2002-12-23 22:18:00,False,False
1145602,5326147,Texas,149,Fayette,EWX,2002-12-23 08:45:00,CST,2002-12-23 08:50:00,0,0,0,0,150K,,EMERGENCY MANAGER,F1,Unknown,3.0,100.0,,,,,30.1,-96.8,30.15,-96.8,,"The small tornado touched down 3 miles south of Ledbetter near FM1291 and dissipated after striking the town. As it reached the town, It damaged the roofs of businesses and homes, knocking over a windmill, toppling large trees and moving a wooden church five feet off its foundation of concrete blocks. It also rolled over a vehicle. No one was injured.",TX,2002-12-23 08:45:00,2002-12-23 08:50:00,False,False
1145664,5326715,Texas,185,Grimes,HGX,2002-12-23 12:15:00,CST,2002-12-23 12:15:00,0,0,0,0,7K,,TRAINED SPOTTER,F0,Unknown,0.5,30.0,,,,,30.76667,-95.91667,30.76667,-95.91667,"This December 23rd tornado and severe thunderstorm outbreak developed as a strong upper level low pressure system moved out of the southwestern U.S. and off to the east and northeast across the state of Texas. Abundant low level moisture was already in place across southeast Texas. Very strong shear, or turning and strengthening of the winds with height, was expected to last throughout the day. A warm front moved northward throughout the day and became a focus for the development of showers and thunderstorms. With the strong shear present, a significant number of thunderstorms quickly became severe. During an eighteen hour stretch, ten tornadoes and several large hail events were reported mainly north and west of the Houston area. Locations from the Houston area to the beaches felt the brunt of this event in the evening when a squall line rapidly moved eastward toward the coast. Three injuries and over $800,000 in damage occurred with this outbreak.",Tornado 2 miles east of Bedias.,TX,2002-12-23 12:15:00,2002-12-23 12:15:00,False,False
1145988,5326269,Missouri,109,Lawrence,SGF,2002-12-17 23:05:00,CST,2002-12-17 23:05:00,17,0,2,0,500K,0K,NWS STORM SURVEY,F2,Unknown,4.0,100.0,,,,,37.08333,-93.78333,37.13333,-93.7,"Tornado touched down two miles southwest of the Lucky Lady Trailer Park. The tornado then followed a trajectory through the trailer park and points north and east. 34 homes were either damaged or destroyed. Shortly after the initial touch down, a modular home was directly hit and destroyed. One fatality was observed at this location as a woman seeking shelter with her husband in the bedroom, was thrown approximately one quarter of a mile from the house location.As the tornado traversed through the Lucky Lady Trailer Park, many residents evacuated their mobile homes and took shelter in ditches and an open field. However, one fatality occurred at the trailer park when a woman was in the process of leaving her home to seek shelter in a field, was struck by a downed tree.",,MO,2002-12-17 23:05:00,2002-12-17 23:05:00,False,False
1145989,5326270,Missouri,145,Newton,SGF,2002-12-17 22:24:00,CST,2002-12-17 22:24:00,0,0,0,0,50K,0K,NWS STORM SURVEY,F0,Unknown,0.5,50.0,,,,,36.85,-94.13333,36.85,-94.13333,Tornado touched down in a rural area of east central Newton County. One home and four out buildings were destroyed.,,MO,2002-12-17 22:24:00,2002-12-17 22:24:00,False,False
1145990,5326271,Missouri,167,Polk,SGF,2002-12-18 02:45:00,CST,2002-12-18 02:57:00,1,0,0,0,500K,0K,NWS STORM SURVEY,F1,Unknown,6.0,100.0,,,,,37.76667,-93.63333,37.81667,-93.55,"Tornado traversed northeast over the Cedar-Polk county line, eventually damaging 18 homes. The tornado then uprooted many trees within Polk County prior to advancing into southern Hickory County.",,MO,2002-12-18 02:45:00,2002-12-18 02:57:00,False,False
1145991,5326272,Missouri,225,Webster,SGF,2002-12-18 09:49:00,CST,2002-12-18 09:49:00,0,0,0,0,0K,0K,OTHER FEDERAL AGENCY,F0,Unknown,0.5,50.0,,,,,37.3,-92.7,37.3,-92.7,Tornado touched down near the Webster-Wright County line. Several trees were downed.,,MO,2002-12-18 09:49:00,2002-12-18 09:49:00,False,False
1145992,5326273,Missouri,229,Wright,SGF,2002-12-18 09:55:00,CST,2002-12-18 10:05:00,0,0,0,0,75K,0K,NWS STORM SURVEY,F0,Unknown,10.0,100.0,,,,,37.31667,-92.71667,37.4,-92.58333,"Tornado touched down damaging two mobile homes, several out buildings, along with numerous uprooted trees.",,MO,2002-12-18 09:55:00,2002-12-18 10:05:00,False,False
1145982,5326099,Kansas,21,Cherokee,SGF,2002-12-18 01:08:00,CST,2002-12-18 01:08:00,0,0,0,0,0K,0K,BROADCAST MEDIA,F0,Unknown,0.5,20.0,,,,,37.16667,-94.75,37.16667,-94.75,"Meteorologist at KOAM TV near Crestline, observed a tornado briefly touching down in an open field.",,KS,2002-12-18 01:08:00,2002-12-18 01:08:00,False,False
1145983,5326100,Missouri,9,Barry,SGF,2002-12-17 22:30:00,CST,2002-12-17 22:30:00,0,0,0,0,0K,0K,EMERGENCY MANAGER,F0,Unknown,0.5,20.0,,,,,36.91667,-94.05,36.91667,-94.05,Brief tornado touched down in an open field. No damage was observed from survey.,,MO,2002-12-17 22:30:00,2002-12-17 22:30:00,False,False
1145808,5326850,Mississippi,111,Perry,MOB,2002-12-23 21:10:00,CST,2002-12-23 21:11:00,0,0,0,0,8K,,LAW ENFORCEMENT,F0,Unknown,0.1,20.0,,,,,31.08333,-89.03333,31.08333,-89.03333,,A weak tornado briefly touched down near Red Hill. Several trees were blown down and residents heard a loud roar.,MS,2002-12-23 21:10:00,2002-12-23 21:11:00,False,False
1145809,5326851,Mississippi,41,Greene,MOB,2002-12-23 21:30:00,CST,2002-12-23 21:31:00,0,0,0,0,8K,,LAW ENFORCEMENT,F0,Unknown,0.1,20.0,,,,,31.25,-88.75,31.25,-88.75,,A weak tornado briefly touched down south of Avera. Several trees were blown down.,MS,2002-12-23 21:30:00,2002-12-23 21:31:00,False,False
1145664,5326717,Texas,313,Madison,HGX,2002-12-23 12:45:00,CST,2002-12-23 12:45:00,2,0,0,0,55K,,LAW ENFORCEMENT,F1,Unknown,1.0,30.0,,,,,31.03333,-95.66667,31.03333,-95.66667,"This December 23rd tornado and severe thunderstorm outbreak developed as a strong upper level low pressure system moved out of the southwestern U.S. and off to the east and northeast across the state of Texas. Abundant low level moisture was already in place across southeast Texas. Very strong shear, or turning and strengthening of the winds with height, was expected to last throughout the day. A warm front moved northward throughout the day and became a focus for the development of showers and thunderstorms. With the strong shear present, a significant number of thunderstorms quickly became severe. During an eighteen hour stretch, ten tornadoes and several large hail events were reported mainly north and west of the Houston area. Locations from the Houston area to the beaches felt the brunt of this event in the evening when a squall line rapidly moved eastward toward the coast. Three injuries and over $800,000 in damage occurred with this outbreak.",Tornado touched down near the Trinity River in eastern Madison County and overturned a mobile home. Two injuries were reported. Nearby buildings were also damaged by the tornado.,TX,2002-12-23 12:45:00,2002-12-23 12:45:00,False,False
1145794,5326729,Mississippi,41,Greene,MOB,2002-12-19 11:45:00,CST,2002-12-19 11:46:00,0,0,0,0,8K,,NEWSPAPER,F0,Unknown,0.1,20.0,,,,,31.16667,-88.46667,31.16667,-88.46667,,A weak tornado briefly touched down near Rounsaville. Several trees were blown down.,MS,2002-12-19 11:45:00,2002-12-19 11:46:00,False,False
1145664,5326823,Texas,407,San Jacinto,HGX,2002-12-23 13:55:00,CST,2002-12-23 13:55:00,0,0,0,0,10K,,LAW ENFORCEMENT,F0,Unknown,0.5,20.0,,,,,30.55,-95.25,30.55,-95.25,"This December 23rd tornado and severe thunderstorm outbreak developed as a strong upper level low pressure system moved out of the southwestern U.S. and off to the east and northeast across the state of Texas. Abundant low level moisture was already in place across southeast Texas. Very strong shear, or turning and strengthening of the winds with height, was expected to last throughout the day. A warm front moved northward throughout the day and became a focus for the development of showers and thunderstorms. With the strong shear present, a significant number of thunderstorms quickly became severe. During an eighteen hour stretch, ten tornadoes and several large hail events were reported mainly north and west of the Houston area. Locations from the Houston area to the beaches felt the brunt of this event in the evening when a squall line rapidly moved eastward toward the coast. Three injuries and over $800,000 in damage occurred with this outbreak.",Tornado damaged some trees near Evergreen.,TX,2002-12-23 13:55:00,2002-12-23 13:55:00,False,False
1145602,5326145,Texas,453,Travis,EWX,2002-12-23 07:04:00,CST,2002-12-23 07:12:00,1,0,0,0,200K,,STORM CHASER,F1,Unknown,5.5,200.0,,,,,30.31667,-97.53333,30.38333,-97.48333,,"This tornado, rated F1, touched down 1 mile southeast of Manor shortly after 7 am, and moved northeastward to 5 miles northeast of Manor before dissipating. Rated as an F1, it damaged nearly a dozen homes and mobile homes and two businesses. It destroyed four mobile homes and overturned several vehicles as well. A young woman suffered a shoulder separation injury as the tornado blew over her mobile home.",TX,2002-12-23 07:04:00,2002-12-23 07:12:00,False,False
1145984,5326101,Missouri,11,Barton,SGF,2002-12-18 01:53:00,CST,2002-12-18 02:05:00,7,0,1,0,138K,0K,NWS STORM SURVEY,F1,Unknown,9.5,100.0,,,,,37.35,-94.31667,37.41667,-94.16667,The tornado initially touched down and destroyed a mobile home and uprooted trees one mile northwest of Jasper. The tornado then tracked northeast to three miles southeast of Boston where three homes were destroyed at the intersection of highway JJ and 126. A silo and barn were also destroyed with heavy irrigation equipment overturned. The tornado then tracked to two miles southeast of Kenoma where a mobile home and barn were destroyed. A fatality occurred at this location as the tornado destroyed a mobile home with one individual inside. Several additional homes were damaged and out buildings were destroyed further to the northeast.,,MO,2002-12-18 01:53:00,2002-12-18 02:05:00,False,False
1145985,5326102,Missouri,39,Cedar,SGF,2002-12-18 02:38:00,CST,2002-12-18 02:38:00,0,0,0,0,2K,0K,NWS STORM SURVEY,F1,Unknown,1.0,100.0,,,,,37.75,-93.66667,37.76667,-93.66667,Tornado touched down in extreme northeast Cedar County and damaged a barn and an out building.,,MO,2002-12-18 02:38:00,2002-12-18 02:38:00,False,False
1145986,5326103,Missouri,85,Hickory,SGF,2002-12-18 02:57:00,CST,2002-12-18 02:57:00,1,0,0,0,43K,0K,NWS STORM SURVEY,F1,Unknown,5.0,100.0,,,,,37.83333,-93.55,37.81667,-93.5,Tornado touched down and damaged two houses with several others receiving minor damage.,,MO,2002-12-18 02:57:00,2002-12-18 02:57:00,False,False
1146033,5326978,Texas,121,Denton,FWD,2002-12-30 12:30:00,CST,2002-12-30 12:35:00,0,0,0,0,75K,,LAW ENFORCEMENT,F0,Unknown,0.3,30.0,,,,,33.13333,-96.91667,33.13333,-96.91667,,"A small tornado briefly touched down in The Colony at Alta Oaks Lane and Alta Oaks Court, doing widespread damage to fences, trees, and unroofing two houses. There were no injuries.",TX,2002-12-30 12:30:00,2002-12-30 12:35:00,False,False
1145843,5327069,Florida,91,Okaloosa,MOB,2002-12-31 09:47:00,CST,2002-12-31 09:48:00,0,0,0,0,600K,,EMERGENCY MANAGER,F1,Unknown,0.5,40.0,,,,,30.41667,-86.71667,30.41667,-86.71667,,A tornado moved onshore near Florosa and caused damage as it moved northeast through a small subdivision. Two older manufactured homes were destroyed near the water as the tornado moved inland. The tornado moved across U. S. Highway 98 before dissipating. Several other homes suffered structural damage mostly to their roofs and siding. Some vehicles were also damaged by flying debris. No major injuries were reported.,FL,2002-12-31 09:47:00,2002-12-31 09:48:00,False,False
1145664,5326824,Texas,407,San Jacinto,HGX,2002-12-23 15:30:00,CST,2002-12-23 15:30:00,0,0,0,0,25K,,LAW ENFORCEMENT,F0,Unknown,0.5,30.0,,,,,30.6,-95.15,30.6,-95.15,"This December 23rd tornado and severe thunderstorm outbreak developed as a strong upper level low pressure system moved out of the southwestern U.S. and off to the east and northeast across the state of Texas. Abundant low level moisture was already in place across southeast Texas. Very strong shear, or turning and strengthening of the winds with height, was expected to last throughout the day. A warm front moved northward throughout the day and became a focus for the development of showers and thunderstorms. With the strong shear present, a significant number of thunderstorms quickly became severe. During an eighteen hour stretch, ten tornadoes and several large hail events were reported mainly north and west of the Houston area. Locations from the Houston area to the beaches felt the brunt of this event in the evening when a squall line rapidly moved eastward toward the coast. Three injuries and over $800,000 in damage occurred with this outbreak.",Tornado damaged a boat in Cape Royale.,TX,2002-12-23 15:30:00,2002-12-23 15:30:00,False,False
1145799,5326734,Alabama,129,Washington,MOB,2002-12-19 15:25:00,CST,2002-12-19 15:26:00,0,0,0,0,8K,,EMERGENCY MANAGER,F0,Unknown,0.1,20.0,,,,,31.18333,-88.01667,31.18333,-88.01667,,A weak tornado briefly touched down near Malcolm. Several trees were blown down.,AL,2002-12-19 15:25:00,2002-12-19 15:26:00,False,False
1145800,5326735,Alabama,99,Monroe,MOB,2002-12-19 16:00:00,CST,2002-12-19 16:01:00,0,0,0,0,10K,,LAW ENFORCEMENT,F0,Unknown,0.1,20.0,,,,,31.51667,-87.33333,31.51667,-87.33333,,A weak tornado briefly touched down just north of Monroeville. Several trees and power lines were blown down.,AL,2002-12-19 16:00:00,2002-12-19 16:01:00,False,False
1145605,5326315,Texas,149,Fayette,EWX,2002-12-30 17:35:00,CST,2002-12-30 17:37:00,0,0,0,0,20K,,EMERGENCY MANAGER,F0,Unknown,0.8,50.0,,,,,29.81667,-96.86667,29.81667,-96.86667,,"The tornado, as surveyed by the Fayette County Emergency Manager, touched down along East Radhost School Road, approximately 6 miles south of LaGrange at 1735 CST and moved for three-fourths of a mile toward the northeast. It was estimated at 50 yards wide and damaged a 20 foot by 20 foot carport and a 15 foot by 20 foot wooden building before dissipating near 1740CST. The tornado was rated F0 on the Fujita Scale.",TX,2002-12-30 17:35:00,2002-12-30 17:37:00,False,False
1146057,5325956,Alabama,67,Henry,TAE,2002-12-24 07:45:00,EST,2002-12-24 07:55:00,8,0,0,0,2M,,EMERGENCY MANAGER,F1,Unknown,18.0,150.0,,,,,31.35,-85.35,31.4,-85.08333,,"A tornado touched down in Headland, north of County Road 99 and U.S.Highway 431. The tornado caused extensive roof damage to several homes, businesses, and a school. It damaged six planes and a hanger at the Headland Airport. The tornado raced east-northeast, and destroyed a few barns and damaged a few mobile homes in the Tumbleton/Camp Springs area. The worst damage occurred in Haleburg where several mobile homes and barns were destroyed, with damage to a local church. Eight persons were injured, with six of them hospitalized. The tornado crossed the Chattahoochee River into Georgia. Reported by the Henry County EMA.",AL,2002-12-24 07:45:00,2002-12-24 07:55:00,False,False
1145665,5326953,Texas,201,Harris,HGX,2002-12-30 21:10:00,CST,2002-12-30 21:10:00,0,0,0,0,5K,,TRAINED SPOTTER,F0,Unknown,0.3,30.0,,,,,29.51667,-95.06667,29.51667,-95.06667,"Exactly one week after the December 23rd outbreak, Southeast Texas received another round of severe weather as the next storm system moved out of the southwestern U.S. toward Texas. This event only lasted three hours (compared to eighteen hours on the 23rd). This event only had three tornadoes (compared to ten on the 23rd). However, damage from two of these three tornadoes was significant due to the fact that it occurred over heavily populated areas. This event had no injuries, and the total damage cost was just under $450,000.",Tornado near the intersection of FM 2094 and Clear Lake Road.,TX,2002-12-30 21:10:00,2002-12-30 21:10:00,False,False
1145665,5326954,Texas,167,Galveston,HGX,2002-12-30 21:20:00,CST,2002-12-30 21:20:00,0,0,0,0,75K,,EMERGENCY MANAGER,F1,Unknown,1.1,30.0,,,,,29.4,-94.9,29.4,-94.9,"Exactly one week after the December 23rd outbreak, Southeast Texas received another round of severe weather as the next storm system moved out of the southwestern U.S. toward Texas. This event only lasted three hours (compared to eighteen hours on the 23rd). This event only had three tornadoes (compared to ten on the 23rd). However, damage from two of these three tornadoes was significant due to the fact that it occurred over heavily populated areas. This event had no injuries, and the total damage cost was just under $450,000.",Tornado touched down near the intersection of SH 348 and Loop 197 in Texas City. Several businesses were damaged at the initial touchdown. The tornado moved east northeast and eventually crossed the Texas City dike where numerous power poles were knocked down. The tornado continued past the dike and moved into Galveston Bay as a waterspout.,TX,2002-12-30 21:20:00,2002-12-30 21:20:00,False,False
1145605,5326232,Texas,55,Caldwell,EWX,2002-12-30 16:10:00,CST,2002-12-30 16:12:00,0,0,0,0,,,AMATEUR RADIO,F0,Unknown,0.6,20.0,,,,,29.91667,-97.71667,29.95,-97.66667,,"A short-lived and small F0 tornado was spotted by an Amateur Radio Operator in an open area 4 miles northwest of Lockhart. The tornado remained on the ground for approximately two minutes, while traveling toward the northeast. It dissipated without causing any significant damage.",TX,2002-12-30 16:10:00,2002-12-30 16:12:00,False,False
1145981,5326098,Kansas,21,Cherokee,SGF,2002-12-18 00:55:00,CST,2002-12-18 00:55:00,0,0,0,0,0K,0K,AMATEUR RADIO,F0,Unknown,0.5,20.0,,,,,37.11667,-94.9,37.11667,-94.9,Tornado briefly touched down in open farm land.,,KS,2002-12-18 00:55:00,2002-12-18 00:55:00,False,False
1146593,5324041,Texas,25,Bee,CRP,2002-12-30 17:15:00,CST,2002-12-30 17:15:00,0,0,0,0,,,LAW ENFORCEMENT,F0,Unknown,0.5,75.0,,,,,28.33333,-97.81667,28.33333,-97.81667,,Tornado reported by several witnesses over open field near FM 796 and Hwy 59.,TX,2002-12-30 17:15:00,2002-12-30 17:15:00,False,False
1146058,5325957,Georgia,99,Early,TAE,2002-12-24 07:55:00,EST,2002-12-24 08:10:00,2,0,0,0,750K,,EMERGENCY MANAGER,F1,Unknown,15.0,150.0,,,,,31.43333,-85.08333,31.46667,-84.88333,,The tornado crossed the state line from Henry County Alabama into Early County Georgia. Its damage path extended from the Chattahoochee River northeast through Colomokee on U.S. Highway 27. The tornado destroyed one mobile home and damaged thirty others. Two persons were injured when their mobile home collapsed on them. Numerous trees and power lines were down. A state of emergency was declared. Reported by GEMA.,GA,2002-12-24 07:55:00,2002-12-24 08:10:00,False,False
1146368,5324662,California,47,Merced,HNX,2002-12-16 12:40:00,PST,2002-12-16 12:45:00,0,0,0,0,400K,,OFFICIAL NWS OBS.,F1,Unknown,1.3,45.0,,,,,37.33333,-120.51667,37.35,-120.48333,"From low-topped convection, a short duration tornado touched down northwest of Merced California on the 16th and had a discernible damage track of 1.25 miles. The tornado dissipated but the parent cell...after a distance of about 3 miles...generated another weak tornado (with a noticable condensation funnel). This tornado was reported to have traveled about one mile over pasture land before dissipating. At its most intense, this cell spawned F1 Tornado damage for 3/8-mile when it lifted a roof from a house and carport and caused damage to various light structures along its path. There were no injuries or fatalities despite residents at home when the roof lifted from a house along Highway 59 near mid-day. Additionally, locally heavy rain occurred over a 3-day period accumulating a 1.87"" precipitation total causing local urban flooding problems due to clogged storm drains in the city of Merced (16th Street west of 'V' and 18th and Canal Streets).",,CA,2002-12-16 12:40:00,2002-12-16 12:45:00,False,False
1145664,5326712,Texas,477,Washington,HGX,2002-12-23 09:10:00,CST,2002-12-23 09:10:00,0,0,0,0,7K,,LAW ENFORCEMENT,F0,Unknown,0.2,20.0,,,,,30.08333,-96.71667,30.08333,-96.71667,"This December 23rd tornado and severe thunderstorm outbreak developed as a strong upper level low pressure system moved out of the southwestern U.S. and off to the east and northeast across the state of Texas. Abundant low level moisture was already in place across southeast Texas. Very strong shear, or turning and strengthening of the winds with height, was expected to last throughout the day. A warm front moved northward throughout the day and became a focus for the development of showers and thunderstorms. With the strong shear present, a significant number of thunderstorms quickly became severe. During an eighteen hour stretch, ten tornadoes and several large hail events were reported mainly north and west of the Houston area. Locations from the Houston area to the beaches felt the brunt of this event in the evening when a squall line rapidly moved eastward toward the coast. Three injuries and over $800,000 in damage occurred with this outbreak.",Tornado near Ledbetter.,TX,2002-12-23 09:10:00,2002-12-23 09:10:00,False,False
1145664,5326713,Texas,89,Colorado,HGX,2002-12-23 09:51:00,CST,2002-12-23 09:51:00,0,0,0,0,18K,,NEWSPAPER,F0,Unknown,0.3,20.0,,,,,29.7,-96.78333,29.7,-96.78333,"This December 23rd tornado and severe thunderstorm outbreak developed as a strong upper level low pressure system moved out of the southwestern U.S. and off to the east and northeast across the state of Texas. Abundant low level moisture was already in place across southeast Texas. Very strong shear, or turning and strengthening of the winds with height, was expected to last throughout the day. A warm front moved northward throughout the day and became a focus for the development of showers and thunderstorms. With the strong shear present, a significant number of thunderstorms quickly became severe. During an eighteen hour stretch, ten tornadoes and several large hail events were reported mainly north and west of the Houston area. Locations from the Houston area to the beaches felt the brunt of this event in the evening when a squall line rapidly moved eastward toward the coast. Three injuries and over $800,000 in damage occurred with this outbreak.",Tornado damaged part of a Catholic cemetary.,TX,2002-12-23 09:51:00,2002-12-23 09:51:00,False,False
1145664,5326718,Texas,339,Montgomery,HGX,2002-12-23 13:20:00,CST,2002-12-23 13:20:00,0,0,0,0,7K,,TRAINED SPOTTER,F0,Unknown,0.5,20.0,,,,,30.26667,-95.51667,30.26667,-95.51667,"This December 23rd tornado and severe thunderstorm outbreak developed as a strong upper level low pressure system moved out of the southwestern U.S. and off to the east and northeast across the state of Texas. Abundant low level moisture was already in place across southeast Texas. Very strong shear, or turning and strengthening of the winds with height, was expected to last throughout the day. A warm front moved northward throughout the day and became a focus for the development of showers and thunderstorms. With the strong shear present, a significant number of thunderstorms quickly became severe. During an eighteen hour stretch, ten tornadoes and several large hail events were reported mainly north and west of the Houston area. Locations from the Houston area to the beaches felt the brunt of this event in the evening when a squall line rapidly moved eastward toward the coast. Three injuries and over $800,000 in damage occurred with this outbreak.",Tornado spotted near FM 1488 and Highway 242.,TX,2002-12-23 13:20:00,2002-12-23 13:20:00,False,False
1146368,5324664,California,47,Merced,HNX,2002-12-16 12:50:00,PST,2002-12-16 12:55:00,0,0,0,0,0K,,GENERAL PUBLIC,F0,Unknown,1.0,45.0,,,,,37.35,-120.43333,37.36667,-120.41667,"From low-topped convection, a short duration tornado touched down northwest of Merced California on the 16th and had a discernible damage track of 1.25 miles. The tornado dissipated but the parent cell...after a distance of about 3 miles...generated another weak tornado (with a noticable condensation funnel). This tornado was reported to have traveled about one mile over pasture land before dissipating. At its most intense, this cell spawned F1 Tornado damage for 3/8-mile when it lifted a roof from a house and carport and caused damage to various light structures along its path. There were no injuries or fatalities despite residents at home when the roof lifted from a house along Highway 59 near mid-day. Additionally, locally heavy rain occurred over a 3-day period accumulating a 1.87"" precipitation total causing local urban flooding problems due to clogged storm drains in the city of Merced (16th Street west of 'V' and 18th and Canal Streets).",,CA,2002-12-16 12:50:00,2002-12-16 12:55:00,False,False
1145605,5326229,Texas,29,Bexar,EWX,2002-12-30 14:37:00,CST,2002-12-30 14:39:00,0,0,0,0,,,AMATEUR RADIO,F0,Unknown,0.2,20.0,,,,,29.61667,-98.66667,29.61667,-98.66667,,A small tornado was spotted by a Helotes Fireman who was also a Skywarn Amateur Radio Spotter. It was small and dipped down briefly before lifting and dissipating. No damage was indicated.,TX,2002-12-30 14:37:00,2002-12-30 14:39:00,False,False
1145987,5326268,Missouri,97,Jasper,SGF,2002-12-18 01:48:00,CST,2002-12-18 01:48:00,0,0,0,0,50K,0K,NWS STORM SURVEY,F1,Unknown,1.5,100.0,,,,,37.33333,-94.33333,37.35,-94.31667,Tornado touched down destroying a large barn and several out buildings.,,MO,2002-12-18 01:48:00,2002-12-18 01:48:00,False,False
1145605,5326230,Texas,209,Hays,EWX,2002-12-30 15:25:00,CST,2002-12-30 15:28:00,0,0,0,0,,,LAW ENFORCEMENT,F0,Unknown,1.2,50.0,,,,,29.9,-97.85,29.95,-97.83333,,A small tornado was spotted by a member of the Austin Police Department 3 miles east of San Marcos. The tornado was on the ground around five minutes as it moved northeastward to near the Caldwell County lin e before dissipating. No damage was reported.,TX,2002-12-30 15:25:00,2002-12-30 15:28:00,False,False
1146331,5324122,Louisiana,19,Calcasieu,LCH,2002-12-30 23:55:00,CST,2002-12-31 00:00:00,1,0,0,0,7M,,NWS STORM SURVEY,F1,Unknown,3.0,20.0,,,,,30.23333,-93.05,30.25,-93.01667,"A tornado touched down on the west side of Iowa, destroying two homes, one businesss, and heavily damaging a small mall and several other homes. One woman was injured when flying debris came in her bedroom windown and hit her in the head while she was in bed. One home had wooden debris sticking out of the roof. Large garbage dumpsters were picked up and rolled for over 100 yards. A two story hole was made in the side of the mall, which enabled a large portion of the roof to come off.",,LA,2002-12-30 23:55:00,2002-12-31 00:00:00,False,False
1146055,5325865,Georgia,155,Irwin,TAE,2002-12-24 10:10:00,EST,2002-12-24 10:10:00,0,0,0,0,250K,,LAW ENFORCEMENT,F1,Unknown,0.3,75.0,,,,,31.65,-83.25,31.65,-83.23333,,"A small tornado briefly touched town which destroyed a mobile home, damaged several barns and uprooted trees. The tornado also hit a mobile home industrial park, where a dozen homes were severely damaged. Reported by the Irwin County Sheriff.",GA,2002-12-24 10:10:00,2002-12-24 10:10:00,False,False
1146240,5324730,Arkansas,41,Desha,LZK,2002-12-18 23:05:00,CST,2002-12-18 23:05:00,0,0,0,0,,,NWS STORM SURVEY,F0,Unknown,0.2,20.0,,,,,33.96667,-91.5,33.96667,-91.5,,A weak tornado (F0) touched down briefly along Highway 65. The only damage noted were several trees that were twisted several feet above the ground.,AR,2002-12-18 23:05:00,2002-12-18 23:05:00,False,False
1146242,5324732,Arkansas,45,Faulkner,LZK,2002-12-18 15:50:00,CST,2002-12-18 15:54:00,0,0,0,0,,,NWS STORM SURVEY,F1,Unknown,3.1,100.0,,,,,35.2,-92.15,35.23333,-92.1,,A weak tornado was spawned about 2.1 miles southwest of Mount Vernon. The tornado moved to the northeast and caused damage to several mobile homes to the west and north of Mount Vernon. A number of trees were also blown down. The tornado traveled about 3.1 miles before heading into White County.,AR,2002-12-18 15:50:00,2002-12-18 15:54:00,False,False
1146243,5324733,Arkansas,145,White,LZK,2002-12-18 15:54:00,CST,2002-12-18 16:02:00,0,0,0,0,,,NWS STORM SURVEY,F1,Unknown,6.0,100.0,,,,,35.23333,-92.11667,35.28333,-92.03333,,A weak tornado moved from eastern Faulkner County into western White County about 3.5 miles west of Romance. The tornado traveled to the northeast for 6 miles before lifting. Damage along the path of the tornado consisted of a small trailer and camping trailer being overturned. Some shingles and other minor damage occurred to the roofs of several homes. Numerous trees were also blown down.,AR,2002-12-18 15:54:00,2002-12-18 16:02:00,False,False
1146244,5324734,Arkansas,145,White,LZK,2002-12-18 16:05:00,CST,2002-12-18 16:09:00,0,0,0,0,,,NWS STORM SURVEY,F0,Unknown,2.5,25.0,,,,,35.35,-91.91667,35.36667,-91.9,,A weak tornado was spawned over northern White County about 0.7 of a mile east of Sidon. The only damage noted along the track of the tornado consisted of some trees being snapped off. The tornado traveled to the northeast for about 2.5 miles before heading into Cleburne County.,AR,2002-12-18 16:05:00,2002-12-18 16:09:00,False,False
1146245,5324735,Arkansas,23,Cleburne,LZK,2002-12-18 16:09:00,CST,2002-12-18 16:11:00,0,0,0,0,,,NWS STORM SURVEY,F0,Unknown,1.5,25.0,,,,,35.33333,-91.95,35.36667,-91.86667,,A weak tornado moved from northern White County into southeast Cleburne County about 12 miles south-southeast of Heber Springs. The only damage noted were some snapped trees. The tornado traveled about 1.5 miles to the northeast before lifting.,AR,2002-12-18 16:09:00,2002-12-18 16:11:00,False,False
1146224,5324308,Arkansas,117,Prairie,LZK,2002-12-18 19:10:00,CST,2002-12-18 19:21:00,0,0,0,0,,,NWS STORM SURVEY,F1,Unknown,8.8,100.0,,,,,34.91667,-91.55,35.0,-91.45,,"A weak tornado tracked from 4.2 miles southwest of Des Arc, through the city of Des Arc, to 3.6 miles northeast of Des Arc. The first damage noted along the track of the tornado was about 10 power poles that were downed to the southwest of Des Arc. In the city of Des Arc, the school bus barn was destroyed and the scoreboard at the local high school was damaged. A number of trees were blown down on houses, a church roof was damaged and some fences were knocked down. On the east side of the White River, shingles were blown off roofs and a garage suffered some damage.",AR,2002-12-18 19:10:00,2002-12-18 19:21:00,False,False
1146346,5324310,Mississippi,163,Yazoo,JAN,2002-12-31 04:10:00,CST,2002-12-31 04:12:00,1,0,0,0,150K,,NWS STORM SURVEY,F1,Unknown,1.5,50.0,,,,,32.85,-90.41667,32.85,-90.41667,,"A tornado touched down about one-half mile southeast of the intersection of U.S. Highway 49W and State Road 3 around 4:10 AM. The tornado then moved northeast approximately 1.5 miles over western sections of the city. The worst damage along the path occurred at the Shady Lane apartment complex, where a roof was ripped from one of the buildings. In addition, several windows were shattered in an adjacent building, with flying debris resulting in damage to other buildings. One female resident of the apartment complex was treated and released from an area hospital with a shoulder injury. The tornado lifted just north of Shady Drive.",MS,2002-12-31 04:10:00,2002-12-31 04:12:00,False,False
1145734,5325917,Arkansas,77,Lee,MEG,2002-12-18 21:30:00,CST,2002-12-18 21:35:00,0,0,0,0,10K,,LAW ENFORCEMENT,F0,Unknown,1.0,25.0,,,,,34.71667,-90.9,34.71667,-90.9,,A tornado briefly touched down in Aubrey which produced some property damage.,AR,2002-12-18 21:30:00,2002-12-18 21:35:00,False,False
1146233,5324640,Arkansas,69,Jefferson,LZK,2002-12-18 20:36:00,CST,2002-12-18 20:36:00,0,0,0,0,,,NWS STORM SURVEY,F0,Unknown,0.3,20.0,,,,,34.1,-91.51667,34.08333,-91.51667,,A weak tornado touched down briefly to the southeast of Reydell. Several dozen trees were blown down at Farelly Lake.,AR,2002-12-18 20:36:00,2002-12-18 20:36:00,False,False
1146234,5324641,Arkansas,1,Arkansas,LZK,2002-12-18 20:45:00,CST,2002-12-18 20:50:00,0,0,0,0,,,NWS STORM SURVEY,F0,Unknown,3.0,50.0,,,,,34.41667,-91.55,34.45,-91.51667,,"A weak tornado (F0) touched down 5.5 miles south of Stuttgart and moved to the northeast for 3 miles before lifting. Damage along the track of the tornado consisted of a carport blown into a field, some shingles taken off several roofs and pieces of tin peeled off a few barns.",AR,2002-12-18 20:45:00,2002-12-18 20:50:00,False,False
1146235,5324642,Arkansas,13,Calhoun,LZK,2002-12-18 20:44:00,CST,2002-12-18 20:45:00,0,0,0,0,,,NWS STORM SURVEY,F0,Unknown,0.2,25.0,,,,,33.5,-92.6,33.48333,-92.6,,"An F0 tornado touched down briefly to the southeast of Locust Bayou. The tin roof of an old house was damaged, a couple of TV antennas were blown off houses and a few pines trees were snapped off.",AR,2002-12-18 20:44:00,2002-12-18 20:45:00,False,False
1146236,5324643,Arkansas,13,Calhoun,LZK,2002-12-18 20:48:00,CST,2002-12-18 20:50:00,0,0,0,0,,,NWS STORM SURVEY,F0,Unknown,1.2,40.0,,,,,33.5,-92.55,33.51667,-92.53333,,A weak tornado (F0) touched down briefly to the west-southwest of Hampton. The roof of a house sustained damage. A person living next door to the home that was damaged witnessed the tornado. Several pine trees were also snapped off.,AR,2002-12-18 20:48:00,2002-12-18 20:50:00,False,False
1146237,5324644,Arkansas,79,Lincoln,LZK,2002-12-18 22:20:00,CST,2002-12-18 22:21:00,0,0,0,0,,,NWS STORM SURVEY,F0,Unknown,0.5,25.0,,,,,34.05,-91.5,34.05,-91.48333,,A weak tornado touched down briefly near the Arkansas River levee. A number of trees in the area had their tops twisted off.,AR,2002-12-18 22:20:00,2002-12-18 22:21:00,False,False
1146238,5324728,Arkansas,11,Bradley,LZK,2002-12-18 21:57:00,CST,2002-12-18 22:02:00,0,0,0,0,,,NWS STORM SURVEY,F1,Unknown,3.1,125.0,,,,,33.65,-92.33333,33.66667,-92.28333,,An F1 tornado touched down 6.5 miles north-northwest of Banks and tracked to the northeast for 3.1 miles before lifting. The tornado caused a small garage to collapse. Several large trees were blown down. One of the trees damaged the roof of a mobile home and another tree collapsed the porch roof of a hunting lodge. There were also quite a few trees that were snapped off.,AR,2002-12-18 21:57:00,2002-12-18 22:02:00,False,False
1146239,5324729,Arkansas,79,Lincoln,LZK,2002-12-18 22:53:00,CST,2002-12-18 22:54:00,2,0,0,0,,,NWS STORM SURVEY,F1,Unknown,0.8,75.0,,,,,33.86667,-91.65,33.88333,-91.63333,,An F1 tornado touched down briefly just to the northeast of Garrett Bridge. The first noted damage was at a church on Highway 54 where several flag poles were bent over and some tree limbs were downed. More significant damage was noted about 1/2 mile to the northeast where a mobile home was flipped over and destroyed. Two people inside the mobile home were injured and hospitalized. The tornado lifted shortly thereafter with no other damage noted.,AR,2002-12-18 22:53:00,2002-12-18 22:54:00,False,False
1146226,5324396,Arkansas,147,Woodruff,LZK,2002-12-18 18:20:00,CST,2002-12-18 18:25:00,0,0,0,0,,,NWS STORM SURVEY,F1,Unknown,4.0,100.0,,,,,35.11667,-91.11667,35.16667,-91.06667,,"A weak tornado (F1) touched down 2 miles west of Hillemann and tracked to the northeast for 4 miles before lifting. Several houses were damaged, mainly due to shingles being blown off. Two box trailers sitting on the ground at separate locations were overturned. Several trees were knocked down. Seven power poles were blown down and landed on U.S. Highway 49.",AR,2002-12-18 18:20:00,2002-12-18 18:25:00,False,False
1146225,5324395,Arkansas,147,Woodruff,LZK,2002-12-18 18:08:00,CST,2002-12-18 18:14:00,0,0,0,0,,,NWS STORM SURVEY,F1,Unknown,5.0,100.0,,,,,34.98333,-91.28333,35.03333,-91.21667,,"A weak tornado initially touched down 1.8 miles west-southwest of Cotton Plant, tracked through the city of Cotton Plant, and lifted 3.3 miles northeast of Cotton Plant. The tornado damaged the roof of a cotton gin and a large nearby metal building was destroyed. A number of homes suffered damage, mainly due to shingles being blown off and trees falling onto them. Several mobile homes were damaged, including one that was overturned against a tree. The facade of several downtown buildings were torn off. A number of headstones on graves at a local cemetery were overturned.",AR,2002-12-18 18:08:00,2002-12-18 18:14:00,False,False
1146227,5324533,Arkansas,103,Ouachita,LZK,2002-12-18 17:42:00,CST,2002-12-18 17:45:00,0,0,0,0,,,NWS STORM SURVEY,F0,Unknown,1.8,30.0,,,,,33.61667,-92.95,33.65,-92.91667,,A weak (F0) tornado touched down briefly to the northwest of Camden. The only damage noted along the track of the tornado were just a few trees snapped off.,AR,2002-12-18 17:42:00,2002-12-18 17:45:00,False,False
1146228,5324534,Arkansas,103,Ouachita,LZK,2002-12-18 18:19:00,CST,2002-12-18 18:26:00,0,0,0,0,,,NWS STORM SURVEY,F0,Unknown,5.7,30.0,,,,,33.4,-93.01667,33.46667,-92.96667,,"A weak tornado (F0) touched down east of Stephens and tracked to the northeast for 5.7 miles before lifting. Damage along the path of the tornado consisted of a large tree blown down, with the tree knocking down a power pole. A number of trees were also downed in a nearby oil field.",AR,2002-12-18 18:19:00,2002-12-18 18:26:00,False,False
1144586,5323761,Louisiana,7,Assumption,LIX,2002-10-09 13:02:00,CST,2002-10-09 13:02:00,0,0,0,0,1.5M,,EMERGENCY MANAGER,F1,Unknown,0.5,50.0,,,,,29.86667,-90.96667,29.86667,-90.96667,,"A tornado touched down near Louisiana Highway 1 and Highway 400 damaging 39 houses. Ten to twelve of the homes were severely damaged while six of the homes were destroyed. In addition, the tornado destroyed a mobile home when it lifted it from its foundation and uprooted numerous trees.",LA,2002-10-09 14:02:00,2002-10-09 14:02:00,True,True
1144587,5323762,Louisiana,33,East Baton Rouge,LIX,2002-10-29 04:45:00,CST,2002-10-29 04:55:00,0,0,0,0,750K,,NWS STORM SURVEY,F1,Unknown,7.0,100.0,,,,,30.45,-91.15,30.45,-91.15,,A tornado produced an intermittent path of damage approximately 7 miles long and varying from 25 to 100 yards wide as it moved east northeast across suburban areas of the southeast Baton Rouge metro area. The most concentrated area of damage occurred from near Seigen Road and Highland Road northeast to near Perkins Lane and Pecue Lane. Damage was mostly confined to downed trees and houses damaged by falling trees.,LA,2002-10-29 04:45:00,2002-10-29 04:55:00,False,False
1144834,5323918,Tennessee,113,Madison,MEG,2002-11-10 17:55:00,CST,2002-11-10 17:57:00,0,0,0,0,50K,,EMERGENCY MANAGER,F0,Unknown,0.3,66.0,,,,,35.46667,-88.88333,35.46667,-88.88333,,The tornado briefly touched down in the town of Medon. A barn was demolished. A mobile home and tavern were damaged. Some trees were blown down.,TN,2002-11-10 17:55:00,2002-11-10 17:57:00,False,False
1145582,5325633,Florida,115,Sarasota,TBW,2002-12-31 23:10:00,EST,2002-12-31 23:15:00,0,0,0,0,15K,,EMERGENCY MANAGER,F0,Unknown,2.0,30.0,,,,,27.28333,-82.53333,27.28333,-82.53333,,"A tornado that began as a waterspout moved onshore near Tidewood Avenue and Southwood street in Sarasota, tearing shingles off roofs, breaking windows and tossing debris. Also, a furniture store received some roof and water damage.",FL,2002-12-31 23:10:00,2002-12-31 23:15:00,False,False
1143602,5321153,Wisconsin,39,Fond Du Lac,MKX,2002-09-02 20:06:00,CST,2002-09-02 20:06:00,0,0,0,0,,,LAW ENFORCEMENT,F0,Unknown,0.1,30.0,,,,,43.75,-88.76667,43.75,-88.76667,"Clusters or short lines of severe storms with powerful downburst winds and isolated tornadoes moved through parts of south-central and southeast Wisconsin on Labor Day September 2, 2002. Two tornadoes spun up in Fond du Lac County. Refer to those individual tornado events for details. Numerous large trees were toppled in some locations by the downburst winds, while broken tree branches snapped some power lines. Amateur radio operators in Waukesha County measured peak wind gust of 58 knots (67 mph). In West Bend (Washington Co.), a house trailer was blown over, and slightly damaged, by the powerful winds.","A brief tornado spun up just north-northwest of the village of Brandon, as a cluster of severe storms moved east across Fond du Lac County. Law enforcement officials observed some tree damage.",WI,2002-09-02 20:06:00,2002-09-02 20:06:00,False,False
1144813,5323473,Kentucky,137,Lincoln,LMK,2002-11-10 20:45:00,EST,2002-11-10 20:46:00,0,0,0,0,,,NWS STORM SURVEY,F0,Unknown,0.1,25.0,,,,,37.43333,-84.78333,37.43333,-84.78333,,A funnel cloud briefly touched down on the ridge top of Angel Ridge at an elevation of about 1300 feet. Trees were uprooted in an area less than the size of a football field.,KY,2002-11-10 20:45:00,2002-11-10 20:46:00,False,False
1145089,5322218,Ohio,151,Stark,CLE,2002-11-10 18:27:00,EST,2002-11-10 18:32:00,0,0,0,0,850K,,EMERGENCY MANAGER,F1,Unknown,3.3,25.0,,,,,40.78333,-81.55,40.78333,-81.55,,"A tornado touched down in Massillon between Tremont Avenue SW and Lincoln Way West just west of State Route 21. From the initial touchdown site, the tornado traveled northeast along a track roughly parallel to Lincoln Way and lifted to the west of State Route 241 after being on the ground for about three quarters of a mile. The tornado touched down a second time in Perry Township north of Valerie Street NW. The tornado tracked northeast across Jackson Street and dissipated near the intersection of Perry Street and Harris Avenue. This segment was also roughly three quarters of a mile in length and around 25 yards in width. A home was damaged on Tremont Avenue and several businesses sustained window and roof damage as the tornado moved through downtown Massillon. A semi truck and several large signs were also blown over in this area. Further northeast in Perry Township, four homes lost entire roofs in the area between Nottingham and List Streets. Many cars, including one with a board driven through it's door, were damaged or destroyed by trees and flying debris in this same area. A total of 23 properties sustained either roof and siding damage or downed trees on List Street alone.",OH,2002-11-10 18:27:00,2002-11-10 18:32:00,False,False
1145089,5322219,Ohio,153,Summit,CLE,2002-11-10 19:00:00,EST,2002-11-10 19:08:00,0,0,0,0,10.2M,,NWS STORM SURVEY,F2,Unknown,3.3,100.0,,,,,41.31667,-81.5,41.31667,-81.43333,,"A small F0/F1 tornado touched down in Macedonia near the intersection of Valley View Drive (SR 631) and Aurora Road and moved northeast. The tornado gradually strengthened and reached F2 intensity as it crossed State Route 14 and moved into Twinsburg. After a track of just over three miles the tornado weakened to F1 intensity and crossed into Cuyahoga County south of Glenwillow. Extensive damage was done in Macedonia and Twinsburg. In Macedonia, 60 homes were damaged including two that were destroyed and 15 others were damaged enough to be declared uninhabitable. The most severe damage in the county occurred in the Glenwood Preserve neighborhood on the north side of Twinsburg. Extensive damage was done on Andover Drive and Deeplake Circle where several homes were leveled and a total of 45 homes damaged. Damage estimates in Twinsburg alone were well over $5 million. The damage path was continuous and about 100 yards in width. Dozens of cars were damaged or destroyed and hundreds of trees and power poles downed in Summit County.",OH,2002-11-10 19:00:00,2002-11-10 19:08:00,False,False
1144982,5323009,Illinois,77,Jackson,PAH,2002-11-10 13:32:00,CST,2002-11-10 13:40:00,0,0,0,0,4K,,NWS STORM SURVEY,F0,Unknown,9.0,100.0,,,,,37.85,-89.26667,37.9,-89.13333,,Damage was generally very light. Some shingles were blown off a barn near the end of the damage path. Other damage included tree tops broken off and power poles bent. Loose debris such as tin and paper was blown around.,IL,2002-11-10 13:32:00,2002-11-10 13:40:00,False,False
1144954,5323450,Indiana,9,Blackford,IWX,2002-11-10 14:30:00,EST,2002-11-10 14:36:00,3,0,0,0,250K,,NWS STORM SURVEY,F1,Unknown,5.0,100.0,,,,,40.4,-85.43333,40.45,-85.36667,,"This tornado touched down 5 miles southwest of Hartford City and then moved into Hartford City before lifting. An NWS ground survey found F0 to F1 damage along its path with F1 damage to a supermarket and a motel. One home and 2 mobile homes were destroyed in Hartford City. 3 persons were injured, none seriously.",IN,2002-11-10 14:30:00,2002-11-10 14:36:00,False,False
1144954,5323451,Indiana,179,Wells,IWX,2002-11-10 14:46:00,EST,2002-11-10 14:46:00,0,0,0,0,5K,,NWS STORM SURVEY,F0,Unknown,1.0,100.0,,,,,40.61667,-85.13333,40.63333,-85.13333,,This tornado touched down briefly in Wells county just east of Petroleum. An NWS areal survey found F0 damage occurred along a 1 mile path about 100 yards wide mainly to trees. Two small outbuildings were also damaged.,IN,2002-11-10 14:46:00,2002-11-10 14:46:00,False,False
1144954,5323452,Indiana,1,Adams,IWX,2002-11-10 14:59:00,EST,2002-11-10 15:05:00,0,0,0,0,125K,,NWS STORM SURVEY,F3,Unknown,5.0,200.0,,,,,40.66667,-84.91667,40.73333,-84.85,,This tornado touched down 2 miles northeast of Berne and moved just northeast of Salem before lifting.An NWS ground survey found F3 damage at times 200 yards wide northeast of Berne. Much of the damage was to extremely well built Amish barns and homes. A mobile home was also destroyed near Salem.,IN,2002-11-10 14:59:00,2002-11-10 15:05:00,False,False
1144755,5322994,Mississippi,159,Winston,JAN,2002-11-10 20:20:00,CST,2002-11-10 20:40:00,0,0,0,0,200K,,NWS STORM SURVEY,F1,Unknown,15.0,500.0,,,,,33.05,-89.05,33.13333,-88.85,,"The tornado formed about 6 miles south of Louisville around 8:20 PM. It moved east-northeast, completely destroying two mobile homes and damaging several other homes and outbuildings. Numerous trees were also snapped and uprooted. The tornado dissipated approximately 12 miles east of Louisville around 8:40 PM.",MS,2002-11-10 20:20:00,2002-11-10 20:40:00,False,False
1144755,5322997,Mississippi,89,Madison,JAN,2002-11-10 20:34:00,CST,2002-11-10 20:36:00,0,0,0,0,15K,,NWS STORM SURVEY,F1,Unknown,2.0,50.0,,,,,32.55,-89.95,32.51667,-89.91667,,"The tornado developed about 7 miles southeast of Canton around 8:34 PM. As it moved east, several trees were uprooted near the Natchez Trace Parkway. The tornado then briefly passed over part of the Ross Barnett Reservoir before dissipating around 8:36 PM.",MS,2002-11-10 20:34:00,2002-11-10 20:36:00,False,False
1144755,5322999,Mississippi,7,Attala,JAN,2002-11-10 19:34:00,CST,2002-11-10 19:40:00,0,0,0,0,20K,,NWS STORM SURVEY,F2,Unknown,3.0,1000.0,,,,,32.91667,-89.65,32.95,-89.58333,,"This tornado initially developed near the Madison/Attala County line, about 9.5 miles south of Boyette around 7:30 PM. It briefly crossed into Leake County around 7:32 PM, before crossing back into Attala County at 7:34 PM. It moved north-northeast across the southern part of the county, resulting in many uprooted trees. The tornado dissipated about 7 miles south of Kosciusko around 7:40 PM.",MS,2002-11-10 19:34:00,2002-11-10 19:40:00,False,False
1144639,5323124,Ohio,91,Logan,ILN,2002-11-10 16:38:00,EST,2002-11-10 16:45:00,0,0,0,0,30K,,NWS STORM SURVEY,F3,Unknown,2.0,300.0,,,,,40.35,-83.55,40.35,-83.55,,"The tornado touched down across the extreme eastern part of the county and moved northeast, continuing into Union County. Two semi trailers and a shed roof were damaged.",OH,2002-11-10 16:38:00,2002-11-10 16:45:00,False,False
1144813,5323287,Kentucky,45,Casey,LMK,2002-11-10 20:30:00,EST,2002-11-10 20:31:00,0,0,0,0,,,NWS STORM SURVEY,F0,Unknown,0.1,25.0,,,,,37.4,-84.95,37.4,-84.95,,"A funnel cloud likely remained aloft for much of the duration of the storm, but spot F0 damage to trees was found on the ridge top along Peyton Ridge, at an elevation of about 1400 feet.",KY,2002-11-10 20:30:00,2002-11-10 20:31:00,False,False
1144530,5323187,Alabama,43,Cullman,BMX,2002-10-04 10:06:00,CST,2002-10-04 10:08:00,0,0,0,0,24K,0K,NWS STORM SURVEY,F0,Unknown,1.0,100.0,,,,,34.25,-86.65,34.25,-86.65,,"An F0 tornado touched down briefly in the extreme northeast part of Cullman County producing a tornado damage path about 1 mile in length and 100 yards wide. The tornado began at 10:06 am CDT about 2.1 miles southwest of Baileyton or just south of County Road 1693 and just south of State Road 69. The tornado traveled north-northeast, crossing SR 69 before ending just north of SR 69.Most damage occurred along CR 1693 just south of SR 69. On CR 1693 three homes and four outbuildings received minor damage, one outbuilding was destroyed, and three green houses were damaged. Trees and power lines along CR 1693 were downed. On SR 69, one cabinet shop received moderate damage; a house and another business were damaged and one outbuilding was destroyed. Two witnesses reported seeing the tornado.Beg: 34 14.471/86 38.378 End: 34 15.283/86 38.293",AL,2002-10-04 11:06:00,2002-10-04 11:08:00,True,True
1145411,5322142,Tennessee,31,Coffee,OHX,2002-11-10 17:42:00,CST,2002-11-10 17:47:00,0,0,0,0,,,NWS STORM SURVEY,F1,Unknown,4.1,50.0,,,,,35.6,-86.15,35.6,-86.08333,"11 tornadoes were reported in Middle Tennessee in one of the worst tornadic outbreaks ever in November. 8 people...and possibly a ninth victim...were killed in Middle Tennessee alone. Damage estimate for the tornadoes in Tennessee was placed at $160 million. Primary losses were due to houses and cars. The toll on government owned infrastructure is about $6 million. The federal government is expected to reimburse the state and affected counties for 75% of the costs of responding to the disaster. The FEMA Public Assistance Program has obligated more than $3.6 million to assist local governments. These funds will be used to reimburse local governments for debris removal, the repair of public buildings and utilities, and overtime paid to police officers, firefighters and other emergency personnel.More than 900 families across the state applied for storm aid. This was the worst tornado disaster since the April3-4 outbreak in 1974. The United States Small Business Administration has approved more than 9.7 million dollars in disaster loans to assist disaster victims with repairing their property or replacing lost personal items. The 20 counties that are eligible for disaster assistance to individuals, households, and businesses were: Anderson, Bedford, Bledsoe, Carroll, Coffee, Crockett, Cumberland, Fentress, Gibson, Henderson, Madison, Marshall, Montgomery, Morgan, Roane, Rutherford, Scott, Sumner and Tipton and Van Buren.",Trees were blown down and uprooted.,TN,2002-11-10 17:42:00,2002-11-10 17:47:00,False,False
1144833,5323812,Tennessee,17,Carroll,MEG,2002-11-09 22:26:00,CST,2002-11-09 22:44:00,6,0,2,0,500K,,NWS STORM SURVEY,F2,Unknown,10.0,220.0,,,,,35.86667,-88.56667,35.95,-88.53333,,"The tornado touched down near the town of Terry and tracked northeast. The tornado hit a mobile home park near the town of Leach. Two persons were killed in one of mobile homes in the park. Three houses, two businesses and a farm building were destroyed. Forty homes and other buildings were damaged.",TN,2002-11-09 22:26:00,2002-11-09 22:44:00,False,False
1144962,5322924,Missouri,31,Cape Girardeau,PAH,2002-11-09 22:58:00,CST,2002-11-09 22:59:00,0,0,0,0,25K,,EMERGENCY MANAGER,F0,Unknown,0.8,50.0,,,,,37.43333,-89.61667,37.43333,-89.6,,"Near the intersection of Highway W and County Road 601, a trailer was demolished and blown into a building. Trees were blown down, a metal barn roof was blown off, and several homes lost shingles.",MO,2002-11-09 22:58:00,2002-11-09 22:59:00,False,False
1144536,5323232,Alabama,89,Madison,BMX,2002-10-12 12:30:00,CST,2002-10-12 12:30:00,0,0,0,0,1K,0K,GENERAL PUBLIC,F0,Unknown,0.1,20.0,,,,,34.86667,-86.58333,34.86667,-86.58333,,A small tornado was reported on the golf course about 1.6 miles northwest of Meridianville. Three golfers reported seeing the funnel come down to the ground and lift some water from the pond. Two or three trees were downed and a trampoline was overturned. Beg.: 34 52.041/86 35.514 End: 34. 52.100/86 35.448,AL,2002-10-12 13:30:00,2002-10-12 13:30:00,True,True
1144833,5323817,Tennessee,113,Madison,MEG,2002-11-10 00:10:00,CST,2002-11-10 00:20:00,0,0,0,0,3M,,NWS STORM SURVEY,F1,Unknown,4.0,220.0,,,,,35.66667,-88.9,35.63333,-88.85,,"The tornado touched down northwest of Jackson and moved northeast. The tornado hit a subdivision and also hit parts of Union University where several buildings on campus was badly damaged. Around 500 cars at the school were damaged. Overall, one home was destroyed and over 150 homes and businesses were damaged.",TN,2002-11-10 00:10:00,2002-11-10 00:20:00,False,False
1145005,5323155,Pennsylvania,85,Mercer,PBZ,2002-11-10 19:54:00,EST,2002-11-10 20:02:00,19,0,1,0,1M,,EMERGENCY MANAGER,F2,155 mph,7.0,500.0,,,,,41.25,-80.46667,41.33333,-80.35,,"Starting about 7:54 PM, an F2 tornado touched down near Trout Island Road, east of Sharpsville. The tornado traveled northeast at 50 mph, crossed Route 18, then ripped into Clark. It crossed Shenango River Lake and tracked to New Hamburg, where it dissipated 8:02 PM. The tornado path was 7 miles long, about 500 yards wide at its maximum, in the town of Clark. Maximum winds estimated 155 mph. Majority of damage and all injuries occurred in Clark. Fifteen homes completely destroyed, 13 major damage, 29 had minor damage. One business destroyed; 1 suffered major damage. A large number of trees were snapped or toppled. Large truck was overturned. One van was thrown across Route 258. Several other vehicles were moved by the tornado or suffered considerable damage. Strongest tornado in Mercer county since May 31,1985.",PA,2002-11-10 19:54:00,2002-11-10 20:02:00,False,False
1145204,5321535,Louisiana,17,Caddo,SHV,2002-12-18 19:10:00,CST,2002-12-18 19:20:00,0,0,0,0,,,OFFICIAL NWS OBS.,F1,Unknown,2.3,80.0,,,,,32.68333,-93.83333,32.71667,-93.81667,,"A small supercell produced a weak tornado that moved across Dixie, LA. One trailer home had sheet metal torn off of it. An old airport hanger used for storage was destroyed with its contents strewn over two tenths of a mile. Several power poles were blown down.",LA,2002-12-18 19:10:00,2002-12-18 19:20:00,False,False
1144952,5323380,Tennessee,7,Bledsoe,MRX,2002-11-10 20:30:00,CST,2002-11-10 20:38:00,0,0,0,0,100K,,NWS STORM SURVEY,F1,Unknown,6.2,100.0,,,,,35.73333,-85.26667,35.75,-85.2,"An F1 tornado (with wind speeds estimated between 85 and 90 mph) touched down just west of the intersection of highways 101 and 285 in northwest Bledsoe county. This tornado passed just north of the Bellview community. Five homes were damaged and numerous trees were downed along the tornado's path, which crossed Highway 101 and continued just north of Highway 285 from the Three-Way Market to the Tennessee Regional State Correctional Facility.",,TN,2002-11-10 20:30:00,2002-11-10 20:38:00,False,False
1145113,5321520,Alabama,55,Etowah,BMX,2002-11-10 22:31:00,CST,2002-11-10 22:32:00,0,0,0,0,4K,1K,NWS STORM SURVEY,F1,Unknown,0.8,300.0,,,,,33.91667,-86.35,33.91667,-86.33333,"The F1 rated Oneonta Tornado began at 10:22 pm, about 1.4 miles southwest of Allgood just west of State Route (SR) 75. The tornado traveled across Allgood, downing trees and doing some damage to structures. It traveled across Boat Landing Road where trees were downed and then crossed Springville Boulevard where several structures were damaged. The tornado then clipped the southeastern sections of Oneonta before turning more easterly.The tornado crossed County Road 29, where two more structures were damaged, and then crossed US Highway 231. Additional trees were downed along Montgomery Drive. The tornado continued to down trees as it dissipated just after moving into Etowah County, ending at 10:32 pm.The path length of this tornado was 10.6 miles, with a width of about 300 yards. No deaths or injuries were reported. However, Blount County Emergency Management did report that two cows were killed by falling trees.Beg: 33 53.764/86 31.771 End: 33 56.588/86 21.437",,AL,2002-11-10 22:31:00,2002-11-10 22:32:00,False,False
1145114,5321521,Alabama,115,St. Clair,BMX,2002-11-10 22:41:00,CST,2002-11-10 22:44:00,0,0,0,0,40K,0K,NWS STORM SURVEY,F1,Unknown,3.2,50.0,,,,,33.95,-86.25,33.95,-86.2,,A weak tornado touched down on Chandler Mountain causing minor damage to about three houses and downing several trees. The tornado came off the mountain (plateau) and damaged one structured and downed trees at the base of the mountain before dissipating. No injuries were reported.Beg: 33 57.002/86 15.331 End: 33 57.482/86 11.950,AL,2002-11-10 22:41:00,2002-11-10 22:44:00,False,False
1145115,5321522,Alabama,125,Tuscaloosa,BMX,2002-11-10 22:22:00,CST,2002-11-10 22:29:00,3,0,0,0,.3M,0K,NWS STORM SURVEY,F2,Unknown,2.9,450.0,,,,,33.31667,-87.23333,33.33333,-87.18333,"The Abernant Tornado first touched down in Tuscaloosa County in a wooded area west of County Road 99 around 10:22 pm. The tornado traveled east-northeast, damaging structures on Ridge Road before crossing into Jefferson County.The tornado entered Jefferson County at 10:29 pm, and damaged structures in the North Johns and Sumter areas before damaging a manufacturing facility just southwest of VisionLand Theme Park. The tornado crossed Interstate 59 and US Highway 11 where additional houses and businesses sustained minor damage. The tornado ended at this point at 10:43 pm.This F2 tornado had a path length of 15.2 miles, 2.9 miles in Tuscaloosa County and 12.3 miles in Jefferson County. The path width was about 450 yards. Three injuries were reported in Tuscaloosa County.Beg: 33 19.740/87 13.724 End: 33 22.873/86 58.362",,AL,2002-11-10 22:22:00,2002-11-10 22:29:00,False,False
1145348,5321567,Louisiana,103,St. Tammany,LIX,2002-11-11 00:55:00,CST,2002-11-11 00:55:00,0,0,0,0,35K,,NWS STORM SURVEY,F1,Unknown,0.3,150.0,,,,,30.53333,-90.23333,30.53333,-90.23333,,"A tornado touched down toppling a large number of trees...snapping large branches and causing moderate damage to three homes. In addition, several outbuilding structures were damaged by falling trees.",LA,2002-11-11 00:55:00,2002-11-11 00:55:00,False,False
1145680,5326057,Louisiana,89,St. Charles,LIX,2002-12-19 13:30:00,CST,2002-12-19 13:38:00,0,0,0,0,,,LAW ENFORCEMENT,F0,Unknown,5.0,20.0,,,,,30.0,-90.41667,30.06667,-90.41667,,A waterspout formed over the Mississippi River near Norco and moved overhead as a funnel cloud before touching down as a tornado over a marsh and crossing Interstate 10 near mile marker 214,LA,2002-12-19 13:30:00,2002-12-19 13:38:00,False,False
1145108,5321434,Alabama,75,Lamar,BMX,2002-11-10 19:31:00,CST,2002-11-10 19:42:00,2,0,0,0,.2M,0K,NWS STORM SURVEY,F2,Unknown,7.2,150.0,,,,,33.5,-88.25,33.56667,-88.15,,"The Fernbank Tornado was the second tornado of the evening in Alabama, but it actually began in Mississippi. The tornado crossed the Alabama-Mississippi State Line at 7:31 pm, downing trees in Luxapallila Creek. When it reached County Road 12, a well built home was deroofed along with damage to the upper floor of the house and tremendous tree destruction. The tornado continued on a northeast track, damaging mostly trees before knocking over head stones at the Ebenezer Church and flipping automobiles. The tornado weakened fairly quickly after it passed the church and ended about 7:42 pm.This tornado was rated an F2 in Alabama but was rated an F3 in Mississippi. No deaths and two injuries were reported in the Alabama portion of this tornado.The path length was 7.2 miles with an estimated width of 150 yards.",AL,2002-11-10 19:31:00,2002-11-10 19:42:00,False,False
1145109,5321435,Alabama,57,Fayette,BMX,2002-11-10 20:15:00,CST,2002-11-10 20:34:00,0,0,0,0,.2M,0K,NWS STORM SURVEY,F3,Unknown,14.6,1175.0,,,,,33.76667,-87.8,33.81667,-87.55,"The Saragossa Tornado was the fourth tornado to occur in Alabama and the longest track of the severe weather episode. It began in Fayette County, just east of the Sipsey River about 6 miles north-northeast of the city of Fayette at 8:15 pm. The tornado moved northeast, crossing portions of State Routes 102 and 13, and then SR 102 again around Stoddards Crossroads.The tornado crossed into Walker County at 8:34 pm and traveled through sparsely populated areas of western Walker County. It crossed the interchange of US Highway 78 about 5.5 miles east-southeast of Carbon Hill, and became very strong as it traveled through the Saragossa area. It crossed State Roads 5, 195, and 257, before entering Winston County.The tornado appeared to be at its most intense during the travel from US 78/SR 118 interchange across Saragossa and the areas near SR 5 and SR 195. Seven deaths occurred in this 10 mile stretch of the tornado track, along with an estimated 40 injuries.At 9:03 pm the tornado crossed the extreme southeastern tip of Winston County, crossing a part of Smith Lake.The tornado entered Cullman County at 9:08 pm, moving across portions of Smith Lake and across CR 222. Tornado intensity remained high during the first several miles after it entered Cullman County. Continuing northeast, it crossed Interstate 65 and US 31 just south of Cullman on the southside of the Cullman Golf Course.The tornado seemed to be significantly less intense as it continued to travel northeasterly toward Holly Pond. Damage from just east of US 31 to just south of Holly Pond was not nearly as intense as it was west of Interstate 65. Traveling through mostly rural areas downing trees and powerlines, and damaging scattered structures along the way, the tornado finally ended just south-southeast of Holly Pond at 9:52 pm, This was the longest tornado of the outbreak, with a path length of 72.6 miles and a width of 1100 yards. It was the second F3 tornado of the day. Seven deaths were reported with the storm, all in Walker County, along with an estimated 45 injuries.Structural damage details are difficult to report since reporting is based primarily on county and not by individual tornadoes. Based on EMA and Red Cross data, structures damaged or destroyed were approximately 20 in Fayette County, 300 in Walker County, 5 in Winston County, and 164 in Cullman County.This is also one of the longest tornadoes tracks in recent history. At 72.6 miles in length, this becomes the fourth longest tornado in Alabama since 1950.Beg: 33 45.072/87 45.991 End: 34 09.775/86 36.403",,AL,2002-11-10 20:15:00,2002-11-10 20:34:00,False,False
1145109,5321436,Alabama,127,Walker,BMX,2002-11-10 20:34:00,CST,2002-11-10 21:03:00,40,0,7,0,2.5M,0K,NWS STORM SURVEY,F3,Unknown,24.7,1175.0,,,,,33.83333,-87.53333,33.96667,-87.11667,"The Saragossa Tornado was the fourth tornado to occur in Alabama and the longest track of the severe weather episode. It began in Fayette County, just east of the Sipsey River about 6 miles north-northeast of the city of Fayette at 8:15 pm. The tornado moved northeast, crossing portions of State Routes 102 and 13, and then SR 102 again around Stoddards Crossroads.The tornado crossed into Walker County at 8:34 pm and traveled through sparsely populated areas of western Walker County. It crossed the interchange of US Highway 78 about 5.5 miles east-southeast of Carbon Hill, and became very strong as it traveled through the Saragossa area. It crossed State Roads 5, 195, and 257, before entering Winston County.The tornado appeared to be at its most intense during the travel from US 78/SR 118 interchange across Saragossa and the areas near SR 5 and SR 195. Seven deaths occurred in this 10 mile stretch of the tornado track, along with an estimated 40 injuries.At 9:03 pm the tornado crossed the extreme southeastern tip of Winston County, crossing a part of Smith Lake.The tornado entered Cullman County at 9:08 pm, moving across portions of Smith Lake and across CR 222. Tornado intensity remained high during the first several miles after it entered Cullman County. Continuing northeast, it crossed Interstate 65 and US 31 just south of Cullman on the southside of the Cullman Golf Course.The tornado seemed to be significantly less intense as it continued to travel northeasterly toward Holly Pond. Damage from just east of US 31 to just south of Holly Pond was not nearly as intense as it was west of Interstate 65. Traveling through mostly rural areas downing trees and powerlines, and damaging scattered structures along the way, the tornado finally ended just south-southeast of Holly Pond at 9:52 pm, This was the longest tornado of the outbreak, with a path length of 72.6 miles and a width of 1100 yards. It was the second F3 tornado of the day. Seven deaths were reported with the storm, all in Walker County, along with an estimated 45 injuries.Structural damage details are difficult to report since reporting is based primarily on county and not by individual tornadoes. Based on EMA and Red Cross data, structures damaged or destroyed were approximately 20 in Fayette County, 300 in Walker County, 5 in Winston County, and 164 in Cullman County.This is also one of the longest tornadoes tracks in recent history. At 72.6 miles in length, this becomes the fourth longest tornado in Alabama since 1950.Beg: 33 45.072/87 45.991 End: 34 09.775/86 36.403",,AL,2002-11-10 20:34:00,2002-11-10 21:03:00,False,False
1145109,5321437,Alabama,133,Winston,BMX,2002-11-10 21:03:00,CST,2002-11-10 21:08:00,5,0,0,0,.3M,0K,NWS STORM SURVEY,F3,Unknown,2.4,1175.0,,,,,33.96667,-87.16667,33.98333,-87.11667,"The Saragossa Tornado was the fourth tornado to occur in Alabama and the longest track of the severe weather episode. It began in Fayette County, just east of the Sipsey River about 6 miles north-northeast of the city of Fayette at 8:15 pm. The tornado moved northeast, crossing portions of State Routes 102 and 13, and then SR 102 again around Stoddards Crossroads.The tornado crossed into Walker County at 8:34 pm and traveled through sparsely populated areas of western Walker County. It crossed the interchange of US Highway 78 about 5.5 miles east-southeast of Carbon Hill, and became very strong as it traveled through the Saragossa area. It crossed State Roads 5, 195, and 257, before entering Winston County.The tornado appeared to be at its most intense during the travel from US 78/SR 118 interchange across Saragossa and the areas near SR 5 and SR 195. Seven deaths occurred in this 10 mile stretch of the tornado track, along with an estimated 40 injuries.At 9:03 pm the tornado crossed the extreme southeastern tip of Winston County, crossing a part of Smith Lake.The tornado entered Cullman County at 9:08 pm, moving across portions of Smith Lake and across CR 222. Tornado intensity remained high during the first several miles after it entered Cullman County. Continuing northeast, it crossed Interstate 65 and US 31 just south of Cullman on the southside of the Cullman Golf Course.The tornado seemed to be significantly less intense as it continued to travel northeasterly toward Holly Pond. Damage from just east of US 31 to just south of Holly Pond was not nearly as intense as it was west of Interstate 65. Traveling through mostly rural areas downing trees and powerlines, and damaging scattered structures along the way, the tornado finally ended just south-southeast of Holly Pond at 9:52 pm, This was the longest tornado of the outbreak, with a path length of 72.6 miles and a width of 1100 yards. It was the second F3 tornado of the day. Seven deaths were reported with the storm, all in Walker County, along with an estimated 45 injuries.Structural damage details are difficult to report since reporting is based primarily on county and not by individual tornadoes. Based on EMA and Red Cross data, structures damaged or destroyed were approximately 20 in Fayette County, 300 in Walker County, 5 in Winston County, and 164 in Cullman County.This is also one of the longest tornadoes tracks in recent history. At 72.6 miles in length, this becomes the fourth longest tornado in Alabama since 1950.Beg: 33 45.072/87 45.991 End: 34 09.775/86 36.403",,AL,2002-11-10 21:03:00,2002-11-10 21:08:00,False,False
1145109,5321438,Alabama,43,Cullman,BMX,2002-11-10 21:08:00,CST,2002-11-10 21:52:00,8,0,0,0,1.3M,0K,NWS STORM SURVEY,F3,Unknown,30.9,1175.0,,,,,33.98333,-87.11667,34.15,-86.6,"The Saragossa Tornado was the fourth tornado to occur in Alabama and the longest track of the severe weather episode. It began in Fayette County, just east of the Sipsey River about 6 miles north-northeast of the city of Fayette at 8:15 pm. The tornado moved northeast, crossing portions of State Routes 102 and 13, and then SR 102 again around Stoddards Crossroads.The tornado crossed into Walker County at 8:34 pm and traveled through sparsely populated areas of western Walker County. It crossed the interchange of US Highway 78 about 5.5 miles east-southeast of Carbon Hill, and became very strong as it traveled through the Saragossa area. It crossed State Roads 5, 195, and 257, before entering Winston County.The tornado appeared to be at its most intense during the travel from US 78/SR 118 interchange across Saragossa and the areas near SR 5 and SR 195. Seven deaths occurred in this 10 mile stretch of the tornado track, along with an estimated 40 injuries.At 9:03 pm the tornado crossed the extreme southeastern tip of Winston County, crossing a part of Smith Lake.The tornado entered Cullman County at 9:08 pm, moving across portions of Smith Lake and across CR 222. Tornado intensity remained high during the first several miles after it entered Cullman County. Continuing northeast, it crossed Interstate 65 and US 31 just south of Cullman on the southside of the Cullman Golf Course.The tornado seemed to be significantly less intense as it continued to travel northeasterly toward Holly Pond. Damage from just east of US 31 to just south of Holly Pond was not nearly as intense as it was west of Interstate 65. Traveling through mostly rural areas downing trees and powerlines, and damaging scattered structures along the way, the tornado finally ended just south-southeast of Holly Pond at 9:52 pm, This was the longest tornado of the outbreak, with a path length of 72.6 miles and a width of 1100 yards. It was the second F3 tornado of the day. Seven deaths were reported with the storm, all in Walker County, along with an estimated 45 injuries.Structural damage details are difficult to report since reporting is based primarily on county and not by individual tornadoes. Based on EMA and Red Cross data, structures damaged or destroyed were approximately 20 in Fayette County, 300 in Walker County, 5 in Winston County, and 164 in Cullman County.This is also one of the longest tornadoes tracks in recent history. At 72.6 miles in length, this becomes the fourth longest tornado in Alabama since 1950.Beg: 33 45.072/87 45.991 End: 34 09.775/86 36.403",,AL,2002-11-10 21:08:00,2002-11-10 21:52:00,False,False
1145107,5321431,Alabama,57,Fayette,BMX,2002-11-10 18:52:00,CST,2002-11-10 19:10:00,3,0,0,0,.5M,0K,NWS STORM SURVEY,F3,Unknown,16.1,1175.0,,,,,33.75,-87.86667,33.86667,-87.61667,"The Carbon Hill Tornado was the first tornado of the evening. It began in Fayette County at 6:52 pm, about 5.6 miles north-northwest of the city of Fayette, and 2.8 miles west of US Highway 43. The tornado moved on a northeast track crossing US 43, State Route 129, and SR 13, and then moved into Walker County just southwest of Carbon Hill at 7:10 pm.It then crossed the western and northern sections of Carbon Hill, downing trees and power lines and damaging many residential structures. Carbon Hill Elementary School was also heavily damaged. The tornado continued northeast, crossing SR5, and exited the county at SR 195. The two deaths associated with this tornado occurred just south of SR 195.Entering Winston County at 7:31 pm, the tornado continued on a northeast path traveling across mostly sparsely populated areas of Bankhead National Forest and several fingers of Smith Lake. It crossed County Road 41 about 1.8 miles south of Arley and then crossed CR 12, finally lifting at 7:45 pm.This tornado was rated an F3 on the Fujita scale, with winds estimated to be in the 150 to 200 mph range. Much of the damage along the track was lesser intensity (F1 and F2). F3 damage occurred in both Fayette and Walker Counties.Total path length for the Carbon Hill Tornado was 44.3 miles, with a width of 1175 yards. Four deaths were reported with this tornado, three in the Rose Hill community of Walker County and one near Arley in Winston County. Injury figures are approximate with three in Fayette County, 20 in Walker County, and 15 in Winston County. About 40 percent of the injuries were treated at local hospitals while about 60 percent of the injuries were considered minor.Structural damage along the path included approximately 47 in Fayette County, 135 in Walker County, and 35 in Winston County. Numbers are approximate because most reports from Red Cross and EMA were made based on the whole county not by tornado.Beg: 33 45.949/87 51.069 End: 34 03.992/87 10.409",,AL,2002-11-10 18:52:00,2002-11-10 19:10:00,False,False
1145107,5321432,Alabama,127,Walker,BMX,2002-11-10 19:10:00,CST,2002-11-10 19:31:00,20,0,3,0,2.5M,0K,NWS STORM SURVEY,F3,Unknown,16.9,1175.0,,,,,33.83333,-87.58333,34.0,-87.35,"The Carbon Hill Tornado was the first tornado of the evening. It began in Fayette County at 6:52 pm, about 5.6 miles north-northwest of the city of Fayette, and 2.8 miles west of US Highway 43. The tornado moved on a northeast track crossing US 43, State Route 129, and SR 13, and then moved into Walker County just southwest of Carbon Hill at 7:10 pm.It then crossed the western and northern sections of Carbon Hill, downing trees and power lines and damaging many residential structures. Carbon Hill Elementary School was also heavily damaged. The tornado continued northeast, crossing SR5, and exited the county at SR 195. The two deaths associated with this tornado occurred just south of SR 195.Entering Winston County at 7:31 pm, the tornado continued on a northeast path traveling across mostly sparsely populated areas of Bankhead National Forest and several fingers of Smith Lake. It crossed County Road 41 about 1.8 miles south of Arley and then crossed CR 12, finally lifting at 7:45 pm.This tornado was rated an F3 on the Fujita scale, with winds estimated to be in the 150 to 200 mph range. Much of the damage along the track was lesser intensity (F1 and F2). F3 damage occurred in both Fayette and Walker Counties.Total path length for the Carbon Hill Tornado was 44.3 miles, with a width of 1175 yards. Four deaths were reported with this tornado, three in the Rose Hill community of Walker County and one near Arley in Winston County. Injury figures are approximate with three in Fayette County, 20 in Walker County, and 15 in Winston County. About 40 percent of the injuries were treated at local hospitals while about 60 percent of the injuries were considered minor.Structural damage along the path included approximately 47 in Fayette County, 135 in Walker County, and 35 in Winston County. Numbers are approximate because most reports from Red Cross and EMA were made based on the whole county not by tornado.Beg: 33 45.949/87 51.069 End: 34 03.992/87 10.409",,AL,2002-11-10 19:10:00,2002-11-10 19:31:00,False,False
1145107,5321433,Alabama,133,Winston,BMX,2002-11-10 19:31:00,CST,2002-11-10 19:45:00,15,0,1,0,.2M,0K,NWS STORM SURVEY,F3,Unknown,11.3,1175.0,,,,,34.0,-87.35,34.05,-87.18333,"The Carbon Hill Tornado was the first tornado of the evening. It began in Fayette County at 6:52 pm, about 5.6 miles north-northwest of the city of Fayette, and 2.8 miles west of US Highway 43. The tornado moved on a northeast track crossing US 43, State Route 129, and SR 13, and then moved into Walker County just southwest of Carbon Hill at 7:10 pm.It then crossed the western and northern sections of Carbon Hill, downing trees and power lines and damaging many residential structures. Carbon Hill Elementary School was also heavily damaged. The tornado continued northeast, crossing SR5, and exited the county at SR 195. The two deaths associated with this tornado occurred just south of SR 195.Entering Winston County at 7:31 pm, the tornado continued on a northeast path traveling across mostly sparsely populated areas of Bankhead National Forest and several fingers of Smith Lake. It crossed County Road 41 about 1.8 miles south of Arley and then crossed CR 12, finally lifting at 7:45 pm.This tornado was rated an F3 on the Fujita scale, with winds estimated to be in the 150 to 200 mph range. Much of the damage along the track was lesser intensity (F1 and F2). F3 damage occurred in both Fayette and Walker Counties.Total path length for the Carbon Hill Tornado was 44.3 miles, with a width of 1175 yards. Four deaths were reported with this tornado, three in the Rose Hill community of Walker County and one near Arley in Winston County. Injury figures are approximate with three in Fayette County, 20 in Walker County, and 15 in Winston County. About 40 percent of the injuries were treated at local hospitals while about 60 percent of the injuries were considered minor.Structural damage along the path included approximately 47 in Fayette County, 135 in Walker County, and 35 in Winston County. Numbers are approximate because most reports from Red Cross and EMA were made based on the whole county not by tornado.Beg: 33 45.949/87 51.069 End: 34 03.992/87 10.409",,AL,2002-11-10 19:31:00,2002-11-10 19:45:00,False,False
1145351,5321570,Louisiana,89,St. Charles,LIX,2002-11-05 09:50:00,CST,2002-11-05 09:50:00,2,0,0,0,25K,,EMERGENCY MANAGER,F1,Unknown,0.3,75.0,,,,,29.95,-90.31667,29.95,-90.31667,,A tornado destroyed one mobile home and heavily damaged another. Four other mobile homes received minor damage. Power lines were also knocked down.,LA,2002-11-05 09:50:00,2002-11-05 09:50:00,False,False
1144833,5323704,Tennessee,33,Crockett,MEG,2002-11-09 22:15:00,CST,2002-11-09 22:15:00,0,0,0,0,750K,,NWS STORM SURVEY,F2,Unknown,4.0,220.0,,,,,35.73333,-89.05,35.75,-89.05,,A tornado touched down just northeast of Bells and tracked northeast. Six mobile homes and four houses were destroyed. Another 62 homes and several businesses were damaged. Many trees and power poles were blown down.,TN,2002-11-09 22:15:00,2002-11-09 22:15:00,False,False
1145362,5321699,Florida,37,Franklin,TAE,2002-11-10 18:15:00,EST,2002-11-10 18:15:00,0,0,0,0,15K,,LAW ENFORCEMENT,F0,Unknown,0.1,50.0,,,,,29.66667,-84.81667,29.66667,-84.81667,,A waterspout moved ashore and caused minor damage to an unoccupied house near intersection of 5th and West Gorrie Street on Saint George Island. Reported by the Franklin County Sheriff.,FL,2002-11-10 18:15:00,2002-11-10 18:15:00,False,False
1144590,5323869,Louisiana,89,St. Charles,LIX,2002-10-25 17:05:00,CST,2002-10-25 17:05:00,0,0,0,0,,,EMERGENCY MANAGER,F0,Unknown,0.1,20.0,,,,,29.95,-90.5,29.95,-90.5,,A weak tornado briefly touched down along Louisiana Highway 3127 near Highway 3142 causing no damage.,LA,2002-10-25 18:05:00,2002-10-25 18:05:00,True,True
1144604,5323883,Louisiana,103,St. Tammany,LIX,2002-10-03 10:30:00,CST,2002-10-03 10:30:00,0,0,0,0,25K,,NEWSPAPER,F0,Unknown,0.3,25.0,,,,,30.48333,-90.1,30.48333,-90.1,"Hurricane Lili, a major hurricane over the Gulf of Mexico, during the daylight hours of October 2, 2002 moved steadily northwest around 15 mph toward the Louisiana coast during the evening hour. The hurricane weakened rapidly to a Saffir Simpson Scale Category 1 Hurricane by the time it made landfall during the morning of October 3rd along the south central Louisiana coast. The hurricane continued to moved north northwest across south central Louisiana before turning northeast across the northern portion of the state. Due to the rapid weakening, no sustained hurricane force winds were measured in southeast Louisiana. However, storm surge was significant across the southeast Louisiana coastal areas and tidal lakes. Storm surge tides were 3 to 5 feet above normal across much of coastal southeast Louisiana except 4 to 7 feet above normal across south Lafourche and Terrebonne Parishes, closer to the location where the hurricane made landfall. Storm surge caused the most damage in Terrebonne Parish where many communities situated along bayous in the southern portion of the parish received considerable flooding. Storm surge also overtopped or breached several locally built drainage levees during the morning hours of October 4th. Particularly hard hit was the community of Montegut where many homes were flooded several feet deep. Over a thousand homes and businesses in Terrebonne Parish sustained some type of water damage due to storm surge. Storm surge flooding was also reported in southern Lafourche Parish where areas outside of the Larose-Golden Meadow were inundated by storm surge flooding. Grand Isle also was hit with considerable storm surge and beach erosion. Considerable flooding of roadways and low lying structures was reported in many areas in coastal southeast Louisiana outside of the hurricane protection levees. Along Lake Pontchartrain and Maurepas, low lying roadways and structures were also flooded, many having been flooded a week earlier due to Tropical Storm Isidore. No sustained hurricane force winds were measured across southeast Louisiana. Highest wind gusts recorded on October 3rd included: Houma 61 mph at 0200 CST, Paincourtville 61 mph at 0700 CST, New Orleans Louis Armstrong Intl Airport 51 mph at 0400 CST, Baton Rouge 47 mph at 1117 CST, and Mid Lake Pontchartrain Causeway 69 mph at 0530 CST.Strong wind gusts downed trees and large tree branches across much of southeast Louisiana. Property damage occurred when the trees and tree limbs fell onto houses and automobiles. In St. Tammany Parish, one man was injured when a tree fell on the mobile home in which he was living. In Point Coupee Parish, the emergency manager reported 800 to 1000 trees were blown down. Several short lived tornadoes touched down producing only minor property damage. Heavy rainfall was not widespread, in part due to the rapid movement of the hurricane away from the area. Flash flooding occurred in only a couple of areas.",A weak tornado touched down downing trees causing damage to house roofs.,LA,2002-10-03 11:30:00,2002-10-03 11:30:00,True,True
1145411,5322138,Tennessee,125,Montgomery,OHX,2002-11-10 00:50:00,CST,2002-11-10 00:51:00,0,0,0,0,,,NWS STORM SURVEY,F0,40-72 mph,0.1,20.0,,,,,36.53333,-87.18333,36.53333,-87.18333,"11 tornadoes were reported in Middle Tennessee in one of the worst tornadic outbreaks ever in November. 8 people...and possibly a ninth victim...were killed in Middle Tennessee alone. Damage estimate for the tornadoes in Tennessee was placed at $160 million. Primary losses were due to houses and cars. The toll on government owned infrastructure is about $6 million. The federal government is expected to reimburse the state and affected counties for 75% of the costs of responding to the disaster. The FEMA Public Assistance Program has obligated more than $3.6 million to assist local governments. These funds will be used to reimburse local governments for debris removal, the repair of public buildings and utilities, and overtime paid to police officers, firefighters and other emergency personnel.More than 900 families across the state applied for storm aid. This was the worst tornado disaster since the April3-4 outbreak in 1974. The United States Small Business Administration has approved more than 9.7 million dollars in disaster loans to assist disaster victims with repairing their property or replacing lost personal items. The 20 counties that are eligible for disaster assistance to individuals, households, and businesses were: Anderson, Bedford, Bledsoe, Carroll, Coffee, Crockett, Cumberland, Fentress, Gibson, Henderson, Madison, Marshall, Montgomery, Morgan, Roane, Rutherford, Scott, Sumner and Tipton and Van Buren.",The first tornado was rated F0 (40-72 mph) and briefly touched down about 1.2 miles east of the I-24 interchange on Highway 76. Trees were trees twisted and snapped.,TN,2002-11-10 00:50:00,2002-11-10 00:51:00,False,False
1145205,5321536,Arkansas,139,Union,SHV,2002-12-18 17:10:00,CST,2002-12-18 17:12:00,0,0,0,0,,,NWS STORM SURVEY,F0,Unknown,1.1,25.0,,,,,33.01667,-92.2,33.01667,-92.18333,,A weak supercell developed within a multicellular squall line which moved east northeast across the area. Damage path consisted of numerous snapped and fallen small trees. The tornado moved through a heavily wooded region with no structures.,AR,2002-12-18 17:10:00,2002-12-18 17:12:00,False,False
1145206,5321537,Arkansas,139,Union,SHV,2002-12-18 16:11:00,CST,2002-12-18 16:18:00,0,0,0,0,0,,NWS STORM SURVEY,F1,Unknown,4.0,50.0,,,,,33.03333,-92.4,33.01667,-92.46667,,"A strong tornado developed under a supercell moving northeast across the county. As the tornado developed in Union Parish, Louisiana, eyewitness reports described the tornado as resembling a stove pipe with screaming winds sounding like a banshee. Where the tornado originally touched down, a bowl like appearance was carved into the woods when viewing the impact point horizontally. The tornado then continued northeast across a combination of farmland and wooded region destroying 2 mobile homes and severely damaging 6 wooden houses. As the tornado moved into Union County, Arkansas, the tornado moved across only heavily wooded area void of structures.",AR,2002-12-18 16:11:00,2002-12-18 16:18:00,False,False
1145207,5321538,Louisiana,111,Union,SHV,2002-12-18 15:55:00,CST,2002-12-18 16:11:00,0,0,0,0,1M,,NWS STORM SURVEY,F2,Unknown,16.2,110.0,,,,,32.88333,-92.53333,33.0,-92.4,,"A strong tornado developed under a supercell moving northeast across the parish. As the tornado developed in Union Parish, Louisiana, eyewitness reports described the tornado as resembling a stove pipe with screaming winds sounding like a banshee. Where the tornado originally touched down, a bowl like appearance was carved into the woods when viewing the initial impact point horizontally. The tornado then continued northeast across a combination of farmland and wooded region destroying 2 mobile homes and severely damaging 6 wooden houses. As the tornado moved into Union County, Arkansas, the tornado moved across only heavily wooded area void of structures.",LA,2002-12-18 15:55:00,2002-12-18 16:11:00,False,False
1145112,5321518,Alabama,127,Walker,BMX,2002-11-10 21:38:00,CST,2002-11-10 21:47:00,0,0,0,0,.4M,0K,NWS STORM SURVEY,F1,Unknown,4.3,300.0,,,,,33.7,-87.15,33.73333,-87.08333,,"The Dora Tornado, the seventh tornado of the evening, began at 9:38 pm, when the tornado touched down on the banks of the Mulberry Fork of the Black Warrior River southwest of Dora. The initial touchdown was in an area of open fields and woods and the first structural damage occurred as the tornado reached the southwest side of Dora. Trees were downed with a good deal of roof damage to homes as the tornado traveled through the middle of Dora. Traveling northeast the tornado damaged a number of structures in Dora, before ending fairly abruptly on the northeast side of town at 9:47 pm.The total path length was 4.3 miles, with a width of 300 yards. No deaths were reported, and any injuries were minor. This tornado was rated an F1.Beg: 33 42.221/87 08.654 End: 33 44.096/87 04.761",AL,2002-11-10 21:38:00,2002-11-10 21:47:00,False,False
1145113,5321519,Alabama,9,Blount,BMX,2002-11-10 22:22:00,CST,2002-11-10 22:31:00,0,0,0,0,.4M,2K,NWS STORM SURVEY,F1,Unknown,9.8,300.0,,,,,33.9,-86.51667,33.95,-86.36667,"The F1 rated Oneonta Tornado began at 10:22 pm, about 1.4 miles southwest of Allgood just west of State Route (SR) 75. The tornado traveled across Allgood, downing trees and doing some damage to structures. It traveled across Boat Landing Road where trees were downed and then crossed Springville Boulevard where several structures were damaged. The tornado then clipped the southeastern sections of Oneonta before turning more easterly.The tornado crossed County Road 29, where two more structures were damaged, and then crossed US Highway 231. Additional trees were downed along Montgomery Drive. The tornado continued to down trees as it dissipated just after moving into Etowah County, ending at 10:32 pm.The path length of this tornado was 10.6 miles, with a width of about 300 yards. No deaths or injuries were reported. However, Blount County Emergency Management did report that two cows were killed by falling trees.Beg: 33 53.764/86 31.771 End: 33 56.588/86 21.437",,AL,2002-11-10 22:22:00,2002-11-10 22:31:00,False,False
1144832,5323701,Arkansas,93,Mississippi,MEG,2002-11-09 21:50:00,CST,2002-11-09 22:05:00,0,0,0,0,10K,,NWS STORM SURVEY,F2,Unknown,14.5,440.0,,,,,35.45,-90.21667,35.7,-90.05,,The tornado moved into Mississippi county from Crittenden county and continued northeast and eventually moved into Tipton county in Tennessee. Some trees were knocked down near the Crittenden county border.,AR,2002-11-09 21:50:00,2002-11-09 22:05:00,False,False
1144833,5323702,Tennessee,167,Tipton,MEG,2002-11-09 22:05:00,CST,2002-11-09 22:30:00,1,0,0,0,6M,,NWS STORM SURVEY,F2,Unknown,17.0,440.0,,,,,35.51667,-89.9,35.6,-89.63333,,"The tornado moved into Tipton county from Mississippi county in Arkansas and moved northeast. The tornado produced significant damage across the county. One man was injured was injured by bricks blown down from the facade of a building in downtown Covington. Across the county, twenty-eight mobile homes, five houses and one business were destroyed. Approximately 275 homes and business were damaged. Numerous trees and power lines were blown down.",TN,2002-11-09 22:05:00,2002-11-09 22:30:00,False,False
1144594,5323873,Louisiana,77,Pointe Coupee,LIX,2002-10-29 04:00:00,CST,2002-10-29 04:00:00,0,0,0,0,30K,,LAW ENFORCEMENT,F1,Unknown,0.5,30.0,,,,,30.68333,-91.41667,30.68333,-91.41667,,A tornado touched down near Ventress and blew the roof off of one mobile home and overtured another.,LA,2002-10-29 04:00:00,2002-10-29 04:00:00,False,False
1143602,5321154,Wisconsin,39,Fond Du Lac,MKX,2002-09-02 20:30:00,CST,2002-09-02 20:31:00,0,0,0,0,750K,,LAW ENFORCEMENT,F1,90-100 mph,0.3,75.0,,,,,43.71667,-88.36667,43.71667,-88.36667,"Clusters or short lines of severe storms with powerful downburst winds and isolated tornadoes moved through parts of south-central and southeast Wisconsin on Labor Day September 2, 2002. Two tornadoes spun up in Fond du Lac County. Refer to those individual tornado events for details. Numerous large trees were toppled in some locations by the downburst winds, while broken tree branches snapped some power lines. Amateur radio operators in Waukesha County measured peak wind gust of 58 knots (67 mph). In West Bend (Washington Co.), a house trailer was blown over, and slightly damaged, by the powerful winds.","A tornado, rated as F1 with winds of about 78 to 87 knots (90 to 100 mph) damaged three, large, cover-all, dairy barns. Severe damage was noted on the western-most barn. In addition, some trees were uprooted or had limbs ripped off. The three barns were part of Fond du Lac's largest dairy farm. Luckily, only one of the 1400 dairy cows was injured.",WI,2002-09-02 20:30:00,2002-09-02 20:31:00,False,False
1145411,5322139,Tennessee,125,Montgomery,OHX,2002-11-10 01:00:00,CST,2002-11-10 01:01:00,0,0,2,0,100K,,NWS STORM SURVEY,F1,Unknown,0.3,400.0,,,,,36.53333,-87.15,36.55,-87.13333,"11 tornadoes were reported in Middle Tennessee in one of the worst tornadic outbreaks ever in November. 8 people...and possibly a ninth victim...were killed in Middle Tennessee alone. Damage estimate for the tornadoes in Tennessee was placed at $160 million. Primary losses were due to houses and cars. The toll on government owned infrastructure is about $6 million. The federal government is expected to reimburse the state and affected counties for 75% of the costs of responding to the disaster. The FEMA Public Assistance Program has obligated more than $3.6 million to assist local governments. These funds will be used to reimburse local governments for debris removal, the repair of public buildings and utilities, and overtime paid to police officers, firefighters and other emergency personnel.More than 900 families across the state applied for storm aid. This was the worst tornado disaster since the April3-4 outbreak in 1974. The United States Small Business Administration has approved more than 9.7 million dollars in disaster loans to assist disaster victims with repairing their property or replacing lost personal items. The 20 counties that are eligible for disaster assistance to individuals, households, and businesses were: Anderson, Bedford, Bledsoe, Carroll, Coffee, Crockett, Cumberland, Fentress, Gibson, Henderson, Madison, Marshall, Montgomery, Morgan, Roane, Rutherford, Scott, Sumner and Tipton and Van Buren.","The husband, Dennis Tooby and his wife, Karen Tooby, were killed when their mobile home was blown off its foundation at the 3400 block of Port Royal Rd. Mr. Tooby was a Australian national and a welder. Mrs. Tooby taught first grade at Hazelwood Elementary School in Clarksville. Two mobile homes were lifted off their foundation and hurled across the road. The tornado damaged 60 homes and one public building. Most of the damages were minor.",TN,2002-11-10 01:00:00,2002-11-10 01:01:00,False,False
1145411,5322144,Tennessee,35,Cumberland,OHX,2002-11-10 20:46:00,CST,2002-11-10 20:47:00,0,0,0,0,,,LAW ENFORCEMENT,F0,Unknown,0.1,20.0,,,,,35.8,-85.01667,35.8,-85.01667,"11 tornadoes were reported in Middle Tennessee in one of the worst tornadic outbreaks ever in November. 8 people...and possibly a ninth victim...were killed in Middle Tennessee alone. Damage estimate for the tornadoes in Tennessee was placed at $160 million. Primary losses were due to houses and cars. The toll on government owned infrastructure is about $6 million. The federal government is expected to reimburse the state and affected counties for 75% of the costs of responding to the disaster. The FEMA Public Assistance Program has obligated more than $3.6 million to assist local governments. These funds will be used to reimburse local governments for debris removal, the repair of public buildings and utilities, and overtime paid to police officers, firefighters and other emergency personnel.More than 900 families across the state applied for storm aid. This was the worst tornado disaster since the April3-4 outbreak in 1974. The United States Small Business Administration has approved more than 9.7 million dollars in disaster loans to assist disaster victims with repairing their property or replacing lost personal items. The 20 counties that are eligible for disaster assistance to individuals, households, and businesses were: Anderson, Bedford, Bledsoe, Carroll, Coffee, Crockett, Cumberland, Fentress, Gibson, Henderson, Madison, Marshall, Montgomery, Morgan, Roane, Rutherford, Scott, Sumner and Tipton and Van Buren.",Law enforcement reported a tornado. No damage reported.,TN,2002-11-10 20:46:00,2002-11-10 20:47:00,False,False
1145088,5322145,Ohio,123,Ottawa,CLE,2002-11-10 17:30:00,EST,2002-11-10 17:45:00,4,0,0,0,13.5M,,NWS STORM SURVEY,F2,Unknown,10.0,50.0,,,,,41.51667,-82.95,41.58333,-82.85,,"A tornado touched down south of Port Clinton and then moved northeast entering the city just west of the intersection of Wilcox Road and Fulton Road. The tornado moved through the heart of the city reaching Lake Erie at Lakeview Park. From there, the tornado moved northeast over Lake Erie to Catawba Island where it finally dissipated after a ten mile long damage path. Four people suffered minor injuries as a result of the tornado. Hardest hit was the Lakeview Park area where two condominiums were blown off their stilts into Lake Erie and many other structures where destroyed. The initial storm damage in Port Clinton occurred along 11th Street where several homes were heavily damaged or destroyed. Significant damage also occurred near 8th and Fulton Streets. As the tornado moved through the city, it damaged the local high school and a hospital. Significant damage also occurred on Catawba Island with several homes damaged and destroyed before the tornado finally dissipated. A total of 24 homes and 16 apartments were destroyed along the damage path with approximately 60 additional homes damaged enough to be deemed uninhabitable. Another 80 structures sustained minor to moderate amounts of damage. The damage path was typically no more than 50 yards in width. Dozens of vehicles were damaged or destroyed by the tornado and hundreds of trees and power poles were toppled.",OH,2002-11-10 17:30:00,2002-11-10 17:45:00,False,False
1144983,5323010,Illinois,55,Franklin,PAH,2002-11-10 13:41:00,CST,2002-11-10 13:42:00,0,0,0,0,1K,,NWS STORM SURVEY,F0,Unknown,0.5,50.0,,,,,37.88333,-89.11667,37.9,-89.1,,A weak tornado caused some tree damage as it crossed a highway just north of Royalton. The tornado was spawned by the same supercell thunderstorm that produced a longer-track tornado in Jackson County.,IL,2002-11-10 13:41:00,2002-11-10 13:42:00,False,False
1145115,5321523,Alabama,73,Jefferson,BMX,2002-11-10 22:29:00,CST,2002-11-10 22:43:00,0,0,0,0,.5M,0K,NWS STORM SURVEY,F2,Unknown,12.3,450.0,,,,,33.33333,-87.18333,33.4,-86.96667,"The Abernant Tornado first touched down in Tuscaloosa County in a wooded area west of County Road 99 around 10:22 pm. The tornado traveled east-northeast, damaging structures on Ridge Road before crossing into Jefferson County.The tornado entered Jefferson County at 10:29 pm, and damaged structures in the North Johns and Sumter areas before damaging a manufacturing facility just southwest of VisionLand Theme Park. The tornado crossed Interstate 59 and US Highway 11 where additional houses and businesses sustained minor damage. The tornado ended at this point at 10:43 pm.This F2 tornado had a path length of 15.2 miles, 2.9 miles in Tuscaloosa County and 12.3 miles in Jefferson County. The path width was about 450 yards. Three injuries were reported in Tuscaloosa County.Beg: 33 19.740/87 13.724 End: 33 22.873/86 58.362",,AL,2002-11-10 22:29:00,2002-11-10 22:43:00,False,False
1145110,5321439,Alabama,107,Pickens,BMX,2002-11-10 19:42:00,CST,2002-11-10 19:48:00,0,0,0,0,5K,0K,NWS STORM SURVEY,F1,Unknown,4.5,75.0,,,,,33.48333,-88.28333,33.48333,-88.21667,,"The third tornado of the evening in Alabama, the Stafford Tornado, moved into Pickens County from Mississippi, at 7:42 pm just northwest of Stafford. This tornado, rated an F1 in Alabama, stayed over mostly rural land downing trees. The path length in Alabama was 4.5 miles, and the width about 75 yards. No deaths or injuries were reported in Alabama.Beg: 33 27.623/88 17.036 End: 33 28.267/88 12.269",AL,2002-11-10 19:42:00,2002-11-10 19:48:00,False,False
1145117,5321525,Alabama,107,Pickens,BMX,2002-11-10 20:15:00,CST,2002-11-10 20:18:00,0,0,0,0,0K,0K,NWS STORM SURVEY,F0,Unknown,2.0,40.0,,,,,33.4,-88.28333,33.4,-88.25,,An F1 tornado moved out of Mississippi into Alabama about 4.3 miles west-southwest of Ethelsville. The weak tornado was the fifth tornado of the evening in Alabama and moved across mostly wooded and clear cut areas downing a few trees. The tornado damage in Alabama was only F0.Beg: 33 24.268/88 17.425 End: 33 24.682/88 15.352,AL,2002-11-10 20:15:00,2002-11-10 20:18:00,False,False
1145089,5322315,Ohio,35,Cuyahoga,CLE,2002-11-10 19:08:00,EST,2002-11-10 19:15:00,0,0,0,0,6.8M,,NWS STORM SURVEY,F1,Unknown,4.0,100.0,,,,,41.38333,-81.43333,41.38333,-81.43333,,"An F1 tornado crossed into Cuyahoga County from Summit County to the south of Glenwillow. The tornado traveled northeast for about four miles and dissipated to the east of Solon. The tornado caused some home damage in Glenwillow and tore the roof off of a business. After moving across a few open fields the tornado crossed into Solon along Pettibone Road. Several homes were damaged on Selworthy and Hollycock Lanes in the Liberty Hill subdivision just north of Pettibone. As the tornado continued northeast it damaged several more homes in the Hunt Club subdivision near the intersection of SOM Center and Arthur Roads. Next hit was the Solon Middle School on SOM Center Road just north of Arthur Road. The school sustained over $2 million in roof and structural damages. As the tornado continued northeast it caused damage in the Ayleshire subdivision along Aurora Road. More home damage occured along Liberty Street near the railroad tracks and on Windy Hill Lane. The tornado finally dissipated on the eastern edge of Solon near Bainbridge Road after damaging around 100 homes in the county. Most of the home damage was minor, but dozens of cars were damaged or destroyed and hundreds of trees and power poles downed. The damage path was generally 50 to 100 yards in width.",OH,2002-11-10 19:08:00,2002-11-10 19:15:00,False,False
1145090,5322316,Ohio,143,Sandusky,CLE,2002-11-10 17:20:00,EST,2002-11-10 17:25:00,0,0,0,0,1.3M,,EMERGENCY MANAGER,F1,Unknown,3.5,50.0,,,,,41.35,-83.11667,41.41667,-83.13333,,"A tornado touched down just northwest of Fremont near the intersection of Shade Road and Four Mile House Road. A house was heavily damaged and a motor home destroyed near this location. From the initial touchdown site, the tornado traveled northeast for around three and a half miles and then dissipated east of State Route 19 just to the south of the Ohio Turnpike. A second home was heavily damaged near Booktown Road at State Route 19. Elsewhere along the damage path, a few homes sustained minor damage and seven barns were leveled. One of the barns contained a collection of antique cars which were destroyed. Many trees and power poles were also downed along the damage path which was generally no more than 50 yards in width.",OH,2002-11-10 17:20:00,2002-11-10 17:25:00,False,False
1145111,5321440,Alabama,57,Fayette,BMX,2002-11-10 21:10:00,CST,2002-11-10 21:15:00,0,0,0,0,45K,0K,NWS STORM SURVEY,F1,Unknown,4.3,90.0,,,,,33.61667,-87.53333,33.65,-87.45,,"The sixth tornado of the evening, the Boley Springs Tornado, occurred in extreme southeast Fayette County beginning at 9:10 pm. The tornado first touched down on the south side of County Road 46 about a mile west of Boley Springs. The tornado crossed CR 46 going across the north side of Boley Springs. A lumber mill was damaged along with a mobile home. Numerous trees were downed.The tornado then moved into open country where additional trees were downed. It ended around 9:15 pm about 3.9 miles east-northeast of Boley Springs. This was rated an F1 tornado, with a path length of 4.3 miles and width of 90 yards. No injuries or deaths were reported with this tornado.",AL,2002-11-10 21:10:00,2002-11-10 21:15:00,False,False
1145078,5321788,Michigan,123,Newaygo,GRR,2002-08-01 21:05:00,EST,2002-08-01 21:05:00,0,0,0,0,2K,,NWS STORM SURVEY,F0,Unknown,0.1,15.0,,,,,43.33333,-85.81667,43.33333,-85.81667,,"A very weak F0 tornado briefly touched down in Elise Township, 9 miles east of Grant, in Newaygo county during the late evening hours. It blew down one tree, but caused no other damage. There were no injuries or fatalities.",MI,2002-08-01 22:05:00,2002-08-01 22:05:00,True,True
1145118,5321578,Alabama,19,Cherokee,BMX,2002-11-10 23:20:00,CST,2002-11-10 23:32:00,4,0,1,0,1.2M,0K,NWS STORM SURVEY,F2,Unknown,10.5,440.0,,,,,34.11667,-85.63333,34.15,-85.46667,,"The Centre Tornado touched down near Highway 411, just to the east of the Cherokee Country Club. It then traveled northeast, crossed over Cowan Creek, and damaged houses along County Road 40 at approximately 1122 pm CST. The tornado continued its northeastward movement and crossed over County Road 16 at approximately 1125 pm CST. One death was reported in a mobile home at the point where the tornado crossed over County Road 16. From this point, the tornado crossed County Road 31, damaging more homes before moving over Spring Creek. The tornado turned more to the east-northeast, damaging even more homes, before finally lifting near the eastern end of Weiss Lake near Mud Creek.The Cherokee County Emergency Management Agency estimates that 88 homes were either damaged or destroyed as this tornado moved across the county. In addition to the one fatality, there were also 4 injuries reported.The tornado was on the ground from 1120 pm CST to approximately 1132 pm CST. It had a path 10.5 miles long, and at its widest point was 440 yards wide.Beg: 34 07.176/85 38.020 End: 34 10.010/85 27.928",AL,2002-11-10 23:20:00,2002-11-10 23:32:00,False,False
1145144,5321964,Georgia,227,Pickens,FFC,2002-11-11 01:54:00,EST,2002-11-11 02:20:00,10,0,0,0,5.6M,,NWS STORM SURVEY,F2,113-157 mph,14.0,100.0,,,,,34.35,-84.45,34.43333,-84.26667,,"The tornado that originated in Cherokee county near Beasley Gap, continued into and across Pickens county. Once again, the National Weather Service disaster survey team determined that this was a multi-segmented tornado, with much of the damage along the path caused by straight line winds of at least 70 mph. The tornado entered the county southwest of Cagle, then continued on to just north of Tate roughly paralleling Georgia Highway 108, then turned more eastward along Georgia Highway 53 to near Marblehill, through the Big Canoe golf course and recreation area, then east of Big Canoe into extreme western Dawson county. There was definite evidence of F2 tornadic damage just north of Tate where winds were estimated in the 113 to 157 mph range. Some of the hardest hit areas included homes on Pleasant Union Road near the Cherokee county border; the Mountain Lakes Estates area, where several homes suffered extensive damage; the Bethany-Salem district where at least 56 structures were damaged or destroyed; Refuge Road near Tate, the town suffering some of the greatest damage where several homes and business were destroyed; the Big Canoe area near the Dawson county border, where several homes were damaged and the tennis center suffered extensive damage. All together, a total of 26 structures, mostly residential homes were destroyed, 142 structures were partially damaged, 2 businesses were destroyed, and 14 vehicles were totally destroyed. In addition, ten people were injured, primarily in damaged homes or trapped in vehicles on which trees fell. One of the businesses destroyed was the popular Davis's Barbeque on Georgia Highway 108. The restaurant was completely blown away, including the 20-foot white columns that stood in front of the restaurant. Three of the injuries in the county occurred in new mobile homes behind the Barbeque restaurant when their homes were flattened by the winds and other debris from the restaurant. One of the children injured, a 4-year old girl, was found by a nearby pond. The Refuge Baptist Church suffered extensive damage and was left in shambles. The historic Big Canoe chapel was also among the structures suffering damage. The steeple and all of the windows were lost from the church along with other structural damage to both the exterior and interior walls. Numerous trees were uprooted and many power lines were damaged along the path. Thirty people had to be put up in shelters and at least 6000 people were left without power for an extended period. Pickens county was the hardest hit of five counties declared in a state of emergency by the governor.",GA,2002-11-11 01:54:00,2002-11-11 02:20:00,False,False
1145144,5321965,Georgia,57,Cherokee,FFC,2002-11-11 01:48:00,EST,2002-11-11 01:54:00,0,0,0,0,1.8M,,NWS STORM SURVEY,F2,Unknown,6.0,100.0,,,,,34.35,-84.58333,34.38333,-84.46667,,"A National Weather Service disaster survey team and the Cherokee county Emergency Manager Director observed a 6-mile long path of damage, beginning near Beasley Gap in northwest Cherokee county, then continuing east-northeast toward the town of Worley Crossroads on the Pickens county border. While much of the damage along the path was determined as straight line wind damage with speeds of at least 70 mph, there was definite indication of a multi-segmented tornado. The most significant tornado damage occurred on Salacoa Road near Beasley Gap, where the tornado damage was classified as F2. The damage path was approximately 627 yards wide at its widest point, but the tornadic portion of this damage was limited to around 100 yards wide. Two homes were completely destroyed, three were severely damaged, and six were moderately damaged. Numerous trees and power lines were down along and near the damage path as well. Some livestock was also killed during the event. Cherokee county was one of five counties declared in a state of emergency by the governor.",GA,2002-11-11 01:48:00,2002-11-11 01:54:00,False,False
1145144,5321962,Georgia,85,Dawson,FFC,2002-11-11 02:20:00,EST,2002-11-11 02:25:00,3,0,0,0,200K,,EMERGENCY MANAGER,F2,Unknown,3.0,100.0,,,,,34.41667,-84.26667,34.45,-84.23333,,"The Dawson county Emergency Management Director reported that the tornado that originated in Cherokee county and traveled across Pickens county, entered Dawson county in the Big Canoe area and continued to just east-northeast of the Big Canoe area before dissipating. Two double-wide mobile homes were completely destroyed just east of the Big Canoe area as large trees fell on the structures. While the contents of one were salvagable, those of the other were destroyed. Three injuries occurred at one of these mobile homes as the residents were trapped by the downed trees on the structure. In addition, there were four other homes that received minor damage in the Big Canoe area. Numerous trees and power lines were blown down in the area of the tornado and some roads were temporarily blocked as a result. Dawson county was one of five counties declared in a state of emergency by the governor.",GA,2002-11-11 02:20:00,2002-11-11 02:25:00,False,False
1145411,5322143,Tennessee,35,Cumberland,OHX,2002-11-10 19:08:00,CST,2002-11-10 19:13:00,0,0,0,0,,,EMERGENCY MANAGER,F1,Unknown,3.4,400.0,,,,,35.9,-84.9,35.91667,-84.83333,"11 tornadoes were reported in Middle Tennessee in one of the worst tornadic outbreaks ever in November. 8 people...and possibly a ninth victim...were killed in Middle Tennessee alone. Damage estimate for the tornadoes in Tennessee was placed at $160 million. Primary losses were due to houses and cars. The toll on government owned infrastructure is about $6 million. The federal government is expected to reimburse the state and affected counties for 75% of the costs of responding to the disaster. The FEMA Public Assistance Program has obligated more than $3.6 million to assist local governments. These funds will be used to reimburse local governments for debris removal, the repair of public buildings and utilities, and overtime paid to police officers, firefighters and other emergency personnel.More than 900 families across the state applied for storm aid. This was the worst tornado disaster since the April3-4 outbreak in 1974. The United States Small Business Administration has approved more than 9.7 million dollars in disaster loans to assist disaster victims with repairing their property or replacing lost personal items. The 20 counties that are eligible for disaster assistance to individuals, households, and businesses were: Anderson, Bedford, Bledsoe, Carroll, Coffee, Crockett, Cumberland, Fentress, Gibson, Henderson, Madison, Marshall, Montgomery, Morgan, Roane, Rutherford, Scott, Sumner and Tipton and Van Buren.",A tornado blew a tracker trailer truck on its side at the Crab Orchard interchange at I-40. This storm complex went on into Morgan county and spawned a tornado.,TN,2002-11-10 19:08:00,2002-11-10 19:13:00,False,False
1143836,5320874,Idaho,45,Gem,BOI,2002-09-29 16:50:00,MST,2002-09-29 16:55:00,0,0,0,0,,,GENERAL PUBLIC,F0,Unknown,1.0,10.0,,,,,43.86667,-116.6,43.86667,-116.58333,,"A tornado touched down at Tom's Cabin Road, west of Emmett, in Gem County. It tracked eastward on the ground for a mile, ripping limbs off trees, destroying an outbuilding and damaging houses and a vehicle.",ID,2002-09-29 17:50:00,2002-09-29 17:55:00,True,True
1144755,5323000,Mississippi,91,Marion,JAN,2002-11-11 00:50:00,CST,2002-11-11 01:00:00,0,0,0,0,75K,,NWS STORM SURVEY,F1,Unknown,4.0,25.0,,,,,31.08333,-89.81667,31.08333,-89.75,,"This tornado initially developed 3 miles north of Sandy Hook and moved northeast before dissipating around 1:00 AM. One unoccupied mobile home was destroyed, with another mobile home receiving major damage from a fallen tree. One house had chimney damage from a fallen tree, with many other trees blown down.",MS,2002-11-11 00:50:00,2002-11-11 01:00:00,False,False
1145411,5322211,Tennessee,175,Van Buren,OHX,2002-11-10 20:10:00,CST,2002-11-10 20:14:00,0,0,0,0,75K,,EMERGENCY MANAGER,F2,Unknown,2.9,100.0,,,,,35.75,-85.46667,35.75,-85.41667,"11 tornadoes were reported in Middle Tennessee in one of the worst tornadic outbreaks ever in November. 8 people...and possibly a ninth victim...were killed in Middle Tennessee alone. Damage estimate for the tornadoes in Tennessee was placed at $160 million. Primary losses were due to houses and cars. The toll on government owned infrastructure is about $6 million. The federal government is expected to reimburse the state and affected counties for 75% of the costs of responding to the disaster. The FEMA Public Assistance Program has obligated more than $3.6 million to assist local governments. These funds will be used to reimburse local governments for debris removal, the repair of public buildings and utilities, and overtime paid to police officers, firefighters and other emergency personnel.More than 900 families across the state applied for storm aid. This was the worst tornado disaster since the April3-4 outbreak in 1974. The United States Small Business Administration has approved more than 9.7 million dollars in disaster loans to assist disaster victims with repairing their property or replacing lost personal items. The 20 counties that are eligible for disaster assistance to individuals, households, and businesses were: Anderson, Bedford, Bledsoe, Carroll, Coffee, Crockett, Cumberland, Fentress, Gibson, Henderson, Madison, Marshall, Montgomery, Morgan, Roane, Rutherford, Scott, Sumner and Tipton and Van Buren.",EMA reported a frame house was demolished at intersection of Highway 111 and Highway 30.,TN,2002-11-10 20:10:00,2002-11-10 20:14:00,False,False
1145411,5322141,Tennessee,165,Sumner,OHX,2002-11-10 02:00:00,CST,2002-11-10 02:06:00,6,0,0,0,.5M,,NWS STORM SURVEY,F2,Unknown,2.6,900.0,,,,,36.58333,-86.58333,36.58333,-86.53333,"11 tornadoes were reported in Middle Tennessee in one of the worst tornadic outbreaks ever in November. 8 people...and possibly a ninth victim...were killed in Middle Tennessee alone. Damage estimate for the tornadoes in Tennessee was placed at $160 million. Primary losses were due to houses and cars. The toll on government owned infrastructure is about $6 million. The federal government is expected to reimburse the state and affected counties for 75% of the costs of responding to the disaster. The FEMA Public Assistance Program has obligated more than $3.6 million to assist local governments. These funds will be used to reimburse local governments for debris removal, the repair of public buildings and utilities, and overtime paid to police officers, firefighters and other emergency personnel.More than 900 families across the state applied for storm aid. This was the worst tornado disaster since the April3-4 outbreak in 1974. The United States Small Business Administration has approved more than 9.7 million dollars in disaster loans to assist disaster victims with repairing their property or replacing lost personal items. The 20 counties that are eligible for disaster assistance to individuals, households, and businesses were: Anderson, Bedford, Bledsoe, Carroll, Coffee, Crockett, Cumberland, Fentress, Gibson, Henderson, Madison, Marshall, Montgomery, Morgan, Roane, Rutherford, Scott, Sumner and Tipton and Van Buren.","One person was hospitalized due to injuries from the tornado. The other 5 people were treated and released for their injuries. 7 homes were destroyed, 15 homes had major damage and 14 had minor damage. 5 mobile homes were destroyed, 3 with major damage and 2 with minor damage. One business was destroyed and 3 other businesses were damaged. Several goats and cattle were killed. The heaviest damage was at 404 Glen Have Rd. 2 mobile homes were destroyed and blown off their foundation. 18 outbuildings, 16 barns and 2 churches were damaged.A Chrysler Cirrus LX sedan was flipped and pushed 20 feet. A Ford Ranger truck flipped and rolled 90 feet. A 6 inch by 6 inch board was hurled through the roof of a modular home. Kirby Building Services located at 124 Kirby Road in the industrial park area, sustained 50 percent damage according to the Portland Fire Dept.",TN,2002-11-10 02:00:00,2002-11-10 02:06:00,False,False
1143596,5320317,Wisconsin,73,Marathon,GRB,2002-09-02 17:35:00,CST,2002-09-02 17:43:00,1,0,0,0,1.3M,,TRAINED SPOTTER,F1,Unknown,5.0,200.0,,,,,45.03333,-89.71667,45.0,-89.58333,"Thunderstorms developed along a strong cold front that moved through Wisconsin during the evening. Some of the storms produced hail to golf ball size and winds as high as 60 mph. The high winds downed trees and power line, knocking out power to about 3,100 customers, mainly around Wausau (Marathon co.).Two tornadoes developed from the storms. The first tornado briefly touched down about 5 miles west of Athens (Marathon co.) and caused minimal damage. The second tornado passed north of Wausau and stayed on the ground for about 5 miles, destroying two barns, a garage and a shed. It also snapped hundreds of trees, heavily damaged 6 homes and caused minor damage to 25 others. At least two vehicles traveling on Highway 51 were blown off the road. A trailer being towed by one of the vehicles was blown over and a large road sign hit the vehicle. The driver was injured and was transported to the hospital.",,WI,2002-09-02 18:35:00,2002-09-02 18:43:00,True,True
1143963,5320787,Louisiana,57,Lafourche,LIX,2002-09-25 23:30:00,CST,2002-09-26 23:30:00,0,0,0,0,,,LAW ENFORCEMENT,F1,Unknown,0.5,50.0,,,,,29.38333,-90.28333,29.4,-90.28333,"Tropical Storm Isidore moved steadily northward across the central Gulf of Mexico on September 24 and September 25, 2002 before moving ashore near Grand Isle early on the morning on Thursday, September 26, 2002. The tropical storm moved steadily north across southeast Louisiana and by the afternoon of September 26 was located in central Mississippi downgraded to a tropical depression. Tropical Storm Isidore had a large circulation with tropical storm force winds extending several hundreds of miles from its center. Prior to moving onto the Yucatan Peninsula earlier in the week and weakening, Isidore was classified as a major hurricane. Swells from the distant hurricane resulted in rip tides along the northern Gulf of Mexico, with a 41 year old man drowning on the afternoon of Sunday, Sept 22, 2002 at Port Fourchon, Lafouche Parish. The large circulation caused a significant storm surge over a large area for a tropical storm. Tide levels were 4 to 6 feet above normal across much of southeast Louisiana from Grand Isle eastward to the Pearl River. Storm surge flooding occurred outside of the hurricane protection levees across Lafourche, Jefferson, Plaquemine, St. Bernard, and Orleans Parishes, inundating roadways and flooding some non-elevated structures. Across Lake Pontchartrain and Lake Maurepas, storm surge of 4 to 5 feet above normal were measured. Low lying areas, roadways and some non-elevated structures in parishes surrounding Lake Pontchartrain and Maurepas were flooded. St. Tammany Parish was particularly hard hit with storm surge flooding when the Isidore moved north of the area, and the winds shifted to a southwest direction causing water levels to rapidly increase along the north shore of Lake Pontchartrain on the morning of Thursday, September 26, 2000. The storm surge overtopped or breached a small local levee system in southern portions of Slidell causing water to flood several hundred homes. Approximately 1000 homes were flooded in the parish from either storm surge, river flooding, or from flooding from heavy rainRainbands associated with Tropical Storm Isidore produced heavy rainfall in a wide area prior to and shortly after landfall. The greater New Orleans area, was particularly hard hit on the late afternoon and early evening Wednesday, September 25, 2002. Four to eight inches of rainfall occurred within 6 hours time. Drainage systems were overwhelmed by the heavy rain and numerous streets were flooded, automobiles were flooded, and water entered some homes. Portions of Terrebonne and Lafourche Parishes were also hard hit during the early morning of Thursday, September 26, 2002 with homes flooded when heavy rainfall overwhelmed drainage. Between 200 and 300 homes and businesses were reported flooded in Terrebonne Parish. Storm total rainfall of 10 to 15 inches were common across southeast Louisiana. Most areas recorded sustained winds of 35 to 45 mph with some gusts to 50 mph in sqaulls. The highest wind speeds were observed near the coast or tidal lakes. Grand Isle, on the coast, recorded the highest wind gust of 71 mph.A tornado touched down near Golden Meadow, Lafourche Parish, where a couple of sheriff's office patrol cars were damaged along with several storage buildings.The Louisiana Office of Emergency Preparedness reported appoximately 2500 people sought refuge in approximately 40 shelters in the state. As of late November 2002, the Louisiana State Insurance Department reported that insurance industry has indicated that Tropical Storm Isidore had resulted in $105 million in insured losses. Approximately 166,200 claims had been filed with private insurance companies.A reliable estimate of uninsured losses had not been determined as of the end of November 2002. .",A tornado touched down briefly causing damage to two autos and several storage buildings.,LA,2002-09-26 00:30:00,2002-09-27 00:30:00,True,True
1145355,5321639,Alabama,67,Henry,TAE,2002-11-05 18:35:00,EST,2002-11-05 18:45:00,20,0,1,0,3M,,FIRE DEPT/RESCUE SQUAD,F2,Unknown,6.0,200.0,,,,,31.56667,-85.3,31.6,-85.21667,,"The supercell thunderstorm which spawned the tornado in Dale County, produced another tornado which touched down just west of U.S. Highway 431, and tore through the center of Abbeville. It destroyed several single-family homes and mobile homes, and severely damaged numerous other homes and businesses, including the high school. Uprooted trees and power lines littered city streets, with nearly 2,000 residents without electricity. Twenty people were injured, with a half of those hospitalized. A man died when the tornado destroyed his home on Rock Hill Circle. Henry County was declared a state disaster area. Reported by the Henry County EMA.",AL,2002-11-05 18:35:00,2002-11-05 18:45:00,False,False
1145354,5321637,Florida,59,Holmes,TAE,2002-11-05 17:38:00,EST,2002-11-05 17:38:00,0,0,0,0,15K,,EMERGENCY MANAGER,F0,Unknown,0.1,50.0,,,,,30.73333,-85.93333,30.73333,-85.93333,,A small weak tornado briefly touched down near Interstate 10 and resulted in a few car accidents. There were no injuries. Reported by the Holmes County EMA.,FL,2002-11-05 17:38:00,2002-11-05 17:38:00,False,False
1145815,5326857,Alabama,99,Monroe,MOB,2002-12-24 02:40:00,CST,2002-12-24 02:41:00,0,0,0,0,8K,,LAW ENFORCEMENT,F0,Unknown,0.1,20.0,,,,,31.51667,-87.5,31.51667,-87.5,,A weak tornado briefly touched down near Perdue Hill. Several trees were blown down.,AL,2002-12-24 02:40:00,2002-12-24 02:41:00,False,False
1145355,5321638,Alabama,45,Dale,TAE,2002-11-05 18:15:00,EST,2002-11-05 18:20:00,3,0,0,0,150K,,EMERGENCY MANAGER,F1,Unknown,2.0,100.0,,,,,31.51667,-85.46667,31.5,-85.43333,,"A tornado touched down just north of the intersection of County Road 69 and Highway 27 in northeast Dale County. It damaged several homes, an automobile, and several storage sheds. Three people suffered minor injuries. Two goats were killed by the flying debris. Dale County was declared a state disaster area. Reported by the Dale County EMA.",AL,2002-11-05 18:15:00,2002-11-05 18:20:00,False,False
1145816,5326858,Alabama,129,Washington,MOB,2002-12-24 03:05:00,CST,2002-12-24 03:06:00,0,0,0,0,8K,,NWS STORM SURVEY,F0,Unknown,0.1,20.0,,,,,31.63333,-88.31667,31.63333,-88.31667,,A weak tornado briefly touched down near Millry. Several trees were blown down and minor roof damage occurred to a building.,AL,2002-12-24 03:05:00,2002-12-24 03:06:00,False,False
1145817,5326859,Alabama,25,Clarke,MOB,2002-12-24 03:20:00,CST,2002-12-24 03:21:00,0,0,0,0,8K,,EMERGENCY MANAGER,F0,Unknown,0.1,20.0,,,,,31.53333,-87.8,31.53333,-87.8,,A weak tornado briefly touched down near Walker Springs. Several trees were blown down.,AL,2002-12-24 03:20:00,2002-12-24 03:21:00,False,False
1145144,5322042,Georgia,15,Bartow,FFC,2002-11-11 01:35:00,EST,2002-11-11 01:35:00,0,0,0,0,1.5M,,NWS STORM SURVEY,F2,80-100 mph,12.0,100.0,,,,,34.3,-84.98333,34.31667,-84.83333,,"A National Weather Service disaster survey team and the Bartow county Emergency Management Director confirmed a 12 mile long west-east path of damage beginning on Barnsley Garden Road near Barnsley Gardens in northwest Bartow county continuing east to just south of Halls Station crossing U.S. Highway 41, then east across Pleasant Valley Road, to just east of Interstate 75 on Crowe Spring Road. The path of damage, up to 500 yards wide in some area, consisted mostly of damage caused by straight line winds with speeds of 80 to 100 mph, but there was definite evidence of tornadic damage of F2 intensity in an isolated area on Clear Creek Road. This portion of the tornado had a path length of 500 yards with a path width of 100 yards. Tornadic damage of F1 intensity was evident along a secondary segment of the damage path at the intersection of Cedar Creek Road and Hazel Road about 3 miles north of Cassville. This portion of the torando had a path length of 500 yards with a path width of 100 yards. Twelve to 15 residental homes suffered major structural damage, seven chicken houses were destroyed, including 7500 chickens, and a barn was completely destroyed. There were also numerous downed trees and power lines along and near the the damage path. Bartow county was one of five counties declared in a state of emergency by the governor.",GA,2002-11-11 01:35:00,2002-11-11 01:35:00,False,False
1143598,5320942,Wisconsin,37,Florence,GRB,2002-09-30 18:10:00,CST,2002-09-30 18:11:00,0,0,0,0,50K,,NWS STORM SURVEY,F1,Unknown,0.7,400.0,,,,,45.81667,-88.08333,45.83333,-88.05,"Severe thunderstorms developed in unstable air in the vicinity of an east to west warm front that stretched across northern Wisconsin. These storms produced large hail, wind damage and two tornadoes. Hail to golf ball size covered the ground in the Minocqua area (Oneida co.) and golf ball to tennis ball size hail fell from Arbor Vitae (Vilas co.) to St. Germain (Vilas co.). The most significant wind damage was in southern Oneida county. In the Woodboro area (Oneida co.) a tree that was downed by high winds smashed a pickup truck.A tornado touched down in southeast Florence county. It destroyed a pole barn, a garage that was under construction and 6 to 10 outbuildings in its path. It caused minor damage to a farm home and downed 150 to 250 trees and power lines, causing numerous power outages. The tornado tracked east-northeast across the Menominee river into upper Michigan where it continued to do damage.Another tornado that touched down 8 miles west of Tomahawk (Lincoln co.) did significant damage, uprooting or snapping off thousands of trees along its path. A house in the path of the tornado sustained major structural damage. All outbuildings on the property were destroyed, a camping trailer was thrown 300 feet and a car was thrown into a tree, coming to rest at least 15 feet above the ground. Two barns were also destroyed.The storms knocked out power to around 3,000 customers in the Tomahawk area (Lincoln co.) and about 600 customers in the Rhinelander and Crandon areas.",,WI,2002-09-30 19:10:00,2002-09-30 19:11:00,True,True
1143598,5320943,Wisconsin,69,Lincoln,GRB,2002-09-30 18:30:00,CST,2002-09-30 18:35:00,0,0,0,0,75K,,STORM CHASER,F2,Unknown,3.0,250.0,,,,,45.46667,-89.9,45.46667,-89.83333,"Severe thunderstorms developed in unstable air in the vicinity of an east to west warm front that stretched across northern Wisconsin. These storms produced large hail, wind damage and two tornadoes. Hail to golf ball size covered the ground in the Minocqua area (Oneida co.) and golf ball to tennis ball size hail fell from Arbor Vitae (Vilas co.) to St. Germain (Vilas co.). The most significant wind damage was in southern Oneida county. In the Woodboro area (Oneida co.) a tree that was downed by high winds smashed a pickup truck.A tornado touched down in southeast Florence county. It destroyed a pole barn, a garage that was under construction and 6 to 10 outbuildings in its path. It caused minor damage to a farm home and downed 150 to 250 trees and power lines, causing numerous power outages. The tornado tracked east-northeast across the Menominee river into upper Michigan where it continued to do damage.Another tornado that touched down 8 miles west of Tomahawk (Lincoln co.) did significant damage, uprooting or snapping off thousands of trees along its path. A house in the path of the tornado sustained major structural damage. All outbuildings on the property were destroyed, a camping trailer was thrown 300 feet and a car was thrown into a tree, coming to rest at least 15 feet above the ground. Two barns were also destroyed.The storms knocked out power to around 3,000 customers in the Tomahawk area (Lincoln co.) and about 600 customers in the Rhinelander and Crandon areas.",,WI,2002-09-30 19:30:00,2002-09-30 19:35:00,True,True
1145810,5326852,Alabama,129,Washington,MOB,2002-12-23 22:00:00,CST,2002-12-23 22:01:00,0,0,0,0,8K,,EMERGENCY MANAGER,F0,Unknown,0.1,20.0,,,,,31.33333,-88.41667,31.33333,-88.41667,,A weak tornado briefly touched down near Fruitdale. Several trees were blown down.,AL,2002-12-23 22:00:00,2002-12-23 22:01:00,False,False
1145813,5326855,Alabama,129,Washington,MOB,2002-12-24 02:35:00,CST,2002-12-24 02:36:00,0,0,0,0,15K,,NWS STORM SURVEY,F0,Unknown,0.1,20.0,,,,,31.5,-87.98333,31.5,-87.98333,,A weak tornado briefly touched down near Leroy. A couple of outbuildings were damaged and tin was blown from some of the buildings. Several trees were also blown down.,AL,2002-12-24 02:35:00,2002-12-24 02:36:00,False,False
1145411,5322140,Tennessee,147,Robertson,OHX,2002-11-10 01:05:00,CST,2002-11-10 01:06:00,0,0,0,0,,,NWS STORM SURVEY,F0,Unknown,0.1,20.0,,,,,36.55,-87.1,36.55,-87.1,"11 tornadoes were reported in Middle Tennessee in one of the worst tornadic outbreaks ever in November. 8 people...and possibly a ninth victim...were killed in Middle Tennessee alone. Damage estimate for the tornadoes in Tennessee was placed at $160 million. Primary losses were due to houses and cars. The toll on government owned infrastructure is about $6 million. The federal government is expected to reimburse the state and affected counties for 75% of the costs of responding to the disaster. The FEMA Public Assistance Program has obligated more than $3.6 million to assist local governments. These funds will be used to reimburse local governments for debris removal, the repair of public buildings and utilities, and overtime paid to police officers, firefighters and other emergency personnel.More than 900 families across the state applied for storm aid. This was the worst tornado disaster since the April3-4 outbreak in 1974. The United States Small Business Administration has approved more than 9.7 million dollars in disaster loans to assist disaster victims with repairing their property or replacing lost personal items. The 20 counties that are eligible for disaster assistance to individuals, households, and businesses were: Anderson, Bedford, Bledsoe, Carroll, Coffee, Crockett, Cumberland, Fentress, Gibson, Henderson, Madison, Marshall, Montgomery, Morgan, Roane, Rutherford, Scott, Sumner and Tipton and Van Buren.",Trees were twisted off and insulation debris from the mobile homes in Port Royal were found in this location.,TN,2002-11-10 01:05:00,2002-11-10 01:06:00,False,False
1145088,5322146,Ohio,173,Wood,CLE,2002-11-10 16:54:00,EST,2002-11-10 17:01:00,0,0,0,0,850K,,TRAINED SPOTTER,F1,Unknown,4.5,50.0,,,,,41.25,-83.61667,41.25,-83.61667,,"A tornado touched down southwest of Jerry City and then moved northeast for approximately four and a half miles before dissipating. Seven homes sustained varying degrees of roof damage and three garages were destroyed on the southwest side of Jerry City. To the northeast a few hundred yards, the city maintenance garage was leveled. As the tornado exited Jerry City, it knocked a house off of it's foundation. From Jerry City, the tornado moved northeast across open farmland and destroyed a large barn as it crossed Huffman Road. A home on Bloomdale Road was slightly damaged with the tornado finally lifting near Reynolds Road just north of State Route 281. Several vehicles were destroyed by this tornado and hundreds of trees downed along the damage path which was no more than 50 yards in width.",OH,2002-11-10 16:54:00,2002-11-10 17:01:00,False,False
1145088,5322147,Ohio,173,Wood,CLE,2002-11-10 17:10:00,EST,2002-11-10 17:10:00,0,0,0,0,0K,,LAW ENFORCEMENT,F0,Unknown,0.1,25.0,,,,,41.51667,-83.51667,41.51667,-83.51667,,Law enforcement officers witnessed a small tornado touch down in an open area near the intersection of U.S. Highway 20 and Stoney Ridge Road in Troy Township. The tornado was only on the ground for a few hundred feet and caused no damage.,OH,2002-11-10 17:10:00,2002-11-10 17:10:00,False,False
1145664,5326714,Texas,41,Brazos,HGX,2002-12-23 11:20:00,CST,2002-12-23 11:20:00,0,0,0,0,5K,,TRAINED SPOTTER,F0,Unknown,0.5,30.0,,,,,30.4,-96.23333,30.4,-96.23333,"This December 23rd tornado and severe thunderstorm outbreak developed as a strong upper level low pressure system moved out of the southwestern U.S. and off to the east and northeast across the state of Texas. Abundant low level moisture was already in place across southeast Texas. Very strong shear, or turning and strengthening of the winds with height, was expected to last throughout the day. A warm front moved northward throughout the day and became a focus for the development of showers and thunderstorms. With the strong shear present, a significant number of thunderstorms quickly became severe. During an eighteen hour stretch, ten tornadoes and several large hail events were reported mainly north and west of the Houston area. Locations from the Houston area to the beaches felt the brunt of this event in the evening when a squall line rapidly moved eastward toward the coast. Three injuries and over $800,000 in damage occurred with this outbreak.",Tornado near Allenfarm at FM 159 and Highway 105.,TX,2002-12-23 11:20:00,2002-12-23 11:20:00,False,False
1143832,5320775,Colorado,39,Elbert,BOU,2002-09-12 15:55:00,MST,2002-09-12 15:55:00,0,0,0,0,0,0,TRAINED SPOTTER,F0,Unknown,0.1,50.0,,,,,39.23333,-104.56667,39.23333,-104.56667,,A tornado touched down briefly but did no damage.,CO,2002-09-12 16:55:00,2002-09-12 16:55:00,True,True
1145087,5322037,Ohio,139,Richland,CLE,2002-11-10 17:45:00,EST,2002-11-10 17:46:00,0,0,0,0,200K,,NWS STORM SURVEY,F1,Unknown,1.0,25.0,,,,,40.75,-82.63333,40.75,-82.63333,,A tornado touched down three miles west of Ontario just north of Flowers Road and about a mile west of State Route 314. The tornado traveled northeast and leveled a cinder block building and caused extensive structural damage to a house. A car parked near the house was punctured in several spots by debris and hand tools blown from the cinder block building. Many trees were downed along the damage path which was nearly one mile in length and about 25 yards in width. The tornado lifted just before crossing State Route 314.,OH,2002-11-10 17:45:00,2002-11-10 17:46:00,False,False
1145087,5322038,Ohio,169,Wayne,CLE,2002-11-10 18:20:00,EST,2002-11-10 18:27:00,0,0,0,0,1.2K,,NWS STORM SURVEY,F2,Unknown,5.0,100.0,,,,,40.96667,-82.1,40.98333,-82.0,,"A tornado touched down about four miles south of West Salem just east of State Route 301 along Pleasant Home Road. The tornado then traveled northeast for approximately five miles before dissipating two and one half miles southwest of Burbank near the intersection of Britton and Franchester Roads. Extensive damage was done along the damage path which was mostly around 50 yards in width but up to several hundred feet wide along Palmer Road. A home on Pleasant Home Road was heavily damaged as were three other homes on Easton Road to the west of Wohlganuth Road. Two more homes were severely damaged on Wohlganuth Road. A home and six outbuildings were destroyed as the tornado crossed Palmer Road about a mile east of State Route 539 (Wohlganuth Road). A second home was leveled on Ruff Road just to the west of Stratton Road. Finally, a home was heavily damaged near where the tornado dissipated. Several other homes and buildings sustained minor damage. Many vehicles were also damaged. At least 20 power poles were snapped and several hundred trees downed along the damage path.",OH,2002-11-10 18:20:00,2002-11-10 18:27:00,False,False
1145664,5326836,Texas,477,Washington,HGX,2002-12-23 20:10:00,CST,2002-12-23 20:10:00,0,0,0,0,5K,,LAW ENFORCEMENT,F0,Unknown,0.5,20.0,,,,,30.18333,-96.6,30.18333,-96.6,"This December 23rd tornado and severe thunderstorm outbreak developed as a strong upper level low pressure system moved out of the southwestern U.S. and off to the east and northeast across the state of Texas. Abundant low level moisture was already in place across southeast Texas. Very strong shear, or turning and strengthening of the winds with height, was expected to last throughout the day. A warm front moved northward throughout the day and became a focus for the development of showers and thunderstorms. With the strong shear present, a significant number of thunderstorms quickly became severe. During an eighteen hour stretch, ten tornadoes and several large hail events were reported mainly north and west of the Houston area. Locations from the Houston area to the beaches felt the brunt of this event in the evening when a squall line rapidly moved eastward toward the coast. Three injuries and over $800,000 in damage occurred with this outbreak.",Tornado in Burton.,TX,2002-12-23 20:10:00,2002-12-23 20:10:00,False,False
1143596,5320316,Wisconsin,73,Marathon,GRB,2002-09-02 17:04:00,CST,2002-09-02 17:06:00,0,0,0,0,,,LAW ENFORCEMENT,F0,Unknown,0.2,75.0,,,,,45.03333,-90.18333,45.03333,-90.18333,"Thunderstorms developed along a strong cold front that moved through Wisconsin during the evening. Some of the storms produced hail to golf ball size and winds as high as 60 mph. The high winds downed trees and power line, knocking out power to about 3,100 customers, mainly around Wausau (Marathon co.).Two tornadoes developed from the storms. The first tornado briefly touched down about 5 miles west of Athens (Marathon co.) and caused minimal damage. The second tornado passed north of Wausau and stayed on the ground for about 5 miles, destroying two barns, a garage and a shed. It also snapped hundreds of trees, heavily damaged 6 homes and caused minor damage to 25 others. At least two vehicles traveling on Highway 51 were blown off the road. A trailer being towed by one of the vehicles was blown over and a large road sign hit the vehicle. The driver was injured and was transported to the hospital.",,WI,2002-09-02 18:04:00,2002-09-02 18:06:00,True,True
1146033,5326890,Texas,139,Ellis,FWD,2002-12-30 14:02:00,CST,2002-12-30 14:05:00,0,0,0,0,0,,LAW ENFORCEMENT,F0,Unknown,0.2,0.4,,,,,32.18333,-96.88333,32.18333,-96.88333,,Brief tornado touchdown near Italy with no damage reported.,TX,2002-12-30 14:02:00,2002-12-30 14:05:00,False,False
1145302,5322116,Florida,61,Indian River,MLB,2002-12-13 11:55:00,EST,2002-12-13 12:00:00,1,0,0,0,110K,5K,NWS STORM SURVEY,F1,Unknown,1.2,60.0,,,,,27.75,-80.43333,27.75,-80.43333,,An F-1 tornado dropped down in Wabasso about 1/4 mile south of SR 510 and 1.2 miles west of US Highway 1. The tornado moved east north east damaging trees in a citrus grove and overturning a large tractor trailer bed. It moved through a cluster of homes west of US Highway 1 where it destroyed an older wood house and a mobile home. It damaged seven other homes and an three vehicles. One person was hospitalized with heart problems due to the tornado.,FL,2002-12-13 11:55:00,2002-12-13 12:00:00,False,False
1145411,5322215,Tennessee,31,Coffee,OHX,2002-11-10 17:50:00,CST,2002-11-10 18:10:00,0,0,0,0,50K,,NWS STORM SURVEY,F2,Unknown,2.0,500.0,,,,,35.45,-86.21667,35.53333,-86.1,"11 tornadoes were reported in Middle Tennessee in one of the worst tornadic outbreaks ever in November. 8 people...and possibly a ninth victim...were killed in Middle Tennessee alone. Damage estimate for the tornadoes in Tennessee was placed at $160 million. Primary losses were due to houses and cars. The toll on government owned infrastructure is about $6 million. The federal government is expected to reimburse the state and affected counties for 75% of the costs of responding to the disaster. The FEMA Public Assistance Program has obligated more than $3.6 million to assist local governments. These funds will be used to reimburse local governments for debris removal, the repair of public buildings and utilities, and overtime paid to police officers, firefighters and other emergency personnel.More than 900 families across the state applied for storm aid. This was the worst tornado disaster since the April3-4 outbreak in 1974. The United States Small Business Administration has approved more than 9.7 million dollars in disaster loans to assist disaster victims with repairing their property or replacing lost personal items. The 20 counties that are eligible for disaster assistance to individuals, households, and businesses were: Anderson, Bedford, Bledsoe, Carroll, Coffee, Crockett, Cumberland, Fentress, Gibson, Henderson, Madison, Marshall, Montgomery, Morgan, Roane, Rutherford, Scott, Sumner and Tipton and Van Buren.","The F2 tornado blew down a tree and a light pole at 3737 Woodbury Highway at mile marker 9 on Woodbury Highway. Also, two fully loaded tracker trailer trucks were blown around on I-24 near Busy Corner or mile marker 105. One truck was in the east bound lane and the other tracker trailer truck in the west bound lane of I-24.",TN,2002-11-10 17:50:00,2002-11-10 18:10:00,False,False
1145086,5322036,Pennsylvania,39,Crawford,CLE,2002-11-10 20:30:00,EST,2002-11-10 20:33:00,0,0,0,0,325K,,NWS STORM SURVEY,F1,Unknown,1.0,40.0,,,,,41.51667,-80.05,41.51667,-80.05,,A tornado touched down near Cochranton near the intersection of Stein Hill and Lausch Roads and then traveled northeast about three quarters of a mile before dissipating. A barn and small cottage were completely destroyed. Three homes and another small barn sustained minor damage. Hundreds of trees were snapped along the damage path which was approximately 40 yards in width.,PA,2002-11-10 20:30:00,2002-11-10 20:33:00,False,False
1130262,5276984,Kentucky,149,Mclean,PAH,2002-01-23 22:27:00,CST,2002-01-23 22:30:00,0,0,0,0,1M,,NWS STORM SURVEY,F2,Unknown,1.8,500.0,,,,,37.53333,-87.26667,37.53333,-87.26667,,"Top wind speeds in this F-2 tornado were estimated near 120 mph. The damage path extended from the extreme northwest side of Calhoun to the extreme northeast side of town. A total of about 53 buildings were damaged or destroyed, of which 43 were homes and 10 were businesses. At least one home and one business was destroyed, 5 houses received major damage, and 4 businesses including a church and daycare center received major damage. The business that was destroyed was a TV antenna/satellite service on Kentucky Highway 81 at the northern city limit of Calhoun. Most of the remainder of the structures received minor damage. In addition to the damaged homes and businesses, barns, grain bins, and at least one shed were destroyed. At the city-owned cemetery, 300 to 350 tombstones were overturned, and 50 trees were uprooted.",KY,2002-01-23 22:27:00,2002-01-23 22:30:00,False,False
1130044,5277281,Florida,86,Miami-Dade,MFL,2002-01-02 15:40:00,EST,2002-01-02 15:55:00,0,0,0,0,50K,,AMATEUR RADIO,F1,74-95 mph,10.0,50.0,,,,,25.46667,-80.63333,25.46667,-80.46667,,"A lone ""supercell""-like thunderstorm was observed by Miami doppler radar moving ashore from the Gulf of Mexico into Mainland Monroe County. The thunderstorm then moved at a forward speed of 35 mph across south Miami-Dade County. It is estimated that a tornado formed from this thunderstorm over Everglades National Park and lifted near Homestead. Several reports from SKYWARN spotters of large hail and high winds were received from the periphery of the tornado. The weather observer at Homestead Air Reserve Station sighted the funnel 2 miles west of his location. A reliable eyewitness who went through the tornado estimated wind gusts of 74 to 95 mph.The roof of a lumberyard was severely damaged and two other businesses suffered minor damage. A house's pool enclosure was damaged and trees and signs were blown down. Telephone poles along Card Sound Road were broken.",FL,2002-01-02 15:40:00,2002-01-02 15:55:00,False,False
1130538,5278588,Mississippi,163,Yazoo,JAN,2002-02-19 21:30:00,CST,2002-02-19 21:30:00,0,0,0,0,150K,,EMERGENCY MANAGER,F1,Unknown,0.8,250.0,,,,,32.85,-90.41667,32.85,-90.41667,,"A severe squall line moved into Yazoo County Mississippi shortly after 9:25 pm. As the line moved towards western portions of Yazoo City , a tornado briefly touched down. The tornado traveled .8 miles as it moved across a subdivision on the far northwest side of town around 9:30 pm, then lifted back into the clouds. The tornado damaged the roofs of 15 homes with one being completely blown off and carried 70 yards away onto another home. A lot of the damage occurred on the downwind side of homes. A telephone pole was also blown into the bedroom of a home. Several windows were blown out of homes along with several dozen downed trees in the area. Estimated damage was 150,000 dollars.",MS,2002-02-19 21:30:00,2002-02-19 21:30:00,False,False
1132512,5283914,Pennsylvania,37,Columbia,CTP,2002-04-28 16:55:00,EST,2002-04-28 17:05:00,0,0,0,0,90K,,EMERGENCY MANAGER,F1,Unknown,6.0,30.0,,,,,41.08333,-76.58333,41.08333,-76.58333,,"The tornado touched down near Bennett Road just Northeast of Jerseytown around 1655 LST, then moved East-Northeast just north of Welliversville before lifing off over Orange Township about 1705 LST. The path of the tornado was about 6 miles in length, while the width varied up to 300 yards. The top wind speeds were estimated to be near 100 mph, which rates this tornado as an F1. There were no deaths or injuries.",PA,2002-04-28 17:55:00,2002-04-28 18:05:00,True,True
1131202,5281183,Texas,73,Cherokee,SHV,2002-03-30 16:42:00,CST,2002-03-30 17:26:00,0,0,0,0,,,NWS STORM SURVEY,F1,Unknown,22.0,150.0,,,,,31.66667,-95.3,31.91667,-95.01667,,"Damage was confined to felled pine trees, broken tree tops and tree limbs. An old hay barn had its tin roof peeled. This tornado moved into Rusk County, TX.",TX,2002-03-30 16:42:00,2002-03-30 17:26:00,False,False
1131202,5281184,Texas,401,Rusk,SHV,2002-03-30 17:26:00,CST,2002-03-30 17:48:00,0,0,0,0,,,NWS STORM SURVEY,F1,Unknown,11.0,100.0,,,,,31.81667,-94.98333,31.91667,-94.78333,,"Damage was confined to felled pine trees, broken tree tops and tree limbs. This tornado continued from Cherokee County, TX.",TX,2002-03-30 17:26:00,2002-03-30 17:48:00,False,False
1131200,5281119,Texas,405,San Augustine,SHV,2002-03-30 20:00:00,CST,2002-03-30 20:31:00,0,0,0,0,,,NWS STORM SURVEY,F2,Unknown,15.2,220.0,,,,,31.35,-94.31667,31.45,-94.11667,,"Numerous trees snapped and felled along the extreme western portion of the track. A few power lines were also toppled northeast of Townsend. This tornado moved into San Augustine County, TX from Nacogdoches County, TX, Angelina County, TX and Polk County, TX.",TX,2002-03-30 20:00:00,2002-03-30 20:31:00,False,False
1131442,5281251,Idaho,45,Gem,BOI,2002-02-07 10:45:00,MST,2002-02-07 10:46:00,0,0,0,0,,,OFFICIAL NWS OBS.,F0,Unknown,0.1,20.0,,,,,43.86667,-116.5,43.86667,-116.5,,A tornado briefly touched down in the northern part of Emmett. The path of the tornado crossed the Emett cemetery knocking several headstones off of grave sites and twisting limbs off nearby trees.,ID,2002-02-07 10:45:00,2002-02-07 10:46:00,False,False
1131200,5281117,Texas,5,Angelina,SHV,2002-03-30 19:05:00,CST,2002-03-30 19:49:00,6,0,0,0,5M,,NWS STORM SURVEY,F3,Unknown,24.3,440.0,,,,,31.11667,-94.76667,31.33333,-94.45,,"Numerous trees and power lines broken, snapped, and pulled out of the ground along the entire track. Several barns were severely damaged and numerous homes were with missing roofs while others suffered severe roof and structural damage. South of the Ora Community one house was totally blown off its foundation and destroyed. This tornado moved into Angelina County, TX from Polk County, TX and continued into Nacogdoches County, TX and San Augustine County, TX.",TX,2002-03-30 19:05:00,2002-03-30 19:49:00,False,False
1131200,5281118,Texas,347,Nacogdoches,SHV,2002-03-30 19:49:00,CST,2002-03-30 20:00:00,0,0,0,0,1.2M,,NWS STORM SURVEY,F2,Unknown,7.5,440.0,,,,,31.31667,-94.43333,31.35,-94.33333,,"Numerous trees and power lines broken, snapped and pulled out of the ground along the track. Numerous homes and business were severely damaged or destroyed. This tornado moved into Nacogdoches County, TX from Polk County, TX and Angelina County, TX then continued northeast into San Augustine County, TX.",TX,2002-03-30 19:49:00,2002-03-30 20:00:00,False,False
1131201,5281182,Texas,347,Nacogdoches,SHV,2002-03-30 18:15:00,CST,2002-03-30 18:24:00,0,0,0,0,,,NWS STORM SURVEY,F0,Unknown,3.0,50.0,,,,,31.71667,-94.93333,31.73333,-94.88333,,"Damage was confined to a few felled pine trees, broken tree tops and tree limbs. This tornado remained in Nacogdoches County, TX.",TX,2002-03-30 18:15:00,2002-03-30 18:24:00,False,False
1130414,5279307,Maryland,39,Somerset,AKQ,2002-01-06 16:02:00,EST,2002-01-06 16:02:00,0,0,0,0,20K,,FIRE DEPT/RESCUE SQUAD,F0,Unknown,1.0,100.0,,,,,38.15,-75.95,38.16667,-75.93333,,"A small tornado tracked from Deal Island northeast to Chance in Somerset county. One mobile home was destroyed and another one was moved off its foundation. Also, several sailboats were knocked over and some pine trees were snapped in half.",MD,2002-01-06 16:02:00,2002-01-06 16:02:00,False,False
1132461,5285393,Texas,463,Uvalde,EWX,2002-04-07 17:15:00,CST,2002-04-07 17:17:00,0,0,0,0,0,0,LAW ENFORCEMENT,F0,Unknown,0.2,20.0,,,,,29.21667,-100.1,29.21667,-100.1,,"The tornadic supercell tracked eastward out of Kinney County and into Uvalde County. Shortly after crossing the county line, an off duty police officer reported a short-lived tornado in an open field near US90. It caused no known damage.",TX,2002-04-07 18:15:00,2002-04-07 18:17:00,True,True
1132029,5285905,Texas,441,Taylor,SJT,2002-03-30 14:17:00,CST,2002-03-30 14:17:00,0,0,0,0,,,TRAINED SPOTTER,F0,Unknown,0.2,20.0,,,,,32.1,-99.75,32.1,-99.75,"An intense upper level low moving across West Central Texas spawned at least a half dozen tornadoes on the afternoon of the 30th. Although most touched down in open fields and produced little in the way of damage, one tornado did strike a house and cause moderate damage. Other storms produced up to golf ball size hail near San Saba and quarter size hail west of Winters in Runnels County and in Albany in Shackelford County.",Amateur radio personnel reported 2 simultaneous brief tornado touchdowns just south of Lawn in southern Taylor County.,TX,2002-03-30 14:17:00,2002-03-30 14:17:00,False,False
1132029,5285906,Texas,441,Taylor,SJT,2002-03-30 14:17:00,CST,2002-03-30 14:17:00,0,0,0,0,,,TRAINED SPOTTER,F0,Unknown,0.2,20.0,,,,,32.1,-99.75,32.1,-99.75,"An intense upper level low moving across West Central Texas spawned at least a half dozen tornadoes on the afternoon of the 30th. Although most touched down in open fields and produced little in the way of damage, one tornado did strike a house and cause moderate damage. Other storms produced up to golf ball size hail near San Saba and quarter size hail west of Winters in Runnels County and in Albany in Shackelford County.",Amateur radio personnel reported 2 brief tornado touchdowns simultaneously just south of lawn in southern Taylor County.,TX,2002-03-30 14:17:00,2002-03-30 14:17:00,False,False
1132541,5284355,Iowa,153,Polk,DMX,2002-04-18 17:50:00,CST,2002-04-18 18:02:00,0,0,0,0,15K,,TRAINED SPOTTER,F1,Unknown,8.5,60.0,,,,,41.73333,-93.5,41.66667,-93.53333,"A strong southerly flow was well established over the central U.S. Temperatures pushed well into the 80s during the afternoon. Surface dew point temperatures rose into the mid 60s to low 70s across the state. Initially, the atmosphere was capped. By the late afternoon hours the cap broke as the cold front pushed into the state from the northwest. Thunderstorms developed rapidly into a scattered to broken line. Hail was widespread with the storms with sizes ranging up to 2 inches in diameter. Two inch hail was reported at Brooklyn in Poweshiek County as well as southwest of Bedford in Taylor County. There were numerous reports of golf ball size hail with the storms. Windows were shattered with some of the larger hail with a few reports of damage to vinyl siding on houses. A few of the storms produced high winds. Winds of 65 mph were reported in Hardin County south of Hubbard. Winds were around 80 mph in Madison County, toppling power poles. There were several tornadoes with the squall line. The first tornadoes touched down in the northeast part of the state. They did not cause much damage as one touched down briefly in Hardin County, another in Grundy County. A short time later a tornado made a brief touch down north of Altoona in Polk County. Another tornado touched down between Bondurant and Elkhart. This tornado was the strongest of the afternoon and tracked southeast toward the Mitchellville area. Damage was reported to power lines and out buildings along the path. Fortunately the track did not move through a populated area. The last tornado touched down near the Waterloo area southwest of Eagle Center. This was also a brief touch down.","Tornado tracked over open country for the most part. Some outbuildings were damaged, along with power lines.",IA,2002-04-18 18:50:00,2002-04-18 19:02:00,True,True
1132331,5285383,Texas,325,Medina,EWX,2002-03-19 19:10:00,CST,2002-03-19 19:12:00,0,0,0,0,0,50K,NWS STORM SURVEY,F1,Unknown,0.3,50.0,,,,,29.26667,-98.86667,29.26667,-98.86667,,A small and short-lived tornado struck very near a house in the Natalia area. It destroyed a large oak tree that had been determined to be an historic location. Researchers had documented that this was the tree under which General Antonio Lopez de Santa Anna Perez de Lebron had camped when he and his troops rested on the banks of Chacon Creek during his march on the Alamo in March of 1836.,TX,2002-03-19 19:10:00,2002-03-19 19:12:00,False,False
1132541,5284259,Iowa,83,Hardin,DMX,2002-04-18 17:00:00,CST,2002-04-18 17:00:00,0,0,0,0,1K,,LAW ENFORCEMENT,F0,Unknown,0.2,25.0,,,,,42.26667,-93.15,42.26667,-93.15,"A strong southerly flow was well established over the central U.S. Temperatures pushed well into the 80s during the afternoon. Surface dew point temperatures rose into the mid 60s to low 70s across the state. Initially, the atmosphere was capped. By the late afternoon hours the cap broke as the cold front pushed into the state from the northwest. Thunderstorms developed rapidly into a scattered to broken line. Hail was widespread with the storms with sizes ranging up to 2 inches in diameter. Two inch hail was reported at Brooklyn in Poweshiek County as well as southwest of Bedford in Taylor County. There were numerous reports of golf ball size hail with the storms. Windows were shattered with some of the larger hail with a few reports of damage to vinyl siding on houses. A few of the storms produced high winds. Winds of 65 mph were reported in Hardin County south of Hubbard. Winds were around 80 mph in Madison County, toppling power poles. There were several tornadoes with the squall line. The first tornadoes touched down in the northeast part of the state. They did not cause much damage as one touched down briefly in Hardin County, another in Grundy County. A short time later a tornado made a brief touch down north of Altoona in Polk County. Another tornado touched down between Bondurant and Elkhart. This tornado was the strongest of the afternoon and tracked southeast toward the Mitchellville area. Damage was reported to power lines and out buildings along the path. Fortunately the track did not move through a populated area. The last tornado touched down near the Waterloo area southwest of Eagle Center. This was also a brief touch down.",Brief touchdown with little damage.,IA,2002-04-18 18:00:00,2002-04-18 18:00:00,True,True
1132541,5284273,Iowa,75,Grundy,DMX,2002-04-18 17:30:00,CST,2002-04-18 17:30:00,0,0,0,0,1K,,EMERGENCY MANAGER,F0,Unknown,0.2,30.0,,,,,42.48333,-92.63333,42.48333,-92.63333,"A strong southerly flow was well established over the central U.S. Temperatures pushed well into the 80s during the afternoon. Surface dew point temperatures rose into the mid 60s to low 70s across the state. Initially, the atmosphere was capped. By the late afternoon hours the cap broke as the cold front pushed into the state from the northwest. Thunderstorms developed rapidly into a scattered to broken line. Hail was widespread with the storms with sizes ranging up to 2 inches in diameter. Two inch hail was reported at Brooklyn in Poweshiek County as well as southwest of Bedford in Taylor County. There were numerous reports of golf ball size hail with the storms. Windows were shattered with some of the larger hail with a few reports of damage to vinyl siding on houses. A few of the storms produced high winds. Winds of 65 mph were reported in Hardin County south of Hubbard. Winds were around 80 mph in Madison County, toppling power poles. There were several tornadoes with the squall line. The first tornadoes touched down in the northeast part of the state. They did not cause much damage as one touched down briefly in Hardin County, another in Grundy County. A short time later a tornado made a brief touch down north of Altoona in Polk County. Another tornado touched down between Bondurant and Elkhart. This tornado was the strongest of the afternoon and tracked southeast toward the Mitchellville area. Damage was reported to power lines and out buildings along the path. Fortunately the track did not move through a populated area. The last tornado touched down near the Waterloo area southwest of Eagle Center. This was also a brief touch down.","Touched down briefly in open area north of town, causing little damage.",IA,2002-04-18 18:30:00,2002-04-18 18:30:00,True,True
1132541,5284354,Iowa,153,Polk,DMX,2002-04-18 17:49:00,CST,2002-04-18 17:49:00,0,0,0,0,1K,,AMATEUR RADIO,F0,Unknown,0.3,30.0,,,,,41.66667,-93.46667,41.66667,-93.46667,"A strong southerly flow was well established over the central U.S. Temperatures pushed well into the 80s during the afternoon. Surface dew point temperatures rose into the mid 60s to low 70s across the state. Initially, the atmosphere was capped. By the late afternoon hours the cap broke as the cold front pushed into the state from the northwest. Thunderstorms developed rapidly into a scattered to broken line. Hail was widespread with the storms with sizes ranging up to 2 inches in diameter. Two inch hail was reported at Brooklyn in Poweshiek County as well as southwest of Bedford in Taylor County. There were numerous reports of golf ball size hail with the storms. Windows were shattered with some of the larger hail with a few reports of damage to vinyl siding on houses. A few of the storms produced high winds. Winds of 65 mph were reported in Hardin County south of Hubbard. Winds were around 80 mph in Madison County, toppling power poles. There were several tornadoes with the squall line. The first tornadoes touched down in the northeast part of the state. They did not cause much damage as one touched down briefly in Hardin County, another in Grundy County. A short time later a tornado made a brief touch down north of Altoona in Polk County. Another tornado touched down between Bondurant and Elkhart. This tornado was the strongest of the afternoon and tracked southeast toward the Mitchellville area. Damage was reported to power lines and out buildings along the path. Fortunately the track did not move through a populated area. The last tornado touched down near the Waterloo area southwest of Eagle Center. This was also a brief touch down.",Tornado touched down briefly in onepn area north of town.,IA,2002-04-18 18:49:00,2002-04-18 18:49:00,True,True
1132029,5285907,Texas,59,Callahan,SJT,2002-03-30 14:40:00,CST,2002-03-30 14:55:00,0,0,0,0,,,TRAINED SPOTTER,F1,Unknown,9.0,200.0,,,,,32.13333,-99.43333,32.28333,-99.33333,"An intense upper level low moving across West Central Texas spawned at least a half dozen tornadoes on the afternoon of the 30th. Although most touched down in open fields and produced little in the way of damage, one tornado did strike a house and cause moderate damage. Other storms produced up to golf ball size hail near San Saba and quarter size hail west of Winters in Runnels County and in Albany in Shackelford County.","Trained spotters reported a large tornado across southern Callahan County. Fortunately, although the tornado traveled along a nearly 9 mile long track, the tornado crossed open country and little in the way of damage was reported.",TX,2002-03-30 14:40:00,2002-03-30 14:55:00,False,False
1132029,5285908,Texas,59,Callahan,SJT,2002-03-30 15:10:00,CST,2002-03-30 15:10:00,0,0,0,0,,,TRAINED SPOTTER,F0,Unknown,0.3,30.0,,,,,32.21667,-99.21667,32.21667,-99.21667,"An intense upper level low moving across West Central Texas spawned at least a half dozen tornadoes on the afternoon of the 30th. Although most touched down in open fields and produced little in the way of damage, one tornado did strike a house and cause moderate damage. Other storms produced up to golf ball size hail near San Saba and quarter size hail west of Winters in Runnels County and in Albany in Shackelford County.",Spotters reported a brief tornado touchdown in an open field just northwest of Cottonwood in extreme eastern Callahan County.,TX,2002-03-30 15:10:00,2002-03-30 15:10:00,False,False
1132029,5285903,Texas,399,Runnels,SJT,2002-03-30 13:06:00,CST,2002-03-30 13:20:00,0,0,0,0,25K,,TRAINED SPOTTER,F1,Unknown,3.0,85.0,,,,,31.91667,-100.2,31.95,-100.16667,"An intense upper level low moving across West Central Texas spawned at least a half dozen tornadoes on the afternoon of the 30th. Although most touched down in open fields and produced little in the way of damage, one tornado did strike a house and cause moderate damage. Other storms produced up to golf ball size hail near San Saba and quarter size hail west of Winters in Runnels County and in Albany in Shackelford County.","A tornado touched down along Ranch Road 384 in northeast Runnels County, striking and damaging a house. Part of the roof was torn off, allowing rainwater to enter the building.",TX,2002-03-30 13:06:00,2002-03-30 13:20:00,False,False
1132029,5285904,Texas,399,Runnels,SJT,2002-03-30 13:45:00,CST,2002-03-30 13:48:00,0,0,0,0,,,TRAINED SPOTTER,F1,Unknown,0.5,100.0,,,,,31.9,-100.18333,31.91667,-100.2,"An intense upper level low moving across West Central Texas spawned at least a half dozen tornadoes on the afternoon of the 30th. Although most touched down in open fields and produced little in the way of damage, one tornado did strike a house and cause moderate damage. Other storms produced up to golf ball size hail near San Saba and quarter size hail west of Winters in Runnels County and in Albany in Shackelford County.",A large tornado touched down in an open field northwest of Norton in northeast Runnels County. Little damage was reported.,TX,2002-03-30 13:45:00,2002-03-30 13:48:00,False,False
1132257,5284407,Alabama,95,Marshall,BMX,2002-03-29 23:20:00,CST,2002-03-29 23:36:00,0,0,0,0,1.4M,0K,NWS STORM SURVEY,F1,Unknown,8.7,500.0,,,,,34.25,-86.45,34.25,-86.28333,,"A tornado first touched down at a cemetary just west of Red Hill. The F1 tornado travelled on a near due east path crossing CR 14 (Warrenton Road), a small ridge and SR 79. The tornado then climbed another ridge downing trees. Once on top of the ridge, the tornado paralleled Section Line Road (CR 166) downing trees and power lines and causing damage especially to out buildings, farm buildings, chicken houses, and other weak structures. Most substantial structures affected by the tornado had minimal damage as identified from visual inspection. The tornado ended at CR 152 (Oneonta Cut Off Road). Red Cross officials identified 3 structures with major damage and 18 with minor damage. There were no deaths or injuries reported with this tornado.Beg. 34 15.404/86 26.232 End: 34 15.291/86 16.998",AL,2002-03-29 23:20:00,2002-03-29 23:36:00,False,False
1132376,5284419,Florida,49,Hardee,TBW,2002-04-03 12:32:00,EST,2002-04-03 12:32:00,0,0,0,0,,4K,LAW ENFORCEMENT,F0,Unknown,0.5,33.0,,,,,27.47,-81.78333,27.48,-81.76667,"An upper-level disturbance, combined with warm and humid air near the surface, helped form a broken line of strong to severe thunderstorms over west central Florida, which propagated east through the area during the late morning and early afternoon hours. The event featured marginal severe wind gusts and some hail.Dime size hail fell at the intersection of Lois Avenue and Broad Street in the Pinecrest section of Tampa shortly after 11 AM. Winds intensified as the line organized farther inland, causing sporadic damage in Polk, Hardee, and Highlands Counties. The strongest cells were in Hardee County. A small tornado was witnessed by law enforcement officials near Zolfo Springs, with minor tree damage in a wooded area. Numerous small, and several large, tree limbs were downed in Zolfo Springs along West 66th Street, and dime size hail was reported, shortly after 1230 PM. In Polk County, observed 58 mph winds at Lakeland's Linder Field were followed by blown down large limbs and power lines in the city proper. A woman sustained a neck injury when a large limb crashed onto the roof of her vehicle. Several hundred customers were briefly without power after the storm. Other tree and line damage, including a few uprooted oaks, was noted from a separate storm cell in Fort Meade. Dime size hail was reported near Bartow and in downtown Lakeland. Most of the activity occurred in the county between noon and 1230 PM.As the line continued moving southeast, more damage was reported in Avon Park and Sebring (Highlands Co) around 1 PM. Gusty winds blew a carport roof off an Apartment Building along Lakeview Road in Sebring. Fallen trees also blocked vehicle access along a rural road (CR 634) in Highlands Hammock S.P. near Avon Park.",,FL,2002-04-03 12:32:00,2002-04-03 12:32:00,False,False
1132541,5284359,Iowa,13,Black Hawk,DMX,2002-04-18 18:08:00,CST,2002-04-18 18:08:00,0,0,0,0,1K,,TRAINED SPOTTER,F0,Unknown,0.3,30.0,,,,,42.3,-92.56667,42.3,-92.56667,"A strong southerly flow was well established over the central U.S. Temperatures pushed well into the 80s during the afternoon. Surface dew point temperatures rose into the mid 60s to low 70s across the state. Initially, the atmosphere was capped. By the late afternoon hours the cap broke as the cold front pushed into the state from the northwest. Thunderstorms developed rapidly into a scattered to broken line. Hail was widespread with the storms with sizes ranging up to 2 inches in diameter. Two inch hail was reported at Brooklyn in Poweshiek County as well as southwest of Bedford in Taylor County. There were numerous reports of golf ball size hail with the storms. Windows were shattered with some of the larger hail with a few reports of damage to vinyl siding on houses. A few of the storms produced high winds. Winds of 65 mph were reported in Hardin County south of Hubbard. Winds were around 80 mph in Madison County, toppling power poles. There were several tornadoes with the squall line. The first tornadoes touched down in the northeast part of the state. They did not cause much damage as one touched down briefly in Hardin County, another in Grundy County. A short time later a tornado made a brief touch down north of Altoona in Polk County. Another tornado touched down between Bondurant and Elkhart. This tornado was the strongest of the afternoon and tracked southeast toward the Mitchellville area. Damage was reported to power lines and out buildings along the path. Fortunately the track did not move through a populated area. The last tornado touched down near the Waterloo area southwest of Eagle Center. This was also a brief touch down.",Tornado touched down briefly in open country.,IA,2002-04-18 19:08:00,2002-04-18 19:08:00,True,True
1132518,5283920,Pennsylvania,75,Lebanon,CTP,2002-04-28 17:13:00,EST,2002-04-28 17:18:00,0,0,0,0,775K,,EMERGENCY MANAGER,F1,Unknown,1.5,150.0,,,,,40.4,-76.53333,40.4,-76.53333,,"A tornado touched down near Lindley Murry Road and Schoolhouse Lane in East Hanover Twonship, near the town of Ono. The tornado path length was 1.5 miles long, and the width was up to 150 yards. Top wind speeds were estimated at 90 mph, making this a category F1 tornado. Damage from this tornado included 12 homes that were damaged or destroyed, fifteen barns damaged or destroyed and dozens of large trees.",PA,2002-04-28 18:13:00,2002-04-28 18:18:00,True,True
1133215,5287723,Ohio,151,Stark,CLE,2002-04-28 12:58:00,EST,2002-04-28 13:08:00,2,0,0,0,45.5M,,NWS STORM SURVEY,F2,Unknown,7.2,440.0,,,,,40.85,-81.51667,40.86667,-81.4,,"A strong F2 tornado touched down at 158 pm edt and caused major damage and two minor injuries along a path of just over seven miles. Major damage occurred along the path which was nearly a quarter mile in width at times. The initial touchdown occurred west of the intersection of Arlington Avenue and Windy Lane Street NW near Crystal Springs. From this location, the tornado moved east northeast through residential neighborhoods in Jackson Township. The tornado passed to the north of Lake Cable, crossed Interstate 77 near Portage Street and finally dissipated near a shopping district along State Route 297 in North Canton. The damage path was intermittent along part of its length. Over 300 homes were damaged along the damage path with 25 structures destroyed. An additional 38 buildings including three businesses were partially destroyed with 50 more structures sustaining significant roof damage. Another 197 homes and businesses suffered minor damage. A middle school building suffered extensive damage and was closed for nearly a week for repairs. A nearby high school was also damaged. Approximately 1000 trees were downed by the tornado and over 300 vehicles damaged.",OH,2002-04-28 13:58:00,2002-04-28 14:08:00,True,True
1132816,5289602,Illinois,163,St. Clair,LSX,2002-04-27 21:35:00,CST,2002-04-27 21:38:00,0,0,0,0,,,NWS STORM SURVEY,F1,Unknown,1.7,100.0,,,,,38.53333,-89.93333,38.55,-89.9,,"Around 1035 pm CDT, a tornado formed just southwest of Shiloh and started to cause damage. The worst damage occurred along Rio Verde Drive where 23 homes sustained some degree of damage. Two large buildings at the Yorktown Golf Club were also damaged. The tornado continued northeast crossing the intersections of Wendy Way and Goalby and Wendy Way and Anderson Lane. A number of homes sustained roof damage in this area with a number of trees uprooted or snapped off. The tornado caused minor roof damage to Whiteside Elementary School. A total of 34 homes along the path sustained some type of damage.",IL,2002-04-27 22:35:00,2002-04-27 22:38:00,True,True
1134568,5291679,Nebraska,145,Red Willow,GLD,2002-05-26 17:06:00,MST,2002-05-26 17:17:00,0,0,0,0,,,LAW ENFORCEMENT,F0,Unknown,4.5,100.0,,,,,40.31667,-100.41667,40.26667,-100.38333,,Weak tornado developed 6 miles north of Indianola in northeast Red Willow County. The tornado remained over open fields as it traversed 4.5 miles in 11 minutes for an average forward speed of 25 mph. The tornado dissipated approximately 3 miles northeast of Indianola. No known injuries or damage.,NE,2002-05-26 18:06:00,2002-05-26 18:17:00,True,True
1133292,5289028,Oklahoma,53,Grant,OUN,2002-05-08 19:49:00,CST,2002-05-08 19:57:00,0,0,0,0,0K,,STORM CHASER,F0,Unknown,6.0,75.0,,,,,36.61667,-97.55,36.7,-97.46667,,A storm chaser captured this tornado on video as it tracked northeastward for 6 miles. No damage was observed or reported.,OK,2002-05-08 20:49:00,2002-05-08 20:57:00,True,True
1134437,5291148,Ohio,53,Gallia,RLX,2002-05-08 17:07:00,EST,2002-05-08 17:12:00,3,0,0,0,3.5M,,NWS STORM SURVEY,F2,Unknown,3.0,80.0,,,,,38.86667,-82.35,38.88333,-82.28333,,"A warm frontal boundary interacted with a complex of showers and thunderstorms to form a tornado on the southern flank of the precipitation. Touchdown was along Adamsville Road near Route 35. The roof was ripped off a home, 2 mobile homes were destroyed, along with a pole barn. The tornado then struck both rest areas on Route 35. The rest building on the north side of the highway was severely damaged. At least 2 tractor trailers were flipped over, while others parked in the lot, were damaged. Another mobile home near the rest stop was destroyed. Proceeding just east to Dewey Road, the tornado wiped a modular home off its foundation. A trailer was destroyed at the corner of Kerr and Viney Roads. Down Kerr Road, a home had its roof removed and a mobile home was moved off its foundation. On Fairview Road, another mobile home was damaged. What was amazing and fortunate, in just about all the cases, no one was home when the tornado struck. Three people were injured at the rest stop.",OH,2002-05-08 18:07:00,2002-05-08 18:12:00,True,True
1134568,5291681,Nebraska,145,Red Willow,GLD,2002-05-26 17:30:00,MST,2002-05-26 17:40:00,0,0,0,0,,,TRAINED SPOTTER,F0,Unknown,4.0,100.0,,,,,40.2,-100.23333,40.15,-100.18333,,"Weak tornado developed 5 miles SE of Bartley at 17:30 and tracked southeast across open fields, reaching the Furnas County line 9 miles SE of Bartley at 17:40. No known injuries or damage.",NE,2002-05-26 18:30:00,2002-05-26 18:40:00,True,True
1132332,5285453,Texas,29,Bexar,EWX,2002-03-19 19:15:00,CST,2002-03-19 19:17:00,0,0,0,0,.5M,0,NWS STORM SURVEY,F0,Unknown,0.5,20.0,,,,,29.31667,-98.8,29.31667,-98.8,,"Tornado number one, an F0 on the Fujita Scale, formed near 715 pm at the intersection of Greenwood Road and Gridley Road. It moved toward the southeast for one mile, then dissipated. The path width was 20 yards. It damaged roofs and walls of mobile homes and houses, took large limbs off trees, and showed a great variation in direction in how it tossed the debris. It dissipated at 717 pm.",TX,2002-03-19 19:15:00,2002-03-19 19:17:00,False,False
1132027,5285803,Texas,451,Tom Green,SJT,2002-03-19 14:00:00,CST,2002-03-19 14:10:00,0,0,0,0,10K,,LAW ENFORCEMENT,F1,Unknown,4.0,50.0,,,,,31.43333,-100.3,31.48333,-100.25,"A supercell thunderstorm produced 3 tornadoes as it moved from San Angelo northeast to near Ballinger. Although the tornadoes produced minor damages, hail up to the size of golf balls that fell during the storm pounded the southern half of San Angelo, producing over $15 million in damage. Other storms produced quarter size hail and wind damage across parts of the Heartland and Northwest Hill Country.","A tornado traveled a 4 mile path across eastern Tom Green County, producing relatively minor damage. The tornado ripped part of a flat roof off of an outbuilding, threw several irrigation pipes a few hundred yards, and picked up and moved heavy steel pipes.",TX,2002-03-19 14:00:00,2002-03-19 14:10:00,False,False
1133131,5288178,Tennessee,149,Rutherford,OHX,2002-04-28 06:34:00,CST,2002-04-28 07:40:00,31,0,0,0,2.3M,,NWS STORM SURVEY,F3,Unknown,3.2,350.0,,,,,35.75,-86.36667,35.76667,-86.31667,,"31 people were injured. Most of them were treated and released from the hospital. 6 people had to be hospitalized, and one person was seriously injured and had to be Life-Flighted to Vanderbilt hospital. 7 mobile homes were destroyed, and one mobile home had major damage and another mobile home had minor damage. 5 residences were destroyed, 10 residences had major damage and 36 residences had minor damage. 2 horse banrs were destroyed, and 6 horses/and or cattle were killed. The tornado touched down on W. Gum Road, just west of I-24. Interstate 24 was littered with tree limbs and debris at one point. The tornado lifted up around Mankin-McKnight Rd. This storm complex moved into Cannon county and produced another tornado near Bradyville.Damage assessment in Rutherford county by the Emergency Management Agency was placed at 2.3 million dollars.",TN,2002-04-28 07:34:00,2002-04-28 08:40:00,True,True
1131808,5285758,Kentucky,25,Breathitt,JKL,2002-03-29 18:45:00,EST,2002-03-29 18:45:00,0,0,0,0,1K,,GENERAL PUBLIC,F0,Unknown,0.1,20.0,,,,,37.48333,-83.35,37.48333,-83.35,,An F0 tornado briefly touched down and ripped off a portion of tin roofing of a house.,KY,2002-03-29 18:45:00,2002-03-29 18:45:00,False,False
1133302,5287762,Oklahoma,149,Washita,OUN,2002-05-24 17:27:00,CST,2002-05-24 17:29:00,0,0,0,0,0K,,STORM CHASER,F0,Unknown,0.2,25.0,,,,,35.31667,-99.13333,35.31667,-99.13333,,Storm chasers reported a brief tornado wrapped in rain. No damage was observed or reported.,OK,2002-05-24 18:27:00,2002-05-24 18:29:00,True,True
1133303,5287853,Texas,197,Hardeman,OUN,2002-05-24 18:50:00,CST,2002-05-24 18:52:00,0,0,0,0,0K,,STORM CHASER,F0,Unknown,0.2,25.0,,,,,34.0,-99.95,34.0,-99.95,,Storm chasers reported a brief tornado. No damage was observed or reported.,TX,2002-05-24 19:50:00,2002-05-24 19:52:00,True,True
1133131,5288179,Tennessee,15,Cannon,OHX,2002-04-28 06:45:00,CST,2002-04-28 06:47:00,0,0,0,0,,,EMERGENCY MANAGER,F2,Unknown,0.9,30.0,,,,,35.71667,-86.16667,35.71667,-86.15,,One residence was destroyed along with 3 mobile homes. 6 other mobile homes had minor damage.,TN,2002-04-28 07:45:00,2002-04-28 07:47:00,True,True
1133131,5288180,Tennessee,119,Maury,OHX,2002-04-28 14:42:00,CST,2002-04-28 14:42:00,0,0,0,0,,,TRAINED SPOTTER,F0,Unknown,0.1,10.0,,,,,35.53333,-87.2,35.53333,-87.2,,"A ham radio operator, who is also a trained spotter, saw a tornado drop down on 1st Ave. and U.S. Highway 43, and then lift back up.",TN,2002-04-28 15:42:00,2002-04-28 15:42:00,True,True
1133347,5288490,Kansas,17,Chase,ICT,2002-05-08 16:10:00,CST,2002-05-08 16:10:00,0,0,0,0,,,TRAINED SPOTTER,F0,Unknown,2.0,220.0,,,,,38.4,-96.35,38.4,-96.35,,Occurred in open country.,KS,2002-05-08 17:10:00,2002-05-08 17:10:00,True,True
1133136,5288403,Oklahoma,47,Garfield,OUN,2002-04-11 21:52:00,CST,2002-04-11 21:55:00,0,0,0,0,0K,,STORM CHASER,F0,Unknown,1.0,25.0,,,,,36.61667,-97.48333,36.56667,-97.45,,This tornado moved through northeast Garfield County for one mile before moving into Noble County. No damage was observed or reported in Garfield County.,OK,2002-04-11 22:52:00,2002-04-11 22:55:00,True,True
1133136,5288404,Oklahoma,103,Noble,OUN,2002-04-11 21:55:00,CST,2002-04-11 21:59:00,0,0,0,0,0K,,STORM CHASER,F0,Unknown,1.0,25.0,,,,,36.58333,-97.43333,36.56667,-97.41667,,"After exiting Garfield County, this tornado moved approximately one mile before dissipating. No damage was observed or reported in Noble County.",OK,2002-04-11 22:55:00,2002-04-11 22:59:00,True,True
1132332,5285553,Texas,29,Bexar,EWX,2002-03-19 19:20:00,CST,2002-03-19 19:26:00,30,0,0,0,2M,0,NWS STORM SURVEY,F2,Unknown,1.5,50.0,,,,,29.25,-98.68333,29.26667,-98.7,,"Tornado number five, strongest of the six and rated as a minimal F2 tornado on the Fujita Scale, formed about 3.5 miles southwest of the intersection of Loop 1604 and I35. It struck near 720 pm along near Silver Street and Bravo Street and moved toward the north for 1.5 miles. It apparently weakened periodically, producing a hit-and-miss damage path. It completely destroyed four mobile homes and damaged several others.",TX,2002-03-19 19:20:00,2002-03-19 19:26:00,False,False
1132332,5285554,Texas,29,Bexar,EWX,2002-03-19 19:25:00,CST,2002-03-19 19:29:00,0,0,0,0,1M,0,NWS STORM SURVEY,F1,Unknown,0.5,60.0,,,,,29.23333,-98.58333,29.21667,-98.58333,,"Tornado number six, struck just east of Somerset on SH16, about one mile north of Loop 1604. It was rated F1 on the Fujita Scale, and tracked toward the southeast. It damaged a large barn and several outbuildings at a construction site as it moved approximately one-half mile. It was estimated at 60 yards wide.",TX,2002-03-19 19:25:00,2002-03-19 19:29:00,False,False
1134288,5291145,Illinois,13,Calhoun,LSX,2002-05-07 01:20:00,CST,2002-05-07 01:21:00,0,0,0,0,,,NWS STORM SURVEY,F0,Unknown,0.1,25.0,,,,,38.9,-90.55,38.9,-90.55,,A brief weak tornado struck just southeast of Centerville. The path length was only about one tenth of a mile and 25 yards wide. Debris at the location consisted of snapped and uprooted trees and a destroyed shed. Several boards from the shed were driven into the ground some distance away.,IL,2002-05-07 02:20:00,2002-05-07 02:21:00,True,True
1133348,5288613,Kansas,9,Barton,ICT,2002-05-11 15:20:00,CST,2002-05-11 15:35:00,0,0,0,0,,,LAW ENFORCEMENT,F0,Unknown,2.0,220.0,,,,,38.46667,-98.53333,38.45,-98.53333,,Occurred in open country.,KS,2002-05-11 16:20:00,2002-05-11 16:35:00,True,True
1133136,5288402,Oklahoma,53,Grant,OUN,2002-04-11 21:52:00,CST,2002-04-11 21:52:00,0,0,0,0,0K,,STORM CHASER,F0,Unknown,0.1,25.0,,,,,36.61667,-97.45,36.61667,-97.45,,This tornado developed on the county line and was seen by several storm chasers. No damage was observed or reported in Grant County.,OK,2002-04-11 22:52:00,2002-04-11 22:52:00,True,True
1133347,5288484,Kansas,191,Sumner,ICT,2002-05-08 16:00:00,CST,2002-05-08 16:00:00,0,0,0,0,,,TRAINED SPOTTER,F0,Unknown,1.0,110.0,,,,,37.23333,-97.73333,37.23333,-97.73333,,Occurred in open country.,KS,2002-05-08 17:00:00,2002-05-08 17:00:00,True,True
1133213,5287545,Ohio,151,Stark,CLE,2002-04-19 16:16:00,EST,2002-04-19 16:16:00,0,0,0,0,,,LAW ENFORCEMENT,F0,Unknown,0.1,25.0,,,,,40.88333,-81.6,40.88333,-81.6,,A small and very weak tornado crossed into Stark County from Wayne County near the intersection of State Route 21 and Deerfield Avenue. This location is in Lawrence Township approximately three miles west of Canal Fulton. The tornado path was only a few dozen yards in length and no damage occurred.,OH,2002-04-19 17:16:00,2002-04-19 17:16:00,True,True
1133290,5288914,Oklahoma,43,Dewey,OUN,2002-05-05 21:10:00,CST,2002-05-05 21:14:00,0,0,0,0,40K,,EMERGENCY MANAGER,F1,Unknown,1.0,75.0,,,,,36.11667,-98.83333,36.15,-98.85,,"This tornado formed approximately 5.5 miles east southeast of Seiling and moved northwestward for 1 mile before dissipating. One-half of a well-constructed, anchored mobile home was ripped off with contents of the home strewn in the yard. The other half of the home was twisted in the direction the tornado traveled. Two large locust trees were also uprooted.",OK,2002-05-05 22:10:00,2002-05-05 22:14:00,True,True
1133144,5288764,Oklahoma,5,Atoka,OUN,2002-04-16 19:18:00,CST,2002-04-16 19:28:00,0,0,0,0,30K,,EMERGENCY MANAGER,F1,Unknown,3.0,100.0,,,,,34.38333,-96.16667,34.4,-96.13333,,"This tornado, witnessed by at least one local citizen, formed on the west side of Atoka and moved three miles before dissipating on the north side of Atoka. Damage was sustained to hangar doors at a local airport. A boat inside the hangar was blown outside. A travel trailer was blown over, and damage was sustained to stands at a baseball park.",OK,2002-04-16 20:18:00,2002-04-16 20:28:00,True,True
1133172,5288323,Texas,439,Tarrant,FWD,2002-04-16 16:42:00,CST,2002-04-16 16:45:00,0,0,0,0,15K,,NWS STORM SURVEY,F0,Unknown,1.6,100.0,,,,,32.63333,-97.28333,32.63333,-97.28333,,"The first tornado developed near the intersection of Noble Road and Hansbarger Road and moved northeast. Damage to fences carports and trees occurred. The tornado moved northeast into the Bonaventure Mobile Home Park, partially unroofing one mobile home, with minor damage to others. The tornado dissipated along Lon Stephenson Road and east of Forest Hill Drive.",TX,2002-04-16 17:42:00,2002-04-16 17:45:00,True,True
1133172,5288324,Texas,439,Tarrant,FWD,2002-04-16 16:49:00,CST,2002-04-16 16:50:00,0,0,0,0,2K,,NWS STORM SURVEY,F0,Unknown,0.6,50.0,,,,,32.75,-97.35,32.75,-97.35,,"The second tornado developed in southeast Ft Worth near the intersection of Anglin Drive and southeast Loop 820, moved northeast and dissipated between Melinda Road and the old Mansfield Highway. Damage was confined to uprooted trees and minor roof damage.",TX,2002-04-16 17:49:00,2002-04-16 17:50:00,True,True
1133172,5288325,Texas,439,Tarrant,FWD,2002-04-16 16:52:00,CST,2002-04-16 16:54:00,0,0,0,0,5K,,NWS STORM SURVEY,F0,Unknown,0.8,70.0,,,,,32.75,-97.35,32.75,-97.35,,"The third tornado developed in southeast Fort Worth along Redwood Boulevard north of Collett Little Road, moved northeast across Loop 820 near Sun Valley Drive and dissipated north of Laster Road.Damage was confined to trees and mobile homes.",TX,2002-04-16 17:52:00,2002-04-16 17:54:00,True,True
1133347,5288596,Kansas,191,Sumner,ICT,2002-05-08 17:48:00,CST,2002-05-08 17:49:00,0,0,0,0,,,TRAINED SPOTTER,F0,Unknown,0.0,110.0,,,,,37.06667,-97.15,37.13333,-97.11667,,"Occurring in open country, the tornado would cross into Cowley County.",KS,2002-05-08 18:48:00,2002-05-08 18:49:00,True,True
1133347,5288597,Kansas,35,Cowley,ICT,2002-05-08 17:49:00,CST,2002-05-08 17:54:00,0,0,0,0,,,TRAINED SPOTTER,F0,Unknown,5.0,220.0,,,,,37.06667,-97.13333,37.15,-97.15,,"The same tornado that began 3 miles south of Gueda Springs right on the Sumner/Cowley county line, this tornado remained over open country as it tracked in a north/northeast manner.",KS,2002-05-08 18:49:00,2002-05-08 18:54:00,True,True
1133145,5287529,Oklahoma,151,Woods,OUN,2002-04-17 23:32:00,CST,2002-04-18 00:05:00,1,0,0,0,35K,,STORM CHASER,F2,Unknown,15.0,880.0,,,,,36.48333,-98.75,36.6,-98.48333,"Numerous severe thunderstorms were observed over western Oklahoma during the afternoon and evening of the 17th and early morning of the 18th. Four tornadoes were confirmed, and there were several reports of very large hail, even one report of softball size hail (4.5 inches in diameter). The tornadoes were at night with the largest tornado, believed to be up to one mile wide, causing a maximum of F2 damage over a 34 mile path across northwest Oklahoma. Another tornado resulted in F3 damage.","This tornado is a continuation of the tornado that moved out of Major County at 0032 CST. The tornado curved to the right as it crossed the Cimarron River and moved northeastward for 15 miles before entering Alfalfa County at 0005 CST on April 18th. In Woods County, about 2 miles southwest of the intersection of State Highway 45 and the Woods County line, the roof of a trailer house was completely removed, and an exterior wall on the northeast side of the house was badly damaged and partially removed from the structure. The owner of the house received minor abrasions to his arm. Across the road from the house, a barn was unroofed, and most of the walls were destroyed. Otherwise, only tree damage was observed across Woods County.",OK,2002-04-18 00:32:00,2002-04-18 01:05:00,True,True
1133145,5287530,Oklahoma,153,Woodward,OUN,2002-04-17 22:41:00,CST,2002-04-17 22:47:00,0,0,0,0,10K,,EMERGENCY MANAGER,F1,Unknown,3.0,400.0,,,,,36.16667,-99.08333,36.2,-99.06667,"Numerous severe thunderstorms were observed over western Oklahoma during the afternoon and evening of the 17th and early morning of the 18th. Four tornadoes were confirmed, and there were several reports of very large hail, even one report of softball size hail (4.5 inches in diameter). The tornadoes were at night with the largest tornado, believed to be up to one mile wide, causing a maximum of F2 damage over a 34 mile path across northwest Oklahoma. Another tornado resulted in F3 damage.","This is a continuation of the tornado that exited Dewey County at 2241 CST. In Woodward County, a well constructed metal barn, 40 x 60 ft, cemented to the ground, was picked up and moved about 3.5 ft. Also, hay bales were blown around, and trees were damaged.",OK,2002-04-17 23:41:00,2002-04-17 23:47:00,True,True
1133294,5287551,Oklahoma,9,Beckham,OUN,2002-05-16 23:05:00,CST,2002-05-16 23:07:00,0,0,0,0,0K,,STORM CHASER,F0,Unknown,0.5,100.0,,,,,35.28333,-99.98333,35.28333,-99.98333,"Severe thunderstorms developed across the Texas panhandle during the evening of the 16th and moved into western Oklahoma, eventually dissipating over central Oklahoma during the early morning of the 17th. One area of severe thunderstorms produced sporadic areas of significant straight-line wind damage across portions of Roger Mills, Dewey, and Custer Counties, while another thunderstorm was responsible for a short-lived tornado in western Beckham County. There were also several reports of golf ball size hail (1.75 inches in diameter).","Two storm chasers observed this tornado as it formed just east of the Texas/Oklahoma state line, north of Texola. No damage was observed or reported.",OK,2002-05-17 00:05:00,2002-05-17 00:07:00,True,True
1133208,5288984,New York,29,Erie,BUF,2002-04-28 13:50:00,EST,2002-04-28 13:50:00,0,0,0,0,35K,,LAW ENFORCEMENT,F0,Unknown,0.7,25.0,,,,,42.55,-78.63333,42.55,-78.63333,"Thunderstorms developed across the eastern Great Lakes region during the afternoon hours. The thunderstorms produced hail up to 1.25"" in diameter in parts of Erie, Chautauqua, Cattaraugus and Wyoming counties. The thunderstorm downburst winds ripped down trees and power lines. Scattered power outages were reported. Several structures and automobiles were damaged by falling trees. Wind damage was reported in Randolph, Panama, Ellery, Chaffee, Cuba, Portageville, Dansville and Henrietta. The thunderstorms spawned two tornadoes. In the town of East Concord, Erie County, a weak tornado briefly touched down. Damage consisted of a portion of the back and roof of an outbuilding blown away, a pier tossed across a pond, and tree damage. Winds were estimated between 70 and 75 mph. Another tornado touched down in Belfast, Allegany county, and traveled 6.5 miles into the town of Angelica. The greatest structural damage occurred near White Creek Road in Belfast where a two-story home, garage, and barn were destroyed. Other damaged structures along the path included a silo, a second barn, and minor damage to a second home where the siding was ripped from an outer wall. Winds were estimated at 115-135 mph. No injuries were caused by either tornado.",,NY,2002-04-28 14:50:00,2002-04-28 14:50:00,True,True
1131785,5286534,Louisiana,109,Terrebonne,LIX,2002-03-31 10:40:00,CST,2002-03-31 10:55:00,0,0,0,0,75K,,EMERGENCY MANAGER,F1,Unknown,0.5,30.0,,,,,29.48333,-90.71667,29.5,-90.61667,,"A tornado destroyed one mobile home, damaged four houses, and downed power lines.",LA,2002-03-31 10:40:00,2002-03-31 10:55:00,False,False
1131794,5286543,Louisiana,93,St. James,LIX,2002-03-20 12:15:00,CST,2002-03-20 12:15:00,0,0,0,0,40K,,EMERGENCY MANAGER,F0,Unknown,0.2,20.0,,,,,30.0,-90.71667,30.0,-90.71667,,A tornado briefly touched down causing roof damage to two houses and knocking one of the homes off of its cinder blocks.,LA,2002-03-20 12:15:00,2002-03-20 12:15:00,False,False
1133145,5287605,Oklahoma,3,Alfalfa,OUN,2002-04-18 00:05:00,CST,2002-04-18 00:28:00,0,0,0,0,75K,,STORM CHASER,F2,Unknown,15.0,1500.0,,,,,36.58333,-98.51667,36.78333,-98.41667,"Numerous severe thunderstorms were observed over western Oklahoma during the afternoon and evening of the 17th and early morning of the 18th. Four tornadoes were confirmed, and there were several reports of very large hail, even one report of softball size hail (4.5 inches in diameter). The tornadoes were at night with the largest tornado, believed to be up to one mile wide, causing a maximum of F2 damage over a 34 mile path across northwest Oklahoma. Another tornado resulted in F3 damage.","This tornado is a continuation of the tornado that developed in Major County and moved through Woods County. The tornado tracked for another 15 miles in Alfalfa County before dissipating 2 miles southwest of Ingersoll. As the tornado entered Alfalfa County, damage was sustained to outbuildings, trees and power lines, along State Highway 45 to the west of Carmen. Large trees were uprooted or snapped, and a windmill was destroyed along EW 25 Road to the east of NS 253 Road, or about 4.5 miles southwest of Lambert. Along the west side of NS 255 Road, between EW 23 Road and EW 22 Road (about 2.5 miles west of Lambert), a barn roof was removed as was the west section of the barn. Numerous power poles were snapped along EW 22 Road in a ½ mile area to the east of NS 255 Road. Several high-tension power poles were damaged or destroyed west of NS 256 Road and south of EW 21 Road. Significant tree damage and a couple of destroyed outbuildings were observed at the northeast corner of EW 20 and NS 256 Roads, about 5.5 miles southwest of Cherokee. The tornado continued north-northeast with the last damage observed along EW 17 Road just east of NS 257 Road, 2 miles southwest of Ingersoll, or about 4 miles west-northwest of Cherokee.In total, the tornado persisted for 62 minutes and traveled 34 miles.",OK,2002-04-18 01:05:00,2002-04-18 01:28:00,True,True
1133221,5287959,Texas,105,Crockett,SJT,2002-04-07 13:46:00,CST,2002-04-07 13:46:00,0,0,0,0,,,LAW ENFORCEMENT,F0,Unknown,0.5,50.0,,,,,30.61667,-101.3,30.61667,-101.3,"Severe thunderstorms rolled across much of West Central Texas during the afternoon and evening hours of the 7th. Two supercells produced a total of 5 tornadoes, 3 across the northern Big Country in Throckmorton County and 2 more across the Northern Edwards Plateau in Crockett County. Although one of the tornadoes in Throckmorton was about three quarters of a mile wide and stayed on the ground for 16 minutes, it fortunately crossed open farmland, striking no homes were causing no injuries. Damage was more extensive with the southern supercell, with tennis ball size hail causing tens of thousands of dollars of damage to several ranch houses in eastern Crockett County. Other storms produced hail up to golf ball size across parts of the Concho Valley and Heartland.",Law enforcement reported a brief tornado touch down 8 miles southwest of Ozona. No injuries or damage was reported.,TX,2002-04-07 14:46:00,2002-04-07 14:46:00,True,True
1133347,5288464,Kansas,115,Marion,ICT,2002-05-08 14:55:00,CST,2002-05-08 14:55:00,0,0,0,0,,,GENERAL PUBLIC,F0,Unknown,1.0,220.0,,,,,38.35,-97.3,38.35,-97.3,,Occurred in open country.,KS,2002-05-08 15:55:00,2002-05-08 15:55:00,True,True
1133347,5288465,Kansas,77,Harper,ICT,2002-05-08 15:09:00,CST,2002-05-08 15:09:00,0,0,0,0,,,LAW ENFORCEMENT,F0,Unknown,2.0,220.0,,,,,37.08333,-98.11667,37.08333,-98.11667,,Occurred in open country.,KS,2002-05-08 16:09:00,2002-05-08 16:09:00,True,True
1133290,5288913,Oklahoma,45,Ellis,OUN,2002-05-05 18:58:00,CST,2002-05-05 19:00:00,0,0,0,0,0,,STORM CHASER,F0,Unknown,1.0,25.0,,,,,35.96667,-99.96667,35.98333,-99.95,,"This tornado formed on the Hemphill (Texas)/Ellis (Oklahoma) County line and tracked 1 mile before dissipating. The tornado was seen by several storm chasers; however, no damage occurred.",OK,2002-05-05 19:58:00,2002-05-05 20:00:00,True,True
1133562,5289037,Illinois,87,Johnson,PAH,2002-04-28 00:35:00,CST,2002-04-28 00:38:00,2,0,0,0,3M,,NWS STORM SURVEY,F2,Unknown,3.0,400.0,,,,,37.36667,-89.05,37.36667,-88.98333,,"The tornado entered Johnson County near Cypress and was on the ground for only a few miles in Johnson County. Cypress was impacted directly, where about 50 structures were damaged, including a school. The school lost portions of upper story walls and the roof. Two trailers were destroyed.",IL,2002-04-28 01:35:00,2002-04-28 01:38:00,True,True
1133208,5288991,New York,3,Allegany,BUF,2002-04-28 14:50:00,EST,2002-04-28 15:00:00,0,0,0,0,.5M,,LAW ENFORCEMENT,F2,Unknown,6.5,300.0,,,,,42.33333,-78.11667,42.3,-78.01667,"Thunderstorms developed across the eastern Great Lakes region during the afternoon hours. The thunderstorms produced hail up to 1.25"" in diameter in parts of Erie, Chautauqua, Cattaraugus and Wyoming counties. The thunderstorm downburst winds ripped down trees and power lines. Scattered power outages were reported. Several structures and automobiles were damaged by falling trees. Wind damage was reported in Randolph, Panama, Ellery, Chaffee, Cuba, Portageville, Dansville and Henrietta. The thunderstorms spawned two tornadoes. In the town of East Concord, Erie County, a weak tornado briefly touched down. Damage consisted of a portion of the back and roof of an outbuilding blown away, a pier tossed across a pond, and tree damage. Winds were estimated between 70 and 75 mph. Another tornado touched down in Belfast, Allegany county, and traveled 6.5 miles into the town of Angelica. The greatest structural damage occurred near White Creek Road in Belfast where a two-story home, garage, and barn were destroyed. Other damaged structures along the path included a silo, a second barn, and minor damage to a second home where the siding was ripped from an outer wall. Winds were estimated at 115-135 mph. No injuries were caused by either tornado.",,NY,2002-04-28 15:50:00,2002-04-28 16:00:00,True,True
1133568,5289043,Illinois,87,Johnson,PAH,2002-04-28 00:46:00,CST,2002-04-28 00:52:00,2,0,0,0,100K,,NWS STORM SURVEY,F2,Unknown,7.0,400.0,,,,,37.36667,-88.9,37.36667,-88.78333,,"This tornado was produced by the same supercell thunderstorm that spawned a long-track tornado over southern Union and southwest Johnson Counties. This tornado touched down along U.S. Highway 45, about 3 miles south of Vienna. The tornado moved east across Interstate 24, and then dissipated about 1.5 miles east of the interstate near Ganntown. Two persons were injured when their mobile home was demolished. Two other mobile homes were extensively damaged. Numerous trees were down.",IL,2002-04-28 01:46:00,2002-04-28 01:52:00,True,True
1132356,5284695,Texas,161,Freestone,FWD,2002-03-30 13:59:00,CST,2002-03-30 14:01:00,0,0,0,0,1K,,LAW ENFORCEMENT,F0,Unknown,1.0,30.0,,,,,31.56667,-96.33333,31.56667,-96.28333,,"This tornado is a continuation of the Personville tornado in Limestone county. It moved northeast into rural Freestone county for approximately one mile, downing some trees before dissipating.",TX,2002-03-30 13:59:00,2002-03-30 14:01:00,False,False
1132356,5284790,Texas,193,Hamilton,FWD,2002-03-30 15:52:00,CST,2002-03-30 15:54:00,0,0,0,0,5K,,LAW ENFORCEMENT,F0,Unknown,1.2,40.0,,,,,31.91667,-98.18333,31.91667,-98.16667,,Minor damage was done to a dairy.,TX,2002-03-30 15:52:00,2002-03-30 15:54:00,False,False
1132356,5284792,Texas,193,Hamilton,FWD,2002-03-30 16:05:00,CST,2002-03-30 16:10:00,0,0,0,0,75K,,LAW ENFORCEMENT,F0,Unknown,2.5,100.0,,,,,31.98333,-98.03333,32.0,-98.01667,,"Most of the damage was to trees. One tree fell on a house. Approximately five metal roofs were partially peeled back. A few house roofs lost shingles. Minor damage was done to the high school, and minor damage was done to outbuildings, sheds, and trees for one half mile northeast of the high school beforethe tornado dissipated.",TX,2002-03-30 16:05:00,2002-03-30 16:10:00,False,False
1133344,5288278,Kansas,167,Russell,ICT,2002-05-05 16:08:00,CST,2002-05-05 16:12:00,0,0,0,0,170K,,LAW ENFORCEMENT,F1,Unknown,3.0,250.0,,,,,39.1,-98.88333,39.11667,-98.86667,,Damaged outbuildings and power lines.,KS,2002-05-05 17:08:00,2002-05-05 17:12:00,True,True
1133221,5288038,Texas,447,Throckmorton,SJT,2002-04-07 14:34:00,CST,2002-04-07 14:50:00,0,0,0,0,10K,,TRAINED SPOTTER,F2,Unknown,7.0,1500.0,,,,,33.18333,-99.33333,33.23333,-99.25,"Severe thunderstorms rolled across much of West Central Texas during the afternoon and evening hours of the 7th. Two supercells produced a total of 5 tornadoes, 3 across the northern Big Country in Throckmorton County and 2 more across the Northern Edwards Plateau in Crockett County. Although one of the tornadoes in Throckmorton was about three quarters of a mile wide and stayed on the ground for 16 minutes, it fortunately crossed open farmland, striking no homes were causing no injuries. Damage was more extensive with the southern supercell, with tennis ball size hail causing tens of thousands of dollars of damage to several ranch houses in eastern Crockett County. Other storms produced hail up to golf ball size across parts of the Concho Valley and Heartland.","Immediately after the first tornado dissipated, a second larger, more stable multiple vortex tornado developed. Tracking along a 7 mile long path across western Throckmorton County, this tornado would reach over three quarters of a mile wide. Fortunately, the tornado tracked largely over open county and damage was minimal for a tornado of this size. Partially buried fence posts were torn out of the ground and disappeared, while a 300 yard path was swept clean and a large mesquite tree was ripped out of the ground.",TX,2002-04-07 15:34:00,2002-04-07 15:50:00,True,True
1132356,5284692,Texas,145,Falls,FWD,2002-03-30 12:51:00,CST,2002-03-30 12:53:00,0,0,0,0,1K,,LAW ENFORCEMENT,F0,Unknown,0.7,75.0,,,,,31.25,-96.73333,31.26667,-96.73333,,Damage was mostly to trees and a shed.,TX,2002-03-30 12:51:00,2002-03-30 12:53:00,False,False
1132027,5285799,Texas,451,Tom Green,SJT,2002-03-19 13:31:00,CST,2002-03-19 13:36:00,0,0,0,0,2K,,LAW ENFORCEMENT,F1,Unknown,3.0,50.0,,,,,31.4,-100.35,31.36667,-100.33333,"A supercell thunderstorm produced 3 tornadoes as it moved from San Angelo northeast to near Ballinger. Although the tornadoes produced minor damages, hail up to the size of golf balls that fell during the storm pounded the southern half of San Angelo, producing over $15 million in damage. Other storms produced quarter size hail and wind damage across parts of the Heartland and Northwest Hill Country.","A tornado touched down on the extreme southeast side of San Angelo, producing minor damage as it tracked along a 3 mile long path. Several empty mobile homes were overturned and a handful of hunting blinds tossed around by the tornado.",TX,2002-03-19 13:31:00,2002-03-19 13:36:00,False,False
1133172,5288412,Texas,439,Tarrant,FWD,2002-04-16 16:59:00,CST,2002-04-16 17:06:00,0,0,0,0,250K,,NWS STORM SURVEY,F3,Unknown,2.1,80.0,,,,,32.75,-97.35,32.75,-97.35,,"The fourth and most significant tornado of the day developed in east Fort Worth just south of Ramey Avenue east of Loop 820, moved north and dissipated between Forest and Haynie streets, south ofGreenlee Street. Damage occurred to a strip mall, with heavy damage to a duplex. Several homes were partially unroofed, two businesses suffered heavy damage, and roof damage occurred to the sanctuary of a church.",TX,2002-04-16 17:59:00,2002-04-16 18:06:00,True,True
1133172,5288413,Texas,251,Johnson,FWD,2002-04-16 17:56:00,CST,2002-04-16 17:59:00,0,0,0,0,,,NWS STORM SURVEY,F0,Unknown,1.1,70.0,,,,,32.3,-97.16667,32.3,-97.16667,,The tornado touched down in open country with no known damage.,TX,2002-04-16 18:56:00,2002-04-16 18:59:00,True,True
1133172,5288414,Texas,251,Johnson,FWD,2002-04-16 18:07:00,CST,2002-04-16 18:08:00,0,0,0,0,,,NWS STORM SURVEY,F0,Unknown,0.5,40.0,,,,,32.3,-97.13333,32.3,-97.13333,,The tornado touched down in open country with no known damage.,TX,2002-04-16 19:07:00,2002-04-16 19:08:00,True,True
1133172,5288415,Texas,251,Johnson,FWD,2002-04-16 18:11:00,CST,2002-04-16 18:14:00,0,0,0,0,,,NWS STORM SURVEY,F0,Unknown,1.0,100.0,,,,,32.28333,-97.11667,32.28333,-97.11667,,The tornado touched down in open country with no known damage.,TX,2002-04-16 19:11:00,2002-04-16 19:14:00,True,True
1133172,5288416,Texas,251,Johnson,FWD,2002-04-16 18:14:00,CST,2002-04-16 18:16:00,0,0,0,0,,,NWS STORM SURVEY,F0,Unknown,1.0,40.0,,,,,32.28333,-97.2,32.28333,-97.2,,The tornado touched down in open country with no known damage.,TX,2002-04-16 19:14:00,2002-04-16 19:16:00,True,True
1133172,5288417,Texas,139,Ellis,FWD,2002-04-16 18:31:00,CST,2002-04-16 18:38:00,0,0,0,0,5K,,NWS STORM SURVEY,F1,Unknown,2.3,200.0,,,,,32.35,-97.06667,32.33333,-97.01667,,"The first Ellis county tornado touched down on Ozro Road, moved east and dissipated aftercrossing FM 157. Damage to trees, storage buildings, and roofs of homes.",TX,2002-04-16 19:31:00,2002-04-16 19:38:00,True,True
1133172,5288418,Texas,139,Ellis,FWD,2002-04-16 18:50:00,CST,2002-04-16 18:53:00,0,0,0,0,3K,,NWS STORM SURVEY,F0,Unknown,0.4,75.0,,,,,32.38333,-96.95,32.38333,-96.93333,,The second Ellis county tornado touched down on Hoyt Road just north of Buena Vista Road. The tornado moved northeast causing fence and tree damage before dissipating.,TX,2002-04-16 19:50:00,2002-04-16 19:53:00,True,True
1133172,5288419,Texas,139,Ellis,FWD,2002-04-16 19:01:00,CST,2002-04-16 19:03:00,0,0,0,0,10K,,LAW ENFORCEMENT,F0,Unknown,0.2,70.0,,,,,32.33333,-96.85,32.35,-96.8,,This tornado touched down on Interstate 35 near mile marker 394 south of Waxahachie. Two tractor trailers were overturned.,TX,2002-04-16 20:01:00,2002-04-16 20:03:00,True,True
1133172,5288420,Texas,139,Ellis,FWD,2002-04-16 19:25:00,CST,2002-04-16 19:27:00,0,0,0,0,,,NWS STORM SURVEY,F0,Unknown,0.4,60.0,,,,,32.3,-96.98333,32.3,-96.98333,,This tornado touched down in open country with no known damage.,TX,2002-04-16 20:25:00,2002-04-16 20:27:00,True,True
1132356,5284693,Texas,293,Limestone,FWD,2002-03-30 13:21:00,CST,2002-03-30 13:35:00,0,0,0,0,250K,,LAW ENFORCEMENT,F2,Unknown,7.0,440.0,,,,,31.4,-96.58333,31.45,-96.46667,,"This tornado first touched down just west of farm road 2749 about .5 mile southeast of Thornton. Two houses were damaged, one mobile home destroyed and a mobile home unroofed. The tornado moved northeast damaging a barn, then moved into the Davis Prairie community damaging several houses, some mobile homes, and numerous outbuildings. The tornado moved northeast and weakened before dissipating 2.4 miles south of the Box Church community.",TX,2002-03-30 13:21:00,2002-03-30 13:35:00,False,False
1132356,5284694,Texas,293,Limestone,FWD,2002-03-30 13:55:00,CST,2002-03-30 13:59:00,0,0,0,0,3K,,LAW ENFORCEMENT,F0,Unknown,2.5,30.0,,,,,31.5,-96.36667,31.51667,-96.33333,,"A shed roof was blown off, the antenna was blown off a house, and numerous trees were blown down. The tornado moved northeast into rural Freestone County 1.5 miles north of Personville.",TX,2002-03-30 13:55:00,2002-03-30 13:59:00,False,False
1132459,5285335,Texas,465,Val Verde,EWX,2002-04-07 15:10:00,CST,2002-04-07 15:12:00,0,0,0,0,0,0,LAW ENFORCEMENT,F0,Unknown,0.2,30.0,,,,,29.51667,-101.01667,29.53333,-101.0,,Sheriff's Deputies reported that a small and short-lived tornado touched down in an open area just northwest of Lake Amistad. Members of the public who were in the area also reported a roaring sound the tornado struck. No damage was indicated.,TX,2002-04-07 16:10:00,2002-04-07 16:12:00,True,True
1133365,5287899,Iowa,125,Marion,DMX,2002-05-08 19:15:00,CST,2002-05-08 19:15:00,0,0,0,0,,,TRAINED SPOTTER,F0,Unknown,0.2,30.0,,,,,41.38333,-93.26667,41.38333,-93.26667,"Low pressure over north central Kansas at sunrise on the 8th lifted northeast during the day. The low tracked northeast across west central, into northeast Iowa by the evening of the 8th. A warm front extending east from the low lifted north across the state rapidly during the morning hours. Dew points warmed into the mid 60s ahead of the low in the warm sector as surface temperatures warmed into the low 80s. The airmass became unstable by the afternoon hours as the heating of the day eliminated the cap. Thunderstorms erupted along the cold front by the late afternoon. The event was mainly of wind and hail. Several reports of winds of 60 to as much as 75 mph were received over central, south central, and southeast Iowa. The hail was generally around an inch in diameter, though golf ball size hail was reported with one of the storms as it moved over Searsboro, in Poweshiek County. One tornado was reported in central Iowa in Marion County. The tornado was a brief spin-up gustnado developed near the town of Pleasantville. It touched down in an open area and caused very little damage.",Brief spin up gustnado in open area.,IA,2002-05-08 20:15:00,2002-05-08 20:15:00,True,True
1133162,5288015,Pennsylvania,85,Mercer,PBZ,2002-04-28 13:45:00,EST,2002-04-28 14:00:00,0,0,0,0,750K,,NWS STORM SURVEY,F1,Unknown,10.0,200.0,,,,,41.28,-80.16667,41.33,-80.01667,"A storm producing two separate tornadoes moved across Mercer and Venango counties. The first tornado spawned by this storm, an F0, touched down in Mercer County at 1:35 PM EST near the community of Hermitage (approximately 2 miles east of Sharon) and moved to the east-northeast for about 6 miles before dissipating at approximately 1:40 PM EST. The maximum estimated winds were about 70 mph. Some of the damage observed from this first tornado included a downed fire tower near Hermitage. The windward side of a barn in Jefferson Township was blown apart and the adjacent building exhibited large holes in the metal sides from flying debris. A garage that was under construction also suffered major damage. Numerous trees and telephone poles were either toppled or snapped along the path of the tornado. There were also some trees toppled onto houses. The same storm continued moving to the east-northeast and produced another tornado in Mercer County, an F1, which touched down about 5 miles northeast of Mercer near Lake Latonka at 1:45 PM EST. It moved to the east-northeast along Routes 65 and 965, eventually crossing over into Venango County at 2:00 PM EST approximately 5 miles east of the town of Stoneboro. The tornado continued traveling to the east-northeast in Venango County, passing just south of the town of Polk, then dissipating about 2 miles southwest of Franklin at approximately 2:06 PM EST. Even though the tornado dissipated, sporadic downburst wind damage continued for several more miles in Venango County. The total path length of this tornado was about 16 miles, with 10 of those miles in Mercer County and 6 miles in Venango County. The maximum estimated winds were 105 mph with a maximum width of about 200 yards. In Mercer County, this tornado produced structural damage to several houses at Lake Latonka. Also, there were several decks and porches destroyed. Some sheds and small garages were damaged, and there were numerous trees toppled or snapped. One boat was blown over, and siding and shingles were blown off houses. Near Jackson Corners, there were numerous large trees downed, as well as power lines and telephone poles. Also, several trees were toppled onto houses. Several signs were destroyed, and roofs, siding and shingles were ripped from several houses and out-buildings. The fish hatchery building had about a 100-square foot piece of its metal roof ripped off and thrown several hundred yards. A relatively new garage was completely destroyed. Also, a wooden 2x4 board was found thrown into a mobile home and pieces of wood were also driven into the front of a car. As the tornado approached the Venango County line, the damage pattern widened considerably. Thousands of trees and branches were snapped or toppled. At this point the path width of damage stretched to nearly nearly one-half mile, as the tornado track was joined by microburst damage.In Venango County, this tornado caused minor damage to 3 homes; moderate damage to another, and totally destroyed 4 barns. There were also 2 tree farms that suffered major damage and one-half of a double-wide mobile home was turned completely over onto its roof.",,PA,2002-04-28 14:45:00,2002-04-28 15:00:00,True,True
1133221,5288037,Texas,447,Throckmorton,SJT,2002-04-07 14:33:00,CST,2002-04-07 14:33:00,0,0,0,0,,,TRAINED SPOTTER,F0,Unknown,0.2,20.0,,,,,33.18333,-99.35,33.18333,-99.35,"Severe thunderstorms rolled across much of West Central Texas during the afternoon and evening hours of the 7th. Two supercells produced a total of 5 tornadoes, 3 across the northern Big Country in Throckmorton County and 2 more across the Northern Edwards Plateau in Crockett County. Although one of the tornadoes in Throckmorton was about three quarters of a mile wide and stayed on the ground for 16 minutes, it fortunately crossed open farmland, striking no homes were causing no injuries. Damage was more extensive with the southern supercell, with tennis ball size hail causing tens of thousands of dollars of damage to several ranch houses in eastern Crockett County. Other storms produced hail up to golf ball size across parts of the Concho Valley and Heartland.","A supercell thunderstorm dropped the first of its 3 tornadoes across Throckmorton County. This initial tornado was short lived and weak, producing no injuries and no damage.",TX,2002-04-07 15:33:00,2002-04-07 15:33:00,True,True
1133221,5288039,Texas,447,Throckmorton,SJT,2002-04-07 14:50:00,CST,2002-04-07 14:50:00,0,0,0,0,,,TRAINED SPOTTER,F0,Unknown,0.2,20.0,,,,,33.23333,-99.25,33.23333,-99.25,"Severe thunderstorms rolled across much of West Central Texas during the afternoon and evening hours of the 7th. Two supercells produced a total of 5 tornadoes, 3 across the northern Big Country in Throckmorton County and 2 more across the Northern Edwards Plateau in Crockett County. Although one of the tornadoes in Throckmorton was about three quarters of a mile wide and stayed on the ground for 16 minutes, it fortunately crossed open farmland, striking no homes were causing no injuries. Damage was more extensive with the southern supercell, with tennis ball size hail causing tens of thousands of dollars of damage to several ranch houses in eastern Crockett County. Other storms produced hail up to golf ball size across parts of the Concho Valley and Heartland.","The third and final tornado across Throckmorton County was similar to the first, a brief tornado touchdown in open country that produced no damage.",TX,2002-04-07 15:50:00,2002-04-07 15:50:00,True,True
1133223,5288130,Texas,319,Mason,SJT,2002-04-13 18:06:00,CST,2002-04-13 18:08:00,0,0,0,0,8K,,AMATEUR RADIO,F0,Unknown,0.5,50.0,,,,,30.9,-99.2,30.9,-99.18333,Scattered thunderstorms across the Concho Valley produced an isolated tornado in Mason county that demolished a travel trailer.,Brief tornado touchdown in eastern Mason county and demolished a travel trailer.,TX,2002-04-13 19:06:00,2002-04-13 19:08:00,True,True
1133344,5288371,Kansas,53,Ellsworth,ICT,2002-05-05 18:40:00,CST,2002-05-05 18:40:00,0,0,0,0,,,NWS EMPLOYEE(OFF DUTY),F0,Unknown,0.5,110.0,,,,,38.75,-98.41667,38.75,-98.41667,,Brief event that occurred in the country.,KS,2002-05-05 19:40:00,2002-05-05 19:40:00,True,True
1133348,5288823,Kansas,105,Lincoln,ICT,2002-05-11 15:27:00,CST,2002-05-11 15:27:00,0,0,0,0,,,LAW ENFORCEMENT,F0,Unknown,0.5,110.0,,,,,38.88333,-97.96667,38.88333,-97.96667,,Brief touchdown in open country.,KS,2002-05-11 16:27:00,2002-05-11 16:27:00,True,True
1133348,5288824,Kansas,155,Reno,ICT,2002-05-11 17:25:00,CST,2002-05-11 17:25:00,0,0,0,0,,,FIRE DEPT/RESCUE SQUAD,F0,Unknown,0.5,55.0,,,,,37.95,-98.41667,37.95,-98.41667,,Remained in the country.,KS,2002-05-11 18:25:00,2002-05-11 18:25:00,True,True
1133115,5289235,Texas,305,Lynn,LUB,2002-04-19 18:08:00,CST,2002-04-19 18:15:00,0,0,0,0,,,TRAINED SPOTTER,F0,Unknown,2.0,50.0,,,,,33.15,-101.88333,33.18333,-101.85,,"Amateur radio storm spotters reported a tornado 2 miles south of Highway 380 on Farm-to-Market Road 3112. The tornado was produced by an antimesocyclone, which was located on the north flank of a left-split storm. The tornado, which rotated clockwise in direction, seemed to develop as the storm interacted with a frontal boundary.",TX,2002-04-19 19:08:00,2002-04-19 19:15:00,True,True
1133145,5287607,Oklahoma,9,Beckham,OUN,2002-04-17 21:15:00,CST,2002-04-17 21:16:00,0,0,0,0,40K,,EMERGENCY MANAGER,F1,Unknown,0.3,50.0,,,,,35.51667,-99.36667,35.51667,-99.36667,"Numerous severe thunderstorms were observed over western Oklahoma during the afternoon and evening of the 17th and early morning of the 18th. Four tornadoes were confirmed, and there were several reports of very large hail, even one report of softball size hail (4.5 inches in diameter). The tornadoes were at night with the largest tornado, believed to be up to one mile wide, causing a maximum of F2 damage over a 34 mile path across northwest Oklahoma. Another tornado resulted in F3 damage.","This tornado was observed by the Elk City Fire Dept., near Highway 34, in northeast Beckham County. A sw-ne oriented, anchored mobile home was blown 50 yards northward with only the foundation remaining. A 16 foot stock trailer, oriented n-s, was twisted 180 degrees, and barns were destroyed.",OK,2002-04-17 22:15:00,2002-04-17 22:16:00,True,True
1133145,5287608,Oklahoma,3,Alfalfa,OUN,2002-04-18 00:39:00,CST,2002-04-18 00:40:00,0,0,0,0,0K,,LAW ENFORCEMENT,F0,Unknown,0.8,75.0,,,,,36.7,-98.35,36.71667,-98.33333,"Numerous severe thunderstorms were observed over western Oklahoma during the afternoon and evening of the 17th and early morning of the 18th. Four tornadoes were confirmed, and there were several reports of very large hail, even one report of softball size hail (4.5 inches in diameter). The tornadoes were at night with the largest tornado, believed to be up to one mile wide, causing a maximum of F2 damage over a 34 mile path across northwest Oklahoma. Another tornado resulted in F3 damage.",The Cherokee Police Department observed this brief tornado south of Cherokee with no known damage.,OK,2002-04-18 01:39:00,2002-04-18 01:40:00,True,True
1133164,5288020,Pennsylvania,63,Indiana,PBZ,2002-04-28 15:10:00,EST,2002-04-28 15:13:00,1,0,0,0,250K,,NWS STORM SURVEY,F1,90 mph,2.0,100.0,,,,,40.76667,-78.96667,40.76667,-78.93333,,"An F1 tornado touched down near the small town of Deckers Point (about 7 miles northeast of Clymer) at 3:10 PM EST. It traveled about 2 miles before dissipating at 3:13 PM EST. The maximum estimated winds were about 90 mph.The tornado blew the doors off of one house and caused the opposite wall to push out, while also lifting up the roof. A 100-year old house lost its entire roof, which was blown off and deposited about 150 yards away. Additionally, the house's garage was completely destroyed with cinder blocks thrown nearly 100 yards. There were numerous trees, power lines, and telephone poles downed. Sheds and small garages were damaged or destroyed, and one wooden garage was picked up and moved over the car that was parked inside.",PA,2002-04-28 16:10:00,2002-04-28 16:13:00,True,True
1133165,5288021,Pennsylvania,19,Butler,PBZ,2002-04-28 14:01:00,EST,2002-04-28 14:06:00,0,0,0,0,200K,,NWS STORM SURVEY,F1,Unknown,7.0,50.0,,,,,40.85,-80.06667,40.86667,-79.91667,,"An F1 tornado touched down at 2:01 PM EST around 10 miles west of the city of Butler. It traveled to the east-northeast and dissipated at around 2:06 PM EST 2 miles northwest of Butler. The estimated maximum winds along this 7-mile path were about 105 mph. Roofs were blown off several houses with one being deposited about 75 yards away. Other houses lost siding, and a barn lost part of its roof. Large swaths of trees were downed. Some of the trees were laying in a circular or converging pattered which indicated cyclonic motion. Some trees were also snapped or sheared off.",PA,2002-04-28 15:01:00,2002-04-28 15:06:00,True,True
1133213,5288963,Ohio,169,Wayne,CLE,2002-04-19 16:16:00,EST,2002-04-19 16:16:00,0,0,0,0,,,LAW ENFORCEMENT,F0,Unknown,0.1,25.0,,,,,40.96667,-81.68333,40.96667,-81.68333,,A small tornado briefly touched down in a field near the intersection of State Route 21 and Deerfield Avenue. The initial touchdown occurred in Chippewa Township approximately four miles southeast of Doylestown. The tornado was only on the ground a few dozen yards but managed to cross into Stark County before quickly dissipating. No damage occurred.,OH,2002-04-19 17:16:00,2002-04-19 17:16:00,True,True
1133308,5288807,Florida,111,St. Lucie,MLB,2002-05-14 16:00:00,EST,2002-05-14 16:00:00,0,0,0,0,20K,0,NWS STORM SURVEY,F0,Unknown,0.1,20.0,,,,,27.45,-80.45,27.45,-80.45,,"A small F0 tornado touched down briefly in a truck repair facility, damaging the roof of one structure and destroying large awnings attached to the truck garage.",FL,2002-05-14 17:00:00,2002-05-14 17:00:00,True,True
1131913,5287437,Hawaii,7,Kauai,HFO,2002-03-24 14:55:00,HST,2002-03-24 15:10:00,0,0,0,0,60K,,OFFICIAL NWS OBS.,F0,Unknown,1.0,30.0,,,,,22.11667,-159.3,22.11667,-159.3,"At 1455 HST, a tornado touched down in Anahola Valley near the park and then skipped over homes and moved toward Anahola's Bayview and Papaa areas before moving to the south end of neighboring Moloaa Valley and dissipating. Six homes sustained roof and wall damage in the Bayview and Papaa locales. Small trees and several sheds were also destroyed. The tornado track was not continuous. The average path width was 30 yards.",,HI,2002-03-24 14:55:00,2002-03-24 15:10:00,False,False
1133162,5288016,Pennsylvania,121,Venango,PBZ,2002-04-28 14:00:00,EST,2002-04-28 14:06:00,0,0,0,0,250K,,NWS STORM SURVEY,F1,Unknown,6.0,200.0,,,,,41.35,-80.0,41.38333,-79.88333,"A storm producing two separate tornadoes moved across Mercer and Venango counties. The first tornado spawned by this storm, an F0, touched down in Mercer County at 1:35 PM EST near the community of Hermitage (approximately 2 miles east of Sharon) and moved to the east-northeast for about 6 miles before dissipating at approximately 1:40 PM EST. The maximum estimated winds were about 70 mph. Some of the damage observed from this first tornado included a downed fire tower near Hermitage. The windward side of a barn in Jefferson Township was blown apart and the adjacent building exhibited large holes in the metal sides from flying debris. A garage that was under construction also suffered major damage. Numerous trees and telephone poles were either toppled or snapped along the path of the tornado. There were also some trees toppled onto houses. The same storm continued moving to the east-northeast and produced another tornado in Mercer County, an F1, which touched down about 5 miles northeast of Mercer near Lake Latonka at 1:45 PM EST. It moved to the east-northeast along Routes 65 and 965, eventually crossing over into Venango County at 2:00 PM EST approximately 5 miles east of the town of Stoneboro. The tornado continued traveling to the east-northeast in Venango County, passing just south of the town of Polk, then dissipating about 2 miles southwest of Franklin at approximately 2:06 PM EST. Even though the tornado dissipated, sporadic downburst wind damage continued for several more miles in Venango County. The total path length of this tornado was about 16 miles, with 10 of those miles in Mercer County and 6 miles in Venango County. The maximum estimated winds were 105 mph with a maximum width of about 200 yards. In Mercer County, this tornado produced structural damage to several houses at Lake Latonka. Also, there were several decks and porches destroyed. Some sheds and small garages were damaged, and there were numerous trees toppled or snapped. One boat was blown over, and siding and shingles were blown off houses. Near Jackson Corners, there were numerous large trees downed, as well as power lines and telephone poles. Also, several trees were toppled onto houses. Several signs were destroyed, and roofs, siding and shingles were ripped from several houses and out-buildings. The fish hatchery building had about a 100-square foot piece of its metal roof ripped off and thrown several hundred yards. A relatively new garage was completely destroyed. Also, a wooden 2x4 board was found thrown into a mobile home and pieces of wood were also driven into the front of a car. As the tornado approached the Venango County line, the damage pattern widened considerably. Thousands of trees and branches were snapped or toppled. At this point the path width of damage stretched to nearly nearly one-half mile, as the tornado track was joined by microburst damage.In Venango County, this tornado caused minor damage to 3 homes; moderate damage to another, and totally destroyed 4 barns. There were also 2 tree farms that suffered major damage and one-half of a double-wide mobile home was turned completely over onto its roof.",,PA,2002-04-28 15:00:00,2002-04-28 15:06:00,True,True
1133160,5287930,West Virginia,51,Marshall,PBZ,2002-04-28 14:15:00,EST,2002-04-28 14:20:00,0,0,0,0,100K,,NWS STORM SURVEY,F1,Unknown,1.0,150.0,,,,,39.73333,-80.71667,39.75,-80.7,,An F1 tornado touched down about one-half mile northeast of the town of St. Joseph in southeast Marshall County. It traveled about 1 mile before dissipating. The estimated maximum winds were about 100 mph with a maximum width of about 150 yards. The tornado destroyed a barn and damaged several others. Shingles were blown from a house. There were numerous trees toppled or snapped. This storm also produced very large hail of up to 2.5 inches as it passed through counties to the west.,WV,2002-04-28 15:15:00,2002-04-28 15:20:00,True,True
1132806,5289302,Kansas,113,Mcpherson,ICT,2002-04-18 17:30:00,CST,2002-04-18 17:30:00,0,0,0,0,,,TRAINED SPOTTER,F0,Unknown,0.5,55.0,,,,,38.4,-97.61667,38.4,-97.61667,,Brief touchdown in open country.,KS,2002-04-18 17:30:00,2002-04-18 17:30:00,False,False
1133003,5289217,Nebraska,9,Blaine,LBF,2002-05-05 17:30:00,CST,2002-05-05 17:30:00,0,0,0,0,,,TRAINED SPOTTER,F0,Unknown,0.5,20.0,,,,,41.81667,-100.21667,41.81667,-100.21667,,Brief touchdown with no damage reported.,NE,2002-05-05 18:30:00,2002-05-05 18:30:00,True,True
1132459,5285336,Texas,465,Val Verde,EWX,2002-04-07 15:40:00,CST,2002-04-07 15:42:00,0,0,0,0,0,0,LAW ENFORCEMENT,F0,Unknown,0.2,30.0,,,,,29.35,-100.9,29.35,-100.9,,"Val Verde County Sheriff's Deputies observed a second small tornado as it touched down briefly just south of the city of Del Rio. Again, the public in the area reported hearing a roaring sound as the tornado touched down. No damage occurred.",TX,2002-04-07 16:40:00,2002-04-07 16:42:00,True,True
1132460,5285338,Texas,271,Kinney,EWX,2002-04-07 16:20:00,CST,2002-04-07 16:25:00,0,0,0,0,0,0,AMATEUR RADIO,F0,Unknown,3.0,50.0,,,,,29.31667,-100.15,29.31667,-100.2,,"Skywarn Amateur Radio Operators spotted a tornado as it touched down in open country to the west of Brackettville, near US 90, and tracked toward the east. It caused no known damage.",TX,2002-04-07 17:20:00,2002-04-07 17:25:00,True,True
1133145,5287606,Oklahoma,43,Dewey,OUN,2002-04-17 22:33:00,CST,2002-04-17 22:41:00,0,0,0,0,20K,,EMERGENCY MANAGER,F3,Unknown,5.0,600.0,,,,,36.1,-99.08333,36.15,-99.06667,"Numerous severe thunderstorms were observed over western Oklahoma during the afternoon and evening of the 17th and early morning of the 18th. Four tornadoes were confirmed, and there were several reports of very large hail, even one report of softball size hail (4.5 inches in diameter). The tornadoes were at night with the largest tornado, believed to be up to one mile wide, causing a maximum of F2 damage over a 34 mile path across northwest Oklahoma. Another tornado resulted in F3 damage.","This tornado formed in northern Dewey County, near Cestos, and moved northward, entering Woodward County at 2241 CST. In Dewey County, an old, abandoned farm house, constructed of wood, with broken windows and no doors, was leveled, about 2.5 miles east-southeast of Cestos. Huge cottonwood trees nearby were uprooted. A 15 ft long bus, with no engine, was lofted over a chain-link fence and dropped on its side about 50-75 ft away, and a 1/2 ton pickup trailer bed, detached from the front of the truck, was picked up and carried about 1/2 mile, and crumpled.",OK,2002-04-17 23:33:00,2002-04-17 23:41:00,True,True
1133344,5288362,Kansas,167,Russell,ICT,2002-05-05 17:42:00,CST,2002-05-05 17:42:00,0,0,0,0,,,LAW ENFORCEMENT,F0,Unknown,0.5,110.0,,,,,38.83333,-98.85,38.83333,-98.85,,Brief touchdown.,KS,2002-05-05 18:42:00,2002-05-05 18:42:00,True,True
1133344,5288365,Kansas,167,Russell,ICT,2002-05-05 17:52:00,CST,2002-05-05 17:52:00,0,0,0,0,,,LAW ENFORCEMENT,F0,Unknown,0.5,110.0,,,,,38.83333,-98.85,38.83333,-98.85,,Brief touchdown.,KS,2002-05-05 18:52:00,2002-05-05 18:52:00,True,True
1133344,5288369,Kansas,167,Russell,ICT,2002-05-05 18:20:00,CST,2002-05-05 18:20:00,0,0,0,0,,,LAW ENFORCEMENT,F0,Unknown,0.5,110.0,,,,,38.85,-98.63333,38.85,-98.63333,,Brief touchdown.,KS,2002-05-05 19:20:00,2002-05-05 19:20:00,True,True
1133344,5288370,Kansas,105,Lincoln,ICT,2002-05-05 18:20:00,CST,2002-05-05 18:20:00,0,0,0,0,5K,,LAW ENFORCEMENT,F0,Unknown,1.0,220.0,,,,,38.98333,-97.96667,38.98333,-97.96667,,Shed damaged.,KS,2002-05-05 19:20:00,2002-05-05 19:20:00,True,True
1132325,5285294,Texas,465,Val Verde,EWX,2002-03-19 15:20:00,CST,2002-03-19 15:22:00,0,0,0,0,0,0,LAW ENFORCEMENT,F0,Unknown,0.2,30.0,,,,,29.8,-101.16667,29.8,-101.16667,,This small and short-lived tornado was spotted by Val Verde County Sheriff's Deputies in open country north of Comstock. It caused no damage.,TX,2002-03-19 15:20:00,2002-03-19 15:22:00,False,False
1132325,5285295,Texas,465,Val Verde,EWX,2002-03-19 15:45:00,CST,2002-03-19 15:47:00,0,0,0,0,0,0,LAW ENFORCEMENT,F0,Unknown,0.2,30.0,,,,,29.53333,-101.05,29.53333,-101.05,,A second small and short-lived tornado was spotted by Val Verde County deputies near Lake Amistad in open country.,TX,2002-03-19 15:45:00,2002-03-19 15:47:00,False,False
1132325,5285296,Texas,465,Val Verde,EWX,2002-03-19 16:10:00,CST,2002-03-19 16:12:00,0,0,0,0,0,0,LAW ENFORCEMENT,F0,Unknown,0.2,30.0,,,,,29.6,-100.9,29.6,-100.9,,"A third, and final, small tornado was spotted by Val Verde County deputies north of Del Rio in open country.",TX,2002-03-19 16:10:00,2002-03-19 16:12:00,False,False
1132326,5285298,Texas,271,Kinney,EWX,2002-03-19 16:04:00,CST,2002-03-19 16:06:00,0,0,0,0,0,0,TRAINED SPOTTER,F0,Unknown,0.2,100.0,,,,,29.13333,-100.46667,29.13333,-100.46667,,A small and short-lived tornado was observed in southwest Kinney County by members of the Eagle Pass Fire Department.,TX,2002-03-19 16:04:00,2002-03-19 16:06:00,False,False
1132027,5285805,Texas,399,Runnels,SJT,2002-03-19 14:13:00,CST,2002-03-19 14:14:00,0,0,0,0,,,LAW ENFORCEMENT,F0,Unknown,0.2,20.0,,,,,31.68333,-99.95,31.68333,-99.95,"A supercell thunderstorm produced 3 tornadoes as it moved from San Angelo northeast to near Ballinger. Although the tornadoes produced minor damages, hail up to the size of golf balls that fell during the storm pounded the southern half of San Angelo, producing over $15 million in damage. Other storms produced quarter size hail and wind damage across parts of the Heartland and Northwest Hill Country.",A tornado briefly touched down in an open field south of the town of Ballinger.,TX,2002-03-19 14:13:00,2002-03-19 14:14:00,False,False
1133344,5288279,Kansas,167,Russell,ICT,2002-05-05 16:17:00,CST,2002-05-05 16:17:00,0,0,0,0,,,LAW ENFORCEMENT,F0,Unknown,0.5,110.0,,,,,39.11667,-98.85,39.11667,-98.85,,Brief touchdown.,KS,2002-05-05 17:17:00,2002-05-05 17:17:00,True,True
1133005,5289328,Nebraska,63,Frontier,LBF,2002-05-26 17:40:00,CST,2002-05-26 17:40:00,0,0,0,0,,,STORM CHASER,F0,Unknown,0.5,20.0,,,,,40.46667,-100.46667,40.46667,-100.46667,,Brief touchdown with no damage reported.,NE,2002-05-26 18:40:00,2002-05-26 18:40:00,True,True
1133005,5289329,Nebraska,63,Frontier,LBF,2002-05-26 18:05:00,CST,2002-05-26 18:05:00,0,0,0,0,,,TRAINED SPOTTER,F0,Unknown,0.5,20.0,,,,,40.36667,-100.38333,40.36667,-100.38333,,Brief touchdown with no damage reported.,NE,2002-05-26 19:05:00,2002-05-26 19:05:00,True,True
1133347,5288462,Kansas,115,Marion,ICT,2002-05-08 14:41:00,CST,2002-05-08 14:41:00,0,0,0,0,,,LAW ENFORCEMENT,F0,Unknown,1.0,220.0,,,,,38.3,-97.35,38.3,-97.35,,Occurred in open country.,KS,2002-05-08 15:41:00,2002-05-08 15:41:00,True,True
1133133,5288295,Tennessee,85,Humphreys,OHX,2002-04-30 22:26:00,CST,2002-04-30 22:26:00,0,0,0,0,,,LAW ENFORCEMENT,F0,Unknown,0.1,6.0,,,,,36.11667,-87.63333,36.11667,-87.63333,,Tornado blew down a few trees. Tornado spotted by fire chief at Fire Hall #2 located at 68 Wilkie St. No. in McEwen.,TN,2002-04-30 23:26:00,2002-04-30 23:26:00,True,True
1133348,5288711,Kansas,169,Saline,ICT,2002-05-11 15:52:00,CST,2002-05-11 15:52:00,0,0,0,0,,,LAW ENFORCEMENT,F0,Unknown,1.0,110.0,,,,,38.88333,-97.75,38.88333,-97.75,,Occurred in open country.,KS,2002-05-11 16:52:00,2002-05-11 16:52:00,True,True
1133348,5288717,Kansas,9,Barton,ICT,2002-05-11 15:14:00,CST,2002-05-11 15:15:00,0,0,0,0,,,TRAINED SPOTTER,F0,Unknown,1.0,110.0,,,,,38.45,-98.65,38.45,-98.65,,No details provided.,KS,2002-05-11 16:14:00,2002-05-11 16:15:00,True,True
1133348,5288719,Kansas,53,Ellsworth,ICT,2002-05-11 15:34:00,CST,2002-05-11 15:34:00,0,0,0,0,,,LAW ENFORCEMENT,F0,Unknown,1.0,110.0,,,,,38.65,-98.23333,38.65,-98.23333,,Occurred in open country.,KS,2002-05-11 16:34:00,2002-05-11 16:34:00,True,True
1133348,5288720,Kansas,159,Rice,ICT,2002-05-11 15:56:00,CST,2002-05-11 15:56:00,0,0,0,0,,,LAW ENFORCEMENT,F0,Unknown,0.5,110.0,,,,,38.51667,-98.33333,38.51667,-98.33333,,Brief touchdown in open country.,KS,2002-05-11 16:56:00,2002-05-11 16:56:00,True,True
1133569,5289044,Illinois,151,Pope,PAH,2002-04-28 00:59:00,CST,2002-04-28 01:10:00,1,0,0,0,400K,,NWS STORM SURVEY,F3,Unknown,12.0,200.0,,,,,37.35,-88.71667,37.38333,-88.46667,,"The tornado touched down near Dixon Springs and tracked east, parallel and very close to Illinois Route 146. The path was through rural farm country and the Shawnee National Forest. A couple of farm buildings were damaged near the beginning of the track. Where the tornado crossed Route 146, a mobile home was destroyed, injuring one person. On the north side of Golconda, one brick home was destroyed and a couple of nearby homes were damaged. The tornado then crossed the Ohio River into Kentucky.",IL,2002-04-28 01:59:00,2002-04-28 02:10:00,True,True
1132328,5285375,Texas,463,Uvalde,EWX,2002-03-19 18:50:00,CST,2002-03-19 18:58:00,0,0,0,0,0,0,NWS STORM SURVEY,F0,Unknown,2.0,50.0,,,,,29.35,-99.5,29.36667,-99.46667,,A small and short-lived tornado was observed near Sabinal by a law enforcement officer. Reports of the tornado were also called in by the public. It struck approximately 3 miles northwest of Sabinal and tracked toward the east northeast before dissipating. The tornado did not cause any significant damage. It was rated F0 on the Fujita Scale.,TX,2002-03-19 18:50:00,2002-03-19 18:58:00,False,False
1133162,5288014,Pennsylvania,85,Mercer,PBZ,2002-04-28 13:35:00,EST,2002-04-28 13:40:00,0,0,0,0,150K,,NWS STORM SURVEY,F0,Unknown,6.0,50.0,,,,,41.25,-80.46667,41.28,-80.3,"A storm producing two separate tornadoes moved across Mercer and Venango counties. The first tornado spawned by this storm, an F0, touched down in Mercer County at 1:35 PM EST near the community of Hermitage (approximately 2 miles east of Sharon) and moved to the east-northeast for about 6 miles before dissipating at approximately 1:40 PM EST. The maximum estimated winds were about 70 mph. Some of the damage observed from this first tornado included a downed fire tower near Hermitage. The windward side of a barn in Jefferson Township was blown apart and the adjacent building exhibited large holes in the metal sides from flying debris. A garage that was under construction also suffered major damage. Numerous trees and telephone poles were either toppled or snapped along the path of the tornado. There were also some trees toppled onto houses. The same storm continued moving to the east-northeast and produced another tornado in Mercer County, an F1, which touched down about 5 miles northeast of Mercer near Lake Latonka at 1:45 PM EST. It moved to the east-northeast along Routes 65 and 965, eventually crossing over into Venango County at 2:00 PM EST approximately 5 miles east of the town of Stoneboro. The tornado continued traveling to the east-northeast in Venango County, passing just south of the town of Polk, then dissipating about 2 miles southwest of Franklin at approximately 2:06 PM EST. Even though the tornado dissipated, sporadic downburst wind damage continued for several more miles in Venango County. The total path length of this tornado was about 16 miles, with 10 of those miles in Mercer County and 6 miles in Venango County. The maximum estimated winds were 105 mph with a maximum width of about 200 yards. In Mercer County, this tornado produced structural damage to several houses at Lake Latonka. Also, there were several decks and porches destroyed. Some sheds and small garages were damaged, and there were numerous trees toppled or snapped. One boat was blown over, and siding and shingles were blown off houses. Near Jackson Corners, there were numerous large trees downed, as well as power lines and telephone poles. Also, several trees were toppled onto houses. Several signs were destroyed, and roofs, siding and shingles were ripped from several houses and out-buildings. The fish hatchery building had about a 100-square foot piece of its metal roof ripped off and thrown several hundred yards. A relatively new garage was completely destroyed. Also, a wooden 2x4 board was found thrown into a mobile home and pieces of wood were also driven into the front of a car. As the tornado approached the Venango County line, the damage pattern widened considerably. Thousands of trees and branches were snapped or toppled. At this point the path width of damage stretched to nearly nearly one-half mile, as the tornado track was joined by microburst damage.In Venango County, this tornado caused minor damage to 3 homes; moderate damage to another, and totally destroyed 4 barns. There were also 2 tree farms that suffered major damage and one-half of a double-wide mobile home was turned completely over onto its roof.",,PA,2002-04-28 14:35:00,2002-04-28 14:40:00,True,True
1133163,5288017,Pennsylvania,5,Armstrong,PBZ,2002-04-28 14:45:00,EST,2002-04-28 14:52:00,0,0,0,0,150K,,NWS STORM SURVEY,F0,Unknown,3.0,150.0,,,,,40.58,-79.48333,40.57,-79.43333,"A storm spawning two separate tornadoes passed over southern Armstrong County, continuing eastward into Indiana County. The first tornado, an F0, touched down at approximately 2:45 PM EST just south of the town of Spring Church in Armstrong County. It traveled east about 3 miles before crossing into Indiana County approximately 1 mile east of Maysville at 2:52 PM EST. This tornado continued traveling to the east for another mile, finally dissipating near the community of Iselin at around 2:55 PM EST. The maximum estimated winds with this tornado were about 70 mph.Damage from this first tornado included numerous trees which were toppled or snapped. A small steeple was toppled, and a swimming pool was destroyed. There were several trees toppled onto houses, and some houses suffered minor wind damage. A garage was damaged, and a house under construction was lifted off the foundation. The same storm produced another stronger tornado, an F2, which touched down in Indiana County approximately 6 miles southwest of the city of Indiana at 3:00 PM EST. This F2 traveled to the east across Center Township for approximately 5 miles, dissipating just south of Indiana at 3:06 PM EST. The estimated maximum winds were around 135 mph. This F2 tornado produced a swath of damage as it traveled eastward across Indiana County. One house was totally destroyed, and debris from this house was blown downwind. In this same area, a car was turned over and trees were stripped of leaves. An adjacent house exhibited damage from hail or flying projectiles on several sides. The house immediately to the north of the destroyed house lost part of its east-facing roof. There were at least an additional 18 houses damaged (roofs, shingles, siding, etc.). Several garages and barns were either toppled or snapped. A large sign from a hotel was blown down onto a car sales lot. Two cars were crushed and 18 other vehicles were damaged. One moderate injury was reported with this tornado.",,PA,2002-04-28 15:45:00,2002-04-28 15:52:00,True,True
1133163,5288018,Pennsylvania,63,Indiana,PBZ,2002-04-28 14:52:00,EST,2002-04-28 14:55:00,0,0,0,0,15K,,NWS STORM SURVEY,F0,Unknown,1.0,150.0,,,,,40.56667,-79.4,40.56667,-79.38333,"A storm spawning two separate tornadoes passed over southern Armstrong County, continuing eastward into Indiana County. The first tornado, an F0, touched down at approximately 2:45 PM EST just south of the town of Spring Church in Armstrong County. It traveled east about 3 miles before crossing into Indiana County approximately 1 mile east of Maysville at 2:52 PM EST. This tornado continued traveling to the east for another mile, finally dissipating near the community of Iselin at around 2:55 PM EST. The maximum estimated winds with this tornado were about 70 mph.Damage from this first tornado included numerous trees which were toppled or snapped. A small steeple was toppled, and a swimming pool was destroyed. There were several trees toppled onto houses, and some houses suffered minor wind damage. A garage was damaged, and a house under construction was lifted off the foundation. The same storm produced another stronger tornado, an F2, which touched down in Indiana County approximately 6 miles southwest of the city of Indiana at 3:00 PM EST. This F2 traveled to the east across Center Township for approximately 5 miles, dissipating just south of Indiana at 3:06 PM EST. The estimated maximum winds were around 135 mph. This F2 tornado produced a swath of damage as it traveled eastward across Indiana County. One house was totally destroyed, and debris from this house was blown downwind. In this same area, a car was turned over and trees were stripped of leaves. An adjacent house exhibited damage from hail or flying projectiles on several sides. The house immediately to the north of the destroyed house lost part of its east-facing roof. There were at least an additional 18 houses damaged (roofs, shingles, siding, etc.). Several garages and barns were either toppled or snapped. A large sign from a hotel was blown down onto a car sales lot. Two cars were crushed and 18 other vehicles were damaged. One moderate injury was reported with this tornado.",,PA,2002-04-28 15:52:00,2002-04-28 15:55:00,True,True
1133163,5288019,Pennsylvania,63,Indiana,PBZ,2002-04-28 15:00:00,EST,2002-04-28 15:06:00,1,0,0,0,750K,,NWS STORM SURVEY,F2,Unknown,5.0,250.0,,,,,40.56667,-79.23333,40.61667,-79.15,"A storm spawning two separate tornadoes passed over southern Armstrong County, continuing eastward into Indiana County. The first tornado, an F0, touched down at approximately 2:45 PM EST just south of the town of Spring Church in Armstrong County. It traveled east about 3 miles before crossing into Indiana County approximately 1 mile east of Maysville at 2:52 PM EST. This tornado continued traveling to the east for another mile, finally dissipating near the community of Iselin at around 2:55 PM EST. The maximum estimated winds with this tornado were about 70 mph.Damage from this first tornado included numerous trees which were toppled or snapped. A small steeple was toppled, and a swimming pool was destroyed. There were several trees toppled onto houses, and some houses suffered minor wind damage. A garage was damaged, and a house under construction was lifted off the foundation. The same storm produced another stronger tornado, an F2, which touched down in Indiana County approximately 6 miles southwest of the city of Indiana at 3:00 PM EST. This F2 traveled to the east across Center Township for approximately 5 miles, dissipating just south of Indiana at 3:06 PM EST. The estimated maximum winds were around 135 mph. This F2 tornado produced a swath of damage as it traveled eastward across Indiana County. One house was totally destroyed, and debris from this house was blown downwind. In this same area, a car was turned over and trees were stripped of leaves. An adjacent house exhibited damage from hail or flying projectiles on several sides. The house immediately to the north of the destroyed house lost part of its east-facing roof. There were at least an additional 18 houses damaged (roofs, shingles, siding, etc.). Several garages and barns were either toppled or snapped. A large sign from a hotel was blown down onto a car sales lot. Two cars were crushed and 18 other vehicles were damaged. One moderate injury was reported with this tornado.",,PA,2002-04-28 16:00:00,2002-04-28 16:06:00,True,True
1133346,5288378,Kansas,115,Marion,ICT,2002-05-06 19:17:00,CST,2002-05-06 19:20:00,0,0,0,0,,,EMERGENCY MANAGER,F0,Unknown,2.0,100.0,,,,,38.35,-97.25,38.35,-97.21667,,A brief touchdown in open country.,KS,2002-05-06 20:17:00,2002-05-06 20:20:00,True,True
1133347,5288383,Kansas,113,Mcpherson,ICT,2002-05-08 14:07:00,CST,2002-05-08 14:09:00,0,0,0,0,,,BROADCAST MEDIA,F0,Unknown,2.0,110.0,,,,,38.26667,-97.6,38.28333,-97.61667,,"Reported by KSNW channel 3, the tornado remained in open country.",KS,2002-05-08 14:07:00,2002-05-08 14:09:00,False,False
1132356,5284791,Texas,133,Eastland,FWD,2002-03-30 15:59:00,CST,2002-03-30 16:04:00,0,0,0,0,50K,,LAW ENFORCEMENT,F1,Unknown,1.0,100.0,,,,,32.15,-98.96667,32.16667,-98.96667,,Three barns were destroyed.,TX,2002-03-30 15:59:00,2002-03-30 16:04:00,False,False
1132356,5284793,Texas,133,Eastland,FWD,2002-03-30 16:10:00,CST,2002-03-30 16:11:00,0,0,0,0,,,LAW ENFORCEMENT,F0,Unknown,0.1,30.0,,,,,32.16667,-99.03333,32.16667,-99.03333,,This was a brief touchdown with no apparent damage.,TX,2002-03-30 16:10:00,2002-03-30 16:11:00,False,False
1132356,5284794,Texas,143,Erath,FWD,2002-03-30 16:20:00,CST,2002-03-30 16:21:00,0,0,0,0,,,LAW ENFORCEMENT,F0,Unknown,0.1,30.0,,,,,32.13333,-97.91667,32.13333,-97.91667,,This was a brief touchdown with no apparent damage.,TX,2002-03-30 16:20:00,2002-03-30 16:21:00,False,False
1132356,5284795,Texas,1,Anderson,FWD,2002-03-30 16:24:00,CST,2002-03-30 16:24:00,0,0,0,0,,,LAW ENFORCEMENT,F0,Unknown,0.1,30.0,,,,,31.61667,-95.56667,31.61667,-95.56667,,This was a brief touchdown with no apparent damage.,TX,2002-03-30 16:24:00,2002-03-30 16:24:00,False,False
1131645,5286523,Arkansas,111,Poinsett,MEG,2002-03-29 17:08:00,CST,2002-03-29 17:09:00,0,0,0,0,0K,.01K,LAW ENFORCEMENT,F0,Unknown,0.2,10.0,,,,,35.68333,-90.53333,35.68333,-90.53333,,A tornado briefly touched down in an open field producing very little damage.,AR,2002-03-29 17:08:00,2002-03-29 17:09:00,False,False
1131172,5282570,Mississippi,67,Jones,JAN,2002-03-15 19:03:00,CST,2002-03-15 19:08:00,0,0,0,0,3.25M,,NWS STORM SURVEY,F1,Unknown,1.0,300.0,,,,,31.73333,-89.16667,31.71667,-89.15,,"A tornado formed about three miles northwest of Laurel or between the cities of Laurel and Soso in northwest Jones County. The tornado moved northeast 1 mile, before dissipating two miles northwest of the Laurel. West Jones County High School and Middle School sustained significant, structural damage. Most of the roof had collapsed along with other, structural damage which made the facility inhabitable. Damage costs to the school alone exceeded 2.5 million dollars per one county official. One home and one mobile home were also destroyed. Otherwise, ten to twelve homes sustained major damage along with several trees that were uprooted by the tornado.",MS,2002-03-15 19:03:00,2002-03-15 19:08:00,False,False
1131172,5282572,Mississippi,49,Hinds,JAN,2002-03-16 05:10:00,CST,2002-03-16 05:15:00,0,0,0,0,1.4M,,NWS STORM SURVEY,F1,Unknown,2.0,300.0,,,,,32.18333,-90.31667,32.21667,-90.28333,,"The tornado touched down approximately four miles west of the city of Byram, then tracked northeast two miles. The worst damage occurred along and near Spring Wood Drive and Springdale Road, where nine homes sustained major, structural damage. Thirty other homes sustained minor damage in the area. Otherwise, several trees and power lines were either blown down or uprooted.",MS,2002-03-16 05:10:00,2002-03-16 05:15:00,False,False
1132462,5285395,Texas,325,Medina,EWX,2002-04-07 18:40:00,CST,2002-04-07 18:43:00,0,0,0,0,200K,0,NWS STORM SURVEY,F2,Unknown,1.0,100.0,,,,,29.11667,-99.16667,29.13333,-99.18333,,"As a new supercell formed in southern Medina County and tracked eastward, it spawned an F2 tornado just west of the small community of Yancey. This was very close to the the site where a devastating F3 killer tornado had struck almost exactly 27 years earlier. This tornado touched down along County Road 731, destroying two homes. It moved toward the northeast for one mile, damaging two other homes and a mobile home while rolling over a car and knocking down several large trees.",TX,2002-04-07 19:40:00,2002-04-07 19:43:00,True,True
1132463,5285396,Texas,163,Frio,EWX,2002-04-07 19:00:00,CST,2002-04-07 19:01:00,0,0,0,0,10K,0,NWS STORM SURVEY,F1,Unknown,0.1,20.0,,,,,29.05,-98.88333,29.05,-98.88333,,"The small and short-lived tornado touched down briefly near a home, destroying several trees while not damaging the house itself.",TX,2002-04-07 20:00:00,2002-04-07 20:01:00,True,True
1132538,5284112,Iowa,15,Boone,DMX,2002-04-17 22:45:00,CST,2002-04-17 22:45:00,0,0,0,0,1K,,AMATEUR RADIO,F0,Unknown,0.3,35.0,,,,,41.88333,-93.88333,41.88333,-93.88333,"The cold front mentioned in the previous event washed out and stalled south of Iowa. An east to west boundary set up along the Iowa Missouri border. There was little in the way of temperature contrast across the boundary, however there was a very significant dew point discontinuity. Dew point readings were in the mid 30s to low 40s north of the boundary, while they were in the mid 60s to the south of it. During the evening hours, a low level get formed with winds of 50 to 65 kts blowing across the boundary. A supercell formed over eastern Nebraska and moved east-northeast into Iowa. There were a few other cells that formed during the evening, however most of the severe weather was associated with the one supercell. Hail from three quarters of an inch to two inches in diameter was common with the storm as it moved through. The supercell produced two tornadoes. Both of them were only on the ground briefly and caused little damage. The first was in Carroll County east of Dedham. The second was in Boone County west of Madrid. Later in the evening, a cluster of thunderstorms formed to the northwest of the supercell. In Kossuth County, hail nearly an inch in diameter nearly covered the ground along a two to three mile path near Fenton.",Brief touchdown in open country. Little significant damage.,IA,2002-04-17 23:45:00,2002-04-17 23:45:00,True,True
1132538,5284106,Iowa,27,Carroll,DMX,2002-04-17 21:40:00,CST,2002-04-17 21:40:00,0,0,0,0,1K,,TRAINED SPOTTER,F0,Unknown,0.5,40.0,,,,,41.9,-94.68333,41.9,-94.68333,"The cold front mentioned in the previous event washed out and stalled south of Iowa. An east to west boundary set up along the Iowa Missouri border. There was little in the way of temperature contrast across the boundary, however there was a very significant dew point discontinuity. Dew point readings were in the mid 30s to low 40s north of the boundary, while they were in the mid 60s to the south of it. During the evening hours, a low level get formed with winds of 50 to 65 kts blowing across the boundary. A supercell formed over eastern Nebraska and moved east-northeast into Iowa. There were a few other cells that formed during the evening, however most of the severe weather was associated with the one supercell. Hail from three quarters of an inch to two inches in diameter was common with the storm as it moved through. The supercell produced two tornadoes. Both of them were only on the ground briefly and caused little damage. The first was in Carroll County east of Dedham. The second was in Boone County west of Madrid. Later in the evening, a cluster of thunderstorms formed to the northwest of the supercell. In Kossuth County, hail nearly an inch in diameter nearly covered the ground along a two to three mile path near Fenton.",Brief touchdown with only minor damage.,IA,2002-04-17 22:40:00,2002-04-17 22:40:00,True,True
1132535,5283986,Illinois,97,Lake,LOT,2002-04-18 18:43:00,CST,2002-04-18 18:45:00,0,0,0,0,,,TRAINED SPOTTER,F0,Unknown,0.1,20.0,,,,,42.45,-87.8,42.45,-87.8,"Severe Thunderstorms moved across far northern Illinois during the evening of Thursday April 18th. Hail 2 and 1/2 inches in diameter fell in Forreston in Ogle county causing minor damage to parked cars. Several three foot diameter trees were broken off 10 feet above the ground in a cemetary west of Rockford in Winnebago county. Winds were measured at 66 mph in Lake Villa at 715 pm CDT. The most significant damage was in a retirement community northeast of the intersection of highway 60 and Peterson road near Round Lake Park. The winds damaged roofs, porches and windows on 15 to 20 homes. The damage was confined to a narrow path about a block wide and half a mile long. Further east in Lake county, an F0 tornado briefly touched down on the beach east of Zion before moving offshore as a waterspout.",,IL,2002-04-18 19:43:00,2002-04-18 19:45:00,True,True
1133542,5292300,Missouri,207,Stoddard,PAH,2002-04-24 16:34:00,CST,2002-04-24 16:34:00,0,0,0,0,,,NWS STORM SURVEY,F0,Unknown,0.1,40.0,,,,,36.78333,-90.18333,36.78333,-90.18333,,"The supercell thunderstorm that spawned a long-track tornado over Butler and Carter Counties produced a brief, weak tornado very close to the Stoddard/Butler County line, just east of Fisk. No damage was reported.",MO,2002-04-24 17:34:00,2002-04-24 17:34:00,True,True
1133543,5292301,Illinois,59,Gallatin,PAH,2002-04-24 16:13:00,CST,2002-04-24 16:13:00,0,0,0,0,,,TRAINED SPOTTER,F0,Unknown,0.1,20.0,,,,,37.73333,-88.33333,37.73333,-88.33333,,The tornado briefly touched down in open country and produced no known damage.,IL,2002-04-24 17:13:00,2002-04-24 17:13:00,True,True
1133544,5292302,Missouri,207,Stoddard,PAH,2002-04-24 17:16:00,CST,2002-04-24 17:16:00,0,0,0,0,,,EMERGENCY MANAGER,F0,Unknown,0.1,20.0,,,,,36.95,-89.91667,36.95,-89.88333,,A weak tornado briefly touched down near the intersection of Highway 25 and M Highway. No damage was reported.,MO,2002-04-24 18:16:00,2002-04-24 18:16:00,True,True
1133545,5292303,Indiana,129,Posey,PAH,2002-04-24 17:16:00,CST,2002-04-24 17:16:00,0,0,0,0,,,LAW ENFORCEMENT,F0,Unknown,0.1,30.0,,,,,37.93333,-88.0,37.93333,-87.98333,,"A trained spotter observed a brief tornado touchdown over open country, with no damage.",IN,2002-04-24 18:16:00,2002-04-24 18:16:00,True,True
1133937,5292446,Virginia,171,Shenandoah,LWX,2002-04-28 15:55:00,EST,2002-04-28 16:03:00,2,0,0,0,1.6M,,NWS STORM SURVEY,F2,Unknown,4.0,75.0,,,,,38.67,-78.66667,38.67,-78.58333,"A long-lived supercell thunderstorm formed over northwest Rockingham County during the afternoon of the 28th. This severe storm moved east at 45 mph, damaging property all of the way to the Potomac River. This same storm later produced a devastating F4 tornado in La Plata, MD. While the storm moved through North Central Virginia, it produced an F2 tornado in Shenandoah County, a significant funnel cloud in Fauquier County, large hail, heavy downpours, and scattered wind damage. In Shenandoah County, an F2 tornado touched down just east of Quicksburg near the intersection of Quicksburg Road and Old Bridge Road. The tornado stayed on the ground for 4 miles before it dissipated while moving up the west side of Massanutten Mountain. The twister was estimated to be about 75 yards wide and it caused a total of $1.6 million in damage. Along the path of the tornado, three residential structures were destroyed, 12 structures were heavily damaged, and 15 had minor damage. Four poultry houses and 15 barns were destroyed. Five poultry houses, two silos, and a mile of fencing was also damaged. On Old Bridge Road, a silo and three barns were damaged. Airborne roof debris and high winds hit a tractor-trailer on I-81 and caused it to flip onto its side. The driver of the tractor-trailer was treated for minor injuries. The tornado moved across I-81 and Route 11 into the Kay Hill subdivision. Homes were damaged and trees were downed on Lower and Upper Forge Road. A mobile home on Mantz Drive was destroyed. The tornado moved east across Smith Creek to Smith Creek Road and Franwood Lane where it caused significant damage. A two-story home just off Smith Creek Road was severely damaged by debris from a neighbor's 60-foot-high grain silo. A woman inside the structure was treated for bruises. On Franwood Lane, two turkey houses were destroyed and four were severely damaged. One dog that lived on the property was killed and another was injured. A cat was never found. A shed was damaged and work equipment was scattered across the property. At Franwood Farms Airport, 5 people took shelter from the storm in a hangar. A person in the hangar said the walls kept coming closer together as the tornado approached and eventually the roof blew off the building. The tornado also flipped a plane on the landing strip. The tornado's path was visible up to two miles east of Franwood Farms through a path of damaged trees in the forest. The path of tree damage ended as the topography sloped up Massanutten Mountain into George Washington National Forest. In addition, an orchard west of Mt. Jackson just north of the tornado's path, sustained hail damage. In Rockingham County, dime sized hail fell in Bergton for ten minutes. In Page County, golf ball sized hail fell in Rileyville. Power lines were downed in Stanley. In Culpeper County, a tree was downed onto Route 522 near Route 633 in Norman. In Fauquier County, a funnel cloud was photographed by a meteorologist on a hill near Fauquier Springs. The time series of photos shows the funnel never reaching the ground. High winds downed a large tree and utility poles onto Harts Mill and Spriggs roads about 5 miles west of Warrenton. In New Baltimore, dime sized hail was reported. In Prince William County, quarter sized hail fell in Woodbridge and Manassas. Golf ball sized hail caused property damage in Dale City. A total of 2.20 inches of rain fell in Canova as the storm passed through.","A tornado injured 2 people, destroyed 4 homes, damaged 56 additional homes and 36 agricultural structures, downed numerous trees, and blew over a tractor-trailer on Interstate 81.",VA,2002-04-28 16:55:00,2002-04-28 17:03:00,True,True
1134525,5291194,Kansas,87,Jefferson,TOP,2002-05-08 17:26:00,CST,2002-05-08 17:26:00,0,0,0,0,10K,,EMERGENCY MANAGER,F1,Unknown,0.2,100.0,,,,,39.21667,-95.35,39.21667,-95.35,,"A short lived tornado touched down near Oskaloosa and damaged buildings, roofs, and power lines.",KS,2002-05-08 18:26:00,2002-05-08 18:26:00,True,True
1134525,5291195,Kansas,87,Jefferson,TOP,2002-05-08 17:30:00,CST,2002-05-08 17:30:00,0,0,0,0,50K,,EMERGENCY MANAGER,F1,Unknown,0.2,100.0,,,,,39.21667,-95.31667,39.21667,-95.31667,,A short lived tornado touched down in Oskaloosa and damaged a seed mill and other buildings.,KS,2002-05-08 18:30:00,2002-05-08 18:30:00,True,True
1134075,5293642,Wisconsin,69,Lincoln,GRB,2002-04-18 15:49:00,CST,2002-04-18 15:49:00,0,0,0,0,,,NWS STORM SURVEY,F0,Unknown,0.1,25.0,,,,,45.53333,-89.78333,45.53333,-89.78333,"A warm front across Wisconsin lifted north during the afternoon and evening. Moist and very unstable air south of the front led to the development of severe thunderstorms. The storms produced 5 tornadoes, damaging straight line winds, large hail and some flooding.Brief tornado touchdowns in Lincoln county, Oneida county and Marathon county snapped numerous trees. Marathon county had hundreds of trees downed and numerous barns and farm sheds destroyed by a combination of straight line winds and a tornado that remained on the ground for 14 miles. Plows had to be used in Marathon county to clear trees from some of the roads.Other storms across central, north-central and east-central Wisconsin downed numerous trees, dropped hail as large as 3 inches in diameter, in Lincoln county, and flooded roads and basements in the Niagara (Marinette co.) and Rhinelander (Oneida co.) areas.",,WI,2002-04-18 16:49:00,2002-04-18 16:49:00,True,True
1134588,5296196,South Carolina,15,Berkeley,CHS,2002-05-04 20:10:00,EST,2002-05-04 20:13:00,0,0,0,0,,,NWS STORM SURVEY,F0,Unknown,0.1,20.0,,,,,32.98333,-80.05,32.98333,-80.05,"A cluster of strong thunderstorms developed over central and northern Dorchester County. These thunderstorms were moving to the east at 50 mph. Several weak tornadoes developed in this cluster of thunderstorms. There were numerous reports of funnel clouds over central and northern Dorchester County and lower Berkeley County. When the funnels did come in contact with the ground, it was only for short periods of time.",A brief tornado touch down pushed over several trees.,SC,2002-05-04 21:10:00,2002-05-04 21:13:00,True,True
1134072,5293530,Maryland,19,Dorchester,AKQ,2002-04-28 18:55:00,EST,2002-04-28 18:55:00,0,0,0,0,150K,,NWS STORM SURVEY,F3,Unknown,18.0,150.0,,,,,38.42,-76.3,38.35,-75.81667,,Tornado path length 16-18 miles. One house and several outbuildings destroyed near Hip Roof Road. Most of the damage along tornado path rated F0 to F1.,MD,2002-04-28 19:55:00,2002-04-28 19:55:00,True,True
1134249,5292129,Texas,373,Polk,HGX,2002-03-30 18:50:00,CST,2002-03-30 19:05:00,0,0,0,0,20K,,NWS STORM SURVEY,F0,Unknown,2.0,75.0,,,,,31.1,-94.76667,31.11667,-94.76667,,"Sheriff reported a tornado path with trees down, in rural northern Polk county east of Highway 59, from FM 1987 to the county line, then crossing into Angelina county. Confirmed by Shreveport NWS during their survey.",TX,2002-03-30 18:50:00,2002-03-30 19:05:00,False,False
1134249,5292130,Texas,157,Fort Bend,HGX,2002-03-30 19:15:00,CST,2002-03-30 19:15:00,0,0,0,0,20K,,LAW ENFORCEMENT,F0,Unknown,0.5,30.0,,,,,29.35,-95.78333,29.35,-95.78333,,"A tornado touchdown occurred in Guy, 10 miles southwest of Rosenberg, relayed by Sheriff.",TX,2002-03-30 19:15:00,2002-03-30 19:15:00,False,False
1135212,5294056,Missouri,49,Clinton,EAX,2002-05-08 18:20:00,CST,2002-05-08 18:20:00,0,0,0,0,,,STORM CHASER,F0,Unknown,0.1,25.0,,,,,39.53333,-94.41667,39.53333,-94.41667,,Brief tornado touchdown with no damage reported.,MO,2002-05-08 19:20:00,2002-05-08 19:20:00,True,True
1135241,5294182,Minnesota,167,Wilkin,FGF,2002-05-28 18:18:00,CST,2002-05-28 18:18:00,0,0,0,0,,,GENERAL PUBLIC,F0,Unknown,0.2,25.0,,,,,46.05,-96.31667,46.05,-96.31667,,A brief tornado touchdown was reported north of Nashua.,MN,2002-05-28 19:18:00,2002-05-28 19:18:00,True,True
1135241,5294183,Minnesota,167,Wilkin,FGF,2002-05-28 18:29:00,CST,2002-05-28 18:29:00,0,0,0,0,,,GENERAL PUBLIC,F0,Unknown,0.2,25.0,,,,,46.03333,-96.31667,46.03333,-96.31667,,A brief touchdown was reported at Nashua.,MN,2002-05-28 19:29:00,2002-05-28 19:29:00,True,True
1135242,5294187,Minnesota,69,Kittson,FGF,2002-05-29 13:37:00,CST,2002-05-29 13:52:00,0,0,0,0,,,GENERAL PUBLIC,F0,Unknown,6.0,25.0,,,,,48.85,-96.81667,48.91667,-96.73333,,The path length was not continuous and no damage was reported.,MN,2002-05-29 14:37:00,2002-05-29 14:52:00,True,True
1135242,5294188,Minnesota,135,Roseau,FGF,2002-05-29 14:30:00,CST,2002-05-29 14:30:00,0,0,0,0,,,GENERAL PUBLIC,F0,Unknown,0.2,25.0,,,,,48.78333,-96.03333,48.78333,-96.03333,,A brief tornado touchdown was reported.,MN,2002-05-29 15:30:00,2002-05-29 15:30:00,True,True
1135242,5294189,Minnesota,135,Roseau,FGF,2002-05-29 14:40:00,CST,2002-05-29 14:40:00,0,0,0,0,,,AMATEUR RADIO,F0,Unknown,0.2,25.0,,,,,48.71667,-96.01667,48.71667,-96.01667,,A brief tornado touchdown was reported.,MN,2002-05-29 15:40:00,2002-05-29 15:40:00,True,True
1134070,5293515,Virginia,81,Greensville,AKQ,2002-04-28 18:35:00,EST,2002-04-28 18:35:00,3,0,0,0,750K,,NWS STORM SURVEY,F1,Unknown,6.0,150.0,,,,,36.7,-77.58333,36.66667,-77.55,,"Tornado (F1) destroyed 3 mobile homes, damaged 50 other homes, one business, and an apartment complex. Also, numerous trees were uprooted and snapped off.",VA,2002-04-28 19:35:00,2002-04-28 19:35:00,True,True
1133470,5293388,Missouri,133,Mississippi,PAH,2002-04-20 15:20:00,CST,2002-04-20 15:25:00,0,0,0,0,68K,8K,NWS STORM SURVEY,F1,Unknown,1.8,100.0,,,,,36.91667,-89.33333,36.9,-89.31667,,"The tornado path extended from Interstate 57 on the east side of Charleston to about 1.8 miles southeast of Charleston. Peak wind speeds in the tornado were estimated at 100 mph. An anchored mobile home was lifted and rolled, destroying it. The residents of the mobile home escaped injury by abandoning it moments before the tornado struck. Stationary automobiles were moved about. Several mature hardwood trees were snapped off or uprooted. Minor damage occurred to outbuildings and metal pole-framed structures on the southeast edge of Charleston.",MO,2002-04-20 16:20:00,2002-04-20 16:25:00,True,True
1134588,5296195,South Carolina,35,Dorchester,CHS,2002-05-04 19:55:00,EST,2002-05-04 19:58:00,0,0,0,0,,,NWS STORM SURVEY,F0,Unknown,0.2,25.0,,,,,33.1,-80.35,33.1,-80.35,"A cluster of strong thunderstorms developed over central and northern Dorchester County. These thunderstorms were moving to the east at 50 mph. Several weak tornadoes developed in this cluster of thunderstorms. There were numerous reports of funnel clouds over central and northern Dorchester County and lower Berkeley County. When the funnels did come in contact with the ground, it was only for short periods of time.",Brief tornado touch down in a wooded area several small trees were pushed over and some small limbs were twisted off.,SC,2002-05-04 20:55:00,2002-05-04 20:58:00,True,True
1133539,5292196,Missouri,35,Carter,PAH,2002-04-24 15:13:00,CST,2002-04-24 15:45:00,2,0,0,0,15M,,NWS STORM SURVEY,F4,Unknown,20.5,300.0,,,,,37.0,-91.01667,36.91667,-90.66667,,"The tornado damage path began on the west side of Van Buren, right along the Current River, and crossed U.S. Route 60 very close to the Current River bridge. Two businesses in Van Buren, a lodge and a restaurant, were heavily damaged by F-2 intensity winds. The tornado travelled southeast across hilly and forested terrain until reaching the community of Ellsinore. Damage on the south side of Ellsinore was severe, where about 7 businesses were destroyed. Most of the damage at Ellsinore, which was inflicted by F-4 intensity winds, occurred along and near U.S. Highway 60. Across Carter County, 13 homes were destroyed and 12 homes suffered major damage. The tornado then moved into the Mark Twain National Forest and crossed into Butler County north of Highway 60.",MO,2002-04-24 16:13:00,2002-04-24 16:45:00,True,True
1135242,5294191,Minnesota,135,Roseau,FGF,2002-05-29 14:54:00,CST,2002-05-29 14:54:00,0,0,0,0,,,GENERAL PUBLIC,F0,Unknown,0.2,25.0,,,,,48.8,-95.75,48.8,-95.75,,The tornado was reported 3 miles west of highway 89.,MN,2002-05-29 15:54:00,2002-05-29 15:54:00,True,True
1135197,5293935,Texas,95,Concho,SJT,2002-05-04 19:12:00,CST,2002-05-04 19:20:00,0,0,0,0,,,TRAINED SPOTTER,F0,Unknown,1.0,50.0,,,,,31.4,-100.08333,31.4,-100.06667,"A supercell thunderstorm developed over San Angelo and moved east for four and a half hours over portions of Tom Green, Concho, McCulloch and San Saba counties. This storm produced a total of five tornadoes. These tornadoes for the most part remained over open country, with only two structures receiving damage to the northeast of Brady. This storm also produced a tremendous amount of hail, with numerous reports of golfball size hail with many trees completely stripped of their leaves. There were a few reports of of hail up to softball size in McCulloch County. Other thunderstorms formed over the Big Country, one of which produced a brief tornado near Roby in Fisher county. Hail up to the size of baseballs was also noted with several of these storms.",Spotters reported tornado over open country in Western Concho County.,TX,2002-05-04 20:12:00,2002-05-04 20:20:00,True,True
1134072,5293532,Maryland,45,Wicomico,AKQ,2002-04-28 19:28:00,EST,2002-04-28 19:28:00,0,0,0,0,5K,,NWS STORM SURVEY,F0,Unknown,4.0,100.0,,,,,38.33,-75.83333,38.35,-75.76667,,Tornado (F0) downed trees and sheared off numerous tree branches along 4 mile path that ended 2 miles southwest of Quantico. Track suggests damage was from the same tornado that affected Dorchester county.,MD,2002-04-28 20:28:00,2002-04-28 20:28:00,True,True
1134588,5296194,South Carolina,35,Dorchester,CHS,2002-05-04 19:30:00,EST,2002-05-04 19:33:00,0,0,0,0,,,NWS STORM SURVEY,F0,Unknown,0.2,25.0,,,,,33.16667,-80.55,33.16667,-80.55,"A cluster of strong thunderstorms developed over central and northern Dorchester County. These thunderstorms were moving to the east at 50 mph. Several weak tornadoes developed in this cluster of thunderstorms. There were numerous reports of funnel clouds over central and northern Dorchester County and lower Berkeley County. When the funnels did come in contact with the ground, it was only for short periods of time.",A tornado touched down briefly just outside of St. George. Several trees had branches that were twisted off and a several trees were pushed over.,SC,2002-05-04 20:30:00,2002-05-04 20:33:00,True,True
1134242,5292070,Iowa,129,Mills,OAX,2002-04-27 15:58:00,CST,2002-04-27 15:58:00,0,0,0,0,,,STORM CHASER,F0,Unknown,0.0,20.0,,,,,41.0,-95.8,41.0,-95.8,,A storm chaser reported a tornado touchdown southwest of the intersection of highways 275 and 34. The tornado was on the ground for less than 1 minute and was in an open field. It was from the same mini-supercell that produced the tornado touchdown near Thurman several minutes earlier.,IA,2002-04-27 16:58:00,2002-04-27 16:58:00,True,True
1134572,5291801,Georgia,129,Gordon,FFC,2002-05-01 03:15:00,EST,2002-05-01 03:17:00,0,0,0,0,3K,,NWS STORM SURVEY,F1,80-100 mph,1.5,440.0,,,,,34.46667,-84.95,34.48333,-84.91667,,"A National Weather Disaster Survey team observed that a weak F0 to F1 tornado made two touchdowns, one just southwest and another just east of downtown Calhoun. These tornado spinups occurred on the south side of a southeastward moving thunderstorm macroburst which traveled from northwest to southeast across the county. The macroburst was associated with 80 to 100 mph damaging straight line winds. The areas affected by the weak tornadoes received some of the most significant damage within the county. Dozens of trees were twisted, uprooted, and shredded by the tornadic winds which caused extensive damage to homes and businesses alike.",GA,2002-05-01 04:15:00,2002-05-01 04:17:00,True,True
1135012,5295842,Iowa,5,Allamakee,ARX,2002-05-08 19:10:00,CST,2002-05-08 19:15:00,0,0,0,0,10K,,NWS STORM SURVEY,F0,Unknown,0.1,20.0,,,,,43.25,-91.45,43.25,-91.45,"Straight-line winds of 80 to 100 mph destroyed a pole barn about 1 mile southwest of Protivin (Howard County), blowing debris from the barn about 3/4 of a mile into an open field. A nearby farmer's mill sustained minor damage as well. Several buildings in a lumber yard on the south side of Waukon (Allamakee County) had roof damage, with sections of roof thrown downwind to the southeast. Some sheds and supplies in the lumber yard were also shifted to the east or southeast. Along Highway 76, just southeast of Waukon, a small tornado hit a farm, damaging part of the house and at least one outbuilding. A nearby church was damaged by the same tornado. In fact, a family who had taken shelter inside the church reported a stain glass window was completely gone following the storm, with no evidence of broken glass found anywhere near the building. Storm chasers also reported a brief tornado touchdown in open fields between Ionia and New Hampton (Chickasaw County), but no damage was reported. In addition, hail ranging in size from dimes to quarters was reported by storm spotters and amateur radio operators.",,IA,2002-05-08 20:10:00,2002-05-08 20:15:00,True,True
1134692,5295628,Texas,371,Pecos,MAF,2002-05-10 19:49:00,CST,2002-05-10 19:49:00,0,0,0,0,0,0,BROADCAST MEDIA,F0,Unknown,0.2,50.0,,,,,30.76667,-102.73333,30.76667,-102.73333,"Three intense supercell thunderstorms developed over northern and central Pecos County during the afternoon and evening of the 10th. The first storm tracked slowly across the northern parts of the county, devastating crops near the town of Coyanosa. The second storm followed a similar path, but resulted in less destructive hail. The third supercell to affect Pecos County this day developed northwest of Fort Stockton, and proceeded to move east across the northern parts of the city. This storm resulted in devastating hail. The storm then tracked along, and just south, of Interstate 10. A brief tornado was observed south of the interstate by a local TV meteorologist southeast of Fort Stockton. Damage from hail was common along Interstate 10 between Fort Stockton and Bakersfield. Total losses from the Pecos County storms were roughly three million dollars.Additional severe thunderstorms were observed across West Texas on the 10th. An isolated supercell moved out of southeast New Mexico...producing severe thunderstorm winds in Andrews County. Also, a severe thunderstorm in the Big Bend region resulted in severe thunderstorm wind gusts.",A brief tornado was reported by a television meteorologist.,TX,2002-05-10 20:49:00,2002-05-10 20:49:00,True,True
1133441,5293197,Kansas,5,Atchison,EAX,2002-04-27 15:10:00,CST,2002-04-27 15:13:00,0,0,0,0,25K,,EMERGENCY MANAGER,F0,Unknown,0.5,25.0,,,,,39.5,-95.43333,39.5,-95.43333,,"An F0 tornado briefly touched down 2 miles west southwest of Effingham Kansas, moving to the northeast around 1/4 of a mile. One house had windows blown out and on the same property a large grain truck was blown over with its windows knocked out.. It also destroyed two sheds and blew hay bales, lumber and debris all over the property.",KS,2002-04-27 16:10:00,2002-04-27 16:13:00,True,True
1135211,5294034,Kansas,103,Leavenworth,EAX,2002-05-08 17:43:00,CST,2002-05-08 17:43:00,0,0,0,0,1K,,TRAINED SPOTTER,F0,Unknown,0.1,40.0,,,,,39.21667,-94.95,39.25,-94.96667,,Brief tornado touchdown which cause some light damage to a farmstead.,KS,2002-05-08 18:43:00,2002-05-08 18:43:00,True,True
1135197,5294271,Texas,151,Fisher,SJT,2002-05-04 20:18:00,CST,2002-05-04 20:20:00,0,0,0,0,,,LAW ENFORCEMENT,F0,Unknown,1.0,40.0,,,,,32.75,-100.36667,32.75,-100.35,"A supercell thunderstorm developed over San Angelo and moved east for four and a half hours over portions of Tom Green, Concho, McCulloch and San Saba counties. This storm produced a total of five tornadoes. These tornadoes for the most part remained over open country, with only two structures receiving damage to the northeast of Brady. This storm also produced a tremendous amount of hail, with numerous reports of golfball size hail with many trees completely stripped of their leaves. There were a few reports of of hail up to softball size in McCulloch County. Other thunderstorms formed over the Big Country, one of which produced a brief tornado near Roby in Fisher county. Hail up to the size of baseballs was also noted with several of these storms.",A law enforcement officer reported a tornado on the ground for a short time. No structures were damaged from the tornado.,TX,2002-05-04 21:18:00,2002-05-04 21:20:00,True,True
1135197,5294269,Texas,95,Concho,SJT,2002-05-04 19:44:00,CST,2002-05-04 19:50:00,0,0,0,0,,,TRAINED SPOTTER,F0,Unknown,2.0,50.0,,,,,31.35,-100.0,31.38333,-99.93333,"A supercell thunderstorm developed over San Angelo and moved east for four and a half hours over portions of Tom Green, Concho, McCulloch and San Saba counties. This storm produced a total of five tornadoes. These tornadoes for the most part remained over open country, with only two structures receiving damage to the northeast of Brady. This storm also produced a tremendous amount of hail, with numerous reports of golfball size hail with many trees completely stripped of their leaves. There were a few reports of of hail up to softball size in McCulloch County. Other thunderstorms formed over the Big Country, one of which produced a brief tornado near Roby in Fisher county. Hail up to the size of baseballs was also noted with several of these storms.",A supercell thunderstorm moving over northern Concho County produced a fourth tornado northwest of Eden. This tornado also moved over open country.,TX,2002-05-04 20:44:00,2002-05-04 20:50:00,True,True
1133791,5292419,Virginia,31,Campbell,RNK,2002-04-28 15:50:00,EST,2002-04-28 15:57:00,11,0,0,0,3M,,NWS STORM SURVEY,F2,Unknown,5.0,100.0,,,,,37.33333,-79.28333,37.31667,-79.2,"Thunderstorms during the afternoon and evening of the 28th produced two tornadoes, damaging winds, and hail up to golfball size.A tornado formed in Bedford City and traveled east one half mile before dissipating. The storm then produced sporatic wind damage for about the next 7.5 miles or from .5 east-southeast of Bedford City to 8 east-southeast of Bedford City, causing mainly damage to trees and power lines. A second tornado developed 8 miles east-southeast of Bedford City in Bedford County and remained on the ground for 10 miles before lifting about 5.5 miles west-northwest of Rustburg in Campbell County. Sporatic wind damage then occurred from 5.5 west-northwest of Rustburg to Rustburg. These winds destroyed several mobile homes, damaged about two dozen other mobile homes and knocked down trees.Many vehicles had windows broken out by hail in New Castle.Thunderstorm winds downed trees onto Route 40 in Keysville, downed trees in Halifax, snapped a power pole in Danville, downed trees in Clover, and downed trees onto Reed Lane in Willis.","The second tornado continued in Campbell County for about 5 miles before lifting about 5.5 miles west-northwest of Rustburg in Campbell County. This tornado injured 11 people, destroyed 15 homes, three businesses, and a church. The tornado damaged over 200 other homes, six businesses, two churches, 20 recreational vehicles, and several automobiles. Numerous trees were toppled, Some of the trees landed on homes, and two landed on vehicles.",VA,2002-04-28 16:50:00,2002-04-28 16:57:00,True,True
1134236,5292045,Iowa,85,Harrison,OAX,2002-04-17 17:29:00,CST,2002-04-17 17:35:00,0,0,0,0,,,AMATEUR RADIO,F0,Unknown,2.0,25.0,,,,,41.68333,-95.8,41.7,-95.75,,A tornado reported by an amateur radio operator was also caught on film by a veteran storm chaser who described the tornado as having rotating dust swirls directly under a bowl shaped lowering and rotating mesocyclone. The tornado apparently touched down in open country and caused little or no damage.,IA,2002-04-17 18:29:00,2002-04-17 18:35:00,True,True
1133884,5293437,Tennessee,95,Lake,MEG,2002-04-28 01:40:00,CST,2002-04-28 01:47:00,0,0,0,0,750K,,NWS STORM SURVEY,F1,Unknown,3.5,75.0,,,,,36.38333,-89.5,36.4,-89.45,,The tornado touched down just west of Tiptonville and tracked northeast just north of Tiptonville. Eleven mobile homes were destroyed and another twelve were damaged. A shed was demolished. Five homes were also damaged. Numerous trees were blown down.,TN,2002-04-28 02:40:00,2002-04-28 02:47:00,True,True
1133884,5293440,Tennessee,79,Henry,MEG,2002-04-28 03:00:00,CST,2002-04-28 03:10:00,0,0,0,0,50K,,EMERGENCY MANAGER,F0,Unknown,5.0,50.0,,,,,36.36667,-88.35,36.31667,-88.31667,,The tornado touched down near the town of Whitlock and move southeast. Three tall transmission towers were destroyed. Twenty homes were damaged. Several trees and power lines were blown down.,TN,2002-04-28 04:00:00,2002-04-28 04:10:00,True,True
1135211,5294037,Kansas,103,Leavenworth,EAX,2002-05-08 17:48:00,CST,2002-05-08 17:48:00,0,0,0,0,12K,,EMERGENCY MANAGER,F1,Unknown,0.5,40.0,,,,,39.25,-94.9,39.25,-94.9,,Brief tornado touchdown with damage at a mobile home park and to nearby commercial buildings.,KS,2002-05-08 18:48:00,2002-05-08 18:48:00,True,True
1135197,5294282,Texas,307,Mcculloch,SJT,2002-05-04 21:30:00,CST,2002-05-04 21:40:00,0,0,0,0,18K,,STORM CHASER,F0,Unknown,3.0,150.0,,,,,31.25,-99.2,31.26667,-99.18333,"A supercell thunderstorm developed over San Angelo and moved east for four and a half hours over portions of Tom Green, Concho, McCulloch and San Saba counties. This storm produced a total of five tornadoes. These tornadoes for the most part remained over open country, with only two structures receiving damage to the northeast of Brady. This storm also produced a tremendous amount of hail, with numerous reports of golfball size hail with many trees completely stripped of their leaves. There were a few reports of of hail up to softball size in McCulloch County. Other thunderstorms formed over the Big Country, one of which produced a brief tornado near Roby in Fisher county. Hail up to the size of baseballs was also noted with several of these storms.",A supercell thunderstorm produced tornado number five northeast of Brady. This tornado destroyed a barn and a silo.,TX,2002-05-04 21:30:00,2002-05-04 21:40:00,False,False
1133579,5292583,Kentucky,55,Crittenden,PAH,2002-04-28 01:49:00,CST,2002-04-28 01:50:00,0,0,0,0,100K,,NWS STORM SURVEY,F2,Unknown,1.0,100.0,,,,,37.38333,-87.88333,37.38333,-87.85,,"The tornado was spawned by a long-lived supercell that originated over southeast Missouri and tracked across southern Illinois and western Kentucky. This tornado, which was one of the strongest and longest-lived of the night, first touched down just inside Crittenden County on State Route 120. It quickly moved into Webster County. Before moving into Webster County, about a dozen homes and farm buildings were damaged in Crittenden County.",KY,2002-04-28 02:49:00,2002-04-28 02:50:00,True,True
1133579,5292584,Kentucky,233,Webster,PAH,2002-04-28 01:50:00,CST,2002-04-28 01:59:00,26,0,0,0,15M,,NWS STORM SURVEY,F3,Unknown,9.0,880.0,,,,,37.4,-87.85,37.4,-87.7,,"The tornado crossed southern Webster County, producing major damage as it paralleled Highway 120 through Providence. About two dozen persons were injured, and they were transported by ambulance to regional hospitals. One person was critically injured. The tornado produced F-3 damage in Providence, then weakened to an F-2 tornado just east of the city limits. The tornado struck a mobile home park in Providence, destroying 16 of the 20 mobile homes there. About 10 permanent homes were destroyed, and about 100 more homes were damaged.",KY,2002-04-28 02:50:00,2002-04-28 02:59:00,True,True
1133579,5292585,Kentucky,107,Hopkins,PAH,2002-04-28 01:59:00,CST,2002-04-28 02:10:00,0,0,0,0,1.8M,,NWS STORM SURVEY,F3,Unknown,12.0,880.0,,,,,37.41667,-87.7,37.41667,-87.46667,,"The tornado crossed into Hopkins County just west-northwest of Nebo, and finally lifted after moving through Hanson. The tornado was rated at F-3 intensity in the Nebo area, where four chicken houses were blown off their foundations. About 45,000 chickens were left in the debris. Damage to one chicken facility was estimated between one and two million dollars. The tornado weakened as it progressed across the county. About 10 to 15 residences were significantly damaged.",KY,2002-04-28 02:59:00,2002-04-28 03:10:00,True,True
1134240,5292068,Iowa,71,Fremont,OAX,2002-04-27 15:41:00,CST,2002-04-27 15:41:00,0,0,0,0,,,STORM CHASER,F0,Unknown,0.0,20.0,,,,,40.76667,-95.83333,40.76667,-95.83333,,A brief tornado touchdown was reported by a storm chaser.,IA,2002-04-27 16:41:00,2002-04-27 16:41:00,True,True
1134241,5292069,Iowa,71,Fremont,OAX,2002-04-27 15:50:00,CST,2002-04-27 15:50:00,0,0,0,0,,,STORM CHASER,F0,Unknown,0.0,20.0,,,,,40.83333,-95.8,40.83333,-95.8,,A brief touchdown of a tornado in open country just northeast of exit 20 on Interstate 29. The tornado was caught on film by a storm chaser.,IA,2002-04-27 16:50:00,2002-04-27 16:50:00,True,True
1134075,5293646,Wisconsin,73,Marathon,GRB,2002-04-18 18:32:00,CST,2002-04-18 18:32:00,0,0,0,0,,,NWS STORM SURVEY,F0,Unknown,0.1,25.0,,,,,44.85,-89.68333,44.85,-89.68333,"A warm front across Wisconsin lifted north during the afternoon and evening. Moist and very unstable air south of the front led to the development of severe thunderstorms. The storms produced 5 tornadoes, damaging straight line winds, large hail and some flooding.Brief tornado touchdowns in Lincoln county, Oneida county and Marathon county snapped numerous trees. Marathon county had hundreds of trees downed and numerous barns and farm sheds destroyed by a combination of straight line winds and a tornado that remained on the ground for 14 miles. Plows had to be used in Marathon county to clear trees from some of the roads.Other storms across central, north-central and east-central Wisconsin downed numerous trees, dropped hail as large as 3 inches in diameter, in Lincoln county, and flooded roads and basements in the Niagara (Marinette co.) and Rhinelander (Oneida co.) areas.",,WI,2002-04-18 19:32:00,2002-04-18 19:32:00,True,True
1134476,5291443,Florida,105,Polk,TBW,2002-05-17 18:45:00,EST,2002-05-17 18:45:00,0,0,0,0,20K,,GENERAL PUBLIC,F0,Unknown,0.5,33.0,,,,,28.11667,-81.5,28.11667,-81.5,"A small tornado, which began as a waterspout on Lake Smart, briefly touched down at a mobile home park just north of Lake Smart in eastern Polk County. Minor damage was reported to 14 structures, with three of them having roofs partially torn off.",,FL,2002-05-17 19:45:00,2002-05-17 19:45:00,True,True
1134345,5291780,Illinois,117,Macoupin,LSX,2002-05-01 14:00:00,CST,2002-05-01 14:02:00,0,0,0,0,,,GENERAL PUBLIC,F0,Unknown,0.5,75.0,,,,,39.43333,-90.01667,39.43333,-90.01667,,A small tornado formed just west of Palmyra and was witnessed by several people. The tornado took down some trees and power lines.,IL,2002-05-01 15:00:00,2002-05-01 15:02:00,True,True
1133060,5289872,Oklahoma,127,Pushmataha,TSA,2002-04-16 20:15:00,CST,2002-04-16 20:15:00,0,0,0,0,,,GENERAL PUBLIC,F0,Unknown,0.3,25.0,,,,,34.45,-95.73333,34.45,-95.73333,,The public reported a brief touchdown of a F0 tornado just north of Jumbo. No damage was reported.,OK,2002-04-16 21:15:00,2002-04-16 21:15:00,True,True
1134075,5293644,Wisconsin,85,Oneida,GRB,2002-04-18 16:33:00,CST,2002-04-18 16:33:00,0,0,0,0,,,NWS STORM SURVEY,F0,Unknown,0.1,25.0,,,,,45.63333,-89.33333,45.63333,-89.33333,"A warm front across Wisconsin lifted north during the afternoon and evening. Moist and very unstable air south of the front led to the development of severe thunderstorms. The storms produced 5 tornadoes, damaging straight line winds, large hail and some flooding.Brief tornado touchdowns in Lincoln county, Oneida county and Marathon county snapped numerous trees. Marathon county had hundreds of trees downed and numerous barns and farm sheds destroyed by a combination of straight line winds and a tornado that remained on the ground for 14 miles. Plows had to be used in Marathon county to clear trees from some of the roads.Other storms across central, north-central and east-central Wisconsin downed numerous trees, dropped hail as large as 3 inches in diameter, in Lincoln county, and flooded roads and basements in the Niagara (Marinette co.) and Rhinelander (Oneida co.) areas.",,WI,2002-04-18 17:33:00,2002-04-18 17:33:00,True,True
1134075,5293645,Wisconsin,73,Marathon,GRB,2002-04-18 18:13:00,CST,2002-04-18 18:27:00,0,0,0,0,1.4M,32K,NWS STORM SURVEY,F1,Unknown,14.0,100.0,,,,,44.93333,-90.01667,44.85,-89.75,"A warm front across Wisconsin lifted north during the afternoon and evening. Moist and very unstable air south of the front led to the development of severe thunderstorms. The storms produced 5 tornadoes, damaging straight line winds, large hail and some flooding.Brief tornado touchdowns in Lincoln county, Oneida county and Marathon county snapped numerous trees. Marathon county had hundreds of trees downed and numerous barns and farm sheds destroyed by a combination of straight line winds and a tornado that remained on the ground for 14 miles. Plows had to be used in Marathon county to clear trees from some of the roads.Other storms across central, north-central and east-central Wisconsin downed numerous trees, dropped hail as large as 3 inches in diameter, in Lincoln county, and flooded roads and basements in the Niagara (Marinette co.) and Rhinelander (Oneida co.) areas.",,WI,2002-04-18 19:13:00,2002-04-18 19:27:00,True,True
1134249,5292116,Texas,157,Fort Bend,HGX,2002-03-30 17:36:00,CST,2002-03-30 17:36:00,0,0,0,0,150K,,LAW ENFORCEMENT,F0,Unknown,0.5,30.0,,,,,29.5,-95.93333,29.5,-95.93333,,"A Tornado touchdown had severely damaged a home in Beasley, reported by Sheriff.",TX,2002-03-30 17:36:00,2002-03-30 17:36:00,False,False
1134249,5292117,Texas,481,Wharton,HGX,2002-03-30 17:30:00,CST,2002-03-30 17:30:00,0,0,0,0,,,EMERGENCY MANAGER,F0,Unknown,0.5,20.0,,,,,29.4,-95.98333,29.4,-95.98333,,"There was a brief Tornado touchdown in the El Lobo Subdivision, 6 miles east of Hungerford, near the county line. Emergency management reported the event.",TX,2002-03-30 17:30:00,2002-03-30 17:30:00,False,False
1134369,5291920,Illinois,121,Marion,LSX,2002-05-09 01:11:00,CST,2002-05-09 01:12:00,0,0,2,0,,,NWS STORM SURVEY,F1,Unknown,0.5,100.0,,,,,38.53333,-89.13333,38.53333,-89.13333,,"A small but deadly tornado struck the south part of Centralia and devastated the Rosewood and Collinsworth Mobile Home Parks. Forming quickly on the leading edge of a squall line, the tornado hit shortly after 200 am, when most residents were asleep. An Illinois Emergency Management Agency damage assessment listed 12 mobile homes as being destroyed, 1 home destroyed, 1 mobile home with major damage, 1 home with minor damage, and 3 mobile homes with minor damage. 2 people were killed, both in mobile homes.",IL,2002-05-09 02:11:00,2002-05-09 02:12:00,True,True
1134394,5292049,Illinois,5,Bond,LSX,2002-05-01 12:38:00,CST,2002-05-01 12:48:00,0,0,0,0,,,NWS STORM SURVEY,F1,Unknown,6.0,40.0,,,,,38.88333,-89.36667,38.88333,-89.31667,,"Six tornadoes struck at virtually the same time near Greenville, Illinois. Eye witnesses reported seeing at least 4 tornadoes on the ground at the same time. The tornadoes did not rotate around each other. They each had distinctive paths and moved rapidly east southeast. The bulk of the damage was to barns, grain bins, and other farm outbuildings and to trees and power lines. Over 35 structures were damaged by the tornadoes. The most significant damage caused by tornado 1 was to the Hillview Nursing Home which lost part of its roof. No one was injured as the staff had moved the residents to interior hallways. The residents has to be transferred to neighboring facilities due to the damage.",IL,2002-05-01 13:38:00,2002-05-01 13:48:00,True,True
1134249,5290829,Texas,201,Harris,HGX,2002-03-30 20:09:00,CST,2002-03-30 20:14:00,0,0,0,0,350K,,BROADCAST MEDIA,F3,Unknown,0.7,60.0,,,,,29.61667,-95.01667,29.63333,-95.0,,"This Tornado began its path in the Shoreacres subdivision, 3 miles south of La Porte, with a home on Greenleaf Road receiving structural and roof damage (F1), then moved northeast and partially demolished a Super Mart on Broadway (F3), then ripped through an apartment complex across the street causing major roof and window damage and knocking down trees (F2), collapsing a car garage and destroying at least one car. Just northeast of the apartments, a few homes had minor damage with fences and large trees down. On Carlisle Street, in the Bayside Terrace subdivision, a few homes had minor roof damage, yard trees down, and debris from the convenience store, while part of the roof off the Super Mart dropped onto a Truck parked at the north end of Carlisle next to Galveston Bay. No injuries were reported. A survey was conducted.",TX,2002-03-30 20:09:00,2002-03-30 20:14:00,False,False
1135197,5293934,Texas,451,Tom Green,SJT,2002-05-04 19:09:00,CST,2002-05-04 19:09:00,0,0,0,0,,,LAW ENFORCEMENT,F0,Unknown,0.5,30.0,,,,,31.35,-100.18333,31.35,-100.18333,"A supercell thunderstorm developed over San Angelo and moved east for four and a half hours over portions of Tom Green, Concho, McCulloch and San Saba counties. This storm produced a total of five tornadoes. These tornadoes for the most part remained over open country, with only two structures receiving damage to the northeast of Brady. This storm also produced a tremendous amount of hail, with numerous reports of golfball size hail with many trees completely stripped of their leaves. There were a few reports of of hail up to softball size in McCulloch County. Other thunderstorms formed over the Big Country, one of which produced a brief tornado near Roby in Fisher county. Hail up to the size of baseballs was also noted with several of these storms.",Brief touchdown near the Tom Green and Concho County line.,TX,2002-05-04 20:09:00,2002-05-04 20:09:00,True,True
1134249,5292118,Texas,481,Wharton,HGX,2002-03-30 17:40:00,CST,2002-03-30 17:40:00,0,0,0,0,50K,,EMERGENCY MANAGER,F0,Unknown,0.5,50.0,,,,,29.31667,-96.1,29.31667,-96.1,,"A Tornado touchdown damaged a trailer on Nelson Road and Texas Highway 102, reported by Emergency management.",TX,2002-03-30 17:40:00,2002-03-30 17:40:00,False,False
1134391,5292006,Missouri,221,Washington,LSX,2002-05-12 17:10:00,CST,2002-05-12 17:10:00,0,0,0,0,,,NWS STORM SURVEY,F0,Unknown,0.1,30.0,,,,,37.88333,-90.71667,37.88333,-90.71667,,A small tornado hit just north of Hopewell. Damaged was limited to downed and snapped trees.,MO,2002-05-12 18:10:00,2002-05-12 18:10:00,True,True
1134392,5292007,Missouri,187,St. Francois,LSX,2002-05-12 17:18:00,CST,2002-05-12 17:30:00,0,0,0,0,,,NWS STORM SURVEY,F1,Unknown,7.0,100.0,,,,,37.86667,-90.63333,37.88333,-90.53333,,"A tornado initially formed just north of Frankclay and then traveled east through Desloge for about 7 miles. The bulk of the damage was to trees and utility poles. As the tornado entered Desloge, a few homes and a Middle School near Elm Street suffered minor roof damage. As the tornado moved to near State Street, the roof of a large machine shed was ripped off and thrown 200 yards to the east. Just west of State Street, 2 small damage paths were noted suggesting a multiple vortex tornado. East of State Street, a garage and a vacant 2 story building were destroyed.",MO,2002-05-12 18:18:00,2002-05-12 18:30:00,True,True
1134393,5292008,Illinois,157,Randolph,LSX,2002-05-12 18:00:00,CST,2002-05-12 18:02:00,0,0,0,0,,,NWS STORM SURVEY,F0,Unknown,0.1,30.0,,,,,37.9,-89.81667,37.9,-89.81667,,A brief tornado hit a neighborhood on the south side of Chester. One home suffered roof damage while another had some siding stripped off. Several large pine trees were snapped at the base and a large oak tree was broken 15 feet from the base.,IL,2002-05-12 19:00:00,2002-05-12 19:02:00,True,True
1134395,5292050,Illinois,5,Bond,LSX,2002-05-01 12:38:00,CST,2002-05-01 12:49:00,0,0,0,0,,,NWS STORM SURVEY,F1,Unknown,6.5,40.0,,,,,38.88333,-89.36667,38.86667,-89.3,,"Six tornadoes struck at virtually the same time near Greenville, Illinois. Eye witnesses reported seeing at least 4 tornadoes on the ground at the same time. The tornadoes did not rotate around each other. They each had distinctive paths and moved rapidly east southeast. The bulk of the damage was to barns, grain bins, and other farm outbuildings and to trees and power lines. Over 35 buildings were damaged by the tornadoes. The most significant damage caused by tornado 2 was to a rural electric cooperative radio tower and to the F&S Grain Storage Bins facility which suffered major damage.",IL,2002-05-01 13:38:00,2002-05-01 13:49:00,True,True
1134396,5292051,Illinois,5,Bond,LSX,2002-05-01 12:38:00,CST,2002-05-01 12:51:00,1,0,0,0,,,NWS STORM SURVEY,F1,Unknown,7.5,40.0,,,,,38.88333,-89.38333,38.86667,-89.28333,,"Six tornadoes struck at virtually the same time near Greenville, Illinois. Eye witnesses reported seeing at least 4 tornadoes on the ground at the same time. The tornadoes did not rotate around each other. They each had distinctive paths and moved rapidly east southeast. The bulk of the damage was to barns, grain bins, and other farm outbuildings and to trees and power lines. Over 35 buildings were damaged by the tornadoes. Tornado number 3 just missed an automobile dealership, however it caused significant damage to a barn, a machine shed, and some damage to a home. This tornado also crossed I-70 and overturned a couple of tractor trailers. One driver suffered minor injuries.",IL,2002-05-01 13:38:00,2002-05-01 13:51:00,True,True
1134397,5292052,Illinois,5,Bond,LSX,2002-05-01 12:40:00,CST,2002-05-01 12:45:00,0,0,0,0,,,NWS STORM SURVEY,F0,Unknown,2.5,30.0,,,,,38.85,-89.35,38.86667,-89.33333,,"Six tornadoes struck at virtually the same time near Greenville, Illinois. Eye witnesses reported seeing at least 4 tornadoes on the ground at the same time. The tornadoes did not rotate around each other. They each had distinctive paths and moved rapidly east southeast. The bulk of the damage was to barns, grain bins, and other farm outbuildings and to trees and power lines. Over 35 structures were damage by the tornadoes. Tornado number 4 was the weakest, reaching only F0 intensity. It damaged trees and power lines and a few farm outbuildings.",IL,2002-05-01 13:40:00,2002-05-01 13:45:00,True,True
1134398,5292087,Illinois,5,Bond,LSX,2002-05-01 12:41:00,CST,2002-05-01 12:50:00,0,0,0,0,,,NWS STORM SURVEY,F1,Unknown,5.0,40.0,,,,,38.86667,-89.35,38.86667,-89.31667,,"Six tornadoes struck at virtually the same time near Greenville, Illinois. Eye witnesses reported seeing at least 4 tornadoes on the ground at the same time. The tornadoes did not rotate around each other. They each had distinctive paths and moved rapidly east southeast. The bulk of the damage was to barns, grain bins, and other farm outbuildings and to trees and power lines. Over 35 buildings were damaged by the tornadoes. Tornado number 5 crossed US 40 just west of Dudlleyville Road and caused tree damage and damage to a home. The tornado also crossed I-70 overturning a couple of tractor trailers. A total of 5 tractor trailers were overturned by tornadoes 3 and 5.",IL,2002-05-01 13:41:00,2002-05-01 13:50:00,True,True
1134132,5291756,Kentucky,183,Ohio,LMK,2002-04-28 03:40:00,EST,2002-04-28 03:50:00,0,0,0,0,500K,,NWS STORM SURVEY,F1,Unknown,9.5,100.0,,,,,37.41667,-87.08333,37.45,-86.91667,,"On Shrull Lane west of Centertown, a mobile home and several outbuildings were destroyed. There was intermittent damage across extreme western Ohio County. There was structural damage to 16 homes in Hartford. Roofs were off some homes. Mobile homes were picked up and twisted.",KY,2002-04-28 04:40:00,2002-04-28 04:50:00,True,True
1134132,5291706,Kentucky,27,Breckinridge,LMK,2002-04-28 03:08:00,EST,2002-04-28 03:28:00,7,0,1,0,750K,,NWS STORM SURVEY,F2,Unknown,19.0,150.0,,,,,37.85,-86.58333,37.86667,-86.23333,,"The tornado crossed into central Breckinridge County from Perry County, IN. The tornado lifted periodically as it crossed eastern Breckinridge County, and reached the Irvington area around 0325 EST. A 52 year old male was killed in a mobile home in Irvington. Seven people were injured. A few homes were destroyed and numerous homes were damaged. Two homes had their roofs torn off. Numerous trees were uprooted, and many outbuildings were destroyed. The tornado was estimated at F2 intensity, with spots of F3 damage.",KY,2002-04-28 04:08:00,2002-04-28 04:28:00,True,True
1134132,5291707,Kentucky,163,Meade,LMK,2002-04-28 03:28:00,EST,2002-04-28 03:40:00,0,0,0,0,,,NWS STORM SURVEY,F0,Unknown,11.4,150.0,,,,,37.86667,-86.2,37.86667,-86.11667,,The tornado crossed into Meade County from Breckinridge County. Numerous trees were uprooted.,KY,2002-04-28 04:28:00,2002-04-28 04:40:00,True,True
1134399,5292088,Illinois,5,Bond,LSX,2002-05-01 12:42:00,CST,2002-05-01 12:47:00,0,0,0,0,,,NWS EMPLOYEE(OFF DUTY),F1,Unknown,2.5,40.0,,,,,38.88333,-89.31667,38.88333,-89.31667,,"A series of 6 tornadoes struck the Greenville, Illinois area at virtually the same time. Eyewitnesses reported seeing at least 4 tornadoes on the ground at the same time. The tornadoes were lined up north to south and moved in distinct paths to the east southeast. They did not rotate around each other. The bulk of the damage was to trees, power lines, and farm outbuildings. Over 35 structures were damaged by the tornadoes. Tornado number 6 destroyed a garage and a machine shed sending pieces of the metal roof one-half mile to the east.",IL,2002-05-01 13:42:00,2002-05-01 13:47:00,True,True
1134400,5292089,Illinois,121,Marion,LSX,2002-05-01 13:10:00,CST,2002-05-01 13:22:00,0,0,0,0,,,NWS STORM SURVEY,F1,Unknown,7.0,40.0,,,,,38.76667,-88.96667,38.75,-88.85,,Three tornadoes caused damage near Kinmundy. The first tornado caused considerable damage to a 2 story structure near the intersection of Highway 37 and Kinoka Road. The roof and 2 walls of the structure were thrown across Highway 37 into the woods. There was also tree and power line damage along the path.,IL,2002-05-01 14:10:00,2002-05-01 14:22:00,True,True
1134401,5292090,Illinois,121,Marion,LSX,2002-05-01 13:11:00,CST,2002-05-01 13:23:00,0,0,0,0,,,NWS EMPLOYEE(OFF DUTY),F1,Unknown,6.5,40.0,,,,,38.73333,-88.95,38.73333,-88.83333,,"Three tornadoes caused damage near Kinmundy, Illinois. The second tornado damaged 2 homes. Over 50 percent of the roof of one home was blown 70 yards away. The rest of the damage was to trees and power lines.",IL,2002-05-01 14:11:00,2002-05-01 14:23:00,True,True
1134741,5296812,Texas,107,Crosby,LUB,2002-05-27 16:12:00,CST,2002-05-27 16:14:00,0,0,0,0,3K,,TRAINED SPOTTER,F0,Unknown,1.0,50.0,,,,,33.68333,-101.41667,33.68333,-101.4,,A tornado destroyed a barn on the west side of town.,TX,2002-05-27 17:12:00,2002-05-27 17:14:00,True,True
1136532,5297656,Kansas,53,Ellsworth,ICT,2002-06-11 16:31:00,CST,2002-06-11 16:37:00,0,0,0,0,,,TRAINED SPOTTER,F0,Unknown,8.0,110.0,,,,,38.73333,-98.2,38.73333,-98.06667,,"Almost paralleling Highway 140, the tornado remained in open country.",KS,2002-06-11 17:31:00,2002-06-11 17:37:00,True,True
1133878,5293355,Missouri,155,Pemiscot,MEG,2002-04-24 19:00:00,CST,2002-04-24 19:05:00,0,0,0,0,5K,,LAW ENFORCEMENT,F0,Unknown,0.3,25.0,,,,,36.23333,-89.71667,36.23333,-89.71667,,The tornado touched down just east of Hayti and traveled a short distance. A few power lines were blown down.,MO,2002-04-24 20:00:00,2002-04-24 20:05:00,True,True
1136289,5297217,Virginia,135,Nottoway,AKQ,2002-05-02 14:50:00,EST,2002-05-02 14:50:00,0,0,0,0,20K,,NWS STORM SURVEY,F0,Unknown,2.0,100.0,,,,,37.28333,-78.25,37.28333,-78.2,,Mobile home severely damaged. Trees down.,VA,2002-05-02 15:50:00,2002-05-02 15:50:00,True,True
1134892,5297031,Connecticut,9,New Haven,OKX,2002-05-31 18:40:00,EST,2002-05-31 18:40:00,0,0,0,0,,,METEOROLOGIST(NON NWS),F0,Unknown,0.2,10.0,,,,,41.48333,-73.21667,41.48333,-73.21667,,"A professional Meteorologist confirmed the occurrence of an F0 tornado in Southbury at about 7:40 pm EDT on Friday, May 31st. His findings were supported by eyewitness reports.Tornadic damage was observed along Interstate 84 near Exit 14, which intersects with Route 172, Britain Road. Many large trees were snapped and uprooted, which also blocked traffic. The tornado touched down just south of Interstate 84, then moved just north of due east across the highway, which damaged trees and vegetation.Specifically, the tornado ""wobbled"" along I-84 for up to 200 yards, then ""snaked"" across the highway into the center median area, where it topped a tree and flattened shrubs and bushes. It snaked back to the south side of the east bound land, flattening additional trees and shrubs. After traveling up to another 150 yards, the tornado snaked across the highway and center median, flattening more trees and shrubs before roping out on the westbound lane.",CT,2002-05-31 19:40:00,2002-05-31 19:40:00,True,True
1135002,5296661,Texas,11,Armstrong,AMA,2002-05-05 18:30:00,CST,2002-05-05 18:33:00,0,0,0,0,,,TRAINED SPOTTER,F0,Unknown,0.3,25.0,,,,,34.76667,-101.56667,34.78333,-101.55,Severe thunderstorms raked across much of the Texas panhandle during the late afternoon and into the evening hours. Large hail and damaging winds along with several tornadoes occurred with these storms with the extreme southern Texas panhandle being hit hardest. No fatalities or injuries occured from the severe weather...although damage was reported from the high winds and large hail.,The tornado remained over open country and no damage or injuries were reported. The tornado path length and width were estimated.,TX,2002-05-05 19:30:00,2002-05-05 19:33:00,True,True
1135009,5295444,Texas,233,Hutchinson,AMA,2002-05-23 20:05:00,CST,2002-05-23 20:07:00,0,0,0,0,,,BROADCAST MEDIA,F0,Unknown,0.1,25.0,,,,,35.66667,-101.08333,35.66667,-101.08333,Numerous severe thunderstorms containing destructive large hail...damaging winds and tornadoes struck much of the central and northern Texas panhandle during the evening and into the overnight hours.,The tornado occurred over open country and no damage was reported. The tornado path width and length were estimated.,TX,2002-05-23 21:05:00,2002-05-23 21:07:00,True,True
1135922,5298828,Illinois,105,Livingston,LOT,2002-06-04 14:16:00,CST,2002-06-04 14:19:00,0,0,0,0,,,AMATEUR RADIO,F0,Unknown,1.0,50.0,,,,,41.05,-88.76667,41.05,-88.76667,"Severe thunderstorms developed over northern Illinois during the early afternoon hours of June 4th and moved southeast. Numerous trees, large limbs, and power lines were blown down, in addition to a few reports of large hail. One thunderstorm moved east across northern Livingstion county and produced a tornado near Ancona. The same thunderstorm produced a second tornado near Manville. Both tornadoes were weak (F0) and touched down in fields, with no damage or injuries reported from either tornado. Outflow from these thunderstorms destroyed four farm buildings near Ashkum in Iroquois county.",,IL,2002-06-04 15:16:00,2002-06-04 15:19:00,True,True
1135973,5299428,New York,7,Broome,BGM,2002-05-31 14:55:00,EST,2002-05-31 14:55:00,0,0,0,0,5K,,NWS STORM SURVEY,F0,Unknown,0.3,75.0,,,,,42.15,-76.08333,42.15,-76.08333,,A tornado briefly touched down on Bean Hill Road northwest of Endicott. The damage was consistent with F0 and about 60 mph winds. The damage was entirely to small to moderate sized trees which were twisted and downed in several different directions. An eyewitness reported to have seen the swirling debris associated with the funnel. There was no damage to the home close to where the tornado tracked.,NY,2002-05-31 15:55:00,2002-05-31 15:55:00,True,True
1135286,5294902,Oklahoma,45,Ellis,OUN,2002-06-12 18:30:00,CST,2002-06-12 18:35:00,0,0,0,0,20K,,GENERAL PUBLIC,F1,Unknown,1.0,50.0,,,,,36.53333,-99.85,36.53333,-99.86667,"Numerous severe thunderstorms developed across north central and northwest Oklahoma during the afternoon and early evening of the 12th, before moving southward and dissipating. In addition to reports of golf ball size hail (1.75 inches in diameter) and winds to 75 mph, there were reports of flash flooding in Ponca City (Kay County) and a tornado near Catesby in northern Ellis County.","This tornado tracked about one mile, destroying a windmill and damaging trees, before dissipating.",OK,2002-06-12 19:30:00,2002-06-12 19:35:00,True,True
1136533,5297846,Kansas,35,Cowley,ICT,2002-06-12 16:54:00,CST,2002-06-12 16:58:00,0,0,0,0,,,LAW ENFORCEMENT,F0,Unknown,1.0,110.0,,,,,37.43333,-96.9,37.43333,-96.88333,,Remained in the country.,KS,2002-06-12 17:54:00,2002-06-12 17:58:00,True,True
1135922,5298827,Illinois,105,Livingston,LOT,2002-06-04 13:54:00,CST,2002-06-04 14:00:00,0,0,0,0,,,AMATEUR RADIO,F0,Unknown,2.0,50.0,,,,,41.03333,-88.88333,41.03333,-88.86667,"Severe thunderstorms developed over northern Illinois during the early afternoon hours of June 4th and moved southeast. Numerous trees, large limbs, and power lines were blown down, in addition to a few reports of large hail. One thunderstorm moved east across northern Livingstion county and produced a tornado near Ancona. The same thunderstorm produced a second tornado near Manville. Both tornadoes were weak (F0) and touched down in fields, with no damage or injuries reported from either tornado. Outflow from these thunderstorms destroyed four farm buildings near Ashkum in Iroquois county.",,IL,2002-06-04 14:54:00,2002-06-04 15:00:00,True,True
1136538,5298446,Kansas,95,Kingman,ICT,2002-05-07 22:38:00,CST,2002-05-07 22:39:00,0,0,0,0,,,TRAINED SPOTTER,F0,Unknown,0.2,110.0,,,,,37.65,-98.43333,37.65,-98.43333,,Occurred in the country.,KS,2002-05-07 23:38:00,2002-05-07 23:39:00,True,True
1136388,5298118,Illinois,149,Pike,LSX,2002-06-11 14:15:00,CST,2002-06-11 14:15:00,0,0,0,0,,,LAW ENFORCEMENT,F0,Unknown,0.7,60.0,,,,,39.53333,-91.01667,39.53333,-91.01667,,A small tornado hit the south side of the Rockport area. The roof of the Post Office was heavily damaged and several trees were downed.,IL,2002-06-11 15:15:00,2002-06-11 15:15:00,True,True
1134690,5295459,Texas,135,Ector,MAF,2002-05-27 15:49:00,CST,2002-05-27 15:49:00,0,0,0,0,2K,0,TRAINED SPOTTER,F0,Unknown,0.1,50.0,,,,,32.0,-102.41667,32.0,-102.41667,The 27th was a very active severe weather day across the region. Severe thunderstorms began early in the day...with the first reports of severe hail received by 9:30 AM CST. A dryline was positioned near the Texas/New Mexico border...with a well defined outflow boundary oriented across the far northern Permian Basin and the western low rolling plains of West Texas. Numerous supercell thunderstorms developed across the Permian Basin by mid afternoon. Tornadoes were observed as the most intense storms interacted with the outflow boundary. The most significant damage produced by any of the tornadoes was the downing of power poles in Mitchell County. Reports of large hail were common across the area.,Brief and weak tornado reported by storm spotters in the community of Gardendale. Only tree and minor roof damage resulted.,TX,2002-05-27 16:49:00,2002-05-27 16:49:00,True,True
1135830,5299007,Ohio,27,Clinton,ILN,2002-05-09 17:09:00,EST,2002-05-09 17:12:00,0,0,0,0,50K,,GENERAL PUBLIC,F0,Unknown,2.0,20.0,,,,,39.51667,-83.83333,39.51667,-83.83333,,"A weak tornado touched down just west of the Interstate 71/US Route 68 interchange, skipping across the interstate for a few minutes before lifting back into the clouds. Minor structural damage occurred at the exit to the Bush RV Center and at the Ramada Plaza Hotel. Several cars parked in the Ramada lot had windows blown out.",OH,2002-05-09 18:09:00,2002-05-09 18:12:00,True,True
1136533,5297852,Kansas,77,Harper,ICT,2002-06-12 17:35:00,CST,2002-06-12 17:36:00,0,0,0,0,,,GENERAL PUBLIC,F0,Unknown,1.0,110.0,,,,,37.18333,-97.81667,37.2,-97.8,,"Remaining in the country, this tornado would cross the Harper/Sumner county line at 1736.",KS,2002-06-12 18:35:00,2002-06-12 18:36:00,True,True
1134853,5296376,Florida,86,Miami-Dade,MFL,2002-05-30 09:07:00,EST,2002-05-30 09:07:00,0,0,0,0,,,LAW ENFORCEMENT,F0,Unknown,0.1,10.0,,,,,25.85,-80.26667,25.85,-80.26667,,The police reported a funnel cloud touching down west of SR 826 and 138 Street. No damage was reported.,FL,2002-05-30 10:07:00,2002-05-30 10:07:00,True,True
1134690,5295455,Texas,329,Midland,MAF,2002-05-27 16:20:00,CST,2002-05-27 16:20:00,0,0,0,0,0,0,TRAINED SPOTTER,F0,Unknown,0.1,50.0,,,,,32.0,-102.0,32.0,-102.0,The 27th was a very active severe weather day across the region. Severe thunderstorms began early in the day...with the first reports of severe hail received by 9:30 AM CST. A dryline was positioned near the Texas/New Mexico border...with a well defined outflow boundary oriented across the far northern Permian Basin and the western low rolling plains of West Texas. Numerous supercell thunderstorms developed across the Permian Basin by mid afternoon. Tornadoes were observed as the most intense storms interacted with the outflow boundary. The most significant damage produced by any of the tornadoes was the downing of power poles in Mitchell County. Reports of large hail were common across the area.,"Trained spotters, local television meteorologists, and members of the general public reported a brief tornado near exit 144 of Interstate 20.",TX,2002-05-27 17:20:00,2002-05-27 17:20:00,True,True
1136015,5298865,Kansas,47,Edwards,DDC,2002-05-11 15:44:00,CST,2002-05-11 15:45:00,0,0,0,0,,,TRAINED SPOTTER,F0,Unknown,0.3,30.0,,,,,37.96667,-99.41667,37.96667,-99.41667,,This was a brief tornado (not a gustnado).,KS,2002-05-11 16:44:00,2002-05-11 16:45:00,True,True
1136015,5298866,Kansas,185,Stafford,DDC,2002-05-11 17:12:00,CST,2002-05-11 17:13:00,0,0,0,0,,,TRAINED SPOTTER,F0,Unknown,0.3,50.0,,,,,37.96667,-98.48333,37.93333,-98.5,,"Another brief tornado reported (again, not a gustnado).",KS,2002-05-11 18:12:00,2002-05-11 18:13:00,True,True
1136015,5298867,Kansas,185,Stafford,DDC,2002-05-11 17:13:00,CST,2002-05-11 17:15:00,0,0,0,0,,,TRAINED SPOTTER,F0,Unknown,0.5,50.0,,,,,37.96667,-98.48333,37.93333,-98.5,,Another brief tornado spinup in the same general location as the 1712 CST tornado.,KS,2002-05-11 18:13:00,2002-05-11 18:15:00,True,True
1136015,5298870,Kansas,33,Comanche,DDC,2002-05-11 19:10:00,CST,2002-05-11 19:14:00,0,0,0,0,,,TRAINED SPOTTER,F0,Unknown,2.2,100.0,,,,,37.13333,-99.23333,37.15,-99.2,,This tornado did not hit anything to give it a rating other than zero.,KS,2002-05-11 20:10:00,2002-05-11 20:14:00,True,True
1136015,5298871,Kansas,97,Kiowa,DDC,2002-05-11 16:56:00,CST,2002-05-11 16:56:00,0,0,0,0,,,TRAINED SPOTTER,F0,Unknown,0.3,50.0,,,,,37.66667,-99.21667,37.66667,-99.21667,,This was a very brief tornado (but not a gustnado).,KS,2002-05-11 17:56:00,2002-05-11 17:56:00,True,True
1135002,5296660,Texas,11,Armstrong,AMA,2002-05-05 18:11:00,CST,2002-05-05 18:15:00,0,0,0,0,,,EMERGENCY MANAGER,F0,Unknown,0.4,50.0,,,,,34.8,-101.53333,34.81667,-101.51667,Severe thunderstorms raked across much of the Texas panhandle during the late afternoon and into the evening hours. Large hail and damaging winds along with several tornadoes occurred with these storms with the extreme southern Texas panhandle being hit hardest. No fatalities or injuries occured from the severe weather...although damage was reported from the high winds and large hail.,The tornado remained over open country and no damage or injuries were reported. The tornado path length and width were estimated.,TX,2002-05-05 19:11:00,2002-05-05 19:15:00,True,True
1135004,5296157,Oklahoma,139,Texas,AMA,2002-05-16 18:00:00,CST,2002-05-16 18:02:00,0,0,0,0,,,STORM CHASER,F0,Unknown,0.1,25.0,,,,,36.66667,-101.63333,36.66667,-101.63333,Severe thunderstorms containing large hail and a couple of tornadoes raced across the Oklahoma panhandle during the evening hours. The tornadoes remained over open country and no damage...injuries or fatalities were reported.,The tornado occurred over open country and the path length and width were estimated. No damage was reported.,OK,2002-05-16 19:00:00,2002-05-16 19:02:00,True,True
1135002,5296658,Texas,381,Randall,AMA,2002-05-05 17:55:00,CST,2002-05-05 18:02:00,0,0,0,0,40K,,NWS STORM SURVEY,F2,Unknown,2.0,150.0,,,,,34.75,-101.8,34.81667,-101.71667,Severe thunderstorms raked across much of the Texas panhandle during the late afternoon and into the evening hours. Large hail and damaging winds along with several tornadoes occurred with these storms with the extreme southern Texas panhandle being hit hardest. No fatalities or injuries occured from the severe weather...although damage was reported from the high winds and large hail.,"A damage assessment was made on this tornado. This tornado began in Lubbock's County Warning Area in Swisher county. After the tornado tore through the community of Happy Texas, it moved east northeast and entered the extreme southern sections of Randall county. Two homes received moderate damage from the tornado in Randall county. No injuries or deaths occurred in Randall county.",TX,2002-05-05 18:55:00,2002-05-05 19:02:00,True,True
1135002,5296659,Texas,381,Randall,AMA,2002-05-05 17:57:00,CST,2002-05-05 17:59:00,0,0,0,0,,,EMERGENCY MANAGER,F0,Unknown,0.1,25.0,,,,,34.81667,-101.7,34.81667,-101.7,Severe thunderstorms raked across much of the Texas panhandle during the late afternoon and into the evening hours. Large hail and damaging winds along with several tornadoes occurred with these storms with the extreme southern Texas panhandle being hit hardest. No fatalities or injuries occured from the severe weather...although damage was reported from the high winds and large hail.,The tornado remained over open country and no damage or injuries were reported. The tornado path length and width were estimated.,TX,2002-05-05 18:57:00,2002-05-05 18:59:00,True,True
1134685,5296791,Texas,415,Scurry,MAF,2002-05-04 22:15:00,CST,2002-05-04 22:15:00,0,0,0,0,15K,0,TRAINED SPOTTER,F0,Unknown,0.5,200.0,,,,,32.55,-101.05,32.55,-101.05,"Numerous severe thunderstorms developed on the evening of the 4th across the Permian Basin. The most intense activity was across the eastern basin...where three supercell storms moved parallel to Interstate 20 producing large hail, damaging winds, and tornadoes. Damage resulting from a weak tornado was observed on Highway 350 southwest of Ira in southern Scurry County. Two tornadoes were observed in northern Mitchell County just before midnight...along with hail to the size of baseballs. Damage from the tornadoes was limited to downed power poles. As the dryline retreated west across the basin...other storms formed in the western basin. These storms were less organized, but produced dime size hail. Total dollar estimates of the damage are in the 95K to 100K range.",Road signs and four power poles were blown down when a tornado crossed Highway 350.,TX,2002-05-04 23:15:00,2002-05-04 23:15:00,True,True
1134892,5296942,Connecticut,1,Fairfield,OKX,2002-05-31 18:24:00,EST,2002-05-31 18:24:00,0,0,0,0,,,METEOROLOGIST(NON NWS),F1,Unknown,0.5,75.0,,,,,41.48333,-73.41667,41.48333,-73.41667,,"A professional Meteorologist confirmed the occurrence of an F1 tornado in Brookfield at about 7:24 pm EDT on Friday, May 31st. The tornado touched down on the west side of Hillandale Road, about 800 feet from the intersection of Long Meadow Hill Road and Hillandale Road. The tornado moved east across this intersection toward Signal Hill Road. It moved across the property on 17 Signal Hill Road, then dissipated in a wooded area behind this property.There was evidence of rotation in 2 locations: Large trees were twisted off at their bases and trees and debris fell in a counter clockwise pattern at the intersection of Long Meadow Hill Road and Hillandale Road, where the tornado was estimated at F1 strength. Trees on the southern side of the path were downed to the east and were snapped toward the north along the northern side of the path. At 17 Signal Hill Road, trees were also lying in a counter clockwise direction.Most damage occurred to trees, fences, and smaller buildings.",CT,2002-05-31 19:24:00,2002-05-31 19:24:00,True,True
1135009,5295710,Texas,393,Roberts,AMA,2002-05-23 22:25:00,CST,2002-05-23 22:35:00,0,0,0,0,65K,,NWS STORM SURVEY,F1,Unknown,6.0,100.0,,,,,35.8,-100.75,35.8,-100.68333,Numerous severe thunderstorms containing destructive large hail...damaging winds and tornadoes struck much of the central and northern Texas panhandle during the evening and into the overnight hours.,Two homes received moderate damage from the tornado while several storage sheds and a detached garage were completely destroyed. A few trees were snapped and numerous power poles were downed. No injuries or deaths were reported. One person whose home was struck by the tornado took shelter in the basement.,TX,2002-05-23 23:25:00,2002-05-23 23:35:00,True,True
1134685,5296887,Texas,335,Mitchell,MAF,2002-05-04 22:45:00,CST,2002-05-04 22:45:00,0,0,0,0,50K,0,TRAINED SPOTTER,F0,Unknown,0.8,250.0,,,,,32.5,-100.85,32.5,-100.85,"Numerous severe thunderstorms developed on the evening of the 4th across the Permian Basin. The most intense activity was across the eastern basin...where three supercell storms moved parallel to Interstate 20 producing large hail, damaging winds, and tornadoes. Damage resulting from a weak tornado was observed on Highway 350 southwest of Ira in southern Scurry County. Two tornadoes were observed in northern Mitchell County just before midnight...along with hail to the size of baseballs. Damage from the tornadoes was limited to downed power poles. As the dryline retreated west across the basin...other storms formed in the western basin. These storms were less organized, but produced dime size hail. Total dollar estimates of the damage are in the 95K to 100K range.",Storm spotters reported a tornado. An NWS damage survey determined a path width of 250 yards with a length between one half mile and one mile. The tornado blew down sixteen power poles as it crossed Highway 208 north of Colorado City. Dollar estimates of damage determined through interviews with utility company responsible for damaged power poles.,TX,2002-05-04 23:45:00,2002-05-04 23:45:00,True,True
1135003,5296858,Texas,233,Hutchinson,AMA,2002-05-16 19:50:00,CST,2002-05-16 19:55:00,0,0,0,0,35K,,NWS STORM SURVEY,F1,Unknown,0.1,100.0,,,,,35.66667,-101.06667,35.66667,-101.06667,Severe thunderstorms containing large hail and damaging winds along with an isolated tornado struck the northern...central and eastern Texas panhandle during the evening hours. The tornado caused damage but there were no injuries or fatalities that occurred.,A damage assessment was made on this tornado. A mobile home was completely destroyed and a pickup truck was heavily damaged. Fences and power poles were damaged within a radius of about fifty yards from the home site. Damage to trees was confined to those near the home site.,TX,2002-05-16 20:50:00,2002-05-16 20:55:00,True,True
1136013,5298611,Kansas,57,Ford,DDC,2002-05-07 18:20:00,CST,2002-05-07 18:27:00,0,0,0,0,,,TRAINED SPOTTER,F0,Unknown,2.2,75.0,,,,,37.51667,-99.71667,37.53333,-99.7,,This tornado did not hit anything to receive a rating other than zero.,KS,2002-05-07 19:20:00,2002-05-07 19:27:00,True,True
1136013,5298612,Kansas,47,Edwards,DDC,2002-05-07 17:10:00,CST,2002-05-07 17:11:00,0,0,0,0,,,NWS STORM SURVEY,F0,Unknown,0.7,75.0,,,,,37.73333,-99.55,37.73333,-99.55,,This tornado moved west and crossed into Ford county.,KS,2002-05-07 18:10:00,2002-05-07 18:11:00,True,True
1136013,5298613,Kansas,47,Edwards,DDC,2002-05-07 17:50:00,CST,2002-05-07 17:50:00,0,0,0,0,,,NWS STORM SURVEY,F0,Unknown,0.5,50.0,,,,,37.73333,-99.46667,37.73333,-99.46667,,This tornado moved south into Kiowa county.,KS,2002-05-07 18:50:00,2002-05-07 18:50:00,True,True
1136013,5298614,Kansas,25,Clark,DDC,2002-05-07 18:03:00,CST,2002-05-07 18:15:00,0,0,0,0,,,TRAINED SPOTTER,F0,Unknown,4.2,150.0,,,,,37.48333,-99.8,37.43333,-99.71667,,This tornado had nothing to hit to be rated.,KS,2002-05-07 19:03:00,2002-05-07 19:15:00,True,True
1136013,5298615,Kansas,97,Kiowa,DDC,2002-05-07 17:50:00,CST,2002-05-07 17:55:00,0,0,0,0,,,TRAINED SPOTTER,F1,Unknown,5.0,200.0,,,,,37.73333,-99.48333,37.68333,-99.48333,,This tornado moved into the county from Edwards county and eventually merged with another larger tornado that forms at 1751 CST.,KS,2002-05-07 18:50:00,2002-05-07 18:55:00,True,True
1136013,5298616,Kansas,97,Kiowa,DDC,2002-05-07 17:42:00,CST,2002-05-07 17:42:00,0,0,0,0,,,NWS STORM SURVEY,F0,Unknown,0.5,75.0,,,,,37.68333,-99.61667,37.68333,-99.61667,,This tornado moved in from Ford county.,KS,2002-05-07 18:42:00,2002-05-07 18:42:00,True,True
1136013,5298617,Kansas,97,Kiowa,DDC,2002-05-07 17:51:00,CST,2002-05-07 18:12:00,1,0,0,0,.8M,,TRAINED SPOTTER,F3,Unknown,10.0,600.0,,,,,37.68333,-99.48333,37.6,-99.4,,This tornado moved slowly east/northeast at first and then turned south/southeast striking two farms. One person was thrown from the house and into the yard.,KS,2002-05-07 18:51:00,2002-05-07 19:12:00,True,True
1136013,5298618,Kansas,97,Kiowa,DDC,2002-05-07 18:25:00,CST,2002-05-07 18:56:00,0,0,0,0,,,NWS STORM SURVEY,F1,Unknown,12.1,900.0,,,,,37.65,-99.25,37.65,-99.01667,,This very large tornado moved straight east and entered Pratt county at 1856 CST. At times the circulation was over a mile wide.,KS,2002-05-07 19:25:00,2002-05-07 19:56:00,True,True
1136013,5298619,Kansas,151,Pratt,DDC,2002-05-07 18:56:00,CST,2002-05-07 19:10:00,0,0,0,0,.5M,,NWS STORM SURVEY,F2,Unknown,7.5,500.0,,,,,37.65,-99.0,37.7,-98.9,,This tornado moved in from Kiowa county. No injuries due to adequate warning.,KS,2002-05-07 19:56:00,2002-05-07 20:10:00,True,True
1136013,5298620,Kansas,151,Pratt,DDC,2002-05-07 18:58:00,CST,2002-05-07 19:05:00,0,0,0,0,,,TRAINED SPOTTER,F0,Unknown,4.0,50.0,,,,,37.78333,-99.01667,37.76667,-98.96667,,This tornado did not hit anything.,KS,2002-05-07 19:58:00,2002-05-07 20:05:00,True,True
1136013,5298621,Kansas,151,Pratt,DDC,2002-05-07 19:14:00,CST,2002-05-07 19:24:00,0,0,0,0,,,NWS STORM SURVEY,F1,Unknown,7.7,150.0,,,,,37.65,-98.96667,37.6,-98.88333,,"This tornado developed from the occluding storm north of Cullison. It turned sharply south, or right of the mean flow.",KS,2002-05-07 20:14:00,2002-05-07 20:24:00,True,True
1135002,5296603,Texas,117,Deaf Smith,AMA,2002-05-05 16:22:00,CST,2002-05-05 16:25:00,0,0,0,0,,,FIRE DEPT/RESCUE SQUAD,F0,Unknown,0.1,25.0,,,,,34.83333,-102.38333,34.83333,-102.38333,Severe thunderstorms raked across much of the Texas panhandle during the late afternoon and into the evening hours. Large hail and damaging winds along with several tornadoes occurred with these storms with the extreme southern Texas panhandle being hit hardest. No fatalities or injuries occured from the severe weather...although damage was reported from the high winds and large hail.,The tornado remained over open country and no damage or injuries were reported. The tornado path length and width were estimated.,TX,2002-05-05 17:22:00,2002-05-05 17:25:00,True,True
1135002,5296604,Texas,233,Hutchinson,AMA,2002-05-05 16:35:00,CST,2002-05-05 16:38:00,0,0,0,0,,,NWS EMPLOYEE(OFF DUTY),F0,Unknown,0.1,25.0,,,,,35.95,-101.26667,35.95,-101.26667,Severe thunderstorms raked across much of the Texas panhandle during the late afternoon and into the evening hours. Large hail and damaging winds along with several tornadoes occurred with these storms with the extreme southern Texas panhandle being hit hardest. No fatalities or injuries occured from the severe weather...although damage was reported from the high winds and large hail.,The tornado remained over open country and no damage or injuries were reported. The tornado path length and width were estimated.,TX,2002-05-05 17:35:00,2002-05-05 17:38:00,True,True
1135002,5296605,Texas,117,Deaf Smith,AMA,2002-05-05 16:31:00,CST,2002-05-05 16:36:00,0,0,0,0,,,TRAINED SPOTTER,F0,Unknown,0.5,50.0,,,,,34.91667,-102.23333,34.93333,-102.23333,Severe thunderstorms raked across much of the Texas panhandle during the late afternoon and into the evening hours. Large hail and damaging winds along with several tornadoes occurred with these storms with the extreme southern Texas panhandle being hit hardest. No fatalities or injuries occured from the severe weather...although damage was reported from the high winds and large hail.,The tornado remained over open country and no damage or injuries were reported. The tornado path length and width were estimated.,TX,2002-05-05 17:31:00,2002-05-05 17:36:00,True,True
1134689,5296990,Texas,371,Pecos,MAF,2002-05-28 17:48:00,CST,2002-05-28 17:48:00,0,0,0,0,0,0,GENERAL PUBLIC,F0,Unknown,0.1,50.0,,,,,31.08333,-102.56667,31.08333,-102.56667,Severe thunderstorms developed during the afternoon and evening of the 28th across the western Permian Basin and the Trans Pecos region. One isolated supercell developed over Crane County...and tracked south across Pecos County. Multiple reports were received of a brief tornado in northern Pecos County...west of Girvin. Other severe storms across the area produced large hail and severe thunderstorm wind gusts.,A motorists and local law enforcement officials witnessed a brief tornado west of highway 67.,TX,2002-05-28 18:48:00,2002-05-28 18:48:00,True,True
1135002,5296762,Texas,211,Hemphill,AMA,2002-05-05 18:58:00,CST,2002-05-05 18:58:00,0,0,0,0,,,NWS EMPLOYEE(OFF DUTY),F0,Unknown,0.5,25.0,,,,,35.91667,-99.96667,35.91667,-99.96667,Severe thunderstorms raked across much of the Texas panhandle during the late afternoon and into the evening hours. Large hail and damaging winds along with several tornadoes occurred with these storms with the extreme southern Texas panhandle being hit hardest. No fatalities or injuries occured from the severe weather...although damage was reported from the high winds and large hail.,The tornado remained over open country and the path length and width were estimated. The tornado developed over northeastern Hemphill county and then moved east for about a mile and crossed in Norman Oklahoma's County Warning Area in Ellis county. No damage or injuries were reported from the tornado. No injuries or deaths occurred from the tornado.,TX,2002-05-05 19:58:00,2002-05-05 19:58:00,True,True
1136142,5297592,Maine,17,Oxford,GYX,2002-05-31 15:30:00,EST,2002-05-31 15:30:00,0,0,0,0,,,NWS STORM SURVEY,F1,Unknown,2.1,125.0,,,,,44.31667,-70.56667,44.31667,-70.56667,"A line of severe thunderstorms moving through Maine produced severe winds that downed trees and power lines throughout the western part of the state. About 30,000 customers lost electrical service during the storms. Trees were reported down in Oxford, Franklin, and York Counties. A small tornado touched down in the town of West Paris in Oxford County. In the town of Canton, a microburst ripped the roof off a 40 x 60 ft barn and carried it in the air more than 200 feet, landing in the tops of trees in a wooded area. Numerous trees were also uprooted. An exchange student drowned in Messalonskee Lake in Sidney when his canoe capsized and he attempted to swim the 75 yards to shore. A department store employee in Auburn was injured when he was struck by lightning as he covered up items outside. He was taken to a nearby hospital and later released. Lightning also struck homes in Windham, Sanford, and Alfred.",,ME,2002-05-31 16:30:00,2002-05-31 16:30:00,True,True
1135203,5294678,Texas,353,Nolan,SJT,2002-05-26 21:48:00,CST,2002-05-26 21:48:00,0,0,0,0,,,LAW ENFORCEMENT,F0,Unknown,0.3,30.0,,,,,32.08333,-100.18333,32.08333,-100.18333,Isolated severe thunderstorms moved through the western portions of the Big Country. There were two reports of tornadoes.,Law enforcement reported a brief tornado.,TX,2002-05-26 22:48:00,2002-05-26 22:48:00,True,True
1135002,5296763,Texas,87,Collingsworth,AMA,2002-05-05 20:15:00,CST,2002-05-05 20:18:00,0,0,0,0,,,GOVT OFFICIAL,F0,Unknown,0.1,25.0,,,,,34.73333,-100.53333,34.73333,-100.53333,Severe thunderstorms raked across much of the Texas panhandle during the late afternoon and into the evening hours. Large hail and damaging winds along with several tornadoes occurred with these storms with the extreme southern Texas panhandle being hit hardest. No fatalities or injuries occured from the severe weather...although damage was reported from the high winds and large hail.,The tornado remained over open country and no damage or injuries were reported. The tornado path length and width were estimated. This tornado formed on the Donley and Collingsworth county line and then moved into Collingsworth county before dissipating.,TX,2002-05-05 21:15:00,2002-05-05 21:18:00,True,True
1135004,5296878,Oklahoma,139,Texas,AMA,2002-05-16 18:40:00,CST,2002-05-16 18:43:00,0,0,0,0,,,STORM CHASER,F0,Unknown,0.1,25.0,,,,,36.63333,-101.78333,36.63333,-101.78333,Severe thunderstorms containing large hail and a couple of tornadoes raced across the Oklahoma panhandle during the evening hours. The tornadoes remained over open country and no damage...injuries or fatalities were reported.,The tornado remained over open country and no damage was reported. The path length and width were estimated.,OK,2002-05-16 19:40:00,2002-05-16 19:43:00,True,True
1133480,5293472,Illinois,81,Jefferson,PAH,2002-04-21 14:49:00,CST,2002-04-21 14:51:00,0,0,0,0,2K,,NWS STORM SURVEY,F1,Unknown,1.5,100.0,,,,,38.35,-88.73333,38.36667,-88.71667,,"The tornado formed about one-half mile north of Illinois Route 15, just west of the Wayne/Jefferson County line, and moved quickly into Wayne County.",IL,2002-04-21 15:49:00,2002-04-21 15:51:00,True,True
1135002,5296665,Texas,129,Donley,AMA,2002-05-05 20:15:00,CST,2002-05-05 20:15:00,0,0,0,0,,,GOVT OFFICIAL,F0,Unknown,0.1,25.0,,,,,34.73333,-100.6,34.73333,-100.6,Severe thunderstorms raked across much of the Texas panhandle during the late afternoon and into the evening hours. Large hail and damaging winds along with several tornadoes occurred with these storms with the extreme southern Texas panhandle being hit hardest. No fatalities or injuries occured from the severe weather...although damage was reported from the high winds and large hail.,The tornado remained over open country and no damage or injuries were reported. The tornado path length and width were estimated. The tornado formed on the Donley and Collingsworth county line.,TX,2002-05-05 21:15:00,2002-05-05 21:15:00,True,True
1135002,5296662,Texas,211,Hemphill,AMA,2002-05-05 18:54:00,CST,2002-05-05 18:58:00,0,0,0,0,,,NWS EMPLOYEE(OFF DUTY),F0,Unknown,2.5,25.0,,,,,36.06667,-100.18333,36.1,-100.15,Severe thunderstorms raked across much of the Texas panhandle during the late afternoon and into the evening hours. Large hail and damaging winds along with several tornadoes occurred with these storms with the extreme southern Texas panhandle being hit hardest. No fatalities or injuries occured from the severe weather...although damage was reported from the high winds and large hail.,The tornado remained over open country and no damage or injuries were reported. The tornado path length and width were estimated.,TX,2002-05-05 19:54:00,2002-05-05 19:58:00,True,True
1135328,5294525,Iowa,33,Cerro Gordo,DMX,2002-06-21 12:18:00,CST,2002-06-21 12:28:00,0,0,0,0,,5K,TRAINED SPOTTER,F1,Unknown,5.0,40.0,,,,,42.95,-93.13333,42.88333,-93.05,"A thunderstorm complex moved east across southern Minnesota during the day on the 21st. The outflow boundary from the complex progressed into northern Iowa to join with a warm frontal boundary lifting north across the state. The airmass was very stable to the south of the boundary with temperatures in the mid 80s to low 90s, and dew point temperatures in the low 70s to near 80. CAPE values were in the 5600 J/kg range by early afternoon. A lone thunderstorm cell formed in north central Iowa just southeast of Mason City. The storm became severe and produced a tornado southeast of Rockwell. The tornado moved southeast at first while the storm intensified, then turned east as it entered Butler County. The track of the tornado was across open country and as a result there was little more than crop damage from it. Spotter and Sheriff reports indicated the tornado was on the ground intermittently. Much of the time the condensation funnel was not in clear contact with the ground, however it would appear the strength of the tornado can be inferred from the length of the track, spotter reports, and radar presentation. Speaking to trained spotters that were on the site indicated the tornado supercell was a CLOCKWISE rotating supercell.",Intermittent track. Moved into Butler County.,IA,2002-06-21 13:18:00,2002-06-21 13:28:00,True,True
1135328,5294526,Iowa,23,Butler,DMX,2002-06-21 12:28:00,CST,2002-06-21 12:42:00,0,0,0,0,,10K,TRAINED SPOTTER,F1,Unknown,7.0,40.0,,,,,42.9,-93.0,42.9,-92.88333,"A thunderstorm complex moved east across southern Minnesota during the day on the 21st. The outflow boundary from the complex progressed into northern Iowa to join with a warm frontal boundary lifting north across the state. The airmass was very stable to the south of the boundary with temperatures in the mid 80s to low 90s, and dew point temperatures in the low 70s to near 80. CAPE values were in the 5600 J/kg range by early afternoon. A lone thunderstorm cell formed in north central Iowa just southeast of Mason City. The storm became severe and produced a tornado southeast of Rockwell. The tornado moved southeast at first while the storm intensified, then turned east as it entered Butler County. The track of the tornado was across open country and as a result there was little more than crop damage from it. Spotter and Sheriff reports indicated the tornado was on the ground intermittently. Much of the time the condensation funnel was not in clear contact with the ground, however it would appear the strength of the tornado can be inferred from the length of the track, spotter reports, and radar presentation. Speaking to trained spotters that were on the site indicated the tornado supercell was a CLOCKWISE rotating supercell.",Intermittent track. Moved in from Cerro Gordo County.,IA,2002-06-21 13:28:00,2002-06-21 13:42:00,True,True
1135002,5296663,Texas,11,Armstrong,AMA,2002-05-05 18:35:00,CST,2002-05-05 18:35:00,0,0,0,0,,,NWS EMPLOYEE(OFF DUTY),F0,Unknown,0.1,25.0,,,,,34.73333,-101.61667,34.73333,-101.61667,Severe thunderstorms raked across much of the Texas panhandle during the late afternoon and into the evening hours. Large hail and damaging winds along with several tornadoes occurred with these storms with the extreme southern Texas panhandle being hit hardest. No fatalities or injuries occured from the severe weather...although damage was reported from the high winds and large hail.,The tornado remained over open country and no damage or injuries were reported. The tornado path length and width were estimated.,TX,2002-05-05 19:35:00,2002-05-05 19:35:00,True,True
1135002,5296664,Texas,11,Armstrong,AMA,2002-05-05 19:10:00,CST,2002-05-05 19:13:00,0,0,0,0,,,TRAINED SPOTTER,F0,Unknown,0.2,25.0,,,,,34.83333,-101.1,34.83333,-101.1,Severe thunderstorms raked across much of the Texas panhandle during the late afternoon and into the evening hours. Large hail and damaging winds along with several tornadoes occurred with these storms with the extreme southern Texas panhandle being hit hardest. No fatalities or injuries occured from the severe weather...although damage was reported from the high winds and large hail.,The tornado remained over open country and no damage or injuries were reported. The tornado path length and width were estimated.,TX,2002-05-05 20:10:00,2002-05-05 20:13:00,True,True
1136532,5297645,Kansas,105,Lincoln,ICT,2002-06-11 15:25:00,CST,2002-06-11 15:27:00,0,0,0,0,,,TRAINED SPOTTER,F0,Unknown,4.0,110.0,,,,,38.95,-98.25,39.0,-98.2,,Remained in the country.,KS,2002-06-11 16:25:00,2002-06-11 16:27:00,True,True
1136532,5297650,Kansas,105,Lincoln,ICT,2002-06-11 15:33:00,CST,2002-06-11 15:33:00,0,0,0,0,,,LAW ENFORCEMENT,F0,Unknown,1.0,55.0,,,,,38.93333,-98.28333,38.93333,-98.28333,,Brief event that occurred in the country.,KS,2002-06-11 16:33:00,2002-06-11 16:33:00,True,True
1135203,5294673,Texas,353,Nolan,SJT,2002-05-26 20:17:00,CST,2002-05-26 20:20:00,0,0,0,0,,,AMATEUR RADIO,F0,Unknown,0.2,20.0,,,,,32.31667,-100.51667,32.31667,-100.51667,Isolated severe thunderstorms moved through the western portions of the Big Country. There were two reports of tornadoes.,Spotters reported a brief tornado.,TX,2002-05-26 21:17:00,2002-05-26 21:20:00,True,True
1135201,5294587,Texas,399,Runnels,SJT,2002-05-24 19:50:00,CST,2002-05-24 19:50:00,0,0,0,0,,,AMATEUR RADIO,F0,Unknown,0.4,50.0,,,,,32.01667,-99.95,32.01667,-99.95,"Several severe thunderstorms developed across the Big Country and the Heartland. These thunderstorms produced considerable damage in and around the town of Winters. There were also four tornado sightings, however they all were brief and did not produce any discernable damage.",Spotter reported a brief tornado just to the north of Winters. The tornado remained over open country just north of Winters.. The damage received at Winters was from high winds and hail.,TX,2002-05-24 20:50:00,2002-05-24 20:50:00,True,True
1135021,5294381,Wisconsin,121,Trempealeau,ARX,2002-05-26 14:55:00,CST,2002-05-26 14:56:00,0,0,0,0,,,TRAINED SPOTTER,F0,Unknown,0.1,20.0,,,,,44.25,-91.51667,44.25,-91.51667,"A brief tornado touched down in an open field just west of Arcadia (Trempealeau County), but did no damage. Straight-line winds estimated at around 70 mph destroyed a garage in Arcadia, throwing debris into homes and cars directly across the street. A parade in town had just ended when the storm hit, but there were no injuries reported.",,WI,2002-05-26 15:55:00,2002-05-26 15:56:00,True,True
1134736,5296360,Texas,437,Swisher,LUB,2002-05-05 17:30:00,CST,2002-05-05 17:44:00,0,0,0,0,,,TRAINED SPOTTER,F2,Unknown,5.0,300.0,,,,,34.73333,-101.93333,34.73333,-101.85,,"A large tornado developed west of town. It moved eastward across open country and thus the storm survey team, made up of both NWS personnel and a Texas Tech University wind engineer, could only find damage to power poles and to fence posts. Based on storm chaser video, the large tornado weakened and finally dissipated just west of Happy.",TX,2002-05-05 18:30:00,2002-05-05 18:44:00,True,True
1134685,5296890,Texas,335,Mitchell,MAF,2002-05-04 23:03:00,CST,2002-05-04 23:03:00,0,0,0,0,0,0,TRAINED SPOTTER,F0,Unknown,0.1,150.0,,,,,32.46667,-100.71667,32.46667,-100.71667,"Numerous severe thunderstorms developed on the evening of the 4th across the Permian Basin. The most intense activity was across the eastern basin...where three supercell storms moved parallel to Interstate 20 producing large hail, damaging winds, and tornadoes. Damage resulting from a weak tornado was observed on Highway 350 southwest of Ira in southern Scurry County. Two tornadoes were observed in northern Mitchell County just before midnight...along with hail to the size of baseballs. Damage from the tornadoes was limited to downed power poles. As the dryline retreated west across the basin...other storms formed in the western basin. These storms were less organized, but produced dime size hail. Total dollar estimates of the damage are in the 95K to 100K range.",Storm spotters reported a brief tornado.,TX,2002-05-05 00:03:00,2002-05-05 00:03:00,True,True
1136410,5298224,Illinois,51,Fayette,LSX,2002-06-11 16:05:00,CST,2002-06-11 16:06:00,0,0,0,0,,,NWS STORM SURVEY,F0,Unknown,0.7,40.0,,,,,38.96667,-89.03333,38.96667,-89.01667,,A small tornado formed just east of Vandalia. Several power poles and trees were downed by the tornado. There were no structures in the path.,IL,2002-06-11 17:05:00,2002-06-11 17:06:00,True,True
1134696,5295731,Texas,371,Pecos,MAF,2002-05-26 18:20:00,CST,2002-05-26 18:20:00,0,0,0,0,0,0,BROADCAST MEDIA,F0,Unknown,0.1,50.0,,,,,30.51667,-102.86667,30.51667,-102.86667,A supercell thunderstorm moved across portions of Pecos County. TV storm chasers reported a brief tornado with this storm. Other severe thunderstorms developed in the western Permian Basin.,"A brief tornado, ten seconds in duration, was reported by a television meteorologist.",TX,2002-05-26 19:20:00,2002-05-26 19:20:00,True,True
1136538,5298423,Kansas,95,Kingman,ICT,2002-05-07 20:30:00,CST,2002-05-07 20:31:00,0,0,0,0,,,TRAINED SPOTTER,F0,Unknown,0.5,110.0,,,,,37.65,-98.36667,37.65,-98.36667,,Occurred in a field.,KS,2002-05-07 21:30:00,2002-05-07 21:31:00,True,True
1135197,5294176,Texas,95,Concho,SJT,2002-05-04 19:23:00,CST,2002-05-04 19:33:00,0,0,0,0,,,LAW ENFORCEMENT,F0,Unknown,2.0,75.0,,,,,31.36667,-100.03333,31.36667,-100.01667,"A supercell thunderstorm developed over San Angelo and moved east for four and a half hours over portions of Tom Green, Concho, McCulloch and San Saba counties. This storm produced a total of five tornadoes. These tornadoes for the most part remained over open country, with only two structures receiving damage to the northeast of Brady. This storm also produced a tremendous amount of hail, with numerous reports of golfball size hail with many trees completely stripped of their leaves. There were a few reports of of hail up to softball size in McCulloch County. Other thunderstorms formed over the Big Country, one of which produced a brief tornado near Roby in Fisher county. Hail up to the size of baseballs was also noted with several of these storms.",A supercell thunderstorm moving through Concho County produced its third tornado of the evening northwest of Eden. This tornado moved over open country.,TX,2002-05-04 20:23:00,2002-05-04 20:33:00,True,True
1135204,5294682,Texas,81,Coke,SJT,2002-05-27 14:53:00,CST,2002-05-27 14:59:00,0,0,0,0,,,AMATEUR RADIO,F0,Unknown,1.0,75.0,,,,,32.01667,-100.63333,32.01667,-100.61667,"Numerous severe thunderstorms formed over the Big Country, Concho Valley and the Heartland. Especially hard hit was the town of Robert Lee. Two severe thunderstorms moved through Robert Lee causing damage to homes and vehicles. The town as well as other portions of Coke county were without power for much of the night. There were several reports of high winds accompanied by hail to the size of tennis balls over eastern portions of the Concho Valley. There was also a tornado near the upper end of E.V. Spence reservoir. The tornado remained over open country and produced no damage.",Amateur radio spotters as well as an off duty NWS employee observed a tornado over the upper end of E.V. Spence Reservoir. The tornado was observed for about six minutes.,TX,2002-05-27 15:53:00,2002-05-27 15:59:00,True,True
1133562,5292486,Illinois,181,Union,PAH,2002-04-28 00:18:00,CST,2002-04-28 00:35:00,8,0,1,0,5M,,NWS STORM SURVEY,F3,Unknown,16.0,400.0,,,,,37.36667,-89.33333,37.36667,-89.03333,,"The tornado first touched down in very hilly terrain in the Shawnee National Forest and then tracked east, crossing Route 127 just north of Mill Creek. The tornado then directly struck the community of Dongola, where most of the damage and casualties occurred. A 69-year-old woman was killed as she was attempting to flee her mobile home. The woman had just gotten into her car, started the engine, and turned the lights on when the tornado struck. She was blown away from the car and found dead under a structure across the road from where the vehicle was parked and still running. Elsewhere in the Dongola area, a train was blown off the tracks. Several wood houses were demolished, and seven double-wide trailers were destroyed. Approximately 75 homes were damaged. A recreational vehicle was tossed across Lake Dongola and impaled into the ground.",IL,2002-04-28 01:18:00,2002-04-28 01:35:00,True,True
1136535,5298144,Kansas,155,Reno,ICT,2002-06-15 15:08:00,CST,2002-06-15 15:08:00,0,0,0,0,,,AMATEUR RADIO,F0,Unknown,0.5,55.0,,,,,37.83333,-97.78333,37.83333,-97.78333,,"Brief tornadic event, the tornado was also spotted by a highway patrol officer and a trained spotter.",KS,2002-06-15 16:08:00,2002-06-15 16:08:00,True,True
1136289,5297224,Virginia,149,Prince George,AKQ,2002-05-02 15:45:00,EST,2002-05-02 15:45:00,0,0,0,0,3K,,AMATEUR RADIO,F0,Unknown,1.0,100.0,,,,,37.21667,-77.1,37.21667,-77.08333,,Numerous trees down.,VA,2002-05-02 16:45:00,2002-05-02 16:45:00,True,True
1134799,5295541,Arkansas,59,Hot Spring,LZK,2002-05-17 07:30:00,CST,2002-05-17 07:31:00,2,0,0,0,,,NWS STORM SURVEY,F1,Unknown,1.0,150.0,,,,,34.43333,-92.71667,34.45,-92.7,,"An F1 tornado touched down briefly near the Glen Rose community and was on the ground for only one mile. At the beginning of the path, several large tree limbs were blown down. Farther along the path, several large trees were knocked down. However, most of the damage occurred at the school in Glen Rose. Roofing material was peeled off several of the school buildings, with shingles from the roofs scattered in various directions around the school campus area. The false ceiling in one of the buildings collapsed, with water damage noted in several of the other buildings that sustained roof damage. Two large ventilators were blown over on the roof of the band hall, with several large trees knocked down on the school campus. Several cars were also damaged by flying debris. A teacher was injured when one of the ceilings fell. Another teacher, who was outside when the storm struck, suffered a cut on her leg and bruises when she was blown into a chain-link fence on the playground.",AR,2002-05-17 08:30:00,2002-05-17 08:31:00,True,True
1134690,5295460,Texas,115,Dawson,MAF,2002-05-27 16:20:00,CST,2002-05-27 16:20:00,0,0,0,0,0,0,NWS EMPLOYEE(OFF DUTY),F0,Unknown,0.1,50.0,,,,,32.51667,-101.88333,32.51667,-101.88333,The 27th was a very active severe weather day across the region. Severe thunderstorms began early in the day...with the first reports of severe hail received by 9:30 AM CST. A dryline was positioned near the Texas/New Mexico border...with a well defined outflow boundary oriented across the far northern Permian Basin and the western low rolling plains of West Texas. Numerous supercell thunderstorms developed across the Permian Basin by mid afternoon. Tornadoes were observed as the most intense storms interacted with the outflow boundary. The most significant damage produced by any of the tornadoes was the downing of power poles in Mitchell County. Reports of large hail were common across the area.,A brief tornado was observed from a supercell storm as it interacted with an outflow boundary.,TX,2002-05-27 17:20:00,2002-05-27 17:20:00,True,True
1134736,5296540,Texas,191,Hall,LUB,2002-05-05 19:34:00,CST,2002-05-05 19:36:00,0,0,0,0,,,NWS STORM SURVEY,F0,Unknown,1.0,40.0,,,,,34.71667,-100.88333,34.71667,-100.88333,,"An NWS storm survey team identified a narrow tornado track just north of town, in which trees were uprooted and snapped.",TX,2002-05-05 20:34:00,2002-05-05 20:36:00,True,True
1134736,5296541,Texas,191,Hall,LUB,2002-05-05 20:00:00,CST,2002-05-05 20:03:00,0,0,0,0,2K,,STORM CHASER,F1,Unknown,1.0,40.0,,,,,34.68333,-100.78333,34.68333,-100.78333,,"A storm chaser reported a tornado north of town. The tornado snapped and uprooted trees, blew down power lines, and snapped power poles.",TX,2002-05-05 21:00:00,2002-05-05 21:03:00,True,True
1134736,5296542,Texas,191,Hall,LUB,2002-05-05 20:15:00,CST,2002-05-05 20:20:00,0,0,0,0,5K,,STORM CHASER,F1,Unknown,3.0,50.0,,,,,34.66667,-100.6,34.7,-100.55,,"A storm chaser reported a tornado southwest of town. The tornado snapped and uprooted trees, blew down power lines, and snapped a number of power poles.",TX,2002-05-05 21:15:00,2002-05-05 21:20:00,True,True
1134736,5296543,Texas,191,Hall,LUB,2002-05-05 20:23:00,CST,2002-05-05 20:31:00,0,0,0,0,4K,,STORM CHASER,F1,Unknown,4.0,50.0,,,,,34.71667,-100.51667,34.71667,-100.45,,A storm chaser followed a tornado from just east of Memphis to about 13 miles west of Loco (in Childress County). The tornado snapped trees and power poles and downed power lines.,TX,2002-05-05 21:23:00,2002-05-05 21:31:00,True,True
1134736,5296544,Texas,75,Childress,LUB,2002-05-05 20:31:00,CST,2002-05-05 20:35:00,0,0,0,0,2K,,STORM CHASER,F1,Unknown,2.0,50.0,,,,,34.71667,-100.41667,34.71667,-100.38333,,A storm chaser followed a tornado from just east of Memphis (in Hall County) to about 13 miles west of Loco. The tornado snapped trees and power poles and downed power lines.,TX,2002-05-05 21:31:00,2002-05-05 21:35:00,True,True
1135000,5296582,Texas,341,Moore,AMA,2002-05-11 00:51:00,CST,2002-05-11 00:53:00,0,0,0,0,,,BROADCAST MEDIA,F0,Unknown,0.1,25.0,,,,,35.63333,-101.98333,35.63333,-101.98333,Severe thunderstorms struck during the early morning hours across the western and northern Texas panhandle producing large hail...high winds...and an isolated tornado.,The tornado occurred over open country and no damage was reported. A couple of trees were reported to be knocked over along with downed powerlines. The tornado path length and width were estimated.,TX,2002-05-11 01:51:00,2002-05-11 01:53:00,True,True
1134736,5296441,Texas,437,Swisher,LUB,2002-05-05 17:45:00,CST,2002-05-05 17:55:00,4,0,2,0,4M,,NWS STORM SURVEY,F2,115-130 mph,3.0,150.0,,,,,34.73333,-101.85,34.73333,-101.8,,"Storm chaser video indicated that shortly after the large tornado dissipated, another tornado developed just west of town. This tornado tore a 150-yard wide path across the southern part of town. Fifteen homes were destroyed, including at least ten mobile homes, another seventeen received major damage, and eighteen others received minor damage. The storm survey team estimated wind speeds associated with the damage to be in the 115 to 130 mph range. Two fatalities occurred in a mobile home on the southeast side of town; the mobile home was rolled about 50 yards and destroyed. Four injuries also occurred in mobile homes that were in the same area. The church on the west side of town lost 120 feet of its roof and 30 vehicles, including two tractor trailers, were damaged or destroyed. Seventy five utility and telephone poles were snapped. The tornado crossed I-27 and continued to produce significant damage east of town as it struck a home two miles east of Happy on Farm-to-Market Road 1075. Before crossing into southern Randall County about three miles east of Happy, the tornado produced major damage to a second home on Farm-to-Market Road 1075.",TX,2002-05-05 18:45:00,2002-05-05 18:55:00,True,True
1134690,5295462,Texas,335,Mitchell,MAF,2002-05-27 14:10:00,CST,2002-05-27 14:12:00,0,0,0,0,65K,0,NEWSPAPER,F0,Unknown,0.3,100.0,,,,,32.38333,-100.66667,32.38333,-100.66667,The 27th was a very active severe weather day across the region. Severe thunderstorms began early in the day...with the first reports of severe hail received by 9:30 AM CST. A dryline was positioned near the Texas/New Mexico border...with a well defined outflow boundary oriented across the far northern Permian Basin and the western low rolling plains of West Texas. Numerous supercell thunderstorms developed across the Permian Basin by mid afternoon. Tornadoes were observed as the most intense storms interacted with the outflow boundary. The most significant damage produced by any of the tornadoes was the downing of power poles in Mitchell County. Reports of large hail were common across the area.,Thirteen power poles blown down as a result of a brief tornado in eastern Mitchell County.,TX,2002-05-27 15:10:00,2002-05-27 15:12:00,True,True
1135330,5294548,Iowa,171,Tama,DMX,2002-06-26 15:14:00,CST,2002-06-26 15:14:00,0,0,0,0,,,GENERAL PUBLIC,F0,Unknown,0.0,20.0,,,,,41.96667,-92.66667,41.96667,-92.66667,"A weak cold front moved southeast across Iowa during the afternoon of the 26th. The airmass was quite capped and thunderstorm development was limited. CAPE values by mid to late afternoon reached 3000 to 3500 J/kg just ahead of the front. Surface temperatures topped out around 90, with dew point readings in the low to mid 70s. Thunderstorms erupted just ahead of the front, but the line of storms was scattered to broken at best. For the most part, the storms produced hail around an inch in diameter. There were two reports of golf ball size hail from one cell as it moved through the Mitchellville area of Polk County. There were reports of high wind from a few of the cells in southwest Iowa. Trees were blown down by 60 mph winds west of Lenox. The scattered line of thunderstorms produced winds of 60 to 70 mph. The greatest damage reported came from Union County in the city of Kent. High winds damaged part of the front of a brick building and tore off a large barn door. Most of the other wind damage was limited to downed trees and power lines. One tornado touched down briefly in Tama County. The tornado reportedly only touched the ground and caused no damage.",Brief spinup tornado,IA,2002-06-26 16:14:00,2002-06-26 16:14:00,True,True
1133791,5292417,Virginia,19,Bedford,RNK,2002-04-28 15:31:00,EST,2002-04-28 15:32:00,0,0,0,0,1.2M,,NWS STORM SURVEY,F1,Unknown,0.5,100.0,,,,,37.33333,-79.53333,37.33333,-79.51667,"Thunderstorms during the afternoon and evening of the 28th produced two tornadoes, damaging winds, and hail up to golfball size.A tornado formed in Bedford City and traveled east one half mile before dissipating. The storm then produced sporatic wind damage for about the next 7.5 miles or from .5 east-southeast of Bedford City to 8 east-southeast of Bedford City, causing mainly damage to trees and power lines. A second tornado developed 8 miles east-southeast of Bedford City in Bedford County and remained on the ground for 10 miles before lifting about 5.5 miles west-northwest of Rustburg in Campbell County. Sporatic wind damage then occurred from 5.5 west-northwest of Rustburg to Rustburg. These winds destroyed several mobile homes, damaged about two dozen other mobile homes and knocked down trees.Many vehicles had windows broken out by hail in New Castle.Thunderstorm winds downed trees onto Route 40 in Keysville, downed trees in Halifax, snapped a power pole in Danville, downed trees in Clover, and downed trees onto Reed Lane in Willis.","A tornado formed in Bedford City and traveled east 1/2 mile before dissipating. The tornado destroyed four businesses and damaged 25 homes, 58 businesses, several dozen vehicles, and one church.",VA,2002-04-28 16:31:00,2002-04-28 16:32:00,True,True
1133791,5292418,Virginia,19,Bedford,RNK,2002-04-28 15:43:00,EST,2002-04-28 15:50:00,1,0,0,0,3M,,NWS STORM SURVEY,F2,Unknown,5.0,150.0,,,,,37.28333,-79.4,37.26667,-79.31667,"Thunderstorms during the afternoon and evening of the 28th produced two tornadoes, damaging winds, and hail up to golfball size.A tornado formed in Bedford City and traveled east one half mile before dissipating. The storm then produced sporatic wind damage for about the next 7.5 miles or from .5 east-southeast of Bedford City to 8 east-southeast of Bedford City, causing mainly damage to trees and power lines. A second tornado developed 8 miles east-southeast of Bedford City in Bedford County and remained on the ground for 10 miles before lifting about 5.5 miles west-northwest of Rustburg in Campbell County. Sporatic wind damage then occurred from 5.5 west-northwest of Rustburg to Rustburg. These winds destroyed several mobile homes, damaged about two dozen other mobile homes and knocked down trees.Many vehicles had windows broken out by hail in New Castle.Thunderstorm winds downed trees onto Route 40 in Keysville, downed trees in Halifax, snapped a power pole in Danville, downed trees in Clover, and downed trees onto Reed Lane in Willis.","A second tornado developed 8 miles east-southeast of Bedford City in Bedford County and remained on the ground for 5 miles before crossing over into Campbell County. This tornado injured one person, destroyed seven homes, three businesses, and about two dozen farm buildings. The tornado damaged about 129 other homes, 39 businesses, and a tractor trailer. Numerous trees were toppled.",VA,2002-04-28 16:43:00,2002-04-28 16:50:00,True,True
1136485,5297249,Idaho,51,Jefferson,PIH,2002-06-01 15:07:00,MST,2002-06-01 15:15:00,0,0,0,0,60K,,LAW ENFORCEMENT,F1,Unknown,2.5,70.0,,,,,43.7,-112.15,43.73333,-112.1,"A tornado touched down just southwest of Roberts at 407 PM MDT near interstate 15 at exit 135. The tornado moved northeast through the town of Roberts damaging roofs, mobile homes, automobiles and downing large trees and utility poles. The damage path was between 25 and 75 yards wide and the tornado was on the ground for approximately 2.5 miles. A damage survey team estimated the tornado to be an F1 on the Fugita scale.",,ID,2002-06-01 16:07:00,2002-06-01 16:15:00,True,True
1136013,5298622,Kansas,151,Pratt,DDC,2002-05-07 19:34:00,CST,2002-05-07 20:11:00,0,0,0,0,20M,,NWS STORM SURVEY,F2,Unknown,22.0,1800.0,,,,,37.7,-98.8,37.56667,-98.46667,,"This very large tornado moved southeast across much of Pratt. Damage was rated a STRONG F2. There were 14 homes destroyed, 15 with major damage and 230 with minor damage. Over 50 Pivot sprinklers were damaged or destroyed. Despite the very heavy damage, there were no injuries thanks in part to adequate warnings.",KS,2002-05-07 20:34:00,2002-05-07 21:11:00,True,True
1134737,5296625,Texas,153,Floyd,LUB,2002-05-10 20:50:00,CST,2002-05-10 20:50:00,0,0,0,0,,,TRAINED SPOTTER,F0,Unknown,0.5,40.0,,,,,33.95,-101.06667,33.95,-101.06667,,An amateur radio storm spotter reported a brief tornado touchdown over open country.,TX,2002-05-10 21:50:00,2002-05-10 21:50:00,True,True
1136409,5298223,Illinois,51,Fayette,LSX,2002-06-11 16:00:00,CST,2002-06-11 16:04:00,0,0,0,0,,,NWS STORM SURVEY,F0,Unknown,2.5,50.0,,,,,39.05,-89.2,39.03333,-89.18333,,A small tornado hit northwest of Vandalia. A couple of machine sheds were damaged and one two-story home suffered roof damage. Several trees were downed along the path as well.,IL,2002-06-11 17:00:00,2002-06-11 17:04:00,True,True
1136422,5298316,Florida,57,Hillsborough,TBW,2002-06-05 17:30:00,EST,2002-06-05 17:35:00,0,0,0,0,150K,,LAW ENFORCEMENT,F0,65 mph,3.0,100.0,,,,,28.01667,-82.56667,28.05,-82.6,,"National Weather Service damage survey concluded the F0 tornado moved through the Town and Country area, beginning just north of Hillsborough Avenue on Tudor Road and continued northwest to near the intersection of Wexford and Timberlane West Road. The majority of the damage occurred in the Essex Downs mobile home park where 31 units were damaged. Further northwest, the tornado downed trees, tore the siding off the back of one home, destroyed a pool cage, and blew over 75 yards of fence. Maximum wind estimated at 65 mph.",FL,2002-06-05 18:30:00,2002-06-05 18:35:00,True,True
1136423,5298317,Florida,103,Pinellas,TBW,2002-06-05 17:45:00,EST,2002-06-05 17:45:00,0,0,0,0,,,TRAINED SPOTTER,F0,Unknown,0.1,20.0,,,,,28.08333,-82.78333,28.08333,-82.78333,,Trained weather spotter was watching the funnel cloud and noticed it touched down briefly with no damage.,FL,2002-06-05 18:45:00,2002-06-05 18:45:00,True,True
1136424,5298318,Florida,103,Pinellas,TBW,2002-06-08 14:40:00,EST,2002-06-08 14:50:00,0,0,0,0,500K,,LAW ENFORCEMENT,F0,Unknown,1.0,40.0,,,,,27.73333,-82.73333,27.71667,-82.75,,"Damage survey showed path from Boca Ciega Isle to McPherson Bayou with damage to 40 homes, 10 of which where uninhabitable due to water damage. The tornado ripped off parts of roofs, crumbled pool cages, and toppled trees.",FL,2002-06-08 15:40:00,2002-06-08 15:50:00,True,True
1136426,5298401,Florida,15,Charlotte,TBW,2002-06-10 16:40:00,EST,2002-06-10 16:45:00,0,0,0,0,5K,,NEWSPAPER,F0,Unknown,0.3,20.0,,,,,26.9,-82.0,26.9,-82.0,,"Newspaper reported a small tornado at the Charlotte County Speedway, just south of the airport. A tower, fence, billboards, and lightning system were all marred.",FL,2002-06-10 17:40:00,2002-06-10 17:45:00,True,True
1134736,5296447,Texas,437,Swisher,LUB,2002-05-05 17:59:00,CST,2002-05-05 18:02:00,0,0,0,0,2K,,STORM CHASER,F0,Unknown,1.0,50.0,,,,,34.73333,-101.76667,34.73333,-101.75,,"The tornado that went through Happy dissipated over southern Randall County. Shortly after this dissipation, the same supercell produced another tornado just to the south of the previous tornado's track. This tornado was reported by a storm chaser. An NWS storm survey team found snapped power poles and downed power lines on county roads just south of Farm-to-Market Road 1075, consistent with this report.",TX,2002-05-05 18:59:00,2002-05-05 19:02:00,True,True
1134736,5296356,Texas,69,Castro,LUB,2002-05-05 17:02:00,CST,2002-05-05 17:06:00,0,0,0,0,,,STORM CHASER,F0,Unknown,1.0,50.0,,,,,34.71667,-102.18333,34.7,-102.16667,,A storm chaser reported a tornado west of Arney. The tornado remained over open country.,TX,2002-05-05 18:02:00,2002-05-05 18:06:00,True,True
1135201,5294592,Texas,399,Runnels,SJT,2002-05-24 20:20:00,CST,2002-05-24 20:20:00,0,0,0,0,,,LAW ENFORCEMENT,F0,Unknown,0.3,20.0,,,,,31.76667,-99.88333,31.76667,-99.88333,"Several severe thunderstorms developed across the Big Country and the Heartland. These thunderstorms produced considerable damage in and around the town of Winters. There were also four tornado sightings, however they all were brief and did not produce any discernable damage.",Law enforcement reported a brief tornado over open country.,TX,2002-05-24 21:20:00,2002-05-24 21:20:00,True,True
1136306,5297822,Colorado,69,Larimer,BOU,2002-05-09 15:00:00,MST,2002-05-09 15:20:00,0,0,0,0,,,TRAINED SPOTTER,F0,Unknown,0.1,50.0,,,,,40.58333,-105.08333,40.58333,-105.08333,,A small land spout was spotted near Fort Collins. No damage was reported.,CO,2002-05-09 16:00:00,2002-05-09 16:20:00,True,True
1136427,5298402,Florida,81,Manatee,TBW,2002-06-17 17:40:00,EST,2002-06-17 17:40:00,0,0,0,0,,,MARINER,F0,Unknown,0.1,20.0,,,,,27.48333,-82.71667,27.48333,-82.71667,,Waterspout came ashore at the 4000 block of Holmes Beach. No damage was reported.,FL,2002-06-17 18:40:00,2002-06-17 18:40:00,True,True
1134858,5296452,Florida,43,Glades,MFL,2002-05-31 17:55:00,EST,2002-05-31 17:55:00,0,0,0,0,25K,,EMERGENCY MANAGER,F0,Unknown,0.5,15.0,,,,,26.93333,-81.08333,26.93333,-81.08333,,A brief tornado touchdown was observed by witnesses. The tornado did minor damage to roofs and screened porches.,FL,2002-05-31 18:55:00,2002-05-31 18:55:00,True,True
1135200,5294487,Texas,253,Jones,SJT,2002-05-07 20:45:00,CST,2002-05-07 20:45:00,0,0,0,0,1K,,TRAINED SPOTTER,F0,Unknown,0.2,20.0,,,,,32.61667,-99.83333,32.61667,-99.83333,Severe thunderstorms moved across the big country. There were three reports of tornadoes with damage only to utility poles. Hail up to baseball size was also reported with a few of these storms. Two severe thunderstorms about an hour apart moved along the same path in Nolan county.,A brief tornado blew down a few utility poles near Hawley.,TX,2002-05-07 21:45:00,2002-05-07 21:45:00,True,True
1135200,5294488,Texas,441,Taylor,SJT,2002-05-07 20:45:00,CST,2002-05-07 20:45:00,0,0,0,0,1K,,TRAINED SPOTTER,F0,Unknown,0.2,20.0,,,,,32.45,-99.73333,32.45,-99.73333,Severe thunderstorms moved across the big country. There were three reports of tornadoes with damage only to utility poles. Hail up to baseball size was also reported with a few of these storms. Two severe thunderstorms about an hour apart moved along the same path in Nolan county.,A brief tornado blew down a few power poles on the north side of Abilene.,TX,2002-05-07 21:45:00,2002-05-07 21:45:00,True,True
1135201,5294579,Texas,441,Taylor,SJT,2002-05-24 19:00:00,CST,2002-05-24 19:00:00,0,0,0,0,,,AMATEUR RADIO,F0,Unknown,0.2,30.0,,,,,32.18333,-99.93333,32.18333,-99.93333,"Several severe thunderstorms developed across the Big Country and the Heartland. These thunderstorms produced considerable damage in and around the town of Winters. There were also four tornado sightings, however they all were brief and did not produce any discernable damage.",Spotter reported a brief tornado near F.M. 89 and Arrowhead Ranch Road.,TX,2002-05-24 20:00:00,2002-05-24 20:00:00,True,True
1135201,5294580,Texas,441,Taylor,SJT,2002-05-24 19:04:00,CST,2002-05-24 19:04:00,0,0,0,0,,,GENERAL PUBLIC,F0,Unknown,0.2,30.0,,,,,32.13333,-100.05,32.23333,-99.78333,"Several severe thunderstorms developed across the Big Country and the Heartland. These thunderstorms produced considerable damage in and around the town of Winters. There were also four tornado sightings, however they all were brief and did not produce any discernable damage.",Eye witness reported a brief tornado just northeast of Happy Valley in southwestern Taylor County.,TX,2002-05-24 20:04:00,2002-05-24 20:04:00,True,True
1133577,5292493,Kentucky,55,Crittenden,PAH,2002-04-28 01:35:00,CST,2002-04-28 01:37:00,0,0,0,0,20K,,NWS STORM SURVEY,F1,Unknown,2.0,100.0,,,,,37.36667,-88.21667,37.36667,-88.18333,,"This relatively weak, short-lived tornado was spawned by the same supercell thunderstorm that produced longer and more destructive tornadoes over Livingston County and eastern Crittenden and Webster Counties. Many trees were down, and a couple of trailers were destroyed or heavily damaged.",KY,2002-04-28 02:35:00,2002-04-28 02:37:00,True,True
1133578,5292494,Kentucky,55,Crittenden,PAH,2002-04-28 01:39:00,CST,2002-04-28 01:41:00,0,0,0,0,3K,,NWS STORM SURVEY,F1,Unknown,1.0,200.0,,,,,37.36667,-88.03333,37.38333,-88.01667,,"This short-lived tornado crossed U.S. Highway 60 northeast of Marion, downing numerous trees. This tornado was one in a series of tornadoes spawned by a supercell thunderstorm that tracked eastward across Livingston, Crittenden, and Webster Counties.",KY,2002-04-28 02:39:00,2002-04-28 02:41:00,True,True
1135379,5294088,Michigan,41,Delta,MQT,2002-05-30 17:23:00,EST,2002-05-30 17:28:00,0,0,0,0,,,TRAINED SPOTTER,F0,Unknown,1.0,20.0,,,,,45.9,-86.98333,45.9,-86.98333,"On May 30th, a short wave trough moving rapidly southeastward across Michigan's Upper Peninsula combined with a mid-level jet to produce severe thunderstorms with large hail, damaging winds and a weak tornado.","A short lived tornado, lasting about 5 minutes, was reported. There was no damage.",MI,2002-05-30 18:23:00,2002-05-30 18:28:00,True,True
1135009,5295427,Texas,295,Lipscomb,AMA,2002-05-23 17:30:00,CST,2002-05-23 17:32:00,0,0,0,0,,,TRAINED SPOTTER,F0,Unknown,0.1,25.0,,,,,36.41667,-100.16667,36.41667,-100.16667,Numerous severe thunderstorms containing destructive large hail...damaging winds and tornadoes struck much of the central and northern Texas panhandle during the evening and into the overnight hours.,Tornado occurred over open country and no damage was reported. The tornado path length and width were estimated.,TX,2002-05-23 18:30:00,2002-05-23 18:32:00,True,True
1134075,5293643,Wisconsin,85,Oneida,GRB,2002-04-18 15:57:00,CST,2002-04-18 15:57:00,0,0,0,0,,,NWS STORM SURVEY,F0,Unknown,0.1,25.0,,,,,45.53333,-89.63333,45.53333,-89.63333,"A warm front across Wisconsin lifted north during the afternoon and evening. Moist and very unstable air south of the front led to the development of severe thunderstorms. The storms produced 5 tornadoes, damaging straight line winds, large hail and some flooding.Brief tornado touchdowns in Lincoln county, Oneida county and Marathon county snapped numerous trees. Marathon county had hundreds of trees downed and numerous barns and farm sheds destroyed by a combination of straight line winds and a tornado that remained on the ground for 14 miles. Plows had to be used in Marathon county to clear trees from some of the roads.Other storms across central, north-central and east-central Wisconsin downed numerous trees, dropped hail as large as 3 inches in diameter, in Lincoln county, and flooded roads and basements in the Niagara (Marinette co.) and Rhinelander (Oneida co.) areas.",,WI,2002-04-18 16:57:00,2002-04-18 16:57:00,True,True
1133571,5292487,Missouri,143,New Madrid,PAH,2002-04-28 01:29:00,CST,2002-04-28 01:29:00,0,0,0,0,,,NWS STORM SURVEY,F0,Unknown,0.1,70.0,,,,,36.35,-89.6,36.35,-89.6,,A brief touchdown occurred in a small wooded area along Route 162 in extreme southeast New Madrid County. Several large trees were snapped at the base. No structures were involved.,MO,2002-04-28 02:29:00,2002-04-28 02:29:00,True,True
1133647,5293027,Alabama,5,Barbour,BMX,2002-04-30 15:57:00,CST,2002-04-30 15:57:00,0,0,0,0,0K,0K,NWS STORM SURVEY,F0,Unknown,1.5,25.0,,,,,31.75,-85.41667,31.75,-85.4,,A weak tornado touched down briefly in open country downing several trees. The tornado occurred north of SR 131 and just west of CR 67. Begin: 31 45.574/85 24.727 End: 31 45.113/85 23.243,AL,2002-04-30 16:57:00,2002-04-30 16:57:00,True,True
1134671,5295941,Wisconsin,99,Price,DLH,2002-04-18 17:29:00,CST,2002-04-18 17:29:00,0,0,0,0,,,EMERGENCY MANAGER,F0,Unknown,0.1,40.0,,,,,45.55,-90.46667,45.55,-90.46667,,A tornado touched down briefly in an isolated wooded area.,WI,2002-04-18 18:29:00,2002-04-18 18:29:00,True,True
1134402,5292091,Illinois,121,Marion,LSX,2002-05-01 13:15:00,CST,2002-05-01 13:19:00,0,0,0,0,,,NWS EMPLOYEE(OFF DUTY),F1,Unknown,2.5,40.0,,,,,38.76667,-88.88333,38.75,-88.85,,"Three tornadoes caused damage near Kinmundy, Illinois. The third tornado significantly damaged a mobile home. This tornado also destroyed several large trees.",IL,2002-05-01 14:15:00,2002-05-01 14:19:00,True,True
1134699,5295852,Wisconsin,139,Winnebago,GRB,2002-05-06 17:02:00,CST,2002-05-06 17:02:00,0,0,0,0,,,TRAINED SPOTTER,F0,Unknown,0.1,20.0,,,,,44.1,-88.55,44.1,-88.55,"A low pressure system over southeast Minnesota moved east across central Wisconsin during the late afternoon and early evening hours. Severe thunderstorms developed in the unstable air near the intersection of a warm front and a cold front. There were numerous reports of large hail and some funnel clouds.Large hail damaged vehicles and buildings, stripping the siding from some houses, in Appleton (Calumet co.) and Menasha (Winnebago co.). Hail up to golf ball size covered the ground in Appleton.One weak tornado was on the ground for 4 miles and moved across Lake Winneconne. Another briefly touched down north of Oshkosh. No damage was reported with either tornado.",,WI,2002-05-06 18:02:00,2002-05-06 18:02:00,True,True
1135012,5295829,Iowa,37,Chickasaw,ARX,2002-05-08 17:58:00,CST,2002-05-08 18:01:00,0,0,0,0,,,TRAINED SPOTTER,F0,Unknown,0.2,25.0,,,,,43.03333,-92.43333,43.03333,-92.43333,"Straight-line winds of 80 to 100 mph destroyed a pole barn about 1 mile southwest of Protivin (Howard County), blowing debris from the barn about 3/4 of a mile into an open field. A nearby farmer's mill sustained minor damage as well. Several buildings in a lumber yard on the south side of Waukon (Allamakee County) had roof damage, with sections of roof thrown downwind to the southeast. Some sheds and supplies in the lumber yard were also shifted to the east or southeast. Along Highway 76, just southeast of Waukon, a small tornado hit a farm, damaging part of the house and at least one outbuilding. A nearby church was damaged by the same tornado. In fact, a family who had taken shelter inside the church reported a stain glass window was completely gone following the storm, with no evidence of broken glass found anywhere near the building. Storm chasers also reported a brief tornado touchdown in open fields between Ionia and New Hampton (Chickasaw County), but no damage was reported. In addition, hail ranging in size from dimes to quarters was reported by storm spotters and amateur radio operators.",,IA,2002-05-08 18:58:00,2002-05-08 19:01:00,True,True
1135200,5294481,Texas,353,Nolan,SJT,2002-05-07 19:50:00,CST,2002-05-07 19:50:00,0,0,0,0,1K,,FIRE DEPT/RESCUE SQUAD,F0,Unknown,0.5,20.0,,,,,32.33333,-100.4,32.33333,-100.4,Severe thunderstorms moved across the big country. There were three reports of tornadoes with damage only to utility poles. Hail up to baseball size was also reported with a few of these storms. Two severe thunderstorms about an hour apart moved along the same path in Nolan county.,The fire department reported a narrow debris path crossing state highway 70 south of Sweetwater.,TX,2002-05-07 20:50:00,2002-05-07 20:50:00,True,True
1135300,5295315,Nebraska,111,Lincoln,LBF,2002-06-07 18:55:00,CST,2002-06-07 18:55:00,0,0,0,0,,10K,TRAINED SPOTTER,F0,Unknown,0.2,20.0,,,,,41.16667,-101.15,41.16667,-101.15,,The tornado made a brief touchdown. State Patrol reported trees down.,NE,2002-06-07 19:55:00,2002-06-07 19:55:00,True,True
1135009,5295442,Texas,233,Hutchinson,AMA,2002-05-23 19:43:00,CST,2002-05-23 19:45:00,0,0,0,0,,,TRAINED SPOTTER,F0,Unknown,0.1,25.0,,,,,35.66667,-101.08333,35.66667,-101.08333,Numerous severe thunderstorms containing destructive large hail...damaging winds and tornadoes struck much of the central and northern Texas panhandle during the evening and into the overnight hours.,The tornado occurred over open country and no damage was reported. The tornado path width and length were estimated.,TX,2002-05-23 20:43:00,2002-05-23 20:45:00,True,True
1132803,5290625,Kansas,155,Reno,ICT,2002-04-11 16:19:00,CST,2002-04-11 16:35:00,0,0,0,0,,,LAW ENFORCEMENT,F0,Unknown,2.0,220.0,,,,,37.76667,-98.0,37.75,-97.96667,,Occurred in open country.,KS,2002-04-11 17:19:00,2002-04-11 17:35:00,True,True
1132803,5290626,Kansas,95,Kingman,ICT,2002-04-11 16:35:00,CST,2002-04-11 16:35:00,0,0,0,0,,,LAW ENFORCEMENT,F0,Unknown,1.0,110.0,,,,,37.73333,-97.93333,37.71667,-97.98333,,Occurred in open country.,KS,2002-04-11 17:35:00,2002-04-11 17:35:00,True,True
1133354,5288835,Kansas,155,Reno,ICT,2002-05-11 17:25:00,CST,2002-05-11 17:26:00,0,0,0,0,,,FIRE DEPT/RESCUE SQUAD,F0,Unknown,0.5,110.0,,,,,37.95,-98.41667,37.95,-98.41667,,Breif touchdown in open country.,KS,2002-05-11 18:25:00,2002-05-11 18:26:00,True,True
1133939,5292540,Maryland,17,Charles,LWX,2002-04-28 17:56:00,EST,2002-04-28 18:31:00,122,0,1,0,114M,,NWS STORM SURVEY,F4,Unknown,24.0,650.0,,,,,38.55,-77.18333,38.51667,-76.68333,"A massive tornadic storm tore through Central Charles and Calvert Counties between 7 and 8 PM EDT on the 28th. The tornadoes it produced left a 64 mile path of destruction ranging from F1 to F4 damage. Five people were killed, 122 were injured, and over $115 million in damage was reported. The tornadoes were spawned from a supercell thunderstorm that crossed the Potomac River from Prince William County. Up to 10 miles north of the path of the tornado, large hail up to 4.5 inches in diameter fell. Debris from the tornado was found as far away as southern Delaware. Wind damage was also reported near the path of the storm.Across Charles County, 638 homes were damaged, 100 homes were destroyed, 143 businesses (mainly in downtown La Plata) were damaged, and 49 businesses were destroyed. Countless trees and agricultural buildings were downed along the rural path of the storm. Three people were killed and at least 120 people were injured countywide, 12 critically. A 51-year-old man was killed and his wife was critically injured when their house under construction on Hawkins Gate Road, about 5 miles east of La Plata, collapsed. A 54-year-old man died in his car from an apparent heart attack at the intersection of Route 301 and Route 6 in downtown La Plata. The third victim, a 72-year-old woman, died of a heart attack in Waldorf after being frightened by the tornado. The tornado first touched down on the eastern edge of General Smallwood State Park just north of Rison. It pushed east-southeast and passed just south of Pisgah where it grew to F2 strength. The tornado moved through Mount Pisgah and damaged homes on Ripley Road between Ripley and Garden Estates. The twister continued to move east through rural lands south of Hawthorne Road (Route 255) passing just north of the community of Graystone. Next, it moved through the communities of Habre de Venture, Longmeade, Clamber Hill, Hawthorne Manor, and Hillendale about 3 miles west of downtown La Plata. The tornado, now F3 strength, hit the western portion of La Plata next, moving directly through the neighborhoods of Valley View, Morgan's Ridge, Quailwood, and Haldane. The tornado, now F4 strength, continued east into the downtown area where it crossed through the intersection of Route 301 and 6. Damage was found on either side of Route 6 with the most severe devastation occurring on the south side of the highway. The downtown business district was nearly wiped out after 65% of the buildings were either heavily damaged or destroyed. The 125-foot city water tower was also downed. The tornado continued its trek southeast of the downtown hospital into the northern portion of Clarks Run, across Route 6, and into the community of Ellenwood. The F4 tornado moved east of La Plata into the southern portion of Brynwood Farm Estates, then east across the Zekiah Swamp. Several homes at the end of Hawkins Gate Road were completely destroyed, and this was the location of one fatality and numerous injuries. Next, the tornado crossed Olivers Shop Road just north of the intersection of Route 231. It continued east through rural lands until it intersected Route 5 at Homeland Drive just south of Hughesville. East of Homeland Drive, it severely damaged the Girl Scout facility off Scout Camp Road. The tornado tracked east-southeast toward Benedict, remaining just south of Route 231 and weakening to F2 strength. It struck Colonial Lane and a home south of Benedict before crossing the river into Calvert County just south of the bridge. In Calvert County, the tornado first struck the community of Patuxent View just south of Route 231 at F2 strength. Over half of the homes in this development were damaged. One home with no foundation or anchoring just east of Patuxent View off Hallowing Point Road was picked up and thrown 80 feet into a culvert. A 68-year-old man and his 65-year-old wife who were taking shelter in the house were killed. The twister continued eastward along Sixes Road to the intersection of Adelina Road. Several homes and barns were damaged. From there it pushed east through the communities of Boyds Farm, Mutual Estates, and Chippingwood, where it damaged more property. It crossed Route 2/4 and 765 just north of St. Leonard, downing trees and it went. Finally, it crossed the Western Shores Estates development at F1 strength before it moved offshore. Another tornado formed on the Long Beach shoreline just north of Calvert Cliffs Power Plant. It downed trees before moving offshore. This tornado grew in strength as it crossed the bay and struck Dorchester County on the eastern shore just south of Taylor's Island. Across the county, 125 homes were damaged and 10 were destroyed, mainly in the Brownsville and Hallowing Point areas. County officials collected over 300 tons of downed trees and storm debris.","A destructive tornado crossed the county from just north of Rison, through La Plata, to Benedict before moving into Calvert County.",MD,2002-04-28 18:56:00,2002-04-28 19:31:00,True,True
1132028,5285898,Texas,441,Taylor,SJT,2002-03-29 22:05:00,CST,2002-03-29 22:05:00,0,0,0,0,,,BROADCAST MEDIA,F0,Unknown,0.2,20.0,,,,,32.21667,-99.8,32.21667,-99.8,Scattered severe thunderstorm moved northeast across the Big Country during the evening hours of the 29th. One of the storms produced a brief tornado near the town of Tuscola in southern Taylor County. The tornado touched down in an open field and produced no damage. Other storms produced hail up to the size of golf balls south of Baird and near Eula in southern Callahan County.,An Abilene TV station showed a brief tornado touchdown near the town of Tuscola. There were no injuries and no reported damage.,TX,2002-03-29 22:05:00,2002-03-29 22:05:00,False,False
1133081,5290432,Illinois,25,Clay,ILX,2002-04-27 23:05:00,CST,2002-04-27 23:10:00,5,0,0,0,,0,NWS STORM SURVEY,F1,Unknown,5.0,200.0,,,,,38.65,-88.51667,38.63333,-88.45,,"A tornado touched down 2 miles southwest of Flora near the intersection of county road 1000E and 200N. At this location, it turned an unattached garage on its foundation. As the tornado travelled east along 200N it destroyed a mobile home. The three occupants sustained minor injuries. Debris from the mobile home was blown up to a mile away. It damaged 3 additional homes and a mobile home. Also, numerous trees were blown down and a propane tank was thrown a quarter of a mile. At the intersection of 1100E and 200N, a car was rolled three times and thrown into a ditch. Two occupants in the car had minor injuries, but refused treatment. As it continued east, the tornado destroyed an outbuilding. The last evidence of damage due to the tornado was located on county road 1500E, just north of 200N. Several powerlines and trees were blown over causing minor damage to a house and car.",IL,2002-04-28 00:05:00,2002-04-28 00:10:00,True,True
1134131,5291703,Indiana,123,Perry,LMK,2002-04-28 03:05:00,EST,2002-04-28 03:08:00,12,0,0,0,800K,,EMERGENCY MANAGER,F2,Unknown,2.1,150.0,,,,,37.85,-86.63333,37.86667,-86.6,,Five homes were destroyed. Five mobile homes were destroyed. Four other homes had damage. The roof was torn off a church. Numerous trees were uprooted and many outbuildings were destroyed.,IN,2002-04-28 04:05:00,2002-04-28 04:08:00,True,True
1133552,5292401,Missouri,17,Bollinger,PAH,2002-04-27 23:40:00,CST,2002-04-27 23:45:00,16,0,1,0,4M,,NWS STORM SURVEY,F3,Unknown,4.0,200.0,,,,,37.21667,-90.06667,37.26667,-90.01667,,"This strong tornado with peak winds near 180 mph touched down in a rural area southwest of Marble Hill. A total of 19 residences were severely damaged, and 6 were destroyed. Approximately 10 of the residences were mobile homes and 15 were single-family homes. Another 50 outbuildings, such as barns and sheds, were destroyed or damaged. Seven people were inside a house that was demolished. One of the victims, a 12-year-old boy, was thrown about 50 yards from the house and fatally injured. Several others in the immediate area, possibly the other occupants of the house, were thrown into a nearby lake and swam to safety. Of the 16 people injured in the tornado, four were air lifted to hospitals with serious injuries. Cars were stacked atop cars. Several residents were trapped inside the debris of their homes for up to 3 hours. The large number of trees down across roads delayed the arrival of rescue teams.",MO,2002-04-28 00:40:00,2002-04-28 00:45:00,True,True
1134500,5290892,Kansas,201,Washington,TOP,2002-05-05 22:11:00,CST,2002-05-05 22:11:00,0,0,0,0,75K,,GENERAL PUBLIC,F0,Unknown,0.1,100.0,,,,,39.98333,-97.35,39.98333,-97.35,,A tornado touched down in Mahaska and produced considerable damage to homes and buildings.,KS,2002-05-05 23:11:00,2002-05-05 23:11:00,True,True
1134415,5290868,California,39,Madera,HNX,2002-05-20 14:59:00,PST,2002-05-20 15:20:00,0,0,0,0,130K,,NWS STORM SURVEY,F1,Unknown,2.7,40.0,,,,,36.93333,-120.11667,36.93333,-120.05,The thunderstorm that supported a tornado at approximately 1500 PST also brought very large hail and locally heavy rain to areas to the north and north-northeast of Madera and the tornado track area.,"This tornado occurred from the explosive development of a cell along neighboring cells' outflow boundary convergence. The tornado track on the ground was 2.675 miles and mostly F0 in intensity and as wide as 100 yards. It began relatively weak, peeling roofs off from farm structures, downing trees and fencing, but engulfing a well-built structure with minimal damage. However, a 1/4-mile stretch reached F1 intensity as it totally demolished a small farm structure toward the end of its run and was narrowed to a 40-yard path width at that point. The tornado occurred essentially in a rural area of south Madera, tracked west-to-east, but finished with a sweep toward the southeast.",CA,2002-05-20 15:59:00,2002-05-20 16:20:00,True,True
1133559,5292408,Illinois,165,Saline,PAH,2002-04-28 00:07:00,CST,2002-04-28 00:16:00,3,0,0,0,3.5M,,NWS STORM SURVEY,F2,Unknown,7.5,200.0,,,,,37.83333,-88.63333,37.83333,-88.5,,"The tornado struck Galatia directly, damaging about 55 structures and destroying several. Peak winds were estimated between 120 and 130 mph. The roof of a car wash was blown off, and then the walls collapsed on a police cruiser that was sheltered there. A coal mine sustained a quarter million dollars in damage. Two persons were injured in an overturned trailer. Two brick homes lost their roofs and some walls.",IL,2002-04-28 01:07:00,2002-04-28 01:16:00,True,True
1132817,5289705,Missouri,221,Washington,LSX,2002-04-24 14:55:00,CST,2002-04-24 14:58:00,0,0,0,0,,,NEWSPAPER,F1,Unknown,1.0,75.0,,,,,37.75,-90.78333,37.75,-90.78333,,A tornado formed in southeast Washington County just south of Caledonia. The tornado formed in a wooded area them moved east to a home near Highway 21 and Buford Farm Road. An unoccupied mobile home was destroyed and several vehicles were severely damaged.,MO,2002-04-24 15:55:00,2002-04-24 15:58:00,True,True
1133939,5292640,Maryland,9,Calvert,LWX,2002-04-28 18:31:00,EST,2002-04-28 18:49:00,0,0,2,0,10M,,NWS STORM SURVEY,F2,Unknown,14.0,200.0,,,,,38.5,-76.65,38.48333,-76.5,"A massive tornadic storm tore through Central Charles and Calvert Counties between 7 and 8 PM EDT on the 28th. The tornadoes it produced left a 64 mile path of destruction ranging from F1 to F4 damage. Five people were killed, 122 were injured, and over $115 million in damage was reported. The tornadoes were spawned from a supercell thunderstorm that crossed the Potomac River from Prince William County. Up to 10 miles north of the path of the tornado, large hail up to 4.5 inches in diameter fell. Debris from the tornado was found as far away as southern Delaware. Wind damage was also reported near the path of the storm.Across Charles County, 638 homes were damaged, 100 homes were destroyed, 143 businesses (mainly in downtown La Plata) were damaged, and 49 businesses were destroyed. Countless trees and agricultural buildings were downed along the rural path of the storm. Three people were killed and at least 120 people were injured countywide, 12 critically. A 51-year-old man was killed and his wife was critically injured when their house under construction on Hawkins Gate Road, about 5 miles east of La Plata, collapsed. A 54-year-old man died in his car from an apparent heart attack at the intersection of Route 301 and Route 6 in downtown La Plata. The third victim, a 72-year-old woman, died of a heart attack in Waldorf after being frightened by the tornado. The tornado first touched down on the eastern edge of General Smallwood State Park just north of Rison. It pushed east-southeast and passed just south of Pisgah where it grew to F2 strength. The tornado moved through Mount Pisgah and damaged homes on Ripley Road between Ripley and Garden Estates. The twister continued to move east through rural lands south of Hawthorne Road (Route 255) passing just north of the community of Graystone. Next, it moved through the communities of Habre de Venture, Longmeade, Clamber Hill, Hawthorne Manor, and Hillendale about 3 miles west of downtown La Plata. The tornado, now F3 strength, hit the western portion of La Plata next, moving directly through the neighborhoods of Valley View, Morgan's Ridge, Quailwood, and Haldane. The tornado, now F4 strength, continued east into the downtown area where it crossed through the intersection of Route 301 and 6. Damage was found on either side of Route 6 with the most severe devastation occurring on the south side of the highway. The downtown business district was nearly wiped out after 65% of the buildings were either heavily damaged or destroyed. The 125-foot city water tower was also downed. The tornado continued its trek southeast of the downtown hospital into the northern portion of Clarks Run, across Route 6, and into the community of Ellenwood. The F4 tornado moved east of La Plata into the southern portion of Brynwood Farm Estates, then east across the Zekiah Swamp. Several homes at the end of Hawkins Gate Road were completely destroyed, and this was the location of one fatality and numerous injuries. Next, the tornado crossed Olivers Shop Road just north of the intersection of Route 231. It continued east through rural lands until it intersected Route 5 at Homeland Drive just south of Hughesville. East of Homeland Drive, it severely damaged the Girl Scout facility off Scout Camp Road. The tornado tracked east-southeast toward Benedict, remaining just south of Route 231 and weakening to F2 strength. It struck Colonial Lane and a home south of Benedict before crossing the river into Calvert County just south of the bridge. In Calvert County, the tornado first struck the community of Patuxent View just south of Route 231 at F2 strength. Over half of the homes in this development were damaged. One home with no foundation or anchoring just east of Patuxent View off Hallowing Point Road was picked up and thrown 80 feet into a culvert. A 68-year-old man and his 65-year-old wife who were taking shelter in the house were killed. The twister continued eastward along Sixes Road to the intersection of Adelina Road. Several homes and barns were damaged. From there it pushed east through the communities of Boyds Farm, Mutual Estates, and Chippingwood, where it damaged more property. It crossed Route 2/4 and 765 just north of St. Leonard, downing trees and it went. Finally, it crossed the Western Shores Estates development at F1 strength before it moved offshore. Another tornado formed on the Long Beach shoreline just north of Calvert Cliffs Power Plant. It downed trees before moving offshore. This tornado grew in strength as it crossed the bay and struck Dorchester County on the eastern shore just south of Taylor's Island. Across the county, 125 homes were damaged and 10 were destroyed, mainly in the Brownsville and Hallowing Point areas. County officials collected over 300 tons of downed trees and storm debris.",A strong tornado crossed the Patuxent River from Charles County and moved east through central Calvert County. It tracked between Patuxent View and Western Shore Estates before moving onto the Chesapeake Bay.,MD,2002-04-28 19:31:00,2002-04-28 19:49:00,True,True
1133939,5292642,Maryland,17,Charles,LWX,2002-04-28 18:02:00,EST,2002-04-28 18:06:00,0,0,0,0,1M,,NWS STORM SURVEY,F2,Unknown,3.0,100.0,,,,,38.53333,-76.98333,38.53333,-76.98333,"A massive tornadic storm tore through Central Charles and Calvert Counties between 7 and 8 PM EDT on the 28th. The tornadoes it produced left a 64 mile path of destruction ranging from F1 to F4 damage. Five people were killed, 122 were injured, and over $115 million in damage was reported. The tornadoes were spawned from a supercell thunderstorm that crossed the Potomac River from Prince William County. Up to 10 miles north of the path of the tornado, large hail up to 4.5 inches in diameter fell. Debris from the tornado was found as far away as southern Delaware. Wind damage was also reported near the path of the storm.Across Charles County, 638 homes were damaged, 100 homes were destroyed, 143 businesses (mainly in downtown La Plata) were damaged, and 49 businesses were destroyed. Countless trees and agricultural buildings were downed along the rural path of the storm. Three people were killed and at least 120 people were injured countywide, 12 critically. A 51-year-old man was killed and his wife was critically injured when their house under construction on Hawkins Gate Road, about 5 miles east of La Plata, collapsed. A 54-year-old man died in his car from an apparent heart attack at the intersection of Route 301 and Route 6 in downtown La Plata. The third victim, a 72-year-old woman, died of a heart attack in Waldorf after being frightened by the tornado. The tornado first touched down on the eastern edge of General Smallwood State Park just north of Rison. It pushed east-southeast and passed just south of Pisgah where it grew to F2 strength. The tornado moved through Mount Pisgah and damaged homes on Ripley Road between Ripley and Garden Estates. The twister continued to move east through rural lands south of Hawthorne Road (Route 255) passing just north of the community of Graystone. Next, it moved through the communities of Habre de Venture, Longmeade, Clamber Hill, Hawthorne Manor, and Hillendale about 3 miles west of downtown La Plata. The tornado, now F3 strength, hit the western portion of La Plata next, moving directly through the neighborhoods of Valley View, Morgan's Ridge, Quailwood, and Haldane. The tornado, now F4 strength, continued east into the downtown area where it crossed through the intersection of Route 301 and 6. Damage was found on either side of Route 6 with the most severe devastation occurring on the south side of the highway. The downtown business district was nearly wiped out after 65% of the buildings were either heavily damaged or destroyed. The 125-foot city water tower was also downed. The tornado continued its trek southeast of the downtown hospital into the northern portion of Clarks Run, across Route 6, and into the community of Ellenwood. The F4 tornado moved east of La Plata into the southern portion of Brynwood Farm Estates, then east across the Zekiah Swamp. Several homes at the end of Hawkins Gate Road were completely destroyed, and this was the location of one fatality and numerous injuries. Next, the tornado crossed Olivers Shop Road just north of the intersection of Route 231. It continued east through rural lands until it intersected Route 5 at Homeland Drive just south of Hughesville. East of Homeland Drive, it severely damaged the Girl Scout facility off Scout Camp Road. The tornado tracked east-southeast toward Benedict, remaining just south of Route 231 and weakening to F2 strength. It struck Colonial Lane and a home south of Benedict before crossing the river into Calvert County just south of the bridge. In Calvert County, the tornado first struck the community of Patuxent View just south of Route 231 at F2 strength. Over half of the homes in this development were damaged. One home with no foundation or anchoring just east of Patuxent View off Hallowing Point Road was picked up and thrown 80 feet into a culvert. A 68-year-old man and his 65-year-old wife who were taking shelter in the house were killed. The twister continued eastward along Sixes Road to the intersection of Adelina Road. Several homes and barns were damaged. From there it pushed east through the communities of Boyds Farm, Mutual Estates, and Chippingwood, where it damaged more property. It crossed Route 2/4 and 765 just north of St. Leonard, downing trees and it went. Finally, it crossed the Western Shores Estates development at F1 strength before it moved offshore. Another tornado formed on the Long Beach shoreline just north of Calvert Cliffs Power Plant. It downed trees before moving offshore. This tornado grew in strength as it crossed the bay and struck Dorchester County on the eastern shore just south of Taylor's Island. Across the county, 125 homes were damaged and 10 were destroyed, mainly in the Brownsville and Hallowing Point areas. County officials collected over 300 tons of downed trees and storm debris.",A second tornado briefly touched down just north of downtown La Plata.,MD,2002-04-28 19:02:00,2002-04-28 19:06:00,True,True
1133939,5292643,Maryland,9,Calvert,LWX,2002-04-28 18:42:00,EST,2002-04-28 18:49:00,0,0,0,0,5K,,NWS STORM SURVEY,F1,Unknown,5.0,50.0,,,,,38.46667,-76.48333,38.46667,-76.38333,"A massive tornadic storm tore through Central Charles and Calvert Counties between 7 and 8 PM EDT on the 28th. The tornadoes it produced left a 64 mile path of destruction ranging from F1 to F4 damage. Five people were killed, 122 were injured, and over $115 million in damage was reported. The tornadoes were spawned from a supercell thunderstorm that crossed the Potomac River from Prince William County. Up to 10 miles north of the path of the tornado, large hail up to 4.5 inches in diameter fell. Debris from the tornado was found as far away as southern Delaware. Wind damage was also reported near the path of the storm.Across Charles County, 638 homes were damaged, 100 homes were destroyed, 143 businesses (mainly in downtown La Plata) were damaged, and 49 businesses were destroyed. Countless trees and agricultural buildings were downed along the rural path of the storm. Three people were killed and at least 120 people were injured countywide, 12 critically. A 51-year-old man was killed and his wife was critically injured when their house under construction on Hawkins Gate Road, about 5 miles east of La Plata, collapsed. A 54-year-old man died in his car from an apparent heart attack at the intersection of Route 301 and Route 6 in downtown La Plata. The third victim, a 72-year-old woman, died of a heart attack in Waldorf after being frightened by the tornado. The tornado first touched down on the eastern edge of General Smallwood State Park just north of Rison. It pushed east-southeast and passed just south of Pisgah where it grew to F2 strength. The tornado moved through Mount Pisgah and damaged homes on Ripley Road between Ripley and Garden Estates. The twister continued to move east through rural lands south of Hawthorne Road (Route 255) passing just north of the community of Graystone. Next, it moved through the communities of Habre de Venture, Longmeade, Clamber Hill, Hawthorne Manor, and Hillendale about 3 miles west of downtown La Plata. The tornado, now F3 strength, hit the western portion of La Plata next, moving directly through the neighborhoods of Valley View, Morgan's Ridge, Quailwood, and Haldane. The tornado, now F4 strength, continued east into the downtown area where it crossed through the intersection of Route 301 and 6. Damage was found on either side of Route 6 with the most severe devastation occurring on the south side of the highway. The downtown business district was nearly wiped out after 65% of the buildings were either heavily damaged or destroyed. The 125-foot city water tower was also downed. The tornado continued its trek southeast of the downtown hospital into the northern portion of Clarks Run, across Route 6, and into the community of Ellenwood. The F4 tornado moved east of La Plata into the southern portion of Brynwood Farm Estates, then east across the Zekiah Swamp. Several homes at the end of Hawkins Gate Road were completely destroyed, and this was the location of one fatality and numerous injuries. Next, the tornado crossed Olivers Shop Road just north of the intersection of Route 231. It continued east through rural lands until it intersected Route 5 at Homeland Drive just south of Hughesville. East of Homeland Drive, it severely damaged the Girl Scout facility off Scout Camp Road. The tornado tracked east-southeast toward Benedict, remaining just south of Route 231 and weakening to F2 strength. It struck Colonial Lane and a home south of Benedict before crossing the river into Calvert County just south of the bridge. In Calvert County, the tornado first struck the community of Patuxent View just south of Route 231 at F2 strength. Over half of the homes in this development were damaged. One home with no foundation or anchoring just east of Patuxent View off Hallowing Point Road was picked up and thrown 80 feet into a culvert. A 68-year-old man and his 65-year-old wife who were taking shelter in the house were killed. The twister continued eastward along Sixes Road to the intersection of Adelina Road. Several homes and barns were damaged. From there it pushed east through the communities of Boyds Farm, Mutual Estates, and Chippingwood, where it damaged more property. It crossed Route 2/4 and 765 just north of St. Leonard, downing trees and it went. Finally, it crossed the Western Shores Estates development at F1 strength before it moved offshore. Another tornado formed on the Long Beach shoreline just north of Calvert Cliffs Power Plant. It downed trees before moving offshore. This tornado grew in strength as it crossed the bay and struck Dorchester County on the eastern shore just south of Taylor's Island. Across the county, 125 homes were damaged and 10 were destroyed, mainly in the Brownsville and Hallowing Point areas. County officials collected over 300 tons of downed trees and storm debris.",A tornado developed on the Long Beach shoreline just north of Calvert Cliffs power plant and moved offshore.,MD,2002-04-28 19:42:00,2002-04-28 19:49:00,True,True
1133480,5293473,Illinois,191,Wayne,PAH,2002-04-21 14:51:00,CST,2002-04-21 15:30:00,42,0,1,0,4M,,NWS STORM SURVEY,F3,130-170 mph,30.0,500.0,,,,,38.35,-88.7,38.35,-88.15,,"The tornado entered Wayne County about a half mile north of Illinois Route 15, then proceeded to move northeast to a point about 1.5 miles north of Wayne City. The tornado then paralleled Route 15 just north of Sims. The tornado continued moving east toward Fairfield, and passed through the southern part of Fairfield with F-3 intensity winds. The tornado then travelled slightly south of east toward Golden Gate. The tornado weakened east of Golden Gate and finally dissipated in extreme eastern Wayne County near Ellery. The sole fatality occurred 4 miles west of Wayne City, when a 47-year-old man was killed inside his mobile home. Of the 42 hospital-treated injuries, 13 were critical. A total of 35 homes were destroyed, and 16 received major damage. The average wind speed in the tornado was 130 to 170 mph, with peak winds at or approaching 200 mph. The F-3 damage was located near Sims, southern sections of Fairfield, near Merriam, and areas west and north of Wayne City. Vehicles were picked up and deposited in houses. Well-constructed houses lost roofs and some walls. Weaker structures, including a tavern near Sims, were demolished.",IL,2002-04-21 15:51:00,2002-04-21 16:30:00,True,True
1133787,5292311,Missouri,91,Howell,SGF,2002-04-27 21:40:00,CST,2002-04-27 21:45:00,0,0,0,0,1.5M,,NWS STORM SURVEY,F2,Unknown,1.5,100.0,,,,,37.01667,-91.98333,37.01667,-91.95,"An F2 tornado, plus associated destructive convergent winds around the tornadic circulation, caused extensive damage from 2 miles west of the Willow Springs Highway Patrol Headquarters, northeast to a mile and a half northeast of Willow Springs along Highway 378. Although the tornadic circulation was only 100 yards wide, it caused damage up to 300 yards wide. Large, century year old oak trees were uprooted throughout the area. West of the Willow Springs Highway Patrol Headquarters, a bass boat was thrown across two pastures and over two fences. A barn near this pasture was damaged. Troop G Headquarters had their 365' radio tower blown down. The tower landed on a home in the Hickory Hills Subdivision in Willow Springs. Four homes loss shingles and two homes completely lost their roofs. A church was rotated 45 degrees off its foundation and cemetery headstones were toppled. The worst damage occurred on a hilltop north of Willow Springs where a home was almost completely destroyed along with numerous outbuildings in a half mile area.",,MO,2002-04-27 22:40:00,2002-04-27 22:45:00,True,True
1133888,5293598,Mississippi,115,Pontotoc,MEG,2002-04-30 14:50:00,CST,2002-04-30 14:55:00,0,0,0,0,1K,,NWS STORM SURVEY,F0,Unknown,3.0,25.0,,,,,34.08333,-89.03333,34.05,-89.0,,A small tornado touched down near the town of Gershorn and tracked southeast. Little damage occurred with the tornado.,MS,2002-04-30 15:50:00,2002-04-30 15:55:00,True,True
1133888,5293599,Mississippi,17,Chickasaw,MEG,2002-04-30 14:55:00,CST,2002-04-30 14:55:00,0,0,0,0,5K,,NWS STORM SURVEY,F0,Unknown,4.0,25.0,,,,,34.06667,-89.01667,34.08333,-88.95,,The same thunderstorm complex that produced a tornado in Pontotoc county also spawned a tornado in Chickasaw county. This tornado knocked some trees down across the northern part of the county as it tracked east-southeast.,MS,2002-04-30 15:55:00,2002-04-30 15:55:00,True,True
1134257,5291023,North Carolina,117,Martin,MHX,2002-05-13 20:25:00,EST,2002-05-13 20:25:00,0,0,0,0,30K,,EMERGENCY MANAGER,F0,Unknown,0.5,100.0,,,,,35.85,-77.06667,35.85,-77.06667,,"An F0 tornado touched down in Williamston destroying a car wash, one vehicle and causing minor damage to numerous homes.",NC,2002-05-13 21:25:00,2002-05-13 21:25:00,True,True
1133078,5290290,Illinois,17,Cass,ILX,2002-04-19 18:27:00,CST,2002-04-19 18:32:00,0,0,0,0,,,NWS STORM SURVEY,F1,Unknown,2.0,40.0,,,,,39.96667,-90.28333,39.98333,-90.25,,"A tornado briefly touched down 3.5 miles east southeast of Bluff Springs near Illinois Route 125. It was on the ground for about 2 miles, moving east northeast. Thirty to forty large trees were either broken off or uprooted. Also, a grain bin and three barns were destroyed. An ATV was picked up and thrown a short distance into a pickup truck. A number of power poles were snapped off. The tornado lifted about 2.5 miles northwest of Virginia.",IL,2002-04-19 19:27:00,2002-04-19 19:32:00,True,True
1132803,5290749,Kansas,79,Harvey,ICT,2002-04-11 17:00:00,CST,2002-04-11 17:00:00,0,0,0,0,,,BROADCAST MEDIA,F0,Unknown,0.5,110.0,,,,,38.08333,-97.38333,38.08333,-97.38333,,Occurred in open country.,KS,2002-04-11 18:00:00,2002-04-11 18:00:00,True,True
1132332,5285454,Texas,29,Bexar,EWX,2002-03-19 19:17:00,CST,2002-03-19 19:19:00,0,0,0,0,.5M,0,NWS STORM SURVEY,F0,Unknown,0.5,20.0,,,,,29.31667,-98.8,29.31667,-98.8,,"Tornado number two, also an F0, formed near 717 pm at the intersection of Jarrett Road and Gridley Road. It also tracked toward the southeast, dissipating after one-half mile. Its path width was also estimated at 20 yards. It damaged roofs of mobile homes and houses, and damaged trees in the area. Debris was again tossed in several directions. This tornado dissipated at 719 pm.",TX,2002-03-19 19:17:00,2002-03-19 19:19:00,False,False
1132332,5285455,Texas,29,Bexar,EWX,2002-03-19 19:17:00,CST,2002-03-19 19:19:00,0,0,0,0,.5M,0,NWS STORM SURVEY,F1,Unknown,0.5,20.0,,,,,29.31667,-98.8,29.31667,-98.8,,"Tornado number three, an F1 on the Fujita Scale, also formed around 717 pm at the intersection of Ess Road and Jarrett Road. It moved toward the southeast, dissipating after one-half mile. Its path width was estimated at 20 yards. It destroyed a mobile home, damaged others and also damaged trees in the area. This tornado dissipated near 719 pm.",TX,2002-03-19 19:17:00,2002-03-19 19:19:00,False,False
1133360,5287788,Kansas,9,Barton,ICT,2002-05-26 18:53:00,CST,2002-05-26 18:55:00,0,0,0,0,,,LAW ENFORCEMENT,F0,Unknown,1.0,110.0,,,,,38.66667,-98.76667,38.51667,-98.75,,Remained in open country.,KS,2002-05-26 19:53:00,2002-05-26 19:55:00,True,True
1133360,5287789,Kansas,9,Barton,ICT,2002-05-26 18:55:00,CST,2002-05-26 18:56:00,0,0,0,0,,,LAW ENFORCEMENT,F0,Unknown,0.5,110.0,,,,,38.68333,-98.56667,38.68333,-98.56667,,Occurred right on the Russell/Barton County line.,KS,2002-05-26 19:55:00,2002-05-26 19:56:00,True,True
1133352,5288831,Kansas,105,Lincoln,ICT,2002-05-11 15:27:00,CST,2002-05-11 15:27:00,0,0,0,0,,,LAW ENFORCEMENT,F0,Unknown,1.0,110.0,,,,,38.88333,-97.96667,38.88333,-97.96667,,Brief touchdown in open country.,KS,2002-05-11 16:27:00,2002-05-11 16:27:00,True,True
1133539,5292197,Missouri,23,Butler,PAH,2002-04-24 15:45:00,CST,2002-04-24 16:18:00,14,0,0,0,30M,,NWS STORM SURVEY,F4,210 mph,20.0,650.0,,,,,36.9,-90.68333,36.8,-90.33333,,"The tornado crossed into Butler County in the Mark Twain National Forest, then proceded east-southeast, passing 6 to 7 miles north of Poplar Bluff. An upscale residential subdivision beyond the northern outskirts of Poplar Bluff, just off U.S. Route 67, received extensive damage. At least two well-constructed homes were levelled by peak winds estimated around 210 mph. A total of 50 homes were destroyed in Butler County, 16 others received major damage, and 30 homes received minor damage. Most of the damaged homes were north of Poplar Bluff. Total damage figures for Butler County included timber losses in the national forest. The total number of injuries requiring hospital care that were directly attributed to the storm was 16. Five of the injured were admitted in critical condition. There were no fatalities from the storm. A woman who lived off U.S. Highway 67 took shelter in her bathtub. She reported that she and the bathtub were blown about 200 feet. She was reportedly found in the median of the highway. She was treated for a cracked sternum, broken ribs, a broken toe, and bruised lungs. In another incident on Highway 67, a large chunk of asphalt was blown through a vehicle's window, striking one of the people inside. The car was extensively damaged when it was blown off the road, but the 3 people inside received only cuts and bruises.",MO,2002-04-24 16:45:00,2002-04-24 17:18:00,True,True
1133541,5292199,Missouri,23,Butler,PAH,2002-04-24 16:21:00,CST,2002-04-24 16:21:00,0,0,0,0,2K,,NWS STORM SURVEY,F1,Unknown,1.0,40.0,,,,,36.83333,-90.31667,36.83333,-90.3,,The long-track tornado that crossed much of Carter and Butler Counties briefly touched down again near Rombauer. Numerous trees were down along the short damage track.,MO,2002-04-24 17:21:00,2002-04-24 17:21:00,True,True
1134132,5291758,Kentucky,93,Hardin,LMK,2002-04-28 03:55:00,EST,2002-04-28 03:57:00,0,0,0,0,150K,,NWS STORM SURVEY,F1,Unknown,2.0,60.0,,,,,37.83333,-85.98333,37.83333,-85.95,,Two homes had their roofs torn off. There was minor structural damage to 24 other homes. Numerous trees were uprooted. Tornado intensity was estimated at F1 with spots of F2 damage.,KY,2002-04-28 04:55:00,2002-04-28 04:57:00,True,True
1134226,5292035,Nebraska,151,Saline,OAX,2002-04-27 14:06:00,CST,2002-04-27 14:10:00,0,0,0,0,,,STORM CHASER,F1,Unknown,4.5,40.0,,,,,40.6,-97.03333,40.66667,-96.98333,,"This tornado was the first of 5 tornadoes that touched down in eastern Nebraska and southwest Iowa this afternoon, all of them under the classification of mini-supercells. This tornado was the longest lived, and was caught on video by storm chasers. It destroyed a barn, some fences, uprooted a few trees, overturned a few irrigation pivots and did minor house damage west of Crete.",NE,2002-04-27 15:06:00,2002-04-27 15:10:00,True,True
1134227,5292036,Nebraska,159,Seward,OAX,2002-04-27 14:25:00,CST,2002-04-27 14:25:00,0,0,0,0,,,STORM CHASER,F0,Unknown,0.1,20.0,,,,,40.7,-97.05,40.7,-97.05,,A brief touchdown in open country caught on film by the same storm chaser that saw the larger tornado which did some damage west of Crete this particular afternoon.,NE,2002-04-27 15:25:00,2002-04-27 15:25:00,True,True
1134132,5291763,Kentucky,61,Edmonson,LMK,2002-04-28 04:35:00,EST,2002-04-28 04:38:00,0,0,0,0,100K,,NWS STORM SURVEY,F1,Unknown,3.0,100.0,,,,,37.31667,-86.25,37.31667,-86.2,,"Roofs were blown off several homes. 2-by-4's from buildings were stuck into the ground. Numerous trees were downed, some were snapped well above the ground.",KY,2002-04-28 05:35:00,2002-04-28 05:38:00,True,True
1132332,5285456,Texas,29,Bexar,EWX,2002-03-19 19:19:00,CST,2002-03-19 19:23:00,0,0,0,0,.5M,0,NWS STORM SURVEY,F1,Unknown,1.0,50.0,,,,,29.31667,-98.8,29.31667,-98.78333,,"Tornado number four, another F1, formed 1 mile east of the intersection of Ess road and Jarrett Road around 719 pm. It moved toward the southeast, dissipating after one mile. Its path width was estimated at 50 yards. It struck three mobile homes that had been tied end-to-end and severely damaged all three. It left them twisted into the shape of a letter 'U.' With no other structures in the area, the remainder of its damage was to trees.",TX,2002-03-19 19:19:00,2002-03-19 19:23:00,False,False
1133337,5287975,Mississippi,43,Grenada,JAN,2002-05-13 04:31:00,CST,2002-05-13 04:36:00,0,0,0,0,150K,,EMERGENCY MANAGER,F0,Unknown,1.5,40.0,,,,,33.78333,-89.81667,33.78333,-89.81667,,"A weak tornado touched down within the city limits, producing damage along a 1.5 mile track between West Monroe Street and Silverleaf Drive. The tornado produced minor damage to Grenada Lakes Hospital, a realty office, 3 homes, 3 trailers, and 2 cars.",MS,2002-05-13 05:31:00,2002-05-13 05:36:00,True,True
1133145,5287528,Oklahoma,93,Major,OUN,2002-04-17 23:27:00,CST,2002-04-17 23:32:00,0,0,0,0,0K,,STORM CHASER,F0,Unknown,4.0,300.0,,,,,36.43333,-98.73333,36.5,-98.66667,"Numerous severe thunderstorms were observed over western Oklahoma during the afternoon and evening of the 17th and early morning of the 18th. Four tornadoes were confirmed, and there were several reports of very large hail, even one report of softball size hail (4.5 inches in diameter). The tornadoes were at night with the largest tornado, believed to be up to one mile wide, causing a maximum of F2 damage over a 34 mile path across northwest Oklahoma. Another tornado resulted in F3 damage.","This tornado was captured on video by a storm chaser, approximately 2 miles south of Highway 412 in northern Major County. The tornado moved northward for 4 miles before crossing the Cimarron River into Woods County. No structures were affected in Major County.",OK,2002-04-18 00:27:00,2002-04-18 00:32:00,True,True
1133360,5287790,Kansas,167,Russell,ICT,2002-05-26 18:59:00,CST,2002-05-26 19:00:00,0,0,0,0,,,LAW ENFORCEMENT,F0,Unknown,1.0,110.0,,,,,38.71667,-98.88333,38.71667,-98.86667,,Remained in open country.,KS,2002-05-26 19:59:00,2002-05-26 20:00:00,True,True
1133221,5287960,Texas,105,Crockett,SJT,2002-04-07 14:03:00,CST,2002-04-07 14:03:00,0,0,0,0,,,STORM CHASER,F0,Unknown,0.5,50.0,,,,,30.58333,-101.2,30.58333,-101.2,"Severe thunderstorms rolled across much of West Central Texas during the afternoon and evening hours of the 7th. Two supercells produced a total of 5 tornadoes, 3 across the northern Big Country in Throckmorton County and 2 more across the Northern Edwards Plateau in Crockett County. Although one of the tornadoes in Throckmorton was about three quarters of a mile wide and stayed on the ground for 16 minutes, it fortunately crossed open farmland, striking no homes were causing no injuries. Damage was more extensive with the southern supercell, with tennis ball size hail causing tens of thousands of dollars of damage to several ranch houses in eastern Crockett County. Other storms produced hail up to golf ball size across parts of the Concho Valley and Heartland.","A storm chaser spotted a second tornado from the main storm, passing south of Ozona in central Crockett County. Again, no injuries or damage was reported.",TX,2002-04-07 15:03:00,2002-04-07 15:03:00,True,True
1134525,5291324,Kansas,87,Jefferson,TOP,2002-05-08 17:34:00,CST,2002-05-08 17:34:00,0,0,0,0,5K,,EMERGENCY MANAGER,F0,Unknown,0.1,50.0,,,,,39.26667,-95.25,39.26667,-95.25,,A tornado briefly touched down northeast of Oskaloosa and damaged power lines.,KS,2002-05-08 18:34:00,2002-05-08 18:34:00,True,True
1132818,5289706,Missouri,123,Madison,LSX,2002-04-24 15:45:00,CST,2002-04-24 16:00:00,3,0,0,0,,,NWS STORM SURVEY,F2,Unknown,9.0,800.0,,,,,37.41667,-90.3,37.43333,-90.16667,,"A tornado hit Madison County, first causing damage about 9 miles south of Fredericktown along Highway 67. A mobile home was destroyed and a frame house lost its roof. The tornado moved east through a heavily wooded area uprooting and damaging trees. The tornado reached Marquand, a small town of about 400 people, about 4 pm and caused considerable damage. Large trees were uprooted or snapped off and nearly every structure in a 3 to 4 block area was damaged. The Fire Station was completely destroyed as was a restaurant that was next to it. Several other frame buildings lost all or parts of their roofs. A State Emergency Management Agency damage assessment reported that 6 homes were destroyed, 12 homes suffered major damage, and 22 homes had minor damage. There were 3 minor injuries reported.",MO,2002-04-24 16:45:00,2002-04-24 17:00:00,True,True
1133570,5287494,Kentucky,139,Livingston,PAH,2002-04-28 01:10:00,CST,2002-04-28 01:20:00,0,0,0,0,40K,,NWS STORM SURVEY,F2,Unknown,10.0,200.0,,,,,37.38333,-88.46667,37.35,-88.3,,"This tornado crossed the Ohio River just upriver from Golconda, Illinois. It tracked eastward across northern Livingston County, over rural wooded and farm country. Many thousands of trees were blown down. Few structures were in the path of the tornado. A mobile home was destroyed, and at least a couple of farm buildings were damaged.",KY,2002-04-28 02:10:00,2002-04-28 02:20:00,True,True
1134526,5291325,Kansas,87,Jefferson,TOP,2002-05-08 17:36:00,CST,2002-05-08 17:36:00,0,0,0,0,25K,,EMERGENCY MANAGER,F1,Unknown,0.2,100.0,,,,,39.31667,-95.2,39.31667,-95.2,,A tornado touched down near Winchester and damaged buildings and power lines.,KS,2002-05-08 18:36:00,2002-05-08 18:36:00,True,True
1137035,5300957,Florida,83,Marion,JAX,2002-06-22 14:00:00,EST,2002-06-22 14:00:00,0,0,0,0,2K,,EMERGENCY MANAGER,F0,Unknown,0.1,0.1,,,,,29.0,-82.18333,29.0,-82.18333,,Trees snapped and twisted. Numerous trees down.,FL,2002-06-22 15:00:00,2002-06-22 15:00:00,True,True
1137651,5301002,Iowa,141,O'Brien,FSD,2002-06-07 16:55:00,CST,2002-06-07 16:57:00,0,0,0,0,,,EMERGENCY MANAGER,F0,Unknown,0.1,50.0,,,,,43.18333,-95.9,43.18333,-95.9,,"A brief tornado, with a debris cloud, was observed by the county emergency manager in a field.",IA,2002-06-07 17:55:00,2002-06-07 17:57:00,True,True
1136673,5301932,North Dakota,15,Burleigh,BIS,2002-06-23 18:55:00,CST,2002-06-23 18:55:00,0,0,0,0,,,NWS EMPLOYEE(OFF DUTY),F0,Unknown,2.0,40.0,,,,,47.01667,-100.76667,47.01667,-100.76667,,Briefly touched down in open county near church and several homes but no damage occurred.,ND,2002-06-23 19:55:00,2002-06-23 19:55:00,True,True
1136675,5301934,North Dakota,49,Mchenry,BIS,2002-06-23 19:34:00,CST,2002-06-23 19:54:00,0,0,0,0,,,OTHER FEDERAL AGENCY,F1,Unknown,2.0,50.0,,,,,48.01667,-101.01667,47.98333,-100.93333,,Several tree's uprooted and shingles blown off roof several homes.,ND,2002-06-23 19:34:00,2002-06-23 19:54:00,False,False
1137501,5300749,Minnesota,107,Norman,FGF,2002-06-09 03:00:00,CST,2002-06-09 03:00:00,0,0,0,0,20K,,GENERAL PUBLIC,F1,Unknown,0.2,25.0,,,,,47.3,-96.38333,47.3,-96.38333,,A roof was torn off a farm building and scattered in nearby trees.,MN,2002-06-09 04:00:00,2002-06-09 04:00:00,True,True
1137777,5305108,Kansas,81,Haskell,DDC,2002-06-15 15:27:00,CST,2002-06-15 15:34:00,0,0,0,0,,,TRAINED SPOTTER,F0,Unknown,1.2,50.0,,,,,37.65,-100.98333,37.63333,-100.98333,,This small tornado moved south/southeast but did no damage due to it's location over cropland.,KS,2002-06-15 16:27:00,2002-06-15 16:34:00,True,True
1137777,5305109,Kansas,55,Finney,DDC,2002-06-15 15:08:00,CST,2002-06-15 15:10:00,0,0,0,0,,,TRAINED SPOTTER,F0,Unknown,0.5,30.0,,,,,37.83333,-100.98333,37.83333,-100.98333,,This landspout tornado did no damage.,KS,2002-06-15 16:08:00,2002-06-15 16:10:00,True,True
1137890,5306185,Connecticut,5,Litchfield,ALY,2002-06-05 22:55:00,EST,2002-06-05 23:00:00,0,0,0,0,40K,,GENERAL PUBLIC,F1,110 mph,0.1,50.0,,,,,41.98333,-73.41667,41.98333,-73.41667,,"Thunderstorms erupted during the evening hours of June 5 across eastern New York, along a pre-frontal trough of low pressure. As the line of storms moved into Litchfield County, one cell became tornadic. A thunderstorm cell spawned a tornado, 2.5 miles north of Salisbury. There were two distinct touchdowns. The damage was reported by the general public and was investigated by National Weather Service meteorologist. It exclusively consisted of tree damage. The first touchdown, with a 100 yard-wide swath and a 0.5 mile path length took out a large area of trees, in a herringbone pattern, including many large oak trees up to 20 inches in diameter. The winds were estimated at 110 mph. The twister apparently lifted off the ground, then about a quarter mile east and a little south from the first path, the twister touched down again and knocked down another bunch of oak trees up to a foot in diameter, more indicative of F0 damage .The wind with this touchdown was estimated around 70 mph. The tornado destroyed a total of about 2 acres of healthy mature forest but no injuries or damage to structures was noted.",CT,2002-06-05 23:55:00,2002-06-06 00:00:00,True,True
1136776,5302380,Minnesota,59,Isanti,MPX,2002-06-25 18:30:00,CST,2002-06-25 18:33:00,0,0,0,0,,,NWS STORM SURVEY,F1,Unknown,1.0,100.0,,,,,45.5,-93.16667,45.5,-93.15,,"Barn roof off, hundreds of trees toppled, few sheds down.",MN,2002-06-25 19:30:00,2002-06-25 19:33:00,True,True
1136015,5298868,Kansas,151,Pratt,DDC,2002-05-11 17:15:00,CST,2002-05-11 17:16:00,0,0,0,0,,,TRAINED SPOTTER,F0,Unknown,0.3,30.0,,,,,37.6,-98.9,37.6,-98.9,,This was a brief tornado (not a gustnado).,KS,2002-05-11 18:15:00,2002-05-11 18:16:00,True,True
1136015,5298869,Kansas,151,Pratt,DDC,2002-05-11 17:30:00,CST,2002-05-11 17:33:00,0,0,0,0,,,TRAINED SPOTTER,F0,Unknown,1.2,50.0,,,,,37.63333,-98.76667,37.61667,-98.76667,,This was a brief tornado (not a gustnado).,KS,2002-05-11 18:30:00,2002-05-11 18:33:00,True,True
1138082,5305709,Wisconsin,19,Clark,ARX,2002-06-25 21:15:00,CST,2002-06-25 21:20:00,2,0,0,0,100K,,NWS STORM SURVEY,F1,Unknown,0.3,70.0,,,,,44.95,-90.31667,44.95,-90.31667,"A tornado touched down in Abbotsford (Clark County), causing considerable damage. A large feed mill was demolished, with debris damaging 15 cars at a nearby car dealership. An electric generator from the feed mill was thrown about two blocks, damaging the front of a building, before coming to rest on a minivan, demolishing it. Utility poles were sheared off and tossed, as well as a railroad crossing guard. One power pole was tossed through a car window, while yet another car was picked up and tossed onto another. In addition to the tornado, straight-line winds estimated at 60 to 65 mph blew down numerous trees and power lines.",,WI,2002-06-25 22:15:00,2002-06-25 22:20:00,True,True
1136748,5302550,Illinois,35,Cumberland,ILX,2002-05-01 15:30:00,CST,2002-05-01 15:35:00,0,0,0,0,,0,NWS STORM SURVEY,F1,Unknown,1.0,100.0,,,,,39.16667,-88.45,39.18333,-88.38333,,"A tornado touched down 1 mile southwest of Lillyville. It destroyed a large barn, killing 3 horses and 4 pigs. As the tornado moved east southeast it took half of a barn roof off, throwing the debris one mile away. It damaged several grain silos and took the roof off of another barn before lifting and dissipating. No injuries were reported.",IL,2002-05-01 16:30:00,2002-05-01 16:35:00,True,True
1137509,5301033,Minnesota,167,Wilkin,FGF,2002-06-19 15:45:00,CST,2002-06-19 15:45:00,0,0,0,0,25K,,NWS STORM SURVEY,F2,Unknown,0.2,25.0,,,,,46.53333,-96.28333,46.53333,-96.28333,,A brief tornado touchdown demolished a 76x296 foot roof on a turkey barn.,MN,2002-06-19 16:45:00,2002-06-19 16:45:00,True,True
1138085,5305712,Iowa,191,Winneshiek,ARX,2002-06-26 13:22:00,CST,2002-06-26 13:26:00,0,0,0,0,15K,7.5K,NWS STORM SURVEY,F0,Unknown,0.3,25.0,,,,,43.15,-91.98333,43.15,-91.96667,"A tornado touched down on a farm just west of Fort Atkinson (Winneshiek County), completely destroying an old barn. Other nearby outbuildings sustained minor damage, as did a nearby farm house. There were no injuries reported.",,IA,2002-06-26 14:22:00,2002-06-26 14:26:00,True,True
1138013,5306193,South Dakota,89,Mcpherson,ABR,2002-06-23 18:34:00,CST,2002-06-23 18:40:00,0,0,0,0,,,NWS STORM SURVEY,F1,Unknown,2.0,500.0,,,,,45.8,-98.83333,45.81667,-98.8,"A powerful supercell thunderstorm produced six tornados from eastern McPherson county and across northern Brown county during the evening hours of June 23rd. The first weak tornado (F0) touched down briefly 6.4 miles northeast of Leola and resulted in no damage. The second tornado (F1) touched down 8.5 miles northeast of Leola and crossed over into Brown county where it dissipated 9 miles northwest of Barnard. This tornado brought down many trees and a barn and caused damage to the siding and the roof of a farmhouse in McPherson county and caused no damage in Brown county. A third weak satellite tornado (F0) occurred following the dissipation of the second tornado and resulted in no damage. A fourth strong tornado (F3) developed 6 miles west of Barnard and moved east and dissipated 3 miles southeast of Barnard. This tornado brought down some high power lines along with a support tower and tossed a pickup truck 100 yards into a group of trees. The pickup truck was totaled. The tornado caused extensive damage to two farmhouses, several farm buildings, and farm equipment. One farmhouse lost its garage and most of its roof with many trees completely snapped off down low and debarked. The fifth tornado developed 5 miles southeast of Barnard and became a violent tornado (F4). This tornado caused damage to one farmhouse, several outbuildings, trees, and equipment as it moved northeast and strengthened. The tornado then completely demolished two unoccupied homes, several outbuildings, many trees, along with destroying or damaging some farm equipment before dissipating 7.6 miles northeast of Barnard. Also, a sixth weak satellite tornado (F0) occurred with this violent tornado and caused no damage. This was the first F4 tornado recorded in Brown county and one of few recorded in South Dakota. The total estimated property loss exceeded a million dollars.",,SD,2002-06-23 18:34:00,2002-06-23 18:40:00,False,False
1136888,5302233,Virginia,137,Orange,LWX,2002-06-06 16:45:00,EST,2002-06-06 16:50:00,0,0,0,0,10K,,NWS STORM SURVEY,F1,Unknown,1.0,100.0,,,,,38.26667,-78.1,38.25,-78.08333,"Scattered thunderstorms with damaging wind gusts moved through the North Piedmont, the central foothills, and Northern Virginia during the afternoon and evening hours on the 6th. In Orange County, a weak F1 tornado touched down one mile northeast of the town of Orange. It uprooted trees and damaged a garage along its rural path. The tornado traveled approximately one mile to the east-southeast before lifting near Route 20 east of Orange. The tornado was 100 yards wide and was on the ground for one mile. Additional wind damage in and around the town of Orange including downed trees and power lines was caused by straight line winds. In Locust Grove, a convenience store lost its tin roof after high winds blew through. In the Lake of the Woods community, a downburst of winds estimated at 70 mph caused at least one hundred trees and some power lines to be blown over. One man was injured when the roof of his house on Monticello Circle collapsed when a tree fell onto it. A total of 6 homes and a handful of cars in the community were damaged by fallen trees. Trees were also downed onto Route 20. In Barboursville, a chimney was blown over by high winds. In Spotsylvania County, a man was injured when high winds pushed three trees onto his car on Hill-Ewell Drive about 2 miles south of Wilderness. He survived by ducking under the dashboard before the trees hit the pickup. Hill-Ewell Drive remained closed for several days due to nearly 100 downed trees. Numerous trees were also downed in the Lake Wilderness community. Twelve homes in the community were damaged by felled trees, including one which sustained $40,000 damage. Portions of the nearby Fredericksburg-Spotsylvania National Military Park were closed for two weeks due to the amount of felled trees. Removal of debris was estimated to cost $60,000. In Culpeper County, quarter sized hail fell in Richardsville and dime sized hail was reported in Culpeper. Funnel clouds were also reported near Eggbornsville, Cherry Hill, and Elkwood. In Fairfax County, quarter sized hail fell in Pohick Bay. In Chantilly power lines were downed. In Stafford County, golf ball sized hail was reported near the Prince William County line. In Prince William County, a wind gust of 54 mph was recorded at the Manassas Airport. The southern portion of the county received pea to golf ball sized hail. In Fauquier County, trees were downed. In Augusta County, trees were downed in Fishersville, Crimora, and at the intersection of Route 250 and Interstate 81. A twin silo was blown over near Fishersville. In Hermitage, part of a barn roof was removed on Hildebrand Church Road. Trees were uprooted onto a garage and car near Route 254. In Waynesboro, 7 trees were downed onto property along Cattle Scales Road. In Madison County, trees downed countywide. In Albemarle County, trees were downed on the western portion of Charlottesville. One person was injured when a tree fell on a car on Old Ivy Road. Another tree fell onto a car on Sherwood Road, seriously injuring two people. Park Street was blocked by downed trees and power lines. In Greene County, trees and power lines were downed. In Frederick County, a tree was downed onto a home in Winchester. In Loudoun County, trees and power lines were downed on the west side of Leesburg. A wind gust of 54 mph was recorded at the Leesburg Airport. In Clarke County, there was scattered damage from fallen trees. Near Berryville on Bishop Meade Road, a large tree fell onto a van. On Senseny Road, a tree limb fell onto power lines.",A tornado downed trees and power lines and caused minor roof damage east of Orange.,VA,2002-06-06 17:45:00,2002-06-06 17:50:00,True,True
1136013,5300200,Kansas,57,Ford,DDC,2002-05-07 16:53:00,CST,2002-05-07 16:57:00,0,0,0,0,150K,,NWS STORM SURVEY,F2,Unknown,1.9,300.0,,,,,37.71667,-99.66667,37.71667,-99.56667,,This first tornado of the afternoon came close to striking a farm that was plowing his field. His tractor was running low on fuel and just made it back to shelter as irrigation pipe was flying by. Several pivots were destroyed.,KS,2002-05-07 17:53:00,2002-05-07 17:57:00,True,True
1136013,5300201,Kansas,57,Ford,DDC,2002-05-07 16:58:00,CST,2002-05-07 17:13:00,0,0,0,0,,,NWS STORM SURVEY,F3,Unknown,4.0,900.0,,,,,37.71667,-99.56667,37.66667,-99.58333,,"This tornado became quite large as it moved at first to the southwest and then turned southeast. The tornado completely stripped topsoil from one field and debarked trees at a pond. Several dozen cattle were killed with several 1500 pound heifers carried 3/4 of a mile. Two other tornadoes crossed nearly the same location within an hour, which may have contributed to the scouring of the topsoil.",KS,2002-05-07 17:58:00,2002-05-07 18:13:00,True,True
1138278,5304699,Iowa,173,Taylor,DMX,2002-07-26 20:29:00,CST,2002-07-26 20:53:00,0,0,0,0,10K,5K,TRAINED SPOTTER,F1,Unknown,7.0,60.0,,,,,40.68333,-94.83333,40.66667,-94.68333,"A strong warm front was located across northern Kansas into northern Missouri. The airmass was quite unstable with dew point temperatures well into the 70s. Temperatures were in the 100 to 110 degree range south of the front, while to the north of it readings were only in the 80s. Thunderstorms fired by the early evening hours just to the north of the front. Within a few hours a fairly large MCS had formed over Iowa. Most of the thunderstorms were not severe, only producing brief gusty winds, small hail, and heavy rainfall. One cell became a supercell over southwest Iowa. Golf ball size hail fell in Taylor County. During the peak intensity of the storm a tornado touched down southeast of New Market and had an intermittent track to about 2 miles east of Bedford. For the most part the tornado tracked through open country causing only minor damage. One farmstead was damaged by the tornado east of Bedford.",Touched down in open country with intermittent track. Did some damage to a house east of Bedford.,IA,2002-07-26 21:29:00,2002-07-26 21:53:00,True,True
1135988,5299608,New York,77,Otsego,BGM,2002-05-31 15:46:00,EST,2002-05-31 15:46:00,0,0,0,0,10K,,NWS STORM SURVEY,F0,Unknown,3.0,150.0,,,,,42.66667,-74.96667,42.66667,-74.91667,,The tornado initially touched down just west of Brunner Road in Hartwick township with some minor damage to a barn. Most of the damage in this area was to a grove of hemlocks with diameters up to a foot. Most of this tree damage was twisted and lying in several directions. The damage was consistent with F0 intensity which has winds between 40 and 72 mph. The tornado then tracked due east across the hillside parallel and north of Old Kinney Road. This is where the most significant tree damage was observed. Numerous trees were snapped off and uprooted in several directions. Most of the tree diameters ranged from 6 inches to 18 inches. The tornado then tracked across a swamp with lesser tree damage noted. There were two more areas with minor tree damage along the path of the tornado close to where it lifted in Phoenix Mills. One barn sustained some damage on Brunner Toad with some very minor damage to sone of the siding at a Ford dealership in Phoenix Mills.,NY,2002-05-31 16:46:00,2002-05-31 16:46:00,True,True
1138071,5305521,Oklahoma,7,Beaver,AMA,2002-06-15 17:03:00,CST,2002-06-15 17:09:00,0,0,0,0,,,TRAINED SPOTTER,F0,Unknown,0.2,25.0,,,,,36.83333,-101.0,36.83333,-101.0,Severe thunderstorms producing large hail and an isolated tornado moved across the eastern Oklahoma panhandle during the early evening hours. No damage or injuries were reported from the tornado.,The tornado remained over open country and caused no damage. The tornado path length and width were estimated.,OK,2002-06-15 18:03:00,2002-06-15 18:09:00,True,True
1136247,5297980,Maryland,17,Charles,LWX,2002-05-18 06:25:00,EST,2002-05-18 06:35:00,0,0,0,0,20K,,NWS STORM SURVEY,F1,Unknown,5.0,50.0,,,,,38.4,-76.98333,38.4,-76.9,"Scattered thunderstorms pushed through Southern Maryland between 7 and 9 AM EDT on the 18th. These storms produced damaging wind gusts in addition to three waterspouts. High wind gusts downed trees in Charles, Calvert, and St. Mary's Counties. Communities reporting downed trees included Nanjemoy, Malcolm, Wallville, St. Leonard, and Dunkirk. On the Potomac River, a waterspout formed about three miles north of the Route 301 bridge. It became a tornado as it struck land about 2 miles south of Faulker at F1 strength (60 to 80 mph winds). It stayed on the ground for 5 miles and was 50 yards wide. The tornado first struck Popes Creek Road, then pushed east to Budds Creek Road near the intersection of Route 301. Next, it crossed the Wicomico River near the Zekiah Swamp Natural Environment Area. Several boats were damaged. Finally, it crossed Allens Fresh Road before dissipating about ½ mile south of Newport. Along its rural path it downed several trees, removed shingles and screen doors from homes, and destroyed a few sheds and barns. Two other waterspouts were spawned on the Chesapeake Bay. The first waterspout formed near Parker Creek, east of Prince Frederick on the Western Shore. It flipped a boat and sent the three people aboard into the water. One person was injured. The other waterspout formed near the Eastern Shore off Blackwater Point on Tighman Island. A wind gust of 42 knots was recorded at the Choptank River Sensor nearby.",A tornado damaged barns and downed trees along its 5 mile rural path.,MD,2002-05-18 07:25:00,2002-05-18 07:35:00,True,True
1137070,5301906,Indiana,97,Marion,IND,2002-06-25 12:10:00,EST,2002-06-25 12:10:00,0,0,0,0,,,TRAINED SPOTTER,F0,Unknown,0.1,50.0,,,,,39.81667,-85.93333,39.81667,-85.93333,,Trained spotter reported a brief F0 touchdown in a corn field. No damage.,IN,2002-06-25 13:10:00,2002-06-25 13:10:00,True,True
1136703,5302026,North Dakota,79,Rolette,BIS,2002-06-25 13:30:00,CST,2002-06-25 13:40:00,0,0,0,0,,,LAW ENFORCEMENT,F0,Unknown,2.0,40.0,,,,,48.75,-100.16667,48.75,-100.05,,Tornado formed 7 miles southwest of Dunseith and skipped east across open country lifting back into the parent cloud 5 miles south of Dunseith. No damage was reported.,ND,2002-06-25 14:30:00,2002-06-25 14:40:00,True,True
1137510,5301045,North Dakota,77,Richland,FGF,2002-06-19 15:20:00,CST,2002-06-19 15:20:00,0,0,0,0,2K,,NWS STORM SURVEY,F0,Unknown,0.2,25.0,,,,,46.41667,-96.86667,46.41667,-96.86667,,Several large trees were severely damaged along with some shingles.,ND,2002-06-19 16:20:00,2002-06-19 16:20:00,True,True
1138233,5303998,Nebraska,89,Holt,LBF,2002-07-24 17:37:00,CST,2002-07-24 17:37:00,0,0,0,0,10K,,FIRE DEPT/RESCUE SQUAD,F0,Unknown,0.1,10.0,,,,,42.13333,-98.66667,42.13333,-98.66667,,Tornado touched down briefly and downed power lines.,NE,2002-07-24 18:37:00,2002-07-24 18:37:00,True,True
1138046,5304984,Kansas,153,Rawlins,GLD,2002-06-19 16:10:00,MST,2002-06-19 16:10:00,0,0,0,0,,,TRAINED SPOTTER,F0,Unknown,0.2,25.0,,,,,39.76667,-100.78333,39.76667,-100.78333,"A line of scattered thunderstorms developed on a slow-moving surface boundary which stretched from southwest Nebraska through northwest Kansas during the late afternoon and evening hours. Storm movement was generally under 10 mph, and therefore the direction of many resultant wind and tornado events were guided by thunderstorm outflows. Four F-0 tornadoes and three F-1 tornadoes developed during this storm event. Tornadoes generally traveled from the south, southeast or east at speeds of 10 to 15 mph. Most tornadoes occurred over open country with no damage, but several moved near farmsteads and damaged barns and outbuildings, irrigation equipment and power poles.",Brief touchdown over open field. No known damage.,KS,2002-06-19 17:10:00,2002-06-19 17:10:00,True,True
1136748,5302549,Illinois,35,Cumberland,ILX,2002-05-01 15:30:00,CST,2002-05-01 15:31:00,0,0,0,0,,0,NWS STORM SURVEY,F0,Unknown,0.3,50.0,,,,,39.18333,-88.45,39.18333,-88.45,,"A tornado briefly touched down 9 miles south of Neoga. It blew down several trees and caused shingle damage to a church. It also destroyed a 140 foot by 100 foot machine shed, throwing the debris up to a mile away. Many of the 2 by 6 beams from the roof were driven into the ground. One beam was driven 4 feet into the ground and had to be removed by a winch. No injuries were reported.",IL,2002-05-01 16:30:00,2002-05-01 16:31:00,True,True
1138046,5305082,Kansas,181,Sherman,GLD,2002-06-19 17:45:00,MST,2002-06-19 17:45:00,0,0,0,0,,,TRAINED SPOTTER,F0,Unknown,0.2,25.0,,,,,39.41667,-101.55,39.41667,-101.55,"A line of scattered thunderstorms developed on a slow-moving surface boundary which stretched from southwest Nebraska through northwest Kansas during the late afternoon and evening hours. Storm movement was generally under 10 mph, and therefore the direction of many resultant wind and tornado events were guided by thunderstorm outflows. Four F-0 tornadoes and three F-1 tornadoes developed during this storm event. Tornadoes generally traveled from the south, southeast or east at speeds of 10 to 15 mph. Most tornadoes occurred over open country with no damage, but several moved near farmsteads and damaged barns and outbuildings, irrigation equipment and power poles.",Brief touchdown. No known damage.,KS,2002-06-19 18:45:00,2002-06-19 18:45:00,True,True
1138013,5306194,South Dakota,13,Brown,ABR,2002-06-23 18:40:00,CST,2002-06-23 18:43:00,0,0,0,0,,,NWS STORM SURVEY,F1,Unknown,3.0,500.0,,,,,45.85,-98.66667,45.83333,-98.63333,"A powerful supercell thunderstorm produced six tornados from eastern McPherson county and across northern Brown county during the evening hours of June 23rd. The first weak tornado (F0) touched down briefly 6.4 miles northeast of Leola and resulted in no damage. The second tornado (F1) touched down 8.5 miles northeast of Leola and crossed over into Brown county where it dissipated 9 miles northwest of Barnard. This tornado brought down many trees and a barn and caused damage to the siding and the roof of a farmhouse in McPherson county and caused no damage in Brown county. A third weak satellite tornado (F0) occurred following the dissipation of the second tornado and resulted in no damage. A fourth strong tornado (F3) developed 6 miles west of Barnard and moved east and dissipated 3 miles southeast of Barnard. This tornado brought down some high power lines along with a support tower and tossed a pickup truck 100 yards into a group of trees. The pickup truck was totaled. The tornado caused extensive damage to two farmhouses, several farm buildings, and farm equipment. One farmhouse lost its garage and most of its roof with many trees completely snapped off down low and debarked. The fifth tornado developed 5 miles southeast of Barnard and became a violent tornado (F4). This tornado caused damage to one farmhouse, several outbuildings, trees, and equipment as it moved northeast and strengthened. The tornado then completely demolished two unoccupied homes, several outbuildings, many trees, along with destroying or damaging some farm equipment before dissipating 7.6 miles northeast of Barnard. Also, a sixth weak satellite tornado (F0) occurred with this violent tornado and caused no damage. This was the first F4 tornado recorded in Brown county and one of few recorded in South Dakota. The total estimated property loss exceeded a million dollars.",,SD,2002-06-23 19:40:00,2002-06-23 19:43:00,True,True
1136848,5303179,Arkansas,111,Poinsett,MEG,2002-06-05 19:10:00,CST,2002-06-05 19:25:00,0,0,0,0,5K,,LAW ENFORCEMENT,F0,Unknown,3.0,25.0,,,,,35.46667,-90.38333,35.46667,-90.35,,The tornado touched down near Tyronza and moved slowly east. Several power poles were knocked down.,AR,2002-06-05 20:10:00,2002-06-05 20:25:00,True,True
1138095,5305898,Montana,69,Petroleum,GGW,2002-06-22 13:30:00,MST,2002-06-22 13:33:00,0,0,0,0,,,TRAINED SPOTTER,F0,Unknown,0.1,50.0,,,,,46.85,-108.13333,46.85,-108.13333,,Brief tornado touch down reported by spotter 15 SE Winnett.,MT,2002-06-22 14:30:00,2002-06-22 14:33:00,True,True
1138295,5303269,Pennsylvania,123,Warren,CTP,2002-07-28 11:30:00,EST,2002-07-28 11:40:00,0,0,0,0,35K,,EMERGENCY MANAGER,F1,Unknown,3.0,100.0,,,,,41.83,-79.4,41.88,-79.4,,"A tornado touched down in Warren County, just north of the town of Pittsfield, on the morning of July 28th, 2002. The tornado damaged 5 homes and knocked down approximately 100 trees. The tornado was 100 yards wide with a path of just over 3 miles long. Wind speeds were estimated to be around 100 mph, rating this tornado as an F1 on the Fujita Scale. The worst damage occurred near Brooks Rock Road north of Pittsfield. It was estimated that the tornado touched down around 12:30 p.m. local time, and remained on the ground for about 10 minutes.",PA,2002-07-28 12:30:00,2002-07-28 12:40:00,True,True
1138297,5303271,Colorado,77,Mesa,GJT,2002-06-03 15:30:00,MST,2002-06-03 15:36:00,0,0,0,0,,,GOVT OFFICIAL,F0,Unknown,0.5,30.0,,,,,39.31667,-108.91667,39.31667,-108.91667,A tornado was observed and photographed by a BLM employee in a remote area.,,CO,2002-06-03 16:30:00,2002-06-03 16:36:00,True,True
1136748,5302469,Illinois,173,Shelby,ILX,2002-05-01 15:20:00,CST,2002-05-01 15:21:00,0,0,0,0,,,NWS STORM SURVEY,F0,Unknown,0.1,20.0,,,,,39.23333,-88.55,39.23333,-88.55,,A tornado briefly touched down 3 miles west northwest of Sigel. It removed half of a barn roof and threw the debris into the owner's backyard. Several 2 by 6 beams from the roof were driven into the ground. A horse was also injured as the roof fell on top of it. No other injuries were reported.,IL,2002-05-01 16:20:00,2002-05-01 16:21:00,True,True
1135651,5300219,Maryland,15,Cecil,PHI,2002-05-13 15:20:00,EST,2002-05-13 15:25:00,0,0,0,0,100K,,NWS STORM SURVEY,F1,Unknown,4.0,80.0,,,,,39.43333,-75.95,39.45,-75.88333,"A supercell thunderstorm produced two tornadoes in southern Cecil County and hail as large as golf balls. Damage was estimated at $170,000. No injuries were reported. Both tornadoes were estimated at F1 on the Fujita Scale with maximum winds near the high end of the F1 scale, around 110 mph. About 800 persons lost power. All power was restored by the 14th.Walnut to golf ball size hail fell from Crystal City east through Scotchmans Glen. A funnel cloud formed over Crystal Beach and one tornado touched down just to the west of Maryland State Route 282 and east of White Crystal Beach. It quickly intensified to F1. A barn was destroyed near Crystal Beach Road. A couple of homes had siding and shingles ripped from them. From there the tornado weakened to F0, but still tore down many trees and snapped utility poles. The tornado intensified again to F1 as it crossed Glebe Road. A 100 to 200 foot barn exploded; its 100 year old house was damaged. Several homes were damaged along Glebe Road. In total, the tornado damaged seven homes and destroyed several outbuildings and barns. The tornado lifted just before it reached the Bohemia River. Its path length was 4.0 miles and its maximum path width was about 80 yards. A second tornado touched farther downstream on the Bohemia River just southeast of Two Rivers. The tornado moved northeast and lifted near Hack Point. The worst damage occurred at the marina on the Bohemia River. Fifty boats were damaged. One sail boat sank, others were toppled and had their canvas sails shredded. Two trees fell on one home near the marina. The rest of the tornado wind damage was mainly inflicted on large trees which were knocked down. The tornado's path length was about 1.5 miles and its maximum path width was about 100 yards. While the tornado lifted, the supercell thunderstorm continued to produce damaging wind gusts farther east in Cecil County. In Chesapeake City, wires were knocked down on Maryland State Route 213 and several large trees were also knocked down.",,MD,2002-05-13 16:20:00,2002-05-13 16:25:00,True,True
1135651,5300220,Maryland,15,Cecil,PHI,2002-05-13 15:20:00,EST,2002-05-13 15:22:00,0,0,0,0,70K,,NWS STORM SURVEY,F1,Unknown,1.5,100.0,,,,,39.5,-75.91667,39.5,-75.88333,"A supercell thunderstorm produced two tornadoes in southern Cecil County and hail as large as golf balls. Damage was estimated at $170,000. No injuries were reported. Both tornadoes were estimated at F1 on the Fujita Scale with maximum winds near the high end of the F1 scale, around 110 mph. About 800 persons lost power. All power was restored by the 14th.Walnut to golf ball size hail fell from Crystal City east through Scotchmans Glen. A funnel cloud formed over Crystal Beach and one tornado touched down just to the west of Maryland State Route 282 and east of White Crystal Beach. It quickly intensified to F1. A barn was destroyed near Crystal Beach Road. A couple of homes had siding and shingles ripped from them. From there the tornado weakened to F0, but still tore down many trees and snapped utility poles. The tornado intensified again to F1 as it crossed Glebe Road. A 100 to 200 foot barn exploded; its 100 year old house was damaged. Several homes were damaged along Glebe Road. In total, the tornado damaged seven homes and destroyed several outbuildings and barns. The tornado lifted just before it reached the Bohemia River. Its path length was 4.0 miles and its maximum path width was about 80 yards. A second tornado touched farther downstream on the Bohemia River just southeast of Two Rivers. The tornado moved northeast and lifted near Hack Point. The worst damage occurred at the marina on the Bohemia River. Fifty boats were damaged. One sail boat sank, others were toppled and had their canvas sails shredded. Two trees fell on one home near the marina. The rest of the tornado wind damage was mainly inflicted on large trees which were knocked down. The tornado's path length was about 1.5 miles and its maximum path width was about 100 yards. While the tornado lifted, the supercell thunderstorm continued to produce damaging wind gusts farther east in Cecil County. In Chesapeake City, wires were knocked down on Maryland State Route 213 and several large trees were also knocked down.",,MD,2002-05-13 16:20:00,2002-05-13 16:22:00,True,True
1136738,5301808,Kansas,183,Smith,GID,2002-05-05 16:20:00,CST,2002-05-05 16:25:00,0,0,0,0,0,0,STORM CHASER,F0,Unknown,2.5,35.0,,,,,39.96667,-98.78333,39.98333,-98.75,"Severe thunderstorms brought hail and tornadoes to north-central Kansas during the late afternoon and evening hours. The first tornado occurred in extreme southern Rooks county just north of the Ellis county line. Storm spotters around Plainville watched this weak tornado as it moved to the east. No damage occurred. A second thunderstorm produced two tornadoes just a few minutes later in northern Smith county. This supercell was responsible for one tornado just west of Reamsville, and another tornado near Thornburg. The Thornburg tornado was on the ground for about five minutes yet passed over open county. It was reported to have moved between the Thornburg Church and the nearby rural water tower. Several storm chasers also caught a good look at this tornado. No damage was reported.",Another short lived tornado in northern Smith county.,KS,2002-05-05 17:20:00,2002-05-05 17:25:00,True,True
1136738,5301804,Kansas,163,Rooks,GID,2002-05-05 15:50:00,CST,2002-05-05 15:55:00,0,0,0,0,0,0,LAW ENFORCEMENT,F0,Unknown,3.0,30.0,,,,,39.13333,-99.43333,39.16667,-99.4,"Severe thunderstorms brought hail and tornadoes to north-central Kansas during the late afternoon and evening hours. The first tornado occurred in extreme southern Rooks county just north of the Ellis county line. Storm spotters around Plainville watched this weak tornado as it moved to the east. No damage occurred. A second thunderstorm produced two tornadoes just a few minutes later in northern Smith county. This supercell was responsible for one tornado just west of Reamsville, and another tornado near Thornburg. The Thornburg tornado was on the ground for about five minutes yet passed over open county. It was reported to have moved between the Thornburg Church and the nearby rural water tower. Several storm chasers also caught a good look at this tornado. No damage was reported.",A tornado was just north of the Rooks/Ellis county line. It was on the ground at the same time as another tornado was occurring just to the south in northern Ellis county. No damage was reported.,KS,2002-05-05 16:50:00,2002-05-05 16:55:00,True,True
1136753,5302868,Illinois,113,Mclean,ILX,2002-05-08 23:37:00,CST,2002-05-08 23:38:00,0,0,0,0,,,NWS STORM SURVEY,F0,Unknown,1.0,50.0,,,,,40.71667,-88.98333,40.73333,-88.96667,"A weak tornado touched down in extreme southeastern Woodford County near the intersection of County Road 700N and 2500E. It was on the ground for a mile knocking down some power poles. It then lifted briefly before touching down again 1.8 miles southeast of El Paso. As it travelled to the northeast, it crossed into the extreme northwestern corner of McLean County. At this location, it took the roof off of a barn, damaged two other barn roofs, tipped over a grain auger, as well as, blowing down trees and tree limbs. It hit another farm with only minor tree limb and house guttering damage before lifting and dissipating. No injuries were reported.",,IL,2002-05-08 23:37:00,2002-05-08 23:38:00,False,False
1137516,5301304,North Dakota,91,Steele,FGF,2002-06-25 13:00:00,CST,2002-06-25 13:00:00,0,0,0,0,,,GENERAL PUBLIC,F0,Unknown,0.2,25.0,,,,,47.35,-97.95,47.35,-97.95,,Several trees were blown over.,ND,2002-06-25 14:00:00,2002-06-25 14:00:00,True,True
1136013,5300202,Kansas,57,Ford,DDC,2002-05-07 17:11:00,CST,2002-05-07 17:13:00,0,0,0,0,,,NWS STORM SURVEY,F1,Unknown,1.3,150.0,,,,,37.71667,-99.56667,37.73333,-99.58333,,"This tornado moved west, crossing into the county from Edwards county at 611 PM CDT.",KS,2002-05-07 18:11:00,2002-05-07 18:13:00,True,True
1136013,5300203,Kansas,57,Ford,DDC,2002-05-07 17:40:00,CST,2002-05-07 17:42:00,0,0,0,0,,,NWS STORM SURVEY,F1,Unknown,1.2,75.0,,,,,37.7,-99.56667,37.7,-99.55,,This tornado damaged trees along the river and moved into Kiowa county.,KS,2002-05-07 18:40:00,2002-05-07 18:42:00,True,True
1136013,5300204,Kansas,57,Ford,DDC,2002-05-07 17:47:00,CST,2002-05-07 18:11:00,0,0,0,0,,,NWS STORM SURVEY,F3,Unknown,8.5,1800.0,,,,,37.7,-99.55,37.61667,-99.55,,"This tornado which developed in the same general tornadoes earlier, moved southwest and then finally turned south and southeast. It grew very large and at one time was 1 mile wide. Extreme damage was done to trees and irrigation pipe.",KS,2002-05-07 18:47:00,2002-05-07 19:11:00,True,True
1136013,5300205,Kansas,57,Ford,DDC,2002-05-07 18:00:00,CST,2002-05-07 18:03:00,0,0,0,0,,,TRAINED SPOTTER,F0,Unknown,0.7,50.0,,,,,37.46667,-99.86667,37.46667,-99.86667,,This tornado crossed slowly into northern Clark county.,KS,2002-05-07 19:00:00,2002-05-07 19:03:00,True,True
1136735,5302260,Nebraska,65,Furnas,GID,2002-05-26 18:40:00,CST,2002-05-26 18:47:00,0,0,0,0,0,0,STORM CHASER,F0,Unknown,2.0,50.0,,,,,40.16667,-100.18333,40.11667,-100.16667,"Scattered thunderstorms erupted across south-central Nebraska. The thunderstorms started out north of Grand Island and spread south to the Nebraska/Kansas border. Brief tornados occurred west of Saint Paul, east of Naponee and west of Wilsonville. These were very short lived and caused no damage. The tornado near Wilsonville was reported by a university chase team. Very strong winds developed northwest of Grand Island and roared at nearly 80 mph through the village of Cairo. Windows were blown out of several cars and roofs were blown off a couple of businesses. Hail up to 4 inches in diameter smashed through Franklin and caused extensive roof and siding damage.",This tornado exited Red Willow County and entered Furnas county northwest of Wilsonville. The tornado was observed by a chase team and crossed open county.,NE,2002-05-26 19:40:00,2002-05-26 19:47:00,True,True
1137163,5300980,Texas,441,Taylor,SJT,2002-06-13 19:08:00,CST,2002-06-13 19:09:00,0,0,0,0,.5K,,GENERAL PUBLIC,F0,Unknown,0.5,50.0,,,,,32.45,-99.86667,32.45,-99.86667,Severe thunderstorms moved across the Big Country and the western Concho Valley. Taylor county just to the west and south of Abilene was especially hard hit with hail to the size of baseballs. An eye witness at the truck stop in Tye saw a brief tornado that almost hit the truck stop. Severe thunderstorms over the western Concho Valley produced high winds that caused damage to the school in Mertzon.,Eye witness at a truck stop in Tye saw the tornado coming at her. She alerted the people inside the truck stop to take shelter. She said the Tornado dissipated right before hitting the gas pumps.,TX,2002-06-13 20:08:00,2002-06-13 20:09:00,True,True
1138839,5303474,Minnesota,167,Wilkin,FGF,2002-07-07 19:10:00,CST,2002-07-07 19:10:00,0,0,0,0,,,GENERAL PUBLIC,F0,Unknown,0.2,25.0,,,,,46.35,-96.31667,46.35,-96.31667,,A brief touchdown was reported.,MN,2002-07-07 20:10:00,2002-07-07 20:10:00,True,True
1137556,5300909,Iowa,183,Washington,DVN,2002-06-12 18:13:00,CST,2002-06-12 18:13:00,0,0,0,0,,,TRAINED SPOTTER,F0,Unknown,0.1,10.0,,,,,41.3,-91.65,41.3,-91.65,"A nearly stationary front, combined with abundant moisture and a strong upper level storm system to produce scattered strong to severe thunderstorms Wednesday evening. A few reports of hail to near quarter size and wind gusts of around 60 mph were received. Damage was confined mainly to trees and power lines. The thunderstorms also spawned two F0 tornadoes, one east of Washington and the other near Keota. The tornadoes were short lived and produced no damage or injuries. The thunderstorms continued through the late evening and into Thursday morning. During this time the threat shifted from hail, high wind and isolated tornadoes to very heavy rain and flash flooding, as the thunderstorms continuously developed over some of the same areas. Rainfall amounts of up to 3 to 4 inches were reported in portions of Southeast Iowa, an area which just 48 hours earlier received anywhere from 2 to 5 inches of rain. As a result, much of the heavy rain went into runoff resulting in fairly widespread flash flooding.",A brief tornado touched down east of Washington. No injuries or damage was reported.,IA,2002-06-12 19:13:00,2002-06-12 19:13:00,True,True
1137771,5304904,Kansas,69,Gray,DDC,2002-06-10 17:05:00,CST,2002-06-10 17:07:00,0,0,0,0,,,TRAINED SPOTTER,F0,Unknown,0.3,30.0,,,,,37.53333,-100.53333,37.53333,-100.53333,,This small tornado did no damage.,KS,2002-06-10 18:05:00,2002-06-10 18:07:00,True,True
1139811,5306898,Maine,3,Aroostook,CAR,2002-07-04 15:00:00,EST,2002-07-04 15:05:00,0,0,0,0,,,GENERAL PUBLIC,F1,Unknown,1.0,300.0,,,,,46.23333,-68.0,46.23333,-67.98333,,The tornado originated near Number Seven Ridge and tracked southeast around a mile before dissipating. The tornado remained in wooded areas during the entire track causing extensive tree damage.,ME,2002-07-04 16:00:00,2002-07-04 16:05:00,True,True
1138856,5303635,North Dakota,5,Benson,FGF,2002-07-31 17:00:00,CST,2002-07-31 17:00:00,0,0,0,0,,,GENERAL PUBLIC,F0,Unknown,0.2,25.0,,,,,48.23333,-99.43333,48.23333,-99.43333,,A tornado touched down in open country.,ND,2002-07-31 18:00:00,2002-07-31 18:00:00,True,True
1138851,5308486,Minnesota,87,Mahnomen,FGF,2002-07-25 17:58:00,CST,2002-07-25 18:08:00,0,0,0,0,,,NWS STORM SURVEY,F1,Unknown,3.0,50.0,,,,,47.48333,-95.93333,47.45,-95.91667,,Numerous trees were uprooted.,MN,2002-07-25 18:58:00,2002-07-25 19:08:00,True,True
1140628,5310051,Colorado,1,Adams,BOU,2002-07-23 14:40:00,MST,2002-07-23 14:47:00,0,0,0,0,0,0,TRAINED SPOTTER,F0,Unknown,0.1,50.0,,,,,39.91667,-104.53333,39.91667,-104.53333,,A small tornado touched down briefly but did no damage.,CO,2002-07-23 15:40:00,2002-07-23 15:47:00,True,True
1139783,5306747,Massachusetts,27,Worcester,BOX,2002-07-23 14:15:00,EST,2002-07-23 14:15:00,0,0,0,0,50K,,NWS STORM SURVEY,F1,Unknown,0.4,75.0,,,,,42.23333,-72.15,42.23333,-72.15,"A line of severe thunderstorms moved across much of the Bay State during the afternoon and early evening, producing widespread wind damage. There were numerous reports of downed trees, power lines, and large branches from the Connecticut River Valley to the Worcester Hills, Merrimack Valley, and the eastern Massachusetts coastline from Marblehead to Hingham. Amateur radio operators measured wind gusts to 71 mph in Easthampton and to 59 mph in West Springfield as the storms moved through. In the city of Boston,winds estimated near 60 mph blew down scaffolding on a school building, while in Salem winds of similar magnitude ripped siding off a house.A tornado briefly touched down in West Brookfield at 315 pm, and there were no injuries reported. The tornado had an approximate path width of 75 yards, a path length of about one-half mile, and was only on the ground for about 30 seconds, as determined by a National Weather Service survey of the area. The intensity of the tornado was determined to be an F1 on the Fujita damage scale, which corresponds to wind speeds between 73 and 112 mph. It is likely that winds were closer to the upper region of that range. The tornado formed over the northeast portion of Lake Wickaboag and traveled to the east, dissipating just to the east of the portion of Wickaboag Valley Road that is adjacent to the lake. Microburst damage was evident for about another two miles east of where the tornado circulation ended.Eyewitnesses reported that a curtain of water was drawn from the lake as high as 50 feet into the air, and traveled east. A portion of it hit a house by the lake, causing its roof to fly off and become embedded to a tree across the street. There was also a brief flash as power lines were downed on Wickaboag Valley Road. Although most downed trees were facing southwest to northeast, there was some evidence of trees blown down to the north and northwest near the lake.The same thunderstorm was responsible for another microburst in Spencer. Large trees were uprooted, some of which landed on cars and houses. Wind speeds were estimated to be near 100 mph based upon the damage observed.Another severe thunderstorm produced a microburst in Concord, as determined by a National Weather Service survey, which occurred between 345 and 400 pm. Straight line winds on Monument Street were estimated near 75 mph. Numerous large trees were snapped off and uprooted, which in turn knocked down many electric poles and wires. A couple of large trees were snapped off, and fell on a house on Monument Street. The microburst was approximately one-half mile wide and about one and a half miles long.",Brief F1 touchdown,MA,2002-07-23 15:15:00,2002-07-23 15:15:00,True,True
1140863,5310497,Wisconsin,73,Marathon,GRB,2002-07-30 18:22:00,CST,2002-07-30 18:28:00,0,0,0,0,,,FIRE DEPT/RESCUE SQUAD,F0,Unknown,2.2,100.0,,,,,44.78333,-89.73333,44.78333,-89.68333,"Thunderstorms moved through Wisconsin in very warm and unstable air ahead of a cold front. Severe thunderstorm winds and tornadoes downed trees and power lines and damaged buildings across a large swath of central, north central and east central Wisconsin. Thousands of trees and power lines were downed by high winds from the storms. An 11 year old Boy Scout was killed and another was seriously injured when trees landed on their tent at Camp Napowan (Waushara co.).High winds pushed a house off its foundation and blew a boat and trailer into a neighbor's yard near Merrill (Lincoln co.). Some downed trees damaged or destroyed buildings or vehicles when they fell. A church steeple was toppled by high winds and a tree landed on an SUV, boat and trailer in Neenah (Winnebago co.) According to utility company news releases, nearly 20,000 customers were without power at some time during the storms. As of noon the next day there were still about 3,250 customers in the Green Bay (Brown co.) area without electricity.The hardest hit areas appeared to be in Marathon, Lincoln, Shawano and Oconto counties. Three of the four confirmed tornadoes touched down in Lincoln county and the other touched down in Marathon county. A tornado that touched down 5 miles north of Merrill (Lincoln co.) skipped along the ground for 9 miles, destroying a barn and another structure, tearing roofs from some buildings and moving others from their foundations. Another tornado briefly touched down about 8.5 miles northeast of Merrill demolishing a mobile home and snapping trees and tree limbs. The other Lincoln county tornado touched down 10 miles northwest of Merrill and skipped along the ground for 1.25 miles. A tornado skipped along the ground for 2 miles in Mosinee (Marathon co.) causing significant tree damage on a hill east of the Wisconsin River.",,WI,2002-07-30 19:22:00,2002-07-30 19:28:00,True,True
1139840,5307078,South Carolina,19,Charleston,CHS,2002-07-15 18:20:00,EST,2002-07-15 18:25:00,0,0,0,0,,,NWS STORM SURVEY,F0,Unknown,0.6,30.0,,,,,32.78333,-79.93333,32.78333,-79.93333,,"A brief tornado touch down caused some damage to a storage building for an apartment complex, shingles taken off for the most part, a couple of signs bent, and a few small trees uprooted and some limbs taken out of larger trees. The touchdown was near the CBS affiliate and not far from their Doppler radar.",SC,2002-07-15 19:20:00,2002-07-15 19:25:00,True,True
1139901,5306761,Missouri,61,Daviess,EAX,2002-07-26 19:57:00,CST,2002-07-26 19:58:00,0,0,0,0,5K,,LAW ENFORCEMENT,F0,Unknown,0.1,25.0,,,,,40.08333,-93.81667,40.08333,-93.81667,,Brief tornado touchdown. Minor damage to a barn and farmstead.,MO,2002-07-26 20:57:00,2002-07-26 20:58:00,True,True
1140848,5309964,South Dakota,77,Kingsbury,FSD,2002-07-28 12:41:00,CST,2002-07-28 12:42:00,0,0,0,0,,,LAW ENFORCEMENT,F0,Unknown,0.3,50.0,,,,,44.31667,-97.43333,44.31667,-97.43333,,"A tornado was observed crossing Lake Thompson, but did not reach land, and caused no reported damage.",SD,2002-07-28 13:41:00,2002-07-28 13:42:00,True,True
1138856,5308613,North Dakota,71,Ramsey,FGF,2002-07-31 17:50:00,CST,2002-07-31 17:50:00,0,0,0,0,,,GENERAL PUBLIC,F0,Unknown,0.2,10.0,,,,,48.21667,-99.0,48.21667,-99.0,,"A tornado touched down in a field, causing minimal crop damage.",ND,2002-07-31 18:50:00,2002-07-31 18:50:00,True,True
1138856,5308614,North Dakota,5,Benson,FGF,2002-07-31 17:30:00,CST,2002-07-31 17:30:00,0,0,0,0,,,GENERAL PUBLIC,F0,Unknown,0.2,25.0,,,,,48.18333,-99.28333,48.18333,-99.28333,,A brief tornado touchdown snapped off several large tree branches. A farmer saw a brief swirling of dust near a tree row with a funnel above.,ND,2002-07-31 18:30:00,2002-07-31 18:30:00,True,True
1140528,5310251,Minnesota,103,Nicollet,MPX,2002-07-28 16:40:00,CST,2002-07-28 16:43:00,0,0,0,0,,,STORM CHASER,F0,Unknown,0.5,50.0,,,,,44.36667,-94.36667,44.38333,-94.36667,,Touched down in field. Corn flattened.,MN,2002-07-28 17:40:00,2002-07-28 17:43:00,True,True
1140845,5309961,South Dakota,77,Kingsbury,FSD,2002-07-28 12:55:00,CST,2002-07-28 12:55:00,0,0,0,0,.01M,,LAW ENFORCEMENT,F0,Unknown,0.1,100.0,,,,,44.3,-97.36667,44.3,-97.36667,,A brief tornado damaged several farm buildings.,SD,2002-07-28 13:55:00,2002-07-28 13:55:00,True,True
1140863,5310496,Wisconsin,69,Lincoln,GRB,2002-07-30 18:08:00,CST,2002-07-30 18:28:00,0,0,0,0,100K,,NWS STORM SURVEY,F0,Unknown,9.0,200.0,,,,,45.25,-89.68333,45.28333,-89.55,"Thunderstorms moved through Wisconsin in very warm and unstable air ahead of a cold front. Severe thunderstorm winds and tornadoes downed trees and power lines and damaged buildings across a large swath of central, north central and east central Wisconsin. Thousands of trees and power lines were downed by high winds from the storms. An 11 year old Boy Scout was killed and another was seriously injured when trees landed on their tent at Camp Napowan (Waushara co.).High winds pushed a house off its foundation and blew a boat and trailer into a neighbor's yard near Merrill (Lincoln co.). Some downed trees damaged or destroyed buildings or vehicles when they fell. A church steeple was toppled by high winds and a tree landed on an SUV, boat and trailer in Neenah (Winnebago co.) According to utility company news releases, nearly 20,000 customers were without power at some time during the storms. As of noon the next day there were still about 3,250 customers in the Green Bay (Brown co.) area without electricity.The hardest hit areas appeared to be in Marathon, Lincoln, Shawano and Oconto counties. Three of the four confirmed tornadoes touched down in Lincoln county and the other touched down in Marathon county. A tornado that touched down 5 miles north of Merrill (Lincoln co.) skipped along the ground for 9 miles, destroying a barn and another structure, tearing roofs from some buildings and moving others from their foundations. Another tornado briefly touched down about 8.5 miles northeast of Merrill demolishing a mobile home and snapping trees and tree limbs. The other Lincoln county tornado touched down 10 miles northwest of Merrill and skipped along the ground for 1.25 miles. A tornado skipped along the ground for 2 miles in Mosinee (Marathon co.) causing significant tree damage on a hill east of the Wisconsin River.",,WI,2002-07-30 19:08:00,2002-07-30 19:28:00,True,True
1140650,5310366,Kansas,175,Seward,DDC,2002-07-10 21:49:00,CST,2002-07-10 21:50:00,0,0,0,0,0K,,EMERGENCY MANAGER,F0,Unknown,0.3,25.0,,,,,37.03333,-100.85,37.03333,-100.85,,A brief tornado occurred in an open pasture.,KS,2002-07-10 22:49:00,2002-07-10 22:50:00,True,True
1140530,5310346,Minnesota,91,Martin,MPX,2002-07-10 19:10:00,CST,2002-07-10 19:11:00,0,0,0,0,,,FIRE DEPT/RESCUE SQUAD,F0,Unknown,0.1,50.0,,,,,43.73333,-94.85,43.73333,-94.85,,Tornado briefly crossed into Martin County from Jackson County (see corresponding entry for southwest Minnesota). Tornado remained over open country before dissipating.,MN,2002-07-10 20:10:00,2002-07-10 20:11:00,True,True
1139515,5307416,Montana,27,Fergus,TFX,2002-07-08 15:30:00,MST,2002-07-08 16:30:00,0,0,0,0,100K,,TRAINED SPOTTER,F2,Unknown,10.0,200.0,,,,,47.25,-109.35,47.25,-109.35,,"A severe thunderstorm moved across the northern half of Fergus County during the late afternoon hours on the 8th. This storm produced a widespread area of one to two inch hail from Brooks to Roy, with wind gusts over 70 mph. When the storm was just north of Brooks, a tornado developed. This tornado was on the ground for several miles, but remained over rural areas of Fergus County. However, this tornado did hit three residences, causing damage to houses and several barns. A few mobile homes were also damaged and one grain elevator near Moulton was toppled.",MT,2002-07-08 16:30:00,2002-07-08 17:30:00,True,True
1139517,5307418,Montana,5,Blaine,TFX,2002-07-08 17:00:00,MST,2002-07-08 17:30:00,0,0,0,0,50K,,NWS STORM SURVEY,F1,Unknown,2.0,50.0,,,,,48.58333,-109.23333,48.58333,-109.23333,,"A severe thunderstorm moved across southern Blaine County during the late afternoon hours on the 8th. This storm produced golf ball sized hail, and wind gusts in excess of 100 mph. A tornado developed shortly after 1600 MST. This tornado was short lived, but it did do some crop damage, along with damage to 3 residences. Several barns were destroyed and a few other structures lost roofs. One vehicle suffered major damage.",MT,2002-07-08 18:00:00,2002-07-08 18:30:00,True,True
1138046,5305074,Kansas,153,Rawlins,GLD,2002-06-19 16:45:00,MST,2002-06-19 16:45:00,0,0,0,0,,,TRAINED SPOTTER,F0,Unknown,0.2,25.0,,,,,39.8,-101.2,39.8,-101.2,"A line of scattered thunderstorms developed on a slow-moving surface boundary which stretched from southwest Nebraska through northwest Kansas during the late afternoon and evening hours. Storm movement was generally under 10 mph, and therefore the direction of many resultant wind and tornado events were guided by thunderstorm outflows. Four F-0 tornadoes and three F-1 tornadoes developed during this storm event. Tornadoes generally traveled from the south, southeast or east at speeds of 10 to 15 mph. Most tornadoes occurred over open country with no damage, but several moved near farmsteads and damaged barns and outbuildings, irrigation equipment and power poles.",Brief touchdown. No known damage.,KS,2002-06-19 17:45:00,2002-06-19 17:45:00,True,True
1138013,5306196,South Dakota,13,Brown,ABR,2002-06-23 18:53:00,CST,2002-06-23 19:23:00,0,0,0,0,,,NWS STORM SURVEY,F3,Unknown,10.0,900.0,,,,,45.73333,-98.61667,45.7,-98.45,"A powerful supercell thunderstorm produced six tornados from eastern McPherson county and across northern Brown county during the evening hours of June 23rd. The first weak tornado (F0) touched down briefly 6.4 miles northeast of Leola and resulted in no damage. The second tornado (F1) touched down 8.5 miles northeast of Leola and crossed over into Brown county where it dissipated 9 miles northwest of Barnard. This tornado brought down many trees and a barn and caused damage to the siding and the roof of a farmhouse in McPherson county and caused no damage in Brown county. A third weak satellite tornado (F0) occurred following the dissipation of the second tornado and resulted in no damage. A fourth strong tornado (F3) developed 6 miles west of Barnard and moved east and dissipated 3 miles southeast of Barnard. This tornado brought down some high power lines along with a support tower and tossed a pickup truck 100 yards into a group of trees. The pickup truck was totaled. The tornado caused extensive damage to two farmhouses, several farm buildings, and farm equipment. One farmhouse lost its garage and most of its roof with many trees completely snapped off down low and debarked. The fifth tornado developed 5 miles southeast of Barnard and became a violent tornado (F4). This tornado caused damage to one farmhouse, several outbuildings, trees, and equipment as it moved northeast and strengthened. The tornado then completely demolished two unoccupied homes, several outbuildings, many trees, along with destroying or damaging some farm equipment before dissipating 7.6 miles northeast of Barnard. Also, a sixth weak satellite tornado (F0) occurred with this violent tornado and caused no damage. This was the first F4 tornado recorded in Brown county and one of few recorded in South Dakota. The total estimated property loss exceeded a million dollars.",,SD,2002-06-23 19:53:00,2002-06-23 20:23:00,True,True
1138239,5304105,Indiana,65,Henry,IND,2002-07-09 18:05:00,EST,2002-07-09 18:09:00,0,0,0,0,30K,,NWS STORM SURVEY,F0,Unknown,2.1,100.0,,,,,39.9,-85.4,39.88333,-85.36667,,National Weather Service survey confirmed an F0 touchdown. Minor damage to 3 homes. Trees down.,IN,2002-07-09 19:05:00,2002-07-09 19:09:00,True,True
1137886,5306067,Vermont,25,Windham,ALY,2002-06-05 20:45:00,EST,2002-06-05 20:45:00,0,0,0,0,75K,,NWS STORM SURVEY,F2,Unknown,0.1,150.0,,,,,43.18333,-72.73333,43.18333,-72.73333,"Thunderstorms, that initially developed in New York, and produced a macroburst in extreme eastern New York, moved into southern Vermont during the evening of the 5th. The storms spawned two tornados, one in Woodford Hollow, Bennington County and the other one near Wilmington, Windham County. The first touchdown, one mile north from Route 9, produced a swath 150 yards wide and a path length of one half mile. Many trees, as large as a foot in diamter, were either knocked over or ripped apart. Trees also fell on three automobiles. This tornado was assesed to be a F1 intensity, with winds estimated between 80 and 100 mph. The second tornado, 4 miles northeast of Wilmington, was even stronger despite a narrower swath of 50 yards. The path length was also about a half mile. This tornado, in addition to blowing some trees down, mostly destroyed a sturdy house on Haynes Road. The garage of the house was blown off its foundation. The family room was ripped off the end of the house, nearly killing the owner. Luckily the owner escaped without any injuries. However, antiques in the attic of the home, as well as numerous other possessions from throughout the house, were spread out for miles downwind, and a propane tanke was missing. The winds with this tornado were estimated between 125 and 150 mph. Non-tornadic thunderstorm winds blew some trees down in the town of Pownal. Lightnting struck a home in North Bennington causing a very small fire with minimal damage to the structure of the house.",,VT,2002-06-05 21:45:00,2002-06-05 21:45:00,True,True
1139901,5306662,Missouri,61,Daviess,EAX,2002-07-26 19:07:00,CST,2002-07-26 19:08:00,0,0,0,0,,,TRAINED SPOTTER,F0,Unknown,0.1,25.0,,,,,40.01667,-93.93333,40.01667,-93.93333,,Brief tornado touchdown with no damage or injuries reported.,MO,2002-07-26 20:07:00,2002-07-26 20:08:00,True,True
1138013,5306197,South Dakota,13,Brown,ABR,2002-06-23 19:24:00,CST,2002-06-23 19:55:00,0,0,0,0,,,NWS STORM SURVEY,F4,Unknown,9.0,900.0,,,,,45.68333,-98.43333,45.81667,-98.38333,"A powerful supercell thunderstorm produced six tornados from eastern McPherson county and across northern Brown county during the evening hours of June 23rd. The first weak tornado (F0) touched down briefly 6.4 miles northeast of Leola and resulted in no damage. The second tornado (F1) touched down 8.5 miles northeast of Leola and crossed over into Brown county where it dissipated 9 miles northwest of Barnard. This tornado brought down many trees and a barn and caused damage to the siding and the roof of a farmhouse in McPherson county and caused no damage in Brown county. A third weak satellite tornado (F0) occurred following the dissipation of the second tornado and resulted in no damage. A fourth strong tornado (F3) developed 6 miles west of Barnard and moved east and dissipated 3 miles southeast of Barnard. This tornado brought down some high power lines along with a support tower and tossed a pickup truck 100 yards into a group of trees. The pickup truck was totaled. The tornado caused extensive damage to two farmhouses, several farm buildings, and farm equipment. One farmhouse lost its garage and most of its roof with many trees completely snapped off down low and debarked. The fifth tornado developed 5 miles southeast of Barnard and became a violent tornado (F4). This tornado caused damage to one farmhouse, several outbuildings, trees, and equipment as it moved northeast and strengthened. The tornado then completely demolished two unoccupied homes, several outbuildings, many trees, along with destroying or damaging some farm equipment before dissipating 7.6 miles northeast of Barnard. Also, a sixth weak satellite tornado (F0) occurred with this violent tornado and caused no damage. This was the first F4 tornado recorded in Brown county and one of few recorded in South Dakota. The total estimated property loss exceeded a million dollars.",,SD,2002-06-23 20:24:00,2002-06-23 20:55:00,True,True
1139360,5307485,Oregon,59,Umatilla,PDT,2002-07-13 15:14:00,PST,2002-07-13 15:16:00,0,0,0,0,0K,,OFFICIAL NWS OBS.,F0,Unknown,0.2,10.0,,,,,45.7,-118.83333,45.7,-118.83333,,A brief tornado over a runway moved northwest before dissipating.,OR,2002-07-13 16:14:00,2002-07-13 16:16:00,True,True
1139724,5307614,New York,67,Onondaga,BGM,2002-07-28 17:40:00,EST,2002-07-28 17:40:00,0,0,0,0,2M,,NWS STORM SURVEY,F1,Unknown,0.1,50.0,,,,,42.96667,-76.43333,42.96667,-76.43333,,"The tornado touched down briefly in the hamlet of Mottville which is in the town of Skaneateles. The tornado's path length was approximately 100 yards and its width was approximately 50 yards. A trailer home was destroyed in the center of Mottville. The 67 year old man who lived in it got out of the debris afterward with only a few scratches. In addition, several large trees were sheared off 10 to 20 feet above the ground. Falling trees damaged several homes and businesses in the area. The Mottville post office opened the next morning despite two large pine trees lying on the roof. The storm continued south into the center of the village of Skaneateles. Damage in this area was due to straight line winds. There were no deaths or serious injuries caused by the tornado. A state of emergency was declared in the town of Skaneateles.",NY,2002-07-28 18:40:00,2002-07-28 18:40:00,True,True
1137887,5306074,New York,27,Dutchess,ALY,2002-06-16 14:00:00,EST,2002-06-16 14:10:00,0,0,0,0,20K,,NWS STORM SURVEY,F1,Unknown,1.0,125.0,,,,,41.56667,-73.6,41.56667,-73.6,"Thunderstorms developed along an occluded frontal bounday by midday June 16. Their intensity was aided by a large cold pocket of air aloft combined with the strong June midday sunshine. As the storms approached the Hudson Valley of eastern New York, some of them became severe. Most of the reports were of hail damage. However, there two confirmed tornado touchdowns as well as one non-tornadic destructive wind report. The first of two tornados in eastern New York touched intermittenly down in the town of Florida, Montgomery County between Klapmeyer and Hartley Roads, to the southwest of Amsterdam. The path of this tornado varied between 50 and 100 yards and was approximately 3 miles long. Numerous trees were downed and there was minor damage to several houses as well as one barns. The tornado vortex then lifted back off the ground but was still visible as a funnel cloud. The vortex touched down again briefly in the town of Amsterdam, near Mcquade Road. This second path was only a quarter mile long and about 50 yards wide. Approximately 10 trees were knocked down and minor damage was reported to two homes. The top wind gusts were estimated to be around 70 mph with this tornado. A second twister, ranked as an F1 with top winds estimated around 100 mph, touched down near Pawling in Dutchess County, very close to the place a tornado had struck just two weeks before. The path of this tornado was 125 yards wide and a mile long. Damage was mostly confined to many downed and twisted trees. One tree did fall onto a garage thereby damaging it. Thunderstorm winds blew two trees down on Ravena Road in the town of Coeyamns, Albany County. Golf ball size hail (1.75 inches in diameter) was reported in Chatham while ping pong size hail (1.5 inches in diameter) was reported in the town of Stockport, Columbia County. One inch hail fell at Hopewell Junction, Dutchess County. There were additional reports of dime size hail in Schenectady, Rennselaer and Greene Counties.",,NY,2002-06-16 15:00:00,2002-06-16 15:10:00,True,True
1137887,5306075,New York,57,Montgomery,ALY,2002-06-16 11:50:00,EST,2002-06-16 12:00:00,0,0,0,0,75K,,TRAINED SPOTTER,F0,Unknown,3.2,75.0,,,,,42.93333,-74.18333,42.93333,-74.18333,"Thunderstorms developed along an occluded frontal bounday by midday June 16. Their intensity was aided by a large cold pocket of air aloft combined with the strong June midday sunshine. As the storms approached the Hudson Valley of eastern New York, some of them became severe. Most of the reports were of hail damage. However, there two confirmed tornado touchdowns as well as one non-tornadic destructive wind report. The first of two tornados in eastern New York touched intermittenly down in the town of Florida, Montgomery County between Klapmeyer and Hartley Roads, to the southwest of Amsterdam. The path of this tornado varied between 50 and 100 yards and was approximately 3 miles long. Numerous trees were downed and there was minor damage to several houses as well as one barns. The tornado vortex then lifted back off the ground but was still visible as a funnel cloud. The vortex touched down again briefly in the town of Amsterdam, near Mcquade Road. This second path was only a quarter mile long and about 50 yards wide. Approximately 10 trees were knocked down and minor damage was reported to two homes. The top wind gusts were estimated to be around 70 mph with this tornado. A second twister, ranked as an F1 with top winds estimated around 100 mph, touched down near Pawling in Dutchess County, very close to the place a tornado had struck just two weeks before. The path of this tornado was 125 yards wide and a mile long. Damage was mostly confined to many downed and twisted trees. One tree did fall onto a garage thereby damaging it. Thunderstorm winds blew two trees down on Ravena Road in the town of Coeyamns, Albany County. Golf ball size hail (1.75 inches in diameter) was reported in Chatham while ping pong size hail (1.5 inches in diameter) was reported in the town of Stockport, Columbia County. One inch hail fell at Hopewell Junction, Dutchess County. There were additional reports of dime size hail in Schenectady, Rennselaer and Greene Counties.",,NY,2002-06-16 12:50:00,2002-06-16 13:00:00,True,True
1139289,5307901,Iowa,145,Page,OAX,2002-07-26 19:48:00,CST,2002-07-26 19:53:00,0,0,0,0,,,LAW ENFORCEMENT,F1,Unknown,1.5,400.0,,,,,40.68333,-94.96667,40.7,-95.0,,"A tornado damaged 5 or so farmsteads and downed quite a few trees south of Clarinda. A semi was also blown off the road in that area. Damage included windows blown out, roofs ripped off of outbuildings, tractor-trailers flipped and trees stripped bare.",IA,2002-07-26 20:48:00,2002-07-26 20:53:00,True,True
1138722,5304274,North Dakota,51,Mcintosh,BIS,2002-07-09 16:40:00,CST,2002-07-09 16:40:00,0,0,0,0,,,TRAINED SPOTTER,F0,Unknown,1.0,50.0,,,,,46.1,-99.26667,46.1,-99.26667,,Tornado briefly touched down in open country. Rainfall from the storm measured at 2.50 inches. Crops on 3 seperate farms reported wiped out.,ND,2002-07-09 16:40:00,2002-07-09 16:40:00,False,False
1137684,5305931,Iowa,193,Woodbury,FSD,2002-06-20 20:10:00,CST,2002-06-20 20:20:00,0,0,0,0,,,NWS EMPLOYEE(OFF DUTY),F0,Unknown,5.0,100.0,,,,,42.35,-96.11667,42.3,-95.93333,,A tornado caused tree damage along a five mile long path.,IA,2002-06-20 21:10:00,2002-06-20 21:20:00,True,True
1137893,5306189,Connecticut,5,Litchfield,ALY,2002-06-16 14:10:00,EST,2002-06-16 14:10:00,0,0,0,0,10K,,NWS STORM SURVEY,F0,Unknown,0.2,25.0,,,,,41.53333,-73.41667,41.53333,-73.41667,"Thunderstorms developed along an occluded frontal bounday on midday June 16 across western New York state. The intensity was aided by a large cold pocket of air aloft, combined with the strong June midday sunshine. As the storms approached the Hudson Valley of eastern New York, some of them became severe. Scattered severe storms moved into Litchfield County. One of them, that had spawned a tornado in southeastern Dutchess County, produced a weaker F0 tornado near Lanesville. Tree damage occurred along Route 7 about 0.4 miles south of the intersection of Cross Road and Route 7. The path of this tornado was 25 yards wide and a quarter mile long. Dime to half dollar size hail covered the ground at Woodbury. This same storm pounded a large farm in Roxbury with hailstones estimated to be dime size. The hail produced an estimated 30,000 dollars of loss to various crops on that farm. Nickel size hail was also reported at New Milford.",,CT,2002-06-16 15:10:00,2002-06-16 15:10:00,True,True
1137869,5305061,Colorado,123,Weld,BOU,2002-06-03 15:45:00,MST,2002-06-03 15:45:00,0,0,0,0,0,0,TRAINED SPOTTER,F0,Unknown,0.1,50.0,,,,,40.93333,-104.26667,40.93333,-104.26667,,,CO,2002-06-03 16:45:00,2002-06-03 16:45:00,True,True
1139728,5307701,Alabama,115,St. Clair,BMX,2002-07-19 15:22:00,CST,2002-07-19 15:22:00,0,0,0,0,1K,0K,NWS STORM SURVEY,F0,Unknown,0.4,50.0,,,,,33.71667,-86.33333,33.71667,-86.33333,,"Meteorologists from the National Weather Service Warning and Forecast Office in Birmingham completed a storm survey of the damage in St. Clair County. Much of the damage consisted of scattered downed trees and power lines. However, 7.9 miles east-southeast of Springville, meteorologists identified a short path of downed trees with evidence of rotation.The damage path began 7.9 miles east-southeast of Springville on the west side of US 411. The path extended for about 4 tenths of a mile and was approximately 50 yards wide. The area where the tornado touched downed was mostly open fields, however, a few trees were downed along with several large limbs and the tops of some trees. Orientation to the downed trees was consistent with the presence of a weak rotation. The tornado was rated an F0 on the Fujita Scale for tornado classification. Beg.: 33 45.042/86 20.186 End: 33 44.980/86 19.730",AL,2002-07-19 16:22:00,2002-07-19 16:22:00,True,True
1137886,5306065,Vermont,3,Bennington,ALY,2002-06-05 20:10:00,EST,2002-06-05 20:10:00,0,0,0,0,27K,,NWS STORM SURVEY,F1,Unknown,0.2,100.0,,,,,42.93333,-73.25,42.93333,-73.25,"Thunderstorms, that initially developed in New York, and produced a macroburst in extreme eastern New York, moved into southern Vermont during the evening of the 5th. The storms spawned two tornados, one in Woodford Hollow, Bennington County and the other one near Wilmington, Windham County. The first touchdown, one mile north from Route 9, produced a swath 150 yards wide and a path length of one half mile. Many trees, as large as a foot in diamter, were either knocked over or ripped apart. Trees also fell on three automobiles. This tornado was assesed to be a F1 intensity, with winds estimated between 80 and 100 mph. The second tornado, 4 miles northeast of Wilmington, was even stronger despite a narrower swath of 50 yards. The path length was also about a half mile. This tornado, in addition to blowing some trees down, mostly destroyed a sturdy house on Haynes Road. The garage of the house was blown off its foundation. The family room was ripped off the end of the house, nearly killing the owner. Luckily the owner escaped without any injuries. However, antiques in the attic of the home, as well as numerous other possessions from throughout the house, were spread out for miles downwind, and a propane tanke was missing. The winds with this tornado were estimated between 125 and 150 mph. Non-tornadic thunderstorm winds blew some trees down in the town of Pownal. Lightnting struck a home in North Bennington causing a very small fire with minimal damage to the structure of the house.",,VT,2002-06-05 21:10:00,2002-06-05 21:10:00,True,True
1137550,5300822,Iowa,111,Lee,DVN,2002-06-26 09:33:00,CST,2002-06-26 09:34:00,0,0,0,0,,,FIRE DEPT/RESCUE SQUAD,F0,Unknown,0.1,10.0,,,,,40.75,-91.7,40.75,-91.7,,A tornado touched down briefly west of Mt. Hamill. No damage was reported.,IA,2002-06-26 10:33:00,2002-06-26 10:34:00,True,True
1137078,5301253,Illinois,35,Cumberland,ILX,2002-06-11 16:40:00,CST,2002-06-11 16:43:00,0,0,0,0,,,EMERGENCY MANAGER,F0,Unknown,2.0,50.0,,,,,39.28333,-88.4,39.25,-88.36667,,A tornado touched down 4 miles southeast of Neoga. It damaged the roof of a house in this location. It then travelled to the east blowing down numerous trees. Before lifting and dissipating it caused minor damage to the roof of a mobile home. No injuries were reported.,IL,2002-06-11 17:40:00,2002-06-11 17:43:00,True,True
1138551,5303937,Texas,173,Glasscock,MAF,2002-07-04 19:13:00,CST,2002-07-04 19:13:00,0,0,0,0,0,0,TRAINED SPOTTER,F0,Unknown,0.2,50.0,,,,,31.86667,-101.63333,31.86667,-101.63333,,A brief tornado was reported along highway 137.,TX,2002-07-04 20:13:00,2002-07-04 20:13:00,True,True
1138103,5306143,Nebraska,35,Clay,GID,2002-06-10 19:23:00,CST,2002-06-10 19:26:00,0,0,0,0,0,0,STORM CHASER,F0,Unknown,1.0,20.0,,,,,40.65,-98.15,40.66667,-98.13333,Scattered severe thunderstorms developed during the evening hours across portions of south-central Nebraska. The storms started out just south of Grand Island and spread east. Two tornadoes were observed from these storms. The first was in northern Clay county and was reported by a storm chaser to have set down for about a mile. The second was observed by an off duty NWS meteorologist and was only one the ground for a brief time. No damage occurred from either tornado. Very heavy rains were reported across Hamilton county were some flooding occurred. Numerous hail reports from the area indicated that stones ranged from the size of nickels to golf balls.,Brief tornado touch down in northern Clay county.,NE,2002-06-10 20:23:00,2002-06-10 20:26:00,True,True
1139314,5307025,Pennsylvania,31,Clarion,PBZ,2002-07-26 18:25:00,EST,2002-07-26 18:30:00,0,0,0,0,30K,,PARK/FOREST SERVICE,F0,70 mph,2.0,150.0,,,,,41.37,-79.28333,41.33,-79.25,,"An F0 tornado with an estimated maximum wind of 70 mph blew through Cook Forest State Park. This tornado had a total path length of 2 miles and a width of 150 yards. Approximately 60 to 70 trees were downed by this tornado, with one falling onto a parked pickup truck. A roof was also blown off of an outbuilding.",PA,2002-07-26 19:25:00,2002-07-26 19:30:00,True,True
1138046,5305075,Kansas,153,Rawlins,GLD,2002-06-19 16:45:00,MST,2002-06-19 16:45:00,0,0,0,0,6K,,NEWSPAPER,F1,Unknown,0.2,25.0,,,,,39.85,-100.96667,39.85,-100.96667,"A line of scattered thunderstorms developed on a slow-moving surface boundary which stretched from southwest Nebraska through northwest Kansas during the late afternoon and evening hours. Storm movement was generally under 10 mph, and therefore the direction of many resultant wind and tornado events were guided by thunderstorm outflows. Four F-0 tornadoes and three F-1 tornadoes developed during this storm event. Tornadoes generally traveled from the south, southeast or east at speeds of 10 to 15 mph. Most tornadoes occurred over open country with no damage, but several moved near farmsteads and damaged barns and outbuildings, irrigation equipment and power poles.","Brief touchdown near Ludell. Several power poles were down, and irrigation equipment and trailer home were damaged.",KS,2002-06-19 17:45:00,2002-06-19 17:45:00,True,True
1138013,5306198,South Dakota,13,Brown,ABR,2002-06-23 19:30:00,CST,2002-06-23 19:32:00,0,0,0,0,,,STORM CHASER,F0,Unknown,0.0,50.0,,,,,45.73333,-98.4,45.73333,-98.4,"A powerful supercell thunderstorm produced six tornados from eastern McPherson county and across northern Brown county during the evening hours of June 23rd. The first weak tornado (F0) touched down briefly 6.4 miles northeast of Leola and resulted in no damage. The second tornado (F1) touched down 8.5 miles northeast of Leola and crossed over into Brown county where it dissipated 9 miles northwest of Barnard. This tornado brought down many trees and a barn and caused damage to the siding and the roof of a farmhouse in McPherson county and caused no damage in Brown county. A third weak satellite tornado (F0) occurred following the dissipation of the second tornado and resulted in no damage. A fourth strong tornado (F3) developed 6 miles west of Barnard and moved east and dissipated 3 miles southeast of Barnard. This tornado brought down some high power lines along with a support tower and tossed a pickup truck 100 yards into a group of trees. The pickup truck was totaled. The tornado caused extensive damage to two farmhouses, several farm buildings, and farm equipment. One farmhouse lost its garage and most of its roof with many trees completely snapped off down low and debarked. The fifth tornado developed 5 miles southeast of Barnard and became a violent tornado (F4). This tornado caused damage to one farmhouse, several outbuildings, trees, and equipment as it moved northeast and strengthened. The tornado then completely demolished two unoccupied homes, several outbuildings, many trees, along with destroying or damaging some farm equipment before dissipating 7.6 miles northeast of Barnard. Also, a sixth weak satellite tornado (F0) occurred with this violent tornado and caused no damage. This was the first F4 tornado recorded in Brown county and one of few recorded in South Dakota. The total estimated property loss exceeded a million dollars.",,SD,2002-06-23 20:30:00,2002-06-23 20:32:00,True,True
1139628,5306711,Florida,109,St. Johns,JAX,2002-07-19 18:00:00,EST,2002-07-19 18:00:00,0,0,0,0,10K,,LAW ENFORCEMENT,F0,Unknown,0.0,0.0,,,,,29.71667,-81.51667,29.71667,-81.51667,,Tore roof off of a barn.,FL,2002-07-19 19:00:00,2002-07-19 19:00:00,True,True
1139630,5306713,Florida,1,Alachua,JAX,2002-07-20 16:00:00,EST,2002-07-20 16:00:00,0,0,0,0,5K,,GENERAL PUBLIC,F0,Unknown,0.0,0.0,,,,,29.78333,-82.5,29.78333,-82.5,,Brief touchdown in traveler's camp.,FL,2002-07-20 17:00:00,2002-07-20 17:00:00,True,True
1136808,5302799,Florida,33,Escambia,MOB,2002-06-24 09:35:00,CST,2002-06-24 09:36:00,0,0,0,0,,,EMERGENCY MANAGER,F0,Unknown,0.1,10.0,,,,,30.46667,-87.18333,30.46667,-87.18333,,Emergency management officials saw a very small pencil type tornado briefly touch down near the airport in a dirt pit. The tornado did no damage and dissipated almost as soon as it touched the ground.,FL,2002-06-24 10:35:00,2002-06-24 10:36:00,True,True
1138838,5303380,Minnesota,135,Roseau,FGF,2002-07-01 11:45:00,CST,2002-07-01 11:45:00,0,0,0,0,,,LAW ENFORCEMENT,F0,Unknown,0.2,25.0,,,,,48.86667,-95.23333,48.86667,-95.23333,,A tornado touchdown was reported by the Roseau sheriff's office.,MN,2002-07-01 12:45:00,2002-07-01 12:45:00,True,True
1138013,5306195,South Dakota,13,Brown,ABR,2002-06-23 18:43:00,CST,2002-06-23 18:45:00,0,0,0,0,,,STORM CHASER,F0,Unknown,0.3,50.0,,,,,45.83333,-98.63333,45.83333,-98.63333,"A powerful supercell thunderstorm produced six tornados from eastern McPherson county and across northern Brown county during the evening hours of June 23rd. The first weak tornado (F0) touched down briefly 6.4 miles northeast of Leola and resulted in no damage. The second tornado (F1) touched down 8.5 miles northeast of Leola and crossed over into Brown county where it dissipated 9 miles northwest of Barnard. This tornado brought down many trees and a barn and caused damage to the siding and the roof of a farmhouse in McPherson county and caused no damage in Brown county. A third weak satellite tornado (F0) occurred following the dissipation of the second tornado and resulted in no damage. A fourth strong tornado (F3) developed 6 miles west of Barnard and moved east and dissipated 3 miles southeast of Barnard. This tornado brought down some high power lines along with a support tower and tossed a pickup truck 100 yards into a group of trees. The pickup truck was totaled. The tornado caused extensive damage to two farmhouses, several farm buildings, and farm equipment. One farmhouse lost its garage and most of its roof with many trees completely snapped off down low and debarked. The fifth tornado developed 5 miles southeast of Barnard and became a violent tornado (F4). This tornado caused damage to one farmhouse, several outbuildings, trees, and equipment as it moved northeast and strengthened. The tornado then completely demolished two unoccupied homes, several outbuildings, many trees, along with destroying or damaging some farm equipment before dissipating 7.6 miles northeast of Barnard. Also, a sixth weak satellite tornado (F0) occurred with this violent tornado and caused no damage. This was the first F4 tornado recorded in Brown county and one of few recorded in South Dakota. The total estimated property loss exceeded a million dollars.",,SD,2002-06-23 19:43:00,2002-06-23 19:45:00,True,True
1136737,5303150,Nebraska,181,Webster,GID,2002-05-05 17:10:00,CST,2002-05-05 17:10:00,0,0,0,0,0,0,STORM CHASER,F0,Unknown,0.1,25.0,,,,,40.03333,-98.4,40.03333,-98.4,"Severe thunderstorms were widespread across south-central Nebraska and produced large hail and at least one tornado. Hail up to three inches in diameter was the main culprit causing millions in dollars in damage. The most significant damage stretched from Doniphan to east of Grand Island. Dozens of roofs and windows were heavily damaged just west of Doniphan as the tennis ball size hail lasted 10 minutes. Damage to vehicles along Interstate 80 and into southeast Grand Island was also widespread.To the south, a supercell moved north from Smith County Kansas and spawned a brief tornado 5 miles southwest of Guide Rock. The tornado traveled over open country and no damage was reported.",Brief touchdown of a tornado reported by a storm chaser.,NE,2002-05-05 18:10:00,2002-05-05 18:10:00,True,True
1137162,5300975,Texas,447,Throckmorton,SJT,2002-06-04 20:00:00,CST,2002-06-04 20:01:00,0,0,0,0,,,LAW ENFORCEMENT,F0,Unknown,0.5,50.0,,,,,33.26667,-99.0,33.26667,-99.0,Isolated severe thunderstorms moved across portions of the Big Country producing two known tornadoes. No reports of hail were received.,Law enforcement reported a brief tornado in Elbert. No structures were hit by the tornado.,TX,2002-06-04 21:00:00,2002-06-04 21:01:00,True,True
1138689,5303968,Michigan,99,Macomb,DTX,2002-07-28 13:02:00,EST,2002-07-28 13:05:00,0,0,0,0,,,TRAINED SPOTTER,F0,Unknown,0.1,10.0,,,,,42.73333,-82.91667,42.73333,-82.91667,Scattered thunderstorms occurred very early in the morning on the 28th around Saginaw Bay. These storms laid out an outflow boundary. This boundary focused the development of additional thunderstorms later in the morning. High temperatures and humidity provided enough instability for some of these storms to become severe. The strongest storms developed near the border of Oakland and Lapeer counties. These storms evolved into a supercell as they moved into Macomb county. This supercell caused considerable wind damage and even spawned a short-lived tornado.,Trained spotters reported a brief tornado touchdown 2 miles west of New Haven. A National Weather Service storm survey confirmed tree damage consistent with an F0 tornado.,MI,2002-07-28 14:02:00,2002-07-28 14:05:00,True,True
1137869,5305044,Colorado,39,Elbert,BOU,2002-06-03 13:05:00,MST,2002-06-03 13:05:00,0,0,0,0,0,0,LAW ENFORCEMENT,F0,Unknown,0.1,50.0,,,,,39.35,-103.93333,39.35,-103.93333,,,CO,2002-06-03 14:05:00,2002-06-03 14:05:00,True,True
1137078,5302068,Illinois,137,Morgan,ILX,2002-06-11 14:39:00,CST,2002-06-11 14:40:00,0,0,0,0,0,,LAW ENFORCEMENT,F0,Unknown,0.3,10.0,,,,,39.58333,-90.26667,39.58333,-90.26667,,An Illinois State Trooper saw a tornado briefly touch down in a field west of Murrayville. No injuries or damage were reported.,IL,2002-06-11 15:39:00,2002-06-11 15:40:00,True,True
1138046,5305079,Kansas,193,Thomas,GLD,2002-06-19 17:07:00,MST,2002-06-19 17:20:00,0,0,0,0,2.5K,,AMATEUR RADIO,F1,Unknown,3.0,100.0,,,,,39.51667,-101.2,39.55,-101.2,"A line of scattered thunderstorms developed on a slow-moving surface boundary which stretched from southwest Nebraska through northwest Kansas during the late afternoon and evening hours. Storm movement was generally under 10 mph, and therefore the direction of many resultant wind and tornado events were guided by thunderstorm outflows. Four F-0 tornadoes and three F-1 tornadoes developed during this storm event. Tornadoes generally traveled from the south, southeast or east at speeds of 10 to 15 mph. Most tornadoes occurred over open country with no damage, but several moved near farmsteads and damaged barns and outbuildings, irrigation equipment and power poles.","Weak tornado moved slowly north at approximately 15 mph, traveling mainly across open fields. An irrigation circle was damaged.",KS,2002-06-19 18:07:00,2002-06-19 18:20:00,True,True
1136753,5302867,Illinois,203,Woodford,ILX,2002-05-08 23:32:00,CST,2002-05-08 23:37:00,0,0,0,0,,,NWS STORM SURVEY,F0,Unknown,4.5,50.0,,,,,40.7,-89.06667,40.71667,-88.98333,"A weak tornado touched down in extreme southeastern Woodford County near the intersection of County Road 700N and 2500E. It was on the ground for a mile knocking down some power poles. It then lifted briefly before touching down again 1.8 miles southeast of El Paso. As it travelled to the northeast, it crossed into the extreme northwestern corner of McLean County. At this location, it took the roof off of a barn, damaged two other barn roofs, tipped over a grain auger, as well as, blowing down trees and tree limbs. It hit another farm with only minor tree limb and house guttering damage before lifting and dissipating. No injuries were reported.",,IL,2002-05-09 00:32:00,2002-05-09 00:37:00,True,True
1138731,5304283,North Dakota,101,Ward,BIS,2002-07-09 19:05:00,CST,2002-07-09 19:05:00,0,0,0,0,,,TRAINED SPOTTER,F0,Unknown,0.0,0.0,,,,,48.16667,-101.68333,48.16667,-101.68333,,Tornado briefly touched down then dissipated.,ND,2002-07-09 20:05:00,2002-07-09 20:05:00,True,True
1137515,5301230,Minnesota,57,Hubbard,FGF,2002-06-24 21:22:00,CST,2002-06-24 21:22:00,0,0,0,0,,,GENERAL PUBLIC,F0,Unknown,0.2,25.0,,,,,47.05,-94.68333,47.05,-94.68333,,A brief touchdown blew over several trees.,MN,2002-06-24 22:22:00,2002-06-24 22:22:00,True,True
1137515,5301231,Minnesota,57,Hubbard,FGF,2002-06-24 21:30:00,CST,2002-06-24 21:30:00,1,0,0,0,250K,,GENERAL PUBLIC,F1,Unknown,0.2,35.0,,,,,47.0,-94.61667,47.0,-94.61667,,8 trees were uprooted and 3 recreational vehicles were demolished by falling trees. One man received a bruise on his head.,MN,2002-06-24 22:30:00,2002-06-24 22:30:00,True,True
1137516,5301233,North Dakota,91,Steele,FGF,2002-06-25 12:35:00,CST,2002-06-25 12:35:00,0,0,0,0,,,GENERAL PUBLIC,F0,Unknown,0.2,25.0,,,,,47.31667,-97.83333,47.31667,-97.83333,,A brief tornado touchdown was reported.,ND,2002-06-25 13:35:00,2002-06-25 13:35:00,True,True
1138442,5304638,Florida,103,Pinellas,TBW,2002-07-11 13:30:00,EST,2002-07-11 13:30:00,0,0,0,0,20K,,NEWSPAPER,F0,Unknown,0.5,40.0,,,,,27.76667,-82.76667,27.76667,-82.76667,,Brief tornado caused roof to be blown off of the Florida Room and additional minor roof damage to nearby structures.,FL,2002-07-11 14:30:00,2002-07-11 14:30:00,True,True
1138443,5304639,Florida,103,Pinellas,TBW,2002-07-12 07:30:00,EST,2002-07-12 07:30:00,0,0,0,0,1K,,EMERGENCY MANAGER,F0,50 mph,0.5,40.0,,,,,27.91667,-82.8,27.91667,-82.8,,SKYWARN spotter reported a weak tornado with winds estimated at 50 mph. The tornado blew debris around in parking lot and damaged a skylight at drug store.,FL,2002-07-12 08:30:00,2002-07-12 08:30:00,True,True
1138444,5304640,Florida,15,Charlotte,TBW,2002-07-13 10:30:00,EST,2002-07-13 10:32:00,0,0,0,0,,,BROADCAST MEDIA,F0,Unknown,0.5,40.0,,,,,26.95,-82.06667,26.95,-82.06667,,Tornado began as a waterspout over the Peace River and moved onshore near the Fisherman's Village.,FL,2002-07-13 11:30:00,2002-07-13 11:32:00,True,True
1138445,5304641,Florida,105,Polk,TBW,2002-07-25 16:45:00,EST,2002-07-25 16:45:00,0,0,0,0,20K,,EMERGENCY MANAGER,F0,Unknown,1.0,40.0,,,,,27.96667,-81.88333,27.96667,-81.88333,,Tornado damaged roof of a former fire station and downed or damaged nearby trees.,FL,2002-07-25 17:45:00,2002-07-25 17:45:00,True,True
1138446,5304642,Florida,81,Manatee,TBW,2002-07-29 15:37:00,EST,2002-07-29 15:42:00,0,0,0,0,5K,,FIRE DEPT/RESCUE SQUAD,F0,Unknown,2.0,60.0,,,,,27.4,-82.46667,27.48333,-82.4,,Fire and rescue reported that many trees were down due to the tornado in the Lakewood Ranch and Gray Hawk subdivisions.,FL,2002-07-29 16:37:00,2002-07-29 16:42:00,True,True
1138447,5304643,Florida,71,Lee,TBW,2002-07-29 16:38:00,EST,2002-07-29 16:38:00,0,0,0,0,,,FIRE DEPT/RESCUE SQUAD,F0,Unknown,0.5,40.0,,,,,26.58333,-81.6,26.58333,-81.6,,Fire department reported tornado damage to huge trees and picnic tables in park.,FL,2002-07-29 17:38:00,2002-07-29 17:38:00,True,True
1138013,5306192,South Dakota,89,Mcpherson,ABR,2002-06-23 18:20:00,CST,2002-06-23 18:22:00,0,0,0,0,,,STORM CHASER,F0,Unknown,0.2,50.0,,,,,45.78333,-98.85,45.78333,-98.85,"A powerful supercell thunderstorm produced six tornados from eastern McPherson county and across northern Brown county during the evening hours of June 23rd. The first weak tornado (F0) touched down briefly 6.4 miles northeast of Leola and resulted in no damage. The second tornado (F1) touched down 8.5 miles northeast of Leola and crossed over into Brown county where it dissipated 9 miles northwest of Barnard. This tornado brought down many trees and a barn and caused damage to the siding and the roof of a farmhouse in McPherson county and caused no damage in Brown county. A third weak satellite tornado (F0) occurred following the dissipation of the second tornado and resulted in no damage. A fourth strong tornado (F3) developed 6 miles west of Barnard and moved east and dissipated 3 miles southeast of Barnard. This tornado brought down some high power lines along with a support tower and tossed a pickup truck 100 yards into a group of trees. The pickup truck was totaled. The tornado caused extensive damage to two farmhouses, several farm buildings, and farm equipment. One farmhouse lost its garage and most of its roof with many trees completely snapped off down low and debarked. The fifth tornado developed 5 miles southeast of Barnard and became a violent tornado (F4). This tornado caused damage to one farmhouse, several outbuildings, trees, and equipment as it moved northeast and strengthened. The tornado then completely demolished two unoccupied homes, several outbuildings, many trees, along with destroying or damaging some farm equipment before dissipating 7.6 miles northeast of Barnard. Also, a sixth weak satellite tornado (F0) occurred with this violent tornado and caused no damage. This was the first F4 tornado recorded in Brown county and one of few recorded in South Dakota. The total estimated property loss exceeded a million dollars.",,SD,2002-06-23 18:20:00,2002-06-23 18:22:00,False,False
1138588,5304250,Florida,43,Glades,MFL,2002-07-29 14:35:00,EST,2002-07-29 14:35:00,0,0,0,0,20K,,EMERGENCY MANAGER,F1,Unknown,1.0,20.0,,,,,26.83333,-81.06667,26.83333,-81.08333,,A tornado formed along the southeast shore of Lake Okeechobee and moved west northwest. Sporadic damage along the track consisted of a pool enclosure blown into a canal and the roof of a Catholic Church being partially blown off.,FL,2002-07-29 15:35:00,2002-07-29 15:35:00,True,True
1138233,5304000,Nebraska,183,Wheeler,LBF,2002-07-24 19:05:00,CST,2002-07-24 19:05:00,0,0,0,0,,,GENERAL PUBLIC,F0,Unknown,0.1,5.0,,,,,41.81667,-98.46667,41.81667,-98.46667,,Tornado touched down briefly with no damage.,NE,2002-07-24 20:05:00,2002-07-24 20:05:00,True,True
1138046,5305069,Kansas,39,Decatur,GLD,2002-06-19 16:15:00,MST,2002-06-19 16:25:00,0,0,0,0,7K,,EMERGENCY MANAGER,F1,Unknown,2.0,100.0,,,,,39.81667,-100.61667,39.81667,-100.65,"A line of scattered thunderstorms developed on a slow-moving surface boundary which stretched from southwest Nebraska through northwest Kansas during the late afternoon and evening hours. Storm movement was generally under 10 mph, and therefore the direction of many resultant wind and tornado events were guided by thunderstorm outflows. Four F-0 tornadoes and three F-1 tornadoes developed during this storm event. Tornadoes generally traveled from the south, southeast or east at speeds of 10 to 15 mph. Most tornadoes occurred over open country with no damage, but several moved near farmsteads and damaged barns and outbuildings, irrigation equipment and power poles.","Metal barn partially destroyed by tornado, losing several walls and most of the roof. Nearby house suffered minor roof damage.",KS,2002-06-19 17:15:00,2002-06-19 17:25:00,True,True
1138046,5305070,Kansas,153,Rawlins,GLD,2002-06-19 16:22:00,MST,2002-06-19 16:55:00,0,0,0,0,7.5K,,TRAINED SPOTTER,F0,Unknown,5.0,100.0,,,,,39.83333,-100.78333,39.9,-100.78333,"A line of scattered thunderstorms developed on a slow-moving surface boundary which stretched from southwest Nebraska through northwest Kansas during the late afternoon and evening hours. Storm movement was generally under 10 mph, and therefore the direction of many resultant wind and tornado events were guided by thunderstorm outflows. Four F-0 tornadoes and three F-1 tornadoes developed during this storm event. Tornadoes generally traveled from the south, southeast or east at speeds of 10 to 15 mph. Most tornadoes occurred over open country with no damage, but several moved near farmsteads and damaged barns and outbuildings, irrigation equipment and power poles.","Slow moving, weak tornado produced intermittent damage as it traveled north across mostly open fields before moving near the town of Herndon. Several irrigation circles were damaged and numerous trees were down and stripped of bark.",KS,2002-06-19 17:22:00,2002-06-19 17:55:00,True,True
1136921,5302916,Texas,153,Floyd,LUB,2002-06-04 15:50:00,CST,2002-06-04 15:53:00,0,0,0,0,,,NWS EMPLOYEE(OFF DUTY),F0,Unknown,1.0,40.0,,,,,33.93333,-101.13333,33.93333,-101.11667,,An off-duty NWS meteorologist reported a tornado west of town. The tornado remained over open country.,TX,2002-06-04 16:50:00,2002-06-04 16:53:00,True,True
1138081,5305702,Iowa,37,Chickasaw,ARX,2002-06-21 17:15:00,CST,2002-06-21 17:18:00,0,0,0,0,,,LAW ENFORCEMENT,F0,Unknown,0.5,30.0,,,,,43.05,-92.5,43.05,-92.48333,Law enforcement officials observed a brief tornado touchdown along Highway 18 near Ionia (Chickasaw County). There was no damage reported with the storm. The public also reported hail the size of quarters and golf balls.,,IA,2002-06-21 18:15:00,2002-06-21 18:18:00,True,True
1138230,5303901,Nebraska,17,Brown,LBF,2002-07-02 18:35:00,CST,2002-07-02 18:36:00,0,0,0,0,,,LAW ENFORCEMENT,F0,Unknown,0.1,5.0,,,,,42.55,-99.66667,42.55,-99.66667,,The tornado...originally touching down in Rock County...moved into rural Brown County and lifted quickly causing no damage.,NE,2002-07-02 19:35:00,2002-07-02 19:36:00,True,True
1138230,5303902,Nebraska,149,Rock,LBF,2002-07-02 18:35:00,CST,2002-07-02 18:35:00,0,0,0,0,,,LAW ENFORCEMENT,F0,Unknown,0.1,5.0,,,,,42.58333,-99.7,42.58333,-99.7,,The tornado touched down briefly in a rural area approximately 8 miles west of Bassett in Rock County...near the Rock and Brown County line...and then entered Brown County. There was no damage.,NE,2002-07-02 19:35:00,2002-07-02 19:35:00,True,True
1138230,5303906,Nebraska,17,Brown,LBF,2002-07-02 19:25:00,CST,2002-07-02 19:25:00,0,0,0,0,5K,,GENERAL PUBLIC,F0,Unknown,0.1,10.0,,,,,42.35,-99.85,42.35,-99.85,,Irrigation system was damaged as the tornado made a brief touchdown.,NE,2002-07-02 20:25:00,2002-07-02 20:25:00,True,True
1137162,5300973,Texas,207,Haskell,SJT,2002-06-04 19:07:00,CST,2002-06-04 19:13:00,0,0,0,0,5K,,TRAINED SPOTTER,F0,Unknown,4.0,150.0,,,,,33.0,-99.85,32.96667,-99.78333,Isolated severe thunderstorms moved across portions of the Big Country producing two known tornadoes. No reports of hail were received.,A tornado developed over southern Haskell County just northwest of Stamford. This tornado moved to the southeast towards the town of Stamford. It uprooted trees and many birds were reported killed.,TX,2002-06-04 20:07:00,2002-06-04 20:13:00,True,True
1137162,5300974,Texas,253,Jones,SJT,2002-06-04 19:13:00,CST,2002-06-04 19:15:00,0,0,0,0,,,TRAINED SPOTTER,F0,Unknown,1.0,150.0,,,,,32.96667,-99.78333,32.95,-99.78333,Isolated severe thunderstorms moved across portions of the Big Country producing two known tornadoes. No reports of hail were received.,Storm Spotters continued to track the tornado from Haskell County into northern Jones County.,TX,2002-06-04 20:13:00,2002-06-04 20:15:00,True,True
1136738,5301805,Kansas,183,Smith,GID,2002-05-05 16:10:00,CST,2002-05-05 16:13:00,0,0,0,0,0,0,LAW ENFORCEMENT,F0,Unknown,1.5,25.0,,,,,39.93333,-98.9,39.95,-98.9,"Severe thunderstorms brought hail and tornadoes to north-central Kansas during the late afternoon and evening hours. The first tornado occurred in extreme southern Rooks county just north of the Ellis county line. Storm spotters around Plainville watched this weak tornado as it moved to the east. No damage occurred. A second thunderstorm produced two tornadoes just a few minutes later in northern Smith county. This supercell was responsible for one tornado just west of Reamsville, and another tornado near Thornburg. The Thornburg tornado was on the ground for about five minutes yet passed over open county. It was reported to have moved between the Thornburg Church and the nearby rural water tower. Several storm chasers also caught a good look at this tornado. No damage was reported.",A short lived tornado occurred in northern Smith county.,KS,2002-05-05 17:10:00,2002-05-05 17:13:00,True,True
1137789,5305748,Pennsylvania,39,Crawford,CLE,2002-06-05 15:30:00,EST,2002-06-05 15:30:00,0,0,0,0,50K,,EMERGENCY MANAGER,F1,Unknown,0.2,200.0,,,,,41.66667,-80.43333,41.66667,-80.43333,,"A F1 tornado briefly touched down two miles northeast of Linesville. The tornado had a damage path nearly a quarter mile in length and 200 yards in width. No structural damage occurred, but dozens of trees were toppled.",PA,2002-06-05 16:30:00,2002-06-05 16:30:00,True,True
1136008,5299819,Texas,215,Hidalgo,BRO,2002-05-29 18:56:00,CST,2002-05-29 18:56:00,0,0,0,0,,,LAW ENFORCEMENT,F0,Unknown,2.5,25.0,,,,,26.16667,-97.98333,26.16667,-97.98333,,National Weather Service storm survey indicated a minimal tornado with numerous large trees downed. There was also evidence of large hail with many windows broken on houses in the Tierra Santa area. One resident reported coming home to find her apartment dark with windows and blinds broken. Many vehicles were also damaged with large hail.,TX,2002-05-29 19:56:00,2002-05-29 19:56:00,True,True
1137568,5300620,New York,17,Chenango,BGM,2002-06-05 18:55:00,EST,2002-06-05 19:10:00,0,0,0,0,50K,,NWS STORM SURVEY,F0,Unknown,1.1,300.0,,,,,42.26667,-75.48333,42.26667,-75.5,,"The tornado initially touched down at the electric generating substation south of the village, on state route 7. Numerous large trees and power lines were downed. The tornado continued in a northeast direction across the Susquehanna River, to county road 39. Here a small barn was flattened and numerous large hardwood trees were sheared off or had limb broken. A tree fell across two cars. One very large, healthy limb fell across the roof of a house causing significant damage. Many smaller buildings were destroyed. The tornado then continued northeast, shearing off more tree limbs, before reaching interstate 88. An eyewitness there backed up his pickup to get out of the way of the tornado. After crossing I-88, more tree damage was evident for about 200 yards. The damage path became more diffuse before it crossed state route 206, where it quickly dissipated. Many trees and wires were downed along the entire route. The total path length was about 1.1 miles. The most intense damage was within the first 0.7 miles. The maximum width of the damage was about 300 yards, with the core damage from the tornado around 75 yards.",NY,2002-06-05 19:55:00,2002-06-05 20:10:00,True,True
1135940,5299041,New York,27,Dutchess,ALY,2002-05-31 18:03:00,EST,2002-05-31 18:03:00,0,0,0,0,35K,,TRAINED SPOTTER,F1,Unknown,0.5,100.0,,,,,41.55,-73.66667,41.55,-73.66667,"During Friday afternoon and early evening of May 31, a strong cold front clashed with a very unstable air mass across eastern New York State. In addition, there were strong and divergent winds aloft. All of these parameters set the stage for the largest widespread severe event in eastern New York State in exactly four years. Including adjacent New England, 42 warnings were issued from the Albany office, and nearly as many severe events took place. While most of the events were strong winds associated with the thunderstorms, large hail was reported and two tornados confirmed by a National Weather Service Team. A line of thunderstorms first entered Herkimer County, where numerous trees fell in the town of Ilion. Then, the first of two seperate tornados briefly touched down in Johnstown, Fulton County. That tornado was ranked as a F1 on the Fujita scale with top winds estimated around 100 mph, a width of 25 yards and a path length of about a tenth of a mile. The tornado damaged an old movie theater in that town by tearing the roof off and blowing out the supporting back brick wall. The debris was thrown up to a third of a mile away. Thunderstorm downburst winds also toppled 2/3 of WENT radio's tower and destroyed a wide swath of trees, 8-18 inches in diameter, from about a 1/2 mile southeast of Johnstown to about 1/2 of a mile across Route 30A. Many roads were temporarily closed in and around Johnstown as the result of downed and uprooted trees and large limbs. As the line of storms progressed to the east, minor to moderate wind damage, mainly downed trees and power lines, were noted at various places in Albany, Washington,Warren, Saratoga Schenectady, Schoharie, Columbia, Montgomery, and Rensselaer, Counties. In Dutchess County, in addition to scattered downed trees and wires countywide, a car was crushed by a tree near Poughkeepsie. Ulster County was especially hard hit, with trees and power lines reported down countywide. The second confirmed tornado touched down at Whaley Lake in southeast Dutchess County. This tornado was also ranked between an F0/F1 on the Fujita scale with winds estimated around 75 mph and witnessed by a skywarn spotter. This tornado was about 100 yards wide and had a length of approximately half a mile. Damage was mainly confined to many downed and twisted trees, but one large tree did fall on a small house near the lake and damaged the roof. The tree size ranged between 8 and 24 inches in diameter. Dime-size hail was first reported in Johnstown, Fulton County from a second distinct thunderstorm cell. Hail, as large as 1.75 inches fell in New Paltz, Ulster County . In Dutchess County, dime-size hail fell at Salt Point, while one inch hail was reported at Wingdale (very close to the tornado touchdown) and 1.25 inch hail was noted in Poughkeepsie. One and three quarter inch size hail was reported. The thunderstorms knocked out power to about 9,000 customers in eastern New York, with nearly a third of these in the Mohawk Valley. Despite all the severe weather, no weather-related casualities were reported to the National Weather Service.",,NY,2002-05-31 19:03:00,2002-05-31 19:03:00,True,True
1137080,5301340,Illinois,57,Fulton,ILX,2002-06-12 23:20:00,CST,2002-06-12 23:22:00,0,0,0,0,,,NWS STORM SURVEY,F0,Unknown,1.8,12.0,,,,,40.48333,-90.3,40.48333,-90.26667,,A tornado touched down 1.2 miles northwest of Smithfield at the west end of Stevens Road in a field. The tornado then briefly lifted before touching down once again in a field near Old Miller Lane. An unoccupied 15 foot travel trailer was picked up and destroyed. The tornado then lifted and dissipated. No injuries were reported.,IL,2002-06-13 00:20:00,2002-06-13 00:22:00,True,True
1136774,5302285,Minnesota,171,Wright,MPX,2002-06-24 22:15:00,CST,2002-06-24 22:18:00,0,0,0,0,50K,,NWS STORM SURVEY,F1,Unknown,0.3,50.0,,,,,45.0,-93.86667,45.0,-93.86667,,"Tornado touched down briefly, knocking down trees and damaging two houses. One house had a roof blown off while the other had damage to siding and shingles.",MN,2002-06-24 23:15:00,2002-06-24 23:18:00,True,True
1137276,5301101,Colorado,99,Prowers,PUB,2002-06-19 14:30:00,MST,2002-06-19 14:30:00,0,0,0,0,,,TRAINED SPOTTER,F0,Unknown,0.1,20.0,,,,,38.11667,-102.21667,38.11667,-102.21667,,A brief landspout tornado caused no known damage.,CO,2002-06-19 15:30:00,2002-06-19 15:30:00,True,True
1137276,5301102,Colorado,99,Prowers,PUB,2002-06-19 14:45:00,MST,2002-06-19 14:45:00,0,0,0,0,,,TRAINED SPOTTER,F0,Unknown,0.1,20.0,,,,,38.11667,-102.18333,38.11667,-102.18333,,A brief landspout tornado caused no know damage.,CO,2002-06-19 15:45:00,2002-06-19 15:45:00,True,True
1136710,5302090,Kentucky,157,Marshall,PAH,2002-07-10 11:50:00,CST,2002-07-10 11:51:00,0,0,0,0,25K,,NWS STORM SURVEY,F0,Unknown,0.5,10.0,,,,,36.95,-88.2,36.95,-88.2,"The Cambridge Shores community, located on the shore of Kentucky Lake about 7 miles southeast of Gilbertsville, received severe damage from a downburst with estimated winds to 100 mph. The core of the damage path was about 1.5 miles long and 1/4 mile wide. Numerous witnesses reported seeing a weak tornado embedded in the downburst. Estimated peak winds in this small tornado were 70 mph. The bulk of the damage and both injuries were incurred by the downburst. At least a dozen boat docks were destroyed, and six boats were destroyed or capsized, including a houseboat. At least a dozen homes received significant damage, such as roofs blown off and trees landing on houses. Numerous trees were blown down. Two persons received minor injuries when their 48-foot houseboat capsized.",,KY,2002-07-10 12:50:00,2002-07-10 12:51:00,True,True
1136775,5302300,Minnesota,73,Lac Qui Parle,MPX,2002-06-25 19:10:00,CST,2002-06-25 19:14:00,0,0,0,0,10K,,STORM CHASER,F1,Unknown,1.5,100.0,,,,,44.81667,-95.9,44.8,-95.86667,,Tornado embedded within a rain-wrapped storm was videotaped as it crossed open country. The tornado continued into Yellow Medicine County.,MN,2002-06-25 19:10:00,2002-06-25 19:14:00,False,False
1136775,5302301,Minnesota,173,Yellow Medicine,MPX,2002-06-25 19:14:00,CST,2002-06-25 19:20:00,0,0,0,0,50K,,STORM CHASER,F1,Unknown,4.0,100.0,,,,,44.8,-95.85,44.75,-95.8,,Tornado started in Lac Qui Parle County and ended in Yellow Medicine County. It destroyed one third of a turkey barn south of Clarkfield.,MN,2002-06-25 20:14:00,2002-06-25 20:20:00,True,True
1135972,5299427,New York,107,Tioga,BGM,2002-05-31 14:45:00,EST,2002-05-31 14:45:00,7,0,0,0,600K,,NWS STORM SURVEY,F1,Unknown,6.0,1000.0,,,,,42.13333,-76.26667,42.13333,-76.15,,"The tornado first touched down about a mile and a half northeast of the village of Owego, along Carmichael Road. As the tornado passed over a ridge toward Beecher Hill Road, the most extensive damage occurred. Along with major tree damage, two mobile homes were completely destroyed and a house suffered significant damage. Five people were injured in one of the mobile homes, suffering many cuts and bruises. Two elderly occupants of the other home also suffered minor injuries. A piece of lumber went through the side of a home across the street. The damage at this location was consistent with high end F1 tornado, with wind speeds estimated close to 110 mph. The tornado continued east and crossed Lisle Road. As the tornado came over another ridge toward Lisle Road, a gentleman in his barn witnessed the tornado with swirling debris coming over the ridge. He was able to take shelter before many of the windows were blown out of his barn. Significant tree damage could be seen, especially at the top of the ridge. The tornado continued east, crossing Gaskill Road. One property saw significant damage, with one barn destroyed and a shed from the property was torn apart. Debris was blown as far as a quarter mile away. Many large trees were uprooted with others twisted and broken off. Significant tree damage was also seen at the top of the ridge west of the property with many trees broken or twisted off at mid-trunk. Pieces of siding from a home were also found in this area. At this point, it appears the tornado lifted briefly before touching down for the final time in the area where Ford Road, Foster Road, and Whittemore Hill Road meet. The damage here consisted of another mobile home that was completely destroyed and significant tree damage. There was also a significant amount of tree damage along the entire path of the tornado, with many trees uprooted and twisted off in different directions. 30 to 50 homes suffered minor damage in addition to 2 homes that saw more significant damage and the 3 mobile homes that were destroyed. Many barns were also damaged and numerous sheds were destroyed.",NY,2002-05-31 15:45:00,2002-05-31 15:45:00,True,True
1136011,5299953,Kansas,195,Trego,DDC,2002-05-05 15:32:00,CST,2002-05-05 15:40:00,0,0,0,0,,,NWS EMPLOYEE(OFF DUTY),F2,Unknown,2.2,350.0,,,,,39.05,-99.63333,39.05,-99.58333,,"The tornado that developed 3.5 miles north and 5.5 miles east of Ogallah (north of Riga) moved slowly northeast reaching a width of 350 yards before crossing into Ellis county at 440 PM. A shed was destroyed near the starting point of the tornado. Along it's path, 1200 pound bales of hay were pushed into a group of trees with a few of the bales stripped to the core. Power poles were downed, tin sheets were wrapped around trees and a stick was impaled into a post.",KS,2002-05-05 16:32:00,2002-05-05 16:40:00,True,True
1136011,5299954,Kansas,51,Ellis,DDC,2002-05-05 15:40:00,CST,2002-05-05 16:01:00,0,0,0,0,,,NWS EMPLOYEE(OFF DUTY),F3,Unknown,12.8,880.0,,,,,39.05,-99.61667,39.11667,-99.41667,,"This tornado entered Ellis county from Trego county at 440 PM and continued a a northeast and easterly track. It did speed up at the end of it's life and as is typical, decreased in size. Another tornado was video taped just north and west of this tornado (during the same time), but was just across the county line. A brick building (that was very sturdy) was destroyed and strewn for hundreds of yards into a field. ""Huge"" cottonwood trees were either uprooted or snapped off at about five feet. A 250 gallon oil tank was moved 1.5 miles and was found lodged into a grove of trees.",KS,2002-05-05 16:40:00,2002-05-05 17:01:00,True,True
1135985,5299605,New York,25,Delaware,BGM,2002-05-31 16:00:00,EST,2002-05-31 16:05:00,1,0,0,0,10K,,NWS STORM SURVEY,F1,Unknown,1.0,300.0,,,,,41.86667,-75.2,41.86667,-75.18333,,"The tornado initially touched down across the Delaware River from Lordville, traveled east, and lifted out of the river valley approximately a mile and a half downstream or east of Lordville at Bouchoux Brook. The damage path was approximately a quarter mile wide. Tornado damage was evident on both sides of the river. In the vicinity of the touchdown, there was also considerable straight line wind damage, especially on the Pennsylvania side of the river east of Equinunk. In total, hundreds of trees were blown down in the area of the touchdown and straight line winds. One person in Lordville received minor injuries when his mobile home overturned. Most other structural damage was a result of trees falling on houses, which occurred mainly in New York. The damage was consistent with a strong F0 or a weak F1 tornado.",NY,2002-05-31 17:00:00,2002-05-31 17:05:00,True,True
1136533,5297930,Kansas,191,Sumner,ICT,2002-06-12 17:36:00,CST,2002-06-12 17:38:00,0,0,0,0,,,GENERAL PUBLIC,F0,Unknown,2.0,110.0,,,,,37.2,-97.75,37.21667,-97.71667,,"The same tornado that began 2 miles southeast of Freeport, this tornado crossed the Harper/Sumner county line at 1736, lifting 3 miles southwest of Milan.",KS,2002-06-12 18:36:00,2002-06-12 18:38:00,True,True
1136297,5297708,Maryland,39,Somerset,AKQ,2002-05-13 19:50:00,EST,2002-05-13 19:50:00,0,0,0,0,20K,,NWS STORM SURVEY,F1,Unknown,1.0,100.0,,,,,37.98333,-75.65,38.0,-75.63333,,Numerous trees down. Mobile home destroyed.,MD,2002-05-13 20:50:00,2002-05-13 20:50:00,True,True
1136533,5297935,Kansas,15,Butler,ICT,2002-06-12 18:00:00,CST,2002-06-12 18:10:00,0,0,0,0,,,LAW ENFORCEMENT,F0,Unknown,4.0,110.0,,,,,37.56667,-97.13333,37.55,-97.06667,,"Although the tornado remained in open country, it traveled perilously close to the Burlington Northern Santa Fe railroad tracks.",KS,2002-06-12 19:00:00,2002-06-12 19:10:00,True,True
1136533,5297940,Kansas,191,Sumner,ICT,2002-06-12 18:07:00,CST,2002-06-12 18:07:00,0,0,0,0,,,STORM CHASER,F0,Unknown,0.5,55.0,,,,,37.1,-97.68333,37.1,-97.68333,,Brief touchdown in open country.,KS,2002-06-12 19:07:00,2002-06-12 19:07:00,True,True
1137556,5300907,Iowa,107,Keokuk,DVN,2002-06-12 17:25:00,CST,2002-06-12 17:25:00,0,0,0,0,,,LAW ENFORCEMENT,F0,Unknown,0.1,10.0,,,,,41.4,-92.0,41.4,-92.0,"A nearly stationary front, combined with abundant moisture and a strong upper level storm system to produce scattered strong to severe thunderstorms Wednesday evening. A few reports of hail to near quarter size and wind gusts of around 60 mph were received. Damage was confined mainly to trees and power lines. The thunderstorms also spawned two F0 tornadoes, one east of Washington and the other near Keota. The tornadoes were short lived and produced no damage or injuries. The thunderstorms continued through the late evening and into Thursday morning. During this time the threat shifted from hail, high wind and isolated tornadoes to very heavy rain and flash flooding, as the thunderstorms continuously developed over some of the same areas. Rainfall amounts of up to 3 to 4 inches were reported in portions of Southeast Iowa, an area which just 48 hours earlier received anywhere from 2 to 5 inches of rain. As a result, much of the heavy rain went into runoff resulting in fairly widespread flash flooding.",A brief tornado touched down northwest of Keota. The tornado dissipated at 190th Street and County Road G32. No reports of damage or injuries were received.,IA,2002-06-12 18:25:00,2002-06-12 18:25:00,True,True
1136902,5302326,Maryland,21,Frederick,LWX,2002-06-06 16:05:00,EST,2002-06-06 16:13:00,0,0,0,0,15K,,NWS STORM SURVEY,F0,Unknown,2.0,50.0,,,,,39.43333,-77.4,39.45,-77.38333,"Scattered thunderstorms moved through North Central and Southern Maryland in addition to the Washington D.C. and Baltimore metropolitan areas during the afternoon of the 6th. In Frederick County, an F0 tornado touched down at 5:05 PM EDT just north of Hayward Road near Frederick (1/4 mile west of Route 15). The tornado caused intermittent minor damage to structures and downed several trees as it pushed east before lifting near the Monocacy River. It had a path length of 2 miles and a width of 50 yards. The twister toppled an unanchored construction trailer in Governors Choice Industrial Park. A home in the Dearbought Park subdivision lost a chimney. At least 20 trees were downed in the Broadview Acres area, including one which landed on a car. In Montgomery County, a funnel cloud was spotted near the intersection of Shady Grove Road and Mill Run Drive. Minor tree damage was reported in the vicinity. Pea to marble sized hail was reported in Burtonsville, Glenmont, Silver Spring, and Forest Glen. A wind gust of 51 mph was recorded in Shady Grove and a gust of 54 mph was recorded in Gaithersburg. In Carroll County, a wind gust of 46 mph was measured in Millers. A gust of 50 mph was estimated in Westminster. In Baltimore County, 2.15 inches of rain fell at Cylburn Arboretum in Baltimore. A wind gust of 56 mph was recorded around 1 PM in Parkton. In Anne Arundel County, the strongest part of the thunderstorm tracked between Fort Meade and Riviera Beach. Dime sized hail fell at BWI Airport. Quarter sized hail was reported in Chesterfield. Pea to golfball sized hail was reported in Pasadena where a total of 2.56 inches of rain fell. Trees and power lines were downed in Pasadena, Glen Burnie, and Arnold. Four homes were damaged by downed trees and nine homes were struck by lightning across the northern portion of the county. A 330-year-old tree in Lothian was also heavily damaged. At the height of the storm, 13,200 customers were without power. In Howard County, dime to quarter sized hail was reported in the Laurel and Savage areas. A few trees were also downed countywide. In Prince Georges County, golf ball sized hail fell in Brandywine. Quarter sized hail was reported in Laurel and pea sized hail fell in Accokeek. For a second straight day, trees fell onto homes in the county. About a dozen families in Cottage City were displaced after 11 homes were condemned due to structure damage. A home in Clinton burned to the ground after a fallen tree started the house on fire. Minor damage was also reported in Bladensburg. Heavy rains caused ponding of water on roads in the southern portion of the county. In Charles County, marble sized hail fell in Bryans Road. Trees and power lines were downed countywide. Several homes were also struck by lightning. In Calvert County, wind damage was reported from fallen trees. A large branch was downed in Derwood. Pea sized hail fell in Dunkirk and hail of unknown size fell at Solomon's Island. In St. Mary's County, trees were downed and a fence was ripped from the ground in the Indian River Estates neighborhood of Mechanicsville.","A weak tornado toppled a trailer, downed trees, and caused minor roof damage.",MD,2002-06-06 17:05:00,2002-06-06 17:13:00,True,True
1136772,5301960,Minnesota,145,Stearns,MPX,2002-06-19 18:58:00,CST,2002-06-19 19:00:00,0,0,0,0,,,METEOROLOGIST(NON NWS),F0,Unknown,0.3,25.0,,,,,45.73333,-95.05,45.73333,-95.05,,Brief touchdown in open field witnessed by broadcast meteorologist.,MN,2002-06-19 19:58:00,2002-06-19 20:00:00,True,True
1136772,5301963,Minnesota,145,Stearns,MPX,2002-06-19 20:18:00,CST,2002-06-19 20:18:00,0,0,0,0,,,EMERGENCY MANAGER,F0,Unknown,0.1,25.0,,,,,45.56667,-94.16667,45.56667,-94.16667,,Brief touchdown in Hester Park along the Mississippi River. Few trees down.,MN,2002-06-19 21:18:00,2002-06-19 21:18:00,True,True
1137553,5300901,Iowa,11,Benton,DVN,2002-06-12 11:16:00,CST,2002-06-12 11:16:00,0,0,0,0,,,TRAINED SPOTTER,F0,Unknown,0.1,10.0,,,,,41.98333,-91.85,41.98333,-91.85,,A brief tornado touched down just east of Atkins. No damage or injuries were reported.,IA,2002-06-12 12:16:00,2002-06-12 12:16:00,True,True
1136735,5302255,Nebraska,61,Franklin,GID,2002-05-26 18:15:00,CST,2002-05-26 18:20:00,0,0,0,0,0,0,LAW ENFORCEMENT,F0,Unknown,1.0,50.0,,,,,40.08333,-99.1,40.08333,-99.06667,"Scattered thunderstorms erupted across south-central Nebraska. The thunderstorms started out north of Grand Island and spread south to the Nebraska/Kansas border. Brief tornados occurred west of Saint Paul, east of Naponee and west of Wilsonville. These were very short lived and caused no damage. The tornado near Wilsonville was reported by a university chase team. Very strong winds developed northwest of Grand Island and roared at nearly 80 mph through the village of Cairo. Windows were blown out of several cars and roofs were blown off a couple of businesses. Hail up to 4 inches in diameter smashed through Franklin and caused extensive roof and siding damage.",A small tornado briefly touched down east of Naponee,NE,2002-05-26 19:15:00,2002-05-26 19:20:00,True,True
1136006,5299724,Texas,505,Zapata,BRO,2002-05-17 19:09:00,CST,2002-05-17 19:20:00,0,0,0,0,25K,,LAW ENFORCEMENT,F0,Unknown,2.0,25.0,,,,,26.9,-99.23333,26.9,-99.23333,,A brief tornado was reported by law enforcement officials in the city of Zapata. Several roofs were damaged with numerous reports of power outages.,TX,2002-05-17 20:09:00,2002-05-17 20:20:00,True,True
1136735,5302253,Nebraska,93,Howard,GID,2002-05-26 17:58:00,CST,2002-05-26 18:00:00,0,0,0,0,0,0,NEWSPAPER,F0,Unknown,0.5,25.0,,,,,41.21667,-98.55,41.21667,-98.53333,"Scattered thunderstorms erupted across south-central Nebraska. The thunderstorms started out north of Grand Island and spread south to the Nebraska/Kansas border. Brief tornados occurred west of Saint Paul, east of Naponee and west of Wilsonville. These were very short lived and caused no damage. The tornado near Wilsonville was reported by a university chase team. Very strong winds developed northwest of Grand Island and roared at nearly 80 mph through the village of Cairo. Windows were blown out of several cars and roofs were blown off a couple of businesses. Hail up to 4 inches in diameter smashed through Franklin and caused extensive roof and siding damage.",Brief tornado in open field,NE,2002-05-26 18:58:00,2002-05-26 19:00:00,True,True
1135974,5299512,New York,7,Broome,BGM,2002-05-31 15:10:00,EST,2002-05-31 15:10:00,0,0,0,0,10K,,NWS STORM SURVEY,F0,Unknown,0.7,100.0,,,,,41.98,-75.5,42.0,-75.48333,,The tornado initially touched down close to a campground off of H. Decker Road. The tornado then traveled northeast across a small lake. Minor tree damage was observed. An eyewitness reported seeing a swirling mass of debris which was mainly composed of leaves. He also saw a picnic table get lifted up and thrown about 50 yards into the lake. The tornado tracked to the northeast and lifted close to Blueberry Lake in Sanford township. There was no significant damage reported to structures from this tornado. Most of the damage from this tornado was to trees.,NY,2002-05-31 16:10:00,2002-05-31 16:10:00,True,True
1136163,5297754,Kentucky,125,Laurel,JKL,2002-05-17 16:49:00,EST,2002-05-17 16:50:00,0,0,0,0,55K,0,LAW ENFORCEMENT,F0,Unknown,0.6,50.0,,,,,36.98333,-84.11667,36.98333,-84.11667,,"A brief tornado touched down just northeast of the highway 25 and 25E interchange near Corbin and concluded to the northeast of Campground Road. Eleven home received minor damage, as well as two barns and one out building. A cluster of trees were also blown down.",KY,2002-05-17 17:49:00,2002-05-17 17:50:00,True,True
1136425,5298319,Florida,15,Charlotte,TBW,2002-06-11 17:00:00,EST,2002-06-11 17:05:00,0,0,0,0,,,EMERGENCY MANAGER,F0,Unknown,1.0,40.0,,,,,26.91667,-82.15,26.93333,-82.15,,"The tornado started out as a waterspout over Charlotte Bay and moved onshore. Damage survey showed tornado was in an area of mostly vacant lots with numerous dead pine trees killed by previous wild fire. Numerous trees were down and a number of nearby power lines were broken or shorted out by airborne debris, but the closest home was outside the area of tornadic wind and no structure damage was reported.",FL,2002-06-11 18:00:00,2002-06-11 18:05:00,True,True
1136297,5297709,Maryland,47,Worcester,AKQ,2002-05-13 20:10:00,EST,2002-05-13 20:22:00,0,0,0,0,75K,,NWS STORM SURVEY,F1,Unknown,7.0,100.0,,,,,38.1,-75.4,38.16667,-75.28333,,Numerous trees down. Chicken house destroyed.,MD,2002-05-13 21:10:00,2002-05-13 21:22:00,True,True
1136297,5297710,Maryland,47,Worcester,AKQ,2002-05-13 20:25:00,EST,2002-05-13 20:25:00,0,0,0,0,5K,,NWS STORM SURVEY,F0,Unknown,6.0,100.0,,,,,38.37,-75.25,38.4,-75.16667,,Numerous trees down or sheared off.,MD,2002-05-13 21:25:00,2002-05-13 21:25:00,True,True
1137357,5300714,Pennsylvania,11,Berks,PHI,2002-06-27 17:05:00,EST,2002-06-27 17:05:00,0,0,0,0,0,,NWS STORM SURVEY,F0,Unknown,0.3,30.0,,,,,40.38333,-76.23333,40.38333,-76.23333,"An F0 (on the Fujita Scale) tornado touched down in a corn field in Stouchsburg in Marion Township. The tornado appeared embedded within a broader area of straight-line wind damage which affected the township and Berks County. The path length was about one-quarter of a mile and the path width was about 30 yards. Other than the corn, no other damage or injuries was reported.",,PA,2002-06-27 18:05:00,2002-06-27 18:05:00,True,True
1136538,5298543,Kansas,95,Kingman,ICT,2002-05-07 22:55:00,CST,2002-05-07 22:56:00,0,0,0,0,,,TRAINED SPOTTER,F0,Unknown,0.3,110.0,,,,,37.48333,-98.31667,37.48333,-98.31667,,Occurred in the country,KS,2002-05-07 23:55:00,2002-05-07 23:56:00,True,True
1136538,5298550,Kansas,95,Kingman,ICT,2002-05-07 23:11:00,CST,2002-05-07 23:12:00,0,0,0,0,,,BROADCAST MEDIA,F0,Unknown,0.3,110.0,,,,,37.65,-98.18333,37.65,-98.18333,,Occurred in the country.,KS,2002-05-08 00:11:00,2002-05-08 00:12:00,True,True
1135559,5299851,Maryland,15,Cecil,PHI,2002-05-02 16:38:00,EST,2002-05-02 16:45:00,0,0,0,0,330K,,NWS STORM SURVEY,F2,Unknown,4.5,160.0,,,,,39.65,-76.0,39.7,-75.95,"The first F2 (on the Fujita Scale) tornado in 21 years struck Cecil County during the late afternoon of the 2nd. About 21 homes, silos, sheds and barns sustained moderate to extensive damage. One family was displaced as their house was condemned because of the wind damage. Many large trees and utility poles were splintered, uprooted or snapped. Marble size hail was also reported. No serious injuries were reported. Damage was estimated at $330,000. The path length was 4.5 miles. The maximum path width was 160 yards. The tornado initially touched down just to the west of England Creamery Road about 5 miles southeast of Rising Sun at 538 p.m. EDT. The tornado's intensity was F0 to F1 as it moved across England Creamery and Trinity Church Roads. One house on Trinity Church Road had its windows broken, its porch splintered and its roof damaged. A second house on the road had its porch torn away and shingles ripped from the roof. The homeowner's barn and its content was destroyed. Their lawn chairs and hedge trimmers were found half a mile away. One of the two points that the tornado reached its maximum intensity of F2 occurred when it moved through the Tailwind Estates on Steeplechase Lane. Three homes were heavily damaged. One house (the condemned one) had half its roof torn away and its chimney crash through its deck. The homeowner's SUV vehicle was displaced 25 feet and a shed on the block was tossed over 100 yards. The tornado's intensity again peaked at F2 as it moved through a wooded area north of Old Elm Road and west of Blue Ball Road. Extensive tree damage occurred. The second floor of a new home under construction in the area also collapsed. During the last half mile of its existence, the tornado weakened and did not remain on the ground the entire time. It dissipated around the intersection of Fairview Road and Maryland State Route 273 at 545 p.m. EDT.",,MD,2002-05-02 17:38:00,2002-05-02 17:45:00,True,True
1136009,5299825,Texas,489,Willacy,BRO,2002-05-29 18:10:00,CST,2002-05-29 18:20:00,0,0,0,0,,,LAW ENFORCEMENT,F0,Unknown,2.0,25.0,,,,,26.5,-97.91667,26.5,-97.91667,,A weak tornado was reported by Law Enforcement Officials near La Sara. This tornado occurred over rural areas with no damage reported,TX,2002-05-29 19:10:00,2002-05-29 19:20:00,True,True
1136009,5299828,Texas,61,Cameron,BRO,2002-05-29 19:17:00,CST,2002-05-29 19:25:00,0,0,0,0,10K,,FIRE DEPT/RESCUE SQUAD,F0,Unknown,1.0,15.0,,,,,26.23333,-97.51667,26.23333,-97.51667,,Fire and Rescue reported a brief tornado with roof damage east of Rio Hondo,TX,2002-05-29 20:17:00,2002-05-29 20:25:00,True,True
1137136,5300623,Montana,27,Fergus,TFX,2002-06-28 20:00:00,MST,2002-06-28 20:30:00,0,0,0,0,,,TRAINED SPOTTER,F0,Unknown,10.0,50.0,,,,,46.98333,-109.68333,46.98333,-109.68333,,"A severe thunderstorm moved across the far eastern portions of Judith Basin County and into the far western sections of Fergus county around 2000 MST. Wind gusts to near 70 mph were reported from Hobson to Hilger, with 60 mph winds recorded in Lewistown A tornado did touch down just west of Buffalo at approximately 2000 MST, and then moved northeast into central Fergus county. The tornado finally dissipated about 10 miles southeast of Moore. This tornado made several brief touchdowns, and was an F0. The longest tornado path on the ground was less than one half mile. Wind gusts between 60 and 70 mph were reported along the entire path. One shed was destroyed, and the remainder of the damage was limited to objects not secured down. Near 1930 MST, a small ultra-light plane was damaged while trying to land south of Lewistown. Wind gusts were estimated near 60 mph.",MT,2002-06-28 21:00:00,2002-06-28 21:30:00,True,True
1135984,5299522,Pennsylvania,127,Wayne,BGM,2002-05-31 15:55:00,EST,2002-05-31 16:00:00,0,0,0,0,10K,,NWS STORM SURVEY,F1,Unknown,0.5,300.0,,,,,41.86667,-75.2,41.86667,-75.18333,,"The tornado initially touched down across the Delaware River from Lordville, New York which is 1 mile northeast of Equinunk, Pennsylvania. The tornado then traveled east until it lifted out of the river valley approximately a mile and a half downstream or east of Lordville at Bouchoux Brook. The damage path was approximately a quarter mile wide. Tornado damage was evident on both sides of the river. In the vicinity of the touchdown, there was also considerable straight line wind damage. Hundreds of trees were blown down in Pennsylvania in the area of the tornado touchdown. This seemed to be from both the tornado and straight line winds. One person in Lordville received minor injuries when his mobile home overturned. Most other structural damage was a result of trees falling on homes, most of which occurred in New York. The damage is consistent with a strong F0 or weak F1 tornado.",PA,2002-05-31 16:55:00,2002-05-31 17:00:00,True,True
1137136,5300624,Montana,45,Judith Basin,TFX,2002-06-28 19:45:00,MST,2002-06-28 20:00:00,0,0,0,0,,,TRAINED SPOTTER,F0,Unknown,1.0,50.0,,,,,47.0,-109.86667,47.0,-109.86667,,"A severe thunderstorm moved across the far eastern portions of Judith Basin County and into the far western sections of Fergus county around 2000 MST. Wind gusts to near 70 mph were reported from Hobson to Hilger, with 60 mph winds recorded in Lewistown A tornado did touch down just west of Buffalo at approximately 2000 MST, and then moved northeast into central Fergus county. The tornado finally dissipated about 10 miles southeast of Moore. This tornado made several brief touchdowns, and was an F0. The longest tornado path on the ground was less than one half mile. Wind gusts between 60 and 70 mph were reported along the entire path. One shed was destroyed, and the remainder of the damage was limited to objects not secured down. Near 1930 MST, a small ultra-light plane was damaged while trying to land south of Lewistown. Wind gusts were estimated near 60 mph.",MT,2002-06-28 20:45:00,2002-06-28 21:00:00,True,True
1137449,5300418,New Mexico,9,Curry,ABQ,2002-06-16 20:00:00,MST,2002-06-16 20:00:00,0,0,0,0,,,LAW ENFORCEMENT,F0,Unknown,0.1,50.0,,,,,34.43333,-103.53333,34.43333,-103.53333,Several strong thunderstorms combined over northwest Curry County and swept southward over western sections of the county with strong winds and at least one small tornado. About 70 power and utility poles were blown over east of Melrose.,,NM,2002-06-16 21:00:00,2002-06-16 21:00:00,True,True
1135940,5298940,New York,35,Fulton,ALY,2002-05-31 12:55:00,EST,2002-05-31 12:55:00,0,0,0,0,200K,,NWS STORM SURVEY,F1,Unknown,0.1,25.0,,,,,43.01667,-74.38333,43.01667,-74.38333,"During Friday afternoon and early evening of May 31, a strong cold front clashed with a very unstable air mass across eastern New York State. In addition, there were strong and divergent winds aloft. All of these parameters set the stage for the largest widespread severe event in eastern New York State in exactly four years. Including adjacent New England, 42 warnings were issued from the Albany office, and nearly as many severe events took place. While most of the events were strong winds associated with the thunderstorms, large hail was reported and two tornados confirmed by a National Weather Service Team. A line of thunderstorms first entered Herkimer County, where numerous trees fell in the town of Ilion. Then, the first of two seperate tornados briefly touched down in Johnstown, Fulton County. That tornado was ranked as a F1 on the Fujita scale with top winds estimated around 100 mph, a width of 25 yards and a path length of about a tenth of a mile. The tornado damaged an old movie theater in that town by tearing the roof off and blowing out the supporting back brick wall. The debris was thrown up to a third of a mile away. Thunderstorm downburst winds also toppled 2/3 of WENT radio's tower and destroyed a wide swath of trees, 8-18 inches in diameter, from about a 1/2 mile southeast of Johnstown to about 1/2 of a mile across Route 30A. Many roads were temporarily closed in and around Johnstown as the result of downed and uprooted trees and large limbs. As the line of storms progressed to the east, minor to moderate wind damage, mainly downed trees and power lines, were noted at various places in Albany, Washington,Warren, Saratoga Schenectady, Schoharie, Columbia, Montgomery, and Rensselaer, Counties. In Dutchess County, in addition to scattered downed trees and wires countywide, a car was crushed by a tree near Poughkeepsie. Ulster County was especially hard hit, with trees and power lines reported down countywide. The second confirmed tornado touched down at Whaley Lake in southeast Dutchess County. This tornado was also ranked between an F0/F1 on the Fujita scale with winds estimated around 75 mph and witnessed by a skywarn spotter. This tornado was about 100 yards wide and had a length of approximately half a mile. Damage was mainly confined to many downed and twisted trees, but one large tree did fall on a small house near the lake and damaged the roof. The tree size ranged between 8 and 24 inches in diameter. Dime-size hail was first reported in Johnstown, Fulton County from a second distinct thunderstorm cell. Hail, as large as 1.75 inches fell in New Paltz, Ulster County . In Dutchess County, dime-size hail fell at Salt Point, while one inch hail was reported at Wingdale (very close to the tornado touchdown) and 1.25 inch hail was noted in Poughkeepsie. One and three quarter inch size hail was reported. The thunderstorms knocked out power to about 9,000 customers in eastern New York, with nearly a third of these in the Mohawk Valley. Despite all the severe weather, no weather-related casualities were reported to the National Weather Service.",,NY,2002-05-31 13:55:00,2002-05-31 13:55:00,True,True
1136026,5299072,Iowa,107,Keokuk,DVN,2002-05-08 20:45:00,CST,2002-05-08 20:45:00,0,0,0,0,25K,,NEWSPAPER,F0,Unknown,0.1,10.0,,,,,41.18333,-92.0,41.18333,-92.0,,"A brief spinup tornado, along the leading edge of a cluster of thunderstorms, produced heavy damage to a farmstead south of Richland. Power lines and large trees were knocked down, and a machine shed and grain bin were destroyed. No injuries were reported.",IA,2002-05-08 21:45:00,2002-05-08 21:45:00,True,True
1134699,5295847,Wisconsin,139,Winnebago,GRB,2002-05-06 16:30:00,CST,2002-05-06 16:40:00,0,0,0,0,,,TRAINED SPOTTER,F0,Unknown,4.0,50.0,,,,,44.16667,-88.78333,44.15,-88.71667,"A low pressure system over southeast Minnesota moved east across central Wisconsin during the late afternoon and early evening hours. Severe thunderstorms developed in the unstable air near the intersection of a warm front and a cold front. There were numerous reports of large hail and some funnel clouds.Large hail damaged vehicles and buildings, stripping the siding from some houses, in Appleton (Calumet co.) and Menasha (Winnebago co.). Hail up to golf ball size covered the ground in Appleton.One weak tornado was on the ground for 4 miles and moved across Lake Winneconne. Another briefly touched down north of Oshkosh. No damage was reported with either tornado.",,WI,2002-05-06 17:30:00,2002-05-06 17:40:00,True,True
1140863,5310495,Wisconsin,69,Lincoln,GRB,2002-07-30 17:47:00,CST,2002-07-30 17:50:00,0,0,0,0,,,EMERGENCY MANAGER,F0,Unknown,1.2,150.0,,,,,45.28333,-89.83333,45.28333,-89.81667,"Thunderstorms moved through Wisconsin in very warm and unstable air ahead of a cold front. Severe thunderstorm winds and tornadoes downed trees and power lines and damaged buildings across a large swath of central, north central and east central Wisconsin. Thousands of trees and power lines were downed by high winds from the storms. An 11 year old Boy Scout was killed and another was seriously injured when trees landed on their tent at Camp Napowan (Waushara co.).High winds pushed a house off its foundation and blew a boat and trailer into a neighbor's yard near Merrill (Lincoln co.). Some downed trees damaged or destroyed buildings or vehicles when they fell. A church steeple was toppled by high winds and a tree landed on an SUV, boat and trailer in Neenah (Winnebago co.) According to utility company news releases, nearly 20,000 customers were without power at some time during the storms. As of noon the next day there were still about 3,250 customers in the Green Bay (Brown co.) area without electricity.The hardest hit areas appeared to be in Marathon, Lincoln, Shawano and Oconto counties. Three of the four confirmed tornadoes touched down in Lincoln county and the other touched down in Marathon county. A tornado that touched down 5 miles north of Merrill (Lincoln co.) skipped along the ground for 9 miles, destroying a barn and another structure, tearing roofs from some buildings and moving others from their foundations. Another tornado briefly touched down about 8.5 miles northeast of Merrill demolishing a mobile home and snapping trees and tree limbs. The other Lincoln county tornado touched down 10 miles northwest of Merrill and skipped along the ground for 1.25 miles. A tornado skipped along the ground for 2 miles in Mosinee (Marathon co.) causing significant tree damage on a hill east of the Wisconsin River.",,WI,2002-07-30 18:47:00,2002-07-30 18:50:00,True,True
1141285,5314317,Nebraska,175,Valley,GID,2002-07-24 18:25:00,CST,2002-07-24 18:25:00,0,0,0,0,0,0,TRAINED SPOTTER,F0,Unknown,0.1,25.0,,,,,41.56667,-99.13333,41.56667,-99.13333,"An ominous looking supercell dived southeast from around Ord to southwest of Hastings spawning tornadoes and damaging hail along its path. The structure of the severe thunderstorm was easily visible from many miles away. After producing large hail in northwest Valley county, a tornado was spotted by a volunteer fireman north of Arcadia. No damaged occurred. As the storm drove southeast, hail to the size of baseballs was reported from near Ravenna to south of Shelton. To the northeast of Shelton, another tornado was reported to have lasted about four minutes. No property damage was noted. Wind driven large hail did hammer much of Shelton and the surrounding areas. Windows were blown out, cars severely damaged and many roofs were deemed lost. Some crops in the area were leveled as damage totaled well into the millions. The storm continued to pound western Adams and eastern Kearney county with damaging hail and wind before falling apart in Franklin county around midnight.",Brief touchdown in open country reported by volunteer fireman.,NE,2002-07-24 19:25:00,2002-07-24 19:25:00,True,True
1142346,5313476,Kansas,109,Logan,GLD,2002-08-11 18:20:00,MST,2002-08-11 18:20:00,0,0,0,0,,,TRAINED SPOTTER,F0,Unknown,0.1,25.0,,,,,39.06667,-101.25,39.06667,-101.25,,Brief touchdown...no known damage,KS,2002-08-11 19:20:00,2002-08-11 19:20:00,True,True
1141337,5314672,Wyoming,1,Albany,CYS,2002-08-27 19:18:00,MST,2002-08-27 19:22:00,0,0,0,0,,,LAW ENFORCEMENT,F0,Unknown,0.2,25.0,,,,,41.46667,-105.58333,41.46667,-105.58333,,Brief tornado touchdown in open country.,WY,2002-08-27 20:18:00,2002-08-27 20:22:00,True,True
1141341,5314676,Wyoming,1,Albany,CYS,2002-08-27 19:54:00,MST,2002-08-27 19:57:00,0,0,0,0,,,EMERGENCY MANAGER,F0,Unknown,0.1,25.0,,,,,41.43333,-105.43333,41.26667,-105.95,,Weak tornado briefly touched down in open country.,WY,2002-08-27 20:54:00,2002-08-27 20:57:00,True,True
1142007,5312565,Colorado,99,Prowers,PUB,2002-08-28 15:22:00,MST,2002-08-28 15:22:00,0,0,0,0,,,TRAINED SPOTTER,F0,Unknown,0.1,25.0,,,,,38.08333,-102.5,38.08333,-102.5,,"A small, weak, short-lived tornado caused no known damage.",CO,2002-08-28 16:22:00,2002-08-28 16:22:00,True,True
1142302,5312696,Texas,117,Deaf Smith,AMA,2002-08-30 18:07:00,CST,2002-08-30 18:11:00,0,0,0,0,,,BROADCAST MEDIA,F0,Unknown,0.5,25.0,,,,,35.01667,-102.65,35.01667,-102.65,Severe thunderstorms produced large hail and high winds along with very heavy rainfall which resulted in flash flooding across the central and southwestern Texas panhandle during the evening hours. One severe thunderstorm did produce an isolated tornado over the extreme southwestern Texas panhandle...but no damage or injuries were reported.,The tornado remained over open country and caused no damage. The path length and width were estimated.,TX,2002-08-30 19:07:00,2002-08-30 19:11:00,True,True
1141354,5314680,Wyoming,31,Platte,CYS,2002-08-29 14:06:00,MST,2002-08-29 14:11:00,0,0,0,0,,,GENERAL PUBLIC,F0,Unknown,0.1,20.0,,,,,41.86667,-104.9,41.86667,-104.9,,Brief tornado sited by public.,WY,2002-08-29 15:06:00,2002-08-29 15:11:00,True,True
1141683,5315132,Texas,109,Culberson,MAF,2002-08-01 17:45:00,CST,2002-08-01 17:45:00,0,0,0,0,0,0,LAW ENFORCEMENT,F0,Unknown,0.1,25.0,,,,,31.05,-104.61667,31.05,-104.61667,"An active severe weather episode unfolded across the central and western Permian Basin...and southeast New Mexico during the evening of the 1st. Several damaging microbursts affected the area. Flash flooding along with intense and damaging lightnin, accompanied the storms. Total losses in the Permian Basin likely exceeded $300,000.","A DPS trooper traveling on Interstate 10 reported a ""long and skinny"" tornado east of Van Horn. Radar indicated a strong thunderstorm in the area with cloud tops to 50,000 feet.",TX,2002-08-01 18:45:00,2002-08-01 18:45:00,True,True
1141925,5313283,Missouri,153,Ozark,SGF,2002-08-12 21:35:00,CST,2002-08-12 21:45:00,0,0,0,0,50K,,NWS STORM SURVEY,F1,Unknown,8.0,200.0,,,,,36.85,-92.58333,36.73333,-92.58333,"An F1 tornado damaged eight outbuildings and downed numerous trees in north central Ozark County. The tornado extended 3 miles north of Wasola, then south to the junction of Highways 5 & 95.",,MO,2002-08-12 22:35:00,2002-08-12 22:45:00,True,True
1141346,5310935,Wyoming,21,Laramie,CYS,2002-08-28 18:18:00,MST,2002-08-28 18:28:00,0,0,0,0,30K,,GENERAL PUBLIC,F0,Unknown,4.5,60.0,,,,,41.18333,-104.45,41.16667,-104.36667,,Tornado moved over open country but caused some damage to power lines and out buildings.,WY,2002-08-28 19:18:00,2002-08-28 19:28:00,True,True
1142007,5312563,Colorado,99,Prowers,PUB,2002-08-28 14:07:00,MST,2002-08-28 14:21:00,0,0,0,0,,,TRAINED SPOTTER,F0,Unknown,1.0,100.0,,,,,38.11667,-102.75,38.1,-102.71667,,A tornado moved slowly across open country and caused no known damage. This was the first of three tornadoes from the same thunderstorm which moved through the Lamar area.,CO,2002-08-28 15:07:00,2002-08-28 15:21:00,True,True
1140684,5310665,North Carolina,19,Brunswick,ILM,2002-07-24 16:55:00,EST,2002-07-24 17:10:00,0,0,0,0,,,GENERAL PUBLIC,F0,Unknown,2.0,50.0,,,,,33.93333,-78.35,33.95,-78.38333,,A waterspout formed in the Shallote River and briefly moved over land before dissipating. The F0 tornado crossed Gray Bridge Road. There was no damage reported.,NC,2002-07-24 17:55:00,2002-07-24 18:10:00,True,True
1141779,5313771,Texas,201,Harris,HGX,2002-08-22 14:30:00,CST,2002-08-22 14:32:00,0,0,0,0,10K,,LAW ENFORCEMENT,F0,Unknown,0.1,20.0,,,,,29.73333,-95.36667,29.73333,-95.36667,,Power lines down 6 miles west of downtown Houston on I-10.,TX,2002-08-22 15:30:00,2002-08-22 15:32:00,True,True
1141924,5313282,Missouri,67,Douglas,SGF,2002-08-12 21:20:00,CST,2002-08-12 21:22:00,0,0,0,0,0K,,NWS STORM SURVEY,F0,Unknown,0.1,100.0,,,,,36.81667,-92.66667,36.81667,-92.66667,An F0 tornado downed numerous trees.,,MO,2002-08-12 22:20:00,2002-08-12 22:22:00,True,True
1142347,5313489,Nebraska,145,Red Willow,GLD,2002-08-11 18:40:00,MST,2002-08-11 18:40:00,0,0,0,0,,,TRAINED SPOTTER,F0,Unknown,0.1,25.0,,,,,40.15,-100.25,40.15,-100.25,,Brief touchdown...no known damage,NE,2002-08-11 19:40:00,2002-08-11 19:40:00,True,True
1140806,5309775,South Dakota,11,Brookings,FSD,2002-07-28 13:07:00,CST,2002-07-28 13:13:00,0,0,0,0,,,EMERGENCY MANAGER,F0,Unknown,1.0,50.0,,,,,44.25,-97.1,44.25,-97.06667,,A tornado caused no reported damage.,SD,2002-07-28 14:07:00,2002-07-28 14:13:00,True,True
1142155,5312844,Iowa,163,Scott,DVN,2002-08-21 18:00:00,CST,2002-08-21 18:00:00,0,0,0,0,,,TRAINED SPOTTER,F0,Unknown,0.1,10.0,,,,,41.55,-90.76667,41.55,-90.76667,,"An F0 tornado touched down briefly north of Blue Grass tearing down a large tree limb. Otherwise, no injuries or damage was reported.",IA,2002-08-21 19:00:00,2002-08-21 19:00:00,True,True
1142155,5312756,Iowa,139,Muscatine,DVN,2002-08-21 17:15:00,CST,2002-08-21 17:21:00,0,0,0,0,,,NWS STORM SURVEY,F1,Unknown,1.6,100.0,,,,,41.46667,-91.05,41.46667,-90.98333,,"An F1 tornado touched down north of Muscatine near Highway 38 doing extensive damage to a machine shed that housed a tractor, disk, planter and field cultivator. Damage to the shed and equipment was estimated at over $200,000. Nearby, the roof was partially blown off a farm house and windows were blown out. Also, it was reported that a pickup truck parked at the farm house was launched 40 feet, landing on an old garage. Corn was also flattened in spots, and trees were blown down starting at the Municipal Golf Course and continuing along the path.",IA,2002-08-21 18:15:00,2002-08-21 18:21:00,True,True
1142007,5312558,Colorado,61,Kiowa,PUB,2002-08-28 13:10:00,MST,2002-08-28 13:12:00,0,0,0,0,,,TRAINED SPOTTER,F0,Unknown,0.1,50.0,,,,,38.31667,-102.76667,38.31667,-102.76667,,"A small, weak, short-lived tornado caused no known damage.",CO,2002-08-28 14:10:00,2002-08-28 14:12:00,True,True
1142147,5312660,New York,3,Allegany,BUF,2002-08-22 14:45:00,EST,2002-08-22 14:45:00,0,0,0,0,35K,,LAW ENFORCEMENT,F1,80-90 mph,4.0,150.0,,,,,42.16667,-77.98333,42.16667,-77.98333,,An isolated thunderstorm produced a weak tornado in the Town of Ward. The tornado first touched down near Wadsworth Hill Road and moved southeast crossing Vandermark Road before lifting off the ground. The storm caused considerable tree damage along its path. The tornado caused structural damage to a house and barn including roof damage and broken windows. Wind speeds were estimated at 80 to 90 mph.,NY,2002-08-22 15:45:00,2002-08-22 15:45:00,True,True
1142001,5312542,Colorado,71,Las Animas,PUB,2002-08-02 13:29:00,MST,2002-08-02 13:45:00,0,0,0,0,,,LAW ENFORCEMENT,F0,Unknown,0.1,10.0,,,,,37.28333,-104.36667,37.28333,-104.36667,,"A small, weak tornado caused no known damage.",CO,2002-08-02 14:29:00,2002-08-02 14:45:00,True,True
1142001,5312543,Colorado,71,Las Animas,PUB,2002-08-02 14:02:00,MST,2002-08-02 14:07:00,0,0,0,0,,,LAW ENFORCEMENT,F0,Unknown,0.1,10.0,,,,,37.3,-104.35,37.3,-104.35,,"A fourth small, weak, short-lived tornado caused no known damage.",CO,2002-08-02 15:02:00,2002-08-02 15:07:00,True,True
1142002,5312546,Colorado,99,Prowers,PUB,2002-08-09 17:50:00,MST,2002-08-09 17:52:00,0,0,0,0,,,NWS EMPLOYEE(OFF DUTY),F0,Unknown,0.1,10.0,,,,,38.2,-102.76667,38.2,-102.76667,,"A small, weak, short-lived tornado caused no known damage.",CO,2002-08-09 18:50:00,2002-08-09 18:52:00,True,True
1143299,5315518,Texas,371,Pecos,MAF,2002-09-14 18:30:00,CST,2002-09-14 18:30:00,0,0,0,0,0,0,LAW ENFORCEMENT,F0,Unknown,0.1,50.0,,,,,31.26667,-102.68333,31.26667,-102.68333,,Officials in Pecos County reported a brief tornado near the city of Imperial. No damage or injuries were reported. The tornado formed as an outflow boundary interacted with a severe storm.,TX,2002-09-14 19:30:00,2002-09-14 19:30:00,True,True
1141175,5310605,South Dakota,63,Harding,UNR,2002-08-08 13:34:00,MST,2002-08-08 13:37:00,0,0,0,0,0,,STORM CHASER,F0,Unknown,1.0,25.0,,,,,45.65,-103.23333,45.65,-103.21667,A storm chaser saw a tornado form and persist for 3 minutes over open prairie in eastern Harding County. The storm left no damage or debris.,,SD,2002-08-08 14:34:00,2002-08-08 14:37:00,True,True
1140065,5311461,Iowa,81,Hancock,DMX,2002-08-26 14:08:00,CST,2002-08-26 14:08:00,0,0,0,0,,.5K,LAW ENFORCEMENT,F0,Unknown,0.1,20.0,,,,,43.21667,-93.66667,43.21667,-93.66667,"Thunderstorms formed during the mid afternoon hours along a weak convergence zone. The thunderstorms were not severe in general, however a brief land spout formed as one of the storms moved through Hancock County. No damage was reported as it touched down briefly in a field.",Brief land spout touchdown.,IA,2002-08-26 15:08:00,2002-08-26 15:08:00,True,True
1142649,5317893,North Dakota,17,Cass,FGF,2002-08-28 19:05:00,CST,2002-08-28 19:06:00,0,0,0,0,,,GENERAL PUBLIC,F0,Unknown,0.2,25.0,,,,,46.81667,-97.25,46.81667,-97.25,,A brief touchdown broke off several large tree tops.,ND,2002-08-28 20:05:00,2002-08-28 20:06:00,True,True
1143129,5316569,Michigan,141,Presque Isle,APX,2002-08-01 18:02:00,EST,2002-08-01 18:05:00,0,0,0,0,,,GENERAL PUBLIC,F0,Unknown,1.0,20.0,,,,,45.46667,-84.25,45.46667,-84.25,"Four waves of severe thunderstorms impacted northern Michigan during the morning, afternoon, and evening hours on the 1st. The first wave of severe thunderstorms struck the area during the early morning hours, initially knocking trees down in Tahquamenon Falls State Park. The last of the storms exited northern Michigan into Lake Huron during the evening hours.Three tornadoes were associated with the severe thunderstorms, but none of these crossed county boundaries.",Tornado developed over Black Lake and moved onshore near Black Lake Bluffs. Many trees downed and at least three pontoon boats flipped.,MI,2002-08-01 19:02:00,2002-08-01 19:05:00,True,True
1142629,5317268,North Dakota,97,Traill,FGF,2002-08-08 18:55:00,CST,2002-08-08 19:10:00,0,0,0,0,,,GENERAL PUBLIC,F1,Unknown,8.0,25.0,,,,,47.5,-97.25,47.58333,-97.15,,A tornado touched down near Cummings.,ND,2002-08-08 19:55:00,2002-08-08 20:10:00,True,True
1142763,5316993,Georgia,305,Wayne,JAX,2002-10-21 16:00:00,EST,2002-10-21 16:00:00,0,0,0,0,,,NWS EMPLOYEE(OFF DUTY),F0,Unknown,0.0,0.0,,,,,31.41667,-81.98333,31.41667,-81.98333,,"Weak F0, very brief touchdown. Stand of pine trees snapped off and twisted 3-8 feet above ground, average base diameter of the trees reported to be 14 inches.",GA,2002-10-21 17:00:00,2002-10-21 17:00:00,True,True
1142656,5318114,Wisconsin,119,Taylor,ARX,2002-09-02 16:10:00,CST,2002-09-02 16:50:00,0,0,0,0,3.9M,,NWS STORM SURVEY,F2,Unknown,17.0,75.0,,,,,45.18333,-90.81667,45.13333,-90.5,"A tornado touched down about a mile northwest of Gilman (Taylor County) and moved southeast into the village a couple minutes later. A few trees and homes were lightly damaged before the tornado hit the Gilman school. The roof was blown off the school gymnasium, where the high school football team had been seeking cover a minute before moving into the hallways and interior rooms. Debris was blown from the school onto the nearby football field and into homes east of Gilman. The tornado kept tracking southeast into the Chequamegon National Forest, producing occasional house damage and knocking down hundreds of trees. The path of the storm crossed Trucker Lane, Winter Sports Road and damaged several homes near Sawyer Avenue as it increased in size and strength. The worst damage was when the top story of a two story house was completely removed along Sawyer Avenue shortly before the tornado dissipated before crossing Highway 64 west of Medford (Taylor County). There were no reports of deaths or injuries. This was the first confirmed tornado in Taylor County since July 30, 1977.",,WI,2002-09-02 17:10:00,2002-09-02 17:50:00,True,True
1143443,5316736,Michigan,43,Dickinson,MQT,2002-09-30 19:11:00,EST,2002-09-30 19:17:00,0,0,0,0,7M,,EMERGENCY MANAGER,F1,Unknown,4.5,200.0,,,,,45.78333,-88.08333,45.83333,-88.05,"On Sep 30, a short wave moving from the plains into south central Canada brought a warm front into Michigan's Upper Peninsula. Scattered thunderstorms developed along the front, with several of these storms becoming severe. One supercell that originally developed in an area of higher shear over northern Wisconsin produced three tornadoes and extensive downburst wind damage in southern Dickinson County when it encountered an outflow boundary from earlier convection. The majority of damage to the Iron Mountain, Kingsford and Quinnesec areas was caused by downburst winds, which knocked trees into homes, downed power lines, etc. The most significant damage was produced by the tornado that moved through Kingsford and Iron Mountain.","This tornado developed over northeast Florence County, WI (See Storm Data for Wisconsin, Northeastern, for more information on the beginning portion of this tornado) and crossed the Menominee River just south of the Iron Mountain-Kingsford airport. The storm moved east-northeast into Kingsford and Iron Mountain. As the storm moved into Iron Mountain, the track shifted more to the east and the damage path became more sporadic before the tornado lifted completely on the east side of Iron Mountain. Numerous trees and power lines were knocked down, blocking highway US-2 and disrupting electric power and telephone service. Gas lines were ruptured and several commercial buildings sustained substantial roof damage in Kingsford.",MI,2002-09-30 20:11:00,2002-09-30 20:17:00,True,True
1143443,5316737,Michigan,43,Dickinson,MQT,2002-09-30 19:19:00,EST,2002-09-30 19:23:00,0,0,0,0,,,EMERGENCY MANAGER,F0,Unknown,3.0,100.0,,,,,45.76667,-87.93333,45.8,-87.95,"On Sep 30, a short wave moving from the plains into south central Canada brought a warm front into Michigan's Upper Peninsula. Scattered thunderstorms developed along the front, with several of these storms becoming severe. One supercell that originally developed in an area of higher shear over northern Wisconsin produced three tornadoes and extensive downburst wind damage in southern Dickinson County when it encountered an outflow boundary from earlier convection. The majority of damage to the Iron Mountain, Kingsford and Quinnesec areas was caused by downburst winds, which knocked trees into homes, downed power lines, etc. The most significant damage was produced by the tornado that moved through Kingsford and Iron Mountain.","This tornado developed on the east side of Quinnesec along U.S. 2, and tracked to the east-southeast along the north side of the highway to just west-northwest of Norway. Damage was limited to minor roof damage (lifted shingles) in Quinnesec, trees downed and numerous branches broken.",MI,2002-09-30 20:19:00,2002-09-30 20:23:00,True,True
1142635,5317373,Minnesota,29,Clearwater,FGF,2002-08-11 19:45:00,CST,2002-08-11 19:46:00,0,0,0,0,,,GENERAL PUBLIC,F0,Unknown,0.2,25.0,,,,,47.5,-95.4,47.5,-95.4,,The tornado made a brief touchdown in a open pasture.,MN,2002-08-11 20:45:00,2002-08-11 20:46:00,True,True
1142576,5317870,Colorado,67,La Plata,GJT,2002-08-29 11:03:00,MST,2002-08-29 11:11:00,0,0,0,0,,,EMERGENCY MANAGER,F0,Unknown,0.1,30.0,,,,,37.25,-107.95,37.25,-107.95,A tornado touched down near the Rafter J subdivision and was seen by many eyewitnesses. The tornado moved very slowly northeast during its life span and remained between residences. Damage was confined to trees and other vegetation.,,CO,2002-08-29 12:03:00,2002-08-29 12:11:00,True,True
1142574,5317868,New Mexico,13,Dona Ana,EPZ,2002-08-02 15:40:00,MST,2002-08-02 15:49:00,0,0,0,0,,,NWS EMPLOYEE(OFF DUTY),F0,Unknown,1.0,30.0,,,,,32.41667,-106.45,32.41667,-106.45,,"A small tornado, most likely a landspout, was observed on the ground for 9 minutes south of U.S. 70 and northeast of the White Sands Missile Range Headquarters.",NM,2002-08-02 16:40:00,2002-08-02 16:49:00,True,True
1142643,5317546,Minnesota,119,Polk,FGF,2002-08-26 15:00:00,CST,2002-08-26 15:04:00,0,0,0,0,,,NWS STORM SURVEY,F0,Unknown,1.0,25.0,,,,,47.9,-96.53333,47.88333,-96.51667,,"A small tornado track was found, which continued into Red Lake county.",MN,2002-08-26 16:00:00,2002-08-26 16:04:00,True,True
1142643,5317547,Minnesota,125,Red Lake,FGF,2002-08-26 15:04:00,CST,2002-08-26 15:10:00,0,0,0,0,,,NWS STORM SURVEY,F0,Unknown,2.0,25.0,,,,,47.91667,-96.45,47.9,-96.41667,,This tornado originated in Polk county.,MN,2002-08-26 16:04:00,2002-08-26 16:10:00,True,True
1142643,5317555,Minnesota,125,Red Lake,FGF,2002-08-26 16:00:00,CST,2002-08-26 16:01:00,0,0,0,0,,,GENERAL PUBLIC,F0,Unknown,0.2,25.0,,,,,47.81667,-96.08333,47.81667,-96.08333,,A brief touchdown was reported.,MN,2002-08-26 17:00:00,2002-08-26 17:01:00,True,True
1141681,5315013,Wisconsin,39,Fond Du Lac,MKX,2002-08-21 17:41:00,CST,2002-08-21 17:41:00,0,0,0,0,,,AMATEUR RADIO,F0,60-70 mph,0.6,30.0,,,,,43.71667,-88.56667,43.73333,-88.58333,"The severer weather and flooding that affected much of south-central and southeast Wisconsin on August 21, 2002, into the pre-dawn hours of the 22nd, was probably the most widespread and significant outbreak for the 2002 warm-season. Just about every type of weather phenomena was observed: a tornado; a funnel cloud; powerful, hurricane-force, downburst winds that uprooted trees and damaged buildings; torrential rains reducing visibilities to 100 feet; urban and small stream flooding; numerous lightning strikes - some that resulted in fire damage; and the early stages of a ground-based vortex that never made it to tornado status. Clusters and short lines of thunderstorms ahead of a cold front eventually merged into a single complex that moved west to east across southern Wisconsin. Surface dewpoints were in the lower 70s and maximum afternoon temperatures were in the mid to upper 80s. At least 56,000 customers in southeast Wisconsin lost electrical power thanks to lightning strikes, and tree damage to power lines. One of the worst lightning strikes was in Fox Point (Milwaukee Co.), where a lightning fire burned a home to the ground. In the city of Racine (Racine Co.), lightning blew a home's windows out. Near Rewey (Iowa Co.), the thunderstorm winds blew the roof of a building, and flattened a farm shed. Just southwest of Lamont (Lafayette Co.), the winds blew an attached garage off a home, demolished an old barn whose pieces were pushed onto a road, and leveled several large trees. North of Baraboo (Sauk Co.), the winds pushed a tree on to a home, and damaged siding and cables on another home. A weak F0 tornado spun up in the rural area north-northwest of Oakfield (Fond du Lac Co.), but damage was limited to vegetation. The discussion on this tornado can be found as a separate August 21, 2002 episode in this publication. About 3 miles southeast of Oakfield, a gustnado (Thunderstorm Wind event) with estimated wind speeds of 61 to 70 kts (70 to 80 mph) tore off a pole shed's roof, demolished yard furniture, and severely damaged another building. Some corn crop was also damaged. Based on WSWR-88D imagery, it appears that the convergence of two gust fronts initiated the gustnado. North-northeast of Monroe (Green Co.) a shed was blown onto a road and further northeast near Albany a farm wagon was blown on to a road. Partial roof damage occurred southwest of Albion (Dane Co.) as the storms moved through. A trained spotter on the west shore of Rock Lake in the city of Lake Mills (Jefferson Co.) observed a circulation whip up 3-foot tall waves with white caps on the lake while also observing a wall cloud above. This vortex never spun up to cloud base, which would have classified it a tornado. No damage was noted. A weak gustnado on a gust front, with estimated winds of 52 to 61 kts (60 to 70 mph) damaged some corn and trees just 1/4 mile to the west of the Milwaukee/Sullivan NWS office east of Rome. An incredibly powerful macroburst tore through the area from just northeast of the Waukesha County airport northeastward through Pewaukee to that part of Brookfield east of Capital Drive Airport. Estimated wind speeds reach 100 mph based on a measured gust of 98 mph at a home south of Green Rd. near Duplainville, in the Town of Brookfield. At the intersection of I-94 and Hwy T, the steel support posts for road signs were twisted by the winds. At least 8 homes southeast of Duplainville had damage ranging from blown-out windows and damaged chimneys to roof damage, toppled street lights, and a demolished garage. One house was slightly shifted off it foundation; obviously it wasn't well-anchored to its foundation. In the city of Brookfield there were two localized areas where large trees were uprooted: in the Camelot Park area and in the Beverly Hills Park area. A large tree fell onto a home's screened porch, resulting in severe damage. A couple other homes had some minor gutter, siding, and window damage as large tree branches scraped the sides while falling. The powerful winds also hit Milwaukee County hard. An estimated wind gust of at least 70 kts (80 mph) ripped a 100-foot long blimp from its mooring at Timmerman Field, allowing the blimp to fly about 6 blocks and damage 4 homes on impact. The winds blew water through the flaps that cover the edges of the retractable roof panels of Miller Park in Milwaukee, resulting in a saturated playing field, and some wet spectators. In Cudahy an eight-car garage's roof was removed by the winds, and 3 stalls collapsed, based on Amateur Radio reports. A picnic shelter and several other garages and businesses on College Ave. near Lake Michigan also sustained some damage. In the city of South Milwaukee, a business's sign and fence were destroyed by the winds. Another powerful hurricane-force microburst moved northeast through Sturtevant (Racine Co.) through the north side of the city of Racine to Wind Point. The roof of an apartment building in Racine was partially ripped off by the winds. In addition, large trees were uprooted and several other homes suffered slight damage from felled trees and tree branches. Farther west in the Waterford area, a 2-story tall grain bin was lifted off the ground and moved 15 feet by the winds, while nearby large trees were damaged.Torrential rainfalls up to the rate of 1 inch in 15 to 20 minutes were common with many of the storms, resulting in scattered areas of urban and small stream flooding. The rainfall rate at one location in the city of Milwaukee peaked at over 6 inches per hour! Combined late-afternoon and evening rainfall totals reached 1 to 3 inches across much of south-central and southeast Wisconsin. The southern part of Lafayette County near the Illinois border received up to 5 to 6 inches of rain (based on WSR-88D Doppler radar rainfall estimates) due to repeated rounds of thunderstorms moving west to east across that area. In Gratiot, 4.10 inches were measured, but this location was north of the area that had greater amounts. Just across the border in the northwestern Illinois counties of Jo Daviess and Stephenson spotters measured over 10 inches of rain! Luckily for Lafayette County, which has hilly terrain, the rains came in several rounds and resulted in only urban/small stream flooding, rather than flash flooding.","A weak tornado spun up in the rural area north-northwest of Oakfield, just east-southeast of the intersection of Hwy 151 and TC. It moved east-southeast and crossed Hwy Y before dissipating. A few trees were uprooted and some grasses were flattened. Wind speeds, based on damage to vegetation, was estimated about 52 to 61 kts (60 to 70 mph). Amateur Radio operators who observed this weak tornado noted that one had to be within 100 yards of the vortex in order to see it due to rain-wrapping and haze.",WI,2002-08-21 17:41:00,2002-08-21 17:41:00,False,False
1144223,5319035,Mississippi,131,Stone,MOB,2002-10-03 16:30:00,CST,2002-10-03 16:35:00,0,0,0,0,5K,,EMERGENCY MANAGER,F0,Unknown,0.1,20.0,,,,,30.85,-89.13333,30.85,-89.13333,,A weak F0 tornado produced some minor tree damage just southeast of Wiggins.,MS,2002-10-03 17:30:00,2002-10-03 17:35:00,True,True
1143280,5316596,North Carolina,95,Hyde,MHX,2002-09-10 11:05:00,EST,2002-09-10 11:05:00,0,0,0,0,1K,,COASTAL OBSERVING STATION,F0,Unknown,0.1,20.0,,,,,35.11667,-75.98333,35.11667,-75.98333,,The North Carolina Ferry Division reported a waterspout that moved onshore in Silver Lake in Ocracoke. Only minor roof damage to a couple of buildings was reported.,NC,2002-09-10 12:05:00,2002-09-10 12:05:00,True,True
1142894,5317503,Montana,45,Judith Basin,TFX,2002-08-05 17:20:00,MST,2002-08-05 17:40:00,0,0,0,0,,,TRAINED SPOTTER,F0,Unknown,5.0,50.0,,,,,47.25,-110.5,47.25,-110.5,,A multi vortex tornado was spotted over rural areas of northern Judith Basin County. No damage was reported.,MT,2002-08-05 18:20:00,2002-08-05 18:40:00,True,True
1142895,5317504,Montana,27,Fergus,TFX,2002-08-05 19:00:00,MST,2002-08-05 19:20:00,0,0,0,0,,,TRAINED SPOTTER,F0,Unknown,4.0,10.0,,,,,47.55,-109.36667,47.55,-109.36667,,"A tornado was spotted over rural areas in Northwest Fergus County, about 10 miles southwest of Winifred. No damage was reported.",MT,2002-08-05 20:00:00,2002-08-05 20:20:00,True,True
1143129,5316568,Michigan,31,Cheboygan,APX,2002-08-01 17:55:00,EST,2002-08-01 17:58:00,0,0,0,0,,,GENERAL PUBLIC,F0,Unknown,1.0,20.0,,,,,45.46667,-84.26667,45.46667,-84.26667,"Four waves of severe thunderstorms impacted northern Michigan during the morning, afternoon, and evening hours on the 1st. The first wave of severe thunderstorms struck the area during the early morning hours, initially knocking trees down in Tahquamenon Falls State Park. The last of the storms exited northern Michigan into Lake Huron during the evening hours.Three tornadoes were associated with the severe thunderstorms, but none of these crossed county boundaries.","Tornado developed and dissipated over Black Lake, causing no damage.",MI,2002-08-01 18:55:00,2002-08-01 18:58:00,True,True
1144251,5319176,Alabama,39,Covington,MOB,2002-10-20 17:50:00,CST,2002-10-20 17:55:00,0,0,0,0,20K,,EMERGENCY MANAGER,F0,Unknown,0.1,20.0,,,,,31.23333,-86.45,31.23333,-86.45,,"A weak tornado briefly touched down near the community of Carolina, west of Libertyville. The tornado blew down several trees and also did minor roof damage to several homes. No injuries were reported.",AL,2002-10-20 18:50:00,2002-10-20 18:55:00,True,True
1142748,5316891,South Carolina,19,Charleston,CHS,2002-09-28 17:20:00,EST,2002-09-28 17:23:00,0,0,0,0,,,TRAINED SPOTTER,F0,Unknown,0.3,25.0,,,,,32.93333,-80.0,32.93333,-80.0,,"Several spotters tracked a funnel cloud across North Charleston. Funnel finally dipped down briefly into some trees where the top was taken out of several trees and some limbs were downed. The brief touch down was near the intersection of U.S. 52 and Otranto Road, which is near the Charleston and Berkeley County line.",SC,2002-09-28 18:20:00,2002-09-28 18:23:00,True,True
1142748,5316892,South Carolina,15,Berkeley,CHS,2002-09-28 17:23:00,EST,2002-09-28 17:27:00,0,0,0,0,,,TRAINED SPOTTER,F0,Unknown,0.2,25.0,,,,,32.93,-80.03333,32.93,-80.01667,,Spotters continued to watch funnel cloud move out of the North Charleston area and into Berkeley County. Funnel continued to take out tops of trees as it moved into Berkeley County.,SC,2002-09-28 18:23:00,2002-09-28 18:27:00,True,True
1143168,5315643,Michigan,81,Kent,GRR,2002-08-13 20:30:00,EST,2002-08-13 20:33:00,0,0,0,0,40K,10K,NWS STORM SURVEY,F0,Unknown,1.0,100.0,,,,,43.11667,-85.56667,43.11667,-85.56667,"A F0 tornado struck in northern Kent county during the evening hours of the 14th. It had maximum winds of about 70 mph, ranking it as a F0 tornado on the Fujita scale. The path length was about a mile long and path width about 100 yards wide. The storm hit at 9:30 p.m. EDT near the intersection of Summit Avenue and Whirlwind Road, just north of 11 Mile Road. It moved northeast and caused minor damage to 4 homes on Summit Avenue and a furniture store on Northland Drive. Numerous small trees and a few large trees were broken or uprooted. At least three of the homes had shingle and minor siding damage. The garage of one home had an aluminum soffit torn off. Lawn furniture at several homes was also damaged and one hot tub as well as a trampoline was damaged. A delivery truck was lifted up on to a curb and another was tipped over at the furniture store. Numerous reports of wind damage from severe thunderstorms were also received from across southwestern and west central lower Michigan. One isolated one inch hail report was received as well, from Allegan county.",,MI,2002-08-13 21:30:00,2002-08-13 21:33:00,True,True
1143185,5315993,Kansas,119,Meade,DDC,2002-08-12 18:52:00,CST,2002-08-12 18:53:00,0,0,0,0,0,,TRAINED SPOTTER,F0,Unknown,0.3,30.0,,,,,37.36667,-100.2,37.36667,-100.2,,A brief tornado formed but did not hit anything.,KS,2002-08-12 19:52:00,2002-08-12 19:53:00,True,True
1143185,5315994,Kansas,25,Clark,DDC,2002-08-12 20:07:00,CST,2002-08-12 20:08:00,0,0,0,0,0,0,TRAINED SPOTTER,F0,Unknown,0.2,30.0,,,,,37.03333,-100.0,37.03333,-100.0,,A brief tornado lasted a little less than a minute but did not hit anything.,KS,2002-08-12 21:07:00,2002-08-12 21:08:00,True,True
1143195,5316173,Kansas,83,Hodgeman,DDC,2002-08-26 20:05:00,CST,2002-08-26 20:05:00,0,0,0,0,0,0,TRAINED SPOTTER,F0,Unknown,0.2,30.0,,,,,37.9,-100.13333,37.9,-100.13333,,"This brief tornado was filmed by the spotter, but it did not last long and did not hit anything.",KS,2002-08-26 21:05:00,2002-08-26 21:05:00,True,True
1143459,5315475,Indiana,59,Hancock,IND,2002-09-20 14:03:00,EST,2002-09-20 14:11:00,0,0,0,0,2M,20K,LAW ENFORCEMENT,F0,Unknown,8.5,100.0,,,,,39.88333,-85.93333,39.93333,-85.88333,"One of Indiana's longest tracking tornados formed along a squall line on the morning of September 20. The tornado touched down near Ellettsville in Monroe county and then remained on the ground for 112 miles before lifting in Blackford county. The tornado produced F3 damage at its strongest points. Nearly 100 single family homes were destroyed, along with several mobile homes. Some apartments were also destroyed. Many businesses and hundreds of homes received damage. Several counties were declared disaster areas.",,IN,2002-09-20 15:03:00,2002-09-20 15:11:00,True,True
1143459,5315476,Indiana,57,Hamilton,IND,2002-09-20 14:11:00,EST,2002-09-20 14:13:00,0,0,0,0,25K,5K,LAW ENFORCEMENT,F0,Unknown,1.0,100.0,,,,,39.9,-85.91667,39.96667,-85.86667,"One of Indiana's longest tracking tornados formed along a squall line on the morning of September 20. The tornado touched down near Ellettsville in Monroe county and then remained on the ground for 112 miles before lifting in Blackford county. The tornado produced F3 damage at its strongest points. Nearly 100 single family homes were destroyed, along with several mobile homes. Some apartments were also destroyed. Many businesses and hundreds of homes received damage. Several counties were declared disaster areas.",,IN,2002-09-20 15:11:00,2002-09-20 15:13:00,True,True
1143459,5315477,Indiana,95,Madison,IND,2002-09-20 14:13:00,EST,2002-09-20 14:54:00,2,0,0,0,8M,25K,AMATEUR RADIO,F2,Unknown,26.0,150.0,,,,,39.93333,-85.83333,40.26667,-85.56667,"One of Indiana's longest tracking tornados formed along a squall line on the morning of September 20. The tornado touched down near Ellettsville in Monroe county and then remained on the ground for 112 miles before lifting in Blackford county. The tornado produced F3 damage at its strongest points. Nearly 100 single family homes were destroyed, along with several mobile homes. Some apartments were also destroyed. Many businesses and hundreds of homes received damage. Several counties were declared disaster areas.",,IN,2002-09-20 15:13:00,2002-09-20 15:54:00,True,True
1141679,5314905,Wisconsin,55,Jefferson,MKX,2002-08-13 16:02:00,CST,2002-08-13 16:16:00,0,0,0,0,5K,,FIRE DEPT/RESCUE SQUAD,F0,Unknown,4.5,50.0,,,,,42.91667,-88.88333,42.88333,-88.78333,"Several clusters of thunderstorms with heavy rains developed over and moved northeast across southeast Wisconsin out ahead of a cold front on August 13, 2002, resulting in urban and small stream flooding in Waukesha, Milwaukee, and Ozaukee counties. Rainfall totals were in the 2 to 4 range. In addition, gust winds of 35 to 43 kts (40 to 50 mph) accompanied the storms, resulting in broken tree branches. On the south side of the city of Waukesha, 1.5 inches of rain fell in 20 minutes in the afternoon, once again sending small streams out of their banks and allowing water to accumulate in low-lying areas. The 2-day rain total at this location near the corner of Hwy 164 and CTY I was 8.80 inches! Also on the 13th in the afternoon, 3.4 inches of rain fell at the home of an Amateur Radio operator in the southeast part of the city of Milwaukee. Urban flooding resulted. Some closed roads in both Waukesha and Milwaukee Counties had 3 feet of water on them. Urban flooding affected the Port Washington area (Ozaukee Co.) after about 2 inches of rain fell in about 75 minutes during the afternoon hours. A couple roads were closed in that city. Urban flooding was also reported in Ft. Atkinson (Jefferson Co.) after the tornado event. Heavy rains in this city produced swift currents that knocked a boy down, sending him through a culvert. He was rescued by the Fire Department, and treated for slight injuries.","A weak tornado spun up 1.8 miles southwest of Ft. Atkinson near the Rock River, and proceeded to move east-southeast across the far southern parts of the city to just north of the intersection of Hwy 89 and M, and then across rural, farm locations to a point just west of N about .5 mile north of Cold Spring. Maximum wind speeds were estimated to be in the 52 to 61 kts (60 to 70) mph range based on F0 damage left behind. Some light damage to shingles and siding was noted on several residential homes. Several large trees were uprooted, and loose lumber and debris was picked up at a lumber yard. At other locations along the path, lawn furniture and other objects were overturned or displaced. Eyewitness reports indicated that the condensation funnel was not visible all the way to the ground, but they noted that dirt was ingested into the circulation, thereby making the tornado visible at ground level. There were no fatalities or injuries. Meteorologically, the tornado was the result of two thunderstorm cells, in a line of storms along a cold front, merging just southwest of Ft. Atkinson. No other severe weather was reported.",WI,2002-08-13 17:02:00,2002-08-13 17:16:00,True,True
1143448,5315363,Texas,39,Brazoria,HGX,2002-09-06 23:45:00,CST,2002-09-06 23:46:00,0,0,0,0,5K,,EMERGENCY MANAGER,F0,Unknown,0.1,0.1,,,,,29.05,-95.45,29.05,-95.45,,Tornado sighted west Lake Jackson and CR 332 (very brief touchdown).,TX,2002-09-07 00:45:00,2002-09-07 00:46:00,True,True
1143448,5315365,Texas,321,Matagorda,HGX,2002-09-06 23:55:00,CST,2002-09-06 23:58:00,0,0,0,0,60K,,EMERGENCY MANAGER,F0,Unknown,4.0,0.2,,,,,28.96667,-95.8,29.0,-95.85,,Tornado destroyed a storm on FM 457 between Van Vleck and Cedar Lane.,TX,2002-09-07 00:55:00,2002-09-07 00:58:00,True,True
1143449,5315366,Texas,39,Brazoria,HGX,2002-09-07 00:30:00,CST,2002-09-07 00:35:00,0,0,0,0,25K,,EMERGENCY MANAGER,F0,Unknown,0.2,0.1,,,,,29.15,-95.65,29.15,-95.65,,Tornado downed numerous trees in West Columbia along Hwy 36.,TX,2002-09-07 01:30:00,2002-09-07 01:35:00,True,True
1143449,5315367,Texas,481,Wharton,HGX,2002-09-07 01:15:00,CST,2002-09-07 01:20:00,0,0,0,0,75K,,EMERGENCY MANAGER,F0,Unknown,0.2,0.1,,,,,29.26667,-95.95,29.26667,-95.95,,"Tornado destroyed one mobile home, damaged three others and tore apart a barn in Boling.",TX,2002-09-07 02:15:00,2002-09-07 02:20:00,True,True
1142635,5317443,Minnesota,29,Clearwater,FGF,2002-08-11 19:55:00,CST,2002-08-11 19:56:00,0,0,0,0,,,GENERAL PUBLIC,F0,Unknown,0.2,25.0,,,,,47.5,-95.26667,47.5,-95.26667,,A brief touchdown knocked down a few trees in a yard.,MN,2002-08-11 20:55:00,2002-08-11 20:56:00,True,True
1143185,5315985,Kansas,25,Clark,DDC,2002-08-12 18:36:00,CST,2002-08-12 18:36:00,0,0,0,0,0,0,TRAINED SPOTTER,F0,Unknown,0.1,30.0,,,,,37.43333,-99.98333,37.43333,-99.98333,,A brief landspout lasted less than a minute.,KS,2002-08-12 19:36:00,2002-08-12 19:36:00,True,True
1143436,5316644,Indiana,129,Posey,PAH,2002-09-20 09:40:00,CST,2002-09-20 09:41:00,0,0,0,0,,,GENERAL PUBLIC,F0,Unknown,0.2,40.0,,,,,37.85,-88.0,37.85,-88.0,,A brief touchdown was reported in rural farm country southwest of Mount Vernon. No damage was found. The parent thunderstorm later produced a stronger tornado near Poseyville in northern Posey County.,IN,2002-09-20 10:40:00,2002-09-20 10:41:00,True,True
1143184,5315978,Kansas,57,Ford,DDC,2002-08-11 21:44:00,CST,2002-08-11 21:57:00,0,0,0,0,,,NWS STORM SURVEY,F1,Unknown,6.5,50.0,,,,,37.8,-100.01667,37.78333,-99.91667,,"This tornado became wrapped in rain and hit three homes causing significant roof damage. On one house, parts of the roof blew through an adjacent garage causing heavy damage.",KS,2002-08-11 22:44:00,2002-08-11 22:57:00,True,True
1143396,5315946,Louisiana,59,La Salle,SHV,2002-10-03 15:56:00,CST,2002-10-03 16:02:00,0,0,0,0,,,TRAINED SPOTTER,F1,Unknown,1.5,25.0,,,,,31.46667,-92.23333,31.5,-92.23333,,The tornado moved into extreme southern La Salle Parish from Grant Parish along the northeast eye wall of Tropical Storm Lili. Damage was confined to rural timberland approximately 2 miles northeast of the Camp Beauregard Wildlife Management Area or just between the Management Area and the Little River of extreme southeast Grant Parish. Small and moderate pines were snapped and pushed over.,LA,2002-10-03 16:56:00,2002-10-03 17:02:00,True,True
1141731,5314744,Indiana,77,Jefferson,LMK,2002-08-14 13:52:00,EST,2002-08-14 14:00:00,0,0,0,0,100K,,NWS STORM SURVEY,F1,100 mph,4.0,125.0,,,,,38.8,-85.65,38.83333,-85.6,,"The tornado path was mainly through a rural section of Jefferson County. F1 damage was noted in and around the town of Deputy, with estimated wind speeds of 100 mph. Several roofs were lifted off structures, and eye witnesses reported debris swirling in the air around the tornado. Debris consisted primarily of boards and limbs. Numerous trees were torn down and laid in varying directions along the tornado path.",IN,2002-08-14 14:52:00,2002-08-14 15:00:00,True,True
1143209,5316338,Louisiana,89,St. Charles,LIX,2002-08-22 11:25:00,CST,2002-08-22 11:25:00,0,0,0,0,,,EMERGENCY MANAGER,F0,Unknown,0.2,20.0,,,,,29.95,-90.35,29.95,-90.35,,A weak tornado was observed by law enforcement near the intersection of Interstate 310 and Highway 61.,LA,2002-08-22 12:25:00,2002-08-22 12:25:00,True,True
1141285,5314402,Nebraska,19,Buffalo,GID,2002-07-24 20:43:00,CST,2002-07-24 20:47:00,0,0,0,0,0,100K,NWS EMPLOYEE(OFF DUTY),F0,Unknown,2.0,35.0,,,,,40.85,-98.65,40.81667,-98.68333,"An ominous looking supercell dived southeast from around Ord to southwest of Hastings spawning tornadoes and damaging hail along its path. The structure of the severe thunderstorm was easily visible from many miles away. After producing large hail in northwest Valley county, a tornado was spotted by a volunteer fireman north of Arcadia. No damaged occurred. As the storm drove southeast, hail to the size of baseballs was reported from near Ravenna to south of Shelton. To the northeast of Shelton, another tornado was reported to have lasted about four minutes. No property damage was noted. Wind driven large hail did hammer much of Shelton and the surrounding areas. Windows were blown out, cars severely damaged and many roofs were deemed lost. Some crops in the area were leveled as damage totaled well into the millions. The storm continued to pound western Adams and eastern Kearney county with damaging hail and wind before falling apart in Franklin county around midnight.",An off-duty NWS employee and many other storm spotters witnessed the tornado north of Shelton. No significant damage was reported from the tornado itself as it bounced along the ground.,NE,2002-07-24 21:43:00,2002-07-24 21:47:00,True,True
1143129,5316557,Michigan,29,Charlevoix,APX,2002-08-01 12:58:00,EST,2002-08-01 13:01:00,0,0,0,0,,,LAW ENFORCEMENT,F1,Unknown,1.0,110.0,,,,,45.18333,-84.96667,45.18333,-84.96667,"Four waves of severe thunderstorms impacted northern Michigan during the morning, afternoon, and evening hours on the 1st. The first wave of severe thunderstorms struck the area during the early morning hours, initially knocking trees down in Tahquamenon Falls State Park. The last of the storms exited northern Michigan into Lake Huron during the evening hours.Three tornadoes were associated with the severe thunderstorms, but none of these crossed county boundaries.","Numerous trees down, some onto structures and vehicles. Roof damage to several buildings.",MI,2002-08-01 13:58:00,2002-08-01 14:01:00,True,True
1141636,5314368,Minnesota,139,Scott,MPX,2002-08-03 17:54:00,CST,2002-08-03 17:56:00,0,0,0,0,,,TRAINED SPOTTER,F0,Unknown,0.2,25.0,,,,,44.61667,-93.73333,44.61667,-93.73333,,Brief touchdown in open field.,MN,2002-08-03 18:54:00,2002-08-03 18:56:00,True,True
1141636,5314262,Minnesota,143,Sibley,MPX,2002-08-03 17:21:00,CST,2002-08-03 17:23:00,0,0,0,0,,,FIRE DEPT/RESCUE SQUAD,F0,Unknown,0.5,50.0,,,,,44.63333,-94.03333,44.63333,-94.03333,,Touched down in open field.,MN,2002-08-03 18:21:00,2002-08-03 18:23:00,True,True
1143310,5315733,Ohio,3,Allen,IWX,2002-09-20 15:41:00,EST,2002-09-20 15:42:00,0,0,0,0,50K,,EMERGENCY MANAGER,F1,Unknown,0.1,25.0,,,,,40.83333,-84.23333,40.83333,-84.23333,,Emergency management reported power lines and large trees were blown down. 6 homes suffered shingle and window damage.,OH,2002-09-20 16:41:00,2002-09-20 16:42:00,True,True
1141317,5314573,Wyoming,1,Albany,CYS,2002-08-24 12:28:00,MST,2002-08-24 12:32:00,0,0,0,0,,,GENERAL PUBLIC,F0,Unknown,0.2,25.0,,,,,41.15,-105.36667,41.15,-105.36667,,Weak tornado spotted in Pole Mountain military reservation.,WY,2002-08-24 13:28:00,2002-08-24 13:32:00,True,True
1141318,5314574,Nebraska,45,Dawes,CYS,2002-08-24 12:49:00,MST,2002-08-24 12:57:00,0,0,0,0,,,GENERAL PUBLIC,F0,Unknown,0.2,20.0,,,,,42.63333,-103.25,42.63333,-103.25,,Weak tornado briefly touched down.,NE,2002-08-24 13:49:00,2002-08-24 13:57:00,True,True
1141319,5314575,Wyoming,15,Goshen,CYS,2002-08-24 15:17:00,MST,2002-08-24 15:25:00,0,0,0,0,,,GENERAL PUBLIC,F0,Unknown,0.2,25.0,,,,,41.91667,-104.78333,41.91667,-104.78333,,Weak tornado spotted over open country.,WY,2002-08-24 16:17:00,2002-08-24 16:25:00,True,True
1143317,5315741,Alabama,89,Madison,BMX,2002-09-18 13:40:00,CST,2002-09-18 13:41:00,0,0,0,0,0K,0K,GENERAL PUBLIC,F0,Unknown,0.1,20.0,,,,,34.83333,-86.56667,34.83333,-86.56667,,A small tornado touched down briefly in a cotton field just southwest of the intersection of Countess Road and US 231 just south of Meridianville. A storm spotter video taped the funnel cloud just prior to the touchdown. Beg: 34 49.627/86 34.441 End: 34 49.686/86 34.360,AL,2002-09-18 14:40:00,2002-09-18 14:41:00,True,True
1143184,5315917,Kansas,83,Hodgeman,DDC,2002-08-11 22:00:00,CST,2002-08-11 22:00:00,0,0,0,0,,,GENERAL PUBLIC,F1,Unknown,0.2,50.0,,,,,38.0,-99.9,38.0,-99.9,,"A mobile home was completely demolished and there was heavy tree damage with the rapidly moving small tornado. Also, a heavy sign was bent over by the wind at this location (race track).",KS,2002-08-11 23:00:00,2002-08-11 23:00:00,True,True
1141292,5314480,Michigan,25,Calhoun,GRR,2002-07-27 21:30:00,EST,2002-07-27 21:41:00,0,0,0,0,150K,75K,NWS STORM SURVEY,F1,Unknown,1.5,800.0,,,,,42.33333,-85.26667,42.31667,-85.18333,"A F1 tornado touched down about one mile east of Augusta (Kalamazoo county). The tornado passed through Ft. Custer (Calhoun county) and continued to move through western Calhoun county, ending near Hill Brady road, about one mile northwest of the Battle Creek airport. The damage path was approximately 800 yards wide and path length was 3 miles long. Extensive tree damage occurred in the Fort Custer area and the roof was blown off a firing range shelter. Maximum winds were estimated at 80 mph After the tornado ended, downburst damage continued for several more miles in Calhoun county. A parked tractor trailer was blown over and some minor roof damage occurred northwest of Battle Creek. The Battle Creek Airport recorded a wind gust to 66 mph More damage occurred southeast of Battle Creek near the Marshall area, where a garage door was blown in and large tree limbs were blown down along 15 mile road west of Marshall. Top winds across that area were estimated at 70 mph A severe thunderstorm struck a campground and mobile home park along Swan Lake in Cheshire Township (southern Allegan county). Wind damage occurred over an area 300 yards wide and one eighth of a mile long. Trees were blown down onto mobile homes and small boats were blown out of the lake. Two minor injuries occurred. Top winds with the downburst were estimated at 70 mph A waterspout was also reported over Swan Lake. A severe thunderstorm blew down several trees in Delton (Barry county). Severe thunderstorm wind gusts also destroyed a 14 by 30 foot outbuilding, blew down numerous tree limbs, and damaged the siding and broke windows of a home near Lake Odessa (Ionia county).",,MI,2002-07-27 22:30:00,2002-07-27 22:41:00,True,True
1143458,5315469,Indiana,83,Knox,IND,2002-09-20 11:37:00,EST,2002-09-20 11:58:00,2,0,0,0,1M,20K,LAW ENFORCEMENT,F2,Unknown,11.5,150.0,,,,,38.55,-87.43333,38.66667,-87.25,A tornado formed along a squall line in Pike county then moved across Knox and into Daviess counties. A few homes were destroyed in Knox county and several were damaged. A conservation officer in his vehicle was thrown an eighth of a mile by the tornado.,,IN,2002-09-20 12:37:00,2002-09-20 12:58:00,True,True
1143458,5315470,Indiana,27,Daviess,IND,2002-09-20 11:58:00,EST,2002-09-20 12:02:00,0,0,0,0,25K,10K,NWS EMPLOYEE(OFF DUTY),F2,Unknown,1.1,150.0,,,,,38.66667,-87.23333,38.71667,-87.23333,A tornado formed along a squall line in Pike county then moved across Knox and into Daviess counties. A few homes were destroyed in Knox county and several were damaged. A conservation officer in his vehicle was thrown an eighth of a mile by the tornado.,,IN,2002-09-20 12:58:00,2002-09-20 13:02:00,True,True
1143459,5315471,Indiana,105,Monroe,IND,2002-09-20 12:59:00,EST,2002-09-20 13:05:00,0,0,0,0,10M,20K,TRAINED SPOTTER,F3,Unknown,10.5,150.0,,,,,39.23333,-86.61667,39.33333,-86.51667,"One of Indiana's longest tracking tornados formed along a squall line on the morning of September 20. The tornado touched down near Ellettsville in Monroe county and then remained on the ground for 112 miles before lifting in Blackford county. The tornado produced F3 damage at its strongest points. Nearly 100 single family homes were destroyed, along with several mobile homes. Some apartments were also destroyed. Many businesses and hundreds of homes received damage. Several counties were declared disaster areas.",,IN,2002-09-20 13:59:00,2002-09-20 14:05:00,True,True
1143459,5315472,Indiana,109,Morgan,IND,2002-09-20 13:05:00,EST,2002-09-20 13:35:00,28,0,0,0,15M,30K,TRAINED SPOTTER,F3,Unknown,20.0,150.0,,,,,39.36667,-86.53333,39.58333,-86.25,"One of Indiana's longest tracking tornados formed along a squall line on the morning of September 20. The tornado touched down near Ellettsville in Monroe county and then remained on the ground for 112 miles before lifting in Blackford county. The tornado produced F3 damage at its strongest points. Nearly 100 single family homes were destroyed, along with several mobile homes. Some apartments were also destroyed. Many businesses and hundreds of homes received damage. Several counties were declared disaster areas.",,IN,2002-09-20 14:05:00,2002-09-20 14:35:00,True,True
1141635,5314053,Minnesota,173,Yellow Medicine,MPX,2002-08-16 19:43:00,CST,2002-08-16 19:46:00,0,0,0,0,,,LAW ENFORCEMENT,F0,Unknown,0.2,25.0,,,,,44.65,-95.45,44.65,-95.45,,Brief touchdown in open field. Debris cloud noted.,MN,2002-08-16 20:43:00,2002-08-16 20:46:00,True,True
1143459,5315473,Indiana,81,Johnson,IND,2002-09-20 13:35:00,EST,2002-09-20 13:42:00,0,0,0,0,25M,10K,LAW ENFORCEMENT,F3,Unknown,7.5,150.0,,,,,39.53333,-86.21667,39.63333,-86.11667,"One of Indiana's longest tracking tornados formed along a squall line on the morning of September 20. The tornado touched down near Ellettsville in Monroe county and then remained on the ground for 112 miles before lifting in Blackford county. The tornado produced F3 damage at its strongest points. Nearly 100 single family homes were destroyed, along with several mobile homes. Some apartments were also destroyed. Many businesses and hundreds of homes received damage. Several counties were declared disaster areas.",,IN,2002-09-20 14:35:00,2002-09-20 14:42:00,True,True
1143459,5315474,Indiana,97,Marion,IND,2002-09-20 13:42:00,EST,2002-09-20 14:03:00,97,0,0,0,40M,,TRAINED SPOTTER,F2,Unknown,17.5,150.0,,,,,39.63333,-86.11667,39.9,-85.93333,"One of Indiana's longest tracking tornados formed along a squall line on the morning of September 20. The tornado touched down near Ellettsville in Monroe county and then remained on the ground for 112 miles before lifting in Blackford county. The tornado produced F3 damage at its strongest points. Nearly 100 single family homes were destroyed, along with several mobile homes. Some apartments were also destroyed. Many businesses and hundreds of homes received damage. Several counties were declared disaster areas.",,IN,2002-09-20 14:42:00,2002-09-20 15:03:00,True,True
1143396,5315869,Louisiana,43,Grant,SHV,2002-10-03 15:52:00,CST,2002-10-03 15:56:00,0,0,0,0,,,TRAINED SPOTTER,F1,Unknown,1.0,25.0,,,,,31.4,-92.28333,31.41667,-92.28333,,The tornado moved across extreme southeast Grant Parish along the northeast eye wall of Tropical Storm Lili. Damage was confined to rural timberland approximately 2 miles northeast of the Camp Beauregard Wildlife Management Area or just between the Management Area and the Little River of extreme southeast Grant Parish. Small and moderate pines were snapped and pushed over.,LA,2002-10-03 16:52:00,2002-10-03 16:56:00,True,True
1141688,5315314,Texas,335,Mitchell,MAF,2002-08-13 19:13:00,CST,2002-08-13 19:13:00,0,0,0,0,0,0,AIRPLANE PILOT,F0,Unknown,0.1,50.0,,,,,32.2,-100.75,32.2,-100.75,"The afternoon and evening of the 13th brought an active severe weather episode to West Texas. A cold front was slowly progressing across the southern plains...stretching from southwest Oklahoma into southeast New Mexico by late afternoon. A surface trough of low pressure was located south of the front across the Trans Pecos Region. Numerous severe thunderstorms developed across the area, a few of which took on supercellular characteristics. These storms resulted in hail to the size of baseballs and one tornado. Despite the amount of severe weather which took place across the area on the 13th, reports of damage were very limited.",A commercial airline pilot reported a brief tornado in southeast Mitchell County. Radar representation of the storm indicated the tornado was likely near Highway 208 about 15 miles SSE of Colorado City. No damage was reported by the local authorities.,TX,2002-08-13 20:13:00,2002-08-13 20:13:00,True,True
1143165,5315566,Michigan,133,Osceola,GRR,2002-08-01 19:15:00,EST,2002-08-01 19:20:00,1,0,0,0,500K,100K,LAW ENFORCEMENT,F1,Unknown,6.5,850.0,,,,,44.1,-85.45,44.1,-85.45,"A F1 tornado struck Tustin (Osceola county) during the late evening hours of the first of August. The maximum winds were estimated to have peaked at the 100 to 110 mph range... ranking the tornado as a F1 on the Fujita scale. The tornado traveled from west to east and left a damage path that was 6.5 miles long and about a half mile wide. The storm traveled along 21 mile road passing about one mile north of the center of Tustin. The path of damage began about half a mile west of the intersection of 230th Avenue and 21 Mile Road. From there the tornado intensified and moved east. The worst damage occurred along 21 Mile Road between 220th and 200th Avenues. Numerous trees were snapped off or uprooted and several outbuildings and homes incurred roof damage from the high winds and falling trees. A garage attached to a house was destroyed and a camper was flipped over near the intersection of 21 Mile Road and 200th Avenue. The tornado continued east crossing U.S. 131 and ending between Makinaw trail and 170th Avenue, about two miles northeast of the center of Tustin. Numerous reports of downed trees and power lines were received from across most of southwestern and west central lower Michigan with severe thunderstorms through the late evening hours. One isolated report of three quarters inch hail was received from spotters in New Era (Oceana county).",,MI,2002-08-01 20:15:00,2002-08-01 20:20:00,True,True
1143449,5315369,Texas,157,Fort Bend,HGX,2002-09-07 02:15:00,CST,2002-09-07 02:20:00,3,0,0,0,100K,,EMERGENCY MANAGER,F1,Unknown,0.2,0.2,,,,,29.4,-95.83333,29.4,-95.83333,,Tornado injured three when mobile home was destroyed; numerous trees down too.,TX,2002-09-07 03:15:00,2002-09-07 03:20:00,True,True
1143309,5315671,Indiana,9,Blackford,IWX,2002-09-20 15:10:00,EST,2002-09-20 15:20:00,0,0,0,0,,,NWS STORM SURVEY,F1,Unknown,10.0,75.0,,,,,40.4,-85.43333,40.5,-85.3,,"NWS officials reported the tornado touched down and lifted numerous times along the path. This tornado was produced by the same parent supercell that produced several tornadoes in the Indianapolis WFO CWA. Most of the damage occurred as it passed through Hartford City. A building at Ag Best, a fertilizer plant, was torn apart. Vehicles were also damaged at this business. The 4-H building suffered damage to its south and east sides. Numerous reports of trees and power lines were noted along the track, with trees falling down across from Southside school in Hartford City.",IN,2002-09-20 16:10:00,2002-09-20 16:20:00,True,True
1143310,5315675,Ohio,161,Van Wert,IWX,2002-09-20 16:15:00,EST,2002-09-20 16:17:00,0,0,0,0,,,EMERGENCY MANAGER,F0,Unknown,4.0,100.0,,,,,40.86667,-84.56667,40.9,-84.55,,"County Emergency Management reported the tornado touched down at 300 yards north of Kear Road in the city of Van Wert and 300 yards east of John Brown Road. It continued on the ground for around 4 miles, causing roof damage to 3 homes, as numerous trees twisted and snapped. A barn was also damaged by the tornado. The tornado lifted 1 mile east of US-127 and 1/2 mile north of Convoy Rd. There was another brief touchdown at US-127 and 1/2 mile north of Fife Road, where the tornado traveled roughly 100 yards before dissipating.",OH,2002-09-20 17:15:00,2002-09-20 17:17:00,True,True
1141484,5314345,North Carolina,55,Dare,MHX,2002-08-26 08:05:00,EST,2002-08-26 08:05:00,0,0,0,0,10K,,LAW ENFORCEMENT,F0,Unknown,0.1,50.0,,,,,35.35,-75.51667,35.35,-75.51667,,A weak short lived tornado moved onshore the Outer Banks near Avon causing roof and porch damage to several homes.,NC,2002-08-26 09:05:00,2002-08-26 09:05:00,True,True
1143459,5315478,Indiana,35,Delaware,IND,2002-09-20 14:54:00,EST,2002-09-20 15:10:00,0,0,0,0,3M,15K,NWS EMPLOYEE(OFF DUTY),F2,Unknown,11.0,100.0,,,,,40.28333,-85.53333,40.36667,-85.43333,"One of Indiana's longest tracking tornados formed along a squall line on the morning of September 20. The tornado touched down near Ellettsville in Monroe county and then remained on the ground for 112 miles before lifting in Blackford county. The tornado produced F3 damage at its strongest points. Nearly 100 single family homes were destroyed, along with several mobile homes. Some apartments were also destroyed. Many businesses and hundreds of homes received damage. Several counties were declared disaster areas.",,IN,2002-09-20 15:54:00,2002-09-20 16:10:00,True,True
1143460,5315479,Indiana,65,Henry,IND,2002-09-20 14:47:00,EST,2002-09-20 14:58:00,0,0,0,0,2M,10K,LAW ENFORCEMENT,F2,Unknown,6.0,100.0,,,,,40.03333,-85.51667,40.05,-85.53333,,"A tornado formed along a squall line. Ten single family homes sustained major damage. As the tornado passed through a trailer park, 30 trailer homes sustained major damage.",IN,2002-09-20 15:47:00,2002-09-20 15:58:00,True,True
1143461,5315480,Indiana,139,Rush,IND,2002-09-20 15:03:00,EST,2002-09-20 15:04:00,0,0,0,0,500K,5K,LAW ENFORCEMENT,F0,Unknown,1.0,100.0,,,,,39.6,-85.43333,39.61667,-85.43333,,A tornado formed along a squall line. Two mobile homes and two barns were destroyed.,IN,2002-09-20 16:03:00,2002-09-20 16:04:00,True,True
1141309,5314565,Wyoming,21,Laramie,CYS,2002-08-24 12:22:00,MST,2002-08-24 12:35:00,0,0,0,0,,,NWS EMPLOYEE(OFF DUTY),F0,Unknown,0.3,20.0,,,,,41.13333,-105.23333,41.13333,-105.23333,,A very weak tornado or landspout developed under a weak thunderstorm over extremewestern Laramie county near Curt Gowdy State Park.,WY,2002-08-24 13:22:00,2002-08-24 13:35:00,True,True
1143298,5315505,Texas,389,Reeves,MAF,2002-09-13 14:30:00,CST,2002-09-13 14:40:00,0,0,0,0,0,0,GENERAL PUBLIC,F0,Unknown,2.0,75.0,,,,,31.08333,-104.0,31.06667,-103.96667,"The afternoon and evening of the 13th brought an active severe weather situation to West Texas. The primary severe weather mode was multicell storm structures with damaging winds. However, a few storms exhibited supercellular characteristics, and one tornado was documented in western Reeves County. Large hail to the size of golfballs was also reported. The most significant damage reports were received from the West Odessa and Odessa areas in Ector County. Winds up to 100 mph were reported with the first severe storm to impact that area, but those reports could not be substantiated by a NWS damage survey. A second complex of storms affecting the area resulted in 70 mph winds. Damage was also reported from thunderstorm winds in Kermit and Fort Stockton.",A truck driver traveling on Interstate 10 in western Reeves County reported and photographed a tornado. The tornado was located just north of the interstate...a few miles east of the Interstate 10 and Interstate 20 junction.,TX,2002-09-13 15:30:00,2002-09-13 15:40:00,True,True
1141990,5313732,Nevada,31,Washoe,REV,2002-08-01 16:15:00,PST,2002-08-01 16:15:00,0,0,0,0,,,LAW ENFORCEMENT,F0,Unknown,0.1,100.0,,,,,39.6,-119.7,39.6,-119.7,"Severe thunderstorms moving through the region dropped 3/4 hail over northwest Reno between 4:00 pm and 4:30 pm PDT. This hail accumulated to a depth of half an inch. At approximately 5:15 pm PDT, a sheriff's deputy reported a tornado, nearly stationary and growing in size over La Posada Dr. in Spanish Springs, NV.",tornado in Spanish Springs,NV,2002-08-01 17:15:00,2002-08-01 17:15:00,True,True
1142175,5313101,Colorado,75,Logan,BOU,2002-08-24 16:27:00,MST,2002-08-24 16:27:00,0,0,0,0,,,TRAINED SPOTTER,F0,Unknown,0.1,50.0,,,,,40.55,-103.45,40.55,-103.45,,A small tornado touched down but did no damage.,CO,2002-08-24 17:27:00,2002-08-24 17:27:00,True,True
1142180,5313312,Colorado,35,Douglas,BOU,2002-08-29 14:05:00,MST,2002-08-29 14:19:00,0,0,0,0,100K,,NWS STORM SURVEY,F0,Unknown,0.1,50.0,,,,,39.53333,-104.73333,39.53333,-104.73333,,"The first tornado, associated with a multi-vortex storm, touched down briefly near E-470 and South Jordan Road. Some fences were damaged and a few trees were blow down. A few of the homes also sustained minor roof damage.",CO,2002-08-29 15:05:00,2002-08-29 15:19:00,True,True
1142180,5313313,Colorado,5,Arapahoe,BOU,2002-08-29 14:11:00,MST,2002-08-29 14:30:00,1,0,0,0,6M,,NWS STORM SURVEY,F1,Unknown,0.1,50.0,,,,,39.56667,-104.78333,39.56667,-104.78333,,"The second tornado, associated with the storm, touched down in a subdivision that was under construction at Gartrell and Arapahoe Road. Four large condominiums under construction were destroyed. The most heavily damaged portions of the structures had not been sheet rocked. Adjacent sections, where the walls were in place, were not destroyed. A man suffered four broken ribs and several cuts and bruises when the trailer he sought shelter in, was flipped three times and torn apart by the tornado.",CO,2002-08-29 15:11:00,2002-08-29 15:30:00,True,True
1141421,5313917,Nebraska,49,Deuel,LBF,2002-08-24 14:13:00,MST,2002-08-24 14:13:00,0,0,0,0,20K,2K,GENERAL PUBLIC,F0,Unknown,0.1,25.0,,,,,41.1,-102.18333,41.1,-102.18333,,The tornado made a brief touchdown which damaged some out buildings and overturned a center pivot irrigation system.,NE,2002-08-24 15:13:00,2002-08-24 15:13:00,True,True
1141421,5313919,Nebraska,135,Perkins,LBF,2002-08-24 14:54:00,MST,2002-08-24 14:54:00,0,0,0,0,1K,1K,GENERAL PUBLIC,F0,Unknown,0.1,25.0,,,,,40.88333,-101.96667,40.88333,-101.96667,,The tornado touched down only briefly in open rangeland.,NE,2002-08-24 15:54:00,2002-08-24 15:54:00,True,True
1141421,5313923,Nebraska,29,Chase,LBF,2002-08-24 15:45:00,MST,2002-08-24 15:45:00,0,0,0,0,1K,2K,GENERAL PUBLIC,F0,Unknown,0.1,25.0,,,,,40.46667,-101.51667,40.46667,-101.51667,,The tornado touched down only briefly in open rangeland.,NE,2002-08-24 16:45:00,2002-08-24 16:45:00,True,True
1142159,5312856,Iowa,105,Jones,DVN,2002-08-23 19:06:00,CST,2002-08-23 19:06:00,0,0,0,0,,,TRAINED SPOTTER,F0,Unknown,0.1,10.0,,,,,42.11667,-91.03333,42.11667,-91.03333,,An F0 tornado touched down briefly between Center Junction and Onslow damaging a few trees in a wooded area. No damage to homes or other structures and no injuries were reported.,IA,2002-08-23 20:06:00,2002-08-23 20:06:00,True,True
1142179,5313307,Colorado,123,Weld,BOU,2002-08-28 19:00:00,MST,2002-08-28 19:00:00,0,0,0,0,0,0,TRAINED SPOTTER,F0,Unknown,0.1,50.0,,,,,40.96667,-104.26667,40.96667,-104.26667,,A tornado touched down briefly but did no damage.,CO,2002-08-28 20:00:00,2002-08-28 20:00:00,True,True
1141292,5314479,Michigan,77,Kalamazoo,GRR,2002-07-27 21:25:00,EST,2002-07-27 21:30:00,0,0,0,0,100K,40K,NWS STORM SURVEY,F1,Unknown,1.5,800.0,,,,,42.33333,-85.35,42.23333,-85.33333,"A F1 tornado touched down about one mile east of Augusta (Kalamazoo county). The tornado passed through Ft. Custer (Calhoun county) and continued to move through western Calhoun county, ending near Hill Brady road, about one mile northwest of the Battle Creek airport. The damage path was approximately 800 yards wide and path length was 3 miles long. Extensive tree damage occurred in the Fort Custer area and the roof was blown off a firing range shelter. Maximum winds were estimated at 80 mph After the tornado ended, downburst damage continued for several more miles in Calhoun county. A parked tractor trailer was blown over and some minor roof damage occurred northwest of Battle Creek. The Battle Creek Airport recorded a wind gust to 66 mph More damage occurred southeast of Battle Creek near the Marshall area, where a garage door was blown in and large tree limbs were blown down along 15 mile road west of Marshall. Top winds across that area were estimated at 70 mph A severe thunderstorm struck a campground and mobile home park along Swan Lake in Cheshire Township (southern Allegan county). Wind damage occurred over an area 300 yards wide and one eighth of a mile long. Trees were blown down onto mobile homes and small boats were blown out of the lake. Two minor injuries occurred. Top winds with the downburst were estimated at 70 mph A waterspout was also reported over Swan Lake. A severe thunderstorm blew down several trees in Delton (Barry county). Severe thunderstorm wind gusts also destroyed a 14 by 30 foot outbuilding, blew down numerous tree limbs, and damaged the siding and broke windows of a home near Lake Odessa (Ionia county).",,MI,2002-07-27 22:25:00,2002-07-27 22:30:00,True,True
1142357,5313607,Kansas,23,Cheyenne,GLD,2002-08-26 14:35:00,MST,2002-08-26 14:35:00,0,0,0,0,,,AMATEUR RADIO,F0,Unknown,0.3,25.0,,,,,39.7,-101.71667,39.7,-101.71667,"During the early afternoon hours on Monday, August 26th, thunderstorms developed rapidlyalong a thunderstorm outflow boundary in Dundy and Hitchcock counties in SW Nebraska. Thestorms quickly intensified to severe levels, with the first report of large hail occurring at 140 pmMDT in SE Dundy County. During the next 30 minutes, reports of softball-size hail (4""diameter), 87 mph winds and a tornado were received. For the next six hours, a small cluster ofthunderstorms approximately two counties wide continued to produce violent weather acrosswestern Kansas as the storms moved south at speeds ranging from 5 mph on the eastern extent ofthe cluster, to 50 mph on the western extent.The western edge of the thunderstorms stretched to the Kansas-Colorado border, where thestrongest straight-line wind reports were received. A 91 mph wind gust was reported at the BirdCity airport in Cheyenne County, KS at 311 pm MDT, and a 96 mph gust from the north wasmeasured by the public 4 miles east of Kanorado in Sherman County, KS at 450 pm MDT. Otherwind reports over 70 mph were received from Kit Carson and Cheyenne counties in easternColorado, and also in Wallace county, KS.Further east, much slower storm movement resulted in flash flooding across Rawlins, Thomasand Logan counties in Kansas. The city of Colby closed roads for a few hours which were madetemporarily impassible due to high water and debris. Minor wind damage was also reported inColby. Both forks of Beaver Creek rose rapidly in Rawlins county Monday evening whererainfall over 6 inches fell in a several hour period. Flood warnings were issued Monday eveningand were continued through Tuesday with flooding reported in many areas of Atwood.Some highlights across the region include:Kanorado, Kansas (SW Sherman County): Significant and widespread tree damage occurredthroughout town. A grain dryer broke loose from a grain elevator and toppled into an electricpole, which cut power to the town for three hours. Portions of roofs were removed from anabandoned school, and from a downtown business. Several people reported seeing a brief tornadoto the north of town as the storm approached, however, the damage pattern throughout townindicated a straight-line wind event in Kanorado. Sharon Springs, Kansas (Wallace County): Significant damage occurred to 3 hangars at theairport, and approximately 10 power poles were blown down one-half mile north of the airport.All debris was blown to the southwest, with structural damage occurring on the east andnortheast sides of the buildings indicating an intense straight-line wind event. In town, numerouswindows were broken on the north sides of buildings, and mostly minor tree damage was noted. Baseball-size hail (2.75"" diameter) was reported several miles east of Sharon Springs.Wallace, Kansas (Wallace County): Fifteen railroad cars were blown over. The cars wereempty, with a posted weight of 31 tons each. Nearby, two large grain bins were heavily damagedand pushed over to the south. Widespread tree and limb damage occurred in town, and numerouswindows were broken.",Brief touchdown. No known damage.,KS,2002-08-26 15:35:00,2002-08-26 15:35:00,True,True
1138903,5308021,Florida,11,Broward,MFL,2002-08-02 15:15:00,EST,2002-08-02 15:15:00,0,0,0,0,25K,,EMERGENCY MANAGER,F0,Unknown,0.5,10.0,,,,,26.01667,-80.15,26.01667,-80.15,,Several mobile homes suffered minor damage to awnings and antennae.,FL,2002-08-02 16:15:00,2002-08-02 16:15:00,True,True
1140852,5310188,Montana,69,Petroleum,GGW,2002-07-08 16:10:00,MST,2002-07-08 16:15:00,0,0,0,0,,,LAW ENFORCEMENT,F0,Unknown,2.0,50.0,,,,,47.21667,-108.35,47.21667,-108.35,,Two spotters saw a tornado 15 miles north of Winnett. It travelled through a rural area and caused no damage.,MT,2002-07-08 17:10:00,2002-07-08 17:15:00,True,True
1142398,5312530,South Dakota,53,Gregory,FSD,2002-08-09 16:45:00,CST,2002-08-09 16:50:00,0,0,0,0,1M,,LAW ENFORCEMENT,F2,Unknown,2.0,200.0,,,,,43.11667,-99.2,43.11667,-99.16667,,"A tornado destroyed a church, a county highway shop, several garages, several small sheds, a mobile home, a camper, and a ten thousand bushel silo. The church was ripped from its foundation, with debris and contents blown over a wide area. Tree damage includes uprooted trees, and power lines were blown down. A resulting power outage lasted for several hours. Windows in many homes and some businesses were broken. The Herrick Honey House was severely damaged, and a honey truck was tipped over. Holes were punched in the walls of some houses by flying debris.",SD,2002-08-09 17:45:00,2002-08-09 17:50:00,True,True
1141353,5309450,Wyoming,31,Platte,CYS,2002-08-29 14:05:00,MST,2002-08-29 14:11:00,0,0,0,0,,,TRAINED SPOTTER,F0,Unknown,0.2,20.0,,,,,41.73333,-104.81667,41.73333,-104.81667,,Brief tornado reported over open country.,WY,2002-08-29 15:05:00,2002-08-29 15:11:00,True,True
1141143,5310431,Florida,105,Polk,TBW,2002-08-14 15:50:00,EST,2002-08-14 15:50:00,0,0,0,0,,3K,BROADCAST MEDIA,F0,Unknown,0.5,40.0,,,,,27.95,-81.96667,27.95,-81.96667,,Numerous trees down near Pipkin Rd and County Line Rd.,FL,2002-08-14 16:50:00,2002-08-14 16:50:00,True,True
1141422,5309454,Nebraska,161,Sheridan,LBF,2002-08-26 14:10:00,MST,2002-08-26 14:10:00,0,0,0,0,1K,1K,GENERAL PUBLIC,F0,Unknown,0.5,10.0,,,,,42.45,-102.45,42.45,-102.45,,The tornado touched down briefly over open rangeland.,NE,2002-08-26 15:10:00,2002-08-26 15:10:00,True,True
1140622,5309850,Colorado,121,Washington,BOU,2002-07-01 19:50:00,MST,2002-07-01 19:50:00,0,0,0,0,0,0,TRAINED SPOTTER,F0,Unknown,0.1,50.0,,,,,39.8,-103.0,39.8,-103.0,,A tornado touched down briefly but did no damage.,CO,2002-07-01 20:50:00,2002-07-01 20:50:00,True,True
1140852,5310087,Montana,105,Valley,GGW,2002-07-08 18:25:00,MST,2002-07-08 18:30:00,0,0,0,0,10K,,NWS STORM SURVEY,F0,Unknown,0.1,50.0,,,,,48.4,-107.2,48.4,-107.2,,A small tornado damaged a shed and metal livestock stall on a ranch 5 miles west of Hinsdale.,MT,2002-07-08 19:25:00,2002-07-08 19:30:00,True,True
1140852,5310088,Montana,105,Valley,GGW,2002-07-08 18:15:00,MST,2002-07-08 18:15:00,0,0,0,0,,,TRAINED SPOTTER,F0,Unknown,0.1,50.0,,,,,47.73333,-107.31667,47.73333,-107.31667,,"A spotter reported a tornado on their ranch. It did not stay on the ground for long, and caused no damage.",MT,2002-07-08 19:15:00,2002-07-08 19:15:00,True,True
1142355,5313539,Nebraska,57,Dundy,GLD,2002-08-26 13:05:00,MST,2002-08-26 13:05:00,0,0,0,0,,,BROADCAST MEDIA,F0,Unknown,0.3,25.0,,,,,40.08333,-101.5,40.08333,-101.5,"During the early afternoon hours on Monday, August 26th, thunderstorms developed rapidlyalong a thunderstorm outflow boundary in Dundy and Hitchcock counties in SW Nebraska. Thestorms quickly intensified to severe levels, with the first report of large hail occurring at 140 pmMDT in SE Dundy County. During the next 30 minutes, reports of softball-size hail (4""diameter), 87 mph winds and a tornado were received. For the next six hours, a small cluster ofthunderstorms approximately two counties wide continued to produce violent weather acrosswestern Kansas as the storms moved south at speeds ranging from 5 mph on the eastern extent ofthe cluster, to 50 mph on the western extent.",Brief touchdown. No known damage.,NE,2002-08-26 14:05:00,2002-08-26 14:05:00,True,True
1140190,5311995,Florida,111,St. Lucie,MLB,2002-07-27 11:05:00,EST,2002-07-27 11:05:00,0,0,0,0,100K,0,NWS STORM SURVEY,F1,Unknown,0.1,30.0,,,,,27.45,-80.33333,27.45,-80.33333,,"An F1 tornado touched down in Ft. Pierce and remained nearly stationary for about one minute. It destroyed the service bay roof of a car dealership, and damaged 70 cars.",FL,2002-07-27 12:05:00,2002-07-27 12:05:00,True,True
1142007,5312630,Colorado,99,Prowers,PUB,2002-08-28 15:23:00,MST,2002-08-28 15:29:00,0,0,0,0,,,TRAINED SPOTTER,F0,Unknown,1.0,100.0,,,,,38.05,-102.65,38.05,-102.66667,,A tornado moved slowly south across open country causing no known damage.,CO,2002-08-28 16:23:00,2002-08-28 16:29:00,True,True
1142007,5312633,Colorado,99,Prowers,PUB,2002-08-28 16:40:00,MST,2002-08-28 16:57:00,0,0,0,0,,,TRAINED SPOTTER,F0,Unknown,1.0,50.0,,,,,37.96667,-102.46667,37.96667,-102.46667,,Another thunderstorm developed and caused a tornado which moved slowly south across open country causing no known damage.,CO,2002-08-28 17:40:00,2002-08-28 17:57:00,True,True
1139260,5309281,Nebraska,173,Thurston,OAX,2002-07-25 03:25:00,CST,2002-07-25 03:25:00,0,0,0,0,,,LAW ENFORCEMENT,F0,Unknown,0.1,20.0,,,,,42.1,-96.35,42.1,-96.35,,Law enforcement reported a brief touchdown of a small tornado in open country south of Macy.,NE,2002-07-25 04:25:00,2002-07-25 04:25:00,True,True
1142001,5312483,Colorado,71,Las Animas,PUB,2002-08-02 12:26:00,MST,2002-08-02 12:28:00,0,0,0,0,,,LAW ENFORCEMENT,F0,Unknown,0.1,10.0,,,,,37.28333,-104.38333,37.28333,-104.38333,,"A small, weak, short-lived tornado caused no known damage.",CO,2002-08-02 13:26:00,2002-08-02 13:28:00,True,True
1142001,5312484,Colorado,71,Las Animas,PUB,2002-08-02 13:26:00,MST,2002-08-02 13:45:00,0,0,0,0,,,LAW ENFORCEMENT,F0,Unknown,0.1,10.0,,,,,37.28333,-104.38333,37.28333,-104.38333,,"A small, weak tornado caused no known damage.",CO,2002-08-02 14:26:00,2002-08-02 14:45:00,True,True
1140722,5310860,Minnesota,63,Jackson,FSD,2002-07-10 19:07:00,CST,2002-07-10 19:10:00,0,0,0,0,,,LAW ENFORCEMENT,F0,Unknown,0.5,50.0,,,,,43.71667,-94.86667,43.71667,-94.86667,,A tornado developed over open country and caused no reported damage before crossing into Martin County.,MN,2002-07-10 20:07:00,2002-07-10 20:10:00,True,True
1141051,5310099,North Dakota,93,Stutsman,BIS,2002-08-11 15:00:00,CST,2002-08-11 15:20:00,0,0,0,0,650K,,NWS STORM SURVEY,F4,Unknown,1.0,300.0,,,,,46.95,-99.3,46.96667,-99.3,"The tornado formed 5 miles north of Medina, over open country, traveling slowly to the north...northeast. One farmstead was totally destroyed and the second farmstead suffered moderate damage. No injuries were reported but a family pet was killed.Other damage reported was a 9 ton grain truck moved 250 feet and destroyed, three other vehicles moved 150 to 250 feetand heavily damaged, and a farm tractor picked up and laid on top a farm pickup truck. Also destroyed were 5 transmissiontowers with a cost replacement of $200 thousand. The tornado was rated by National Weather Service Storm Survey Team.",,ND,2002-08-11 16:00:00,2002-08-11 16:20:00,True,True
1140409,5311597,Arkansas,119,Pulaski,LZK,2002-07-14 12:45:00,CST,2002-07-14 12:50:00,0,0,0,0,,,GENERAL PUBLIC,F0,Unknown,1.5,50.0,,,,,34.88333,-92.53333,34.86667,-92.56667,,A waterspout touched down on Lake Maumelle and traveled westward for about 1.5 miles before lifting. No damage occurred. The waterspout was observed by nearby boaters who were already ashore.,AR,2002-07-14 13:45:00,2002-07-14 13:50:00,True,True
1138908,5308026,Florida,11,Broward,MFL,2002-08-06 17:05:00,EST,2002-08-06 17:08:00,0,0,0,0,15K,,LAW ENFORCEMENT,F0,Unknown,0.1,10.0,,,,,25.98333,-80.15,25.98333,-80.15,,A tornado damaged a car port.,FL,2002-08-06 18:05:00,2002-08-06 18:08:00,True,True
1140578,5309502,South Dakota,85,Lyman,ABR,2002-07-24 19:14:00,CST,2002-07-24 19:15:00,0,0,0,0,,,GENERAL PUBLIC,F0,Unknown,0.1,20.0,,,,,44.1,-100.05,44.1,-100.05,,A tornado touched down briefly north of Presho and caused no damage. Path length and width were estimated.,SD,2002-07-24 20:14:00,2002-07-24 20:15:00,True,True
1140852,5310083,Montana,105,Valley,GGW,2002-07-08 18:40:00,MST,2002-07-08 18:45:00,0,0,0,0,100K,,NWS STORM SURVEY,F0,Unknown,0.5,50.0,,,,,48.01667,-106.4,48.01667,-106.4,,"A small tornado along the edge of a gust front damaged two modular homes and downed several trees in Park Grove. Many homes had some damage to awnings, and gutters and roofs.",MT,2002-07-08 19:40:00,2002-07-08 19:45:00,True,True
1141019,5309990,Indiana,133,Putnam,IND,2002-08-23 17:15:00,EST,2002-08-23 17:16:00,0,0,0,0,200K,,EMERGENCY MANAGER,F1,Unknown,0.1,50.0,,,,,39.65,-86.86667,39.65,-86.86667,,A tornado briefly touched down at the Putnam County Fairground and destroyed 1 horse stable and damaged one other building.,IN,2002-08-23 18:15:00,2002-08-23 18:16:00,True,True
1141026,5310355,North Dakota,89,Stark,BIS,2002-07-24 18:51:00,CST,2002-07-24 18:51:00,0,0,0,0,,,NEWSPAPER,F0,Unknown,0.0,40.0,,,,,46.9,-102.8,46.9,-102.8,,Tornado briefly touched ground over open country.,ND,2002-07-24 19:51:00,2002-07-24 19:51:00,True,True
1140863,5310498,Wisconsin,69,Lincoln,GRB,2002-07-30 18:25:00,CST,2002-07-30 18:25:00,0,0,0,0,5K,,NWS STORM SURVEY,F0,Unknown,0.1,25.0,,,,,45.26667,-89.56667,45.26667,-89.56667,"Thunderstorms moved through Wisconsin in very warm and unstable air ahead of a cold front. Severe thunderstorm winds and tornadoes downed trees and power lines and damaged buildings across a large swath of central, north central and east central Wisconsin. Thousands of trees and power lines were downed by high winds from the storms. An 11 year old Boy Scout was killed and another was seriously injured when trees landed on their tent at Camp Napowan (Waushara co.).High winds pushed a house off its foundation and blew a boat and trailer into a neighbor's yard near Merrill (Lincoln co.). Some downed trees damaged or destroyed buildings or vehicles when they fell. A church steeple was toppled by high winds and a tree landed on an SUV, boat and trailer in Neenah (Winnebago co.) According to utility company news releases, nearly 20,000 customers were without power at some time during the storms. As of noon the next day there were still about 3,250 customers in the Green Bay (Brown co.) area without electricity.The hardest hit areas appeared to be in Marathon, Lincoln, Shawano and Oconto counties. Three of the four confirmed tornadoes touched down in Lincoln county and the other touched down in Marathon county. A tornado that touched down 5 miles north of Merrill (Lincoln co.) skipped along the ground for 9 miles, destroying a barn and another structure, tearing roofs from some buildings and moving others from their foundations. Another tornado briefly touched down about 8.5 miles northeast of Merrill demolishing a mobile home and snapping trees and tree limbs. The other Lincoln county tornado touched down 10 miles northwest of Merrill and skipped along the ground for 1.25 miles. A tornado skipped along the ground for 2 miles in Mosinee (Marathon co.) causing significant tree damage on a hill east of the Wisconsin River.",,WI,2002-07-30 19:25:00,2002-07-30 19:25:00,True,True
1138103,5306145,Nebraska,81,Hamilton,GID,2002-06-10 19:35:00,CST,2002-06-10 19:35:00,0,0,0,0,0,0,NWS EMPLOYEE(OFF DUTY),F0,Unknown,0.2,20.0,,,,,40.71667,-98.05,40.71667,-98.05,Scattered severe thunderstorms developed during the evening hours across portions of south-central Nebraska. The storms started out just south of Grand Island and spread east. Two tornadoes were observed from these storms. The first was in northern Clay county and was reported by a storm chaser to have set down for about a mile. The second was observed by an off duty NWS meteorologist and was only one the ground for a brief time. No damage occurred from either tornado. Very heavy rains were reported across Hamilton county were some flooding occurred. Numerous hail reports from the area indicated that stones ranged from the size of nickels to golf balls.,A brief touch down along the flanking line of the thunderstorm as reported by an off duty NWS meteorologist.,NE,2002-06-10 20:35:00,2002-06-10 20:35:00,True,True
1139864,5307311,Pennsylvania,39,Crawford,CLE,2002-07-27 17:03:00,EST,2002-07-27 17:12:00,0,0,0,0,50K,,EMERGENCY MANAGER,F0,Unknown,3.0,25.0,,,,,41.83333,-80.25,41.83333,-80.25,,A small F0 tornado touched down a mile and a half southwest of Crossingville. The tornado then moved northeast along a path approximately three miles in length. The damage path was intermittent along it's entire length. Several dozen trees were downed.,PA,2002-07-27 18:03:00,2002-07-27 18:12:00,True,True
1140516,5309911,Minnesota,147,Steele,MPX,2002-07-18 12:01:00,CST,2002-07-18 12:07:00,0,0,0,0,,,LAW ENFORCEMENT,F1,Unknown,1.0,50.0,,,,,44.18333,-93.26667,44.18333,-93.25,,Damage to a farm north of Owatonna near I-35. Minor damage to farmstead. Corn flattened.,MN,2002-07-18 13:01:00,2002-07-18 13:07:00,True,True
1138851,5308392,Minnesota,119,Polk,FGF,2002-07-25 17:45:00,CST,2002-07-25 17:52:00,0,0,0,0,20K,,NWS STORM SURVEY,F1,Unknown,3.0,50.0,,,,,47.56667,-95.98333,47.51667,-95.95,,A metal shed roof was damaged and a steel bin roof was torn off 2 miles north of Winger. The path was intermittent.,MN,2002-07-25 18:45:00,2002-07-25 18:52:00,True,True
1139823,5306910,Maine,3,Aroostook,CAR,2002-07-23 11:10:00,EST,2002-07-23 11:11:00,0,0,0,0,,,GENERAL PUBLIC,F0,Unknown,0.2,30.0,,,,,46.27,-68.43333,46.27,-68.43333,,Tornado briefly snapped off trees at tree top level before lifitng back into the cloud.,ME,2002-07-23 12:10:00,2002-07-23 12:11:00,True,True
1144159,5319583,Georgia,3,Atkinson,JAX,2002-11-12 07:45:00,EST,2002-11-12 07:45:00,0,0,0,0,10K,,NWS STORM SURVEY,F0,Unknown,0.1,50.0,,,,,31.33333,-83.08333,31.33333,-83.08333,,Brief tornado touchdown along Highway 82. Several tree tops snapped and twisted. Several large trees down across roadway.,GA,2002-11-12 07:45:00,2002-11-12 07:45:00,False,False
1143623,5319757,Florida,91,Okaloosa,MOB,2002-09-25 13:30:00,CST,2002-09-25 13:35:00,0,0,0,0,20K,,EMERGENCY MANAGER,F0,Unknown,0.2,30.0,,,,,30.41667,-86.71667,30.41667,-86.71667,,A weak tornado blew down trees and power lines and did minor roof damage to a couple of homes and also damaged a couple of outbuildings near Florosa. The storm that spawned the tornado moved in from the Gulf of Mexico ahead of Tropical Storm Isidore.,FL,2002-09-25 14:30:00,2002-09-25 14:35:00,True,True
1144142,5319414,Georgia,181,Lincoln,CAE,2002-11-11 06:15:00,EST,2002-11-11 06:17:00,0,0,0,0,0,0,NWS STORM SURVEY,F0,Unknown,1.0,50.0,,,,,33.9,-82.56667,33.91667,-82.53333,,A strong F0 took down trees about 1 mile east of Chennault in very rural area.,GA,2002-11-11 06:15:00,2002-11-11 06:17:00,False,False
1144143,5319416,South Carolina,65,Mccormick,CAE,2002-11-11 05:45:00,EST,2002-11-11 05:55:00,2,0,0,0,,0,NWS STORM SURVEY,F0,Unknown,9.0,100.0,,,,,34.0,-82.48333,34.0,-82.33333,,"An F0 tornado traveled along SC hwy 19 east of Mt Carmel and took down trees and powerlines. The tornado traveled 4 miles, skipped 2 miles, then was on the ground another 3 miles. Two people suffered minor injuries when a tree fell in front of their vehicle and they crashed into it.",SC,2002-11-11 05:45:00,2002-11-11 05:55:00,False,False
1144143,5319417,South Carolina,65,Mccormick,CAE,2002-11-11 06:20:00,EST,2002-11-11 06:25:00,0,0,0,0,,0,NWS STORM SURVEY,F0,Unknown,5.0,100.0,,,,,33.93333,-82.48333,33.95,-82.4,,An F0 tornado took down trees and powerlines in rural McCormick County.,SC,2002-11-11 06:20:00,2002-11-11 06:25:00,False,False
1144289,5319519,Louisiana,55,Lafayette,LCH,2002-10-03 10:55:00,CST,2002-10-03 10:57:00,0,0,0,0,10K,,EMERGENCY MANAGER,F0,Unknown,1.0,10.0,,,,,30.21667,-92.1,30.21667,-92.1,Lafayette OEP reported a tornado sighting at the Acadia Parish border near Mire. Damage was confined to trees blown down and barn roofs ripped off.,,LA,2002-10-03 11:55:00,2002-10-03 11:57:00,True,True
1144290,5319520,Louisiana,39,Evangeline,LCH,2002-10-03 11:22:00,CST,2002-10-03 11:24:00,0,0,0,0,25K,,NWS STORM SURVEY,F0,Unknown,1.0,10.0,,,,,30.88333,-92.41667,30.88333,-92.41667,"NWS storm survey showed a tornado path on the south side of Turkey Creek, where several homes and businesses had roof damage and trees were blown down.",,LA,2002-10-03 12:22:00,2002-10-03 12:24:00,True,True
1144291,5319521,Louisiana,1,Acadia,LCH,2002-10-03 11:28:00,CST,2002-10-03 11:30:00,0,0,0,0,15K,,NWS STORM SURVEY,F0,Unknown,1.0,10.0,,,,,30.41667,-92.31667,30.41667,-92.31667,"A small tornado touched down near Richard, damaging barns and knocking trees down in this rural community.",,LA,2002-10-03 12:28:00,2002-10-03 12:30:00,True,True
1144292,5319522,Louisiana,39,Evangeline,LCH,2002-10-03 12:15:00,CST,2002-10-03 12:17:00,0,0,0,0,25K,,LAW ENFORCEMENT,F0,Unknown,1.0,10.0,,,,,30.63333,-92.41667,30.63333,-92.41667,A police officer saw a tornado touch down and cave in the roof of a home.,,LA,2002-10-03 13:15:00,2002-10-03 13:17:00,True,True
1144293,5319523,Louisiana,79,Rapides,LCH,2002-10-03 14:00:00,CST,2002-10-03 14:02:00,0,0,0,0,10K,,TRAINED SPOTTER,F0,Unknown,1.0,15.0,,,,,31.23333,-92.46667,31.25,-92.46667,"SKYWARN spotter reported a tornado in rural areas south of Alexandria, knocking down trees and damaging roofs to barns.",,LA,2002-10-03 15:00:00,2002-10-03 15:02:00,True,True
1144294,5319524,Louisiana,79,Rapides,LCH,2002-10-03 16:30:00,CST,2002-10-03 16:30:00,0,0,0,0,10K,,LAW ENFORCEMENT,F0,Unknown,1.0,10.0,,,,,31.15,-92.5,31.15,-92.5,"State Police reported a tornado in a field, causing minor damage to trees.",,LA,2002-10-03 17:30:00,2002-10-03 17:30:00,True,True
1144295,5319525,Texas,199,Hardin,LCH,2002-10-28 22:58:00,CST,2002-10-28 22:58:00,0,0,0,0,100K,,NWS STORM SURVEY,F1,Unknown,2.0,10.0,,,,,30.25,-94.21667,30.26667,-94.18333,"NWS storm survey indicated the worst damage occurred along Keith Road and Creekwood Road, where several new homes were damaged from flying debris or falling trees.",,TX,2002-10-28 22:58:00,2002-10-28 22:58:00,False,False
1144296,5319526,Louisiana,19,Calcasieu,LCH,2002-10-29 00:53:00,CST,2002-10-29 00:55:00,0,0,0,0,10K,,NWS STORM SURVEY,F0,Unknown,1.0,20.0,,,,,30.48333,-93.4,30.48333,-93.38333,A weak tornado developed in northern Calcasieu Parish. The only damage was to trees and power lines. This tornado moved into Beauregard Parish.,,LA,2002-10-29 00:53:00,2002-10-29 00:55:00,False,False
1144297,5319527,Louisiana,11,Beauregard,LCH,2002-10-29 00:55:00,CST,2002-10-29 00:57:00,2,0,0,0,300K,,NWS STORM SURVEY,F1,Unknown,1.0,20.0,,,,,30.46667,-93.4,30.46667,-93.4,"The tornado that originated in Calcasieu Parish moved into Beauregard Parish, destroying seven mobile homes. An elderly couple received minor injuries when their mobile home flipped over. While rescue workers were on the way, the 69 year old elderly man had a heart attack and died. This was classified as an indirect fatality.",,LA,2002-10-29 00:55:00,2002-10-29 00:57:00,False,False
1144143,5319418,South Carolina,71,Newberry,CAE,2002-11-11 06:42:00,EST,2002-11-11 06:44:00,0,0,0,0,,0,NWS STORM SURVEY,F1,Unknown,1.5,100.0,,,,,34.26667,-81.76667,34.26667,-81.73333,,An F1 tornado took down many trees and powerlines in rural Newberry county nera SC hwy 48. No damage was done to what few homes that are out there.,SC,2002-11-11 06:42:00,2002-11-11 06:44:00,False,False
1144402,5319395,Georgia,205,Mitchell,TAE,2002-10-29 16:04:00,EST,2002-10-29 16:04:00,0,0,0,0,90K,,EMERGENCY MANAGER,F0,Unknown,0.1,50.0,,,,,31.13333,-84.15,31.13333,-84.15,,A small tornado briefly touched down and destroyed a warehouse. Several trees and power lines were toppled. Reported by the Mitchell County EMA.,GA,2002-10-29 16:04:00,2002-10-29 16:04:00,False,False
1143578,5320194,Colorado,29,Delta,GJT,2002-09-11 16:05:00,MST,2002-09-11 16:20:00,0,0,0,0,25K,,EMERGENCY MANAGER,F1,Unknown,8.0,60.0,,,,,38.68333,-108.15,38.78333,-108.13333,"The tornado traveled north-northeast across mostly open country and was observed by numerous eyewitnesses in Delta County. The tornado crossed US Highway 50 and proceeded across the west end of Hawkins Field Airport. A house in the northwest area of the airport was struck. The house sustained numerous broken windows and other damage. Many shingles were ripped off the roof, and some became impaled into the siding. Airborne rocks and other debris also became embedded into the siding and interior walls. Furniture inside the house was damaged by flying debris. The railing on the deck was ripped off. A number of items were blown out of the house and a shed adjacent to the house was destroyed. Property from the house and shed were found up to a quarter mile away from the house.",,CO,2002-09-11 17:05:00,2002-09-11 17:20:00,True,True
1144237,5319112,Mississippi,131,Stone,MOB,2002-10-29 07:50:00,CST,2002-10-29 07:51:00,0,0,0,0,8K,,EMERGENCY MANAGER,F0,Unknown,0.1,20.0,,,,,30.78333,-89.13333,30.78333,-89.13333,,A weak tornado briefly touched down near Perkinston. A few trees were blown down and a barn was damaged by the tornado.,MS,2002-10-29 07:50:00,2002-10-29 07:51:00,False,False
1144244,5319119,Florida,91,Okaloosa,MOB,2002-10-14 18:00:00,CST,2002-10-14 18:02:00,0,0,0,0,50K,,EMERGENCY MANAGER,F0,Unknown,0.2,30.0,,,,,30.38333,-86.51667,30.38333,-86.51667,,A weak tornado moved ashore near Destin. The tornado downed some trees and caused roof damage to a condo. A screen room was also damaged at a home. No injuries were reported.,FL,2002-10-14 19:00:00,2002-10-14 19:02:00,True,True
1144300,5319530,Louisiana,39,Evangeline,LCH,2002-10-29 02:55:00,CST,2002-10-29 03:00:00,3,0,2,0,100K,,NWS STORM SURVEY,F2,Unknown,5.0,50.0,,,,,30.53333,-92.28333,30.6,-92.28333,"The tornado in St. Landry Parish moved into Evangeline Parish, and picked up a mobile home over 100 yards, before it landed and completely fell apart. Two ladies in the home were killed instantly. Three other people in the home survived with broken bones and bruises. Debris was scattered over a quarter of a mile away from the mobile home. Several other mobile homes were damaged in this area, and many trees and power lines were blown down.",,LA,2002-10-29 02:55:00,2002-10-29 03:00:00,False,False
1144301,5319531,Louisiana,97,St. Landry,LCH,2002-10-29 03:10:00,CST,2002-10-29 03:15:00,0,0,0,0,5M,,NWS STORM SURVEY,F2,Unknown,5.0,20.0,,,,,30.6,-92.16667,30.63333,-92.2,"A strong tornado moved across the small community of Prairie Ronde, destroying the school. Several neighboring houses also received major damage.",,LA,2002-10-29 03:10:00,2002-10-29 03:15:00,False,False
1144283,5319513,Louisiana,55,Lafayette,LCH,2002-10-03 10:06:00,CST,2002-10-03 10:08:00,0,0,0,0,25K,,NWS STORM SURVEY,F0,Unknown,1.0,20.0,,,,,30.21667,-92.01667,30.21667,-92.01667,"A short-lived tornado associated with Hurricane Lili moved across Pinhook and Verot School Road. A few trees and power lines were blown down, some landing on homes and businesses.",,LA,2002-10-03 11:06:00,2002-10-03 11:08:00,True,True
1144284,5319514,Louisiana,1,Acadia,LCH,2002-10-03 10:08:00,CST,2002-10-03 10:10:00,0,0,0,0,500K,,NWS STORM SURVEY,F1,Unknown,1.0,20.0,,,,,30.2,-92.35,30.2,-92.35,"A tornado ripped through the Ebenezer community, damaging or destroying around 20 mobile homes and knocking trees down.",,LA,2002-10-03 11:08:00,2002-10-03 11:10:00,True,True
1144285,5319515,Louisiana,1,Acadia,LCH,2002-10-03 10:25:00,CST,2002-10-03 10:28:00,0,0,0,0,25K,,NWS STORM SURVEY,F0,Unknown,1.0,20.0,,,,,30.26667,-92.26667,30.28333,-92.26667,A tornado associated with Hurricane Lili damaged several homes in the Roberts Cove community.,,LA,2002-10-03 11:25:00,2002-10-03 11:28:00,True,True
1144286,5319516,Louisiana,55,Lafayette,LCH,2002-10-03 10:28:00,CST,2002-10-03 10:30:00,0,0,0,0,1M,,NWS STORM SURVEY,F0,Unknown,1.0,10.0,,,,,30.21667,-92.01667,30.21667,-92.01667,A weak tornado damaged a TV station studio when a tower collapsed on it. Other homes and businesses in the area had damage from trees falling on them.,,LA,2002-10-03 11:28:00,2002-10-03 11:30:00,True,True
1144287,5319517,Louisiana,1,Acadia,LCH,2002-10-03 10:43:00,CST,2002-10-03 10:45:00,0,0,0,0,25K,,NWS STORM SURVEY,F0,Unknown,1.0,10.0,,,,,30.18333,-92.46667,30.18333,-92.46667,"A small tornado touched down near Estherwood, damaging several homes when trees fell on them.",,LA,2002-10-03 11:43:00,2002-10-03 11:45:00,True,True
1144288,5319518,Louisiana,1,Acadia,LCH,2002-10-03 10:58:00,CST,2002-10-03 11:00:00,0,0,0,0,25K,,NWS STORM SURVEY,F0,Unknown,1.0,10.0,,,,,30.4,-92.4,30.4,-92.4,"Trees were blown down, damaging several homes and barns in the Mowata community of Acadia Parish.",,LA,2002-10-03 11:58:00,2002-10-03 12:00:00,True,True
1144143,5319490,South Carolina,71,Newberry,CAE,2002-11-11 07:35:00,EST,2002-11-11 07:37:00,0,0,0,0,16K,0,NWS STORM SURVEY,F1,Unknown,1.2,100.0,,,,,34.23,-81.41667,34.23,-81.4,,"An F1 tornado blew down an 80 ft long farm shed, took down many trees, and did minor damage to a couple of homes. The path ran from Central School rd (SC hwy 320), across SC hwy 202 to SC hwy 514.",SC,2002-11-11 07:35:00,2002-11-11 07:37:00,False,False
1144056,5318896,Florida,75,Levy,TBW,2002-10-15 13:03:00,EST,2002-10-15 13:10:00,0,0,0,0,450K,,GENERAL PUBLIC,F1,Unknown,2.0,100.0,,,,,29.03333,-82.68333,29.05,-82.66667,"Low pressure in the Gulf of Mexico traveled along a stationary front into Levy county. One of the stronger storms in the vicinity of the stationary front produced a waterspout that moved inland into extreme northwest Citrus County near the Cross Florida Barge Canal. The tornado then proceeded to cross the the northwest corner of Citrus county and moved into the city of Inglis in Levy county. In Citrus county, the damage began near the corner of West Rooster Crow Road and North Nighthawk. Significant tree damage was found near the Withlacoochee river along North Honey Jorden Point with damage width of 500 to 1,500 feet.In Levy county, minor damage occurred to roof tops of businesses and major damage occurred to some mobile homes due to fallen trees. One small temporary church was destroyed as winds made it into the building, popped the roof, and the exterior walls collapsed. An eye witness 50 feet away reported the building was pulsating before it was destroyed and the rotating funnel curved down then paralleled the storm base. It is believed most of the wind damage was caused by the strong rear flank downdraft. The Inglis Police Chief estimated 60 homes were damaged during the event, mostly when trees or large limbs fell on the roofs.",,FL,2002-10-15 14:03:00,2002-10-15 14:10:00,True,True
1144056,5318895,Florida,17,Citrus,TBW,2002-10-15 12:55:00,EST,2002-10-15 13:03:00,0,0,0,0,50K,,GENERAL PUBLIC,F0,Unknown,3.0,50.0,,,,,29.0,-82.73333,29.03333,-82.7,"Low pressure in the Gulf of Mexico traveled along a stationary front into Levy county. One of the stronger storms in the vicinity of the stationary front produced a waterspout that moved inland into extreme northwest Citrus County near the Cross Florida Barge Canal. The tornado then proceeded to cross the the northwest corner of Citrus county and moved into the city of Inglis in Levy county. In Citrus county, the damage began near the corner of West Rooster Crow Road and North Nighthawk. Significant tree damage was found near the Withlacoochee river along North Honey Jorden Point with damage width of 500 to 1,500 feet.In Levy county, minor damage occurred to roof tops of businesses and major damage occurred to some mobile homes due to fallen trees. One small temporary church was destroyed as winds made it into the building, popped the roof, and the exterior walls collapsed. An eye witness 50 feet away reported the building was pulsating before it was destroyed and the rotating funnel curved down then paralleled the storm base. It is believed most of the wind damage was caused by the strong rear flank downdraft. The Inglis Police Chief estimated 60 homes were damaged during the event, mostly when trees or large limbs fell on the roofs.",,FL,2002-10-15 13:55:00,2002-10-15 14:03:00,True,True
1144298,5319528,Louisiana,1,Acadia,LCH,2002-10-29 02:45:00,CST,2002-10-29 02:50:00,0,0,0,0,10K,,NWS STORM SURVEY,F0,Unknown,1.0,20.0,,,,,30.45,-92.36667,30.48333,-92.31667,"A tornado originated in northern Acadia Parish, remaining in rural areas and blowing down trees and power lines, and damaging a few barns. This tornado moved into St. Landry Parish.",,LA,2002-10-29 02:45:00,2002-10-29 02:50:00,False,False
1144299,5319529,Louisiana,97,St. Landry,LCH,2002-10-29 02:50:00,CST,2002-10-29 02:55:00,0,0,0,0,100K,,NWS STORM SURVEY,F1,Unknown,4.5,20.0,,,,,30.48333,-92.33333,30.56667,-92.33333,"The tornado that originated in Acadia Parish moved across St. Landry Parish, destroying a home along Highway 190 east of Eunice. Debris was scattered over 100 yards away from the destroyed home. Several other homes and barns in the area were also damaged. This tornado moved into Evangeline Parish next.",,LA,2002-10-29 02:50:00,2002-10-29 02:55:00,False,False
1144160,5319584,Georgia,69,Coffee,JAX,2002-11-12 07:45:00,EST,2002-11-12 08:10:00,2,0,0,0,500K,50K,NWS STORM SURVEY,F2,Unknown,3.0,200.0,,,,,31.43333,-82.93333,31.45,-82.85,,"Tornado touched down in field along the Atkinson-Coffee County line near Marshal Corbet Road. Just inside of Coffee county one wood frame structure had a portion of its roof removed. Three large 100 yard long chicken houses were totally destroyed and machinery tossed about. One automobile was picked up and landed on the roof of a brick structure. Extensive roof damage to brick structure. Several work sheds destroyed. Trees snapped off and twisted at tops with debris wrapped in tree tops. Numerous large live oak trees felled. Clear evidence of rotation was noted by investigating officials. The storm continued north in a discontinuous path doing damage to cotton fields. the tornado crossed Highway 135 at the Satilla River with trees again snapped and twisted at the tops. Approximately 1 mile north of the Satilla River the tornado passed over an airstrip destroying a hanger/office structure and severely damaging a crop dusting aircraft. Debris from the destroyed chicken houses was identified at this site some 3 miles from its point of origin. This was the final discernable touchdown, although there was some evidence from debris further north that the system continued as a funnel cloud just above tree top level into southeast Douglas.",GA,2002-11-12 07:45:00,2002-11-12 08:10:00,False,False
1144161,5319585,Georgia,5,Bacon,JAX,2002-11-12 08:20:00,EST,2002-11-12 08:20:00,0,0,0,0,100K,,NWS STORM SURVEY,F0,Unknown,0.1,100.0,,,,,31.5,-82.5,31.5,-82.5,,One mobile home destroyed and a portion of the roof of an adjacent wood frame structure removed. Several large trees down across roadway. Several tree tops snapped off and twisted. Debris wrapped around tree tops.,GA,2002-11-12 08:20:00,2002-11-12 08:20:00,False,False
1142643,5317626,Minnesota,5,Becker,FGF,2002-08-26 19:15:00,CST,2002-08-26 19:16:00,0,0,0,0,,,GENERAL PUBLIC,F0,Unknown,0.2,25.0,,,,,47.0,-96.03333,47.0,-96.03333,,The tornado briefly touched down in an open field.,MN,2002-08-26 20:15:00,2002-08-26 20:16:00,True,True
1142778,5317010,Montana,71,Phillips,GGW,2002-08-05 20:15:00,MST,2002-08-05 20:16:00,0,0,0,0,,,TRAINED SPOTTER,F0,Unknown,0.1,10.0,,,,,47.71667,-108.61667,47.71667,-108.61667,,Spotter reported a tornado touched the ground briefly 13 miles south of Landusky.,MT,2002-08-05 21:15:00,2002-08-05 21:16:00,True,True
1142734,5318371,Oklahoma,71,Kay,OUN,2002-09-18 18:29:00,CST,2002-09-18 18:30:00,0,0,0,0,0K,,STORM CHASER,F0,Unknown,0.3,25.0,,,,,36.85,-97.35,36.85,-97.35,"A large line of strong to severe thunderstorms developed over western Oklahoma during the late afternoon of the 18th and moved eastward as the evening progressed. Mangum, in Greer County, sustained structural damage inside the city limits, and there were two, brief, weak tornadoes verified over northern Oklahoma. One tornado formed near Nash in Grant County, while the other formed near Braman in Kay County. Both tornadoes were rated F0.","This brief, non-mesocyclonic tornado was captured on video by storm chasers. No damage was observed or reported.",OK,2002-09-18 19:29:00,2002-09-18 19:30:00,True,True
1142734,5318372,Oklahoma,53,Grant,OUN,2002-09-18 17:16:00,CST,2002-09-18 17:19:00,0,0,0,0,0K,,STORM CHASER,F0,Unknown,1.0,200.0,,,,,36.66667,-98.06667,36.68333,-98.05,"A large line of strong to severe thunderstorms developed over western Oklahoma during the late afternoon of the 18th and moved eastward as the evening progressed. Mangum, in Greer County, sustained structural damage inside the city limits, and there were two, brief, weak tornadoes verified over northern Oklahoma. One tornado formed near Nash in Grant County, while the other formed near Braman in Kay County. Both tornadoes were rated F0.",This brief tornado was captured on video and resulted in no damage.,OK,2002-09-18 18:16:00,2002-09-18 18:19:00,True,True
1142643,5317437,Minnesota,119,Polk,FGF,2002-08-26 16:15:00,CST,2002-08-26 16:20:00,0,0,0,0,,,GENERAL PUBLIC,F0,Unknown,1.0,25.0,,,,,47.7,-95.9,47.68333,-95.83333,,The tornado stayed on the ground for a mile.,MN,2002-08-26 17:15:00,2002-08-26 17:20:00,True,True
1142640,5317531,North Dakota,67,Pembina,FGF,2002-08-23 17:30:00,CST,2002-08-23 17:31:00,0,0,0,0,,,GENERAL PUBLIC,F0,Unknown,0.2,25.0,,,,,48.63333,-97.85,48.63333,-97.85,,A brief tornado touchdown was reported.,ND,2002-08-23 18:30:00,2002-08-23 18:31:00,True,True
1142640,5317535,North Dakota,71,Ramsey,FGF,2002-08-23 18:20:00,CST,2002-08-23 18:23:00,0,0,0,0,,,NWS STORM SURVEY,F0,Unknown,1.0,25.0,,,,,48.31667,-98.33333,48.31667,-98.3,,This tornado crossed into Walsh county.,ND,2002-08-23 19:20:00,2002-08-23 19:23:00,True,True
1142640,5317536,North Dakota,99,Walsh,FGF,2002-08-23 18:23:00,CST,2002-08-23 18:26:00,0,0,0,0,,,NWS STORM SURVEY,F0,Unknown,1.0,25.0,,,,,48.31667,-98.28333,48.31667,-98.26667,,This tornado originated in Ramsey county.,ND,2002-08-23 19:23:00,2002-08-23 19:26:00,True,True
1142658,5318209,Wisconsin,19,Clark,ARX,2002-09-30 18:02:00,CST,2002-09-30 18:05:00,0,0,0,0,,,TRAINED SPOTTER,F0,Unknown,0.2,50.0,,,,,44.63333,-90.5,44.63333,-90.5,"A tornado touched down 2 miles southwest of the town of Chelsea (Taylor County). The tornado caused damage to a residence near the intersection of Fox Avenue and Settlement Road. A barn and numerous trees were also downed. There were no injuries or deaths reported. The tornado was on the ground for about one-half mile and was approximately 100 yards wide as it moved northeast. The parent thunderstorm continued northeast after the tornado lifted, causing numerous funnels and sporadic tree damage from about 1.5 miles southwest of Chelsea, through 3 miles east of Westboro (Taylor County). These downburst winds were estimated at 60 to 70 mph. However, no further tornadoes were confirmed along this path. Another tornado touched down briefly in a field just south of Loyal (Clark County), but did no damage. Spotters, law enforcement officials and amateur radio operators also reported hail ranging in size from dimes to as large as golf balls.",,WI,2002-09-30 19:02:00,2002-09-30 19:05:00,True,True
1144389,5319373,Puerto Rico,10,Mayaguez And Vicinity,SJU,2002-10-04 14:50:00,AST,2002-10-04 15:00:00,0,0,0,0,5K,,GENERAL PUBLIC,F0,Unknown,0.5,15.0,,,,,,,,,"Emergency Managers reported that a resident of Aguada, Malpaso sector, sighted a tornado. A house was affected as the zinc roof was detached from the rest of the house.",,,2002-10-04 14:50:00,2002-10-04 15:00:00,False,False
1144441,5318434,Texas,291,Liberty,HGX,2002-10-28 21:30:00,CST,2002-10-28 21:35:00,0,0,0,0,185K,,LAW ENFORCEMENT,F1,Unknown,0.5,20.0,,,,,30.05,-94.95,30.05,-94.95,,Four mobile homes sustained damage with one receiving major damage.,TX,2002-10-28 21:30:00,2002-10-28 21:35:00,False,False
1144441,5318435,Texas,201,Harris,HGX,2002-10-28 21:50:00,CST,2002-10-28 21:55:00,0,0,0,0,55K,,GENERAL PUBLIC,F0,Unknown,0.5,20.0,,,,,29.93333,-95.06667,29.93333,-95.06667,,Trees blown down and one billboard sign damaged.,TX,2002-10-28 21:50:00,2002-10-28 21:55:00,False,False
1144277,5319432,Kentucky,111,Jefferson,LMK,2002-10-04 18:47:00,EST,2002-10-04 19:05:00,0,0,0,0,150K,,NWS STORM SURVEY,F1,Unknown,6.0,50.0,,,,,38.31667,-85.66667,38.36667,-85.61667,,"A riverboat captain spotted a waterspout on the Ohio River near Louisville. It moved inland over eastern Jefferson County, touching down intermittently. It knocked down trees and blew the roofs off several homes in the Springhurst area in northeast Jefferson County. The back side of the clubhouse at the Indian Springs Country Club was blown out. Thunderstorm winds downed trees over parts of eastern Jefferson County near the path of the tornado.",KY,2002-10-04 19:47:00,2002-10-04 20:05:00,True,True
1144069,5319148,Texas,209,Hays,EWX,2002-10-08 10:20:00,CST,2002-10-08 10:22:00,0,0,0,0,70K,0,LAW ENFORCEMENT,F0,Unknown,1.0,200.0,,,,,30.05,-98.1,30.06667,-98.1,,"A small tornado struck just southwest of Driftwood, knocking 2 trucks off SH12. None of the vehicle occupants were injured. One of the trucks was operable after being righted.",TX,2002-10-08 11:20:00,2002-10-08 11:22:00,True,True
1144150,5319504,Georgia,1,Appling,JAX,2002-11-05 23:45:00,EST,2002-11-05 23:45:00,2,0,0,0,200K,,NWS STORM SURVEY,F0,Unknown,0.8,80.0,,,,,31.8,-82.35,31.81667,-82.35,,Along Ben Carter Road in Whispering Pines Mobile Home Park. Three mobile homes destroyed and four damaged. Two wood frame residential structures damaged. Pine trees snapped off and twisted. Numerous power lines down.,GA,2002-11-05 23:45:00,2002-11-05 23:45:00,False,False
1144152,5319506,Georgia,101,Echols,JAX,2002-11-06 05:00:00,EST,2002-11-06 05:10:00,0,0,0,0,10K,,LAW ENFORCEMENT,F0,Unknown,3.0,200.0,,,,,30.68333,-82.7,30.68333,-82.65,,Trees blown down along highway 94 between Needmore and Fargo. Discontinuous 200 Yard wide debris field reported.,GA,2002-11-06 05:00:00,2002-11-06 05:10:00,False,False
1142635,5317379,Minnesota,87,Mahnomen,FGF,2002-08-11 19:05:00,CST,2002-08-11 19:06:00,0,0,0,0,5K,,GENERAL PUBLIC,F0,Unknown,0.2,25.0,,,,,47.45,-96.0,47.45,-96.0,,A brief touchdown pulled up tin on a barn roof.,MN,2002-08-11 20:05:00,2002-08-11 20:06:00,True,True
1142658,5318127,Wisconsin,119,Taylor,ARX,2002-09-30 17:45:00,CST,2002-09-30 17:50:00,0,0,0,0,20K,5K,AMATEUR RADIO,F0,Unknown,0.5,100.0,,,,,45.26667,-90.35,45.26667,-90.33333,"A tornado touched down 2 miles southwest of the town of Chelsea (Taylor County). The tornado caused damage to a residence near the intersection of Fox Avenue and Settlement Road. A barn and numerous trees were also downed. There were no injuries or deaths reported. The tornado was on the ground for about one-half mile and was approximately 100 yards wide as it moved northeast. The parent thunderstorm continued northeast after the tornado lifted, causing numerous funnels and sporadic tree damage from about 1.5 miles southwest of Chelsea, through 3 miles east of Westboro (Taylor County). These downburst winds were estimated at 60 to 70 mph. However, no further tornadoes were confirmed along this path. Another tornado touched down briefly in a field just south of Loyal (Clark County), but did no damage. Spotters, law enforcement officials and amateur radio operators also reported hail ranging in size from dimes to as large as golf balls.",,WI,2002-09-30 18:45:00,2002-09-30 18:50:00,True,True
1142741,5316778,Georgia,33,Burke,CAE,2002-09-15 16:30:00,EST,2002-09-15 16:31:00,0,0,0,0,4.5K,0,TRAINED SPOTTER,F0,Unknown,0.1,20.0,,,,,33.18333,-82.06667,33.2,-82.06667,,A small F0 briefly touched down at 153 Eagle Pass Court and destroyed 1 metal shed and did minor damage to 2 mobile homes.,GA,2002-09-15 17:30:00,2002-09-15 17:31:00,True,True
1142729,5318134,Minnesota,27,Clay,FGF,2002-09-18 17:57:00,CST,2002-09-18 18:03:00,0,0,0,0,1K,,GENERAL PUBLIC,F1,Unknown,1.0,25.0,,,,,46.75,-96.41667,46.75,-96.4,,A 14x14 foot one thousand pound shed door was torn off a barn and thrown 150 feet on top of a 24 foot high grain bin. Calf pens were also flipped over.,MN,2002-09-18 18:57:00,2002-09-18 19:03:00,True,True
1143443,5316738,Michigan,43,Dickinson,MQT,2002-09-30 19:25:00,EST,2002-09-30 19:27:00,0,0,0,0,,,EMERGENCY MANAGER,F0,Unknown,0.8,100.0,,,,,45.83333,-87.85,45.85,-87.83333,"On Sep 30, a short wave moving from the plains into south central Canada brought a warm front into Michigan's Upper Peninsula. Scattered thunderstorms developed along the front, with several of these storms becoming severe. One supercell that originally developed in an area of higher shear over northern Wisconsin produced three tornadoes and extensive downburst wind damage in southern Dickinson County when it encountered an outflow boundary from earlier convection. The majority of damage to the Iron Mountain, Kingsford and Quinnesec areas was caused by downburst winds, which knocked trees into homes, downed power lines, etc. The most significant damage was produced by the tornado that moved through Kingsford and Iron Mountain.","This tornado touched down approximately 5 miles northeast of Norway, crossing the Norway Truck Trail Road before dissipating 1/4 mile east of the road crossing. Damage was limited to downed trees and broken branches.",MI,2002-09-30 20:25:00,2002-09-30 20:27:00,True,True
1143426,5316402,Indiana,129,Posey,PAH,2002-09-20 09:50:00,CST,2002-09-20 09:56:00,1,0,0,0,.5M,,NWS STORM SURVEY,F2,130 mph,4.7,150.0,,,,,38.1,-87.83333,38.15,-87.78333,,"The tornado destroyed 10 mobile homes and four buildings. The greatest concentration of damage was on Highway 165 about 2 miles south of Poseyville. Peak winds were estimated around 130 mph. Among the destroyed structures was a county highway garage. Eight vehicles were tossed, including a small van that was thrown onto a debris pile. One person was treated for a cut.",IN,2002-09-20 10:50:00,2002-09-20 10:56:00,True,True
1143427,5316403,Indiana,125,Pike,PAH,2002-09-20 10:35:00,CST,2002-09-20 10:37:00,0,0,0,0,2K,,NWS STORM SURVEY,F0,Unknown,0.9,75.0,,,,,38.5,-87.41667,38.56667,-87.36667,,"The tornado path began in a remote area just south of the White River near County Road 775 in far northwestern Pike County. The tornado was only on the ground for a mile before crossing the White River into Knox County. No known structural damage occurred in Pike County. Aerial surveys from a plane were used to determine the path of the tornado, which reached F-2 intensity after it crossed into Knox County.",IN,2002-09-20 11:35:00,2002-09-20 11:37:00,True,True
1144841,5322558,Oregon,15,Curry,MFR,2002-11-09 06:05:00,PST,2002-11-09 06:10:00,0,0,0,0,500K,,TRAINED SPOTTER,F0,Unknown,0.5,0.1,,,,,42.05,-124.28333,42.05,-124.28333,"Just after 0600 PST on 11/09/02, a low-topped severe thunderstorm moved onshore east of Harbor, Oregon, and tracked east-northeast along Valley View Road. Large torpedo shaped hail approximately 3 inches long pelted Brookings and the Chetco river valley as far as 3 miles inland from Brookings. This was followed by a period of silence, after which the waterspout moved onshore and became a weak tornado. Damaged and partially removed roofs, relocated sheds, damaged fences, and damaged houses were reported for a distance of several blocks along Valley View Road. Additional damage was reported west of Highway 101 in Harbor. Large hail was collected 5 miles to the northeast of the second damaged area. Witness descriptions and a storm survey indicated a tornadic event, with vacuum effects and the very loud noise. No injuries or fatalities were reported. No indication of this storm was seen on radar, and this office was not aware of this event until 9 hours after it occurred, so obviously no warning was issued.",A spotter called at 1500 PST on 11/7 and reported the waterspout/tornado that occurred 9 hours earlier.,OR,2002-11-09 06:05:00,2002-11-09 06:10:00,False,False
1144168,5319644,Texas,297,Live Oak,CRP,2002-09-08 02:06:00,CST,2002-09-08 02:06:00,0,0,0,0,,,GENERAL PUBLIC,F0,Unknown,0.6,500.0,,,,,28.33333,-98.15,28.33333,-98.15,Multiple short lived tornadoes were spawned across the Coastal Bend from Tropical Depression Fay. In addition several reports of funnel clouds were received from law enforcement and the public.,Tornado was associated with Tropical Depression Fay. No damage reported.,TX,2002-09-08 03:06:00,2002-09-08 03:06:00,True,True
1144168,5319645,Texas,175,Goliad,CRP,2002-09-08 03:02:00,CST,2002-09-08 03:02:00,0,0,0,0,,,GENERAL PUBLIC,F0,Unknown,0.4,400.0,,,,,28.73333,-97.6,28.73333,-97.6,Multiple short lived tornadoes were spawned across the Coastal Bend from Tropical Depression Fay. In addition several reports of funnel clouds were received from law enforcement and the public.,Tornado was associated with Tropical Depression Fay. No damage reported.,TX,2002-09-08 04:02:00,2002-09-08 04:02:00,True,True
1144605,5322609,Mississippi,109,Pearl River,LIX,2002-10-03 11:00:00,CST,2002-10-03 11:00:00,0,0,0,0,10K,,EMERGENCY MANAGER,F0,Unknown,0.3,30.0,,,,,30.78333,-89.76667,30.78333,-89.76667,"Hurricane Lili, a major hurricane over the Gulf of Mexico, during the daylight hours of October 2, 2002 moved steadily northwest around 15 mph toward the Louisiana coast during the evening hour. The hurricane weakened rapidly to a Saffir Simpson Scale Category 1 Hurricane by the time it made landfall during the morning of October 3rd along the south central Louisiana coast. The hurricane moved north northwest across south central Louisiana before turning northeast across the northern portion of the Louisiana. While Hurricane Lili made landfall in south central Louisiana, tropical storm force wind gusts affected nearly all of south Mississippi during October 3rd as rainbands moved across the southern portion of the state. Storm surge flooding affected the coastal areas with tides generally 3 to 5 feet above normal along the coastal areas causing some flooding in low lying coastal areas, but storm surge flooding was less severe and damaging than during Tropical Storm Isidore a week earlier. The highest recorded wind gusts on October 3rd was 43 mph at 1441 CST at Keesler Air Force Base in Biloxi. Over inland portions of southwest Missisippi some trees were knocked down by strong wind gusts. Several weak, short lived tornadoes touched down, however property damage was generally minor.",A weak tornado touched down downing trees.,MS,2002-10-03 12:00:00,2002-10-03 12:00:00,True,True
1144168,5319643,Texas,25,Bee,CRP,2002-09-08 02:06:00,CST,2002-09-08 02:06:00,0,0,0,0,,,GENERAL PUBLIC,F0,Unknown,0.5,500.0,,,,,28.4,-97.75,28.4,-97.75,Multiple short lived tornadoes were spawned across the Coastal Bend from Tropical Depression Fay. In addition several reports of funnel clouds were received from law enforcement and the public.,Multiple funnels reported nw of Beeville,TX,2002-09-08 03:06:00,2002-09-08 03:06:00,True,True
1144723,5322695,Georgia,49,Charlton,JAX,2002-12-24 11:50:00,EST,2002-12-24 11:55:00,0,0,0,0,50K,,LAW ENFORCEMENT,F0,Unknown,4.0,50.0,,,,,30.83,-82.01667,30.83,-81.95,,Residents reported tornado on the ground. Two homes on Camp Pickney Road damaged. Right mover moving down State Road 40 into Camden County.,GA,2002-12-24 11:50:00,2002-12-24 11:55:00,False,False
1144724,5322696,Georgia,39,Camden,JAX,2002-12-24 11:55:00,EST,2002-12-24 11:55:00,0,0,0,0,50K,,EMERGENCY MANAGER,F0,Unknown,0.2,50.0,,,,,30.73333,-81.55,30.73333,-81.55,,Same system as in Charlton County. Two roofs partially off homes near Colrane Road and 1/2 of a roof missing from house at Natures End near Point Peter. Large trees over in yard.,GA,2002-12-24 11:55:00,2002-12-24 11:55:00,False,False
1144725,5322697,Georgia,229,Pierce,JAX,2002-12-24 11:45:00,EST,2002-12-24 11:45:00,0,0,0,0,10K,,UTILITY COMPANY,F0,Unknown,0.2,20.0,,,,,31.45,-82.21667,31.45,-82.21667,,Trees and power poles snapped off near ground. Large trees down on power lines.,GA,2002-12-24 11:45:00,2002-12-24 11:45:00,False,False
1144856,5322646,Alabama,3,Baldwin,MOB,2002-11-05 13:40:00,CST,2002-11-05 13:45:00,0,0,0,0,10K,,EMERGENCY MANAGER,F0,Unknown,0.1,20.0,,,,,30.41667,-87.88333,30.41667,-87.88333,,A weak tornado downed trees and power lines near the Barnwell community. The same storm produced some minor roof damage and downed more trees near Elsanor a few minutes later.,AL,2002-11-05 13:40:00,2002-11-05 13:45:00,False,False
1144868,5322705,Tennessee,151,Scott,MRX,2002-11-10 18:50:00,EST,2002-11-10 18:54:00,0,0,0,0,130K,,GENERAL PUBLIC,F1,Unknown,4.2,50.0,,,,,36.38333,-84.45,36.4,-84.38333,"An F1 tornado touched down 1.5 miles west southwest of Winona damaging several homes and injuring several residents. The tornado produced a 50 yard wide damage path that continued for 4.2 miles ending 2.6 miles east northeast of Winona. During the entire time the tornado was on the ground in Scott county, losses were estimated at about $240,000. In all, 24 homes, six mobile homes, one modular home and one business were damaged, including one home beyond repair and three mobile homes completely destroyed.",,TN,2002-11-10 18:50:00,2002-11-10 18:54:00,False,False
1144859,5322649,Florida,113,Santa Rosa,MOB,2002-11-05 15:10:00,CST,2002-11-05 15:15:00,0,0,0,0,15K,,EMERGENCY MANAGER,F0,Unknown,0.1,20.0,,,,,30.6,-87.03333,30.6,-87.03333,,"A thunderstorm produced a weak tornado just North and East of Bagdad that resulted in some minor roof damage to several structures, as well as some downed trees and power lines.",FL,2002-11-05 15:10:00,2002-11-05 15:15:00,False,False
1144860,5322650,Florida,33,Escambia,MOB,2002-11-05 11:15:00,CST,2002-11-05 11:16:00,0,0,0,0,,,EMERGENCY MANAGER,F0,Unknown,0.1,20.0,,,,,30.96667,-87.43333,30.96667,-87.43333,,A weak tornado briefly touched down near Bratt. Law enforcement saw the tornado briefly touch down in an open field. The tornado caused no damage.,FL,2002-11-05 11:15:00,2002-11-05 11:16:00,False,False
1145471,5322523,South Carolina,45,Greenville,GSP,2002-11-11 05:30:00,EST,2002-11-11 05:34:00,0,0,0,0,250K,,NWS STORM SURVEY,F1,Unknown,4.0,100.0,,,,,34.71667,-82.26667,34.71667,-82.2,,"This tornado touched down in the Westwood subdivision, where widespread tree damage and some minor structural damage occurred. More light structural damage and heavy tree damage occurred as the tornado passed through the Hunters Wood subdivision. In the I-385/Fairview Road area, the roof of a hotel received extensive damage, and 2 tractor trailers were blown over. The tornado damaged or destroyed outbuildings, fences, and a scoreboard at Bryson Middle School, then produced more extensive tree damage in the Bryson Elementary area before lifting.",SC,2002-11-11 05:30:00,2002-11-11 05:34:00,False,False
1145090,5322421,Ohio,147,Seneca,CLE,2002-11-10 17:02:00,EST,2002-11-10 17:10:00,0,0,0,0,1.1M,,NWS STORM SURVEY,F1,Unknown,5.5,25.0,,,,,41.16667,-83.4,41.21667,-83.31667,,"After lifting in downtown Fostoria (near the Hancock County border) the tornado touched down again on the northeastern edge of Fostoria. The tornado moved northeast from this location and damaged several homes before reaching the Fostoria Airport where a hanger and office building were damaged. From the airport, the tornado continued northeast across open farmland for a few miles and finally dissipated northwest of Amsden near the intersection of County Road 3 and Township Road 172. Several more homes and barns were damaged along the last half of the tornado track. Many cars were also damaged and hundreds of trees and power poles toppled. The damage path from this tornado in Seneca County was roughly five and a half miles in length and around 25 yards in width.",OH,2002-11-10 17:02:00,2002-11-10 17:10:00,False,False
1145091,5322422,Ohio,147,Seneca,CLE,2002-11-10 17:15:00,EST,2002-11-10 17:38:00,2,0,1,0,12.8M,,NWS STORM SURVEY,F3,Unknown,21.0,100.0,,,,,41.1,-83.16667,41.23333,-82.9,,"An F1 tornado touched down southwest of Tiffin near the Seneca County Airport. The tornado moved east northeast and strengthened to F3 intesity as it crossed U.S. Highway 224 and moved into Tiffin. The Honey Creek subdivision along County Road 19 near US 224 was hard hit. Six homes on Nantucket Drive in the subdivision were destroyed and many other homes damaged. As the tornado continued across the southern part of Tiffin it leveled a business along State Route 231 and destroyed several homes on Siesta Drive just east of State Route 231. A retirement community along St. Francis Avenue and just north of Siesta Drive was also hard hit by the tornado. Eight homes in the community were destroyed with five more damaged enough to be declared uninhabitable. Another 25 homes sustained lesser amounts of damage and several cars were found lying upside down. The tornado weakened to F2 intensity as it crossed State Route 100 and moved over Greenlawn Cemetary. From the cemetary, the tornado began to move in more of a northeasterly direction and briefly weakened to F1 intensity as it passed to the east of Heidelburg College. The tornado reintensified to F2 as it crossed State Route 18 and continued northeast across open country where it damaged many more homes and buildings. The tornado reached strong F3 intensity for several miles to the northwest and north of Republic. A 24 year old male was killed and two other people seriously injured when a home in Scipio Township on County Road 38 near County Road 43 was swept off of it's foundation. Two other homes nearby were also leveled. The tornado remained on the ground for another ten miles and gradually weakened to F2 intensity. It finally lifted south of State Route 18 near Fireside. Later, the same parent thunderstorm spawned another tornado a few miles away in Huron County. Overall, this tornado destroyed 32 homes and businesses, heavily damaged another eight and slightly damaged around 70 homes in Seneca County. Dozens of cars were also damaged and destroyed with downed trees and power poles numbering in the hundreds. The damage path from this tornado was roughly 21 miles in length and over 200 yards in width at times.",OH,2002-11-10 17:15:00,2002-11-10 17:38:00,False,False
1144027,5319955,North Carolina,13,Beaufort,MHX,2002-10-11 16:38:00,EST,2002-10-11 16:41:00,0,0,0,0,3M,,EMERGENCY MANAGER,F2,Unknown,3.0,200.0,,,,,35.58333,-76.66667,35.58333,-76.66667,,"An F2 tornado touched down near Pantego in the Swamp Road area. The tornado destroyed one house, a mobile home as well as a hog farm. Most of the dollar damage occurred to the farm with the destruction of hog houses and heavy equipment.",NC,2002-10-11 17:38:00,2002-10-11 17:41:00,True,True
1144028,5319956,North Carolina,13,Beaufort,MHX,2002-10-11 17:45:00,EST,2002-10-11 17:46:00,0,0,0,0,20K,,LAW ENFORCEMENT,F0,Unknown,1.0,50.0,,,,,35.53333,-76.63333,35.53333,-76.63333,,An F0 tornado touched down briefly near Belhaven blowing the roof off of a welding shop and destroying a single wide mobile home.,NC,2002-10-11 18:45:00,2002-10-11 18:46:00,True,True
1144029,5319957,North Carolina,147,Pitt,MHX,2002-10-11 12:15:00,EST,2002-10-11 12:22:00,0,0,0,0,10K,,EMERGENCY MANAGER,F1,Unknown,7.0,100.0,,,,,35.7,-77.55,35.8,-77.46667,,An F1 tornado touched down just west of Falkland and tracked north to near Conetoe. The tornado destroyed one mobile home and knocked a house off its foundation.,NC,2002-10-11 13:15:00,2002-10-11 13:22:00,True,True
1144030,5319958,North Carolina,31,Carteret,MHX,2002-10-11 18:40:00,EST,2002-10-11 18:40:00,0,0,0,0,,,FIRE DEPT/RESCUE SQUAD,F0,Unknown,1.0,100.0,,,,,34.88333,-76.33333,34.88333,-76.33333,,Weak tornado touched down in unpopulated area of Atlantic with no injuries or damage.,NC,2002-10-11 19:40:00,2002-10-11 19:40:00,True,True
1144039,5320009,North Carolina,101,Johnston,RAH,2002-10-11 01:05:00,EST,2002-10-11 01:10:00,0,0,0,0,,,LAW ENFORCEMENT,F1,Unknown,4.0,75.0,,,,,35.6,-78.16667,35.6,-78.16667,,"A tornado touched down just west of Kenly, causing F0 to strong F1 damage. It began near J. Howell Road and Old Highway 222, causing minor damage to a hog farm. The worst damage was along Bunn Road where 4 mobile homes were damaged, one of which was overturned and totally destroyed. The other mobile homes sustained projectile damage, and a roof was blown off a barn. The tornado traveled northeast and severely damaged a home on highway 222, collapsing the rear wall of the house. The damage path ended near the Wilson County border.",NC,2002-10-11 02:05:00,2002-10-11 02:10:00,True,True
1144722,5322694,Georgia,49,Charlton,JAX,2002-12-24 11:43:00,EST,2002-12-24 11:43:00,0,0,0,0,100K,,LAW ENFORCEMENT,F1,Unknown,0.5,30.0,,,,,31.03333,-82.01667,31.03333,-82.01667,,"Structural damage to buildings in Homeland, Camp Pickney and Winokur. Shop roof off in Winokur. Numerous trees down with a .5 mile damage path.",GA,2002-12-24 11:43:00,2002-12-24 11:43:00,False,False
1143655,5320131,Tennessee,19,Carter,MRX,2002-05-01 22:18:00,EST,2002-05-01 22:18:00,0,0,0,0,100K,0,EMERGENCY MANAGER,F1,Unknown,0.1,50.0,,,,,36.4,-82.11667,36.4,-82.11667,Tornado touched down in the Stoney Creek area overturning one trailer house and damaging several others. A number of out buildings were destroyed as well.,,TN,2002-05-01 23:18:00,2002-05-01 23:18:00,True,True
1144168,5319646,Texas,175,Goliad,CRP,2002-09-08 03:45:00,CST,2002-09-08 03:45:00,0,0,0,0,,,GENERAL PUBLIC,F0,Unknown,0.6,500.0,,,,,28.66667,-97.63333,28.66667,-97.63333,Multiple short lived tornadoes were spawned across the Coastal Bend from Tropical Depression Fay. In addition several reports of funnel clouds were received from law enforcement and the public.,Tornado was associated with Tropical Depression Fay. No damage reported.,TX,2002-09-08 04:45:00,2002-09-08 04:45:00,True,True
1144168,5319647,Texas,249,Jim Wells,CRP,2002-09-08 21:15:00,CST,2002-09-08 21:25:00,0,0,0,0,,,GENERAL PUBLIC,F0,Unknown,0.5,500.0,,,,,27.65,-98.08333,27.36667,-98.13333,Multiple short lived tornadoes were spawned across the Coastal Bend from Tropical Depression Fay. In addition several reports of funnel clouds were received from law enforcement and the public.,17 miles north of Falfurrias. Tornado was associated with Tropical Depression Fay. No damage reported.,TX,2002-09-08 22:15:00,2002-09-08 22:25:00,True,True
1144168,5319648,Texas,249,Jim Wells,CRP,2002-09-08 21:46:00,CST,2002-09-08 21:46:00,0,0,0,0,,,GENERAL PUBLIC,F0,Unknown,0.6,600.0,,,,,27.65,-98.08333,27.65,-98.08333,Multiple short lived tornadoes were spawned across the Coastal Bend from Tropical Depression Fay. In addition several reports of funnel clouds were received from law enforcement and the public.,Tornado was associated with Tropical Depression Fay. No damage reported.,TX,2002-09-08 22:46:00,2002-09-08 22:46:00,True,True
1144849,5322639,Alabama,13,Butler,MOB,2002-11-05 12:00:00,CST,2002-11-05 12:05:00,0,0,0,0,8K,,LAW ENFORCEMENT,F0,Unknown,0.5,50.0,,,,,31.63333,-86.75,31.63333,-86.75,,A weak tornado resulted in a swath of downed trees in a wooded area between Georgiana and Avant.,AL,2002-11-05 12:00:00,2002-11-05 12:05:00,False,False
1143783,5320141,Florida,59,Holmes,TAE,2002-09-25 18:35:00,EST,2002-09-25 18:35:00,0,0,0,0,100K,,EMERGENCY MANAGER,F0,Unknown,0.2,50.0,,,,,30.96667,-85.58333,30.96667,-85.58333,,A tornado touched down and damaged the Poplar Springs School. A school bus was also damaged. Several trees were snapped and hurled into the school's roof and east corridor. Reported by the Holmes County EMA.,FL,2002-09-25 19:35:00,2002-09-25 19:35:00,True,True
1143783,5320142,Florida,131,Walton,TAE,2002-09-25 16:00:00,EST,2002-09-25 16:05:00,0,0,0,0,400K,,EMERGENCY MANAGER,F1,Unknown,1.0,100.0,,,,,30.36667,-86.23333,30.38333,-86.25,,A tornado touched down and damaged numerous mobile homes along U.S. Highway 98. One home was blown completely off its foundation. Numerous trees and power lines were snapped. Reported by the Walton County EMA.,FL,2002-09-25 17:00:00,2002-09-25 17:05:00,True,True
1143783,5320144,Florida,131,Walton,TAE,2002-09-25 17:00:00,EST,2002-09-25 17:05:00,0,0,0,0,550K,,EMERGENCY MANAGER,F1,Unknown,1.0,100.0,,,,,30.38333,-86.36667,30.4,-86.38333,,A tornado touched down and damaged numerous homes near U.S. Highway 98. Numerous trees and power lines were snapped. Reported by the Walton County EMA.,FL,2002-09-25 18:00:00,2002-09-25 18:05:00,True,True
1144955,5322865,Ohio,39,Defiance,IWX,2002-11-10 16:03:00,EST,2002-11-10 16:09:00,0,0,0,0,0,,NWS STORM SURVEY,F0,Unknown,3.0,50.0,,,,,41.18333,-84.21667,41.18333,-84.23333,"On Sunday, November 10th, 2002 a cold front trailed from a deep surface low over northern Lake Michigan into central Missouri. Ahead of the cold front the KILN (Wilmington, OH) 1200 UTC sounding showed an unstable airmass with CAPE (Convectively Available Potential Energy) of 1148 J/kg and a Storm Relative Helicity (SRH) of 408 m/s2. Another sounding at 1800 UTC showed CAPE had increased on a modified sounding to 1313 J/kg, with SRH increasing to 587 m/s2. A broken squall line developed from Indianapolis to Fort Wayne Indiana and Defiance Ohio with the cold front. A small low topped supercell developed ahead of the line over Blackford county Indiana and was moving northeast at 50 mph. This parent supercell produced 3 seperate tornadoes in Indiana (see StormData, Indiana, Northeast for more information) before crossing into Ohio. There the supercell intensified and a tornado touched down in Van Wert County Ohio, reaching F4 in strength as it reached the city of Van Wert. The tornado then moved northeast with a total path length of 53 miles, producing F3 damage in Paulding and Putnam counties, and F0 damage in Defiance and Henry counties.","This tornado originated in Van Wert county and moved across Paulding and Putnam counties before entering the extreme southwest corner of Defiance county about 5 miles southeast of Ayersville. NWS ground and aerial survey found the tornado was skipping, and produced F0 damage to five homes, some trees and a few barns and outbuildings. The tornado then exited Defiance county about 4 miles southeast of Ayersville.",OH,2002-11-10 16:03:00,2002-11-10 16:09:00,False,False
1144955,5322866,Ohio,69,Henry,IWX,2002-11-10 16:09:00,EST,2002-11-10 16:25:00,0,0,0,0,0,,NWS STORM SURVEY,F0,Unknown,12.0,50.0,,,,,41.18333,-84.05,41.3,-84.0,"On Sunday, November 10th, 2002 a cold front trailed from a deep surface low over northern Lake Michigan into central Missouri. Ahead of the cold front the KILN (Wilmington, OH) 1200 UTC sounding showed an unstable airmass with CAPE (Convectively Available Potential Energy) of 1148 J/kg and a Storm Relative Helicity (SRH) of 408 m/s2. Another sounding at 1800 UTC showed CAPE had increased on a modified sounding to 1313 J/kg, with SRH increasing to 587 m/s2. A broken squall line developed from Indianapolis to Fort Wayne Indiana and Defiance Ohio with the cold front. A small low topped supercell developed ahead of the line over Blackford county Indiana and was moving northeast at 50 mph. This parent supercell produced 3 seperate tornadoes in Indiana (see StormData, Indiana, Northeast for more information) before crossing into Ohio. There the supercell intensified and a tornado touched down in Van Wert County Ohio, reaching F4 in strength as it reached the city of Van Wert. The tornado then moved northeast with a total path length of 53 miles, producing F3 damage in Paulding and Putnam counties, and F0 damage in Defiance and Henry counties.","This tornado originated in Van Wert county and moved across Paulding, Putnam and Defiance counties before entering southwest Henry county about 6 miles southeast of Holgate. NWS ground and aerial survey found the tornado was skipping and producing F0 damage to trees and outbuildings as it moved northwest of Holgate. The tornado continued to move northeast before dissipating about 2 miles southeast of Malinta.",OH,2002-11-10 16:09:00,2002-11-10 16:25:00,False,False
1144605,5322608,Mississippi,45,Hancock,LIX,2002-10-03 10:00:00,CST,2002-10-03 10:00:00,0,0,0,0,10K,,LAW ENFORCEMENT,F0,Unknown,0.3,30.0,,,,,30.43333,-89.36667,30.43333,-89.36667,"Hurricane Lili, a major hurricane over the Gulf of Mexico, during the daylight hours of October 2, 2002 moved steadily northwest around 15 mph toward the Louisiana coast during the evening hour. The hurricane weakened rapidly to a Saffir Simpson Scale Category 1 Hurricane by the time it made landfall during the morning of October 3rd along the south central Louisiana coast. The hurricane moved north northwest across south central Louisiana before turning northeast across the northern portion of the Louisiana. While Hurricane Lili made landfall in south central Louisiana, tropical storm force wind gusts affected nearly all of south Mississippi during October 3rd as rainbands moved across the southern portion of the state. Storm surge flooding affected the coastal areas with tides generally 3 to 5 feet above normal along the coastal areas causing some flooding in low lying coastal areas, but storm surge flooding was less severe and damaging than during Tropical Storm Isidore a week earlier. The highest recorded wind gusts on October 3rd was 43 mph at 1441 CST at Keesler Air Force Base in Biloxi. Over inland portions of southwest Missisippi some trees were knocked down by strong wind gusts. Several weak, short lived tornadoes touched down, however property damage was generally minor.",A weak tornado touched down briefly downing several trees.,MS,2002-10-03 11:00:00,2002-10-03 11:00:00,True,True
1145090,5322420,Ohio,63,Hancock,CLE,2002-11-10 16:57:00,EST,2002-11-10 17:02:00,0,0,0,0,11M,,NWS STORM SURVEY,F2,Unknown,3.5,50.0,,,,,41.11667,-83.5,41.11667,-83.5,,"An F1 tornado touched down to the northeast of Arcadia in northeastern Hancock County. The initial touchdown occurred just south of State Route 12 and to the east of County Road 330. From this location the tornado moved northeast and strengthened to F2 intensity as it entered the southwest end of Fostoria. Two businesses were heavily damaged on the outskirts of Fostoria along State Route 12. One of the two, a fertilizer business, had two of it's four buildings completely leveled and the remaining two heavily damaged. A nearby gas storage facility had two large storage tanks damaged. Nearby, the tornado derailed two railroad cars near the West Tiffin Street crossing and toppled 19 high voltage transmission poles interrupting power for a large area. Extensive damage was done to neighborhoods on the southwest side of Tiffin with Jeannette Drive, Vickie Lane and West Tiffin Streets hardest hit. As the tornado neared downtown Fostoria it tore the roof off of a high school which allowed rain water to enter the building and damage all three floors. Total damage to the school was estimated to be well over $500,000. Just east of the school, the community hospital was hit and sustained over $1 million in damage. The tornado lifted just east of the hospital and touched down a second time on the northeast side of Fostoria (Seneca County). In Fostoria, eight homes were destroyed with nine more homes damaged enough to be declared uninhabitable. An additional 60 to 70 homes sustained minor damage with dozens of cars damaged in varying amounts. Hundreds of trees and power poles were downed along the damage path which was around 50 yards in width.",OH,2002-11-10 16:57:00,2002-11-10 17:02:00,False,False
1145665,5326956,Texas,201,Harris,HGX,2002-12-30 21:25:00,CST,2002-12-30 21:25:00,0,0,0,0,250K,,EMERGENCY MANAGER,F0,Unknown,0.5,30.0,,,,,29.61667,-95.01667,29.61667,-95.01667,"Exactly one week after the December 23rd outbreak, Southeast Texas received another round of severe weather as the next storm system moved out of the southwestern U.S. toward Texas. This event only lasted three hours (compared to eighteen hours on the 23rd). This event only had three tornadoes (compared to ten on the 23rd). However, damage from two of these three tornadoes was significant due to the fact that it occurred over heavily populated areas. This event had no injuries, and the total damage cost was just under $450,000.",Tornado briefly touched down before moving to the northeast into Galveston Bay as a waterspout. Several boats at the Houston Yacht Club were overturned and a large section of a metal roof was destroyed.,TX,2002-12-30 21:25:00,2002-12-30 21:25:00,False,False
1145826,5326960,Florida,113,Santa Rosa,MOB,2002-12-24 05:25:00,CST,2002-12-24 05:26:00,0,0,0,0,142K,,EMERGENCY MANAGER,F0,Unknown,0.3,30.0,,,,,30.85,-86.86667,30.85,-86.86667,,A weak tornado blew down several trees near Munson. The tornado also caused minor damage to several homes and outbuildings. Some of the trees fell onto houses and vehicles. A fire started as a result of downed power lines burnt down a small house. No injuries were reported.,FL,2002-12-24 05:25:00,2002-12-24 05:26:00,False,False
1144755,5322913,Mississippi,7,Attala,JAN,2002-11-10 19:30:00,CST,2002-11-10 19:32:00,0,0,0,0,15K,,NWS STORM SURVEY,F2,Unknown,3.0,1000.0,,,,,32.9,-89.83333,32.88333,-89.76667,,"A tornado developed near the Madison/Attala County line, about 9.5 miles south of Boyette (5 miles northeast of Cameron in Madison County). Travelling east-northeast, the tornado resulted in tree damage to rural areas of Southeast Attala County. The tornado moved into Leake County around 7:32 PM about 9 miles south of Sallis.",MS,2002-11-10 19:30:00,2002-11-10 19:32:00,False,False
1145144,5322111,Georgia,207,Monroe,FFC,2002-11-10 17:22:00,EST,2002-11-10 17:24:00,0,0,0,0,100K,,NWS STORM SURVEY,F0,Unknown,0.2,200.0,,,,,32.91667,-83.76667,32.91667,-83.75,,"The National Weather Service disaster survey team continued its survey into extreme southern Monroe county and classified the damage here as F0 tornado damage as well. The same tornado that originated in extreme northern Bibb county moved east-northeast into extreme southern Monroe county, continuing to do damage in the Sleepy Creek and Cross Creek Subdivisions. The damage was confined mainly to numerous downed pine trees, a few on homes, and a few incidents of shingles blown off roofs. At least eight homes and four vehicles were damaged by downed trees. One four foot diameter tree was blown right through the bedroom of one home and at least two dozen trees were tossed about like twiggs in another part of the subdivision. Two roads were blocked by downed trees as well.",GA,2002-11-10 17:22:00,2002-11-10 17:24:00,False,False
1145144,5322112,Georgia,21,Bibb,FFC,2002-11-10 17:21:00,EST,2002-11-10 17:22:00,0,0,0,0,400K,,NWS STORM SURVEY,F0,Unknown,0.6,200.0,,,,,32.93333,-83.73333,32.93333,-83.73333,,"A National Weather Service disaster survey team from the National Weather Service office in Peachtree City, Georgia, along with Bibb county emergency management officials confirmed that a short-lived F0 tornado touched down in extreme northern Bibb county in the Cross Creek and Sleepy Creek subdivisions which straddle the Bibb-Monroe county line. The tornado was estimated to have a path length of 1/2 to 3/4 mile and a path width of 1/4 mile or less. Numerous trees, mostly pines, were either broken off or uprooted. Some of the trees landed on homes and some shingles were also peeled off by the wind. However, damage to homes was minor. Most of the damage occurred in the Wesleyan Road, Riverside Road, and Bass Road areas. A couple of roads were blocked by downed trees.",GA,2002-11-10 17:21:00,2002-11-10 17:22:00,False,False
1145087,5322105,Ohio,5,Ashland,CLE,2002-11-10 17:48:00,EST,2002-11-10 17:58:00,0,0,0,0,1.6M,,NWS STORM SURVEY,F2,Unknown,5.5,50.0,,,,,40.95,-82.21667,40.95,-82.21667,,"A tornado touched down two miles southwest of Polk near the intersection of County Road 601 and Township Road 902. A new home at this location was destroyed. The tornado then traveled northeast across the western and northern portions of Polk. Two homes on the west side of Polk were heavily damaged and a small barn was leveled just north of town. Another 10 to 12 buildings, including two public buildings sustained minor damage in Polk. From Polk, the tornado traveled northeast across rural areas and passed just to the west of Albion. Two homes along County Road 620 just west of Township Road 521 lost entire roofs and had exterior walls partially or entirely knocked down. A nearby barn was leveled with debris thrown as much as one half mile. A small boat tethered in a pond near the barn was found a quarter mile away and the pond itself was filled with debris. A church in the area had it's steeple toppled. The tornado continued northeast and damaged several more homes and buildings. The tornado moved into Medina County just east of County Road 175. In the county, a total of five homes were either completely destroyed or declared unlivable with another 11 homes sustaining enough damage to require significant repairs. Approximately 30 additional homes and buildings suffered minor damage. A few dozen cars sustained varying amounts of damage. The tornado was on the ground in Ashland County for approximately five and a half miles with the damage path no more than 50 yards in width.",OH,2002-11-10 17:48:00,2002-11-10 17:58:00,False,False
1145087,5322106,Ohio,103,Medina,CLE,2002-11-10 17:58:00,EST,2002-11-10 18:05:00,0,0,0,0,750K,,NWS STORM SURVEY,F2,Unknown,4.0,50.0,,,,,41.03333,-82.13333,41.03333,-82.13333,,"A tornado moved into the county from Ashland County just to the east of Firestone Road. The tornado then traveled northeast through Homerville and finally dissipated about a mile and a half northeast of the town. The first significant damage in the county occurred along Williams Road where a newer two story home lost it's roof and most of the second floor. Several other homes and buildings in this area sustained minor damage. In Homerville, an auto repair shop was destroyed and several homes sustained moderate to minor damage. A barn was destroyed just southwest of town. Many cars were damaged and dozens of trees downed. The tornado was on the ground in Medina County for approximately four miles and had a damage path no more than 50 yards in width.",OH,2002-11-10 17:58:00,2002-11-10 18:05:00,False,False
1145087,5322107,Ohio,101,Marion,CLE,2002-11-10 17:10:00,EST,2002-11-10 17:10:00,0,0,0,0,10K,,DEPT OF HIGHWAYS,F0,Unknown,0.1,25.0,,,,,40.58333,-83.13333,40.58333,-83.13333,,A small tornado touched down in rural Marion County about five miles north of Marion near the intersection of State Route 4 and U.S. Highway 23. The tornado was on the ground for only a couple hundred feet and caused no damage other than downing several trees.,OH,2002-11-10 17:10:00,2002-11-10 17:10:00,False,False
1145088,5322108,Ohio,173,Wood,CLE,2002-11-10 17:19:00,EST,2002-11-10 17:20:00,0,0,0,0,325K,,TRAINED SPOTTER,F1,Unknown,0.5,25.0,,,,,41.56667,-83.43333,41.56667,-83.43333,,A tornado touched down in a wooded area between Main Street and Hille Drive. The tornado then traveled northeast for approximately one half mile before dissipating along Fostoria Road just north of State Route 51. A home on Emily Drive lost it's entire roof and had a wall collapse. Four other homes in the area lost sections of roof. Around a dozen trees were toppled along the damage path which was less then 25 yards in width.,OH,2002-11-10 17:19:00,2002-11-10 17:20:00,False,False
1144604,5322605,Louisiana,103,St. Tammany,LIX,2002-10-03 07:40:00,CST,2002-10-03 07:40:00,0,0,0,0,25K,,LAW ENFORCEMENT,F1,Unknown,0.3,30.0,,,,,30.25,-89.8,30.25,-89.8,"Hurricane Lili, a major hurricane over the Gulf of Mexico, during the daylight hours of October 2, 2002 moved steadily northwest around 15 mph toward the Louisiana coast during the evening hour. The hurricane weakened rapidly to a Saffir Simpson Scale Category 1 Hurricane by the time it made landfall during the morning of October 3rd along the south central Louisiana coast. The hurricane continued to moved north northwest across south central Louisiana before turning northeast across the northern portion of the state. Due to the rapid weakening, no sustained hurricane force winds were measured in southeast Louisiana. However, storm surge was significant across the southeast Louisiana coastal areas and tidal lakes. Storm surge tides were 3 to 5 feet above normal across much of coastal southeast Louisiana except 4 to 7 feet above normal across south Lafourche and Terrebonne Parishes, closer to the location where the hurricane made landfall. Storm surge caused the most damage in Terrebonne Parish where many communities situated along bayous in the southern portion of the parish received considerable flooding. Storm surge also overtopped or breached several locally built drainage levees during the morning hours of October 4th. Particularly hard hit was the community of Montegut where many homes were flooded several feet deep. Over a thousand homes and businesses in Terrebonne Parish sustained some type of water damage due to storm surge. Storm surge flooding was also reported in southern Lafourche Parish where areas outside of the Larose-Golden Meadow were inundated by storm surge flooding. Grand Isle also was hit with considerable storm surge and beach erosion. Considerable flooding of roadways and low lying structures was reported in many areas in coastal southeast Louisiana outside of the hurricane protection levees. Along Lake Pontchartrain and Maurepas, low lying roadways and structures were also flooded, many having been flooded a week earlier due to Tropical Storm Isidore. No sustained hurricane force winds were measured across southeast Louisiana. Highest wind gusts recorded on October 3rd included: Houma 61 mph at 0200 CST, Paincourtville 61 mph at 0700 CST, New Orleans Louis Armstrong Intl Airport 51 mph at 0400 CST, Baton Rouge 47 mph at 1117 CST, and Mid Lake Pontchartrain Causeway 69 mph at 0530 CST.Strong wind gusts downed trees and large tree branches across much of southeast Louisiana. Property damage occurred when the trees and tree limbs fell onto houses and automobiles. In St. Tammany Parish, one man was injured when a tree fell on the mobile home in which he was living. In Point Coupee Parish, the emergency manager reported 800 to 1000 trees were blown down. Several short lived tornadoes touched down producing only minor property damage. Heavy rainfall was not widespread, in part due to the rapid movement of the hurricane away from the area. Flash flooding occurred in only a couple of areas.",A weak tornado touched down in the Bayou Bonfouca area. The main damage was downed trees.,LA,2002-10-03 08:40:00,2002-10-03 08:40:00,True,True
1144604,5322606,Louisiana,109,Terrebonne,LIX,2002-10-03 08:30:00,CST,2002-10-03 08:30:00,0,0,0,0,25K,,EMERGENCY MANAGER,F1,Unknown,0.3,30.0,,,,,29.68333,-91.0,29.68333,-91.0,"Hurricane Lili, a major hurricane over the Gulf of Mexico, during the daylight hours of October 2, 2002 moved steadily northwest around 15 mph toward the Louisiana coast during the evening hour. The hurricane weakened rapidly to a Saffir Simpson Scale Category 1 Hurricane by the time it made landfall during the morning of October 3rd along the south central Louisiana coast. The hurricane continued to moved north northwest across south central Louisiana before turning northeast across the northern portion of the state. Due to the rapid weakening, no sustained hurricane force winds were measured in southeast Louisiana. However, storm surge was significant across the southeast Louisiana coastal areas and tidal lakes. Storm surge tides were 3 to 5 feet above normal across much of coastal southeast Louisiana except 4 to 7 feet above normal across south Lafourche and Terrebonne Parishes, closer to the location where the hurricane made landfall. Storm surge caused the most damage in Terrebonne Parish where many communities situated along bayous in the southern portion of the parish received considerable flooding. Storm surge also overtopped or breached several locally built drainage levees during the morning hours of October 4th. Particularly hard hit was the community of Montegut where many homes were flooded several feet deep. Over a thousand homes and businesses in Terrebonne Parish sustained some type of water damage due to storm surge. Storm surge flooding was also reported in southern Lafourche Parish where areas outside of the Larose-Golden Meadow were inundated by storm surge flooding. Grand Isle also was hit with considerable storm surge and beach erosion. Considerable flooding of roadways and low lying structures was reported in many areas in coastal southeast Louisiana outside of the hurricane protection levees. Along Lake Pontchartrain and Maurepas, low lying roadways and structures were also flooded, many having been flooded a week earlier due to Tropical Storm Isidore. No sustained hurricane force winds were measured across southeast Louisiana. Highest wind gusts recorded on October 3rd included: Houma 61 mph at 0200 CST, Paincourtville 61 mph at 0700 CST, New Orleans Louis Armstrong Intl Airport 51 mph at 0400 CST, Baton Rouge 47 mph at 1117 CST, and Mid Lake Pontchartrain Causeway 69 mph at 0530 CST.Strong wind gusts downed trees and large tree branches across much of southeast Louisiana. Property damage occurred when the trees and tree limbs fell onto houses and automobiles. In St. Tammany Parish, one man was injured when a tree fell on the mobile home in which he was living. In Point Coupee Parish, the emergency manager reported 800 to 1000 trees were blown down. Several short lived tornadoes touched down producing only minor property damage. Heavy rainfall was not widespread, in part due to the rapid movement of the hurricane away from the area. Flash flooding occurred in only a couple of areas.",A weak tornado touched down causing minor property damage to several houses.,LA,2002-10-03 09:30:00,2002-10-03 09:30:00,True,True
1145411,5322214,Tennessee,3,Bedford,OHX,2002-11-10 17:45:00,CST,2002-11-10 17:50:00,3,0,0,0,100K,,NWS STORM SURVEY,F2,Unknown,3.0,500.0,,,,,35.48333,-86.31667,35.5,-86.26667,"11 tornadoes were reported in Middle Tennessee in one of the worst tornadic outbreaks ever in November. 8 people...and possibly a ninth victim...were killed in Middle Tennessee alone. Damage estimate for the tornadoes in Tennessee was placed at $160 million. Primary losses were due to houses and cars. The toll on government owned infrastructure is about $6 million. The federal government is expected to reimburse the state and affected counties for 75% of the costs of responding to the disaster. The FEMA Public Assistance Program has obligated more than $3.6 million to assist local governments. These funds will be used to reimburse local governments for debris removal, the repair of public buildings and utilities, and overtime paid to police officers, firefighters and other emergency personnel.More than 900 families across the state applied for storm aid. This was the worst tornado disaster since the April3-4 outbreak in 1974. The United States Small Business Administration has approved more than 9.7 million dollars in disaster loans to assist disaster victims with repairing their property or replacing lost personal items. The 20 counties that are eligible for disaster assistance to individuals, households, and businesses were: Anderson, Bedford, Bledsoe, Carroll, Coffee, Crockett, Cumberland, Fentress, Gibson, Henderson, Madison, Marshall, Montgomery, Morgan, Roane, Rutherford, Scott, Sumner and Tipton and Van Buren.","An F2 tornado struck near Bugscuffle and caused very minor injuries. A second floor was torn off 2 late model frame houses. Several houses had roofs stripped and a couple of barns were demolished. This tornado went into Coffee county. TEMA reported 5 homes destroyed, 6 damaged, one mobile home destroyed and a TVA 500 KV tower was destroyed.",TN,2002-11-10 17:45:00,2002-11-10 17:50:00,False,False
1144955,5322801,Ohio,161,Van Wert,IWX,2002-11-10 15:15:00,EST,2002-11-10 15:43:00,17,0,2,0,30M,,NWS STORM SURVEY,F4,Unknown,21.6,880.0,,,,,40.78333,-84.76667,40.98333,-84.43333,"On Sunday, November 10th, 2002 a cold front trailed from a deep surface low over northern Lake Michigan into central Missouri. Ahead of the cold front the KILN (Wilmington, OH) 1200 UTC sounding showed an unstable airmass with CAPE (Convectively Available Potential Energy) of 1148 J/kg and a Storm Relative Helicity (SRH) of 408 m/s2. Another sounding at 1800 UTC showed CAPE had increased on a modified sounding to 1313 J/kg, with SRH increasing to 587 m/s2. A broken squall line developed from Indianapolis to Fort Wayne Indiana and Defiance Ohio with the cold front. A small low topped supercell developed ahead of the line over Blackford county Indiana and was moving northeast at 50 mph. This parent supercell produced 3 seperate tornadoes in Indiana (see StormData, Indiana, Northeast for more information) before crossing into Ohio. There the supercell intensified and a tornado touched down in Van Wert County Ohio, reaching F4 in strength as it reached the city of Van Wert. The tornado then moved northeast with a total path length of 53 miles, producing F3 damage in Paulding and Putnam counties, and F0 damage in Defiance and Henry counties.","This tornado touched down in the southwest corner of Van Wert County about 4 miles northeast of Willshire and moved northeast across the western portion of the city of Van Wert, and then crossed U.S. 30 and continued northeast before exiting the county about 7 miles east of Scott. NWS ground and aerial surveys showed the tornado quickly intensified to F4 about 5 miles southwest of the city of Van Wert near Zook road, where a 75 year old male was killed in his home. The tornado continued moving northeast as an F4 into the city of Van Wert, were it hit the Twin Cinemas and the Vision Industrial Park. At this point the tornado was about one half mile wide. 60 persons watching a movie in the cinemas, mostly children, took shelter before the tornado hit, with only minor injuries. Vehicles from the parking lot were thrown into the seats where the children had been sitting. An 18 year old male driving past the cinemas was thrown from his vehicle and killed. The tornado then destroyed five industries in the Vision Industrial Park, before moving north of U.S. 30, producing F4 damage to additional businesses and homes. The tornado weakened to F3 as it moved northeast and crossed into Paulding county. 164 homes were damaged in Van Wert county, and 43 were totally destroyed. 27 businesses sustained damage, with 5 totally destroyed in Vision Park. Three county engineer buildings were destroyed, with one house used by a township. Total damage in Van Wert county was near 30 million dollars.",OH,2002-11-10 15:15:00,2002-11-10 15:43:00,False,False
1144718,5322619,Georgia,25,Brantley,JAX,2002-12-24 11:30:00,EST,2002-12-24 11:30:00,0,0,0,0,,,EMERGENCY MANAGER,F0,Unknown,0.1,10.0,,,,,31.15,-82.21667,31.15,-82.21667,,Brief touchdown in Laura Walker State Park.,GA,2002-12-24 11:30:00,2002-12-24 11:30:00,False,False
1144720,5322621,Georgia,305,Wayne,JAX,2002-12-24 11:30:00,EST,2002-12-24 11:30:00,0,0,0,0,,,EMERGENCY MANAGER,F0,Unknown,0.1,10.0,,,,,31.6,-81.88333,31.6,-81.88333,,Brief touchdown near Mallard Pie Road.,GA,2002-12-24 11:30:00,2002-12-24 11:30:00,False,False
1144955,5322864,Ohio,137,Putnam,IWX,2002-11-10 15:58:00,EST,2002-11-10 16:03:00,0,0,2,0,0,,NWS STORM SURVEY,F3,Unknown,7.2,440.0,,,,,41.08333,-84.33333,41.16667,-84.26667,"On Sunday, November 10th, 2002 a cold front trailed from a deep surface low over northern Lake Michigan into central Missouri. Ahead of the cold front the KILN (Wilmington, OH) 1200 UTC sounding showed an unstable airmass with CAPE (Convectively Available Potential Energy) of 1148 J/kg and a Storm Relative Helicity (SRH) of 408 m/s2. Another sounding at 1800 UTC showed CAPE had increased on a modified sounding to 1313 J/kg, with SRH increasing to 587 m/s2. A broken squall line developed from Indianapolis to Fort Wayne Indiana and Defiance Ohio with the cold front. A small low topped supercell developed ahead of the line over Blackford county Indiana and was moving northeast at 50 mph. This parent supercell produced 3 seperate tornadoes in Indiana (see StormData, Indiana, Northeast for more information) before crossing into Ohio. There the supercell intensified and a tornado touched down in Van Wert County Ohio, reaching F4 in strength as it reached the city of Van Wert. The tornado then moved northeast with a total path length of 53 miles, producing F3 damage in Paulding and Putnam counties, and F0 damage in Defiance and Henry counties.","This tornado originated in Van Wert county and moved across Paulding county into Putnam county about 4 miles west southwest of Continental. NWS ground and aerial survey found F3 damage as the tornado entered Putnam county, striking a mobile home and killing a husband and wife. The tornado moved northeast across the northwest corner of Putnam county, quickly weakening to an F0 as it exited the county 4.5 miles north of Continental.",OH,2002-11-10 15:58:00,2002-11-10 16:03:00,False,False
1144955,5322863,Ohio,125,Paulding,IWX,2002-11-10 15:43:00,EST,2002-11-10 15:58:00,0,0,0,0,0,,NWS STORM SURVEY,F3,Unknown,9.0,440.0,,,,,40.98333,-84.45,41.08333,-84.33333,"On Sunday, November 10th, 2002 a cold front trailed from a deep surface low over northern Lake Michigan into central Missouri. Ahead of the cold front the KILN (Wilmington, OH) 1200 UTC sounding showed an unstable airmass with CAPE (Convectively Available Potential Energy) of 1148 J/kg and a Storm Relative Helicity (SRH) of 408 m/s2. Another sounding at 1800 UTC showed CAPE had increased on a modified sounding to 1313 J/kg, with SRH increasing to 587 m/s2. A broken squall line developed from Indianapolis to Fort Wayne Indiana and Defiance Ohio with the cold front. A small low topped supercell developed ahead of the line over Blackford county Indiana and was moving northeast at 50 mph. This parent supercell produced 3 seperate tornadoes in Indiana (see StormData, Indiana, Northeast for more information) before crossing into Ohio. There the supercell intensified and a tornado touched down in Van Wert County Ohio, reaching F4 in strength as it reached the city of Van Wert. The tornado then moved northeast with a total path length of 53 miles, producing F3 damage in Paulding and Putnam counties, and F0 damage in Defiance and Henry counties.","This tornado originated in Van Wert county and crossed into Paulding county 3 miles southwest of Roselms and exited Paulding county about 2.5 miles southeast of Oakwood. NWS ground and aerial survey found F3 damage along the entire path in Paulding county, with only one structure remaining standing in the town of Roselms, in which the town residents had taken cover in the basement.",OH,2002-11-10 15:43:00,2002-11-10 15:58:00,False,False
1144755,5322919,Mississippi,87,Lowndes,JAN,2002-11-10 19:45:00,CST,2002-11-10 20:15:00,0,0,1,0,100K,,NWS STORM SURVEY,F1,Unknown,27.0,400.0,,,,,33.3,-88.65,33.41667,-88.26667,,"This tornado originally developed in Winston County, almost 8 miles northeast of Louisville around 7:20 PM. After moving through parts of Noxubee and Oktibbeha Counties, the tornado moved into Southwest Lowndes County around 7:45 PM. As it moved through the town of Crawford, a man was killed while trying to warn his neighbors of the impending storm. Several homes and trees were also destroyed. The tornado moved into Pickens County, Alabama about 4.5 miles southeast of New Hope around 8:15 PM.",MS,2002-11-10 19:45:00,2002-11-10 20:15:00,False,False
1144516,5323093,South Carolina,43,Georgetown,ILM,2002-10-11 12:02:00,EST,2002-10-11 12:05:00,8,0,0,0,750K,,NWS STORM SURVEY,F2,Unknown,1.2,40.0,,,,,33.36667,-79.3,33.36667,-79.3,,"Tornado touched down with strong F2 damage near the corner of Merriman and Emanuel Roads, destroying 5 manufactured homes, a car and 2 houses before continuing NE with scattered F1 damage...described as major to a total of 28 structures and minor to 78 more...including homes, businesses, churches and also trees as it traveled a mile through residential streets. The tornado continued another 0.25 mile with F0 damage to trees before moving out over marshland. Eight people were hospitalized for minor injuries, where they were treated and released.",SC,2002-10-11 13:02:00,2002-10-11 13:05:00,True,True
1145411,5322213,Tennessee,31,Coffee,OHX,2002-11-10 18:52:00,CST,2002-11-10 18:52:00,24,0,2,0,.25M,,NWS STORM SURVEY,F2,Unknown,12.3,450.0,,,,,35.5,-86.21667,35.56667,-86.01667,"11 tornadoes were reported in Middle Tennessee in one of the worst tornadic outbreaks ever in November. 8 people...and possibly a ninth victim...were killed in Middle Tennessee alone. Damage estimate for the tornadoes in Tennessee was placed at $160 million. Primary losses were due to houses and cars. The toll on government owned infrastructure is about $6 million. The federal government is expected to reimburse the state and affected counties for 75% of the costs of responding to the disaster. The FEMA Public Assistance Program has obligated more than $3.6 million to assist local governments. These funds will be used to reimburse local governments for debris removal, the repair of public buildings and utilities, and overtime paid to police officers, firefighters and other emergency personnel.More than 900 families across the state applied for storm aid. This was the worst tornado disaster since the April3-4 outbreak in 1974. The United States Small Business Administration has approved more than 9.7 million dollars in disaster loans to assist disaster victims with repairing their property or replacing lost personal items. The 20 counties that are eligible for disaster assistance to individuals, households, and businesses were: Anderson, Bedford, Bledsoe, Carroll, Coffee, Crockett, Cumberland, Fentress, Gibson, Henderson, Madison, Marshall, Montgomery, Morgan, Roane, Rutherford, Scott, Sumner and Tipton and Van Buren.","An F2 tornado killed 2 people and injured 24 others. The 2 people were inside their mobile home when the tornado struck. The mobile home was in the New Union Heights subdivision, off state Highway 53 north of Manchester. The boy was moved from his mobile home to the Hillcrest Baptist Church. He died in the church at 705 PM CST. A relative of the boy, a 43-year-old male, was also killed. He was impaled on the upright lid of a washing machine. 24 homes were destroyed, 51 other homes were damaged. 9 mobile homes were destroyed and 5 were damaged. 14 outbuildings also were damaged.",TN,2002-11-10 18:52:00,2002-11-10 18:52:00,False,False
1144755,5322861,Mississippi,87,Lowndes,JAN,2002-11-10 19:08:00,CST,2002-11-10 19:31:00,55,0,0,0,60M,,NWS STORM SURVEY,F3,Unknown,22.0,440.0,,,,,33.38333,-88.61667,33.53333,-88.28333,,"A tornado formed in Lowndes County, about 3 miles southeast of Artesia. It moved 22 miles across the county, resulting in numerous injuries. Most of the damage and injuries was seen in Columbus around 7:20 PM. Here, extensive damage was received by several buildings on the campuses of the Mississippi University for Women and the Mississippi School for Math and Science. Major damage was received by approximately 60 homes in the southern part of Columbus as the tornado moved through. The tornado then moved into Lamar County, Alabama 2.5 miles southeast of Steens, Mississippi.",MS,2002-11-10 19:08:00,2002-11-10 19:31:00,False,False
1144639,5323127,Ohio,1,Adams,ILN,2002-11-10 20:15:00,EST,2002-11-10 20:20:00,0,0,0,0,100K,,NWS STORM SURVEY,F1,Unknown,1.3,50.0,,,,,38.8,-83.6,38.8,-83.58333,,"A tornado touched down and tracked east along State Route 125. The greatest damaged occurred at a farm where four barns were damaged, one of which was completely destroyed. Two nearby homes and a church sustained minor structural damage. At least three dozen trees were also downed along the path of the tornado.",OH,2002-11-10 20:15:00,2002-11-10 20:20:00,False,False
1144811,5323210,Kentucky,3,Allen,LMK,2002-11-10 03:00:00,EST,2002-11-10 03:02:00,0,0,0,0,65K,,NWS STORM SURVEY,F1,Unknown,1.5,25.0,,,,,36.63333,-86.33333,36.63333,-86.31667,,"Near New Roe, KY, a large mobile home was lifted into the air,twisted, and tumbled down a hill. The home did have substantial tie downs which were ripped from the ground. One of the tie downs was bent into a ""U"" shape. Debris was blown across New Roe Road, about a quarter mile away. Other tree damage and minor structural damage was noted downwind from the mobile home site.",KY,2002-11-10 03:00:00,2002-11-10 03:02:00,False,False
1144892,5322729,Tennessee,129,Morgan,MRX,2002-11-10 20:31:00,EST,2002-11-10 20:42:00,28,0,7,0,968K,,GENERAL PUBLIC,F3,Unknown,8.3,300.0,,,,,36.03333,-84.6,36.05,-84.45,,"A strong F3 tornado (with wind speeds estimated around 175 mph) touched down 4.4 miles south of Wartburg in the Mossy Grove community killing 5 people and injuring 28. This tornado then struck Joyner at 8:40 P.M. killing two more people for a total of 7 dead. The tornado damaged 63 homes while destroying 24 others. In addition, 18 mobile homes were damaged and 12 others were destroyed.",TN,2002-11-10 20:31:00,2002-11-10 20:42:00,False,False
1144894,5322731,Tennessee,1,Anderson,MRX,2002-11-10 20:54:00,EST,2002-11-10 21:05:00,0,0,0,0,213K,,LAW ENFORCEMENT,F2,Unknown,5.5,75.0,,,,,36.2,-84.2,36.2,-84.08333,"An F2 tornado produced a damage path 75 yards wide for a distance of 5.5 miles from near Briceville to Medford. The Medford community received the brunt of the damage, which was concentrated along Highway 25W, Leinart Road, Bryant Circle and Old and New Clear Branch roads. In all, 32 homes were damaged while 3 were totally destroyed. In addition, 9 mobile homes were damaged.",,TN,2002-11-10 20:54:00,2002-11-10 21:05:00,False,False
1144755,5322914,Mississippi,79,Leake,JAN,2002-11-10 19:32:00,CST,2002-11-10 19:34:00,0,0,0,0,100K,,NWS STORM SURVEY,F2,Unknown,4.0,1000.0,,,,,32.91667,-89.71667,32.93333,-89.63333,,"This tornado originally developed in Attala County, about 9.5 miles south of Boyette. It moved across rural areas of northern Leake County, damaging a house and a barn, as well as uprooting hundreds of trees. The tornado moved back into Attala County about 5 miles north-northeast of Thomastown (0.5 mile south of McVille in Attala County).",MS,2002-11-10 19:32:00,2002-11-10 19:34:00,False,False
1144755,5322915,Mississippi,103,Noxubee,JAN,2002-11-10 19:34:00,CST,2002-11-10 19:41:00,0,0,0,0,15K,,NWS STORM SURVEY,F1,Unknown,8.0,400.0,,,,,33.3,-88.8,33.3,-88.66667,,"This tornado originally developed in Winston County, almost 8 miles northeast of Louisville. It moved about 8 miles across extreme northwestern Noxubee County before exiting the county 7 miles northwest of Brooksville around 7:41 PM. As the tornado moved through rural areas of Noxubee County, it destroyed numerous trees.",MS,2002-11-10 19:34:00,2002-11-10 19:41:00,False,False
1144755,5322916,Mississippi,87,Lowndes,JAN,2002-11-10 19:36:00,CST,2002-11-10 19:42:00,0,0,0,0,15K,,NWS STORM SURVEY,F1,Unknown,5.0,400.0,,,,,33.45,-88.33333,33.48333,-88.26667,,"A tornado formed in Lowndes County, about 2 miles southwest of New Hope, destroying many trees as it moved northeast. The tornado then moved into Pickens County, Alabama, about 3 miles east-northeast of New Hope (near Forest, Alabama).",MS,2002-11-10 19:36:00,2002-11-10 19:42:00,False,False
1145091,5322524,Ohio,77,Huron,CLE,2002-11-10 17:42:00,EST,2002-11-10 17:50:00,0,0,0,0,800K,,NWS STORM SURVEY,F1,Unknown,7.5,50.0,,,,,41.21667,-82.76667,41.25,-82.7,,The same thunderstorm that produced the deadly Seneca County tornado spawned another tornado in northwestern Huron County. This tornado touched down near the intersection of Young Road and State Route 4 southeast of Bellevue and northwest of Hunts Corners. The tornado moved northeast for around seven and a half miles before entering Erie County north of Monroeville near the intersection of Section Line Road and State Route 113. The tornado caused some damage in Lyme Township. The township hall and garage located on Young Road near Section Line Road were severely damaged. Trucks and other heavy equipment stored in the garage were destroyed. As the tornado continued northeast it destroyed a few barns and caused minor damage to some homes. Many trees and power poles were downed along the damage path which was mostly 25 to 50 yards in width.,OH,2002-11-10 17:42:00,2002-11-10 17:50:00,False,False
1144755,5322918,Mississippi,105,Oktibbeha,JAN,2002-11-10 19:41:00,CST,2002-11-10 19:45:00,0,0,0,0,10K,,NWS STORM SURVEY,F1,Unknown,1.5,400.0,,,,,33.3,-88.63333,33.3,-88.65,,"This tornado originally developed in Winston County, almost 8 miles northeast of Louisville around 7:20 PM. After moving through northwestern parts of Noxubee County, it briefly moved across extreme Southeast Oktibbeha County, resulting in the destruction of many trees. The tornado moved out of Oktibbeha County around 7:45 PM about 15.5 miles southeast of Starkville.",MS,2002-11-10 19:41:00,2002-11-10 19:45:00,False,False
1144639,5323125,Ohio,159,Union,ILN,2002-11-10 16:45:00,EST,2002-11-10 16:49:00,2,0,0,0,500K,,NWS STORM SURVEY,F3,Unknown,7.0,300.0,,,,,40.38333,-83.53333,40.43333,-83.45,,"The tornado moved into the northwest part of the county from Logan County, tracking northeast across rural areas. Nine homes were damaged, four of which were completely destroyed. Half a dozen barn and sheds were destroyed. A 400-foot metal hi-tension cellular tower was toppled and destroyed and numerous cars were totalled. The worst damage occurred to a modular home along Newton-Perkins Road. Two individuals in the home were severely injured.",OH,2002-11-10 16:45:00,2002-11-10 16:49:00,False,False
1144639,5323126,Ohio,159,Union,ILN,2002-11-10 16:51:00,EST,2002-11-10 16:53:00,0,0,0,0,50K,,NWS STORM SURVEY,F1,Unknown,0.5,200.0,,,,,40.43333,-83.4,40.43333,-83.4,,"A tornado briefly touched down near the intersection of Boundary and McPeek Roads, causing damage to a barn and the roof of a nearby home.",OH,2002-11-10 16:51:00,2002-11-10 16:53:00,False,False
1144755,5322862,Mississippi,159,Winston,JAN,2002-11-10 19:20:00,CST,2002-11-10 19:34:00,0,0,0,0,15K,,NWS STORM SURVEY,F1,Unknown,12.5,400.0,,,,,33.21667,-88.95,33.25,-88.83333,,"A tornado touched down at 7:20 PM, about 2 miles northwest of the community of Webster. It moved northeast across rural areas of Northeast Winston County, resulting in tree damage. After travelling about 12.5 miles, this tornado moved into Noxubee County, about 1.5 miles southeast of Winston.",MS,2002-11-10 19:20:00,2002-11-10 19:34:00,False,False
1143692,5320355,New Mexico,5,Chaves,ABQ,2002-09-13 13:36:00,MST,2002-09-13 13:36:00,0,0,0,0,,,TRAINED SPOTTER,F0,Unknown,0.1,20.0,,,,,33.98333,-104.66667,33.98333,-104.66667,,A brief tornado was reported over open rangeland in far northern Chaves County.,NM,2002-09-13 14:36:00,2002-09-13 14:36:00,True,True
1145091,5322525,Ohio,43,Erie,CLE,2002-11-10 17:50:00,EST,2002-11-10 17:56:00,0,0,0,0,500K,,NWS STORM SURVEY,F1,Unknown,5.0,50.0,,,,,41.31667,-82.7,41.3,-82.61667,,A tornado moved into Erie County from Huron County to the southeast of Kimball near the intersection of Section Line Road and State Route 113. The tornado continued east northeast in the county for around five miles and dissipated north of Milan near the intersection of U.S. Highway 250 and State Route 13. Several high voltage transmission poles were toppled by the tornado in Milan Township. A few homes sustained minor damage and several barns were destroyed. Many trees were downed along the damage path which was generally 25 to 50 yards in width.,OH,2002-11-10 17:50:00,2002-11-10 17:56:00,False,False
1144605,5322610,Mississippi,47,Harrison,LIX,2002-10-03 14:50:00,CST,2002-10-03 14:50:00,0,0,0,0,15K,,LAW ENFORCEMENT,F0,Unknown,0.3,30.0,,,,,30.55,-88.9,30.55,-88.9,"Hurricane Lili, a major hurricane over the Gulf of Mexico, during the daylight hours of October 2, 2002 moved steadily northwest around 15 mph toward the Louisiana coast during the evening hour. The hurricane weakened rapidly to a Saffir Simpson Scale Category 1 Hurricane by the time it made landfall during the morning of October 3rd along the south central Louisiana coast. The hurricane moved north northwest across south central Louisiana before turning northeast across the northern portion of the Louisiana. While Hurricane Lili made landfall in south central Louisiana, tropical storm force wind gusts affected nearly all of south Mississippi during October 3rd as rainbands moved across the southern portion of the state. Storm surge flooding affected the coastal areas with tides generally 3 to 5 feet above normal along the coastal areas causing some flooding in low lying coastal areas, but storm surge flooding was less severe and damaging than during Tropical Storm Isidore a week earlier. The highest recorded wind gusts on October 3rd was 43 mph at 1441 CST at Keesler Air Force Base in Biloxi. Over inland portions of southwest Missisippi some trees were knocked down by strong wind gusts. Several weak, short lived tornadoes touched down, however property damage was generally minor.",Law enforcement reported a weak tornado touched down. No damage was reported.,MS,2002-10-03 15:50:00,2002-10-03 15:50:00,True,True
1144847,5322566,Alabama,25,Clarke,MOB,2002-11-05 10:40:00,CST,2002-11-05 10:45:00,0,0,0,0,8K,,LAW ENFORCEMENT,F0,Unknown,0.1,20.0,,,,,31.96667,-87.86667,31.96667,-87.86667,,A weak tornado briefly touched down just east of the community near County Road 48. A few trees were blown down or uprooted by the tornado.,AL,2002-11-05 10:40:00,2002-11-05 10:45:00,False,False
1145469,5322521,South Carolina,7,Anderson,GSP,2002-11-11 05:22:00,EST,2002-11-11 05:25:00,0,0,0,0,,,NWS STORM SURVEY,F0,Unknown,3.0,50.0,,,,,34.68333,-82.48333,34.7,-82.46667,,A weak tornado touched down west of the city of Piedmont. Numerous large trees were blown over or uprooted as the tornado moved into the city. The tornado moved into Greenville county at 5:25 AM.,SC,2002-11-11 05:22:00,2002-11-11 05:25:00,False,False
1145470,5322522,South Carolina,45,Greenville,GSP,2002-11-11 05:25:00,EST,2002-11-11 05:27:00,0,0,0,0,2K,,NWS STORM SURVEY,F0,Unknown,3.0,50.0,,,,,34.7,-82.45,34.7,-82.43333,,"As the tornado continued into the Greenville County portion of Piedmont, numerous trees and power lines continued to fall. One tree fell on a truck.",SC,2002-11-11 05:25:00,2002-11-11 05:27:00,False,False
1144848,5322567,Alabama,35,Conecuh,MOB,2002-11-05 11:30:00,CST,2002-11-05 11:35:00,0,0,0,0,8K,,LAW ENFORCEMENT,F0,Unknown,0.1,20.0,,,,,31.33333,-87.18333,31.33333,-87.18333,,"A weak tornado briefly touched down near the community, blowing down or uprooting several trees.",AL,2002-11-05 11:30:00,2002-11-05 11:35:00,False,False
1143626,5319816,Alabama,3,Baldwin,MOB,2002-09-25 18:25:00,CST,2002-09-25 18:27:00,0,0,0,0,25K,,LAW ENFORCEMENT,F0,Unknown,0.1,20.0,,,,,30.28333,-87.68333,30.28333,-87.68333,,A weak tornado moved across part of Gulf State Park. The tornado was spawned from a storm that moved in from the Gulf of Mexico. The weak tornado flipped a couple of trailers and also blew down trees and power lines in the Park. No injuries were reported.,AL,2002-09-25 19:25:00,2002-09-25 19:27:00,True,True
1143627,5319817,Alabama,3,Baldwin,MOB,2002-09-25 19:06:00,CST,2002-09-25 19:07:00,0,0,0,0,15K,,EMERGENCY MANAGER,F0,Unknown,0.1,20.0,,,,,30.28333,-87.68333,30.28333,-87.68333,,A weak tornado damaged a building near the Gulf of Mexico in Gulf Shores. The storm that spawned the tornado moved in from the Gulf. The building suffered minor roof damage and several windows were blown out.,AL,2002-09-25 20:06:00,2002-09-25 20:07:00,True,True
1143625,5319815,Florida,91,Okaloosa,MOB,2002-09-25 18:10:00,CST,2002-09-25 18:12:00,0,0,0,0,25K,,GENERAL PUBLIC,F0,Unknown,0.1,20.0,,,,,30.43333,-86.58333,30.43333,-86.58333,,A weak tornado moved off the bay and damaged a home near Shalimar. The storm also blew down trees and power lines near the home. Most of the damage to the home was to the roof and a couple of windows.,FL,2002-09-25 19:10:00,2002-09-25 19:12:00,True,True
1144877,5322714,Tennessee,129,Morgan,MRX,2002-11-10 18:35:00,EST,2002-11-10 18:37:00,0,0,0,0,20K,,GENERAL PUBLIC,F0,Unknown,1.5,25.0,,,,,36.33333,-84.7,36.33333,-84.68333,An F0 tornado touched down 2.5 miles south of Rugby producing a damage path 25 yards wide for a distance of one and a half miles. The tornado downed a number of trees along its path and ended 2.7 miles south southeast of Rugby.,,TN,2002-11-10 18:35:00,2002-11-10 18:37:00,False,False
1144878,5322715,Tennessee,151,Scott,MRX,2002-11-10 18:40:00,EST,2002-11-10 18:45:00,0,0,0,0,110K,,GENERAL PUBLIC,F1,Unknown,4.1,50.0,,,,,36.33333,-84.63333,36.35,-84.56667,An F1 tornado touched down 1.8 miles west of Elgin producing a damage path 50 yards wide for a distance of 4.1 miles. The tornado damaged several homes and ended 2.4 miles east northeast of Elgin.,,TN,2002-11-10 18:40:00,2002-11-10 18:45:00,False,False
1143646,5319967,Wisconsin,107,Rusk,MPX,2002-09-02 15:22:00,CST,2002-09-02 15:50:00,27,0,0,0,25M,,NWS STORM SURVEY,F3,Unknown,16.0,440.0,,,,,45.46667,-91.13333,45.46667,-90.81667,,"The first tornadic supercell to rake Wisconsin this day started just west of Ladysmith and tore through the downtown before moving into rural parts of eastern Rusk County. Injury totals fluctuated at first, but Rusk County Emergency Management stated there were approximately 27 injuries, none more serious than a broken leg. The NWS performed a damage survey the next day, and the most severe damage, rated F3, was in downtown Ladysmith. In this area 4 blocks wide and 16 blocks long, 40 buildings were destroyed and 159 damaged. One church was blown off its foundation, although during the damage survey, it was apparent that it had been barely attached to the foundation. A pickup truck was also picked up and thrown into a tree. Two old brick buildings collapsed. As the tornado reached the east side of Ladysmith, it weakened to F2 status. Once it left Ladysmith, the tornado continued on an eastward path, striking a number of rural farm houses and producing mostly F1 damage until it dissipated.",WI,2002-09-02 16:22:00,2002-09-02 16:50:00,True,True
1145411,5322212,Tennessee,35,Cumberland,OHX,2002-11-10 21:43:00,CST,2002-11-10 21:58:00,18,0,4,0,.5M,,NWS STORM SURVEY,F3,Unknown,12.2,900.0,,,,,35.9,-85.1,35.9,-84.9,"11 tornadoes were reported in Middle Tennessee in one of the worst tornadic outbreaks ever in November. 8 people...and possibly a ninth victim...were killed in Middle Tennessee alone. Damage estimate for the tornadoes in Tennessee was placed at $160 million. Primary losses were due to houses and cars. The toll on government owned infrastructure is about $6 million. The federal government is expected to reimburse the state and affected counties for 75% of the costs of responding to the disaster. The FEMA Public Assistance Program has obligated more than $3.6 million to assist local governments. These funds will be used to reimburse local governments for debris removal, the repair of public buildings and utilities, and overtime paid to police officers, firefighters and other emergency personnel.More than 900 families across the state applied for storm aid. This was the worst tornado disaster since the April3-4 outbreak in 1974. The United States Small Business Administration has approved more than 9.7 million dollars in disaster loans to assist disaster victims with repairing their property or replacing lost personal items. The 20 counties that are eligible for disaster assistance to individuals, households, and businesses were: Anderson, Bedford, Bledsoe, Carroll, Coffee, Crockett, Cumberland, Fentress, Gibson, Henderson, Madison, Marshall, Montgomery, Morgan, Roane, Rutherford, Scott, Sumner and Tipton and Van Buren.","An F3 tornado struck the Lake Tansi area and the southern sections of Crossville Sunday night, killing 4 people and injuring 18. 33 homes and mobile were destroyed and 128 homes and mobile homes were damaged. There was damage to one public building. The heaviest damage was along Lantana Drive, Dunbar Road, and Pigeon Ridge Road. 5 homes were damaged on U.S. Highway 127 and just south of Three Creek Road. One well built home lost an entire roof and several walls. The couple, their 3 children, and a guest, huddled under a mattress in the hallway. 50 acres of hardwoods were twisted and tangled. 100-year-old oak trees were snapped like wheat straws.Mobile homes on the Ballyhoo Campground and modular homes in Lake Tansi were destroyed. The four fatalities occurred in mobile homes. A couple was killed at 298 Lantana Drive when their mobile home was lifted off its foundation and placed on another trailer. Edward, 80 and Mary Laffer 75 were killed. Another couple died at 4040 Lone Wolf Circle. Robert, 55 and Sandy Scarbrough , 52, were killed and their bodies were found across Lake Mohawk.",TN,2002-11-10 21:43:00,2002-11-10 21:58:00,False,False
1144438,5319688,Texas,167,Galveston,HGX,2002-10-08 15:30:00,CST,2002-10-08 15:30:00,0,0,0,0,100K,,LAW ENFORCEMENT,F0,Unknown,0.7,50.0,,,,,29.33333,-94.78333,29.33333,-94.78333,,"Waterspout moved onshore and did F0 damage on the east end of Galveston Island. Damage included fences down, a carport damaged, and part of an apartment brick facade down.",TX,2002-10-08 16:30:00,2002-10-08 16:30:00,True,True
1144438,5319689,Texas,201,Harris,HGX,2002-10-08 16:54:00,CST,2002-10-08 16:54:00,0,0,0,0,,,GENERAL PUBLIC,F0,Unknown,0.1,20.0,,,,,30.1,-95.61667,30.1,-95.61667,,Tornado spotted by public in Tomball (no damage).,TX,2002-10-08 17:54:00,2002-10-08 17:54:00,True,True
1144423,5319564,Texas,355,Nueces,CRP,2002-10-24 13:19:00,CST,2002-10-24 13:30:00,20,0,1,0,75M,,GENERAL PUBLIC,F2,Unknown,2.5,200.0,,,,,27.73333,-97.61667,27.78333,-97.41667,,One Confirmed fatality and many injuries. The Tornado was first indentified by the public approximately 8 miles south of the CCI airport. Most extensive damage reported across Del MAr College.,TX,2002-10-24 14:19:00,2002-10-24 14:30:00,True,True
1144423,5319565,Texas,355,Nueces,CRP,2002-10-24 14:41:00,CST,2002-10-24 14:50:00,6,0,0,0,10M,,GOVT OFFICIAL,F1,Unknown,1.5,100.0,,,,,27.73333,-97.61667,27.78333,-97.41667,,Trees down Roofs damaged,TX,2002-10-24 15:41:00,2002-10-24 15:50:00,True,True
1144039,5320011,North Carolina,65,Edgecombe,RAH,2002-10-11 12:38:00,EST,2002-10-11 12:42:00,0,0,0,0,,,LAW ENFORCEMENT,F1,Unknown,2.0,50.0,,,,,35.81667,-77.45,35.81667,-77.45,,"A storm that had produced a tornado in Pitt County moved north into Edgecombe County, producing a separate tornado that caused damage to 9 homes in Conetoe. Shingles were blown off roofs, large trees were uprooted, and outbuildings were damaged.",NC,2002-10-11 13:38:00,2002-10-11 13:42:00,True,True
1143783,5320140,Florida,63,Jackson,TAE,2002-09-25 18:25:00,EST,2002-09-25 18:30:00,1,0,0,0,150K,,EMERGENCY MANAGER,F0,Unknown,2.0,75.0,,,,,30.95,-85.51667,30.96667,-85.53333,,"A tornado touched down just south of Graceville and moved northwest. Much of the damage occurred on Spruce Road, Shadow Lane and State Highway 77. Four homes were damaged. One barn was destroyed, while the roof from another barn was blown a quarter mile away. Numerous trees and power lines were snapped. An estimated 440 customers in Graceville were without power. A man was injured when the roof of his auto shop collapsed. Reported by the Jackson County EMA.",FL,2002-09-25 19:25:00,2002-09-25 19:30:00,True,True
1144329,5319668,Mississippi,129,Smith,JAN,2002-10-03 12:15:00,CST,2002-10-03 12:15:00,0,0,0,0,3K,,PARK/FOREST SERVICE,F0,Unknown,0.5,50.0,,,,,32.18333,-89.4,32.18333,-89.4,,"Several eyewitness reports indicate that a tornado briefly touched down in a wooded area about 3 miles north of Pineville. Several trees were blown down by the storm, with no other property damage noted.",MS,2002-10-03 13:15:00,2002-10-03 13:15:00,True,True
1144329,5319669,Mississippi,123,Scott,JAN,2002-10-03 12:30:00,CST,2002-10-03 12:30:00,0,0,0,0,3K,,GENERAL PUBLIC,F0,Unknown,0.5,50.0,,,,,32.28333,-89.48333,32.28333,-89.48333,,"A tornado briefly touched down about 6 miles south of Forest, knocking down several trees in the area. No other property damage was noted. This storm was associated with the same mesocyclone which produced the tornado in Smith County 10 minutes earlier.",MS,2002-10-03 13:30:00,2002-10-03 13:30:00,True,True
1143614,5319748,Alabama,97,Mobile,MOB,2002-09-14 08:30:00,CST,2002-09-14 08:31:00,0,0,0,0,8K,,EMERGENCY MANAGER,F0,Unknown,0.1,20.0,,,,,30.55,-88.16667,30.55,-88.16667,,A weak tornado briefly touched down near Theodore. Several trees were blown down by the tornado. No injuries were reported.,AL,2002-09-14 09:30:00,2002-09-14 09:31:00,True,True
1144329,5319671,Mississippi,129,Smith,JAN,2002-10-03 14:13:00,CST,2002-10-03 14:13:00,0,0,0,0,3K,,NWS STORM SURVEY,F0,Unknown,0.5,50.0,,,,,32.1,-89.7,32.1,-89.7,,"A National Weather Service survey team found trees down in Northwest Smith County, about 6 miles south of Polkville. The tops of several trees were also snapped off. No other property damage was noted.",MS,2002-10-03 15:13:00,2002-10-03 15:13:00,True,True
1144039,5320010,North Carolina,195,Wilson,RAH,2002-10-11 01:10:00,EST,2002-10-11 01:13:00,0,0,0,0,,,LAW ENFORCEMENT,F1,Unknown,2.0,50.0,,,,,35.67,-78.06667,35.67,-78.06667,,"The tornado that had brought damage to Johnston County touched down again in Wilson County near Interstate 95, producing F1 to F0 damage. A roof was partially torn off a house and large trees were uprooted. A church sustained roof damage, and a wall of a new addition to the church was ripped away. A tractor trailer was flipped over and moved several yards, and a nearby outbuilding lost its roof. The tornado continued northeast, producing F0 damage.",NC,2002-10-11 02:10:00,2002-10-11 02:13:00,True,True
1144329,5319672,Mississippi,123,Scott,JAN,2002-10-03 14:22:00,CST,2002-10-03 14:22:00,0,0,0,0,1K,,NWS STORM SURVEY,F0,Unknown,0.5,50.0,,,,,32.25,-89.66667,32.25,-89.66667,,A National Weather Service survey found a few trees down in southwest Scott County about 7 miles south of Morton. There had also been a public sighting of this tornado which was produced by the same mesocyclone that generated the tornado in northwest Smith County a few minutes earlier.,MS,2002-10-03 15:22:00,2002-10-03 15:22:00,True,True
1144329,5319673,Mississippi,129,Smith,JAN,2002-10-03 14:59:00,CST,2002-10-03 15:01:00,0,0,0,0,5K,,NWS STORM SURVEY,F1,Unknown,1.0,150.0,,,,,32.06667,-89.5,32.06667,-89.5,,"A National Weather Service Survey discovered at least 20 trees down in northern Smith County about 3 miles northeast of Raleigh. Some of the trees destroyed were quite large, including two which were located on the edge of a cemetery near a small church. Other structures at the cemetery were east of the damage path and were undamaged.",MS,2002-10-03 15:59:00,2002-10-03 16:01:00,True,True
1143647,5319968,Minnesota,171,Wright,MPX,2002-09-09 23:11:00,CST,2002-09-09 23:14:00,0,0,0,0,1.4M,,NWS STORM SURVEY,F1,Unknown,1.1,75.0,,,,,45.23333,-93.66667,45.23333,-93.66667,,"A rare late night tornado struck a subdivision in Albertville. According to a damage survey conducted by NWS personnel, it touched down on the eastern edge of Cedar Creek Golf Course, trekked straight east, and dissipated in a city park just west of the railroad tracks. It completely tore the roof off of one home. Roofs were partially off a number of other homes, many attached garages collapsed, and a couple of houses were rotated on their foundation. About 20 homes were damaged, nine of which sustained significant damage.",MN,2002-09-10 00:11:00,2002-09-10 00:14:00,True,True
1143635,5319878,Alabama,97,Mobile,MOB,2002-09-26 05:30:00,CST,2002-09-26 05:32:00,0,0,0,0,5K,,NWS EMPLOYEE(OFF DUTY),F0,Unknown,0.1,20.0,,,,,30.78333,-88.25,30.78333,-88.25,,A weak tornado blew down several trees and caused some minor roof damage to a home near Semmes. The rapidly moving tornado also damaged a couple of outbuildings near the same location.,AL,2002-09-26 06:30:00,2002-09-26 06:32:00,True,True
1143639,5319882,Alabama,97,Mobile,MOB,2002-09-22 14:08:00,CST,2002-09-22 14:09:00,0,0,0,0,1K,,NWS EMPLOYEE(OFF DUTY),F0,Unknown,0.1,20.0,,,,,30.68333,-88.31667,30.68333,-88.31667,,An off duty meteorologist observed a weak tornado just ahead of a squall line that was moving in from the north. The tornado lasted less than a minute and blew down several large tree limbs. He observed the funnel and saw it touchdown before taking cover in his home. No injuries were reported.,AL,2002-09-22 15:08:00,2002-09-22 15:09:00,True,True
2151858,5325451,Utah,39,Sanpete,SLC,2002-09-08 12:44:00,MST,2002-09-08 12:50:00,0,0,0,0,0,0,TRAINED SPOTTER,F0,Unknown,0.2,10.0,,,,,,,,,,An F0 tornado was spotted on the ground for a short time over open country 5 miles NNE of Centerfield.,UT,2002-09-08 13:44:00,2002-09-08 13:50:00,True,True
