episode_id,event_id,state,county_fips,county_name,wfo,begin_date_time,county_timezone,end_date_time,injuries_direct,injuries_indirect,deaths_direct,deaths_indirect,property_damage,crop_damage,source,tornado_rating,max_windspeed,tornado_length,tornado_max_width,other_wfos,other_states,other_counties_fips,other_counties_names,begin_latitude,begin_longitude,end_latitude,end_longitude,episode_narrative,event_narrative,state_code,begin_date_time_corrected,end_date_time_corrected,begin_time_adjusted,end_time_adjusted
,9976127,Alabama,61,Geneva,,1974-08-30 12:15:00,CST,1974-08-30 12:15:00,0,0,0,0,.25K,0,,F0,Unknown,0.1,50,,,,,30.98,-86.05,,,,,AL,1974-08-30 13:15:00,1974-08-30 13:15:00,True,True
,9976071,Alabama,75,Lamar,,1974-04-03 19:50:00,CST,1974-04-03 19:50:00,0,0,0,0,0K,0,,F5,Unknown,13.3,500,,,,,33.83,-88.13,33.95,-87.95,,,AL,1974-04-03 20:50:00,1974-04-03 20:50:00,True,True
,9976073,Alabama,133,Winston,,1974-04-03 20:30:00,CST,1974-04-03 20:30:00,22,0,5,0,0K,0,,F5,Unknown,19.2,500,,,,,34.15,-87.63,34.3,-87.35,,,AL,1974-04-03 21:30:00,1974-04-03 21:30:00,True,True
,9976074,Alabama,79,Lawrence,,1974-04-03 20:50:00,CST,1974-04-03 20:50:00,0,0,0,0,0K,0,,F5,Unknown,16.2,500,,,,,34.3,-87.35,34.43,-87.12,,,AL,1974-04-03 21:50:00,1974-04-03 21:50:00,True,True
,9976075,Alabama,103,Morgan,,1974-04-03 21:00:00,CST,1974-04-03 21:00:00,0,0,0,0,0K,0,,F5,Unknown,8.0,500,,,,,34.43,-87.12,34.5,-87.0,,,AL,1974-04-03 22:00:00,1974-04-03 22:00:00,True,True
,9976076,Alabama,103,Morgan,,1974-04-03 21:24:00,CST,1974-04-03 21:24:00,0,0,0,0,2.5M,0,,F3,Unknown,4.5,700,,,,,34.53,-86.9,34.57,-86.83,,,AL,1974-04-03 22:24:00,1974-04-03 22:24:00,True,True
,9976084,Alabama,45,Dale,,1974-04-04 15:25:00,CST,1974-04-04 15:25:00,0,0,0,0,25K,0,,F0,Unknown,0.0,33,,,,,31.32,-85.5,,,,,AL,1974-04-04 16:25:00,1974-04-04 16:25:00,True,True
,9976086,Alabama,69,Houston,,1974-04-04 17:00:00,CST,1974-04-04 17:00:00,0,0,0,0,25K,0,,F1,Unknown,0.0,33,,,,,31.3,-85.1,,,,,AL,1974-04-04 18:00:00,1974-04-04 18:00:00,True,True
,9976088,Alabama,67,Henry,,1974-04-08 15:25:00,CST,1974-04-08 15:25:00,0,0,0,0,25K,0,,F2,Unknown,0.0,33,,,,,31.4,-85.13,,,,,AL,1974-04-08 16:25:00,1974-04-08 16:25:00,True,True
,9976093,Alabama,105,Perry,,1974-04-22 12:35:00,CST,1974-04-22 12:35:00,0,0,0,0,250K,0,,F2,Unknown,2.0,800,,,,,32.63,-87.32,,,,,AL,1974-04-22 13:35:00,1974-04-22 13:35:00,True,True
,9976095,Alabama,95,Marshall,,1974-05-02 13:30:00,CST,1974-05-02 13:30:00,0,0,0,0,25K,0,,F2,Unknown,2.0,400,,,,,34.15,-86.22,,,,,AL,1974-05-02 14:30:00,1974-05-02 14:30:00,True,True
,9976114,Alabama,33,Colbert,,1974-07-08 20:20:00,CST,1974-07-08 20:20:00,0,0,0,0,2.5K,0,,F0,Unknown,0.0,33,,,,,34.75,-87.97,,,,,AL,1974-07-08 21:20:00,1974-07-08 21:20:00,True,True
,9976120,Alabama,99,Monroe,,1974-07-20 15:30:00,CST,1974-07-20 15:30:00,0,0,0,0,.25K,0,,F0,Unknown,0.5,33,,,,,31.75,-87.22,,,,,AL,1974-07-20 16:30:00,1974-07-20 16:30:00,True,True
,9976077,Alabama,83,Limestone,,1974-04-03 21:30:00,CST,1974-04-03 21:30:00,0,0,0,0,2.5M,0,,F3,Unknown,3.8,700,,,,,34.57,-86.83,34.6,-86.78,,,AL,1974-04-03 22:30:00,1974-04-03 22:30:00,True,True
,9976078,Alabama,89,Madison,,1974-04-03 21:35:00,CST,1974-04-03 21:35:00,3,0,2,0,2.5M,0,,F3,Unknown,29.9,700,,,,,34.6,-86.78,34.8,-86.32,,,AL,1974-04-03 22:35:00,1974-04-03 22:35:00,True,True
,9976079,Alabama,71,Jackson,,1974-04-03 22:15:00,CST,1974-04-03 22:15:00,4,0,0,0,2.5M,0,,F3,Unknown,8.3,700,,,,,34.8,-86.32,34.85,-86.18,,,AL,1974-04-03 23:15:00,1974-04-03 23:15:00,True,True
,9976064,Alabama,57,Fayette,,1974-04-03 18:15:00,CST,1974-04-03 18:15:00,29,0,2,0,25M,0,,F4,Unknown,8.8,500,,,,,33.62,-87.6,33.7,-87.48,,,AL,1974-04-03 19:15:00,1974-04-03 19:15:00,True,True
,9976065,Alabama,89,Madison,,1974-04-03 18:15:00,CST,1974-04-03 18:15:00,110,0,9,0,0K,0,,F5,Unknown,4.7,500,,,,,34.8,-86.77,34.83,-86.7,,,AL,1974-04-03 19:15:00,1974-04-03 19:15:00,True,True
,9976066,Alabama,127,Walker,,1974-04-03 18:30:00,CST,1974-04-03 18:30:00,102,0,0,0,25M,0,,F4,Unknown,26.5,500,,,,,33.7,-87.48,33.95,-87.13,,,AL,1974-04-03 19:30:00,1974-04-03 19:30:00,True,True
,9976067,Alabama,83,Limestone,,1974-04-03 18:35:00,CST,1974-04-03 18:35:00,80,0,11,0,0K,0,,F5,Unknown,17.7,500,,,,,34.7,-87.05,34.83,-86.78,,,AL,1974-04-03 19:35:00,1974-04-03 19:35:00,True,True
,9976069,Alabama,89,Madison,,1974-04-03 19:00:00,CST,1974-04-03 19:00:00,110,0,5,0,0K,0,,F5,Unknown,22.9,33,,,,,34.83,-86.78,35.0,-86.43,,,AL,1974-04-03 20:00:00,1974-04-03 20:00:00,True,True
,9976070,Alabama,43,Cullman,,1974-04-03 19:20:00,CST,1974-04-03 19:20:00,36,0,1,0,25M,0,,F4,Unknown,33.0,500,,,,,33.95,-87.13,34.27,-86.7,,,AL,1974-04-03 20:20:00,1974-04-03 20:20:00,True,True
,9976128,Alabama,97,Mobile,,1974-09-02 12:10:00,CST,1974-09-02 12:10:00,0,0,0,0,0K,0,,F0,Unknown,0.0,33,,,,,30.78,-88.35,,,,,AL,1974-09-02 13:10:00,1974-09-02 13:10:00,True,True
,9976130,Alabama,9,Blount,,1974-10-15 15:30:00,CST,1974-10-15 15:30:00,0,0,0,0,2.5K,0,,F1,Unknown,17.7,33,,,,,33.98,-86.58,34.15,-86.35,,,AL,1974-10-15 16:30:00,1974-10-15 16:30:00,True,True
,9976131,Alabama,95,Marshall,,1974-10-15 16:05:00,CST,1974-10-15 16:05:00,1,0,0,0,2.5K,0,,F1,Unknown,11.1,33,,,,,34.15,-86.35,34.27,-86.22,,,AL,1974-10-15 17:05:00,1974-10-15 17:05:00,True,True
,9976132,Alabama,73,Jefferson,,1974-11-04 23:00:00,CST,1974-11-04 23:00:00,0,0,0,0,25K,0,,F1,Unknown,1.5,20,,,,,33.57,-86.75,,,,,AL,1974-11-04 23:00:00,1974-11-04 23:00:00,False,False
,9976133,Alabama,53,Escambia,,1974-11-05 03:00:00,CST,1974-11-05 03:00:00,0,0,0,0,2.5K,0,,F2,Unknown,0.0,33,,,,,31.22,-87.47,,,,,AL,1974-11-05 03:00:00,1974-11-05 03:00:00,False,False
,9976134,Alabama,39,Covington,,1974-11-11 14:00:00,CST,1974-11-11 14:00:00,0,0,0,0,2.5K,0,,F1,Unknown,0.0,33,,,,,31.2,-86.5,,,,,AL,1974-11-11 14:00:00,1974-11-11 14:00:00,False,False
,10059115,Missouri,67,Douglas,,1974-04-13 20:00:00,CST,1974-04-13 20:00:00,0,0,0,0,25K,0,,F2,Unknown,2.0,100,,,,,36.95,-92.65,,,,,MO,1974-04-13 21:00:00,1974-04-13 21:00:00,True,True
,10030385,Louisiana,7,Assumption,,1974-01-19 18:00:00,CST,1974-01-19 18:00:00,0,0,0,0,2.5K,0,,F2,Unknown,0.3,27,,,,,29.95,-91.03,,,,,LA,1974-01-19 19:00:00,1974-01-19 19:00:00,True,True
,9994578,Georgia,31,Bulloch,,1974-05-12 03:30:00,CST,1974-05-12 03:30:00,6,0,0,0,250K,0,,F1,Unknown,0.5,50,,,,,32.28,-81.72,,,,,GA,1974-05-12 04:30:00,1974-05-12 04:30:00,True,True
,10008060,Illinois,51,Fayette,,1974-08-18 13:54:00,CST,1974-08-18 13:54:00,0,0,0,0,.25K,0,,F1,Unknown,0.0,33,,,,,38.97,-89.1,,,,,IL,1974-08-18 14:54:00,1974-08-18 14:54:00,True,True
,10009093,Illinois,1,Adams,,1974-05-30 11:30:00,CST,1974-05-30 11:30:00,12,0,0,0,2.5M,0,,F2,Unknown,15.8,200,,,,,40.07,-91.37,40.03,-91.07,,,IL,1974-05-30 12:30:00,1974-05-30 12:30:00,True,True
,10032339,Kentucky,31,Butler,,1974-04-03 19:25:00,CST,1974-04-03 19:25:00,0,0,0,0,250K,0,,F1,Unknown,0.0,33,,,,,38.65,-83.82,,,,,KY,1974-04-03 20:25:00,1974-04-03 20:25:00,True,True
,10032286,Kentucky,27,Breckinridge,,1974-04-03 14:20:00,CST,1974-04-03 14:20:00,13,0,0,0,2.5M,0,,F5,Unknown,17.1,440,,,,,37.73,-86.53,37.9,-86.3,,,KY,1974-04-03 15:20:00,1974-04-03 15:20:00,True,True
,10081841,New Mexico,41,Roosevelt,,1974-05-04 15:23:00,CST,1974-05-04 15:23:00,0,0,0,0,0K,0,,F0,Unknown,0.0,33,,,,,34.2,-103.32,,,,,NM,1974-05-04 16:23:00,1974-05-04 16:23:00,True,True
,10001652,Florida,75,Levy,,1974-05-12 06:30:00,CST,1974-05-12 06:30:00,0,0,0,0,25K,0,,F1,Unknown,8.9,50,,,,,29.0,-82.7,29.05,-82.57,,,FL,1974-05-12 07:30:00,1974-05-12 07:30:00,True,True
,10089854,North Carolina,103,Jones,,1974-04-13 12:30:00,CST,1974-04-13 12:30:00,0,0,0,0,250K,0,,F1,Unknown,5.6,33,,,,,35.17,-77.5,35.2,-77.42,,,NC,1974-04-13 13:30:00,1974-04-13 13:30:00,True,True
,10124289,Tennessee,49,Fentress,,1974-04-03 18:15:00,CST,1974-04-03 18:15:00,0,0,0,0,25K,0,,F2,Unknown,7.9,400,,,,,36.52,-84.87,36.6,-84.77,,,TN,1974-04-03 19:15:00,1974-04-03 19:15:00,True,True
,10016518,Indiana,89,Lake,,1974-06-20 19:10:00,CST,1974-06-20 19:10:00,5,0,0,0,250K,0,,F3,Unknown,4.5,150,,,,,41.28,-87.42,41.32,-87.33,,,IN,1974-06-20 20:10:00,1974-06-20 20:10:00,True,True
,10008449,Illinois,101,Lawrence,,1974-04-01 16:17:00,CST,1974-04-01 16:17:00,0,0,0,0,25K,0,,F3,Unknown,3.3,200,,,,,38.72,-87.73,38.75,-87.68,,,IL,1974-04-01 17:17:00,1974-04-01 17:17:00,True,True
,10008040,Illinois,29,Coles,,1974-08-10 15:40:00,CST,1974-08-10 15:40:00,0,0,0,0,2.5K,0,,F2,Unknown,0.0,33,,,,,39.58,-88.17,,,,,IL,1974-08-10 16:40:00,1974-08-10 16:40:00,True,True
,10134059,Texas,113,Dallas,,1974-04-11 05:10:00,CST,1974-04-11 05:10:00,0,0,0,0,250K,0,,F2,Unknown,0.3,100,,,,,32.77,-96.78,,,,,TX,1974-04-11 06:10:00,1974-04-11 06:10:00,True,True
,9993549,Georgia,85,Dawson,,1974-04-03 18:45:00,CST,1974-04-03 18:45:00,13,0,5,0,2.5M,0,,F4,Unknown,6.8,200,,,,,34.45,-84.25,34.5,-84.15,,,GA,1974-04-03 19:45:00,1974-04-03 19:45:00,True,True
,10016509,Indiana,101,Martin,,1974-05-30 18:30:00,CST,1974-05-30 18:30:00,0,0,0,0,25K,0,,F2,Unknown,2.0,50,,,,,38.67,-86.78,,,,,IN,1974-05-30 19:30:00,1974-05-30 19:30:00,True,True
,9977206,Alabama,109,Pike,,1974-12-19 14:04:00,CST,1974-12-19 14:04:00,1,0,0,0,2.5K,0,,F3,Unknown,0.5,100,,,,,31.93,-85.97,,,,,AL,1974-12-19 14:04:00,1974-12-19 14:04:00,False,False
,9977207,Alabama,109,Pike,,1974-12-19 16:30:00,CST,1974-12-19 16:30:00,0,0,0,0,250K,0,,F3,Unknown,11.3,300,,,,,31.72,-85.88,31.83,-85.75,,,AL,1974-12-19 16:30:00,1974-12-19 16:30:00,False,False
,10119868,Texas,117,Deaf Smith,,1974-05-24 20:55:00,CST,1974-05-24 20:55:00,0,0,0,0,0K,0,,F1,Unknown,3.0,30,,,,,34.92,-102.45,34.92,-102.4,,,TX,1974-05-24 21:55:00,1974-05-24 21:55:00,True,True
,10113568,South Dakota,121,Todd,,1974-07-02 19:00:00,CST,1974-07-02 19:00:00,0,0,0,0,250K,0,,F2,Unknown,18.5,100,,,,,43.13,-100.92,43.08,-100.55,,,SD,1974-07-02 20:00:00,1974-07-02 20:00:00,True,True
,10052406,Minnesota,107,Norman,,1974-04-27 16:15:00,CST,1974-04-27 16:15:00,0,0,0,0,25K,0,,F1,Unknown,1.0,400,,,,,47.47,-96.35,,,,,MN,1974-04-27 17:15:00,1974-04-27 17:15:00,True,True
,10113536,South Dakota,13,Brown,,1974-06-10 16:30:00,CST,1974-06-10 16:30:00,0,0,0,0,0K,0,,F0,Unknown,15.0,100,,,,,45.72,-98.48,45.62,-98.2,,,SD,1974-06-10 17:30:00,1974-06-10 17:30:00,True,True
,10113538,South Dakota,123,Tripp,,1974-06-20 17:30:00,CST,1974-06-20 17:30:00,0,0,0,0,0K,0,,F0,Unknown,0.0,33,,,,,43.02,-99.78,,,,,SD,1974-06-20 18:30:00,1974-06-20 18:30:00,True,True
,10098719,Oklahoma,95,Marshall,,1974-10-30 17:15:00,CST,1974-10-30 17:15:00,0,0,0,0,.25K,0,,F1,Unknown,0.5,50,,,,,34.1,-96.85,,,,,OK,1974-10-30 17:15:00,1974-10-30 17:15:00,False,False
,10098723,Oklahoma,147,Washington,,1974-11-03 02:30:00,CST,1974-11-03 02:30:00,0,0,0,0,25K,0,,F1,Unknown,0.5,70,,,,,36.73,-96.0,,,,,OK,1974-11-03 02:30:00,1974-11-03 02:30:00,False,False
,10098725,Oklahoma,121,Pittsburg,,1974-11-03 20:00:00,CST,1974-11-03 20:00:00,0,0,0,0,250K,0,,F1,Unknown,4.1,500,,,,,34.92,-95.77,34.95,-95.72,,,OK,1974-11-03 20:00:00,1974-11-03 20:00:00,False,False
,10124284,Tennessee,117,Marshall,,1974-04-03 17:00:00,CST,1974-04-03 17:00:00,2,0,0,0,25K,0,,F1,Unknown,6.5,200,,,,,35.53,-86.77,35.6,-86.68,,,TN,1974-04-03 18:00:00,1974-04-03 18:00:00,True,True
,10124285,Tennessee,189,Wilson,,1974-04-03 17:00:00,CST,1974-04-03 17:00:00,0,0,0,0,2.5M,0,,F2,Unknown,15.8,300,,,,,36.27,-86.2,36.4,-85.97,,,TN,1974-04-03 18:00:00,1974-04-03 18:00:00,True,True
,10124286,Tennessee,3,Bedford,,1974-04-03 17:10:00,CST,1974-04-03 17:10:00,2,0,0,0,2.5K,0,,F1,Unknown,6.4,200,,,,,35.6,-86.68,35.67,-86.6,,,TN,1974-04-03 18:10:00,1974-04-03 18:10:00,True,True
,10124287,Tennessee,149,Rutherford,,1974-04-03 17:10:00,CST,1974-04-03 17:10:00,0,0,0,0,2.5K,0,,F3,Unknown,15.9,100,,,,,35.83,-86.43,35.98,-86.22,,,TN,1974-04-03 18:10:00,1974-04-03 18:10:00,True,True
,10124288,Tennessee,117,Marshall,,1974-04-03 17:15:00,CST,1974-04-03 17:15:00,0,0,0,0,250K,0,,F1,Unknown,26.1,200,,,,,35.45,-86.85,35.62,-86.43,,,TN,1974-04-03 18:15:00,1974-04-03 18:15:00,True,True
,10124290,Tennessee,133,Overton,,1974-04-03 18:30:00,CST,1974-04-03 18:30:00,0,0,0,0,25K,0,,F1,Unknown,4.3,200,,,,,36.38,-85.33,36.42,-85.27,,,TN,1974-04-03 19:30:00,1974-04-03 19:30:00,True,True
,10124291,Tennessee,15,Cannon,,1974-04-03 18:30:00,CST,1974-04-03 18:30:00,3,0,1,0,250K,0,,F3,Unknown,5.2,100,,,,,35.92,-86.05,35.95,-85.97,,,TN,1974-04-03 19:30:00,1974-04-03 19:30:00,True,True
,10098501,Oklahoma,147,Washington,,1974-08-17 18:00:00,CST,1974-08-17 18:00:00,0,0,0,0,2.5K,0,,F1,Unknown,1.5,77,,,,,36.8,-95.92,,,,,OK,1974-08-17 19:00:00,1974-08-17 19:00:00,True,True
,10098504,Oklahoma,13,Bryan,,1974-08-26 18:20:00,CST,1974-08-26 18:20:00,0,0,0,0,2.5K,0,,F1,Unknown,1.0,100,,,,,34.0,-96.35,,,,,OK,1974-08-26 19:20:00,1974-08-26 19:20:00,True,True
,10054684,Minnesota,95,Mille Lacs,,1974-07-08 22:30:00,CST,1974-07-08 22:30:00,1,0,0,0,25K,0,,F0,Unknown,2.0,17,,,,,46.38,-93.47,,,,,MN,1974-07-08 23:30:00,1974-07-08 23:30:00,True,True
,10054690,Minnesota,111,Otter Tail,,1974-07-13 14:23:00,CST,1974-07-13 14:23:00,0,0,0,0,250K,0,,F2,Unknown,6.4,500,,,,,46.32,-96.07,46.38,-95.95,,,MN,1974-07-13 15:23:00,1974-07-13 15:23:00,True,True
,10124275,Tennessee,105,Loudon,,1974-04-03 16:00:00,CST,1974-04-03 16:00:00,2,0,0,0,250K,0,,F2,Unknown,0.0,100,,,,,35.67,-84.17,35.67,-84.15,,,TN,1974-04-03 17:00:00,1974-04-03 17:00:00,True,True
,10124276,Tennessee,123,Monroe,,1974-04-03 16:00:00,CST,1974-04-03 16:00:00,0,0,0,0,250K,0,,F2,Unknown,1.0,200,,,,,35.52,-84.35,,,,,TN,1974-04-03 17:00:00,1974-04-03 17:00:00,True,True
,10124278,Tennessee,11,Bradley,,1974-04-03 16:15:00,CST,1974-04-03 16:15:00,0,0,2,0,250K,0,,F3,Unknown,9.7,500,,,,,35.18,-84.87,35.22,-84.7,,,TN,1974-04-03 17:15:00,1974-04-03 17:15:00,True,True
,10124279,Tennessee,37,Davidson,,1974-04-03 16:18:00,CST,1974-04-03 16:18:00,0,0,0,0,2.5M,0,,F2,Unknown,4.7,400,,,,,36.13,-86.73,36.15,-86.65,,,TN,1974-04-03 17:18:00,1974-04-03 17:18:00,True,True
,10124280,Tennessee,139,Polk,,1974-04-03 16:25:00,CST,1974-04-03 16:25:00,0,0,1,0,250K,0,,F3,Unknown,5.4,500,,,,,35.22,-84.7,35.27,-84.63,,,TN,1974-04-03 17:25:00,1974-04-03 17:25:00,True,True
,10124281,Tennessee,119,Maury,,1974-04-03 16:30:00,CST,1974-04-03 16:30:00,0,0,0,0,25K,0,,F1,Unknown,7.9,100,,,,,35.6,-86.93,35.67,-86.82,,,TN,1974-04-03 17:30:00,1974-04-03 17:30:00,True,True
,10124282,Tennessee,107,Mcminn,,1974-04-03 16:30:00,CST,1974-04-03 16:30:00,50,0,0,0,250K,0,,F3,Unknown,6.1,500,,,,,35.27,-84.63,35.32,-84.55,,,TN,1974-04-03 16:30:00,1974-04-03 16:30:00,False,False
,10113738,South Carolina,51,Horry,,1974-04-08 21:30:00,CST,1974-04-08 21:30:00,0,0,0,0,25K,0,,F1,Unknown,0.3,30,,,,,33.58,-79.0,,,,,SC,1974-04-08 22:30:00,1974-04-08 22:30:00,True,True
,10113744,South Carolina,35,Dorchester,,1974-05-12 05:45:00,CST,1974-05-12 05:45:00,2,0,0,0,2.5M,0,,F1,Unknown,1.5,300,,,,,33.02,-80.18,,,,,SC,1974-05-12 06:45:00,1974-05-12 06:45:00,True,True
,10117921,Pennsylvania,129,Westmoreland,,1974-06-10 14:45:00,CST,1974-06-10 14:45:00,0,0,0,0,.03K,0,,F1,Unknown,0.4,133,,,,,40.4,-79.58,,,,,PA,1974-06-10 15:45:00,1974-06-10 15:45:00,True,True
,10074969,New York,13,Chautauqua,,1974-04-03 21:00:00,CST,1974-04-03 21:00:00,0,0,0,0,0K,0,,F1,Unknown,0.2,50,,,,,42.05,-79.17,,,,,NY,1974-04-03 22:00:00,1974-04-03 22:00:00,True,True
,10060267,Missouri,75,Gentry,,1974-06-08 19:00:00,CST,1974-06-08 19:00:00,0,0,0,0,25K,0,,F0,Unknown,0.0,33,,,,,40.22,-94.55,,,,,MO,1974-06-08 20:00:00,1974-06-08 20:00:00,True,True
,10093250,Oklahoma,41,Delaware,,1974-05-23 11:30:00,CST,1974-05-23 11:30:00,0,0,0,0,25K,0,,F1,Unknown,1.0,50,,,,,36.55,-94.83,,,,,OK,1974-05-23 12:30:00,1974-05-23 12:30:00,True,True
,10090924,North Carolina,61,Duplin,,1974-06-01 13:55:00,CST,1974-06-01 13:55:00,1,0,0,0,2.5M,0,,F2,Unknown,0.0,33,,,,,34.93,-77.78,,,,,NC,1974-06-01 14:55:00,1974-06-01 14:55:00,True,True
,10090933,North Carolina,61,Duplin,,1974-06-01 18:45:00,CST,1974-06-01 18:45:00,0,0,0,0,250K,0,,F2,Unknown,0.0,33,,,,,34.82,-78.05,,,,,NC,1974-06-01 19:45:00,1974-06-01 19:45:00,True,True
,10081271,Nevada,17,Lincoln,,1974-10-08 17:00:00,CST,1974-10-08 17:00:00,0,0,0,0,0K,0,,F0,Unknown,0.0,33,,,,,37.25,-115.75,,,,,NV,1974-10-08 18:00:00,1974-10-08 18:00:00,True,True
,10113754,South Carolina,43,Georgetown,,1974-05-26 21:30:00,CST,1974-05-26 21:30:00,1,0,6,0,25K,0,,F1,Unknown,3.0,300,,,,,33.5,-79.03,,,,,SC,1974-05-26 22:30:00,1974-05-26 22:30:00,True,True
,10080375,New Jersey,19,Hunterdon,,1974-04-14 20:30:00,CST,1974-04-14 20:30:00,0,0,0,0,.25K,0,,F2,Unknown,0.5,100,,,,,40.82,-74.83,,,,,NJ,1974-04-14 21:30:00,1974-04-14 21:30:00,True,True
,10080384,New Jersey,29,Ocean,,1974-07-24 17:30:00,CST,1974-07-24 17:30:00,0,0,0,0,0K,0,,F1,Unknown,1.0,50,,,,,39.8,-74.2,,,,,NJ,1974-07-24 18:30:00,1974-07-24 18:30:00,True,True
,10076091,New York,91,Saratoga,,1974-07-29 17:30:00,CST,1974-07-29 17:30:00,0,0,0,0,0K,0,,F1,Unknown,0.1,83,,,,,43.3,-73.98,,,,,NY,1974-07-29 18:30:00,1974-07-29 18:30:00,True,True
,10054664,Minnesota,103,Nicollet,,1974-06-21 02:00:00,CST,1974-06-21 02:00:00,3,0,0,0,250K,0,,F1,Unknown,1.0,20,,,,,44.28,-94.2,,,,,MN,1974-06-21 03:00:00,1974-06-21 03:00:00,True,True
,10054676,Minnesota,35,Crow Wing,,1974-07-03 02:00:00,CST,1974-07-03 02:00:00,0,0,0,0,25K,0,,F1,Unknown,2.0,50,,,,,46.3,-93.97,,,,,MN,1974-07-03 03:00:00,1974-07-03 03:00:00,True,True
,10093230,Oklahoma,89,Mccurtain,,1974-05-14 14:30:00,CST,1974-05-14 14:30:00,0,0,0,0,25K,0,,F1,Unknown,1.0,100,,,,,34.33,-94.75,,,,,OK,1974-05-14 14:30:00,1974-05-14 14:30:00,False,False
,10093231,Oklahoma,79,Le Flore,,1974-05-14 15:00:00,CST,1974-05-14 15:00:00,0,0,0,0,25K,0,,F2,Unknown,1.0,77,,,,,34.83,-94.75,,,,,OK,1974-05-14 16:00:00,1974-05-14 16:00:00,True,True
,10093234,Oklahoma,89,Mccurtain,,1974-05-14 19:30:00,CST,1974-05-14 19:30:00,0,0,0,0,.03K,0,,F1,Unknown,1.0,50,,,,,33.78,-94.88,,,,,OK,1974-05-14 19:30:00,1974-05-14 19:30:00,False,False
,10124320,Tennessee,93,Knox,,1974-04-03 23:30:00,CST,1974-04-03 23:30:00,21,0,2,0,25K,0,,F1,Unknown,1.0,150,,,,,36.1,-83.77,,,,,TN,1974-04-04 00:30:00,1974-04-04 00:30:00,True,True
,10124321,Tennessee,185,White,,1974-04-03 23:30:00,CST,1974-04-03 23:30:00,8,0,0,0,25K,0,,F2,Unknown,3.3,300,,,,,35.93,-85.33,35.95,-85.28,,,TN,1974-04-04 00:30:00,1974-04-04 00:30:00,True,True
,10081860,New Mexico,5,Chaves,,1974-08-11 15:00:00,CST,1974-08-11 15:00:00,0,0,0,0,25K,0,,F2,Unknown,0.0,33,,,,,33.22,-104.53,,,,,NM,1974-08-11 16:00:00,1974-08-11 16:00:00,True,True
,10081865,New Mexico,61,Valencia,,1974-10-10 15:00:00,CST,1974-10-10 15:00:00,8,0,1,0,250K,0,,F2,Unknown,2.0,100,,,,,35.12,-107.17,,,,,NM,1974-10-10 16:00:00,1974-10-10 16:00:00,True,True
,10124301,Tennessee,103,Lincoln,,1974-04-03 19:14:00,CST,1974-04-03 19:14:00,0,0,0,0,0K,0,,F4,Unknown,10.4,33,,,,,35.0,-86.43,35.12,-86.32,,,TN,1974-04-03 20:14:00,1974-04-03 20:14:00,True,True
,10124302,Tennessee,185,White,,1974-04-03 19:15:00,CST,1974-04-03 19:15:00,0,0,0,0,2.5M,0,,F4,Unknown,6.6,700,,,,,36.03,-85.57,36.08,-85.47,,,TN,1974-04-03 20:15:00,1974-04-03 20:15:00,True,True
,10124303,Tennessee,141,Putnam,,1974-04-03 19:20:00,CST,1974-04-03 19:20:00,51,0,10,0,0K,0,,F4,Unknown,13.1,700,,,,,36.08,-85.47,36.18,-85.27,,,TN,1974-04-03 20:20:00,1974-04-03 20:20:00,True,True
,10124304,Tennessee,103,Lincoln,,1974-04-03 19:25:00,CST,1974-04-03 19:25:00,0,0,0,0,0K,0,,F4,Unknown,21.3,33,,,,,35.12,-86.32,35.35,-86.07,,,TN,1974-04-03 20:25:00,1974-04-03 20:25:00,True,True
,10124305,Tennessee,137,Pickett,,1974-04-03 19:30:00,CST,1974-04-03 19:30:00,6,0,5,0,2.5M,0,,F4,Unknown,7.2,300,,,,,36.52,-85.08,36.58,-84.98,,,TN,1974-04-03 20:30:00,1974-04-03 20:30:00,True,True
,10124306,Tennessee,133,Overton,,1974-04-03 19:35:00,CST,1974-04-03 19:35:00,0,0,0,0,0K,0,,F4,Unknown,8.7,700,,,,,36.18,-85.27,36.25,-85.13,,,TN,1974-04-03 20:35:00,1974-04-03 20:35:00,True,True
,10124307,Tennessee,51,Franklin,,1974-04-03 19:45:00,CST,1974-04-03 19:45:00,0,0,0,0,0K,0,,F4,Unknown,11.0,33,,,,,35.35,-86.07,35.5,-86.0,,,TN,1974-04-03 20:45:00,1974-04-03 20:45:00,True,True
,10124308,Tennessee,49,Fentress,,1974-04-03 19:50:00,CST,1974-04-03 19:50:00,150,0,7,0,2.5M,0,,F4,Unknown,18.8,200,,,,,36.25,-85.08,36.43,-84.83,,,TN,1974-04-03 20:50:00,1974-04-03 20:50:00,True,True
,10124309,Tennessee,51,Franklin,,1974-04-03 20:00:00,CST,1974-04-03 20:00:00,0,0,0,0,25K,0,,F3,Unknown,4.1,100,,,,,35.25,-86.0,35.3,-85.97,,,TN,1974-04-03 21:00:00,1974-04-03 21:00:00,True,True
,10124311,Tennessee,177,Warren,,1974-04-03 20:15:00,CST,1974-04-03 20:15:00,1,0,1,0,250K,0,,F2,Unknown,8.7,100,,,,,35.52,-85.77,35.6,-85.65,,,TN,1974-04-03 21:15:00,1974-04-03 21:15:00,True,True
,10124312,Tennessee,29,Cocke,,1974-04-03 21:00:00,CST,1974-04-03 21:00:00,0,0,0,0,2.5K,0,,F0,Unknown,0.5,27,,,,,35.92,-83.03,,,,,TN,1974-04-03 22:00:00,1974-04-03 22:00:00,True,True
,10124313,Tennessee,55,Giles,,1974-04-03 21:00:00,CST,1974-04-03 21:00:00,0,0,0,0,2.5K,0,,F1,Unknown,27.5,100,,,,,35.28,-86.92,35.47,-86.48,,,TN,1974-04-03 22:00:00,1974-04-03 22:00:00,True,True
,10124314,Tennessee,133,Overton,,1974-04-03 22:30:00,CST,1974-04-03 22:30:00,120,0,3,0,2.5M,0,,F3,Unknown,9.4,400,,,,,36.35,-85.38,36.43,-85.25,,,TN,1974-04-03 23:30:00,1974-04-03 23:30:00,True,True
,10124315,Tennessee,177,Warren,,1974-04-03 22:45:00,CST,1974-04-03 22:45:00,1,0,0,0,25K,0,,F1,Unknown,7.2,100,,,,,35.75,-85.83,35.82,-85.73,,,TN,1974-04-03 23:45:00,1974-04-03 23:45:00,True,True
,10124316,Tennessee,185,White,,1974-04-03 22:45:00,CST,1974-04-03 22:45:00,0,0,0,0,2.5K,0,,F1,Unknown,3.0,100,,,,,36.03,-85.4,36.05,-85.35,,,TN,1974-04-03 23:45:00,1974-04-03 23:45:00,True,True
,10124317,Tennessee,129,Morgan,,1974-04-03 22:50:00,CST,1974-04-03 22:50:00,6,0,0,0,25K,0,,F3,Unknown,3.6,350,,,,,36.25,-84.67,36.28,-84.62,,,TN,1974-04-03 23:50:00,1974-04-03 23:50:00,True,True
,10124319,Tennessee,151,Scott,,1974-04-03 22:55:00,CST,1974-04-03 22:55:00,5,0,0,0,0K,0,,F3,Unknown,8.6,350,,,,,36.28,-84.62,36.37,-84.5,,,TN,1974-04-03 23:55:00,1974-04-03 23:55:00,True,True
,10114461,South Carolina,65,Mccormick,,1974-03-21 05:15:00,CST,1974-03-21 05:15:00,1,0,0,0,250K,0,,F1,Unknown,4.7,100,,,,,33.87,-82.33,33.9,-82.27,,,SC,1974-03-21 05:15:00,1974-03-21 05:15:00,False,False
,10099888,Ohio,55,Geauga,,1974-05-11 14:00:00,CST,1974-05-11 14:00:00,0,0,0,0,25K,0,,F1,Unknown,0.3,20,,,,,41.47,-81.15,,,,,OH,1974-05-11 15:00:00,1974-05-11 15:00:00,True,True
,10114468,South Carolina,37,Edgefield,,1974-03-21 05:55:00,CST,1974-03-21 05:55:00,1,0,0,0,25K,0,,F1,Unknown,1.0,50,,,,,33.78,-81.72,,,,,SC,1974-03-21 06:55:00,1974-03-21 06:55:00,True,True
,10090969,North Carolina,43,Clay,,1974-12-25 03:55:00,CST,1974-12-25 03:55:00,0,0,0,0,25K,0,,F1,Unknown,7.7,17,,,,,35.03,-83.8,35.05,-83.67,,,NC,1974-12-25 03:55:00,1974-12-25 03:55:00,False,False
,10090970,North Carolina,43,Clay,,1974-12-25 04:20:00,CST,1974-12-25 04:20:00,0,0,0,0,25K,0,,F1,Unknown,3.3,17,,,,,35.05,-83.67,35.07,-83.62,,,NC,1974-12-25 04:20:00,1974-12-25 04:20:00,False,False
,10114456,South Carolina,63,Lexington,,1974-02-22 04:00:00,CST,1974-02-22 04:00:00,0,0,0,0,250K,0,,F1,Unknown,1.0,30,,,,,33.9,-81.55,,,,,SC,1974-02-22 05:00:00,1974-02-22 05:00:00,True,True
,10114458,South Carolina,19,Charleston,,1974-03-12 14:15:00,CST,1974-03-12 14:15:00,0,0,0,0,25K,0,,F1,Unknown,0.3,30,,,,,32.98,-80.1,,,,,SC,1974-03-12 15:15:00,1974-03-12 15:15:00,True,True
,10036122,Louisiana,19,Calcasieu,,1974-05-26 19:30:00,CST,1974-05-26 19:30:00,0,0,0,0,25K,0,,F0,Unknown,0.0,33,,,,,30.42,-93.2,,,,,LA,1974-05-26 20:30:00,1974-05-26 20:30:00,True,True
,10036123,Louisiana,23,Cameron,,1974-05-31 10:12:00,CST,1974-05-31 10:12:00,3,0,0,0,25K,0,,F1,Unknown,18.7,27,,,,,30.03,-93.12,30.3,-93.17,,,LA,1974-05-31 11:12:00,1974-05-31 11:12:00,True,True
,10036124,Louisiana,19,Calcasieu,,1974-05-31 10:30:00,CST,1974-05-31 10:30:00,0,0,0,0,250K,0,,F2,Unknown,5.1,50,,,,,30.2,-93.4,30.27,-93.38,,,LA,1974-05-31 11:30:00,1974-05-31 11:30:00,True,True
,10089848,North Carolina,75,Graham,,1974-04-03 18:05:00,CST,1974-04-03 18:05:00,11,0,2,0,250K,0,,F2,Unknown,10.5,33,,,,,35.27,-83.98,35.33,-83.82,,,NC,1974-04-03 19:05:00,1974-04-03 19:05:00,True,True
,10089849,North Carolina,173,Swain,,1974-04-03 18:15:00,CST,1974-04-03 18:15:00,0,0,0,0,2.5K,0,,F2,Unknown,13.6,33,,,,,35.33,-83.82,35.38,-83.58,,,NC,1974-04-03 19:15:00,1974-04-03 19:15:00,True,True
,10089850,North Carolina,39,Cherokee,,1974-04-03 19:25:00,CST,1974-04-03 19:25:00,26,0,4,0,25M,0,,F4,Unknown,18.9,33,,,,,34.97,-84.22,35.15,-83.95,,,NC,1974-04-03 20:25:00,1974-04-03 20:25:00,True,True
,10089852,North Carolina,39,Cherokee,,1974-04-04 07:00:00,CST,1974-04-04 07:00:00,0,0,0,0,25K,0,,F0,Unknown,9.7,33,,,,,35.03,-83.97,35.17,-83.92,,,NC,1974-04-04 08:00:00,1974-04-04 08:00:00,True,True
,10089853,North Carolina,27,Caldwell,,1974-04-04 07:00:00,CST,1974-04-04 07:00:00,0,0,0,0,250K,0,,F2,Unknown,5.7,33,,,,,35.82,-81.53,35.87,-81.45,,,NC,1974-04-04 08:00:00,1974-04-04 08:00:00,True,True
,10089859,North Carolina,31,Carteret,,1974-05-26 23:10:00,CST,1974-05-26 23:10:00,2,0,0,0,25K,0,,F1,Unknown,1.0,40,,,,,34.78,-76.73,,,,,NC,1974-05-27 00:10:00,1974-05-27 00:10:00,True,True
,10089860,North Carolina,31,Carteret,,1974-05-26 23:30:00,CST,1974-05-26 23:30:00,0,0,0,0,2.5K,0,,F1,Unknown,0.5,80,,,,,34.8,-76.42,,,,,NC,1974-05-27 00:30:00,1974-05-27 00:30:00,True,True
,10089861,North Carolina,31,Carteret,,1974-05-26 23:32:00,CST,1974-05-26 23:32:00,0,0,0,0,25K,0,,F1,Unknown,1.0,123,,,,,34.93,-76.3,,,,,NC,1974-05-27 00:32:00,1974-05-27 00:32:00,True,True
,10089862,North Carolina,31,Carteret,,1974-05-27 00:01:00,CST,1974-05-27 00:01:00,0,0,0,0,25K,0,,F2,Unknown,2.8,350,,,,,34.93,-76.28,,,,,NC,1974-05-27 01:01:00,1974-05-27 01:01:00,True,True
,10117910,Pennsylvania,113,Sullivan,,1974-04-14 17:30:00,CST,1974-04-14 17:30:00,0,0,0,0,25K,0,,F2,Unknown,12.8,100,,,,,41.42,-76.55,41.53,-76.35,,,PA,1974-04-14 18:30:00,1974-04-14 18:30:00,True,True
,10050736,Mississippi,59,Jackson,,1974-06-13 18:40:00,CST,1974-06-13 18:40:00,0,0,0,0,.03K,0,,F0,Unknown,0.0,33,,,,,30.35,-88.5,,,,,MS,1974-06-13 19:40:00,1974-06-13 19:40:00,True,True
,10050737,Mississippi,11,Bolivar,,1974-06-15 21:40:00,CST,1974-06-15 21:40:00,0,0,0,0,25K,0,,F2,Unknown,0.0,33,,,,,33.73,-90.8,,,,,MS,1974-06-15 22:40:00,1974-06-15 22:40:00,True,True
,10084652,North Dakota,55,Mclean,,1974-05-08 18:20:00,CST,1974-05-08 18:20:00,0,0,0,0,250K,0,,F0,Unknown,0.0,33,,,,,47.83,-101.08,,,,,ND,1974-05-08 18:20:00,1974-05-08 18:20:00,False,False
,10084653,North Dakota,103,Wells,,1974-05-08 21:00:00,CST,1974-05-08 21:00:00,0,0,0,0,0K,0,,F0,Unknown,0.0,33,,,,,47.5,-99.62,,,,,ND,1974-05-08 22:00:00,1974-05-08 22:00:00,True,True
,10039749,Michigan,41,Delta,,1974-07-14 00:15:00,CST,1974-07-14 00:15:00,0,0,0,0,25K,0,,F1,Unknown,5.2,27,,,,,45.75,-87.07,45.7,-86.97,,,MI,1974-07-14 01:15:00,1974-07-14 01:15:00,True,True
,10039753,Michigan,107,Mecosta,,1974-07-14 13:00:00,CST,1974-07-14 13:00:00,0,0,0,0,2.5K,0,,F1,Unknown,1.5,20,,,,,43.5,-85.18,,,,,MI,1974-07-14 14:00:00,1974-07-14 14:00:00,True,True
,10039754,Michigan,17,Bay,,1974-07-14 13:00:00,CST,1974-07-14 13:00:00,0,0,0,0,0K,0,,F1,Unknown,0.0,33,,,,,43.58,-84.07,,,,,MI,1974-07-14 14:00:00,1974-07-14 14:00:00,True,True
,10039728,Michigan,79,Kalkaska,,1974-07-03 00:30:00,CST,1974-07-03 00:30:00,0,0,0,0,2.5K,0,,F1,Unknown,6.4,33,,,,,44.75,-84.18,44.82,-84.08,,,MI,1974-07-03 01:30:00,1974-07-03 01:30:00,True,True
,10039731,Michigan,9,Antrim,,1974-07-03 20:15:00,CST,1974-07-03 20:15:00,2,0,0,0,250K,0,,F3,Unknown,11.9,67,,,,,45.08,-85.1,45.07,-84.85,,,MI,1974-07-03 21:15:00,1974-07-03 21:15:00,True,True
,10036145,Louisiana,13,Bienville,,1974-06-17 14:15:00,CST,1974-06-17 14:15:00,0,0,0,0,2.5K,0,,F1,Unknown,0.0,33,,,,,32.37,-93.08,,,,,LA,1974-06-17 15:15:00,1974-06-17 15:15:00,True,True
,10036147,Louisiana,95,St. John The Baptist,,1974-06-23 11:00:00,CST,1974-06-23 11:00:00,0,0,0,0,0K,0,,F0,Unknown,0.0,33,,,,,30.07,-90.48,,,,,LA,1974-06-23 12:00:00,1974-06-23 12:00:00,True,True
,10089839,North Carolina,39,Cherokee,,1974-04-02 00:01:00,CST,1974-04-02 00:01:00,0,0,0,0,25K,0,,F1,Unknown,16.8,33,,,,,35.07,-84.03,35.22,-83.8,,,NC,1974-04-02 01:01:00,1974-04-02 01:01:00,True,True
,10089840,North Carolina,71,Gaston,,1974-04-02 01:53:00,CST,1974-04-02 01:53:00,10,0,1,0,250K,0,,F1,Unknown,9.7,100,,,,,35.35,-81.33,35.38,-81.17,,,NC,1974-04-02 02:53:00,1974-04-02 02:53:00,True,True
,10089842,North Carolina,23,Burke,,1974-04-03 07:00:00,CST,1974-04-03 07:00:00,0,0,0,0,25K,0,,F1,Unknown,6.9,33,,,,,35.75,-81.7,35.78,-81.58,,,NC,1974-04-03 08:00:00,1974-04-03 08:00:00,True,True
,10089843,North Carolina,175,Transylvania,,1974-04-03 15:00:00,CST,1974-04-03 15:00:00,0,0,0,0,25K,0,,F1,Unknown,1.0,30,,,,,35.12,-82.83,,,,,NC,1974-04-03 16:00:00,1974-04-03 16:00:00,True,True
,10039733,Michigan,137,Otsego,,1974-07-03 20:30:00,CST,1974-07-03 20:30:00,0,0,0,0,250K,0,,F3,Unknown,0.0,67,,,,,45.07,-84.85,45.05,-84.8,,,MI,1974-07-03 21:30:00,1974-07-03 21:30:00,True,True
,10039735,Michigan,45,Eaton,,1974-07-04 11:08:00,CST,1974-07-04 11:08:00,1,0,0,0,250K,0,,F1,Unknown,4.5,33,,,,,42.55,-84.7,42.62,-84.75,,,MI,1974-07-04 12:08:00,1974-07-04 12:08:00,True,True
,10113294,South Dakota,59,Hand,,1974-04-20 17:07:00,CST,1974-04-20 17:07:00,0,0,0,0,0K,0,,F1,Unknown,0.5,10,,,,,44.85,-98.93,,,,,SD,1974-04-20 18:07:00,1974-04-20 18:07:00,True,True
,10113296,South Dakota,119,Sully,,1974-04-27 07:20:00,CST,1974-04-27 07:20:00,1,0,0,0,25K,0,,F1,Unknown,0.0,20,,,,,44.67,-100.5,,,,,SD,1974-04-27 08:20:00,1974-04-27 08:20:00,True,True
,10113300,South Dakota,55,Haakon,,1974-05-19 16:45:00,CST,1974-05-19 16:45:00,0,0,0,0,.25K,0,,F1,Unknown,0.0,33,,,,,44.35,-101.9,,,,,SD,1974-05-19 17:45:00,1974-05-19 17:45:00,True,True
,10038602,Michigan,91,Lenawee,,1974-04-03 19:25:00,CST,1974-04-03 19:25:00,3,0,0,0,25K,0,,F2,Unknown,0.0,167,,,,,41.83,-84.38,41.85,-84.37,,,MI,1974-04-03 20:25:00,1974-04-03 20:25:00,True,True
,10038603,Michigan,91,Lenawee,,1974-04-03 19:30:00,CST,1974-04-03 19:30:00,0,0,0,0,0K,0,,F2,Unknown,4.3,33,,,,,41.78,-84.33,41.83,-84.27,,,MI,1974-04-03 20:30:00,1974-04-03 20:30:00,True,True
,10038604,Michigan,115,Monroe,,1974-04-03 19:56:00,CST,1974-04-03 19:56:00,3,0,0,0,250K,0,,F3,Unknown,0.3,30,,,,,41.8,-83.52,,,,,MI,1974-04-03 20:56:00,1974-04-03 20:56:00,True,True
,10038608,Michigan,129,Ogemaw,,1974-04-12 18:55:00,CST,1974-04-12 18:55:00,0,0,0,0,2.5K,0,,F2,Unknown,0.8,100,,,,,44.17,-83.93,,,,,MI,1974-04-12 19:55:00,1974-04-12 19:55:00,True,True
,10038610,Michigan,77,Kalamazoo,,1974-04-12 19:20:00,CST,1974-04-12 19:20:00,0,0,0,0,.25K,0,,F1,Unknown,0.2,10,,,,,42.12,-85.53,,,,,MI,1974-04-12 20:20:00,1974-04-12 20:20:00,True,True
,10038613,Michigan,111,Midland,,1974-04-14 10:03:00,CST,1974-04-14 10:03:00,1,0,0,0,25K,0,,F2,Unknown,2.5,30,,,,,43.47,-84.58,,,,,MI,1974-04-14 11:03:00,1974-04-14 11:03:00,True,True
,10038614,Michigan,43,Dickinson,,1974-04-21 15:20:00,CST,1974-04-21 15:20:00,0,0,0,0,.25K,0,,F1,Unknown,0.0,33,,,,,45.97,-87.75,,,,,MI,1974-04-21 16:20:00,1974-04-21 16:20:00,True,True
,10038618,Michigan,93,Livingston,,1974-05-11 15:31:00,CST,1974-05-11 15:31:00,0,0,1,0,250K,0,,F3,Unknown,0.9,60,,,,,42.42,-84.0,,,,,MI,1974-05-11 16:31:00,1974-05-11 16:31:00,True,True
,9978249,Alabama,69,Houston,,1974-01-28 10:30:00,CST,1974-01-28 10:30:00,0,0,0,0,.25K,0,,F2,Unknown,0.3,30,,,,,31.17,-85.28,,,,,AL,1974-01-28 11:30:00,1974-01-28 11:30:00,True,True
,10040439,Maryland,47,Worcester,,1974-08-23 13:00:00,CST,1974-08-23 13:00:00,0,0,0,0,25K,0,,F1,Unknown,1.5,60,,,,,38.1,-75.42,,,,,MD,1974-08-23 14:00:00,1974-08-23 14:00:00,True,True
,9979416,Alabama,107,Pickens,,1974-04-03 17:35:00,CST,1974-04-03 17:35:00,5,0,0,0,25M,0,,F4,Unknown,24.6,500,,,,,33.27,-88.2,33.45,-87.83,,,AL,1974-04-03 18:35:00,1974-04-03 18:35:00,True,True
,10038594,Michigan,23,Branch,,1974-04-01 17:50:00,CST,1974-04-01 17:50:00,0,0,0,0,25K,0,,F1,Unknown,10.6,20,,,,,41.9,-85.2,41.95,-85.0,,,MI,1974-04-01 18:50:00,1974-04-01 18:50:00,True,True
,10038595,Michigan,115,Monroe,,1974-04-03 18:30:00,CST,1974-04-03 18:30:00,0,0,0,0,2.5K,0,,F2,Unknown,2.0,30,,,,,42.03,-83.25,,,,,MI,1974-04-03 19:30:00,1974-04-03 19:30:00,True,True
,10038598,Michigan,59,Hillsdale,,1974-04-03 18:44:00,CST,1974-04-03 18:44:00,31,0,2,0,2.5M,0,,F2,Unknown,17.0,440,,,,,41.92,-84.65,42.08,-84.4,,,MI,1974-04-03 19:44:00,1974-04-03 19:44:00,True,True
,10075020,New York,71,Orange,,1974-06-16 15:45:00,CST,1974-06-16 15:45:00,0,0,0,0,0K,0,,F2,Unknown,2.0,67,,,,,41.5,-74.5,,,,,NY,1974-06-16 16:45:00,1974-06-16 16:45:00,True,True
,10050707,Mississippi,43,Grenada,,1974-04-12 02:30:00,CST,1974-04-12 02:30:00,0,0,0,0,25K,0,,F2,Unknown,0.0,33,,,,,33.68,-89.75,,,,,MS,1974-04-12 03:30:00,1974-04-12 03:30:00,True,True
,10066678,Nebraska,97,Johnson,,1974-08-30 18:42:00,CST,1974-08-30 18:42:00,0,0,0,0,250K,0,,F1,Unknown,3.6,33,,,,,40.4,-96.25,40.43,-96.18,,,NE,1974-08-30 19:42:00,1974-08-30 19:42:00,True,True
,10066680,Nebraska,61,Franklin,,1974-10-30 12:25:00,CST,1974-10-30 12:25:00,0,0,0,0,25K,0,,F1,Unknown,0.0,33,,,,,40.13,-98.93,,,,,NE,1974-10-30 12:25:00,1974-10-30 12:25:00,False,False
,10066681,Nebraska,141,Platte,,1974-10-30 13:30:00,CST,1974-10-30 13:30:00,0,0,0,0,25K,0,,F0,Unknown,0.0,33,,,,,41.43,-97.47,,,,,NE,1974-10-30 13:30:00,1974-10-30 13:30:00,False,False
,9979413,Alabama,29,Cleburne,,1974-04-03 16:50:00,CST,1974-04-03 16:50:00,0,0,0,0,0K,0,,F2,Unknown,10.4,100,,,,,33.55,-85.47,33.67,-85.35,,,AL,1974-04-03 17:50:00,1974-04-03 17:50:00,True,True
,9979414,Alabama,79,Lawrence,,1974-04-03 17:15:00,CST,1974-04-03 17:15:00,60,0,14,0,0K,0,,F5,Unknown,24.4,500,,,,,34.47,-87.48,34.65,-87.12,,,AL,1974-04-03 18:15:00,1974-04-03 18:15:00,True,True
,9979415,Alabama,59,Franklin,,1974-04-03 17:30:00,CST,1974-04-03 17:30:00,4,0,0,0,0K,0,,F2,Unknown,12.8,350,,,,,34.33,-87.73,34.42,-87.53,,,AL,1974-04-03 18:30:00,1974-04-03 18:30:00,True,True
,10079187,New Hampshire,7,Coos,,1974-08-27 17:00:00,CST,1974-08-27 17:00:00,0,0,0,0,2.5K,0,,F0,Unknown,0.1,7,,,,,44.98,-71.52,,,,,NH,1974-08-27 18:00:00,1974-08-27 18:00:00,True,True
,10060237,Missouri,109,Lawrence,,1974-05-23 19:30:00,CST,1974-05-23 19:30:00,0,0,0,0,25K,0,,F1,Unknown,0.0,33,,,,,36.97,-93.72,,,,,MO,1974-05-23 20:30:00,1974-05-23 20:30:00,True,True
,9979395,Alabama,89,Madison,,1974-04-01 21:40:00,CST,1974-04-01 21:40:00,6,0,1,0,2.5M,0,,F3,Unknown,8.4,800,,,,,34.7,-86.72,34.75,-86.58,,,AL,1974-04-01 22:40:00,1974-04-01 22:40:00,True,True
,9979401,Alabama,17,Chambers,,1974-04-02 01:00:00,CST,1974-04-02 01:00:00,0,0,0,0,25K,0,,F2,Unknown,0.0,33,,,,,32.88,-85.23,,,,,AL,1974-04-02 02:00:00,1974-04-02 02:00:00,True,True
,9979411,Alabama,15,Calhoun,,1974-04-03 16:21:00,CST,1974-04-03 16:21:00,0,0,0,0,2.5K,0,,F1,Unknown,1.0,800,,,,,33.87,-85.83,,,,,AL,1974-04-03 17:21:00,1974-04-03 17:21:00,True,True
,9979372,Alabama,125,Tuscaloosa,,1974-03-29 00:13:00,CST,1974-03-29 00:13:00,0,0,0,0,0K,0,,F0,Unknown,0.1,20,,,,,33.3,-87.7,,,,,AL,1974-03-29 01:13:00,1974-03-29 01:13:00,True,True
,9979387,Alabama,125,Tuscaloosa,,1974-04-01 17:05:00,CST,1974-04-01 17:05:00,6,0,0,0,250K,0,,F2,Unknown,16.3,800,,,,,33.43,-87.83,33.43,-87.55,,,AL,1974-04-01 18:05:00,1974-04-01 18:05:00,True,True
,9979394,Alabama,9,Blount,,1974-04-01 21:30:00,CST,1974-04-01 21:30:00,11,0,0,0,250K,0,,F2,Unknown,16.9,800,,,,,33.88,-86.77,33.95,-86.48,,,AL,1974-04-01 22:30:00,1974-04-01 22:30:00,True,True
,10068278,Nebraska,83,Harlan,,1974-05-10 17:30:00,CST,1974-05-10 17:30:00,0,0,0,0,250K,0,,F1,Unknown,0.0,33,,,,,40.1,-99.22,,,,,NE,1974-05-10 18:30:00,1974-05-10 18:30:00,True,True
,10068280,Nebraska,129,Nuckolls,,1974-05-10 18:15:00,CST,1974-05-10 18:15:00,0,0,0,0,2.5M,0,,F2,Unknown,1.0,233,,,,,40.03,-98.1,,,,,NE,1974-05-10 19:15:00,1974-05-10 19:15:00,True,True
,10068285,Nebraska,133,Pawnee,,1974-05-13 16:20:00,CST,1974-05-13 16:20:00,0,0,0,0,25K,0,,F1,Unknown,0.0,33,,,,,40.25,-96.45,,,,,NE,1974-05-13 17:20:00,1974-05-13 17:20:00,True,True
,9978252,Alabama,3,Baldwin,,1974-02-06 15:30:00,CST,1974-02-06 15:30:00,0,0,0,0,0K,0,,F0,Unknown,0.0,20,,,,,30.97,-87.78,,,,,AL,1974-02-06 16:30:00,1974-02-06 16:30:00,True,True
,9978253,Alabama,69,Houston,,1974-02-06 16:45:00,CST,1974-02-06 16:45:00,0,0,0,0,25K,0,,F1,Unknown,1.0,800,,,,,31.22,-85.38,,,,,AL,1974-02-06 17:45:00,1974-02-06 17:45:00,True,True
,9978266,Alabama,3,Baldwin,,1974-03-19 16:30:00,CST,1974-03-19 16:30:00,0,0,0,0,.25K,0,,F0,Unknown,0.1,20,,,,,31.0,-87.9,,,,,AL,1974-03-19 17:30:00,1974-03-19 17:30:00,True,True
,10053907,Mississippi,149,Warren,,1974-01-28 03:15:00,CST,1974-01-28 03:15:00,0,0,0,0,0K,0,,F1,Unknown,1.0,33,,,,,32.48,-90.7,,,,,MS,1974-01-28 04:15:00,1974-01-28 04:15:00,True,True
,10053908,Mississippi,49,Hinds,,1974-01-28 04:00:00,CST,1974-01-28 04:00:00,5,0,0,0,250K,0,,F3,Unknown,31.4,100,,,,,32.12,-90.72,32.28,-90.22,,,MS,1974-01-28 05:00:00,1974-01-28 05:00:00,True,True
,10053909,Mississippi,105,Oktibbeha,,1974-01-28 04:25:00,CST,1974-01-28 04:25:00,3,0,0,0,25K,0,,F2,Unknown,3.0,33,,,,,33.38,-88.8,33.38,-88.75,,,MS,1974-01-28 05:25:00,1974-01-28 05:25:00,True,True
,10053914,Mississippi,111,Perry,,1974-02-06 17:45:00,CST,1974-02-06 17:45:00,0,0,0,0,2.5K,0,,F1,Unknown,0.0,33,,,,,31.0,-89.03,,,,,MS,1974-02-06 18:45:00,1974-02-06 18:45:00,True,True
,10053918,Mississippi,121,Rankin,,1974-02-14 20:00:00,CST,1974-02-14 20:00:00,0,0,0,0,.25K,0,,F2,Unknown,0.0,33,,,,,32.47,-89.95,,,,,MS,1974-02-14 21:00:00,1974-02-14 21:00:00,True,True
,10053922,Mississippi,127,Simpson,,1974-02-21 15:09:00,CST,1974-02-21 15:09:00,0,0,0,0,25K,0,,F3,Unknown,14.2,33,,,,,31.77,-89.95,31.9,-89.77,,,MS,1974-02-21 16:09:00,1974-02-21 16:09:00,True,True
,10039695,Michigan,107,Mecosta,,1974-06-09 19:10:00,CST,1974-06-09 19:10:00,2,0,0,0,250K,0,,F2,Unknown,1.5,100,,,,,43.7,-85.48,,,,,MI,1974-06-09 20:10:00,1974-06-09 20:10:00,True,True
,10039697,Michigan,143,Roscommon,,1974-06-10 00:01:00,CST,1974-06-10 00:01:00,0,0,0,0,2.5K,0,,F2,Unknown,0.3,50,,,,,44.47,-84.73,,,,,MI,1974-06-10 01:01:00,1974-06-10 01:01:00,True,True
,10039709,Michigan,99,Macomb,,1974-06-15 16:07:00,CST,1974-06-15 16:07:00,0,0,0,0,25K,0,,F2,Unknown,2.0,20,,,,,42.65,-82.97,,,,,MI,1974-06-15 17:07:00,1974-06-15 17:07:00,True,True
,10039710,Michigan,27,Cass,,1974-06-20 18:30:00,CST,1974-06-20 18:30:00,0,0,0,0,.25K,0,,F1,Unknown,2.0,30,,,,,41.92,-85.9,,,,,MI,1974-06-20 19:30:00,1974-06-20 19:30:00,True,True
,10039712,Michigan,5,Allegan,,1974-06-20 19:30:00,CST,1974-06-20 19:30:00,0,0,0,0,250K,0,,F2,Unknown,5.7,20,,,,,42.73,-85.98,42.7,-85.87,,,MI,1974-06-20 20:30:00,1974-06-20 20:30:00,True,True
,10039714,Michigan,21,Berrien,,1974-06-20 20:05:00,CST,1974-06-20 20:05:00,0,0,0,0,25K,0,,F2,Unknown,0.8,100,,,,,42.05,-86.3,,,,,MI,1974-06-20 21:05:00,1974-06-20 21:05:00,True,True
,10053906,Mississippi,83,Leflore,,1974-01-28 02:40:00,CST,1974-01-28 02:40:00,0,0,0,0,25K,0,,F2,Unknown,0.0,33,,,,,33.73,-90.38,,,,,MS,1974-01-28 03:40:00,1974-01-28 03:40:00,True,True
,10085752,North Dakota,93,Stutsman,,1974-06-13 21:00:00,CST,1974-06-13 21:00:00,0,0,0,0,0K,0,,F1,Unknown,0.0,33,,,,,46.93,-98.8,,,,,ND,1974-06-13 22:00:00,1974-06-13 22:00:00,True,True
,10085753,North Dakota,21,Dickey,,1974-06-13 22:00:00,CST,1974-06-13 22:00:00,0,0,0,0,0K,0,,F0,Unknown,0.0,33,,,,,46.02,-98.77,,,,,ND,1974-06-13 23:00:00,1974-06-13 23:00:00,True,True
,10099890,Ohio,147,Seneca,,1974-05-11 15:50:00,CST,1974-05-11 15:50:00,0,0,0,0,25K,0,,F1,Unknown,0.5,30,,,,,41.12,-83.02,,,,,OH,1974-05-11 16:50:00,1974-05-11 16:50:00,True,True
,10099891,Ohio,139,Richland,,1974-05-11 15:56:00,CST,1974-05-11 15:56:00,0,0,0,0,25K,0,,F1,Unknown,0.5,30,,,,,40.88,-82.65,,,,,OH,1974-05-11 16:56:00,1974-05-11 16:56:00,True,True
,10099892,Ohio,123,Ottawa,,1974-05-11 16:20:00,CST,1974-05-11 16:20:00,0,0,0,0,250K,0,,F1,Unknown,0.2,20,,,,,41.63,-83.17,,,,,OH,1974-05-11 17:20:00,1974-05-11 17:20:00,True,True
,10099903,Ohio,165,Warren,,1974-05-18 15:00:00,CST,1974-05-18 15:00:00,0,0,0,0,25K,0,,F1,Unknown,3.3,40,,,,,39.58,-84.32,39.6,-84.25,,,OH,1974-05-18 16:00:00,1974-05-18 16:00:00,True,True
,10040604,Michigan,99,Macomb,,1974-07-14 15:00:00,CST,1974-07-14 15:00:00,0,0,0,0,.25K,0,,F1,Unknown,0.0,33,,,,,42.72,-82.8,,,,,MI,1974-07-14 16:00:00,1974-07-14 16:00:00,True,True
,10040605,Michigan,163,Wayne,,1974-07-14 15:08:00,CST,1974-07-14 15:08:00,0,0,0,0,250K,0,,F2,Unknown,1.5,27,,,,,42.35,-83.45,,,,,MI,1974-07-14 16:08:00,1974-07-14 16:08:00,True,True
,10040606,Michigan,99,Macomb,,1974-07-14 15:20:00,CST,1974-07-14 15:20:00,0,0,0,0,2.5K,0,,F1,Unknown,0.3,13,,,,,42.58,-82.95,,,,,MI,1974-07-14 16:20:00,1974-07-14 16:20:00,True,True
,10066621,Nebraska,31,Cherry,,1974-07-03 22:30:00,CST,1974-07-03 22:30:00,0,0,0,0,250K,0,,F1,Unknown,11.3,33,,,,,42.93,-100.75,43.02,-100.55,,,NE,1974-07-03 23:30:00,1974-07-03 23:30:00,True,True
,9978242,Alabama,75,Lamar,,1974-01-28 05:00:00,CST,1974-01-28 05:00:00,0,0,0,0,25K,0,,F2,Unknown,0.3,30,,,,,33.75,-88.28,,,,,AL,1974-01-28 06:00:00,1974-01-28 06:00:00,True,True
,9978243,Alabama,57,Fayette,,1974-01-28 05:22:00,CST,1974-01-28 05:22:00,0,0,0,0,250K,0,,F3,Unknown,0.8,50,,,,,33.67,-87.83,,,,,AL,1974-01-28 06:22:00,1974-01-28 06:22:00,True,True
,10040836,Michigan,111,Midland,,1974-09-12 16:08:00,CST,1974-09-12 16:08:00,0,0,0,0,2.5K,0,,F1,Unknown,4.3,33,,,,,43.6,-84.23,43.58,-84.13,,,MI,1974-09-12 17:08:00,1974-09-12 17:08:00,True,True
,10040838,Michigan,49,Genesee,,1974-09-17 15:20:00,CST,1974-09-17 15:20:00,0,0,0,0,25K,0,,F2,Unknown,0.8,33,,,,,43.02,-83.63,,,,,MI,1974-09-17 16:20:00,1974-09-17 16:20:00,True,True
,10040840,Michigan,21,Berrien,,1974-09-21 06:50:00,CST,1974-09-21 06:50:00,0,0,0,0,25K,0,,F0,Unknown,0.5,33,,,,,42.05,-86.53,,,,,MI,1974-09-21 07:50:00,1974-09-21 07:50:00,True,True
,10040841,Michigan,21,Berrien,,1974-09-21 06:50:00,CST,1974-09-21 06:50:00,0,0,0,0,25K,0,,F1,Unknown,1.5,33,,,,,42.05,-86.53,,,,,MI,1974-09-21 07:50:00,1974-09-21 07:50:00,True,True
,10039475,Michigan,151,Sanilac,,1974-05-16 20:30:00,CST,1974-05-16 20:30:00,0,0,0,0,2.5K,0,,F1,Unknown,9.0,50,,,,,43.65,-83.12,43.62,-82.93,,,MI,1974-05-16 21:30:00,1974-05-16 21:30:00,True,True
,10050676,Mississippi,11,Bolivar,,1974-04-01 15:10:00,CST,1974-04-01 15:10:00,0,0,0,0,250K,0,,F2,Unknown,0.0,33,,,,,33.85,-90.72,,,,,MS,1974-04-01 16:10:00,1974-04-01 16:10:00,True,True
,10050685,Mississippi,15,Carroll,,1974-04-01 18:00:00,CST,1974-04-01 18:00:00,0,0,0,0,25K,0,,F2,Unknown,0.0,33,,,,,33.67,-89.92,,,,,MS,1974-04-01 19:00:00,1974-04-01 19:00:00,True,True
,10067171,Nebraska,129,Nuckolls,,1974-04-20 15:55:00,CST,1974-04-20 15:55:00,0,0,0,0,25K,0,,F3,Unknown,23.4,33,,,,,40.32,-97.73,40.6,-97.48,,,NE,1974-04-20 16:55:00,1974-04-20 16:55:00,True,True
,10067174,Nebraska,19,Buffalo,,1974-04-20 16:30:00,CST,1974-04-20 16:30:00,0,0,0,0,2.5K,0,,F1,Unknown,0.0,33,,,,,41.03,-98.93,,,,,NE,1974-04-20 17:30:00,1974-04-20 17:30:00,True,True
,10052409,Minnesota,7,Beltrami,,1974-04-27 18:00:00,CST,1974-04-27 18:00:00,0,0,0,0,250K,0,,F1,Unknown,14.3,300,,,,,47.73,-94.75,47.93,-94.65,,,MN,1974-04-27 19:00:00,1974-04-27 19:00:00,True,True
,10067176,Nebraska,89,Holt,,1974-04-20 17:00:00,CST,1974-04-20 17:00:00,0,0,0,0,2.5K,0,,F1,Unknown,0.0,33,,,,,42.2,-98.4,,,,,NE,1974-04-20 18:00:00,1974-04-20 18:00:00,True,True
,10067181,Nebraska,41,Custer,,1974-04-26 20:00:00,CST,1974-04-26 20:00:00,4,0,0,0,250K,0,,F3,Unknown,5.6,33,,,,,41.33,-99.62,41.38,-99.52,,,NE,1974-04-26 21:00:00,1974-04-26 21:00:00,True,True
,10067182,Nebraska,41,Custer,,1974-04-26 20:00:00,CST,1974-04-26 20:00:00,3,0,0,0,0K,0,,F3,Unknown,6.1,33,,,,,41.2,-99.3,41.25,-99.18,,,NE,1974-04-26 21:00:00,1974-04-26 21:00:00,True,True
,10052431,Minnesota,109,Olmsted,,1974-06-09 14:57:00,CST,1974-06-09 14:57:00,0,0,0,0,2.5K,0,,F1,Unknown,0.1,10,,,,,44.08,-92.53,,,,,MN,1974-06-09 15:57:00,1974-06-09 15:57:00,True,True
,10052422,Minnesota,83,Lyon,,1974-05-30 13:00:00,CST,1974-05-30 13:00:00,2,0,0,0,25K,0,,F1,Unknown,0.1,50,,,,,44.45,-95.78,,,,,MN,1974-05-30 14:00:00,1974-05-30 14:00:00,True,True
,10052427,Minnesota,95,Mille Lacs,,1974-06-04 00:45:00,CST,1974-06-04 00:45:00,1,0,0,0,25K,0,,F1,Unknown,1.9,250,,,,,46.22,-93.47,46.23,-93.4,,,MN,1974-06-04 01:45:00,1974-06-04 01:45:00,True,True
,10052430,Minnesota,163,Washington,,1974-06-06 11:20:00,CST,1974-06-06 11:20:00,0,0,0,0,25K,0,,F1,Unknown,0.1,17,,,,,44.87,-93.0,,,,,MN,1974-06-06 12:20:00,1974-06-06 12:20:00,True,True
,9980062,Arkansas,91,Miller,,1974-05-04 18:45:00,CST,1974-05-04 18:45:00,0,0,0,0,25K,0,,F2,Unknown,0.3,300,,,,,33.33,-93.77,,,,,AR,1974-05-04 19:45:00,1974-05-04 19:45:00,True,True
,10083580,Ohio,33,Crawford,,1974-01-26 19:45:00,CST,1974-01-26 19:45:00,2,0,0,0,250K,0,,F1,Unknown,2.0,100,,,,,40.83,-83.08,,,,,OH,1974-01-26 20:45:00,1974-01-26 20:45:00,True,True
,10039741,Michigan,63,Huron,,1974-07-04 13:00:00,CST,1974-07-04 13:00:00,0,0,0,0,25K,0,,F2,Unknown,5.7,33,,,,,43.68,-83.25,43.75,-83.17,,,MI,1974-07-04 14:00:00,1974-07-04 14:00:00,True,True
,10039743,Michigan,157,Tuscola,,1974-07-04 13:05:00,CST,1974-07-04 13:05:00,0,0,0,0,2.5K,0,,F1,Unknown,0.5,13,,,,,43.48,-83.33,,,,,MI,1974-07-04 14:05:00,1974-07-04 14:05:00,True,True
,10085779,North Dakota,71,Ramsey,,1974-07-11 21:00:00,CST,1974-07-11 21:00:00,0,0,0,0,0K,0,,F1,Unknown,0.0,33,,,,,48.1,-98.8,,,,,ND,1974-07-11 22:00:00,1974-07-11 22:00:00,True,True
,10085780,North Dakota,29,Emmons,,1974-07-11 21:10:00,CST,1974-07-11 21:10:00,0,0,0,0,0K,0,,F1,Unknown,0.0,33,,,,,46.17,-100.2,,,,,ND,1974-07-11 22:10:00,1974-07-11 22:10:00,True,True
,10085782,North Dakota,77,Richland,,1974-07-13 14:25:00,CST,1974-07-13 14:25:00,0,0,0,0,25K,0,,F1,Unknown,0.0,33,,,,,46.05,-96.6,,,,,ND,1974-07-13 15:25:00,1974-07-13 15:25:00,True,True
,10085785,North Dakota,97,Traill,,1974-07-20 20:35:00,CST,1974-07-20 20:35:00,0,0,0,0,250K,0,,F2,Unknown,0.0,33,,,,,47.5,-97.32,,,,,ND,1974-07-20 21:35:00,1974-07-20 21:35:00,True,True
,10085791,North Dakota,93,Stutsman,,1974-08-14 18:00:00,CST,1974-08-14 18:00:00,0,0,0,0,250K,0,,F2,Unknown,11.3,33,,,,,47.15,-98.57,47.23,-98.35,,,ND,1974-08-14 19:00:00,1974-08-14 19:00:00,True,True
,10085792,North Dakota,3,Barnes,,1974-08-14 18:05:00,CST,1974-08-14 18:05:00,0,0,0,0,250K,0,,F2,Unknown,0.0,33,,,,,47.18,-98.17,,,,,ND,1974-08-14 19:05:00,1974-08-14 19:05:00,True,True
,10084657,North Dakota,45,La Moure,,1974-05-20 18:40:00,CST,1974-05-20 18:40:00,0,0,0,0,250K,0,,F3,Unknown,17.3,33,,,,,46.53,-98.47,46.68,-98.17,,,ND,1974-05-20 18:40:00,1974-05-20 18:40:00,False,False
,10084660,North Dakota,5,Benson,,1974-05-20 19:45:00,CST,1974-05-20 19:45:00,0,0,0,0,250K,0,,F2,Unknown,3.8,33,,,,,47.93,-99.42,47.98,-99.35,,,ND,1974-05-20 20:45:00,1974-05-20 20:45:00,True,True
,10084663,North Dakota,29,Emmons,,1974-05-26 22:30:00,CST,1974-05-26 22:30:00,0,0,0,0,25K,0,,F2,Unknown,1.0,33,,,,,46.48,-100.13,,,,,ND,1974-05-26 23:30:00,1974-05-26 23:30:00,True,True
,10093215,Oklahoma,109,Oklahoma,,1974-04-20 16:00:00,CST,1974-04-20 16:00:00,3,0,0,0,2.5M,0,,F3,Unknown,31.7,100,,,,,35.35,-97.67,35.53,-97.15,,,OK,1974-04-20 17:00:00,1974-04-20 17:00:00,True,True
,10093216,Oklahoma,67,Jefferson,,1974-04-20 16:33:00,CST,1974-04-20 16:33:00,0,0,0,0,250K,0,,F3,Unknown,6.1,100,,,,,34.22,-98.03,34.27,-97.95,,,OK,1974-04-20 17:33:00,1974-04-20 17:33:00,True,True
,10093219,Oklahoma,81,Lincoln,,1974-04-20 17:00:00,CST,1974-04-20 17:00:00,0,0,0,0,2.5M,0,,F3,Unknown,15.6,100,,,,,35.53,-97.15,35.63,-96.9,,,OK,1974-04-20 18:00:00,1974-04-20 18:00:00,True,True
,10093224,Oklahoma,99,Murray,,1974-05-01 17:40:00,CST,1974-05-01 17:40:00,0,0,0,0,2.5K,0,,F1,Unknown,1.0,100,,,,,34.5,-96.92,,,,,OK,1974-05-01 18:40:00,1974-05-01 18:40:00,True,True
,10093225,Oklahoma,89,Mccurtain,,1974-05-01 21:00:00,CST,1974-05-01 21:00:00,1,0,0,0,25K,0,,F1,Unknown,5.2,100,,,,,33.92,-94.83,33.97,-94.77,,,OK,1974-05-01 21:00:00,1974-05-01 21:00:00,False,False
,10093226,Oklahoma,97,Mayes,,1974-05-09 15:30:00,CST,1974-05-09 15:30:00,0,0,0,0,2.5K,0,,F1,Unknown,0.5,150,,,,,36.3,-95.28,,,,,OK,1974-05-09 16:30:00,1974-05-09 16:30:00,True,True
,10085776,North Dakota,59,Morton,,1974-07-11 18:50:00,CST,1974-07-11 18:50:00,0,0,0,0,0K,0,,F1,Unknown,0.0,33,,,,,46.83,-101.0,,,,,ND,1974-07-11 19:50:00,1974-07-11 19:50:00,True,True
,10085777,North Dakota,71,Ramsey,,1974-07-11 20:30:00,CST,1974-07-11 20:30:00,0,0,0,0,0K,0,,F1,Unknown,0.0,33,,,,,48.33,-99.08,,,,,ND,1974-07-11 21:30:00,1974-07-11 21:30:00,True,True
,10085778,North Dakota,27,Eddy,,1974-07-11 20:55:00,CST,1974-07-11 20:55:00,0,0,0,0,25K,0,,F2,Unknown,0.0,33,,,,,47.68,-99.2,,,,,ND,1974-07-11 21:55:00,1974-07-11 21:55:00,True,True
,10059087,Missouri,25,Caldwell,,1974-03-08 01:30:00,CST,1974-03-08 01:30:00,0,0,0,0,25K,0,,F1,Unknown,27.4,100,,,,,39.57,-93.93,39.78,-93.5,,,MO,1974-03-08 02:30:00,1974-03-08 02:30:00,True,True
,10060270,Missouri,145,Newton,,1974-06-08 21:30:00,CST,1974-06-08 21:30:00,6,0,0,0,2.5M,0,,F1,Unknown,1.0,150,,,,,36.85,-94.4,,,,,MO,1974-06-08 22:30:00,1974-06-08 22:30:00,True,True
,10060272,Missouri,97,Jasper,,1974-06-08 21:40:00,CST,1974-06-08 21:40:00,0,0,0,0,25K,0,,F0,Unknown,0.0,33,,,,,37.07,-94.12,,,,,MO,1974-06-08 22:40:00,1974-06-08 22:40:00,True,True
,10060273,Missouri,145,Newton,,1974-06-08 21:40:00,CST,1974-06-08 21:40:00,0,0,0,0,0K,0,,F1,Unknown,2.0,50,,,,,36.9,-94.33,,,,,MO,1974-06-08 22:40:00,1974-06-08 22:40:00,True,True
,10040414,Maryland,17,Charles,,1974-01-28 16:15:00,CST,1974-01-28 16:15:00,0,0,0,0,2.5K,0,,F1,Unknown,0.0,17,,,,,38.53,-77.0,,,,,MD,1974-01-28 17:15:00,1974-01-28 17:15:00,True,True
,10040415,Maryland,31,Montgomery,,1974-05-12 14:00:00,CST,1974-05-12 14:00:00,0,0,0,0,2.5K,0,,F1,Unknown,0.5,67,,,,,39.1,-77.0,,,,,MD,1974-05-12 15:00:00,1974-05-12 15:00:00,True,True
,10040417,Maryland,3,Anne Arundel,,1974-05-12 14:15:00,CST,1974-05-12 14:15:00,0,0,0,0,2.5K,0,,F1,Unknown,0.1,33,,,,,39.1,-76.6,,,,,MD,1974-05-12 15:15:00,1974-05-12 15:15:00,True,True
,10054708,Minnesota,47,Freeborn,,1974-07-25 15:28:00,CST,1974-07-25 15:28:00,0,0,0,0,2.5K,0,,F0,Unknown,0.0,33,,,,,43.57,-93.17,,,,,MN,1974-07-25 16:28:00,1974-07-25 16:28:00,True,True
,10090934,North Carolina,193,Wilkes,,1974-06-01 20:45:00,CST,1974-06-01 20:45:00,0,0,0,0,25K,0,,F1,Unknown,1.0,33,,,,,36.13,-81.05,,,,,NC,1974-06-01 21:45:00,1974-06-01 21:45:00,True,True
,10113530,South Dakota,109,Roberts,,1974-05-20 20:35:00,CST,1974-05-20 20:35:00,0,0,0,0,0K,0,,F0,Unknown,0.0,33,,,,,45.78,-97.02,,,,,SD,1974-05-20 21:35:00,1974-05-20 21:35:00,True,True
,10036091,Louisiana,79,Rapides,,1974-04-12 01:45:00,CST,1974-04-12 01:45:00,3,0,0,0,25K,0,,F1,Unknown,5.6,150,,,,,31.3,-92.58,31.33,-92.5,,,LA,1974-04-12 02:45:00,1974-04-12 02:45:00,True,True
,10036094,Louisiana,105,Tangipahoa,,1974-04-12 21:05:00,CST,1974-04-12 21:05:00,0,0,0,0,0K,0,,F0,Unknown,0.0,33,,,,,30.5,-90.47,,,,,LA,1974-04-12 22:05:00,1974-04-12 22:05:00,True,True
,10036095,Louisiana,7,Assumption,,1974-04-12 21:30:00,CST,1974-04-12 21:30:00,2,0,0,0,25K,0,,F0,Unknown,4.5,17,,,,,29.98,-91.07,30.0,-91.0,,,LA,1974-04-12 22:30:00,1974-04-12 22:30:00,True,True
,10089844,North Carolina,39,Cherokee,,1974-04-03 16:00:00,CST,1974-04-03 16:00:00,0,0,0,0,0K,0,,F1,Unknown,0.0,33,,,,,35.05,-83.95,,,,,NC,1974-04-03 17:00:00,1974-04-03 17:00:00,True,True
,10036104,Louisiana,11,Beauregard,,1974-05-10 19:55:00,CST,1974-05-10 19:55:00,0,0,0,0,250K,0,,F1,Unknown,2.0,33,,,,,30.83,-93.32,,,,,LA,1974-05-10 20:55:00,1974-05-10 20:55:00,True,True
,10038599,Michigan,75,Jackson,,1974-04-03 19:00:00,CST,1974-04-03 19:00:00,0,0,0,0,25K,0,,F2,Unknown,1.3,440,,,,,42.08,-84.4,42.12,-84.37,,,MI,1974-04-03 20:00:00,1974-04-03 20:00:00,True,True
,10038600,Michigan,59,Hillsdale,,1974-04-03 19:15:00,CST,1974-04-03 19:15:00,5,0,0,0,0K,0,,F2,Unknown,5.6,33,,,,,41.72,-84.42,41.78,-84.33,,,MI,1974-04-03 20:15:00,1974-04-03 20:15:00,True,True
,10038601,Michigan,59,Hillsdale,,1974-04-03 19:15:00,CST,1974-04-03 19:15:00,2,0,0,0,25K,0,,F2,Unknown,5.4,167,,,,,41.75,-84.42,41.83,-84.38,,,MI,1974-04-03 20:15:00,1974-04-03 20:15:00,True,True
,10119859,Texas,189,Hale,,1974-05-24 18:05:00,CST,1974-05-24 18:05:00,0,0,0,0,0K,0,,F1,Unknown,8.5,30,,,,,33.87,-101.75,33.87,-101.6,,,TX,1974-05-24 19:05:00,1974-05-24 19:05:00,True,True
,10036087,Louisiana,65,Madison,,1974-04-01 18:20:00,CST,1974-04-01 18:20:00,0,0,0,0,.25K,0,,F0,Unknown,0.0,33,,,,,32.33,-91.2,,,,,LA,1974-04-01 19:20:00,1974-04-01 19:20:00,True,True
,10036130,Louisiana,119,Webster,,1974-06-07 14:10:00,CST,1974-06-07 14:10:00,0,0,0,0,.25K,0,,F0,Unknown,0.0,33,,,,,32.53,-93.42,,,,,LA,1974-06-07 15:10:00,1974-06-07 15:10:00,True,True
,10036131,Louisiana,67,Morehouse,,1974-06-07 14:30:00,CST,1974-06-07 14:30:00,0,0,0,0,2.5K,0,,F0,Unknown,0.0,33,,,,,32.93,-91.98,,,,,LA,1974-06-07 15:30:00,1974-06-07 15:30:00,True,True
,10036132,Louisiana,73,Ouachita,,1974-06-07 16:30:00,CST,1974-06-07 16:30:00,0,0,0,0,25K,0,,F1,Unknown,0.0,33,,,,,32.5,-92.13,,,,,LA,1974-06-07 17:30:00,1974-06-07 17:30:00,True,True
,10036133,Louisiana,25,Catahoula,,1974-06-07 18:10:00,CST,1974-06-07 18:10:00,0,0,0,0,25K,0,,F2,Unknown,6.5,40,,,,,31.8,-91.83,31.83,-91.73,,,LA,1974-06-07 19:10:00,1974-06-07 19:10:00,True,True
,10036134,Louisiana,41,Franklin,,1974-06-07 20:30:00,CST,1974-06-07 20:30:00,0,0,0,0,25K,0,,F2,Unknown,1.0,33,,,,,32.25,-91.57,,,,,LA,1974-06-07 21:30:00,1974-06-07 21:30:00,True,True
,10036136,Louisiana,119,Webster,,1974-06-09 10:05:00,CST,1974-06-09 10:05:00,0,0,0,0,250K,0,,F2,Unknown,4.5,100,,,,,32.9,-93.45,32.95,-93.4,,,LA,1974-06-09 11:05:00,1974-06-09 11:05:00,True,True
,10036140,Louisiana,97,St. Landry,,1974-06-13 16:30:00,CST,1974-06-13 16:30:00,0,0,0,0,2.5K,0,,F1,Unknown,0.0,33,,,,,30.53,-92.13,,,,,LA,1974-06-13 17:30:00,1974-06-13 17:30:00,True,True
,10036141,Louisiana,73,Ouachita,,1974-06-15 23:00:00,CST,1974-06-15 23:00:00,0,0,0,0,0K,0,,F0,Unknown,0.0,33,,,,,32.53,-92.03,,,,,LA,1974-06-16 00:00:00,1974-06-16 00:00:00,True,True
,10117940,Pennsylvania,121,Venango,,1974-07-02 14:30:00,CST,1974-07-02 14:30:00,0,0,0,0,0K,0,,F1,Unknown,0.0,33,,,,,41.47,-79.13,,,,,PA,1974-07-02 15:30:00,1974-07-02 15:30:00,True,True
,10090965,North Carolina,109,Lincoln,,1974-08-03 16:30:00,CST,1974-08-03 16:30:00,0,0,0,0,2.5K,0,,F0,Unknown,0.0,33,,,,,35.52,-81.25,,,,,NC,1974-08-03 17:30:00,1974-08-03 17:30:00,True,True
,10090967,North Carolina,47,Columbus,,1974-09-06 13:30:00,CST,1974-09-06 13:30:00,2,0,0,0,250K,0,,F1,Unknown,0.0,33,,,,,34.38,-78.77,,,,,NC,1974-09-06 14:30:00,1974-09-06 14:30:00,True,True
,10114477,South Carolina,17,Calhoun,,1974-03-21 06:40:00,CST,1974-03-21 06:40:00,1,0,0,0,250K,0,,F1,Unknown,0.5,77,,,,,33.65,-80.8,,,,,SC,1974-03-21 07:40:00,1974-03-21 07:40:00,True,True
,10113516,South Carolina,7,Anderson,,1974-04-08 15:33:00,CST,1974-04-08 15:33:00,0,0,0,0,2.5K,0,,F3,Unknown,1.0,100,,,,,34.42,-82.75,,,,,SC,1974-04-08 16:33:00,1974-04-08 16:33:00,True,True
,10113517,South Carolina,7,Anderson,,1974-04-08 16:00:00,CST,1974-04-08 16:00:00,0,0,0,0,2.5K,0,,F1,Unknown,0.3,90,,,,,34.4,-82.75,,,,,SC,1974-04-08 17:00:00,1974-04-08 17:00:00,True,True
,10060279,Missouri,147,Nodaway,,1974-06-08 22:00:00,CST,1974-06-08 22:00:00,0,0,0,0,25K,0,,F1,Unknown,10.1,400,,,,,40.2,-95.05,40.28,-94.88,,,MO,1974-06-08 23:00:00,1974-06-08 23:00:00,True,True
,10111609,South Dakota,109,Roberts,,1974-07-23 13:00:00,CST,1974-07-23 13:00:00,0,0,0,0,25K,0,,F0,Unknown,0.0,33,,,,,45.42,-96.75,,,,,SD,1974-07-23 14:00:00,1974-07-23 14:00:00,True,True
,10111619,South Dakota,99,Minnehaha,,1974-08-17 06:00:00,CST,1974-08-17 06:00:00,0,0,0,0,25K,0,,F1,Unknown,0.0,33,,,,,43.82,-96.95,,,,,SD,1974-08-17 07:00:00,1974-08-17 07:00:00,True,True
,10086978,Ohio,23,Clark,,1974-04-03 14:50:00,CST,1974-04-03 14:50:00,0,0,0,0,2.5M,0,,F5,Unknown,10.9,533,,,,,39.78,-83.72,39.92,-83.6,,,OH,1974-04-03 15:50:00,1974-04-03 15:50:00,True,True
,10086979,Ohio,23,Clark,,1974-04-03 14:55:00,CST,1974-04-03 14:55:00,0,0,0,0,250K,0,,F2,Unknown,15.7,180,,,,,39.83,-83.57,39.93,-83.3,,,OH,1974-04-03 15:55:00,1974-04-03 15:55:00,True,True
,10086982,Ohio,61,Hamilton,,1974-04-03 15:28:00,CST,1974-04-03 15:28:00,39,0,2,0,250K,0,,F4,Unknown,9.4,350,,,,,39.18,-84.48,39.3,-84.38,,,OH,1974-04-03 16:28:00,1974-04-03 16:28:00,True,True
,10086985,Ohio,165,Warren,,1974-04-03 15:45:00,CST,1974-04-03 15:45:00,0,0,0,0,250K,0,,F4,Unknown,10.4,350,,,,,39.3,-84.38,39.43,-84.28,,,OH,1974-04-03 16:45:00,1974-04-03 16:45:00,True,True
,10113776,South Carolina,49,Hampton,,1974-11-30 01:23:00,CST,1974-11-30 01:23:00,0,0,0,0,250K,0,,F0,Unknown,0.3,33,,,,,32.82,-81.23,,,,,SC,1974-11-30 01:23:00,1974-11-30 01:23:00,False,False
,10114358,Pennsylvania,105,Potter,,1974-07-29 15:00:00,CST,1974-07-29 15:00:00,3,0,0,0,25K,0,,F1,Unknown,0.4,20,,,,,41.8,-78.03,,,,,PA,1974-07-29 16:00:00,1974-07-29 16:00:00,True,True
,10114360,Pennsylvania,55,Franklin,,1974-07-29 19:00:00,CST,1974-07-29 19:00:00,0,0,0,0,25K,0,,F1,Unknown,0.2,20,,,,,39.93,-77.57,,,,,PA,1974-07-29 20:00:00,1974-07-29 20:00:00,True,True
,10086989,Ohio,165,Warren,,1974-04-03 16:00:00,CST,1974-04-03 16:00:00,9,0,0,0,2.5M,0,,F2,Unknown,9.8,177,,,,,39.38,-84.23,39.52,-84.17,,,OH,1974-04-03 17:00:00,1974-04-03 17:00:00,True,True
,10086991,Ohio,49,Franklin,,1974-04-03 16:05:00,CST,1974-04-03 16:05:00,0,0,0,0,250K,0,,F2,Unknown,5.1,90,,,,,40.08,-82.85,40.13,-82.77,,,OH,1974-04-03 17:05:00,1974-04-03 17:05:00,True,True
,10086994,Ohio,129,Pickaway,,1974-04-03 16:18:00,CST,1974-04-03 16:18:00,7,0,0,0,25K,0,,F1,Unknown,1.0,10,,,,,39.6,-83.0,,,,,OH,1974-04-03 17:18:00,1974-04-03 17:18:00,True,True
,10086997,Ohio,61,Hamilton,,1974-04-03 16:45:00,EST,1974-04-03 16:45:00,190,0,3,0,0K,0,,F5,Unknown,6.8,533,,,,,39.12,-84.67,39.22,-84.63,,,OH,1974-04-03 17:45:00,1974-04-03 17:45:00,True,True
,10086999,Ohio,125,Paulding,,1974-04-03 17:30:00,CST,1974-04-03 17:30:00,0,0,0,0,250K,0,,F2,Unknown,9.2,350,,,,,41.03,-84.4,41.12,-84.25,,,OH,1974-04-03 18:30:00,1974-04-03 18:30:00,True,True
,10087004,Ohio,1,Adams,,1974-04-03 18:00:00,CST,1974-04-03 18:00:00,0,0,0,0,2.5K,0,,F1,Unknown,9.1,180,,,,,38.67,-83.75,38.73,-83.6,,,OH,1974-04-03 19:00:00,1974-04-03 19:00:00,True,True
,10087005,Ohio,1,Adams,,1974-04-03 18:00:00,CST,1974-04-03 18:00:00,0,0,1,0,2.5K,0,,F3,Unknown,15.5,500,,,,,38.82,-83.6,38.95,-83.37,,,OH,1974-04-03 19:00:00,1974-04-03 19:00:00,True,True
,10087006,Ohio,125,Paulding,,1974-04-03 18:45:00,CST,1974-04-03 18:45:00,1,0,0,0,250K,0,,F3,Unknown,8.7,177,,,,,41.05,-84.45,41.17,-84.37,,,OH,1974-04-03 19:45:00,1974-04-03 19:45:00,True,True
,10087007,Ohio,125,Paulding,,1974-04-03 19:00:00,CST,1974-04-03 19:00:00,0,0,0,0,0K,0,,F1,Unknown,1.3,100,,,,,41.08,-84.47,41.12,-84.43,,,OH,1974-04-03 20:00:00,1974-04-03 20:00:00,True,True
,10087008,Ohio,125,Paulding,,1974-04-03 19:00:00,CST,1974-04-03 19:00:00,0,0,0,0,25K,0,,F1,Unknown,6.4,90,,,,,41.08,-84.7,41.13,-84.58,,,OH,1974-04-03 20:00:00,1974-04-03 20:00:00,True,True
,10087009,Ohio,15,Brown,,1974-04-03 19:30:00,CST,1974-04-03 19:30:00,0,0,0,0,0K,0,,F1,Unknown,4.1,100,,,,,38.67,-83.77,38.72,-83.72,,,OH,1974-04-03 20:30:00,1974-04-03 20:30:00,True,True
,10090964,North Carolina,51,Cumberland,,1974-08-02 11:00:00,CST,1974-08-02 11:00:00,0,0,0,0,25K,0,,F0,Unknown,0.0,33,,,,,35.17,-79.05,,,,,NC,1974-08-02 12:00:00,1974-08-02 12:00:00,True,True
,10124293,Tennessee,41,Dekalb,,1974-04-03 18:40:00,CST,1974-04-03 18:40:00,20,0,0,0,250K,0,,F3,Unknown,9.4,100,,,,,35.95,-85.97,36.05,-85.85,,,TN,1974-04-03 18:40:00,1974-04-03 18:40:00,False,False
,10124294,Tennessee,103,Lincoln,,1974-04-03 18:45:00,CST,1974-04-03 18:45:00,100,0,6,0,2.5M,0,,F4,Unknown,13.1,800,,,,,35.0,-86.5,35.12,-86.32,,,TN,1974-04-03 19:45:00,1974-04-03 19:45:00,True,True
,10124295,Tennessee,87,Jackson,,1974-04-03 19:00:00,CST,1974-04-03 19:00:00,0,0,0,0,250K,0,,F1,Unknown,8.6,200,,,,,36.25,-85.6,36.33,-85.48,,,TN,1974-04-03 20:00:00,1974-04-03 20:00:00,True,True
,10124296,Tennessee,51,Franklin,,1974-04-03 19:00:00,CST,1974-04-03 19:00:00,21,0,5,0,250K,0,,F4,Unknown,14.4,800,,,,,35.12,-86.15,35.32,-86.08,,,TN,1974-04-03 20:00:00,1974-04-03 20:00:00,True,True
,10085796,North Dakota,47,Logan,,1974-08-19 18:20:00,CST,1974-08-19 18:20:00,2,0,0,0,0K,0,,F2,Unknown,0.0,33,,,,,46.58,-99.77,,,,,ND,1974-08-19 19:20:00,1974-08-19 19:20:00,True,True
,10085797,North Dakota,47,Logan,,1974-08-19 18:30:00,CST,1974-08-19 18:30:00,3,0,0,0,0K,0,,F3,Unknown,0.0,33,,,,,46.28,-99.35,,,,,ND,1974-08-19 19:30:00,1974-08-19 19:30:00,True,True
,10085798,North Dakota,101,Ward,,1974-08-19 18:50:00,CST,1974-08-19 18:50:00,0,0,0,0,0K,0,,F2,Unknown,0.0,33,,,,,46.3,-98.93,,,,,ND,1974-08-19 19:50:00,1974-08-19 19:50:00,True,True
,10085799,North Dakota,47,Logan,,1974-08-19 19:00:00,CST,1974-08-19 19:00:00,0,0,0,0,0K,0,,F2,Unknown,0.0,33,,,,,46.37,-99.1,,,,,ND,1974-08-19 20:00:00,1974-08-19 20:00:00,True,True
,10085747,North Dakota,101,Ward,,1974-06-04 16:00:00,CST,1974-06-04 16:00:00,0,0,0,0,250K,0,,F2,Unknown,0.3,200,,,,,48.25,-101.57,,,,,ND,1974-06-04 17:00:00,1974-06-04 17:00:00,True,True
,10085749,North Dakota,9,Bottineau,,1974-06-04 17:30:00,CST,1974-06-04 17:30:00,6,0,0,0,250K,0,,F2,Unknown,11.4,400,,,,,48.73,-100.48,48.88,-100.37,,,ND,1974-06-04 18:30:00,1974-06-04 18:30:00,True,True
,10067142,Nebraska,139,Pierce,,1974-04-11 16:00:00,CST,1974-04-11 16:00:00,0,0,0,0,25K,0,,F0,Unknown,0.0,33,,,,,42.35,-97.5,,,,,NE,1974-04-11 17:00:00,1974-04-11 17:00:00,True,True
,10067145,Nebraska,51,Dixon,,1974-04-11 19:00:00,CST,1974-04-11 19:00:00,0,0,0,0,250K,0,,F1,Unknown,0.0,33,,,,,42.63,-96.87,,,,,NE,1974-04-11 20:00:00,1974-04-11 20:00:00,True,True
,10067149,Nebraska,91,Hooker,,1974-04-19 19:00:00,CST,1974-04-19 19:00:00,0,0,0,0,25K,0,,F1,Unknown,0.0,33,,,,,42.05,-101.03,,,,,NE,1974-04-19 20:00:00,1974-04-19 20:00:00,True,True
,10067151,Nebraska,113,Logan,,1974-04-19 19:15:00,CST,1974-04-19 19:15:00,0,0,0,0,2.5K,0,,F1,Unknown,0.0,33,,,,,41.48,-100.52,,,,,NE,1974-04-19 20:15:00,1974-04-19 20:15:00,True,True
,10067152,Nebraska,137,Phelps,,1974-04-19 19:50:00,CST,1974-04-19 19:50:00,0,0,0,0,25K,0,,F0,Unknown,0.0,33,,,,,40.45,-99.37,,,,,NE,1974-04-19 20:50:00,1974-04-19 20:50:00,True,True
,9988422,Connecticut,5,Litchfield,,1974-07-03 18:15:00,CST,1974-07-03 18:15:00,0,0,0,0,2.5K,0,,F1,Unknown,5.1,40,,,,,41.6,-73.28,41.53,-73.22,,,CT,1974-07-03 19:15:00,1974-07-03 19:15:00,True,True
,10053508,Minnesota,109,Olmsted,,1974-06-18 17:30:00,CST,1974-06-18 17:30:00,2,0,0,0,25K,0,,F1,Unknown,0.3,27,,,,,43.85,-92.58,,,,,MN,1974-06-18 18:30:00,1974-06-18 18:30:00,True,True
,10059117,Missouri,229,Wright,,1974-04-13 20:50:00,CST,1974-04-13 20:50:00,2,0,0,0,25K,0,,F2,Unknown,9.2,177,,,,,37.02,-92.43,37.1,-92.3,,,MO,1974-04-13 21:50:00,1974-04-13 21:50:00,True,True
,10059118,Missouri,215,Texas,,1974-04-13 21:00:00,CST,1974-04-13 21:00:00,0,0,0,0,250K,0,,F2,Unknown,7.1,150,,,,,37.18,-92.0,37.28,-91.97,,,MO,1974-04-13 22:00:00,1974-04-13 22:00:00,True,True
,10059119,Missouri,55,Crawford,,1974-04-14 00:10:00,CST,1974-04-14 00:10:00,0,0,0,0,250K,0,,F2,Unknown,6.5,100,,,,,38.05,-91.4,38.08,-91.28,,,MO,1974-04-14 01:10:00,1974-04-14 01:10:00,True,True
,10059120,Missouri,221,Washington,,1974-04-14 00:30:00,CST,1974-04-14 00:30:00,0,0,0,0,0K,0,,F2,Unknown,1.5,50,,,,,37.77,-90.78,,,,,MO,1974-04-14 01:30:00,1974-04-14 01:30:00,True,True
,9980042,Arkansas,41,Desha,,1974-01-28 01:45:00,CST,1974-01-28 01:45:00,2,0,0,0,25K,0,,F1,Unknown,6.5,100,,,,,33.6,-91.47,33.63,-91.37,,,AR,1974-01-28 02:45:00,1974-01-28 02:45:00,True,True
,9980050,Arkansas,67,Jackson,,1974-04-01 15:36:00,CST,1974-04-01 15:36:00,0,0,0,0,25K,0,,F1,Unknown,0.3,100,,,,,35.63,-91.07,,,,,AR,1974-04-01 16:36:00,1974-04-01 16:36:00,True,True
,9980053,Arkansas,85,Lonoke,,1974-04-21 15:48:00,CST,1974-04-21 15:48:00,0,0,0,0,25K,0,,F1,Unknown,4.7,100,,,,,34.73,-91.77,34.73,-91.68,,,AR,1974-04-21 16:48:00,1974-04-21 16:48:00,True,True
,9978236,Alabama,109,Pike,,1974-01-20 13:25:00,CST,1974-01-20 13:25:00,0,0,0,0,25K,0,,F2,Unknown,0.0,30,,,,,31.72,-86.12,,,,,AL,1974-01-20 14:25:00,1974-01-20 14:25:00,True,True
,10044883,Maine,5,Cumberland,,1974-06-22 13:30:00,CST,1974-06-22 13:30:00,1,0,0,0,2.5K,0,,F1,Unknown,0.1,7,,,,,43.58,-70.32,,,,,ME,1974-06-22 14:30:00,1974-06-22 14:30:00,True,True
,10066668,Nebraska,35,Clay,,1974-08-17 11:15:00,CST,1974-08-17 11:15:00,0,0,0,0,0K,0,,F0,Unknown,0.0,33,,,,,40.53,-98.17,,,,,NE,1974-08-17 12:15:00,1974-08-17 12:15:00,True,True
,10066655,Nebraska,93,Howard,,1974-08-17 10:00:00,CST,1974-08-17 10:00:00,2,0,0,0,250K,0,,F1,Unknown,1.3,33,,,,,41.33,-98.47,41.3,-98.43,,,NE,1974-08-17 11:00:00,1974-08-17 11:00:00,True,True
,10066659,Nebraska,121,Merrick,,1974-08-17 10:15:00,CST,1974-08-17 10:15:00,0,0,0,0,250K,0,,F0,Unknown,0.0,33,,,,,41.27,-98.18,,,,,NE,1974-08-17 11:15:00,1974-08-17 11:15:00,True,True
,10059105,Missouri,145,Newton,,1974-04-13 16:00:00,CST,1974-04-13 16:00:00,0,0,0,0,2.5K,0,,F2,Unknown,0.5,100,,,,,36.87,-94.5,,,,,MO,1974-04-13 17:00:00,1974-04-13 17:00:00,True,True
,10059109,Missouri,205,Shelby,,1974-04-13 17:15:00,CST,1974-04-13 17:15:00,0,0,0,0,25K,0,,F3,Unknown,0.0,50,,,,,39.9,-92.27,39.92,-92.23,,,MO,1974-04-13 18:15:00,1974-04-13 18:15:00,True,True
,10059111,Missouri,45,Clark,,1974-04-13 17:45:00,CST,1974-04-13 17:45:00,0,0,0,0,25K,0,,F2,Unknown,4.3,100,,,,,40.28,-91.5,40.32,-91.42,,,MO,1974-04-13 18:45:00,1974-04-13 18:45:00,True,True
,10050688,Mississippi,51,Holmes,,1974-04-01 19:40:00,CST,1974-04-01 19:40:00,0,0,0,0,25K,0,,F2,Unknown,0.0,33,,,,,33.1,-89.9,,,,,MS,1974-04-01 20:40:00,1974-04-01 20:40:00,True,True
,10050689,Mississippi,13,Calhoun,,1974-04-01 19:45:00,CST,1974-04-01 19:45:00,0,0,0,0,25K,0,,F2,Unknown,5.1,33,,,,,33.8,-89.3,33.78,-89.22,,,MS,1974-04-01 20:45:00,1974-04-01 20:45:00,True,True
,10050691,Mississippi,109,Pearl River,,1974-04-02 01:32:00,CST,1974-04-02 01:32:00,0,0,0,0,25K,0,,F1,Unknown,0.0,33,,,,,30.67,-89.68,,,,,MS,1974-04-02 02:32:00,1974-04-02 02:32:00,True,True
,10050692,Mississippi,67,Jones,,1974-04-03 16:00:00,CST,1974-04-03 16:00:00,1,0,0,0,250K,0,,F3,Unknown,12.0,100,,,,,31.55,-89.18,31.67,-89.03,,,MS,1974-04-03 17:00:00,1974-04-03 17:00:00,True,True
,9988421,Connecticut,7,Middlesex,,1974-06-27 13:15:00,CST,1974-06-27 13:15:00,0,0,0,0,.25K,0,,F1,Unknown,0.5,100,,,,,41.35,-72.42,,,,,CT,1974-06-27 14:15:00,1974-06-27 14:15:00,True,True
,10067155,Nebraska,47,Dawson,,1974-04-20 14:10:00,CST,1974-04-20 14:10:00,3,0,0,0,2.5M,0,,F3,Unknown,21.5,880,,,,,40.95,-99.43,41.23,-99.25,,,NE,1974-04-20 15:10:00,1974-04-20 15:10:00,True,True
,10067156,Nebraska,19,Buffalo,,1974-04-20 14:30:00,CST,1974-04-20 14:30:00,0,0,0,0,25K,0,,F1,Unknown,1.2,33,,,,,40.88,-98.98,,,,,NE,1974-04-20 15:30:00,1974-04-20 15:30:00,True,True
,10067160,Nebraska,47,Dawson,,1974-04-20 14:50:00,CST,1974-04-20 14:50:00,3,0,0,0,2.5M,0,,F3,Unknown,14.7,880,,,,,41.23,-99.25,41.43,-99.13,,,NE,1974-04-20 15:50:00,1974-04-20 15:50:00,True,True
,10066673,Nebraska,31,Cherry,,1974-08-19 15:20:00,CST,1974-08-19 15:20:00,0,0,0,0,25K,0,,F0,Unknown,0.0,33,,,,,42.68,-100.17,,,,,NE,1974-08-19 16:20:00,1974-08-19 16:20:00,True,True
,10066676,Nebraska,41,Custer,,1974-08-26 21:30:00,CST,1974-08-26 21:30:00,5,0,0,0,250K,0,,F1,Unknown,2.7,33,,,,,41.4,-99.6,41.37,-99.53,,,NE,1974-08-26 22:30:00,1974-08-26 22:30:00,True,True
,10076098,New York,83,Rensselaer,,1974-08-27 16:00:00,CST,1974-08-27 16:00:00,0,0,0,0,25K,0,,F1,Unknown,0.0,33,,,,,42.83,-73.5,,,,,NY,1974-08-27 17:00:00,1974-08-27 17:00:00,True,True
,10076100,New York,119,Westchester,,1974-09-01 23:50:00,CST,1974-09-01 23:50:00,0,0,0,0,250K,0,,F1,Unknown,2.0,50,,,,,40.92,-73.85,,,,,NY,1974-09-02 00:50:00,1974-09-02 00:50:00,True,True
,10055782,Minnesota,137,St. Louis,,1974-08-25 20:28:00,CST,1974-08-25 20:28:00,0,0,0,0,250K,0,,F1,Unknown,18.5,200,,,,,47.38,-92.62,47.3,-92.23,,,MN,1974-08-25 21:28:00,1974-08-25 21:28:00,True,True
,10055784,Minnesota,137,St. Louis,,1974-08-25 20:50:00,CST,1974-08-25 20:50:00,0,0,0,0,0K,0,,F1,Unknown,16.2,200,,,,,47.3,-92.23,47.28,-91.88,,,MN,1974-08-25 21:50:00,1974-08-25 21:50:00,True,True
,9980510,Arkansas,55,Greene,,1974-09-28 17:15:00,CST,1974-09-28 17:15:00,0,0,0,0,25K,0,,F1,Unknown,10.3,33,,,,,36.05,-90.4,36.17,-90.28,,,AR,1974-09-28 18:15:00,1974-09-28 18:15:00,True,True
,9980513,Arkansas,73,Lafayette,,1974-10-31 12:18:00,CST,1974-10-31 12:18:00,0,0,0,0,250K,0,,F1,Unknown,1.6,33,,,,,33.08,-93.68,,,,,AR,1974-10-31 12:18:00,1974-10-31 12:18:00,False,False
,9981135,Arizona,21,Pinal,,1974-10-23 13:30:00,CST,1974-10-23 13:30:00,0,0,0,0,0K,0,,F1,Unknown,0.1,67,,,,,32.9,-110.83,,,,,AZ,1974-10-23 13:30:00,1974-10-23 13:30:00,False,False
,9981136,Arizona,21,Pinal,,1974-10-23 13:33:00,CST,1974-10-23 13:33:00,0,0,0,0,0K,0,,F1,Unknown,4.7,33,,,,,32.7,-110.77,32.73,-110.7,,,AZ,1974-10-23 13:33:00,1974-10-23 13:33:00,False,False
,9981137,Arizona,1,Apache,,1974-10-27 10:15:00,CST,1974-10-27 10:15:00,0,0,0,0,0K,0,,F0,Unknown,0.2,33,,,,,34.9,-109.82,,,,,AZ,1974-10-27 10:15:00,1974-10-27 10:15:00,False,False
,10047343,Mississippi,59,Jackson,,1974-06-20 14:10:00,CST,1974-06-20 14:10:00,0,0,0,0,.25K,0,,F0,Unknown,0.7,100,,,,,30.42,-88.5,,,,,MS,1974-06-20 15:10:00,1974-06-20 15:10:00,True,True
,10047348,Mississippi,27,Coahoma,,1974-07-16 12:40:00,CST,1974-07-16 12:40:00,0,0,0,0,25K,0,,F2,Unknown,0.5,50,,,,,34.07,-90.6,,,,,MS,1974-07-16 13:40:00,1974-07-16 13:40:00,True,True
,10060219,Missouri,63,De Kalb,,1974-05-13 18:30:00,CST,1974-05-13 18:30:00,0,0,0,0,25K,0,,F1,Unknown,7.8,50,,,,,39.92,-94.42,39.97,-94.28,,,MO,1974-05-13 18:30:00,1974-05-13 18:30:00,False,False
,10060228,Missouri,157,Perry,,1974-05-14 15:30:00,CST,1974-05-14 15:30:00,0,0,0,0,25K,0,,F2,Unknown,1.0,177,,,,,37.63,-89.63,,,,,MO,1974-05-14 16:30:00,1974-05-14 16:30:00,True,True
,10060234,Missouri,133,Mississippi,,1974-05-20 18:40:00,CST,1974-05-20 18:40:00,0,0,0,0,25K,0,,F1,Unknown,0.5,50,,,,,36.92,-89.33,,,,,MO,1974-05-20 19:40:00,1974-05-20 19:40:00,True,True
,10040819,Michigan,49,Genesee,,1974-07-14 15:22:00,CST,1974-07-14 15:22:00,0,0,0,0,250K,0,,F3,Unknown,1.0,33,,,,,43.05,-83.55,,,,,MI,1974-07-14 16:22:00,1974-07-14 16:22:00,True,True
,10040820,Michigan,125,Oakland,,1974-07-14 15:23:00,CST,1974-07-14 15:23:00,0,0,0,0,25K,0,,F1,Unknown,0.1,10,,,,,42.62,-83.33,,,,,MI,1974-07-14 16:23:00,1974-07-14 16:23:00,True,True
,9988589,Colorado,5,Arapahoe,,1974-07-28 15:32:00,CST,1974-07-28 15:32:00,0,0,0,0,0K,0,,F0,Unknown,0.1,23,,,,,39.72,-104.73,,,,,CO,1974-07-28 16:32:00,1974-07-28 16:32:00,True,True
,9988592,Colorado,121,Washington,,1974-08-08 14:25:00,CST,1974-08-08 14:25:00,0,0,0,0,0K,0,,F0,Unknown,0.2,27,,,,,39.72,-103.22,,,,,CO,1974-08-08 15:25:00,1974-08-08 15:25:00,True,True
,9988593,Colorado,87,Morgan,,1974-08-08 15:20:00,CST,1974-08-08 15:20:00,0,0,0,0,0K,0,,F1,Unknown,0.3,20,,,,,40.18,-104.08,,,,,CO,1974-08-08 16:20:00,1974-08-08 16:20:00,True,True
,9988594,Colorado,99,Prowers,,1974-08-08 15:43:00,CST,1974-08-08 15:43:00,0,0,0,0,0K,0,,F1,Unknown,2.5,33,,,,,37.95,-102.13,,,,,CO,1974-08-08 16:43:00,1974-08-08 16:43:00,True,True
,9988600,Colorado,101,Pueblo,,1974-08-15 15:40:00,CST,1974-08-15 15:40:00,0,0,0,0,0K,0,,F1,Unknown,1.0,100,,,,,38.45,-104.82,,,,,CO,1974-08-15 16:40:00,1974-08-15 16:40:00,True,True
,9988601,Colorado,75,Logan,,1974-08-15 20:40:00,CST,1974-08-15 20:40:00,0,0,0,0,250K,0,,F3,Unknown,2.0,150,,,,,40.68,-103.17,,,,,CO,1974-08-15 21:40:00,1974-08-15 21:40:00,True,True
,10050709,Mississippi,151,Washington,,1974-04-22 05:30:00,CST,1974-04-22 05:30:00,2,0,0,0,250K,0,,F2,Unknown,11.7,33,,,,,33.17,-90.87,33.18,-90.67,,,MS,1974-04-22 06:30:00,1974-04-22 06:30:00,True,True
,10050710,Mississippi,53,Humphreys,,1974-04-22 05:45:00,CST,1974-04-22 05:45:00,1,0,0,0,0K,0,,F2,Unknown,10.7,33,,,,,33.18,-90.67,33.2,-90.48,,,MS,1974-04-22 06:45:00,1974-04-22 06:45:00,True,True
,10050718,Mississippi,149,Warren,,1974-05-31 14:10:00,CST,1974-05-31 14:10:00,0,0,0,0,.25K,0,,F1,Unknown,0.0,33,,,,,32.72,-90.93,,,,,MS,1974-05-31 15:10:00,1974-05-31 15:10:00,True,True
,10050722,Mississippi,7,Attala,,1974-06-05 20:50:00,CST,1974-06-05 20:50:00,0,0,0,0,.03K,0,,F0,Unknown,0.0,33,,,,,33.03,-89.7,,,,,MS,1974-06-05 21:50:00,1974-06-05 21:50:00,True,True
,10050724,Mississippi,155,Webster,,1974-06-06 18:30:00,CST,1974-06-06 18:30:00,0,0,0,0,.25K,0,,F0,Unknown,0.0,33,,,,,33.67,-89.1,,,,,MS,1974-06-06 19:30:00,1974-06-06 19:30:00,True,True
,10050725,Mississippi,13,Calhoun,,1974-06-07 18:06:00,CST,1974-06-07 18:06:00,0,0,0,0,2.5K,0,,F1,Unknown,0.0,33,,,,,33.8,-89.3,,,,,MS,1974-06-07 19:06:00,1974-06-07 19:06:00,True,True
,10050728,Mississippi,117,Prentiss,,1974-06-07 19:40:00,CST,1974-06-07 19:40:00,0,0,0,0,2.5K,0,,F1,Unknown,0.5,500,,,,,34.65,-88.55,,,,,MS,1974-06-07 20:40:00,1974-06-07 20:40:00,True,True
,9981150,Arkansas,129,Searcy,,1974-05-14 12:30:00,CST,1974-05-14 12:30:00,0,0,0,0,250K,0,,F1,Unknown,25.0,100,,,,,35.8,-92.87,35.93,-92.45,,,AR,1974-05-14 13:30:00,1974-05-14 13:30:00,True,True
,9981151,Arkansas,137,Stone,,1974-05-14 13:15:00,CST,1974-05-14 13:15:00,0,0,0,0,250K,0,,F1,Unknown,22.9,100,,,,,35.93,-92.45,36.08,-92.08,,,AR,1974-05-14 14:15:00,1974-05-14 14:15:00,True,True
,9981152,Arkansas,65,Izard,,1974-05-14 13:45:00,CST,1974-05-14 13:45:00,0,0,0,0,250K,0,,F1,Unknown,14.1,100,,,,,36.08,-92.12,36.12,-91.87,,,AR,1974-05-14 14:45:00,1974-05-14 14:45:00,True,True
,9981174,Arkansas,123,St. Francis,,1974-06-06 16:10:00,CST,1974-06-06 16:10:00,112,0,4,0,25M,0,,F3,Unknown,3.8,150,,,,,34.98,-90.78,35.02,-90.73,,,AR,1974-06-06 17:10:00,1974-06-06 17:10:00,True,True
,9981182,Arkansas,71,Johnson,,1974-06-06 22:00:00,CST,1974-06-06 22:00:00,0,0,0,0,25K,0,,F3,Unknown,11.7,300,,,,,35.67,-93.53,35.72,-93.33,,,AR,1974-06-06 23:00:00,1974-06-06 23:00:00,True,True
,9981184,Arkansas,65,Izard,,1974-06-06 23:45:00,CST,1974-06-06 23:45:00,0,0,0,0,2.5K,0,,F1,Unknown,3.8,100,,,,,35.98,-92.25,36.0,-92.18,,,AR,1974-06-07 00:45:00,1974-06-07 00:45:00,True,True
,10039693,Michigan,51,Gladwin,,1974-06-07 19:00:00,CST,1974-06-07 19:00:00,0,0,0,0,0K,0,,F1,Unknown,0.2,13,,,,,43.95,-84.23,,,,,MI,1974-06-07 20:00:00,1974-06-07 20:00:00,True,True
,10039694,Michigan,165,Wexford,,1974-06-07 21:22:00,CST,1974-06-07 21:22:00,1,0,0,0,25K,0,,F2,Unknown,1.2,70,,,,,44.23,-85.47,,,,,MI,1974-06-07 22:22:00,1974-06-07 22:22:00,True,True
,10047363,Mississippi,47,Harrison,,1974-08-16 23:35:00,CST,1974-08-16 23:35:00,0,0,0,0,2.5K,0,,F1,Unknown,0.0,33,,,,,30.4,-89.07,,,,,MS,1974-08-17 00:35:00,1974-08-17 00:35:00,True,True
,10047373,Mississippi,129,Smith,,1974-10-29 10:00:00,CST,1974-10-29 10:00:00,1,0,0,0,2.5K,0,,F1,Unknown,0.1,20,,,,,32.03,-89.53,,,,,MS,1974-10-29 10:00:00,1974-10-29 10:00:00,False,False
,10047375,Mississippi,59,Jackson,,1974-11-04 12:05:00,CST,1974-11-04 12:05:00,0,0,0,0,.03K,0,,F1,Unknown,0.1,23,,,,,30.4,-88.52,,,,,MS,1974-11-04 12:05:00,1974-11-04 12:05:00,False,False
,10047370,Mississippi,73,Lamar,,1974-09-09 15:00:00,CST,1974-09-09 15:00:00,0,0,0,0,.25K,0,,F1,Unknown,0.1,30,,,,,31.0,-89.45,,,,,MS,1974-09-09 16:00:00,1974-09-09 16:00:00,True,True
,10047371,Mississippi,129,Smith,,1974-09-28 21:00:00,CST,1974-09-28 21:00:00,0,0,0,0,25K,0,,F0,Unknown,0.1,33,,,,,32.03,-89.55,,,,,MS,1974-09-28 22:00:00,1974-09-28 22:00:00,True,True
,10047372,Mississippi,97,Montgomery,,1974-10-29 08:15:00,CST,1974-10-29 08:15:00,0,0,0,0,2.5K,0,,F2,Unknown,0.2,50,,,,,33.5,-89.8,,,,,MS,1974-10-29 08:15:00,1974-10-29 08:15:00,False,False
,10041252,Massachusetts,17,Middlesex,,1974-09-29 15:05:00,CST,1974-09-29 15:05:00,1,0,0,0,250K,0,,F3,Unknown,0.0,33,,,,,42.6,-71.23,42.62,-71.2,,,MA,1974-09-29 16:05:00,1974-09-29 16:05:00,True,True
,10067166,Nebraska,47,Dawson,,1974-04-20 15:22:00,CST,1974-04-20 15:22:00,0,0,0,0,2.5M,0,,F3,Unknown,27.3,880,,,,,41.43,-99.13,41.78,-98.88,,,NE,1974-04-20 16:22:00,1974-04-20 16:22:00,True,True
,10067168,Nebraska,129,Nuckolls,,1974-04-20 15:30:00,CST,1974-04-20 15:30:00,0,0,0,0,25K,0,,F3,Unknown,18.2,33,,,,,40.1,-97.93,40.32,-97.73,,,NE,1974-04-20 16:30:00,1974-04-20 16:30:00,True,True
,10067170,Nebraska,77,Greeley,,1974-04-20 15:55:00,CST,1974-04-20 15:55:00,0,0,0,0,250K,0,,F2,Unknown,24.0,33,,,,,41.48,-98.75,41.8,-98.55,,,NE,1974-04-20 16:55:00,1974-04-20 16:55:00,True,True
,10068317,Nebraska,185,York,,1974-05-25 10:36:00,CST,1974-05-25 10:36:00,0,0,0,0,2.5K,0,,F1,Unknown,0.0,33,,,,,41.0,-97.57,,,,,NE,1974-05-25 11:36:00,1974-05-25 11:36:00,True,True
,10066966,Nebraska,15,Boyd,,1974-06-21 19:00:00,CST,1974-06-21 19:00:00,0,0,0,0,2.5K,0,,F0,Unknown,0.0,33,,,,,42.9,-98.8,,,,,NE,1974-06-21 20:00:00,1974-06-21 20:00:00,True,True
,9981123,Arizona,13,Maricopa,,1974-08-24 21:05:00,CST,1974-08-24 21:05:00,0,0,0,0,2.5K,0,,F1,Unknown,0.1,10,,,,,33.47,-112.47,,,,,AZ,1974-08-24 21:05:00,1974-08-24 21:05:00,False,False
,9979417,Alabama,103,Morgan,,1974-04-03 17:45:00,CST,1974-04-03 17:45:00,56,0,0,0,0K,0,,F5,Unknown,4.1,500,,,,,34.65,-87.12,34.68,-87.07,,,AL,1974-04-03 18:45:00,1974-04-03 18:45:00,True,True
,9979418,Alabama,125,Tuscaloosa,,1974-04-03 17:50:00,CST,1974-04-03 17:50:00,6,0,0,0,25M,0,,F4,Unknown,17.7,500,,,,,33.45,-87.83,33.62,-87.6,,,AL,1974-04-03 18:50:00,1974-04-03 18:50:00,True,True
,9979419,Alabama,83,Limestone,,1974-04-03 17:52:00,CST,1974-04-03 17:52:00,41,0,5,0,0K,0,,F5,Unknown,18.8,500,,,,,34.68,-87.07,34.8,-86.77,,,AL,1974-04-03 18:52:00,1974-04-03 18:52:00,True,True
,9979420,Alabama,19,Cherokee,,1974-04-03 18:00:00,CST,1974-04-03 18:00:00,9,0,0,0,250K,0,,F3,Unknown,20.9,100,,,,,34.05,-85.82,34.2,-85.5,,,AL,1974-04-03 19:00:00,1974-04-03 19:00:00,True,True
,10056893,Missouri,135,Moniteau,,1974-08-13 16:50:00,CST,1974-08-13 16:50:00,0,0,0,0,25K,0,,F0,Unknown,0.0,33,,,,,38.6,-92.73,,,,,MO,1974-08-13 17:50:00,1974-08-13 17:50:00,True,True
,9981120,Arizona,15,Mohave,,1974-08-06 12:20:00,CST,1974-08-06 12:20:00,0,0,0,0,0K,0,,F1,Unknown,1.0,20,,,,,35.95,-113.57,,,,,AZ,1974-08-06 12:20:00,1974-08-06 12:20:00,False,False
,9989328,Colorado,3,Alamosa,,1974-03-23 17:36:00,CST,1974-03-23 17:36:00,0,0,0,0,0K,0,,F0,Unknown,0.1,20,,,,,37.53,-105.72,,,,,CO,1974-03-23 18:36:00,1974-03-23 18:36:00,True,True
,9989329,Colorado,37,Eagle,,1974-04-06 14:35:00,CST,1974-04-06 14:35:00,0,0,0,0,25K,0,,F1,Unknown,0.1,33,,,,,39.67,-106.82,,,,,CO,1974-04-06 15:35:00,1974-04-06 15:35:00,True,True
,10056894,Missouri,135,Moniteau,,1974-08-13 16:55:00,CST,1974-08-13 16:55:00,0,0,0,0,25K,0,,F0,Unknown,0.0,33,,,,,38.65,-92.7,,,,,MO,1974-08-13 17:55:00,1974-08-13 17:55:00,True,True
,10066630,Nebraska,135,Perkins,,1974-07-27 17:15:00,CST,1974-07-27 17:15:00,0,0,0,0,0K,0,,F0,Unknown,2.0,33,,,,,40.87,-101.72,,,,,NE,1974-07-27 18:15:00,1974-07-27 18:15:00,True,True
,9981101,Arizona,19,Pima,,1974-06-17 17:35:00,CST,1974-06-17 17:35:00,0,0,0,0,0K,0,,F0,Unknown,0.5,30,,,,,31.83,-111.42,,,,,AZ,1974-06-17 17:35:00,1974-06-17 17:35:00,False,False
,9981103,Arizona,19,Pima,,1974-06-23 16:45:00,CST,1974-06-23 16:45:00,40,0,1,0,250K,0,,F1,Unknown,1.0,50,,,,,32.12,-111.03,,,,,AZ,1974-06-23 16:45:00,1974-06-23 16:45:00,False,False
,9981105,Arizona,3,Cochise,,1974-06-24 18:50:00,CST,1974-06-24 18:50:00,0,0,0,0,0K,0,,F0,Unknown,1.0,20,,,,,31.47,-109.7,,,,,AZ,1974-06-24 18:50:00,1974-06-24 18:50:00,False,False
,9988551,Colorado,57,Jackson,,1974-05-10 16:30:00,CST,1974-05-10 16:30:00,0,0,0,0,0K,0,,F1,Unknown,0.3,33,,,,,40.38,-106.18,,,,,CO,1974-05-10 17:30:00,1974-05-10 17:30:00,True,True
,9988554,Colorado,5,Arapahoe,,1974-05-24 14:36:00,CST,1974-05-24 14:36:00,0,0,0,0,0K,0,,F1,Unknown,2.5,27,,,,,39.67,-104.58,,,,,CO,1974-05-24 15:36:00,1974-05-24 15:36:00,True,True
,9988555,Colorado,5,Arapahoe,,1974-05-24 14:45:00,CST,1974-05-24 14:45:00,0,0,0,0,0K,0,,F0,Unknown,0.1,20,,,,,39.63,-104.32,,,,,CO,1974-05-24 15:45:00,1974-05-24 15:45:00,True,True
,10067141,Nebraska,41,Custer,,1974-04-11 14:25:00,CST,1974-04-11 14:25:00,0,0,0,0,25K,0,,F0,Unknown,0.0,33,,,,,41.47,-99.45,,,,,NE,1974-04-11 15:25:00,1974-04-11 15:25:00,True,True
,10068299,Nebraska,31,Cherry,,1974-05-19 18:45:00,CST,1974-05-19 18:45:00,0,0,0,0,2.5K,0,,F0,Unknown,0.0,33,,,,,42.93,-101.13,,,,,NE,1974-05-19 19:45:00,1974-05-19 19:45:00,True,True
,10068311,Nebraska,171,Thomas,,1974-05-20 15:30:00,CST,1974-05-20 15:30:00,0,0,0,0,2.5K,0,,F1,Unknown,0.0,33,,,,,41.98,-100.5,,,,,NE,1974-05-20 16:30:00,1974-05-20 16:30:00,True,True
,10068313,Nebraska,41,Custer,,1974-05-20 19:47:00,CST,1974-05-20 19:47:00,0,0,0,0,0K,0,,F0,Unknown,0.0,33,,,,,41.7,-99.45,,,,,NE,1974-05-20 20:47:00,1974-05-20 20:47:00,True,True
,10001623,Florida,105,Polk,,1974-04-16 16:00:00,CST,1974-04-16 16:00:00,2,0,0,0,25K,0,,F0,Unknown,0.5,10,,,,,27.9,-81.7,,,,,FL,1974-04-16 17:00:00,1974-04-16 17:00:00,True,True
,10022287,Kansas,195,Trego,,1974-06-05 17:15:00,CST,1974-06-05 17:15:00,0,0,0,0,250K,0,,F2,Unknown,17.7,70,,,,,39.0,-99.7,39.0,-99.37,,,KS,1974-06-05 18:15:00,1974-06-05 18:15:00,True,True
,10030096,Kentucky,235,Whitley,,1974-04-03 21:40:00,CST,1974-04-03 21:40:00,0,0,0,0,0K,0,,F2,Unknown,0.0,33,,,,,36.85,-84.3,36.87,-84.28,,,KY,1974-04-03 22:40:00,1974-04-03 22:40:00,True,True
,10030097,Kentucky,207,Russell,,1974-04-03 22:30:00,CST,1974-04-03 22:30:00,0,0,0,0,0K,0,,F3,Unknown,28.8,33,,,,,37.02,-84.87,37.25,-84.43,,,KY,1974-04-03 23:30:00,1974-04-03 23:30:00,True,True
,9993457,Georgia,313,Whitfield,,1974-01-11 04:45:00,CST,1974-01-11 04:45:00,0,0,0,0,25K,0,,F1,Unknown,0.0,33,,,,,34.77,-84.95,,,,,GA,1974-01-11 05:45:00,1974-01-11 05:45:00,True,True
,9993458,Georgia,193,Macon,,1974-01-11 10:25:00,CST,1974-01-11 10:25:00,0,0,0,0,25K,0,,F1,Unknown,0.5,60,,,,,32.3,-84.03,,,,,GA,1974-01-11 11:25:00,1974-01-11 11:25:00,True,True
,9993459,Georgia,99,Early,,1974-01-20 17:00:00,CST,1974-01-20 17:00:00,0,0,0,0,25K,0,,F1,Unknown,0.0,33,,,,,31.38,-84.95,,,,,GA,1974-01-20 18:00:00,1974-01-20 18:00:00,True,True
,9993460,Georgia,37,Calhoun,,1974-01-20 17:30:00,CST,1974-01-20 17:30:00,1,0,0,0,25K,0,,F1,Unknown,0.0,60,,,,,31.43,-84.73,,,,,GA,1974-01-20 18:30:00,1974-01-20 18:30:00,True,True
,10094719,Oklahoma,121,Pittsburg,,1974-04-11 05:50:00,CST,1974-04-11 05:50:00,2,0,0,0,25K,0,,F0,Unknown,11.9,333,,,,,35.1,-95.78,35.18,-95.6,,,OK,1974-04-11 06:50:00,1974-04-11 06:50:00,True,True
,10010192,Illinois,115,Macon,,1974-06-08 18:55:00,CST,1974-06-08 18:55:00,0,0,0,0,0K,0,,F0,Unknown,0.0,33,,,,,39.98,-88.88,,,,,IL,1974-06-08 19:55:00,1974-06-08 19:55:00,True,True
,9993470,Georgia,37,Calhoun,,1974-02-19 05:30:00,CST,1974-02-19 05:30:00,1,0,0,0,2.5M,0,,F1,Unknown,1.0,150,,,,,31.57,-84.75,,,,,GA,1974-02-19 06:30:00,1974-02-19 06:30:00,True,True
,10014511,Iowa,137,Montgomery,,1974-05-13 16:30:00,CST,1974-05-13 16:30:00,0,0,0,0,250K,0,,F3,Unknown,10.9,20,,,,,41.13,-95.07,41.22,-94.88,,,IA,1974-05-13 17:30:00,1974-05-13 17:30:00,True,True
,10094722,Oklahoma,51,Grady,,1974-04-20 15:00:00,CST,1974-04-20 15:00:00,0,0,0,0,2.5M,0,,F3,Unknown,11.1,100,,,,,35.27,-97.93,35.32,-97.75,,,OK,1974-04-20 16:00:00,1974-04-20 16:00:00,True,True
,10094723,Oklahoma,17,Canadian,,1974-04-20 15:25:00,CST,1974-04-20 15:25:00,0,0,0,0,2.5M,0,,F3,Unknown,5.2,100,,,,,35.32,-97.75,35.35,-97.67,,,OK,1974-04-20 16:25:00,1974-04-20 16:25:00,True,True
,10030088,Kentucky,231,Wayne,,1974-04-03 19:50:00,CST,1974-04-03 19:50:00,0,0,0,0,0K,0,,F4,Unknown,3.8,33,,,,,36.62,-84.95,36.63,-84.88,,,KY,1974-04-03 20:50:00,1974-04-03 20:50:00,True,True
,10030089,Kentucky,125,Laurel,,1974-04-03 19:55:00,CST,1974-04-03 19:55:00,22,0,0,0,2.5M,0,,F2,Unknown,17.5,33,,,,,36.97,-84.12,37.18,-83.95,,,KY,1974-04-03 20:55:00,1974-04-03 20:55:00,True,True
,10030090,Kentucky,199,Pulaski,,1974-04-03 20:00:00,CST,1974-04-03 20:00:00,5,0,0,0,2.5M,0,,F3,Unknown,5.1,33,,,,,36.88,-84.6,36.93,-84.53,,,KY,1974-04-03 21:00:00,1974-04-03 21:00:00,True,True
,10030091,Kentucky,51,Clay,,1974-04-03 20:15:00,CST,1974-04-03 20:15:00,0,0,0,0,2.5M,0,,F2,Unknown,2.3,33,,,,,37.18,-83.95,37.22,-83.92,,,KY,1974-04-03 21:15:00,1974-04-03 21:15:00,True,True
,10030092,Kentucky,231,Wayne,,1974-04-03 21:00:00,CST,1974-04-03 21:00:00,0,0,0,0,0K,0,,F4,Unknown,3.6,33,,,,,36.63,-84.78,36.67,-84.73,,,KY,1974-04-03 22:00:00,1974-04-03 22:00:00,True,True
,10030093,Kentucky,147,Mccreary,,1974-04-03 21:15:00,CST,1974-04-03 21:15:00,0,0,0,0,0K,0,,F4,Unknown,12.5,33,,,,,36.67,-84.73,36.75,-84.53,,,KY,1974-04-03 21:15:00,1974-04-03 21:15:00,False,False
,10030095,Kentucky,147,Mccreary,,1974-04-03 21:30:00,CST,1974-04-03 21:30:00,0,0,0,0,0K,0,,F2,Unknown,8.0,33,,,,,36.8,-84.43,36.85,-84.3,,,KY,1974-04-03 21:30:00,1974-04-03 21:30:00,False,False
,10016520,Indiana,127,Porter,,1974-06-20 19:20:00,CST,1974-06-20 19:20:00,0,0,0,0,25K,0,,F1,Unknown,0.5,27,,,,,41.32,-87.2,,,,,IN,1974-06-20 20:20:00,1974-06-20 20:20:00,True,True
,9993463,Georgia,31,Bulloch,,1974-01-29 16:30:00,CST,1974-01-29 16:30:00,0,0,0,0,0K,0,,F0,Unknown,0.0,100,,,,,20.85,-156.0,,,,,GA,1974-01-29 17:30:00,1974-01-29 17:30:00,True,True
,9993464,Georgia,185,Lowndes,,1974-01-30 04:30:00,CST,1974-01-30 04:30:00,0,0,0,0,25K,0,,F1,Unknown,0.5,60,,,,,30.83,-83.28,,,,,GA,1974-01-30 05:30:00,1974-01-30 05:30:00,True,True
,9993465,Georgia,63,Clayton,,1974-02-02 17:00:00,CST,1974-02-02 17:00:00,0,0,0,0,25K,0,,F0,Unknown,0.1,50,,,,,33.62,-84.37,,,,,GA,1974-02-02 18:00:00,1974-02-02 18:00:00,True,True
,10012247,Iowa,91,Humboldt,,1974-06-09 11:30:00,CST,1974-06-09 11:30:00,0,0,0,0,25K,0,,F1,Unknown,2.0,100,,,,,42.72,-94.13,,,,,IA,1974-06-09 12:30:00,1974-06-09 12:30:00,True,True
,10012248,Iowa,109,Kossuth,,1974-06-09 12:30:00,CST,1974-06-09 12:30:00,0,0,0,0,250K,0,,F2,Unknown,0.0,33,,,,,43.08,-94.02,,,,,IA,1974-06-09 13:30:00,1974-06-09 13:30:00,True,True
,10124038,Tennessee,43,Dickson,,1974-04-01 18:45:00,CST,1974-04-01 18:45:00,0,0,0,0,250K,0,,F1,Unknown,2.0,200,,,,,36.08,-87.4,,,,,TN,1974-04-01 19:45:00,1974-04-01 19:45:00,True,True
,10124040,Tennessee,37,Davidson,,1974-04-01 19:10:00,CST,1974-04-01 19:10:00,12,0,1,0,2.5K,0,,F2,Unknown,10.9,440,,,,,36.12,-86.85,36.2,-86.68,,,TN,1974-04-01 20:10:00,1974-04-01 20:10:00,True,True
,10124045,Tennessee,189,Wilson,,1974-04-01 19:45:00,CST,1974-04-01 19:45:00,4,0,0,0,2.5M,0,,F1,Unknown,13.1,100,,,,,36.2,-86.53,36.22,-86.3,,,TN,1974-04-01 20:45:00,1974-04-01 20:45:00,True,True
,10124050,Tennessee,11,Bradley,,1974-04-03 13:05:00,CST,1974-04-03 13:05:00,100,0,1,0,250K,0,,F3,Unknown,15.4,350,,,,,35.1,-84.92,35.23,-84.7,,,TN,1974-04-03 14:05:00,1974-04-03 14:05:00,True,True
,10124051,Tennessee,139,Polk,,1974-04-03 13:15:00,CST,1974-04-03 13:15:00,0,0,0,0,2.5K,0,,F3,Unknown,2.7,350,,,,,35.23,-84.7,35.25,-84.67,,,TN,1974-04-03 14:15:00,1974-04-03 14:15:00,True,True
,10124052,Tennessee,9,Blount,,1974-04-03 14:00:00,CST,1974-04-03 14:00:00,2,0,0,0,250K,0,,F2,Unknown,0.5,50,,,,,35.78,-83.92,,,,,TN,1974-04-03 15:00:00,1974-04-03 15:00:00,True,True
,10124053,Tennessee,107,Mcminn,,1974-04-03 14:30:00,CST,1974-04-03 14:30:00,32,0,1,0,2.5K,0,,F1,Unknown,3.6,27,,,,,35.33,-84.57,35.33,-84.5,,,TN,1974-04-03 14:30:00,1974-04-03 14:30:00,False,False
,10124054,Tennessee,65,Hamilton,,1974-04-03 14:50:00,CST,1974-04-03 14:50:00,2,0,0,0,25K,0,,F1,Unknown,5.9,27,,,,,35.25,-85.02,35.3,-84.93,,,TN,1974-04-03 15:50:00,1974-04-03 15:50:00,True,True
,10081844,New Mexico,41,Roosevelt,,1974-05-17 19:35:00,CST,1974-05-17 19:35:00,0,0,0,0,0K,0,,F0,Unknown,0.0,33,,,,,34.18,-103.3,,,,,NM,1974-05-17 20:35:00,1974-05-17 20:35:00,True,True
,10081846,New Mexico,37,Quay,,1974-05-24 17:21:00,CST,1974-05-24 17:21:00,0,0,0,0,2.5K,0,,F0,Unknown,0.0,33,,,,,35.17,-103.73,,,,,NM,1974-05-24 18:21:00,1974-05-24 18:21:00,True,True
,10081848,New Mexico,47,San Miguel,,1974-06-03 17:30:00,CST,1974-06-03 17:30:00,0,0,0,0,25K,0,,F1,Unknown,0.0,33,,,,,35.87,-104.18,,,,,NM,1974-06-03 18:30:00,1974-06-03 18:30:00,True,True
,10125424,Tennessee,167,Tipton,,1974-06-07 11:30:00,CST,1974-06-07 11:30:00,1,0,1,0,25K,0,,F1,Unknown,0.3,100,,,,,35.57,-89.65,,,,,TN,1974-06-07 12:30:00,1974-06-07 12:30:00,True,True
,10114584,Pennsylvania,71,Lancaster,,1974-08-17 13:30:00,CST,1974-08-17 13:30:00,0,0,0,0,25K,0,,F2,Unknown,0.7,33,,,,,39.95,-76.1,,,,,PA,1974-08-17 14:30:00,1974-08-17 14:30:00,True,True
,10008054,Illinois,29,Coles,,1974-08-13 15:03:00,UNK,1974-08-13 15:03:00,0,0,0,0,0K,0,,F0,Unknown,0.0,33,,,,,39.45,-88.15,,,,,IL,1974-08-13 16:03:00,1974-08-13 16:03:00,True,True
,10008061,Illinois,155,Putnam,,1974-09-12 15:30:00,CST,1974-09-12 15:30:00,0,0,0,0,25K,0,,F2,Unknown,0.3,600,,,,,41.18,-89.17,,,,,IL,1974-09-12 16:30:00,1974-09-12 16:30:00,True,True
,10008062,Illinois,99,La Salle,,1974-09-12 15:34:00,CST,1974-09-12 15:34:00,0,0,0,0,2.5K,0,,F2,Unknown,0.0,33,,,,,41.28,-89.07,,,,,IL,1974-09-12 16:34:00,1974-09-12 16:34:00,True,True
,10015583,Iowa,57,Des Moines,,1974-05-13 21:30:00,CST,1974-05-13 21:30:00,0,0,0,0,25K,0,,F1,Unknown,0.0,33,,,,,40.9,-91.27,,,,,IA,1974-05-13 22:30:00,1974-05-13 22:30:00,True,True
,10015584,Iowa,163,Scott,,1974-05-13 21:40:00,CST,1974-05-13 21:40:00,0,0,0,0,25K,0,,F1,Unknown,0.0,77,,,,,41.55,-90.7,,,,,IA,1974-05-13 22:40:00,1974-05-13 22:40:00,True,True
,10015585,Iowa,57,Des Moines,,1974-05-13 22:00:00,CST,1974-05-13 22:00:00,0,0,0,0,250K,0,,F2,Unknown,1.0,50,,,,,41.0,-91.15,,,,,IA,1974-05-13 23:00:00,1974-05-13 23:00:00,True,True
,10015586,Iowa,163,Scott,,1974-05-13 22:00:00,CST,1974-05-13 22:00:00,0,0,0,0,2.5M,0,,F3,Unknown,3.6,100,,,,,41.62,-90.6,41.67,-90.55,,,IA,1974-05-13 23:00:00,1974-05-13 23:00:00,True,True
,10008048,Illinois,161,Rock Island,,1974-08-12 18:50:00,CST,1974-08-12 18:50:00,0,0,0,0,0K,0,,F0,Unknown,0.0,33,,,,,41.58,-90.28,,,,,IL,1974-08-12 19:50:00,1974-08-12 19:50:00,True,True
,10008053,Illinois,29,Coles,,1974-08-13 14:10:00,CST,1974-08-13 14:10:00,0,0,0,0,0K,0,,F0,Unknown,0.0,33,,,,,39.65,-88.03,,,,,IL,1974-08-13 15:10:00,1974-08-13 15:10:00,True,True
,10009054,Illinois,19,Champaign,,1974-04-03 14:55:00,CST,1974-04-03 14:55:00,0,0,0,0,250K,0,,F3,Unknown,14.9,350,,,,,39.95,-88.07,40.12,-87.88,,,IL,1974-04-03 15:55:00,1974-04-03 15:55:00,True,True
,10009056,Illinois,183,Vermilion,,1974-04-03 15:25:00,CST,1974-04-03 15:25:00,12,0,0,0,2.5M,0,,F2,Unknown,7.8,177,,,,,40.25,-87.63,40.35,-87.55,,,IL,1974-04-03 16:25:00,1974-04-03 16:25:00,True,True
,10021341,Kansas,157,Republic,,1974-04-19 16:45:00,CST,1974-04-19 16:45:00,0,0,0,0,2.5K,0,,F1,Unknown,13.9,17,,,,,39.78,-97.78,39.97,-97.67,,,KS,1974-04-19 17:45:00,1974-04-19 17:45:00,True,True
,10021342,Kansas,29,Cloud,,1974-04-19 16:50:00,CST,1974-04-19 16:50:00,0,0,0,0,2.5K,0,,F1,Unknown,0.1,17,,,,,39.57,-97.62,,,,,KS,1974-04-19 17:50:00,1974-04-19 17:50:00,True,True
,10021344,Kansas,95,Kingman,,1974-04-20 00:05:00,CST,1974-04-20 00:05:00,0,0,0,0,.03K,0,,F0,Unknown,41.3,33,,,,,37.5,-97.92,38.08,-97.75,,,KS,1974-04-20 01:05:00,1974-04-20 01:05:00,True,True
,10021345,Kansas,77,Harper,,1974-04-20 09:30:00,CST,1974-04-20 09:30:00,0,0,0,0,.03K,0,,F0,Unknown,0.3,17,,,,,37.25,-98.25,,,,,KS,1974-04-20 10:30:00,1974-04-20 10:30:00,True,True
,10125409,Tennessee,107,Mcminn,,1974-04-08 11:15:00,CST,1974-04-08 11:15:00,1,0,0,0,250K,0,,F3,Unknown,2.0,440,,,,,35.43,-84.62,,,,,TN,1974-04-08 11:15:00,1974-04-08 11:15:00,False,False
,10009057,Illinois,29,Coles,,1974-04-03 15:30:00,CST,1974-04-03 15:30:00,0,0,0,0,25K,0,,F1,Unknown,14.8,90,,,,,39.45,-88.37,39.52,-88.1,,,IL,1974-04-03 16:30:00,1974-04-03 16:30:00,True,True
,10010174,Illinois,79,Jasper,,1974-05-30 17:27:00,CST,1974-05-30 17:27:00,0,0,0,0,2.5K,0,,F1,Unknown,0.0,33,,,,,38.9,-88.17,,,,,IL,1974-05-30 18:27:00,1974-05-30 18:27:00,True,True
,10010175,Illinois,33,Crawford,,1974-05-30 17:27:00,CST,1974-05-30 17:27:00,0,0,0,0,2.5K,0,,F2,Unknown,0.0,33,,,,,39.08,-87.62,,,,,IL,1974-05-30 18:27:00,1974-05-30 18:27:00,True,True
,10010176,Illinois,33,Crawford,,1974-05-30 17:45:00,CST,1974-05-30 17:45:00,0,0,0,0,2.5K,0,,F0,Unknown,0.0,33,,,,,38.75,-87.85,,,,,IL,1974-05-30 18:45:00,1974-05-30 18:45:00,True,True
,10010179,Illinois,185,Wabash,,1974-05-30 18:05:00,CST,1974-05-30 18:05:00,0,0,0,0,0K,0,,F0,Unknown,0.0,33,,,,,38.52,-87.77,,,,,IL,1974-05-30 19:05:00,1974-05-30 19:05:00,True,True
,10001625,Florida,121,Suwannee,,1974-05-04 14:38:00,CST,1974-05-04 14:38:00,0,0,0,0,2.5M,0,,F1,Unknown,2.0,20,,,,,30.38,-82.98,,,,,FL,1974-05-04 15:38:00,1974-05-04 15:38:00,True,True
,10001627,Florida,105,Polk,,1974-05-06 07:50:00,CST,1974-05-06 07:50:00,0,0,0,0,2.5K,0,,F1,Unknown,2.0,20,,,,,28.02,-81.9,,,,,FL,1974-05-06 08:50:00,1974-05-06 08:50:00,True,True
,10010185,Illinois,41,Douglas,,1974-06-06 17:25:00,CST,1974-06-06 17:25:00,0,0,0,0,2.5K,0,,F2,Unknown,3.3,33,,,,,39.83,-88.28,39.87,-88.23,,,IL,1974-06-06 18:25:00,1974-06-06 18:25:00,True,True
,10010189,Illinois,25,Clay,,1974-06-08 15:50:00,CST,1974-06-08 15:50:00,0,0,0,0,0K,0,,F0,Unknown,0.0,33,,,,,38.67,-88.48,,,,,IL,1974-06-08 16:50:00,1974-06-08 16:50:00,True,True
,10010190,Illinois,193,White,,1974-06-08 15:55:00,CST,1974-06-08 15:55:00,0,0,0,0,0K,0,,F0,Unknown,0.0,33,,,,,38.05,-88.2,,,,,IL,1974-06-08 16:55:00,1974-06-08 16:55:00,True,True
,10010191,Illinois,143,Peoria,,1974-06-08 17:15:00,CST,1974-06-08 17:15:00,0,0,0,0,0K,0,,F0,Unknown,0.0,33,,,,,40.72,-89.58,,,,,IL,1974-06-08 18:15:00,1974-06-08 18:15:00,True,True
,10008427,Illinois,165,Saline,,1974-03-09 17:45:00,CST,1974-03-09 17:45:00,0,0,0,0,0K,0,,F0,Unknown,0.0,33,,,,,37.87,-88.58,,,,,IL,1974-03-09 18:45:00,1974-03-09 18:45:00,True,True
,10009160,Illinois,119,Madison,,1974-08-10 13:25:00,CST,1974-08-10 13:25:00,0,0,0,0,0K,0,,F0,Unknown,0.0,33,,,,,38.9,-89.78,,,,,IL,1974-08-10 14:25:00,1974-08-10 14:25:00,True,True
,10009161,Illinois,115,Macon,,1974-08-10 13:40:00,CST,1974-08-10 13:40:00,0,0,0,0,.25K,0,,F0,Unknown,0.0,33,,,,,39.85,-89.17,,,,,IL,1974-08-10 14:40:00,1974-08-10 14:40:00,True,True
,10009162,Illinois,135,Montgomery,,1974-08-10 13:50:00,CST,1974-08-10 13:50:00,0,0,0,0,2.5K,0,,F2,Unknown,2.7,20,,,,,39.15,-89.65,,,,,IL,1974-08-10 14:50:00,1974-08-10 14:50:00,True,True
,10009163,Illinois,49,Effingham,,1974-08-10 14:20:00,CST,1974-08-10 14:20:00,0,0,0,0,.03K,0,,F0,Unknown,0.0,33,,,,,39.08,-88.5,,,,,IL,1974-08-10 15:20:00,1974-08-10 15:20:00,True,True
,10009164,Illinois,141,Ogle,,1974-08-10 14:29:00,CST,1974-08-10 14:29:00,0,0,0,0,0K,0,,F0,Unknown,0.0,33,,,,,42.13,-89.6,,,,,IL,1974-08-10 15:29:00,1974-08-10 15:29:00,True,True
,10009165,Illinois,115,Macon,,1974-08-10 14:30:00,CST,1974-08-10 14:30:00,0,0,0,0,0K,0,,F0,Unknown,0.0,33,,,,,39.87,-88.98,,,,,IL,1974-08-10 15:30:00,1974-08-10 15:30:00,True,True
,10009166,Illinois,115,Macon,,1974-08-10 14:30:00,CST,1974-08-10 14:30:00,0,0,0,0,0K,0,,F0,Unknown,0.0,33,,,,,39.87,-88.98,,,,,IL,1974-08-10 15:30:00,1974-08-10 15:30:00,True,True
,10009167,Illinois,115,Macon,,1974-08-10 14:45:00,CST,1974-08-10 14:45:00,0,0,0,0,0K,0,,F0,Unknown,0.0,33,,,,,39.88,-89.02,,,,,IL,1974-08-10 15:45:00,1974-08-10 15:45:00,True,True
,10009168,Illinois,115,Macon,,1974-08-10 14:45:00,CST,1974-08-10 14:45:00,0,0,0,0,0K,0,,F0,Unknown,0.0,33,,,,,39.88,-88.97,,,,,IL,1974-08-10 15:45:00,1974-08-10 15:45:00,True,True
,10009169,Illinois,115,Macon,,1974-08-10 15:00:00,CST,1974-08-10 15:00:00,0,0,0,0,0K,0,,F0,Unknown,0.0,33,,,,,39.85,-89.03,,,,,IL,1974-08-10 16:00:00,1974-08-10 16:00:00,True,True
,10009170,Illinois,115,Macon,,1974-08-10 15:00:00,CST,1974-08-10 15:00:00,0,0,0,0,0K,0,,F0,Unknown,0.0,33,,,,,39.93,-88.9,,,,,IL,1974-08-10 16:00:00,1974-08-10 16:00:00,True,True
,10009171,Illinois,115,Macon,,1974-08-10 15:20:00,CST,1974-08-10 15:20:00,0,0,0,0,0K,0,,F0,Unknown,0.0,33,,,,,39.87,-88.8,,,,,IL,1974-08-10 16:20:00,1974-08-10 16:20:00,True,True
,10009172,Illinois,139,Moultrie,,1974-08-10 15:20:00,CST,1974-08-10 15:20:00,0,0,0,0,0K,0,,F0,Unknown,0.0,33,,,,,39.72,-88.8,,,,,IL,1974-08-10 16:20:00,1974-08-10 16:20:00,True,True
,10009173,Illinois,29,Coles,,1974-08-10 15:30:00,CST,1974-08-10 15:30:00,0,0,0,0,0K,0,,F0,Unknown,0.0,33,,,,,39.4,-88.27,,,,,IL,1974-08-10 16:30:00,1974-08-10 16:30:00,True,True
,10009174,Illinois,29,Coles,,1974-08-10 15:35:00,CST,1974-08-10 15:35:00,0,0,0,0,0K,0,,F0,Unknown,0.0,33,,,,,39.4,-88.37,,,,,IL,1974-08-10 16:35:00,1974-08-10 16:35:00,True,True
,10009175,Illinois,79,Jasper,,1974-08-10 15:35:00,CST,1974-08-10 15:35:00,0,0,0,0,25K,0,,F3,Unknown,0.0,33,,,,,39.1,-88.33,,,,,IL,1974-08-10 16:35:00,1974-08-10 16:35:00,True,True
,10001400,Florida,129,Wakulla,,1974-03-21 09:25:00,CST,1974-03-21 09:25:00,0,0,0,0,250K,0,,F1,Unknown,4.3,33,,,,,30.08,-84.5,30.05,-84.45,,,FL,1974-03-21 10:25:00,1974-03-21 10:25:00,True,True
,10001401,Florida,23,Columbia,,1974-03-21 11:30:00,CST,1974-03-21 11:30:00,1,0,0,0,25K,0,,F2,Unknown,3.6,200,,,,,30.33,-82.77,30.33,-82.72,,,FL,1974-03-21 12:30:00,1974-03-21 12:30:00,True,True
,10113301,South Dakota,55,Haakon,,1974-05-19 17:00:00,CST,1974-05-19 17:00:00,0,0,0,0,2.5K,0,,F2,Unknown,2.7,33,,,,,44.27,-101.32,44.3,-101.25,,,SD,1974-05-19 18:00:00,1974-05-19 18:00:00,True,True
,10113302,South Dakota,55,Haakon,,1974-05-19 17:20:00,CST,1974-05-19 17:20:00,0,0,0,0,2.5K,0,,F1,Unknown,0.0,33,,,,,44.32,-101.77,44.33,-101.72,,,SD,1974-05-19 18:20:00,1974-05-19 18:20:00,True,True
,10113303,South Dakota,55,Haakon,,1974-05-19 17:20:00,CST,1974-05-19 17:20:00,0,0,0,0,2.5K,0,,F1,Unknown,1.3,33,,,,,44.28,-101.67,44.3,-101.62,,,SD,1974-05-19 18:20:00,1974-05-19 18:20:00,True,True
,10113304,South Dakota,117,Stanley,,1974-05-19 17:20:00,CST,1974-05-19 17:20:00,0,0,0,0,0K,0,,F2,Unknown,5.6,33,,,,,44.35,-101.02,44.42,-100.93,,,SD,1974-05-19 18:20:00,1974-05-19 18:20:00,True,True
,10113305,South Dakota,95,Mellette,,1974-05-19 20:45:00,CST,1974-05-19 20:45:00,0,0,0,0,250K,0,,F1,Unknown,0.0,33,,,,,43.47,-100.48,,,,,SD,1974-05-19 21:45:00,1974-05-19 21:45:00,True,True
,9994575,Georgia,87,Decatur,,1974-05-11 15:30:00,CST,1974-05-11 15:30:00,0,0,0,0,250K,0,,F1,Unknown,1.0,50,,,,,30.97,-84.68,,,,,GA,1974-05-11 16:30:00,1974-05-11 16:30:00,True,True
,9994577,Georgia,267,Tattnall,,1974-05-12 02:45:00,CST,1974-05-12 02:45:00,7,0,2,0,2.5M,0,,F2,Unknown,9.4,100,,,,,31.93,-81.93,31.98,-81.78,,,GA,1974-05-12 03:45:00,1974-05-12 03:45:00,True,True
,10092405,Oklahoma,27,Cleveland,,1974-02-18 14:48:00,CST,1974-02-18 14:48:00,0,0,0,0,0K,0,,F0,Unknown,0.1,17,,,,,35.07,-97.3,,,,,OK,1974-02-18 15:48:00,1974-02-18 15:48:00,True,True
,10023442,Kansas,173,Sedgwick,,1974-08-23 10:04:00,CST,1974-08-23 10:04:00,0,0,0,0,0K,0,,F1,Unknown,0.1,20,,,,,37.5,-97.3,,,,,KS,1974-08-23 11:04:00,1974-08-23 11:04:00,True,True
,10023443,Kansas,167,Russell,,1974-08-30 17:00:00,CST,1974-08-30 17:00:00,0,0,0,0,25K,0,,F2,Unknown,4.7,67,,,,,38.73,-98.92,38.77,-98.83,,,KS,1974-08-30 18:00:00,1974-08-30 18:00:00,True,True
,10023444,Kansas,9,Barton,,1974-08-30 17:30:00,CST,1974-08-30 17:30:00,0,0,0,0,25K,0,,F1,Unknown,0.1,50,,,,,38.63,-99.0,,,,,KS,1974-08-30 18:30:00,1974-08-30 18:30:00,True,True
,10023446,Kansas,145,Pawnee,,1974-08-30 17:50:00,CST,1974-08-30 17:50:00,0,0,0,0,25K,0,,F2,Unknown,7.7,200,,,,,38.35,-99.25,38.25,-99.18,,,KS,1974-08-30 18:50:00,1974-08-30 18:50:00,True,True
,10092973,Oklahoma,41,Delaware,,1974-06-08 21:14:00,CST,1974-06-08 21:14:00,0,0,0,0,250K,0,,F3,Unknown,2.7,150,,,,,36.37,-94.9,36.38,-94.85,,,OK,1974-06-08 22:14:00,1974-06-08 22:14:00,True,True
,10092974,Oklahoma,35,Craig,,1974-06-08 21:30:00,CST,1974-06-08 21:30:00,0,0,0,0,2.5M,0,,F2,Unknown,3.8,100,,,,,36.6,-95.0,36.63,-94.95,,,OK,1974-06-08 22:30:00,1974-06-08 22:30:00,True,True
,10092975,Oklahoma,121,Pittsburg,,1974-06-08 22:24:00,CST,1974-06-08 22:24:00,0,0,0,0,0K,0,,F1,Unknown,1.0,67,,,,,35.12,-95.75,,,,,OK,1974-06-08 23:24:00,1974-06-08 23:24:00,True,True
,10092986,Oklahoma,27,Cleveland,,1974-08-01 15:40:00,CST,1974-08-01 15:40:00,0,0,0,0,250K,0,,F1,Unknown,1.0,50,,,,,35.35,-97.53,,,,,OK,1974-08-01 16:40:00,1974-08-01 16:40:00,True,True
,10023429,Kansas,165,Rush,,1974-08-17 16:30:00,CST,1974-08-17 16:30:00,0,0,0,0,25K,0,,F1,Unknown,13.6,50,,,,,38.62,-99.3,38.43,-99.2,,,KS,1974-08-17 17:30:00,1974-08-17 17:30:00,True,True
,10000551,Florida,37,Franklin,,1974-02-19 08:30:00,CST,1974-02-19 08:30:00,0,0,0,0,2.5K,0,,F0,Unknown,2.0,10,,,,,29.7,-85.18,,,,,FL,1974-02-19 09:30:00,1974-02-19 09:30:00,True,True
,10000552,Florida,103,Pinellas,,1974-02-19 15:30:00,CST,1974-02-19 15:30:00,2,0,0,0,2.5M,0,,F1,Unknown,6.4,167,,,,,28.08,-82.78,28.08,-82.68,,,FL,1974-02-19 16:30:00,1974-02-19 16:30:00,True,True
,10000554,Florida,57,Hillsborough,,1974-02-19 17:00:00,CST,1974-02-19 17:00:00,53,0,0,0,2.5M,0,,F1,Unknown,6.4,167,,,,,28.08,-82.68,28.08,-82.58,,,FL,1974-02-19 18:00:00,1974-02-19 18:00:00,True,True
,10000555,Florida,57,Hillsborough,,1974-02-19 17:10:00,CST,1974-02-19 17:10:00,0,0,0,0,2.5M,0,,F1,Unknown,10.9,167,,,,,28.08,-82.58,28.2,-82.47,,,FL,1974-02-19 18:10:00,1974-02-19 18:10:00,True,True
,10000556,Florida,101,Pasco,,1974-02-19 17:30:00,CST,1974-02-19 17:30:00,0,0,0,0,2.5M,0,,F1,Unknown,22.2,167,,,,,28.2,-82.47,28.43,-82.22,,,FL,1974-02-19 18:30:00,1974-02-19 18:30:00,True,True
,9994613,Georgia,143,Haralson,,1974-11-20 04:30:00,CST,1974-11-20 04:30:00,6,0,0,0,2.5M,0,,F1,Unknown,2.0,100,,,,,33.75,-85.28,,,,,GA,1974-11-20 04:30:00,1974-11-20 04:30:00,False,False
,9994615,Georgia,199,Meriwether,,1974-11-20 06:15:00,CST,1974-11-20 06:15:00,15,0,0,0,250K,0,,F1,Unknown,1.0,100,,,,,32.98,-84.58,,,,,GA,1974-11-20 06:15:00,1974-11-20 06:15:00,False,False
,9994620,Georgia,31,Bulloch,,1974-11-30 22:00:00,CST,1974-11-30 22:00:00,0,0,0,0,250K,0,,F1,Unknown,3.3,100,,,,,32.28,-81.72,32.28,-81.67,,,GA,1974-11-30 22:00:00,1974-11-30 22:00:00,False,False
,10053910,Mississippi,19,Choctaw,,1974-01-28 05:00:00,CST,1974-01-28 05:00:00,1,0,0,0,25K,0,,F2,Unknown,0.0,33,,,,,33.43,-89.13,,,,,MS,1974-01-28 06:00:00,1974-01-28 06:00:00,True,True
,10009039,Illinois,147,Piatt,,1974-04-03 14:10:00,CST,1974-04-03 14:10:00,0,0,0,0,2.5K,0,,F1,Unknown,10.9,20,,,,,40.22,-88.6,40.32,-88.43,,,IL,1974-04-03 15:10:00,1974-04-03 15:10:00,True,True
,10009044,Illinois,147,Piatt,,1974-04-03 14:25:00,CST,1974-04-03 14:25:00,0,0,0,0,2.5K,0,,F0,Unknown,3.3,20,,,,,39.8,-88.57,39.85,-88.53,,,IL,1974-04-03 15:25:00,1974-04-03 15:25:00,True,True
,10009107,Illinois,169,Schuyler,,1974-06-21 20:17:00,CST,1974-06-21 20:17:00,0,0,0,0,0K,0,,F1,Unknown,0.0,33,,,,,40.25,-90.67,,,,,IL,1974-06-21 21:17:00,1974-06-21 21:17:00,True,True
,10009112,Illinois,203,Woodford,,1974-06-22 07:08:00,CST,1974-06-22 07:08:00,0,0,0,0,25K,0,,F2,Unknown,0.8,100,,,,,40.65,-89.18,,,,,IL,1974-06-22 08:08:00,1974-06-22 08:08:00,True,True
,10163192,Puerto Rico,21,Laramie,,1974-08-30 02:00:00,CST,1974-08-30 02:00:00,0,0,0,0,250K,0,,F1,Unknown,2.0,50,,,,,18.25,-66.0,,,,,,1974-08-30 02:00:00,1974-08-30 02:00:00,False,False
,10032288,Kentucky,163,Meade,,1974-04-03 14:35:00,CST,1974-04-03 14:35:00,257,0,31,0,2.5M,0,,F5,Unknown,10.0,440,,,,,37.9,-86.3,38.0,-86.17,,,KY,1974-04-03 15:35:00,1974-04-03 15:35:00,True,True
,10001668,Florida,69,Lake,,1974-05-15 14:41:00,CST,1974-05-15 14:41:00,0,0,0,0,25K,0,,F1,Unknown,1.0,33,,,,,28.8,-81.87,,,,,FL,1974-05-15 15:41:00,1974-05-15 15:41:00,True,True
,10001669,Florida,69,Lake,,1974-05-15 14:45:00,CST,1974-05-15 14:45:00,0,0,0,0,0K,0,,F0,Unknown,0.1,10,,,,,28.78,-81.68,,,,,FL,1974-05-15 15:45:00,1974-05-15 15:45:00,True,True
,9998345,Florida,121,Suwannee,,1974-07-20 14:30:00,CST,1974-07-20 14:30:00,0,0,0,0,2.5K,0,,F0,Unknown,0.1,10,,,,,30.17,-82.98,,,,,FL,1974-07-20 15:30:00,1974-07-20 15:30:00,True,True
,9998348,Florida,85,Martin,,1974-07-22 14:20:00,CST,1974-07-22 14:20:00,0,0,0,0,25K,0,,F0,Unknown,0.1,10,,,,,27.2,-80.32,,,,,FL,1974-07-22 15:20:00,1974-07-22 15:20:00,True,True
,10103803,Oregon,45,Malheur,,1974-04-23 15:30:00,CST,1974-04-23 15:30:00,0,0,0,0,25K,0,,F1,Unknown,1.0,300,,,,,43.77,-117.1,,,,,OR,1974-04-23 16:30:00,1974-04-23 16:30:00,True,True
,10030107,Kentucky,111,Jefferson,,1974-05-29 22:28:00,CST,1974-05-29 22:28:00,0,0,0,0,25K,0,,F1,Unknown,0.0,33,,,,,38.12,-85.7,,,,,KY,1974-05-29 23:28:00,1974-05-29 23:28:00,True,True
,10030114,Kentucky,185,Oldham,,1974-06-22 18:20:00,CST,1974-06-22 18:20:00,0,0,0,0,25K,0,,F1,Unknown,6.2,33,,,,,38.42,-85.38,38.42,-85.27,,,KY,1974-06-22 19:20:00,1974-06-22 19:20:00,True,True
,10009035,Illinois,21,Christian,,1974-04-03 13:45:00,CST,1974-04-03 13:45:00,0,0,0,0,250K,0,,F1,Unknown,8.5,70,,,,,39.47,-89.2,39.57,-89.1,,,IL,1974-04-03 14:45:00,1974-04-03 14:45:00,True,True
,10009036,Illinois,115,Macon,,1974-04-03 13:45:00,CST,1974-04-03 13:45:00,0,0,0,0,2.5M,0,,F3,Unknown,2.7,350,,,,,39.93,-88.93,39.95,-88.88,,,IL,1974-04-03 14:45:00,1974-04-03 14:45:00,True,True
,10086976,Ohio,57,Greene,,1974-04-03 13:30:00,CST,1974-04-03 13:30:00,1150,0,36,0,250M,0,,F5,Unknown,20.4,533,,,,,39.63,-84.05,39.78,-83.72,,,OH,1974-04-03 14:30:00,1974-04-03 14:30:00,True,True
,10021382,Kansas,89,Jewell,,1974-05-10 18:20:00,CST,1974-05-10 18:20:00,0,0,0,0,2.5K,0,,F1,Unknown,9.4,20,,,,,39.9,-97.98,39.9,-97.8,,,KS,1974-05-10 19:20:00,1974-05-10 19:20:00,True,True
,10009052,Illinois,19,Champaign,,1974-04-03 14:48:00,CST,1974-04-03 14:48:00,0,0,1,0,250K,0,,F3,Unknown,5.9,70,,,,,39.98,-88.23,40.03,-88.13,,,IL,1974-04-03 15:48:00,1974-04-03 15:48:00,True,True
,10030400,Louisiana,9,Avoyelles,,1974-02-18 21:00:00,CST,1974-02-18 21:00:00,0,0,0,0,25K,0,,F2,Unknown,0.5,23,,,,,30.97,-91.98,,,,,LA,1974-02-18 22:00:00,1974-02-18 22:00:00,True,True
,10030404,Louisiana,39,Evangeline,,1974-02-21 08:50:00,CST,1974-02-21 08:50:00,0,0,0,0,2.5K,0,,F1,Unknown,0.2,33,,,,,30.63,-92.4,,,,,LA,1974-02-21 09:50:00,1974-02-21 09:50:00,True,True
,10030412,Louisiana,37,East Feliciana,,1974-02-21 15:14:00,CST,1974-02-21 15:14:00,0,0,0,0,25K,0,,F1,Unknown,5.7,17,,,,,30.88,-90.92,30.92,-90.83,,,LA,1974-02-21 16:14:00,1974-02-21 16:14:00,True,True
,10030413,Louisiana,51,Jefferson,,1974-02-21 15:30:00,CST,1974-02-21 15:30:00,0,0,0,0,25K,0,,F1,Unknown,1.0,13,,,,,30.02,-90.23,,,,,LA,1974-02-21 16:30:00,1974-02-21 16:30:00,True,True
,10017163,Indiana,77,Jefferson,,1974-04-03 14:30:00,CST,1974-04-03 14:30:00,175,0,10,0,0K,0,,F4,Unknown,25.0,1200,,,,,38.65,-85.58,38.92,-85.27,,,IN,1974-04-03 15:30:00,1974-04-03 15:30:00,True,True
,10017164,Indiana,65,Henry,,1974-04-03 14:35:00,CST,1974-04-03 14:35:00,0,0,0,0,25M,0,,F4,Unknown,1.3,100,,,,,40.05,-85.27,40.08,-85.25,,,IN,1974-04-03 15:35:00,1974-04-03 15:35:00,True,True
,10086964,Ohio,37,Darke,,1974-04-01 18:50:00,CST,1974-04-01 18:50:00,0,0,0,0,2.5K,0,,F0,Unknown,0.2,30,,,,,40.1,-84.63,,,,,OH,1974-04-01 19:50:00,1974-04-01 19:50:00,True,True
,10021355,Kansas,3,Anderson,,1974-04-20 16:30:00,CST,1974-04-20 16:30:00,0,0,0,0,25K,0,,F2,Unknown,1.0,200,,,,,38.28,-95.23,,,,,KS,1974-04-20 17:30:00,1974-04-20 17:30:00,True,True
,10030419,Louisiana,69,Natchitoches,,1974-03-20 20:15:00,CST,1974-03-20 20:15:00,18,0,0,0,250K,0,,F3,Unknown,23.1,77,,,,,31.58,-93.83,31.78,-92.97,,,LA,1974-03-20 21:15:00,1974-03-20 21:15:00,True,True
,10030420,Louisiana,127,Winn,,1974-03-20 20:30:00,CST,1974-03-20 20:30:00,0,0,0,0,0K,0,,F3,Unknown,20.0,200,,,,,31.82,-92.95,31.92,-92.67,,,LA,1974-03-20 21:30:00,1974-03-20 21:30:00,True,True
,10030421,Louisiana,127,Winn,,1974-03-20 20:30:00,CST,1974-03-20 20:30:00,0,0,0,0,.03K,0,,F3,Unknown,2.7,77,,,,,31.78,-92.97,31.8,-92.93,,,LA,1974-03-20 21:30:00,1974-03-20 21:30:00,True,True
,10030423,Louisiana,39,Evangeline,,1974-03-20 22:30:00,CST,1974-03-20 22:30:00,0,0,0,0,25K,0,,F1,Unknown,0.8,17,,,,,30.68,-92.27,,,,,LA,1974-03-20 23:30:00,1974-03-20 23:30:00,True,True
,10030424,Louisiana,121,West Baton Rouge,,1974-03-21 00:05:00,CST,1974-03-21 00:05:00,0,0,0,0,.03K,0,,F0,Unknown,0.0,33,,,,,30.45,-91.22,,,,,LA,1974-03-21 01:05:00,1974-03-21 01:05:00,True,True
,10030425,Louisiana,101,St. Mary,,1974-03-26 12:37:00,CST,1974-03-26 12:37:00,2,0,0,0,2.5K,0,,F1,Unknown,1.0,27,,,,,29.7,-91.3,,,,,LA,1974-03-26 13:37:00,1974-03-26 13:37:00,True,True
,10030435,Louisiana,73,Ouachita,,1974-03-28 20:35:00,CST,1974-03-28 20:35:00,4,0,0,0,25K,0,,F1,Unknown,30.2,33,,,,,32.45,-92.42,32.48,-91.9,,,LA,1974-03-28 21:35:00,1974-03-28 21:35:00,True,True
,10030437,Louisiana,83,Richland,,1974-03-28 20:55:00,CST,1974-03-28 20:55:00,2,0,0,0,25K,0,,F1,Unknown,22.4,33,,,,,32.5,-91.85,32.52,-91.47,,,LA,1974-03-28 21:55:00,1974-03-28 21:55:00,True,True
,10030439,Louisiana,65,Madison,,1974-03-28 21:30:00,CST,1974-03-28 21:30:00,1,0,0,0,25K,0,,F1,Unknown,15.4,33,,,,,32.52,-91.47,32.52,-91.2,,,LA,1974-03-28 22:30:00,1974-03-28 22:30:00,True,True
,10021351,Kansas,153,Rawlins,,1974-04-20 15:15:00,CST,1974-04-20 15:15:00,0,0,0,0,25K,0,,F1,Unknown,0.0,100,,,,,38.12,-98.18,38.13,-98.2,,,KS,1974-04-20 16:15:00,1974-04-20 16:15:00,True,True
,10021353,Kansas,159,Rice,,1974-04-20 15:30:00,CST,1974-04-20 15:30:00,3,0,0,0,25K,0,,F1,Unknown,14.0,100,,,,,38.13,-98.2,38.33,-98.25,,,KS,1974-04-20 16:30:00,1974-04-20 16:30:00,True,True
,10016512,Indiana,57,Hamilton,,1974-06-07 17:15:00,CST,1974-06-07 17:15:00,0,0,0,0,250K,0,,F2,Unknown,8.0,100,,,,,39.95,-86.22,39.98,-86.07,,,IN,1974-06-07 18:15:00,1974-06-07 18:15:00,True,True
,10016514,Indiana,57,Hamilton,,1974-06-10 20:55:00,CST,1974-06-10 20:55:00,0,0,0,0,25K,0,,F1,Unknown,1.5,150,,,,,39.97,-86.1,,,,,IN,1974-06-10 21:55:00,1974-06-10 21:55:00,True,True
,10014489,Iowa,153,Polk,,1974-04-28 14:00:00,CST,1974-04-28 14:00:00,0,0,0,0,.25K,0,,F0,Unknown,0.0,33,,,,,41.65,-93.47,,,,,IA,1974-04-28 15:00:00,1974-04-28 15:00:00,True,True
,10030417,Louisiana,85,Sabine,,1974-03-20 20:00:00,CST,1974-03-20 20:00:00,5,0,1,0,2.5M,0,,F3,Unknown,26.0,200,,,,,31.58,-93.83,31.72,-93.43,,,LA,1974-03-20 21:00:00,1974-03-20 21:00:00,True,True
,10030418,Louisiana,69,Natchitoches,,1974-03-20 20:10:00,CST,1974-03-20 20:10:00,0,0,0,0,0K,0,,F3,Unknown,30.0,200,,,,,31.72,-93.43,31.82,-92.95,,,LA,1974-03-20 21:10:00,1974-03-20 21:10:00,True,True
,10085800,North Dakota,45,La Moure,,1974-08-19 19:10:00,CST,1974-08-19 19:10:00,0,0,0,0,0K,0,,F2,Unknown,0.0,33,,,,,46.37,-98.73,,,,,ND,1974-08-19 19:10:00,1974-08-19 19:10:00,False,False
,10015612,Iowa,195,Worth,,1974-05-28 20:10:00,CST,1974-05-28 20:10:00,3,0,0,0,2.5M,0,,F3,Unknown,3.8,150,,,,,43.33,-93.22,43.37,-93.13,,,IA,1974-05-28 21:10:00,1974-05-28 21:10:00,True,True
,10085803,North Dakota,3,Barnes,,1974-08-25 04:00:00,CST,1974-08-25 04:00:00,0,0,0,0,0K,0,,F0,Unknown,0.0,33,,,,,46.85,-97.93,,,,,ND,1974-08-25 05:00:00,1974-08-25 05:00:00,True,True
,10032949,Louisiana,77,Pointe Coupee,,1974-10-29 05:00:00,CST,1974-10-29 05:00:00,0,0,0,0,2.5K,0,,F1,Unknown,5.2,50,,,,,30.7,-91.42,30.72,-91.33,,,LA,1974-10-29 05:00:00,1974-10-29 05:00:00,False,False
,10032951,Louisiana,103,St. Tammany,,1974-11-20 04:30:00,CST,1974-11-20 04:30:00,0,0,0,0,25K,0,,F2,Unknown,7.1,33,,,,,30.63,-90.18,30.58,-90.08,,,LA,1974-11-20 04:30:00,1974-11-20 04:30:00,False,False
,10093262,Oklahoma,17,Canadian,,1974-05-23 18:35:00,CST,1974-05-23 18:35:00,0,0,0,0,25K,0,,F1,Unknown,0.0,100,,,,,35.52,-97.8,35.52,-97.8,,,OK,1974-05-23 19:35:00,1974-05-23 19:35:00,True,True
,10093273,Oklahoma,13,Bryan,,1974-05-25 19:30:00,CST,1974-05-25 19:30:00,0,0,0,0,25K,0,,F2,Unknown,8.5,1500,,,,,33.9,-96.38,34.0,-96.3,,,OK,1974-05-25 20:30:00,1974-05-25 20:30:00,True,True
,10017140,Indiana,117,Orange,,1974-04-03 13:15:00,CST,1974-04-03 13:15:00,0,0,0,0,250K,0,,F1,Unknown,14.0,177,,,,,38.62,-86.58,38.73,-86.37,,,IN,1974-04-03 14:15:00,1974-04-03 14:15:00,True,True
,10017141,Indiana,123,Perry,,1974-04-03 13:20:00,CST,1974-04-03 13:20:00,6,0,2,0,250M,0,,F5,Unknown,16.3,33,,,,,38.07,-86.75,38.2,-86.5,,,IN,1974-04-03 14:20:00,1974-04-03 14:20:00,True,True
,10017142,Indiana,93,Lawrence,,1974-04-03 13:30:00,CST,1974-04-03 13:30:00,0,0,0,0,25M,0,,F3,Unknown,2.3,177,,,,,38.77,-86.3,38.8,-86.27,,,IN,1974-04-03 14:30:00,1974-04-03 14:30:00,True,True
,10017143,Indiana,71,Jackson,,1974-04-03 13:35:00,CST,1974-04-03 13:35:00,21,0,1,0,0K,0,,F3,Unknown,26.8,177,,,,,38.8,-86.27,39.05,-85.88,,,IN,1974-04-03 14:35:00,1974-04-03 14:35:00,True,True
,10017144,Indiana,25,Crawford,,1974-04-03 13:35:00,CST,1974-04-03 13:35:00,1,0,0,0,0K,0,,F5,Unknown,13.6,33,,,,,38.2,-86.5,38.3,-86.28,,,IN,1974-04-03 14:35:00,1974-04-03 14:35:00,True,True
,10017145,Indiana,145,Shelby,,1974-04-03 13:45:00,CST,1974-04-03 13:45:00,2,0,0,0,25M,0,,F3,Unknown,8.9,440,,,,,39.58,-85.87,39.7,-85.78,,,IN,1974-04-03 14:45:00,1974-04-03 14:45:00,True,True
,10017146,Indiana,59,Hancock,,1974-04-03 13:50:00,CST,1974-04-03 13:50:00,23,0,1,0,25M,0,,F3,Unknown,11.8,440,,,,,39.7,-85.78,39.85,-85.67,,,IN,1974-04-03 14:50:00,1974-04-03 14:50:00,True,True
,10017147,Indiana,61,Harrison,,1974-04-03 13:50:00,CST,1974-04-03 13:50:00,34,0,2,0,0K,0,,F5,Unknown,13.5,33,,,,,38.3,-86.28,38.42,-86.08,,,IN,1974-04-03 14:50:00,1974-04-03 14:50:00,True,True
,10017148,Indiana,5,Bartholomew,,1974-04-03 14:00:00,CST,1974-04-03 14:00:00,0,0,0,0,0K,0,,F3,Unknown,5.4,177,,,,,39.05,-85.88,39.1,-85.8,,,IN,1974-04-03 15:00:00,1974-04-03 15:00:00,True,True
,10017149,Indiana,59,Hancock,,1974-04-03 14:00:00,CST,1974-04-03 14:00:00,11,0,0,0,25M,0,,F4,Unknown,1.3,33,,,,,39.75,-85.65,39.77,-85.62,,,IN,1974-04-03 15:00:00,1974-04-03 15:00:00,True,True
,10017150,Indiana,175,Washington,,1974-04-03 14:00:00,CST,1974-04-03 14:00:00,12,0,1,0,0K,0,,F5,Unknown,5.7,33,,,,,38.42,-86.08,38.47,-86.0,,,IN,1974-04-03 15:00:00,1974-04-03 15:00:00,True,True
,10017151,Indiana,5,Bartholomew,,1974-04-03 14:01:00,CST,1974-04-03 14:01:00,0,0,0,0,25M,0,,F4,Unknown,0.0,17,,,,,39.13,-85.72,39.15,-85.7,,,IN,1974-04-03 15:01:00,1974-04-03 15:01:00,True,True
,10017152,Indiana,139,Rush,,1974-04-03 14:05:00,CST,1974-04-03 14:05:00,0,0,0,0,0K,0,,F4,Unknown,2.7,33,,,,,39.77,-85.62,39.78,-85.57,,,IN,1974-04-03 15:05:00,1974-04-03 15:05:00,True,True
,10017153,Indiana,31,Decatur,,1974-04-03 14:05:00,CST,1974-04-03 14:05:00,7,0,2,0,0K,0,,F4,Unknown,26.1,1200,,,,,39.15,-85.7,39.35,-85.28,,,IN,1974-04-03 15:05:00,1974-04-03 15:05:00,True,True
,10017155,Indiana,79,Jennings,,1974-04-03 14:10:00,CST,1974-04-03 14:10:00,5,0,0,0,0K,0,,F3,Unknown,1.3,177,,,,,39.1,-85.8,39.12,-85.77,,,IN,1974-04-03 15:10:00,1974-04-03 15:10:00,True,True
,10017156,Indiana,65,Henry,,1974-04-03 14:10:00,CST,1974-04-03 14:10:00,6,0,0,0,0K,0,,F4,Unknown,14.9,33,,,,,39.78,-85.57,39.98,-85.45,,,IN,1974-04-03 15:10:00,1974-04-03 15:10:00,True,True
,10017157,Indiana,19,Clark,,1974-04-03 14:10:00,CST,1974-04-03 14:10:00,23,0,1,0,0K,0,,F5,Unknown,17.0,33,,,,,38.47,-86.0,38.6,-85.73,,,IN,1974-04-03 15:10:00,1974-04-03 15:10:00,True,True
,10017159,Indiana,19,Clark,,1974-04-03 14:19:00,CST,1974-04-03 14:19:00,0,0,0,0,250M,0,,F4,Unknown,5.4,1200,,,,,38.55,-85.75,38.6,-85.67,,,IN,1974-04-03 15:19:00,1974-04-03 15:19:00,True,True
,10017160,Indiana,143,Scott,,1974-04-03 14:20:00,CST,1974-04-03 14:20:00,10,0,0,0,0K,0,,F5,Unknown,1.9,33,,,,,38.6,-85.73,38.63,-85.7,,,IN,1974-04-03 15:20:00,1974-04-03 15:20:00,True,True
,10017161,Indiana,143,Scott,,1974-04-03 14:25:00,CST,1974-04-03 14:25:00,15,0,1,0,0K,0,,F4,Unknown,5.2,1200,,,,,38.6,-85.67,38.65,-85.58,,,IN,1974-04-03 15:25:00,1974-04-03 15:25:00,True,True
,10017162,Indiana,47,Franklin,,1974-04-03 14:30:00,CST,1974-04-03 14:30:00,10,0,2,0,0K,0,,F4,Unknown,9.5,1200,,,,,39.35,-85.28,39.47,-85.18,,,IN,1974-04-03 15:30:00,1974-04-03 15:30:00,True,True
,10014490,Iowa,103,Johnson,,1974-04-28 18:20:00,CST,1974-04-28 18:20:00,2,0,0,0,25K,0,,F1,Unknown,2.0,50,,,,,41.5,-91.5,,,,,IA,1974-04-28 19:20:00,1974-04-28 19:20:00,True,True
,10014491,Iowa,31,Cedar,,1974-04-28 18:45:00,CST,1974-04-28 18:45:00,16,0,0,0,250K,0,,F2,Unknown,2.3,100,,,,,41.63,-91.35,41.65,-91.28,,,IA,1974-04-28 19:45:00,1974-04-28 19:45:00,True,True
,10030384,Louisiana,57,Lafourche,,1974-01-19 18:00:00,CST,1974-01-19 18:00:00,0,0,0,0,25K,0,,F1,Unknown,2.0,27,,,,,29.77,-90.83,,,,,LA,1974-01-19 19:00:00,1974-01-19 19:00:00,True,True
,10125171,Tennessee,35,Cumberland,,1974-04-03 23:35:00,CST,1974-04-03 23:35:00,20,0,0,0,250K,0,,F2,Unknown,12.9,300,,,,,35.95,-85.28,36.02,-85.07,,,TN,1974-04-04 00:35:00,1974-04-04 00:35:00,True,True
,10125172,Tennessee,1,Anderson,,1974-04-04 00:30:00,CST,1974-04-04 00:30:00,0,0,0,0,2.5K,0,,F0,Unknown,8.7,200,,,,,36.2,-84.07,36.23,-83.92,,,TN,1974-04-04 01:30:00,1974-04-04 01:30:00,True,True
,10125173,Tennessee,89,Jefferson,,1974-04-04 01:00:00,CST,1974-04-04 01:00:00,0,0,0,0,25K,0,,F0,Unknown,4.5,27,,,,,36.13,-83.62,36.13,-83.53,,,TN,1974-04-04 02:00:00,1974-04-04 02:00:00,True,True
,10125175,Tennessee,73,Hawkins,,1974-04-04 01:30:00,CST,1974-04-04 01:30:00,0,0,0,0,2.5K,0,,F0,Unknown,0.5,27,,,,,36.4,-83.03,,,,,TN,1974-04-04 02:30:00,1974-04-04 02:30:00,True,True
,10125176,Tennessee,163,Sullivan,,1974-04-04 02:00:00,CST,1974-04-04 02:00:00,2,0,0,0,250K,0,,F0,Unknown,13.8,2500,,,,,36.52,-82.5,36.58,-82.27,,,TN,1974-04-04 03:00:00,1974-04-04 03:00:00,True,True
,9994579,Georgia,183,Long,,1974-05-12 04:00:00,CST,1974-05-12 04:00:00,2,0,0,0,25K,0,,F2,Unknown,0.6,40,,,,,31.83,-81.7,,,,,GA,1974-05-12 05:00:00,1974-05-12 05:00:00,True,True
,9994580,Georgia,103,Effingham,,1974-05-12 04:30:00,CST,1974-05-12 04:30:00,3,0,1,0,250K,0,,F1,Unknown,2.0,50,,,,,32.3,-81.23,,,,,GA,1974-05-12 05:30:00,1974-05-12 05:30:00,True,True
,9994589,Georgia,13,Barrow,,1974-06-07 16:00:00,CST,1974-06-07 16:00:00,0,0,0,0,25K,0,,F1,Unknown,0.1,40,,,,,33.98,-83.72,,,,,GA,1974-06-07 17:00:00,1974-06-07 17:00:00,True,True
,9994594,Georgia,23,Bleckley,,1974-06-13 15:35:00,CST,1974-06-13 15:35:00,0,0,0,0,25K,0,,F1,Unknown,1.0,33,,,,,32.5,-83.2,,,,,GA,1974-06-13 16:35:00,1974-06-13 16:35:00,True,True
,9994608,Georgia,321,Worth,,1974-08-01 15:00:00,CST,1974-08-01 15:00:00,0,0,0,0,25K,0,,F1,Unknown,0.1,17,,,,,31.53,-83.85,,,,,GA,1974-08-01 16:00:00,1974-08-01 16:00:00,True,True
,10114364,Pennsylvania,29,Chester,,1974-08-04 13:00:00,CST,1974-08-04 13:00:00,0,0,0,0,25K,0,,F1,Unknown,1.1,30,,,,,39.75,-75.87,,,,,PA,1974-08-04 14:00:00,1974-08-04 14:00:00,True,True
,10017166,Indiana,35,Delaware,,1974-04-03 14:40:00,CST,1974-04-03 14:40:00,0,0,0,0,0K,0,,F4,Unknown,0.0,1400,,,,,40.08,-85.25,40.1,-85.23,,,IN,1974-04-03 15:40:00,1974-04-03 15:40:00,True,True
,10017167,Indiana,77,Jefferson,,1974-04-03 14:40:00,CST,1974-04-03 14:40:00,0,0,0,0,25M,0,,F4,Unknown,5.7,300,,,,,38.77,-85.27,38.83,-85.2,,,IN,1974-04-03 15:40:00,1974-04-03 15:40:00,True,True
,10017168,Indiana,155,Switzerland,,1974-04-03 14:45:00,CST,1974-04-03 14:45:00,40,0,0,0,0K,0,,F4,Unknown,7.6,1133,,,,,38.83,-85.2,38.9,-85.08,,,IN,1974-04-03 15:45:00,1974-04-03 15:45:00,True,True
,10017169,Indiana,135,Randolph,,1974-04-03 14:50:00,CST,1974-04-03 14:50:00,12,0,1,0,0K,0,,F4,Unknown,16.7,1400,,,,,40.1,-85.23,40.3,-85.05,,,IN,1974-04-03 15:50:00,1974-04-03 15:50:00,True,True
,10017170,Indiana,115,Ohio,,1974-04-03 14:55:00,CST,1974-04-03 14:55:00,64,0,0,0,0K,0,,F4,Unknown,9.1,1133,,,,,38.9,-85.08,39.0,-84.97,,,IN,1974-04-03 15:55:00,1974-04-03 15:55:00,True,True
,10017171,Indiana,137,Ripley,,1974-04-03 15:00:00,CST,1974-04-03 15:00:00,0,0,0,0,0K,0,,F4,Unknown,0.0,1200,,,,,38.92,-85.27,38.93,-85.25,,,IN,1974-04-03 16:00:00,1974-04-03 16:00:00,True,True
,10017172,Indiana,75,Jay,,1974-04-03 15:00:00,CST,1974-04-03 15:00:00,0,0,0,0,0K,0,,F4,Unknown,0.0,400,,,,,40.3,-85.05,40.32,-85.03,,,IN,1974-04-03 16:00:00,1974-04-03 16:00:00,True,True
,10017173,Indiana,29,Dearborn,,1974-04-03 15:00:00,CST,1974-04-03 15:00:00,0,0,0,0,0K,0,,F4,Unknown,4.7,667,,,,,39.0,-84.97,39.05,-84.9,,,IN,1974-04-03 16:00:00,1974-04-03 16:00:00,True,True
,10017174,Indiana,61,Harrison,,1974-04-03 15:10:00,CST,1974-04-03 15:10:00,0,0,0,0,25K,0,,F5,Unknown,4.9,440,,,,,38.0,-86.17,38.05,-86.1,,,IN,1974-04-03 16:10:00,1974-04-03 16:10:00,True,True
,10032318,Kentucky,57,Cumberland,,1974-04-03 17:40:00,CST,1974-04-03 17:40:00,33,0,0,0,25K,0,,F4,Unknown,7.1,33,,,,,36.65,-85.37,36.72,-85.27,,,KY,1974-04-03 18:40:00,1974-04-03 18:40:00,True,True
,10032319,Kentucky,21,Boyle,,1974-04-03 17:45:00,CST,1974-04-03 17:45:00,33,0,1,0,0K,0,,F3,Unknown,8.7,33,,,,,37.58,-84.78,37.7,-84.72,,,KY,1974-04-03 18:45:00,1974-04-03 18:45:00,True,True
,10032320,Kentucky,53,Clinton,,1974-04-03 17:50:00,CST,1974-04-03 17:50:00,63,0,8,0,0K,0,,F4,Unknown,14.6,33,,,,,36.72,-85.27,36.82,-85.03,,,KY,1974-04-03 18:50:00,1974-04-03 18:50:00,True,True
,10032321,Kentucky,97,Harrison,,1974-04-03 17:55:00,CST,1974-04-03 17:55:00,27,0,0,0,25K,0,,F3,Unknown,17.0,33,,,,,38.33,-84.43,38.48,-84.18,,,KY,1974-04-03 18:55:00,1974-04-03 18:55:00,True,True
,10032322,Kentucky,231,Wayne,,1974-04-03 18:05:00,CST,1974-04-03 18:05:00,0,0,0,0,25M,0,,F3,Unknown,14.4,33,,,,,36.85,-84.97,36.97,-84.75,,,KY,1974-04-03 19:05:00,1974-04-03 19:05:00,True,True
,10032323,Kentucky,231,Wayne,,1974-04-03 18:05:00,CST,1974-04-03 18:05:00,17,0,2,0,0K,0,,F4,Unknown,16.7,33,,,,,36.82,-85.03,36.93,-84.77,,,KY,1974-04-03 19:05:00,1974-04-03 19:05:00,True,True
,10032324,Kentucky,21,Boyle,,1974-04-03 18:12:00,CST,1974-04-03 18:12:00,10,0,0,0,250K,0,,F2,Unknown,3.6,33,,,,,37.68,-84.93,37.7,-84.87,,,KY,1974-04-03 19:12:00,1974-04-03 19:12:00,True,True
,10032325,Kentucky,199,Pulaski,,1974-04-03 18:12:00,CST,1974-04-03 18:12:00,5,0,0,0,0K,0,,F3,Unknown,3.6,33,,,,,36.97,-84.75,37.0,-84.7,,,KY,1974-04-03 19:12:00,1974-04-03 19:12:00,True,True
,10032326,Kentucky,201,Robertson,,1974-04-03 18:15:00,CST,1974-04-03 18:15:00,0,0,0,0,0K,0,,F3,Unknown,2.3,33,,,,,38.48,-84.18,38.52,-84.15,,,KY,1974-04-03 19:15:00,1974-04-03 19:15:00,True,True
,10032327,Kentucky,167,Mercer,,1974-04-03 18:20:00,CST,1974-04-03 18:20:00,0,0,0,0,250K,0,,F2,Unknown,12.6,33,,,,,37.7,-84.87,37.85,-84.73,,,KY,1974-04-03 19:20:00,1974-04-03 19:20:00,True,True
,10032328,Kentucky,79,Garrard,,1974-04-03 18:20:00,CST,1974-04-03 18:20:00,0,0,0,0,0K,0,,F4,Unknown,1.3,33,,,,,37.72,-84.5,37.73,-84.48,,,KY,1974-04-03 19:20:00,1974-04-03 19:20:00,True,True
,10022477,Kansas,155,Reno,,1974-05-13 17:00:00,CST,1974-05-13 17:00:00,2,0,0,0,2.5M,0,,F2,Unknown,24.2,100,,,,,37.95,-98.07,38.15,-97.7,,,KS,1974-05-13 18:00:00,1974-05-13 18:00:00,True,True
,9990635,California,65,Riverside,,1974-07-20 15:49:00,CST,1974-07-20 15:49:00,1,0,0,0,25K,0,,F1,Unknown,1.0,20,,,,,33.75,-116.95,,,,,CA,1974-07-20 16:49:00,1974-07-20 16:49:00,True,True
,10092413,Oklahoma,109,Oklahoma,,1974-03-08 18:15:00,CST,1974-03-08 18:15:00,1,0,0,0,25K,0,,F1,Unknown,9.0,40,,,,,35.5,-97.47,35.55,-97.32,,,OK,1974-03-08 19:15:00,1974-03-08 19:15:00,True,True
,10092414,Oklahoma,133,Seminole,,1974-03-10 15:00:00,CST,1974-03-10 15:00:00,0,0,0,0,2.5K,0,,F1,Unknown,3.3,33,,,,,35.15,-96.7,35.17,-96.65,,,OK,1974-03-10 16:00:00,1974-03-10 16:00:00,True,True
,10021974,Kansas,15,Butler,,1974-06-08 15:15:00,CST,1974-06-08 15:15:00,0,0,0,0,0K,0,,F0,Unknown,11.4,200,,,,,37.67,-96.8,37.55,-96.65,,,KS,1974-06-08 16:15:00,1974-06-08 16:15:00,True,True
,10021975,Kansas,159,Rice,,1974-06-08 15:30:00,CST,1974-06-08 15:30:00,0,0,0,0,2.5K,0,,F0,Unknown,5.2,100,,,,,38.33,-98.2,38.4,-98.15,,,KS,1974-06-08 16:30:00,1974-06-08 16:30:00,True,True
,10021979,Kansas,49,Elk,,1974-06-08 17:10:00,CST,1974-06-08 17:10:00,0,0,0,0,0K,0,,F0,Unknown,0.1,100,,,,,37.47,-96.45,,,,,KS,1974-06-08 18:10:00,1974-06-08 18:10:00,True,True
,10021981,Kansas,111,Lyon,,1974-06-08 18:00:00,CST,1974-06-08 18:00:00,177,0,6,0,25M,0,,F4,Unknown,23.7,1760,,,,,38.42,-96.22,38.7,-95.97,,,KS,1974-06-08 19:00:00,1974-06-08 19:00:00,True,True
,10021983,Kansas,139,Osage,,1974-06-08 18:45:00,CST,1974-06-08 18:45:00,0,0,0,0,25M,0,,F4,Unknown,11.9,440,,,,,38.7,-95.97,38.87,-95.9,,,KS,1974-06-08 19:45:00,1974-06-08 19:45:00,True,True
,10021984,Kansas,177,Shawnee,,1974-06-08 18:45:00,CST,1974-06-08 18:45:00,0,0,0,0,0K,0,,F4,Unknown,1.9,200,,,,,38.87,-95.9,38.9,-95.87,,,KS,1974-06-08 19:45:00,1974-06-08 19:45:00,True,True
,10021985,Kansas,37,Crawford,,1974-06-08 20:00:00,CST,1974-06-08 20:00:00,0,0,0,0,0K,0,,F0,Unknown,4.3,200,,,,,37.42,-94.83,37.47,-94.78,,,KS,1974-06-08 21:00:00,1974-06-08 21:00:00,True,True
,10021990,Kansas,151,Pratt,,1974-06-10 20:15:00,CST,1974-06-10 20:15:00,0,0,0,0,25K,0,,F2,Unknown,1.0,50,,,,,37.52,-98.9,,,,,KS,1974-06-10 21:15:00,1974-06-10 21:15:00,True,True
,10092963,Oklahoma,145,Wagoner,,1974-06-08 18:30:00,CST,1974-06-08 18:30:00,0,0,0,0,25M,0,,F3,Unknown,20.4,100,,,,,36.08,-95.77,36.17,-95.42,,,OK,1974-06-08 19:30:00,1974-06-08 19:30:00,True,True
,10092964,Oklahoma,107,Okfuskee,,1974-06-08 18:30:00,CST,1974-06-08 18:30:00,0,0,0,0,250K,0,,F3,Unknown,17.4,1300,,,,,35.53,-96.53,35.7,-96.3,,,OK,1974-06-08 19:30:00,1974-06-08 19:30:00,True,True
,10092966,Oklahoma,125,Pottawatomie,,1974-06-08 18:50:00,CST,1974-06-08 18:50:00,0,0,0,0,25K,0,,F2,Unknown,2.0,800,,,,,35.33,-97.15,,,,,OK,1974-06-08 19:50:00,1974-06-08 19:50:00,True,True
,10092967,Oklahoma,35,Craig,,1974-06-08 19:00:00,CST,1974-06-08 19:00:00,0,0,0,0,25K,0,,F3,Unknown,29.0,100,,,,,36.32,-95.57,36.62,-95.2,,,OK,1974-06-08 20:00:00,1974-06-08 20:00:00,True,True
,10092968,Oklahoma,97,Mayes,,1974-06-08 19:02:00,CST,1974-06-08 19:02:00,7,0,0,0,25M,0,,F3,Unknown,9.0,100,,,,,36.17,-95.42,36.22,-95.27,,,OK,1974-06-08 20:02:00,1974-06-08 20:02:00,True,True
,10092969,Oklahoma,37,Creek,,1974-06-08 19:30:00,CST,1974-06-08 19:30:00,0,0,0,0,250K,0,,F2,Unknown,14.4,100,,,,,35.92,-96.12,35.97,-95.87,,,OK,1974-06-08 20:30:00,1974-06-08 20:30:00,True,True
,10022276,Kansas,15,Butler,,1974-06-04 14:30:00,CST,1974-06-04 14:30:00,0,0,0,0,0K,0,,F0,Unknown,0.1,20,,,,,37.72,-96.93,,,,,KS,1974-06-04 15:30:00,1974-06-04 15:30:00,True,True
,10009083,Illinois,161,Rock Island,,1974-05-16 19:30:00,CST,1974-05-16 19:30:00,0,0,0,0,2.5M,0,,F2,Unknown,9.2,100,,,,,41.33,-90.55,41.35,-90.37,,,IL,1974-05-16 20:30:00,1974-05-16 20:30:00,True,True
,9990637,California,71,San Bernardino,,1974-10-22 15:55:00,CST,1974-10-22 15:55:00,0,0,0,0,2.5K,0,,F1,Unknown,0.0,33,,,,,34.18,-116.37,,,,,CA,1974-10-22 16:55:00,1974-10-22 16:55:00,True,True
,9990638,California,73,San Diego,,1974-10-29 06:00:00,CST,1974-10-29 06:00:00,0,0,0,0,.03K,0,,F0,Unknown,0.0,33,,,,,33.05,-117.3,,,,,CA,1974-10-29 06:00:00,1974-10-29 06:00:00,False,False
,10017176,Indiana,115,Ohio,,1974-04-03 15:20:00,CST,1974-04-03 15:20:00,0,0,0,0,0K,0,,F5,Unknown,0.0,33,,,,,38.97,-84.88,38.98,-84.87,,,IN,1974-04-03 16:20:00,1974-04-03 16:20:00,True,True
,10017177,Indiana,171,Warren,,1974-04-03 15:30:00,CST,1974-04-03 15:30:00,0,0,0,0,250K,0,,F3,Unknown,25.9,700,,,,,40.28,-87.48,40.55,-87.13,,,IN,1974-04-03 16:30:00,1974-04-03 16:30:00,True,True
,10017178,Indiana,7,Benton,,1974-04-03 15:45:00,CST,1974-04-03 15:45:00,0,0,0,0,250M,0,,F4,Unknown,1.3,333,,,,,40.5,-87.13,40.53,-87.1,,,IN,1974-04-03 16:45:00,1974-04-03 16:45:00,True,True
,10017179,Indiana,181,White,,1974-04-03 15:52:00,CST,1974-04-03 15:52:00,73,0,10,0,0K,0,,F4,Unknown,36.1,900,,,,,40.53,-87.1,40.87,-86.57,,,IN,1974-04-03 16:52:00,1974-04-03 16:52:00,True,True
,10017180,Indiana,17,Cass,,1974-04-03 16:30:00,CST,1974-04-03 16:30:00,4,0,0,0,0K,0,,F4,Unknown,3.6,33,,,,,40.87,-86.57,40.92,-86.52,,,IN,1974-04-03 17:30:00,1974-04-03 17:30:00,True,True
,10017181,Indiana,131,Pulaski,,1974-04-03 16:35:00,CST,1974-04-03 16:35:00,7,0,0,0,0K,0,,F4,Unknown,1.9,33,,,,,40.92,-86.52,40.95,-86.47,,,IN,1974-04-03 17:35:00,1974-04-03 17:35:00,True,True
,10017183,Indiana,49,Fulton,,1974-04-03 16:40:00,CST,1974-04-03 16:40:00,138,0,6,0,0K,0,,F4,Unknown,24.1,1760,,,,,40.95,-86.47,41.17,-86.1,,,IN,1974-04-03 17:40:00,1974-04-03 17:40:00,True,True
,10017185,Indiana,99,Marshall,,1974-04-03 17:00:00,CST,1974-04-03 17:00:00,0,0,0,0,0K,0,,F4,Unknown,1.9,33,,,,,41.17,-86.1,41.2,-86.05,,,IN,1974-04-03 18:00:00,1974-04-03 18:00:00,True,True
,10017186,Indiana,85,Kosciusko,,1974-04-03 17:05:00,CST,1974-04-03 17:05:00,39,0,1,0,0K,0,,F4,Unknown,25.4,33,,,,,41.2,-86.05,41.42,-85.65,,,IN,1974-04-03 18:05:00,1974-04-03 18:05:00,True,True
,10017187,Indiana,169,Wabash,,1974-04-03 17:35:00,CST,1974-04-03 17:35:00,0,0,0,0,0K,0,,F1,Unknown,7.1,90,,,,,40.97,-85.73,41.03,-85.62,,,IN,1974-04-03 18:35:00,1974-04-03 18:35:00,True,True
,10017188,Indiana,39,Elkhart,,1974-04-03 17:40:00,CST,1974-04-03 17:40:00,0,0,0,0,0K,0,,F4,Unknown,0.0,33,,,,,41.42,-85.65,41.43,-85.63,,,IN,1974-04-03 18:40:00,1974-04-03 18:40:00,True,True
,10017190,Indiana,67,Howard,,1974-04-03 17:45:00,CST,1974-04-03 17:45:00,0,0,0,0,2.5M,0,,F2,Unknown,8.3,350,,,,,40.38,-85.97,40.48,-85.87,,,IN,1974-04-03 18:45:00,1974-04-03 18:45:00,True,True
,10017191,Indiana,113,Noble,,1974-04-03 17:45:00,CST,1974-04-03 17:45:00,24,0,1,0,0K,0,,F4,Unknown,14.4,33,,,,,41.43,-85.63,41.58,-85.43,,,IN,1974-04-03 18:45:00,1974-04-03 18:45:00,True,True
,10017193,Indiana,53,Grant,,1974-04-03 17:50:00,CST,1974-04-03 17:50:00,12,0,0,0,0K,0,,F2,Unknown,10.9,350,,,,,40.48,-85.87,40.57,-85.68,,,IN,1974-04-03 18:50:00,1974-04-03 18:50:00,True,True
,10017194,Indiana,113,Noble,,1974-04-03 17:50:00,CST,1974-04-03 17:50:00,38,0,3,0,25M,0,,F3,Unknown,11.4,150,,,,,41.42,-85.47,41.52,-85.28,,,IN,1974-04-03 18:50:00,1974-04-03 18:50:00,True,True
,10096487,Ohio,23,Clark,,1974-08-03 15:45:00,CST,1974-08-03 15:45:00,0,0,0,0,25K,0,,F0,Unknown,0.1,10,,,,,39.8,-84.02,,,,,OH,1974-08-03 16:45:00,1974-08-03 16:45:00,True,True
,10096488,Ohio,113,Montgomery,,1974-08-08 17:00:00,CST,1974-08-08 17:00:00,0,0,0,0,0K,0,,F0,Unknown,0.1,10,,,,,39.77,-84.15,,,,,OH,1974-08-08 18:00:00,1974-08-08 18:00:00,True,True
,10001635,Florida,5,Bay,,1974-05-11 13:15:00,CST,1974-05-11 13:15:00,1,0,0,0,2.5K,0,,F1,Unknown,0.1,20,,,,,30.12,-85.72,,,,,FL,1974-05-11 14:15:00,1974-05-11 14:15:00,True,True
,10001636,Florida,5,Bay,,1974-05-11 13:15:00,CST,1974-05-11 13:15:00,0,0,0,0,2.5K,0,,F1,Unknown,0.1,20,,,,,29.92,-85.43,,,,,FL,1974-05-11 14:15:00,1974-05-11 14:15:00,True,True
,10001638,Florida,63,Jackson,,1974-05-11 14:45:00,CST,1974-05-11 14:45:00,0,0,0,0,2.5K,0,,F1,Unknown,0.5,20,,,,,30.83,-85.0,,,,,FL,1974-05-11 15:45:00,1974-05-11 15:45:00,True,True
,10001639,Florida,39,Gadsden,,1974-05-11 15:00:00,CST,1974-05-11 15:00:00,0,0,0,0,25K,0,,F1,Unknown,0.5,20,,,,,30.57,-84.73,,,,,FL,1974-05-11 16:00:00,1974-05-11 16:00:00,True,True
,10001640,Florida,37,Franklin,,1974-05-11 16:20:00,CST,1974-05-11 16:20:00,0,0,0,0,25K,0,,F1,Unknown,0.1,20,,,,,29.73,-84.88,,,,,FL,1974-05-11 17:20:00,1974-05-11 17:20:00,True,True
,10001642,Florida,37,Franklin,,1974-05-11 19:00:00,CST,1974-05-11 19:00:00,0,0,0,0,25K,0,,F1,Unknown,0.1,20,,,,,29.73,-84.88,,,,,FL,1974-05-11 20:00:00,1974-05-11 20:00:00,True,True
,10001645,Florida,123,Taylor,,1974-05-12 01:30:00,CST,1974-05-12 01:30:00,3,0,0,0,25K,0,,F1,Unknown,4.9,20,,,,,30.17,-83.58,30.2,-83.52,,,FL,1974-05-12 02:30:00,1974-05-12 02:30:00,True,True
,10001646,Florida,3,Baker,,1974-05-12 04:30:00,CST,1974-05-12 04:30:00,1,0,0,0,250K,0,,F2,Unknown,3.3,33,,,,,30.28,-82.12,30.28,-82.07,,,FL,1974-05-12 05:30:00,1974-05-12 05:30:00,True,True
,10001648,Florida,31,Duval,,1974-05-12 04:40:00,CST,1974-05-12 04:40:00,0,0,0,0,250K,0,,F2,Unknown,14.2,33,,,,,30.28,-82.07,30.32,-81.83,,,FL,1974-05-12 05:40:00,1974-05-12 05:40:00,True,True
,10001649,Florida,31,Duval,,1974-05-12 06:00:00,CST,1974-05-12 06:00:00,0,0,0,0,2.5M,0,,F1,Unknown,0.5,67,,,,,30.35,-81.67,,,,,FL,1974-05-12 07:00:00,1974-05-12 07:00:00,True,True
,10001650,Florida,109,St. Johns,,1974-05-12 06:00:00,CST,1974-05-12 06:00:00,0,0,0,0,2.5K,0,,F1,Unknown,2.0,50,,,,,29.92,-81.48,,,,,FL,1974-05-12 07:00:00,1974-05-12 07:00:00,True,True
,10001651,Florida,31,Duval,,1974-05-12 06:00:00,CST,1974-05-12 06:00:00,2,0,0,0,250K,0,,F2,Unknown,4.3,100,,,,,30.08,-81.68,30.08,-81.62,,,FL,1974-05-12 07:00:00,1974-05-12 07:00:00,True,True
,10001653,Florida,69,Lake,,1974-05-12 08:30:00,CST,1974-05-12 08:30:00,0,0,0,0,25K,0,,F0,Unknown,2.0,33,,,,,28.8,-81.63,,,,,FL,1974-05-12 09:30:00,1974-05-12 09:30:00,True,True
,10001654,Florida,83,Marion,,1974-05-12 08:35:00,CST,1974-05-12 08:35:00,0,0,0,0,250K,0,,F1,Unknown,20.2,100,,,,,29.17,-81.83,29.2,-81.5,,,FL,1974-05-12 09:35:00,1974-05-12 09:35:00,True,True
,10001655,Florida,17,Citrus,,1974-05-12 09:00:00,CST,1974-05-12 09:00:00,0,0,0,0,25K,0,,F1,Unknown,25.2,100,,,,,28.75,-82.42,28.75,-82.0,,,FL,1974-05-12 10:00:00,1974-05-12 10:00:00,True,True
,10092961,Oklahoma,133,Seminole,,1974-06-08 18:05:00,CST,1974-06-08 18:05:00,0,0,0,0,250K,0,,F3,Unknown,12.5,1300,,,,,35.4,-96.68,35.53,-96.53,,,OK,1974-06-08 19:05:00,1974-06-08 19:05:00,True,True
,10092962,Oklahoma,131,Rogers,,1974-06-08 18:30:00,CST,1974-06-08 18:30:00,10,0,0,0,2.5M,0,,F3,Unknown,21.8,100,,,,,36.15,-95.9,36.32,-95.57,,,OK,1974-06-08 19:30:00,1974-06-08 19:30:00,True,True
,10001663,Florida,49,Hardee,,1974-05-15 13:00:00,CST,1974-05-15 13:00:00,0,0,0,0,250K,0,,F0,Unknown,0.2,17,,,,,27.55,-81.67,,,,,FL,1974-05-15 14:00:00,1974-05-15 14:00:00,True,True
,10001665,Florida,85,Martin,,1974-05-15 13:10:00,CST,1974-05-15 13:10:00,1,0,0,0,250K,0,,F1,Unknown,1.0,333,,,,,27.17,-80.27,,,,,FL,1974-05-15 14:10:00,1974-05-15 14:10:00,True,True
,10001666,Florida,105,Polk,,1974-05-15 13:40:00,CST,1974-05-15 13:40:00,0,0,0,0,25K,0,,F0,Unknown,0.1,10,,,,,28.12,-82.02,,,,,FL,1974-05-15 14:40:00,1974-05-15 14:40:00,True,True
,10015595,Iowa,139,Muscatine,,1974-05-16 18:10:00,CST,1974-05-16 18:10:00,0,0,0,0,0K,0,,F0,Unknown,0.0,33,,,,,41.28,-91.12,,,,,IA,1974-05-16 19:10:00,1974-05-16 19:10:00,True,True
,10015596,Iowa,163,Scott,,1974-05-16 19:48:00,CST,1974-05-16 19:48:00,0,0,0,0,0K,0,,F0,Unknown,0.0,33,,,,,41.5,-90.6,,,,,IA,1974-05-16 20:48:00,1974-05-16 20:48:00,True,True
,10015597,Iowa,163,Scott,,1974-05-16 20:15:00,CST,1974-05-16 20:15:00,0,0,0,0,0K,0,,F0,Unknown,0.0,33,,,,,41.7,-90.68,,,,,IA,1974-05-16 21:15:00,1974-05-16 21:15:00,True,True
,10032333,Kentucky,173,Montgomery,,1974-04-03 19:05:00,CST,1974-04-03 19:05:00,2,0,0,0,250K,0,,F3,Unknown,4.9,33,,,,,37.98,-83.88,38.03,-83.82,,,KY,1974-04-03 20:05:00,1974-04-03 20:05:00,True,True
,10032334,Kentucky,125,Laurel,,1974-04-03 19:10:00,CST,1974-04-03 19:10:00,0,0,0,0,2.5M,0,,F3,Unknown,10.7,33,,,,,37.15,-84.28,37.28,-84.18,,,KY,1974-04-03 20:10:00,1974-04-03 20:10:00,True,True
,10032337,Kentucky,147,Mccreary,,1974-04-03 19:20:00,CST,1974-04-03 19:20:00,11,0,0,0,25K,0,,F2,Unknown,19.5,33,,,,,36.6,-84.77,36.8,-84.52,,,KY,1974-04-03 19:20:00,1974-04-03 19:20:00,False,False
,10032338,Kentucky,203,Rockcastle,,1974-04-03 19:20:00,CST,1974-04-03 19:20:00,10,0,1,0,2.5M,0,,F3,Unknown,1.3,33,,,,,37.28,-84.18,37.3,-84.17,,,KY,1974-04-03 20:20:00,1974-04-03 20:20:00,True,True
,10022010,Kansas,175,Seward,,1974-06-21 17:35:00,CST,1974-06-21 17:35:00,2,0,0,0,25K,0,,F3,Unknown,2.7,30,,,,,37.2,-100.7,37.17,-100.67,,,KS,1974-06-21 18:35:00,1974-06-21 18:35:00,True,True
,10032329,Kentucky,151,Madison,,1974-04-03 18:25:00,CST,1974-04-03 18:25:00,20,0,7,0,0K,0,,F4,Unknown,15.6,33,,,,,37.73,-84.48,37.88,-84.27,,,KY,1974-04-03 19:25:00,1974-04-03 19:25:00,True,True
,10032330,Kentucky,151,Madison,,1974-04-03 18:30:00,CST,1974-04-03 18:30:00,0,0,0,0,25K,0,,F2,Unknown,4.7,33,,,,,37.83,-84.43,37.88,-84.37,,,KY,1974-04-03 19:30:00,1974-04-03 19:30:00,True,True
,10032331,Kentucky,49,Clark,,1974-04-03 18:45:00,CST,1974-04-03 18:45:00,8,0,0,0,0K,0,,F4,Unknown,15.0,33,,,,,37.88,-84.27,38.03,-84.07,,,KY,1974-04-03 19:45:00,1974-04-03 19:45:00,True,True
,10017196,Indiana,87,Lagrange,,1974-04-03 18:00:00,CST,1974-04-03 18:00:00,0,0,0,0,0K,0,,F3,Unknown,4.3,1000,,,,,41.52,-85.28,41.57,-85.22,,,IN,1974-04-03 19:00:00,1974-04-03 19:00:00,True,True
,10017197,Indiana,69,Huntington,,1974-04-03 18:10:00,CST,1974-04-03 18:10:00,0,0,0,0,0K,0,,F2,Unknown,11.5,350,,,,,40.67,-85.5,40.78,-85.33,,,IN,1974-04-03 19:10:00,1974-04-03 19:10:00,True,True
,10017198,Indiana,151,Steuben,,1974-04-03 18:10:00,CST,1974-04-03 18:10:00,15,0,2,0,0K,0,,F3,Unknown,20.5,333,,,,,41.57,-85.22,41.73,-84.88,,,IN,1974-04-03 19:10:00,1974-04-03 19:10:00,True,True
,10017199,Indiana,179,Wells,,1974-04-03 18:15:00,CST,1974-04-03 18:15:00,0,0,0,0,2.5M,0,,F2,Unknown,14.4,177,,,,,40.73,-85.25,40.83,-85.0,,,IN,1974-04-03 19:15:00,1974-04-03 19:15:00,True,True
,10017200,Indiana,179,Wells,,1974-04-03 19:45:00,CST,1974-04-03 19:45:00,0,0,0,0,0K,0,,F1,Unknown,10.9,350,,,,,40.77,-85.15,40.85,-84.97,,,IN,1974-04-03 20:45:00,1974-04-03 20:45:00,True,True
,10017201,Indiana,141,St. Joseph,,1974-04-12 20:28:00,CST,1974-04-12 20:28:00,0,0,0,0,0K,0,,F1,Unknown,0.0,33,,,,,41.55,-86.4,,,,,IN,1974-04-12 21:28:00,1974-04-12 21:28:00,True,True
,10017202,Indiana,105,Monroe,,1974-05-02 18:44:00,CST,1974-05-02 18:44:00,0,0,0,0,0K,0,,F1,Unknown,0.3,50,,,,,39.18,-86.52,,,,,IN,1974-05-02 19:44:00,1974-05-02 19:44:00,True,True
,10022482,Kansas,113,Mcpherson,,1974-05-13 17:30:00,CST,1974-05-13 17:30:00,0,0,0,0,2.5M,0,,F2,Unknown,25.6,100,,,,,38.15,-97.7,38.37,-97.32,,,KS,1974-05-13 17:30:00,1974-05-13 17:30:00,False,False
,10022492,Kansas,155,Reno,,1974-05-13 19:00:00,CST,1974-05-13 19:00:00,0,0,0,0,0K,0,,F2,Unknown,3.6,100,,,,,38.1,-97.85,38.15,-97.82,,,KS,1974-05-13 20:00:00,1974-05-13 20:00:00,True,True
,10022494,Kansas,79,Harvey,,1974-05-13 19:05:00,CST,1974-05-13 19:05:00,2,0,0,0,0K,0,,F2,Unknown,36.2,100,,,,,38.15,-97.82,38.17,-97.15,,,KS,1974-05-13 20:05:00,1974-05-13 20:05:00,True,True
,10022497,Kansas,115,Marion,,1974-05-13 19:45:00,CST,1974-05-13 19:45:00,0,0,0,0,0K,0,,F2,Unknown,11.9,100,,,,,38.17,-97.15,38.2,-96.93,,,KS,1974-05-13 20:45:00,1974-05-13 20:45:00,True,True
,10022503,Kansas,173,Sedgwick,,1974-05-13 22:00:00,CST,1974-05-13 22:00:00,0,0,0,0,2.5K,0,,F0,Unknown,40.2,27,,,,,37.67,-97.5,37.92,-96.83,,,KS,1974-05-13 23:00:00,1974-05-13 23:00:00,True,True
,10032291,Kentucky,85,Grayson,,1974-04-03 15:00:00,CST,1974-04-03 15:00:00,2,0,0,0,.25K,0,,F4,Unknown,14.0,150,,,,,37.42,-86.57,37.5,-86.33,,,KY,1974-04-03 16:00:00,1974-04-03 16:00:00,True,True
,10032294,Kentucky,15,Boone,,1974-04-03 15:25:00,CST,1974-04-03 15:25:00,20,0,0,0,2.5M,0,,F5,Unknown,14.0,33,,,,,38.98,-84.87,39.12,-84.67,,,KY,1974-04-03 16:25:00,1974-04-03 16:25:00,True,True
,10032296,Kentucky,111,Jefferson,,1974-04-03 15:37:00,CST,1974-04-03 15:37:00,225,0,3,0,0K,0,,F4,Unknown,14.2,33,,,,,38.2,-85.75,38.32,-85.53,,,KY,1974-04-03 16:37:00,1974-04-03 16:37:00,True,True
,10032300,Kentucky,213,Simpson,,1974-04-03 15:45:00,CST,1974-04-03 15:45:00,12,0,1,0,2.5M,0,,F3,Unknown,9.2,33,,,,,36.72,-86.53,36.8,-86.4,,,KY,1974-04-03 16:45:00,1974-04-03 16:45:00,True,True
,10032302,Kentucky,185,Oldham,,1974-04-03 15:50:00,CST,1974-04-03 15:50:00,0,0,0,0,.25K,0,,F4,Unknown,4.3,33,,,,,38.32,-85.53,38.37,-85.48,,,KY,1974-04-03 16:50:00,1974-04-03 16:50:00,True,True
,10032303,Kentucky,227,Warren,,1974-04-03 15:55:00,CST,1974-04-03 15:55:00,45,0,2,0,2.5M,0,,F3,Unknown,17.2,33,,,,,36.8,-86.4,36.95,-86.15,,,KY,1974-04-03 16:55:00,1974-04-03 16:55:00,True,True
,10012017,Iowa,69,Franklin,,1974-06-03 19:00:00,CST,1974-06-03 19:00:00,0,0,0,0,0K,0,,F0,Unknown,0.0,33,,,,,42.77,-93.2,,,,,IA,1974-06-03 20:00:00,1974-06-03 20:00:00,True,True
,10009061,Illinois,19,Champaign,,1974-04-12 20:05:00,CST,1974-04-12 20:05:00,0,0,0,0,250K,0,,F2,Unknown,12.5,20,,,,,40.1,-88.1,40.27,-88.0,,,IL,1974-04-12 21:05:00,1974-04-12 21:05:00,True,True
,10009063,Illinois,67,Hancock,,1974-04-13 18:40:00,CST,1974-04-13 18:40:00,0,0,0,0,2.5M,0,,F3,Unknown,11.0,700,,,,,40.27,-91.48,40.38,-91.33,,,IL,1974-04-13 19:40:00,1974-04-13 19:40:00,True,True
,10009064,Illinois,67,Hancock,,1974-04-13 19:00:00,CST,1974-04-13 19:00:00,10,0,0,0,2.5M,0,,F2,Unknown,4.3,500,,,,,40.23,-90.95,40.3,-90.92,,,IL,1974-04-13 20:00:00,1974-04-13 20:00:00,True,True
,10009065,Illinois,109,Mcdonough,,1974-04-13 19:00:00,CST,1974-04-13 19:00:00,0,0,0,0,250K,0,,F2,Unknown,15.2,500,,,,,40.3,-90.92,40.43,-90.68,,,IL,1974-04-13 19:00:00,1974-04-13 19:00:00,False,False
,10009066,Illinois,131,Mercer,,1974-04-13 19:00:00,CST,1974-04-13 19:00:00,0,0,0,0,25K,0,,F2,Unknown,0.1,20,,,,,41.2,-90.45,,,,,IL,1974-04-13 20:00:00,1974-04-13 20:00:00,True,True
,10009068,Illinois,131,Mercer,,1974-04-13 19:04:00,CST,1974-04-13 19:04:00,1,0,0,0,2.5K,0,,F2,Unknown,0.1,17,,,,,41.23,-90.42,,,,,IL,1974-04-13 20:04:00,1974-04-13 20:04:00,True,True
,10009071,Illinois,73,Henry,,1974-04-21 13:40:00,CST,1974-04-21 13:40:00,0,0,0,0,2.5K,0,,F2,Unknown,2.0,50,,,,,41.37,-90.05,,,,,IL,1974-04-21 14:40:00,1974-04-21 14:40:00,True,True
,10009072,Illinois,141,Ogle,,1974-04-21 15:15:00,CST,1974-04-21 15:15:00,2,0,0,0,250K,0,,F1,Unknown,0.0,33,,,,,42.05,-89.27,,,,,IL,1974-04-21 16:15:00,1974-04-21 16:15:00,True,True
,10009074,Illinois,141,Ogle,,1974-04-21 15:55:00,CST,1974-04-21 15:55:00,0,0,0,0,250K,0,,F1,Unknown,0.0,33,,,,,41.98,-89.58,,,,,IL,1974-04-21 16:55:00,1974-04-21 16:55:00,True,True
,10021328,Kansas,127,Morris,,1974-03-07 22:30:00,CST,1974-03-07 22:30:00,0,0,0,0,250K,0,,F2,Unknown,9.4,220,,,,,38.63,-96.7,38.68,-96.53,,,KS,1974-03-07 23:30:00,1974-03-07 23:30:00,True,True
,10021329,Kansas,127,Morris,,1974-03-07 22:40:00,CST,1974-03-07 22:40:00,0,0,0,0,250K,0,,F2,Unknown,4.5,220,,,,,38.68,-96.53,38.73,-96.48,,,KS,1974-03-07 23:40:00,1974-03-07 23:40:00,True,True
,10021330,Kansas,197,Wabaunsee,,1974-03-07 22:50:00,CST,1974-03-07 22:50:00,0,0,0,0,250K,0,,F2,Unknown,5.1,220,,,,,38.73,-96.48,38.8,-96.43,,,KS,1974-03-07 23:50:00,1974-03-07 23:50:00,True,True
,10021331,Kansas,197,Wabaunsee,,1974-03-07 23:30:00,CST,1974-03-07 23:30:00,0,0,0,0,250K,0,,F2,Unknown,28.3,220,,,,,38.8,-96.43,38.97,-95.95,,,KS,1974-03-08 00:30:00,1974-03-08 00:30:00,True,True
,10021333,Kansas,177,Shawnee,,1974-03-08 00:05:00,CST,1974-03-08 00:05:00,0,0,0,0,250K,0,,F2,Unknown,29.0,220,,,,,38.97,-95.95,39.2,-95.5,,,KS,1974-03-08 01:05:00,1974-03-08 01:05:00,True,True
,10021334,Kansas,177,Shawnee,,1974-03-08 00:30:00,CST,1974-03-08 00:30:00,0,0,0,0,250K,0,,F2,Unknown,14.9,220,,,,,39.2,-95.5,39.42,-95.5,,,KS,1974-03-08 01:30:00,1974-03-08 01:30:00,True,True
,10021335,Kansas,5,Atchison,,1974-03-08 01:00:00,CST,1974-03-08 01:00:00,0,0,0,0,250K,0,,F2,Unknown,17.2,220,,,,,39.42,-95.5,39.67,-95.5,,,KS,1974-03-08 02:00:00,1974-03-08 02:00:00,True,True
,10092949,Oklahoma,143,Tulsa,,1974-06-08 16:20:00,CST,1974-06-08 16:20:00,0,0,0,0,250K,0,,F4,Unknown,3.8,100,,,,,36.15,-96.3,36.2,-96.27,,,OK,1974-06-08 17:20:00,1974-06-08 17:20:00,True,True
,10092951,Oklahoma,81,Lincoln,,1974-06-08 16:46:00,CST,1974-06-08 16:46:00,8,0,0,0,2.5M,0,,F3,Unknown,6.8,1300,,,,,35.68,-96.8,35.77,-96.73,,,OK,1974-06-08 17:46:00,1974-06-08 17:46:00,True,True
,10092952,Oklahoma,81,Lincoln,,1974-06-08 16:55:00,CST,1974-06-08 16:55:00,0,0,0,0,.25K,0,,F1,Unknown,1.5,50,,,,,35.67,-96.77,,,,,OK,1974-06-08 17:55:00,1974-06-08 17:55:00,True,True
,10092953,Oklahoma,81,Lincoln,,1974-06-08 17:03:00,CST,1974-06-08 17:03:00,0,0,0,0,25K,0,,F2,Unknown,0.0,1500,,,,,35.77,-96.68,35.78,-96.67,,,OK,1974-06-08 18:03:00,1974-06-08 18:03:00,True,True
,10092954,Oklahoma,81,Lincoln,,1974-06-08 17:20:00,CST,1974-06-08 17:20:00,0,0,0,0,25K,0,,F3,Unknown,2.5,350,,,,,35.62,-96.73,,,,,OK,1974-06-08 18:20:00,1974-06-08 18:20:00,True,True
,10092955,Oklahoma,37,Creek,,1974-06-08 17:35:00,CST,1974-06-08 17:35:00,0,0,0,0,25K,0,,F2,Unknown,4.3,100,,,,,35.87,-96.4,35.9,-96.33,,,OK,1974-06-08 18:35:00,1974-06-08 18:35:00,True,True
,10092956,Oklahoma,143,Tulsa,,1974-06-08 17:40:00,CST,1974-06-08 17:40:00,0,0,0,0,25K,0,,F2,Unknown,5.4,60,,,,,36.33,-95.88,36.4,-95.83,,,OK,1974-06-08 18:40:00,1974-06-08 18:40:00,True,True
,10092957,Oklahoma,133,Seminole,,1974-06-08 17:45:00,CST,1974-06-08 17:45:00,0,0,0,0,2.5M,0,,F2,Unknown,11.8,450,,,,,35.3,-96.78,35.38,-96.6,,,OK,1974-06-08 18:45:00,1974-06-08 18:45:00,True,True
,10092958,Oklahoma,143,Tulsa,,1974-06-08 17:50:00,CST,1974-06-08 17:50:00,70,0,2,0,25M,0,,F3,Unknown,12.8,100,,,,,35.98,-96.0,36.15,-95.9,,,OK,1974-06-08 18:50:00,1974-06-08 18:50:00,True,True
,10092959,Oklahoma,143,Tulsa,,1974-06-08 17:50:00,CST,1974-06-08 17:50:00,35,0,0,0,25M,0,,F3,Unknown,19.5,100,,,,,36.0,-96.1,36.08,-95.77,,,OK,1974-06-08 18:50:00,1974-06-08 18:50:00,True,True
,10014525,Iowa,79,Hamilton,,1974-06-22 01:25:00,CST,1974-06-22 01:25:00,0,0,0,0,250K,0,,F2,Unknown,0.0,100,,,,,42.3,-93.65,42.32,-93.6,,,IA,1974-06-22 02:25:00,1974-06-22 02:25:00,True,True
,9998350,Florida,103,Pinellas,,1974-07-25 11:15:00,CST,1974-07-25 11:15:00,0,0,0,0,25K,0,,F0,Unknown,0.1,7,,,,,27.83,-82.6,,,,,FL,1974-07-25 12:15:00,1974-07-25 12:15:00,True,True
,9998353,Florida,113,Santa Rosa,,1974-08-01 14:50:00,CST,1974-08-01 14:50:00,0,0,0,0,2.5K,0,,F0,Unknown,0.1,10,,,,,30.63,-87.03,,,,,FL,1974-08-01 15:50:00,1974-08-01 15:50:00,True,True
,9998354,Florida,71,Lee,,1974-08-02 14:30:00,CST,1974-08-02 14:30:00,0,0,0,0,25K,0,,F0,Unknown,0.1,7,,,,,26.45,-81.95,,,,,FL,1974-08-02 15:30:00,1974-08-02 15:30:00,True,True
,9998356,Florida,71,Lee,,1974-08-06 14:45:00,CST,1974-08-06 14:45:00,0,0,0,0,25K,0,,F0,Unknown,0.1,10,,,,,26.68,-81.92,,,,,FL,1974-08-06 15:45:00,1974-08-06 15:45:00,True,True
,9998357,Florida,69,Lake,,1974-08-06 15:20:00,CST,1974-08-06 15:20:00,0,0,0,0,250K,0,,F1,Unknown,0.5,500,,,,,28.85,-81.67,,,,,FL,1974-08-06 16:20:00,1974-08-06 16:20:00,True,True
,9998358,Florida,83,Marion,,1974-08-06 18:30:00,CST,1974-08-06 18:30:00,0,0,0,0,25K,0,,F1,Unknown,0.3,20,,,,,29.18,-82.13,,,,,FL,1974-08-06 19:30:00,1974-08-06 19:30:00,True,True
,10032316,Kentucky,45,Casey,,1974-04-03 17:35:00,CST,1974-04-03 17:35:00,0,0,0,0,2.5M,0,,F3,Unknown,5.2,33,,,,,37.43,-84.92,37.5,-84.87,,,KY,1974-04-03 18:35:00,1974-04-03 18:35:00,True,True
,10032317,Kentucky,137,Lincoln,,1974-04-03 17:40:00,CST,1974-04-03 17:40:00,65,0,0,0,0K,0,,F3,Unknown,7.2,33,,,,,37.5,-84.87,37.58,-84.78,,,KY,1974-04-03 18:40:00,1974-04-03 18:40:00,True,True
,9998365,Florida,11,Broward,,1974-08-19 14:30:00,CST,1974-08-19 14:30:00,0,0,0,0,25K,0,,F0,Unknown,0.1,10,,,,,26.28,-80.23,,,,,FL,1974-08-19 15:30:00,1974-08-19 15:30:00,True,True
,9998367,Florida,57,Hillsborough,,1974-08-26 17:30:00,CST,1974-08-26 17:30:00,0,0,0,0,2.5K,0,,F0,Unknown,0.1,10,,,,,27.98,-82.47,,,,,FL,1974-08-26 18:30:00,1974-08-26 18:30:00,True,True
,9998368,Florida,81,Manatee,,1974-08-27 16:15:00,CST,1974-08-27 16:15:00,0,0,0,0,25K,0,,F0,Unknown,0.2,50,,,,,27.48,-82.57,,,,,FL,1974-08-27 17:15:00,1974-08-27 17:15:00,True,True
,9998372,Florida,113,Santa Rosa,,1974-09-07 23:30:00,CST,1974-09-07 23:30:00,0,0,0,0,25K,0,,F1,Unknown,0.1,20,,,,,30.72,-87.23,,,,,FL,1974-09-08 00:30:00,1974-09-08 00:30:00,True,True
,9998379,Florida,91,Okaloosa,,1974-12-07 08:25:00,CST,1974-12-07 08:25:00,0,0,0,0,.25K,0,,F2,Unknown,5.2,100,,,,,30.37,-86.65,30.42,-86.72,,,FL,1974-12-07 08:25:00,1974-12-07 08:25:00,False,False
,9998380,Florida,115,Sarasota,,1974-12-16 13:10:00,CST,1974-12-16 13:10:00,0,0,0,0,.25K,0,,F0,Unknown,0.1,10,,,,,26.95,-82.35,,,,,FL,1974-12-16 13:10:00,1974-12-16 13:10:00,False,False
,9998381,Florida,15,Charlotte,,1974-12-16 13:45:00,CST,1974-12-16 13:45:00,0,0,0,0,2.5K,0,,F0,Unknown,0.1,10,,,,,26.97,-82.1,,,,,FL,1974-12-16 13:45:00,1974-12-16 13:45:00,False,False
,9998382,Florida,99,Palm Beach,,1974-12-16 16:42:00,CST,1974-12-16 16:42:00,0,0,0,0,0K,0,,F0,Unknown,0.1,10,,,,,26.73,-80.13,,,,,FL,1974-12-16 16:42:00,1974-12-16 16:42:00,False,False
,10040837,Michigan,51,Gladwin,,1974-09-12 16:30:00,CST,1974-09-12 16:30:00,0,0,0,0,25K,0,,F1,Unknown,0.0,33,,,,,43.87,-84.32,,,,,MI,1974-09-12 17:30:00,1974-09-12 17:30:00,True,True
,10032336,Kentucky,209,Scott,,1974-04-03 19:15:00,CST,1974-04-03 19:15:00,20,0,0,0,2.5M,0,,F2,Unknown,10.0,33,,,,,38.23,-84.65,38.3,-84.48,,,KY,1974-04-03 20:15:00,1974-04-03 20:15:00,True,True
,10150758,Virginia,135,Nottoway,,1974-05-12 15:00:00,CST,1974-05-12 15:00:00,0,0,0,0,25K,0,,F2,Unknown,0.0,33,,,,,37.18,-78.2,,,,,VA,1974-05-12 16:00:00,1974-05-12 16:00:00,True,True
,9980041,Arkansas,43,Drew,,1974-01-28 01:30:00,CST,1974-01-28 01:30:00,0,0,0,0,25K,0,,F1,Unknown,6.8,100,,,,,33.55,-91.57,33.6,-91.47,,,AR,1974-01-28 02:30:00,1974-01-28 02:30:00,True,True
,10161791,Wyoming,25,Natrona,,1974-08-09 17:43:00,CST,1974-08-09 17:43:00,0,0,0,0,.03K,0,,F1,Unknown,0.0,33,,,,,42.92,-106.68,,,,,WY,1974-08-09 18:43:00,1974-08-09 18:43:00,True,True
,10161792,Wyoming,19,Johnson,,1974-08-14 16:00:00,CST,1974-08-14 16:00:00,2,0,0,0,2.5K,0,,F1,Unknown,1.5,67,,,,,43.88,-107.08,,,,,WY,1974-08-14 17:00:00,1974-08-14 17:00:00,True,True
,10161795,Wyoming,21,Laramie,,1974-08-28 22:00:00,CST,1974-08-28 22:00:00,0,0,0,0,2.5K,0,,F1,Unknown,0.0,33,,,,,41.65,-104.87,,,,,WY,1974-08-28 23:00:00,1974-08-28 23:00:00,True,True
,9994590,Georgia,167,Johnson,,1974-06-07 18:15:00,CST,1974-06-07 18:15:00,0,0,0,0,25K,0,,F1,Unknown,1.0,50,,,,,32.68,-82.52,,,,,GA,1974-06-07 19:15:00,1974-06-07 19:15:00,True,True
,10008002,Illinois,197,Will,,1974-06-20 18:50:00,CST,1974-06-20 18:50:00,0,0,0,0,0K,0,,F0,Unknown,0.0,33,,,,,41.57,-87.82,,,,,IL,1974-06-20 19:50:00,1974-06-20 19:50:00,True,True
,9988552,Colorado,115,Sedgwick,,1974-05-19 19:05:00,CST,1974-05-19 19:05:00,0,0,0,0,0K,0,,F1,Unknown,2.3,50,,,,,40.87,-102.32,40.92,-102.3,,,CO,1974-05-19 20:05:00,1974-05-19 20:05:00,True,True
,9981116,Arizona,21,Pinal,,1974-07-25 18:30:00,CST,1974-07-25 18:30:00,0,0,0,0,25K,0,,F0,Unknown,0.1,27,,,,,33.05,-110.9,,,,,AZ,1974-07-25 18:30:00,1974-07-25 18:30:00,False,False
,10150999,Virginia,41,Chesterfield,,1974-12-01 12:30:00,CST,1974-12-01 12:30:00,7,0,0,0,250K,0,,F1,Unknown,1.0,33,,,,,37.42,-77.47,,,,,VA,1974-12-01 12:30:00,1974-12-01 12:30:00,False,False
,10123176,Tennessee,139,Polk,,1974-03-21 00:40:00,CST,1974-03-21 00:40:00,7,0,0,0,250K,0,,F2,Unknown,0.8,300,,,,,35.0,-84.75,,,,,TN,1974-03-21 01:40:00,1974-03-21 01:40:00,True,True
,9981104,Arizona,19,Pima,,1974-06-23 17:03:00,CST,1974-06-23 17:03:00,0,0,0,0,2.5K,0,,F0,Unknown,2.0,20,,,,,32.07,-110.95,,,,,AZ,1974-06-23 17:03:00,1974-06-23 17:03:00,False,False
,10017195,Indiana,87,Lagrange,,1974-04-03 17:55:00,CST,1974-04-03 17:55:00,5,0,0,0,25K,0,,F1,Unknown,8.8,350,,,,,41.58,-85.38,41.68,-85.27,,,IN,1974-04-03 18:55:00,1974-04-03 18:55:00,True,True
,10150986,Virginia,131,Northampton,,1974-07-05 16:30:00,CST,1974-07-05 16:30:00,0,0,0,0,.03K,0,,F0,Unknown,0.2,17,,,,,37.4,-75.92,,,,,VA,1974-07-05 17:30:00,1974-07-05 17:30:00,True,True
,10150992,Virginia,131,Northampton,,1974-08-17 17:10:00,CST,1974-08-17 17:10:00,0,0,0,0,2.5K,0,,F1,Unknown,0.5,17,,,,,37.52,-75.93,,,,,VA,1974-08-17 18:10:00,1974-08-17 18:10:00,True,True
,9978238,Alabama,111,Randolph,,1974-01-26 17:00:00,CST,1974-01-26 17:00:00,7,0,1,0,250K,0,,F3,Unknown,21.3,150,,,,,33.13,-85.47,33.4,-85.28,,,AL,1974-01-26 18:00:00,1974-01-26 18:00:00,True,True
,10047369,Mississippi,59,Jackson,,1974-09-08 01:45:00,CST,1974-09-08 01:45:00,0,0,0,0,.03K,0,,F0,Unknown,0.1,50,,,,,30.42,-88.82,,,,,MS,1974-09-08 02:45:00,1974-09-08 02:45:00,True,True
,10036125,Louisiana,35,East Carroll,,1974-05-31 13:25:00,CST,1974-05-31 13:25:00,0,0,0,0,25K,0,,F1,Unknown,12.8,33,,,,,32.53,-91.35,32.57,-91.13,,,LA,1974-05-31 14:25:00,1974-05-31 14:25:00,True,True
,10036148,Louisiana,9,Avoyelles,,1974-06-23 16:00:00,CST,1974-06-23 16:00:00,0,0,0,0,25K,0,,F0,Unknown,0.0,33,,,,,30.95,-91.97,,,,,LA,1974-06-23 17:00:00,1974-06-23 17:00:00,True,True
,10038590,Michigan,163,Wayne,,1974-02-28 16:25:00,CST,1974-02-28 16:25:00,0,0,0,0,.25K,0,,F2,Unknown,0.1,50,,,,,42.1,-83.45,,,,,MI,1974-02-28 17:25:00,1974-02-28 17:25:00,True,True
,10149323,Wisconsin,81,Monroe,,1974-08-30 17:30:00,CST,1974-08-30 17:30:00,0,0,0,0,2.5K,0,,F0,Unknown,0.3,17,,,,,43.88,-90.82,,,,,WI,1974-08-30 18:30:00,1974-08-30 18:30:00,True,True
,10053921,Mississippi,77,Lawrence,,1974-02-21 14:30:00,CST,1974-02-21 14:30:00,13,0,0,0,250K,0,,F3,Unknown,9.8,200,,,,,31.55,-90.2,31.65,-90.08,,,MS,1974-02-21 15:30:00,1974-02-21 15:30:00,True,True
,10085774,North Dakota,105,Williams,,1974-07-11 15:30:00,CST,1974-07-11 15:30:00,0,0,0,0,2.5K,0,,F3,Unknown,0.0,33,,,,,48.33,-102.85,,,,,ND,1974-07-11 16:30:00,1974-07-11 16:30:00,True,True
,10161575,Wyoming,3,Big Horn,,1974-07-20 20:30:00,CST,1974-07-20 20:30:00,0,0,0,0,2.5K,0,,F1,Unknown,0.0,33,,,,,44.63,-107.67,,,,,WY,1974-07-20 21:30:00,1974-07-20 21:30:00,True,True
,10161578,Wyoming,1,Albany,,1974-08-09 13:50:00,CST,1974-08-09 13:50:00,0,0,0,0,.03K,0,,F1,Unknown,0.0,33,,,,,41.0,-106.17,,,,,WY,1974-08-09 14:50:00,1974-08-09 14:50:00,True,True
,9993551,Georgia,187,Lumpkin,,1974-04-03 19:00:00,CST,1974-04-03 19:00:00,0,0,0,0,2.5M,0,,F4,Unknown,3.3,200,,,,,34.5,-84.15,34.53,-84.12,,,GA,1974-04-03 20:00:00,1974-04-03 20:00:00,True,True
,10085795,North Dakota,29,Emmons,,1974-08-19 18:15:00,CST,1974-08-19 18:15:00,0,0,0,0,25K,0,,F2,Unknown,0.0,33,,,,,46.5,-100.08,,,,,ND,1974-08-19 19:15:00,1974-08-19 19:15:00,True,True
,10092950,Oklahoma,113,Osage,,1974-06-08 16:40:00,CST,1974-06-08 16:40:00,15,0,1,0,250K,0,,F4,Unknown,10.7,200,,,,,36.27,-96.12,36.42,-96.07,,,OK,1974-06-08 17:40:00,1974-06-08 17:40:00,True,True
,10124055,Tennessee,147,Robertson,,1974-04-03 15:00:00,CST,1974-04-03 15:00:00,0,0,0,0,25K,0,,F1,Unknown,4.3,27,,,,,36.48,-86.97,36.52,-86.9,,,TN,1974-04-03 16:00:00,1974-04-03 16:00:00,True,True
,10124318,Tennessee,151,Scott,,1974-04-03 22:50:00,CST,1974-04-03 22:50:00,21,0,0,0,250K,0,,F3,Unknown,13.0,400,,,,,36.48,-84.6,36.58,-84.4,,,TN,1974-04-03 23:50:00,1974-04-03 23:50:00,True,True
,10067165,Nebraska,163,Sherman,,1974-04-20 15:05:00,CST,1974-04-20 15:05:00,0,0,0,0,25K,0,,F2,Unknown,22.8,33,,,,,41.2,-98.98,41.48,-98.75,,,NE,1974-04-20 16:05:00,1974-04-20 16:05:00,True,True
,10145542,West Virginia,25,Greenbrier,,1974-04-04 02:40:00,CST,1974-04-04 02:40:00,3,0,0,0,2.5M,0,,F3,Unknown,18.1,33,,,,,37.9,-80.78,38.02,-80.48,,,WV,1974-04-04 03:40:00,1974-04-04 03:40:00,True,True
,9979404,Alabama,73,Jefferson,,1974-04-03 15:30:00,CST,1974-04-03 15:30:00,0,0,0,0,25K,0,,F2,Unknown,1.0,800,,,,,33.45,-87.05,,,,,AL,1974-04-03 16:30:00,1974-04-03 16:30:00,True,True
,10032935,Louisiana,119,Webster,,1974-10-28 15:38:00,CST,1974-10-28 15:38:00,0,0,0,0,2.5K,0,,F1,Unknown,0.1,17,,,,,32.63,-93.27,,,,,LA,1974-10-28 15:38:00,1974-10-28 15:38:00,False,False
,10032332,Kentucky,199,Pulaski,,1974-04-03 18:55:00,CST,1974-04-03 18:55:00,30,0,6,0,2.5M,0,,F3,Unknown,10.3,33,,,,,37.03,-84.4,37.15,-84.28,,,KY,1974-04-03 19:55:00,1974-04-03 19:55:00,True,True
,10149906,Virginia,15,Augusta,,1974-04-04 04:40:00,CST,1974-04-04 04:40:00,0,0,0,0,2.5M,0,,F1,Unknown,15.2,17,,,,,38.15,-79.17,38.25,-78.92,,,VA,1974-04-04 05:40:00,1974-04-04 05:40:00,True,True
,10149078,Wisconsin,55,Jefferson,,1974-06-20 18:08:00,CST,1974-06-20 18:08:00,0,0,0,0,0K,0,,F1,Unknown,0.5,50,,,,,43.1,-88.93,,,,,WI,1974-06-20 19:08:00,1974-06-20 19:08:00,True,True
,10161567,Wyoming,3,Big Horn,,1974-06-20 15:00:00,CST,1974-06-20 15:00:00,0,0,0,0,2.5K,0,,F1,Unknown,0.1,33,,,,,44.38,-108.05,,,,,WY,1974-06-20 16:00:00,1974-06-20 16:00:00,True,True
,10161568,Wyoming,3,Big Horn,,1974-06-20 15:30:00,CST,1974-06-20 15:30:00,0,0,0,0,2.5K,0,,F1,Unknown,0.1,33,,,,,44.5,-107.72,,,,,WY,1974-06-20 16:30:00,1974-06-20 16:30:00,True,True
,10161570,Wyoming,37,Sweetwater,,1974-06-27 16:00:00,CST,1974-06-27 16:00:00,0,0,0,0,25K,0,,F1,Unknown,0.1,33,,,,,41.53,-109.48,,,,,WY,1974-06-27 17:00:00,1974-06-27 17:00:00,True,True
,10161571,Wyoming,15,Goshen,,1974-07-01 18:00:00,CST,1974-07-01 18:00:00,0,0,0,0,25K,0,,F1,Unknown,0.0,33,,,,,42.48,-104.07,,,,,WY,1974-07-01 19:00:00,1974-07-01 19:00:00,True,True
,10030433,Louisiana,49,Jackson,,1974-03-28 20:20:00,CST,1974-03-28 20:20:00,0,0,0,0,25K,0,,F1,Unknown,8.8,33,,,,,32.43,-92.57,32.45,-92.42,,,LA,1974-03-28 21:20:00,1974-03-28 21:20:00,True,True
,9998344,Florida,71,Lee,,1974-07-19 15:50:00,CST,1974-07-19 15:50:00,0,0,0,0,.25K,0,,F0,Unknown,0.1,10,,,,,26.68,-81.88,,,,,FL,1974-07-19 16:50:00,1974-07-19 16:50:00,True,True
,10161579,Wyoming,1,Albany,,1974-08-09 14:15:00,CST,1974-08-09 14:15:00,0,0,0,0,.03K,0,,F1,Unknown,0.0,33,,,,,41.32,-105.83,,,,,WY,1974-08-09 15:15:00,1974-08-09 15:15:00,True,True
,10050712,Mississippi,67,Jones,,1974-04-22 14:00:00,CST,1974-04-22 14:00:00,0,0,0,0,25K,0,,F2,Unknown,0.0,33,,,,,31.67,-89.4,,,,,MS,1974-04-22 15:00:00,1974-04-22 15:00:00,True,True
,9976072,Alabama,93,Marion,,1974-04-03 20:00:00,CST,1974-04-03 20:00:00,250,0,23,0,0K,0,,F5,Unknown,22.8,500,,,,,33.95,-87.95,34.15,-87.63,,,AL,1974-04-03 21:00:00,1974-04-03 21:00:00,True,True
,9976129,Alabama,3,Baldwin,,1974-09-07 18:05:00,CST,1974-09-07 18:05:00,0,0,0,0,0K,0,,F0,Unknown,0.0,33,,,,,30.6,-87.9,,,,,AL,1974-09-07 19:05:00,1974-09-07 19:05:00,True,True
,10092932,Oklahoma,63,Hughes,,1974-06-06 19:00:00,CST,1974-06-06 19:00:00,0,0,0,0,250K,0,,F1,Unknown,2.0,500,,,,,35.27,-96.03,,,,,OK,1974-06-06 20:00:00,1974-06-06 20:00:00,True,True
,10092936,Oklahoma,5,Atoka,,1974-06-06 21:30:00,CST,1974-06-06 21:30:00,0,0,0,0,25K,0,,F2,Unknown,3.8,100,,,,,34.3,-96.0,34.33,-95.95,,,OK,1974-06-06 22:30:00,1974-06-06 22:30:00,True,True
,10092941,Oklahoma,109,Oklahoma,,1974-06-08 13:42:00,CST,1974-06-08 13:42:00,14,0,0,0,2.5M,0,,F3,Unknown,8.9,250,,,,,35.4,-97.6,35.5,-97.5,,,OK,1974-06-08 14:42:00,1974-06-08 14:42:00,True,True
,10092942,Oklahoma,109,Oklahoma,,1974-06-08 14:11:00,CST,1974-06-08 14:11:00,0,0,0,0,25K,0,,F2,Unknown,4.5,50,,,,,35.52,-97.37,35.57,-97.32,,,OK,1974-06-08 15:11:00,1974-06-08 15:11:00,True,True
,10092943,Oklahoma,109,Oklahoma,,1974-06-08 14:18:00,CST,1974-06-08 14:18:00,0,0,0,0,2.5K,0,,F3,Unknown,10.2,600,,,,,35.55,-97.35,35.63,-97.2,,,OK,1974-06-08 15:18:00,1974-06-08 15:18:00,True,True
,10092944,Oklahoma,47,Garfield,,1974-06-08 14:30:00,CST,1974-06-08 14:30:00,0,0,0,0,25K,0,,F1,Unknown,0.2,23,,,,,36.47,-97.7,,,,,OK,1974-06-08 15:30:00,1974-06-08 15:30:00,True,True
,10092945,Oklahoma,109,Oklahoma,,1974-06-08 15:35:00,CST,1974-06-08 15:35:00,0,0,0,0,25K,0,,F1,Unknown,2.5,100,,,,,35.4,-97.57,,,,,OK,1974-06-08 16:35:00,1974-06-08 16:35:00,True,True
,10092946,Oklahoma,109,Oklahoma,,1974-06-08 15:48:00,CST,1974-06-08 15:48:00,0,0,0,0,25K,0,,F3,Unknown,9.0,127,,,,,35.48,-97.3,35.53,-97.15,,,OK,1974-06-08 16:48:00,1974-06-08 16:48:00,True,True
,10092947,Oklahoma,37,Creek,,1974-06-08 15:55:00,CST,1974-06-08 15:55:00,135,0,13,0,2.5M,0,,F4,Unknown,14.5,400,,,,,35.95,-96.65,36.08,-96.45,,,OK,1974-06-08 16:55:00,1974-06-08 16:55:00,True,True
,10149888,Virginia,51,Dickenson,,1974-04-04 01:20:00,CST,1974-04-04 01:20:00,0,0,0,0,250K,0,,F1,Unknown,7.3,17,,,,,37.25,-82.42,37.3,-82.3,,,VA,1974-04-04 02:20:00,1974-04-04 02:20:00,True,True
,10149889,Virginia,105,Lee,,1974-04-04 01:21:00,CST,1974-04-04 01:21:00,0,0,0,0,.25K,0,,F0,Unknown,8.6,17,,,,,36.68,-83.07,36.72,-82.92,,,VA,1974-04-04 02:21:00,1974-04-04 02:21:00,True,True
,10149893,Virginia,520,Bristol (C),,1974-04-04 02:00:00,CST,1974-04-04 02:00:00,0,0,0,0,2.5K,0,,F0,Unknown,4.3,2500,,,,,36.58,-82.27,36.62,-82.2,,,VA,1974-04-04 02:00:00,1974-04-04 02:00:00,False,False
,9993523,Georgia,77,Coweta,,1974-03-29 04:10:00,CST,1974-03-29 04:10:00,0,0,0,0,2.5K,0,,F1,Unknown,0.5,33,,,,,33.37,-84.83,,,,,GA,1974-03-29 05:10:00,1974-03-29 05:10:00,True,True
,10149898,Virginia,191,Washington,,1974-04-04 03:00:00,CST,1974-04-04 03:00:00,1,0,1,0,250K,0,,F3,Unknown,5.4,177,,,,,36.85,-81.92,36.87,-81.82,,,VA,1974-04-04 04:00:00,1974-04-04 04:00:00,True,True
,10149901,Virginia,173,Smyth,,1974-04-04 03:05:00,CST,1974-04-04 03:05:00,3,0,0,0,250K,0,,F3,Unknown,3.0,177,,,,,36.87,-81.82,36.88,-81.77,,,VA,1974-04-04 04:05:00,1974-04-04 04:05:00,True,True
,10149908,Virginia,161,Roanoke,,1974-04-04 05:00:00,CST,1974-04-04 05:00:00,0,0,0,0,2.5M,0,,F2,Unknown,6.5,177,,,,,37.3,-80.03,37.32,-79.92,,,VA,1974-04-04 06:00:00,1974-04-04 06:00:00,True,True
,10147956,Wisconsin,27,Dodge,,1974-04-21 15:30:00,CST,1974-04-21 15:30:00,6,0,0,0,2.5M,0,,F3,Unknown,18.6,200,,,,,43.5,-88.75,43.6,-88.4,,,WI,1974-04-21 16:30:00,1974-04-21 16:30:00,True,True
,10147958,Wisconsin,39,Fond Du Lac,,1974-04-21 15:55:00,CST,1974-04-21 15:55:00,5,0,1,0,2.5M,0,,F3,Unknown,11.9,200,,,,,43.6,-88.4,43.65,-88.17,,,WI,1974-04-21 15:55:00,1974-04-21 15:55:00,False,False
,10147959,Wisconsin,117,Sheboygan,,1974-04-21 16:05:00,CST,1974-04-21 16:05:00,7,0,1,0,2.5M,0,,F3,Unknown,28.1,200,,,,,43.65,-88.17,43.9,-87.72,,,WI,1974-04-21 17:05:00,1974-04-21 17:05:00,True,True
,10148200,Wisconsin,81,Monroe,,1974-06-14 16:00:00,CST,1974-06-14 16:00:00,0,0,0,0,2.5K,0,,F1,Unknown,9.0,33,,,,,44.13,-90.78,44.02,-90.68,,,WI,1974-06-14 17:00:00,1974-06-14 17:00:00,True,True
,10148201,Wisconsin,83,Oconto,,1974-06-14 16:10:00,CST,1974-06-14 16:10:00,0,0,0,0,2.5K,0,,F1,Unknown,0.2,30,,,,,44.88,-88.32,,,,,WI,1974-06-14 17:10:00,1974-06-14 17:10:00,True,True
,10134324,Texas,341,Moore,,1974-06-03 18:30:00,CST,1974-06-03 18:30:00,0,0,0,0,0K,0,,F0,Unknown,0.5,30,,,,,36.05,-102.0,,,,,TX,1974-06-03 19:30:00,1974-06-03 19:30:00,True,True
,10134325,Texas,107,Crosby,,1974-06-03 18:35:00,CST,1974-06-03 18:35:00,0,0,0,0,.03K,0,,F0,Unknown,0.5,27,,,,,33.73,-101.37,,,,,TX,1974-06-03 19:35:00,1974-06-03 19:35:00,True,True
,10135194,Texas,151,Fisher,,1974-06-03 22:10:00,CST,1974-06-03 22:10:00,0,0,0,0,0K,0,,F1,Unknown,4.7,30,,,,,32.58,-100.25,32.53,-100.2,,,TX,1974-06-03 23:10:00,1974-06-03 23:10:00,True,True
,10135195,Texas,503,Young,,1974-06-04 03:15:00,CST,1974-06-04 03:15:00,0,0,0,0,0K,0,,F2,Unknown,1.0,467,,,,,33.1,-98.6,,,,,TX,1974-06-04 04:15:00,1974-06-04 04:15:00,True,True
,10135204,Texas,191,Hall,,1974-06-04 23:10:00,CST,1974-06-04 23:10:00,0,0,0,0,0K,0,,F0,Unknown,0.5,20,,,,,34.4,-100.88,,,,,TX,1974-06-05 00:10:00,1974-06-05 00:10:00,True,True
,10134331,Texas,441,Taylor,,1974-06-03 22:10:00,CST,1974-06-03 22:10:00,0,0,0,0,0K,0,,F1,Unknown,0.0,33,,,,,32.58,-100.25,,,,,TX,1974-06-03 23:10:00,1974-06-03 23:10:00,True,True
,10009155,Illinois,137,Morgan,,1974-08-02 13:00:00,CST,1974-08-02 13:00:00,0,0,0,0,25K,0,,F1,Unknown,2.3,33,,,,,39.73,-90.25,39.75,-90.2,,,IL,1974-08-02 14:00:00,1974-08-02 14:00:00,True,True
,10015649,Iowa,131,Mitchell,,1974-06-03 17:35:00,CST,1974-06-03 17:35:00,0,0,0,0,25K,0,,F1,Unknown,3.0,200,,,,,43.28,-92.73,43.32,-92.67,,,IA,1974-06-03 18:35:00,1974-06-03 18:35:00,True,True
,10134055,Texas,87,Collingsworth,,1974-04-10 21:10:00,CST,1974-04-10 21:10:00,0,0,0,0,0K,0,,F1,Unknown,2.0,33,,,,,34.85,-100.3,,,,,TX,1974-04-10 22:10:00,1974-04-10 22:10:00,True,True
,10134056,Texas,251,Johnson,,1974-04-11 04:15:00,CST,1974-04-11 04:15:00,0,0,0,0,25K,0,,F1,Unknown,3.3,100,,,,,32.47,-97.38,32.5,-97.35,,,TX,1974-04-11 05:15:00,1974-04-11 05:15:00,True,True
,10135425,Texas,231,Hunt,,1974-06-07 15:30:00,CST,1974-06-07 15:30:00,1,0,0,0,25K,0,,F2,Unknown,1.0,100,,,,,33.22,-96.22,,,,,TX,1974-06-07 16:30:00,1974-06-07 16:30:00,True,True
,10135426,Texas,231,Hunt,,1974-06-07 16:30:00,CST,1974-06-07 16:30:00,0,0,0,0,25K,0,,F2,Unknown,0.0,33,,,,,33.15,-95.95,,,,,TX,1974-06-07 17:30:00,1974-06-07 17:30:00,True,True
,10135430,Texas,375,Potter,,1974-06-07 18:50:00,CST,1974-06-07 18:50:00,0,0,0,0,.03K,0,,F1,Unknown,4.7,200,,,,,35.22,-101.72,35.22,-101.63,,,TX,1974-06-07 19:50:00,1974-06-07 19:50:00,True,True
,10135431,Texas,191,Hall,,1974-06-07 19:45:00,CST,1974-06-07 19:45:00,0,0,0,0,0K,0,,F1,Unknown,1.0,30,,,,,34.58,-100.65,,,,,TX,1974-06-07 20:45:00,1974-06-07 20:45:00,True,True
,10135436,Texas,129,Donley,,1974-06-11 14:34:00,CST,1974-06-11 14:34:00,0,0,0,0,0K,0,,F0,Unknown,0.5,17,,,,,35.27,-100.9,,,,,TX,1974-06-11 15:34:00,1974-06-11 15:34:00,True,True
,10135438,Texas,113,Dallas,,1974-06-12 05:15:00,CST,1974-06-12 05:15:00,0,0,0,0,0K,0,,,Unknown,0.0,33,,,,,32.95,-96.78,,,,,TX,1974-06-12 06:15:00,1974-06-12 06:15:00,True,True
,10135440,Texas,229,Hudspeth,,1974-06-12 15:20:00,CST,1974-06-12 15:20:00,0,0,0,0,0K,0,,F1,Unknown,4.5,30,,,,,31.97,-105.63,31.92,-105.58,,,TX,1974-06-12 16:20:00,1974-06-12 16:20:00,True,True
,10032924,Louisiana,115,Vernon,,1974-08-03 17:30:00,CST,1974-08-03 17:30:00,1,0,0,0,25K,0,,F0,Unknown,0.2,23,,,,,30.9,-93.1,,,,,LA,1974-08-03 18:30:00,1974-08-03 18:30:00,True,True
,10032925,Louisiana,103,St. Tammany,,1974-08-04 13:50:00,CST,1974-08-04 13:50:00,0,0,0,0,2.5K,0,,F1,Unknown,0.7,33,,,,,30.32,-89.93,,,,,LA,1974-08-04 14:50:00,1974-08-04 14:50:00,True,True
,10032927,Louisiana,43,Grant,,1974-08-18 16:05:00,CST,1974-08-18 16:05:00,0,0,0,0,25K,0,,F1,Unknown,18.8,500,,,,,31.62,-92.78,31.38,-92.62,,,LA,1974-08-18 17:05:00,1974-08-18 17:05:00,True,True
,10135442,Texas,229,Hudspeth,,1974-06-12 17:00:00,CST,1974-06-12 17:00:00,0,0,0,0,0K,0,,F1,Unknown,2.0,20,,,,,31.93,-105.03,,,,,TX,1974-06-12 18:00:00,1974-06-12 18:00:00,True,True
,10010222,Illinois,131,Mercer,,1974-06-14 15:08:00,CST,1974-06-14 15:08:00,1,0,0,0,0K,0,,F3,Unknown,26.9,440,,,,,41.3,-90.58,40.93,-90.4,,,IL,1974-06-14 16:08:00,1974-06-14 16:08:00,True,True
,10010223,Illinois,95,Knox,,1974-06-14 15:08:00,CST,1974-06-14 15:08:00,1,0,0,0,0K,0,,F3,Unknown,14.9,33,,,,,40.93,-90.4,40.72,-90.4,,,IL,1974-06-14 16:08:00,1974-06-14 16:08:00,True,True
,10009124,Illinois,173,Shelby,,1974-06-22 14:04:00,CST,1974-06-22 14:04:00,0,0,0,0,0K,0,,F0,Unknown,0.0,33,,,,,39.35,-88.8,,,,,IL,1974-06-22 15:04:00,1974-06-22 15:04:00,True,True
,10009125,Illinois,29,Coles,,1974-06-22 15:30:00,CST,1974-06-22 15:30:00,0,0,0,0,0K,0,,,Unknown,0.0,33,,,,,39.53,-88.02,,,,,IL,1974-06-22 16:30:00,1974-06-22 16:30:00,True,True
,10009126,Illinois,87,Johnson,,1974-06-22 16:00:00,CST,1974-06-22 16:00:00,0,0,0,0,0K,0,,F2,Unknown,0.0,33,,,,,37.55,-89.0,,,,,IL,1974-06-22 17:00:00,1974-06-22 17:00:00,True,True
,10009127,Illinois,99,La Salle,,1974-07-01 21:44:00,CST,1974-07-01 21:44:00,0,0,0,0,0K,0,,F0,Unknown,0.0,33,,,,,41.3,-88.72,,,,,IL,1974-07-01 22:44:00,1974-07-01 22:44:00,True,True
,10009140,Illinois,31,Cook,,1974-07-14 12:15:00,CST,1974-07-14 12:15:00,0,0,0,0,0K,0,,F0,Unknown,0.0,33,,,,,41.95,-88.08,,,,,IL,1974-07-14 13:15:00,1974-07-14 13:15:00,True,True
,10010214,Illinois,89,Kane,,1974-06-09 18:40:00,CST,1974-06-09 18:40:00,0,0,0,0,0K,0,,F0,Unknown,0.0,33,,,,,42.08,-88.3,,,,,IL,1974-06-09 19:40:00,1974-06-09 19:40:00,True,True
,10010215,Illinois,91,Kankakee,,1974-06-09 19:44:00,CST,1974-06-09 19:44:00,0,0,0,0,0K,0,,F1,Unknown,0.0,33,,,,,41.13,-87.87,,,,,IL,1974-06-09 20:44:00,1974-06-09 20:44:00,True,True
,10006901,Illinois,103,Lee,,1974-06-20 17:45:00,CST,1974-06-20 17:45:00,0,0,0,0,0K,0,,,Unknown,0.0,33,,,,,41.78,-89.42,,,,,IL,1974-06-20 18:45:00,1974-06-20 18:45:00,True,True
,10006902,Illinois,141,Ogle,,1974-06-20 17:45:00,CST,1974-06-20 17:45:00,0,0,0,0,0K,0,,F0,Unknown,0.0,33,,,,,42.12,-89.17,,,,,IL,1974-06-20 18:45:00,1974-06-20 18:45:00,True,True
,10132539,Texas,389,Reeves,,1974-04-26 01:14:00,CST,1974-04-26 01:14:00,12,0,0,0,250K,0,,F2,Unknown,0.5,110,,,,,31.42,-103.48,,,,,TX,1974-04-26 02:14:00,1974-04-26 02:14:00,True,True
,10001673,Florida,101,Pasco,,1974-05-16 15:18:00,CST,1974-05-16 15:18:00,0,0,0,0,25K,0,,F1,Unknown,0.5,17,,,,,28.33,-82.18,,,,,FL,1974-05-16 16:18:00,1974-05-16 16:18:00,True,True
,10001677,Florida,101,Pasco,,1974-05-27 08:10:00,CST,1974-05-27 08:10:00,0,0,0,0,2.5K,0,,F0,Unknown,0.5,10,,,,,28.25,-82.72,,,,,FL,1974-05-27 09:10:00,1974-05-27 09:10:00,True,True
,10132544,Texas,87,Collingsworth,,1974-04-28 22:20:00,CST,1974-04-28 22:20:00,0,0,0,0,0K,0,,F1,Unknown,1.0,20,,,,,34.9,-100.27,,,,,TX,1974-04-28 23:20:00,1974-04-28 23:20:00,True,True
,10132545,Texas,239,Jackson,,1974-04-30 05:30:00,CST,1974-04-30 05:30:00,0,0,0,0,.25K,0,,F0,Unknown,0.5,10,,,,,29.02,-96.5,,,,,TX,1974-04-30 06:30:00,1974-04-30 06:30:00,True,True
,10010221,Illinois,161,Rock Island,,1974-06-14 15:08:00,CST,1974-06-14 15:08:00,0,0,0,0,0K,0,,F3,Unknown,6.8,33,,,,,41.38,-90.67,41.3,-90.58,,,IL,1974-06-14 16:08:00,1974-06-14 16:08:00,True,True
,10132499,Texas,309,Mclennan,,1974-04-13 17:52:00,CST,1974-04-13 17:52:00,0,0,0,0,0K,0,,F1,Unknown,1.0,17,,,,,31.72,-97.23,,,,,TX,1974-04-13 17:52:00,1974-04-13 17:52:00,False,False
,10132509,Texas,227,Howard,,1974-04-18 18:00:00,CST,1974-04-18 18:00:00,0,0,0,0,0K,0,,F1,Unknown,0.3,10,,,,,32.13,-101.62,,,,,TX,1974-04-18 19:00:00,1974-04-18 19:00:00,True,True
,10132512,Texas,65,Carson,,1974-04-19 15:35:00,CST,1974-04-19 15:35:00,0,0,0,0,0K,0,,F1,Unknown,1.9,20,,,,,35.6,-101.28,35.62,-101.25,,,TX,1974-04-19 16:35:00,1974-04-19 16:35:00,True,True
,10013412,Iowa,45,Clinton,,1974-06-20 16:45:00,CST,1974-06-20 16:45:00,20,0,1,0,2.5M,0,,F3,Unknown,10.6,200,,,,,41.98,-90.27,41.83,-90.2,,,IA,1974-06-20 17:45:00,1974-06-20 17:45:00,True,True
,10032918,Louisiana,57,Lafourche,,1974-07-23 19:00:00,CST,1974-07-23 19:00:00,0,0,0,0,2.5K,0,,F1,Unknown,0.8,17,,,,,29.72,-90.63,,,,,LA,1974-07-23 20:00:00,1974-07-23 20:00:00,True,True
,10132517,Texas,393,Roberts,,1974-04-19 19:20:00,CST,1974-04-19 19:20:00,0,0,0,0,0K,0,,F2,Unknown,5.9,30,,,,,35.95,-100.58,36.02,-100.52,,,TX,1974-04-19 20:20:00,1974-04-19 20:20:00,True,True
,10132521,Texas,485,Wichita,,1974-04-20 16:30:00,CST,1974-04-20 16:30:00,0,0,0,0,.25K,0,,F1,Unknown,0.5,100,,,,,34.02,-98.42,,,,,TX,1974-04-20 17:30:00,1974-04-20 17:30:00,True,True
,10132526,Texas,497,Wise,,1974-04-21 14:00:00,CST,1974-04-21 14:00:00,1,0,0,0,2.5K,0,,F1,Unknown,0.0,33,,,,,33.33,-97.7,,,,,TX,1974-04-21 15:00:00,1974-04-21 15:00:00,True,True
,10132528,Texas,277,Lamar,,1974-04-21 16:45:00,CST,1974-04-21 16:45:00,0,0,0,0,25K,0,,F2,Unknown,0.3,33,,,,,33.58,-95.45,,,,,TX,1974-04-21 17:45:00,1974-04-21 17:45:00,True,True
,10132533,Texas,387,Red River,,1974-04-21 17:05:00,CST,1974-04-21 17:05:00,0,0,0,0,0K,0,,F1,Unknown,1.0,33,,,,,33.5,-94.9,,,,,TX,1974-04-21 18:05:00,1974-04-21 18:05:00,True,True
,10132534,Texas,277,Lamar,,1974-04-21 17:15:00,CST,1974-04-21 17:15:00,6,0,0,0,25K,0,,F2,Unknown,1.0,33,,,,,33.67,-95.38,,,,,TX,1974-04-21 18:15:00,1974-04-21 18:15:00,True,True
,10132535,Texas,257,Kaufman,,1974-04-21 17:50:00,CST,1974-04-21 17:50:00,0,0,0,0,0K,0,,F2,Unknown,1.0,200,,,,,32.73,-96.28,,,,,TX,1974-04-21 18:50:00,1974-04-21 18:50:00,True,True
,10006872,Illinois,19,Champaign,,1974-06-19 19:50:00,CST,1974-06-19 19:50:00,0,0,0,0,0K,0,,F0,Unknown,0.0,33,,,,,40.32,-88.35,,,,,IL,1974-06-19 20:50:00,1974-06-19 20:50:00,True,True
,10006873,Illinois,147,Piatt,,1974-06-19 20:15:00,CST,1974-06-19 20:15:00,0,0,0,0,0K,0,,F0,Unknown,0.0,33,,,,,40.02,-88.73,,,,,IL,1974-06-19 21:15:00,1974-06-19 21:15:00,True,True
,10147947,Wisconsin,73,Marathon,,1974-04-12 14:05:00,CST,1974-04-12 14:05:00,0,0,0,0,25K,0,,F2,Unknown,0.0,150,,,,,45.03,-90.17,45.07,-90.15,,,WI,1974-04-12 15:05:00,1974-04-12 15:05:00,True,True
,10147948,Wisconsin,115,Shawano,,1974-04-12 14:15:00,CST,1974-04-12 14:15:00,1,0,0,0,250K,0,,F2,Unknown,10.7,150,,,,,44.83,-89.17,44.88,-88.95,,,WI,1974-04-12 15:15:00,1974-04-12 15:15:00,True,True
,10147952,Wisconsin,39,Fond Du Lac,,1974-04-21 14:40:00,CST,1974-04-21 14:40:00,0,0,0,0,2.5M,0,,F4,Unknown,12.5,200,,,,,43.75,-88.83,43.9,-88.68,,,WI,1974-04-21 14:40:00,1974-04-21 14:40:00,False,False
,10147953,Wisconsin,139,Winnebago,,1974-04-21 14:50:00,CST,1974-04-21 14:50:00,35,0,0,0,2.5M,0,,F4,Unknown,13.5,200,,,,,43.9,-88.68,44.07,-88.53,,,WI,1974-04-21 15:50:00,1974-04-21 15:50:00,True,True
,10147954,Wisconsin,27,Dodge,,1974-04-21 15:00:00,CST,1974-04-21 15:00:00,0,0,0,0,2.5M,0,,F3,Unknown,22.2,200,,,,,43.55,-88.75,43.67,-88.33,,,WI,1974-04-21 16:00:00,1974-04-21 16:00:00,True,True
,10147955,Wisconsin,75,Marinette,,1974-04-21 15:25:00,CST,1974-04-21 15:25:00,0,0,0,0,25K,0,,F2,Unknown,2.7,200,,,,,45.28,-88.07,45.32,-88.0,,,WI,1974-04-21 16:25:00,1974-04-21 16:25:00,True,True
,10006878,Illinois,85,Jo Daviess,,1974-06-20 16:45:00,CST,1974-06-20 16:45:00,0,0,0,0,0K,0,,F0,Unknown,0.0,33,,,,,42.5,-89.98,,,,,IL,1974-06-20 17:45:00,1974-06-20 17:45:00,True,True
,10006883,Illinois,195,Whiteside,,1974-06-20 17:00:00,CST,1974-06-20 17:00:00,0,0,0,0,0K,0,,F0,Unknown,0.0,33,,,,,41.83,-90.17,,,,,IL,1974-06-20 18:00:00,1974-06-20 18:00:00,True,True
,10006886,Illinois,73,Henry,,1974-06-20 17:12:00,CST,1974-06-20 17:12:00,0,0,0,0,0K,0,,F0,Unknown,0.0,33,,,,,41.52,-90.5,,,,,IL,1974-06-20 18:12:00,1974-06-20 18:12:00,True,True
,10132066,Texas,157,Fort Bend,,1974-09-13 09:00:00,CST,1974-09-13 09:00:00,2,0,0,0,0K,0,,F3,Unknown,3.6,73,,,,,29.58,-95.75,29.62,-95.72,,,TX,1974-09-13 10:00:00,1974-09-13 10:00:00,True,True
,10132067,Texas,39,Brazoria,,1974-09-13 11:45:00,CST,1974-09-13 11:45:00,0,0,0,0,.03K,0,,F0,Unknown,0.2,13,,,,,29.33,-95.43,,,,,TX,1974-09-13 12:45:00,1974-09-13 12:45:00,True,True
,10132068,Texas,355,Nueces,,1974-09-21 09:14:00,CST,1974-09-21 09:14:00,0,0,0,0,.03K,0,,F0,Unknown,0.2,17,,,,,27.63,-97.33,,,,,TX,1974-09-21 10:14:00,1974-09-21 10:14:00,True,True
,10132069,Texas,319,Mason,,1974-09-28 15:05:00,CST,1974-09-28 15:05:00,0,0,0,0,.03K,0,,F0,Unknown,0.3,13,,,,,28.93,-96.2,,,,,TX,1974-09-28 16:05:00,1974-09-28 16:05:00,True,True
,10132070,Texas,355,Nueces,,1974-09-28 16:45:00,CST,1974-09-28 16:45:00,0,0,0,0,.03K,0,,F1,Unknown,0.3,17,,,,,27.58,-97.47,,,,,TX,1974-09-28 17:45:00,1974-09-28 17:45:00,True,True
,10132075,Texas,97,Cooke,,1974-10-28 04:17:00,CST,1974-10-28 04:17:00,0,0,0,0,250K,0,,F2,Unknown,3.3,33,,,,,33.65,-97.2,33.63,-97.15,,,TX,1974-10-28 04:17:00,1974-10-28 04:17:00,False,False
,10132076,Texas,71,Chambers,,1974-10-28 11:40:00,CST,1974-10-28 11:40:00,0,0,0,0,250K,0,,F2,Unknown,20.5,33,,,,,29.52,-94.48,29.78,-94.33,,,TX,1974-10-28 11:40:00,1974-10-28 11:40:00,False,False
,10132077,Texas,245,Jefferson,,1974-10-28 13:30:00,CST,1974-10-28 13:30:00,2,0,0,0,25K,0,,F2,Unknown,0.0,33,,,,,29.85,-93.98,,,,,TX,1974-10-28 13:30:00,1974-10-28 13:30:00,False,False
,10032908,Louisiana,15,Bossier,,1974-07-14 17:10:00,CST,1974-07-14 17:10:00,0,0,0,0,2.5K,0,,F1,Unknown,0.0,33,,,,,32.87,-93.73,,,,,LA,1974-07-14 18:10:00,1974-07-14 18:10:00,True,True
,10032914,Louisiana,19,Calcasieu,,1974-07-16 16:45:00,CST,1974-07-16 16:45:00,0,0,0,0,2.5K,0,,F1,Unknown,0.8,27,,,,,30.15,-93.58,,,,,LA,1974-07-16 17:45:00,1974-07-16 17:45:00,True,True
,10135459,Texas,355,Nueces,,1974-07-13 12:56:00,CST,1974-07-13 12:56:00,0,0,0,0,0K,0,,F0,Unknown,0.0,33,,,,,27.78,-97.95,,,,,TX,1974-07-13 13:56:00,1974-07-13 13:56:00,True,True
,10135461,Texas,201,Harris,,1974-07-14 15:30:00,CST,1974-07-14 15:30:00,0,0,0,0,2.5M,0,,F2,Unknown,0.8,880,,,,,29.78,-95.57,,,,,TX,1974-07-14 16:30:00,1974-07-14 16:30:00,True,True
,10135464,Texas,361,Orange,,1974-07-27 16:15:00,CST,1974-07-27 16:15:00,0,0,0,0,250K,0,,F1,Unknown,1.0,100,,,,,30.08,-93.78,,,,,TX,1974-07-27 17:15:00,1974-07-27 17:15:00,True,True
,10135469,Texas,229,Hudspeth,,1974-08-01 22:10:00,CST,1974-08-01 22:10:00,0,0,0,0,0K,0,,F0,Unknown,0.3,17,,,,,31.93,-105.2,,,,,TX,1974-08-01 23:10:00,1974-08-01 23:10:00,True,True
,10135472,Texas,11,Armstrong,,1974-08-07 18:45:00,CST,1974-08-07 18:45:00,0,0,0,0,0K,0,,F0,Unknown,0.5,20,,,,,36.33,-102.52,,,,,TX,1974-08-07 19:45:00,1974-08-07 19:45:00,True,True
,10135473,Texas,65,Carson,,1974-08-07 21:20:00,CST,1974-08-07 21:20:00,0,0,0,0,0K,0,,F0,Unknown,0.3,17,,,,,35.63,-101.6,,,,,TX,1974-08-07 22:20:00,1974-08-07 22:20:00,True,True
,10135474,Texas,55,Caldwell,,1974-08-08 10:30:00,CST,1974-08-08 10:30:00,0,0,0,0,0K,0,,F0,Unknown,0.5,100,,,,,29.9,-97.5,,,,,TX,1974-08-08 11:30:00,1974-08-08 11:30:00,True,True
,10031211,Kentucky,103,Henry,,1974-04-01 18:20:00,CST,1974-04-01 18:20:00,20,0,1,0,2.5M,0,,F3,Unknown,3.3,300,,,,,38.5,-85.23,38.53,-85.18,,,KY,1974-04-01 19:20:00,1974-04-01 19:20:00,True,True
,10031212,Kentucky,63,Elliott,,1974-04-01 18:30:00,CST,1974-04-01 18:30:00,3,0,0,0,250K,0,,F1,Unknown,2.0,150,,,,,38.08,-83.12,,,,,KY,1974-04-01 19:30:00,1974-04-01 19:30:00,True,True
,10014562,Iowa,103,Johnson,,1974-07-22 01:25:00,CST,1974-07-22 01:25:00,0,0,0,0,25K,0,,F1,Unknown,1.0,150,,,,,41.48,-91.45,,,,,IA,1974-07-22 02:25:00,1974-07-22 02:25:00,True,True
,9993526,Georgia,109,Evans,,1974-03-29 08:40:00,CST,1974-03-29 08:40:00,2,0,0,0,25K,0,,F1,Unknown,0.0,33,,,,,32.17,-81.92,,,,,GA,1974-03-29 09:40:00,1974-03-29 09:40:00,True,True
,9993537,Georgia,123,Gilmer,,1974-04-03 12:00:00,CST,1974-04-03 12:00:00,3,0,0,0,2.5M,0,,F2,Unknown,12.6,200,,,,,34.68,-84.5,34.82,-84.35,,,GA,1974-04-03 13:00:00,1974-04-03 13:00:00,True,True
,9993538,Georgia,111,Fannin,,1974-04-03 12:20:00,CST,1974-04-03 12:20:00,2,0,0,0,2.5M,0,,F2,Unknown,3.0,200,,,,,34.82,-84.35,34.85,-84.32,,,GA,1974-04-03 13:20:00,1974-04-03 13:20:00,True,True
,9993539,Georgia,129,Gordon,,1974-04-03 16:40:00,CST,1974-04-03 16:40:00,25,0,6,0,2.5M,0,,F4,Unknown,6.6,150,,,,,34.5,-85.05,34.57,-84.97,,,GA,1974-04-03 17:40:00,1974-04-03 17:40:00,True,True
,9993540,Georgia,313,Whitfield,,1974-04-03 16:50:00,CST,1974-04-03 16:50:00,25,0,2,0,2.5M,0,,F4,Unknown,3.3,150,,,,,34.57,-84.97,34.6,-84.93,,,GA,1974-04-03 17:50:00,1974-04-03 17:50:00,True,True
,9993541,Georgia,143,Haralson,,1974-04-03 17:10:00,CST,1974-04-03 17:10:00,5,0,1,0,2.5M,0,,F2,Unknown,29.6,150,,,,,33.67,-85.35,33.9,-84.92,,,GA,1974-04-03 18:10:00,1974-04-03 18:10:00,True,True
,9993542,Georgia,213,Murray,,1974-04-03 17:10:00,CST,1974-04-03 17:10:00,15,0,0,0,2.5M,0,,F4,Unknown,14.9,150,,,,,34.6,-84.93,34.77,-84.77,,,GA,1974-04-03 18:10:00,1974-04-03 18:10:00,True,True
,10148188,Wisconsin,59,Kenosha,,1974-06-09 18:55:00,CST,1974-06-09 18:55:00,0,0,0,0,250K,0,,F1,Unknown,2.0,50,,,,,42.65,-87.9,,,,,WI,1974-06-09 19:55:00,1974-06-09 19:55:00,True,True
,9993543,Georgia,223,Paulding,,1974-04-03 17:30:00,CST,1974-04-03 17:30:00,8,0,0,0,0K,0,,F2,Unknown,16.5,150,,,,,33.9,-84.92,34.08,-84.73,,,GA,1974-04-03 18:30:00,1974-04-03 18:30:00,True,True
,9993545,Georgia,67,Cobb,,1974-04-03 17:50:00,CST,1974-04-03 17:50:00,7,0,0,0,0K,0,,F2,Unknown,2.3,150,,,,,34.08,-84.73,34.1,-84.72,,,GA,1974-04-03 18:50:00,1974-04-03 18:50:00,True,True
,9993546,Georgia,15,Bartow,,1974-04-03 17:55:00,CST,1974-04-03 17:55:00,0,0,0,0,0K,0,,F2,Unknown,3.8,150,,,,,34.1,-84.72,34.13,-84.67,,,GA,1974-04-03 18:55:00,1974-04-03 18:55:00,True,True
,9993547,Georgia,213,Murray,,1974-04-03 18:05:00,CST,1974-04-03 18:05:00,2,0,1,0,250K,0,,F4,Unknown,4.7,200,,,,,34.77,-84.77,34.8,-84.7,,,GA,1974-04-03 19:05:00,1974-04-03 19:05:00,True,True
,9993548,Georgia,227,Pickens,,1974-04-03 18:30:00,CST,1974-04-03 18:30:00,17,0,1,0,2.5M,0,,F4,Unknown,7.6,200,,,,,34.37,-84.33,34.45,-84.25,,,GA,1974-04-03 19:30:00,1974-04-03 19:30:00,True,True
,9993550,Georgia,57,Cherokee,,1974-04-03 19:00:00,EST,1974-04-03 19:00:00,0,0,0,0,0K,0,,F2,Unknown,3.3,150,,,,,34.13,-84.67,34.17,-84.63,,,GA,1974-04-03 20:00:00,1974-04-03 20:00:00,True,True
,9993552,Georgia,111,Fannin,,1974-04-03 19:20:00,CST,1974-04-03 19:20:00,0,0,0,0,2.5M,0,,F4,Unknown,5.1,400,,,,,34.95,-84.3,34.97,-84.22,,,GA,1974-04-03 20:20:00,1974-04-03 20:20:00,True,True
,10132105,Texas,1,Anderson,,1974-10-31 10:30:00,CST,1974-10-31 10:30:00,0,0,0,0,25K,0,,F1,Unknown,0.0,33,,,,,31.57,-95.5,,,,,TX,1974-10-31 10:30:00,1974-10-31 10:30:00,False,False
,10132107,Texas,201,Harris,,1974-10-31 12:20:00,CST,1974-10-31 12:20:00,0,0,0,0,0K,0,,F2,Unknown,1.9,167,,,,,29.62,-95.17,29.62,-95.15,,,TX,1974-10-31 12:20:00,1974-10-31 12:20:00,False,False
,10132108,Texas,201,Harris,,1974-10-31 15:30:00,CST,1974-10-31 15:30:00,1,0,0,0,250K,0,,F2,Unknown,4.3,77,,,,,29.68,-95.07,29.72,-95.02,,,TX,1974-10-31 15:30:00,1974-10-31 15:30:00,False,False
,10132109,Texas,201,Harris,,1974-11-01 06:45:00,CST,1974-11-01 06:45:00,0,0,0,0,0K,0,,F0,Unknown,0.0,33,,,,,29.57,-95.07,,,,,TX,1974-11-01 06:45:00,1974-11-01 06:45:00,False,False
,10132115,Texas,169,Garza,,1974-11-02 22:45:00,CST,1974-11-02 22:45:00,0,0,0,0,0K,0,,F0,Unknown,6.2,30,,,,,33.1,-101.52,33.17,-101.45,,,TX,1974-11-02 22:45:00,1974-11-02 22:45:00,False,False
,10133414,Texas,277,Lamar,,1974-05-03 18:00:00,CST,1974-05-03 18:00:00,0,0,0,0,25K,0,,F2,Unknown,0.0,33,,,,,33.67,-95.38,,,,,TX,1974-05-03 19:00:00,1974-05-03 19:00:00,True,True
,10132104,Texas,1,Anderson,,1974-10-31 08:50:00,CST,1974-10-31 08:50:00,4,0,0,0,0K,0,,F3,Unknown,2.0,500,,,,,31.62,-95.58,,,,,TX,1974-10-31 08:50:00,1974-10-31 08:50:00,False,False
,10012299,Iowa,153,Polk,,1974-06-18 21:35:00,CST,1974-06-18 21:35:00,50,0,2,0,25M,0,,F4,Unknown,15.3,400,,,,,41.73,-93.62,41.52,-93.53,,,IA,1974-06-18 22:35:00,1974-06-18 22:35:00,True,True
,9981148,Arkansas,7,Benton,,1974-05-09 16:18:00,CST,1974-05-09 16:18:00,0,0,0,0,25K,0,,F1,Unknown,0.3,100,,,,,36.37,-94.23,,,,,AR,1974-05-09 17:18:00,1974-05-09 17:18:00,True,True
,10015997,Indiana,157,Tippecanoe,,1974-04-01 16:32:00,CST,1974-04-01 16:32:00,0,0,0,0,25K,0,,F2,Unknown,1.5,77,,,,,40.42,-86.87,,,,,IN,1974-04-01 17:32:00,1974-04-01 17:32:00,True,True
,10016002,Indiana,65,Henry,,1974-04-01 17:55:00,CST,1974-04-01 17:55:00,0,0,0,0,25K,0,,F2,Unknown,1.0,50,,,,,39.8,-85.52,,,,,IN,1974-04-01 18:55:00,1974-04-01 18:55:00,True,True
,10132078,Texas,245,Jefferson,,1974-10-28 13:55:00,CST,1974-10-28 13:55:00,3,0,0,0,250K,0,,F2,Unknown,8.3,50,,,,,30.05,-94.1,30.17,-94.12,,,TX,1974-10-28 13:55:00,1974-10-28 13:55:00,False,False
,10132079,Texas,199,Hardin,,1974-10-28 14:10:00,CST,1974-10-28 14:10:00,0,0,0,0,250K,0,,F2,Unknown,8.4,50,,,,,30.17,-94.12,30.28,-94.15,,,TX,1974-10-28 14:10:00,1974-10-28 14:10:00,False,False
,10132080,Texas,201,Harris,,1974-10-28 16:40:00,CST,1974-10-28 16:40:00,7,0,1,0,2.5M,0,,F3,Unknown,3.3,50,,,,,29.7,-95.02,29.73,-94.98,,,TX,1974-10-28 16:40:00,1974-10-28 16:40:00,False,False
,10132081,Texas,291,Liberty,,1974-10-28 16:47:00,CST,1974-10-28 16:47:00,0,0,0,0,0K,0,,F0,Unknown,0.0,33,,,,,30.03,-94.83,,,,,TX,1974-10-28 16:47:00,1974-10-28 16:47:00,False,False
,10132082,Texas,71,Chambers,,1974-10-28 17:00:00,CST,1974-10-28 17:00:00,0,0,1,0,0K,0,,F3,Unknown,9.6,67,,,,,29.63,-94.37,29.75,-94.28,,,TX,1974-10-28 17:00:00,1974-10-28 17:00:00,False,False
,10132083,Texas,245,Jefferson,,1974-10-28 17:58:00,CST,1974-10-28 17:58:00,0,0,0,0,0K,0,,F2,Unknown,0.0,33,,,,,30.07,-94.1,,,,,TX,1974-10-28 17:58:00,1974-10-28 17:58:00,False,False
,10132086,Texas,133,Eastland,,1974-10-30 15:00:00,CST,1974-10-30 15:00:00,0,0,0,0,2.5K,0,,F1,Unknown,0.0,33,,,,,32.38,-98.97,,,,,TX,1974-10-30 15:00:00,1974-10-30 15:00:00,False,False
,10132087,Texas,97,Cooke,,1974-10-30 15:20:00,CST,1974-10-30 15:20:00,0,0,0,0,0K,0,,F0,Unknown,4.5,33,,,,,33.43,-97.18,33.5,-97.17,,,TX,1974-10-30 15:20:00,1974-10-30 15:20:00,False,False
,10132088,Texas,97,Cooke,,1974-10-30 15:45:00,CST,1974-10-30 15:45:00,1,0,0,0,250K,0,,F2,Unknown,0.5,40,,,,,33.63,-97.15,,,,,TX,1974-10-30 15:45:00,1974-10-30 15:45:00,False,False
,10132089,Texas,181,Grayson,,1974-10-30 16:00:00,CST,1974-10-30 16:00:00,0,0,0,0,25K,0,,F2,Unknown,0.0,33,,,,,33.72,-96.9,,,,,TX,1974-10-30 16:00:00,1974-10-30 16:00:00,False,False
,10132091,Texas,285,Lavaca,,1974-10-30 16:30:00,CST,1974-10-30 16:30:00,0,0,0,0,2.5K,0,,F1,Unknown,0.5,50,,,,,29.53,-96.95,,,,,TX,1974-10-30 16:30:00,1974-10-30 16:30:00,False,False
,10132093,Texas,491,Williamson,,1974-10-30 19:00:00,CST,1974-10-30 19:00:00,0,0,0,0,0K,0,,F2,Unknown,1.8,200,,,,,30.68,-97.67,,,,,TX,1974-10-30 19:00:00,1974-10-30 19:00:00,False,False
,10132097,Texas,349,Navarro,,1974-10-31 00:46:00,CST,1974-10-31 00:46:00,0,0,0,0,25K,0,,F2,Unknown,0.0,33,,,,,32.05,-96.68,,,,,TX,1974-10-31 00:46:00,1974-10-31 00:46:00,False,False
,10132098,Texas,217,Hill,,1974-10-31 02:00:00,CST,1974-10-31 02:00:00,0,0,0,0,25K,0,,F1,Unknown,0.0,33,,,,,32.0,-97.13,,,,,TX,1974-10-31 02:00:00,1974-10-31 02:00:00,False,False
,10132100,Texas,333,Mills,,1974-10-31 03:00:00,CST,1974-10-31 03:00:00,0,0,0,0,2.5K,0,,F1,Unknown,0.0,33,,,,,31.45,-98.57,,,,,TX,1974-10-31 03:00:00,1974-10-31 03:00:00,False,False
,10132101,Texas,223,Hopkins,,1974-10-31 04:30:00,CST,1974-10-31 04:30:00,1,0,0,0,2.5M,0,,F2,Unknown,4.7,40,,,,,33.13,-95.6,33.17,-95.53,,,TX,1974-10-31 04:30:00,1974-10-31 04:30:00,False,False
,10132496,Texas,309,Mclennan,,1974-04-13 17:30:00,CST,1974-04-13 17:30:00,1,0,0,0,25K,0,,F2,Unknown,0.5,33,,,,,31.55,-97.25,,,,,TX,1974-04-13 17:30:00,1974-04-13 17:30:00,False,False
,10032899,Louisiana,77,Pointe Coupee,,1974-07-03 16:00:00,CST,1974-07-03 16:00:00,0,0,0,0,2.5K,0,,F1,Unknown,0.2,23,,,,,30.7,-91.6,,,,,LA,1974-07-03 17:00:00,1974-07-03 17:00:00,True,True
,10007822,Illinois,115,Macon,,1974-08-10 15:40:00,CST,1974-08-10 15:40:00,0,0,0,0,0K,0,,F0,Unknown,0.0,33,,,,,39.77,-89.05,,,,,IL,1974-08-10 16:40:00,1974-08-10 16:40:00,True,True
,10007823,Illinois,115,Macon,,1974-08-10 15:40:00,CST,1974-08-10 15:40:00,0,0,0,0,0K,0,,F0,Unknown,0.0,33,,,,,39.63,-89.0,,,,,IL,1974-08-10 16:40:00,1974-08-10 16:40:00,True,True
,10133140,Texas,245,Jefferson,,1974-02-21 08:11:00,CST,1974-02-21 08:11:00,0,0,0,0,25K,0,,F1,Unknown,0.0,33,,,,,30.07,-94.12,,,,,TX,1974-02-21 09:11:00,1974-02-21 09:11:00,True,True
,10133150,Texas,279,Lamb,,1974-03-09 13:10:00,CST,1974-03-09 13:10:00,0,0,0,0,2.5K,0,,F1,Unknown,9.3,20,,,,,33.82,-102.2,33.93,-102.12,,,TX,1974-03-09 14:10:00,1974-03-09 14:10:00,True,True
,10136344,Texas,167,Galveston,,1974-08-18 13:00:00,CST,1974-08-18 13:00:00,0,0,0,0,2.5K,0,,F1,Unknown,0.2,17,,,,,29.4,-94.8,,,,,TX,1974-08-18 14:00:00,1974-08-18 14:00:00,True,True
,10136351,Texas,275,Knox,,1974-08-27 13:00:00,CST,1974-08-27 13:00:00,0,0,0,0,2.5K,0,,F1,Unknown,0.0,33,,,,,33.42,-99.97,,,,,TX,1974-08-27 14:00:00,1974-08-27 14:00:00,True,True
,10136352,Texas,303,Lubbock,,1974-08-27 15:50:00,CST,1974-08-27 15:50:00,0,0,0,0,0K,0,,F1,Unknown,1.0,77,,,,,33.38,-101.7,,,,,TX,1974-08-27 16:50:00,1974-08-27 16:50:00,True,True
,10148179,Wisconsin,25,Dane,,1974-05-21 19:00:00,CST,1974-05-21 19:00:00,0,0,0,0,250K,0,,F1,Unknown,2.3,50,,,,,43.05,-89.32,43.1,-89.28,,,WI,1974-05-21 20:00:00,1974-05-21 20:00:00,True,True
,10148181,Wisconsin,1,Adams,,1974-06-09 14:30:00,CST,1974-06-09 14:30:00,0,0,0,0,25K,0,,F1,Unknown,1.0,50,,,,,44.17,-89.6,,,,,WI,1974-06-09 15:30:00,1974-06-09 15:30:00,True,True
,10148182,Wisconsin,97,Portage,,1974-06-09 14:45:00,CST,1974-06-09 14:45:00,0,0,0,0,2.5K,0,,F1,Unknown,2.5,30,,,,,44.32,-89.52,,,,,WI,1974-06-09 15:45:00,1974-06-09 15:45:00,True,True
,10148183,Wisconsin,35,Eau Claire,,1974-06-09 16:45:00,CST,1974-06-09 16:45:00,0,0,0,0,2.5K,0,,F1,Unknown,3.3,50,,,,,44.85,-91.23,44.9,-91.18,,,WI,1974-06-09 17:45:00,1974-06-09 17:45:00,True,True
,10030393,Louisiana,105,Tangipahoa,,1974-02-06 22:23:00,CST,1974-02-06 22:23:00,0,0,0,0,25K,0,,F0,Unknown,0.3,10,,,,,30.4,-90.33,,,,,LA,1974-02-06 23:23:00,1974-02-06 23:23:00,True,True
,10030395,Louisiana,41,Franklin,,1974-02-14 17:50:00,CST,1974-02-14 17:50:00,0,0,0,0,250K,0,,F1,Unknown,1.0,33,,,,,32.15,-91.7,,,,,LA,1974-02-14 18:50:00,1974-02-14 18:50:00,True,True
,10030398,Louisiana,69,Natchitoches,,1974-02-18 19:00:00,CST,1974-02-18 19:00:00,0,0,0,0,2.5K,0,,F1,Unknown,3.6,23,,,,,31.75,-93.12,31.73,-93.07,,,LA,1974-02-18 20:00:00,1974-02-18 20:00:00,True,True
,10012290,Iowa,187,Webster,,1974-06-18 19:50:00,CST,1974-06-18 19:50:00,1,0,0,0,25K,0,,F1,Unknown,0.0,33,,,,,42.5,-94.27,,,,,IA,1974-06-18 20:50:00,1974-06-18 20:50:00,True,True
,10012292,Iowa,127,Marshall,,1974-06-18 20:01:00,CST,1974-06-18 20:01:00,0,0,0,0,2.5K,0,,F0,Unknown,0.0,33,,,,,42.1,-92.87,,,,,IA,1974-06-18 21:01:00,1974-06-18 21:01:00,True,True
,10012295,Iowa,169,Story,,1974-06-18 20:15:00,CST,1974-06-18 20:15:00,0,0,0,0,250K,0,,F2,Unknown,2.0,200,,,,,41.95,-93.68,,,,,IA,1974-06-18 21:15:00,1974-06-18 21:15:00,True,True
,10135446,Texas,355,Nueces,,1974-06-13 14:00:00,CST,1974-06-13 14:00:00,0,0,0,0,0K,0,,F0,Unknown,0.1,33,,,,,27.73,-97.67,,,,,TX,1974-06-13 15:00:00,1974-06-13 15:00:00,True,True
,10135447,Texas,359,Oldham,,1974-06-13 16:00:00,CST,1974-06-13 16:00:00,0,0,0,0,0K,0,,F0,Unknown,0.5,10,,,,,35.27,-102.68,,,,,TX,1974-06-13 17:00:00,1974-06-13 17:00:00,True,True
,10135450,Texas,191,Hall,,1974-06-17 19:55:00,CST,1974-06-17 19:55:00,1,0,0,0,0K,0,,F0,Unknown,0.3,17,,,,,34.72,-100.53,,,,,TX,1974-06-17 20:55:00,1974-06-17 20:55:00,True,True
,10135451,Texas,245,Jefferson,,1974-06-21 12:20:00,CST,1974-06-21 12:20:00,0,0,0,0,2.5K,0,,F0,Unknown,0.1,33,,,,,29.92,-93.92,,,,,TX,1974-06-21 13:20:00,1974-06-21 13:20:00,True,True
,10135452,Texas,421,Sherman,,1974-06-21 17:47:00,CST,1974-06-21 17:47:00,0,0,0,0,0K,0,,F0,Unknown,0.5,20,,,,,36.42,-101.78,,,,,TX,1974-06-21 18:47:00,1974-06-21 18:47:00,True,True
,10031192,Kentucky,93,Hardin,,1974-03-29 18:45:00,CST,1974-03-29 18:45:00,8,0,0,0,250K,0,,F2,Unknown,1.0,100,,,,,37.75,-85.92,,,,,KY,1974-03-29 19:45:00,1974-03-29 19:45:00,True,True
,10031195,Kentucky,5,Anderson,,1974-03-29 20:00:00,CST,1974-03-29 20:00:00,2,0,0,0,250K,0,,F2,Unknown,1.0,100,,,,,38.03,-84.9,,,,,KY,1974-03-29 21:00:00,1974-03-29 21:00:00,True,True
,10031197,Kentucky,207,Russell,,1974-03-29 21:00:00,CST,1974-03-29 21:00:00,1,0,0,0,25K,0,,F2,Unknown,1.0,100,,,,,37.0,-85.08,,,,,KY,1974-03-29 22:00:00,1974-03-29 22:00:00,True,True
,10008460,Illinois,113,Mclean,,1974-04-03 13:07:00,CST,1974-04-03 13:07:00,0,0,0,0,0K,0,,F0,Unknown,0.0,33,,,,,40.58,-89.03,,,,,IL,1974-04-03 13:07:00,1974-04-03 13:07:00,False,False
,10008461,Illinois,107,Logan,,1974-04-03 13:08:00,CST,1974-04-03 13:08:00,0,0,0,0,2.5M,0,,F1,Unknown,16.7,177,,,,,40.12,-89.33,40.33,-89.18,,,IL,1974-04-03 14:08:00,1974-04-03 14:08:00,True,True
,10008462,Illinois,115,Macon,,1974-04-03 13:30:00,CST,1974-04-03 13:30:00,26,0,1,0,2.5M,0,,F3,Unknown,18.2,350,,,,,39.72,-89.13,39.93,-88.93,,,IL,1974-04-03 14:30:00,1974-04-03 14:30:00,True,True
,10008463,Illinois,113,Mclean,,1974-04-03 13:30:00,CST,1974-04-03 13:30:00,0,0,0,0,250K,0,,F3,Unknown,7.4,350,,,,,40.52,-88.62,40.57,-88.48,,,IL,1974-04-03 13:30:00,1974-04-03 13:30:00,False,False
,10145536,West Virginia,47,Mcdowell,,1974-04-04 02:05:00,CST,1974-04-04 02:05:00,0,0,0,0,2.5M,0,,F1,Unknown,0.0,33,,,,,37.38,-81.55,,,,,WV,1974-04-04 02:05:00,1974-04-04 02:05:00,False,False
,10145537,West Virginia,109,Wyoming,,1974-04-04 02:16:00,CST,1974-04-04 02:16:00,9,0,0,0,2.5M,0,,F1,Unknown,4.9,33,,,,,37.57,-81.45,37.6,-81.37,,,WV,1974-04-04 03:16:00,1974-04-04 03:16:00,True,True
,10145538,West Virginia,81,Raleigh,,1974-04-04 02:20:00,CST,1974-04-04 02:20:00,12,0,0,0,2.5M,0,,F3,Unknown,9.2,33,,,,,37.67,-81.27,37.7,-81.1,,,WV,1974-04-04 03:20:00,1974-04-04 03:20:00,True,True
,10145539,West Virginia,81,Raleigh,,1974-04-04 02:26:00,CST,1974-04-04 02:26:00,0,0,0,0,0K,0,,F3,Unknown,3.3,33,,,,,37.8,-81.02,37.83,-80.97,,,WV,1974-04-04 03:26:00,1974-04-04 03:26:00,True,True
,10145540,West Virginia,19,Fayette,,1974-04-04 02:30:00,CST,1974-04-04 02:30:00,8,0,1,0,2.5M,0,,F3,Unknown,10.8,33,,,,,37.83,-80.97,37.9,-80.78,,,WV,1974-04-04 03:30:00,1974-04-04 03:30:00,True,True
,10145544,West Virginia,89,Summers,,1974-04-04 03:00:00,CST,1974-04-04 03:00:00,0,0,0,0,2.5K,0,,F0,Unknown,0.0,33,,,,,37.67,-80.92,,,,,WV,1974-04-04 04:00:00,1974-04-04 04:00:00,True,True
,10145545,West Virginia,1,Barbour,,1974-04-04 03:25:00,CST,1974-04-04 03:25:00,0,0,0,0,0K,0,,F1,Unknown,0.0,33,,,,,37.77,-81.17,,,,,WV,1974-04-04 04:25:00,1974-04-04 04:25:00,True,True
,10132913,Texas,405,San Augustine,,1974-01-19 02:10:00,CST,1974-01-19 02:10:00,2,0,0,0,0K,0,,F3,Unknown,0.8,400,,,,,31.3,-94.27,,,,,TX,1974-01-19 03:10:00,1974-01-19 03:10:00,True,True
,10132915,Texas,401,Rusk,,1974-01-27 21:30:00,CST,1974-01-27 21:30:00,1,0,0,0,250K,0,,F1,Unknown,0.0,33,,,,,32.1,-94.6,,,,,TX,1974-01-27 22:30:00,1974-01-27 22:30:00,True,True
,10008453,Illinois,63,Grundy,,1974-04-03 12:10:00,CST,1974-04-03 12:10:00,0,0,0,0,0K,0,,F0,Unknown,0.0,10,,,,,41.37,-88.42,,,,,IL,1974-04-03 13:10:00,1974-04-03 13:10:00,True,True
,10134284,Texas,451,Tom Green,,1974-05-25 19:25:00,CST,1974-05-25 19:25:00,0,0,0,0,0K,0,,F1,Unknown,0.5,27,,,,,31.47,-100.48,,,,,TX,1974-05-25 20:25:00,1974-05-25 20:25:00,True,True
,10133673,Texas,181,Grayson,,1974-05-14 18:10:00,CST,1974-05-14 18:10:00,0,0,0,0,0K,0,,F3,Unknown,2.0,33,,,,,33.53,-96.85,,,,,TX,1974-05-14 19:10:00,1974-05-14 19:10:00,True,True
,10133676,Texas,439,Tarrant,,1974-05-14 18:40:00,CST,1974-05-14 18:40:00,0,0,0,0,.25K,0,,F2,Unknown,0.3,100,,,,,32.7,-97.5,,,,,TX,1974-05-14 19:40:00,1974-05-14 19:40:00,True,True
,10133680,Texas,475,Ward,,1974-05-17 16:40:00,CST,1974-05-17 16:40:00,0,0,0,0,.03K,0,,F1,Unknown,1.5,150,,,,,31.48,-103.23,,,,,TX,1974-05-17 17:40:00,1974-05-17 17:40:00,True,True
,10133688,Texas,75,Childress,,1974-05-20 20:30:00,CST,1974-05-20 20:30:00,0,0,0,0,0K,0,,F1,Unknown,11.8,30,,,,,34.43,-100.42,34.58,-100.32,,,TX,1974-05-20 21:30:00,1974-05-20 21:30:00,True,True
,10016930,Indiana,11,Boone,,1974-04-03 08:30:00,CST,1974-04-03 08:30:00,0,0,0,0,0K,0,,F2,Unknown,0.1,50,,,,,40.03,-86.3,,,,,IN,1974-04-03 09:30:00,1974-04-03 09:30:00,True,True
,10022512,Kansas,89,Jewell,,1974-05-17 18:00:00,CST,1974-05-17 18:00:00,0,0,0,0,250K,0,,F1,Unknown,16.8,440,,,,,39.68,-98.37,39.52,-98.13,,,KS,1974-05-17 19:00:00,1974-05-17 19:00:00,True,True
,10022516,Kansas,123,Mitchell,,1974-05-17 19:30:00,CST,1974-05-17 19:30:00,0,0,0,0,2.5K,0,,F0,Unknown,3.3,20,,,,,39.5,-98.03,39.45,-98.0,,,KS,1974-05-17 20:30:00,1974-05-17 20:30:00,True,True
,10023679,Kansas,17,Chase,,1974-05-30 16:30:00,CST,1974-05-30 16:30:00,0,0,0,0,2.5M,0,,F2,Unknown,4.7,167,,,,,38.13,-96.57,38.08,-96.5,,,KS,1974-05-30 17:30:00,1974-05-30 17:30:00,True,True
,10023680,Kansas,15,Butler,,1974-05-30 16:45:00,CST,1974-05-30 16:45:00,0,0,0,0,0K,0,,F2,Unknown,0.0,167,,,,,38.08,-96.5,38.07,-96.48,,,KS,1974-05-30 17:45:00,1974-05-30 17:45:00,True,True
,10023682,Kansas,73,Greenwood,,1974-05-30 17:00:00,CST,1974-05-30 17:00:00,1,0,0,0,0K,0,,F2,Unknown,20.4,167,,,,,38.07,-96.48,37.82,-96.28,,,KS,1974-05-30 18:00:00,1974-05-30 18:00:00,True,True
,10023689,Kansas,191,Sumner,,1974-05-30 19:00:00,CST,1974-05-30 19:00:00,0,0,0,0,0K,0,,F0,Unknown,0.1,33,,,,,37.25,-97.15,,,,,KS,1974-05-30 20:00:00,1974-05-30 20:00:00,True,True
,10014552,Iowa,27,Carroll,,1974-07-03 14:35:00,CST,1974-07-03 14:35:00,0,0,0,0,0K,0,,F0,Unknown,0.0,33,,,,,42.1,-94.85,,,,,IA,1974-07-03 15:35:00,1974-07-03 15:35:00,True,True
,10032305,Kentucky,103,Henry,,1974-04-03 16:15:00,CST,1974-04-03 16:15:00,18,0,0,0,25K,0,,F1,Unknown,21.3,33,,,,,38.38,-85.33,38.55,-85.0,,,KY,1974-04-03 17:15:00,1974-04-03 17:15:00,True,True
,10032306,Kentucky,9,Barren,,1974-04-03 16:15:00,CST,1974-04-03 16:15:00,0,0,0,0,2.5M,0,,F3,Unknown,4.7,33,,,,,36.95,-86.15,37.0,-86.1,,,KY,1974-04-03 17:15:00,1974-04-03 17:15:00,True,True
,10032308,Kentucky,187,Owen,,1974-04-03 16:35:00,CST,1974-04-03 16:35:00,0,0,0,0,2.5K,0,,F1,Unknown,10.4,33,,,,,38.55,-85.0,38.63,-84.83,,,KY,1974-04-03 17:35:00,1974-04-03 17:35:00,True,True
,10032309,Kentucky,87,Green,,1974-04-03 16:40:00,CST,1974-04-03 16:40:00,3,0,0,0,2.5M,0,,F4,Unknown,5.7,33,,,,,37.22,-85.47,37.28,-85.4,,,KY,1974-04-03 17:40:00,1974-04-03 17:40:00,True,True
,10032310,Kentucky,217,Taylor,,1974-04-03 16:45:00,CST,1974-04-03 16:45:00,53,0,0,0,0K,0,,F4,Unknown,14.5,33,,,,,37.28,-85.4,37.38,-85.17,,,KY,1974-04-03 17:45:00,1974-04-03 17:45:00,True,True
,10032311,Kentucky,5,Anderson,,1974-04-03 16:50:00,CST,1974-04-03 16:50:00,0,0,0,0,.25K,0,,F4,Unknown,7.6,33,,,,,38.05,-85.07,38.12,-84.95,,,KY,1974-04-03 17:50:00,1974-04-03 17:50:00,True,True
,10032312,Kentucky,73,Franklin,,1974-04-03 17:00:00,CST,1974-04-03 17:00:00,85,0,4,0,250K,0,,F4,Unknown,18.9,33,,,,,38.12,-84.95,38.33,-84.73,,,KY,1974-04-03 18:00:00,1974-04-03 18:00:00,True,True
,10032315,Kentucky,209,Scott,,1974-04-03 17:15:00,CST,1974-04-03 17:15:00,37,0,0,0,250K,0,,F4,Unknown,53.5,33,,,,,38.23,-84.73,37.5,-84.42,,,KY,1974-04-03 18:15:00,1974-04-03 18:15:00,True,True
,10022530,Kansas,169,Saline,,1974-05-18 17:00:00,CST,1974-05-18 17:00:00,0,0,0,0,0K,0,,F0,Unknown,0.1,33,,,,,38.83,-97.65,,,,,KS,1974-05-18 18:00:00,1974-05-18 18:00:00,True,True
,10134294,Texas,277,Lamar,,1974-05-25 21:15:00,CST,1974-05-25 21:15:00,0,0,0,0,25K,0,,F2,Unknown,0.0,33,,,,,33.5,-95.38,,,,,TX,1974-05-25 22:15:00,1974-05-25 22:15:00,True,True
,10134298,Texas,189,Hale,,1974-05-28 17:05:00,CST,1974-05-28 17:05:00,0,0,0,0,0K,0,,F1,Unknown,0.5,30,,,,,34.0,-102.17,,,,,TX,1974-05-28 18:05:00,1974-05-28 18:05:00,True,True
,10134300,Texas,451,Tom Green,,1974-05-31 19:18:00,CST,1974-05-31 19:18:00,0,0,0,0,0K,0,,F0,Unknown,0.5,17,,,,,31.37,-100.62,,,,,TX,1974-05-31 20:18:00,1974-05-31 20:18:00,True,True
,10134302,Texas,149,Fayette,,1974-06-01 00:10:00,CST,1974-06-01 00:10:00,0,0,0,0,2.5K,0,,F0,Unknown,0.5,33,,,,,29.7,-96.93,,,,,TX,1974-06-01 01:10:00,1974-06-01 01:10:00,True,True
,10134303,Texas,149,Fayette,,1974-06-01 02:00:00,CST,1974-06-01 02:00:00,0,0,0,0,2.5K,0,,F0,Unknown,0.5,33,,,,,29.75,-96.9,,,,,TX,1974-06-01 03:00:00,1974-06-01 03:00:00,True,True
,10134308,Texas,279,Lamb,,1974-06-02 19:20:00,CST,1974-06-02 19:20:00,0,0,0,0,0K,0,,F1,Unknown,1.0,27,,,,,34.25,-102.22,,,,,TX,1974-06-02 20:20:00,1974-06-02 20:20:00,True,True
,10007996,Illinois,43,Du Page,,1974-06-20 18:40:00,CST,1974-06-20 18:40:00,0,0,0,0,0K,0,,,Unknown,0.0,33,,,,,41.82,-88.0,,,,,IL,1974-06-20 18:40:00,1974-06-20 18:40:00,False,False
,10007997,Illinois,31,Cook,,1974-06-20 18:40:00,CST,1974-06-20 18:40:00,0,0,0,0,0K,0,,,Unknown,0.0,33,,,,,42.07,-87.93,,,,,IL,1974-06-20 19:40:00,1974-06-20 19:40:00,True,True
,10032928,Louisiana,79,Rapides,,1974-08-18 16:30:00,CST,1974-08-18 16:30:00,0,0,0,0,25K,0,,F1,Unknown,6.8,500,,,,,31.38,-92.62,31.33,-92.52,,,LA,1974-08-18 17:30:00,1974-08-18 17:30:00,True,True
,10032933,Louisiana,101,St. Mary,,1974-09-08 04:10:00,CST,1974-09-08 04:10:00,0,0,0,0,25K,0,,F1,Unknown,0.0,33,,,,,29.8,-91.52,,,,,LA,1974-09-08 05:10:00,1974-09-08 05:10:00,True,True
,10032934,Louisiana,113,Vermilion,,1974-09-08 09:00:00,CST,1974-09-08 09:00:00,1,0,0,0,2.5K,0,,F1,Unknown,0.0,33,,,,,29.97,-92.13,,,,,LA,1974-09-08 10:00:00,1974-09-08 10:00:00,True,True
,10032936,Louisiana,115,Vernon,,1974-10-28 19:30:00,CST,1974-10-28 19:30:00,12,0,0,0,250K,0,,F2,Unknown,0.2,100,,,,,31.15,-93.27,,,,,LA,1974-10-28 19:30:00,1974-10-28 19:30:00,False,False
,10032937,Louisiana,23,Cameron,,1974-10-28 20:45:00,CST,1974-10-28 20:45:00,0,0,0,0,25K,0,,F2,Unknown,9.7,50,,,,,29.77,-93.47,29.82,-93.32,,,LA,1974-10-28 20:45:00,1974-10-28 20:45:00,False,False
,10032938,Louisiana,29,Concordia,,1974-10-28 23:00:00,CST,1974-10-28 23:00:00,16,0,0,0,25K,0,,F2,Unknown,8.4,27,,,,,31.6,-91.7,31.72,-91.67,,,LA,1974-10-28 23:00:00,1974-10-28 23:00:00,False,False
,10032940,Louisiana,51,Jefferson,,1974-10-29 00:18:00,CST,1974-10-29 00:18:00,0,0,0,0,250K,0,,F2,Unknown,0.2,20,,,,,30.03,-90.25,,,,,LA,1974-10-29 00:18:00,1974-10-29 00:18:00,False,False
,10032941,Louisiana,53,Jefferson Davis,,1974-10-29 00:45:00,CST,1974-10-29 00:45:00,12,0,0,0,25M,0,,F3,Unknown,4.9,200,,,,,30.1,-92.68,30.13,-92.62,,,LA,1974-10-29 00:45:00,1974-10-29 00:45:00,False,False
,10032942,Louisiana,1,Acadia,,1974-10-29 01:10:00,CST,1974-10-29 01:10:00,40,0,2,0,25M,0,,F3,Unknown,16.1,200,,,,,30.13,-92.62,30.22,-92.37,,,LA,1974-10-29 01:10:00,1974-10-29 01:10:00,False,False
,10008023,Illinois,57,Fulton,,1974-06-20 20:40:00,CST,1974-06-20 20:40:00,0,0,0,0,0K,0,,F0,Unknown,0.0,33,,,,,40.53,-90.18,,,,,IL,1974-06-20 21:40:00,1974-06-20 21:40:00,True,True
,10008034,Illinois,109,Mcdonough,,1974-06-21 19:05:00,CST,1974-06-21 19:05:00,0,0,0,0,0K,0,,F1,Unknown,0.0,33,,,,,40.43,-90.67,,,,,IL,1974-06-21 19:05:00,1974-06-21 19:05:00,False,False
,10032944,Louisiana,1,Acadia,,1974-10-29 01:25:00,CST,1974-10-29 01:25:00,0,0,0,0,0K,0,,F3,Unknown,10.3,200,,,,,30.22,-92.37,30.37,-92.37,,,LA,1974-10-29 01:25:00,1974-10-29 01:25:00,False,False
,10032945,Louisiana,97,St. Landry,,1974-10-29 03:00:00,CST,1974-10-29 03:00:00,3,0,0,0,250K,0,,F1,Unknown,6.2,37,,,,,30.48,-91.98,30.57,-91.95,,,LA,1974-10-29 03:00:00,1974-10-29 03:00:00,False,False
,10032947,Louisiana,55,Lafayette,,1974-10-29 04:25:00,CST,1974-10-29 04:25:00,1,0,0,0,250K,0,,F3,Unknown,7.3,167,,,,,30.18,-92.07,30.2,-91.95,,,LA,1974-10-29 04:25:00,1974-10-29 04:25:00,False,False
,10008041,Illinois,115,Macon,,1974-08-10 16:00:00,CST,1974-08-10 16:00:00,0,0,0,0,0K,0,,F0,Unknown,0.0,33,,,,,39.75,-88.78,,,,,IL,1974-08-10 17:00:00,1974-08-10 17:00:00,True,True
,10008042,Illinois,115,Macon,,1974-08-10 16:00:00,CST,1974-08-10 16:00:00,0,0,0,0,2.5K,0,,F0,Unknown,0.0,33,,,,,39.77,-88.92,,,,,IL,1974-08-10 17:00:00,1974-08-10 17:00:00,True,True
,10008043,Illinois,173,Shelby,,1974-08-10 16:00:00,CST,1974-08-10 16:00:00,0,0,0,0,.25K,0,,F0,Unknown,0.0,33,,,,,39.62,-89.02,,,,,IL,1974-08-10 17:00:00,1974-08-10 17:00:00,True,True
,10008044,Illinois,29,Coles,,1974-08-10 16:30:00,CST,1974-08-10 16:30:00,0,0,0,0,2.5K,0,,F3,Unknown,0.0,33,,,,,39.55,-88.18,,,,,IL,1974-08-10 17:30:00,1974-08-10 17:30:00,True,True
,10008045,Illinois,115,Macon,,1974-08-10 16:40:00,CST,1974-08-10 16:40:00,0,0,0,0,0K,0,,F0,Unknown,0.0,33,,,,,39.75,-88.78,,,,,IL,1974-08-10 17:40:00,1974-08-10 17:40:00,True,True
,10008046,Illinois,41,Douglas,,1974-08-10 19:00:00,CST,1974-08-10 19:00:00,0,0,0,0,2.5K,0,,F1,Unknown,11.5,30,,,,,39.8,-88.3,39.97,-88.3,,,IL,1974-08-10 20:00:00,1974-08-10 20:00:00,True,True
,10008439,Illinois,29,Coles,,1974-03-29 15:30:00,CST,1974-03-29 15:30:00,1,0,0,0,250K,0,,F2,Unknown,0.0,33,,,,,39.48,-88.4,,,,,IL,1974-03-29 16:30:00,1974-03-29 16:30:00,True,True
,10008443,Illinois,121,Marion,,1974-03-29 15:40:00,CST,1974-03-29 15:40:00,0,0,0,0,.03K,0,,F1,Unknown,0.0,33,,,,,38.63,-88.85,,,,,IL,1974-03-29 16:40:00,1974-03-29 16:40:00,True,True
,10001679,Florida,101,Pasco,,1974-05-27 17:35:00,CST,1974-05-27 17:35:00,0,0,0,0,2.5K,0,,F0,Unknown,0.5,10,,,,,28.22,-82.72,,,,,FL,1974-05-27 18:35:00,1974-05-27 18:35:00,True,True
,10133176,Texas,21,Bastrop,,1974-03-20 17:30:00,CST,1974-03-20 17:30:00,0,0,0,0,2.5K,0,,F1,Unknown,1.1,50,,,,,30.0,-97.15,,,,,TX,1974-03-20 18:30:00,1974-03-20 18:30:00,True,True
,10133178,Texas,5,Angelina,,1974-03-20 18:35:00,CST,1974-03-20 18:35:00,0,0,0,0,0K,0,,F3,Unknown,0.0,33,,,,,31.35,-94.82,,,,,TX,1974-03-20 19:35:00,1974-03-20 19:35:00,True,True
,10133182,Texas,419,Shelby,,1974-03-20 19:00:00,CST,1974-03-20 19:00:00,0,0,0,0,250K,0,,F2,Unknown,0.5,77,,,,,31.87,-94.18,,,,,TX,1974-03-20 20:00:00,1974-03-20 20:00:00,True,True
,10133184,Texas,405,San Augustine,,1974-03-20 19:30:00,CST,1974-03-20 19:30:00,4,0,0,0,0K,0,,F3,Unknown,8.2,100,,,,,31.52,-94.12,31.53,-93.98,,,TX,1974-03-20 20:30:00,1974-03-20 20:30:00,True,True
,10133185,Texas,403,Sabine,,1974-03-20 19:30:00,CST,1974-03-20 19:30:00,0,0,0,0,0K,0,,F3,Unknown,1.0,100,,,,,31.53,-93.98,,,,,TX,1974-03-20 20:30:00,1974-03-20 20:30:00,True,True
,10133186,Texas,403,Sabine,,1974-03-20 19:30:00,CST,1974-03-20 19:30:00,0,0,0,0,0K,0,,F3,Unknown,18.9,77,,,,,31.35,-94.0,31.58,-93.83,,,TX,1974-03-20 20:30:00,1974-03-20 20:30:00,True,True
,10006857,Illinois,171,Scott,,1974-06-14 20:40:00,CST,1974-06-14 20:40:00,0,0,0,0,0K,0,,F0,Unknown,0.0,33,,,,,40.2,-89.77,,,,,IL,1974-06-14 21:40:00,1974-06-14 21:40:00,True,True
,10006858,Illinois,203,Woodford,,1974-06-19 02:00:00,CST,1974-06-19 02:00:00,0,0,0,0,.25K,0,,F2,Unknown,1.0,20,,,,,40.9,-89.03,,,,,IL,1974-06-19 03:00:00,1974-06-19 03:00:00,True,True
,10006861,Illinois,125,Mason,,1974-06-19 18:30:00,CST,1974-06-19 18:30:00,0,0,0,0,0K,0,,F0,Unknown,0.0,33,,,,,40.33,-89.65,,,,,IL,1974-06-19 19:30:00,1974-06-19 19:30:00,True,True
,10006862,Illinois,125,Mason,,1974-06-19 18:30:00,CST,1974-06-19 18:30:00,0,0,0,0,0K,0,,F0,Unknown,0.0,33,,,,,40.2,-89.7,,,,,IL,1974-06-19 19:30:00,1974-06-19 19:30:00,True,True
,10006863,Illinois,179,Tazewell,,1974-06-19 18:30:00,CST,1974-06-19 18:30:00,0,0,0,0,0K,0,,F0,Unknown,0.0,33,,,,,40.62,-89.45,,,,,IL,1974-06-19 19:30:00,1974-06-19 19:30:00,True,True
,10007967,Illinois,11,Bureau,,1974-06-20 17:50:00,CST,1974-06-20 17:50:00,0,0,0,0,2.5K,0,,,Unknown,0.0,33,,,,,41.52,-89.4,,,,,IL,1974-06-20 18:50:00,1974-06-20 18:50:00,True,True
,10007976,Illinois,89,Kane,,1974-06-20 18:10:00,CST,1974-06-20 18:10:00,0,0,0,0,0K,0,,F0,Unknown,0.0,33,,,,,42.03,-88.58,,,,,IL,1974-06-20 19:10:00,1974-06-20 19:10:00,True,True
,10008009,Illinois,95,Knox,,1974-06-20 19:15:00,CST,1974-06-20 19:15:00,0,0,0,0,0K,0,,F1,Unknown,0.0,33,,,,,41.03,-90.1,,,,,IL,1974-06-20 20:15:00,1974-06-20 20:15:00,True,True
,10008010,Illinois,75,Iroquois,,1974-06-20 19:20:00,CST,1974-06-20 19:20:00,0,0,0,0,0K,0,,F0,Unknown,0.0,33,,,,,40.88,-87.83,,,,,IL,1974-06-20 20:20:00,1974-06-20 20:20:00,True,True
,10022253,Kansas,155,Reno,,1974-05-13 16:00:00,CST,1974-05-13 16:00:00,0,0,0,0,2.5M,0,,F1,Unknown,51.7,100,,,,,38.1,-98.1,38.35,-97.2,,,KS,1974-05-13 17:00:00,1974-05-13 17:00:00,True,True
,10015644,Iowa,197,Wright,,1974-05-30 17:30:00,CST,1974-05-30 17:30:00,0,0,0,0,.25K,0,,F0,Unknown,0.0,33,,,,,42.73,-94.0,,,,,IA,1974-05-30 18:30:00,1974-05-30 18:30:00,True,True
,10132060,Texas,201,Harris,,1974-08-29 11:05:00,CST,1974-08-29 11:05:00,0,0,0,0,250K,0,,F2,Unknown,1.0,67,,,,,29.78,-95.53,,,,,TX,1974-08-29 12:05:00,1974-08-29 12:05:00,True,True
,10132061,Texas,339,Montgomery,,1974-08-29 15:00:00,CST,1974-08-29 15:00:00,0,0,0,0,2.5K,0,,F1,Unknown,0.2,10,,,,,30.22,-95.75,,,,,TX,1974-08-29 16:00:00,1974-08-29 16:00:00,True,True
,10132065,Texas,201,Harris,,1974-09-12 09:00:00,CST,1974-09-12 09:00:00,0,0,0,0,.03K,0,,F0,Unknown,0.3,13,,,,,30.07,-95.62,,,,,TX,1974-09-12 10:00:00,1974-09-12 10:00:00,True,True
,10008012,Illinois,75,Iroquois,,1974-06-20 19:30:00,CST,1974-06-20 19:30:00,0,0,0,0,0K,0,,F0,Unknown,0.0,33,,,,,40.48,-88.07,,,,,IL,1974-06-20 20:30:00,1974-06-20 20:30:00,True,True
,10008014,Illinois,95,Knox,,1974-06-20 20:00:00,CST,1974-06-20 20:00:00,0,0,0,0,0K,0,,F0,Unknown,0.0,33,,,,,40.95,-90.3,,,,,IL,1974-06-20 21:00:00,1974-06-20 21:00:00,True,True
,10008018,Illinois,95,Knox,,1974-06-20 20:20:00,CST,1974-06-20 20:20:00,0,0,0,0,0K,0,,,Unknown,0.0,33,,,,,40.73,-90.4,,,,,IL,1974-06-20 21:20:00,1974-06-20 21:20:00,True,True
,10008020,Illinois,109,Mcdonough,,1974-06-20 20:30:00,CST,1974-06-20 20:30:00,0,0,0,0,0K,0,,F0,Unknown,0.0,33,,,,,40.38,-90.83,,,,,IL,1974-06-20 20:30:00,1974-06-20 20:30:00,False,False
,10006900,Illinois,95,Knox,,1974-06-20 17:45:00,CST,1974-06-20 17:45:00,0,0,0,0,2.5K,0,,,Unknown,0.0,33,,,,,41.08,-90.3,,,,,IL,1974-06-20 18:45:00,1974-06-20 18:45:00,True,True
,9993553,Georgia,241,Rabun,,1974-04-03 20:00:00,CST,1974-04-03 20:00:00,0,0,0,0,250K,0,,F2,Unknown,0.3,20,,,,,34.97,-83.38,,,,,GA,1974-04-03 21:00:00,1974-04-03 21:00:00,True,True
,9993557,Georgia,139,Hall,,1974-04-08 13:45:00,CST,1974-04-08 13:45:00,8,0,0,0,250K,0,,F1,Unknown,1.0,300,,,,,34.3,-83.83,,,,,GA,1974-04-08 14:45:00,1974-04-08 14:45:00,True,True
,9993568,Georgia,205,Mitchell,,1974-04-08 17:15:00,CST,1974-04-08 17:15:00,3,0,1,0,250K,0,,F1,Unknown,9.9,250,,,,,31.37,-84.17,31.38,-84.0,,,GA,1974-04-08 18:15:00,1974-04-08 18:15:00,True,True
,9993570,Georgia,321,Worth,,1974-04-08 17:45:00,CST,1974-04-08 17:45:00,0,0,0,0,250K,0,,F1,Unknown,36.4,250,,,,,31.38,-84.0,31.4,-83.38,,,GA,1974-04-08 18:45:00,1974-04-08 18:45:00,True,True
,9993571,Georgia,19,Berrien,,1974-04-08 18:15:00,CST,1974-04-08 18:15:00,4,0,0,0,250K,0,,F1,Unknown,15.8,250,,,,,31.4,-83.38,31.42,-83.12,,,GA,1974-04-08 19:15:00,1974-04-08 19:15:00,True,True
,9993572,Georgia,3,Atkinson,,1974-04-08 18:45:00,CST,1974-04-08 18:45:00,0,0,0,0,250K,0,,F1,Unknown,30.5,250,,,,,31.42,-83.12,31.42,-82.6,,,GA,1974-04-08 19:45:00,1974-04-08 19:45:00,True,True
,10134313,Texas,189,Hale,,1974-06-02 20:15:00,CST,1974-06-02 20:15:00,0,0,0,0,0K,0,,F1,Unknown,0.8,30,,,,,34.07,-101.95,,,,,TX,1974-06-02 21:15:00,1974-06-02 21:15:00,True,True
,10134314,Texas,189,Hale,,1974-06-02 20:45:00,CST,1974-06-02 20:45:00,0,0,0,0,0K,0,,F1,Unknown,0.8,27,,,,,33.87,-101.68,,,,,TX,1974-06-02 21:45:00,1974-06-02 21:45:00,True,True
,10134319,Texas,189,Hale,,1974-06-03 15:30:00,CST,1974-06-03 15:30:00,0,0,0,0,0K,0,,F0,Unknown,0.5,30,,,,,34.18,-101.97,,,,,TX,1974-06-03 16:30:00,1974-06-03 16:30:00,True,True
,10134322,Texas,189,Hale,,1974-06-03 17:20:00,CST,1974-06-03 17:20:00,0,0,0,0,0K,0,,F0,Unknown,0.5,27,,,,,33.87,-101.6,,,,,TX,1974-06-03 18:20:00,1974-06-03 18:20:00,True,True
,10133650,Texas,451,Tom Green,,1974-05-04 21:20:00,CST,1974-05-04 21:20:00,0,0,0,0,.03K,0,,F1,Unknown,0.5,10,,,,,31.6,-100.73,,,,,TX,1974-05-04 22:20:00,1974-05-04 22:20:00,True,True
,10008004,Illinois,113,Mclean,,1974-06-20 18:53:00,CST,1974-06-20 18:53:00,0,0,0,0,0K,0,,F0,Unknown,0.0,33,,,,,40.55,-88.5,,,,,IL,1974-06-20 18:53:00,1974-06-20 18:53:00,False,False
,10133662,Texas,415,Scurry,,1974-05-09 16:00:00,CST,1974-05-09 16:00:00,0,0,0,0,0K,0,,F1,Unknown,1.0,20,,,,,32.5,-101.17,,,,,TX,1974-05-09 17:00:00,1974-05-09 17:00:00,True,True
,10006894,Illinois,73,Henry,,1974-06-20 17:30:00,CST,1974-06-20 17:30:00,0,0,0,0,2.5K,0,,,Unknown,0.0,33,,,,,41.3,-90.37,,,,,IL,1974-06-20 18:30:00,1974-06-20 18:30:00,True,True
,10006895,Illinois,73,Henry,,1974-06-20 17:30:00,CST,1974-06-20 17:30:00,0,0,0,0,250K,0,,F0,Unknown,1.5,33,,,,,41.23,-89.93,,,,,IL,1974-06-20 18:30:00,1974-06-20 18:30:00,True,True
,10000547,Florida,39,Gadsden,,1974-01-30 00:01:00,CST,1974-01-30 00:01:00,4,0,1,0,250K,0,,F2,Unknown,3.3,100,,,,,30.65,-84.42,30.65,-84.37,,,FL,1974-01-30 01:01:00,1974-01-30 01:01:00,True,True
,10000548,Florida,131,Walton,,1974-02-15 21:20:00,CST,1974-02-15 21:20:00,1,0,0,0,25K,0,,F1,Unknown,1.0,17,,,,,30.82,-86.22,,,,,FL,1974-02-15 22:20:00,1974-02-15 22:20:00,True,True
,10000549,Florida,131,Walton,,1974-02-19 06:30:00,CST,1974-02-19 06:30:00,0,0,0,0,25K,0,,F1,Unknown,0.5,17,,,,,30.4,-86.33,,,,,FL,1974-02-19 07:30:00,1974-02-19 07:30:00,True,True
,10007986,Illinois,97,Lake,,1974-06-20 18:25:00,CST,1974-06-20 18:25:00,0,0,0,0,0K,0,,F0,Unknown,0.0,33,,,,,42.42,-88.05,,,,,IL,1974-06-20 19:25:00,1974-06-20 19:25:00,True,True
,10133670,Texas,453,Travis,,1974-05-09 21:00:00,CST,1974-05-09 21:00:00,10,0,0,0,250K,0,,F1,Unknown,7.9,100,,,,,30.4,-97.62,30.45,-97.5,,,TX,1974-05-09 22:00:00,1974-05-09 22:00:00,True,True
,10133671,Texas,19,Bandera,,1974-05-09 21:00:00,CST,1974-05-09 21:00:00,0,0,0,0,2.5K,0,,F1,Unknown,2.0,200,,,,,29.68,-99.07,,,,,TX,1974-05-09 22:00:00,1974-05-09 22:00:00,True,True
,10133672,Texas,131,Duval,,1974-05-10 01:00:00,CST,1974-05-10 01:00:00,0,0,0,0,25K,0,,F1,Unknown,0.5,200,,,,,27.77,-98.25,,,,,TX,1974-05-10 02:00:00,1974-05-10 02:00:00,True,True
,9998323,Florida,57,Hillsborough,,1974-06-10 14:45:00,CST,1974-06-10 14:45:00,0,0,0,0,2.5K,0,,F0,Unknown,0.1,10,,,,,27.83,-82.22,,,,,FL,1974-06-10 15:45:00,1974-06-10 15:45:00,True,True
,9998329,Florida,71,Lee,,1974-06-14 16:40:00,CST,1974-06-14 16:40:00,0,0,0,0,2.5K,0,,F0,Unknown,1.0,7,,,,,26.58,-81.83,,,,,FL,1974-06-14 17:40:00,1974-06-14 17:40:00,True,True
,9998331,Florida,105,Polk,,1974-06-18 16:30:00,CST,1974-06-18 16:30:00,0,0,0,0,250K,0,,F1,Unknown,0.2,10,,,,,28.03,-81.98,,,,,FL,1974-06-18 17:30:00,1974-06-18 17:30:00,True,True
,9998334,Florida,115,Sarasota,,1974-06-26 17:35:00,CST,1974-06-26 17:35:00,0,0,0,0,25K,0,,F0,Unknown,0.5,10,,,,,27.33,-82.53,,,,,FL,1974-06-26 18:35:00,1974-06-26 18:35:00,True,True
,10132546,Texas,239,Jackson,,1974-04-30 05:30:00,CST,1974-04-30 05:30:00,0,0,0,0,.25K,0,,F1,Unknown,1.0,33,,,,,29.05,-96.52,,,,,TX,1974-04-30 06:30:00,1974-04-30 06:30:00,True,True
,10132547,Texas,371,Pecos,,1974-04-30 14:00:00,CST,1974-04-30 14:00:00,0,0,0,0,0K,0,,F1,Unknown,0.0,33,,,,,30.77,-103.02,,,,,TX,1974-04-30 15:00:00,1974-04-30 15:00:00,True,True
,10133635,Texas,17,Bailey,,1974-05-04 15:15:00,CST,1974-05-04 15:15:00,0,0,0,0,0K,0,,F1,Unknown,3.0,30,,,,,33.97,-103.05,34.0,-103.02,,,TX,1974-05-04 16:15:00,1974-05-04 16:15:00,True,True
,10133643,Texas,317,Martin,,1974-05-04 19:10:00,CST,1974-05-04 19:10:00,1,0,0,0,0K,0,,F1,Unknown,3.8,30,,,,,32.3,-101.97,32.3,-101.92,,,TX,1974-05-04 20:10:00,1974-05-04 20:10:00,True,True
,10029876,Kentucky,231,Wayne,,1974-04-03 19:50:00,CST,1974-04-03 19:50:00,40,0,2,0,2.5M,0,,F3,Unknown,8.8,33,,,,,36.78,-84.7,36.88,-84.6,,,KY,1974-04-03 20:50:00,1974-04-03 20:50:00,True,True
,10124310,Tennessee,31,Coffee,,1974-04-03 20:05:00,CST,1974-04-03 20:05:00,1,0,0,0,0K,0,,F3,Unknown,3.0,100,,,,,35.3,-85.97,35.33,-85.93,,,TN,1974-04-03 21:05:00,1974-04-03 21:05:00,True,True
,10133151,Texas,381,Randall,,1974-03-09 13:22:00,CST,1974-03-09 13:22:00,0,0,0,0,0K,0,,F1,Unknown,3.0,20,,,,,34.95,-102.17,34.98,-102.13,,,TX,1974-03-09 14:22:00,1974-03-09 14:22:00,True,True
,10133155,Texas,107,Crosby,,1974-03-09 15:15:00,CST,1974-03-09 15:15:00,0,0,0,0,0K,0,,F1,Unknown,18.5,20,,,,,33.52,-101.43,33.78,-101.4,,,TX,1974-03-09 16:15:00,1974-03-09 16:15:00,True,True
,9993524,Georgia,109,Evans,,1974-03-29 08:30:00,CST,1974-03-29 08:30:00,0,0,0,0,2.5K,0,,F1,Unknown,0.0,33,,,,,32.15,-81.93,,,,,GA,1974-03-29 09:30:00,1974-03-29 09:30:00,True,True
,10014572,Iowa,55,Delaware,,1974-08-12 16:20:00,CST,1974-08-12 16:20:00,12,0,0,0,2.5M,0,,F4,Unknown,5.0,400,,,,,42.35,-91.48,,,,,IA,1974-08-12 17:20:00,1974-08-12 17:20:00,True,True
,10014574,Iowa,95,Iowa,,1974-08-12 19:15:00,CST,1974-08-12 19:15:00,2,0,0,0,250K,0,,F4,Unknown,2.0,100,,,,,41.75,-92.18,,,,,IA,1974-08-12 20:15:00,1974-08-12 20:15:00,True,True
,10032307,Kentucky,215,Spencer,,1974-04-03 17:25:00,EST,1974-04-03 17:31:00,0,0,0,0,25K,0,WFO,F4,Unknown,5.3,400,,,,,37.965053,-85.441695,38.029481,-85.388667,"Moved from northwest of Elizabethtown, doing damage on the north side of town. Moving into Nelson County, produced significant damage near Cox's Creek where the Whitney Horse Farm was damaged, crossing Lilly Pike where several homes, barns, and trailers were demolished, across Murray Road, and then across KY 44. On Murray Road a father and son were in their milking barn when they saw the storm approach. They got under some heavy equipment for shelter and the barn came down around them. They were rescued several hours later as workers and neighbors cleared Murray Road of trees and debris. The father was taken to the hospital in critical condition but the son was OK. As the twister crossed Murray Road and Elk Creek it was about 300 yards wide.",,KY,1974-04-03 18:25:00,1974-04-03 18:31:00,True,True
,10032301,Kentucky,93,Hardin,,1974-04-03 16:45:00,EST,1974-04-03 16:55:00,57,0,2,0,250K,0,WFO,F4,Unknown,9.9,400,,,,,37.720363,-85.899945,37.777765,-85.733687,"Moved from northwest of Elizabethtown, doing damage on the north side of town. Moving into Nelson County, produced significant damage near Cox's Creek where the Whitney Horse Farm was damaged, crossing Lilly Pike where several homes, barns, and trailers were demolished, across Murray Road, and then across KY 44. On Murray Road a father and son were in their milking barn when they saw the storm approach. They got under some heavy equipment for shelter and the barn came down around them. They were rescued several hours later as workers and neighbors cleared Murray Road of trees and debris. The father was taken to the hospital in critical condition but the son was OK. As the twister crossed Murray Road and Elk Creek it was about 300 yards wide.",,KY,1974-04-03 17:45:00,1974-04-03 17:55:00,True,True
,10032304,Kentucky,179,Nelson,,1974-04-03 16:55:00,EST,1974-04-03 17:25:00,24,0,1,0,250K,0,WFO,F4,Unknown,21.0,400,,,,,37.777765,-85.733687,37.965053,-85.441695,"Moved from northwest of Elizabethtown, doing damage on the north side of town. Moving into Nelson County, produced significant damage near Cox's Creek where the Whitney Horse Farm was damaged, crossing Lilly Pike where several homes, barns, and trailers were demolished, across Murray Road, and then across KY 44. On Murray Road a father and son were in their milking barn when they saw the storm approach. They got under some heavy equipment for shelter and the barn came down around them. They were rescued several hours later as workers and neighbors cleared Murray Road of trees and debris. The father was taken to the hospital in critical condition but the son was OK. As the twister crossed Murray Road and Elk Creek it was about 300 yards wide.",,KY,1974-04-03 17:55:00,1974-04-03 18:25:00,True,True
