episode_id,event_id,state,county_fips,county_name,wfo,begin_date_time,county_timezone,end_date_time,injuries_direct,injuries_indirect,deaths_direct,deaths_indirect,property_damage,crop_damage,source,tornado_rating,max_windspeed,tornado_length,tornado_max_width,other_wfos,other_states,other_counties_fips,other_counties_names,begin_latitude,begin_longitude,end_latitude,end_longitude,episode_narrative,event_narrative,state_code,begin_date_time_corrected,end_date_time_corrected,begin_time_adjusted,end_time_adjusted
,9986350,Colorado,123,Weld,,1976-05-29 15:30:00,CST,1976-05-29 15:30:00,0,0,0,0,0K,0,,F0,Unknown,0.0,33,,,,,40.58,-104.53,,,,,CO,1976-05-29 16:30:00,1976-05-29 16:30:00,True,True
,9986351,Colorado,123,Weld,,1976-05-29 15:45:00,CST,1976-05-29 15:45:00,0,0,0,0,0K,0,,F0,Unknown,0.0,33,,,,,40.62,-104.0,,,,,CO,1976-05-29 16:45:00,1976-05-29 16:45:00,True,True
,9986352,Colorado,75,Logan,,1976-05-29 16:00:00,CST,1976-05-29 16:00:00,0,0,0,0,0K,0,,F0,Unknown,0.0,33,,,,,40.63,-103.7,,,,,CO,1976-05-29 17:00:00,1976-05-29 17:00:00,True,True
,9986353,Colorado,123,Weld,,1976-05-29 16:17:00,CST,1976-05-29 16:17:00,0,0,0,0,0K,0,,F0,Unknown,0.1,20,,,,,40.63,-104.32,,,,,CO,1976-05-29 17:17:00,1976-05-29 17:17:00,True,True
,9986354,Colorado,99,Prowers,,1976-05-29 16:20:00,CST,1976-05-29 16:20:00,0,0,0,0,0K,0,,F0,Unknown,0.1,20,,,,,38.27,-102.08,,,,,CO,1976-05-29 17:20:00,1976-05-29 17:20:00,True,True
,9986355,Colorado,61,Kiowa,,1976-05-29 16:20:00,CST,1976-05-29 16:20:00,0,0,0,0,0K,0,,F0,Unknown,0.0,33,,,,,38.35,-102.08,,,,,CO,1976-05-29 17:20:00,1976-05-29 17:20:00,True,True
,9986356,Colorado,75,Logan,,1976-05-29 16:30:00,CST,1976-05-29 16:30:00,0,0,0,0,0K,0,,F0,Unknown,0.0,33,,,,,40.63,-103.45,,,,,CO,1976-05-29 17:30:00,1976-05-29 17:30:00,True,True
,9986357,Colorado,1,Adams,,1976-05-30 13:40:00,CST,1976-05-30 13:40:00,0,0,0,0,250K,0,,F2,Unknown,5.4,67,,,,,39.8,-104.88,39.83,-104.78,,,CO,1976-05-30 14:40:00,1976-05-30 14:40:00,True,True
,9986358,Colorado,123,Weld,,1976-06-04 15:30:00,CST,1976-06-04 15:30:00,0,0,0,0,0K,0,,F1,Unknown,0.5,150,,,,,40.2,-104.82,,,,,CO,1976-06-04 16:30:00,1976-06-04 16:30:00,True,True
,9986359,Colorado,123,Weld,,1976-06-04 15:30:00,CST,1976-06-04 15:30:00,0,0,0,0,0K,0,,F1,Unknown,0.5,150,,,,,40.17,-104.9,,,,,CO,1976-06-04 16:30:00,1976-06-04 16:30:00,True,True
,9986360,Colorado,123,Weld,,1976-06-04 15:30:00,CST,1976-06-04 15:30:00,0,0,0,0,0K,0,,F1,Unknown,0.5,150,,,,,40.23,-104.82,,,,,CO,1976-06-04 16:30:00,1976-06-04 16:30:00,True,True
,9986361,Colorado,123,Weld,,1976-06-04 15:30:00,CST,1976-06-04 15:30:00,0,0,0,0,25K,0,,F2,Unknown,1.5,200,,,,,40.22,-104.82,,,,,CO,1976-06-04 16:30:00,1976-06-04 16:30:00,True,True
,9986362,Colorado,123,Weld,,1976-06-04 15:35:00,CST,1976-06-04 15:35:00,0,0,0,0,0K,0,,F1,Unknown,0.5,150,,,,,40.08,-105.0,,,,,CO,1976-06-04 16:35:00,1976-06-04 16:35:00,True,True
,9986363,Colorado,1,Adams,,1976-06-04 15:45:00,CST,1976-06-04 15:45:00,0,0,0,0,0K,0,,F0,Unknown,0.1,20,,,,,39.98,-104.93,,,,,CO,1976-06-04 16:45:00,1976-06-04 16:45:00,True,True
,9986364,Colorado,123,Weld,,1976-06-04 15:45:00,CST,1976-06-04 15:45:00,0,0,0,0,2.5K,0,,F1,Unknown,0.5,150,,,,,40.42,-104.77,,,,,CO,1976-06-04 16:45:00,1976-06-04 16:45:00,True,True
,9986365,Colorado,1,Adams,,1976-06-04 16:05:00,CST,1976-06-04 16:05:00,0,0,0,0,0K,0,,F0,Unknown,0.1,20,,,,,39.83,-105.05,,,,,CO,1976-06-04 17:05:00,1976-06-04 17:05:00,True,True
,9986366,Colorado,123,Weld,,1976-06-04 16:10:00,CST,1976-06-04 16:10:00,0,0,0,0,0K,0,,F0,Unknown,0.2,100,,,,,40.38,-104.38,,,,,CO,1976-06-04 17:10:00,1976-06-04 17:10:00,True,True
,9986367,Colorado,123,Weld,,1976-06-04 16:10:00,CST,1976-06-04 16:10:00,0,0,0,0,0K,0,,F0,Unknown,0.2,100,,,,,40.35,-104.7,,,,,CO,1976-06-04 17:10:00,1976-06-04 17:10:00,True,True
,9986368,Colorado,69,Larimer,,1976-06-04 16:30:00,CST,1976-06-04 16:30:00,0,0,0,0,0K,0,,F2,Unknown,0.5,300,,,,,40.58,-105.08,,,,,CO,1976-06-04 17:30:00,1976-06-04 17:30:00,True,True
,9986369,Colorado,1,Adams,,1976-06-04 17:22:00,CST,1976-06-04 17:22:00,0,0,0,0,0K,0,,F0,Unknown,0.1,20,,,,,40.0,-105.08,,,,,CO,1976-06-04 18:22:00,1976-06-04 18:22:00,True,True
,9986370,Colorado,87,Morgan,,1976-06-04 19:00:00,CST,1976-06-04 19:00:00,0,0,0,0,0K,0,,F1,Unknown,0.1,70,,,,,40.25,-103.8,,,,,CO,1976-06-04 20:00:00,1976-06-04 20:00:00,True,True
,9986379,Colorado,123,Weld,,1976-07-04 19:25:00,CST,1976-07-04 19:25:00,0,0,0,0,25K,0,,F1,Unknown,0.3,150,,,,,40.08,-104.55,,,,,CO,1976-07-04 20:25:00,1976-07-04 20:25:00,True,True
,9978414,Alabama,73,Jefferson,,1976-01-13 19:05:00,CST,1976-01-13 19:05:00,1,0,0,0,250K,0,,F2,Unknown,0.3,50,,,,,33.52,-86.82,,,,,AL,1976-01-13 19:05:00,1976-01-13 19:05:00,False,False
,10111574,South Carolina,75,Orangeburg,,1976-05-15 00:20:00,CST,1976-05-15 00:20:00,3,0,0,0,250K,0,,F2,Unknown,3.8,40,,,,,33.47,-81.03,33.52,-81.05,,,SC,1976-05-15 01:20:00,1976-05-15 01:20:00,True,True
,10001747,Florida,33,Escambia,,1976-01-07 12:00:00,CST,1976-01-07 12:00:00,0,0,0,0,0K,0,,F0,Unknown,0.1,10,,,,,30.38,-87.35,,,,,FL,1976-01-07 12:00:00,1976-01-07 12:00:00,False,False
,10019186,Indiana,91,La Porte,,1976-03-12 14:15:00,CST,1976-03-12 14:15:00,7,0,0,0,250K,0,,F3,Unknown,12.6,200,,,,,41.68,-86.93,41.62,-86.7,,,IN,1976-03-12 14:15:00,1976-03-12 14:15:00,False,False
,10128022,Texas,97,Cooke,,1976-10-24 14:00:00,CST,1976-10-24 14:00:00,0,0,0,0,0K,0,,F0,Unknown,1.0,33,,,,,33.57,-97.22,,,,,TX,1976-10-24 15:00:00,1976-10-24 15:00:00,True,True
,10128432,Texas,497,Wise,,1976-04-15 20:15:00,CST,1976-04-15 20:15:00,0,0,0,0,25K,0,,F1,Unknown,8.9,50,,,,,33.22,-97.75,33.3,-97.63,,,TX,1976-04-15 20:15:00,1976-04-15 20:15:00,False,False
,10129511,Texas,439,Tarrant,,1976-04-19 13:20:00,CST,1976-04-19 13:20:00,0,0,0,0,25K,0,,F1,Unknown,1.2,50,,,,,32.85,-97.53,,,,,TX,1976-04-19 13:20:00,1976-04-19 13:20:00,False,False
,10132311,Texas,381,Randall,,1976-06-21 18:18:00,CST,1976-06-21 18:18:00,0,0,0,0,0K,0,,F0,Unknown,0.3,10,,,,,35.22,-101.72,,,,,TX,1976-06-21 19:18:00,1976-06-21 19:18:00,True,True
,10129080,Texas,121,Denton,,1976-05-26 13:25:00,CST,1976-05-26 13:25:00,0,0,0,0,0K,0,,F1,Unknown,0.1,33,,,,,33.42,-97.35,,,,,TX,1976-05-26 14:25:00,1976-05-26 14:25:00,True,True
,10129566,Texas,399,Runnels,,1976-04-28 16:58:00,CST,1976-04-28 16:58:00,0,0,0,0,0K,0,,F0,Unknown,0.1,27,,,,,31.72,-100.0,,,,,TX,1976-04-28 17:58:00,1976-04-28 17:58:00,True,True
,10128496,Texas,253,Jones,,1976-05-25 14:53:00,CST,1976-05-25 14:53:00,0,0,0,0,2.5M,0,,F3,Unknown,5.2,300,,,,,32.57,-99.68,32.5,-99.65,,,TX,1976-05-25 15:53:00,1976-05-25 15:53:00,True,True
,9976434,Alabama,95,Marshall,,1976-07-31 12:00:00,CST,1976-07-31 12:00:00,0,0,0,0,250K,0,,F1,Unknown,0.1,50,,,,,34.4,-86.2,,,,,AL,1976-07-31 13:00:00,1976-07-31 13:00:00,True,True
,9976438,Alabama,73,Jefferson,,1976-08-15 16:50:00,CST,1976-08-15 16:50:00,0,0,0,0,2.5K,0,,F2,Unknown,0.5,30,,,,,33.75,-86.82,,,,,AL,1976-08-15 17:50:00,1976-08-15 17:50:00,True,True
,10094473,Oklahoma,67,Jefferson,,1976-05-30 16:31:00,CST,1976-05-30 16:31:00,0,0,0,0,0K,0,,F1,Unknown,1.3,100,,,,,34.17,-97.78,,,,,OK,1976-05-30 17:31:00,1976-05-30 17:31:00,True,True
,10094477,Oklahoma,67,Jefferson,,1976-05-30 18:00:00,CST,1976-05-30 18:00:00,0,0,0,0,25K,0,,F1,Unknown,1.0,33,,,,,34.25,-97.88,,,,,OK,1976-05-30 19:00:00,1976-05-30 19:00:00,True,True
,10097037,Ohio,107,Mercer,,1976-03-20 19:00:00,CST,1976-03-20 19:00:00,0,0,0,0,25K,0,,F1,Unknown,3.8,50,,,,,40.55,-84.6,40.57,-84.52,,,OH,1976-03-20 19:00:00,1976-03-20 19:00:00,False,False
,10112767,South Dakota,51,Grant,,1976-06-24 17:00:00,CST,1976-06-24 17:00:00,0,0,0,0,0K,0,,F0,Unknown,1.0,10,,,,,45.25,-96.55,,,,,SD,1976-06-24 18:00:00,1976-06-24 18:00:00,True,True
,10112768,South Dakota,45,Edmunds,,1976-06-25 20:55:00,CST,1976-06-25 20:55:00,0,0,0,0,2.5K,0,,F1,Unknown,0.1,7,,,,,45.47,-98.78,,,,,SD,1976-06-25 21:55:00,1976-06-25 21:55:00,True,True
,10083870,North Dakota,67,Pembina,,1976-06-12 01:20:00,CST,1976-06-12 01:20:00,0,0,0,0,0K,0,,F1,Unknown,0.0,33,,,,,48.58,-97.28,,,,,ND,1976-06-12 02:20:00,1976-06-12 02:20:00,True,True
,10094211,Oklahoma,85,Love,,1976-04-19 18:24:00,CST,1976-04-19 18:24:00,0,0,0,0,250K,0,,F2,Unknown,6.1,100,,,,,33.87,-97.43,33.93,-97.37,,,OK,1976-04-19 18:24:00,1976-04-19 18:24:00,False,False
,10088786,North Carolina,173,Swain,,1976-02-18 12:30:00,CST,1976-02-18 12:30:00,0,0,0,0,250K,0,,F1,Unknown,2.0,40,,,,,35.5,-83.25,,,,,NC,1976-02-18 12:30:00,1976-02-18 12:30:00,False,False
,10088787,North Carolina,113,Macon,,1976-02-18 12:45:00,CST,1976-02-18 12:45:00,0,0,0,0,250K,0,,F1,Unknown,3.8,50,,,,,35.2,-83.47,35.23,-83.42,,,NC,1976-02-18 12:45:00,1976-02-18 12:45:00,False,False
,10088788,North Carolina,87,Haywood,,1976-02-18 13:05:00,CST,1976-02-18 13:05:00,0,0,0,0,250K,0,,F1,Unknown,1.0,50,,,,,35.53,-82.95,,,,,NC,1976-02-18 13:05:00,1976-02-18 13:05:00,False,False
,10088789,North Carolina,21,Buncombe,,1976-02-18 13:30:00,CST,1976-02-18 13:30:00,0,0,0,0,25K,0,,F1,Unknown,3.0,50,,,,,35.75,-82.47,35.77,-82.42,,,NC,1976-02-18 13:30:00,1976-02-18 13:30:00,False,False
,10088791,North Carolina,21,Buncombe,,1976-02-18 13:35:00,CST,1976-02-18 13:35:00,0,0,0,0,250K,0,,F1,Unknown,0.5,40,,,,,35.55,-82.67,,,,,NC,1976-02-18 13:35:00,1976-02-18 13:35:00,False,False
,10088792,North Carolina,89,Henderson,,1976-02-18 13:45:00,CST,1976-02-18 13:45:00,0,0,0,0,250K,0,,F1,Unknown,6.0,30,,,,,35.3,-82.38,,,,,NC,1976-02-18 13:45:00,1976-02-18 13:45:00,False,False
,10067002,Nebraska,47,Dawson,,1976-03-11 19:00:00,CST,1976-03-11 19:00:00,0,0,0,0,2.5M,0,,F1,Unknown,0.8,50,,,,,41.02,-100.1,,,,,NE,1976-03-11 19:00:00,1976-03-11 19:00:00,False,False
,10067006,Nebraska,169,Thayer,,1976-04-14 16:30:00,CST,1976-04-14 16:30:00,0,0,0,0,250K,0,,F2,Unknown,4.1,33,,,,,40.0,-97.63,40.05,-97.58,,,NE,1976-04-14 16:30:00,1976-04-14 16:30:00,False,False
,10094458,Oklahoma,99,Murray,,1976-05-26 13:23:00,CST,1976-05-26 13:23:00,0,0,0,0,.03K,0,,F0,Unknown,0.1,10,,,,,34.33,-97.0,,,,,OK,1976-05-26 14:23:00,1976-05-26 14:23:00,True,True
,10094464,Oklahoma,65,Jackson,,1976-05-29 17:29:00,CST,1976-05-29 17:29:00,0,0,0,0,0K,0,,F1,Unknown,0.3,30,,,,,34.63,-99.23,,,,,OK,1976-05-29 18:29:00,1976-05-29 18:29:00,True,True
,10094465,Oklahoma,65,Jackson,,1976-05-29 17:29:00,CST,1976-05-29 17:29:00,0,0,0,0,0K,0,,F1,Unknown,0.3,30,,,,,34.63,-99.23,,,,,OK,1976-05-29 18:29:00,1976-05-29 18:29:00,True,True
,10084978,North Dakota,5,Benson,,1976-08-12 15:25:00,CST,1976-08-12 15:25:00,0,0,0,0,0K,0,,F1,Unknown,0.0,33,,,,,47.97,-99.53,,,,,ND,1976-08-12 16:25:00,1976-08-12 16:25:00,True,True
,10084979,North Dakota,5,Benson,,1976-08-12 15:25:00,CST,1976-08-12 15:25:00,0,0,0,0,0K,0,,F1,Unknown,0.0,33,,,,,47.97,-99.53,,,,,ND,1976-08-12 16:25:00,1976-08-12 16:25:00,True,True
,10084985,North Dakota,17,Cass,,1976-08-19 14:55:00,CST,1976-08-19 14:55:00,0,0,0,0,250K,0,,F1,Unknown,0.5,17,,,,,47.03,-97.17,,,,,ND,1976-08-19 15:55:00,1976-08-19 15:55:00,True,True
,10068181,Nebraska,123,Morrill,,1976-07-09 16:05:00,CST,1976-07-09 16:05:00,0,0,0,0,0K,0,,F0,Unknown,0.1,20,,,,,41.72,-103.32,,,,,NE,1976-07-09 17:05:00,1976-07-09 17:05:00,True,True
,10068182,Nebraska,33,Cheyenne,,1976-07-09 17:55:00,CST,1976-07-09 17:55:00,0,0,0,0,0K,0,,F0,Unknown,0.1,20,,,,,41.27,-103.22,,,,,NE,1976-07-09 18:55:00,1976-07-09 18:55:00,True,True
,10068187,Nebraska,45,Dawes,,1976-07-28 19:55:00,CST,1976-07-28 19:55:00,0,0,0,0,0K,0,,F1,Unknown,0.1,20,,,,,42.83,-103.35,,,,,NE,1976-07-28 20:55:00,1976-07-28 20:55:00,True,True
,10068188,Nebraska,161,Sheridan,,1976-07-28 19:58:00,CST,1976-07-28 19:58:00,0,0,0,0,0K,0,,F1,Unknown,0.1,10,,,,,42.75,-102.52,,,,,NE,1976-07-28 20:58:00,1976-07-28 20:58:00,True,True
,10068189,Nebraska,165,Sioux,,1976-07-28 19:58:00,CST,1976-07-28 19:58:00,0,0,0,0,2.5K,0,,F2,Unknown,0.3,30,,,,,42.83,-103.57,,,,,NE,1976-07-28 20:58:00,1976-07-28 20:58:00,True,True
,10111585,South Carolina,3,Aiken,,1976-05-28 17:00:00,CST,1976-05-28 17:00:00,0,0,0,0,2.5K,0,,F1,Unknown,0.5,100,,,,,33.33,-81.5,,,,,SC,1976-05-28 18:00:00,1976-05-28 18:00:00,True,True
,10084960,North Dakota,41,Hettinger,,1976-07-12 19:00:00,CST,1976-07-12 19:00:00,0,0,0,0,2.5K,0,,F1,Unknown,7.4,50,,,,,46.4,-102.25,46.4,-102.08,,,ND,1976-07-12 20:00:00,1976-07-12 20:00:00,True,True
,10084962,North Dakota,57,Mercer,,1976-07-12 20:30:00,CST,1976-07-12 20:30:00,2,0,0,0,25K,0,,F1,Unknown,0.0,33,,,,,47.38,-101.5,,,,,ND,1976-07-12 21:30:00,1976-07-12 21:30:00,True,True
,10084963,North Dakota,29,Emmons,,1976-07-12 23:45:00,CST,1976-07-12 23:45:00,2,0,0,0,0K,0,,F0,Unknown,0.0,33,,,,,46.45,-100.28,,,,,ND,1976-07-13 00:45:00,1976-07-13 00:45:00,True,True
,10084967,North Dakota,57,Mercer,,1976-07-19 17:00:00,CST,1976-07-19 17:00:00,0,0,0,0,250K,0,,F1,Unknown,0.5,50,,,,,47.3,-101.63,,,,,ND,1976-07-19 18:00:00,1976-07-19 18:00:00,True,True
,10111581,South Carolina,35,Dorchester,,1976-05-18 12:35:00,CST,1976-05-18 12:35:00,1,0,0,0,250K,0,,F1,Unknown,1.0,53,,,,,33.02,-80.18,,,,,SC,1976-05-18 13:35:00,1976-05-18 13:35:00,True,True
,10089895,North Carolina,179,Union,,1976-07-15 16:00:00,CST,1976-07-15 16:00:00,0,0,0,0,25K,0,,F1,Unknown,0.0,33,,,,,34.98,-80.37,,,,,NC,1976-07-15 17:00:00,1976-07-15 17:00:00,True,True
,10089900,North Carolina,31,Carteret,,1976-07-25 17:10:00,CST,1976-07-25 17:10:00,0,0,0,0,2.5K,0,,F1,Unknown,0.0,33,,,,,34.7,-76.85,,,,,NC,1976-07-25 18:10:00,1976-07-25 18:10:00,True,True
,10089902,North Carolina,113,Macon,,1976-07-29 16:00:00,CST,1976-07-29 16:00:00,0,0,0,0,2.5K,0,,F1,Unknown,1.5,33,,,,,35.22,-83.37,,,,,NC,1976-07-29 17:00:00,1976-07-29 17:00:00,True,True
,10111582,South Carolina,29,Colleton,,1976-05-28 12:30:00,CST,1976-05-28 12:30:00,0,0,0,0,25K,0,,F1,Unknown,4.3,33,,,,,32.85,-81.08,32.9,-81.05,,,SC,1976-05-28 13:30:00,1976-05-28 13:30:00,True,True
,10111583,South Carolina,3,Aiken,,1976-05-28 13:30:00,CST,1976-05-28 13:30:00,0,0,0,0,25K,0,,F1,Unknown,4.1,33,,,,,33.25,-81.65,33.3,-81.68,,,SC,1976-05-28 14:30:00,1976-05-28 14:30:00,True,True
,10033915,Kentucky,41,Carroll,,1976-09-26 18:15:00,CST,1976-09-26 18:15:00,0,0,0,0,25K,0,,F1,Unknown,0.2,100,,,,,38.7,-85.02,,,,,KY,1976-09-26 19:15:00,1976-09-26 19:15:00,True,True
,10033916,Kentucky,81,Grant,,1976-09-26 18:30:00,CST,1976-09-26 18:30:00,0,0,1,0,250K,0,,F1,Unknown,1.0,120,,,,,38.77,-84.6,,,,,KY,1976-09-26 19:30:00,1976-09-26 19:30:00,True,True
,10093351,Oklahoma,85,Love,,1976-04-19 18:15:00,CST,1976-04-19 18:15:00,0,0,0,0,25K,0,,F2,Unknown,5.1,60,,,,,34.03,-97.03,34.1,-97.0,,,OK,1976-04-19 18:15:00,1976-04-19 18:15:00,False,False
,10080265,New Hampshire,17,Strafford,,1976-05-03 12:53:00,CST,1976-05-03 12:53:00,0,0,0,0,250K,0,,F2,Unknown,1.0,33,,,,,43.13,-70.85,,,,,NH,1976-05-03 13:53:00,1976-05-03 13:53:00,True,True
,10084954,North Dakota,33,Golden Valley,,1976-07-09 21:00:00,CST,1976-07-09 21:00:00,0,0,0,0,2.5K,0,,F1,Unknown,1.0,100,,,,,46.83,-104.0,,,,,ND,1976-07-09 22:00:00,1976-07-09 22:00:00,True,True
,10067026,Nebraska,185,York,,1976-04-15 18:15:00,CST,1976-04-15 18:15:00,0,0,0,0,250K,0,,F1,Unknown,0.0,33,,,,,40.73,-97.72,,,,,NE,1976-04-15 18:15:00,1976-04-15 18:15:00,False,False
,10067029,Nebraska,35,Clay,,1976-04-15 19:00:00,CST,1976-04-15 19:00:00,0,0,0,0,250K,0,,F2,Unknown,11.1,100,,,,,40.37,-98.1,40.38,-97.88,,,NE,1976-04-15 19:00:00,1976-04-15 19:00:00,False,False
,10067037,Nebraska,67,Gage,,1976-04-23 18:55:00,CST,1976-04-23 18:55:00,0,0,0,0,25K,0,,F1,Unknown,9.5,60,,,,,40.02,-96.67,40.1,-96.52,,,NE,1976-04-23 18:55:00,1976-04-23 18:55:00,False,False
,10093310,Oklahoma,113,Osage,,1976-02-20 16:55:00,CST,1976-02-20 16:55:00,0,0,0,0,2.5K,0,,F1,Unknown,0.5,33,,,,,36.73,-96.4,,,,,OK,1976-02-20 16:55:00,1976-02-20 16:55:00,False,False
,10073600,Montana,1,Beaverhead,,1976-06-06 16:00:00,CST,1976-06-06 16:00:00,0,0,0,0,2.5M,0,,,Unknown,3.0,33,,,,,45.37,-113.38,45.4,-113.32,,,MT,1976-06-06 17:00:00,1976-06-06 17:00:00,True,True
,10112754,South Dakota,119,Sully,,1976-06-10 18:45:00,CST,1976-06-10 18:45:00,0,0,0,0,0K,0,,F0,Unknown,1.0,10,,,,,44.3,-100.73,,,,,SD,1976-06-10 19:45:00,1976-06-10 19:45:00,True,True
,10041271,Massachusetts,27,Worcester,,1976-05-03 13:00:00,CST,1976-05-03 13:00:00,0,0,0,0,2.5K,0,,F1,Unknown,0.2,27,,,,,42.2,-71.55,,,,,MA,1976-05-03 14:00:00,1976-05-03 14:00:00,True,True
,10116837,Pennsylvania,77,Lehigh,,1976-03-21 13:00:00,CST,1976-03-21 13:00:00,0,0,0,0,25K,0,,F1,Unknown,2.3,50,,,,,40.63,-75.47,40.63,-75.4,,,PA,1976-03-21 13:00:00,1976-03-21 13:00:00,False,False
,10116838,Pennsylvania,89,Monroe,,1976-03-21 13:00:00,CST,1976-03-21 13:00:00,0,0,0,0,2.5M,0,,F3,Unknown,0.5,100,,,,,40.98,-75.18,,,,,PA,1976-03-21 13:00:00,1976-03-21 13:00:00,False,False
,10038667,Michigan,125,Oakland,,1976-03-20 18:15:00,CST,1976-03-20 18:15:00,55,0,1,0,25M,0,,F4,Unknown,3.8,117,,,,,42.52,-83.42,42.55,-83.33,,,MI,1976-03-20 18:15:00,1976-03-20 18:15:00,False,False
,10038668,Michigan,99,Macomb,,1976-03-20 18:40:00,CST,1976-03-20 18:40:00,3,0,1,0,250K,0,,F3,Unknown,17.1,100,,,,,42.7,-82.97,42.88,-82.73,,,MI,1976-03-20 18:40:00,1976-03-20 18:40:00,False,False
,10089875,North Carolina,7,Anson,,1976-05-15 09:45:00,CST,1976-05-15 09:45:00,4,0,0,0,25K,0,,F2,Unknown,12.8,67,,,,,34.83,-80.05,35.0,-79.95,,,NC,1976-05-15 10:45:00,1976-05-15 10:45:00,True,True
,10033891,Kentucky,15,Boone,,1976-06-24 17:30:00,CST,1976-06-24 17:30:00,1,0,0,0,2.5K,0,,F1,Unknown,0.0,33,,,,,39.05,-84.67,,,,,KY,1976-06-24 18:30:00,1976-06-24 18:30:00,True,True
,10083851,North Dakota,29,Emmons,,1976-06-11 23:10:00,CST,1976-06-11 23:10:00,0,0,0,0,25K,0,,F0,Unknown,0.0,33,,,,,46.53,-100.23,,,,,ND,1976-06-12 00:10:00,1976-06-12 00:10:00,True,True
,10083852,North Dakota,93,Stutsman,,1976-06-11 23:15:00,CST,1976-06-11 23:15:00,0,0,0,0,25K,0,,F2,Unknown,0.0,33,,,,,46.63,-98.68,,,,,ND,1976-06-12 00:15:00,1976-06-12 00:15:00,True,True
,10083855,North Dakota,99,Walsh,,1976-06-11 23:45:00,CST,1976-06-11 23:45:00,0,0,0,0,0K,0,,F0,Unknown,0.0,33,,,,,48.42,-97.53,,,,,ND,1976-06-12 00:45:00,1976-06-12 00:45:00,True,True
,10083860,North Dakota,3,Barnes,,1976-06-12 00:10:00,CST,1976-06-12 00:10:00,0,0,0,0,25K,0,,,Unknown,0.2,10,,,,,47.07,-98.1,,,,,ND,1976-06-12 01:10:00,1976-06-12 01:10:00,True,True
,10083861,North Dakota,3,Barnes,,1976-06-12 00:10:00,CST,1976-06-12 00:10:00,0,0,0,0,0K,0,,F1,Unknown,0.0,33,,,,,47.17,-98.0,,,,,ND,1976-06-12 01:10:00,1976-06-12 01:10:00,True,True
,10083862,North Dakota,91,Steele,,1976-06-12 00:15:00,CST,1976-06-12 00:15:00,0,0,0,0,25K,0,,F2,Unknown,0.0,33,,,,,47.37,-97.8,,,,,ND,1976-06-12 01:15:00,1976-06-12 01:15:00,True,True
,10083864,North Dakota,71,Ramsey,,1976-06-12 00:50:00,CST,1976-06-12 00:50:00,0,0,0,0,0K,0,,F2,Unknown,0.0,33,,,,,48.08,-98.83,,,,,ND,1976-06-12 01:50:00,1976-06-12 01:50:00,True,True
,10083865,North Dakota,67,Pembina,,1976-06-12 01:00:00,CST,1976-06-12 01:00:00,0,0,0,0,0K,0,,F1,Unknown,0.0,33,,,,,48.97,-97.38,,,,,ND,1976-06-12 02:00:00,1976-06-12 02:00:00,True,True
,10039763,Michigan,5,Allegan,,1976-06-15 14:45:00,CST,1976-06-15 14:45:00,0,0,0,0,250K,0,,F1,Unknown,11.3,67,,,,,42.67,-86.18,42.77,-86.0,,,MI,1976-06-15 15:45:00,1976-06-15 15:45:00,True,True
,10039765,Michigan,139,Ottawa,,1976-06-15 15:00:00,CST,1976-06-15 15:00:00,0,0,0,0,250K,0,,F1,Unknown,12.0,33,,,,,42.77,-86.0,42.88,-85.82,,,MI,1976-06-15 16:00:00,1976-06-15 16:00:00,True,True
,10038632,Michigan,77,Kalamazoo,,1976-03-12 15:50:00,CST,1976-03-12 15:50:00,0,0,0,0,25K,0,,F1,Unknown,2.5,67,,,,,42.28,-85.5,,,,,MI,1976-03-12 15:50:00,1976-03-12 15:50:00,False,False
,10038635,Michigan,59,Hillsdale,,1976-03-12 16:05:00,CST,1976-03-12 16:05:00,0,0,0,0,250K,0,,F2,Unknown,0.0,83,,,,,41.8,-84.4,41.82,-84.37,,,MI,1976-03-12 16:05:00,1976-03-12 16:05:00,False,False
,10038636,Michigan,91,Lenawee,,1976-03-12 16:10:00,CST,1976-03-12 16:10:00,0,0,0,0,250K,0,,F2,Unknown,0.0,33,,,,,41.82,-84.37,41.83,-84.35,,,MI,1976-03-12 16:10:00,1976-03-12 16:10:00,False,False
,10050777,Mississippi,151,Washington,,1976-02-17 20:30:00,CST,1976-02-17 20:30:00,0,0,0,0,250K,0,,F2,Unknown,6.2,60,,,,,33.38,-91.07,33.45,-91.0,,,MS,1976-02-17 20:30:00,1976-02-17 20:30:00,False,False
,10038639,Michigan,59,Hillsdale,,1976-03-12 16:40:00,CST,1976-03-12 16:40:00,0,0,0,0,250K,0,,F2,Unknown,3.6,133,,,,,42.05,-84.58,42.07,-84.5,,,MI,1976-03-12 16:40:00,1976-03-12 16:40:00,False,False
,10038640,Michigan,75,Jackson,,1976-03-12 16:45:00,CST,1976-03-12 16:45:00,0,0,0,0,250K,0,,F2,Unknown,0.0,33,,,,,42.07,-84.5,42.08,-84.47,,,MI,1976-03-12 16:45:00,1976-03-12 16:45:00,False,False
,10038641,Michigan,75,Jackson,,1976-03-12 16:50:00,CST,1976-03-12 16:50:00,0,0,0,0,250K,0,,F2,Unknown,2.0,90,,,,,42.18,-84.25,,,,,MI,1976-03-12 16:50:00,1976-03-12 16:50:00,False,False
,10038653,Michigan,25,Calhoun,,1976-03-20 15:20:00,CST,1976-03-20 15:20:00,0,0,0,0,25K,0,,F1,Unknown,6.2,50,,,,,42.23,-84.95,42.3,-84.85,,,MI,1976-03-20 15:20:00,1976-03-20 15:20:00,False,False
,10038654,Michigan,67,Ionia,,1976-03-20 15:30:00,CST,1976-03-20 15:30:00,0,0,0,0,25K,0,,F2,Unknown,9.9,50,,,,,42.88,-85.1,42.95,-84.92,,,MI,1976-03-20 15:30:00,1976-03-20 15:30:00,False,False
,10038658,Michigan,45,Eaton,,1976-03-20 15:50:00,CST,1976-03-20 15:50:00,0,0,0,0,250K,0,,F1,Unknown,0.0,93,,,,,42.5,-84.6,42.52,-84.58,,,MI,1976-03-20 15:50:00,1976-03-20 15:50:00,False,False
,10038659,Michigan,65,Ingham,,1976-03-20 15:55:00,CST,1976-03-20 15:55:00,0,0,0,0,250K,0,,F1,Unknown,18.9,33,,,,,42.52,-84.58,42.67,-84.27,,,MI,1976-03-20 15:55:00,1976-03-20 15:55:00,False,False
,10058419,Missouri,99,Jefferson,,1976-07-27 13:30:00,CST,1976-07-27 13:30:00,0,0,0,0,0K,0,,F1,Unknown,0.2,20,,,,,38.03,-90.5,,,,,MO,1976-07-27 14:30:00,1976-07-27 14:30:00,True,True
,10112451,South Carolina,25,Chesterfield,,1976-10-09 02:30:00,CST,1976-10-09 02:30:00,0,0,0,0,25K,0,,F0,Unknown,0.1,100,,,,,34.73,-80.07,,,,,SC,1976-10-09 03:30:00,1976-10-09 03:30:00,True,True
,9979550,Alabama,73,Jefferson,,1976-05-06 16:30:00,CST,1976-05-06 16:30:00,0,0,0,0,25K,0,,F2,Unknown,0.2,50,,,,,33.77,-86.93,,,,,AL,1976-05-06 17:30:00,1976-05-06 17:30:00,True,True
,9979551,Alabama,95,Marshall,,1976-05-06 17:50:00,CST,1976-05-06 17:50:00,0,0,0,0,25K,0,,F1,Unknown,2.0,33,,,,,34.37,-86.3,,,,,AL,1976-05-06 18:50:00,1976-05-06 18:50:00,True,True
,9982320,Arkansas,51,Garland,,1976-05-12 15:38:00,CST,1976-05-12 15:38:00,0,0,0,0,2.5K,0,,F1,Unknown,0.3,20,,,,,34.68,-93.1,,,,,AR,1976-05-12 16:38:00,1976-05-12 16:38:00,True,True
,9982322,Arkansas,91,Miller,,1976-05-26 17:29:00,CST,1976-05-26 17:29:00,0,0,0,0,0K,0,,F1,Unknown,1.0,30,,,,,33.45,-93.78,,,,,AR,1976-05-26 18:29:00,1976-05-26 18:29:00,True,True
,10068135,Nebraska,7,Banner,,1976-05-30 20:44:00,CST,1976-05-30 20:44:00,0,0,0,0,0K,0,,F0,Unknown,0.1,30,,,,,41.4,-103.98,,,,,NE,1976-05-30 21:44:00,1976-05-30 21:44:00,True,True
,10068139,Nebraska,17,Brown,,1976-06-10 17:45:00,CST,1976-06-10 17:45:00,0,0,0,0,0K,0,,F0,Unknown,0.2,50,,,,,42.57,-99.88,,,,,NE,1976-06-10 18:45:00,1976-06-10 18:45:00,True,True
,10068142,Nebraska,107,Knox,,1976-06-11 23:30:00,CST,1976-06-11 23:30:00,0,0,0,0,25K,0,,F1,Unknown,0.2,40,,,,,42.62,-98.1,,,,,NE,1976-06-12 00:30:00,1976-06-12 00:30:00,True,True
,9982334,Arkansas,15,Carroll,,1976-07-02 20:15:00,CST,1976-07-02 20:15:00,0,0,0,0,0K,0,,F0,Unknown,0.3,10,,,,,36.3,-93.4,,,,,AR,1976-07-02 21:15:00,1976-07-02 21:15:00,True,True
,9982345,Arkansas,89,Marion,,1976-08-14 16:47:00,CST,1976-08-14 16:47:00,2,0,0,0,250K,0,,,Unknown,0.1,17,,,,,36.52,-92.77,,,,,AR,1976-08-14 17:47:00,1976-08-14 17:47:00,True,True
,10065043,Nebraska,101,Keith,,1976-08-15 21:35:00,CST,1976-08-15 21:35:00,0,0,0,0,25K,0,,F1,Unknown,0.5,50,,,,,41.13,-101.58,,,,,NE,1976-08-15 22:35:00,1976-08-15 22:35:00,True,True
,10065052,Nebraska,31,Cherry,,1976-09-25 15:00:00,CST,1976-09-25 15:00:00,0,0,0,0,0K,0,,F0,Unknown,0.5,20,,,,,42.98,-100.72,,,,,NE,1976-09-25 16:00:00,1976-09-25 16:00:00,True,True
,10051397,Minnesota,137,St. Louis,,1976-04-14 16:00:00,CST,1976-04-14 16:00:00,0,0,0,0,25K,0,,F1,Unknown,11.3,200,,,,,48.03,-92.08,48.03,-91.83,,,MN,1976-04-14 16:00:00,1976-04-14 16:00:00,False,False
,10051398,Minnesota,75,Lake,,1976-04-14 16:15:00,CST,1976-04-14 16:15:00,0,0,0,0,25K,0,,F1,Unknown,9.6,33,,,,,48.03,-91.83,48.05,-91.62,,,MN,1976-04-14 16:15:00,1976-04-14 16:15:00,False,False
,10048870,Mississippi,133,Sunflower,,1976-03-26 20:53:00,CST,1976-03-26 20:53:00,0,0,0,0,25K,0,,F1,Unknown,4.3,250,,,,,33.83,-90.57,33.88,-90.53,,,MS,1976-03-26 20:53:00,1976-03-26 20:53:00,False,False
,10048873,Mississippi,71,Lafayette,,1976-03-26 22:30:00,CST,1976-03-26 22:30:00,0,0,0,0,25K,0,,F2,Unknown,1.0,100,,,,,34.37,-89.43,,,,,MS,1976-03-26 22:30:00,1976-03-26 22:30:00,False,False
,10048875,Mississippi,127,Simpson,,1976-03-26 23:55:00,CST,1976-03-26 23:55:00,11,0,0,0,2.5M,0,,F4,Unknown,18.5,880,,,,,31.78,-90.02,31.9,-89.73,,,MS,1976-03-26 23:55:00,1976-03-26 23:55:00,False,False
,10048877,Mississippi,109,Pearl River,,1976-03-27 01:20:00,CST,1976-03-27 01:20:00,1,0,0,0,25K,0,,F2,Unknown,15.0,440,,,,,30.9,-89.62,30.98,-89.38,,,MS,1976-03-27 01:20:00,1976-03-27 01:20:00,False,False
,10048878,Mississippi,39,George,,1976-03-27 02:50:00,CST,1976-03-27 02:50:00,0,0,0,0,250K,0,,F3,Unknown,13.9,300,,,,,30.97,-88.67,30.98,-88.43,,,MS,1976-03-27 02:50:00,1976-03-27 02:50:00,False,False
,10048881,Mississippi,89,Madison,,1976-03-29 14:03:00,CST,1976-03-29 14:03:00,177,0,3,0,25M,0,,F4,Unknown,22.3,880,,,,,32.58,-90.22,32.72,-89.87,,,MS,1976-03-29 14:03:00,1976-03-29 14:03:00,False,False
,10048882,Mississippi,29,Copiah,,1976-03-29 14:05:00,CST,1976-03-29 14:05:00,0,0,0,0,2.5M,0,,F4,Unknown,28.8,880,,,,,31.78,-90.65,31.95,-90.2,,,MS,1976-03-29 14:05:00,1976-03-29 14:05:00,False,False
,10048884,Mississippi,127,Simpson,,1976-03-29 14:30:00,CST,1976-03-29 14:30:00,0,0,0,0,2.5M,0,,F4,Unknown,22.6,33,,,,,31.95,-90.2,32.05,-89.83,,,MS,1976-03-29 14:30:00,1976-03-29 14:30:00,False,False
,9982290,Arkansas,119,Pulaski,,1976-03-29 15:07:00,CST,1976-03-29 15:07:00,0,0,0,0,2.5K,0,,F3,Unknown,4.7,100,,,,,34.87,-92.17,34.9,-92.1,,,AR,1976-03-29 15:07:00,1976-03-29 15:07:00,False,False
,9982291,Arkansas,85,Lonoke,,1976-03-29 15:15:00,CST,1976-03-29 15:15:00,64,0,5,0,25M,0,,F3,Unknown,12.5,100,,,,,34.9,-92.1,35.0,-91.92,,,AR,1976-03-29 15:15:00,1976-03-29 15:15:00,False,False
,9982292,Arkansas,23,Cleburne,,1976-03-29 15:25:00,CST,1976-03-29 15:25:00,6,0,1,0,250K,0,,F3,Unknown,16.5,50,,,,,35.55,-92.13,35.65,-91.87,,,AR,1976-03-29 15:25:00,1976-03-29 15:25:00,False,False
,9982294,Arkansas,75,Lawrence,,1976-03-29 16:49:00,CST,1976-03-29 16:49:00,0,0,0,0,2.5K,0,,F1,Unknown,1.0,100,,,,,36.25,-91.25,,,,,AR,1976-03-29 16:49:00,1976-03-29 16:49:00,False,False
,9982295,Arkansas,75,Lawrence,,1976-03-29 17:00:00,CST,1976-03-29 17:00:00,0,0,0,0,25K,0,,F2,Unknown,5.7,200,,,,,35.87,-91.07,35.88,-90.97,,,AR,1976-03-29 17:00:00,1976-03-29 17:00:00,False,False
,9982297,Arkansas,31,Craighead,,1976-03-29 17:10:00,CST,1976-03-29 17:10:00,0,0,0,0,25K,0,,F2,Unknown,9.5,33,,,,,35.88,-90.97,35.95,-90.82,,,AR,1976-03-29 17:10:00,1976-03-29 17:10:00,False,False
,9982298,Arkansas,55,Greene,,1976-03-29 17:20:00,CST,1976-03-29 17:20:00,0,0,0,0,25K,0,,F2,Unknown,4.9,33,,,,,35.95,-90.82,35.97,-90.73,,,AR,1976-03-29 17:20:00,1976-03-29 17:20:00,False,False
,9982304,Arkansas,119,Pulaski,,1976-04-11 16:55:00,CST,1976-04-11 16:55:00,0,0,0,0,2.5K,0,,F1,Unknown,2.0,30,,,,,34.67,-92.23,,,,,AR,1976-04-11 16:55:00,1976-04-11 16:55:00,False,False
,9982306,Arkansas,57,Hempstead,,1976-04-20 06:05:00,CST,1976-04-20 06:05:00,0,0,0,0,0K,0,,F0,Unknown,0.5,20,,,,,33.77,-93.48,,,,,AR,1976-04-20 06:05:00,1976-04-20 06:05:00,False,False
,9982307,Arkansas,143,Washington,,1976-04-20 14:14:00,CST,1976-04-20 14:14:00,0,0,0,0,0K,0,,F0,Unknown,0.3,10,,,,,35.98,-94.32,,,,,AR,1976-04-20 14:14:00,1976-04-20 14:14:00,False,False
,9982308,Arkansas,143,Washington,,1976-04-20 14:50:00,CST,1976-04-20 14:50:00,0,0,0,0,0K,0,,F0,Unknown,1.0,30,,,,,36.18,-94.13,,,,,AR,1976-04-20 14:50:00,1976-04-20 14:50:00,False,False
,9982316,Arkansas,23,Cleburne,,1976-04-24 15:50:00,CST,1976-04-24 15:50:00,0,0,0,0,25K,0,,F2,Unknown,2.0,30,,,,,35.43,-92.13,,,,,AR,1976-04-24 15:50:00,1976-04-24 15:50:00,False,False
,9982317,Arkansas,107,Phillips,,1976-04-24 17:45:00,CST,1976-04-24 17:45:00,0,0,0,0,25K,0,,F1,Unknown,1.0,30,,,,,34.38,-90.83,,,,,AR,1976-04-24 17:45:00,1976-04-24 17:45:00,False,False
,9979516,Alabama,133,Winston,,1976-03-20 22:20:00,CST,1976-03-20 22:20:00,6,0,0,0,250K,0,,F2,Unknown,0.5,77,,,,,34.02,-87.17,,,,,AL,1976-03-20 22:20:00,1976-03-20 22:20:00,False,False
,9979517,Alabama,89,Madison,,1976-03-20 22:22:00,CST,1976-03-20 22:22:00,0,0,0,0,25K,0,,F0,Unknown,0.5,20,,,,,34.75,-86.52,,,,,AL,1976-03-20 22:22:00,1976-03-20 22:22:00,False,False
,9979518,Alabama,89,Madison,,1976-03-20 22:22:00,CST,1976-03-20 22:22:00,0,0,0,0,250K,0,,F2,Unknown,0.5,20,,,,,34.77,-86.52,,,,,AL,1976-03-20 22:22:00,1976-03-20 22:22:00,False,False
,9979519,Alabama,89,Madison,,1976-03-20 22:25:00,CST,1976-03-20 22:25:00,0,0,0,0,25K,0,,F1,Unknown,4.5,40,,,,,34.85,-86.47,34.88,-86.4,,,AL,1976-03-20 22:25:00,1976-03-20 22:25:00,False,False
,9979522,Alabama,43,Cullman,,1976-03-20 22:45:00,CST,1976-03-20 22:45:00,17,0,0,0,2.5M,0,,F3,Unknown,9.3,100,,,,,34.22,-86.73,34.27,-86.58,,,AL,1976-03-20 22:45:00,1976-03-20 22:45:00,False,False
,9979523,Alabama,9,Blount,,1976-03-20 22:49:00,CST,1976-03-20 22:49:00,0,0,0,0,.25K,0,,F0,Unknown,0.0,33,,,,,33.9,-86.62,,,,,AL,1976-03-20 22:49:00,1976-03-20 22:49:00,False,False
,9979524,Alabama,9,Blount,,1976-03-20 22:50:00,CST,1976-03-20 22:50:00,11,0,0,0,250K,0,,F3,Unknown,19.2,40,,,,,33.97,-86.62,34.12,-86.33,,,AL,1976-03-20 22:50:00,1976-03-20 22:50:00,False,False
,9979528,Alabama,55,Etowah,,1976-03-20 23:20:00,CST,1976-03-20 23:20:00,0,0,0,0,25K,0,,F0,Unknown,0.0,33,,,,,34.02,-86.08,,,,,AL,1976-03-20 23:20:00,1976-03-20 23:20:00,False,False
,9979531,Alabama,31,Coffee,,1976-03-21 05:30:00,CST,1976-03-21 05:30:00,0,0,0,0,250K,0,,F1,Unknown,0.0,33,,,,,31.28,-85.85,,,,,AL,1976-03-21 05:30:00,1976-03-21 05:30:00,False,False
,9979541,Alabama,115,St. Clair,,1976-03-29 17:00:00,CST,1976-03-29 17:00:00,0,0,0,0,2.5K,0,,F0,Unknown,0.0,33,,,,,33.77,-86.47,,,,,AL,1976-03-29 17:00:00,1976-03-29 17:00:00,False,False
,9979543,Alabama,15,Calhoun,,1976-03-29 20:10:00,CST,1976-03-29 20:10:00,0,0,0,0,25K,0,,F2,Unknown,1.0,40,,,,,33.62,-85.97,,,,,AL,1976-03-29 20:10:00,1976-03-29 20:10:00,False,False
,9979544,Alabama,131,Wilcox,,1976-03-30 13:25:00,CST,1976-03-30 13:25:00,0,0,0,0,25K,0,,F0,Unknown,0.2,50,,,,,32.18,-87.47,,,,,AL,1976-03-30 13:25:00,1976-03-30 13:25:00,False,False
,9979545,Alabama,39,Covington,,1976-03-31 09:30:00,CST,1976-03-31 09:30:00,0,0,0,0,250K,0,,F2,Unknown,3.8,40,,,,,31.38,-86.38,31.4,-86.33,,,AL,1976-03-31 09:30:00,1976-03-31 09:30:00,False,False
,10073605,Montana,27,Fergus,,1976-06-08 20:05:00,CST,1976-06-08 20:05:00,0,0,0,0,25K,0,,F2,Unknown,0.0,33,,,,,47.35,-110.08,,,,,MT,1976-06-08 21:05:00,1976-06-08 21:05:00,True,True
,10051438,Minnesota,63,Jackson,,1976-06-14 18:00:00,CST,1976-06-14 18:00:00,3,0,0,0,250K,0,,F2,Unknown,6.4,300,,,,,43.77,-95.18,43.85,-95.1,,,MN,1976-06-14 19:00:00,1976-06-14 19:00:00,True,True
,10051439,Minnesota,33,Cottonwood,,1976-06-14 18:15:00,CST,1976-06-14 18:15:00,3,0,0,0,250K,0,,F2,Unknown,7.1,300,,,,,43.85,-95.1,43.93,-95.0,,,MN,1976-06-14 19:15:00,1976-06-14 19:15:00,True,True
,10051191,Mississippi,81,Lee,,1976-05-13 16:05:00,CST,1976-05-13 16:05:00,1,0,0,0,25K,0,,F2,Unknown,16.9,100,,,,,34.12,-88.77,34.28,-88.55,,,MS,1976-05-13 17:05:00,1976-05-13 17:05:00,True,True
,10051192,Mississippi,57,Itawamba,,1976-05-13 16:30:00,CST,1976-05-13 16:30:00,0,0,0,0,2.5K,0,,F2,Unknown,3.3,100,,,,,34.28,-88.55,34.3,-88.5,,,MS,1976-05-13 17:30:00,1976-05-13 17:30:00,True,True
,10051194,Mississippi,141,Tishomingo,,1976-05-13 17:30:00,CST,1976-05-13 17:30:00,0,0,0,0,250K,0,,F3,Unknown,5.4,300,,,,,34.92,-88.3,34.98,-88.25,,,MS,1976-05-13 18:30:00,1976-05-13 18:30:00,True,True
,10057269,Missouri,207,Stoddard,,1976-02-21 02:37:00,CST,1976-02-21 02:37:00,3,0,0,0,0K,0,,F3,Unknown,6.5,300,,,,,36.88,-90.25,36.95,-90.17,,,MO,1976-02-21 02:37:00,1976-02-21 02:37:00,False,False
,10051440,Minnesota,13,Blue Earth,,1976-06-14 20:10:00,CST,1976-06-14 20:10:00,6,0,1,0,2.5M,0,,F2,Unknown,24.6,300,,,,,43.92,-94.07,44.25,-93.88,,,MN,1976-06-14 21:10:00,1976-06-14 21:10:00,True,True
,10051441,Minnesota,79,Le Sueur,,1976-06-14 20:30:00,CST,1976-06-14 20:30:00,0,0,0,0,.25K,0,,F2,Unknown,0.0,300,,,,,44.25,-93.88,44.28,-93.87,,,MN,1976-06-14 21:30:00,1976-06-14 21:30:00,True,True
,10051447,Minnesota,89,Marshall,,1976-06-27 17:10:00,CST,1976-06-27 17:10:00,4,0,0,0,250K,0,,F1,Unknown,8.8,100,,,,,48.37,-96.82,48.37,-96.62,,,MN,1976-06-27 18:10:00,1976-06-27 18:10:00,True,True
,10089876,North Carolina,123,Montgomery,,1976-05-15 11:10:00,CST,1976-05-15 11:10:00,7,0,0,0,2.5M,0,,F2,Unknown,18.8,400,,,,,35.27,-79.97,35.52,-79.83,,,NC,1976-05-15 12:10:00,1976-05-15 12:10:00,True,True
,10089877,North Carolina,97,Iredell,,1976-05-15 12:00:00,CST,1976-05-15 12:00:00,0,0,0,0,0K,0,,F0,Unknown,0.0,33,,,,,35.72,-80.82,,,,,NC,1976-05-15 13:00:00,1976-05-15 13:00:00,True,True
,10089878,North Carolina,155,Robeson,,1976-05-15 15:50:00,CST,1976-05-15 15:50:00,4,0,3,0,250K,0,,F2,Unknown,10.1,33,,,,,34.58,-79.28,34.72,-79.22,,,NC,1976-05-15 16:50:00,1976-05-15 16:50:00,True,True
,10089881,North Carolina,19,Brunswick,,1976-05-18 14:55:00,CST,1976-05-18 14:55:00,0,0,0,0,25K,0,,F1,Unknown,0.1,13,,,,,33.88,-78.0,,,,,NC,1976-05-18 15:55:00,1976-05-18 15:55:00,True,True
,10089883,North Carolina,61,Duplin,,1976-06-02 15:00:00,CST,1976-06-02 15:00:00,0,0,0,0,2.5K,0,,F2,Unknown,0.3,13,,,,,35.12,-78.18,,,,,NC,1976-06-02 16:00:00,1976-06-02 16:00:00,True,True
,10089886,North Carolina,99,Jackson,,1976-06-28 18:30:00,CST,1976-06-28 18:30:00,0,0,0,0,250K,0,,F2,Unknown,0.2,10,,,,,35.32,-83.17,,,,,NC,1976-06-28 19:30:00,1976-06-28 19:30:00,True,True
,10095603,Oklahoma,75,Kiowa,,1976-06-23 23:55:00,CST,1976-06-23 23:55:00,0,0,0,0,.25K,0,,F1,Unknown,0.3,30,,,,,34.65,-99.0,,,,,OK,1976-06-24 00:55:00,1976-06-24 00:55:00,True,True
,10095610,Oklahoma,125,Pottawatomie,,1976-06-29 18:10:00,CST,1976-06-29 18:10:00,0,0,0,0,0K,0,,F0,Unknown,1.5,30,,,,,35.35,-97.0,,,,,OK,1976-06-29 19:10:00,1976-06-29 19:10:00,True,True
,10095611,Oklahoma,125,Pottawatomie,,1976-06-29 18:15:00,CST,1976-06-29 18:15:00,0,0,0,0,2.5K,0,,F0,Unknown,0.1,30,,,,,35.4,-97.1,,,,,OK,1976-06-29 19:15:00,1976-06-29 19:15:00,True,True
,9982286,Arkansas,59,Hot Spring,,1976-03-29 14:00:00,CST,1976-03-29 14:00:00,0,0,0,0,25K,0,,F1,Unknown,7.9,50,,,,,34.28,-93.18,34.32,-93.05,,,AR,1976-03-29 14:00:00,1976-03-29 14:00:00,False,False
,10068157,Nebraska,101,Keith,,1976-06-23 11:25:00,CST,1976-06-23 11:25:00,0,0,0,0,0K,0,,F0,Unknown,0.2,30,,,,,41.05,-101.7,,,,,NE,1976-06-23 12:25:00,1976-06-23 12:25:00,True,True
,10068158,Nebraska,135,Perkins,,1976-06-23 12:30:00,CST,1976-06-23 12:30:00,0,0,0,0,0K,0,,F0,Unknown,0.2,30,,,,,40.78,-101.75,,,,,NE,1976-06-23 13:30:00,1976-06-23 13:30:00,True,True
,10068160,Nebraska,55,Douglas,,1976-06-26 16:45:00,CST,1976-06-26 16:45:00,23,0,0,0,2.5M,0,,F1,Unknown,1.0,50,,,,,41.23,-96.17,,,,,NE,1976-06-26 17:45:00,1976-06-26 17:45:00,True,True
,10068168,Nebraska,41,Custer,,1976-07-03 17:15:00,CST,1976-07-03 17:15:00,0,0,0,0,.03K,0,,F0,Unknown,0.3,10,,,,,41.53,-100.2,,,,,NE,1976-07-03 18:15:00,1976-07-03 18:15:00,True,True
,10068169,Nebraska,113,Logan,,1976-07-03 17:15:00,CST,1976-07-03 17:15:00,0,0,0,0,.03K,0,,F1,Unknown,0.3,30,,,,,41.6,-100.4,,,,,NE,1976-07-03 18:15:00,1976-07-03 18:15:00,True,True
,10068172,Nebraska,111,Lincoln,,1976-07-03 18:05:00,CST,1976-07-03 18:05:00,0,0,0,0,.03K,0,,F0,Unknown,0.3,20,,,,,41.18,-100.37,,,,,NE,1976-07-03 19:05:00,1976-07-03 19:05:00,True,True
,10068174,Nebraska,63,Frontier,,1976-07-03 20:00:00,CST,1976-07-03 20:00:00,0,0,0,0,2.5K,0,,F1,Unknown,0.5,30,,,,,40.53,-100.35,,,,,NE,1976-07-03 21:00:00,1976-07-03 21:00:00,True,True
,10051421,Minnesota,17,Carlton,,1976-06-12 16:35:00,CST,1976-06-12 16:35:00,0,0,0,0,25K,0,,F1,Unknown,0.0,200,,,,,46.62,-92.38,46.65,-92.35,,,MN,1976-06-12 17:35:00,1976-06-12 17:35:00,True,True
,10051424,Minnesota,99,Mower,,1976-06-12 17:05:00,CST,1976-06-12 17:05:00,0,0,0,0,25K,0,,F1,Unknown,2.0,150,,,,,43.82,-93.0,,,,,MN,1976-06-12 18:05:00,1976-06-12 18:05:00,True,True
,10051425,Minnesota,75,Lake,,1976-06-12 17:30:00,CST,1976-06-12 17:30:00,0,0,0,0,25K,0,,F1,Unknown,0.2,40,,,,,47.05,-91.67,,,,,MN,1976-06-12 18:30:00,1976-06-12 18:30:00,True,True
,10042087,Michigan,21,Berrien,,1976-03-04 21:00:00,CST,1976-03-04 21:00:00,9,0,0,0,250K,0,,F2,Unknown,20.0,100,,,,,41.95,-86.57,42.08,-86.22,,,MI,1976-03-04 21:00:00,1976-03-04 21:00:00,False,False
,10042090,Michigan,159,Van Buren,,1976-03-04 21:30:00,CST,1976-03-04 21:30:00,0,0,0,0,250K,0,,F2,Unknown,24.8,100,,,,,42.08,-86.22,42.25,-85.78,,,MI,1976-03-04 21:30:00,1976-03-04 21:30:00,False,False
,10042091,Michigan,21,Berrien,,1976-03-12 14:30:00,CST,1976-03-12 14:30:00,0,0,0,0,25K,0,,F2,Unknown,10.1,83,,,,,41.77,-86.72,41.87,-86.57,,,MI,1976-03-12 14:30:00,1976-03-12 14:30:00,False,False
,10042092,Michigan,139,Ottawa,,1976-03-12 15:19:00,CST,1976-03-12 15:19:00,1,0,0,0,250K,0,,F1,Unknown,12.0,83,,,,,42.78,-86.12,42.87,-85.9,,,MI,1976-03-12 15:19:00,1976-03-12 15:19:00,False,False
,10042094,Michigan,149,St. Joseph,,1976-03-12 15:35:00,CST,1976-03-12 15:35:00,0,0,0,0,25K,0,,F2,Unknown,3.3,100,,,,,41.75,-85.32,41.78,-85.25,,,MI,1976-03-12 15:35:00,1976-03-12 15:35:00,False,False
,10051412,Minnesota,69,Kittson,,1976-06-12 01:30:00,CST,1976-06-12 01:30:00,0,0,0,0,25K,0,,F1,Unknown,0.3,200,,,,,48.72,-96.93,,,,,MN,1976-06-12 02:30:00,1976-06-12 02:30:00,True,True
,10051415,Minnesota,135,Roseau,,1976-06-12 13:00:00,CST,1976-06-12 13:00:00,0,0,0,0,25K,0,,F1,Unknown,1.0,200,,,,,48.67,-95.73,,,,,MN,1976-06-12 14:00:00,1976-06-12 14:00:00,True,True
,10057260,Missouri,229,Wright,,1976-02-21 00:15:00,CST,1976-02-21 00:15:00,1,0,0,0,25K,0,,F1,Unknown,0.3,50,,,,,37.12,-92.27,,,,,MO,1976-02-21 00:15:00,1976-02-21 00:15:00,False,False
,10057261,Missouri,91,Howell,,1976-02-21 00:30:00,CST,1976-02-21 00:30:00,4,0,0,0,2.5M,0,,F1,Unknown,0.8,37,,,,,36.73,-91.97,,,,,MO,1976-02-21 00:30:00,1976-02-21 00:30:00,False,False
,10057262,Missouri,91,Howell,,1976-02-21 00:30:00,CST,1976-02-21 00:30:00,1,0,0,0,250K,0,,F2,Unknown,0.9,70,,,,,36.72,-91.85,,,,,MO,1976-02-21 00:30:00,1976-02-21 00:30:00,False,False
,10057263,Missouri,91,Howell,,1976-02-21 00:30:00,CST,1976-02-21 00:30:00,1,0,0,0,2.5M,0,,F2,Unknown,0.9,37,,,,,37.0,-91.7,,,,,MO,1976-02-21 00:30:00,1976-02-21 00:30:00,False,False
,10057267,Missouri,23,Butler,,1976-02-21 02:15:00,CST,1976-02-21 02:15:00,13,0,1,0,2.5M,0,,F3,Unknown,17.2,300,,,,,36.72,-90.48,36.88,-90.25,,,MO,1976-02-21 02:15:00,1976-02-21 02:15:00,False,False
,9982318,Arkansas,145,White,,1976-04-24 17:50:00,CST,1976-04-24 17:50:00,0,0,0,0,0K,0,,F0,Unknown,0.5,20,,,,,35.25,-91.75,,,,,AR,1976-04-24 17:50:00,1976-04-24 17:50:00,False,False
,10058374,Missouri,23,Butler,,1976-03-20 15:00:00,CST,1976-03-20 15:00:00,0,0,0,0,25K,0,,F1,Unknown,0.1,17,,,,,36.75,-90.42,,,,,MO,1976-03-20 15:00:00,1976-03-20 15:00:00,False,False
,10058377,Missouri,201,Scott,,1976-03-20 16:10:00,CST,1976-03-20 16:10:00,1,0,0,0,25K,0,,F1,Unknown,1.0,17,,,,,36.88,-89.58,,,,,MO,1976-03-20 16:10:00,1976-03-20 16:10:00,False,False
,10058381,Missouri,145,Newton,,1976-03-26 16:00:00,CST,1976-03-26 16:00:00,0,0,0,0,250K,0,,F3,Unknown,3.8,40,,,,,37.03,-94.18,37.05,-94.12,,,MO,1976-03-26 16:00:00,1976-03-26 16:00:00,False,False
,10058382,Missouri,175,Randolph,,1976-03-26 16:08:00,CST,1976-03-26 16:08:00,1,0,0,0,25K,0,,F1,Unknown,0.5,20,,,,,39.43,-92.55,,,,,MO,1976-03-26 16:08:00,1976-03-26 16:08:00,False,False
,10058383,Missouri,97,Jasper,,1976-03-26 16:10:00,CST,1976-03-26 16:10:00,1,0,1,0,250K,0,,F3,Unknown,4.3,40,,,,,37.05,-94.12,37.08,-94.05,,,MO,1976-03-26 16:10:00,1976-03-26 16:10:00,False,False
,10058384,Missouri,9,Barry,,1976-03-26 16:15:00,CST,1976-03-26 16:15:00,0,0,0,0,25K,0,,F1,Unknown,0.5,30,,,,,36.78,-93.95,,,,,MO,1976-03-26 16:15:00,1976-03-26 16:15:00,False,False
,10058385,Missouri,109,Lawrence,,1976-03-26 16:15:00,CST,1976-03-26 16:15:00,2,0,0,0,250K,0,,F3,Unknown,21.0,40,,,,,37.08,-94.05,37.23,-93.72,,,MO,1976-03-26 16:15:00,1976-03-26 16:15:00,False,False
,10058392,Missouri,53,Cooper,,1976-04-20 19:30:00,CST,1976-04-20 19:30:00,0,0,0,0,0K,0,,F0,Unknown,0.3,17,,,,,38.8,-93.0,,,,,MO,1976-04-20 19:30:00,1976-04-20 19:30:00,False,False
,10077278,New York,13,Chautauqua,,1976-06-30 14:20:00,CST,1976-06-30 14:20:00,0,0,0,0,.25K,0,,F1,Unknown,0.0,33,,,,,42.55,-79.17,,,,,NY,1976-06-30 15:20:00,1976-06-30 15:20:00,True,True
,10077279,New York,29,Erie,,1976-06-30 14:48:00,CST,1976-06-30 14:48:00,0,0,0,0,.25K,0,,F1,Unknown,0.3,30,,,,,42.97,-78.7,,,,,NY,1976-06-30 15:48:00,1976-06-30 15:48:00,True,True
,10077280,New York,111,Ulster,,1976-06-30 16:15:00,CST,1976-06-30 16:15:00,0,0,0,0,25K,0,,F1,Unknown,1.1,100,,,,,41.82,-74.13,,,,,NY,1976-06-30 17:15:00,1976-06-30 17:15:00,True,True
,10089921,North Carolina,107,Lenoir,,1976-10-09 04:45:00,CST,1976-10-09 04:45:00,0,0,0,0,25K,0,,F1,Unknown,5.7,50,,,,,35.3,-77.77,35.37,-77.7,,,NC,1976-10-09 05:45:00,1976-10-09 05:45:00,True,True
,10112440,South Carolina,83,Spartanburg,,1976-06-19 16:30:00,CST,1976-06-19 16:30:00,0,0,0,0,.25K,0,,F1,Unknown,0.2,50,,,,,35.03,-81.97,,,,,SC,1976-06-19 17:30:00,1976-06-19 17:30:00,True,True
,10112441,South Carolina,35,Dorchester,,1976-06-21 13:30:00,CST,1976-06-21 13:30:00,0,0,0,0,25K,0,,F1,Unknown,0.2,27,,,,,33.02,-80.18,,,,,SC,1976-06-21 14:30:00,1976-06-21 14:30:00,True,True
,10089914,North Carolina,19,Brunswick,,1976-08-16 13:30:00,CST,1976-08-16 13:30:00,0,0,0,0,2.5K,0,,F1,Unknown,0.0,33,,,,,33.88,-78.5,,,,,NC,1976-08-16 14:30:00,1976-08-16 14:30:00,True,True
,10089916,North Carolina,81,Guilford,,1976-10-08 15:00:00,CST,1976-10-08 15:00:00,0,0,0,0,25K,0,,F1,Unknown,0.7,13,,,,,36.0,-79.87,,,,,NC,1976-10-08 16:00:00,1976-10-08 16:00:00,True,True
,10089917,North Carolina,57,Davidson,,1976-10-08 15:00:00,CST,1976-10-08 15:00:00,0,0,0,0,25K,0,,F1,Unknown,0.5,13,,,,,35.9,-80.12,,,,,NC,1976-10-08 16:00:00,1976-10-08 16:00:00,True,True
,10089918,North Carolina,167,Stanly,,1976-10-09 02:00:00,CST,1976-10-09 02:00:00,0,0,0,0,2.5K,0,,F1,Unknown,3.6,40,,,,,35.45,-80.25,35.48,-80.2,,,NC,1976-10-09 03:00:00,1976-10-09 03:00:00,True,True
,10089919,North Carolina,165,Scotland,,1976-10-09 04:00:00,CST,1976-10-09 04:00:00,0,0,0,0,250K,0,,F2,Unknown,6.1,20,,,,,34.77,-79.43,34.83,-79.37,,,NC,1976-10-09 05:00:00,1976-10-09 05:00:00,True,True
,10077257,New York,59,Nassau,,1976-06-01 17:30:00,CST,1976-06-01 17:30:00,0,0,0,0,2.5K,0,,F0,Unknown,0.0,33,,,,,40.75,-73.5,,,,,NY,1976-06-01 18:30:00,1976-06-01 18:30:00,True,True
,10077262,New York,115,Washington,,1976-06-11 18:45:00,CST,1976-06-11 18:45:00,0,0,0,0,250K,0,,F2,Unknown,0.0,100,,,,,43.32,-73.72,43.3,-73.68,,,NY,1976-06-11 19:45:00,1976-06-11 19:45:00,True,True
,10077243,New York,111,Ulster,,1976-03-21 13:40:00,CST,1976-03-21 13:40:00,0,0,0,0,25K,0,,F1,Unknown,0.1,30,,,,,41.77,-74.3,,,,,NY,1976-03-21 13:40:00,1976-03-21 13:40:00,False,False
,10077244,New York,111,Ulster,,1976-03-21 13:40:00,CST,1976-03-21 13:40:00,0,0,0,0,0K,0,,F2,Unknown,0.1,30,,,,,41.75,-74.33,,,,,NY,1976-03-21 13:40:00,1976-03-21 13:40:00,False,False
,10080704,New Mexico,57,Torrance,,1976-09-14 18:00:00,CST,1976-09-14 18:00:00,0,0,0,0,0K,0,,F0,Unknown,4.1,7,,,,,34.63,-106.22,34.68,-106.18,,,NM,1976-09-14 19:00:00,1976-09-14 19:00:00,True,True
,10083849,North Dakota,63,Nelson,,1976-06-11 22:50:00,CST,1976-06-11 22:50:00,0,0,0,0,0K,0,,F0,Unknown,0.0,33,,,,,48.15,-98.3,,,,,ND,1976-06-11 23:50:00,1976-06-11 23:50:00,True,True
,10111553,South Carolina,19,Charleston,,1976-03-08 23:30:00,CST,1976-03-08 23:30:00,1,0,0,0,25K,0,,F1,Unknown,0.5,10,,,,,32.8,-79.9,,,,,SC,1976-03-08 23:30:00,1976-03-08 23:30:00,False,False
,10111554,South Carolina,75,Orangeburg,,1976-03-16 09:00:00,CST,1976-03-16 09:00:00,0,0,0,0,25K,0,,F1,Unknown,0.1,30,,,,,33.43,-80.93,,,,,SC,1976-03-16 09:00:00,1976-03-16 09:00:00,False,False
,10111558,South Carolina,51,Horry,,1976-03-16 10:40:00,CST,1976-03-16 10:40:00,3,0,0,0,2.5M,0,,F1,Unknown,2.0,40,,,,,33.82,-79.12,,,,,SC,1976-03-16 10:40:00,1976-03-16 10:40:00,False,False
,10111563,South Carolina,43,Georgetown,,1976-05-07 15:00:00,CST,1976-05-07 15:00:00,0,0,0,0,2.5K,0,,F1,Unknown,0.2,13,,,,,33.43,-79.1,,,,,SC,1976-05-07 16:00:00,1976-05-07 16:00:00,True,True
,10111575,South Carolina,79,Richland,,1976-05-15 01:30:00,CST,1976-05-15 01:30:00,3,0,1,0,250K,0,,F2,Unknown,3.8,40,,,,,34.03,-81.0,34.08,-80.98,,,SC,1976-05-15 02:30:00,1976-05-15 02:30:00,True,True
,10111576,South Carolina,31,Darlington,,1976-05-15 08:30:00,CST,1976-05-15 08:30:00,0,0,0,0,250K,0,,F1,Unknown,6.9,30,,,,,34.37,-80.18,34.47,-80.18,,,SC,1976-05-15 09:30:00,1976-05-15 09:30:00,True,True
,10052517,Minnesota,21,Cass,,1976-07-22 17:10:00,CST,1976-07-22 17:10:00,1,0,0,0,25K,0,,F1,Unknown,4.5,50,,,,,47.35,-94.22,47.32,-94.12,,,MN,1976-07-22 18:10:00,1976-07-22 18:10:00,True,True
,10093315,Oklahoma,109,Oklahoma,,1976-03-04 11:25:00,CST,1976-03-04 11:25:00,0,0,0,0,25K,0,,F1,Unknown,0.5,20,,,,,35.48,-97.28,,,,,OK,1976-03-04 11:25:00,1976-03-04 11:25:00,False,False
,10093318,Oklahoma,143,Tulsa,,1976-03-04 12:10:00,CST,1976-03-04 12:10:00,0,0,0,0,25K,0,,F1,Unknown,9.2,30,,,,,36.38,-96.0,36.4,-95.83,,,OK,1976-03-04 12:10:00,1976-03-04 12:10:00,False,False
,10093319,Oklahoma,131,Rogers,,1976-03-04 12:15:00,CST,1976-03-04 12:15:00,0,0,0,0,25K,0,,F1,Unknown,4.7,33,,,,,36.4,-95.83,36.42,-95.75,,,OK,1976-03-04 12:15:00,1976-03-04 12:15:00,False,False
,10093324,Oklahoma,3,Alfalfa,,1976-03-11 17:00:00,CST,1976-03-11 17:00:00,0,0,0,0,.03K,0,,F2,Unknown,16.6,200,,,,,36.48,-98.35,36.7,-98.22,,,OK,1976-03-11 17:00:00,1976-03-11 17:00:00,False,False
,10093326,Oklahoma,77,Latimer,,1976-03-26 14:50:00,CST,1976-03-26 14:50:00,0,0,0,0,250K,0,,F4,Unknown,1.9,440,,,,,34.77,-95.08,34.78,-95.07,,,OK,1976-03-26 14:50:00,1976-03-26 14:50:00,False,False
,10093327,Oklahoma,79,Le Flore,,1976-03-26 15:00:00,CST,1976-03-26 15:00:00,4,0,1,0,250K,0,,F4,Unknown,8.8,440,,,,,34.78,-95.07,34.87,-94.95,,,OK,1976-03-26 15:00:00,1976-03-26 15:00:00,False,False
,10093328,Oklahoma,79,Le Flore,,1976-03-26 15:28:00,CST,1976-03-26 15:28:00,64,0,2,0,2.5M,0,,F5,Unknown,11.9,440,,,,,35.2,-94.7,35.25,-94.5,,,OK,1976-03-26 15:28:00,1976-03-26 15:28:00,False,False
,10093329,Oklahoma,91,Mcintosh,,1976-03-29 06:10:00,CST,1976-03-29 06:10:00,0,0,0,0,2.5K,0,,F2,Unknown,0.3,30,,,,,35.55,-95.53,,,,,OK,1976-03-29 06:10:00,1976-03-29 06:10:00,False,False
,10093340,Oklahoma,57,Harmon,,1976-04-17 01:40:00,CST,1976-04-17 01:40:00,2,0,0,0,25K,0,,F1,Unknown,23.5,50,,,,,34.68,-99.88,34.87,-99.53,,,OK,1976-04-17 01:40:00,1976-04-17 01:40:00,False,False
,10093343,Oklahoma,75,Kiowa,,1976-04-17 03:50:00,CST,1976-04-17 03:50:00,0,0,0,0,25K,0,,F1,Unknown,5.2,30,,,,,35.22,-98.9,35.25,-98.82,,,OK,1976-04-17 03:50:00,1976-04-17 03:50:00,False,False
,10093344,Oklahoma,15,Caddo,,1976-04-17 04:12:00,CST,1976-04-17 04:12:00,6,0,0,0,2.5M,0,,F4,Unknown,32.9,440,,,,,34.88,-98.52,35.3,-98.23,,,OK,1976-04-17 04:12:00,1976-04-17 04:12:00,False,False
,10093346,Oklahoma,67,Jefferson,,1976-04-19 14:25:00,CST,1976-04-19 14:25:00,0,0,0,0,25K,0,,F2,Unknown,3.8,440,,,,,34.15,-97.87,34.18,-97.82,,,OK,1976-04-19 14:25:00,1976-04-19 14:25:00,False,False
,10093347,Oklahoma,33,Cotton,,1976-04-19 14:35:00,CST,1976-04-19 14:35:00,0,0,0,0,0K,0,,F1,Unknown,0.1,200,,,,,34.42,-98.13,,,,,OK,1976-04-19 14:35:00,1976-04-19 14:35:00,False,False
,10116850,Pennsylvania,59,Greene,,1976-03-27 13:00:00,CST,1976-03-27 13:00:00,0,0,0,0,25K,0,,,Unknown,0.1,33,,,,,39.93,-80.38,,,,,PA,1976-03-27 13:00:00,1976-03-27 13:00:00,False,False
,10116840,Pennsylvania,95,Northampton,,1976-03-21 13:10:00,CST,1976-03-21 13:10:00,0,0,0,0,25K,0,,F1,Unknown,2.3,33,,,,,40.63,-75.4,40.63,-75.33,,,PA,1976-03-21 13:10:00,1976-03-21 13:10:00,False,False
,10096810,Ohio,99,Mahoning,,1976-02-16 22:35:00,CST,1976-02-16 22:35:00,0,0,0,0,250K,0,,F2,Unknown,1.5,600,,,,,41.07,-80.83,,,,,OH,1976-02-16 22:35:00,1976-02-16 22:35:00,False,False
,10097717,Ohio,23,Clark,,1976-01-13 16:00:00,CST,1976-01-13 16:00:00,0,0,0,0,25K,0,,F1,Unknown,0.0,10,,,,,39.93,-84.03,,,,,OH,1976-01-13 16:00:00,1976-01-13 16:00:00,False,False
,10080276,New Hampshire,13,Merrimack,,1976-08-15 16:00:00,CST,1976-08-15 16:00:00,5,0,0,0,0K,0,,F1,Unknown,0.0,33,,,,,43.87,-71.27,,,,,NH,1976-08-15 17:00:00,1976-08-15 17:00:00,True,True
,10093312,Oklahoma,49,Garvin,,1976-02-20 17:20:00,CST,1976-02-20 17:20:00,0,0,0,0,2.5K,0,,F0,Unknown,3.8,20,,,,,34.83,-97.62,34.87,-97.57,,,OK,1976-02-20 17:20:00,1976-02-20 17:20:00,False,False
,10093314,Oklahoma,135,Sequoyah,,1976-02-20 21:30:00,CST,1976-02-20 21:30:00,0,0,0,0,25K,0,,F2,Unknown,4.5,30,,,,,35.52,-94.75,35.55,-94.68,,,OK,1976-02-20 21:30:00,1976-02-20 21:30:00,False,False
,10084986,North Dakota,17,Cass,,1976-08-19 16:00:00,CST,1976-08-19 16:00:00,0,0,0,0,25K,0,,F1,Unknown,1.0,17,,,,,47.1,-97.1,,,,,ND,1976-08-19 17:00:00,1976-08-19 17:00:00,True,True
,10084987,North Dakota,17,Cass,,1976-08-19 16:15:00,CST,1976-08-19 16:15:00,0,0,0,0,2.5K,0,,F2,Unknown,0.3,20,,,,,46.78,-97.35,,,,,ND,1976-08-19 17:15:00,1976-08-19 17:15:00,True,True
,10084988,North Dakota,17,Cass,,1976-08-19 16:30:00,CST,1976-08-19 16:30:00,0,0,0,0,250K,0,,F1,Unknown,0.3,17,,,,,47.1,-97.3,,,,,ND,1976-08-19 17:30:00,1976-08-19 17:30:00,True,True
,10084989,North Dakota,71,Ramsey,,1976-08-26 15:30:00,CST,1976-08-26 15:30:00,0,0,0,0,0K,0,,F1,Unknown,0.0,33,,,,,48.27,-99.18,,,,,ND,1976-08-26 16:30:00,1976-08-26 16:30:00,True,True
,10083871,North Dakota,71,Ramsey,,1976-06-12 15:05:00,CST,1976-06-12 15:05:00,0,0,0,0,0K,0,,F1,Unknown,0.0,33,,,,,48.08,-98.83,,,,,ND,1976-06-12 16:05:00,1976-06-12 16:05:00,True,True
,10083874,North Dakota,71,Ramsey,,1976-06-27 15:05:00,CST,1976-06-27 15:05:00,0,0,0,0,0K,0,,F1,Unknown,0.0,33,,,,,48.08,-98.83,,,,,ND,1976-06-27 16:05:00,1976-06-27 16:05:00,True,True
,10083878,North Dakota,77,Richland,,1976-06-28 17:45:00,CST,1976-06-28 17:45:00,0,0,0,0,0K,0,,,Unknown,0.0,33,,,,,46.28,-97.13,,,,,ND,1976-06-28 18:45:00,1976-06-28 18:45:00,True,True
,10067014,Nebraska,95,Jefferson,,1976-04-14 18:45:00,CST,1976-04-14 18:45:00,0,0,0,0,250K,0,,F1,Unknown,6.5,23,,,,,40.12,-97.22,40.22,-97.2,,,NE,1976-04-14 18:45:00,1976-04-14 18:45:00,False,False
,10083821,North Dakota,69,Pierce,,1976-06-11 18:05:00,CST,1976-06-11 18:05:00,0,0,0,0,0K,0,,F1,Unknown,0.0,33,,,,,47.9,-99.9,,,,,ND,1976-06-11 19:05:00,1976-06-11 19:05:00,True,True
,10083823,North Dakota,83,Sheridan,,1976-06-11 18:20:00,CST,1976-06-11 18:20:00,0,0,0,0,0K,0,,,Unknown,0.0,33,,,,,47.5,-100.53,,,,,ND,1976-06-11 19:20:00,1976-06-11 19:20:00,True,True
,10083824,North Dakota,27,Eddy,,1976-06-11 18:51:00,CST,1976-06-11 18:51:00,0,0,0,0,0K,0,,F1,Unknown,0.0,33,,,,,47.83,-99.12,,,,,ND,1976-06-11 19:51:00,1976-06-11 19:51:00,True,True
,10083825,North Dakota,37,Grant,,1976-06-11 19:20:00,CST,1976-06-11 19:20:00,0,0,0,0,0K,0,,F1,Unknown,0.0,33,,,,,46.4,-101.85,,,,,ND,1976-06-11 20:20:00,1976-06-11 20:20:00,True,True
,10083826,North Dakota,59,Morton,,1976-06-11 19:50:00,CST,1976-06-11 19:50:00,0,0,0,0,0K,0,,F1,Unknown,0.0,33,,,,,46.55,-101.08,,,,,ND,1976-06-11 20:50:00,1976-06-11 20:50:00,True,True
,10098169,Ohio,169,Wayne,,1976-07-31 14:30:00,CST,1976-07-31 14:30:00,0,0,0,0,25K,0,,F2,Unknown,0.0,33,,,,,40.73,-81.83,,,,,OH,1976-07-31 15:30:00,1976-07-31 15:30:00,True,True
,10098173,Ohio,137,Putnam,,1976-09-09 14:51:00,CST,1976-09-09 14:51:00,0,0,0,0,25K,0,,F0,Unknown,0.5,17,,,,,40.95,-84.1,,,,,OH,1976-09-09 15:51:00,1976-09-09 15:51:00,True,True
,10083828,North Dakota,37,Grant,,1976-06-11 20:00:00,CST,1976-06-11 20:00:00,0,0,0,0,0K,0,,,Unknown,0.0,33,,,,,46.65,-101.82,,,,,ND,1976-06-11 21:00:00,1976-06-11 21:00:00,True,True
,10083829,North Dakota,37,Grant,,1976-06-11 20:00:00,CST,1976-06-11 20:00:00,1,0,0,0,25K,0,,F1,Unknown,6.4,33,,,,,46.5,-101.97,46.58,-101.88,,,ND,1976-06-11 21:00:00,1976-06-11 21:00:00,True,True
,10083832,North Dakota,15,Burleigh,,1976-06-11 20:32:00,CST,1976-06-11 20:32:00,0,0,0,0,0K,0,,F1,Unknown,0.0,33,,,,,47.13,-100.43,,,,,ND,1976-06-11 21:32:00,1976-06-11 21:32:00,True,True
,10083834,North Dakota,59,Morton,,1976-06-11 20:55:00,CST,1976-06-11 20:55:00,0,0,0,0,0K,0,,F1,Unknown,0.0,33,,,,,46.67,-100.77,,,,,ND,1976-06-11 21:55:00,1976-06-11 21:55:00,True,True
,10083835,North Dakota,71,Ramsey,,1976-06-11 20:55:00,CST,1976-06-11 20:55:00,0,0,0,0,0K,0,,F1,Unknown,0.0,33,,,,,48.28,-99.15,,,,,ND,1976-06-11 21:55:00,1976-06-11 21:55:00,True,True
,10083837,North Dakota,29,Emmons,,1976-06-11 21:10:00,CST,1976-06-11 21:10:00,0,0,0,0,0K,0,,F1,Unknown,0.0,33,,,,,46.53,-100.23,,,,,ND,1976-06-11 22:10:00,1976-06-11 22:10:00,True,True
,10083838,North Dakota,29,Emmons,,1976-06-11 21:10:00,CST,1976-06-11 21:10:00,0,0,0,0,0K,0,,F1,Unknown,0.0,33,,,,,46.53,-100.23,,,,,ND,1976-06-11 22:10:00,1976-06-11 22:10:00,True,True
,10083840,North Dakota,29,Emmons,,1976-06-11 21:30:00,CST,1976-06-11 21:30:00,0,0,0,0,25K,0,,F1,Unknown,0.0,33,,,,,46.02,-100.35,,,,,ND,1976-06-11 22:30:00,1976-06-11 22:30:00,True,True
,10083841,North Dakota,59,Morton,,1976-06-11 21:33:00,CST,1976-06-11 21:33:00,0,0,0,0,0K,0,,F1,Unknown,0.0,33,,,,,46.7,-100.87,,,,,ND,1976-06-11 22:33:00,1976-06-11 22:33:00,True,True
,10083846,North Dakota,99,Walsh,,1976-06-11 22:22:00,CST,1976-06-11 22:22:00,0,0,0,0,0K,0,,F1,Unknown,0.0,33,,,,,48.43,-97.42,,,,,ND,1976-06-11 23:22:00,1976-06-11 23:22:00,True,True
,9982255,Arizona,15,Mohave,,1976-08-12 19:00:00,CST,1976-08-12 19:00:00,0,0,0,0,2.5K,0,,F1,Unknown,0.0,33,,,,,36.95,-112.98,,,,,AZ,1976-08-12 19:00:00,1976-08-12 19:00:00,False,False
,10050952,Mississippi,63,Jefferson,,1976-03-30 16:35:00,CST,1976-03-30 16:35:00,0,0,0,0,250K,0,,F3,Unknown,27.0,1583,,,,,31.67,-91.18,31.75,-90.73,,,MS,1976-03-30 16:35:00,1976-03-30 16:35:00,False,False
,10050953,Mississippi,29,Copiah,,1976-03-30 17:00:00,CST,1976-03-30 17:00:00,0,0,0,0,250K,0,,F3,Unknown,4.7,33,,,,,31.75,-90.73,31.78,-90.67,,,MS,1976-03-30 17:00:00,1976-03-30 17:00:00,False,False
,10043800,Maine,31,York,,1976-08-13 18:00:00,CST,1976-08-13 18:00:00,2,0,0,0,250K,0,,,Unknown,0.3,50,,,,,43.32,-70.58,,,,,ME,1976-08-13 19:00:00,1976-08-13 19:00:00,True,True
,10081482,New Jersey,17,Hudson,,1976-07-07 11:00:00,CST,1976-07-07 11:00:00,0,0,0,0,250K,0,,F1,Unknown,3.0,50,,,,,40.67,-74.12,40.72,-74.08,,,NJ,1976-07-07 12:00:00,1976-07-07 12:00:00,True,True
,10048860,Mississippi,95,Monroe,,1976-03-20 21:20:00,CST,1976-03-20 21:20:00,3,0,0,0,250K,0,,F3,Unknown,18.7,1400,,,,,33.82,-88.72,33.95,-88.43,,,MS,1976-03-20 21:20:00,1976-03-20 21:20:00,False,False
,10080693,New Mexico,15,Eddy,,1976-04-30 19:30:00,CST,1976-04-30 19:30:00,2,0,0,0,25K,0,,F2,Unknown,0.0,33,,,,,32.57,-104.45,,,,,NM,1976-04-30 20:30:00,1976-04-30 20:30:00,True,True
,9986130,Colorado,55,Huerfano,,1976-05-25 12:25:00,CST,1976-05-25 12:25:00,0,0,0,0,0K,0,,F0,Unknown,0.1,20,,,,,37.7,-104.78,,,,,CO,1976-05-25 13:25:00,1976-05-25 13:25:00,True,True
,9986344,Colorado,39,Elbert,,1976-05-25 14:55:00,CST,1976-05-25 14:55:00,0,0,0,0,0K,0,,F0,Unknown,0.1,20,,,,,39.18,-104.47,,,,,CO,1976-05-25 15:55:00,1976-05-25 15:55:00,True,True
,9986345,Colorado,123,Weld,,1976-05-29 14:45:00,CST,1976-05-29 14:45:00,0,0,0,0,0K,0,,F0,Unknown,0.1,20,,,,,40.78,-104.82,,,,,CO,1976-05-29 15:45:00,1976-05-29 15:45:00,True,True
,9986346,Colorado,123,Weld,,1976-05-29 15:14:00,CST,1976-05-29 15:14:00,0,0,0,0,0K,0,,F0,Unknown,0.1,20,,,,,40.47,-104.87,,,,,CO,1976-05-29 16:14:00,1976-05-29 16:14:00,True,True
,9986347,Colorado,123,Weld,,1976-05-29 15:14:00,CST,1976-05-29 15:14:00,0,0,0,0,0K,0,,F0,Unknown,0.1,20,,,,,40.72,-104.77,,,,,CO,1976-05-29 16:14:00,1976-05-29 16:14:00,True,True
,9986348,Colorado,123,Weld,,1976-05-29 15:30:00,CST,1976-05-29 15:30:00,0,0,0,0,0K,0,,F0,Unknown,0.1,20,,,,,40.58,-104.5,,,,,CO,1976-05-29 16:30:00,1976-05-29 16:30:00,True,True
,9986349,Colorado,123,Weld,,1976-05-29 15:30:00,CST,1976-05-29 15:30:00,0,0,0,0,0K,0,,F0,Unknown,0.0,33,,,,,40.58,-104.55,,,,,CO,1976-05-29 16:30:00,1976-05-29 16:30:00,True,True
,10039777,Michigan,81,Kent,,1976-06-15 15:30:00,CST,1976-06-15 15:30:00,0,0,0,0,25K,0,,F1,Unknown,0.5,50,,,,,43.27,-85.58,,,,,MI,1976-06-15 16:30:00,1976-06-15 16:30:00,True,True
,10048866,Mississippi,89,Madison,,1976-03-26 16:59:00,CST,1976-03-26 16:59:00,0,0,0,0,2.5K,0,,F1,Unknown,5.4,200,,,,,32.7,-89.88,32.77,-89.83,,,MS,1976-03-26 16:59:00,1976-03-26 16:59:00,False,False
,9982235,Arizona,13,Maricopa,,1976-05-04 15:15:00,CST,1976-05-04 15:15:00,0,0,0,0,0K,0,,F0,Unknown,2.0,13,,,,,33.57,-111.83,,,,,AZ,1976-05-04 15:15:00,1976-05-04 15:15:00,False,False
,9982236,Arizona,13,Maricopa,,1976-05-04 15:15:00,CST,1976-05-04 15:15:00,0,0,0,0,0K,0,,F1,Unknown,2.0,33,,,,,33.5,-111.72,,,,,AZ,1976-05-04 15:15:00,1976-05-04 15:15:00,False,False
,9982237,Arizona,13,Maricopa,,1976-05-04 16:03:00,CST,1976-05-04 16:03:00,0,0,0,0,0K,0,,F0,Unknown,0.1,17,,,,,33.58,-111.75,,,,,AZ,1976-05-04 16:03:00,1976-05-04 16:03:00,False,False
,9982241,Arizona,25,Yavapai,,1976-07-06 16:38:00,CST,1976-07-06 16:38:00,0,0,0,0,0K,0,,F0,Unknown,0.1,17,,,,,35.33,-112.88,,,,,AZ,1976-07-06 16:38:00,1976-07-06 16:38:00,False,False
,9979506,Alabama,77,Lauderdale,,1976-03-20 21:00:00,CST,1976-03-20 21:00:00,2,0,0,0,25K,0,,F2,Unknown,1.0,30,,,,,34.92,-87.27,,,,,AL,1976-03-20 21:00:00,1976-03-20 21:00:00,False,False
,9979508,Alabama,75,Lamar,,1976-03-20 21:40:00,CST,1976-03-20 21:40:00,1,0,0,0,25K,0,,F1,Unknown,0.2,20,,,,,33.93,-88.08,,,,,AL,1976-03-20 21:40:00,1976-03-20 21:40:00,False,False
,9979512,Alabama,107,Pickens,,1976-03-20 22:05:00,CST,1976-03-20 22:05:00,0,0,0,0,25K,0,,F2,Unknown,0.5,30,,,,,33.38,-87.9,,,,,AL,1976-03-20 22:05:00,1976-03-20 22:05:00,False,False
,9979513,Alabama,89,Madison,,1976-03-20 22:08:00,CST,1976-03-20 22:08:00,0,0,0,0,250K,0,,F1,Unknown,4.5,100,,,,,34.92,-86.73,34.97,-86.68,,,AL,1976-03-20 22:08:00,1976-03-20 22:08:00,False,False
,10051215,Mississippi,101,Newton,,1976-06-01 15:15:00,CST,1976-06-01 15:15:00,0,0,0,0,250K,0,,F2,Unknown,4.9,440,,,,,32.43,-89.32,32.45,-89.23,,,MS,1976-06-01 16:15:00,1976-06-01 16:15:00,True,True
,10051216,Mississippi,111,Perry,,1976-06-01 15:57:00,CST,1976-06-01 15:57:00,2,0,0,0,25K,0,,F1,Unknown,0.2,33,,,,,30.65,-88.57,,,,,MS,1976-06-01 16:57:00,1976-06-01 16:57:00,True,True
,10051221,Mississippi,1,Adams,,1976-06-29 11:45:00,CST,1976-06-29 11:45:00,0,0,0,0,25K,0,,F2,Unknown,1.0,100,,,,,31.62,-91.3,,,,,MS,1976-06-29 12:45:00,1976-06-29 12:45:00,True,True
,9979497,Alabama,91,Marengo,,1976-03-12 20:27:00,CST,1976-03-12 20:27:00,1,0,0,0,250K,0,,F2,Unknown,18.4,200,,,,,32.38,-87.88,32.47,-87.58,,,AL,1976-03-12 20:27:00,1976-03-12 20:27:00,False,False
,9979498,Alabama,1,Autauga,,1976-03-12 20:30:00,CST,1976-03-12 20:30:00,4,0,0,0,2.5M,0,,F3,Unknown,16.5,100,,,,,32.58,-86.92,32.57,-86.63,,,AL,1976-03-12 20:30:00,1976-03-12 20:30:00,False,False
,9988444,Connecticut,5,Litchfield,,1976-06-30 18:30:00,CST,1976-06-30 18:30:00,0,0,0,0,25K,0,,F2,Unknown,1.0,100,,,,,42.0,-73.13,,,,,CT,1976-06-30 19:30:00,1976-06-30 19:30:00,True,True
,10067042,Nebraska,67,Gage,,1976-05-13 15:21:00,CST,1976-05-13 15:21:00,0,0,0,0,0K,0,,F0,Unknown,0.1,10,,,,,40.47,-96.75,,,,,NE,1976-05-13 16:21:00,1976-05-13 16:21:00,True,True
,9979499,Alabama,51,Elmore,,1976-03-12 21:20:00,CST,1976-03-12 21:20:00,15,0,0,0,2.5M,0,,F3,Unknown,4.9,400,,,,,32.62,-86.07,32.65,-86.0,,,AL,1976-03-12 21:20:00,1976-03-12 21:20:00,False,False
,9979500,Alabama,47,Dallas,,1976-03-12 22:30:00,CST,1976-03-12 22:30:00,1,0,0,0,250K,0,,F1,Unknown,0.2,50,,,,,32.35,-86.9,,,,,AL,1976-03-12 22:30:00,1976-03-12 22:30:00,False,False
,9979501,Alabama,21,Chilton,,1976-03-12 22:50:00,CST,1976-03-12 22:50:00,0,0,0,0,25K,0,,F2,Unknown,0.1,50,,,,,32.73,-86.47,,,,,AL,1976-03-12 22:50:00,1976-03-12 22:50:00,False,False
,9979502,Alabama,31,Coffee,,1976-03-16 07:25:00,CST,1976-03-16 07:25:00,0,0,0,0,2.5K,0,,F0,Unknown,0.5,50,,,,,31.38,-85.93,,,,,AL,1976-03-16 07:25:00,1976-03-16 07:25:00,False,False
,9979503,Alabama,129,Washington,,1976-03-16 08:55:00,CST,1976-03-16 08:55:00,0,0,0,0,25K,0,,F2,Unknown,0.1,50,,,,,31.33,-88.42,,,,,AL,1976-03-16 08:55:00,1976-03-16 08:55:00,False,False
,9986388,Colorado,123,Weld,,1976-08-10 22:30:00,CST,1976-08-10 22:30:00,1,0,0,0,2.5K,0,,,Unknown,0.1,50,,,,,40.42,-104.68,,,,,CO,1976-08-10 23:30:00,1976-08-10 23:30:00,True,True
,9986390,Colorado,75,Logan,,1976-08-15 20:50:00,CST,1976-08-15 20:50:00,0,0,0,0,0K,0,,,Unknown,0.5,100,,,,,40.72,-103.52,,,,,CO,1976-08-15 21:50:00,1976-08-15 21:50:00,True,True
,9986391,Colorado,95,Phillips,,1976-08-15 21:45:00,CST,1976-08-15 21:45:00,0,0,0,0,25K,0,,,Unknown,0.5,100,,,,,40.62,-102.6,,,,,CO,1976-08-15 22:45:00,1976-08-15 22:45:00,True,True
,9986392,Colorado,95,Phillips,,1976-08-15 21:45:00,CST,1976-08-15 21:45:00,0,0,0,0,25K,0,,,Unknown,0.5,100,,,,,40.62,-102.63,,,,,CO,1976-08-15 22:45:00,1976-08-15 22:45:00,True,True
,9986396,Colorado,5,Arapahoe,,1976-09-14 14:15:00,CST,1976-09-14 14:15:00,0,0,0,0,2.5K,0,,F1,Unknown,0.1,33,,,,,39.43,-104.93,,,,,CO,1976-09-14 15:15:00,1976-09-14 15:15:00,True,True
,9986397,Colorado,1,Adams,,1976-09-14 14:20:00,CST,1976-09-14 14:20:00,0,0,0,0,0K,0,,F0,Unknown,0.1,33,,,,,39.77,-104.68,,,,,CO,1976-09-14 15:20:00,1976-09-14 15:20:00,True,True
,9986398,Colorado,1,Adams,,1976-09-14 14:20:00,CST,1976-09-14 14:20:00,0,0,0,0,0K,0,,F0,Unknown,0.1,33,,,,,39.77,-104.72,,,,,CO,1976-09-14 15:20:00,1976-09-14 15:20:00,True,True
,9986399,Colorado,1,Adams,,1976-09-14 14:20:00,CST,1976-09-14 14:20:00,0,0,0,0,0K,0,,F0,Unknown,0.1,33,,,,,39.77,-104.7,,,,,CO,1976-09-14 15:20:00,1976-09-14 15:20:00,True,True
,9979496,Alabama,119,Sumter,,1976-03-12 16:50:00,CST,1976-03-12 16:50:00,2,0,0,0,25K,0,,F1,Unknown,1.0,150,,,,,32.82,-88.17,,,,,AL,1976-03-12 16:50:00,1976-03-12 16:50:00,False,False
,10039784,Michigan,165,Wexford,,1976-06-15 17:30:00,CST,1976-06-15 17:30:00,0,0,0,0,25K,0,,F1,Unknown,0.0,133,,,,,44.5,-85.33,44.53,-85.32,,,MI,1976-06-15 18:30:00,1976-06-15 18:30:00,True,True
,10039786,Michigan,79,Kalkaska,,1976-06-15 17:35:00,CST,1976-06-15 17:35:00,0,0,0,0,25K,0,,F1,Unknown,0.0,33,,,,,44.53,-85.32,44.55,-85.3,,,MI,1976-06-15 18:35:00,1976-06-15 18:35:00,True,True
,10039788,Michigan,45,Eaton,,1976-06-18 17:10:00,CST,1976-06-18 17:10:00,0,0,0,0,25K,0,,F1,Unknown,0.0,30,,,,,42.75,-84.65,42.78,-84.62,,,MI,1976-06-18 18:10:00,1976-06-18 18:10:00,True,True
,10039789,Michigan,37,Clinton,,1976-06-18 17:15:00,CST,1976-06-18 17:15:00,0,0,0,0,25K,0,,F1,Unknown,0.0,33,,,,,42.78,-84.62,42.8,-84.58,,,MI,1976-06-18 18:15:00,1976-06-18 18:15:00,True,True
,10039792,Michigan,51,Gladwin,,1976-06-18 17:30:00,CST,1976-06-18 17:30:00,0,0,0,0,25K,0,,F1,Unknown,1.0,33,,,,,43.82,-84.37,,,,,MI,1976-06-18 18:30:00,1976-06-18 18:30:00,True,True
,10039794,Michigan,91,Lenawee,,1976-06-24 17:25:00,CST,1976-06-24 17:25:00,0,0,0,0,25K,0,,F1,Unknown,1.0,50,,,,,41.9,-83.78,,,,,MI,1976-06-24 18:25:00,1976-06-24 18:25:00,True,True
,10039799,Michigan,99,Macomb,,1976-07-07 14:35:00,CST,1976-07-07 14:35:00,1,0,0,0,25K,0,,F1,Unknown,0.3,30,,,,,42.47,-82.88,,,,,MI,1976-07-07 15:35:00,1976-07-07 15:35:00,True,True
,10039805,Michigan,79,Kalkaska,,1976-07-23 18:40:00,CST,1976-07-23 18:40:00,5,0,0,0,25K,0,,F2,Unknown,3.3,83,,,,,44.57,-85.25,44.58,-85.17,,,MI,1976-07-23 19:40:00,1976-07-23 19:40:00,True,True
,10039808,Michigan,81,Kent,,1976-07-28 16:00:00,CST,1976-07-28 16:00:00,1,0,0,0,250K,0,,F1,Unknown,2.0,40,,,,,43.0,-85.67,,,,,MI,1976-07-28 17:00:00,1976-07-28 17:00:00,True,True
,10048843,Mississippi,53,Humphreys,,1976-03-20 19:30:00,CST,1976-03-20 19:30:00,0,0,0,0,25K,0,,F2,Unknown,11.0,33,,,,,33.1,-90.67,33.13,-90.48,,,MS,1976-03-20 19:30:00,1976-03-20 19:30:00,False,False
,10048848,Mississippi,163,Yazoo,,1976-03-20 20:15:00,CST,1976-03-20 20:15:00,0,0,0,0,25K,0,,F2,Unknown,3.8,150,,,,,32.72,-90.28,32.77,-90.27,,,MS,1976-03-20 20:15:00,1976-03-20 20:15:00,False,False
,10048850,Mississippi,89,Madison,,1976-03-20 20:20:00,CST,1976-03-20 20:20:00,0,0,0,0,25K,0,,F1,Unknown,2.0,100,,,,,32.73,-90.03,,,,,MS,1976-03-20 20:20:00,1976-03-20 20:20:00,False,False
,10048851,Mississippi,155,Webster,,1976-03-20 20:20:00,CST,1976-03-20 20:20:00,5,0,1,0,250K,0,,F3,Unknown,9.0,1400,,,,,33.6,-89.18,33.67,-89.05,,,MS,1976-03-20 20:20:00,1976-03-20 20:20:00,False,False
,10048852,Mississippi,25,Clay,,1976-03-20 20:35:00,CST,1976-03-20 20:35:00,1,0,0,0,250K,0,,F3,Unknown,21.7,1400,,,,,33.67,-89.05,33.82,-88.72,,,MS,1976-03-20 20:35:00,1976-03-20 20:35:00,False,False
,10048835,Mississippi,99,Neshoba,,1976-03-20 16:50:00,CST,1976-03-20 16:50:00,0,0,0,0,250K,0,,F2,Unknown,18.5,33,,,,,32.58,-89.17,32.75,-88.92,,,MS,1976-03-20 16:50:00,1976-03-20 16:50:00,False,False
,10048836,Mississippi,103,Noxubee,,1976-03-20 17:45:00,CST,1976-03-20 17:45:00,0,0,0,0,25K,0,,F1,Unknown,11.2,100,,,,,32.93,-88.63,33.05,-88.5,,,MS,1976-03-20 17:45:00,1976-03-20 17:45:00,False,False
,10048838,Mississippi,11,Bolivar,,1976-03-20 18:35:00,CST,1976-03-20 18:35:00,1,0,0,0,250K,0,,F2,Unknown,4.3,440,,,,,33.72,-90.75,33.77,-90.72,,,MS,1976-03-20 18:35:00,1976-03-20 18:35:00,False,False
,10048839,Mississippi,55,Issaquena,,1976-03-20 19:00:00,CST,1976-03-20 19:00:00,0,0,0,0,25K,0,,F2,Unknown,2.3,440,,,,,33.0,-90.95,33.02,-90.93,,,MS,1976-03-20 19:00:00,1976-03-20 19:00:00,False,False
,10048840,Mississippi,125,Sharkey,,1976-03-20 19:15:00,CST,1976-03-20 19:15:00,0,0,0,0,25K,0,,F2,Unknown,16.5,33,,,,,33.02,-90.93,33.1,-90.67,,,MS,1976-03-20 19:15:00,1976-03-20 19:15:00,False,False
,10048855,Mississippi,87,Lowndes,,1976-03-20 21:15:00,CST,1976-03-20 21:15:00,0,0,0,0,25K,0,,F2,Unknown,0.5,100,,,,,33.3,-88.62,,,,,MS,1976-03-20 21:15:00,1976-03-20 21:15:00,False,False
,9980340,Arkansas,17,Chicot,,1976-03-20 18:25:00,CST,1976-03-20 18:25:00,0,0,0,0,.25K,0,,F3,Unknown,2.3,27,,,,,33.0,-91.3,33.02,-91.28,,,AR,1976-03-20 18:25:00,1976-03-20 18:25:00,False,False
,9980341,Arkansas,143,Washington,,1976-03-26 15:45:00,CST,1976-03-26 15:45:00,0,0,0,0,250K,0,,F2,Unknown,2.0,77,,,,,35.87,-94.42,,,,,AR,1976-03-26 15:45:00,1976-03-26 15:45:00,False,False
,9980342,Arkansas,149,Yell,,1976-03-26 17:40:00,CST,1976-03-26 17:40:00,4,0,0,0,2.5M,0,,F3,Unknown,16.1,100,,,,,35.05,-93.42,35.13,-93.15,,,AR,1976-03-26 17:40:00,1976-03-26 17:40:00,False,False
,9980344,Arkansas,141,Van Buren,,1976-03-26 18:50:00,CST,1976-03-26 18:50:00,0,0,0,0,250K,0,,F1,Unknown,9.4,77,,,,,35.58,-92.47,35.67,-92.33,,,AR,1976-03-26 18:50:00,1976-03-26 18:50:00,False,False
,9980345,Arkansas,147,Woodruff,,1976-03-26 18:50:00,CST,1976-03-26 18:50:00,2,0,0,0,250K,0,,F3,Unknown,9.6,70,,,,,35.05,-91.37,35.15,-91.25,,,AR,1976-03-26 18:50:00,1976-03-26 18:50:00,False,False
,10051400,Minnesota,5,Becker,,1976-04-15 18:00:00,CST,1976-04-15 18:00:00,0,0,0,0,25K,0,,F1,Unknown,0.1,33,,,,,46.78,-95.75,,,,,MN,1976-04-15 18:00:00,1976-04-15 18:00:00,False,False
,9980314,Arkansas,119,Pulaski,,1976-02-17 15:12:00,CST,1976-02-17 15:12:00,0,0,0,0,25K,0,,F1,Unknown,0.1,20,,,,,34.73,-92.28,,,,,AR,1976-02-17 15:12:00,1976-02-17 15:12:00,False,False
,9980315,Arkansas,95,Monroe,,1976-02-17 16:30:00,CST,1976-02-17 16:30:00,0,0,0,0,25K,0,,F1,Unknown,0.3,100,,,,,34.92,-91.22,,,,,AR,1976-02-17 16:30:00,1976-02-17 16:30:00,False,False
,9980316,Arkansas,3,Ashley,,1976-02-17 20:00:00,CST,1976-02-17 20:00:00,10,0,3,0,250K,0,,F2,Unknown,7.6,200,,,,,33.03,-91.52,33.13,-91.47,,,AR,1976-02-17 20:00:00,1976-02-17 20:00:00,False,False
,9980317,Arkansas,17,Chicot,,1976-02-17 20:15:00,CST,1976-02-17 20:15:00,36,0,0,0,250K,0,,F2,Unknown,11.9,200,,,,,33.13,-91.47,33.28,-91.37,,,AR,1976-02-17 20:15:00,1976-02-17 20:15:00,False,False
,9980318,Arkansas,17,Chicot,,1976-02-17 20:20:00,CST,1976-02-17 20:20:00,0,0,0,0,0K,0,,F1,Unknown,10.5,60,,,,,33.27,-91.25,33.38,-91.13,,,AR,1976-02-17 20:20:00,1976-02-17 20:20:00,False,False
,9980319,Arkansas,17,Chicot,,1976-02-17 20:30:00,CST,1976-02-17 20:30:00,0,0,0,0,.25K,0,,F2,Unknown,10.0,200,,,,,33.28,-91.37,33.4,-91.27,,,AR,1976-02-17 20:30:00,1976-02-17 20:30:00,False,False
,9980322,Arkansas,29,Conway,,1976-02-20 23:55:00,CST,1976-02-20 23:55:00,0,0,0,0,2.5K,0,,F1,Unknown,0.5,100,,,,,35.3,-92.62,,,,,AR,1976-02-20 23:55:00,1976-02-20 23:55:00,False,False
,10038675,Michigan,51,Gladwin,,1976-03-30 13:10:00,CST,1976-03-30 13:10:00,0,0,0,0,.03K,0,,F3,Unknown,0.0,100,,,,,44.13,-84.22,44.17,-84.2,,,MI,1976-03-30 13:10:00,1976-03-30 13:10:00,False,False
,10038676,Michigan,129,Ogemaw,,1976-03-30 13:15:00,CST,1976-03-30 13:15:00,10,0,0,0,250K,0,,F3,Unknown,11.4,100,,,,,44.17,-84.2,44.33,-84.15,,,MI,1976-03-30 13:15:00,1976-03-30 13:15:00,False,False
,10038677,Michigan,129,Ogemaw,,1976-03-30 13:40:00,CST,1976-03-30 13:40:00,7,0,1,0,250K,0,,F3,Unknown,6.4,117,,,,,44.27,-83.93,44.37,-83.92,,,MI,1976-03-30 13:40:00,1976-03-30 13:40:00,False,False
,10038680,Michigan,69,Iosco,,1976-03-30 14:05:00,CST,1976-03-30 14:05:00,0,0,0,0,25K,0,,F1,Unknown,2.5,83,,,,,44.38,-83.85,,,,,MI,1976-03-30 14:05:00,1976-03-30 14:05:00,False,False
,10038681,Michigan,1,Alcona,,1976-03-30 14:20:00,CST,1976-03-30 14:20:00,0,0,0,0,.03K,0,,F2,Unknown,4.9,150,,,,,44.6,-83.68,44.65,-83.6,,,MI,1976-03-30 14:20:00,1976-03-30 14:20:00,False,False
,10038685,Michigan,111,Midland,,1976-04-15 15:30:00,CST,1976-04-15 15:30:00,0,0,0,0,25K,0,,F1,Unknown,4.5,33,,,,,43.48,-84.38,43.55,-84.33,,,MI,1976-04-15 15:30:00,1976-04-15 15:30:00,False,False
,10038686,Michigan,155,Shiawassee,,1976-04-21 13:35:00,CST,1976-04-21 13:35:00,1,0,0,0,2.5M,0,,F2,Unknown,3.0,83,,,,,42.8,-84.27,42.85,-84.23,,,MI,1976-04-21 13:35:00,1976-04-21 13:35:00,False,False
,10038687,Michigan,155,Shiawassee,,1976-04-21 14:30:00,CST,1976-04-21 14:30:00,0,0,0,0,25K,0,,F1,Unknown,1.5,70,,,,,43.12,-84.03,,,,,MI,1976-04-21 14:30:00,1976-04-21 14:30:00,False,False
,10038688,Michigan,25,Calhoun,,1976-04-22 16:58:00,CST,1976-04-22 16:58:00,0,0,0,0,25K,0,,F1,Unknown,0.3,50,,,,,42.15,-85.07,,,,,MI,1976-04-22 16:58:00,1976-04-22 16:58:00,False,False
,10038689,Michigan,125,Oakland,,1976-05-02 13:30:00,CST,1976-05-02 13:30:00,0,0,0,0,25K,0,,F1,Unknown,1.7,50,,,,,42.8,-83.63,,,,,MI,1976-05-02 14:30:00,1976-05-02 14:30:00,True,True
,9985270,Colorado,99,Prowers,,1976-04-16 06:30:00,CST,1976-04-16 06:30:00,0,0,0,0,0K,0,,F0,Unknown,0.1,17,,,,,38.05,-102.17,,,,,CO,1976-04-16 06:30:00,1976-04-16 06:30:00,False,False
,9985271,Colorado,11,Bent,,1976-04-16 19:05:00,CST,1976-04-16 19:05:00,0,0,0,0,0K,0,,F0,Unknown,0.1,17,,,,,38.05,-103.22,,,,,CO,1976-04-16 19:05:00,1976-04-16 19:05:00,False,False
,10038417,Michigan,23,Branch,,1976-03-12 15:45:00,CST,1976-03-12 15:45:00,0,0,0,0,25K,0,,F2,Unknown,0.0,33,,,,,41.78,-85.25,41.8,-85.2,,,MI,1976-03-12 15:45:00,1976-03-12 15:45:00,False,False
,10050789,Mississippi,49,Hinds,,1976-02-18 06:50:00,CST,1976-02-18 06:50:00,50,0,0,0,2.5M,0,,F2,Unknown,12.7,27,,,,,32.3,-90.3,32.37,-90.1,,,MS,1976-02-18 06:50:00,1976-02-18 06:50:00,False,False
,10050793,Mississippi,79,Leake,,1976-02-18 07:30:00,CST,1976-02-18 07:30:00,27,0,1,0,2.5M,0,,F3,Unknown,21.7,200,,,,,32.55,-89.63,32.72,-89.32,,,MS,1976-02-18 07:30:00,1976-02-18 07:30:00,False,False
,10050795,Mississippi,99,Neshoba,,1976-02-18 08:00:00,CST,1976-02-18 08:00:00,0,0,0,0,250K,0,,F3,Unknown,5.6,200,,,,,32.72,-89.32,32.75,-89.23,,,MS,1976-02-18 08:00:00,1976-02-18 08:00:00,False,False
,10050802,Mississippi,109,Pearl River,,1976-03-08 14:45:00,CST,1976-03-08 14:45:00,0,0,0,0,2.5K,0,,F1,Unknown,0.7,10,,,,,30.67,-89.63,,,,,MS,1976-03-08 14:45:00,1976-03-08 14:45:00,False,False
,10048889,Mississippi,121,Rankin,,1976-03-29 15:00:00,CST,1976-03-29 15:00:00,0,0,0,0,2.5M,0,,F4,Unknown,8.5,33,,,,,32.05,-89.83,32.12,-89.72,,,MS,1976-03-29 15:00:00,1976-03-29 15:00:00,False,False
,10048890,Mississippi,129,Smith,,1976-03-29 16:30:00,CST,1976-03-29 16:30:00,0,0,0,0,2.5M,0,,F4,Unknown,25.2,33,,,,,32.12,-89.72,32.28,-89.33,,,MS,1976-03-29 16:30:00,1976-03-29 16:30:00,False,False
,10048892,Mississippi,75,Lauderdale,,1976-03-29 17:55:00,CST,1976-03-29 17:55:00,0,0,0,0,2.5M,0,,F4,Unknown,15.4,33,,,,,32.37,-88.9,32.43,-88.65,,,MS,1976-03-29 17:55:00,1976-03-29 17:55:00,False,False
,10048896,Mississippi,85,Lincoln,,1976-03-29 23:28:00,CST,1976-03-29 23:28:00,0,0,0,0,2.5K,0,,F2,Unknown,0.2,50,,,,,31.45,-90.27,,,,,MS,1976-03-29 23:28:00,1976-03-29 23:28:00,False,False
,10048899,Mississippi,89,Madison,,1976-03-30 13:50:00,CST,1976-03-30 13:50:00,0,0,0,0,0K,0,,F1,Unknown,3.0,100,,,,,32.57,-90.32,32.58,-90.27,,,MS,1976-03-30 13:50:00,1976-03-30 13:50:00,False,False
,9985272,Colorado,87,Morgan,,1976-04-22 17:30:00,CST,1976-04-22 17:30:00,0,0,0,0,0K,0,,F0,Unknown,0.1,17,,,,,40.23,-103.8,,,,,CO,1976-04-22 17:30:00,1976-04-22 17:30:00,False,False
,9985273,Colorado,89,Otero,,1976-04-26 17:00:00,CST,1976-04-26 17:00:00,0,0,0,0,0K,0,,F0,Unknown,0.1,17,,,,,38.05,-103.72,,,,,CO,1976-04-26 18:00:00,1976-04-26 18:00:00,True,True
,9985275,Colorado,115,Sedgwick,,1976-05-11 17:00:00,CST,1976-05-11 17:00:00,0,0,0,0,0K,0,,F0,Unknown,0.1,20,,,,,40.97,-102.32,,,,,CO,1976-05-11 18:00:00,1976-05-11 18:00:00,True,True
,10042827,Maryland,15,Cecil,,1976-03-21 12:35:00,CST,1976-03-21 12:35:00,0,0,0,0,25K,0,,F1,Unknown,0.5,33,,,,,39.73,-76.03,,,,,MD,1976-03-21 12:35:00,1976-03-21 12:35:00,False,False
,10042829,Maryland,35,Queen Anne'S,,1976-03-21 13:45:00,CST,1976-03-21 13:45:00,0,0,0,0,250K,0,,F2,Unknown,0.2,100,,,,,39.22,-75.93,,,,,MD,1976-03-21 13:45:00,1976-03-21 13:45:00,False,False
,10051172,Mississippi,89,Madison,,1976-04-24 16:02:00,CST,1976-04-24 16:02:00,0,0,0,0,2.5K,0,,F1,Unknown,2.0,150,,,,,32.65,-90.03,,,,,MS,1976-04-24 16:02:00,1976-04-24 16:02:00,False,False
,10051173,Mississippi,27,Coahoma,,1976-04-24 17:40:00,CST,1976-04-24 17:40:00,1,0,0,0,250K,0,,F3,Unknown,16.9,300,,,,,34.28,-90.68,34.35,-90.4,,,MS,1976-04-24 17:40:00,1976-04-24 17:40:00,False,False
,10051175,Mississippi,119,Quitman,,1976-04-24 18:15:00,CST,1976-04-24 18:15:00,0,0,0,0,250K,0,,F3,Unknown,7.7,300,,,,,34.35,-90.4,34.37,-90.27,,,MS,1976-04-24 18:15:00,1976-04-24 18:15:00,False,False
,10051176,Mississippi,71,Lafayette,,1976-04-24 19:10:00,CST,1976-04-24 19:10:00,2,0,0,0,25K,0,,F2,Unknown,26.8,300,,,,,34.43,-89.72,34.48,-89.25,,,MS,1976-04-24 19:10:00,1976-04-24 19:10:00,False,False
,10051179,Mississippi,107,Panola,,1976-04-24 19:45:00,CST,1976-04-24 19:45:00,0,0,0,0,250K,0,,F2,Unknown,13.3,300,,,,,34.42,-89.95,34.43,-89.72,,,MS,1976-04-24 19:45:00,1976-04-24 19:45:00,False,False
,10051180,Mississippi,145,Union,,1976-04-24 19:45:00,CST,1976-04-24 19:45:00,0,0,0,0,250K,0,,F2,Unknown,17.2,300,,,,,34.48,-89.25,34.52,-88.95,,,MS,1976-04-24 19:45:00,1976-04-24 19:45:00,False,False
,10068122,Nebraska,105,Kimball,,1976-05-25 13:40:00,CST,1976-05-25 13:40:00,0,0,0,0,2.5K,0,,F0,Unknown,11.5,33,,,,,41.27,-103.83,41.38,-103.67,,,NE,1976-05-25 14:40:00,1976-05-25 14:40:00,True,True
,10051186,Mississippi,41,Greene,,1976-05-07 09:30:00,CST,1976-05-07 09:30:00,0,0,0,0,25K,0,,F1,Unknown,0.3,150,,,,,31.4,-88.47,,,,,MS,1976-05-07 10:30:00,1976-05-07 10:30:00,True,True
,10069055,Nebraska,123,Morrill,,1976-07-30 19:45:00,CST,1976-07-30 19:45:00,0,0,0,0,0K,0,,F1,Unknown,0.3,30,,,,,41.57,-102.97,,,,,NE,1976-07-30 20:45:00,1976-07-30 20:45:00,True,True
,10042830,Maryland,13,Carroll,,1976-04-25 18:45:00,CST,1976-04-25 18:45:00,0,0,0,0,250K,0,,F1,Unknown,0.1,33,,,,,39.7,-77.0,,,,,MD,1976-04-25 19:45:00,1976-04-25 19:45:00,True,True
,10042841,Maryland,3,Anne Arundel,,1976-08-14 16:20:00,CST,1976-08-14 16:20:00,0,0,0,0,250K,0,,F1,Unknown,0.0,33,,,,,39.0,-76.65,,,,,MD,1976-08-14 17:20:00,1976-08-14 17:20:00,True,True
,10048834,Mississippi,101,Newton,,1976-03-20 16:40:00,CST,1976-03-20 16:40:00,0,0,0,0,250K,0,,F2,Unknown,1.3,250,,,,,32.57,-89.18,32.58,-89.17,,,MS,1976-03-20 16:40:00,1976-03-20 16:40:00,False,False
,10038672,Michigan,35,Clare,,1976-03-30 12:40:00,CST,1976-03-30 12:40:00,0,0,0,0,25K,0,,F1,Unknown,2.0,67,,,,,44.07,-84.68,,,,,MI,1976-03-30 12:40:00,1976-03-30 12:40:00,False,False
,9987391,Delaware,3,New Castle,,1976-03-21 13:00:00,CST,1976-03-21 13:00:00,1,0,0,0,250K,0,,,Unknown,0.1,10,,,,,39.67,-75.57,,,,,DE,1976-03-21 13:00:00,1976-03-21 13:00:00,False,False
,9987395,Delaware,5,Sussex,,1976-06-30 12:30:00,CST,1976-06-30 12:30:00,0,0,0,0,0K,0,,F0,Unknown,0.0,33,,,,,38.77,-75.15,,,,,DE,1976-06-30 13:30:00,1976-06-30 13:30:00,True,True
,10014909,Iowa,71,Fremont,,1976-05-28 18:00:00,CST,1976-05-28 18:00:00,0,0,0,0,25K,0,,F1,Unknown,0.5,100,,,,,40.92,-95.6,,,,,IA,1976-05-28 19:00:00,1976-05-28 19:00:00,True,True
,10014879,Iowa,49,Dallas,,1976-04-14 20:15:00,CST,1976-04-14 20:15:00,0,0,0,0,.25K,0,,F2,Unknown,4.9,67,,,,,41.77,-94.02,41.8,-93.92,,,IA,1976-04-14 20:15:00,1976-04-14 20:15:00,False,False
,10014900,Iowa,125,Marion,,1976-04-23 19:20:00,CST,1976-04-23 19:20:00,0,0,0,0,0K,0,,F1,Unknown,3.6,33,,,,,41.3,-93.27,41.35,-93.22,,,IA,1976-04-23 19:20:00,1976-04-23 19:20:00,False,False
,10019401,Indiana,7,Benton,,1976-03-12 14:20:00,CST,1976-03-12 14:20:00,0,0,0,0,.25K,0,,F0,Unknown,3.8,27,,,,,40.6,-87.17,40.65,-87.12,,,IN,1976-03-12 14:20:00,1976-03-12 14:20:00,False,False
,10019402,Indiana,157,Tippecanoe,,1976-03-12 14:25:00,CST,1976-03-12 14:25:00,0,0,0,0,0K,0,,F1,Unknown,5.2,100,,,,,40.45,-87.0,40.48,-86.9,,,IN,1976-03-12 14:25:00,1976-03-12 14:25:00,False,False
,10019403,Indiana,111,Newton,,1976-03-12 14:30:00,CST,1976-03-12 14:30:00,7,0,0,0,250K,0,,F3,Unknown,13.9,250,,,,,41.08,-87.53,41.17,-87.28,,,IN,1976-03-12 14:30:00,1976-03-12 14:30:00,False,False
,10019405,Indiana,111,Newton,,1976-03-12 14:35:00,CST,1976-03-12 14:35:00,0,0,0,0,25K,0,,F1,Unknown,11.6,80,,,,,40.77,-87.43,40.88,-87.27,,,IN,1976-03-12 14:35:00,1976-03-12 14:35:00,False,False
,10019406,Indiana,73,Jasper,,1976-03-12 14:50:00,CST,1976-03-12 14:50:00,8,0,1,0,250K,0,,F3,Unknown,6.6,250,,,,,41.17,-87.28,41.25,-87.2,,,IN,1976-03-12 14:50:00,1976-03-12 14:50:00,False,False
,10019407,Indiana,73,Jasper,,1976-03-12 14:55:00,CST,1976-03-12 14:55:00,0,0,0,0,0K,0,,F3,Unknown,8.0,250,,,,,41.25,-87.2,41.25,-87.03,,,IN,1976-03-12 14:55:00,1976-03-12 14:55:00,False,False
,10019408,Indiana,73,Jasper,,1976-03-12 15:00:00,CST,1976-03-12 15:00:00,0,0,0,0,25K,0,,F1,Unknown,5.7,33,,,,,40.88,-87.27,40.93,-87.17,,,IN,1976-03-12 15:00:00,1976-03-12 15:00:00,False,False
,10019409,Indiana,149,Starke,,1976-03-12 15:00:00,CST,1976-03-12 15:00:00,4,0,0,0,25K,0,,F3,Unknown,12.1,40,,,,,41.28,-86.65,41.4,-86.47,,,IN,1976-03-12 15:00:00,1976-03-12 15:00:00,False,False
,10019411,Indiana,99,Marshall,,1976-03-12 15:15:00,CST,1976-03-12 15:15:00,0,0,0,0,25K,0,,F1,Unknown,4.1,30,,,,,41.32,-86.35,41.37,-86.28,,,IN,1976-03-12 15:15:00,1976-03-12 15:15:00,False,False
,10019425,Indiana,15,Carroll,,1976-03-20 15:30:00,CST,1976-03-20 15:30:00,2,0,0,0,2.5M,0,,F4,Unknown,3.6,300,,,,,40.57,-86.78,40.6,-86.72,,,IN,1976-03-20 15:30:00,1976-03-20 15:30:00,False,False
,10019429,Indiana,99,Marshall,,1976-03-20 15:59:00,CST,1976-03-20 15:59:00,10,0,0,0,250K,0,,F2,Unknown,11.6,77,,,,,41.32,-86.25,41.4,-86.05,,,IN,1976-03-20 15:59:00,1976-03-20 15:59:00,False,False
,10019430,Indiana,133,Putnam,,1976-03-20 16:10:00,CST,1976-03-20 16:10:00,0,0,0,0,25K,0,,F2,Unknown,13.2,200,,,,,39.65,-86.87,39.78,-86.68,,,IN,1976-03-20 16:10:00,1976-03-20 16:10:00,False,False
,10019432,Indiana,63,Hendricks,,1976-03-20 16:25:00,CST,1976-03-20 16:25:00,0,0,0,0,25K,0,,F2,Unknown,11.7,33,,,,,39.78,-86.68,39.9,-86.52,,,IN,1976-03-20 16:25:00,1976-03-20 16:25:00,False,False
,10019433,Indiana,57,Hamilton,,1976-03-20 16:30:00,CST,1976-03-20 16:30:00,0,0,0,0,250K,0,,F0,Unknown,1.0,30,,,,,39.98,-86.13,,,,,IN,1976-03-20 16:30:00,1976-03-20 16:30:00,False,False
,10006962,Illinois,179,Tazewell,,1976-03-26 21:05:00,CST,1976-03-26 21:05:00,0,0,0,0,250K,0,,F1,Unknown,1.5,600,,,,,40.62,-89.45,,,,,IL,1976-03-26 21:05:00,1976-03-26 21:05:00,False,False
,10006970,Illinois,203,Woodford,,1976-03-26 21:30:00,CST,1976-03-26 21:30:00,0,0,0,0,250K,0,,F2,Unknown,0.5,33,,,,,40.72,-89.27,,,,,IL,1976-03-26 21:30:00,1976-03-26 21:30:00,False,False
,10014971,Iowa,27,Carroll,,1976-08-11 14:15:00,CST,1976-08-11 14:15:00,0,0,0,0,25K,0,,F2,Unknown,2.0,100,,,,,42.07,-94.73,,,,,IA,1976-08-11 15:15:00,1976-08-11 15:15:00,True,True
,10014980,Iowa,179,Wapello,,1976-08-24 17:30:00,CST,1976-08-24 17:30:00,0,0,0,0,0K,0,,,Unknown,1.0,30,,,,,41.17,-92.63,,,,,IA,1976-08-24 18:30:00,1976-08-24 18:30:00,True,True
,10014913,Iowa,121,Madison,,1976-06-12 17:45:00,CST,1976-06-12 17:45:00,0,0,0,0,25K,0,,F1,Unknown,3.0,100,,,,,41.47,-93.93,41.5,-93.87,,,IA,1976-06-12 18:45:00,1976-06-12 18:45:00,True,True
,10014914,Iowa,49,Dallas,,1976-06-12 18:00:00,CST,1976-06-12 18:00:00,0,0,0,0,25K,0,,F1,Unknown,3.3,33,,,,,41.5,-93.87,41.53,-93.8,,,IA,1976-06-12 19:00:00,1976-06-12 19:00:00,True,True
,10014915,Iowa,153,Polk,,1976-06-12 18:15:00,CST,1976-06-12 18:15:00,0,0,0,0,25K,0,,F1,Unknown,28.8,33,,,,,41.53,-93.8,41.8,-93.37,,,IA,1976-06-12 19:15:00,1976-06-12 19:15:00,True,True
,10014916,Iowa,169,Story,,1976-06-12 18:30:00,CST,1976-06-12 18:30:00,0,0,0,0,25K,0,,F1,Unknown,0.0,33,,,,,41.8,-93.37,41.82,-93.33,,,IA,1976-06-12 19:30:00,1976-06-12 19:30:00,True,True
,10020403,Kansas,9,Barton,,1976-06-28 15:40:00,CST,1976-06-28 15:40:00,0,0,0,0,25K,0,,F1,Unknown,1.0,20,,,,,38.27,-98.78,,,,,KS,1976-06-28 16:40:00,1976-06-28 16:40:00,True,True
,10116858,Pennsylvania,3,Allegheny,,1976-04-25 12:55:00,CST,1976-04-25 12:55:00,0,0,0,0,2.5K,0,,F0,Unknown,0.1,33,,,,,40.43,-79.98,,,,,PA,1976-04-25 13:55:00,1976-04-25 13:55:00,True,True
,10116861,Pennsylvania,129,Westmoreland,,1976-06-01 14:00:00,CST,1976-06-01 14:00:00,0,0,0,0,25K,0,,,Unknown,1.5,33,,,,,40.47,-79.38,,,,,PA,1976-06-01 15:00:00,1976-06-01 15:00:00,True,True
,10116872,Pennsylvania,125,Washington,,1976-06-24 14:20:00,CST,1976-06-24 14:20:00,0,0,0,0,25K,0,,F1,Unknown,1.3,33,,,,,40.12,-80.03,40.13,-79.98,,,PA,1976-06-24 15:20:00,1976-06-24 15:20:00,True,True
,10116873,Pennsylvania,99,Perry,,1976-06-28 16:30:00,CST,1976-06-28 16:30:00,0,0,0,0,25K,0,,F1,Unknown,1.9,100,,,,,40.53,-77.13,40.57,-77.1,,,PA,1976-06-28 17:30:00,1976-06-28 17:30:00,True,True
,10116882,Pennsylvania,11,Berks,,1976-06-30 12:00:00,CST,1976-06-30 12:00:00,0,0,0,0,2.5K,0,,F1,Unknown,0.8,53,,,,,40.55,-75.97,,,,,PA,1976-06-30 13:00:00,1976-06-30 13:00:00,True,True
,10006941,Illinois,115,Macon,,1976-03-20 13:15:00,CST,1976-03-20 13:15:00,2,0,0,0,2.5M,0,,F4,Unknown,1.9,800,,,,,39.8,-88.8,39.82,-88.75,,,IL,1976-03-20 13:15:00,1976-03-20 13:15:00,False,False
,10006942,Illinois,147,Piatt,,1976-03-20 13:20:00,CST,1976-03-20 13:20:00,5,0,0,0,2.5M,0,,F4,Unknown,17.2,800,,,,,39.82,-88.75,39.92,-88.45,,,IL,1976-03-20 13:20:00,1976-03-20 13:20:00,False,False
,10006944,Illinois,19,Champaign,,1976-03-20 13:35:00,CST,1976-03-20 13:35:00,11,0,0,0,2.5M,0,,F4,Unknown,29.7,800,,,,,39.92,-88.45,40.12,-87.95,,,IL,1976-03-20 13:35:00,1976-03-20 13:35:00,False,False
,10006946,Illinois,183,Vermilion,,1976-03-20 14:25:00,CST,1976-03-20 14:25:00,0,0,0,0,2.5M,0,,F4,Unknown,14.9,800,,,,,40.12,-87.95,40.2,-87.68,,,IL,1976-03-20 14:25:00,1976-03-20 14:25:00,False,False
,10006947,Illinois,79,Jasper,,1976-03-20 14:30:00,CST,1976-03-20 14:30:00,0,0,0,0,25K,0,,F0,Unknown,1.9,17,,,,,38.87,-88.13,38.87,-88.08,,,IL,1976-03-20 14:30:00,1976-03-20 14:30:00,False,False
,10006950,Illinois,33,Crawford,,1976-03-20 15:25:00,CST,1976-03-20 15:25:00,0,0,0,0,25K,0,,F1,Unknown,2.5,17,,,,,39.17,-87.68,39.18,-87.65,,,IL,1976-03-20 15:25:00,1976-03-20 15:25:00,False,False
,10006951,Illinois,23,Clark,,1976-03-20 15:30:00,CST,1976-03-20 15:30:00,0,0,0,0,25K,0,,F1,Unknown,1.0,33,,,,,39.18,-87.65,39.2,-87.63,,,IL,1976-03-20 15:30:00,1976-03-20 15:30:00,False,False
,10001792,Florida,121,Suwannee,,1976-09-03 18:10:00,CST,1976-09-03 18:10:00,0,0,0,0,0K,0,,F0,Unknown,0.1,17,,,,,30.3,-82.98,,,,,FL,1976-09-03 19:10:00,1976-09-03 19:10:00,True,True
,10001794,Florida,89,Nassau,,1976-09-07 10:45:00,CST,1976-09-07 10:45:00,0,0,0,0,2.5K,0,,F0,Unknown,0.5,17,,,,,30.67,-81.45,,,,,FL,1976-09-07 11:45:00,1976-09-07 11:45:00,True,True
,10001795,Florida,51,Hendry,,1976-09-07 15:00:00,CST,1976-09-07 15:00:00,6,0,0,0,25K,0,,F1,Unknown,0.1,17,,,,,26.73,-80.93,,,,,FL,1976-09-07 16:00:00,1976-09-07 16:00:00,True,True
,10001800,Florida,99,Palm Beach,,1976-09-18 13:00:00,CST,1976-09-18 13:00:00,0,0,0,0,2.5K,0,,F0,Unknown,0.1,20,,,,,26.58,-80.05,,,,,FL,1976-09-18 14:00:00,1976-09-18 14:00:00,True,True
,10001801,Florida,101,Pasco,,1976-09-30 15:40:00,CST,1976-09-30 15:40:00,0,0,0,0,2.5K,0,,F0,Unknown,0.1,20,,,,,28.25,-82.63,,,,,FL,1976-09-30 16:40:00,1976-09-30 16:40:00,True,True
,10001802,Florida,79,Madison,,1976-10-20 12:00:00,CST,1976-10-20 12:00:00,0,0,0,0,25K,0,,F1,Unknown,0.1,17,,,,,30.47,-83.4,,,,,FL,1976-10-20 13:00:00,1976-10-20 13:00:00,True,True
,10001803,Florida,99,Palm Beach,,1976-12-07 01:00:00,CST,1976-12-07 01:00:00,0,0,0,0,2.5K,0,,F0,Unknown,0.3,17,,,,,26.42,-80.08,,,,,FL,1976-12-07 01:00:00,1976-12-07 01:00:00,False,False
,10083593,North Dakota,15,Burleigh,,1976-06-11 16:15:00,CST,1976-06-11 16:15:00,0,0,0,0,0K,0,,F1,Unknown,0.0,33,,,,,47.12,-100.87,,,,,ND,1976-06-11 17:15:00,1976-06-11 17:15:00,True,True
,10000636,Florida,37,Franklin,,1976-03-09 04:30:00,CST,1976-03-09 04:30:00,0,0,0,0,25K,0,,F0,Unknown,1.0,10,,,,,29.95,-84.38,,,,,FL,1976-03-09 04:30:00,1976-03-09 04:30:00,False,False
,10000637,Florida,121,Suwannee,,1976-03-09 07:00:00,CST,1976-03-09 07:00:00,0,0,0,0,2.5K,0,,F0,Unknown,0.5,20,,,,,30.3,-83.17,,,,,FL,1976-03-09 07:00:00,1976-03-09 07:00:00,False,False
,10000638,Florida,3,Baker,,1976-03-09 08:00:00,CST,1976-03-09 08:00:00,0,0,0,0,25K,0,,F0,Unknown,3.6,20,,,,,30.25,-82.17,30.28,-82.13,,,FL,1976-03-09 08:00:00,1976-03-09 08:00:00,False,False
,10000639,Florida,31,Duval,,1976-03-09 08:30:00,CST,1976-03-09 08:30:00,0,0,0,0,25K,0,,F0,Unknown,5.4,20,,,,,30.35,-81.83,30.4,-81.77,,,FL,1976-03-09 08:30:00,1976-03-09 08:30:00,False,False
,10000640,Florida,117,Seminole,,1976-03-09 16:30:00,CST,1976-03-09 16:30:00,0,0,0,0,25K,0,,F0,Unknown,5.4,20,,,,,28.7,-81.17,28.73,-81.08,,,FL,1976-03-09 16:30:00,1976-03-09 16:30:00,False,False
,10000641,Florida,113,Santa Rosa,,1976-03-21 04:30:00,CST,1976-03-21 04:30:00,0,0,0,0,25K,0,,F0,Unknown,0.5,20,,,,,30.6,-87.03,,,,,FL,1976-03-21 04:30:00,1976-03-21 04:30:00,False,False
,10000642,Florida,113,Santa Rosa,,1976-03-21 04:40:00,CST,1976-03-21 04:40:00,0,0,0,0,25K,0,,F0,Unknown,0.5,20,,,,,30.67,-87.15,,,,,FL,1976-03-21 04:40:00,1976-03-21 04:40:00,False,False
,10000643,Florida,133,Washington,,1976-03-21 06:20:00,CST,1976-03-21 06:20:00,0,0,0,0,25K,0,,F0,Unknown,6.2,20,,,,,30.63,-85.58,30.63,-85.48,,,FL,1976-03-21 06:20:00,1976-03-21 06:20:00,False,False
,10000647,Florida,21,Collier,,1976-04-06 03:30:00,CST,1976-04-06 03:30:00,0,0,0,0,2.5K,0,,F0,Unknown,0.1,10,,,,,25.93,-81.75,,,,,FL,1976-04-06 03:30:00,1976-04-06 03:30:00,False,False
,9995527,Georgia,135,Gwinnett,,1976-05-28 11:30:00,CST,1976-05-28 11:30:00,0,0,0,0,25K,0,,F2,Unknown,1.0,50,,,,,33.88,-83.95,,,,,GA,1976-05-28 12:30:00,1976-05-28 12:30:00,True,True
,9995528,Georgia,59,Clarke,,1976-05-28 15:25:00,CST,1976-05-28 15:25:00,0,0,0,0,2.5K,0,,F0,Unknown,0.3,30,,,,,33.97,-83.28,,,,,GA,1976-05-28 16:25:00,1976-05-28 16:25:00,True,True
,9995530,Georgia,59,Clarke,,1976-05-28 16:30:00,CST,1976-05-28 16:30:00,0,0,0,0,25K,0,,F2,Unknown,1.0,50,,,,,33.95,-83.38,,,,,GA,1976-05-28 17:30:00,1976-05-28 17:30:00,True,True
,9995531,Georgia,303,Washington,,1976-05-30 11:00:00,CST,1976-05-30 11:00:00,0,0,0,0,25K,0,,F1,Unknown,2.0,50,,,,,33.18,-82.82,,,,,GA,1976-05-30 12:00:00,1976-05-30 12:00:00,True,True
,10003166,Illinois,97,Lake,,1976-04-20 19:45:00,CST,1976-04-20 19:45:00,2,0,0,0,25K,0,,F2,Unknown,0.8,50,,,,,42.45,-87.83,,,,,IL,1976-04-20 19:45:00,1976-04-20 19:45:00,False,False
,10003167,Illinois,75,Iroquois,,1976-04-23 15:35:00,CST,1976-04-23 15:35:00,0,0,0,0,25K,0,,F2,Unknown,0.0,67,,,,,40.6,-88.03,,,,,IL,1976-04-23 15:35:00,1976-04-23 15:35:00,False,False
,10003168,Illinois,75,Iroquois,,1976-04-23 15:45:00,CST,1976-04-23 15:45:00,0,0,0,0,25K,0,,F2,Unknown,0.0,33,,,,,40.57,-87.88,,,,,IL,1976-04-23 15:45:00,1976-04-23 15:45:00,False,False
,10003171,Illinois,19,Champaign,,1976-05-15 18:50:00,CST,1976-05-15 18:50:00,0,0,0,0,.25K,0,,F0,Unknown,0.1,3,,,,,40.32,-88.15,,,,,IL,1976-05-15 19:50:00,1976-05-15 19:50:00,True,True
,10003172,Illinois,193,White,,1976-05-30 17:30:00,CST,1976-05-30 17:30:00,0,0,0,0,25K,0,,F2,Unknown,0.3,33,,,,,38.23,-88.0,,,,,IL,1976-05-30 18:30:00,1976-05-30 18:30:00,True,True
,10094479,Oklahoma,37,Creek,,1976-05-30 18:30:00,CST,1976-05-30 18:30:00,1,0,2,0,25K,0,,F1,Unknown,0.1,33,,,,,35.85,-96.37,,,,,OK,1976-05-30 19:30:00,1976-05-30 19:30:00,True,True
,10094484,Oklahoma,143,Tulsa,,1976-05-30 20:10:00,CST,1976-05-30 20:10:00,0,0,0,0,2.5M,0,,F2,Unknown,1.3,880,,,,,36.0,-95.78,36.02,-95.77,,,OK,1976-05-30 21:10:00,1976-05-30 21:10:00,True,True
,10094485,Oklahoma,145,Wagoner,,1976-05-30 20:15:00,CST,1976-05-30 20:15:00,0,0,0,0,2.5M,0,,F2,Unknown,1.3,33,,,,,36.02,-95.77,36.03,-95.75,,,OK,1976-05-30 21:15:00,1976-05-30 21:15:00,True,True
,10031111,Louisiana,1,Acadia,,1976-07-21 14:30:00,CST,1976-07-21 14:30:00,0,0,0,0,25K,0,,F1,Unknown,0.2,27,,,,,30.43,-92.4,,,,,LA,1976-07-21 15:30:00,1976-07-21 15:30:00,True,True
,10018318,Indiana,71,Jackson,,1976-01-13 14:14:00,CST,1976-01-13 14:14:00,0,0,0,0,25K,0,,F1,Unknown,0.8,77,,,,,38.92,-85.97,,,,,IN,1976-01-13 14:14:00,1976-01-13 14:14:00,False,False
,10018322,Indiana,61,Harrison,,1976-01-13 14:50:00,CST,1976-01-13 14:50:00,0,0,0,0,25K,0,,F0,Unknown,1.0,50,,,,,38.03,-86.08,,,,,IN,1976-01-13 14:50:00,1976-01-13 14:50:00,False,False
,10016084,Indiana,97,Marion,,1976-06-29 16:00:00,CST,1976-06-29 16:00:00,0,0,0,0,25K,0,,F1,Unknown,1.0,50,,,,,39.73,-86.4,,,,,IN,1976-06-29 17:00:00,1976-06-29 17:00:00,True,True
,10016091,Indiana,89,Lake,,1976-06-29 17:43:00,CST,1976-06-29 17:43:00,0,0,0,0,2.5K,0,,F0,Unknown,1.0,60,,,,,41.53,-87.43,,,,,IN,1976-06-29 18:43:00,1976-06-29 18:43:00,True,True
,10116615,Pennsylvania,55,Franklin,,1976-03-21 10:50:00,CST,1976-03-21 10:50:00,0,0,0,0,2.5K,0,,F0,Unknown,1.0,50,,,,,39.97,-77.58,,,,,PA,1976-03-21 10:50:00,1976-03-21 10:50:00,False,False
,10018310,Indiana,27,Daviess,,1976-01-13 13:15:00,CST,1976-01-13 13:15:00,0,0,0,0,25K,0,,F1,Unknown,2.0,100,,,,,38.57,-87.08,,,,,IN,1976-01-13 13:15:00,1976-01-13 13:15:00,False,False
,10117969,Pennsylvania,15,Bradford,,1976-07-29 15:30:00,CST,1976-07-29 15:30:00,1,0,0,0,25K,0,,F1,Unknown,0.0,33,,,,,41.83,-76.4,41.85,-76.37,,,PA,1976-07-29 16:30:00,1976-07-29 16:30:00,True,True
,10123029,Tennessee,71,Hardin,,1976-05-13 17:40:00,CST,1976-05-13 17:40:00,0,0,0,0,25K,0,,F3,Unknown,4.7,200,,,,,34.98,-88.25,35.05,-88.23,,,TN,1976-05-13 18:40:00,1976-05-13 18:40:00,True,True
,10123033,Tennessee,7,Bledsoe,,1976-05-28 18:00:00,CST,1976-05-28 18:00:00,0,0,0,0,25K,0,,F0,Unknown,1.0,440,,,,,35.4,-85.2,,,,,TN,1976-05-28 19:00:00,1976-05-28 19:00:00,True,True
,10016097,Indiana,15,Carroll,,1976-07-07 21:35:00,CST,1976-07-07 21:35:00,0,0,0,0,2.5K,0,,F0,Unknown,0.5,50,,,,,40.62,-86.38,,,,,IN,1976-07-07 22:35:00,1976-07-07 22:35:00,True,True
,10089651,North Carolina,157,Rockingham,,1976-02-18 16:00:00,CST,1976-02-18 16:00:00,2,0,0,0,250K,0,,F1,Unknown,5.2,33,,,,,36.4,-79.78,36.47,-79.73,,,NC,1976-02-18 16:00:00,1976-02-18 16:00:00,False,False
,9995493,Georgia,289,Twiggs,,1976-03-16 08:15:00,CST,1976-03-16 08:15:00,0,0,0,0,25K,0,,F1,Unknown,1.0,150,,,,,32.6,-83.25,,,,,GA,1976-03-16 08:15:00,1976-03-16 08:15:00,False,False
,9995497,Georgia,205,Mitchell,,1976-03-16 10:00:00,CST,1976-03-16 10:00:00,0,0,0,0,.25K,0,,F1,Unknown,1.0,50,,,,,31.08,-84.05,,,,,GA,1976-03-16 10:00:00,1976-03-16 10:00:00,False,False
,10001748,Florida,103,Pinellas,,1976-01-08 10:00:00,CST,1976-01-08 10:00:00,0,0,0,0,2.5K,0,,F0,Unknown,0.1,10,,,,,27.77,-82.67,,,,,FL,1976-01-08 10:00:00,1976-01-08 10:00:00,False,False
,10001749,Florida,5,Bay,,1976-01-26 09:30:00,CST,1976-01-26 09:30:00,0,0,0,0,2.5K,0,,F0,Unknown,0.1,10,,,,,30.17,-85.67,,,,,FL,1976-01-26 09:30:00,1976-01-26 09:30:00,False,False
,10001750,Florida,83,Marion,,1976-02-01 13:10:00,CST,1976-02-01 13:10:00,0,0,0,0,.25K,0,,F0,Unknown,0.1,10,,,,,29.48,-82.2,,,,,FL,1976-02-01 13:10:00,1976-02-01 13:10:00,False,False
,10001754,Florida,127,Volusia,,1976-07-03 13:30:00,CST,1976-07-03 13:30:00,0,0,0,0,2.5K,0,,F0,Unknown,0.1,20,,,,,29.28,-81.13,,,,,FL,1976-07-03 14:30:00,1976-07-03 14:30:00,True,True
,10001755,Florida,1,Alachua,,1976-07-06 14:30:00,CST,1976-07-06 14:30:00,0,0,0,0,25K,0,,F1,Unknown,0.1,40,,,,,29.5,-82.28,,,,,FL,1976-07-06 15:30:00,1976-07-06 15:30:00,True,True
,10001757,Florida,103,Pinellas,,1976-07-07 17:35:00,CST,1976-07-07 17:35:00,0,0,0,0,2.5K,0,,F0,Unknown,0.1,20,,,,,27.83,-82.72,,,,,FL,1976-07-07 18:35:00,1976-07-07 18:35:00,True,True
,10001759,Florida,83,Marion,,1976-07-10 17:00:00,CST,1976-07-10 17:00:00,0,0,0,0,250K,0,,F1,Unknown,0.1,40,,,,,29.18,-82.13,,,,,FL,1976-07-10 18:00:00,1976-07-10 18:00:00,True,True
,10001763,Florida,17,Citrus,,1976-07-17 15:51:00,CST,1976-07-17 15:51:00,0,0,0,0,2.5K,0,,F0,Unknown,0.1,20,,,,,28.9,-82.57,,,,,FL,1976-07-17 16:51:00,1976-07-17 16:51:00,True,True
,10001764,Florida,21,Collier,,1976-07-19 15:45:00,CST,1976-07-19 15:45:00,0,0,0,0,25K,0,,F0,Unknown,0.1,20,,,,,26.13,-81.8,,,,,FL,1976-07-19 16:45:00,1976-07-19 16:45:00,True,True
,9996893,Georgia,283,Treutlen,,1976-02-01 15:30:00,CST,1976-02-01 15:30:00,0,0,0,0,25K,0,,F0,Unknown,5.2,50,,,,,32.38,-82.6,32.43,-82.53,,,GA,1976-02-01 15:30:00,1976-02-01 15:30:00,False,False
,9996897,Georgia,103,Effingham,,1976-02-01 17:15:00,CST,1976-02-01 17:15:00,0,0,0,0,25K,0,,F1,Unknown,8.4,100,,,,,32.33,-81.38,32.4,-81.27,,,GA,1976-02-01 17:15:00,1976-02-01 17:15:00,False,False
,9996898,Georgia,123,Gilmer,,1976-02-18 12:00:00,CST,1976-02-18 12:00:00,0,0,0,0,250K,0,,F1,Unknown,3.8,100,,,,,34.7,-84.48,34.73,-84.43,,,GA,1976-02-18 12:00:00,1976-02-18 12:00:00,False,False
,10117741,Pennsylvania,129,Westmoreland,,1976-07-11 14:45:00,CST,1976-07-11 14:45:00,17,0,1,0,2.5M,0,,F3,Unknown,11.8,67,,,,,40.35,-79.5,40.27,-79.3,,,PA,1976-07-11 15:45:00,1976-07-11 15:45:00,True,True
,10023487,Kansas,157,Republic,,1976-04-14 16:30:00,CST,1976-04-14 16:30:00,1,0,0,0,250K,0,,F2,Unknown,17.0,330,,,,,39.88,-97.92,40.0,-97.63,,,KS,1976-04-14 16:30:00,1976-04-14 16:30:00,False,False
,10086944,North Dakota,17,Cass,,1976-05-27 11:55:00,CST,1976-05-27 11:55:00,0,0,0,0,250K,0,,F1,Unknown,0.1,17,,,,,46.98,-96.87,,,,,ND,1976-05-27 12:55:00,1976-05-27 12:55:00,True,True
,10086945,North Dakota,89,Stark,,1976-06-04 17:30:00,CST,1976-06-04 17:30:00,0,0,0,0,25K,0,,F2,Unknown,5.7,33,,,,,46.92,-103.2,47.0,-103.2,,,ND,1976-06-04 18:30:00,1976-06-04 18:30:00,True,True
,10086947,North Dakota,61,Mountrail,,1976-06-04 19:30:00,CST,1976-06-04 19:30:00,0,0,0,0,0K,0,,F0,Unknown,0.0,33,,,,,47.87,-102.33,,,,,ND,1976-06-04 20:30:00,1976-06-04 20:30:00,True,True
,10086948,North Dakota,101,Ward,,1976-06-04 19:44:00,CST,1976-06-04 19:44:00,0,0,0,0,0K,0,,F0,Unknown,0.0,33,,,,,48.1,-101.92,,,,,ND,1976-06-04 20:44:00,1976-06-04 20:44:00,True,True
,10086949,North Dakota,101,Ward,,1976-06-04 20:40:00,CST,1976-06-04 20:40:00,0,0,0,0,0K,0,,F0,Unknown,0.0,33,,,,,48.25,-101.1,,,,,ND,1976-06-04 21:40:00,1976-06-04 21:40:00,True,True
,10086951,North Dakota,105,Williams,,1976-06-05 18:55:00,CST,1976-06-05 18:55:00,0,0,0,0,250K,0,,F2,Unknown,2.0,33,,,,,48.4,-102.97,,,,,ND,1976-06-05 19:55:00,1976-06-05 19:55:00,True,True
,10086956,North Dakota,57,Mercer,,1976-06-11 14:10:00,CST,1976-06-11 14:10:00,0,0,0,0,0K,0,,F0,Unknown,0.0,33,,,,,47.32,-101.6,,,,,ND,1976-06-11 15:10:00,1976-06-11 15:10:00,True,True
,10023477,Kansas,29,Cloud,,1976-03-29 13:30:00,CST,1976-03-29 13:30:00,0,0,0,0,0K,0,,F0,Unknown,2.0,17,,,,,39.4,-97.73,,,,,KS,1976-03-29 13:30:00,1976-03-29 13:30:00,False,False
,10122998,Tennessee,29,Cocke,,1976-02-18 13:07:00,CST,1976-02-18 13:07:00,10,0,0,0,2.5M,0,,F2,Unknown,1.0,33,,,,,35.95,-83.22,,,,,TN,1976-02-18 13:07:00,1976-02-18 13:07:00,False,False
,10123009,Tennessee,189,Wilson,,1976-03-20 22:25:00,CST,1976-03-20 22:25:00,0,0,0,0,250K,0,,F1,Unknown,7.3,440,,,,,36.15,-86.43,36.1,-86.32,,,TN,1976-03-20 22:25:00,1976-03-20 22:25:00,False,False
,10019423,Indiana,157,Tippecanoe,,1976-03-20 15:20:00,CST,1976-03-20 15:20:00,6,0,0,0,2.5M,0,,F4,Unknown,13.1,300,,,,,40.47,-87.0,40.57,-86.78,,,IN,1976-03-20 15:20:00,1976-03-20 15:20:00,False,False
,10019424,Indiana,167,Vigo,,1976-03-20 15:30:00,CST,1976-03-20 15:30:00,0,0,0,0,25K,0,,F0,Unknown,13.9,40,,,,,39.37,-87.48,39.48,-87.27,,,IN,1976-03-20 15:30:00,1976-03-20 15:30:00,False,False
,10003212,Illinois,113,Mclean,,1976-07-28 14:55:00,CST,1976-07-28 14:55:00,0,0,0,0,25K,0,,F2,Unknown,0.0,33,,,,,40.73,-88.78,,,,,IL,1976-07-28 14:55:00,1976-07-28 14:55:00,False,False
,10003213,Illinois,113,Mclean,,1976-07-28 15:35:00,CST,1976-07-28 15:35:00,0,0,0,0,.25K,0,,F0,Unknown,0.1,3,,,,,40.32,-89.17,,,,,IL,1976-07-28 15:35:00,1976-07-28 15:35:00,False,False
,10003214,Illinois,119,Madison,,1976-07-28 16:45:00,CST,1976-07-28 16:45:00,0,0,0,0,25K,0,,F3,Unknown,0.0,33,,,,,38.83,-89.67,,,,,IL,1976-07-28 17:45:00,1976-07-28 17:45:00,True,True
,10003218,Illinois,57,Fulton,,1976-08-11 22:36:00,CST,1976-08-11 22:36:00,1,0,0,0,250K,0,,F2,Unknown,0.0,33,,,,,40.5,-90.2,,,,,IL,1976-08-11 23:36:00,1976-08-11 23:36:00,True,True
,10117970,Pennsylvania,71,Lancaster,,1976-07-29 16:00:00,CST,1976-07-29 16:00:00,0,0,0,0,25K,0,,F1,Unknown,1.8,77,,,,,40.1,-76.48,,,,,PA,1976-07-29 17:00:00,1976-07-29 17:00:00,True,True
,10123019,Tennessee,167,Tipton,,1976-03-29 18:40:00,CST,1976-03-29 18:40:00,0,0,0,0,25K,0,,F1,Unknown,0.2,200,,,,,35.43,-89.67,,,,,TN,1976-03-29 18:40:00,1976-03-29 18:40:00,False,False
,10123021,Tennessee,33,Crockett,,1976-03-29 19:53:00,CST,1976-03-29 19:53:00,0,0,0,0,0K,0,,F1,Unknown,0.7,200,,,,,35.77,-89.2,,,,,TN,1976-03-29 19:53:00,1976-03-29 19:53:00,False,False
,10123023,Tennessee,97,Lauderdale,,1976-04-11 16:50:00,CST,1976-04-11 16:50:00,0,0,0,0,.03K,0,,F0,Unknown,3.3,200,,,,,35.58,-89.93,35.62,-89.88,,,TN,1976-04-11 16:50:00,1976-04-11 16:50:00,False,False
,10122994,Tennessee,149,Rutherford,,1976-02-17 23:15:00,CST,1976-02-17 23:15:00,2,0,0,0,250K,0,,F1,Unknown,6.9,440,,,,,35.95,-86.62,35.98,-86.5,,,TN,1976-02-17 23:15:00,1976-02-17 23:15:00,False,False
,10122995,Tennessee,149,Rutherford,,1976-02-17 23:15:00,CST,1976-02-17 23:15:00,0,0,0,0,250K,0,,F1,Unknown,5.7,440,,,,,36.02,-86.58,36.07,-86.5,,,TN,1976-02-17 23:15:00,1976-02-17 23:15:00,False,False
,10019460,Indiana,67,Howard,,1976-06-15 18:40:00,CST,1976-06-15 18:40:00,1,0,0,0,250K,0,,F0,Unknown,1.3,80,,,,,40.48,-86.13,40.52,-86.1,,,IN,1976-06-15 19:40:00,1976-06-15 19:40:00,True,True
,10019463,Indiana,29,Dearborn,,1976-06-24 18:20:00,CST,1976-06-24 18:20:00,0,0,0,0,0K,0,,,Unknown,0.0,33,,,,,39.07,-84.9,,,,,IN,1976-06-24 19:20:00,1976-06-24 19:20:00,True,True
,10023492,Kansas,175,Seward,,1976-04-14 19:30:00,CST,1976-04-14 19:30:00,0,0,0,0,250K,0,,F1,Unknown,1.3,50,,,,,37.2,-100.65,37.22,-100.63,,,KS,1976-04-14 19:30:00,1976-04-14 19:30:00,False,False
,10023493,Kansas,119,Meade,,1976-04-14 19:35:00,CST,1976-04-14 19:35:00,0,0,0,0,250K,0,,F1,Unknown,21.4,33,,,,,37.22,-100.63,37.48,-100.43,,,KS,1976-04-14 19:35:00,1976-04-14 19:35:00,False,False
,10023494,Kansas,69,Gray,,1976-04-14 20:00:00,CST,1976-04-14 20:00:00,0,0,0,0,250K,0,,F1,Unknown,22.3,33,,,,,37.48,-100.43,37.75,-100.2,,,KS,1976-04-14 20:00:00,1976-04-14 20:00:00,False,False
,10019413,Indiana,107,Montgomery,,1976-03-12 15:25:00,CST,1976-03-12 15:25:00,0,0,0,0,25K,0,,F0,Unknown,8.5,40,,,,,39.98,-86.95,40.08,-86.85,,,IN,1976-03-12 15:25:00,1976-03-12 15:25:00,False,False
,10019414,Indiana,87,Lagrange,,1976-03-12 15:30:00,CST,1976-03-12 15:30:00,8,0,0,0,25K,0,,F2,Unknown,10.1,127,,,,,41.68,-85.5,41.75,-85.32,,,IN,1976-03-12 15:30:00,1976-03-12 15:30:00,False,False
,10019416,Indiana,3,Allen,,1976-03-12 15:50:00,CST,1976-03-12 15:50:00,0,0,1,0,25K,0,,F1,Unknown,0.1,17,,,,,41.07,-85.02,,,,,IN,1976-03-12 15:50:00,1976-03-12 15:50:00,False,False
,10019419,Indiana,177,Wayne,,1976-03-12 16:40:00,CST,1976-03-12 16:40:00,0,0,0,0,250K,0,,F1,Unknown,10.9,127,,,,,39.82,-85.0,39.87,-84.8,,,IN,1976-03-12 16:40:00,1976-03-12 16:40:00,False,False
,10033022,Louisiana,69,Natchitoches,,1976-04-20 20:11:00,CST,1976-04-20 20:11:00,27,0,1,0,2.5M,0,,F1,Unknown,0.4,60,,,,,31.73,-93.08,,,,,LA,1976-04-20 20:11:00,1976-04-20 20:11:00,False,False
,10023486,Kansas,89,Jewell,,1976-04-14 16:05:00,CST,1976-04-14 16:05:00,0,0,0,0,250K,0,,F2,Unknown,17.7,330,,,,,39.77,-98.22,39.88,-97.92,,,KS,1976-04-14 16:05:00,1976-04-14 16:05:00,False,False
,10122993,Tennessee,187,Williamson,,1976-02-17 23:00:00,CST,1976-02-17 23:00:00,0,0,0,0,250K,0,,F1,Unknown,12.3,440,,,,,35.92,-86.83,35.95,-86.62,,,TN,1976-02-17 23:00:00,1976-02-17 23:00:00,False,False
,10023495,Kansas,57,Ford,,1976-04-14 20:30:00,CST,1976-04-14 20:30:00,0,0,0,0,250K,0,,F1,Unknown,13.1,33,,,,,37.75,-100.2,37.92,-100.08,,,KS,1976-04-14 20:30:00,1976-04-14 20:30:00,False,False
,10023496,Kansas,83,Hodgeman,,1976-04-14 21:00:00,CST,1976-04-14 21:00:00,0,0,0,0,250K,0,,F1,Unknown,15.1,33,,,,,37.92,-100.08,38.08,-99.9,,,KS,1976-04-14 21:00:00,1976-04-14 21:00:00,False,False
,10023500,Kansas,93,Kearny,,1976-04-15 12:30:00,CST,1976-04-15 12:30:00,0,0,0,0,2.5K,0,,F0,Unknown,0.1,20,,,,,37.97,-101.28,,,,,KS,1976-04-15 12:30:00,1976-04-15 12:30:00,False,False
,10023501,Kansas,171,Scott,,1976-04-15 14:25:00,CST,1976-04-15 14:25:00,1,0,0,0,250K,0,,F1,Unknown,33.4,440,,,,,38.2,-100.9,38.67,-100.73,,,KS,1976-04-15 14:25:00,1976-04-15 14:25:00,False,False
,10023504,Kansas,7,Barber,,1976-04-17 01:50:00,CST,1976-04-17 01:50:00,2,0,0,0,250K,0,,F4,Unknown,19.5,100,,,,,37.07,-98.53,37.32,-98.37,,,KS,1976-04-17 01:50:00,1976-04-17 01:50:00,False,False
,10023505,Kansas,149,Pottawatomie,,1976-04-17 08:30:00,CST,1976-04-17 08:30:00,0,0,0,0,250K,0,,F1,Unknown,0.0,280,,,,,39.55,-96.45,39.57,-96.43,,,KS,1976-04-17 08:30:00,1976-04-17 08:30:00,False,False
,10023506,Kansas,117,Marshall,,1976-04-17 18:45:00,CST,1976-04-17 18:45:00,0,0,0,0,250K,0,,F1,Unknown,15.5,33,,,,,39.58,-96.43,39.78,-96.3,,,KS,1976-04-17 18:45:00,1976-04-17 18:45:00,False,False
,10023513,Kansas,171,Scott,,1976-04-23 18:20:00,CST,1976-04-23 18:20:00,0,0,0,0,2.5K,0,,F1,Unknown,2.3,440,,,,,38.35,-100.73,38.37,-100.68,,,KS,1976-04-23 18:20:00,1976-04-23 18:20:00,False,False
,10023514,Kansas,101,Lane,,1976-04-23 18:26:00,CST,1976-04-23 18:26:00,0,0,0,0,2.5K,0,,F1,Unknown,14.4,33,,,,,38.37,-100.68,38.38,-100.42,,,KS,1976-04-23 18:26:00,1976-04-23 18:26:00,False,False
,10020443,Kansas,71,Greeley,,1976-09-12 16:49:00,CST,1976-09-12 16:49:00,0,0,0,0,25K,0,,F1,Unknown,0.1,10,,,,,38.6,-101.67,,,,,KS,1976-09-12 17:49:00,1976-09-12 17:49:00,True,True
,10020444,Kansas,199,Wallace,,1976-09-12 16:55:00,CST,1976-09-12 16:55:00,0,0,0,0,2.5K,0,,F1,Unknown,0.1,10,,,,,38.8,-101.97,,,,,KS,1976-09-12 17:55:00,1976-09-12 17:55:00,True,True
,9995499,Georgia,165,Jenkins,,1976-03-16 10:30:00,CST,1976-03-16 10:30:00,0,0,0,0,250K,0,,F2,Unknown,0.8,400,,,,,32.7,-82.05,,,,,GA,1976-03-16 10:30:00,1976-03-16 10:30:00,False,False
,9995500,Georgia,165,Jenkins,,1976-03-16 10:30:00,CST,1976-03-16 10:30:00,0,0,0,0,250K,0,,F2,Unknown,0.3,100,,,,,32.8,-81.97,,,,,GA,1976-03-16 10:30:00,1976-03-16 10:30:00,False,False
,9995501,Georgia,229,Pierce,,1976-03-16 10:30:00,CST,1976-03-16 10:30:00,0,0,0,0,250K,0,,F2,Unknown,0.3,100,,,,,31.47,-82.25,,,,,GA,1976-03-16 10:30:00,1976-03-16 10:30:00,False,False
,9995511,Georgia,131,Grady,,1976-04-30 21:17:00,CST,1976-04-30 21:17:00,0,0,0,0,25K,0,,F1,Unknown,0.3,60,,,,,30.87,-84.2,,,,,GA,1976-04-30 22:17:00,1976-04-30 22:17:00,True,True
,9995519,Georgia,121,Fulton,,1976-05-14 17:00:00,CST,1976-05-14 17:00:00,0,0,0,0,25K,0,,F1,Unknown,0.1,30,,,,,33.58,-84.47,,,,,GA,1976-05-14 18:00:00,1976-05-14 18:00:00,True,True
,9995520,Georgia,89,De Kalb,,1976-05-14 18:00:00,CST,1976-05-14 18:00:00,1,0,0,0,25K,0,,F1,Unknown,0.3,40,,,,,33.65,-84.57,,,,,GA,1976-05-14 18:00:00,1976-05-14 18:00:00,False,False
,9995521,Georgia,157,Jackson,,1976-05-14 21:00:00,CST,1976-05-14 21:00:00,0,0,0,0,.03K,0,,F2,Unknown,1.9,160,,,,,34.25,-83.57,34.25,-83.55,,,GA,1976-05-14 22:00:00,1976-05-14 22:00:00,True,True
,9995522,Georgia,11,Banks,,1976-05-14 21:10:00,CST,1976-05-14 21:10:00,2,0,0,0,250K,0,,F2,Unknown,6.5,160,,,,,34.25,-83.55,34.33,-83.5,,,GA,1976-05-14 22:10:00,1976-05-14 22:10:00,True,True
,9995523,Georgia,137,Habersham,,1976-05-14 21:15:00,CST,1976-05-14 21:15:00,0,0,0,0,250K,0,,F2,Unknown,1.0,50,,,,,34.47,-83.53,,,,,GA,1976-05-14 22:15:00,1976-05-14 22:15:00,True,True
,10116887,Pennsylvania,7,Beaver,,1976-07-11 12:30:00,CST,1976-07-11 12:30:00,0,0,0,0,2.5K,0,,,Unknown,0.1,33,,,,,40.75,-80.33,,,,,PA,1976-07-11 13:30:00,1976-07-11 13:30:00,True,True
,10116889,Pennsylvania,33,Clearfield,,1976-07-11 12:45:00,CST,1976-07-11 12:45:00,0,0,0,0,0K,0,,,Unknown,0.1,33,,,,,41.12,-78.77,,,,,PA,1976-07-11 13:45:00,1976-07-11 13:45:00,True,True
,10116890,Pennsylvania,65,Jefferson,,1976-07-11 13:00:00,CST,1976-07-11 13:00:00,7,0,1,0,250K,0,,F2,Unknown,28.7,33,,,,,41.32,-79.2,40.97,-78.9,,,PA,1976-07-11 14:00:00,1976-07-11 14:00:00,True,True
,10018334,Indiana,89,Lake,,1976-03-04 21:00:00,CST,1976-03-04 21:00:00,0,0,0,0,25K,0,,F1,Unknown,2.0,100,,,,,41.55,-87.48,,,,,IN,1976-03-04 21:00:00,1976-03-04 21:00:00,False,False
,10003195,Illinois,203,Woodford,,1976-06-29 15:00:00,CST,1976-06-29 15:00:00,0,0,0,0,2.5K,0,,F0,Unknown,0.5,50,,,,,40.7,-89.02,,,,,IL,1976-06-29 16:00:00,1976-06-29 16:00:00,True,True
,10003196,Illinois,113,Mclean,,1976-06-29 15:36:00,CST,1976-06-29 15:36:00,0,0,0,0,25K,0,,F2,Unknown,0.0,33,,,,,40.65,-88.72,,,,,IL,1976-06-29 15:36:00,1976-06-29 15:36:00,False,False
,10001771,Florida,7,Bradford,,1976-07-21 17:00:00,CST,1976-07-21 17:00:00,0,0,0,0,25K,0,,F1,Unknown,0.1,20,,,,,29.95,-82.13,,,,,FL,1976-07-21 18:00:00,1976-07-21 18:00:00,True,True
,10001777,Florida,31,Duval,,1976-07-30 15:02:00,CST,1976-07-30 15:02:00,0,0,0,0,0K,0,,F0,Unknown,0.1,13,,,,,30.08,-81.45,,,,,FL,1976-07-30 16:02:00,1976-07-30 16:02:00,True,True
,10001779,Florida,9,Brevard,,1976-08-03 14:40:00,CST,1976-08-03 14:40:00,0,0,0,0,2.5K,0,,F0,Unknown,0.1,20,,,,,28.23,-80.6,,,,,FL,1976-08-03 15:40:00,1976-08-03 15:40:00,True,True
,10001780,Florida,87,Monroe,,1976-08-07 14:00:00,CST,1976-08-07 14:00:00,0,0,0,0,2.5K,0,,F0,Unknown,0.5,20,,,,,24.92,-80.63,,,,,FL,1976-08-07 14:00:00,1976-08-07 14:00:00,False,False
,10001785,Florida,107,Putnam,,1976-08-10 16:51:00,CST,1976-08-10 16:51:00,0,0,0,0,0K,0,,F0,Unknown,0.1,17,,,,,29.65,-81.63,,,,,FL,1976-08-10 17:51:00,1976-08-10 17:51:00,True,True
,10001786,Florida,103,Pinellas,,1976-08-12 16:50:00,CST,1976-08-12 16:50:00,21,0,1,0,2.5M,0,,F1,Unknown,0.3,30,,,,,27.9,-82.75,,,,,FL,1976-08-12 17:50:00,1976-08-12 17:50:00,True,True
,10001787,Florida,99,Palm Beach,,1976-08-16 15:14:00,CST,1976-08-16 15:14:00,0,0,0,0,.25K,0,,F0,Unknown,0.5,20,,,,,26.67,-80.65,,,,,FL,1976-08-16 16:14:00,1976-08-16 16:14:00,True,True
,9990649,California,71,San Bernardino,,1976-09-05 19:19:00,CST,1976-09-05 19:19:00,0,0,0,0,0K,0,,,Unknown,0.0,33,,,,,34.68,-117.5,,,,,CA,1976-09-05 20:19:00,1976-09-05 20:19:00,True,True
,9990650,California,71,San Bernardino,,1976-09-06 18:00:00,CST,1976-09-06 18:00:00,0,0,0,0,0K,0,,,Unknown,0.0,33,,,,,34.28,-117.6,,,,,CA,1976-09-06 19:00:00,1976-09-06 19:00:00,True,True
,9990651,California,71,San Bernardino,,1976-09-06 19:19:00,CST,1976-09-06 19:19:00,0,0,0,0,0K,0,,,Unknown,0.0,33,,,,,34.58,-117.57,,,,,CA,1976-09-06 20:19:00,1976-09-06 20:19:00,True,True
,9990652,California,71,San Bernardino,,1976-09-06 19:25:00,CST,1976-09-06 19:25:00,0,0,0,0,0K,0,,,Unknown,0.0,33,,,,,34.63,-117.62,,,,,CA,1976-09-06 20:25:00,1976-09-06 20:25:00,True,True
,9990653,California,71,San Bernardino,,1976-09-06 19:30:00,CST,1976-09-06 19:30:00,0,0,0,0,0K,0,,,Unknown,0.0,33,,,,,34.65,-117.63,,,,,CA,1976-09-06 20:30:00,1976-09-06 20:30:00,True,True
,9997890,Florida,11,Broward,,1976-03-07 14:25:00,CST,1976-03-07 14:25:00,0,0,0,0,0K,0,,F0,Unknown,0.1,10,,,,,26.17,-80.42,,,,,FL,1976-03-07 14:25:00,1976-03-07 14:25:00,False,False
,9997891,Florida,45,Gulf,,1976-03-09 03:51:00,CST,1976-03-09 03:51:00,0,0,0,0,25K,0,,F0,Unknown,0.5,33,,,,,29.8,-85.28,,,,,FL,1976-03-09 03:51:00,1976-03-09 03:51:00,False,False
,10097085,Ohio,119,Muskingum,,1976-07-11 19:15:00,CST,1976-07-11 19:15:00,0,0,0,0,0K,0,,F1,Unknown,0.5,150,,,,,39.98,-81.98,,,,,OH,1976-07-11 20:15:00,1976-07-11 20:15:00,True,True
,10016118,Indiana,1,Adams,,1976-07-15 15:41:00,CST,1976-07-15 15:41:00,0,0,0,0,0K,0,,,Unknown,0.0,33,,,,,40.85,-85.0,,,,,IN,1976-07-15 16:41:00,1976-07-15 16:41:00,True,True
,10016124,Indiana,41,Fayette,,1976-08-25 07:20:00,CST,1976-08-25 07:20:00,0,0,0,0,0K,0,,,Unknown,0.3,30,,,,,39.57,-85.08,,,,,IN,1976-08-25 08:20:00,1976-08-25 08:20:00,True,True
,10097067,Ohio,27,Clinton,,1976-06-24 17:30:00,CST,1976-06-24 17:30:00,0,0,0,0,250K,0,,F0,Unknown,0.0,33,,,,,39.3,-84.0,39.3,-83.98,,,OH,1976-06-24 18:30:00,1976-06-24 18:30:00,True,True
,10097045,Ohio,103,Medina,,1976-03-20 21:15:00,CST,1976-03-20 21:15:00,0,0,0,0,25K,0,,F0,Unknown,0.7,70,,,,,41.13,-81.87,,,,,OH,1976-03-20 21:15:00,1976-03-20 21:15:00,False,False
,10097058,Ohio,77,Huron,,1976-04-25 11:12:00,CST,1976-04-25 11:12:00,0,0,0,0,2.5K,0,,F0,Unknown,0.1,30,,,,,41.03,-82.52,,,,,OH,1976-04-25 12:12:00,1976-04-25 12:12:00,True,True
,10097064,Ohio,117,Morrow,,1976-06-21 19:30:00,CST,1976-06-21 19:30:00,0,0,0,0,.25K,0,,F0,Unknown,0.1,3,,,,,40.67,-82.67,,,,,OH,1976-06-21 20:30:00,1976-06-21 20:30:00,True,True
,10097065,Ohio,25,Clermont,,1976-06-24 17:15:00,CST,1976-06-24 17:15:00,0,0,0,0,250K,0,,F0,Unknown,5.6,33,,,,,39.23,-84.18,39.27,-84.08,,,OH,1976-06-24 18:15:00,1976-06-24 18:15:00,True,True
,10097066,Ohio,165,Warren,,1976-06-24 17:20:00,CST,1976-06-24 17:20:00,0,0,0,0,250K,0,,F0,Unknown,4.5,33,,,,,39.27,-84.08,39.3,-84.0,,,OH,1976-06-24 18:20:00,1976-06-24 18:20:00,True,True
,10018337,Indiana,89,Lake,,1976-03-12 14:00:00,CST,1976-03-12 14:00:00,0,0,0,0,2.5K,0,,F2,Unknown,2.3,200,,,,,41.45,-87.27,41.48,-87.22,,,IN,1976-03-12 14:00:00,1976-03-12 14:00:00,False,False
,10018338,Indiana,127,Porter,,1976-03-12 14:00:00,CST,1976-03-12 14:00:00,0,0,0,0,250K,0,,F3,Unknown,0.0,200,,,,,41.7,-86.97,41.68,-86.93,,,IN,1976-03-12 14:00:00,1976-03-12 14:00:00,False,False
,10019437,Indiana,95,Madison,,1976-03-20 17:27:00,CST,1976-03-20 17:27:00,0,0,0,0,25K,0,,F1,Unknown,5.1,100,,,,,40.07,-85.72,40.08,-85.62,,,IN,1976-03-20 17:27:00,1976-03-20 17:27:00,False,False
,10116617,Pennsylvania,1,Adams,,1976-03-21 11:30:00,CST,1976-03-21 11:30:00,0,0,0,0,25K,0,,F2,Unknown,1.0,50,,,,,39.93,-77.25,,,,,PA,1976-03-21 11:30:00,1976-03-21 11:30:00,False,False
,10116618,Pennsylvania,41,Cumberland,,1976-03-21 12:00:00,CST,1976-03-21 12:00:00,0,0,0,0,.25K,0,,F0,Unknown,3.0,70,,,,,40.18,-77.12,40.17,-77.05,,,PA,1976-03-21 12:00:00,1976-03-21 12:00:00,False,False
,10116619,Pennsylvania,41,Cumberland,,1976-03-21 12:00:00,CST,1976-03-21 12:00:00,0,0,0,0,25K,0,,F1,Unknown,4.9,90,,,,,40.2,-77.13,40.18,-77.03,,,PA,1976-03-21 12:00:00,1976-03-21 12:00:00,False,False
,10019185,Indiana,127,Porter,,1976-03-12 14:08:00,CST,1976-03-12 14:08:00,0,0,0,0,2.5K,0,,F2,Unknown,3.3,33,,,,,41.48,-87.22,41.53,-87.17,,,IN,1976-03-12 14:08:00,1976-03-12 14:08:00,False,False
,10019439,Indiana,65,Henry,,1976-03-20 17:35:00,CST,1976-03-20 17:35:00,0,0,0,0,0K,0,,F0,Unknown,0.1,17,,,,,39.92,-85.37,,,,,IN,1976-03-20 17:35:00,1976-03-20 17:35:00,False,False
,10116621,Pennsylvania,133,York,,1976-03-21 12:30:00,CST,1976-03-21 12:30:00,0,0,0,0,25K,0,,F1,Unknown,2.0,50,,,,,39.85,-76.75,,,,,PA,1976-03-21 12:30:00,1976-03-21 12:30:00,False,False
,10095616,Oklahoma,117,Pawnee,,1976-07-02 16:45:00,CST,1976-07-02 16:45:00,0,0,0,0,.25K,0,,F1,Unknown,1.0,20,,,,,36.28,-96.85,,,,,OK,1976-07-02 17:45:00,1976-07-02 17:45:00,True,True
,10095617,Oklahoma,119,Payne,,1976-07-03 14:10:00,CST,1976-07-03 14:10:00,0,0,0,0,.25K,0,,F1,Unknown,1.0,33,,,,,36.12,-96.77,,,,,OK,1976-07-03 15:10:00,1976-07-03 15:10:00,True,True
,10019435,Indiana,63,Hendricks,,1976-03-20 16:35:00,CST,1976-03-20 16:35:00,0,0,0,0,2.5K,0,,F0,Unknown,6.9,30,,,,,39.77,-86.4,39.83,-86.3,,,IN,1976-03-20 16:35:00,1976-03-20 16:35:00,False,False
,10016127,Indiana,5,Bartholomew,,1976-09-26 16:07:00,CST,1976-09-26 16:07:00,0,0,0,0,250K,0,,F1,Unknown,13.3,60,,,,,39.13,-85.95,39.15,-85.7,,,IN,1976-09-26 17:07:00,1976-09-26 17:07:00,True,True
,10016128,Indiana,31,Decatur,,1976-09-26 16:20:00,CST,1976-09-26 16:20:00,1,0,0,0,250K,0,,F1,Unknown,6.5,60,,,,,39.15,-85.7,39.18,-85.58,,,IN,1976-09-26 17:20:00,1976-09-26 17:20:00,True,True
,10016129,Indiana,71,Jackson,,1976-09-26 16:23:00,CST,1976-09-26 16:23:00,10,0,1,0,2.5M,0,,F3,Unknown,4.9,100,,,,,38.93,-85.9,38.95,-85.8,,,IN,1976-09-26 17:23:00,1976-09-26 17:23:00,True,True
,10016130,Indiana,77,Jefferson,,1976-09-26 16:55:00,CST,1976-09-26 16:55:00,1,0,1,0,250K,0,,F3,Unknown,14.6,300,,,,,38.8,-85.67,38.75,-85.4,,,IN,1976-09-26 17:55:00,1976-09-26 17:55:00,True,True
,10122996,Tennessee,189,Wilson,,1976-02-17 23:30:00,CST,1976-02-17 23:30:00,0,0,0,0,250K,0,,F1,Unknown,15.2,33,,,,,36.07,-86.5,36.2,-86.28,,,TN,1976-02-17 23:30:00,1976-02-17 23:30:00,False,False
,10019415,Indiana,87,Lagrange,,1976-03-12 15:35:00,CST,1976-03-12 15:35:00,9,0,0,0,250K,0,,F2,Unknown,9.3,100,,,,,41.63,-85.63,41.73,-85.5,,,IN,1976-03-12 15:35:00,1976-03-12 15:35:00,False,False
,10077270,New York,77,Otsego,,1976-06-16 18:10:00,CST,1976-06-16 18:10:00,0,0,0,0,250K,0,,F2,Unknown,0.0,57,,,,,42.68,-75.02,42.68,-74.97,,,NY,1976-06-16 19:10:00,1976-06-16 19:10:00,True,True
,10039790,Michigan,145,Saginaw,,1976-06-18 17:16:00,CST,1976-06-18 17:16:00,0,0,0,0,25K,0,,F1,Unknown,1.3,50,,,,,43.43,-83.75,43.45,-83.7,,,MI,1976-06-18 18:16:00,1976-06-18 18:16:00,True,True
,10084977,North Dakota,17,Cass,,1976-08-10 17:15:00,CST,1976-08-10 17:15:00,0,0,0,0,0K,0,,F1,Unknown,0.0,33,,,,,46.95,-96.87,,,,,ND,1976-08-10 18:15:00,1976-08-10 18:15:00,True,True
,10151494,Virginia,590,Danville (C),,1976-10-09 03:20:00,CST,1976-10-09 03:20:00,0,0,0,0,25K,0,,,Unknown,1.5,30,,,,,36.58,-79.42,,,,,VA,1976-10-09 03:20:00,1976-10-09 03:20:00,False,False
,10161830,Wyoming,27,Niobrara,,1976-04-12 19:10:00,CST,1976-04-12 19:10:00,0,0,0,0,25K,0,,F1,Unknown,0.3,13,,,,,42.77,-104.65,,,,,WY,1976-04-12 19:10:00,1976-04-12 19:10:00,False,False
,10161832,Wyoming,21,Laramie,,1976-05-29 15:15:00,CST,1976-05-29 15:15:00,0,0,0,0,.25K,0,,F2,Unknown,0.2,40,,,,,41.25,-104.62,,,,,WY,1976-05-29 16:15:00,1976-05-29 16:15:00,True,True
,10161833,Wyoming,21,Laramie,,1976-05-29 15:50:00,CST,1976-05-29 15:50:00,0,0,0,0,.25K,0,,F2,Unknown,0.0,40,,,,,41.33,-104.35,,,,,WY,1976-05-29 16:50:00,1976-05-29 16:50:00,True,True
,9990647,California,71,San Bernardino,,1976-09-04 19:45:00,CST,1976-09-04 19:45:00,0,0,0,0,25K,0,,,Unknown,0.0,33,,,,,34.62,-117.6,,,,,CA,1976-09-04 20:45:00,1976-09-04 20:45:00,True,True
,10161836,Wyoming,33,Sheridan,,1976-06-04 18:30:00,CST,1976-06-04 18:30:00,0,0,0,0,.03K,0,,F0,Unknown,0.0,33,,,,,44.97,-107.15,,,,,WY,1976-06-04 19:30:00,1976-06-04 19:30:00,True,True
,10161837,Wyoming,33,Sheridan,,1976-06-04 18:30:00,CST,1976-06-04 18:30:00,0,0,0,0,.03K,0,,F0,Unknown,0.0,33,,,,,44.97,-107.15,,,,,WY,1976-06-04 19:30:00,1976-06-04 19:30:00,True,True
,10161839,Wyoming,5,Campbell,,1976-06-05 19:30:00,CST,1976-06-05 19:30:00,0,0,0,0,.03K,0,,F0,Unknown,0.0,33,,,,,44.52,-105.2,,,,,WY,1976-06-05 20:30:00,1976-06-05 20:30:00,True,True
,10161840,Wyoming,11,Crook,,1976-06-05 19:30:00,CST,1976-06-05 19:30:00,0,0,0,0,.03K,0,,F0,Unknown,0.0,33,,,,,44.38,-104.8,,,,,WY,1976-06-05 20:30:00,1976-06-05 20:30:00,True,True
,10161841,Wyoming,11,Crook,,1976-06-05 19:30:00,CST,1976-06-05 19:30:00,0,0,0,0,.03K,0,,F0,Unknown,0.0,33,,,,,44.33,-104.87,,,,,WY,1976-06-05 20:30:00,1976-06-05 20:30:00,True,True
,10161842,Wyoming,5,Campbell,,1976-06-05 19:39:00,CST,1976-06-05 19:39:00,0,0,0,0,.03K,0,,F0,Unknown,0.0,33,,,,,44.33,-105.48,,,,,WY,1976-06-05 20:39:00,1976-06-05 20:39:00,True,True
,10161843,Wyoming,5,Campbell,,1976-06-05 19:53:00,CST,1976-06-05 19:53:00,0,0,0,0,.03K,0,,F0,Unknown,0.0,33,,,,,44.63,-105.53,,,,,WY,1976-06-05 20:53:00,1976-06-05 20:53:00,True,True
,10161845,Wyoming,5,Campbell,,1976-06-05 20:45:00,CST,1976-06-05 20:45:00,0,0,0,0,.03K,0,,F0,Unknown,0.0,33,,,,,44.32,-105.2,,,,,WY,1976-06-05 21:45:00,1976-06-05 21:45:00,True,True
,10161846,Wyoming,5,Campbell,,1976-06-13 14:50:00,CST,1976-06-13 14:50:00,0,0,0,0,.03K,0,,F0,Unknown,0.0,33,,,,,44.28,-105.48,,,,,WY,1976-06-13 15:50:00,1976-06-13 15:50:00,True,True
,10000676,Florida,83,Marion,,1976-05-23 09:00:00,CST,1976-05-23 09:00:00,0,0,0,0,.25K,0,,F0,Unknown,3.3,33,,,,,29.0,-82.37,29.02,-82.32,,,FL,1976-05-23 10:00:00,1976-05-23 10:00:00,True,True
,10003194,Illinois,143,Peoria,,1976-06-29 13:45:00,CST,1976-06-29 13:45:00,0,0,0,0,250K,0,,F4,Unknown,4.9,40,,,,,40.8,-89.75,40.83,-89.65,,,IL,1976-06-29 14:45:00,1976-06-29 14:45:00,True,True
,9980343,Arkansas,115,Pope,,1976-03-26 17:45:00,CST,1976-03-26 17:45:00,0,0,0,0,250K,0,,F1,Unknown,2.0,50,,,,,35.23,-92.92,,,,,AR,1976-03-26 17:45:00,1976-03-26 17:45:00,False,False
,10162703,Wyoming,5,Campbell,,1976-06-16 17:51:00,CST,1976-06-16 17:51:00,0,0,0,0,.03K,0,,F0,Unknown,0.0,33,,,,,44.62,-105.48,,,,,WY,1976-06-16 18:51:00,1976-06-16 18:51:00,True,True
,10162705,Wyoming,29,Park,,1976-06-26 18:30:00,CST,1976-06-26 18:30:00,0,0,0,0,2.5K,0,,F1,Unknown,2.0,27,,,,,44.77,-108.73,,,,,WY,1976-06-26 19:30:00,1976-06-26 19:30:00,True,True
,10162706,Wyoming,7,Carbon,,1976-07-02 14:00:00,CST,1976-07-02 14:00:00,0,0,0,0,250K,0,,F2,Unknown,2.5,433,,,,,41.42,-106.38,,,,,WY,1976-07-02 15:00:00,1976-07-02 15:00:00,True,True
,10162707,Wyoming,3,Big Horn,,1976-07-04 17:00:00,CST,1976-07-04 17:00:00,0,0,0,0,0K,0,,F1,Unknown,0.2,10,,,,,44.38,-108.03,,,,,WY,1976-07-04 18:00:00,1976-07-04 18:00:00,True,True
,10018325,Indiana,45,Fountain,,1976-02-16 17:30:00,CST,1976-02-16 17:30:00,0,0,0,0,2.5K,0,,F0,Unknown,0.1,33,,,,,39.97,-87.28,,,,,IN,1976-02-16 17:30:00,1976-02-16 17:30:00,False,False
,10149423,Wisconsin,21,Columbia,,1976-04-15 11:00:00,CST,1976-04-15 11:00:00,0,0,0,0,250K,0,,F1,Unknown,11.1,150,,,,,43.42,-89.22,43.47,-89.0,,,WI,1976-04-15 11:00:00,1976-04-15 11:00:00,False,False
,10149425,Wisconsin,109,St. Croix,,1976-06-12 17:00:00,CST,1976-06-12 17:00:00,0,0,0,0,25K,0,,F2,Unknown,1.0,100,,,,,44.83,-91.48,,,,,WI,1976-06-12 18:00:00,1976-06-12 18:00:00,True,True
,10149426,Wisconsin,97,Portage,,1976-06-12 20:30:00,CST,1976-06-12 20:30:00,0,0,0,0,25K,0,,F2,Unknown,0.2,50,,,,,44.45,-89.28,,,,,WI,1976-06-12 21:30:00,1976-06-12 21:30:00,True,True
,10149427,Wisconsin,97,Portage,,1976-06-12 21:00:00,CST,1976-06-12 21:00:00,0,0,0,0,2.5K,0,,F1,Unknown,0.3,50,,,,,44.68,-89.25,,,,,WI,1976-06-12 22:00:00,1976-06-12 22:00:00,True,True
,10128407,Texas,195,Hansford,,1976-04-15 14:30:00,CST,1976-04-15 14:30:00,0,0,0,0,0K,0,,F0,Unknown,0.0,33,,,,,36.2,-101.0,,,,,TX,1976-04-15 14:30:00,1976-04-15 14:30:00,False,False
,10128408,Texas,195,Hansford,,1976-04-15 14:47:00,CST,1976-04-15 14:47:00,0,0,0,0,0K,0,,F0,Unknown,0.0,33,,,,,36.05,-101.2,,,,,TX,1976-04-15 14:47:00,1976-04-15 14:47:00,False,False
,10129875,Texas,113,Dallas,,1976-05-26 16:25:00,CST,1976-05-26 16:25:00,1,0,0,0,2.5M,0,,F3,Unknown,4.5,150,,,,,32.9,-96.85,32.92,-96.78,,,TX,1976-05-26 17:25:00,1976-05-26 17:25:00,True,True
,10129876,Texas,217,Hill,,1976-05-26 16:25:00,CST,1976-05-26 16:25:00,0,0,0,0,2.5M,0,,F4,Unknown,15.0,33,,,,,32.25,-97.27,32.2,-97.02,,,TX,1976-05-26 17:25:00,1976-05-26 17:25:00,True,True
,10129880,Texas,139,Ellis,,1976-05-26 16:40:00,CST,1976-05-26 16:40:00,0,0,0,0,25K,0,,F4,Unknown,1.9,33,,,,,32.2,-97.02,32.18,-97.0,,,TX,1976-05-26 17:40:00,1976-05-26 17:40:00,True,True
,10129882,Texas,53,Burnet,,1976-05-26 16:50:00,CST,1976-05-26 16:50:00,0,0,0,0,250K,0,,F1,Unknown,20.4,200,,,,,30.92,-98.32,30.7,-98.08,,,TX,1976-05-26 17:50:00,1976-05-26 17:50:00,True,True
,10129885,Texas,27,Bell,,1976-05-26 17:19:00,CST,1976-05-26 17:19:00,0,0,0,0,0K,0,,F2,Unknown,0.1,33,,,,,31.22,-97.47,,,,,TX,1976-05-26 18:19:00,1976-05-26 18:19:00,True,True
,10129886,Texas,53,Burnet,,1976-05-26 17:25:00,CST,1976-05-26 17:25:00,0,0,0,0,250K,0,,F1,Unknown,3.6,100,,,,,30.73,-98.22,30.7,-98.18,,,TX,1976-05-26 18:25:00,1976-05-26 18:25:00,True,True
,10131614,Texas,399,Runnels,,1976-09-27 20:00:00,CST,1976-09-27 20:00:00,0,0,0,0,25K,0,,F2,Unknown,0.0,33,,,,,31.72,-99.95,,,,,TX,1976-09-27 21:00:00,1976-09-27 21:00:00,True,True
,10132172,Texas,373,Polk,,1976-03-30 13:00:00,CST,1976-03-30 13:00:00,1,0,0,0,2.5M,0,,F2,Unknown,22.1,1300,,,,,30.82,-95.13,30.98,-94.82,,,TX,1976-03-30 13:00:00,1976-03-30 13:00:00,False,False
,10132174,Texas,373,Polk,,1976-03-30 13:20:00,CST,1976-03-30 13:20:00,0,0,0,0,250K,0,,F2,Unknown,26.7,1300,,,,,30.82,-94.82,31.12,-94.53,,,TX,1976-03-30 13:20:00,1976-03-30 13:20:00,False,False
,10132176,Texas,5,Angelina,,1976-03-30 13:45:00,CST,1976-03-30 13:45:00,0,0,0,0,0K,0,,F1,Unknown,0.0,33,,,,,31.08,-94.62,,,,,TX,1976-03-30 13:45:00,1976-03-30 13:45:00,False,False
,10150394,Virginia,43,Clarke,,1976-03-21 10:30:00,CST,1976-03-21 10:30:00,0,0,0,0,25K,0,,,Unknown,0.5,30,,,,,39.1,-78.15,,,,,VA,1976-03-21 10:30:00,1976-03-21 10:30:00,False,False
,10150395,Virginia,113,Madison,,1976-03-21 11:40:00,CST,1976-03-21 11:40:00,0,0,0,0,250K,0,,,Unknown,5.6,33,,,,,38.35,-78.35,38.38,-78.25,,,VA,1976-03-21 11:40:00,1976-03-21 11:40:00,False,False
,10150403,Virginia,550,Chesapeake (C),,1976-04-04 15:00:00,CST,1976-04-04 15:00:00,0,0,0,0,2.5K,0,,,Unknown,1.0,33,,,,,36.82,-76.27,,,,,VA,1976-04-04 15:00:00,1976-04-04 15:00:00,False,False
,10150404,Virginia,9,Amherst,,1976-05-15 14:00:00,CST,1976-05-15 14:00:00,0,0,0,0,2.5K,0,,,Unknown,1.0,33,,,,,37.47,-79.2,,,,,VA,1976-05-15 15:00:00,1976-05-15 15:00:00,True,True
,10150405,Virginia,143,Pittsylvania,,1976-05-15 16:35:00,CST,1976-05-15 16:35:00,0,0,0,0,2.5K,0,,F1,Unknown,1.5,33,,,,,36.88,-79.4,,,,,VA,1976-05-15 17:35:00,1976-05-15 17:35:00,True,True
,10146585,West Virginia,63,Monroe,,1976-07-11 23:45:00,CST,1976-07-11 23:45:00,0,0,0,0,250K,0,,F2,Unknown,4.1,33,,,,,37.6,-80.57,37.55,-80.52,,,WV,1976-07-12 00:45:00,1976-07-12 00:45:00,True,True
,10162710,Wyoming,15,Goshen,,1976-07-12 16:05:00,CST,1976-07-12 16:05:00,0,0,0,0,0K,0,,F0,Unknown,0.0,33,,,,,42.02,-104.52,,,,,WY,1976-07-12 17:05:00,1976-07-12 17:05:00,True,True
,10162711,Wyoming,5,Campbell,,1976-07-12 17:05:00,CST,1976-07-12 17:05:00,0,0,0,0,0K,0,,F0,Unknown,0.0,33,,,,,44.75,-105.75,,,,,WY,1976-07-12 18:05:00,1976-07-12 18:05:00,True,True
,10162712,Wyoming,11,Crook,,1976-07-12 18:00:00,CST,1976-07-12 18:00:00,0,0,0,0,25K,0,,F1,Unknown,0.0,33,,,,,44.3,-104.67,,,,,WY,1976-07-12 19:00:00,1976-07-12 19:00:00,True,True
,10162715,Wyoming,13,Fremont,,1976-08-03 15:36:00,CST,1976-08-03 15:36:00,0,0,0,0,0K,0,,F1,Unknown,0.0,33,,,,,43.07,-107.87,,,,,WY,1976-08-03 16:36:00,1976-08-03 16:36:00,True,True
,10149424,Wisconsin,27,Dodge,,1976-04-15 11:15:00,CST,1976-04-15 11:15:00,0,0,0,0,250K,0,,F1,Unknown,14.1,33,,,,,43.47,-89.0,43.5,-88.72,,,WI,1976-04-15 11:15:00,1976-04-15 11:15:00,False,False
,10151260,Virginia,119,Middlesex,,1976-07-15 17:00:00,CST,1976-07-15 17:00:00,0,0,0,0,0K,0,,F1,Unknown,0.0,33,,,,,37.67,-76.58,,,,,VA,1976-07-15 18:00:00,1976-07-15 18:00:00,True,True
,10162928,Wyoming,31,Platte,,1976-08-04 14:40:00,CST,1976-08-04 14:40:00,0,0,0,0,0K,0,,F1,Unknown,0.0,33,,,,,41.72,-104.82,,,,,WY,1976-08-04 15:40:00,1976-08-04 15:40:00,True,True
,10162929,Wyoming,15,Goshen,,1976-08-08 18:30:00,CST,1976-08-08 18:30:00,0,0,0,0,0K,0,,F0,Unknown,0.0,33,,,,,41.97,-104.57,,,,,WY,1976-08-08 19:30:00,1976-08-08 19:30:00,True,True
,10162932,Wyoming,5,Campbell,,1976-08-15 15:15:00,CST,1976-08-15 15:15:00,0,0,0,0,250K,0,,F1,Unknown,0.0,33,,,,,43.85,-105.5,,,,,WY,1976-08-15 16:15:00,1976-08-15 16:15:00,True,True
,10019464,Indiana,119,Owen,,1976-06-24 21:10:00,CST,1976-06-24 21:10:00,0,0,0,0,250K,0,,F2,Unknown,2.3,100,,,,,39.3,-86.73,39.33,-86.7,,,IN,1976-06-24 22:10:00,1976-06-24 22:10:00,True,True
,10112774,South Dakota,77,Kingsbury,,1976-07-19 17:30:00,CST,1976-07-19 17:30:00,0,0,0,0,250K,0,,F1,Unknown,1.9,10,,,,,44.43,-97.57,44.43,-97.5,,,SD,1976-07-19 18:30:00,1976-07-19 18:30:00,True,True
,10051189,Mississippi,97,Montgomery,,1976-05-13 14:00:00,CST,1976-05-13 14:00:00,4,0,0,0,250K,0,,F2,Unknown,11.4,1320,,,,,33.37,-89.63,33.5,-89.52,,,MS,1976-05-13 15:00:00,1976-05-13 15:00:00,True,True
,10033013,Louisiana,79,Rapides,,1976-03-30 15:55:00,CST,1976-03-30 15:55:00,0,0,0,0,250K,0,,F2,Unknown,1.9,33,,,,,31.5,-92.75,31.5,-92.72,,,LA,1976-03-30 15:55:00,1976-03-30 15:55:00,False,False
,10031561,Kentucky,21,Boyle,,1976-04-21 11:30:00,CST,1976-04-21 11:30:00,0,0,0,0,250K,0,,F1,Unknown,0.1,50,,,,,37.65,-84.67,,,,,KY,1976-04-21 11:30:00,1976-04-21 11:30:00,False,False
,10050809,Mississippi,71,Lafayette,,1976-03-20 16:24:00,CST,1976-03-20 16:24:00,0,0,0,0,25K,0,,F1,Unknown,0.1,133,,,,,34.3,-89.35,,,,,MS,1976-03-20 16:24:00,1976-03-20 16:24:00,False,False
,10048891,Mississippi,101,Newton,,1976-03-29 16:50:00,CST,1976-03-29 16:50:00,8,0,0,0,2.5M,0,,F4,Unknown,26.0,33,,,,,32.28,-89.33,32.37,-88.9,,,MS,1976-03-29 16:50:00,1976-03-29 16:50:00,False,False
,10162704,Wyoming,43,Washakie,,1976-06-17 15:40:00,CST,1976-06-17 15:40:00,0,0,0,0,2.5K,0,,F0,Unknown,0.0,33,,,,,43.97,-107.45,,,,,WY,1976-06-17 16:40:00,1976-06-17 16:40:00,True,True
,9982329,Arkansas,137,Stone,,1976-06-15 18:05:00,CST,1976-06-15 18:05:00,0,0,0,0,2.5K,0,,F1,Unknown,9.9,27,,,,,35.87,-92.28,35.92,-92.12,,,AR,1976-06-15 19:05:00,1976-06-15 19:05:00,True,True
,9995529,Georgia,219,Oconee,,1976-05-28 16:00:00,CST,1976-05-28 16:00:00,0,0,0,0,2.5K,0,,F1,Unknown,0.1,20,,,,,33.82,-83.5,,,,,GA,1976-05-28 17:00:00,1976-05-28 17:00:00,True,True
,10003180,Illinois,31,Cook,,1976-06-13 16:18:00,CST,1976-06-13 16:18:00,23,0,2,0,2.5M,0,,F4,Unknown,3.3,1760,,,,,41.67,-88.0,41.7,-87.93,,,IL,1976-06-13 17:18:00,1976-06-13 17:18:00,True,True
,10003181,Illinois,43,Du Page,,1976-06-13 16:48:00,CST,1976-06-13 16:48:00,0,0,0,0,250K,0,,F4,Unknown,0.0,1760,,,,,41.7,-87.93,41.73,-87.92,,,IL,1976-06-13 16:48:00,1976-06-13 16:48:00,False,False
,10083813,North Dakota,5,Benson,,1976-06-11 16:45:00,CST,1976-06-11 16:45:00,0,0,0,0,0K,0,,F0,Unknown,0.0,33,,,,,48.13,-99.43,,,,,ND,1976-06-11 17:45:00,1976-06-11 17:45:00,True,True
,10083814,North Dakota,41,Hettinger,,1976-06-11 17:30:00,CST,1976-06-11 17:30:00,0,0,0,0,0K,0,,F1,Unknown,1.0,33,,,,,46.35,-102.47,,,,,ND,1976-06-11 18:30:00,1976-06-11 18:30:00,True,True
,10024407,Kansas,51,Ellis,,1976-06-23 15:30:00,CST,1976-06-23 15:30:00,0,0,0,0,25K,0,,F1,Unknown,0.0,33,,,,,38.7,-99.32,,,,,KS,1976-06-23 16:30:00,1976-06-23 16:30:00,True,True
,10117963,Pennsylvania,129,Westmoreland,,1976-07-15 16:00:00,CST,1976-07-15 16:00:00,1,0,0,0,250K,0,,F1,Unknown,0.5,33,,,,,40.08,-79.92,,,,,PA,1976-07-15 17:00:00,1976-07-15 17:00:00,True,True
,10117965,Pennsylvania,19,Butler,,1976-07-23 13:30:00,CST,1976-07-23 13:30:00,0,0,0,0,0K,0,,,Unknown,0.1,33,,,,,41.05,-79.83,,,,,PA,1976-07-23 14:30:00,1976-07-23 14:30:00,True,True
,10117966,Pennsylvania,27,Centre,,1976-07-29 11:30:00,CST,1976-07-29 11:30:00,0,0,0,0,250K,0,,F1,Unknown,0.3,40,,,,,40.72,-77.98,,,,,PA,1976-07-29 12:30:00,1976-07-29 12:30:00,True,True
,10117968,Pennsylvania,81,Lycoming,,1976-07-29 12:45:00,CST,1976-07-29 12:45:00,0,0,0,0,2.5M,0,,F3,Unknown,25.0,150,,,,,41.2,-77.27,41.23,-76.78,,,PA,1976-07-29 13:45:00,1976-07-29 13:45:00,True,True
,10151247,Virginia,109,Louisa,,1976-05-18 12:30:00,CST,1976-05-18 12:30:00,0,0,0,0,2.5K,0,,,Unknown,0.2,40,,,,,38.02,-78.0,,,,,VA,1976-05-18 13:30:00,1976-05-18 13:30:00,True,True
,10151252,Virginia,113,Madison,,1976-06-12 12:45:00,CST,1976-06-12 12:45:00,0,0,0,0,25K,0,,F2,Unknown,0.2,3,,,,,38.33,-78.27,,,,,VA,1976-06-12 13:45:00,1976-06-12 13:45:00,True,True
,10000666,Florida,75,Levy,,1976-05-14 14:15:00,CST,1976-05-14 14:15:00,0,0,0,0,25K,0,,F0,Unknown,0.3,10,,,,,29.48,-82.87,,,,,FL,1976-05-14 15:15:00,1976-05-14 15:15:00,True,True
,10000667,Florida,121,Suwannee,,1976-05-14 15:00:00,CST,1976-05-14 15:00:00,0,0,0,0,25K,0,,F0,Unknown,0.1,10,,,,,30.08,-82.83,,,,,FL,1976-05-14 16:00:00,1976-05-14 16:00:00,True,True
,10000669,Florida,107,Putnam,,1976-05-15 07:30:00,CST,1976-05-15 07:30:00,0,0,0,0,25K,0,,F0,Unknown,0.3,10,,,,,29.48,-81.67,,,,,FL,1976-05-15 08:30:00,1976-05-15 08:30:00,True,True
,10000670,Florida,105,Polk,,1976-05-16 14:00:00,CST,1976-05-16 14:00:00,0,0,0,0,25K,0,,F0,Unknown,0.3,10,,,,,27.75,-81.8,,,,,FL,1976-05-16 15:00:00,1976-05-16 15:00:00,True,True
,10000671,Florida,123,Taylor,,1976-05-16 17:30:00,CST,1976-05-16 17:30:00,0,0,0,0,.03K,0,,F0,Unknown,0.1,10,,,,,30.28,-83.58,,,,,FL,1976-05-16 18:30:00,1976-05-16 18:30:00,True,True
,10000672,Florida,17,Citrus,,1976-05-17 00:05:00,CST,1976-05-17 00:05:00,0,0,0,0,25K,0,,F0,Unknown,0.3,10,,,,,28.9,-82.57,,,,,FL,1976-05-17 01:05:00,1976-05-17 01:05:00,True,True
,10000673,Florida,73,Leon,,1976-05-22 12:00:00,CST,1976-05-22 12:00:00,0,0,0,0,2.5K,0,,F0,Unknown,3.6,10,,,,,30.38,-84.38,30.4,-84.33,,,FL,1976-05-22 13:00:00,1976-05-22 13:00:00,True,True
,10000674,Florida,127,Volusia,,1976-05-22 15:25:00,CST,1976-05-22 15:25:00,0,0,0,0,250K,0,,F0,Unknown,1.0,10,,,,,29.13,-80.98,,,,,FL,1976-05-22 16:25:00,1976-05-22 16:25:00,True,True
,10000675,Florida,57,Hillsborough,,1976-05-23 06:20:00,CST,1976-05-23 06:20:00,2,0,0,0,2.5M,0,,F1,Unknown,9.6,33,,,,,28.0,-82.58,28.03,-82.43,,,FL,1976-05-23 07:20:00,1976-05-23 07:20:00,True,True
,10000679,Florida,127,Volusia,,1976-05-23 10:30:00,CST,1976-05-23 10:30:00,0,0,0,0,.25K,0,,F0,Unknown,0.5,10,,,,,28.95,-81.3,,,,,FL,1976-05-23 11:30:00,1976-05-23 11:30:00,True,True
,10000680,Florida,69,Lake,,1976-05-25 06:50:00,CST,1976-05-25 06:50:00,0,0,0,0,2.5K,0,,F0,Unknown,0.1,10,,,,,28.87,-81.77,,,,,FL,1976-05-25 07:50:00,1976-05-25 07:50:00,True,True
,10000681,Florida,115,Sarasota,,1976-05-28 12:30:00,CST,1976-05-28 12:30:00,0,0,0,0,25K,0,,F0,Unknown,0.3,10,,,,,27.1,-82.45,,,,,FL,1976-05-28 13:30:00,1976-05-28 13:30:00,True,True
,10000682,Florida,99,Palm Beach,,1976-05-29 15:00:00,CST,1976-05-29 15:00:00,0,0,0,0,2.5K,0,,F0,Unknown,0.1,10,,,,,26.75,-80.17,,,,,FL,1976-05-29 16:00:00,1976-05-29 16:00:00,True,True
,10136419,Texas,453,Travis,,1976-03-05 01:15:00,CST,1976-03-05 01:15:00,0,0,0,0,25K,0,,F0,Unknown,0.0,33,,,,,30.18,-97.63,,,,,TX,1976-03-05 01:15:00,1976-03-05 01:15:00,False,False
,10136420,Texas,39,Brazoria,,1976-03-08 13:01:00,CST,1976-03-08 13:01:00,18,0,0,0,2.5M,0,,F3,Unknown,13.4,200,,,,,29.37,-95.43,29.45,-95.23,,,TX,1976-03-08 13:01:00,1976-03-08 13:01:00,False,False
,10136421,Texas,39,Brazoria,,1976-03-08 13:35:00,CST,1976-03-08 13:35:00,0,0,0,0,250K,0,,F1,Unknown,0.0,33,,,,,29.37,-95.27,,,,,TX,1976-03-08 13:35:00,1976-03-08 13:35:00,False,False
,10136422,Texas,167,Galveston,,1976-03-08 14:00:00,CST,1976-03-08 14:00:00,0,0,0,0,25K,0,,F3,Unknown,9.3,200,,,,,29.45,-95.23,29.52,-95.1,,,TX,1976-03-08 14:00:00,1976-03-08 14:00:00,False,False
,10130655,Texas,249,Jim Wells,,1976-05-07 09:40:00,CST,1976-05-07 09:40:00,0,0,0,0,.25K,0,,F2,Unknown,0.0,33,,,,,27.97,-97.93,,,,,TX,1976-05-07 10:40:00,1976-05-07 10:40:00,True,True
,10130656,Texas,355,Nueces,,1976-05-07 09:50:00,CST,1976-05-07 09:50:00,0,0,0,0,0K,0,,F0,Unknown,0.0,33,,,,,27.85,-97.58,,,,,TX,1976-05-07 10:50:00,1976-05-07 10:50:00,True,True
,10130657,Texas,469,Victoria,,1976-05-07 10:50:00,CST,1976-05-07 10:50:00,0,0,0,0,25K,0,,F1,Unknown,5.6,50,,,,,28.87,-96.85,28.9,-96.77,,,TX,1976-05-07 11:50:00,1976-05-07 11:50:00,True,True
,10130659,Texas,239,Jackson,,1976-05-07 11:10:00,CST,1976-05-07 11:10:00,0,0,0,0,25K,0,,F1,Unknown,15.3,33,,,,,28.9,-96.77,28.98,-96.53,,,TX,1976-05-07 12:10:00,1976-05-07 12:10:00,True,True
,10130660,Texas,201,Harris,,1976-05-07 12:15:00,CST,1976-05-07 12:15:00,0,0,0,0,0K,0,,F0,Unknown,0.0,33,,,,,29.78,-95.62,,,,,TX,1976-05-07 13:15:00,1976-05-07 13:15:00,True,True
,10130661,Texas,201,Harris,,1976-05-07 13:15:00,CST,1976-05-07 13:15:00,0,0,0,0,0K,0,,F0,Unknown,0.0,33,,,,,29.72,-95.6,,,,,TX,1976-05-07 14:15:00,1976-05-07 14:15:00,True,True
,10130662,Texas,201,Harris,,1976-05-07 13:21:00,CST,1976-05-07 13:21:00,1,0,0,0,250K,0,,F1,Unknown,13.1,77,,,,,29.62,-95.2,29.77,-95.07,,,TX,1976-05-07 14:21:00,1976-05-07 14:21:00,True,True
,10130665,Texas,291,Liberty,,1976-05-10 12:15:00,CST,1976-05-10 12:15:00,0,0,0,0,0K,0,,F0,Unknown,0.0,33,,,,,30.07,-94.8,,,,,TX,1976-05-10 13:15:00,1976-05-10 13:15:00,True,True
,10145782,Wisconsin,141,Wood,,1976-06-13 18:40:00,CST,1976-06-13 18:40:00,0,0,0,0,2.5K,0,,F1,Unknown,11.3,100,,,,,44.38,-89.93,44.5,-89.77,,,WI,1976-06-13 19:40:00,1976-06-13 19:40:00,True,True
,10006932,Illinois,163,St. Clair,,1976-03-20 12:25:00,CST,1976-03-20 12:25:00,0,0,0,0,250K,0,,F2,Unknown,8.7,250,,,,,38.32,-89.83,38.37,-89.68,,,IL,1976-03-20 12:25:00,1976-03-20 12:25:00,False,False
,10006936,Illinois,189,Washington,,1976-03-20 12:35:00,CST,1976-03-20 12:35:00,0,0,0,0,250K,0,,F2,Unknown,29.0,33,,,,,38.37,-89.68,38.48,-89.17,,,IL,1976-03-20 12:35:00,1976-03-20 12:35:00,False,False
,10006937,Illinois,121,Marion,,1976-03-20 12:45:00,CST,1976-03-20 12:45:00,0,0,0,0,250K,0,,F2,Unknown,1.3,33,,,,,38.48,-89.17,38.5,-89.13,,,IL,1976-03-20 12:45:00,1976-03-20 12:45:00,False,False
,10128490,Texas,35,Bosque,,1976-05-25 13:15:00,CST,1976-05-25 13:15:00,0,0,0,0,25K,0,,F2,Unknown,4.1,33,,,,,31.67,-97.47,31.63,-97.42,,,TX,1976-05-25 14:15:00,1976-05-25 14:15:00,True,True
,10128491,Texas,309,Mclennan,,1976-05-25 13:20:00,CST,1976-05-25 13:20:00,0,0,0,0,25K,0,,F2,Unknown,9.7,33,,,,,31.63,-97.42,31.5,-97.37,,,TX,1976-05-25 13:20:00,1976-05-25 13:20:00,False,False
,10128492,Texas,309,Mclennan,,1976-05-25 13:30:00,CST,1976-05-25 13:30:00,0,0,0,0,25K,0,,F2,Unknown,0.2,100,,,,,31.65,-97.32,,,,,TX,1976-05-25 13:30:00,1976-05-25 13:30:00,False,False
,10128493,Texas,217,Hill,,1976-05-25 13:30:00,CST,1976-05-25 13:30:00,0,0,0,0,25K,0,,F3,Unknown,0.1,33,,,,,32.0,-97.13,,,,,TX,1976-05-25 14:30:00,1976-05-25 14:30:00,True,True
,10128497,Texas,441,Taylor,,1976-05-25 15:00:00,CST,1976-05-25 15:00:00,1,0,0,0,2.5M,0,,F3,Unknown,4.3,300,,,,,32.5,-99.65,32.48,-99.58,,,TX,1976-05-25 16:00:00,1976-05-25 16:00:00,True,True
,10128498,Texas,293,Limestone,,1976-05-25 15:15:00,CST,1976-05-25 15:15:00,0,0,0,0,25K,0,,F2,Unknown,0.1,33,,,,,31.68,-96.5,,,,,TX,1976-05-25 16:15:00,1976-05-25 16:15:00,True,True
,10128499,Texas,59,Callahan,,1976-05-25 15:15:00,CST,1976-05-25 15:15:00,0,0,0,0,2.5M,0,,F3,Unknown,10.8,300,,,,,32.48,-99.58,32.47,-99.4,,,TX,1976-05-25 16:15:00,1976-05-25 16:15:00,True,True
,10128506,Texas,299,Llano,,1976-05-25 18:30:00,CST,1976-05-25 18:30:00,0,0,0,0,0K,0,,,Unknown,0.0,33,,,,,30.92,-98.45,,,,,TX,1976-05-25 19:30:00,1976-05-25 19:30:00,True,True
,10128508,Texas,53,Burnet,,1976-05-25 19:10:00,CST,1976-05-25 19:10:00,0,0,0,0,250K,0,,F1,Unknown,3.8,150,,,,,30.85,-98.22,30.8,-98.2,,,TX,1976-05-25 20:10:00,1976-05-25 20:10:00,True,True
,10014923,Iowa,49,Dallas,,1976-06-13 13:58:00,CST,1976-06-13 13:58:00,0,0,0,0,250K,0,,F3,Unknown,8.8,100,,,,,41.72,-94.1,41.85,-94.07,,,IA,1976-06-13 14:58:00,1976-06-13 14:58:00,True,True
,10014924,Iowa,15,Boone,,1976-06-13 14:10:00,CST,1976-06-13 14:10:00,9,0,0,0,25M,0,,F5,Unknown,14.0,880,,,,,41.93,-93.87,42.1,-93.7,,,IA,1976-06-13 15:10:00,1976-06-13 15:10:00,True,True
,10014925,Iowa,15,Boone,,1976-06-13 14:15:00,CST,1976-06-13 14:15:00,0,0,0,0,250K,0,,F3,Unknown,9.1,33,,,,,41.85,-94.07,41.98,-94.02,,,IA,1976-06-13 15:15:00,1976-06-13 15:15:00,True,True
,10000689,Florida,33,Escambia,,1976-06-03 10:00:00,CST,1976-06-03 10:00:00,0,0,0,0,2.5K,0,,F0,Unknown,0.1,20,,,,,30.45,-87.03,,,,,FL,1976-06-03 11:00:00,1976-06-03 11:00:00,True,True
,10000690,Florida,57,Hillsborough,,1976-06-04 18:00:00,CST,1976-06-04 18:00:00,0,0,0,0,25K,0,,F1,Unknown,0.1,20,,,,,27.98,-82.38,,,,,FL,1976-06-04 19:00:00,1976-06-04 19:00:00,True,True
,10000697,Florida,115,Sarasota,,1976-06-27 17:50:00,CST,1976-06-27 17:50:00,0,0,0,0,2.5K,0,,F0,Unknown,0.1,20,,,,,27.33,-82.53,,,,,FL,1976-06-27 18:50:00,1976-06-27 18:50:00,True,True
,10000698,Florida,101,Pasco,,1976-06-27 17:50:00,CST,1976-06-27 17:50:00,0,0,0,0,0K,0,,F0,Unknown,0.1,20,,,,,28.23,-82.18,,,,,FL,1976-06-27 18:50:00,1976-06-27 18:50:00,True,True
,10000699,Florida,57,Hillsborough,,1976-06-28 13:34:00,CST,1976-06-28 13:34:00,0,0,0,0,0K,0,,F0,Unknown,0.1,20,,,,,28.32,-82.33,,,,,FL,1976-06-28 14:34:00,1976-06-28 14:34:00,True,True
,10000701,Florida,21,Collier,,1976-06-28 16:30:00,CST,1976-06-28 16:30:00,0,0,0,0,2.5K,0,,F1,Unknown,0.1,30,,,,,26.38,-81.45,,,,,FL,1976-06-28 17:30:00,1976-06-28 17:30:00,True,True
,10000703,Florida,101,Pasco,,1976-07-01 14:35:00,CST,1976-07-01 14:35:00,0,0,0,0,2.5K,0,,F0,Unknown,0.1,20,,,,,28.37,-82.18,,,,,FL,1976-07-01 15:35:00,1976-07-01 15:35:00,True,True
,10000691,Florida,105,Polk,,1976-06-08 19:00:00,CST,1976-06-08 19:00:00,0,0,0,0,250K,0,,F1,Unknown,0.1,30,,,,,28.12,-81.62,,,,,FL,1976-06-08 20:00:00,1976-06-08 20:00:00,True,True
,10000694,Florida,31,Duval,,1976-06-22 13:50:00,CST,1976-06-22 13:50:00,0,0,0,0,2.5K,0,,F1,Unknown,0.1,30,,,,,30.42,-81.58,,,,,FL,1976-06-22 14:50:00,1976-06-22 14:50:00,True,True
,10128239,Texas,319,Mason,,1976-05-23 17:15:00,CST,1976-05-23 17:15:00,0,0,0,0,25K,0,,F1,Unknown,5.4,100,,,,,30.58,-99.0,30.53,-98.93,,,TX,1976-05-23 18:15:00,1976-05-23 18:15:00,True,True
,10128240,Texas,299,Llano,,1976-05-23 17:20:00,CST,1976-05-23 17:20:00,0,0,0,0,250K,0,,F1,Unknown,2.0,100,,,,,30.55,-98.93,,,,,TX,1976-05-23 18:20:00,1976-05-23 18:20:00,True,True
,10132142,Texas,113,Dallas,,1976-03-26 14:30:00,CST,1976-03-26 14:30:00,0,0,0,0,.25K,0,,F1,Unknown,0.0,33,,,,,32.53,-96.87,,,,,TX,1976-03-26 14:30:00,1976-03-26 14:30:00,False,False
,10006918,Illinois,93,Kendall,,1976-03-12 12:50:00,CST,1976-03-12 12:50:00,0,0,0,0,2.5M,0,,F3,Unknown,7.8,30,,,,,41.63,-88.35,41.72,-88.23,,,IL,1976-03-12 12:50:00,1976-03-12 12:50:00,False,False
,10006919,Illinois,43,Du Page,,1976-03-12 12:57:00,CST,1976-03-12 12:57:00,3,0,0,0,2.5M,0,,F3,Unknown,14.8,30,,,,,41.72,-88.23,41.85,-88.0,,,IL,1976-03-12 12:57:00,1976-03-12 12:57:00,False,False
,10006924,Illinois,43,Du Page,,1976-03-12 13:20:00,CST,1976-03-12 13:20:00,25,0,0,0,2.5M,0,,F2,Unknown,0.0,150,,,,,41.92,-87.92,41.93,-87.9,,,IL,1976-03-12 13:20:00,1976-03-12 13:20:00,False,False
,10006925,Illinois,31,Cook,,1976-03-12 13:25:00,CST,1976-03-12 13:25:00,41,0,2,0,2.5M,0,,F2,Unknown,15.1,150,,,,,41.93,-87.9,42.1,-87.7,,,IL,1976-03-12 13:25:00,1976-03-12 13:25:00,False,False
,10006926,Illinois,91,Kankakee,,1976-03-12 13:35:00,CST,1976-03-12 13:35:00,0,0,0,0,250K,0,,F3,Unknown,10.0,150,,,,,41.0,-87.7,41.08,-87.53,,,IL,1976-03-12 13:35:00,1976-03-12 13:35:00,False,False
,10006929,Illinois,135,Montgomery,,1976-03-20 12:05:00,CST,1976-03-20 12:05:00,4,0,0,0,250K,0,,F3,Unknown,8.8,27,,,,,39.42,-89.67,39.43,-89.5,,,IL,1976-03-20 12:05:00,1976-03-20 12:05:00,False,False
,10006930,Illinois,21,Christian,,1976-03-20 12:12:00,CST,1976-03-20 12:12:00,0,0,0,0,250K,0,,F3,Unknown,0.0,27,,,,,39.47,-89.53,39.48,-89.5,,,IL,1976-03-20 12:12:00,1976-03-20 12:12:00,False,False
,10000685,Florida,33,Escambia,,1976-06-01 20:30:00,CST,1976-06-01 20:30:00,0,0,0,0,25K,0,,F1,Unknown,0.1,20,,,,,30.47,-87.18,,,,,FL,1976-06-01 21:30:00,1976-06-01 21:30:00,True,True
,10011163,Illinois,11,Bureau,,1976-03-04 18:25:00,CST,1976-03-04 18:25:00,0,0,0,0,250K,0,,F3,Unknown,0.8,100,,,,,41.2,-89.57,,,,,IL,1976-03-04 18:25:00,1976-03-04 18:25:00,False,False
,10128395,Texas,169,Garza,,1976-04-14 17:55:00,CST,1976-04-14 17:55:00,0,0,0,0,0K,0,,F0,Unknown,2.0,30,,,,,33.08,-101.38,,,,,TX,1976-04-14 17:55:00,1976-04-14 17:55:00,False,False
,10128399,Texas,125,Dickens,,1976-04-14 20:20:00,CST,1976-04-14 20:20:00,0,0,0,0,.25K,0,,F1,Unknown,2.0,30,,,,,33.48,-100.85,,,,,TX,1976-04-14 20:20:00,1976-04-14 20:20:00,False,False
,10128401,Texas,117,Deaf Smith,,1976-04-15 12:25:00,CST,1976-04-15 12:25:00,0,0,0,0,25K,0,,F1,Unknown,0.5,30,,,,,34.82,-102.4,,,,,TX,1976-04-15 12:25:00,1976-04-15 12:25:00,False,False
,10129906,Texas,157,Fort Bend,,1976-05-26 22:35:00,CST,1976-05-26 22:35:00,0,0,0,0,0K,0,,,Unknown,0.0,33,,,,,29.62,-95.57,,,,,TX,1976-05-26 23:35:00,1976-05-26 23:35:00,True,True
,10129907,Texas,447,Throckmorton,,1976-05-30 16:00:00,CST,1976-05-30 16:00:00,0,0,0,0,2.5K,0,,F1,Unknown,0.0,33,,,,,33.12,-99.18,,,,,TX,1976-05-30 17:00:00,1976-05-30 17:00:00,True,True
,10129917,Texas,307,Mcculloch,,1976-05-30 19:15:00,CST,1976-05-30 19:15:00,0,0,0,0,250K,0,,F3,Unknown,3.6,500,,,,,31.23,-99.43,31.2,-99.4,,,TX,1976-05-30 19:15:00,1976-05-30 19:15:00,False,False
,10129922,Texas,147,Fannin,,1976-05-30 20:30:00,CST,1976-05-30 20:30:00,0,0,0,0,0K,0,,F1,Unknown,0.1,33,,,,,33.88,-96.33,,,,,TX,1976-05-30 21:30:00,1976-05-30 21:30:00,True,True
,10129923,Texas,397,Rockwall,,1976-05-30 20:55:00,CST,1976-05-30 20:55:00,0,0,0,0,0K,0,,F1,Unknown,0.1,33,,,,,33.02,-96.45,,,,,TX,1976-05-30 21:55:00,1976-05-30 21:55:00,True,True
,10129924,Texas,197,Hardeman,,1976-05-30 21:00:00,CST,1976-05-30 21:00:00,0,0,0,0,0K,0,,F1,Unknown,0.1,33,,,,,34.23,-99.68,,,,,TX,1976-05-30 22:00:00,1976-05-30 22:00:00,True,True
,10128404,Texas,303,Lubbock,,1976-04-15 14:05:00,CST,1976-04-15 14:05:00,0,0,0,0,.25K,0,,F0,Unknown,0.0,33,,,,,33.43,-101.82,,,,,TX,1976-04-15 14:05:00,1976-04-15 14:05:00,False,False
,10128406,Texas,195,Hansford,,1976-04-15 14:30:00,CST,1976-04-15 14:30:00,0,0,0,0,0K,0,,F0,Unknown,0.0,33,,,,,36.2,-101.0,,,,,TX,1976-04-15 14:30:00,1976-04-15 14:30:00,False,False
,9995487,Georgia,39,Camden,,1976-03-09 14:00:00,CST,1976-03-09 14:00:00,0,0,0,0,250K,0,,F1,Unknown,3.3,100,,,,,30.73,-81.55,30.75,-81.5,,,GA,1976-03-09 14:00:00,1976-03-09 14:00:00,False,False
,10130691,Texas,459,Upshur,,1976-05-12 19:12:00,CST,1976-05-12 19:12:00,0,0,0,0,0K,0,,F1,Unknown,0.1,33,,,,,32.8,-94.93,,,,,TX,1976-05-12 20:12:00,1976-05-12 20:12:00,True,True
,10130692,Texas,453,Travis,,1976-05-12 19:50:00,CST,1976-05-12 19:50:00,0,0,0,0,0K,0,,F1,Unknown,1.2,50,,,,,30.37,-97.77,,,,,TX,1976-05-12 20:50:00,1976-05-12 20:50:00,True,True
,10130695,Texas,401,Rusk,,1976-05-14 12:50:00,CST,1976-05-14 12:50:00,0,0,0,0,0K,0,,F1,Unknown,0.1,33,,,,,32.35,-94.65,,,,,TX,1976-05-14 13:50:00,1976-05-14 13:50:00,True,True
,10129512,Texas,341,Moore,,1976-04-19 14:55:00,CST,1976-04-19 14:55:00,0,0,0,0,0K,0,,F0,Unknown,0.0,33,,,,,35.68,-102.0,,,,,TX,1976-04-19 14:55:00,1976-04-19 14:55:00,False,False
,10129514,Texas,97,Cooke,,1976-04-19 17:20:00,CST,1976-04-19 17:20:00,0,0,0,0,.03K,0,,F1,Unknown,0.1,33,,,,,33.65,-97.15,,,,,TX,1976-04-19 17:20:00,1976-04-19 17:20:00,False,False
,10129515,Texas,337,Montague,,1976-04-19 17:30:00,CST,1976-04-19 17:30:00,2,0,0,0,250K,0,,F3,Unknown,10.4,373,,,,,33.75,-97.58,33.9,-97.57,,,TX,1976-04-19 17:30:00,1976-04-19 17:30:00,False,False
,10129516,Texas,49,Brown,,1976-04-19 17:30:00,CST,1976-04-19 17:30:00,11,0,0,0,2.5M,0,,F5,Unknown,10.5,440,,,,,31.72,-99.07,31.82,-98.93,,,TX,1976-04-19 17:30:00,1976-04-19 17:30:00,False,False
,10129517,Texas,93,Comanche,,1976-04-19 18:15:00,CST,1976-04-19 18:15:00,0,0,0,0,0K,0,,F3,Unknown,2.2,250,,,,,32.07,-98.88,,,,,TX,1976-04-19 18:15:00,1976-04-19 18:15:00,False,False
,10129518,Texas,143,Erath,,1976-04-19 19:30:00,CST,1976-04-19 19:30:00,0,0,0,0,25K,0,,F2,Unknown,11.1,300,,,,,32.0,-98.42,32.03,-98.23,,,TX,1976-04-19 19:30:00,1976-04-19 19:30:00,False,False
,10129521,Texas,221,Hood,,1976-04-19 20:28:00,CST,1976-04-19 20:28:00,0,0,0,0,0K,0,,F2,Unknown,0.2,33,,,,,32.45,-97.82,,,,,TX,1976-04-19 20:28:00,1976-04-19 20:28:00,False,False
,10129524,Texas,221,Hood,,1976-04-19 20:55:00,CST,1976-04-19 20:55:00,0,0,0,0,0K,0,,F2,Unknown,0.2,33,,,,,32.52,-97.78,,,,,TX,1976-04-19 20:55:00,1976-04-19 20:55:00,False,False
,10129527,Texas,439,Tarrant,,1976-04-19 22:55:00,CST,1976-04-19 22:55:00,0,0,0,0,0K,0,,F2,Unknown,0.1,33,,,,,32.62,-97.28,,,,,TX,1976-04-19 22:55:00,1976-04-19 22:55:00,False,False
,10130697,Texas,401,Rusk,,1976-05-14 13:05:00,CST,1976-05-14 13:05:00,0,0,0,0,0K,0,,F1,Unknown,0.1,33,,,,,32.32,-94.65,,,,,TX,1976-05-14 14:05:00,1976-05-14 14:05:00,True,True
,10129528,Texas,497,Wise,,1976-04-19 23:00:00,CST,1976-04-19 23:00:00,0,0,0,0,0K,0,,F1,Unknown,0.1,33,,,,,33.22,-97.88,,,,,TX,1976-04-19 23:00:00,1976-04-19 23:00:00,False,False
,10129530,Texas,251,Johnson,,1976-04-20 00:20:00,CST,1976-04-20 00:20:00,0,0,0,0,0K,0,,F1,Unknown,0.1,33,,,,,32.25,-97.2,,,,,TX,1976-04-20 00:20:00,1976-04-20 00:20:00,False,False
,10129531,Texas,99,Coryell,,1976-04-20 00:20:00,CST,1976-04-20 00:20:00,0,0,0,0,0K,0,,F2,Unknown,0.1,33,,,,,31.13,-97.92,,,,,TX,1976-04-20 00:20:00,1976-04-20 00:20:00,False,False
,10129534,Texas,147,Fannin,,1976-04-20 01:30:00,CST,1976-04-20 01:30:00,0,0,0,0,0K,0,,F1,Unknown,0.1,33,,,,,33.58,-96.18,,,,,TX,1976-04-20 01:30:00,1976-04-20 01:30:00,False,False
,10129559,Texas,329,Midland,,1976-04-26 21:00:00,CST,1976-04-26 21:00:00,0,0,0,0,250K,0,,F1,Unknown,0.0,33,,,,,31.87,-102.2,,,,,TX,1976-04-26 22:00:00,1976-04-26 22:00:00,True,True
,10129561,Texas,341,Moore,,1976-04-27 19:00:00,CST,1976-04-27 19:00:00,0,0,0,0,0K,0,,F0,Unknown,0.0,33,,,,,36.07,-101.97,,,,,TX,1976-04-27 20:00:00,1976-04-27 20:00:00,True,True
,10129563,Texas,355,Nueces,,1976-04-28 06:44:00,CST,1976-04-28 06:44:00,0,0,0,0,2.5K,0,,F2,Unknown,0.5,30,,,,,27.58,-97.8,,,,,TX,1976-04-28 07:44:00,1976-04-28 07:44:00,True,True
,10023258,Kansas,7,Barber,,1976-03-11 16:40:00,CST,1976-03-11 16:40:00,0,0,0,0,2.5K,0,,F1,Unknown,1.0,20,,,,,37.02,-98.57,,,,,KS,1976-03-11 16:40:00,1976-03-11 16:40:00,False,False
,10130643,Texas,503,Young,,1976-05-05 20:20:00,CST,1976-05-05 20:20:00,0,0,0,0,0K,0,,F1,Unknown,0.1,33,,,,,33.1,-98.68,,,,,TX,1976-05-05 21:20:00,1976-05-05 21:20:00,True,True
,10128168,Texas,55,Caldwell,,1976-04-07 17:30:00,CST,1976-04-07 17:30:00,0,0,0,0,.25K,0,,F0,Unknown,0.1,7,,,,,29.97,-97.75,,,,,TX,1976-04-07 17:30:00,1976-04-07 17:30:00,False,False
,10128171,Texas,87,Collingsworth,,1976-04-07 17:50:00,CST,1976-04-07 17:50:00,0,0,0,0,0K,0,,F0,Unknown,0.0,33,,,,,34.85,-100.33,,,,,TX,1976-04-07 17:50:00,1976-04-07 17:50:00,False,False
,10131343,Texas,409,San Patricio,,1976-07-09 08:05:00,CST,1976-07-09 08:05:00,0,0,0,0,0K,0,,F1,Unknown,0.0,33,,,,,27.88,-97.22,,,,,TX,1976-07-09 09:05:00,1976-07-09 09:05:00,True,True
,10131344,Texas,409,San Patricio,,1976-07-09 08:27:00,CST,1976-07-09 08:27:00,0,0,0,0,25K,0,,F1,Unknown,0.0,33,,,,,27.87,-97.33,,,,,TX,1976-07-09 09:27:00,1976-07-09 09:27:00,True,True
,10131345,Texas,409,San Patricio,,1976-07-14 13:25:00,CST,1976-07-14 13:25:00,0,0,0,0,0K,0,,F0,Unknown,0.0,33,,,,,27.9,-97.25,,,,,TX,1976-07-14 14:25:00,1976-07-14 14:25:00,True,True
,10131346,Texas,355,Nueces,,1976-07-14 13:45:00,CST,1976-07-14 13:45:00,0,0,0,0,2.5K,0,,F1,Unknown,0.0,33,,,,,27.67,-97.75,,,,,TX,1976-07-14 14:45:00,1976-07-14 14:45:00,True,True
,10131347,Texas,481,Wharton,,1976-07-14 14:35:00,CST,1976-07-14 14:35:00,0,0,0,0,0K,0,,,Unknown,0.0,33,,,,,29.08,-96.08,,,,,TX,1976-07-14 15:35:00,1976-07-14 15:35:00,True,True
,10131348,Texas,43,Brewster,,1976-07-15 11:12:00,CST,1976-07-15 11:12:00,0,0,0,0,0K,0,,F0,Unknown,0.2,10,,,,,30.37,-103.67,,,,,TX,1976-07-15 12:12:00,1976-07-15 12:12:00,True,True
,10131349,Texas,243,Jeff Davis,,1976-07-15 12:09:00,CST,1976-07-15 12:09:00,0,0,0,0,0K,0,,F0,Unknown,0.3,10,,,,,30.5,-103.85,,,,,TX,1976-07-15 13:09:00,1976-07-15 13:09:00,True,True
,10014968,Iowa,153,Polk,,1976-07-28 01:23:00,CST,1976-07-28 01:23:00,0,0,0,0,25K,0,,F2,Unknown,1.2,100,,,,,41.52,-93.35,,,,,IA,1976-07-28 02:23:00,1976-07-28 02:23:00,True,True
,10014951,Iowa,155,Pottawattamie,,1976-06-26 17:15:00,CST,1976-06-26 17:15:00,6,0,0,0,2.5M,0,,F4,Unknown,5.1,200,,,,,41.45,-95.6,41.48,-95.5,,,IA,1976-06-26 18:15:00,1976-06-26 18:15:00,True,True
,10130687,Texas,367,Parker,,1976-05-12 17:00:00,CST,1976-05-12 17:00:00,0,0,0,0,0K,0,,F1,Unknown,0.1,33,,,,,32.75,-98.02,,,,,TX,1976-05-12 18:00:00,1976-05-12 18:00:00,True,True
,10130688,Texas,367,Parker,,1976-05-12 17:15:00,CST,1976-05-12 17:15:00,0,0,0,0,250K,0,,F2,Unknown,2.0,100,,,,,32.75,-97.83,,,,,TX,1976-05-12 18:15:00,1976-05-12 18:15:00,True,True
,10130689,Texas,367,Parker,,1976-05-12 17:20:00,CST,1976-05-12 17:20:00,0,0,0,0,250K,0,,F2,Unknown,2.0,100,,,,,32.72,-97.85,,,,,TX,1976-05-12 18:20:00,1976-05-12 18:20:00,True,True
,9995839,Georgia,71,Colquitt,,1976-08-13 15:35:00,CST,1976-08-13 15:35:00,0,0,0,0,25K,0,,F1,Unknown,0.8,33,,,,,31.12,-83.72,,,,,GA,1976-08-13 16:35:00,1976-08-13 16:35:00,True,True
,10134469,Texas,347,Nacogdoches,,1976-01-25 02:10:00,CST,1976-01-25 02:10:00,0,0,0,0,25K,0,,,Unknown,0.0,33,,,,,31.6,-94.85,,,,,TX,1976-01-25 02:10:00,1976-01-25 02:10:00,False,False
,10134473,Texas,419,Shelby,,1976-02-17 16:00:00,CST,1976-02-17 16:00:00,0,0,0,0,.25K,0,,F2,Unknown,23.1,50,,,,,31.72,-94.23,31.92,-93.92,,,TX,1976-02-17 16:00:00,1976-02-17 16:00:00,False,False
,10132331,Texas,439,Tarrant,,1976-07-04 18:30:00,CST,1976-07-04 18:30:00,0,0,0,0,0K,0,,F0,Unknown,0.0,33,,,,,32.9,-97.08,,,,,TX,1976-07-04 19:30:00,1976-07-04 19:30:00,True,True
,10132332,Texas,113,Dallas,,1976-07-04 20:00:00,CST,1976-07-04 20:00:00,0,0,0,0,2.5K,0,,,Unknown,0.0,33,,,,,32.95,-96.72,,,,,TX,1976-07-04 21:00:00,1976-07-04 21:00:00,True,True
,10132333,Texas,439,Tarrant,,1976-07-04 20:12:00,CST,1976-07-04 20:12:00,0,0,0,0,0K,0,,F0,Unknown,0.0,33,,,,,32.85,-97.23,,,,,TX,1976-07-04 21:12:00,1976-07-04 21:12:00,True,True
,10132334,Texas,245,Jefferson,,1976-07-07 05:55:00,CST,1976-07-07 05:55:00,0,0,0,0,0K,0,,F0,Unknown,0.0,33,,,,,29.88,-93.98,,,,,TX,1976-07-07 06:55:00,1976-07-07 06:55:00,True,True
,10132335,Texas,355,Nueces,,1976-07-08 11:36:00,CST,1976-07-08 11:36:00,0,0,0,0,25K,0,,F1,Unknown,1.0,50,,,,,27.65,-97.27,,,,,TX,1976-07-08 12:36:00,1976-07-08 12:36:00,True,True
,10132336,Texas,47,Brooks,,1976-07-08 14:00:00,CST,1976-07-08 14:00:00,0,0,0,0,0K,0,,F1,Unknown,0.0,33,,,,,27.23,-98.12,,,,,TX,1976-07-08 15:00:00,1976-07-08 15:00:00,True,True
,10132337,Texas,355,Nueces,,1976-07-08 17:30:00,CST,1976-07-08 17:30:00,0,0,0,0,0K,0,,F0,Unknown,0.0,33,,,,,27.7,-97.28,,,,,TX,1976-07-08 18:30:00,1976-07-08 18:30:00,True,True
,10129081,Texas,121,Denton,,1976-05-26 13:32:00,CST,1976-05-26 13:32:00,0,0,0,0,0K,0,,F1,Unknown,0.1,33,,,,,33.27,-97.33,,,,,TX,1976-05-26 14:32:00,1976-05-26 14:32:00,True,True
,10129083,Texas,251,Johnson,,1976-05-26 14:30:00,CST,1976-05-26 14:30:00,0,0,0,0,2.5K,0,,F1,Unknown,0.1,50,,,,,32.5,-97.63,,,,,TX,1976-05-26 15:30:00,1976-05-26 15:30:00,True,True
,10129084,Texas,251,Johnson,,1976-05-26 14:45:00,CST,1976-05-26 14:45:00,0,0,0,0,.25K,0,,F1,Unknown,0.5,50,,,,,32.35,-97.4,,,,,TX,1976-05-26 15:45:00,1976-05-26 15:45:00,True,True
,10129085,Texas,253,Jones,,1976-05-26 15:00:00,CST,1976-05-26 15:00:00,0,0,0,0,250K,0,,F3,Unknown,1.0,300,,,,,32.52,-99.65,,,,,TX,1976-05-26 16:00:00,1976-05-26 16:00:00,True,True
,10129086,Texas,251,Johnson,,1976-05-26 15:12:00,CST,1976-05-26 15:12:00,0,0,0,0,25K,0,,F3,Unknown,3.8,100,,,,,32.4,-97.45,32.35,-97.43,,,TX,1976-05-26 16:12:00,1976-05-26 16:12:00,True,True
,10130668,Texas,167,Galveston,,1976-05-10 17:20:00,CST,1976-05-10 17:20:00,0,0,0,0,25K,0,,F1,Unknown,2.0,50,,,,,29.4,-95.2,,,,,TX,1976-05-10 18:20:00,1976-05-10 18:20:00,True,True
,10032970,Louisiana,31,De Soto,,1976-02-17 17:05:00,CST,1976-02-17 17:05:00,3,0,0,0,250K,0,,F2,Unknown,14.2,50,,,,,31.92,-93.92,32.03,-93.72,,,LA,1976-02-17 17:05:00,1976-02-17 17:05:00,False,False
,10032979,Louisiana,105,Tangipahoa,,1976-02-21 09:10:00,CST,1976-02-21 09:10:00,0,0,0,0,25K,0,,F1,Unknown,4.1,100,,,,,30.42,-90.4,30.45,-90.35,,,LA,1976-02-21 09:10:00,1976-02-21 09:10:00,False,False
,10032984,Louisiana,83,Richland,,1976-03-20 18:15:00,CST,1976-03-20 18:15:00,0,0,0,0,250K,0,,F2,Unknown,17.0,67,,,,,32.48,-91.85,32.58,-91.58,,,LA,1976-03-20 18:15:00,1976-03-20 18:15:00,False,False
,10032985,Louisiana,123,West Carroll,,1976-03-20 18:15:00,CST,1976-03-20 18:15:00,32,0,0,0,2.5M,0,,F3,Unknown,2.3,50,,,,,32.98,-91.32,33.0,-91.3,,,LA,1976-03-20 18:15:00,1976-03-20 18:15:00,False,False
,10032988,Louisiana,123,West Carroll,,1976-03-20 18:35:00,CST,1976-03-20 18:35:00,0,0,0,0,25K,0,,F1,Unknown,0.0,33,,,,,32.87,-91.38,,,,,LA,1976-03-20 18:35:00,1976-03-20 18:35:00,False,False
,10032992,Louisiana,53,Jefferson Davis,,1976-03-24 18:00:00,CST,1976-03-24 18:00:00,0,0,0,0,25K,0,,F2,Unknown,0.5,27,,,,,30.43,-92.7,,,,,LA,1976-03-24 18:00:00,1976-03-24 18:00:00,False,False
,10132325,Texas,355,Nueces,,1976-06-25 11:25:00,CST,1976-06-25 11:25:00,0,0,0,0,0K,0,,,Unknown,0.0,33,,,,,27.8,-97.9,,,,,TX,1976-06-25 12:25:00,1976-06-25 12:25:00,True,True
,10130679,Texas,291,Liberty,,1976-05-12 14:15:00,CST,1976-05-12 14:15:00,0,0,0,0,0K,0,,,Unknown,0.0,33,,,,,30.07,-94.8,,,,,TX,1976-05-12 15:15:00,1976-05-12 15:15:00,True,True
,10145784,Wisconsin,97,Portage,,1976-06-13 19:00:00,CST,1976-06-13 19:00:00,0,0,0,0,2.5K,0,,F2,Unknown,0.3,50,,,,,44.45,-89.52,,,,,WI,1976-06-13 20:00:00,1976-06-13 20:00:00,True,True
,10132293,Texas,347,Nacogdoches,,1976-05-31 21:00:00,CST,1976-05-31 21:00:00,0,0,0,0,2.5K,0,,F1,Unknown,0.1,33,,,,,31.6,-94.67,,,,,TX,1976-05-31 22:00:00,1976-05-31 22:00:00,True,True
,10132298,Texas,61,Cameron,,1976-06-04 09:35:00,CST,1976-06-04 09:35:00,0,0,0,0,0K,0,,,Unknown,0.0,33,,,,,26.0,-97.15,,,,,TX,1976-06-04 10:35:00,1976-06-04 10:35:00,True,True
,10132301,Texas,245,Jefferson,,1976-06-06 18:50:00,CST,1976-06-06 18:50:00,0,0,0,0,25K,0,,F1,Unknown,3.6,50,,,,,30.0,-93.93,29.98,-93.98,,,TX,1976-06-06 19:50:00,1976-06-06 19:50:00,True,True
,10132302,Texas,389,Reeves,,1976-06-13 15:15:00,CST,1976-06-13 15:15:00,1,0,0,0,0K,0,,F0,Unknown,0.1,10,,,,,30.88,-103.57,,,,,TX,1976-06-13 16:15:00,1976-06-13 16:15:00,True,True
,10131563,Texas,107,Crosby,,1976-07-16 18:25:00,CST,1976-07-16 18:25:00,0,0,0,0,0K,0,,F0,Unknown,0.2,10,,,,,33.63,-101.33,,,,,TX,1976-07-16 19:25:00,1976-07-16 19:25:00,True,True
,10131564,Texas,401,Rusk,,1976-07-18 17:30:00,CST,1976-07-18 17:30:00,0,0,0,0,2.5K,0,,,Unknown,0.0,33,,,,,31.97,-94.85,,,,,TX,1976-07-18 18:30:00,1976-07-18 18:30:00,True,True
,10129537,Texas,5,Angelina,,1976-04-20 04:58:00,CST,1976-04-20 04:58:00,0,0,0,0,0K,0,,F1,Unknown,0.1,33,,,,,31.35,-94.78,,,,,TX,1976-04-20 04:58:00,1976-04-20 04:58:00,False,False
,10129540,Texas,355,Nueces,,1976-04-20 07:55:00,CST,1976-04-20 07:55:00,0,0,0,0,2.5K,0,,F1,Unknown,0.1,10,,,,,27.67,-97.28,,,,,TX,1976-04-20 07:55:00,1976-04-20 07:55:00,False,False
,10129542,Texas,389,Reeves,,1976-04-22 18:00:00,CST,1976-04-22 18:00:00,0,0,0,0,0K,0,,F0,Unknown,0.0,33,,,,,31.25,-103.78,,,,,TX,1976-04-22 18:00:00,1976-04-22 18:00:00,False,False
,10131600,Texas,99,Coryell,,1976-09-26 15:18:00,CST,1976-09-26 15:18:00,0,0,0,0,0K,0,,F1,Unknown,0.0,33,,,,,31.43,-97.92,,,,,TX,1976-09-26 16:18:00,1976-09-26 16:18:00,True,True
,10131606,Texas,321,Matagorda,,1976-09-26 22:30:00,CST,1976-09-26 22:30:00,0,0,0,0,25K,0,,F1,Unknown,0.5,20,,,,,28.98,-95.95,,,,,TX,1976-09-26 23:30:00,1976-09-26 23:30:00,True,True
,10132320,Texas,275,Knox,,1976-06-23 20:30:00,CST,1976-06-23 20:30:00,0,0,0,0,25K,0,,F2,Unknown,0.8,440,,,,,33.38,-99.7,,,,,TX,1976-06-23 21:30:00,1976-06-23 21:30:00,True,True
,10132322,Texas,257,Kaufman,,1976-06-24 19:34:00,CST,1976-06-24 19:34:00,0,0,0,0,0K,0,,F1,Unknown,0.0,33,,,,,32.48,-96.42,,,,,TX,1976-06-24 20:34:00,1976-06-24 20:34:00,True,True
,10132323,Texas,167,Galveston,,1976-06-25 09:05:00,CST,1976-06-25 09:05:00,0,0,0,0,2.5K,0,,F0,Unknown,0.0,33,,,,,29.4,-94.9,,,,,TX,1976-06-25 10:05:00,1976-06-25 10:05:00,True,True
,10132324,Texas,355,Nueces,,1976-06-25 11:00:00,CST,1976-06-25 11:00:00,0,0,0,0,0K,0,,,Unknown,0.0,33,,,,,27.75,-97.83,,,,,TX,1976-06-25 12:00:00,1976-06-25 12:00:00,True,True
,10132278,Texas,31,Blanco,,1976-05-31 15:34:00,CST,1976-05-31 15:34:00,0,0,0,0,0K,0,,,Unknown,0.0,33,,,,,30.43,-98.48,,,,,TX,1976-05-31 16:34:00,1976-05-31 16:34:00,True,True
,10132279,Texas,143,Erath,,1976-05-31 15:55:00,CST,1976-05-31 15:55:00,0,0,0,0,0K,0,,F2,Unknown,4.1,33,,,,,32.37,-98.33,32.32,-98.32,,,TX,1976-05-31 16:55:00,1976-05-31 16:55:00,True,True
,10132282,Texas,143,Erath,,1976-05-31 16:55:00,CST,1976-05-31 16:55:00,0,0,0,0,0K,0,,F1,Unknown,0.1,33,,,,,32.23,-98.27,,,,,TX,1976-05-31 17:55:00,1976-05-31 17:55:00,True,True
,10132283,Texas,27,Bell,,1976-05-31 17:00:00,CST,1976-05-31 17:00:00,0,0,0,0,0K,0,,F1,Unknown,0.1,33,,,,,31.1,-97.7,,,,,TX,1976-05-31 18:00:00,1976-05-31 18:00:00,True,True
,10132284,Texas,31,Blanco,,1976-05-31 17:00:00,CST,1976-05-31 17:00:00,0,0,0,0,25K,0,,F1,Unknown,5.4,250,,,,,30.33,-98.4,30.28,-98.33,,,TX,1976-05-31 18:00:00,1976-05-31 18:00:00,True,True
,10014919,Iowa,121,Madison,,1976-06-12 19:15:00,CST,1976-06-12 19:15:00,0,0,0,0,.03K,0,,F1,Unknown,12.8,100,,,,,41.4,-94.03,41.43,-93.78,,,IA,1976-06-12 20:15:00,1976-06-12 20:15:00,True,True
,10014920,Iowa,181,Warren,,1976-06-12 19:30:00,CST,1976-06-12 19:30:00,0,0,0,0,.03K,0,,F1,Unknown,1.3,33,,,,,41.43,-93.78,41.45,-93.73,,,IA,1976-06-12 20:30:00,1976-06-12 20:30:00,True,True
,10014921,Iowa,13,Black Hawk,,1976-06-12 19:30:00,CST,1976-06-12 19:30:00,2,0,0,0,25K,0,,F2,Unknown,6.9,100,,,,,42.53,-92.22,42.63,-92.17,,,IA,1976-06-12 20:30:00,1976-06-12 20:30:00,True,True
,10033006,Louisiana,115,Vernon,,1976-03-30 14:00:00,CST,1976-03-30 14:00:00,0,0,0,0,250K,0,,F2,Unknown,11.3,50,,,,,31.32,-93.4,31.37,-93.22,,,LA,1976-03-30 14:00:00,1976-03-30 14:00:00,False,False
,10033008,Louisiana,115,Vernon,,1976-03-30 14:45:00,CST,1976-03-30 14:45:00,2,0,0,0,250K,0,,F2,Unknown,17.2,77,,,,,31.27,-93.35,31.37,-93.08,,,LA,1976-03-30 14:45:00,1976-03-30 14:45:00,False,False
,10033009,Louisiana,85,Sabine,,1976-03-30 15:00:00,CST,1976-03-30 15:00:00,0,0,0,0,250K,0,,F2,Unknown,1.9,33,,,,,31.37,-93.22,31.38,-93.2,,,LA,1976-03-30 15:00:00,1976-03-30 15:00:00,False,False
,10033011,Louisiana,69,Natchitoches,,1976-03-30 15:20:00,CST,1976-03-30 15:20:00,0,0,0,0,250K,0,,F2,Unknown,22.7,33,,,,,31.38,-93.2,31.48,-92.83,,,LA,1976-03-30 15:20:00,1976-03-30 15:20:00,False,False
,10033012,Louisiana,69,Natchitoches,,1976-03-30 15:20:00,CST,1976-03-30 15:20:00,1,0,0,0,250K,0,,F2,Unknown,21.7,33,,,,,31.37,-93.08,31.5,-92.75,,,LA,1976-03-30 15:20:00,1976-03-30 15:20:00,False,False
,10033014,Louisiana,43,Grant,,1976-03-30 16:00:00,CST,1976-03-30 16:00:00,0,0,0,0,250K,0,,F2,Unknown,1.3,33,,,,,31.5,-92.72,31.52,-92.7,,,LA,1976-03-30 16:00:00,1976-03-30 16:00:00,False,False
,10128023,Texas,97,Cooke,,1976-10-24 14:00:00,CST,1976-10-24 14:00:00,0,0,0,0,0K,0,,F0,Unknown,1.0,33,,,,,33.57,-97.22,,,,,TX,1976-10-24 15:00:00,1976-10-24 15:00:00,True,True
,10023536,Kansas,35,Cowley,,1976-06-14 19:35:00,CST,1976-06-14 19:35:00,0,0,0,0,0K,0,,F0,Unknown,0.1,20,,,,,37.45,-96.97,,,,,KS,1976-06-14 20:35:00,1976-06-14 20:35:00,True,True
,10131597,Texas,39,Brazoria,,1976-09-26 12:30:00,CST,1976-09-26 12:30:00,0,0,0,0,0K,0,,F1,Unknown,0.5,20,,,,,29.42,-95.25,,,,,TX,1976-09-26 13:30:00,1976-09-26 13:30:00,True,True
,10128514,Texas,409,San Patricio,,1976-05-26 04:15:00,CST,1976-05-26 04:15:00,1,0,0,0,25K,0,,F2,Unknown,0.5,40,,,,,27.95,-97.68,,,,,TX,1976-05-26 05:15:00,1976-05-26 05:15:00,True,True
,10014926,Iowa,15,Boone,,1976-06-13 14:25:00,CST,1976-06-13 14:25:00,0,0,0,0,0K,0,,F2,Unknown,4.5,100,,,,,42.03,-93.8,42.1,-93.75,,,IA,1976-06-13 15:25:00,1976-06-13 15:25:00,True,True
,10014927,Iowa,169,Story,,1976-06-13 14:30:00,CST,1976-06-13 14:30:00,0,0,0,0,.25K,0,,F5,Unknown,7.3,880,,,,,42.1,-93.7,42.18,-93.6,,,IA,1976-06-13 15:30:00,1976-06-13 15:30:00,True,True
,10014928,Iowa,15,Boone,,1976-06-13 14:40:00,CST,1976-06-13 14:40:00,0,0,0,0,25K,0,,F3,Unknown,0.0,333,,,,,42.08,-93.73,42.08,-93.7,,,IA,1976-06-13 15:40:00,1976-06-13 15:40:00,True,True
,10014929,Iowa,169,Story,,1976-06-13 14:45:00,CST,1976-06-13 14:45:00,0,0,0,0,25K,0,,F2,Unknown,1.3,200,,,,,42.12,-93.65,42.13,-93.6,,,IA,1976-06-13 15:45:00,1976-06-13 15:45:00,True,True
,10014930,Iowa,29,Cass,,1976-06-13 14:45:00,CST,1976-06-13 14:45:00,0,0,0,0,25K,0,,F2,Unknown,8.5,100,,,,,41.42,-95.13,41.5,-95.0,,,IA,1976-06-13 15:45:00,1976-06-13 15:45:00,True,True
,10014931,Iowa,9,Audubon,,1976-06-13 15:00:00,CST,1976-06-13 15:00:00,0,0,0,0,25K,0,,F2,Unknown,11.5,33,,,,,41.5,-95.0,41.62,-94.83,,,IA,1976-06-13 16:00:00,1976-06-13 16:00:00,True,True
,10014936,Iowa,13,Black Hawk,,1976-06-13 16:00:00,CST,1976-06-13 16:00:00,0,0,0,0,25K,0,,F2,Unknown,14.0,100,,,,,42.42,-92.27,42.6,-92.13,,,IA,1976-06-13 17:00:00,1976-06-13 17:00:00,True,True
,10014943,Iowa,147,Palo Alto,,1976-06-14 18:00:00,CST,1976-06-14 18:00:00,0,0,0,0,2.5K,0,,F2,Unknown,8.6,33,,,,,43.15,-94.9,43.25,-94.78,,,IA,1976-06-14 19:00:00,1976-06-14 19:00:00,True,True
,10014944,Iowa,63,Emmet,,1976-06-14 18:15:00,CST,1976-06-14 18:15:00,0,0,0,0,2.5K,0,,F2,Unknown,18.3,33,,,,,43.25,-94.78,43.48,-94.6,,,IA,1976-06-14 19:15:00,1976-06-14 19:15:00,True,True
,10132148,Texas,329,Midland,,1976-03-28 17:10:00,CST,1976-03-28 17:10:00,0,0,0,0,2.5K,0,,F1,Unknown,0.1,33,,,,,31.97,-102.17,,,,,TX,1976-03-28 17:10:00,1976-03-28 17:10:00,False,False
,10132155,Texas,265,Kerr,,1976-03-30 02:32:00,CST,1976-03-30 02:32:00,8,0,0,0,250K,0,,F1,Unknown,1.0,100,,,,,29.92,-99.05,,,,,TX,1976-03-30 02:32:00,1976-03-30 02:32:00,False,False
,10132157,Texas,259,Kendall,,1976-03-30 02:40:00,CST,1976-03-30 02:40:00,0,0,0,0,2.5M,0,,F2,Unknown,15.2,200,,,,,29.93,-98.92,29.97,-98.67,,,TX,1976-03-30 02:40:00,1976-03-30 02:40:00,False,False
,10132159,Texas,209,Hays,,1976-03-30 03:20:00,CST,1976-03-30 03:20:00,0,0,0,0,25K,0,,F2,Unknown,1.0,100,,,,,30.0,-98.07,,,,,TX,1976-03-30 03:20:00,1976-03-30 03:20:00,False,False
,10132161,Texas,209,Hays,,1976-03-30 03:30:00,CST,1976-03-30 03:30:00,1,0,0,0,250K,0,,F2,Unknown,2.5,200,,,,,30.03,-97.92,,,,,TX,1976-03-30 03:30:00,1976-03-30 03:30:00,False,False
,10132163,Texas,453,Travis,,1976-03-30 03:45:00,CST,1976-03-30 03:45:00,8,0,0,0,250K,0,,F0,Unknown,10.4,100,,,,,30.18,-97.57,30.22,-97.4,,,TX,1976-03-30 03:45:00,1976-03-30 03:45:00,False,False
,10132166,Texas,477,Washington,,1976-03-30 05:00:00,CST,1976-03-30 05:00:00,0,0,0,0,2.5M,0,,F1,Unknown,6.6,200,,,,,30.32,-96.6,30.35,-96.5,,,TX,1976-03-30 05:00:00,1976-03-30 05:00:00,False,False
,10031554,Kentucky,9,Barren,,1976-03-20 20:00:00,CST,1976-03-20 20:00:00,10,0,0,0,250K,0,,F1,Unknown,0.0,33,,,,,36.98,-85.9,,,,,KY,1976-03-20 20:00:00,1976-03-20 20:00:00,False,False
,10129893,Texas,27,Bell,,1976-05-26 18:08:00,CST,1976-05-26 18:08:00,7,0,2,0,2.5M,0,,F3,Unknown,2.0,100,,,,,31.13,-97.53,,,,,TX,1976-05-26 19:08:00,1976-05-26 19:08:00,True,True
,10129899,Texas,27,Bell,,1976-05-26 19:43:00,CST,1976-05-26 19:43:00,0,0,0,0,0K,0,,F2,Unknown,0.0,33,,,,,31.1,-97.63,,,,,TX,1976-05-26 20:43:00,1976-05-26 20:43:00,True,True
,10129900,Texas,27,Bell,,1976-05-26 19:50:00,CST,1976-05-26 19:50:00,0,0,0,0,0K,0,,F2,Unknown,0.0,33,,,,,31.02,-97.7,,,,,TX,1976-05-26 20:50:00,1976-05-26 20:50:00,True,True
,10131571,Texas,355,Nueces,,1976-08-17 12:05:00,CST,1976-08-17 12:05:00,0,0,0,0,0K,0,,,Unknown,0.0,33,,,,,27.78,-97.42,,,,,TX,1976-08-17 13:05:00,1976-08-17 13:05:00,True,True
,10131573,Texas,355,Nueces,,1976-08-18 12:00:00,CST,1976-08-18 12:00:00,0,0,0,0,0K,0,,,Unknown,0.0,33,,,,,27.78,-97.9,,,,,TX,1976-08-18 13:00:00,1976-08-18 13:00:00,True,True
,10131575,Texas,61,Cameron,,1976-08-24 13:00:00,CST,1976-08-24 13:00:00,0,0,0,0,2.5K,0,,F0,Unknown,1.5,7,,,,,26.27,-97.6,,,,,TX,1976-08-24 14:00:00,1976-08-24 14:00:00,True,True
,10131584,Texas,91,Comal,,1976-08-31 17:00:00,CST,1976-08-31 17:00:00,0,0,0,0,25K,0,,F0,Unknown,1.0,20,,,,,30.6,-97.42,,,,,TX,1976-08-31 18:00:00,1976-08-31 18:00:00,True,True
,10131586,Texas,201,Harris,,1976-09-01 17:45:00,CST,1976-09-01 17:45:00,0,0,0,0,2.5K,0,,F1,Unknown,0.1,7,,,,,30.08,-95.42,,,,,TX,1976-09-01 18:45:00,1976-09-01 18:45:00,True,True
,10131587,Texas,157,Fort Bend,,1976-09-02 16:53:00,CST,1976-09-02 16:53:00,0,0,0,0,0K,0,,,Unknown,0.0,33,,,,,29.42,-95.75,,,,,TX,1976-09-02 17:53:00,1976-09-02 17:53:00,True,True
,10131588,Texas,251,Johnson,,1976-09-02 17:35:00,CST,1976-09-02 17:35:00,0,0,0,0,0K,0,,F0,Unknown,0.0,33,,,,,32.45,-97.52,,,,,TX,1976-09-02 18:35:00,1976-09-02 18:35:00,True,True
,10131589,Texas,97,Cooke,,1976-09-03 18:00:00,CST,1976-09-03 18:00:00,0,0,0,0,.25K,0,,F1,Unknown,0.0,33,,,,,33.48,-97.08,,,,,TX,1976-09-03 19:00:00,1976-09-03 19:00:00,True,True
,10131590,Texas,167,Galveston,,1976-09-04 18:50:00,CST,1976-09-04 18:50:00,0,0,0,0,0K,0,,F1,Unknown,0.5,20,,,,,29.5,-95.05,,,,,TX,1976-09-04 19:50:00,1976-09-04 19:50:00,True,True
,10131591,Texas,355,Nueces,,1976-09-07 07:55:00,CST,1976-09-07 07:55:00,0,0,0,0,0K,0,,,Unknown,0.0,33,,,,,27.58,-97.17,,,,,TX,1976-09-07 08:55:00,1976-09-07 08:55:00,True,True
,10145997,Wisconsin,97,Portage,,1976-06-13 19:20:00,CST,1976-06-13 19:20:00,2,0,0,0,25K,0,,F1,Unknown,13.3,100,,,,,44.5,-89.77,44.55,-89.5,,,WI,1976-06-13 20:20:00,1976-06-13 20:20:00,True,True
,10146000,Wisconsin,73,Marathon,,1976-06-13 20:00:00,CST,1976-06-13 20:00:00,0,0,0,0,2.5K,0,,F1,Unknown,4.1,50,,,,,45.03,-89.33,45.05,-89.23,,,WI,1976-06-13 21:00:00,1976-06-13 21:00:00,True,True
,10146001,Wisconsin,87,Outagamie,,1976-06-13 20:00:00,CST,1976-06-13 20:00:00,0,0,0,0,25K,0,,F1,Unknown,0.5,50,,,,,44.48,-88.3,,,,,WI,1976-06-13 21:00:00,1976-06-13 21:00:00,True,True
,10146003,Wisconsin,67,Langlade,,1976-06-13 20:10:00,CST,1976-06-13 20:10:00,0,0,0,0,2.5K,0,,F1,Unknown,17.2,50,,,,,45.05,-89.23,45.17,-88.92,,,WI,1976-06-13 21:10:00,1976-06-13 21:10:00,True,True
,10146004,Wisconsin,83,Oconto,,1976-06-13 20:15:00,CST,1976-06-13 20:15:00,0,0,0,0,25K,0,,F1,Unknown,0.2,50,,,,,44.88,-88.25,,,,,WI,1976-06-13 21:15:00,1976-06-13 21:15:00,True,True
,10146006,Wisconsin,69,Lincoln,,1976-06-13 20:45:00,CST,1976-06-13 20:45:00,0,0,0,0,2.5K,0,,F1,Unknown,6.1,50,,,,,45.17,-89.5,45.18,-89.37,,,WI,1976-06-13 21:45:00,1976-06-13 21:45:00,True,True
,10146007,Wisconsin,67,Langlade,,1976-06-13 21:00:00,CST,1976-06-13 21:00:00,0,0,0,0,2.5K,0,,F1,Unknown,4.7,33,,,,,45.18,-89.37,45.22,-89.27,,,WI,1976-06-13 22:00:00,1976-06-13 22:00:00,True,True
,10128412,Texas,433,Stonewall,,1976-04-15 16:30:00,CST,1976-04-15 16:30:00,0,0,0,0,2.5K,0,,F1,Unknown,0.5,30,,,,,33.22,-100.32,,,,,TX,1976-04-15 16:30:00,1976-04-15 16:30:00,False,False
,10128414,Texas,399,Runnels,,1976-04-15 17:00:00,CST,1976-04-15 17:00:00,0,0,0,0,25K,0,,F3,Unknown,9.9,33,,,,,32.03,-100.1,31.97,-99.95,,,TX,1976-04-15 17:00:00,1976-04-15 17:00:00,False,False
,10128415,Texas,399,Runnels,,1976-04-15 17:12:00,CST,1976-04-15 17:12:00,0,0,0,0,0K,0,,F2,Unknown,0.1,33,,,,,31.65,-100.05,,,,,TX,1976-04-15 17:12:00,1976-04-15 17:12:00,False,False
,10128416,Texas,253,Jones,,1976-04-15 17:27:00,CST,1976-04-15 17:27:00,0,0,0,0,0K,0,,F0,Unknown,0.0,33,,,,,32.45,-99.87,,,,,TX,1976-04-15 17:27:00,1976-04-15 17:27:00,False,False
,10128417,Texas,253,Jones,,1976-04-15 17:27:00,CST,1976-04-15 17:27:00,0,0,0,0,0K,0,,F0,Unknown,0.1,33,,,,,32.45,-99.87,,,,,TX,1976-04-15 17:27:00,1976-04-15 17:27:00,False,False
,10128426,Texas,23,Baylor,,1976-04-15 18:38:00,CST,1976-04-15 18:38:00,0,0,0,0,0K,0,,F2,Unknown,0.1,33,,,,,33.43,-99.27,,,,,TX,1976-04-15 18:38:00,1976-04-15 18:38:00,False,False
,10128427,Texas,503,Young,,1976-04-15 19:00:00,CST,1976-04-15 19:00:00,0,0,0,0,250K,0,,F2,Unknown,2.0,33,,,,,33.12,-98.62,,,,,TX,1976-04-15 19:00:00,1976-04-15 19:00:00,False,False
,10128428,Texas,503,Young,,1976-04-15 19:00:00,CST,1976-04-15 19:00:00,0,0,0,0,250K,0,,F2,Unknown,2.0,33,,,,,33.1,-98.58,,,,,TX,1976-04-15 19:00:00,1976-04-15 19:00:00,False,False
,10128431,Texas,497,Wise,,1976-04-15 20:15:00,CST,1976-04-15 20:15:00,0,0,0,0,25K,0,,F1,Unknown,8.8,50,,,,,33.2,-97.77,33.28,-97.65,,,TX,1976-04-15 20:15:00,1976-04-15 20:15:00,False,False
,10009245,Illinois,95,Knox,,1976-03-04 17:45:00,CST,1976-03-04 17:45:00,0,0,0,0,25K,0,,F2,Unknown,0.1,440,,,,,41.03,-90.1,,,,,IL,1976-03-04 17:45:00,1976-03-04 17:45:00,False,False
,10000650,Florida,95,Orange,,1976-04-08 03:15:00,CST,1976-04-08 03:15:00,0,0,0,0,25K,0,,F0,Unknown,0.5,20,,,,,29.07,-82.08,,,,,FL,1976-04-08 03:15:00,1976-04-08 03:15:00,False,False
,10000651,Florida,103,Pinellas,,1976-04-08 12:15:00,CST,1976-04-08 12:15:00,2,0,0,0,25K,0,,F0,Unknown,0.1,10,,,,,27.8,-82.8,,,,,FL,1976-04-08 12:15:00,1976-04-08 12:15:00,False,False
,10000652,Florida,55,Highlands,,1976-04-08 15:00:00,CST,1976-04-08 15:00:00,0,0,0,0,250K,0,,F0,Unknown,0.5,20,,,,,27.5,-81.45,,,,,FL,1976-04-08 15:00:00,1976-04-08 15:00:00,False,False
,10000656,Florida,129,Wakulla,,1976-05-11 14:00:00,CST,1976-05-11 14:00:00,0,0,0,0,.25K,0,,F0,Unknown,0.1,10,,,,,30.08,-84.33,,,,,FL,1976-05-11 15:00:00,1976-05-11 15:00:00,True,True
,10000658,Florida,95,Orange,,1976-05-12 17:00:00,CST,1976-05-12 17:00:00,1,0,0,0,25K,0,,F0,Unknown,0.3,10,,,,,28.48,-81.25,,,,,FL,1976-05-12 18:00:00,1976-05-12 18:00:00,True,True
,10000661,Florida,89,Nassau,,1976-05-13 14:30:00,CST,1976-05-13 14:30:00,0,0,0,0,2.5K,0,,F0,Unknown,0.3,10,,,,,30.38,-81.93,,,,,FL,1976-05-13 15:30:00,1976-05-13 15:30:00,True,True
,10000662,Florida,97,Osceola,,1976-05-13 18:00:00,CST,1976-05-13 18:00:00,0,0,0,0,25K,0,,F0,Unknown,0.1,10,,,,,27.92,-80.98,,,,,FL,1976-05-13 19:00:00,1976-05-13 19:00:00,True,True
,10001540,Florida,39,Gadsden,,1976-07-02 13:00:00,CST,1976-07-02 13:00:00,0,0,0,0,25K,0,,F1,Unknown,1.0,30,,,,,30.58,-84.52,,,,,FL,1976-07-02 14:00:00,1976-07-02 14:00:00,True,True
,10128440,Texas,155,Foard,,1976-04-17 02:00:00,CST,1976-04-17 02:00:00,1,0,0,0,250K,0,,F3,Unknown,14.7,150,,,,,33.87,-99.5,33.98,-99.72,,,TX,1976-04-17 02:00:00,1976-04-17 02:00:00,False,False
,10128444,Texas,181,Grayson,,1976-04-17 18:45:00,CST,1976-04-17 18:45:00,0,0,0,0,0K,0,,F0,Unknown,0.1,33,,,,,33.42,-96.58,,,,,TX,1976-04-17 18:45:00,1976-04-17 18:45:00,False,False
,10128456,Texas,171,Gillespie,,1976-05-23 18:15:00,CST,1976-05-23 18:15:00,0,0,0,0,2.5K,0,,F1,Unknown,1.0,100,,,,,30.25,-98.72,,,,,TX,1976-05-23 19:15:00,1976-05-23 19:15:00,True,True
,10128458,Texas,171,Gillespie,,1976-05-23 18:45:00,CST,1976-05-23 18:45:00,0,0,0,0,250K,0,,F1,Unknown,3.8,200,,,,,30.2,-98.6,30.18,-98.55,,,TX,1976-05-23 19:45:00,1976-05-23 19:45:00,True,True
,10128459,Texas,31,Blanco,,1976-05-23 19:00:00,CST,1976-05-23 19:00:00,0,0,0,0,250K,0,,F1,Unknown,9.9,33,,,,,30.18,-98.55,30.08,-98.43,,,TX,1976-05-23 20:00:00,1976-05-23 20:00:00,True,True
,10128466,Texas,397,Rockwall,,1976-05-23 20:40:00,CST,1976-05-23 20:40:00,0,0,0,0,2.5K,0,,F2,Unknown,0.1,33,,,,,32.9,-96.48,,,,,TX,1976-05-23 21:40:00,1976-05-23 21:40:00,True,True
,10129873,Texas,251,Johnson,,1976-05-26 16:17:00,CST,1976-05-26 16:17:00,0,0,0,0,2.5M,0,,F4,Unknown,1.9,300,,,,,32.27,-97.28,32.25,-97.27,,,TX,1976-05-26 17:17:00,1976-05-26 17:17:00,True,True
,10031917,Louisiana,115,Vernon,,1976-01-25 11:30:00,CST,1976-01-25 11:30:00,1,0,0,0,25K,0,,F1,Unknown,0.0,33,,,,,31.08,-93.35,,,,,LA,1976-01-25 11:30:00,1976-01-25 11:30:00,False,False
,10031918,Louisiana,29,Concordia,,1976-01-25 12:03:00,CST,1976-01-25 12:03:00,0,0,0,0,25K,0,,F1,Unknown,0.0,33,,,,,31.37,-91.82,,,,,LA,1976-01-25 12:03:00,1976-01-25 12:03:00,False,False
,10031920,Louisiana,5,Ascension,,1976-01-25 17:50:00,CST,1976-01-25 17:50:00,7,0,0,0,2.5M,0,,F2,Unknown,1.1,33,,,,,30.1,-91.0,,,,,LA,1976-01-25 17:50:00,1976-01-25 17:50:00,False,False
,10130425,Texas,281,Lampasas,,1976-05-05 17:40:00,CST,1976-05-05 17:40:00,0,0,0,0,0K,0,,F1,Unknown,0.0,33,,,,,31.23,-98.18,,,,,TX,1976-05-05 18:40:00,1976-05-05 18:40:00,True,True
,10129292,Texas,175,Goliad,,1976-04-18 18:20:00,CST,1976-04-18 18:20:00,0,0,0,0,0K,0,,F0,Unknown,0.0,33,,,,,28.7,-97.27,,,,,TX,1976-04-18 18:20:00,1976-04-18 18:20:00,False,False
,10129296,Texas,367,Parker,,1976-04-19 12:45:00,CST,1976-04-19 12:45:00,0,0,0,0,25K,0,,F2,Unknown,0.3,33,,,,,32.68,-97.58,,,,,TX,1976-04-19 12:45:00,1976-04-19 12:45:00,False,False
,10130429,Texas,27,Bell,,1976-05-05 19:50:00,CST,1976-05-05 19:50:00,0,0,0,0,2.5K,0,,F2,Unknown,0.5,33,,,,,30.95,-97.77,,,,,TX,1976-05-05 20:50:00,1976-05-05 20:50:00,True,True
,10129866,Texas,251,Johnson,,1976-05-26 15:25:00,CST,1976-05-26 15:25:00,0,0,0,0,.25K,0,,F1,Unknown,0.2,50,,,,,32.32,-97.5,,,,,TX,1976-05-26 16:25:00,1976-05-26 16:25:00,True,True
,10129867,Texas,439,Tarrant,,1976-05-26 15:35:00,CST,1976-05-26 15:35:00,0,0,0,0,0K,0,,F0,Unknown,0.1,13,,,,,32.78,-97.23,,,,,TX,1976-05-26 16:35:00,1976-05-26 16:35:00,True,True
,10129868,Texas,251,Johnson,,1976-05-26 15:40:00,CST,1976-05-26 15:40:00,0,0,0,0,.25K,0,,F2,Unknown,0.2,100,,,,,32.27,-97.3,,,,,TX,1976-05-26 16:40:00,1976-05-26 16:40:00,True,True
,10132182,Texas,253,Jones,,1976-04-07 15:35:00,CST,1976-04-07 15:35:00,0,0,0,0,0K,0,,F1,Unknown,0.1,33,,,,,32.87,-99.82,,,,,TX,1976-04-07 15:35:00,1976-04-07 15:35:00,False,False
,10132183,Texas,253,Jones,,1976-04-07 15:35:00,CST,1976-04-07 15:35:00,0,0,0,0,0K,0,,F1,Unknown,0.1,33,,,,,32.87,-99.82,,,,,TX,1976-04-07 15:35:00,1976-04-07 15:35:00,False,False
,10132184,Texas,59,Callahan,,1976-04-07 16:00:00,CST,1976-04-07 16:00:00,0,0,0,0,0K,0,,F1,Unknown,0.1,33,,,,,32.27,-99.53,,,,,TX,1976-04-07 16:00:00,1976-04-07 16:00:00,False,False
,10132186,Texas,129,Donley,,1976-04-07 16:30:00,CST,1976-04-07 16:30:00,0,0,0,0,0K,0,,F0,Unknown,0.0,33,,,,,34.9,-100.78,,,,,TX,1976-04-07 16:30:00,1976-04-07 16:30:00,False,False
,10132188,Texas,129,Donley,,1976-04-07 16:35:00,CST,1976-04-07 16:35:00,0,0,0,0,0K,0,,F0,Unknown,0.0,33,,,,,34.83,-100.53,,,,,TX,1976-04-07 16:35:00,1976-04-07 16:35:00,False,False
,10009235,Illinois,21,Christian,,1976-02-16 15:45:00,CST,1976-02-16 15:45:00,0,0,0,0,250K,0,,F2,Unknown,1.0,80,,,,,39.38,-89.08,,,,,IL,1976-02-16 15:45:00,1976-02-16 15:45:00,False,False
,10009238,Illinois,181,Union,,1976-02-16 19:50:00,CST,1976-02-16 19:50:00,1,0,0,0,25K,0,,F2,Unknown,1.0,33,,,,,37.47,-89.18,,,,,IL,1976-02-16 19:50:00,1976-02-16 19:50:00,False,False
,10132307,Texas,139,Ellis,,1976-06-18 18:15:00,CST,1976-06-18 18:15:00,0,0,0,0,0K,0,,F0,Unknown,0.0,33,,,,,32.48,-96.98,,,,,TX,1976-06-18 19:15:00,1976-06-18 19:15:00,True,True
,10132308,Texas,35,Bosque,,1976-06-18 20:34:00,CST,1976-06-18 20:34:00,0,0,0,0,2.5K,0,,F1,Unknown,0.0,33,,,,,31.78,-97.55,,,,,TX,1976-06-18 21:34:00,1976-06-18 21:34:00,True,True
,10146013,Wisconsin,17,Chippewa,,1976-06-15 02:00:00,CST,1976-06-15 02:00:00,0,0,0,0,25K,0,,F1,Unknown,0.3,100,,,,,44.93,-91.02,,,,,WI,1976-06-15 03:00:00,1976-06-15 03:00:00,True,True
,10146023,Wisconsin,25,Dane,,1976-07-30 19:45:00,CST,1976-07-30 19:45:00,0,0,0,0,0K,0,,F2,Unknown,0.0,33,,,,,43.23,-89.45,,,,,WI,1976-07-30 20:45:00,1976-07-30 20:45:00,True,True
,10129570,Texas,25,Bee,,1976-04-29 07:00:00,CST,1976-04-29 07:00:00,0,0,0,0,25K,0,,F3,Unknown,1.0,33,,,,,28.25,-97.68,,,,,TX,1976-04-29 08:00:00,1976-04-29 08:00:00,True,True
,10129572,Texas,369,Parmer,,1976-05-05 13:20:00,CST,1976-05-05 13:20:00,0,0,0,0,0K,0,,F0,Unknown,2.0,30,,,,,34.65,-102.52,,,,,TX,1976-05-05 14:20:00,1976-05-05 14:20:00,True,True
,10083833,North Dakota,71,Ramsey,,1976-06-11 20:55:00,CST,1976-06-11 20:55:00,0,0,0,0,0K,0,,F1,Unknown,0.0,33,,,,,48.13,-98.75,,,,,ND,1976-06-11 21:55:00,1976-06-11 21:55:00,True,True
,10031101,Louisiana,23,Cameron,,1976-05-27 08:10:00,CST,1976-05-27 08:10:00,0,0,0,0,0K,0,,F0,Unknown,0.0,33,,,,,29.92,-93.18,,,,,LA,1976-05-27 09:10:00,1976-05-27 09:10:00,True,True
,10128433,Texas,363,Palo Pinto,,1976-04-15 20:30:00,CST,1976-04-15 20:30:00,0,0,0,0,2.5K,0,,F1,Unknown,0.2,33,,,,,33.07,-98.25,,,,,TX,1976-04-15 20:30:00,1976-04-15 20:30:00,False,False
,10128435,Texas,309,Mclennan,,1976-04-15 21:10:00,CST,1976-04-15 21:10:00,0,0,0,0,.25K,0,,F2,Unknown,5.9,33,,,,,31.43,-97.52,31.5,-97.45,,,TX,1976-04-15 21:10:00,1976-04-15 21:10:00,False,False
,10128438,Texas,125,Dickens,,1976-04-17 01:36:00,CST,1976-04-17 01:36:00,0,0,0,0,2.5K,0,,F1,Unknown,0.5,30,,,,,33.6,-100.85,,,,,TX,1976-04-17 01:36:00,1976-04-17 01:36:00,False,False
,10128439,Texas,155,Foard,,1976-04-17 02:00:00,CST,1976-04-17 02:00:00,0,0,0,0,0K,0,,F2,Unknown,3.8,150,,,,,33.87,-99.83,33.9,-99.78,,,TX,1976-04-17 02:00:00,1976-04-17 02:00:00,False,False
,10134555,Texas,197,Hardeman,,1976-05-30 22:17:00,CST,1976-05-30 22:17:00,0,0,0,0,0K,0,,F1,Unknown,0.1,33,,,,,34.17,-99.75,,,,,TX,1976-05-30 23:17:00,1976-05-30 23:17:00,True,True
,10134556,Texas,337,Montague,,1976-05-30 22:21:00,CST,1976-05-30 22:21:00,0,0,0,0,0K,0,,F1,Unknown,0.1,33,,,,,33.93,-97.72,,,,,TX,1976-05-30 23:21:00,1976-05-30 23:21:00,True,True
,10131625,Texas,507,Zavala,,1976-10-04 18:20:00,CST,1976-10-04 18:20:00,0,0,0,0,2.5K,0,,F1,Unknown,2.0,30,,,,,29.05,-99.58,,,,,TX,1976-10-04 19:20:00,1976-10-04 19:20:00,True,True
