episode_id,event_id,state,county_fips,county_name,wfo,begin_date_time,county_timezone,end_date_time,injuries_direct,injuries_indirect,deaths_direct,deaths_indirect,property_damage,crop_damage,source,tornado_rating,max_windspeed,tornado_length,tornado_max_width,other_wfos,other_states,other_counties_fips,other_counties_names,begin_latitude,begin_longitude,end_latitude,end_longitude,episode_narrative,event_narrative,state_code,begin_date_time_corrected,end_date_time_corrected,begin_time_adjusted,end_time_adjusted
1090588,5130281,Oklahoma,45,Ellis,OUN,2000-02-24 20:29:00,CST,2000-02-24 20:41:00,0,0,0,0,90K,,STORM CHASER,F1,Unknown,8.0,150.0,,,,,,,,,,"This tornado formed in northeast Lipscomb County Texas (See Amarillo Texas stormdata for more information on the Texas segment) and tracked across the Texas/Oklahoma State border, 2 miles west of Catesby in Ellis County at 2029 CST. High power lines were downed, and numerous outbuilding were destroyed on the state border. The tornado then struck a house 1.5 miles northwest of Catesby. Approximately 75 percent of the roof and the north side wall of the upstairs attic were blown off. A nearby windmill was also knocked down. The tornado then continued northeast and struck another house 6 miles northeast of Catesby, very close to US 283 and the Ellis/Harper County line. Approximately 75 percent of the roof was blown off; outbuildings were destroyed; a porch was damaged, and trees were partially stripped of their limbs. As the tornado moved into Harper County, a hog barn near the Ellis/Harper County line received minor roof damage, while power lines in southern Harper County were blown down near the intersection of US 283 and US 270. The tornado is then believed to have dissipated in the North Canadian River valley about 5 miles southeast of Laverne. Damage in Ellis County was rated F1, while damage in Harper County was rated F0.",OK,2000-02-24 20:29:00,2000-02-24 20:41:00,False,False
1090502,5129129,Indiana,175,Washington,LMK,2000-01-03 14:05:00,EST,2000-01-03 14:05:00,0,0,0,0,47K,,NWS STORM SURVEY,F1,Unknown,0.3,50.0,,,,,,,,,,"A tornado touched down in Washington county not far from the Harrison county line. The tornado destroyed 1 mobile home, moved 1 mobile home off its foundation, and caused roof damage to a house and a barn before lifting about a quarter of a mile from when it started.",IN,2000-01-03 14:05:00,2000-01-03 14:05:00,False,False
1090453,5129550,Texas,281,Lampasas,FWD,2000-02-22 21:00:00,CST,2000-02-22 21:00:00,0,0,0,0,,,EMERGENCY MANAGER,F0,Unknown,0.1,0.1,,,,,,,,,,"A brief tornado occurred at the Flying L Ranch, but no damaged was reported.",TX,2000-02-22 21:00:00,2000-02-22 21:00:00,False,False
1090453,5129553,Texas,27,Bell,FWD,2000-02-22 21:53:00,CST,2000-02-22 22:06:00,0,0,0,0,15K,,LAW ENFORCEMENT,F0,Unknown,12.0,0.5,,,,,,,,,,"A boat storage building was unroofed and a wall was blown down on the west side of Belton. Power poles were blown down in Harker Heights. Power was out to 3,700 customers. An awning in Nolanville was blown down and shingles were blown off the community center. The tornado path was apparently intermittent.",TX,2000-02-22 21:53:00,2000-02-22 22:06:00,False,False
1091370,5132160,Georgia,277,Tift,TAE,2000-02-14 01:42:00,EST,2000-02-14 01:48:00,10,0,0,0,2M,,EMERGENCY MANAGER,F2,Unknown,5.0,200.0,,,,,31.3,-83.63333,31.35,-83.58333,,"A strong tornado crossed U.S. Highway 319 from extreme northeast Colquitt County into extreme southwest Tift County, just south of Omega. Twelve mobile homes and eight pre-fabricated homes were destroyed. Numerous frame homes were damaged, including some moved off their block foundations. Ten persons were injured. Numerous trees and power lines were down. Just northeast of Omega, a school bus was blown into a nearby home. Tift County was declared a federal disaster area. Reported by the Tift County EMA.",GA,2000-02-14 01:42:00,2000-02-14 01:48:00,False,False
1090935,5131638,Arkansas,49,Fulton,LZK,2000-01-03 06:55:00,CST,2000-01-03 07:00:00,0,0,0,0,,,NWS STORM SURVEY,F1,Unknown,3.1,40.0,,,,,36.46667,-91.65,36.48333,-91.6,,"A weak tornado was spawned in northeastern Fulton County about 0.3 mile west-southwest of Fryatt. The tornado moved northeast and downed hundreds of trees, mostly along Arkansas Highway 9. One house was badly damaged by falling trees. A barn roof was also blown off, and some outbuildings were damaged as well. The tornado dissipated about 2.8 miles east-northeast of Fryatt.",AR,2000-01-03 06:55:00,2000-01-03 07:00:00,False,False
1091418,5132167,Idaho,5,Bannock,PIH,2000-02-14 15:55:00,MST,2000-02-14 16:08:00,0,0,0,0,110K,,OFFICIAL NWS OBS.,F0,Unknown,5.0,50.0,,,,,42.91667,-112.51667,42.91667,-112.45,,A few homes were damaged along with several trees and a main line electrical pole downed in Chubbuck. Several wheel irrigation systems were twisted and damaged.,ID,2000-02-14 15:55:00,2000-02-14 16:08:00,False,False
1091086,5132346,Kentucky,59,Daviess,PAH,2000-01-03 16:06:00,CST,2000-01-03 16:12:00,18,0,0,0,64M,,NWS STORM SURVEY,F3,180 mph,7.0,880.0,,,,,37.71667,-87.18333,37.76667,-87.11667,,"The tornado first touched down near the community of Rome, just southwest of Owensboro, and entered the city near the southern boundary of Owensboro Airport. The tornado tracked northeast through the heart of Owensboro before dissipating on the east side of town. Peak winds were estimated at 180 mph. Since the tornado path was mostly through densely populated residential and commercial areas, damage was in the tens of millions, but injuries were surprisingly few. Of the 18 injuries, one was critical, and the rest were relatively minor. The critically injured person was in a home near the beginning of the damage path. This person sustained broken vertebrae and numerous cuts and bruises. Owensboro landmarks heavily damaged by the tornado included Apollo High School, Kentucky Wesleyan College, and the Winn-Dixie Store. Damage to the 12 buildings at Kentucky Wesleyan College was estimated to be near 5 million dollars. Small to mid size automobiles were tossed about by the wind. Damage to utility lines was extensive, and repairs took about 10 days to complete. Final damage tallies showed about 1200 homes and businesses sustained damage. Of those 1200 structures, 101 were totally destroyed and 573 sustained major damage. Owensboro was declared a federal disaster area. An emergency shelter accomodated roughly 150 persons, including many from local nursing homes. Owensboro schools were closed for a week.",KY,2000-01-03 16:06:00,2000-01-03 16:12:00,False,False
1091245,5132066,Mississippi,157,Wilkinson,LIX,2000-01-03 18:21:00,CST,2000-01-03 18:21:00,0,0,0,0,.5K,,LAW ENFORCEMENT,F0,Unknown,0.1,25.0,,,,,31.1,-91.26667,31.1,-91.26667,,A tornado briefly touched down just east of Woodville along Highway 24 knocking down several trees.,MS,2000-01-03 18:21:00,2000-01-03 18:21:00,False,False
1090549,5129729,Mississippi,145,Union,MEG,2000-01-03 14:00:00,CST,2000-01-03 14:10:00,4,0,0,0,250K,,NWS STORM SURVEY,F3,Unknown,20.0,600.0,,,,,34.38333,-89.25,34.6,-89.08333,,"The tornado first developed just south of Highway 315 in the community of Hawkins Crossing and moved northeast across the northeast corner of Yalobusha county. The tornado continued into southwest Lafayette county and continued to travel northeast ending in Union county. In the town of Pinedale in southwest Union county, a new brick and vinyl siding home was obliterated. The debris extended up to 400 yards where a large freezer landed in a lake. A nearby pickup truck was rolled 20 yards and sustained extensive damage. Trees two to three feet in diameter were completely uprooted. In the town of Enterprise, a mobile home was completely destroyed and a conventional home sustained severe damage. Four other homes received extensive structural damage. The West Union School had minor roof damage and had numerous windows blown out. In the town of Myrtle, two mobile homes were destroyed and another mobile home was flipped on its side. In all, more than 60 homes were damaged in Union county.",MS,2000-01-03 14:00:00,2000-01-03 14:10:00,False,False
1090933,5131397,Arkansas,65,Izard,LZK,2000-01-03 06:46:00,CST,2000-01-03 06:48:00,0,0,0,0,,,NWS STORM SURVEY,F1,Unknown,1.8,40.0,,,,,36.21667,-91.83333,36.23333,-91.8,,"A weak tornado was spawned in northeastern Izard County about a mile southwest of Wiseman. The tornado moved northeast, and damaged the roofs of 9 residences in or near Wiseman, with the damage mostly due to falling trees or tree limbs. Several roofs lost shingles, including the local community center. A few windows were broken as well. The tornado dissipated about about 0.7 mile northeast of Wiseman.",AR,2000-01-03 06:46:00,2000-01-03 06:48:00,False,False
1090934,5131398,Arkansas,49,Fulton,LZK,2000-01-03 06:50:00,CST,2000-01-03 06:53:00,0,0,0,0,,,NWS STORM SURVEY,F1,Unknown,2.0,40.0,,,,,36.26667,-91.7,36.28333,-91.66667,,"A weak tornado was spawned in southeastern Fulton County about 1.2 miles west-northwest of Agnos.The tornado moved northeast and destroyed a couple of barns and a large shed, and a few houses lost some roof shingles as well. The tornado dissipated about 1.5 miles north-northeast of Agnos.",AR,2000-01-03 06:50:00,2000-01-03 06:53:00,False,False
1090549,5129620,Mississippi,161,Yalobusha,MEG,2000-01-03 13:30:00,CST,2000-01-03 13:40:00,0,0,0,0,100K,,NWS STORM SURVEY,F2,Unknown,2.2,300.0,,,,,34.16667,-89.55,34.23333,-89.55,,The tornado first developed just south of Highway 315 in the community of Hawkins Crossing and moved northeast across the northeast corner of Yalobusha county. The tornado continued into southwest Lafayette county and continued to travel northeast ending in Union county. One home was blown three feet off its foundation with only the west facing wall left standing. Two mobile homes were completely destroyed. Nine other homes and one barn recieved moderate to extensive damage.,MS,2000-01-03 13:30:00,2000-01-03 13:40:00,False,False
1090549,5129728,Mississippi,71,Lafayette,MEG,2000-01-03 13:40:00,CST,2000-01-03 14:00:00,3,0,0,0,100K,,NWS STORM SURVEY,F2,Unknown,21.0,150.0,,,,,34.18333,-89.51667,34.38333,-89.26667,,"The tornado first developed just south of Highway 315 in the community of Hawkins Crossing and moved northeast across the northeast corner of Yalobusha county. The tornado continued into southwest Lafayette county and continued to travel northeast ending in Union county. In the town of Paris in the southwest part of the county, a frame house was lifted off its foundation with the back end of the house completely blown out. One person in the house was injured. A nearby house under construction was severly damaged. Several other homes in the area received minor damage and numerous trees were snapped or uprooted. The tornado also produced some damage in the towns of Denmark and Lafayette Springs.",MS,2000-01-03 13:40:00,2000-01-03 14:00:00,False,False
1091553,5132852,Kansas,9,Barton,ICT,2000-03-23 18:15:00,CST,2000-03-23 18:15:00,0,0,0,0,,,TRAINED SPOTTER,F0,Unknown,0.5,55.0,,,,,38.26667,-98.96667,38.26667,-98.96667,,Brief touchdown in open country.,KS,2000-03-23 18:15:00,2000-03-23 18:15:00,False,False
1090744,5131031,Mississippi,83,Leflore,JAN,2000-01-03 12:15:00,CST,2000-01-03 12:18:00,0,0,0,0,45K,,EMERGENCY MANAGER,F1,Unknown,3.0,150.0,,,,,33.63333,-90.36667,33.66667,-90.33333,,This weak tornado nearly destroyed a mobile home and a barn. Numerous trees were snapped off or blown down.,MS,2000-01-03 12:15:00,2000-01-03 12:18:00,False,False
1090791,5131512,California,37,Los Angeles,LOX,2000-02-16 16:30:00,PST,2000-02-16 16:30:00,0,0,0,0,,,NEWSPAPER,F0,Unknown,0.5,10.0,,,,,34.08333,-117.88333,34.08333,-117.88333,,"A cold and unstable airmass generated heavy showers and thunderstorms across Central and Southern California. Numerous reports of heavy showers and small hail were received from the area. In Covina, a weak tornado developed, damaging four mobile homes. Fortunately, no one was injured. With the heavy showers, street flooding was reported in Monrovia.",CA,2000-02-16 16:30:00,2000-02-16 16:30:00,False,False
1090588,5129889,Oklahoma,59,Harper,OUN,2000-02-24 20:41:00,CST,2000-02-24 20:49:00,0,0,0,0,2K,,STORM CHASER,F0,Unknown,5.0,150.0,,,,,,,,,,This is a continuation of the Lipscomb/Ellis County tornado.,OK,2000-02-24 20:41:00,2000-02-24 20:49:00,False,False
1091368,5133527,Florida,133,Washington,TAE,2000-02-13 21:18:00,EST,2000-02-13 21:22:00,0,0,0,0,750K,,EMERGENCY MANAGER,F1,Unknown,0.5,50.0,,,,,30.5,-85.53333,30.5,-85.53333,,A tornado struck the south and east edge of Porter Lake. Two mobile homes were destroyed and a pleasure boat capsized. Numerous utility sheds and decks were destroyed. Three small boats were blown into a nearby wooded area. Reported by the Washington County EMA.,FL,2000-02-13 21:18:00,2000-02-13 21:22:00,False,False
1091368,5133528,Florida,133,Washington,TAE,2000-02-13 21:15:00,EST,2000-02-13 21:15:00,0,0,0,0,300K,,EMERGENCY MANAGER,F1,Unknown,0.5,50.0,,,,,30.46667,-85.61667,30.46667,-85.61667,,A tornado struck the Rolling Pines area. One home and two farm buildings were destroyed. One shed was damaged. Reported by the Washington County EMA.,FL,2000-02-13 21:15:00,2000-02-13 21:15:00,False,False
1091369,5133529,Georgia,75,Cook,TAE,2000-02-14 02:30:00,EST,2000-02-14 02:30:00,0,0,0,0,,,LAW ENFORCEMENT,F0,Unknown,0.0,0.0,,,,,31.26667,-83.46667,31.26667,-83.46667,,Brief tornado touchdown with no damage. Reported by the Cook County Sheriff.,GA,2000-02-14 02:30:00,2000-02-14 02:30:00,False,False
1090587,5129785,Texas,487,Wilbarger,OUN,2000-02-22 15:45:00,CST,2000-02-22 15:51:00,0,0,0,0,0K,,TRAINED SPOTTER,F0,Unknown,2.0,40.0,,,,,34.18333,-99.36667,34.2,-99.35,,"This tornado developed in the open country, 5 miles west-northwest of Vernon, and traveled 1 mile before becoming wrapped in rain. The tornado continued to track for approximately one mile before lifting. No damage was reported.",TX,2000-02-22 15:45:00,2000-02-22 15:51:00,False,False
1091414,5132599,Idaho,11,Bingham,PIH,2000-02-14 16:19:00,MST,2000-02-14 16:31:00,1,0,0,0,275K,,OFFICIAL NWS OBS.,F1,Unknown,9.0,200.0,,,,,43.28333,-112.18333,43.36667,-112.03333,,"Near Taylorsville a mobile home and garage were destroyed, 3 houses sustained minor roof damage and a cinder block building collapsed. Along the tornado's track, 4 center pivot and 5 wheel irrigation lines were damaged.",ID,2000-02-14 16:19:00,2000-02-14 16:31:00,False,False
1091402,5132427,Puerto Rico,127,San Juan,SJU,2000-02-23 14:35:00,AST,2000-02-23 14:45:00,0,0,0,0,,,EMERGENCY MANAGER,F0,Unknown,0.2,10.0,,,,,,,,,A Civil Defense official reported a a tornado along the Caguas expressway.,,,2000-02-23 14:35:00,2000-02-23 14:45:00,False,False
1091152,5132104,Texas,295,Lipscomb,AMA,2000-02-24 20:13:00,CST,2000-02-24 20:29:00,0,0,0,0,.5M,,TRAINED SPOTTER,F1,Unknown,14.0,150.0,,,,,36.33333,-100.13333,36.53333,-100.01667,"Severe thunderstorms developed across the eastern Texas panhandle producing two tornadoes, large hail, and high winds during the evening hours into the early morning hours. Considerable damage occurred with the severe weather over the extreme northeastern Texas panhandle.","The tornado track was estimated and the tornado damaged nine irrigation sprinklers. Trees were uprooted and fences were blown down three miles east of Follett. The tornado also damaged roof tops, outbuildings, water wind mills, and one tractor cab along with several power line poles. The tornado exited LIpscomb County of Amarillo's County Warning Area and continued moving northeast into Ellis County of Norman's County Warning Area.",TX,2000-02-24 20:13:00,2000-02-24 20:29:00,False,False
1091261,5132495,Florida,99,Palm Beach,MFL,2000-03-29 17:30:00,EST,2000-03-29 17:30:00,0,0,0,0,,,DEPT OF HIGHWAYS,F0,Unknown,0.1,10.0,,,,,26.7,-80.65,26.7,-80.65,,A brief tornado touchdown in a sugar cane field was witnessed by a T.V. news crew.,FL,2000-03-29 17:30:00,2000-03-29 17:30:00,False,False
1091370,5132573,Georgia,275,Thomas,TAE,2000-02-14 00:55:00,EST,2000-02-14 00:57:00,0,0,0,0,.5M,,EMERGENCY MANAGER,F3,Unknown,2.0,300.0,,,,,31.06667,-84.15,31.1,-84.1,,A strong tornado moved from the northeast corner of Grady County into extreme northwest Thomas County near Meigs. A few homes were damaged with numerous downed trees and power lines. Reported by the Thomas County EMA.,GA,2000-02-14 00:55:00,2000-02-14 00:57:00,False,False
1091152,5132011,Texas,393,Roberts,AMA,2000-02-24 18:42:00,CST,2000-02-24 18:48:00,0,0,0,0,,,TRAINED SPOTTER,F0,Unknown,2.0,25.0,,,,,35.76667,-100.63333,35.76667,-100.6,"Severe thunderstorms developed across the eastern Texas panhandle producing two tornadoes, large hail, and high winds during the evening hours into the early morning hours. Considerable damage occurred with the severe weather over the extreme northeastern Texas panhandle.",The tornado remained over open country and the track was estimated.,TX,2000-02-24 18:42:00,2000-02-24 18:48:00,False,False
1091370,5132159,Georgia,71,Colquitt,TAE,2000-02-14 01:39:00,EST,2000-02-14 01:42:00,0,0,1,0,.5M,,EMERGENCY MANAGER,F2,Unknown,1.0,200.0,,,,,31.31667,-83.63333,31.33333,-83.61667,,A strong tornado tore through extreme northeast Colquitt County near Crosland toppling trees and power lines before it moved into extreme southwest Tift County. Several mobile homes were damaged. One woman was killed in a mobile home just northeast of Crosland when a large tree and another mobile home were blown against her home. Colquitt County was declared a federal disaster area. Reported by a amateur radio operator and the Colquitt County EMA.,GA,2000-02-14 01:39:00,2000-02-14 01:42:00,False,False
1091370,5132572,Georgia,205,Mitchell,TAE,2000-02-14 00:57:00,EST,2000-02-14 01:02:00,1,0,1,0,1M,,EMERGENCY MANAGER,F3,Unknown,4.5,300.0,,,,,31.08333,-84.01667,31.06667,-84.01667,,A strong tornado tracked northeast from extreme northwest Thomas County into extreme southeastMitchell County. Numerous homes were damaged as well as downed trees and power lines. One man died from injuries sustained when the tornado destroyed his mobile home and neighboring woodframe home two miles north of Meigs. Reported by the Mitchell County EMA.,GA,2000-02-14 00:57:00,2000-02-14 01:02:00,False,False
1091088,5133317,Kentucky,55,Crittenden,PAH,2000-01-03 15:08:00,CST,2000-01-03 15:23:00,3,0,0,0,5M,,NWS STORM SURVEY,F3,Unknown,15.0,440.0,,,,,37.26667,-88.08333,37.38333,-87.81667,,"Although the tornado tracked about 15 miles through the county with estimated top winds of 160 mph, damage was relatively light due to the rural nature of the land. Based on aerial surveys, structures that were heavily damaged or destroyed included 85 homes, 5 to 10 businesses, and 50 to 80 barns and outbuildings. Three people in the Crayne area were transported to a hospital for non life-threatening injuries. About 35 National Guard personnel were deployed to Crittenden County, primarily for damage assessment and security operations. An emergency shelter was opened to accomodate roughly 25 homeless persons.",KY,2000-01-03 15:08:00,2000-01-03 15:23:00,False,False
1091661,5134496,Arkansas,103,Ouachita,LZK,2000-02-26 00:00:00,CST,2000-02-26 00:00:00,0,0,0,0,,,NWS STORM SURVEY,F1,Unknown,0.3,30.0,,,,,33.48333,-92.78333,33.48333,-92.78333,,"A weak tornado touched down briefly about 7.4 miles south-southeast of Camden in Ouachita County. The tornado affected an area along Arkansas County Road 67, with damage confined to a hilltop. A barn, a shed and a portable office building were destroyed. The house next to these structures was struck by flying debris, damaging part of the roof, smashing in a window, and tearing a couple of holes in the siding. A large travel trailer was also damaged. Tin was left hanging from a large tree which had previously lost many of its limbs in the Camden tornado of 1979.",AR,2000-02-26 00:00:00,2000-02-26 00:00:00,False,False
1091662,5134497,Arkansas,45,Faulkner,LZK,2000-02-26 03:16:00,CST,2000-02-26 03:16:00,0,0,0,0,,,NWS STORM SURVEY,F1,Unknown,0.2,25.0,,,,,35.33333,-92.41667,35.33333,-92.41667,,"A weak tornado touched down briefly in the Twin Groves community of Faulkner County, or 3.1 miles south of Damascus. The tornado affected areas along the new unopened section of U.S. Highway 65. A wood frame house suffered severe damage when it was blown off of its foundation of concrete blocks. A church had many of its roof shingles blown off. Also, a roof extending over a driveway at the church was damaged with pieces of siding removed. Several trees were uprooted and a light pole was downed.",AR,2000-02-26 03:16:00,2000-02-26 03:16:00,False,False
1091088,5131965,Kentucky,233,Webster,PAH,2000-01-03 15:23:00,CST,2000-01-03 15:32:00,0,0,0,0,2.4M,,NWS STORM SURVEY,F3,Unknown,9.0,440.0,,,,,37.38333,-87.85,37.48333,-87.73333,,The tornado caused extensive damage in the community of Diamond. Both Crittenden and Webster Counties were declared federal disaster areas.,KY,2000-01-03 15:23:00,2000-01-03 15:32:00,False,False
1091370,5132156,Georgia,205,Mitchell,TAE,2000-02-13 23:42:00,EST,2000-02-14 00:03:00,175,0,11,0,20M,2M,EMERGENCY MANAGER,F3,Unknown,9.2,300.0,,,,,31.16667,-84.26667,31.23333,-84.11667,,"A strong tornado tore through two major subdivisions and four mobile home parks just south of Camilla after touching down just east of Branchville. Damage assessments from the American Red Cross and Federal Emergency Management Agency reported 200 homes destroyed and 250 homes were damaged. Two miles south of Camilla on GA Highway 112, a large trailer manufacturing plant was destroyed. Eleven fatalities were confirmed by the Georgia Emergency Management Agency, all of which resided in mobile homes. Approximately 175 persons were injured. The American Red Cross and Salvation Army opened several shelters for the homeless. Hundreds of acres of pecan trees were uprooted, pine trees snapped, and power lines toppled. Numerous irrigation systems were damaged. Property damage estimates totalled $20 million with crop losses estimated at $2 million. Mitchell County was declared a federal disaster area. Reported by the Mitchell County EMA.",GA,2000-02-13 23:42:00,2000-02-14 00:03:00,False,False
1091370,5132157,Georgia,131,Grady,TAE,2000-02-14 00:49:00,EST,2000-02-14 00:55:00,15,0,6,0,3.5M,3M,EMERGENCY MANAGER,F3,Unknown,8.5,300.0,,,,,31.01667,-84.2,31.0,-84.05,,"A strong tornado tore through northern Grady County, then crossed into extreme northwest Thomas County. Fifteen homes were destroyed and numerous damaged. Fifteen persons were injured, mostly from flying debris. Six fatalities were confirmed by the Georgia Emergency Management Agency: four deaths in mobile homes and two in a woodframe home. Scores of pecan trees were uprooted, pine trees snapped and power lines toppled. Farmers suffered major losses to irrigation equipment, trailers and shelters. Eight chicken houses were flattened, killing a half million chickens. Grady County was declared a federal disaster area. Reported by the Grady County EMA.",GA,2000-02-14 00:49:00,2000-02-14 00:55:00,False,False
1091370,5132158,Georgia,71,Colquitt,TAE,2000-02-14 01:21:00,EST,2000-02-14 01:27:00,0,0,0,0,75K,,EMERGENCY MANAGER,F1,Unknown,2.0,50.0,,,,,31.18333,-83.85,31.23333,-83.8,,A tornado touched down just west of Moultrie and tracked northeast. One home was damaged on Hartsfield Road just north of Moultrie. Numerous downed trees and power lines. Reported by the Colquitt County EMA.,GA,2000-02-14 01:21:00,2000-02-14 01:27:00,False,False
1091370,5133530,Georgia,87,Decatur,TAE,2000-02-13 23:19:00,EST,2000-02-13 23:25:00,1,0,0,0,1M,,EMERGENCY MANAGER,F1,Unknown,0.2,50.0,,,,,31.05,-84.38333,31.05,-84.38333,,"A tornado destroyed several homes, and downed trees and power lines at the intersection of CR 97 and CR 262. One person was injured by flying debris. Decatur County was declared a federal disaster area. Reported by the Decatur County EMA.",GA,2000-02-13 23:19:00,2000-02-13 23:25:00,False,False
1091973,5134028,Texas,67,Cass,SHV,2000-03-26 21:53:00,CST,2000-03-26 21:55:00,0,0,0,0,,,NWS STORM SURVEY,F0,Unknown,1.8,25.0,,,,,33.25,-94.45,33.13333,-94.38333,,A weak tornado developed along a squall line as it moved southeast across the county. There is some thought that this tornado may have been a strong gustnado which formed along the leading edge of the squall line.,TX,2000-03-26 21:53:00,2000-03-26 21:55:00,False,False
1091635,5134037,Arkansas,125,Saline,LZK,2000-02-18 12:03:00,CST,2000-02-18 12:15:00,9,0,0,0,,,NWS STORM SURVEY,F1,Unknown,7.8,75.0,,,,,34.58333,-92.65,34.58333,-92.5,,"A weak tornado was spawned in Saline County about 3.6 miles west-northwest of Benton. The tornado moved east into the Benton area, damaging homes and businesses. There were 66 homes with minor damage, 18 homes with major damage and 10 commercial buildings damaged. There were 9 injuries reported, with the injured treated and released from the hospital. The tornado also downed trees and power lines before dissipating 1.2 miles southwest of Bryant.",AR,2000-02-18 12:03:00,2000-02-18 12:15:00,False,False
1091636,5134038,Arkansas,119,Pulaski,LZK,2000-02-18 12:40:00,CST,2000-02-18 12:40:00,0,0,0,0,,,NWS STORM SURVEY,F0,Unknown,0.3,40.0,,,,,34.6,-92.21667,34.6,-92.21667,,"A weak tornado touched down briefly in the Wrightsville area of Pulaski County. The tornado crossed Arkansas Highway 365 and tore the tops out of a number of pine trees. A few trees were uprooted, with part of a tree falling on a car. Also, some roofs suffered damage from fallen trees. Other roofs had shingles removed, with a shed damaged as well.",AR,2000-02-18 12:40:00,2000-02-18 12:40:00,False,False
1091640,5134042,Arkansas,119,Pulaski,LZK,2000-02-18 12:50:00,CST,2000-02-18 12:51:00,0,0,0,0,,,NWS STORM SURVEY,F0,Unknown,0.5,50.0,,,,,34.63333,-92.13333,34.63333,-92.13333,,"A weak tornado touched down briefly about 5.2 miles south-southwest of Scott in Pulaski County. The tornado removed a small steeple from a church. Also, a carport and a shed were damaged, and several trees and power lines were blown down. The tornado dissipated around 4.7 miles south-southwest of Scott.",AR,2000-02-18 12:50:00,2000-02-18 12:51:00,False,False
1090753,5131040,Mississippi,61,Jasper,JAN,2000-01-03 17:29:00,CST,2000-01-03 17:33:00,0,0,0,0,125K,,EMERGENCY MANAGER,F2,Unknown,4.0,300.0,,,,,,,,,,This strong tornado nearly destroyed a cinder-block convenience store. One house received major damage as its roof was thrown about fifty yards away. A mobile home was blown off of its foundation and thrown about fifty yards into adjacent woods where it was left in total destruction. Several barns and sheds were either destroyed or received major damage. Several hundred trees were either blown down or snapped off. There were no injuries or fatalities. The tornado left north central Jasper County and moved into south central Newton County.,MS,2000-01-03 17:29:00,2000-01-03 17:33:00,False,False
1091207,5133311,Georgia,279,Toombs,FFC,2000-03-27 17:55:00,EST,2000-03-27 17:55:00,0,0,0,0,50K,,NWS STORM SURVEY,F0,Unknown,0.3,150.0,,,,,32.16667,-82.31667,32.16667,-82.28333,,Sight survey by NWS personel verified that a weak tornado briefly touched down along a 1/4 to 1/3 mile long path in southeast Toombs county. The storm destroyed a mobile home and 3 vehicles in an open area. Thirty to forty trees alongside the open area were uprooted or snapped off. The storm path varied 100 to 200 yards wide.,GA,2000-03-27 17:55:00,2000-03-27 17:55:00,False,False
1092674,5136499,Oklahoma,79,Le Flore,TSA,2000-03-26 18:45:00,CST,2000-03-26 18:51:00,0,0,0,0,1.2M,,NWS STORM SURVEY,F2,Unknown,4.0,300.0,,,,,34.85,-94.63333,34.81667,-94.6,,"A tornado touched down 1.5 miles northwest of Hodgen and moved southeast passing near the town of Hodgen before lifting 2 miles southeast of Hodgen. Three mobile homes were destroyed and as many as eight others were damaged. In addition, two broiler houses were destroyed, killing all the chickens inside.A few other agriculture structures were damaged and a few power lines were blown down.",OK,2000-03-26 18:45:00,2000-03-26 18:51:00,False,False
1092674,5136500,Oklahoma,127,Pushmataha,TSA,2000-03-26 19:55:00,CST,2000-03-26 19:55:00,0,0,0,0,.5K,,EMERGENCY MANAGER,F0,Unknown,0.2,50.0,,,,,34.2,-95.41667,34.2,-95.41667,,A tornado briefly touched down near Rattan. Emergency management reported only tree damage with this tornado.,OK,2000-03-26 19:55:00,2000-03-26 19:55:00,False,False
1092675,5136507,Arkansas,131,Sebastian,TSA,2000-03-26 18:25:00,CST,2000-03-26 18:27:00,0,0,0,0,.5K,,NWS STORM SURVEY,F0,Unknown,1.5,100.0,,,,,35.3,-94.13333,35.3,-94.1,,A tornado touched down just east of Bloomer and produced tree damage as it moved into Franklin County.,AR,2000-03-26 18:25:00,2000-03-26 18:27:00,False,False
1092675,5136508,Arkansas,47,Franklin,TSA,2000-03-26 18:27:00,CST,2000-03-26 18:29:00,0,0,0,0,.5K,,NWS STORM SURVEY,F0,Unknown,1.0,100.0,,,,,35.3,-94.06667,35.3,-94.05,,A tornado touched down east of Bloomer in Sebastian County and tracked into Franklin County before lifting just west of Charleston. Only tree damage was observed.,AR,2000-03-26 18:27:00,2000-03-26 18:29:00,False,False
1092143,5136575,Oklahoma,53,Grant,OUN,2000-03-15 17:43:00,CST,2000-03-15 17:44:00,0,0,0,0,0K,,STORM CHASER,F0,Unknown,0.5,25.0,,,,,36.85,-97.95,36.85,-97.95,"Severe thunderstorms developed across portions of western and central Oklahoma during the afternoon and evening of the 15th, producing large hail and spawning 2 tornadoes.",This tornado formed about 2.5 miles southwest of Wakita and was described as brief and rope-like. No damage was observed or reported.,OK,2000-03-15 17:43:00,2000-03-15 17:44:00,False,False
1092143,5136576,Oklahoma,3,Alfalfa,OUN,2000-03-15 16:52:00,CST,2000-03-15 16:56:00,0,0,0,0,0K,,STORM CHASER,F0,Unknown,2.5,50.0,,,,,36.81667,-98.18333,36.8,-98.15,"Severe thunderstorms developed across portions of western and central Oklahoma during the afternoon and evening of the 15th, producing large hail and spawning 2 tornadoes.","This tornado formed about 7.5 miles southeast of Byron and tracked southeast for 2.5 miles, crossing State Route 11 before dissipating. No damage was reported.",OK,2000-03-15 16:52:00,2000-03-15 16:56:00,False,False
1091869,5133907,Tennessee,37,Davidson,OHX,2000-02-13 18:04:00,CST,2000-02-13 18:15:00,1,0,0,0,500K,,NWS STORM SURVEY,F1,Unknown,4.3,200.0,,,,,36.15,-86.86667,36.15,-86.8,,"About 50 homes and 20 businesses received damage from this tornado. A 25 foot hackberry tree fell on a house. An oak tree crashed into the side of a building. A school trailer was destroyed at St. Vincent De Paul School. There was 15 rooftop damage at an apartment complex on Delta Street. The hardest hit area of downtown Nashville was the Eight Avenue North and Bordeaux . The tornado started around Scovel Street and 28th Avenue North. Extensive damage occurred from this location and to the eastnortheast for just over a mile in length. Numerous trees were uprooted or snapped. Powerlines were down. A number of homes suffered roof damage. The tornado crossed I-265 , moving eastnortheast reaching Arthur Avenue, 10th Ave. and 9th Ave. North, crossed the Cumberland River and then reaching Dickerson Pike and Ellington Parkway, finally dissipating around Petway Avenue and Gallatin Road.One woman was injured when an interstate sign blew into her car and caused her to wreck.",TN,2000-02-13 18:04:00,2000-02-13 18:15:00,False,False
1092079,5134392,North Carolina,49,Craven,MHX,2000-03-17 00:10:00,EST,2000-03-17 00:11:00,0,0,0,0,50K,,LAW ENFORCEMENT,F0,Unknown,0.5,50.0,,,,,35.16667,-77.21667,35.16667,-77.21667,,An F0 tornado touched down near Tuscorora along State Road 1005. The tornado destroyed a couple of mobile homes and took the roof off of one house.,NC,2000-03-17 00:10:00,2000-03-17 00:11:00,False,False
1092120,5135331,Florida,63,Jackson,TAE,2000-03-11 15:16:00,EST,2000-03-11 15:20:00,0,0,0,0,200K,,EMERGENCY MANAGER,F1,Unknown,2.0,75.0,,,,,30.73333,-85.01667,30.73333,-84.98333,,"An F1 tornado downed a hundred large pine trees and damaged a pump house, mobile home, and a barn. Reported by a storm spotter.",FL,2000-03-11 15:16:00,2000-03-11 15:20:00,False,False
1091463,5133105,Missouri,85,Hickory,SGF,2000-02-25 14:20:00,CST,2000-02-25 14:25:00,0,0,0,0,500K,,NWS STORM SURVEY,F1,Unknown,5.0,100.0,,,,,37.9,-93.2,37.96667,-93.18333,"An F1 tornado, with an intermittent 100 yard wide damage path, touched down 3 miles southeast of Preston, MO. The tornado traveled rapidly northeast and lifted 4 miles northeast of Preston. The roof to the Skyline Elementary School was damaged. Most of the school's bus maintenance building either blew away or collapsed. Debris damaged three vehicles nearby. The bus maintenance communication tower was severely damaged. Two nearby homes were damaged and numerous outbuildings were destroyed.Even though school was in session when the tornado hit, there were no injuries reported. Advanced warning allowed the school to activate their emergency storm plan. Children and school officials took shelter in interior hallways.Two persons in the bus maintenance shed took shelter in a framed office within the interior of the large shed and were also uninjured.",,MO,2000-02-25 14:20:00,2000-02-25 14:25:00,False,False
1091973,5134025,Texas,387,Red River,SHV,2000-03-26 21:28:00,CST,2000-03-26 21:32:00,0,0,0,0,2K,,NWS STORM SURVEY,F1,Unknown,2.3,25.0,,,,,33.63333,-94.78333,33.61667,-94.75,,"Tornado developed on the comma head at the northern end of a bow echo. A few trees were blown over or broken. A church lost part of its roof. This tornado continued into Bowie County, TX",TX,2000-03-26 21:28:00,2000-03-26 21:32:00,False,False
1091973,5134026,Texas,37,Bowie,SHV,2000-03-26 21:32:00,CST,2000-03-26 21:36:00,0,0,0,0,,,NWS STORM SURVEY,F1,Unknown,2.5,25.0,,,,,33.6,-94.73333,33.58333,-94.71667,,"Tornado developed on the comma head at the northern end of a bow echo. A few trees were blown over or broken. This tornado was a continuation of the Red River county, TX tornado.",TX,2000-03-26 21:32:00,2000-03-26 21:36:00,False,False
1091973,5134027,Texas,37,Bowie,SHV,2000-03-26 21:29:00,CST,2000-03-26 21:31:00,0,0,0,0,,,NWS STORM SURVEY,F1,Unknown,1.3,25.0,,,,,33.46667,-94.63333,33.45,-94.63333,,Tornado developed along a squall line supercell as it moved southeast across the county. A few trees and tree limbs were broken. One tree was laid across the edge of a house and carport but no apparant physical damage was done to the home or carport.,TX,2000-03-26 21:29:00,2000-03-26 21:31:00,False,False
1090803,5132929,Washington,13,Columbia,PDT,2000-01-16 09:00:00,PST,2000-01-16 09:00:00,0,0,0,0,100K,,GENERAL PUBLIC,F1,Unknown,1.0,50.0,,,,,46.31667,-118.0,46.31667,-117.98333,"On January 16th a strong occluded front crossed the Columbia Basin. This front developed from a deep low pressure system off the coast of Washington. A line of convective showers along the front brought wind gusts of 46 mph to Walla Walla, which is 25 miles southwest of Dayton. At 9 am, several witnesses reported that a tornado developed just south of US Highway 12 one mile southwest of Dayton. At this location, the second story of a barn was damaged and a mobile home was flipped over. The tornado then followed an intermittent path for around one mile through the south side of Dayton. This path followed the floodplain of the Touchet River, which is just to the north of Rock Hill. Rock Hill is a 700 ft. ridge just to the southwest of Dayton. Several large trees were felled, including a 50 yard wide section of a line of trees along the east side of the river. In the south side of Dayton, an elementary school had several shingles removed and damage to the roof's trim. Finally, considerable damage occurred to a house on Peabody Hill just southeast of Dayton. A large conifer fell and hit the side of a house. A brick chimmey collapsed on this same house as well.",,WA,2000-01-16 09:00:00,2000-01-16 09:00:00,False,False
1092349,5136313,Florida,7,Bradford,JAX,2000-03-30 15:50:00,EST,2000-03-30 16:00:00,0,0,0,0,30K,,EMERGENCY MANAGER,F0,Unknown,5.0,10.0,,,,,29.9,-82.1,29.96667,-82.1,,Very weak tornado. Damaged three homes.,FL,2000-03-30 15:50:00,2000-03-30 16:00:00,False,False
1092135,5136038,Texas,465,Val Verde,EWX,2000-03-22 00:40:00,CST,2000-03-22 00:42:00,0,0,0,0,50K,80K,PARK/FOREST SERVICE,F1,Unknown,1.0,200.0,,,,,29.46667,-101.01667,29.48333,-101.03333,,"A small tornado was produced by a supercell storm that had formed in Mexico and moved northeastward into the U.S. The tornado destroyed a small barn, overturned trailers and killed several cattle. The report was made simultaneously by a rancher and a park ranger.",TX,2000-03-22 00:40:00,2000-03-22 00:42:00,False,False
1092135,5136039,Texas,465,Val Verde,EWX,2000-03-22 01:28:00,CST,2000-03-22 01:29:00,0,0,0,0,0,0,LAW ENFORCEMENT,F0,Unknown,0.2,20.0,,,,,29.48333,-101.21667,29.48333,-101.21667,,A small and short-lived tornado was observed by Sheriff's Deputies as it scattered debris along US277.,TX,2000-03-22 01:28:00,2000-03-22 01:29:00,False,False
1090754,5132822,Mississippi,101,Newton,JAN,2000-01-03 17:33:00,CST,2000-01-03 17:36:00,0,0,0,0,40K,,NWS STORM SURVEY,F1,Unknown,2.0,120.0,,,,,,,,,,This tornado move into south central Newton County from north central Jasper County. It caused significant damage to a few barns. Numerous trees were blown down.,MS,2000-01-03 17:33:00,2000-01-03 17:36:00,False,False
1092128,5136982,Texas,299,Llano,EWX,2000-03-10 17:40:00,CST,2000-03-10 17:43:00,0,0,0,0,10K,0,LAW ENFORCEMENT,F1,Unknown,1.0,100.0,,,,,30.65,-98.78333,30.65,-98.76667,,A short-lived tornado was observed by officers from the Sheriff's Department as it moved toward the east-northeast. It was located in open country and damage was limited to trees blown down along its path.,TX,2000-03-10 17:40:00,2000-03-10 17:43:00,False,False
1092128,5136983,Texas,299,Llano,EWX,2000-03-10 17:41:00,CST,2000-03-10 17:42:00,0,0,0,0,0,0,LAW ENFORCEMENT,F0,Unknown,0.1,20.0,,,,,30.7,-98.66667,30.7,-98.66667,,A second tornado was sighted by Sheriff's Department officers in open country. No damage was indicated.,TX,2000-03-10 17:41:00,2000-03-10 17:42:00,False,False
1092674,5136497,Oklahoma,101,Muskogee,TSA,2000-03-26 17:00:00,CST,2000-03-26 17:00:00,0,0,0,0,,,GENERAL PUBLIC,F0,Unknown,0.2,50.0,,,,,35.36667,-95.26667,35.36667,-95.26667,,The public reported a brief tornado touchdown near Porum. No damage was reported.,OK,2000-03-26 17:00:00,2000-03-26 17:00:00,False,False
1092674,5136498,Oklahoma,121,Pittsburg,TSA,2000-03-26 18:43:00,CST,2000-03-26 18:43:00,0,0,0,0,,,GENERAL PUBLIC,F0,Unknown,0.2,50.0,,,,,34.71667,-95.85,34.71667,-95.85,,The public reported a brief tornado touchdown near Pittsburg. No damage was reported.,OK,2000-03-26 18:43:00,2000-03-26 18:43:00,False,False
1091416,5133079,Idaho,11,Bingham,PIH,2000-02-14 16:15:00,MST,2000-02-14 16:25:00,0,0,0,0,350K,,NWS STORM SURVEY,F1,Unknown,6.0,200.0,,,,,43.35,-112.11667,43.4,-112.06667,"This tornado's track started in Bingham county where it destroyed a garage in Shelley. The Shelley High School sustained roof damage. Along the tornado's path, about 10 homes sustained roof damage, 6 center pivot and 12 wheel line irrigation systems sustained damage or were destroyed. The tornado then moved into Bonneville county where a house lost its roof in Ammon. Nearby, several large, metal framed, electric transmission poles were snapped.",,ID,2000-02-14 16:15:00,2000-02-14 16:25:00,False,False
1091416,5133080,Idaho,19,Bonneville,PIH,2000-02-14 16:25:00,MST,2000-02-14 16:30:00,0,0,0,0,150K,,NWS STORM SURVEY,F1,Unknown,6.0,200.0,,,,,43.41667,-112.06667,43.46667,-111.98333,"This tornado's track started in Bingham county where it destroyed a garage in Shelley. The Shelley High School sustained roof damage. Along the tornado's path, about 10 homes sustained roof damage, 6 center pivot and 12 wheel line irrigation systems sustained damage or were destroyed. The tornado then moved into Bonneville county where a house lost its roof in Ammon. Nearby, several large, metal framed, electric transmission poles were snapped.",,ID,2000-02-14 16:25:00,2000-02-14 16:30:00,False,False
1091417,5133081,Idaho,77,Power,PIH,2000-02-14 15:40:00,MST,2000-02-14 15:48:00,0,0,0,0,375K,,OFFICIAL NWS OBS.,F0,Unknown,9.0,100.0,,,,,42.78333,-112.83333,42.91667,-112.63333,,"A large metal farm building was damaged 6W of Pocatello airport: siding pushed in and roof partially removed. Nearby, a cinder block and a steel framed potato storage buildings collapsed. A large grain silo sustained severe damage. A recreation fee building destroyed and several large trees downed at Willow Bay county park. Throughout the tornado's path, irrigations center pivots flipped and wheel line systems twisted.",ID,2000-02-14 15:40:00,2000-02-14 15:48:00,False,False
1092147,5137046,Oklahoma,133,Seminole,OUN,2000-03-26 17:23:00,CST,2000-03-26 17:23:00,0,0,0,0,0,,NWS EMPLOYEE(OFF DUTY),F0,Unknown,0.1,75.0,,,,,35.3,-96.5,35.3,-96.5,"During the afternoon and early evening of the 26th severe thunderstorms formed over central and eastern Oklahoma. In addition to very large hail, numerous tornadoes were spawned, 2 of which occurred in the Norman Forecast area. See Tulsa storm data for tornadoes across eastern Oklahoma.",This tornado developed 3 miles southwest of Cromwell and was observed by an off-duty National Weather Service meteorologist. The tornado was small and brief with no damage occurring.,OK,2000-03-26 17:23:00,2000-03-26 17:23:00,False,False
1092147,5137047,Oklahoma,5,Atoka,OUN,2000-03-26 18:55:00,CST,2000-03-26 18:56:00,0,0,0,0,.5K,,NWS STORM SURVEY,F1,Unknown,0.5,250.0,,,,,34.53333,-95.68333,34.53333,-95.68333,"During the afternoon and early evening of the 26th severe thunderstorms formed over central and eastern Oklahoma. In addition to very large hail, numerous tornadoes were spawned, 2 of which occurred in the Norman Forecast area. See Tulsa storm data for tornadoes across eastern Oklahoma.",This tornado formed about 2.5 miles east of Daisy in extreme eastern Atoka County and was confirmed by a damage survey from a National Weather Service meteorologist. The tornado tracked for approximately 1/2 mile and sheared in half numerous large trees on or near Clayton Road.,OK,2000-03-26 18:55:00,2000-03-26 18:56:00,False,False
1092167,5136600,South Carolina,85,Sumter,CAE,2000-03-16 18:32:00,EST,2000-03-16 18:32:00,0,0,0,0,0,0,TRAINED SPOTTER,F0,Unknown,0.2,40.0,,,,,34.08333,-80.55,34.1,-80.55,,Spotter observed an F0 touch down on his property which took down some trees.,SC,2000-03-16 18:32:00,2000-03-16 18:32:00,False,False
1092128,5136984,Texas,299,Llano,EWX,2000-03-10 17:58:00,CST,2000-03-10 17:59:00,0,0,0,0,0,0,LAW ENFORCEMENT,F0,Unknown,0.1,15.0,,,,,30.65,-98.48333,30.65,-98.48333,,"As the supercell thunderstorm continued eastward, it spawned a third tornado just west of Kingsland. Again, this tornado was very small and short-lived and caused no known damage.",TX,2000-03-10 17:58:00,2000-03-10 17:59:00,False,False
1092125,5136530,Florida,45,Gulf,TAE,2000-03-16 12:20:00,EST,2000-03-16 12:20:00,0,0,0,0,150K,,GENERAL PUBLIC,F0,Unknown,0.2,50.0,,,,,29.81667,-85.3,29.81667,-85.3,,A waterspout developed over St Joseph Bay and moved onshore. An office building sustained minor damage. Reported by the Gulf County EMA.,FL,2000-03-16 12:20:00,2000-03-16 12:20:00,False,False
1092838,5137337,Kansas,97,Kiowa,DDC,2000-03-23 16:02:00,CST,2000-03-23 16:05:00,0,0,0,0,,,TRAINED SPOTTER,F0,Unknown,1.0,50.0,,,,,37.71667,-99.3,37.71667,-99.3,,Tornado started in Kiowa county but did the damage in Edwards county.,KS,2000-03-23 16:02:00,2000-03-23 16:05:00,False,False
1092838,5137338,Kansas,47,Edwards,DDC,2000-03-23 16:05:00,CST,2000-03-23 16:30:00,0,0,0,0,,,TRAINED SPOTTER,F1,Unknown,12.0,100.0,,,,,37.73333,-99.25,37.88333,-99.21667,,This tornado entered the county from Kiowa county where it began at 402 PM. The tornado destroyed a center pivot sprinkler 5 miles south of Centerview and another 2.5 northeast of Centerview. Power poles were brought down 4 miles southeast of Centerview.,KS,2000-03-23 16:05:00,2000-03-23 16:30:00,False,False
1092838,5137339,Kansas,47,Edwards,DDC,2000-03-23 16:50:00,CST,2000-03-23 16:54:00,0,0,0,0,,,TRAINED SPOTTER,F1,Unknown,2.0,100.0,,,,,37.96667,-99.15,37.98333,-99.15,,Ten power poles were destroyed and two pivot spinklers were damaged. The tornado continued into Pawnee county at 454 PM.,KS,2000-03-23 16:50:00,2000-03-23 16:54:00,False,False
1092642,5136863,Texas,353,Nolan,SJT,2000-03-22 20:17:00,CST,2000-03-22 20:17:00,0,0,0,0,,,TRAINED SPOTTER,F0,Unknown,0.1,20.0,,,,,32.43333,-100.61667,32.43333,-100.61667,,A spotter reported a brief tornado touchdown across extreme northwest Nolan County.,TX,2000-03-22 20:17:00,2000-03-22 20:17:00,False,False
1090926,5131051,Arkansas,5,Baxter,LZK,2000-01-03 06:22:00,CST,2000-01-03 06:25:00,0,0,0,0,,,NWS STORM SURVEY,F1,Unknown,1.8,40.0,,,,,36.21667,-92.18333,36.23333,-92.15,,"A weak tornado was spawned in eastern Baxter County just south of Jordan. The tornado moved northeast, destroying a travel trailer and blowing over two 53-foot semi truck trailers in the Rodney community. One of the trailers fell on a new truck tractor. The tornado then moved into western Izard County.",AR,2000-01-03 06:22:00,2000-01-03 06:25:00,False,False
1090927,5131052,Arkansas,65,Izard,LZK,2000-01-03 06:25:00,CST,2000-01-03 06:30:00,0,0,0,0,,,NWS STORM SURVEY,F1,Unknown,3.0,40.0,,,,,36.23333,-92.16667,36.26667,-92.1,,"A weak tornado moved from eastern Baxter County into western Izard County, heading to the northeast. A couple of turkey houses were heavily damaged north of Dolph, with several trees downed as well. The tornado eventually dissipated about 2 miles north-northeast of Dolph.",AR,2000-01-03 06:25:00,2000-01-03 06:30:00,False,False
1090963,5131794,Florida,71,Lee,TBW,2000-01-24 03:29:00,EST,2000-01-24 03:33:00,0,0,0,0,500K,0,EMERGENCY MANAGER,F1,Unknown,2.5,75.0,,,,,26.43333,-81.63333,26.43333,-81.6,,"A tornado (F1) touched down approximately one mile southwest of Corkscrew road on Lazy D Farms road where it downed a few trees, caused minor damage to a weathered mobile home, slightly damaged two vehicles and killed two cows. The tornado continued northeast where it caused minor damage to three planes and a recreational vehicle in a hanger on Corkscrew Trace road.The tornado crossed Corkscrew road and caused moderate damage to a 3000 gallon water tank on the north side of the road. The water tank was moved nearly a thousand yards by the tornadic wind. The tornado proceeded northeast and caused minor to moderate damage to a couple of pole barns and destroyed a storage shed along Katydid Lane.The tornado caused minor to moderate damage to a few weathered mobile homes, pole barns and sheds along Wildcat road before it lifted and dissipated.A total of eight homes, four pole barns, four storage sheds, several cars, an airplane hanger and several trees, were damaged by the F1 tornado.",FL,2000-01-24 03:29:00,2000-01-24 03:33:00,False,False
1091925,5133880,Texas,383,Reagan,MAF,2000-02-22 13:19:00,CST,2000-02-22 13:30:00,0,0,0,0,,,OFFICIAL NWS OBS.,F0,Unknown,4.0,100.0,,,,,31.51667,-101.83333,31.51667,-101.83333,,Tornado reported half way between Midkiff and the North Reagan Fire Department. No damage path was ever found.,TX,2000-02-22 13:19:00,2000-02-22 13:30:00,False,False
1091762,5133809,Arkansas,123,St. Francis,MEG,2000-02-18 15:00:00,CST,2000-02-18 15:05:00,0,0,0,0,25K,,EMERGENCY MANAGER,F0,Unknown,1.0,25.0,,,,,35.08333,-90.76667,35.08333,-90.76667,,A mobile home was overturned. Several homes were damaged.,AR,2000-02-18 15:00:00,2000-02-18 15:05:00,False,False
1091763,5133812,Mississippi,93,Marshall,MEG,2000-02-18 16:14:00,CST,2000-02-18 16:20:00,0,0,0,0,,,LAW ENFORCEMENT,F0,Unknown,1.0,25.0,,,,,35.0,-89.51667,34.98333,-89.51667,,A tornado briefly touched down producing little damage.,MS,2000-02-18 16:14:00,2000-02-18 16:20:00,False,False
1091763,5133814,Mississippi,161,Yalobusha,MEG,2000-02-18 17:19:00,CST,2000-02-18 17:25:00,0,0,0,0,,,AMATEUR RADIO,F0,Unknown,1.0,25.0,,,,,33.93333,-89.88333,33.95,-89.86667,,A tornado briefly touched down producing little damage.,MS,2000-02-18 17:19:00,2000-02-18 17:25:00,False,False
1091763,5133817,Mississippi,3,Alcorn,MEG,2000-02-18 18:15:00,CST,2000-02-18 18:20:00,0,0,0,0,,,EMERGENCY MANAGER,F0,Unknown,1.0,25.0,,,,,34.96667,-88.38333,34.96667,-88.38333,,A tornado briefly touched down producing little damage.,MS,2000-02-18 18:15:00,2000-02-18 18:20:00,False,False
1091464,5133194,Missouri,167,Polk,SGF,2000-02-25 14:00:00,CST,2000-02-25 14:05:00,0,0,0,0,60K,,NWS STORM SURVEY,F0,Unknown,1.0,100.0,,,,,37.73333,-93.33333,37.75,-93.31667,An F0 tornado produced a 100 yard intermittent damage path from one mile west to one mile north of Polk. The tornado downed trees and destroyed five outbuildings. Two other barns sustained major damage and two homes received minor damage.,,MO,2000-02-25 14:00:00,2000-02-25 14:05:00,False,False
1092783,5137799,Alabama,105,Perry,BMX,2000-03-10 21:11:00,CST,2000-03-10 21:12:00,0,0,0,0,10K,0K,NWS STORM SURVEY,F0,Unknown,0.1,100.0,,,,,32.88333,-87.1,32.88333,-87.1,"A weak tornado began just inside the Perry County border near SR 219 and continued on a 12 mile path into Bibb County. The tornado ended just south of Randolph near CR 36. One home had its front porch ripped off and corners of the roof partially torn up in Perry County near SR 219. Numerous trees were knocked down or snapped off during the entire track of the tornado. In Bibb County, one mobile home had damage to its roof and siding. Another home sustained minor roof damage near SR 219. In Lawley, one tree fell onto a mobile home damaging it severely. Several barns were also damaged and a few homes had minor roof damage. The tornado traveled through mostly rural areas. Beginning: 32 50.147/87 6.718 Ending: 32 53.803/86 55.024",,AL,2000-03-10 21:11:00,2000-03-10 21:12:00,False,False
1091897,5135250,Nevada,31,Washoe,REV,2000-02-10 13:40:00,PST,2000-02-10 13:40:00,0,0,0,0,0,,AIRPLANE PILOT,F0,Unknown,0.5,15.0,,,,,39.55,-119.76667,39.55,-119.76667,,"Pilot and public reported a small tornado located 5 miles north of Sparks in Spanish Springs Valley. No injuries were reported and only minor property damage, the amount of which is unknown.",NV,2000-02-10 13:40:00,2000-02-10 13:40:00,False,False
1091892,5134744,Mississippi,43,Grenada,JAN,2000-02-18 17:15:00,CST,2000-02-18 17:15:00,0,0,0,0,5K,,EMERGENCY MANAGER,F0,Unknown,1.0,40.0,,,,,33.88333,-89.85,33.88333,-89.85,,Several trees were blown down by this weak tornado.,MS,2000-02-18 17:15:00,2000-02-18 17:15:00,False,False
1091892,5134749,Mississippi,87,Lowndes,JAN,2000-02-18 20:25:00,CST,2000-02-18 20:25:00,0,0,0,0,,,STORM CHASER,F0,Unknown,1.0,40.0,,,,,33.45,-88.61667,33.45,-88.61667,,This tornado passed through open field and no damage was reported.,MS,2000-02-18 20:25:00,2000-02-18 20:25:00,False,False
1092081,5134809,North Carolina,133,Onslow,MHX,2000-03-16 23:30:00,EST,2000-03-16 23:30:00,0,0,0,0,20K,,LAW ENFORCEMENT,F0,Unknown,0.2,50.0,,,,,34.9,-77.53333,34.9,-77.53333,,An F0 tornado briefly touched down near the town of Richlands destroying one mobile home.,NC,2000-03-16 23:30:00,2000-03-16 23:30:00,False,False
1092995,5138945,Georgia,231,Pike,FFC,2000-04-03 19:35:00,EST,2000-04-03 19:41:00,0,0,0,0,15K,,NWS STORM SURVEY,F1,Unknown,3.0,50.0,,,,,33.13333,-84.3,33.16667,-84.26667,,"Sight survey by NWS employees, together with newspaper and public reports, confirmed an F0 to F1 tornado touched down in northeastern PIke county near the intersection of Gresham Road and Kendrick Road. It crossed the extreme northwest corner of Lamar county and moved into extreme southeast Spalding county before lifting. The storm path had a total length of approximately 7.5 miles and an average width of 50 yards, but was occasionally as wide as 100 yards. Four homes sustained damage. Most observed damage was shingles blown off roofs or fallen trees and limbs on houses.",GA,2000-04-03 20:35:00,2000-04-03 20:41:00,True,True
1092401,5137214,Louisiana,115,Vernon,LCH,2000-03-10 16:53:00,CST,2000-03-10 16:55:00,0,0,0,0,1K,,NEWSPAPER,F0,Unknown,1.0,20.0,,,,,31.05,-93.36667,31.05,-93.35,Fort Polk meteorologists observed a small tornado from the Tiger Landing Zone. It remained in a heavily wooded area and did no more damage than blowing down a few trees.,,LA,2000-03-10 16:53:00,2000-03-10 16:55:00,False,False
1091564,5135016,Alabama,101,Montgomery,BMX,2000-02-13 15:00:00,CST,2000-02-13 15:17:00,0,0,0,0,100K,0K,NWS STORM SURVEY,F1,Unknown,11.4,300.0,,,,,32.08333,-86.3,32.2,-86.16667,,"This was the first of three tornadoes produced by the same supercell thunderstorm. The tornado moved across southern Montgomery County and produced an 11.4 mile track and was rated an F1. The tornado began about 300 PM just southwest of Ada, and tracked to the northeast. It lifted about 1 mile west of US 231, southwest of Teasleys Mill around 317 PM. The tornado crossed CR 70 several times near the Davis Crossroads community. Some of the most intense damage was a mile or two southwest of Davis Crossroads, where the Ramer Manufacturing Plant sustained considerable damage. Several homes and mobile homes sustained damage along the path of the tornado, and hundreds of trees were snapped or uprooted. At times, the tornado path was 300 yards wide. A portion of the tornado was caught on video by a local television meteorologist. The tornado was accompanied by nickel size hail. No injuries were reported. Beginning: 32 04.788/86 18.621 Ending: 32 08.741/86 07.950",AL,2000-02-13 15:00:00,2000-02-13 15:17:00,False,False
1092653,5136475,Florida,71,Lee,TBW,2000-03-27 10:30:00,EST,2000-03-27 10:31:00,0,0,0,0,5K,0,NEWSPAPER,F0,Unknown,0.3,10.0,,,,,26.73333,-82.26667,26.73333,-82.26667,,A waterspout was observed to move onshore as a tornado and cross Gulf Boulevard on the southern tip of Gasparilla Island. The tornado passed over South Lake Village and uprooted fifteen trees along South Bayou Drive. The tornado also damaged the garage door of a townhouse on the 700 block of South Bayou Drive before it lifted and dissipated.,FL,2000-03-27 10:30:00,2000-03-27 10:31:00,False,False
1092890,5137413,Texas,113,Dallas,FWD,2000-03-28 19:55:00,CST,2000-03-28 19:55:00,0,0,0,0,,,TRAINED SPOTTER,F0,Unknown,0.1,10.0,,,,,32.55,-96.76667,32.55,-96.76667,"Dallas County Thunderstorm NarrativeThe parent storm that produced the Arlington-Grand Prairie tornado moved east into Dallas county about 1915C. The storm produced several funnels between Desoto and Lancaster, eventually producing a brief touchdown in rural areas between Red Oak and Wilmer (spotters). Street flooding was reported in southwest Dallas.",,TX,2000-03-28 19:55:00,2000-03-28 19:55:00,False,False
1092369,5136719,Florida,121,Suwannee,JAX,2000-03-30 14:50:00,EST,2000-03-30 14:50:00,0,0,0,0,3K,,EMERGENCY MANAGER,F0,Unknown,0.2,10.0,,,,,30.26667,-83.0,30.25,-82.98333,,Large trees and power lines were blown down. Weak FO.,FL,2000-03-30 14:50:00,2000-03-30 14:50:00,False,False
1092370,5136720,Florida,89,Nassau,JAX,2000-03-30 14:20:00,EST,2000-03-30 14:25:00,0,0,0,0,2K,,GENERAL PUBLIC,F0,Unknown,0.1,10.0,,,,,30.58333,-81.46667,30.58333,-81.46667,,Large trees and power lines were blown down. Weak FO.,FL,2000-03-30 14:20:00,2000-03-30 14:25:00,False,False
1092381,5136735,Georgia,49,Charlton,JAX,2000-03-30 14:45:00,EST,2000-03-30 14:50:00,0,0,0,0,.5K,,LAW ENFORCEMENT,F0,Unknown,0.1,10.0,,,,,30.51667,-82.03333,30.51667,-82.03333,,Brief touchdown. Weak FO,GA,2000-03-30 14:45:00,2000-03-30 14:50:00,False,False
1092120,5136146,Florida,39,Gadsden,TAE,2000-03-11 20:45:00,EST,2000-03-11 20:45:00,0,0,0,0,,,TRAINED SPOTTER,F0,Unknown,0.0,0.0,,,,,30.51667,-84.51667,30.51667,-84.51667,,A brief F0 tornado touchdown observed by law enforcement and a storm spotter near Interstate 10 mile marker 165. No damage reported.,FL,2000-03-11 20:45:00,2000-03-11 20:45:00,False,False
1092890,5137411,Texas,113,Dallas,FWD,2000-03-28 19:15:00,CST,2000-03-28 19:20:00,0,0,0,0,,,NWS STORM SURVEY,F2,Unknown,1.0,300.0,,,,,32.75,-96.98333,32.75,-96.98333,"Dallas County Thunderstorm NarrativeThe parent storm that produced the Arlington-Grand Prairie tornado moved east into Dallas county about 1915C. The storm produced several funnels between Desoto and Lancaster, eventually producing a brief touchdown in rural areas between Red Oak and Wilmer (spotters). Street flooding was reported in southwest Dallas.",The Arlington tornado damaged several homes just to the west of the Tarrant/Dallas county line in Grand Prairie (see above) before dissipating shortly after 1920 CST.,TX,2000-03-28 19:15:00,2000-03-28 19:20:00,False,False
1092318,5136671,Texas,51,Burleson,HGX,2000-03-10 19:55:00,CST,2000-03-10 20:51:00,2,0,0,0,1M,,NWS STORM SURVEY,F3,Unknown,21.0,800.0,,,,,30.41667,-96.68333,30.4,-96.35,,"Tornado touched down near Harmony at 1955 CST with significant tree damage including an 18 inch diameter tree blown down. A trailer was also significantly damaged. Tornado then tracked to just south of Center Line with mostly F0 tree damage along its path. Tornado then reached the Pin Oak subdivision at about 2022 CST. Several trailers, including a double-wide, were destroyed. A total of 7 homes were destroyed and another 10 severely damaged in this area, with damage reaching F2 status. Tornado then struck a ranch on the south side of FM 1361 with large trees uprooted or cut in half and windows blown out and portion of roof torn off large frame house. Several rural outbuildings at the ranch which had been bolted down were destroyed. Damage in this area was rated F3 with damage swath up to a half mile wide. Tornado then tracked to just north of Clay by 2051 CST with a narrow swath of F0 to F1 tree damage along the path. When tornado passed north of Clay before dissipating, car was blown off road and damage swath reached 200 yards wide.",TX,2000-03-10 19:55:00,2000-03-10 20:51:00,False,False
1092318,5136675,Texas,185,Grimes,HGX,2000-03-10 20:05:00,CST,2000-03-10 20:05:00,0,0,0,0,15K,,LAW ENFORCEMENT,F0,Unknown,0.5,50.0,,,,,30.76667,-95.95,30.76667,-95.95,,Trees downed from brief tornado touchdown.,TX,2000-03-10 20:05:00,2000-03-10 20:05:00,False,False
1092132,5137091,Texas,491,Williamson,EWX,2000-03-16 16:08:00,CST,2000-03-16 16:09:00,0,0,0,0,0,0,LAW ENFORCEMENT,F0,Unknown,0.1,20.0,,,,,30.58333,-97.85,30.58333,-97.85,"A strong weather system produced scattered showers and thunderstorms over Central Texas on the afternoon of Thursday March 16. Funnel clouds were first reported by the public and by the Leander Police Department near 4 pm that afternoon. A small, short-lived F0 tornado struck near the police station near 4 pm, with no significant damage. Shortly after 4 pm, another rope-shaped funnel was observed west of Leander. Photographs of this developing tornado indicate a generally-long and rope-shaped structure that slowly twisted and wound its way to the surface. The tornado touched down in the western part of Mason Creek Subdivision located on the west side of Leander and moved slowly eastward. Damage near the tornado touchdown was F0 level approaching F1. It damaged eaves of roofs, took shingles off roofs and knocked down large tree branches. More significant damage was noted along Greening Way and Mason Creek Boulevard in the west and central part of the subdivision, where several large trees of over 1 foot diameter were uprooted. This indicated damage in the lower levels of the F2 scale. In addition, the tornado had destroyed approximately 30 percent of one home. Again, this indicated minimal F2-level damage. The tornado began to lift as it approached Old Bagdad Road on the eastern side of the subdivision. Most of the damage in this part of the subdivision was at the F0 level. In all, the tornado damaged 24 homes and several outbuildings. The tornado was estimated at 200 yards wide with a path length of 1.5 mile.",,TX,2000-03-16 16:08:00,2000-03-16 16:09:00,False,False
1091566,5135019,Alabama,11,Bullock,BMX,2000-02-13 15:42:00,CST,2000-02-13 15:43:00,0,0,0,0,10K,0K,NWS STORM SURVEY,F0,Unknown,1.0,50.0,,,,,32.23333,-85.88333,32.25,-85.86667,,The third of three tornadoes produced by the same supercell thunderstorm occurred just north of Fitzpatrick. The tornado track was about 1 mile long and 50 yards wide. The tornado crossed CR 7 about 2 miles north of Fitzpatrick. Several trees were uprooted or damaged. Beginning: 32 14.698/85 53.916 Ending: 32 15.155/85 52.937,AL,2000-02-13 15:42:00,2000-02-13 15:43:00,False,False
1091567,5135020,Alabama,101,Montgomery,BMX,2000-02-13 15:30:00,CST,2000-02-13 15:32:00,0,0,0,0,3K,0K,NWS STORM SURVEY,F0,Unknown,1.0,100.0,,,,,32.18333,-86.01667,32.2,-85.98333,The second of three tornadoes produced by the same supercell thunderstorm began in extreme east central Montgomery County near the town of Panther. The 3 mile path apparently began around 330 PM just west of Panther and crossed CR 36 moving into northwest Bullock County near the Piney Grove Church. The tornado crossed CR 37 near the Mt. Zion Church area and then dissipated around 335 PM. There were numerous trees snapped or uprooted along the 100 yard wide track. Beginning: 32 11.206/86 00.841 Ending: 32 12.741/85 58.371,,AL,2000-02-13 15:30:00,2000-02-13 15:32:00,False,False
1091567,5135021,Alabama,11,Bullock,BMX,2000-02-13 15:32:00,CST,2000-02-13 15:35:00,0,0,0,0,15K,0K,NWS STORM SURVEY,F0,Unknown,2.0,100.0,,,,,32.2,-86.0,32.21667,-85.96667,The second of three tornadoes produced by the same supercell thunderstorm began in extreme east central Montgomery County near the town of Panther. The 3 mile path apparently began around 330 PM just west of Panther and crossed CR 36 moving into northwest Bullock County near the Piney Grove Church. The tornado crossed CR 37 near the Mt. Zion Church area and then dissipated around 335 PM. There were numerous trees snapped or uprooted along the 100 yard wide track. Beginning: 32 11.206/86 00.841 Ending: 32 12.741/85 58.371,,AL,2000-02-13 15:32:00,2000-02-13 15:35:00,False,False
1092670,5136954,Oklahoma,131,Rogers,TSA,2000-03-07 22:37:00,CST,2000-03-07 22:37:00,0,0,0,0,5K,,AMATEUR RADIO,F0,Unknown,0.2,50.0,,,,,36.5,-95.68333,36.5,-95.68333,,A tornado briefly touched down just south of Talala near Oologah Lake damaging the roofs of a few outbuildings and some trees.,OK,2000-03-07 22:37:00,2000-03-07 22:37:00,False,False
1091415,5133078,Idaho,11,Bingham,PIH,2000-02-14 15:47:00,MST,2000-02-14 16:08:00,0,0,0,0,2.2M,,OFFICIAL NWS OBS.,F1,Unknown,14.0,300.0,,,,,43.11667,-112.55,43.25,-112.33333,,"In the Riverside vicinity, one mobile home and two attached garages were destroyed. Near Pingree a set of grain silos were caved in. A cinder block building collapsed and a barn was destroyed near Groveland. In East Moreland 8 RVs were flipped and several damaged. Near Moreland, 3 high tension steel towers were toppled. Along the tornado's path, numerous homes sustained roof damage, many sheds and outbuildings were destroyed and large trees uprooted or pushed onto houses. Approximately 25 center pivot irrigation systems were damaged or destroyed and numerous wheel line systems twisted.",ID,2000-02-14 15:47:00,2000-02-14 16:08:00,False,False
1092598,5136873,Tennessee,149,Rutherford,OHX,2000-03-25 17:20:00,CST,2000-03-25 17:20:00,0,0,0,0,,,EMERGENCY MANAGER,F0,Unknown,0.1,6.0,,,,,35.75,-86.65,35.75,-86.65,,TEMA confirmed report of a tornado. The tornado did no damage.,TN,2000-03-25 17:20:00,2000-03-25 17:20:00,False,False
1092838,5137813,Kansas,185,Stafford,DDC,2000-03-23 17:52:00,CST,2000-03-23 17:55:00,0,0,0,0,,,TRAINED SPOTTER,F0,Unknown,1.3,50.0,,,,,38.18333,-98.86667,38.18333,-98.86667,,Brief tornado.,KS,2000-03-23 17:52:00,2000-03-23 17:55:00,False,False
1092838,5137814,Kansas,185,Stafford,DDC,2000-03-23 17:58:00,CST,2000-03-23 17:59:00,0,0,0,0,,,TRAINED SPOTTER,F0,Unknown,1.1,30.0,,,,,38.16667,-98.91667,38.18333,-98.91667,,Brief tornado.,KS,2000-03-23 17:58:00,2000-03-23 17:59:00,False,False
1092972,5137546,Kansas,99,Labette,ICT,2000-04-19 19:34:00,CST,2000-04-19 20:00:00,27,0,0,0,71M,,NWS STORM SURVEY,F3,Unknown,21.0,440.0,,,,,37.25,-95.55,37.4,-95.2,,"The same tornado that formed 3 miles south of Cherryvale at 1930 CST in eastern Montgomery County, the tornado entered western Labette County at 1934 CST, 10 miles southwest of Dennis. Moving northeast around 35 mph, the tornado passed 4 miles south of Dennis at 1940 CST. At 1945 CST, the tornado entered southwest Parsons where it inflicted major damage to a law enforcement center, a movie theater, and a carnival. In all, 750 buildings were damaged of which 633 were homes. Of the homes, 53 were destroyed, 112 sustained major damage and 468 received minor damage. Of the 117 commercial buildings that sustained damage, 20 were destroyed, 28 received major damage, and 69 received minor damage. Total damage estimate: $40 million. A total of 27 people were injured, most were minor. Though inflicting F3 damage when it hit Parsons, the tornado possessed F1 intensity for most of it's track. This same tornado would continue moving northeast, clipping southeast Neosho County. Area newspapers contributed to this report.",KS,2000-04-19 20:34:00,2000-04-19 21:00:00,True,True
1092972,5137547,Kansas,133,Neosho,ICT,2000-04-19 20:00:00,CST,2000-04-19 20:11:00,0,0,0,0,25K,,NWS STORM SURVEY,F0,Unknown,4.0,200.0,,,,,37.4,-95.18333,37.43333,-95.11667,,"The same tornado that caused major damage in Parsons, the twister clipped southeast Neosho County where it destroyed a hay barn and blew out the windows of a house.",KS,2000-04-19 21:00:00,2000-04-19 21:11:00,True,True
1092326,5137159,North Carolina,141,Pender,ILM,2000-03-16 22:10:00,EST,2000-03-16 22:13:00,0,0,0,0,10K,,GENERAL PUBLIC,F0,Unknown,2.0,40.0,,,,,34.46667,-77.88333,34.45,-77.86667,,"Initial damage began 2 miles north of Rocky Pt., off Ashton Rd, damaging a car and a fence. Tornado proceeded east to Kellyville Road, moderately damaging the roof and carport of a house. During a damage assessment, a NWS employee notice that part of the house was lifted off its foundation.",NC,2000-03-16 22:10:00,2000-03-16 22:13:00,False,False
1092775,5137316,Alabama,125,Tuscaloosa,BMX,2000-03-10 20:28:00,CST,2000-03-10 20:36:00,0,0,0,0,15K,0K,NWS STORM SURVEY,F0,Unknown,3.3,50.0,,,,,33.3,-87.48333,33.33333,-87.45,,"A weak tornado moved northeast through mainly timber land owned by Gulf States Paper Company, north of the Black Warrior River. A few homes near the beginning of the path, and a few in the middle of the path, sustained roof damage. Numerous trees were blown down or snapped off throughout the entire track of the tornado. Beginning: 33 19.678/87 30.549 Ending: 33 20.926/87 27.552",AL,2000-03-10 20:28:00,2000-03-10 20:36:00,False,False
1092136,5136054,Texas,187,Guadalupe,EWX,2000-03-26 19:25:00,CST,2000-03-26 19:26:00,0,0,0,0,15K,0,NWS STORM SURVEY,F0,Unknown,0.1,20.0,,,,,29.61667,-97.96667,29.61667,-97.96667,,A small and short-lived tornado struck near a building along SH46 just north of I-10. The tornado destroyed two large trees.,TX,2000-03-26 19:25:00,2000-03-26 19:26:00,False,False
1092137,5138365,Texas,29,Bexar,EWX,2000-03-28 19:11:00,CST,2000-03-28 19:12:00,0,0,0,0,0,0,LAW ENFORCEMENT,F0,Unknown,0.1,20.0,,,,,29.48333,-98.65,29.48333,-98.65,"A small and short-lived tornado struck just northwest of Leon Valley. It was preceded by winds estimated at 40 to 50 mph, along with heavy rain and large hail. Widespread damage was reported to cars in the Leon Valley due to the very large hail. No significant damage was reported as a result of the small tornado.",,TX,2000-03-28 19:11:00,2000-03-28 19:12:00,False,False
1091200,5134794,Texas,463,Uvalde,EWX,2000-02-22 22:36:00,CST,2000-02-22 22:38:00,0,0,0,0,0,0,LAW ENFORCEMENT,F0,Unknown,0.1,20.0,,,,,29.5,-99.8,29.5,-99.8,,Reported by Sheriff's Department in open country moving southeastward.,TX,2000-02-22 22:36:00,2000-02-22 22:38:00,False,False
1092569,5135918,Wisconsin,79,Milwaukee,MKX,2000-03-08 18:10:00,CST,2000-03-08 18:20:00,16,0,0,0,4.57M,,AMATEUR RADIO,F1,Unknown,1.7,75.0,,,,,42.95,-87.9,42.96667,-87.85,"After several days of record-breaking warmth, the stage was set for an out-of-season severe weather outbreak across southcentral and southeast Wisconsin. The city of Milwaukee recorded it's earliest tornado ever (just before sunset), and an extremely large number of reports of large hail from 3/4 to 1.75 inches in diameter were relayed to the NWS Sullivan office. Most of the thunderstorms developed gusty winds on the order of 30 to 50 mph, but one managed to generate a gust of 58 knots (67 mph) at the TV-4 station on the north side of Milwaukee. The thunderstorm which dumped large hail 7 N of Portage also had winds that uprooted some trees and blew a car off of Inerstate 39. An earlier thunderstorm that affected the west side of the city of Portage left the ground white with golf-ball size hail that also shattered several vehicle windshields. The thunderstorm that affected Wisconsin Dells also left the ground white with hail. The Milwaukee tornado spun up about 1/2 mile east/northeast of the terminal building of General Mitchell International Airport, just east of Runway 19, moved northeast and crossed East Layton Avenue just east of South Pennsylvania Avenue in Cudahy, continued northeast through St. Francis, and dissipated over the northwest corner of Nathanael Greene Park. Apparently the tornado wasn't strong enough to cause any damage on the airport grounds, but it did cause considerable damage in Cudahy and St. Francis. Fifty-three (53) residental homes sustained minor damage and eleven (11) had major damage. Eight (8) businesses sustained major damage. Many motor vehicles were over-turned, several roofs were partially peeled off of homes, power lines and trees were toppled, and gas leaks were reported. Sixteen (16) people were injured enough to require medical treatment (lacerations), but there were no fatilities. Most of the people who were injured were in their vehicles. Based on this damage, it is estimated that maximum wind speeds of this tornado were 105 to 110 mph. The airport terminal building and control tower went on emergency power after commercial power was disrupted. Airport control tower officials were able to divert airplane traffic, consequently there were no aircraft mishaps. Preceding the tornado, there were reports of large hail and some tree damage in the forward flank downdraft of the parent thunderstorm over St. Francis and the southern part of the city of Milwaukee. The tornado was extensively photographed and captured on video tape. It briefly displayed multiple-vortex characterisitics. The last time a tornado was documented in Milwaukee County was in May, 1989.NWS Sullivan meteorologists speculate that an outflow boundary was pushed northwest to the airport area from a thunderstorm that earlier moved through the southeast corner of Milwaukee County. This outflow boundary may have focused low-level vorticity that helped generate the tornado. The parent thunderstorm possessed a mesocyclone. Synoptically, a deep low pressure was moving northeast through central Iowa toward northern Wisconsin. This movement put southern Wisconsin in a ""dry slot"" associated with strong jet stream winds aloft. The combination of surface dewpoints in the lower to mid 50s, strong speed shear between surface winds out of the south and southwest mid-level winds, sufficient instability due to daytime heating/temperatures in the 70s, and cold air aloft allowed thunderstorms to grow to 40,000 feet. Several thunderstorms had supercell characturistics, but only one was assoicated with a tornado, and another with a funnel cloud. Thunderstorm movement was northeast at 50 to 60 mph (about 47 to 51 knots).","Narrative can be found below in summary of March 8, 2000.",WI,2000-03-08 18:10:00,2000-03-08 18:20:00,False,False
1091364,5134920,Missouri,27,Callaway,LSX,2000-02-25 16:00:00,CST,2000-02-25 16:03:00,0,0,0,0,,,NWS STORM SURVEY,F1,Unknown,3.0,100.0,,,,,39.01667,-92.03333,39.06667,-92.0,,A tornado occurred near Hatton and downed trees and destroyed a couple of outbuildings.,MO,2000-02-25 16:00:00,2000-02-25 16:03:00,False,False
1091362,5134918,Missouri,19,Boone,LSX,2000-02-25 15:35:00,CST,2000-02-25 15:36:00,0,0,0,0,,,NWS STORM SURVEY,F0,Unknown,0.2,50.0,,,,,38.75,-92.28333,38.75,-92.28333,,A brief tornado occurred just southwest of Ashland. Damage was limited to downed or uprooted trees.,MO,2000-02-25 15:35:00,2000-02-25 15:36:00,False,False
1091363,5134919,Missouri,27,Callaway,LSX,2000-02-25 15:45:00,CST,2000-02-25 15:53:00,0,0,0,0,,,NWS STORM SURVEY,F0,Unknown,7.0,75.0,,,,,38.86667,-92.16667,38.95,-92.08333,,A small tornado tracked for about 7 miles across west central Callaway County. Trees were downed and some outbuildings damaged.,MO,2000-02-25 15:45:00,2000-02-25 15:53:00,False,False
1093215,5139082,Florida,86,Miami-Dade,MFL,2000-05-30 17:40:00,EST,2000-05-30 17:40:00,0,0,0,0,,,PARK/FOREST SERVICE,F0,Unknown,0.1,5.0,,,,,25.46667,-80.63333,25.46667,-80.63333,,A park ranger sighted a brief tornado touchdown in Everglades National Park. Several other funnel clouds were observed in deep south Miami-Dade.,FL,2000-05-30 18:40:00,2000-05-30 18:40:00,True,True
1092167,5136597,South Carolina,79,Richland,CAE,2000-03-16 15:30:00,EST,2000-03-16 15:32:00,0,0,0,0,0,0,NWS STORM SURVEY,F0,Unknown,0.3,100.0,,,,,34.01667,-80.93333,34.01667,-80.93333,,An F0 touched down in the forest area of Ft. Jackson taking down trees and killing one deer.,SC,2000-03-16 15:30:00,2000-03-16 15:32:00,False,False
1092167,5136599,South Carolina,79,Richland,CAE,2000-03-16 17:52:00,EST,2000-03-16 17:53:00,0,0,0,0,0,0,NWS STORM SURVEY,F0,Unknown,0.2,50.0,,,,,33.9,-80.83333,33.91667,-80.83333,,An F0 touched down along SC hwy 86 and took down some trees.,SC,2000-03-16 17:52:00,2000-03-16 17:53:00,False,False
1093523,5139223,Tennessee,151,Scott,MRX,2000-04-20 20:50:00,EST,2000-04-20 20:50:00,0,0,0,0,.2M,,LAW ENFORCEMENT,F1,70-90 mph,0.3,20.0,,,,,36.41667,-84.43333,36.41667,-84.43333,,"Twenty one homes in the Scenic Hills Estates subdivision received damage. One was totaled. The storm moved in from the southwest. The main damage came from straight-line winds, however, the one home that was totally destroyed was clearly from tornado damage. Winds were estimated in the 70-90 mph range.",TN,2000-04-20 21:50:00,2000-04-20 21:50:00,True,True
1092995,5137270,Georgia,255,Spalding,FFC,2000-04-03 19:47:00,EST,2000-04-03 19:49:00,0,0,0,0,.5K,,NWS STORM SURVEY,F0,Unknown,1.0,50.0,,,,,33.16667,-84.2,33.18333,-84.18333,,"The storm weakened as it left Lamar county and the tornado lifted shortly after entering the extreme southeast part of Spalding county. The largely rural area sustained very little damage, mainly to trees and tree limbs, but the same converging pattern of debris was noted.",GA,2000-04-03 20:47:00,2000-04-03 20:49:00,True,True
1092642,5136864,Texas,151,Fisher,SJT,2000-03-22 20:22:00,CST,2000-03-22 20:22:00,0,0,0,0,,,TRAINED SPOTTER,F0,Unknown,0.1,20.0,,,,,32.58333,-100.58333,32.58333,-100.58333,,The same spotter who reported a brief tornado touchdown in extreme northwest Nolan County reported a second brief tornado touchdown in extreme southwest Fisher County.,TX,2000-03-22 20:22:00,2000-03-22 20:22:00,False,False
1092893,5137417,Texas,217,Hill,FWD,2000-03-28 18:20:00,CST,2000-03-28 18:20:00,0,0,0,0,,,LAW ENFORCEMENT,F0,Unknown,0.1,10.0,,,,,32.16667,-97.15,32.16667,-97.15,"Hill/Ellis/Navarro/Henderson Thunderstorm NarrativeThis storm developed near Blum in northeast Hill county about 1815 CST, moving east and producing a brief tornado near Itasca. The storm moved into southern Ellis county, likely producing large hail west of Italy about 1830 CST and on the Ellis-Navarro county line around 1915 CST. The storm then slowed its forward movement, producing quarter size hail along I-45 south of Rice around 1945C. At Roane, one barn was destroyed, and another unroofed by a brief tornado ($10K) (1955C). The storm eventually produced another tornado near the small community of Bazette (around 2015CST), destroying three mobile homes, five barns, and damaging the roofs of two homes ($200K). The storm then moved across the Trinity River, downing trees and producing minor damage to a few residences at Trinidad. One resident took shelter after seeing a funnel, and after hearing a roar, went outside to find a tree blown over on their house (2030CST). At Malakoff, golf ball hail broke windows and stripped trees (2044CST). Near Athens, continuous hail for 30 minutes left hail up to golf ball size 6 inches deep. Damage estimated $50k.",A brief touchdown was reported.,TX,2000-03-28 18:20:00,2000-03-28 18:20:00,False,False
1092642,5136865,Texas,151,Fisher,SJT,2000-03-22 19:51:00,CST,2000-03-22 19:51:00,0,0,0,0,,,TRAINED SPOTTER,F0,Unknown,0.1,20.0,,,,,32.78333,-100.53333,32.78333,-100.53333,,A spotter reported a brief tornado touchdown 6 miles southwest of Rotan in northern Fisher County. No damage was reported.,TX,2000-03-22 19:51:00,2000-03-22 19:51:00,False,False
1093653,5139232,Alabama,125,Tuscaloosa,BMX,2000-04-03 11:20:00,CST,2000-04-03 11:30:00,0,0,0,0,15K,0K,NWS STORM SURVEY,F2,Unknown,6.4,300.0,,,,,33.31667,-87.33333,33.38333,-87.25,"The tornado began at the intersection of CR 59 and CR 54 near the town of Kellerman. The tornado traveled in a northeast direction for approximately 11.1 miles. The tornado crossed the Tuscaloosa and Jefferson county line about 2 miles southeast of County Road 59, near Bull City, and dissipated about 2 miles southwest of Oak Grove. The damage path was about 300 yards wide at its widest point. One frame house and a church received mainly roof damage in the town of Kellerman. The path was very rural, and most of the damage was from downed and snapped trees. The terrain was hilly, with most of the downed trees located in the valleys. About one mile inside the Jefferson County line, a brick house sustained major damage, and two mobile homes were overturned. Segment 1: Beginning: 33 19.860/87 19.276 Ending: 33 23.086/87 13.918 Segment 2: Beginning: 33 23.086/87 13.918 Ending: 33 25.513/87 09.892",,AL,2000-04-03 12:20:00,2000-04-03 12:30:00,True,True
1091359,5134806,Missouri,27,Callaway,LSX,2000-02-29 18:17:00,CST,2000-02-29 18:19:00,0,0,0,0,,,NWS STORM SURVEY,F0,Unknown,3.0,40.0,,,,,39.0,-92.03333,39.03333,-92.0,,A small tornado formed in north Callaway County. One barn was destroyed and several trees downed or uprooted.,MO,2000-02-29 18:17:00,2000-02-29 18:19:00,False,False
1091360,5134807,Missouri,163,Pike,LSX,2000-02-29 19:50:00,CST,2000-02-29 19:50:00,0,0,0,0,,,LAW ENFORCEMENT,F0,Unknown,10.0,50.0,,,,,39.35,-91.45,39.38333,-91.4,,"A small tornado struck in northwest Pike County. Damage was limited to downed trees,",MO,2000-02-29 19:50:00,2000-02-29 19:50:00,False,False
1093038,5138909,Texas,173,Glasscock,MAF,2000-03-22 19:25:00,CST,2000-03-22 19:35:00,0,0,0,0,,,LAW ENFORCEMENT,F0,Unknown,5.0,150.0,,,,,31.76667,-101.61667,31.81667,-101.56667,"This strong supercell thunderstorm produced a tornado, funnel cloud, hail, and flash flooding across Glasscock and Howard counties.",The Sheriffs Office reported a tornado near FM 2401.,TX,2000-03-22 19:25:00,2000-03-22 19:35:00,False,False
1091623,5135303,Arkansas,117,Prairie,LZK,2000-02-13 18:08:00,CST,2000-02-13 18:42:00,0,0,0,0,,,NWS STORM SURVEY,F2,Unknown,15.2,100.0,,,,,34.86667,-91.66667,34.81667,-91.43333,,"A strong tornado that was spawned in Lonoke County moved into Prairie County, crossing the county line about 7.5 miles northwest of Hazen. Not long after entering the county, the tornado damaged or destroyed a couple of barns and several shop buildings in the Center Point community on Arkansas Highway 249. In the same area, a mobile home was knocked off of its foundation, a home was badly damaged by a fallen tree, and shingles were removed from several roofs. The tornado began weakening as it headed into the Wattensaw Wildlife Management Area, where some tree damage was found. The tornado dissipated about 1.7 miles west of Biscoe.",AR,2000-02-13 18:08:00,2000-02-13 18:42:00,False,False
1092356,5136320,Georgia,305,Wayne,JAX,2000-03-30 08:45:00,EST,2000-03-30 08:50:00,0,0,0,0,60K,,EMERGENCY MANAGER,F0,Unknown,0.1,10.0,,,,,31.53333,-81.8,31.53333,-81.8,,A weak F0 tornado with some areas of straight line winds. Damaged 10 homes and destroyed three sheds.,GA,2000-03-30 08:45:00,2000-03-30 08:50:00,False,False
1092642,5136516,Texas,431,Sterling,SJT,2000-03-22 19:13:00,CST,2000-03-22 19:15:00,0,0,0,0,,,LAW ENFORCEMENT,F0,Unknown,0.5,20.0,,,,,32.0,-101.2,32.0,-101.2,,A tornado crossed Highway 87 northwest of Sterling City. No damage was reported.,TX,2000-03-22 19:13:00,2000-03-22 19:15:00,False,False
1092995,5138948,Georgia,171,Lamar,FFC,2000-04-03 19:41:00,EST,2000-04-03 19:47:00,1,0,0,0,10K,,NWS STORM SURVEY,F1,Unknown,3.5,50.0,,,,,33.15,-84.25,33.18333,-84.2,,"As the storm continued from Pike county across the extreme northwest corner of Lamar county, large tree limbs were knocked down on another house. One man was injured when struck by a falling tree limb on Vaughn Road. Sections of a fence were torn down and other trees and debris were found in a converging pattern caused by a rotating storm.",GA,2000-04-03 20:41:00,2000-04-03 20:47:00,True,True
1092642,5136518,Texas,431,Sterling,SJT,2000-03-22 19:24:00,CST,2000-03-22 19:24:00,0,0,0,0,,,LAW ENFORCEMENT,F0,Unknown,1.0,250.0,,,,,32.0,-101.2,32.0,-101.2,,A large tornado was reported by spotters 5 miles inside the Sterling County line northwest of Sterling City.,TX,2000-03-22 19:24:00,2000-03-22 19:24:00,False,False
1091718,5133758,Oklahoma,143,Tulsa,TSA,2000-02-25 07:37:00,CST,2000-02-25 07:37:00,0,0,0,0,100K,,NWS STORM SURVEY,F1,Unknown,0.2,100.0,,,,,36.15,-95.95,36.15,-95.95,,An F1 tornado touched down for a minute one mile southeast of Tulsa International airport or in the vicinity of the corner of Pine and Garnett. The tornado damaged some equipment at a farm implement dealership and threw a parked car on top of another parked car. Six to eight power poles were blown down as well.,OK,2000-02-25 07:37:00,2000-02-25 07:37:00,False,False
1091622,5135302,Arkansas,85,Lonoke,LZK,2000-02-13 17:38:00,CST,2000-02-13 18:08:00,2,0,0,0,,,NWS STORM SURVEY,F2,Unknown,17.5,100.0,,,,,34.88333,-91.98333,34.83333,-91.68333,,"A strong tornado was spawned in western Lonoke County about 3.7 miles north of Furlow. Just as the tornado developed, it removed roof shingles from a few houses and badly damaged a farm shop. A mobile home was then demolished in the Fairview community. The worst structural damaged was found at the intersection of Arkansas Highways 31 and 236, or 4 miles south of Woodlawn. There, two small houses and some grain bins were destroyed, several vehicles and some telephone equipment were badly damaged and power poles were blown down. Farther east, more damage was found about 5 miles north of Carlisle near the intersection of Arkansas Highway 13 and East Shaefer Road. In this area, an old abandoned house and a mobile home were destroyed with a couple of houses damaged. Also, at least three dozen power poles were replaced. Two injuries were reported in Lonoke County. The tornado moved east into Prairie County, crossing the county line about 5 miles northeast of Carlisle.",AR,2000-02-13 17:38:00,2000-02-13 18:08:00,False,False
1092351,5136315,Georgia,5,Bacon,JAX,2000-03-30 07:37:00,EST,2000-03-30 07:45:00,0,0,0,0,25K,,LAW ENFORCEMENT,F0,Unknown,0.1,10.0,,,,,31.6,-82.28333,31.6,-82.28333,,"Destroyed one mobile home, two others were damaged.",GA,2000-03-30 07:37:00,2000-03-30 07:45:00,False,False
1092779,5137794,Alabama,105,Perry,BMX,2000-03-10 20:56:00,CST,2000-03-10 21:02:00,0,0,0,0,40K,0K,NWS STORM SURVEY,F0,Unknown,7.0,100.0,,,,,32.76667,-87.33333,32.8,-87.23333,,"A weak tornado moved through mostly rural parts of northern Perry County. Numerous trees were blown down or snapped off along the 7 mile path of the tornado. At the Heiberger Grocery Store, one large portable building used for voting was totally destroyed, a glass gas sign was blown out by the high winds, windows were broken, one wall of a building was moved, and the store sustained minor roof damage. Several homes in Heiberger also had minor roof damage. One mobile home had a tree fall on it. Beginning: 32 45.800/87 23.260 Ending: 32 47.050/87 15.771",AL,2000-03-10 20:56:00,2000-03-10 21:02:00,False,False
1092132,5135620,Texas,491,Williamson,EWX,2000-03-16 16:12:00,CST,2000-03-16 16:25:00,0,0,0,0,300K,0,NWS STORM SURVEY,F2,Unknown,1.5,200.0,,,,,30.6,-97.85,30.6,-97.83333,"A strong weather system produced scattered showers and thunderstorms over Central Texas on the afternoon of Thursday March 16. Funnel clouds were first reported by the public and by the Leander Police Department near 4 pm that afternoon. A small, short-lived F0 tornado struck near the police station near 4 pm, with no significant damage. Shortly after 4 pm, another rope-shaped funnel was observed west of Leander. Photographs of this developing tornado indicate a generally-long and rope-shaped structure that slowly twisted and wound its way to the surface. The tornado touched down in the western part of Mason Creek Subdivision located on the west side of Leander and moved slowly eastward. Damage near the tornado touchdown was F0 level approaching F1. It damaged eaves of roofs, took shingles off roofs and knocked down large tree branches. More significant damage was noted along Greening Way and Mason Creek Boulevard in the west and central part of the subdivision, where several large trees of over 1 foot diameter were uprooted. This indicated damage in the lower levels of the F2 scale. In addition, the tornado had destroyed approximately 30 percent of one home. Again, this indicated minimal F2-level damage. The tornado began to lift as it approached Old Bagdad Road on the eastern side of the subdivision. Most of the damage in this part of the subdivision was at the F0 level. In all, the tornado damaged 24 homes and several outbuildings. The tornado was estimated at 200 yards wide with a path length of 1.5 mile.",,TX,2000-03-16 16:12:00,2000-03-16 16:25:00,False,False
1092133,5135621,Texas,491,Williamson,EWX,2000-03-16 16:20:00,CST,2000-03-16 16:22:00,0,0,0,0,0,0,AMATEUR RADIO,F0,Unknown,0.1,20.0,,,,,30.56667,-97.75,30.56667,-97.75,,A small and short-lived tornado was observed by an Amateur Radio spotter.,TX,2000-03-16 16:20:00,2000-03-16 16:22:00,False,False
1092133,5135624,Texas,453,Travis,EWX,2000-03-16 16:20:00,CST,2000-03-16 16:21:00,0,0,0,0,0,0,OFFICIAL NWS OBS.,F0,Unknown,0.2,30.0,,,,,30.2,-97.66667,30.2,-97.66667,,A small and short-lived tornado was observed by the FAA tower staff at Austin-Bergstrom Airport.,TX,2000-03-16 16:20:00,2000-03-16 16:21:00,False,False
1092133,5135625,Texas,453,Travis,EWX,2000-03-16 17:10:00,CST,2000-03-16 17:11:00,0,0,0,0,0,0,LAW ENFORCEMENT,F0,Unknown,0.1,20.0,,,,,30.43333,-97.61667,30.43333,-97.61667,,A small and short-lived tornado was observed by Sheriff's Department Officers.,TX,2000-03-16 17:10:00,2000-03-16 17:11:00,False,False
1091680,5135440,California,19,Fresno,HNX,2000-02-27 13:59:00,PST,2000-02-27 14:04:00,0,0,0,0,,25K,NWS STORM SURVEY,F0,Unknown,0.5,25.0,,,,,36.7,-120.11667,36.7,-120.11667,,"Numerous almond trees knocked down in a rural area of Fresno County. Eyewitness accounts indicate rotational motion in almond blossom petals, more than 20 fallen trees in the debris field, and the movement of irrigation pipe as indicators. Event reported to the NWS several hours afterwards. Tornado traveled from east and ending heading northeast. This tornado developed on the south end of the line of convection referenced in the Madera County tornado event.",CA,2000-02-27 13:59:00,2000-02-27 14:04:00,False,False
1091681,5135441,California,19,Fresno,HNX,2000-02-27 14:10:00,PST,2000-02-27 14:15:00,0,0,0,0,,,TRAINED SPOTTER,F0,Unknown,0.5,25.0,,,,,36.6,-119.86667,36.6,-119.86667,,Reported 48 hours late by a storm spotter. Another tornado within this event in a rural area of Fresno County (intersection of Parlier and Brawley to Parlier and Valentine). The tornado moved east over open land and fallow row crops. No damage.,CA,2000-02-27 14:10:00,2000-02-27 14:15:00,False,False
1091679,5135439,California,39,Madera,HNX,2000-02-27 13:37:00,PST,2000-02-27 13:47:00,0,0,0,0,,,TRAINED SPOTTER,F0,Unknown,1.0,50.0,,,,,36.86667,-120.2,36.86667,-120.18333,,Tornado path through rural area over pasture land and fallow crop land. Tornado from a cell on the northern segment of a bowed line of convection. The tornado was a straight-up tube shape on the ground for 10 minutes.,CA,2000-02-27 13:37:00,2000-02-27 13:47:00,False,False
1092141,5135745,Oklahoma,149,Washita,OUN,2000-03-07 17:15:00,CST,2000-03-07 17:19:00,0,0,0,0,3.5K,,STORM CHASER,F1,Unknown,2.0,25.0,,,,,35.15,-99.1,35.15,-99.06667,"On March 7th, a long line of strong to severe thunderstorms moved out of the Texas panhandle into western Oklahoma during the late afternoon. Widespread structural damage from severe wind, one brief tornado, and large hail accompanied this line of storms over western Oklahoma before it weakened across central Oklahoma during the evening.",This tornado formed 5 miles east of Sentinel and was captured on video by an Oklahoma City television storm chaser as it tracked eastward for 2 miles before dissipating. Seven power poles were downed by this tornado on State Route 55.,OK,2000-03-07 17:15:00,2000-03-07 17:19:00,False,False
1092838,5137812,Kansas,185,Stafford,DDC,2000-03-23 17:26:00,CST,2000-03-23 17:37:00,0,0,0,0,,,TRAINED SPOTTER,F0,Unknown,6.0,150.0,,,,,38.05,-98.83333,38.11667,-98.86667,,Greenhouse damaged and moved cattle corrals.,KS,2000-03-23 17:26:00,2000-03-23 17:37:00,False,False
1092670,5135753,Oklahoma,147,Washington,TSA,2000-03-07 22:25:00,CST,2000-03-07 22:27:00,0,0,0,0,1K,,AMATEUR RADIO,F0,Unknown,1.0,50.0,,,,,36.5,-95.88333,36.5,-95.88333,,A tornado touched down for a couple minutes and caused intermittent tree damage for about a mile north of Vera.,OK,2000-03-07 22:25:00,2000-03-07 22:27:00,False,False
1091682,5135442,California,19,Fresno,HNX,2000-02-27 15:17:00,PST,2000-02-27 15:20:00,0,0,0,0,,,TRAINED SPOTTER,F0,Unknown,0.2,25.0,,,,,36.65,-119.76667,36.65,-119.76667,,"The small, short-lived tornado moved over open ground close to a warehouse and ending up close to the Fresno County dump south of Fresno and the small community of Calwa. No damage.",CA,2000-02-27 15:17:00,2000-02-27 15:20:00,False,False
1092972,5137544,Kansas,125,Montgomery,ICT,2000-04-19 19:30:00,CST,2000-04-19 19:34:00,0,0,0,0,100K,,LAW ENFORCEMENT,F1,Unknown,1.0,200.0,,,,,37.21667,-95.55,37.23333,-95.5,,"Damage reported in Cherryvale along the southern edge of town. Moving northeast around 35 mph, the tornado crossed into Labette County at 1934 CST.",KS,2000-04-19 20:30:00,2000-04-19 20:34:00,True,True
1092972,5137545,Kansas,133,Neosho,ICT,2000-04-19 19:20:00,CST,2000-04-19 19:45:00,3,0,0,0,1.8M,,LAW ENFORCEMENT,F2,Unknown,15.0,440.0,,,,,37.5,-95.33333,37.56667,-95.1,,"Forming at 1920 CST 6 miles southwest of Erie, the tornado moved northeast around 35 mph passing just south of Erie at 1931 CST. F2 intensity for much of it's track, the tornado injured 3 people on the southern periphery of Erie as it destroyed or heavily damaged 12 homes, several mobile homes, as well as a few trees. This tornado then crossed into Crawford county.",KS,2000-04-19 20:20:00,2000-04-19 20:45:00,True,True
1092918,5137478,Kansas,131,Nemaha,TOP,2000-04-25 13:30:00,CST,2000-04-25 13:30:00,0,0,0,0,,,GENERAL PUBLIC,F0,Unknown,0.1,15.0,,,,,39.66667,-95.91667,39.66667,-95.91667,,A cold air funnel made a brief touchdown near Goff.,KS,2000-04-25 14:30:00,2000-04-25 14:30:00,True,True
1092292,5137134,Mississippi,41,Greene,MOB,2000-03-03 18:00:00,CST,2000-03-03 18:15:00,0,0,0,0,12K,,NWS STORM SURVEY,F0,Unknown,6.0,30.0,,,,,31.26667,-88.7,31.21667,-88.61667,,"An F0 tornado, about thirty yards wide, moved along at near tree top level for about six miles. The tornado first touched down near State Highway 63 southeast of Avera where a mobile home that was tied down was shifted off its blocks. A pump house was destroyed and the tops of a couple of trees were snapped at the same location. The torando then moved east, passing near Jonathan, then lifting back into the clouds about two miles east of Jonathan. Most of the damage along this track was to trees. The tornado first touched down around 600 pm. Large hail also occurred.",MS,2000-03-03 18:00:00,2000-03-03 18:15:00,False,False
1092767,5137308,Alabama,101,Montgomery,BMX,2000-03-19 17:25:00,CST,2000-03-19 17:32:00,0,0,0,0,18K,0K,NWS STORM SURVEY,F1,Unknown,3.3,60.0,,,,,32.23333,-86.23333,32.21667,-86.18333,,"A small tornado touched down west of CR 39 near the end of Horse Farm Road and traveled nearly due east. A number of trees were downed and several structures sustained minor roof damage. The tornado crossed CR 39 and moved along a residential road with trees and limbs downed. One house in an area of well built, larger homes lost a portion of the southeast corner of the roof. Beginning: 32 14.093/86 13.529 End: 32 14.152/86 10.144",AL,2000-03-19 17:25:00,2000-03-19 17:32:00,False,False
1092768,5137309,Alabama,101,Montgomery,BMX,2000-03-19 17:38:00,CST,2000-03-19 17:40:00,0,0,0,0,30K,0K,NWS STORM SURVEY,F0,Unknown,0.4,25.0,,,,,32.26667,-86.11667,32.26667,-86.11667,,What was believed to be a small tornado touched down briefly on the south side of CR 40 mostly in open field area. One mobile home was damaged seriously with some of the insulation from the home blown upward into trees surrounding the home. Little other damage occurred. Beginning: 32 16.445/86 07.848 End: 32 16.589/86 07.432,AL,2000-03-19 17:38:00,2000-03-19 17:40:00,False,False
1093512,5139138,Washington,77,Yakima,PDT,2000-05-15 16:31:00,PST,2000-05-15 16:43:00,0,0,0,0,0,0,GENERAL PUBLIC,F0,Unknown,0.2,50.0,,,,,46.45,-120.25,46.45,-120.25,,"A weak landspout type tornado developed over open fields north of Zillah. This tornado was videotaped by many people and moved slowly towards the southwest, traveling less than one-quarter of a mile in 15 minutes.",WA,2000-05-15 17:31:00,2000-05-15 17:43:00,True,True
1092888,5137406,Texas,439,Tarrant,FWD,2000-03-28 18:18:00,CST,2000-03-28 18:28:00,80,0,2,0,,,NWS STORM SURVEY,F3,Unknown,4.0,250.0,,,,,32.75,-97.35,32.75,-97.35,"Tarrant County Thunderstorm Narrative The first tornado damage was reported near Castleberry High School, about four miles west of downtown Fort Worth (618 PM). Additional roof and tree damage occurred in Monticello neighborhood of River Oaks. A number of businesses were then damaged or destroyed near the intersection of Camp Bowie and West Seventh (620 PM). Tornado moved east along West Seventh Street, striking the Montgomery Ward building and the adjacent Linwood neighborhood, doing extensive damage to older homes (622 PM). The tornado then did extensive damage to the six story Cash America building, nearly destroying it. Further significant damage was then done to the Mallick Tower building and Calvary Cathedral Building (624 PM). The tornado weakened as it entered downtown, but wind borne debris broke thousands of windows in buildings and high rises (626 PM). Particularly hard hit was the Bank One Building, which had 80% (3,000) of its windows broken, and the Union Pacific Resources Building (1,300 of 5,000 windows broken). Numerous other structures were affected to a lesser degree. Automobiles in streets and parking lots were also damaged. The tornado then dissipated as it moved east of downtown, although scattered minor damage occurred to roofs, trees, fences, and billboards about 3 miles east of the city near I-30 and Brentwood Stair. Two people were killed as a direct result of the tornado. A man (age 52) was killed while trying to reach shelter after warning others of the tornado, while a homeless man (age 67) was killed by a wall that collapsed on him. Some 80 other people were injured, but only six required hospitalization. Hail did extensive damage to roofs and autos mainly in Lake Worth and Saginaw. Initial tornado damage in Arlington occurred at a restaurant on South Cooper street. The tornado moved east and gained strength, doing F3 damage near Bardin and Matlock (707 PM), south of I-20. The tornado then struck the northern part of Arlington Airport (F2). The tornado paralled I-20, crossing the Interstate about one mile west of Highway 360, overturning at least one 18-wheeler (F1)(712 PM). The tornado then began moving northeast, ending with F2 damage to subdivision just northeast of Grand Prairie airport (near Arkansas and Parkside)(720 PM). In spite of the damage, there were no deaths or serious injuries in Arlington or Grand Prairie. One commercial building was destroyed in Arlington, and 22 others damaged. Residential building damage (Tarrant county) was as follows: Location Destroyed Major Damage Minor Damage Azle 0 0 13 (hail) Lake Worth 0 0 118 (hail) River Oaks 0 3 51 Fort Worth 28 48 136 Arlington 67 146 458 Grand Prairie 6 9 32 Total 101 206 808",,TX,2000-03-28 18:18:00,2000-03-28 18:28:00,False,False
1092888,5137409,Texas,439,Tarrant,FWD,2000-03-28 19:05:00,CST,2000-03-28 19:15:00,0,0,0,0,,,NWS STORM SURVEY,F3,Unknown,7.0,300.0,,,,,32.73333,-97.11667,32.73333,-97.11667,"Tarrant County Thunderstorm Narrative The first tornado damage was reported near Castleberry High School, about four miles west of downtown Fort Worth (618 PM). Additional roof and tree damage occurred in Monticello neighborhood of River Oaks. A number of businesses were then damaged or destroyed near the intersection of Camp Bowie and West Seventh (620 PM). Tornado moved east along West Seventh Street, striking the Montgomery Ward building and the adjacent Linwood neighborhood, doing extensive damage to older homes (622 PM). The tornado then did extensive damage to the six story Cash America building, nearly destroying it. Further significant damage was then done to the Mallick Tower building and Calvary Cathedral Building (624 PM). The tornado weakened as it entered downtown, but wind borne debris broke thousands of windows in buildings and high rises (626 PM). Particularly hard hit was the Bank One Building, which had 80% (3,000) of its windows broken, and the Union Pacific Resources Building (1,300 of 5,000 windows broken). Numerous other structures were affected to a lesser degree. Automobiles in streets and parking lots were also damaged. The tornado then dissipated as it moved east of downtown, although scattered minor damage occurred to roofs, trees, fences, and billboards about 3 miles east of the city near I-30 and Brentwood Stair. Two people were killed as a direct result of the tornado. A man (age 52) was killed while trying to reach shelter after warning others of the tornado, while a homeless man (age 67) was killed by a wall that collapsed on him. Some 80 other people were injured, but only six required hospitalization. Hail did extensive damage to roofs and autos mainly in Lake Worth and Saginaw. Initial tornado damage in Arlington occurred at a restaurant on South Cooper street. The tornado moved east and gained strength, doing F3 damage near Bardin and Matlock (707 PM), south of I-20. The tornado then struck the northern part of Arlington Airport (F2). The tornado paralled I-20, crossing the Interstate about one mile west of Highway 360, overturning at least one 18-wheeler (F1)(712 PM). The tornado then began moving northeast, ending with F2 damage to subdivision just northeast of Grand Prairie airport (near Arkansas and Parkside)(720 PM). In spite of the damage, there were no deaths or serious injuries in Arlington or Grand Prairie. One commercial building was destroyed in Arlington, and 22 others damaged. Residential building damage (Tarrant county) was as follows: Location Destroyed Major Damage Minor Damage Azle 0 0 13 (hail) Lake Worth 0 0 118 (hail) River Oaks 0 3 51 Fort Worth 28 48 136 Arlington 67 146 458 Grand Prairie 6 9 32 Total 101 206 808",,TX,2000-03-28 19:05:00,2000-03-28 19:15:00,False,False
1092893,5137422,Texas,349,Navarro,FWD,2000-03-28 20:15:00,CST,2000-03-28 20:15:00,0,0,0,0,200K,,NEWSPAPER,F1,Unknown,3.0,250.0,,,,,32.18333,-96.26667,32.18333,-96.26667,"Hill/Ellis/Navarro/Henderson Thunderstorm NarrativeThis storm developed near Blum in northeast Hill county about 1815 CST, moving east and producing a brief tornado near Itasca. The storm moved into southern Ellis county, likely producing large hail west of Italy about 1830 CST and on the Ellis-Navarro county line around 1915 CST. The storm then slowed its forward movement, producing quarter size hail along I-45 south of Rice around 1945C. At Roane, one barn was destroyed, and another unroofed by a brief tornado ($10K) (1955C). The storm eventually produced another tornado near the small community of Bazette (around 2015CST), destroying three mobile homes, five barns, and damaging the roofs of two homes ($200K). The storm then moved across the Trinity River, downing trees and producing minor damage to a few residences at Trinidad. One resident took shelter after seeing a funnel, and after hearing a roar, went outside to find a tree blown over on their house (2030CST). At Malakoff, golf ball hail broke windows and stripped trees (2044CST). Near Athens, continuous hail for 30 minutes left hail up to golf ball size 6 inches deep. Damage estimated $50k.",,TX,2000-03-28 20:15:00,2000-03-28 20:15:00,False,False
1092871,5137426,South Carolina,83,Spartanburg,GSP,2000-03-11 15:00:00,EST,2000-03-11 15:00:00,0,0,0,0,,,FIRE DEPT/RESCUE SQUAD,F0,Unknown,0.1,20.0,,,,,35.05,-81.9,35.05,-81.9,"A fire chief observed a small and brief tornado touchdown in an open field. No property damage occurred, but there were broken limbs and evidence of a cyclonic circulation in the field. The tornado was spawned by one thunderstorm in a line of storms that was moving across the Upstate.",,SC,2000-03-11 15:00:00,2000-03-11 15:00:00,False,False
1092783,5137800,Alabama,7,Bibb,BMX,2000-03-10 21:12:00,CST,2000-03-10 21:27:00,0,0,0,0,25K,0K,NWS STORM SURVEY,F0,Unknown,11.9,100.0,,,,,32.76667,-87.08333,32.9,-86.93333,"A weak tornado began just inside the Perry County border near SR 219 and continued on a 12 mile path into Bibb County. The tornado ended just south of Randolph near CR 36. One home had its front porch ripped off and corners of the roof partially torn up in Perry County near SR 219. Numerous trees were knocked down or snapped off during the entire track of the tornado. In Bibb County, one mobile home had damage to its roof and siding. Another home sustained minor roof damage near SR 219. In Lawley, one tree fell onto a mobile home damaging it severely. Several barns were also damaged and a few homes had minor roof damage. The tornado traveled through mostly rural areas. Beginning: 32 50.147/87 6.718 Ending: 32 53.803/86 55.024",,AL,2000-03-10 21:12:00,2000-03-10 21:27:00,False,False
1092893,5137421,Texas,349,Navarro,FWD,2000-03-28 19:55:00,CST,2000-03-28 19:55:00,0,0,0,0,10K,,NEWSPAPER,F0,Unknown,0.1,10.0,,,,,32.18333,-96.38333,32.18333,-96.38333,"Hill/Ellis/Navarro/Henderson Thunderstorm NarrativeThis storm developed near Blum in northeast Hill county about 1815 CST, moving east and producing a brief tornado near Itasca. The storm moved into southern Ellis county, likely producing large hail west of Italy about 1830 CST and on the Ellis-Navarro county line around 1915 CST. The storm then slowed its forward movement, producing quarter size hail along I-45 south of Rice around 1945C. At Roane, one barn was destroyed, and another unroofed by a brief tornado ($10K) (1955C). The storm eventually produced another tornado near the small community of Bazette (around 2015CST), destroying three mobile homes, five barns, and damaging the roofs of two homes ($200K). The storm then moved across the Trinity River, downing trees and producing minor damage to a few residences at Trinidad. One resident took shelter after seeing a funnel, and after hearing a roar, went outside to find a tree blown over on their house (2030CST). At Malakoff, golf ball hail broke windows and stripped trees (2044CST). Near Athens, continuous hail for 30 minutes left hail up to golf ball size 6 inches deep. Damage estimated $50k.",Brief touchdown reported.,TX,2000-03-28 19:55:00,2000-03-28 19:55:00,False,False
1092838,5137811,Kansas,145,Pawnee,DDC,2000-03-23 16:54:00,CST,2000-03-23 16:57:00,0,0,0,0,,,TRAINED SPOTTER,F0,Unknown,1.3,50.0,,,,,38.0,-99.15,38.01667,-99.13333,,The tornado entered the county at 454 PM from Edwards county. Nothing in the path to damage in Pawnee county.,KS,2000-03-23 16:54:00,2000-03-23 16:57:00,False,False
1093024,5138578,Texas,115,Dawson,MAF,2000-03-02 02:07:00,CST,2000-03-02 02:17:00,0,0,0,0,,,STORM CHASER,F1,Unknown,2.0,200.0,,,,,32.63333,-102.06667,32.73333,-102.08333,An approaching upper level storm system helped the development on nocturnal thunderstorms.,Tornado formed quickly in a small supercell that moved into Dawson County from Gaines County. Video indicated a condensation funnel to the ground. The tornado passed through open farm land causing no damage.,TX,2000-03-02 02:07:00,2000-03-02 02:17:00,False,False
1092674,5136939,Oklahoma,143,Tulsa,TSA,2000-03-26 16:40:00,CST,2000-03-26 16:40:00,0,0,0,0,,,TRAINED SPOTTER,F0,Unknown,0.2,50.0,,,,,35.95,-95.8,35.95,-95.8,,A spotter reported a brief tornado touchdown just north of Leonard near the intersection of Highway 64 and Snake Creek. No damage was reported.,OK,2000-03-26 16:40:00,2000-03-26 16:40:00,False,False
1092674,5136940,Oklahoma,91,Mcintosh,TSA,2000-03-26 16:44:00,CST,2000-03-26 16:44:00,0,0,0,0,,,EMERGENCY MANAGER,F0,Unknown,0.2,50.0,,,,,35.35,-95.41667,35.35,-95.41667,,Emergency management relayed several reports of a brief tornado touchdown over Lake Eufaula just to the east of Texanna. No damage was reported.,OK,2000-03-26 16:44:00,2000-03-26 16:44:00,False,False
1093323,5139144,Illinois,117,Macoupin,LSX,2000-04-20 06:59:00,CST,2000-04-20 06:59:00,0,0,0,0,25K,,TRAINED SPOTTER,F1,Unknown,1.0,30.0,,,,,39.13333,-90.05,39.13333,-90.05,,A small tornado (low end of F1) struck briefly near Shipman. Two farm buildings were destroyed and some trees and power lines were downed. The tornado was witnessed by several people driving to work that morning.,IL,2000-04-20 07:59:00,2000-04-20 07:59:00,True,True
1093327,5139149,Missouri,27,Callaway,LSX,2000-04-20 03:10:00,CST,2000-04-20 03:12:00,0,0,0,0,50K,,NWS STORM SURVEY,F1,Unknown,2.0,60.0,,,,,38.86667,-91.7,38.88333,-91.68333,,A small tornado struck a farm south of Williamsburg. One barn was completely destroyed as was a grain silo. Three outbuildings were also severely damaged.,MO,2000-04-20 04:10:00,2000-04-20 04:12:00,True,True
1093042,5138914,Texas,173,Glasscock,MAF,2000-03-22 22:25:00,CST,2000-03-22 22:30:00,0,0,0,0,,,AMATEUR RADIO,F0,Unknown,0.5,100.0,,,,,31.98333,-101.5,31.98333,-101.5,Storm spotters reported this storm produced two tornadoes.,,TX,2000-03-22 22:25:00,2000-03-22 22:30:00,False,False
1093043,5138915,Texas,383,Reagan,MAF,2000-03-22 22:25:00,CST,2000-03-22 22:33:00,0,0,0,0,,,LAW ENFORCEMENT,F1,Unknown,10.0,200.0,,,,,31.23333,-101.68333,31.36667,-101.63333,This storm was a classic supercell that formed ahead of the training line of storms to the west.,"This thunderstorm formed near Iraan and moved sluggishly to the northeast across Crockett County. When the storm entered Reagan County it rapidly intensified into a classic supercell. This tornado was reported by a trucker who saw it cross U.S. Highway 67. The tornado hit a trailer and a ranchhouse, causing F1 damage to the ranch house.",TX,2000-03-22 22:25:00,2000-03-22 22:33:00,False,False
1093076,5138618,Wyoming,37,Sweetwater,RIW,2000-04-14 12:35:00,MST,2000-04-14 12:36:00,0,0,0,0,30K,,LAW ENFORCEMENT,F1,Unknown,0.5,50.0,,,,,41.51667,-109.56667,41.51667,-109.56667,"Weak, short-lived tornado that apparently developed along the gust front associated with a line of fast-moving thunderstorms. James Town is located just west of Green River.",,WY,2000-04-14 13:35:00,2000-04-14 13:36:00,True,True
1092468,5138261,Missouri,19,Boone,LSX,2000-03-26 18:15:00,CST,2000-03-26 18:15:00,0,0,0,0,50K,,NWS STORM SURVEY,F1,Unknown,0.3,150.0,,,,,39.2,-92.16667,39.2,-92.16667,,"A small tornado formed very quickly southwest of Centralia and caused damage for about a 1/4 mile. One home lost 1/2 of its roof, a large deck on another home was destroyed, windows were broken, outbuildings destroyed, and trees and powerlines downed.",MO,2000-03-26 18:15:00,2000-03-26 18:15:00,False,False
1092979,5138038,Colorado,77,Mesa,GJT,2000-04-11 16:12:00,MST,2000-04-11 16:17:00,0,0,0,0,,,OFFICIAL NWS OBS.,F0,Unknown,0.1,50.0,,,,,39.1,-108.45,39.1,-108.45,"A tornado in the northeast part of the Grand Valley was observed by many people, including three NWS on-duty personnel, trained weather spotters, and contract FAA tower personnel. The tornado apparently stayed over open country and no damage was reported.",,CO,2000-04-11 17:12:00,2000-04-11 17:17:00,True,True
1092980,5138039,Colorado,77,Mesa,GJT,2000-04-15 16:05:00,MST,2000-04-15 16:07:00,0,0,0,0,,,PARK/FOREST SERVICE,F0,Unknown,0.2,50.0,,,,,39.26667,-108.93333,39.26667,-108.93333,A Colorado State Park Ranger spotted a tornado to the northwest of Highline Lake. The tornado touched down just north of where two funnel clouds were spotted minutes earlier. The tornado remained over open country.,,CO,2000-04-15 17:05:00,2000-04-15 17:07:00,True,True
1092670,5135687,Oklahoma,143,Tulsa,TSA,2000-03-07 22:10:00,CST,2000-03-07 22:10:00,0,0,0,0,.5K,,NWS STORM SURVEY,F0,Unknown,0.1,50.0,,,,,36.31667,-96.0,36.31667,-96.0,,A tornado briefly touched down just north of Sperry. The only damage was to trees.,OK,2000-03-07 22:10:00,2000-03-07 22:10:00,False,False
1092670,5135688,Oklahoma,113,Osage,TSA,2000-03-07 22:10:00,CST,2000-03-07 22:10:00,0,0,0,0,,,AMATEUR RADIO,F0,Unknown,0.1,50.0,,,,,36.31667,-96.0,36.31667,-96.0,,An amateur radio operator reported a tornado 3 miles west of Highway 75 at 126th Street North.The tornado likely just touched down briefly and no damage was reported.,OK,2000-03-07 22:10:00,2000-03-07 22:10:00,False,False
1093043,5137673,Texas,383,Reagan,MAF,2000-03-22 22:55:00,CST,2000-03-22 23:05:00,5,0,0,0,200K,,LAW ENFORCEMENT,F2,Unknown,6.0,300.0,,,,,31.56667,-101.58333,31.63333,-101.46667,This storm was a classic supercell that formed ahead of the training line of storms to the west.,"The tornado knocked a small house off its foundation by about 15 yards with the house pivoting 90 degrees as well. One infant suffered a slight head injury from falling furniture. The tornado continued travelling north-northeast through rural areas, but struck and destroyed a mobile home, injuring two men, one seriously. Lighter damage was scattered along the rest of its path, including utility poles down, parts of roofs damaged, fences and barns damaged, etc. The tornado crossed into Glasscock County at 31.65N/101.50W.",TX,2000-03-22 22:55:00,2000-03-22 23:05:00,False,False
1093043,5137674,Texas,173,Glasscock,MAF,2000-03-22 23:05:00,CST,2000-03-22 23:15:00,0,0,0,0,40K,,LAW ENFORCEMENT,F1,Unknown,6.0,300.0,,,,,31.63333,-101.45,31.7,-101.41667,This storm was a classic supercell that formed ahead of the training line of storms to the west.,"Tornado continued from northern Reagan County. A string of 12 utility poles was knocked down on FM 2401, an abandoned house lost part of its roof, and 6 more poles were knocked down on Ranch Road 33. The tornado apparently dissipated just after knocking down the last set of poles. The entire path length of the tornado was 12 miles.",TX,2000-03-22 23:05:00,2000-03-22 23:15:00,False,False
1093147,5139361,Texas,487,Wilbarger,OUN,2000-04-30 16:30:00,CST,2000-04-30 16:38:00,0,0,0,0,50K,,EMERGENCY MANAGER,F1,Unknown,2.0,75.0,,,,,34.11667,-99.11667,34.13333,-99.06667,"Numerous severe thunderstorms moved across western portions of north Texas during the afternoon and evening of the 30th. Four tornadoes were confirmed, and there were numerous reports of large hail and some straight-line wind damage.","This tornado formed 1.5 miles southeast of Oklaunion on the south side of Highway 287 with information of its existence coming from a Doppler-On-Wheels chase team, but was later confirmed by descriptions of damage from the Oklaunion Fire Department. One tied down mobile home on the north side of Highway 287 was ripped up by the wind and strewn over a half mile area. The base of the mobile home was picked up and placed against the side of a barn 20 feet to its east. Three large barns had roof and wall damage, and one barn had several two by fours stuck sideways into its east-facing wall. Two grain storage bins had their roofs blown off, and the foundation of one bin was moved about 18 inches. One shed was damaged, and another was blown away. Also, a driver traveling on Highway 287 pulled over to the side of the road to wait out the storm and had a two by four blown through the back window. Although this tornado was rated F1, most damage is consistent with F0 damage.",TX,2000-04-30 17:30:00,2000-04-30 17:38:00,True,True
1092771,5137312,Alabama,73,Jefferson,BMX,2000-03-10 21:22:00,CST,2000-03-10 21:28:00,0,0,0,0,.5M,0K,NWS STORM SURVEY,F1,Unknown,1.5,200.0,,,,,33.31667,-86.8,33.31667,-86.78333,"A tornado caused considerable damage 9 miles south of Birmingham, in the Vestavia Hills and Hoover communities. The tornado first touched down in the Tal-Heim subdivision near Interstate 65 and Rocky Ridge Road. A ham radio operator, equipped with an anemometer, recorded a 66 mile an hour wind as the tornado was initially reaching the ground. The tornado traveled northeast and ended just northwest of the intersection of Rocky Ridge Road and Old Rocky Ridge Road. The greatest damage occurred in a small area from Wisteria Road through the Buckhead subdivision. Eighty seven homes received varying degrees of damage due mainly to falling trees, and seven of those homes were totally destroyed. Many homes had sections of roof removed, shingles torn off, and broken windows. Numerous trees were uprooted or snapped off and power lines were blown down along the path. Several automobiles and outbuildings were also destroyed by falling trees. Beginning: 33 23.915/86 47.443 Ending: 33 24.883/86 46.460",,AL,2000-03-10 21:22:00,2000-03-10 21:28:00,False,False
1093389,5139268,Louisiana,59,La Salle,SHV,2000-04-23 20:50:00,CST,2000-04-23 21:00:00,0,0,0,0,750K,,NWS STORM SURVEY,F2,Unknown,2.3,150.0,,,,,31.7,-92.1,31.66667,-92.08333,,A high precipitation supercell produced a tornado as part of an outbreak of tornadoes across the region. Damage consisted of large pine and oak trees snapped and broken as well as damage to homes. Most damage to residences were from falling trees. One manufactured home was completely destroyed. A number of outbuildings were damaged by either falling trees or high wind.,LA,2000-04-23 21:50:00,2000-04-23 22:00:00,True,True
1093034,5138898,Texas,335,Mitchell,MAF,2000-03-22 19:05:00,CST,2000-03-22 19:12:00,0,0,0,0,,,FIRE DEPT/RESCUE SQUAD,F0,Unknown,2.0,200.0,,,,,32.11667,-101.13333,32.15,-101.01667,"This long lasting supercell thunderstorm produced a small tornado in Upton county, flash flooding in Midland county, a tornado, and hail up to two inches in diameter in Glasscock county. The remainder of this storm went on to produce golfball size hail in Mitchell county.","The Glasscock county tornadic storm occluded, then formed another mesocyclone in the southwest corner of Mitchell County.",TX,2000-03-22 19:05:00,2000-03-22 19:12:00,False,False
1093390,5139269,Louisiana,69,Natchitoches,SHV,2000-04-23 18:45:00,CST,2000-04-23 19:05:00,0,0,0,0,1M,,NWS STORM SURVEY,F3,Unknown,8.0,200.0,,,,,31.95,-93.26667,31.91667,-93.1,,A supercell produced a tornado as part of an outbreak of tornados across the region. Damage consisted of large pine trees snapped and oak trees blown down. Most damage to residences were from fallen trees. Two steel utility power towers were destroyed. A number of outbuildings were also damaged. Moved through De Soto Parish then across Red River Parish and into Natchitoches Parish.,LA,2000-04-23 19:45:00,2000-04-23 20:05:00,True,True
1092835,5138718,Kansas,175,Seward,DDC,2000-03-07 16:20:00,CST,2000-03-07 16:23:00,2,0,0,0,250K,,NWS STORM SURVEY,F1,Unknown,2.0,100.0,,,,,37.03333,-100.93333,37.03333,-100.93333,,"Tornado began at 3rd and Pennsylvania and traveled north-northwest to just past the Southwest Medical Center. The small circulation was evidently wrapped into the RFD as it traversed around the southeast section of the Meso. Several trees were uprooted, the awing at a gas station was damaged, signs were blown down. sheds destroyed, KDOT tower was blown down and 1/3 of the hospital roof was removed.",KS,2000-03-07 16:20:00,2000-03-07 16:23:00,False,False
1092995,5138931,Georgia,233,Polk,FFC,2000-04-03 01:00:00,EST,2000-04-03 01:15:00,6,0,0,0,1M,,NWS STORM SURVEY,F2,Unknown,6.0,75.0,,,,,33.96667,-85.38333,34.0,-85.26667,,"Survey of damage by NWS personnel indicated that an F1 - F2 tornado, 50 - 100 yards wide, touched down in the Potash community at approximately 2:00 am EDT near Harmony Road. The tornado traveled approximately 6 miles with the terminating point just southwest of Cedartown. The tornado snapped off and uprooted several trees at its touchdown point on Harmony Road and caused a poultry house to lean as well as blowing off some of its tin roof. Next, a house on Blair Road was severely damaged and numerous trees were felled. Further downstream, several mobile homes and numerous trees were hit on Branch Road, Cornelius Road, and Highway 278 between Cornelius Road and Berry Road. The most severe damage was on Berry Road where two mobile homes were totally destroyed and 3 people seriously injured. The Polk county EMA director reported that a total a 6 people were injured, 2 seriously, and a total of 20 homes were destroyed or damaged. In addition, a roof was blown off a fruit/vegetable stand on Highway 27 south of Cedartown, but this did not appear to be related to the tornado. In excess of 1 million dollars damage was caused by the tornado.",GA,2000-04-03 02:00:00,2000-04-03 02:15:00,True,True
1092952,5137876,Florida,99,Palm Beach,MFL,2000-04-13 12:40:00,EST,2000-04-13 12:40:00,0,0,0,0,1K,,AIRPLANE PILOT,F0,Unknown,0.1,10.0,,,,,26.88333,-80.6,26.88333,-80.6,,A pilot reported a tornado touching down briefly and damaging a utility pole.,FL,2000-04-13 13:40:00,2000-04-13 13:40:00,True,True
1093383,5139187,Texas,449,Titus,SHV,2000-04-23 14:53:00,CST,2000-04-23 15:10:00,0,0,0,0,145K,,NWS STORM SURVEY,F2,Unknown,7.0,150.0,,,,,33.16667,-94.93333,33.21667,-94.81667,,"This tornado developed in a high precipitation supercell as it moved eastward across the county. Small to moderate pine and oak trees were snapped and broken. A mobile home dealership in Cookville, TX was moderately damaged and several homes suffered shingle loss. This tornado continued into Morris County, TX. The F2 rating is from the Morris County, TX segment of this tornado.",TX,2000-04-23 15:53:00,2000-04-23 16:10:00,True,True
1093383,5139188,Texas,343,Morris,SHV,2000-04-23 15:10:00,CST,2000-04-23 15:28:00,0,0,0,0,28K,,NWS STORM SURVEY,F2,Unknown,9.8,150.0,,,,,33.23333,-94.8,33.25,-94.65,,"This tornado developed in a high precipitation supercell as it moved eastward across the county. Numerous large pine and oak trees were snapped and broken. Several barns were damaged but the tornado stayed mostly across rural farmland and forests. This tornado is a continuation of the Titus County, TX tornado.",TX,2000-04-23 16:10:00,2000-04-23 16:28:00,True,True
1093384,5139262,Texas,343,Morris,SHV,2000-04-23 15:10:00,CST,2000-04-23 15:20:00,0,0,0,0,12K,,NWS EMPLOYEE(OFF DUTY),F2,Unknown,4.2,200.0,,,,,33.08333,-94.75,33.08333,-94.68333,,"Numerous large pine and oak trees snapped and broken. A roof was partially removed from a brick house and a chain link fence wrapped in a pine tree about 50 feet up. This was one of several tornadoes which occurred. This tornado continued into Cass County, TX.",TX,2000-04-23 16:10:00,2000-04-23 16:20:00,True,True
1093207,5139074,Florida,99,Palm Beach,MFL,2000-05-08 13:45:00,EST,2000-05-08 13:45:00,0,0,0,0,,,EMERGENCY MANAGER,F0,Unknown,0.1,5.0,,,,,26.8,-80.13333,26.8,-80.13333,,Emergency Management Official and newspaper reporter sighted a brief tornado touch down.,FL,2000-05-08 14:45:00,2000-05-08 14:45:00,True,True
1093272,5139380,Louisiana,57,Lafourche,LIX,2000-03-15 14:05:00,CST,2000-03-15 14:05:00,1,0,0,0,20K,,EMERGENCY MANAGER,F1,Unknown,0.5,30.0,,,,,29.56667,-90.53333,29.56667,-90.53333,,A tornado touched down briefly west of Larose destroying a mobile home. The occupant was injured.,LA,2000-03-15 14:05:00,2000-03-15 14:05:00,False,False
1093653,5139233,Alabama,73,Jefferson,BMX,2000-04-03 11:30:00,CST,2000-04-03 11:37:00,0,0,0,0,75K,0K,NWS STORM SURVEY,F2,Unknown,4.7,300.0,,,,,33.38333,-87.23333,33.41667,-87.16667,"The tornado began at the intersection of CR 59 and CR 54 near the town of Kellerman. The tornado traveled in a northeast direction for approximately 11.1 miles. The tornado crossed the Tuscaloosa and Jefferson county line about 2 miles southeast of County Road 59, near Bull City, and dissipated about 2 miles southwest of Oak Grove. The damage path was about 300 yards wide at its widest point. One frame house and a church received mainly roof damage in the town of Kellerman. The path was very rural, and most of the damage was from downed and snapped trees. The terrain was hilly, with most of the downed trees located in the valleys. About one mile inside the Jefferson County line, a brick house sustained major damage, and two mobile homes were overturned. Segment 1: Beginning: 33 19.860/87 19.276 Ending: 33 23.086/87 13.918 Segment 2: Beginning: 33 23.086/87 13.918 Ending: 33 25.513/87 09.892",,AL,2000-04-03 12:30:00,2000-04-03 12:37:00,True,True
1093035,5138899,Texas,335,Mitchell,MAF,2000-03-22 18:25:00,CST,2000-03-22 18:35:00,0,0,0,0,,,LAW ENFORCEMENT,F0,Unknown,4.0,250.0,,,,,32.4,-101.01667,32.48333,-100.88333,"Scurry County was on the north end of the extreme rains over the area. More than 6"" of rain fell over southern parts of the county. One man was swept off Pleasant Hill Rd., but was able to escape the flood waters after flowing for about 100 yards. Several other cars were washed off roads, but were not swept off into a draw like previous one was.",The Howard County tornadic storm evolved another mesocyclone and spawned this tornado reported by the DPS.,TX,2000-03-22 18:25:00,2000-03-22 18:35:00,False,False
1093516,5139216,Nebraska,3,Antelope,OAX,2000-04-26 18:05:00,CST,2000-04-26 18:20:00,0,0,0,0,2K,,GENERAL PUBLIC,F0,Unknown,4.5,50.0,,,,,42.18333,-98.1,42.16667,-98.0,,"A narrow tornado touched down just west of Highway 14 north of Neligh and tracked around 4 miles before lifting. There was a very narrow, rapidly spinning white funnel, that never touched down, that was also associated with this tornadic thunderstorm, ahead of the actual tornado. The tornado did minor damage. The damage included 2 broken windows on one house 4 miles north of Neligh, while two doors were ripped off of a machine shed just to the east of that house. A pivot irrigation system was overturned around 5 miles northwest of Neligh.",NE,2000-04-26 19:05:00,2000-04-26 19:20:00,True,True
1093517,5139217,Nebraska,119,Madison,OAX,2000-04-26 18:30:00,CST,2000-04-26 18:30:00,0,0,0,0,,,NEWSPAPER,F0,Unknown,0.1,30.0,,,,,42.1,-97.83333,42.1,-97.83333,,Brief touchdown of a rain wrapped tornado.,NE,2000-04-26 19:30:00,2000-04-26 19:30:00,True,True
1092835,5138736,Kansas,33,Comanche,DDC,2000-03-07 18:10:00,CST,2000-03-07 18:15:00,1,0,0,0,,,NWS STORM SURVEY,F1,Unknown,3.2,100.0,,,,,37.06667,-99.35,37.1,-99.31667,,Barn completely destroyed and several dog houses were destroyed but no injuries to the animals resulted. Debris was carried 2 miles.,KS,2000-03-07 18:10:00,2000-03-07 18:15:00,False,False
1093384,5139189,Texas,67,Cass,SHV,2000-04-23 15:20:00,CST,2000-04-23 15:27:00,0,0,0,0,,,NWS STORM SURVEY,F2,Unknown,2.8,150.0,,,,,33.08333,-94.63333,33.08333,-94.55,,"This tornado was one of several which formed over Cass County, TX. Numerous pine and oak trees snapped and broken. No structures were in the path of this tornado. This tornado entered Cass County, TX from Morris County, TX.",TX,2000-04-23 16:20:00,2000-04-23 16:27:00,True,True
1093929,5140619,Mississippi,99,Neshoba,JAN,2000-04-02 17:30:00,CST,2000-04-02 17:30:00,0,0,0,0,5K,,EMERGENCY MANAGER,F0,Unknown,1.0,50.0,,,,,32.83333,-89.11667,32.83333,-89.11667,,This weak tornado blew down trees.,MS,2000-04-02 18:30:00,2000-04-02 18:30:00,True,True
1093381,5140424,Texas,387,Red River,SHV,2000-04-23 13:41:00,CST,2000-04-23 14:11:00,0,0,0,0,,,NWS STORM SURVEY,F2,Unknown,12.5,75.0,,,,,33.83333,-95.26667,33.88333,-95.05,,"Tornado occurred across farm land and wooded areas with few structures or homes present. The county sheriff, his deputy, and a farmer were talking when the tornado, which was described as a long tube, moved out of the woods to their east and crossed within several hundred yards to their north.",TX,2000-04-23 14:41:00,2000-04-23 15:11:00,True,True
1092893,5137894,Texas,213,Henderson,FWD,2000-03-28 20:30:00,CST,2000-03-28 20:30:00,0,0,0,0,,,NEWSPAPER,F0,Unknown,0.5,20.0,,,,,32.15,-96.1,32.15,-96.1,"Hill/Ellis/Navarro/Henderson Thunderstorm NarrativeThis storm developed near Blum in northeast Hill county about 1815 CST, moving east and producing a brief tornado near Itasca. The storm moved into southern Ellis county, likely producing large hail west of Italy about 1830 CST and on the Ellis-Navarro county line around 1915 CST. The storm then slowed its forward movement, producing quarter size hail along I-45 south of Rice around 1945C. At Roane, one barn was destroyed, and another unroofed by a brief tornado ($10K) (1955C). The storm eventually produced another tornado near the small community of Bazette (around 2015CST), destroying three mobile homes, five barns, and damaging the roofs of two homes ($200K). The storm then moved across the Trinity River, downing trees and producing minor damage to a few residences at Trinidad. One resident took shelter after seeing a funnel, and after hearing a roar, went outside to find a tree blown over on their house (2030CST). At Malakoff, golf ball hail broke windows and stripped trees (2044CST). Near Athens, continuous hail for 30 minutes left hail up to golf ball size 6 inches deep. Damage estimated $50k.",,TX,2000-03-28 20:30:00,2000-03-28 20:30:00,False,False
1092984,5138066,Utah,19,Grand,GJT,2000-04-18 09:55:00,MST,2000-04-18 09:57:00,0,0,0,0,1K,,GENERAL PUBLIC,F0,Unknown,0.5,30.0,,,,,38.61667,-109.55,38.6,-109.55,"This tornado was actually a gustnado. The gustnado travelled across a drill rig site which was near the Slick Rock Campground. Fifteen people were at the drill rig site and took cover when they saw the gustnado approaching. The gustnado picked up rocks and other loose items, breaking out windows on a drill rig enclosure and a nearby truck. The gustnado continued on down the hill and uprooted several trees before dissipating.",,UT,2000-04-18 10:55:00,2000-04-18 10:57:00,True,True
1092916,5138070,Kansas,131,Nemaha,TOP,2000-04-25 13:22:00,CST,2000-04-25 13:22:00,0,0,0,0,,,LAW ENFORCEMENT,F0,Unknown,0.1,15.0,,,,,39.83333,-96.06667,39.83333,-96.06667,,A cold air funnel touched down in an open field near Seneca.,KS,2000-04-25 14:22:00,2000-04-25 14:22:00,True,True
1090209,5127502,Alabama,91,Marengo,MOB,2000-01-09 23:05:00,CST,2000-01-09 23:25:00,0,0,0,0,500K,,EMERGENCY MANAGER,F1,Unknown,6.5,300.0,,,,,32.05,-87.78333,32.05,-87.7,,"A tornado was reported first touching down just inside the Marengo County line about 3 miles south of Dixons Mills. The storm then crossed U. S. Highway 43 about 2.5 miles south of Dixons Mills . Storm track was northeast...crossing County Road 37 and then across State Highway 10 just west of County Road 55. The storm then moved across County Roads 55 and 45. Almost all the damage along this track was to trees. The tornado appeared to be near tree top level along this path.The storm then moved across County Road 56 near Surginer just to the east of County Road 45. This is where most of the structural damage occurred. Two mobile homes were demolished. One home sustained major roof damage, while two others suffered roof and structural damage along County Road 56. Damage was also done to barns and outbuildings here. The tornado lifted back into the cloud just north of County Road 56. No injuries were reported.",AL,2000-01-09 23:05:00,2000-01-09 23:25:00,False,False
1093153,5139372,Tennessee,3,Bedford,OHX,2000-04-20 18:14:00,CST,2000-04-20 18:17:00,0,0,1,0,30K,,EMERGENCY MANAGER,F1,Unknown,2.0,67.0,,,,,35.53333,-86.4,35.53333,-86.36667,,The tornado first touched down about 2.5 mles west of Wartrace at the intersection of Railroad Avenue and Horse Mountain Road...having an intensity of F1 and a width of about 200 feet. The total path length is about 2 miles.The greatest amount of damage and the fatality occurred near the beginning of its track where the tornado had its greatest intensity. The damage included some large trees that were uprooted and snapped...roof damage to one house...moving both a house and mobile home on their foundations..and overturning a nearby mobile home.Regarding the fatality...local law enforcement mentioned that as the storm approached...a man got back in a small pickup truck to escape the impending rain and hail. The tornado then struck and moved or rolled the truck across a field and through a barn...causing or aiding the barn being destroyed. The truck ended up in a creekbed over 350 feet away. The man was throw from the truck and was found underneath the vehicle in the creekbed. Only sporadic damage occurred after the tornado weakened...with roof damage to several barns and out buildings...some twisting...snapping...and uprooting of some trees...and a few power poles snapped.,TN,2000-04-20 19:14:00,2000-04-20 19:17:00,True,True
1094131,5141083,Texas,503,Young,FWD,2000-04-30 16:40:00,CST,2000-04-30 16:40:00,0,0,0,0,,,NEWSPAPER,F0,Unknown,0.2,20.0,,,,,33.36667,-98.76667,33.36667,-98.76667,"April 30, 2000 - Event NarrativeA big day for severe weather across northwest portions of the area. Several outflow boundaries, a dryline, and moist unstable air all helped contribute to thunderstorm development. There were several rounds of thunderstorms, the first wave was in the early morning hours, from about 3 am to 5 am. This activity developed in Young and Palo Pinto counties and moved eastward to affect Parker, Jack, Wise and Tarrant counties. Another event developed in the early evening, generally north and west of a Dallas, Glen Rose, Eastland line. Most of the activity was centered on Young, Jack, and Stephens county. A large tornado occurred near Olney (Young County) during this event. A continuation of aa tornado that began in Throckmorton county.",A brief tornado touched down on the west side of Olney. No damage or injuries were reported.,TX,2000-04-30 17:40:00,2000-04-30 17:40:00,True,True
1094131,5140682,Texas,237,Jack,FWD,2000-04-30 18:46:00,CST,2000-04-30 18:46:00,0,0,0,0,,,NWS EMPLOYEE(OFF DUTY),F0,Unknown,0.2,10.0,,,,,33.1,-98.38333,33.1,-98.38333,"April 30, 2000 - Event NarrativeA big day for severe weather across northwest portions of the area. Several outflow boundaries, a dryline, and moist unstable air all helped contribute to thunderstorm development. There were several rounds of thunderstorms, the first wave was in the early morning hours, from about 3 am to 5 am. This activity developed in Young and Palo Pinto counties and moved eastward to affect Parker, Jack, Wise and Tarrant counties. Another event developed in the early evening, generally north and west of a Dallas, Glen Rose, Eastland line. Most of the activity was centered on Young, Jack, and Stephens county. A large tornado occurred near Olney (Young County) during this event. A continuation of aa tornado that began in Throckmorton county.",A brief touchdown by rain wrapped tornado was reported by an off duty National Weather Service meteorologist.,TX,2000-04-30 19:46:00,2000-04-30 19:46:00,True,True
1094131,5140673,Texas,503,Young,FWD,2000-04-30 17:50:00,CST,2000-04-30 17:50:00,0,0,0,0,,,NWS EMPLOYEE(OFF DUTY),F0,Unknown,0.1,10.0,,,,,33.31667,-98.6,33.31667,-98.6,"April 30, 2000 - Event NarrativeA big day for severe weather across northwest portions of the area. Several outflow boundaries, a dryline, and moist unstable air all helped contribute to thunderstorm development. There were several rounds of thunderstorms, the first wave was in the early morning hours, from about 3 am to 5 am. This activity developed in Young and Palo Pinto counties and moved eastward to affect Parker, Jack, Wise and Tarrant counties. Another event developed in the early evening, generally north and west of a Dallas, Glen Rose, Eastland line. Most of the activity was centered on Young, Jack, and Stephens county. A large tornado occurred near Olney (Young County) during this event. A continuation of aa tornado that began in Throckmorton county.",A brief touchdown was reported by an off duty National Weather Service meteorologist.,TX,2000-04-30 18:50:00,2000-04-30 18:50:00,True,True
1093382,5139186,Texas,67,Cass,SHV,2000-04-23 15:22:00,CST,2000-04-23 15:57:00,0,0,0,0,,,NWS STORM SURVEY,F2,Unknown,11.8,150.0,,,,,33.06667,-94.6,33.06667,-94.4,,Numerous large pines and oaks were snapped and broken. No structures were in the path of this tornado which was one of several that occurred in this county this day.,TX,2000-04-23 16:22:00,2000-04-23 16:57:00,True,True
1093577,5139762,Nebraska,89,Holt,LBF,2000-04-26 16:40:00,CST,2000-04-26 16:45:00,0,0,0,0,,,GENERAL PUBLIC,F0,Unknown,2.0,20.0,,,,,42.63333,-98.65,42.63333,-98.65,,Tornado remained over farmland with no damage reported.,NE,2000-04-26 17:40:00,2000-04-26 17:45:00,True,True
1092953,5137877,Florida,11,Broward,MFL,2000-04-14 11:00:00,EST,2000-04-14 11:00:00,0,0,0,0,4K,,NEWSPAPER,F0,Unknown,0.1,5.0,,,,,26.1,-80.2,26.1,-80.2,,A tree-top level tornado snapped a cypress tree and bent a light pole as it touched down in Veterans Park. The tornado moved north northeast for about 150 yards then damaged a screened pool enclosure before lifting.,FL,2000-04-14 12:00:00,2000-04-14 12:00:00,True,True
1092957,5137881,Florida,99,Palm Beach,MFL,2000-04-15 17:00:00,EST,2000-04-15 17:00:00,0,0,0,0,,,NEWSPAPER,F0,Unknown,0.1,10.0,,,,,26.51667,-80.03333,26.51667,-80.03333,,A brief tornado touched down near Congress Avenue and Boynton Beach Boulevard.,FL,2000-04-15 18:00:00,2000-04-15 18:00:00,True,True
1092958,5137882,Florida,99,Palm Beach,MFL,2000-04-15 17:20:00,EST,2000-04-15 17:20:00,0,0,0,0,5K,,NEWSPAPER,F0,Unknown,0.2,10.0,,,,,26.51667,-80.03333,26.51667,-80.03333,,A waterspout moved ashore from the intracoastal waterway and did minor damage to a restaurant at a yacht club near U.S.1 and Hypoluxo Road.,FL,2000-04-15 18:20:00,2000-04-15 18:20:00,True,True
1093029,5137884,Texas,173,Glasscock,MAF,2000-03-31 19:05:00,CST,2000-03-31 19:10:00,0,0,0,0,,,LAW ENFORCEMENT,F0,Unknown,1.0,100.0,,,,,31.73333,-101.65,31.73333,-101.65,,A tornado was reported on TX 137 and CR 30.,TX,2000-03-31 19:05:00,2000-03-31 19:10:00,False,False
1094000,5140567,Louisiana,39,Evangeline,LCH,2000-04-02 17:25:00,CST,2000-04-02 17:30:00,0,0,0,0,50K,,NWS STORM SURVEY,F1,Unknown,1.0,10.0,,,,,30.61667,-92.43333,30.61667,-92.43333,"A small tornado formed ahead of a ""bow-echo"" thunderstorm complex near Mamou, destroying one mobile home and doing minor damage to five other homes. No one was injured. The woman living in the mobile home had left for church a few minutes earlier. Eyewitnesses saw the tornado move southeast across a field before it struck the mobile home. Another mobile home just 25 feet away was undamaged. Wind speeds were estimated to be 100 mph. Hail the size of marbles was also reported with this tornado.",,LA,2000-04-02 18:25:00,2000-04-02 18:30:00,True,True
1093996,5140563,Louisiana,23,Cameron,LCH,2000-04-02 17:40:00,CST,2000-04-02 17:50:00,2,0,0,0,300K,,NWS STORM SURVEY,F1,Unknown,15.0,20.0,,,,,29.93333,-93.36667,30.06667,-93.11667,"A second tornado developed in Cameron Parish, doing significant damage around Grand Lake. People at Heberts Marina on Big Lake viewed the tornado as it passed south of them. The tornado severely damaged one home and three mobile homes, destroyed several barns and garages, and blew down many trees and power lines. Two minor injuries were reported. One farmer reported his cattle running around in circles in a field as the tornado passed nearby.",,LA,2000-04-02 18:40:00,2000-04-02 18:50:00,True,True
1094131,5140679,Texas,503,Young,FWD,2000-04-30 18:31:00,CST,2000-04-30 18:31:00,0,0,0,0,,,FIRE DEPT/RESCUE SQUAD,F0,Unknown,0.2,10.0,,,,,33.01667,-98.65,33.01667,-98.65,"April 30, 2000 - Event NarrativeA big day for severe weather across northwest portions of the area. Several outflow boundaries, a dryline, and moist unstable air all helped contribute to thunderstorm development. There were several rounds of thunderstorms, the first wave was in the early morning hours, from about 3 am to 5 am. This activity developed in Young and Palo Pinto counties and moved eastward to affect Parker, Jack, Wise and Tarrant counties. Another event developed in the early evening, generally north and west of a Dallas, Glen Rose, Eastland line. Most of the activity was centered on Young, Jack, and Stephens county. A large tornado occurred near Olney (Young County) during this event. A continuation of aa tornado that began in Throckmorton county.",A brief touchdown was reported by storm chasers.,TX,2000-04-30 19:31:00,2000-04-30 19:31:00,True,True
1093717,5140472,Indiana,63,Hendricks,IND,2000-05-09 17:07:00,EST,2000-05-09 17:10:00,0,0,0,0,,,NWS STORM SURVEY,F0,Unknown,1.0,100.0,,,,,39.9,-86.46667,39.9,-86.4,"A squall-line moved across central Indiana producing widespread tree damage, localized structural damage and one death and three injuries. A weak F0 tornado also briefly touched down in a farm field near Brownsburg doing no propery damage. A 42 year old woman was killed as a tree fell on her moving vehicle near Hillsboro in Fountain county, while three people were injured near Waynetown in Montgomery county when a tree fell on their car. Meanwhile, thunderstorm gusts up to 80 mph damaged the roofs to a grocery store and hotel near Terre Haute and four homes at Clarks Hill in Tippecanoe county. Fallen trees also damaged two cars near Brazil in Clay county. Otherwise, there were numerous reports of trees down and golfball size hail across central Indiana .",,IN,2000-05-09 18:07:00,2000-05-09 18:10:00,True,True
1093803,5141308,Kansas,37,Crawford,SGF,2000-04-19 19:45:00,CST,2000-04-19 20:02:00,0,0,0,0,200K,,NWS STORM SURVEY,F2,Unknown,8.0,200.0,,,,,37.55,-95.08333,37.66667,-94.93333,An F2 tornado entered western Crawford County about 3 miles south of Walnut and moved through the northwest portion of the county. The damage path was intermittent and about 200 yards wide. The tornado stayed mainly over rural areas and uprooted trees and damaged or destroyed 3 homes and several outbuildings. The tornado exited the county just east of Hepler and moved into southern Bourbon County.,,KS,2000-04-19 20:45:00,2000-04-19 21:02:00,True,True
1093862,5141812,Texas,235,Irion,SJT,2000-04-11 17:35:00,CST,2000-04-11 17:35:00,0,0,0,0,,,GENERAL PUBLIC,F0,Unknown,0.1,10.0,,,,,31.2,-101.11667,31.2,-101.11667,"Severe thunderstorms rumbled across much of the Concho Valley, Heartland, and Northern Edwards Plateau during the evening of the 11th. A brief tornado was reported in central Irion County, while tennis ball to baseball size hail pounded Mertzon, Rockwood, and northern Schleicher County. Many other areas reported dime to golf ball size hail.",A tornado briefly touched down in open county northeast of Barnhart. No damage was reported.,TX,2000-04-11 18:35:00,2000-04-11 18:35:00,True,True
1094097,5141596,Minnesota,23,Chippewa,MPX,2000-04-27 12:58:00,CST,2000-04-27 13:08:00,0,0,0,0,,,LAW ENFORCEMENT,F0,Unknown,0.1,10.0,,,,,45.0,-95.71667,45.01667,-95.71667,,Tornado occasionally touching down over open ground. No damage reported.,MN,2000-04-27 13:58:00,2000-04-27 14:08:00,True,True
1093995,5140562,Louisiana,23,Cameron,LCH,2000-04-02 17:30:00,CST,2000-04-02 17:40:00,0,0,0,0,,,NWS STORM SURVEY,F0,Unknown,5.0,10.0,,,,,30.0,-93.48333,30.0,-93.4,"A weak tornado developed in Sabine Wildlife Refuge, and dissipated just before it reached the town of Hackberry. No property damage was reported, since it remained in the marshes. There were numerous public sightings of this tornado.",,LA,2000-04-02 18:30:00,2000-04-02 18:40:00,True,True
1094131,5140680,Texas,503,Young,FWD,2000-04-30 18:40:00,CST,2000-04-30 18:40:00,0,0,0,0,,,NEWSPAPER,F0,Unknown,0.2,10.0,,,,,33.05,-98.6,33.05,-98.6,"April 30, 2000 - Event NarrativeA big day for severe weather across northwest portions of the area. Several outflow boundaries, a dryline, and moist unstable air all helped contribute to thunderstorm development. There were several rounds of thunderstorms, the first wave was in the early morning hours, from about 3 am to 5 am. This activity developed in Young and Palo Pinto counties and moved eastward to affect Parker, Jack, Wise and Tarrant counties. Another event developed in the early evening, generally north and west of a Dallas, Glen Rose, Eastland line. Most of the activity was centered on Young, Jack, and Stephens county. A large tornado occurred near Olney (Young County) during this event. A continuation of aa tornado that began in Throckmorton county.",A brief touchdown was reported by chasers.,TX,2000-04-30 19:40:00,2000-04-30 19:40:00,True,True
1093849,5141788,Kansas,37,Crawford,SGF,2000-04-19 20:11:00,CST,2000-04-19 20:16:00,4,0,0,0,300K,,NWS STORM SURVEY,F2,Unknown,8.0,300.0,,,,,37.35,-95.05,37.41667,-94.93333,"An F2 tornado entered the southwest corner of Crawford County west of McCune and traveled northeast over the southwest section of the county. The intermittent damage path was 300 yards wide. Although the tornado stayed over rural areas, it still managed to severely damage or destroy 5 homes and several outbuildings. Four persons were injured by flying debris. The tornado lifted about 6 miles northeast of McCune.",,KS,2000-04-19 21:11:00,2000-04-19 21:16:00,True,True
1090205,5127494,Florida,86,Miami-Dade,MFL,2000-02-22 09:15:00,EST,2000-02-22 09:16:00,0,0,0,0,0,0,NWS EMPLOYEE(OFF DUTY),F0,Unknown,0.1,10.0,,,,,25.66667,-80.21667,25.66667,-80.21667,,A waterspout moved ashore from the Atlantic onto the south end of Crandon Park beach. It caused no damage or injuries but the Beach Patrol evacuated their tower.,FL,2000-02-22 09:15:00,2000-02-22 09:16:00,False,False
1094097,5141597,Minnesota,23,Chippewa,MPX,2000-04-27 12:58:00,CST,2000-04-27 13:13:00,0,0,0,0,,,LAW ENFORCEMENT,F0,Unknown,0.1,10.0,,,,,44.95,-95.61667,44.95,-95.61667,,Tornado occasionally touching down over open ground. No damage incurred.,MN,2000-04-27 13:58:00,2000-04-27 14:13:00,True,True
1093371,5139967,Oklahoma,89,Mccurtain,SHV,2000-04-23 14:08:00,CST,2000-04-23 14:35:00,2,0,0,0,40K,,NWS STORM SURVEY,F2,Unknown,20.1,50.0,,,,,34.03333,-94.98333,34.0,-94.63333,,Numerous trees toppled and broken. Tornado was described as rope like by chasers in the area during most of its path. A house on the south side of Oak Hill was split in half from a fallen tree. The tornado moved through downtown Broken Bow and through a WalMart store. The tornado was only F0 intensity as it moved through Broken Bow and F2 near Oak Hill.,OK,2000-04-23 14:08:00,2000-04-23 14:35:00,False,False
1093372,5139968,Texas,203,Harrison,SHV,2000-04-23 15:34:00,CST,2000-04-23 15:42:00,0,0,0,0,,,NWS STORM SURVEY,F1,Unknown,4.5,100.0,,,,,32.5,-94.56667,32.51667,-94.5,,Tornado occurred in all wooded and farmland area void of structures. Numerous pine and oak trees snapped and broken.,TX,2000-04-23 16:34:00,2000-04-23 16:42:00,True,True
1090207,5127499,North Carolina,117,Martin,MHX,2000-02-14 06:07:00,EST,2000-02-14 06:07:00,0,0,0,0,,,EMERGENCY MANAGER,F0,Unknown,0.1,5.0,,,,,35.85,-77.06667,35.85,-77.06667,,A tornado was reported by the 911 Center near McCaskee and Rock Road. The roof was blown off of a garage and the car inside the garage was destroyed.,NC,2000-02-14 06:07:00,2000-02-14 06:07:00,False,False
1093574,5139331,Kentucky,53,Clinton,LMK,2000-04-20 19:00:00,EST,2000-04-20 19:00:00,0,0,0,0,1.5K,,EMERGENCY MANAGER,F0,Unknown,0.3,25.0,,,,,36.6,-85.23333,36.6,-85.23333,,A piece of scaffolding and a cement mixer pan were moved 50 yards at Ootens Store.,KY,2000-04-20 20:00:00,2000-04-20 20:00:00,True,True
1093574,5139332,Kentucky,229,Washington,LMK,2000-04-20 17:55:00,EST,2000-04-20 17:57:00,4,0,0,0,70K,,NWS STORM SURVEY,F1,Unknown,1.0,75.0,,,,,37.8,-85.11667,37.81667,-85.08333,,"The tornado destroyed two mobile homes and a tobacco barn. It also did roof, siding, and chimney damage to several homes, and damaged vehicles.",KY,2000-04-20 18:55:00,2000-04-20 18:57:00,True,True
1093577,5139763,Nebraska,89,Holt,LBF,2000-04-26 16:50:00,CST,2000-04-26 16:51:00,0,0,0,0,20K,,GENERAL PUBLIC,F1,Unknown,0.1,30.0,,,,,42.48333,-98.46667,42.48333,-98.46667,,Tornado touched down briefly and partially removed roof from house.,NE,2000-04-26 17:50:00,2000-04-26 17:51:00,True,True
1092995,5138548,Georgia,57,Cherokee,FFC,2000-04-03 02:00:00,EST,2000-04-03 02:15:00,0,0,0,0,1.1M,,EMERGENCY MANAGER,F1,Unknown,7.0,100.0,,,,,34.2,-84.43333,34.18333,-84.46667,,"A survey by the Cherokee County Emergency Management Agency and a National Weather Service Disaster Survey Team showed that an F0 - F1 tornado traveled along a path almost 7 miles long through southeast Cherokee county. The damage path began just west of the intersection of Highway 140 and Pinyan Rd. It crossed the intersection of East Cherokee Dr. and Bart Manous Road, where it was 252 feet wide. It then tracked northeast across Thomas Road, where it was 500 feet wide, across Union Hill Road where it was 590 feet wide, and ended 204 yards north of Collect Drive where it was 235 feet wide. Almost 30 homes were hit, with 3 houses sustaining extensive damage, and nine outbuildings were destroyed. Large trees were uprooted along the path and 7 roads in the county had to be closed because of fallen trees and debris. Total estimated damage was $1.1 million.",GA,2000-04-03 03:00:00,2000-04-03 03:15:00,True,True
1090207,5127500,North Carolina,107,Lenoir,MHX,2000-02-14 06:00:00,EST,2000-02-14 06:00:00,0,0,0,0,,,EMERGENCY MANAGER,F0,Unknown,0.1,5.0,,,,,35.26667,-77.58333,35.26667,-77.58333,,A tornado was reported by the 911 Center near Centennial Trail just off of Highway 11. Numerous trees were knocked down.,NC,2000-02-14 06:00:00,2000-02-14 06:00:00,False,False
1093678,5140048,Alabama,37,Coosa,BMX,2000-04-03 13:23:00,CST,2000-04-03 13:23:00,0,0,0,0,5K,0K,NWS STORM SURVEY,F0,Unknown,1.0,30.0,,,,,33.01667,-86.41667,33.0,-86.43333,,A tornado touched down southeast of Marble Valley in an unpopulated area downing trees. The tornado began on the west side of CR 56 and crossed the road leaving it blocked by downed trees. Tornado length is a wild guess since access to the beginning and ending points was impossible and no aerial survey was available. Beginning: 33 01.246/86 24.812 Ending: 33 01.687/86 24.034,AL,2000-04-03 14:23:00,2000-04-03 14:23:00,True,True
1093373,5140049,Texas,203,Harrison,SHV,2000-04-23 15:39:00,CST,2000-04-23 16:04:00,0,0,0,0,8M,,NWS STORM SURVEY,F2,Unknown,10.6,150.0,,,,,32.46667,-94.5,32.51667,-94.4,,"A tornado developed in a high precipitation supercell as it moved eastward across the county. This supercell produced multiple tornadoes across Harrison county, TX into Louisiana. Approximately 50 homes and 2 business were damaged or destroyed. 17 homes were considered unlivable. Numerous large pine and oak trees anapped and broken. New eateries, hotels, and home development are underway in this location.",TX,2000-04-23 16:39:00,2000-04-23 17:04:00,True,True
1093374,5140050,Texas,365,Panola,SHV,2000-04-23 16:51:00,CST,2000-04-23 17:12:00,0,0,0,0,,,NWS STORM SURVEY,F1,Unknown,7.0,50.0,,,,,32.15,-94.55,32.18333,-94.43333,,Wooded region with no homes or structures. Numerous pine and oak trees snapped and broken.,TX,2000-04-23 17:51:00,2000-04-23 18:12:00,True,True
1093377,5140353,Texas,67,Cass,SHV,2000-04-23 15:58:00,CST,2000-04-23 16:27:00,0,0,0,0,165K,,NWS STORM SURVEY,F3,Unknown,16.0,880.0,,,,,33.05,-94.38333,33.06667,-94.06667,,This tornado developed in a high precipitation supercell as it moved eastward across the county. This was one of several tornadoes that occured. The tornado tracked eastward across wooded territory and farmland. Several barns and 2 cross country electrical towers were toppled.,TX,2000-04-23 16:58:00,2000-04-23 17:27:00,True,True
1093378,5140354,Texas,67,Cass,SHV,2000-04-23 15:56:00,CST,2000-04-23 16:29:00,0,0,0,0,250K,,NWS STORM SURVEY,F2,Unknown,14.0,150.0,,,,,33.2,-94.43333,33.2,-94.23333,,"Tornado developed in a high precipitation supercell as it moved east across the county. This tornado was one of several that occurred. Tornado tracked eastward along Hwy 77 and crossed through downtown Douglassville at Hwy 8 then continued east into the woods before lifting. Several homes, mobile homes, and businesses were damaged including the Post Office.",TX,2000-04-23 16:56:00,2000-04-23 17:29:00,True,True
1092995,5138552,Georgia,135,Gwinnett,FFC,2000-04-03 02:15:00,EST,2000-04-03 02:30:00,0,0,0,0,1.5M,,EMERGENCY MANAGER,F1,Unknown,4.0,150.0,,,,,33.95,-84.05,33.98333,-83.98333,,"Emergency Management and an NWS Storm Survey team reported that a severe thunderstorm produced damage along a 4 mile path from near the intersection of Sever Road and Highway 120, to near the intersection of highways 20 and 124 near the commuinity of Allendale. Most of the damage was due to straight line winds, but there were signs of an intermittent F0-F1 tornado touchdown. Three homes were completely destroyed. Approximately 80 homes were damaged, 15 to 20 of which sustained major damage. In addition, numerous trees and powerlines were reported down, and vehicles were damaged along the storm path. Most of the damage took place in three subdividions; Olde Peachtree Station, which bore the brunt of the damage, Collins Heights, and Jacksons Township. Damage was also reported to the roof of the Motorola Corporation at 1700 Belle Meade Ct. Damage was estimated at $1.5 million.",GA,2000-04-03 03:15:00,2000-04-03 03:30:00,True,True
1092881,5138380,Texas,27,Bell,FWD,2000-03-10 18:35:00,CST,2000-03-10 18:35:00,0,0,0,0,,,OFFICIAL NWS OBS.,F0,Unknown,0.1,10.0,,,,,31.16667,-97.5,31.16667,-97.5,"March 10, 2000 - Event NarrativeEarly morning (400 AM-600 AM) thunderstorms occurred in an southwest to northeast line from near Breckenridge to Graham to south of Bowie, to near Sherman. While radar suggested dime to golf ball hail with some of these storms, no reports of hail were recieved.Additional storms developed west of Eastland prior to 800 AM, and moved rapidly east across the area through midday, with the strongest storms moving from Stephenville to Cleburne to Wills Point. Mostly small hail and isolated high wind was reported with these storms, including a gust to 74 mph at DFW Airport, doing minor damage at Irving.Thunderstorms occurred during the late afternoon over the south central portions of north Texas, generally ending with sunset. Large hail fell briefly on the Fort Hood reservation, and a brief tornado was reported by a cooperative observer near Lake Belton. Scattered wind damage was reported in Limestone and Milam counties.",A brief touchdown was reported near Lake Belton Dam.,TX,2000-03-10 18:35:00,2000-03-10 18:35:00,False,False
1093375,5140351,Texas,203,Harrison,SHV,2000-04-23 16:30:00,CST,2000-04-23 16:39:00,0,0,0,0,,,NWS STORM SURVEY,F1,Unknown,5.0,100.0,,,,,32.5,-94.2,32.5,-94.13333,,"Wooded region with no homes or structures in the path of this tornado. Numerous pine and oak trees snapped and broken. This tornado is one of several tornadoes spawned from a high precipitation supercell that moved across Harrison county, TX into Louisiana.",TX,2000-04-23 17:30:00,2000-04-23 17:39:00,True,True
1093376,5140352,Texas,67,Cass,SHV,2000-04-23 15:58:00,CST,2000-04-23 16:29:00,0,0,0,0,,,NWS STORM SURVEY,F1,Unknown,12.5,75.0,,,,,32.96667,-94.4,32.93333,-94.25,,This tornado developed in a high precipitation supercell as it moved east across the county. This was one of several tornadoes spawned by this thunderstorm. The tornado tracked eastward across wooded territory and farmland. No homes or structures were in the path of this tornado.,TX,2000-04-23 16:58:00,2000-04-23 17:29:00,True,True
1093030,5139780,Texas,475,Ward,MAF,2000-03-22 00:50:00,CST,2000-03-22 00:54:00,0,0,0,0,300K,,TRAINED SPOTTER,F0,Unknown,1.0,250.0,,,,,31.56667,-103.01667,31.58333,-103.01667,"A series of large supercell thunderstorms developed during the late evening and early morrning hours in advance of a strong upper level low pressure system. These storms produced hail up to golfball size, damaging thunderstorm winds, some flash flooding, and one tornado.","A supercell storm moving to the northeast spawned a weak tornado that moved straight north through the heart of Wickett. With the weak nature of the tornado and lack of targets outside of the city, the exact starting and ending points of the tornado could not be determined.Damage included one abandoned mobile home that was overturned and destroyed, several carports and other low-grade roofs dislodged, and utility poles/lines downed. With little structural damage to any substantial dwellings, this tornado was rated in the high end of the F0 category. Vectors into the center of the damage converged at a 90 degree angle.This mesocyclone quickly occluded after exiting Wickett, with the following mesocyclone producing another weak tornado in western Ector County.",TX,2000-03-22 00:50:00,2000-03-22 00:54:00,False,False
1093848,5141422,Kansas,11,Bourbon,SGF,2000-04-19 20:02:00,CST,2000-04-19 20:05:00,0,0,0,0,,,NWS STORM SURVEY,F2,Unknown,2.0,200.0,,,,,37.68333,-94.93333,37.7,-94.91667,An F2 tornado crossed the Bourbon and Crawford County line 4 miles southwest of Hiattville and lifted about 2 miles southwest of Hiattville. The path was intermittent and stayed over rural areas.,,KS,2000-04-19 21:02:00,2000-04-19 21:05:00,True,True
1093942,5141432,Georgia,65,Clinch,JAX,2000-04-24 12:10:00,EST,2000-04-24 12:15:00,0,0,0,0,,,GENERAL PUBLIC,F0,Unknown,0.1,10.0,,,,,31.05,-82.93333,31.05,-82.93333,,Weak F0. Large trees and power lines were blown down.,GA,2000-04-24 13:10:00,2000-04-24 13:15:00,True,True
1093511,5142177,Oregon,9,Columbia,PQR,2000-04-28 15:00:00,PST,2000-04-28 15:00:00,1,0,0,0,35K,,LAW ENFORCEMENT,F0,Unknown,0.1,10.0,,,,,45.86667,-122.81667,45.86667,-122.81667,,"An F0 tornado touched down near Old Portland Road and Kastor Road in St. Helens. A tree was blown over across a fence adjacent to Old Portland Road and in front of the McCormick Park apartment building. Another tree was broken off and fell across the apartment building. Limbs broken off and picked up by the winds resulted in one broken window and one minor injury. One apartment occupant, who was on her balcony at the time, was hit in the shoulder by an airborne limb. There was about $35,000 damage to the building and fence. There were no fatalities.",OR,2000-04-28 16:00:00,2000-04-28 16:00:00,True,True
1093928,5141936,Illinois,115,Macon,ILX,2000-04-20 08:30:00,CST,2000-04-20 08:40:00,0,0,0,0,,,NWS STORM SURVEY,F1,Unknown,2.3,150.0,,,,,39.95,-88.85,39.98333,-88.81667,,"The tornado touched down 1.8 miles northeast of Oreana, just east of Route 48. It moved to the northeast along Route 48, entering Argenta. The most severe damage was in two areas. The first was about 2 miles northeast of Oreana where the roof of a two story house was lifted off. The second was on the southwest side of Argenta, where part of the roof of a two story brick building was lifted off and placed on top of a lower building roof. Also, numerous trees, power poles, and power lines were blown down. A garage was destroyed in Argenta. No injuries were reported.",IL,2000-04-20 09:30:00,2000-04-20 09:40:00,True,True
1093928,5141937,Illinois,147,Piatt,ILX,2000-04-20 09:05:00,CST,2000-04-20 09:09:00,0,0,0,0,,,LAW ENFORCEMENT,F0,Unknown,3.5,30.0,,,,,40.1,-88.55,40.1,-88.48333,,"A tornado made a series of touchdowns over a 3.5 mile path. In Lodge, the tornado briefly touched down destroying a chimney on a house, then lifted and moved to the east. It touched down one more time near the intersection of Route 10 and I-72 in a field. No injuries were reported.",IL,2000-04-20 10:05:00,2000-04-20 10:09:00,True,True
1093928,5141481,Illinois,167,Sangamon,ILX,2000-04-20 08:05:00,CST,2000-04-20 08:05:00,0,0,0,0,,,EMERGENCY MANAGER,F0,Unknown,0.3,20.0,,,,,40.4,-89.41667,40.4,-89.41667,,"A tornado briefly touched down one mile south of Illiopolis. A porch on a home was damaged, a grain bin was damaged, and several power lines were blown down. No injuries were reported.",IL,2000-04-20 09:05:00,2000-04-20 09:05:00,True,True
1093555,5139615,Tennessee,25,Claiborne,MRX,2000-04-20 21:35:00,EST,2000-04-20 21:35:00,0,0,0,0,,10K,EMERGENCY MANAGER,F0,Unknown,0.1,20.0,,,,,36.53333,-83.81667,36.53333,-83.81667,A brief tornado touched down at the peak of a hill removing 40 to 50 trees. The trees clearly showed the rotation of the tornado in their damage. The path was approximately 150 yards long and 20 yards wide and was an f-0 in intensity.,,TN,2000-04-20 22:35:00,2000-04-20 22:35:00,True,True
1093034,5140183,Texas,461,Upton,MAF,2000-03-22 15:40:00,CST,2000-03-22 15:45:00,0,0,0,0,,,LAW ENFORCEMENT,F0,Unknown,1.5,100.0,,,,,31.26667,-101.96667,31.28333,-101.96667,"This long lasting supercell thunderstorm produced a small tornado in Upton county, flash flooding in Midland county, a tornado, and hail up to two inches in diameter in Glasscock county. The remainder of this storm went on to produce golfball size hail in Mitchell county.",The very next storm to move north of Rankin produced another tornado in the same area. No damage path was found.,TX,2000-03-22 15:40:00,2000-03-22 15:45:00,False,False
1094117,5141036,Oklahoma,127,Pushmataha,TSA,2000-04-23 14:11:00,CST,2000-04-23 14:25:00,0,0,0,0,250K,,NWS STORM SURVEY,F2,Unknown,9.0,150.0,,,,,34.33333,-95.65,34.31667,-95.5,,A F2 tornado touched down northeast of Moyers and traveled 9 miles east southeast before lifting 1 mile south of Finley. A mobile home and several outbuilding were destroyed. Some roof damage was reported to several buildings.,OK,2000-04-23 15:11:00,2000-04-23 15:25:00,True,True
1094117,5141037,Oklahoma,127,Pushmataha,TSA,2000-04-23 14:37:00,CST,2000-04-23 14:52:00,0,0,0,0,25K,,NWS STORM SURVEY,F2,Unknown,9.0,175.0,,,,,34.3,-95.36667,34.28333,-95.21667,,A F2 tornado touched down west of Cloudy and traveled just south of Cloudy through rural areas of Pushmataha county before lifting 9 miles later east southeast of Cloudy. Only tree damage was observered.,OK,2000-04-23 15:37:00,2000-04-23 15:52:00,True,True
1094117,5141038,Oklahoma,79,Le Flore,TSA,2000-04-23 14:25:00,CST,2000-04-23 14:25:00,0,0,0,0,,,TRAINED SPOTTER,F0,Unknown,0.2,50.0,,,,,34.95,-94.9,34.95,-94.9,,A F0 tornado touched down briefly near Fanshawe.,OK,2000-04-23 15:25:00,2000-04-23 15:25:00,True,True
1094563,5143170,Kentucky,35,Calloway,PAH,2000-05-23 17:30:00,CST,2000-05-23 17:36:00,0,0,0,0,50K,,NWS STORM SURVEY,F1,80 mph,1.5,100.0,,,,,36.75,-88.26667,36.71667,-88.26667,,"A relatively weak F-1 tornado with maximum wind speeds near 80 mph moved southeast across the ""Almo Heights"" area. Three houses sustained roof damage, mainly due to trees falling on them. The storm that spawned the tornado displayed excellent supercellular characteristics on radar throughout its path across Calloway County. Videotape of the storm's funnel cloud was shown on local media outlets. The funnel again briefly touched down in eastern Calloway County.",KY,2000-05-23 18:30:00,2000-05-23 18:36:00,True,True
1094564,5143171,Kentucky,35,Calloway,PAH,2000-05-23 18:04:00,CST,2000-05-23 18:05:00,0,0,0,0,4K,,TRAINED SPOTTER,F0,Unknown,0.2,20.0,,,,,36.61667,-88.23333,36.61667,-88.23333,,"The supercell thunderstorm that produced the F-1 tornado near Almo Heights in Calloway County generated another weaker, short-lived tornado between Murray and Hamlin. Spotters and sheriff deputies chasing the funnel cloud clearly observed multiple brief touchdowns in open fields and woodlands. Tree limbs were torn off. There was no structural damage. The path width was estimated to be no more than 50 feet wide.",KY,2000-05-23 19:04:00,2000-05-23 19:05:00,True,True
1093757,5141122,Maryland,9,Calvert,LWX,2000-04-21 14:40:00,EST,2000-04-21 14:45:00,0,0,0,0,210K,,NWS STORM SURVEY,F1,Unknown,1.5,75.0,,,,,38.7,-76.65,38.7,-76.63333,"Low pressure passed directly over the Mid-Atlantic region on the 21st and spawned thunderstorms with winds in excess of 55 mph, heavy rainfall, frequent lightning, and large hail. The strongest storm, a supercell, passed through Calvert County and spawned an F1 tornado about 1 mile southeast of Dunkirk. The tornado had a width of 75 yards, traveled on the ground for 1 1/2 miles and was responsible for over $200,000 worth of damage. The first building struck by the twister around 3:40 PM EDT was a private school under construction on Mt. Harmony Road about 1/2 mile east of Route 4. The tornado damaged 3 sections of an 8 to 10 ton reinforced brick wall and removed a 30 foot section of roof. Two windows on cars in a nearby parking lot were blown out. An old wooden barn about 600 yards from the school was also destroyed. The tornado moved east-northeast for about a mile, damaging trees and causing minor home damage along its path as it crossed through Cattertons Reach and Megatha Lane. The tornado dissipated near the intersection of Chesapeake Road West and Route 2 (Solomons Island Road) at 3:45 PM EDT. In addition to the tornado damage, a barn filled with farm equipment across from Mt. Harmony Elementary School near Dunkirk was destroyed by downburst winds. Also, Mid Bay buoy east of St. Leonard recorded a wind gust near 90 knots around 4:00 PM EDT as the same storm moved across the Chesapeake Bay. Before the supercell became tornadic near Dunkirk, it passed through northern Charles County. Winds in excess of 55 mph produced over $50,000 worth of damage. At the intersection of Bensville Road and Courtney Drive west of Waldorf, straight line winds destroyed a two story home under construction around 3:05 PM. Quarter sized hail was reported and ten trees within one half mile of the home were also damaged. Quarter sized hail also fell in White Plains and Waldorf. A resident of St. Charles reported a funnel cloud at the intersection of St. Charles Parkway and Smallwood Drive at 3:07 PM EDT. Additional thunderstorms moved across Central Maryland between 2 and 7 PM EDT. In Prince George's County, a postal worker in Clinton was injured around 3:15 PM EDT when lightning struck near her. Pea sized hail was reported in Accokeek and Clinton. A motorist near College Park reported seeing a funnel cloud around 4:45 PM EDT. Nickel sized hail fell in Rosaryville. In Charles County, quarter sized hail fell in Lynnbrook around 6:00 PM EDT. Quarter sized hail was also reported in extreme northwest Calvert County around 6:15 PM EDT. In Montgomery County, quarter sized hail fell in Germantown, Rockville, and Wheaton. Dime sized hail fell in Layhill and Colesville, and half dollar sized hail fell in Gaithersburg. The volume of hail resulted in accumulations of 3 to 4 inches on lawns and roadways, with drifts up to 10 inches against buildings and fences. Trees were stripped of leaves, small dents were found on cars, and one neighborhood in Gaithersburg reported chipped paint on homes. In Howard County, golf ball sized hail fell in Columbia. In Baltimore County, pea sized hail was reported in Brookland at 5:43 PM EDT. In Washington County, quarter sized hail fell on the north side of Hagerstown and minor stream flooding was reported after heavy downpours in Hancock. Heavy rain and strong east winds over the Chesapeake Bay also led to tidal flooding in Annapolis Harbor on the morning of the 21st. Several roads near the City Dock area were flooded with up to 2 feet of water around high tide. Water poured over the seawall forcing police to barricade Dock Street and to close Compromise Street. Defense Highway which crosses a wetland flood plain was also flooded, and one vehicle had to be pulled out of the flood waters near Rutland Road.","A school, 2 cars, 2 barns, and several trees were damaged.",MD,2000-04-21 15:40:00,2000-04-21 15:45:00,True,True
1093937,5141426,Georgia,39,Camden,JAX,2000-04-24 13:20:00,EST,2000-04-24 13:25:00,0,0,0,0,.5K,,FIRE DEPT/RESCUE SQUAD,F0,Unknown,0.1,15.0,,,,,31.12,-81.71667,31.12,-81.71667,,Weak F0. Large limbs were blown down.,GA,2000-04-24 14:20:00,2000-04-24 14:25:00,True,True
2414825,5127426,Alabama,11,Bullock,BMX,2000-01-09 16:22:00,CST,2000-01-09 16:23:00,0,0,0,0,0K,0K,EMERGENCY MANAGER,F0,Unknown,1.0,30.0,,,,,,,,,,A weak tornado briefly touched down near Midway. Several trees were blown down. No injuries were reported.,AL,2000-01-09 16:22:00,2000-01-09 16:23:00,False,False
1094034,5141923,Louisiana,1,Acadia,LCH,2000-04-03 05:00:00,CST,2000-04-03 05:05:00,0,0,0,0,100K,,NWS STORM SURVEY,F0,Unknown,7.0,20.0,,,,,30.36667,-92.48333,30.4,-92.4,"A small tornado moved across northern Acadia Parish, downing trees and power lines in its path. Several mobile homes along Highway 91, 1.5 miles north of Iota were damaged. A half dozen barns were also destroyed. Large, high powered utility poles were blown down half a mile west of Mowata.",,LA,2000-04-03 06:00:00,2000-04-03 06:05:00,True,True
1093379,5140421,Arkansas,81,Little River,SHV,2000-04-23 15:54:00,CST,2000-04-23 15:56:00,0,0,0,0,,,NWS STORM SURVEY,F1,Unknown,0.8,25.0,,,,,33.93333,-94.46667,33.93333,-94.46667,,"Supercells developed in unstable airmass ahead of a multicellular squall line which moved southeast across the area. Both the supercells and squall line produced tornadoes. Damage patch consisted of numerous snapped and fallen small trees. The tornado moved thorugh a wooded region away from any population with few structures present. This tornado moved into Sevier County, AR.",AR,2000-04-23 16:54:00,2000-04-23 16:56:00,True,True
1093379,5140422,Arkansas,133,Sevier,SHV,2000-04-23 15:56:00,CST,2000-04-23 16:25:00,0,0,0,0,2K,,NWS EMPLOYEE(OFF DUTY),F1,Unknown,12.2,50.0,,,,,33.9,-94.43333,34.01667,-94.28333,,"Supercells developed in unstable airmass ahead of a multicellular squall line which moved east across the area. Both the supercells and squall line produced tornadoes. Damage consisted mainly of numerous snapped and fallen small trees. Shingles were partially removed from one roof and a swing set was tossed 100 feet at another home. This tornado moved into Sevier County, AR from Little River County, AR.",AR,2000-04-23 16:56:00,2000-04-23 17:25:00,True,True
1093380,5140423,Arkansas,133,Sevier,SHV,2000-04-23 15:57:00,CST,2000-04-23 16:20:00,0,0,0,0,,,NWS STORM SURVEY,F1,Unknown,9.7,50.0,,,,,33.96667,-94.41667,33.98333,-94.28333,,This tornado occurred over wooded region with few homes or structures in the area. This tornado was one of two which occurred in the same area around the same time.,AR,2000-04-23 16:57:00,2000-04-23 17:20:00,True,True
1094026,5141915,Louisiana,19,Calcasieu,LCH,2000-04-03 04:10:00,CST,2000-04-03 04:20:00,5,0,0,0,100K,,NWS STORM SURVEY,F1,Unknown,5.0,20.0,,,,,30.08333,-93.2,30.06667,-93.2,"A small tornado moved southeast across south Lake Charles towards the Cameron Parish line. One mobile home was destroyed, trapping five people inside who received minor injuries. At least two businesses and five other homes received some damage, mainly to the roofs.",,LA,2000-04-03 05:10:00,2000-04-03 05:20:00,True,True
1094029,5141918,Louisiana,53,Jefferson Davis,LCH,2000-04-03 04:45:00,CST,2000-04-03 04:50:00,0,0,0,0,250K,,NWS STORM SURVEY,F1,Unknown,3.0,20.0,,,,,30.3,-92.73333,30.33333,-92.68333,"A small tornado touched down southwest of Hathaway, destroying one mobile home and damaging at least twenty other homes and barns. Some vehicles were damaged from flying debris. A car wash under construction lost its tin roof and two brick walls.",,LA,2000-04-03 05:45:00,2000-04-03 05:50:00,True,True
1094033,5141922,Louisiana,97,St. Landry,LCH,2000-04-03 05:28:00,CST,2000-04-03 05:30:00,1,0,0,0,50K,,NWS STORM SURVEY,F1,Unknown,1.0,20.0,,,,,30.45,-92.16667,30.45,-92.16667,"A small tornado touched down in the rural community of Lewisburg. A mobile home was destroyed when it flipped over, injuring a woman inside. A man outside said the high winds lifted his truck off the ground.",,LA,2000-04-03 06:28:00,2000-04-03 06:30:00,True,True
1095836,5146593,Illinois,11,Bureau,DVN,2000-05-18 15:00:00,CST,2000-05-18 15:00:00,0,0,0,0,10K,,EMERGENCY MANAGER,F0,Unknown,0.1,10.0,,,,,41.3,-89.8,41.3,-89.8,"A frontal boundary meandering about Southern Iowa and Central Illinois lifted into Central Iowa and North Central Illinois by afternoon. A nearly stacked low center over the Mid Missouri River Valley underwent filling as it shifted eastward across Southern Iowa and Central Illinois. Much of Northern Illinois along and north of Interstate 88 was thrusted into the warm sector where temperatures climbed into the upper 70s to lower 80s. Meanwhile, areas north of the boundary were quite cool with a brisk northeast surface wind and plenty of cloud cover keeping temperatures down in the 60s. 12z soundings from KILX and KDVN indicated very steep lapse rates with Cape values of 2000-3000 J-kg. Thunderstorms quickly erupted along the boundary from Central Iowa through Northeast Iowa into Northern Illinois by late morning, and continued through the afternoon. The storms produced large hail, heavy rain, damaging winds and several tornadoes over portions of Northwest Illinois. Thunderstorm interaction with the frontal boundary was believed to be the culprit for spawning 6 weak and short lived tornadoes across Henry and Bureau Counties. The only damage occurring with the tornadoes was in Manlius and Neponset where large trees and signs were blown down. High winds, associated with a possible gustnado, blew down the back wall and knocked out several windows of an abandoned grocery store in Cambridge. The glass and bricks were hurled to the ground, causing damage to a truck parked on one side of the building. The high winds also downed several trees and power lines. Power was knocked out to Cambridge and surrounding areas for almost 4 hours.",,IL,2000-05-18 16:00:00,2000-05-18 16:00:00,True,True
1095933,5146047,New York,111,Ulster,ALY,2000-05-18 16:25:00,EST,2000-05-18 16:25:00,0,0,0,0,50K,,NWS STORM SURVEY,F2,Unknown,0.2,50.0,,,,,41.81667,-73.96667,41.81667,-73.96667,"A strong cold front crossed eastern New York late on May 18. At the same time, very strong winds aloft moved over the area. The combination of the instability, and lift ahead of the front, spawned a line of thunderstorms. These storm tapped into the strong wind aloft, to produce the largest outbreak of severe weather across eastern New York in nearly two years. While the vast majority of damage was from thunderstorm winds, there was also some hail damage reported, along with two confirmed tornadoes. It was the first time since June 1998 that a tornado was officially confirmed in eastern New York. Thunderstorm winds knocked down large trees a powerlines at several locations in Albany, Columbia, Greene, Montgomery, Saratoga, Schoharie and Ulster counties. Dutchess county was especially hard hit. A line of strong to locally severe thunderstorms first moved into Montgomery County during the mid afternoon. Strong winds blew down large trees in Fort Plain. Then a microburst produced a swath of damage, 8 miles long, from west to east in the town of Canajoharie. The swath began at the intersection of Nestle and Clinton roads where a large barn lost its roof and two sides. Debris was blown over the adjoining house, landing inside a garage on the other side of the intersection, as well as up the roadabout 40 feet . A wooden silo located adjacent to the garage lost one entire side, thus collapsing inward inside the silo. The rest of the damage was mainly from snapped power poles and trees, as the path ended just west of Knauderack Creek, adjacent to Bower road. Trees and powerlines came down in Selkirk, Albany county, as well as Gilboa and Jefferson in Schoharie county. At Ballston Lake, in Saratoga county, a microburst sheared off 8 forty-foot trees at the 10 to 20 foot level. One tree damaged a house. More trees and limbs fell in Clifton Park. Another series of microbursts began in Ulster county about a mile northwest of the center of Esopus. They knocked down several clusters of trees as they neared State HIghway Route 9W, while moving in an easterly direction. Embedded within the microburst, an F1 tornado, touched down briefly to the east of Black Creek and 9W, less than a tenth of a mile south of the center of Esopus. The track of the tornado was about a quarter mile long and 25 to 50 yards wide with numerous trees pushed about 70 degrees to the left of the storm track. There was little property damage due to the tornado, but it was sighted by nearby residents. Meanwhile the series of microbursts continued across the Hudson river, into Dutchess county, blowing over over the estreme southern portion of Hydeo Park as well as the Poughkeepsie Yacht club in northern Poughkeepsie. Winds were clocked at 126 mph at the Poughkeepsie Yacht club. Several boats were overturned and damaged. A trailer was overturned. The roof was removed from the Yacht club. Damage from this microburst fanned out to a width of approximately one hundred yards, and a path length of up to a quarter of a mile. The wind overturned a car. The roof was removed from the Yacht club. Damage from this microburst fanned out to a width of approximatley 100 yards, and a path length of up to a quarter of a mile. A car was damaged by a falling tree in Hyde Park. A weaker F0 tornado, touched down in the Fairview section of the town of Poughkeepsie, about one quarter mile east of the Fairview Fire Station, on the leading edge of another microburst. The width was 25 yards, the length less than one hundred yards. Damage from the tornado was marginal, confined to downed trees and some minor structural damage to seven homes. Thunderstorm winds produced damage in many other portions of Dutchess county. Another microburst produced damage between County Route 83, just north of U.S. Highway Route 44, east to the village of Leedsville. Damage included destruction to a barn on the Bel Air farm. Many trees were down in a huge swath with this microburst. There were unconfirmed sightings of funnel clouds in this area. Many trees fell in Millbrook, which was described as a war zone. Large trees were uprooted in Clinton Corners and falling trees knocked powerlines down in Rhinebeck. In Pawling, a large tree fell on power lines, then crashed onto a car, causing extensive damage. Trees were blown across a power line, which then fell on Allyn's restaurant in the Town of Washington. Trees and poles were also blown down in the village of Fishkill. Winds were clocked to 70 mph in Stone Ridge, and 60 mph at New Paltz, both in Ulster county. Many windows were smashed or blown out of buildings at the New Paltz S.U.N.Y. campus. Trees were blown over in Ellenville. A tree fell on the mayor's car in that town, destroying it. Another tree damaged a historical home. A 60 mph wind gust was also recoreded at Kinderhook, Columbia county. Two 50-foot concrete silos of a coach barn in Gallatin, Columbia county were obliterated. A door was blown off a nearby house. In the promixity of Gallatin, a car was destroyed by a fallen tree. Huge trees fell on Schneider road in Columbia county. Many trees were snapped off their bases in East Taghkanic. Shingles from a roof were blown off in Cairo, Greene county and large trees fell on a house in and around the town of Phoenicia. A microburst uprooted many 22 to 24 inch diameter trees and snapped utility lines in the vicinity of Route 23, a few hundred yards north of the intersection of County Route 23A. Dime size hail fell at Kerhonkson, Ulster county. Pea-size hail was noted at Tivoli and Clinton corners, both located in Dutchess county. While property damage with the hail was minimized, hail took a toll on apple orchards. Many apples were partially damaged by small hail in Ulster and Dutchess counties that produced permanent indentations on the apples, making them unusable for sale. Total crop damage could easily exceed a million dollars. Lightning took the life of two horses at a farm in Ballston Lake. At the height of the storms, up to 52,000 customers, mainly in the Mid Hudson Valley region, were without power. A funnel cloud was noted by two on-duty meteorologists at the National Weather Service office at Albany. There were no human injuries or casualties, reported to the National Weather Service, in association with this large severe outbreak.",,NY,2000-05-18 17:25:00,2000-05-18 17:25:00,True,True
1095836,5146590,Illinois,73,Henry,DVN,2000-05-18 14:09:00,CST,2000-05-18 14:09:00,0,0,0,0,,,AMATEUR RADIO,F0,Unknown,0.1,10.0,,,,,41.4,-90.15,41.4,-90.15,"A frontal boundary meandering about Southern Iowa and Central Illinois lifted into Central Iowa and North Central Illinois by afternoon. A nearly stacked low center over the Mid Missouri River Valley underwent filling as it shifted eastward across Southern Iowa and Central Illinois. Much of Northern Illinois along and north of Interstate 88 was thrusted into the warm sector where temperatures climbed into the upper 70s to lower 80s. Meanwhile, areas north of the boundary were quite cool with a brisk northeast surface wind and plenty of cloud cover keeping temperatures down in the 60s. 12z soundings from KILX and KDVN indicated very steep lapse rates with Cape values of 2000-3000 J-kg. Thunderstorms quickly erupted along the boundary from Central Iowa through Northeast Iowa into Northern Illinois by late morning, and continued through the afternoon. The storms produced large hail, heavy rain, damaging winds and several tornadoes over portions of Northwest Illinois. Thunderstorm interaction with the frontal boundary was believed to be the culprit for spawning 6 weak and short lived tornadoes across Henry and Bureau Counties. The only damage occurring with the tornadoes was in Manlius and Neponset where large trees and signs were blown down. High winds, associated with a possible gustnado, blew down the back wall and knocked out several windows of an abandoned grocery store in Cambridge. The glass and bricks were hurled to the ground, causing damage to a truck parked on one side of the building. The high winds also downed several trees and power lines. Power was knocked out to Cambridge and surrounding areas for almost 4 hours.",,IL,2000-05-18 15:09:00,2000-05-18 15:09:00,True,True
1095913,5147037,Wyoming,31,Platte,CYS,2000-05-16 18:07:00,MST,2000-05-16 18:10:00,0,0,0,0,,,TRAINED SPOTTER,F0,Unknown,0.2,30.0,,,,,42.3,-104.7,42.3,-104.7,,"Brief tornado touched down, but caused no damage.",WY,2000-05-16 19:07:00,2000-05-16 19:10:00,True,True
1095848,5146215,Iowa,19,Buchanan,DVN,2000-05-11 19:45:00,CST,2000-05-11 20:03:00,0,0,0,0,50K,,NWS STORM SURVEY,F0,Unknown,5.5,220.0,,,,,42.53333,-91.78333,42.58333,-91.68333,"Strong warm air advection, responsible for triggering severe thunderstorms during the morning, essentially led to a strong capping inversion during the afternoon over Eastern Iowa. Mesoanalysis during the late afternoon showed low pressure west of Des Moines, with a warm front extending eastward across Northern Iowa into Southern Wisconsin. Temperatures during the afternoon climbed well into the 90s and low 100s over Southwest Iowa. The airmass was very unstable with surface based CAPE values in excess of 4000 J/Kg. Strong shear created a favorable environment for supercell development. Convergence to the east of the surface low sufficiently eroded the cap by late afternoon, leading to explosive development of an isolated supercell near Waterloo. This supercell produced a tornado in Dunkerton in Black Hawk County, which did extensive damage. This same tornado weakened as it moved into Buchanan County. Other weak tornadoes were spawned in Buchanan County. There were also indications of scattered damage produced by downbursts with the second and fourth tornadoes. Iowa governor Tom Vilsack signed a proclamation declaring Black Hawk and Buchanan Counties disaster areas. Damage was estimated at over 1 million dollars. Most of the damage in Buchanan County came on four farms. The damage was spread along an eight mile stretch south of Hazelton. Machine sheds, grain bins and outbuildings were blown apart. Damage also occurred to farm equipment with minor damage to a few houses.","The fourth and last tornado, which was part of a family which includes the F1 event south of Hazelton, touched down 8 miles east southeast of Hazelton to 4 miles south southeast of Aurora. It was rated an F0 with a path length of 5 1/2 miles and width of about 1/8 mile.",IA,2000-05-11 20:45:00,2000-05-11 21:03:00,True,True
1095531,5146813,Oklahoma,107,Okfuskee,TSA,2000-05-24 22:34:00,CST,2000-05-24 22:34:00,0,0,0,0,,,TRAINED SPOTTER,F0,Unknown,0.2,50.0,,,,,35.75,-96.23333,35.75,-96.23333,,A tornado touched down briefly. No damage was reported.,OK,2000-05-24 23:34:00,2000-05-24 23:34:00,True,True
1095676,5146454,Tennessee,81,Hickman,OHX,2000-05-25 02:00:00,CST,2000-05-25 02:14:00,3,0,0,0,50K,,NWS STORM SURVEY,F2,Unknown,7.8,440.0,,,,,35.73333,-87.41667,35.73333,-87.41667,,"The tornado demolished a home on Mobley Ridge Road, injuring 3 people. Many trees were blown down ...especially on the Natchez Trace Parkway. 33 homes were damaged and 3 barns were destroyed.",TN,2000-05-25 03:00:00,2000-05-25 03:14:00,True,True
1095676,5146455,Tennessee,119,Maury,OHX,2000-05-25 02:20:00,CST,2000-05-25 02:22:00,0,0,0,0,,,NWS STORM SURVEY,F1,Unknown,1.0,220.0,,,,,35.68333,-87.26667,35.68333,-87.25,,Trees were down. The hardest hit area was the southern part of Greenfield Bend Rd.,TN,2000-05-25 03:20:00,2000-05-25 03:22:00,True,True
1095676,5146456,Tennessee,119,Maury,OHX,2000-05-25 02:26:00,CST,2000-05-25 02:27:00,0,0,0,0,,,NWS STORM SURVEY,F1,Unknown,0.5,100.0,,,,,35.61667,-87.16667,35.61667,-87.16667,,Trees were down. The hardest hit area was at the intersection of Morel Road and Cross Bridges Road.,TN,2000-05-25 03:26:00,2000-05-25 03:27:00,True,True
1094331,5142887,Iowa,15,Boone,DMX,2000-05-30 18:28:00,CST,2000-05-30 18:28:00,0,0,0,0,,,BROADCAST MEDIA,F0,Unknown,0.1,20.0,,,,,41.88333,-94.11667,41.88333,-94.11667,"An explosive situation became established over Iowa and the central U.S. during the day on the 30th. A nearly stationary front extended from Wisconsin, southwest through the northwest corner of Iowa, and into northern Kansas. A round of convection moved across the state during the morning, leaving behind several outflow boundaries. The mid levels of the atmosphere were quite warm, thus convection was capped during the afternoon hours. A strong southerly flow of moist air spread into Iowa during the afternoon. Temperatures approached 100 degrees F. over southwest Iowa. Dew point temperatures reached the upper 60s to mid 70s across much of the south two thirds of the state. Thunderstorms developed at the intersection of two outflow boundaries northwest of Des Moines, and also just ahead of the stationary front. Surface based CAPE values were well over 5000 J/kg, thus the convection developed explosively. Severe weather quickly followed. There were numerous reports of hail. Most of the hail was between one inch in diameter and golf ball size. One of the cells, which happened to be the initial cell that formed at the boundary intersection, turned into a supercell. Several tornadoes were spawned by this regenerating cell. Most of the tornadoes were very weak and short lived. The exception was one fairly small tornado that touched down on the northeast side of Des Moines. This tornado tracked through mostly open area and caused little damage on its nearly 10 mile intermittent trek into Altoona. Gusty winds were reported with many of the cells, however wind speeds were not all that great in most cases. There was one report of 60 mph winds as the storms passed through the Saylorville area in Polk County. Heavy rain fell in a couple parts of the state. One was with the supercell in Polk County, the other area of heavy rain was in Black Hawk County. Rainfall amounts in parts of these two counties were in the two to four inch range, however little more than urban and small street flooding occurred due to dry soil conditions.",Brief touchdown,IA,2000-05-30 19:28:00,2000-05-30 19:28:00,True,True
1094331,5142889,Iowa,49,Dallas,DMX,2000-05-30 18:46:00,CST,2000-05-30 18:46:00,0,0,0,0,,,EMERGENCY MANAGER,F0,Unknown,0.1,20.0,,,,,41.83333,-93.93333,41.83333,-93.93333,"An explosive situation became established over Iowa and the central U.S. during the day on the 30th. A nearly stationary front extended from Wisconsin, southwest through the northwest corner of Iowa, and into northern Kansas. A round of convection moved across the state during the morning, leaving behind several outflow boundaries. The mid levels of the atmosphere were quite warm, thus convection was capped during the afternoon hours. A strong southerly flow of moist air spread into Iowa during the afternoon. Temperatures approached 100 degrees F. over southwest Iowa. Dew point temperatures reached the upper 60s to mid 70s across much of the south two thirds of the state. Thunderstorms developed at the intersection of two outflow boundaries northwest of Des Moines, and also just ahead of the stationary front. Surface based CAPE values were well over 5000 J/kg, thus the convection developed explosively. Severe weather quickly followed. There were numerous reports of hail. Most of the hail was between one inch in diameter and golf ball size. One of the cells, which happened to be the initial cell that formed at the boundary intersection, turned into a supercell. Several tornadoes were spawned by this regenerating cell. Most of the tornadoes were very weak and short lived. The exception was one fairly small tornado that touched down on the northeast side of Des Moines. This tornado tracked through mostly open area and caused little damage on its nearly 10 mile intermittent trek into Altoona. Gusty winds were reported with many of the cells, however wind speeds were not all that great in most cases. There was one report of 60 mph winds as the storms passed through the Saylorville area in Polk County. Heavy rain fell in a couple parts of the state. One was with the supercell in Polk County, the other area of heavy rain was in Black Hawk County. Rainfall amounts in parts of these two counties were in the two to four inch range, however little more than urban and small street flooding occurred due to dry soil conditions.",Brief touchdown,IA,2000-05-30 19:46:00,2000-05-30 19:46:00,True,True
1094331,5142890,Iowa,49,Dallas,DMX,2000-05-30 18:59:00,CST,2000-05-30 18:59:00,0,0,0,0,,,EMERGENCY MANAGER,F0,Unknown,0.1,20.0,,,,,41.76667,-93.88333,41.76667,-93.88333,"An explosive situation became established over Iowa and the central U.S. during the day on the 30th. A nearly stationary front extended from Wisconsin, southwest through the northwest corner of Iowa, and into northern Kansas. A round of convection moved across the state during the morning, leaving behind several outflow boundaries. The mid levels of the atmosphere were quite warm, thus convection was capped during the afternoon hours. A strong southerly flow of moist air spread into Iowa during the afternoon. Temperatures approached 100 degrees F. over southwest Iowa. Dew point temperatures reached the upper 60s to mid 70s across much of the south two thirds of the state. Thunderstorms developed at the intersection of two outflow boundaries northwest of Des Moines, and also just ahead of the stationary front. Surface based CAPE values were well over 5000 J/kg, thus the convection developed explosively. Severe weather quickly followed. There were numerous reports of hail. Most of the hail was between one inch in diameter and golf ball size. One of the cells, which happened to be the initial cell that formed at the boundary intersection, turned into a supercell. Several tornadoes were spawned by this regenerating cell. Most of the tornadoes were very weak and short lived. The exception was one fairly small tornado that touched down on the northeast side of Des Moines. This tornado tracked through mostly open area and caused little damage on its nearly 10 mile intermittent trek into Altoona. Gusty winds were reported with many of the cells, however wind speeds were not all that great in most cases. There was one report of 60 mph winds as the storms passed through the Saylorville area in Polk County. Heavy rain fell in a couple parts of the state. One was with the supercell in Polk County, the other area of heavy rain was in Black Hawk County. Rainfall amounts in parts of these two counties were in the two to four inch range, however little more than urban and small street flooding occurred due to dry soil conditions.",Brief touchdown,IA,2000-05-30 19:59:00,2000-05-30 19:59:00,True,True
1093271,5142066,Louisiana,109,Terrebonne,LIX,2000-03-15 13:57:00,CST,2000-03-15 14:04:00,36,0,0,0,10M,,NWS STORM SURVEY,F2,Unknown,3.0,40.0,,,,,29.6,-90.71667,29.6,-90.71667,,"A tornado touched down in the southeast portion of Houma and moved in a northwest direction to just north of downtown. The tornado moved through both residential and commercial areas of Houma. The damage path was fairly narrow and much of the damage was classified as F1 scale on the Fujita damage scale. However there were areas of F2 tornado damage, particularily in one area where several commercial retail stores had portions of their roofs torn off. Emergency management reported approximately 212 structures received some type of damage, ranging from minor to severe. About 50 of these structures had monetary damage of 50 percent or more of their value. 36 injuries were reported. Only one injury required overnight hospitalization. National Weather Service meteorologist conducted a damage survey of the area.",LA,2000-03-15 13:57:00,2000-03-15 14:04:00,False,False
1093147,5141513,Texas,155,Foard,OUN,2000-04-30 15:27:00,CST,2000-04-30 15:34:00,0,0,0,0,0,,STORM CHASER,F0,Unknown,2.0,50.0,,,,,33.98333,-99.68333,34.0,-99.65,"Numerous severe thunderstorms moved across western portions of north Texas during the afternoon and evening of the 30th. Four tornadoes were confirmed, and there were numerous reports of large hail and some straight-line wind damage.","This tornado was indentified by a Doppler-On-Wheels chase team 2 miles east of Crowell while another tornado dissipated. Small debris consisting of small tree limbs and leaves, was observed moving rapidly northward across a Doppler-On-Wheels chase vehicle, and thus the tornado has been rated F0.",TX,2000-04-30 16:27:00,2000-04-30 16:34:00,True,True
1094331,5142909,Iowa,153,Polk,DMX,2000-05-30 20:35:00,CST,2000-05-30 20:47:00,0,0,0,0,100K,5K,LAW ENFORCEMENT,F1,Unknown,8.0,40.0,,,,,41.66667,-93.53333,41.65,-93.46667,"An explosive situation became established over Iowa and the central U.S. during the day on the 30th. A nearly stationary front extended from Wisconsin, southwest through the northwest corner of Iowa, and into northern Kansas. A round of convection moved across the state during the morning, leaving behind several outflow boundaries. The mid levels of the atmosphere were quite warm, thus convection was capped during the afternoon hours. A strong southerly flow of moist air spread into Iowa during the afternoon. Temperatures approached 100 degrees F. over southwest Iowa. Dew point temperatures reached the upper 60s to mid 70s across much of the south two thirds of the state. Thunderstorms developed at the intersection of two outflow boundaries northwest of Des Moines, and also just ahead of the stationary front. Surface based CAPE values were well over 5000 J/kg, thus the convection developed explosively. Severe weather quickly followed. There were numerous reports of hail. Most of the hail was between one inch in diameter and golf ball size. One of the cells, which happened to be the initial cell that formed at the boundary intersection, turned into a supercell. Several tornadoes were spawned by this regenerating cell. Most of the tornadoes were very weak and short lived. The exception was one fairly small tornado that touched down on the northeast side of Des Moines. This tornado tracked through mostly open area and caused little damage on its nearly 10 mile intermittent trek into Altoona. Gusty winds were reported with many of the cells, however wind speeds were not all that great in most cases. There was one report of 60 mph winds as the storms passed through the Saylorville area in Polk County. Heavy rain fell in a couple parts of the state. One was with the supercell in Polk County, the other area of heavy rain was in Black Hawk County. Rainfall amounts in parts of these two counties were in the two to four inch range, however little more than urban and small street flooding occurred due to dry soil conditions.",Intermittent path,IA,2000-05-30 21:35:00,2000-05-30 21:47:00,True,True
1095958,5145896,Ohio,173,Wood,CLE,2000-05-09 19:10:00,EST,2000-05-09 19:20:00,0,0,0,0,100K,,TRAINED SPOTTER,F0,Unknown,4.0,50.0,,,,,41.18333,-83.8,41.18333,-83.68333,,A small tornado touched down just north of Hoytville on Needles Road and damaged two mobile homes. Both mobile homes suffered structural damage and were knocked off foundations. After traveling approximately 100 yards on the ground the tornado lifted back into the sky and then traveled northeast approximately three and one half miles as a funnel cloud. A second brief tornado touchdown occurred three miles northwest of New Baltimore near the intersection of Hammansburg and Wingston Roads. An old mobile home was destroyed at that location.,OH,2000-05-09 20:10:00,2000-05-09 20:20:00,True,True
1093034,5140187,Texas,173,Glasscock,MAF,2000-03-22 18:45:00,CST,2000-03-22 18:55:00,0,0,0,0,,,GENERAL PUBLIC,F0,Unknown,2.0,200.0,,,,,32.01667,-101.33333,32.03333,-101.3,"This long lasting supercell thunderstorm produced a small tornado in Upton county, flash flooding in Midland county, a tornado, and hail up to two inches in diameter in Glasscock county. The remainder of this storm went on to produce golfball size hail in Mitchell county.",The tornado crossed US 87 two miles west of the Glasscock/Sterling county line. This storm continued through the northwest corner of Sterling County and into southwest Mitchell County where another tornado formed.,TX,2000-03-22 18:45:00,2000-03-22 18:55:00,False,False
1093400,5140071,Louisiana,49,Jackson,SHV,2000-04-23 19:30:00,CST,2000-04-23 19:30:00,1,0,0,0,175K,,NWS STORM SURVEY,F1,Unknown,2.5,30.0,,,,,32.3,-92.45,32.28333,-92.41667,,A supercell produced a brief tornado as part of a large tornado outgbreak across North Louisiana. Damage consisted mostly of several large trees uprooted in town. One old wood frame structure was completely destroyed while similar structures adjacent were untouched. Some shingle damage to homes was also observed. One person was cut by flying glass as the tornado moved by.,LA,2000-04-23 20:30:00,2000-04-23 20:30:00,True,True
1093401,5140072,Arkansas,57,Hempstead,SHV,2000-04-23 16:25:00,CST,2000-04-23 16:25:00,0,0,0,0,22K,,NWS STORM SURVEY,F0,Unknown,2.4,200.0,,,,,33.76667,-93.56667,33.78333,-93.53333,,"Mainly trees down. Two homes damaged from fallen trees. One ""open air"" barn lost some siding and roofing material.",AR,2000-04-23 17:25:00,2000-04-23 17:25:00,True,True
1093402,5140073,Louisiana,15,Bossier,SHV,2000-04-23 16:40:00,CST,2000-04-23 17:20:00,0,0,0,0,2M,,NWS STORM SURVEY,F2,Unknown,21.0,700.0,,,,,32.81667,-93.75,32.63333,-93.45,,"Supercell thunderstorm produced a tornado as part of an outbreak of tornados across Northeast Texas, Southwest Arkansas, Northwest Louisiana and extreme southeast Oklahoma. Extensive, widespread trees damage along entire track. Tree damage noted up to 2 to 3 miles either side of track. Approximately 25 to 30 residences damaged by fallen trees. A number of outbuildings either damaged by fallen trees or by wind. This tornado continued into Webster Parish, LA.",LA,2000-04-23 17:40:00,2000-04-23 18:20:00,True,True
1093640,5140398,Alabama,21,Chilton,BMX,2000-04-03 12:53:00,CST,2000-04-03 12:54:00,0,0,0,0,50K,0K,EMERGENCY MANAGER,F0,Unknown,1.0,40.0,,,,,32.93333,-86.75,32.93333,-86.73333,,A weak tornado touched down just south of the city of Jemison. The tornado knocked down some power lines along US 31 that went over the top of a train. A few automobiles were flipped over and severely damaged. Numerous trees and power lines were blown down along the path. Several homes sustained varying degrees of roof damage. One home had the front porch removed. Beginning: 32 56.282/86 44.206 Ending: 32 56.840/86 43.392,AL,2000-04-03 13:53:00,2000-04-03 13:54:00,True,True
1093641,5140399,Alabama,73,Jefferson,BMX,2000-04-03 11:44:00,CST,2000-04-03 11:46:00,0,0,0,0,20K,0K,TRAINED SPOTTER,F0,Unknown,3.0,40.0,,,,,33.48333,-87.11667,33.51667,-87.06667,,A weak tornado briefly touched down between Oak Grove and Sylvan Springs and mainly affected a rural area. Several trees were snapped off or blown down along the three mile path. A few homes received minor roof damage. The most concentrated damage was on Handley Road just off CR 46. Beginning: 33 29.227/87 06.767 Ending: 33 30.739/87 05.296,AL,2000-04-03 12:44:00,2000-04-03 12:46:00,True,True
1095933,5145770,New York,27,Dutchess,ALY,2000-05-18 16:30:00,EST,2000-05-18 16:32:00,0,0,0,0,70K,,NWS STORM SURVEY,F0,Unknown,0.1,25.0,,,,,41.73333,-73.91667,41.73333,-73.91667,"A strong cold front crossed eastern New York late on May 18. At the same time, very strong winds aloft moved over the area. The combination of the instability, and lift ahead of the front, spawned a line of thunderstorms. These storm tapped into the strong wind aloft, to produce the largest outbreak of severe weather across eastern New York in nearly two years. While the vast majority of damage was from thunderstorm winds, there was also some hail damage reported, along with two confirmed tornadoes. It was the first time since June 1998 that a tornado was officially confirmed in eastern New York. Thunderstorm winds knocked down large trees a powerlines at several locations in Albany, Columbia, Greene, Montgomery, Saratoga, Schoharie and Ulster counties. Dutchess county was especially hard hit. A line of strong to locally severe thunderstorms first moved into Montgomery County during the mid afternoon. Strong winds blew down large trees in Fort Plain. Then a microburst produced a swath of damage, 8 miles long, from west to east in the town of Canajoharie. The swath began at the intersection of Nestle and Clinton roads where a large barn lost its roof and two sides. Debris was blown over the adjoining house, landing inside a garage on the other side of the intersection, as well as up the roadabout 40 feet . A wooden silo located adjacent to the garage lost one entire side, thus collapsing inward inside the silo. The rest of the damage was mainly from snapped power poles and trees, as the path ended just west of Knauderack Creek, adjacent to Bower road. Trees and powerlines came down in Selkirk, Albany county, as well as Gilboa and Jefferson in Schoharie county. At Ballston Lake, in Saratoga county, a microburst sheared off 8 forty-foot trees at the 10 to 20 foot level. One tree damaged a house. More trees and limbs fell in Clifton Park. Another series of microbursts began in Ulster county about a mile northwest of the center of Esopus. They knocked down several clusters of trees as they neared State HIghway Route 9W, while moving in an easterly direction. Embedded within the microburst, an F1 tornado, touched down briefly to the east of Black Creek and 9W, less than a tenth of a mile south of the center of Esopus. The track of the tornado was about a quarter mile long and 25 to 50 yards wide with numerous trees pushed about 70 degrees to the left of the storm track. There was little property damage due to the tornado, but it was sighted by nearby residents. Meanwhile the series of microbursts continued across the Hudson river, into Dutchess county, blowing over over the estreme southern portion of Hydeo Park as well as the Poughkeepsie Yacht club in northern Poughkeepsie. Winds were clocked at 126 mph at the Poughkeepsie Yacht club. Several boats were overturned and damaged. A trailer was overturned. The roof was removed from the Yacht club. Damage from this microburst fanned out to a width of approximately one hundred yards, and a path length of up to a quarter of a mile. The wind overturned a car. The roof was removed from the Yacht club. Damage from this microburst fanned out to a width of approximatley 100 yards, and a path length of up to a quarter of a mile. A car was damaged by a falling tree in Hyde Park. A weaker F0 tornado, touched down in the Fairview section of the town of Poughkeepsie, about one quarter mile east of the Fairview Fire Station, on the leading edge of another microburst. The width was 25 yards, the length less than one hundred yards. Damage from the tornado was marginal, confined to downed trees and some minor structural damage to seven homes. Thunderstorm winds produced damage in many other portions of Dutchess county. Another microburst produced damage between County Route 83, just north of U.S. Highway Route 44, east to the village of Leedsville. Damage included destruction to a barn on the Bel Air farm. Many trees were down in a huge swath with this microburst. There were unconfirmed sightings of funnel clouds in this area. Many trees fell in Millbrook, which was described as a war zone. Large trees were uprooted in Clinton Corners and falling trees knocked powerlines down in Rhinebeck. In Pawling, a large tree fell on power lines, then crashed onto a car, causing extensive damage. Trees were blown across a power line, which then fell on Allyn's restaurant in the Town of Washington. Trees and poles were also blown down in the village of Fishkill. Winds were clocked to 70 mph in Stone Ridge, and 60 mph at New Paltz, both in Ulster county. Many windows were smashed or blown out of buildings at the New Paltz S.U.N.Y. campus. Trees were blown over in Ellenville. A tree fell on the mayor's car in that town, destroying it. Another tree damaged a historical home. A 60 mph wind gust was also recoreded at Kinderhook, Columbia county. Two 50-foot concrete silos of a coach barn in Gallatin, Columbia county were obliterated. A door was blown off a nearby house. In the promixity of Gallatin, a car was destroyed by a fallen tree. Huge trees fell on Schneider road in Columbia county. Many trees were snapped off their bases in East Taghkanic. Shingles from a roof were blown off in Cairo, Greene county and large trees fell on a house in and around the town of Phoenicia. A microburst uprooted many 22 to 24 inch diameter trees and snapped utility lines in the vicinity of Route 23, a few hundred yards north of the intersection of County Route 23A. Dime size hail fell at Kerhonkson, Ulster county. Pea-size hail was noted at Tivoli and Clinton corners, both located in Dutchess county. While property damage with the hail was minimized, hail took a toll on apple orchards. Many apples were partially damaged by small hail in Ulster and Dutchess counties that produced permanent indentations on the apples, making them unusable for sale. Total crop damage could easily exceed a million dollars. Lightning took the life of two horses at a farm in Ballston Lake. At the height of the storms, up to 52,000 customers, mainly in the Mid Hudson Valley region, were without power. A funnel cloud was noted by two on-duty meteorologists at the National Weather Service office at Albany. There were no human injuries or casualties, reported to the National Weather Service, in association with this large severe outbreak.",,NY,2000-05-18 17:30:00,2000-05-18 17:32:00,True,True
1093403,5140074,Arkansas,73,Lafayette,SHV,2000-04-23 17:28:00,CST,2000-04-23 17:45:00,0,0,0,0,1.2M,,NWS STORM SURVEY,F1,Unknown,8.0,300.0,,,,,33.11667,-93.8,33.1,-93.7,,"Farm barns and outbuildings with light to moderate damage, farm trailers moderate damaged or destroyed, chicken houses destroyed, numerous trees and power poles downed, 3 mobile homes damaged.",AR,2000-04-23 18:28:00,2000-04-23 18:45:00,True,True
1093642,5140454,Alabama,57,Fayette,BMX,2000-04-03 10:39:00,CST,2000-04-03 10:39:00,1,0,0,0,85K,0K,NWS STORM SURVEY,F1,Unknown,3.0,50.0,,,,,33.76667,-87.63333,33.8,-87.61667,,"The tornado began 3 miles southwest of Studdards Crossroads. Studdards Crossroads is located at the intersection of SR 102 and CR 63. The tornado traveled in a northeast direction for about 3 miles. The damage path was fairly narrow and was estimated to be only 50 yards at its widest point. The damage was primarily downed trees and some snapped trees. There were two residences in the path of the tornado, one of which was a mobile home. The frame house suffered significant damage. The roof was completely blown off, and the back wall was ripped away as the roof was displaced to the back side of the house. The mobile home was located only 20 yards from the frame house, but only suffered minor damage. One elderly person, who was in the frame house, sustained minor injuries. Beginning: 33 46.596/87 37.308 Ending: 33 47.763/87 34.461",AL,2000-04-03 11:39:00,2000-04-03 11:39:00,True,True
1093398,5139987,Louisiana,13,Bienville,SHV,2000-04-23 18:16:00,CST,2000-04-23 18:26:00,0,0,0,0,120K,,NWS STORM SURVEY,F2,Unknown,4.3,200.0,,,,,32.26667,-93.18333,32.21667,-93.13333,,Several homes and businesses sustained major roof damage. Numerous trees were uprooted and snapped.,LA,2000-04-23 19:16:00,2000-04-23 19:26:00,True,True
1093399,5139988,Louisiana,17,Caddo,SHV,2000-04-23 16:40:00,CST,2000-04-23 17:30:00,3,0,0,0,5M,,NWS STORM SURVEY,F3,Unknown,25.0,500.0,,,,,32.43333,-94.05,32.31667,-93.55,,Numerous trees and power lines toppled. Several homes suffered minor to moderate structural damage in the Breckenridge subdivision just souwest of Shreveport. Portable storage building businesses were destroyed and two mobile homes were demolished. This tornado moved from Caddo Parish into southern Bossier Parish.,LA,2000-04-23 17:40:00,2000-04-23 18:30:00,True,True
1093030,5140109,Texas,135,Ector,MAF,2000-03-22 01:42:00,CST,2000-03-22 01:50:00,0,0,0,0,10K,,NWS STORM SURVEY,F0,Unknown,3.0,200.0,,,,,31.86667,-102.61667,31.9,-102.61667,"A series of large supercell thunderstorms developed during the late evening and early morrning hours in advance of a strong upper level low pressure system. These storms produced hail up to golfball size, damaging thunderstorm winds, some flash flooding, and one tornado.","The Wickett supercell storm occluded then spawned another strong mesocylone. What was believed to have been a weak tornado formed in western Ector County and knocked down two sets of utility poles. The tornado moved northeast through open country taking out a line of 11 utility poles about 2 miles west of FM 866, then proceeded to the northeast and knocked down 4 additional poles at the intersection of FM 866 and State Highway 302.Absolute confirmation of the tornado could not be gained due to the lack of damage in the path. Tall grasses in the path gave little clue to the winds in this weak phenomenon. The decision to classify this as a tornado was due to the extreme intensity of low level radar signatures as well as the fairly narrow damage path sustained over a three mile track.Although utility poles were knocked over, this tornado was rated only as a high F0 due to the seemingly undisturbed vegetation.",TX,2000-03-22 01:42:00,2000-03-22 01:50:00,False,False
1092764,5140293,Alabama,125,Tuscaloosa,BMX,2000-03-10 20:15:00,CST,2000-03-10 20:19:00,0,0,0,0,50K,0K,NWS STORM SURVEY,F0,Unknown,1.8,60.0,,,,,33.1,-87.7,33.11667,-87.66667,,"A tornado touched down just northeast of the city of Fosters, near Moody Swamp and US 11. The tornado tracked just east of north and crossed the Black Warrior River before dissipating. Numerous trees were knocked down along the path. Several buildings received minor damage and one building suffered extensive damage. Several houses and mobile homes sustained varying amounts of damage.",AL,2000-03-10 20:15:00,2000-03-10 20:19:00,False,False
1092972,5140107,Kansas,125,Montgomery,ICT,2000-04-19 18:57:00,CST,2000-04-19 19:01:00,0,0,0,0,,,BROADCAST MEDIA,F0,Unknown,0.2,50.0,,,,,37.06667,-95.95,37.06667,-95.95,,Remained in open country.,KS,2000-04-19 19:57:00,2000-04-19 20:01:00,True,True
1092972,5140108,Kansas,125,Montgomery,ICT,2000-04-19 19:05:00,CST,2000-04-19 19:05:00,0,0,0,0,,,NWS STORM SURVEY,F0,Unknown,0.1,50.0,,,,,37.1,-95.9,37.1,-95.9,,Remained in open country.,KS,2000-04-19 20:05:00,2000-04-19 20:05:00,True,True
1095958,5145895,Ohio,95,Lucas,CLE,2000-05-09 19:22:00,EST,2000-05-09 19:22:00,0,0,0,0,150K,,TRAINED SPOTTER,F1,Unknown,0.2,50.0,,,,,41.71667,-83.7,41.71667,-83.7,,A tornado briefly touched down approximately two miles west of Sylvania. A nearly completed house was destroyed by the tornado before it lifted back into the clouds.,OH,2000-05-09 20:22:00,2000-05-09 20:22:00,True,True
1093928,5141865,Illinois,107,Logan,ILX,2000-04-20 08:00:00,CST,2000-04-20 08:00:00,0,0,0,0,0,0,EMERGENCY MANAGER,F0,Unknown,0.2,10.0,,,,,40.11667,-89.41667,40.11667,-89.41667,,A tornado touched down briefly in a field 4 miles southwest of Lincoln. No damage was reported.,IL,2000-04-20 09:00:00,2000-04-20 09:00:00,True,True
1093395,5139656,Louisiana,15,Bossier,SHV,2000-04-23 17:30:00,CST,2000-04-23 17:43:00,1,0,0,0,2.3M,,NWS STORM SURVEY,F3,Unknown,7.5,500.0,,,,,32.31667,-93.55,32.28333,-93.41667,,"High precipitation supercells developed along the leading edge of a dry line across eastern Texas which moved into northwest Louisiana. Numerous trees and power lines were downed as the tornado moved across the area. The most extensive damage was noted near Atkins, LA (2.5 miles south of Elm Grove on US 71), where one brick structure was almost totally demolished. Only pieces of two walls remained. The brick structure had 6 inch iron poles supporting the corners and these were bent and twisted. Near the brick building was a two story house which had its roof completely removed and most of its siding stripped off. A mobile home also on this property was completely destroyed and strewn across a field. Some trees that were left standing had their bark and leaves stripped off. Immediately adjacent to this damage, on the other side of US 71, another farm building was completely destroyed along with numerous trees leveled. Eyewitness accounts indicated that two tornadoes occurred with this supercell. The descriptions were consistent with those of cyclic, tornadic supercells. Only one injury was reported at this location. A mans' arm was lacerated to the bone by flying debris.",LA,2000-04-23 18:30:00,2000-04-23 18:43:00,True,True
1093396,5139657,Louisiana,15,Bossier,SHV,2000-04-23 18:22:00,CST,2000-04-23 18:27:00,0,0,0,0,1M,,NWS STORM SURVEY,F1,Unknown,1.6,125.0,,,,,32.51667,-93.73333,32.51667,-93.71667,,About 30 homes with roof damage. Several trees blown down and many tree limbs snapped. Fences blown down. This tornado continued from Caddo Parish.,LA,2000-04-23 19:22:00,2000-04-23 19:27:00,True,True
1093868,5142214,Texas,447,Throckmorton,SJT,2000-04-30 16:09:00,CST,2000-04-30 16:25:00,0,0,0,0,50K,,NWS EMPLOYEE(OFF DUTY),F1,Unknown,4.0,500.0,,,,,33.26667,-99.08333,33.28333,-99.01667,"An isolated supercell spawned two tornadoes across Throckmorton County. The first tornado dropped down in open county and produced only minimal damage. However, the second tornado developed very near the community of Elbert, striking the town as the tornado moved east. Most of the buildings in town suffered some degree of damage. Fortunately, the residents in town had taken proper refuge and there were no reported injuries.","A tornado developed west of Elbert, tracking along a 4 mile path to just northwest of Elbert.",TX,2000-04-30 17:09:00,2000-04-30 17:25:00,True,True
1094688,5142429,Texas,419,Shelby,SHV,2000-05-03 17:25:00,CST,2000-05-03 17:55:00,0,0,0,0,,,NWS STORM SURVEY,F1,Unknown,14.0,40.0,,,,,31.86667,-94.18333,31.86667,-93.95,,Tornado occurred in all wooded and farmland area void of structures. Numerous pine and oak trees snapped and pushed over.,TX,2000-05-03 18:25:00,2000-05-03 18:55:00,True,True
1093560,5140409,Texas,101,Cottle,LUB,2000-04-30 14:07:00,CST,2000-04-30 14:08:00,0,0,0,0,,,TRAINED SPOTTER,F0,Unknown,0.1,30.0,,,,,34.01667,-100.36667,34.01667,-100.36667,,Several trained storm spotters reported a brief tornado touchdown in open country. No NWS storm survey was conducted.,TX,2000-04-30 15:07:00,2000-04-30 15:08:00,True,True
1094430,5142527,Louisiana,63,Livingston,LIX,2000-04-03 07:30:00,CST,2000-04-03 07:35:00,0,0,0,0,50K,,NEWSPAPER,F1,Unknown,0.5,30.0,,,,,30.48333,-90.95,30.48333,-90.95,,A tornado touched down briefly in Denham Springs knocking down several large pine trees and stipping large limbs from trees. Several house roof s and cars were damaged by fallen trees and limbs.,LA,2000-04-03 08:30:00,2000-04-03 08:35:00,True,True
1093147,5141511,Texas,155,Foard,OUN,2000-04-30 15:01:00,CST,2000-04-30 15:01:00,0,0,0,0,0,,STORM CHASER,F0,Unknown,0.2,50.0,,,,,33.98333,-99.81667,33.98333,-99.81667,"Numerous severe thunderstorms moved across western portions of north Texas during the afternoon and evening of the 30th. Four tornadoes were confirmed, and there were numerous reports of large hail and some straight-line wind damage.","This tornado was closely intersected by a Doppler-On-Wheels chase team 6 miles west of Crowell. No structures or trees were present to be affected by strong winds, and thus it was rated F0.",TX,2000-04-30 16:01:00,2000-04-30 16:01:00,True,True
1093505,5141768,Arkansas,61,Howard,SHV,2000-04-23 16:01:00,CST,2000-04-23 16:09:00,0,0,0,0,,,NWS STORM SURVEY,F0,Unknown,3.8,200.0,,,,,33.83333,-93.95,33.81667,-93.9,,Damage was primarily broken and downed trees with one residence suffering minor roof damage.,AR,2000-04-23 17:01:00,2000-04-23 17:09:00,True,True
1094582,5142256,Missouri,17,Bollinger,PAH,2000-05-26 14:04:00,CST,2000-05-26 14:07:00,0,0,0,0,75K,,EMERGENCY MANAGER,F1,Unknown,1.5,150.0,,,,,37.08333,-90.01667,37.08333,-90.0,,"The tornado caused moderate to heavy damage to one residence, and minor damage to a second residence. Tree limbs were speared into walls of the heavily damaged home. Three storage buildings and a horse barn were destroyed. A number of trees were uprooted.",MO,2000-05-26 15:04:00,2000-05-26 15:07:00,True,True
1095842,5147020,Iowa,113,Linn,DVN,2000-05-31 10:12:00,CST,2000-05-31 10:12:00,1,0,0,0,50K,,EMERGENCY MANAGER,F1,Unknown,0.1,10.0,,,,,42.15,-91.61667,42.15,-91.61667,"Mesoanalysis during the early morning depicted an outflow boundary extending from Central Illinois into Central Iowa with a cold front extending from Northeast Iowa into Eastern Nebraska, intersecting the outflow interface near Des Moines. An elevated bow MCS (Mesoscale Convective System) developed between Mason City and Marshalltown, and raced eastward into Eastern Iowa during the late morning and early afternoon. This system packed high winds and heavy rain as it swept across Eastern Iowa, mainly along and north of Interstate 80. Winds were measured at 60 to 70 mph over portions of the area, knocking down trees and limbs. Recent rains had already saturated the ground throughout Northeast and East Central Iowa. Additional heavy rain with this system forced creeks and streams out of their banks in Buchanan County, washing out several roads. The Little Wapsipinicon River at Fairbank was also sent out of it's banks. Doppler radar estimated rainfall rates of 2 to 3 inches per hour. The heavy rain also caused Duck Creek in Davenport to rise to bankfull in areas, and flooded portions of the bike path and surrounding areas near Brady Street. The bow MCS also spawned two weak tornadoes, one which touched down briefly at Alburnett in Linn County, and the other at Center Junction in Jones County.","A tornado touched down at Alburnett causing damage. The center section of the horse barn roof at Strand Arabian Stables was torn off. Sheet metal from the horse barn roof littered surrounding yards, and one woman was cut by the sheet metal. She was taken to St. Luke's Hospital where she was treated and released. There were about 45 horses on the grounds of the stables when the tornado hit, but incredibly none were hurt. A barn also collapsed along Lafayette Road. Ten cows were inside the barn, and one was killed. Damage was also found along East Otter Road. A house had it's roof damaged and siding taken off, and a small shed was destroyed. A minivan was pushed off of a driveway and had it's windows broken out. A garage door was also pushed in on a garage.",IA,2000-05-31 11:12:00,2000-05-31 11:12:00,True,True
1094583,5142257,Missouri,201,Scott,PAH,2000-05-23 20:04:00,CST,2000-05-23 20:04:00,0,0,0,0,,,TRAINED SPOTTER,F0,Unknown,0.2,30.0,,,,,37.03333,-89.53333,37.03333,-89.53333,,A trained spotter reported a funnel cloud briefly touched down in open rural farm country. There was no apparent damage. Large hail with the associated thunderstorm caused most of the damage.,MO,2000-05-23 21:04:00,2000-05-23 21:04:00,True,True
1093394,5139655,Louisiana,119,Webster,SHV,2000-04-23 17:20:00,CST,2000-04-23 17:41:00,0,0,0,0,800K,,NWS STORM SURVEY,F2,Unknown,16.2,700.0,,,,,32.61667,-93.5,32.61667,-93.21667,,About 200 houses suffered roof damage and numerous trees were either uprooted or snapped. Tree damage occurred up to 1 mile either side of the tornado track.,LA,2000-04-23 18:20:00,2000-04-23 18:41:00,True,True
1093574,5139658,Kentucky,167,Mercer,LMK,2000-04-20 18:05:00,EST,2000-04-20 18:06:00,0,0,0,0,37.5K,,NWS STORM SURVEY,F1,Unknown,1.8,40.0,,,,,37.85,-85.0,37.86667,-84.98333,,"Two vortices were spotted near Tablow on the Washington/Mercer County line. The tornadoes destroyed a barn, and damaged a house and a garage near Tablow. One half mile east of Tablow along Highway 926, a house deck was destroyed, a large tree was uprooted, and several other trees were damaged. In the town of Dugansville, a house received roof and chimney damage. Several barns were damaged there, and there was also some tree damage.",KY,2000-04-20 19:05:00,2000-04-20 19:06:00,True,True
1094241,5141716,South Carolina,77,Pickens,GSP,2000-04-03 03:55:00,EST,2000-04-03 04:00:00,0,0,0,0,,,LAW ENFORCEMENT,F1,Unknown,3.0,50.0,,,,,34.68333,-82.83333,34.68333,-82.83333,"A line of strong to severe thunderstorms moved across the Upstate during the early morning hours. One storm produced a weak tornado in Clemson which traveled east-northeast - crossing Highway 123 a couple of times. Damage was mainly in the form of trees on homes and vehicles, but there was some light structural damage as well. Thunderstorm winds blew down trees and power lines in spots from Anderson to Greenville and Spartanburg. An awning was blown off a porch in Greenville.",,SC,2000-04-03 04:55:00,2000-04-03 05:00:00,True,True
1094021,5141910,Texas,245,Jefferson,LCH,2000-04-03 03:08:00,CST,2000-04-03 03:10:00,1,0,0,0,100K,,NWS STORM SURVEY,F1,Unknown,2.0,25.0,,,,,29.78333,-94.23333,29.78333,-94.21667,"One man was injured when his mobile home flipped over as a tornado passed nearby. Three other people in the home were uninjured. The home rolled at least 25 yards into the woods behind the home. This mobile home was tied down, but the tie downs either snapped or were pulled out of the ground. Debris from this home was scattered over a mile east on Highway 73. A total of two mobile homes were destroyed and another one was severely damaged. Many trees and power lines were downed along Highway 73.",,TX,2000-04-03 04:08:00,2000-04-03 04:10:00,True,True
1094022,5141911,Texas,245,Jefferson,LCH,2000-04-03 03:20:00,CST,2000-04-03 03:25:00,0,0,0,0,3M,,NWS STORM SURVEY,F1,Unknown,1.5,25.0,,,,,29.95,-93.91667,29.95,-93.91667,"The Groves Middle School received the brunt of the second tornado to hit Jefferson County this morning. The roof of the gymnasium was torn off, water damaged the interior, and a brick wall was blown down. Three classrooms were damaged from broken glass. Over a dozen neighboring homes in the 5000 block of Cleveland Avenue received damage. Two of these were severe, when trees fell on the homes. Many trees and power lines were blown down.",,TX,2000-04-03 04:20:00,2000-04-03 04:25:00,True,True
1095676,5146457,Tennessee,119,Maury,OHX,2000-05-25 02:35:00,CST,2000-05-25 02:40:00,0,0,0,0,,,NWS STORM SURVEY,F2,Unknown,2.5,220.0,,,,,35.55,-86.96667,35.53333,-86.93333,,The tornado started near Goose Creek Road and Old Highway 50. Many large trees...including well established oak trees...were uprooted. A garage was demolished near Fountain Heights.,TN,2000-05-25 03:35:00,2000-05-25 03:40:00,True,True
1095677,5146461,Tennessee,99,Lawrence,OHX,2000-05-20 16:00:00,CST,2000-05-20 16:00:00,0,0,0,0,,,TRAINED SPOTTER,F0,Unknown,0.3,10.0,,,,,35.26667,-87.33333,35.26667,-87.33333,,Gustnado observed by NWS spotter and his wife. No damage reported.,TN,2000-05-20 17:00:00,2000-05-20 17:00:00,True,True
1095678,5146465,Tennessee,37,Davidson,OHX,2000-05-26 11:45:00,CST,2000-05-26 11:50:00,0,0,0,0,20K,,EMERGENCY MANAGER,F1,Unknown,1.3,500.0,,,,,36.06667,-86.76667,36.08333,-86.75,,"Numerous trees and power lines down. The tornado started around Overton and Hill Road. It ended at Marchant Drive, near the Ellington Agricultural Center.",TN,2000-05-26 12:45:00,2000-05-26 12:50:00,True,True
1095678,5146466,Tennessee,5,Benton,OHX,2000-05-26 17:10:00,CST,2000-05-26 17:17:00,0,0,0,0,,,NWS STORM SURVEY,F1,Unknown,5.8,500.0,,,,,36.26667,-88.08333,36.3,-88.0,,"Several homes had damage by trees falling on them. Other homes had shingles peeled off. The hardest hit areas were New Hope Road, Fanning road and Morris Wheatley Road.",TN,2000-05-26 18:10:00,2000-05-26 18:17:00,True,True
1095678,5146467,Tennessee,161,Stewart,OHX,2000-05-26 17:33:00,CST,2000-05-26 17:34:00,0,0,0,0,,,NWS STORM SURVEY,F1,Unknown,0.3,100.0,,,,,36.4,-87.95,36.4,-87.93333,,Homes damaged at East Fork Leatherwood Road.,TN,2000-05-26 18:33:00,2000-05-26 18:34:00,True,True
1095958,5145897,Ohio,173,Wood,CLE,2000-05-09 19:23:00,EST,2000-05-09 19:23:00,0,0,0,0,0K,,LAW ENFORCEMENT,F0,Unknown,0.1,25.0,,,,,41.4,-83.46667,41.4,-83.46667,,A small tornado touched down briefly in a field just outside of Pemberville. No damage occurred.,OH,2000-05-09 20:23:00,2000-05-09 20:23:00,True,True
1094100,5141947,Virginia,31,Campbell,RNK,2000-04-17 14:52:00,EST,2000-04-17 14:52:00,0,0,0,0,0K,,EMERGENCY MANAGER,F0,Unknown,0.1,40.0,,,,,37.16667,-79.08333,37.16667,-79.08333,"Thunderstorms during the late morning through evening of the 17th generated a tornado, and produced hail up to one and three quarter inches in diameter, damaging winds, flash flooding, and lightning damage.A tornado briefly touched down in a field in Gladys. No damage was reported.Hail drifts were up to 12 inches deep on the north side of Christiansburg in Montgomery County Lightning struck a house 2 miles north of Altavista, starting a fire that burned to house to the ground. A second house in Brookneal was struck by lightning starting a fire that caused minor damage.Heavy thunderstorm rains caused Little Ivy Creek to flood from 1/2 mile east of Vesta to 5 miles east of Vesta, and caused Poplar Road and Alleghany Springs Road to flood 2 miles west of Shawsville. Heavy rain flooded and closed the following; numerous streets in the City of Roanoke, School Board Road in Rocky Mount, Snake Creek Bridge on Route 58 five miles southeast of Hillsville, and McCoy Road in Christiansburg. Heavy rain flooded Spoon Creek onto Route 58, closing it, 2 miles east of Stuart, caused a mudslide closing Route 759 four miles southwest of Sydnorsville, flooded small streams in Rocky Mt, and flooded and closed roads in southeastern Rockbridge County, and across Charlotte County.Heavy rain caused minor small stream flooding of Broad Run onto Route 618 in several places from 4 miles east of New Castle to 4 miles south of New Castle, and Sinking Creek onto Route 608 in Maybrook.After flooding earlier in the afternoon in Roanoke County and the City of Roanoke, additional heavy rain flooded roads in Vinton and in the City of Roanoke, closing some. Carvins and Masons Creeks flooded in northern Roanoke County, and Tinker Creek and Glade Creek also flooded in Roanoke County and in the City of RoanokeThunderstorm winds on the afternoon of the 17th blew out windows in a house in Penhook and downed trees and power lines in central Wythe County.Thunderstorm winds also damaged houses, cars, mobile homes, barns, and downed trees and power lines in southern Franklin County.",,VA,2000-04-17 15:52:00,2000-04-17 15:52:00,True,True
1096307,5147230,Oklahoma,151,Woods,OUN,2000-05-25 22:25:00,CST,2000-05-25 22:42:00,0,0,0,0,50K,,NWS STORM SURVEY,F2,Unknown,8.0,250.0,,,,,36.56667,-98.61667,36.66667,-98.55,"Severe thunderstorms first developed across portions of western and northern Oklahoma during the evening of the 25th, resulting in 4 confirmed tornadoes, one rated F2, and other areas of straight-line wind damage and large hail. Then during the early morning hours of the 26th, a line of severe thunderstorms formed across southwest Oklahoma and raced eastward into southeast Oklahoma, resulting in widespread damage from winds estimated between 80 and 100 mph at times.","This tornado was confirmed by a damage survey from the National Weather Service and is believed to have formed about 1/4 mile southwest of the intersection of State Highway 45 and NS246 Road in Woods County, or about 7 miles south-southwest of Dacoma, where significant tree damage was evident. Dozens of large, mature trees were stripped of most limbs, and many others were pushed over mostly in a northwestward direction, but not lofted. Then at the intersection of State Highway 45 and NS246 Road the property of the Green Valley Church sustained massive damage, most significant of which occurred to the community center, a 40 foot by 20 foot wooden structure that was completely destroyed. All exterior walls, 4 total, and the 2 interior walls were made of wood and entirely displaced from the foundation with debris located near the west edge of the foundation extending northwestward about 100 feet. On the same lot, just west and north of the community center, 3 to 4 large mature trees were either pushed over to the west and northwest or largely stripped of their limbs. The roof of the parsonage located approximately 50 feet north of the community center and just north of 2 pushed-over trees, also was heavily damaged. A 15 foot section of the gable-style roof was blown off the back side of the house and lofted eastward about 50 feet. Two large mature trees located northeast of the house were pushed over in a north-northwestward direction. Lesser damage on the property occurred to the garage, located immediately northeast of the community center, where several windows were broken and numerous roof shingles were missing. Several large bales of hay also rolled westward approximately 125 feet and were embedded in structure and tree debris. Damage to the Green Valley Community Center 6 miles SSW of Dacoma is the basis for the F2 rating. As the accompanying photo (below listing of tornado at 2225 CST) shows, this building was completely destroyed with most of the debris found to the northwest of the foundation. As the tornado tracked northeastward, a 1 mile long path of tree damage was evident on both sides of EW29 Road. Most trees had numerous limbs blown off or were damaged, while fewer trees were blown over, with the majority of trees north of the road blown over to the north and trees south of the road blown over to the east. Minor structural damage was also observed about 1/4 mile south of EW29 Road. Along NS249 Road an uninhabited house sustained significant damage to the east portion thought to be a garage, which was pushed over to the north. Numerous shingles were missing from the remainder of the house roof. A flag pole on the west side of the lot was bent to the northwest, while dozens of large mature trees north and northeast of the house were heavily damaged, with most of the them missing numerous limbs, while others were pushed over. This tree damage continued northward to EW27 Road. On the southeast side of Dacoma, an old barn was blown over, while another barn of tin construction had part of its roof blown off, with debris scattered northward a short distance. The tornado dissipated 1 mile east-northeast of Dacoma where 3-4 inch diameter tree limbs were downed.",OK,2000-05-25 23:25:00,2000-05-25 23:42:00,True,True
1096307,5147231,Oklahoma,3,Alfalfa,OUN,2000-05-25 22:53:00,CST,2000-05-26 23:07:00,0,0,0,0,15K,,NWS STORM SURVEY,F1,Unknown,7.0,50.0,,,,,36.58333,-98.36667,36.65,-98.3,"Severe thunderstorms first developed across portions of western and northern Oklahoma during the evening of the 25th, resulting in 4 confirmed tornadoes, one rated F2, and other areas of straight-line wind damage and large hail. Then during the early morning hours of the 26th, a line of severe thunderstorms formed across southwest Oklahoma and raced eastward into southeast Oklahoma, resulting in widespread damage from winds estimated between 80 and 100 mph at times.","This tornado, rated F1, touched down about 5 miles east of Carmen about ½ mile south of the intersection of EW29 Road and NS260 Road in Alfalfa County where scattered damage to trees was observed. At the intersection of EW29 Road and NS260 Road, very large limbs, some a foot or more in diameter, were blown off dozens of trees, while numerous other trees were pushed over. There was also damage to an oil storage tank made of metal. A telephone pole at the intersection was recently replaced and is assumed to have been downed during the tornado. A west to east chain link fence approximately 100 to 200 feet long was also downed southward. Major tree damage was then observed at a property about ½ mile northeast of this location with many trees laying in a westward direction. A well-designed brick home near the trees, lost dozens perhaps hundreds of shingles, especially on the west side of the house. About 1 mile northeast of this location another house sustained a broken window on the north side of the house and minor roof damage, consisting mostly of missing roof shingles. Metal siding was partially peeled back from a nearby storage barn, and a medium-aged pine tree on the west side of the house was snapped halfway to the top. Near the intersection of EW27 Road and NS262 Road damage was observed to 2 metal barns. One barn had sheet metal peeled back on the roof and west and east sides. The roof of a storage building was also blown off in an eastward direction and left nearly intact on the ground. About ½ to 1 mile north and east of this location a poorly constructed barn sustained minor roof and west-side wall damage, while another barn constructed of metal had its 2 west-facing doors blown inward and partially detached from its hinges. Continuing northward trees sustained major damage, and a grain storage silo was tossed a short distance eastward from its original location. The last area of damage was observed about ½ mile north of US Highway 64 on NS264 Road where 4 pieces of sheet metal were blown off a storage barn.",OK,2000-05-25 23:53:00,2000-05-27 00:07:00,True,True
1095835,5146986,Iowa,95,Iowa,DVN,2000-05-18 13:12:00,CST,2000-05-18 13:12:00,0,0,0,0,,,LAW ENFORCEMENT,F0,Unknown,0.1,10.0,,,,,41.6,-92.2,41.6,-92.2,"The same frontal boundary meandering about Southern Iowa and Central Illinois lifted into Central Iowa and North Central Illinois by afternoon. A nearly stacked low center over the Mid Missouri River Valley underwent filling as it shifted eastward across Southern Iowa and Central Illinois. Much of Eastern Iowa along and south of U.S. Highway 30 was thrusted into the warm sector where temperatures climbed into the upper 70s to lower 80s. Meanwhile, areas north of the boundary were quite cool with a brisk northeast surface wind and plenty of cloud cover keeping temperatures down in the 60s. 12z soundings from KILX and KDVN indicated very steep lapse rates with Cape values of 2000-3000 J-kg. Thunderstorms quickly erupted along the boundary from Central Iowa through Northeast Iowa into Northern Illinois by late morning, and continued through the afternoon producing a few reports of large hail and torrential rain. Further south, a few supercells developed near Ottumwa. These supercells moved east into Washington...Jefferson and Iowa Counties producing large hail, high winds and a couple of brief, weak tornadoes in Iowa County. An F0 tornado touched down 3 miles northwest of Millersburg while another touched down several minutes later just west of North English. Both tornadoes were short lived and produced no damage. All auto dealerships in the city of Washington reported that nearly every car on their outside lots was damaged by the hail, which was as large as golfballs. Many homes suffered hail damage to siding, roofs and windows. The hail covered the ground in spots and was reported to have drifted as high as a foot up against the sides of some buildings in town. Damage to corn crops was minimal, while soybean crops were not as lucky, as many suffered extensive damage. Many acres had to be replanted. High winds were responsible for blowing a house trailer onto it's side while being transported north of Washington on Riverside Road. The supercell over Jefferson County weakened, while the Washington County supercell tracked northeast into Muscatine County producing golfball size hail, torrential rain, high winds and a few funnel clouds. Hail damaged several cars in Muscatine. High winds caved the roof in on a barn 6 miles west of Muscatine and scattered pieces of the wood structure across the farmland. The supercell then gradually weakened as it moved into the Quad Cities, but still managed to produce penny to golfball sized hail and high winds in Central and Western Scott County. Torrential rainfall on the order of 2 to 3 inches an hour led to localized street flooding throughout the Quad Cities and surrounding areas. When the storms hit the Quad Cities the temperature at the Davenport Municipal Airport plummeted from 83 to 55 degrees.",,IA,2000-05-18 14:12:00,2000-05-18 14:12:00,True,True
1095835,5146987,Iowa,95,Iowa,DVN,2000-05-18 13:20:00,CST,2000-05-18 13:20:00,0,0,0,0,,,LAW ENFORCEMENT,F0,Unknown,0.1,10.0,,,,,41.51667,-92.1,41.51667,-92.1,"The same frontal boundary meandering about Southern Iowa and Central Illinois lifted into Central Iowa and North Central Illinois by afternoon. A nearly stacked low center over the Mid Missouri River Valley underwent filling as it shifted eastward across Southern Iowa and Central Illinois. Much of Eastern Iowa along and south of U.S. Highway 30 was thrusted into the warm sector where temperatures climbed into the upper 70s to lower 80s. Meanwhile, areas north of the boundary were quite cool with a brisk northeast surface wind and plenty of cloud cover keeping temperatures down in the 60s. 12z soundings from KILX and KDVN indicated very steep lapse rates with Cape values of 2000-3000 J-kg. Thunderstorms quickly erupted along the boundary from Central Iowa through Northeast Iowa into Northern Illinois by late morning, and continued through the afternoon producing a few reports of large hail and torrential rain. Further south, a few supercells developed near Ottumwa. These supercells moved east into Washington...Jefferson and Iowa Counties producing large hail, high winds and a couple of brief, weak tornadoes in Iowa County. An F0 tornado touched down 3 miles northwest of Millersburg while another touched down several minutes later just west of North English. Both tornadoes were short lived and produced no damage. All auto dealerships in the city of Washington reported that nearly every car on their outside lots was damaged by the hail, which was as large as golfballs. Many homes suffered hail damage to siding, roofs and windows. The hail covered the ground in spots and was reported to have drifted as high as a foot up against the sides of some buildings in town. Damage to corn crops was minimal, while soybean crops were not as lucky, as many suffered extensive damage. Many acres had to be replanted. High winds were responsible for blowing a house trailer onto it's side while being transported north of Washington on Riverside Road. The supercell over Jefferson County weakened, while the Washington County supercell tracked northeast into Muscatine County producing golfball size hail, torrential rain, high winds and a few funnel clouds. Hail damaged several cars in Muscatine. High winds caved the roof in on a barn 6 miles west of Muscatine and scattered pieces of the wood structure across the farmland. The supercell then gradually weakened as it moved into the Quad Cities, but still managed to produce penny to golfball sized hail and high winds in Central and Western Scott County. Torrential rainfall on the order of 2 to 3 inches an hour led to localized street flooding throughout the Quad Cities and surrounding areas. When the storms hit the Quad Cities the temperature at the Davenport Municipal Airport plummeted from 83 to 55 degrees.",,IA,2000-05-18 14:20:00,2000-05-18 14:20:00,True,True
1095836,5146591,Illinois,73,Henry,DVN,2000-05-18 14:11:00,CST,2000-05-18 14:11:00,0,0,0,0,,,LAW ENFORCEMENT,F0,Unknown,0.1,10.0,,,,,41.21667,-90.31667,41.21667,-90.31667,"A frontal boundary meandering about Southern Iowa and Central Illinois lifted into Central Iowa and North Central Illinois by afternoon. A nearly stacked low center over the Mid Missouri River Valley underwent filling as it shifted eastward across Southern Iowa and Central Illinois. Much of Northern Illinois along and north of Interstate 88 was thrusted into the warm sector where temperatures climbed into the upper 70s to lower 80s. Meanwhile, areas north of the boundary were quite cool with a brisk northeast surface wind and plenty of cloud cover keeping temperatures down in the 60s. 12z soundings from KILX and KDVN indicated very steep lapse rates with Cape values of 2000-3000 J-kg. Thunderstorms quickly erupted along the boundary from Central Iowa through Northeast Iowa into Northern Illinois by late morning, and continued through the afternoon. The storms produced large hail, heavy rain, damaging winds and several tornadoes over portions of Northwest Illinois. Thunderstorm interaction with the frontal boundary was believed to be the culprit for spawning 6 weak and short lived tornadoes across Henry and Bureau Counties. The only damage occurring with the tornadoes was in Manlius and Neponset where large trees and signs were blown down. High winds, associated with a possible gustnado, blew down the back wall and knocked out several windows of an abandoned grocery store in Cambridge. The glass and bricks were hurled to the ground, causing damage to a truck parked on one side of the building. The high winds also downed several trees and power lines. Power was knocked out to Cambridge and surrounding areas for almost 4 hours.",,IL,2000-05-18 15:11:00,2000-05-18 15:11:00,True,True
1093229,5139550,Kansas,17,Chase,ICT,2000-05-01 16:36:00,CST,2000-05-01 16:36:00,0,0,0,0,,,LAW ENFORCEMENT,F0,Unknown,1.0,55.0,,,,,38.38333,-96.45,38.38333,-96.45,,Remained in open country.,KS,2000-05-01 17:36:00,2000-05-01 17:36:00,True,True
1093229,5139551,Kansas,17,Chase,ICT,2000-05-01 16:55:00,CST,2000-05-01 16:55:00,0,0,0,0,,,LAW ENFORCEMENT,F0,Unknown,1.0,55.0,,,,,38.41667,-96.45,38.41667,-96.45,,Remained in open country.,KS,2000-05-01 17:55:00,2000-05-01 17:55:00,True,True
1093391,5139558,Louisiana,81,Red River,SHV,2000-04-23 18:28:00,CST,2000-04-23 18:45:00,0,0,0,0,500K,,NWS STORM SURVEY,F3,Unknown,7.0,200.0,,,,,31.95,-93.38333,31.95,-93.28333,,"A high precipitation supercell produced a tornado as part of a tornado outbreak across the region. Damage consisted of large pine trees snapped and oak trees blown down. Most damage to residences were from fallen trees. A number of outbuildings were damaged by either fallen trees or wind. This tornado entered from De Soto Parish, LA and exited into Natchitoches Parish, LA.",LA,2000-04-23 19:28:00,2000-04-23 19:45:00,True,True
1093392,5139559,Louisiana,31,De Soto,SHV,2000-04-23 18:05:00,CST,2000-04-23 18:28:00,0,0,0,0,500K,,NWS STORM SURVEY,F3,Unknown,4.3,200.0,,,,,31.96667,-93.46667,31.95,-93.4,,"A high precipitation supercell produced a tornado as part of an outbreak of tornados across the region. Damage consisted of large pine trees snapped and oak trees blown down. Most damage to residences were from fallen trees. A number of outbuildings were damaged by fallen trees and wind. This tornado continued into Red River Parish, LA.",LA,2000-04-23 19:05:00,2000-04-23 19:28:00,True,True
1093577,5139759,Nebraska,89,Holt,LBF,2000-04-26 16:10:00,CST,2000-04-26 16:25:00,0,0,0,0,200K,,GENERAL PUBLIC,F1,Unknown,6.0,50.0,,,,,42.68333,-98.88333,42.76667,-98.83333,,"Tornado was intermittently on the ground for six miles and destroyed or damaged several farm buildings, knocked down power lines, fences, and trees. Four center pivot systems were also damaged or destroyed.",NE,2000-04-26 17:10:00,2000-04-26 17:25:00,True,True
1094940,5146784,Texas,35,Bosque,FWD,2000-05-12 16:10:00,CST,2000-05-12 16:10:00,0,0,2,0,3M,,LAW ENFORCEMENT,F3,Unknown,7.0,400.0,,,,,31.9,-97.36667,31.9,-97.36667,"May 12, 2000 - Event NarrativeA cold front moved into North Texas, and became stationary along a Bonham, Dallas, Hillsboro, Goldthwaite line. Numerous hail and wind reports were received. An F-3 tornado touched down near Lake Whitney in the late afternoon hours.The parent storm continued to develop on the south flank, resulting in a long lived wall cloud that moved south through southern Bosque, western McLennan, eastern Coryell, and western Bell counties. While reports of hail and funnels continued through the life of the storm, no additional tornadoes were sighted.","A tornado formed over the central part of Lake Whitney at approximately 1610 CST. The tornado moved south and dissipated near the dam at 1625 CST. The tornado caused two deaths, both of which occurred in the same home, but no other injuries. The most significant damaged occurred at the Lakewood Harbor Subdivision, three miles northwest of the Dam, around 1615 CST. 38 homes were destroyed and 27 others were damaged.",TX,2000-05-12 17:10:00,2000-05-12 17:10:00,True,True
1095531,5146794,Oklahoma,41,Delaware,TSA,2000-05-24 19:24:00,CST,2000-05-24 19:24:00,0,0,0,0,,,FIRE DEPT/RESCUE SQUAD,F0,Unknown,0.2,50.0,,,,,36.58333,-94.75,36.58333,-94.75,,A tornado touched down briefly just east of Grove. No damage was reported.,OK,2000-05-24 20:24:00,2000-05-24 20:24:00,True,True
1093393,5139560,Louisiana,31,De Soto,SHV,2000-04-23 17:46:00,CST,2000-04-23 18:07:00,0,0,0,0,750K,,NWS STORM SURVEY,F2,Unknown,8.5,150.0,,,,,32.05,-93.7,31.96667,-93.65,,A high precipitation supercell produced a tornado as part of an outbreak of tornados across the region. Damage consisted of large pine and oak trees uprooted or snapped. A mobile home was split in half from a fallen oak. Most damage to residences were from fallen trees. A number of outbuildings were damaged by fallen trees and wind.,LA,2000-04-23 18:46:00,2000-04-23 19:07:00,True,True
1093031,5140179,Texas,461,Upton,MAF,2000-03-22 15:04:00,CST,2000-03-22 15:10:00,0,0,0,0,1K,,LAW ENFORCEMENT,F1,Unknown,1.0,140.0,,,,,31.4,-101.9,31.41667,-101.9,A supercell thunderstorm moving across Upton county produced both a funnel and a weak tornado.,"This tornado was visible from Rankin as a condensation funnel to the ground. It traveled across open ranchland, breaking through one fence.",TX,2000-03-22 15:04:00,2000-03-22 15:10:00,False,False
1094328,5142878,Iowa,157,Poweshiek,DMX,2000-05-18 12:45:00,CST,2000-05-18 12:56:00,0,0,0,0,1K,.5K,LAW ENFORCEMENT,F0,Unknown,3.6,15.0,,,,,41.53333,-92.41667,41.58333,-92.38333,"A very dynamic weather situation took shape over Iowa. The strength of the system was more typical for for mid April rather than mid May. An intense low pressure center developed over the central Rockies. A warm front extended east from the low across Iowa. To the south of the warm front, humid air was in place with dew point temperatures in the mid 60s to around 70. Strong winds above the surface lifted the moist and unstable air over the top of the front. Initially a round of thunderstorms fired north of the front. The line became severe quite quickly and produced hail of three quarters of an inch to one and one quarter inch in diameter. This east to west line of storms produced a strong outflow boundary that propagated south across the central and southern counties of the state. By late morning, a round of thunderstorms developed over southern Iowa as the upper level low pressure system advanced into southwest Iowa. The storms became severe as they moved north, then intensified even more as the line of storms from southern Iowa interacted with the outflow boundary from the storms to the north. The storms produced several tornadoes, however most of them were very small and could be best described as spinup tornadoes. The strongest one formed at the intersection of the of the line of storms and the outflow boundary in the Des Moines metro area. A tornado touched down in Warren County east of Hartford. This tornado was on the ground for a couple of miles, though did little damage as it was in open country moving from Warren into Marion County. Another small tornado touched down in Poweshiek County south of Deep Rock. It formed along the boundary with a strong updraft into the parent cumulonimbus cloud. The dirt it picked up made it visually apparent even though there was no condensation funnel visible. The greatest damage occurred from the hail. Many of the storms produced one inch or larger diameter hail. The storm that developed southeast of Des Moines and spawned the largest tornado also produced very large hail. Hail up to baseball size was reported in Jasper County in a few places, with one report of three inch diameter hail southeast of Prairie City. Some areas reported a hail depth of 3 inches, with drifts a few feet deep, after the storm had passed. The hail was still on the ground six hours after the storm moved through. Needless to say, the hail caused considerable damage to cars and roofs in the area. With the exception of the tornadoes, there was not a great deal of wind associated with the storms. Most of the wind gusts were under 40 mph. One of the storms did produce a wind gust of around 60 mph in the Waterloo area.","Small ropelike tornado, however not a gustnado for sure.",IA,2000-05-18 13:45:00,2000-05-18 13:56:00,True,True
1093928,5141869,Illinois,115,Macon,ILX,2000-04-20 08:30:00,CST,2000-04-20 08:31:00,0,0,0,0,,,NWS STORM SURVEY,F1,Unknown,0.3,300.0,,,,,39.95,-88.95,39.95,-88.95,,"The tornado touched down west northwest of the intersection of Route 51 and County Route 20. The tornado then crossed Route 51 moving to the northeast. It damaged a couple of large oil pipeline storage tanks (put large dents in them), then the tornado weakened in an open field and dissipated.",IL,2000-04-20 09:30:00,2000-04-20 09:31:00,True,True
1090383,5128185,Alabama,101,Montgomery,BMX,2000-01-09 15:56:00,CST,2000-01-09 15:56:00,1,0,0,0,20K,0K,BROADCAST MEDIA,F0,Unknown,0.1,20.0,,,,,,,,,,"A weak tornado briefly touched down just south of exit 167 on I-65. One motorists, traveling northbound, had his car spun around and overturned. The car was totaled and the driver sustained minor injuries.",AL,2000-01-09 15:56:00,2000-01-09 15:56:00,False,False
1093160,5139809,North Carolina,49,Craven,MHX,2000-04-15 12:17:00,EST,2000-04-15 12:20:00,1,0,0,0,700K,,LAW ENFORCEMENT,F1,Unknown,0.8,100.0,,,,,35.13333,-77.01667,35.13333,-77.01667,,An F1 tornado touched down in the Neuse River just southwest of Bridgeton and moved northeast across the town. The tornado caused substantial roof damage to several homes and buisnesses near and along Highway 17. Two Buisnesses were destroyed. One woman in a car sustained minor injuries when her car was blown off the road. Seven mobile homes were destroyed as well as a couple of warehouses at ENCEE Chemicals.,NC,2000-04-15 13:17:00,2000-04-15 13:20:00,True,True
1093161,5139810,North Carolina,31,Carteret,MHX,2000-04-15 12:45:00,EST,2000-04-15 12:45:00,0,0,0,0,,,METEOROLOGIST(NON NWS),F0,Unknown,0.2,50.0,,,,,34.71667,-76.7,34.71667,-76.7,,A weak tornado moved across the west side of Morehead CIty damaging traffic lights and a railroad crossing.,NC,2000-04-15 13:45:00,2000-04-15 13:45:00,True,True
1093162,5139811,North Carolina,31,Carteret,MHX,2000-04-15 11:45:00,EST,2000-04-15 11:45:00,0,0,0,0,20K,,GENERAL PUBLIC,F0,Unknown,0.2,50.0,,,,,34.68333,-77.05,34.68333,-77.05,,An F0 tornado moved onshore at Cape Carteret and damaged the roof of the Piggly Wiggly gorcery store and the Golfin Dolphin next door.,NC,2000-04-15 12:45:00,2000-04-15 12:45:00,True,True
1093397,5139986,Louisiana,17,Caddo,SHV,2000-04-23 18:05:00,CST,2000-04-23 18:22:00,6,0,0,0,10M,,NWS STORM SURVEY,F1,Unknown,6.4,150.0,,,,,32.48333,-93.85,32.48333,-93.75,,Near 100 homes with roof and frame damage. Bus terminal downtown sustained major damage to windows and bus terminal roofing meterial. Several downtown buildings with glass blown out and roof damage. Numerous trees completely blown down or snapped. This tornado moved into Bossier Parish.,LA,2000-04-23 19:05:00,2000-04-23 19:22:00,True,True
1095676,5146062,Tennessee,169,Trousdale,OHX,2000-05-24 18:10:00,CST,2000-05-24 18:19:00,0,0,0,0,,,TRAINED SPOTTER,F1,Unknown,4.0,25.0,,,,,36.45,-86.18333,36.4,-86.15,,Trained spotter tracked this tornado from around Willard to Hartsville. Trees were blown down.,TN,2000-05-24 19:10:00,2000-05-24 19:19:00,True,True
1095676,5146065,Tennessee,37,Davidson,OHX,2000-05-24 22:58:00,CST,2000-05-24 23:00:00,0,0,0,0,20K,,EMERGENCY MANAGER,F1,Unknown,0.8,100.0,,,,,36.13333,-86.8,36.13333,-86.8,,Trees blown down on Belmont and Caldwell Ave.,TN,2000-05-24 23:58:00,2000-05-25 00:00:00,True,True
1095676,5146066,Tennessee,37,Davidson,OHX,2000-05-24 23:00:00,CST,2000-05-24 23:03:00,0,0,0,0,20K,,EMERGENCY MANAGER,F1,Unknown,0.3,100.0,,,,,36.13333,-86.8,36.13333,-86.8,,Trees blown down on Woodmont Blvd. and Granny White Pike and onto I-440.,TN,2000-05-25 00:00:00,2000-05-25 00:03:00,True,True
1095676,5146067,Tennessee,149,Rutherford,OHX,2000-05-24 23:50:00,CST,2000-05-24 23:51:00,0,0,0,0,,,LAW ENFORCEMENT,F0,Unknown,0.4,10.0,,,,,35.98333,-86.53333,35.98333,-86.53333,,Smyrna police reported a tornado with numerous trees down and power out.,TN,2000-05-25 00:50:00,2000-05-25 00:51:00,True,True
1094328,5142495,Iowa,29,Cass,DMX,2000-05-18 09:58:00,CST,2000-05-18 10:10:00,0,0,0,0,1K,1K,TRAINED SPOTTER,F0,Unknown,1.0,30.0,,,,,41.43333,-94.76667,41.45,-94.76667,"A very dynamic weather situation took shape over Iowa. The strength of the system was more typical for for mid April rather than mid May. An intense low pressure center developed over the central Rockies. A warm front extended east from the low across Iowa. To the south of the warm front, humid air was in place with dew point temperatures in the mid 60s to around 70. Strong winds above the surface lifted the moist and unstable air over the top of the front. Initially a round of thunderstorms fired north of the front. The line became severe quite quickly and produced hail of three quarters of an inch to one and one quarter inch in diameter. This east to west line of storms produced a strong outflow boundary that propagated south across the central and southern counties of the state. By late morning, a round of thunderstorms developed over southern Iowa as the upper level low pressure system advanced into southwest Iowa. The storms became severe as they moved north, then intensified even more as the line of storms from southern Iowa interacted with the outflow boundary from the storms to the north. The storms produced several tornadoes, however most of them were very small and could be best described as spinup tornadoes. The strongest one formed at the intersection of the of the line of storms and the outflow boundary in the Des Moines metro area. A tornado touched down in Warren County east of Hartford. This tornado was on the ground for a couple of miles, though did little damage as it was in open country moving from Warren into Marion County. Another small tornado touched down in Poweshiek County south of Deep Rock. It formed along the boundary with a strong updraft into the parent cumulonimbus cloud. The dirt it picked up made it visually apparent even though there was no condensation funnel visible. The greatest damage occurred from the hail. Many of the storms produced one inch or larger diameter hail. The storm that developed southeast of Des Moines and spawned the largest tornado also produced very large hail. Hail up to baseball size was reported in Jasper County in a few places, with one report of three inch diameter hail southeast of Prairie City. Some areas reported a hail depth of 3 inches, with drifts a few feet deep, after the storm had passed. The hail was still on the ground six hours after the storm moved through. Needless to say, the hail caused considerable damage to cars and roofs in the area. With the exception of the tornadoes, there was not a great deal of wind associated with the storms. Most of the wind gusts were under 40 mph. One of the storms did produce a wind gust of around 60 mph in the Waterloo area.","In open country, little damage.",IA,2000-05-18 10:58:00,2000-05-18 11:10:00,True,True
1093406,5140372,Texas,203,Harrison,SHV,2000-04-23 16:02:00,CST,2000-04-23 16:29:00,0,0,0,0,,,NWS STORM SURVEY,F2,Unknown,17.0,100.0,,,,,32.51667,-94.33333,32.38333,-94.15,,A tornado developed in a cyclic high precipitation supercell as it moved eastward across the county. Damage was confined to numerous pine and oak trees which were uprooted and broken. No structures were in the path of this tornado.,TX,2000-04-23 17:02:00,2000-04-23 17:29:00,True,True
1095714,5146478,Nebraska,119,Madison,OAX,2000-05-20 14:30:00,CST,2000-05-20 14:52:00,0,0,0,0,,,GENERAL PUBLIC,F0,Unknown,0.5,50.0,,,,,41.73333,-97.58333,41.73333,-97.58333,,"Numerous public reports of a small tornado that frequently touched down, but caused no damage, around 9 miles southwest of Madison.",NE,2000-05-20 15:30:00,2000-05-20 15:52:00,True,True
1095842,5147021,Iowa,105,Jones,DVN,2000-05-31 11:00:00,CST,2000-05-31 11:00:00,0,0,0,0,10K,,EMERGENCY MANAGER,F0,Unknown,0.1,10.0,,,,,42.11667,-91.1,42.11667,-91.1,"Mesoanalysis during the early morning depicted an outflow boundary extending from Central Illinois into Central Iowa with a cold front extending from Northeast Iowa into Eastern Nebraska, intersecting the outflow interface near Des Moines. An elevated bow MCS (Mesoscale Convective System) developed between Mason City and Marshalltown, and raced eastward into Eastern Iowa during the late morning and early afternoon. This system packed high winds and heavy rain as it swept across Eastern Iowa, mainly along and north of Interstate 80. Winds were measured at 60 to 70 mph over portions of the area, knocking down trees and limbs. Recent rains had already saturated the ground throughout Northeast and East Central Iowa. Additional heavy rain with this system forced creeks and streams out of their banks in Buchanan County, washing out several roads. The Little Wapsipinicon River at Fairbank was also sent out of it's banks. Doppler radar estimated rainfall rates of 2 to 3 inches per hour. The heavy rain also caused Duck Creek in Davenport to rise to bankfull in areas, and flooded portions of the bike path and surrounding areas near Brady Street. The bow MCS also spawned two weak tornadoes, one which touched down briefly at Alburnett in Linn County, and the other at Center Junction in Jones County.","A tornado touched down briefly at Center Junction. The tornado knocked down several large trees and numerous limbs, blocking a few roads. No injuries were reported.",IA,2000-05-31 12:00:00,2000-05-31 12:00:00,True,True
1096307,5147234,Oklahoma,47,Garfield,OUN,2000-05-25 23:55:00,CST,2000-05-25 23:56:00,0,0,0,0,0K,.5K,EMERGENCY MANAGER,F0,Unknown,0.5,25.0,,,,,36.3,-97.9,36.3,-97.9,"Severe thunderstorms first developed across portions of western and northern Oklahoma during the evening of the 25th, resulting in 4 confirmed tornadoes, one rated F2, and other areas of straight-line wind damage and large hail. Then during the early morning hours of the 26th, a line of severe thunderstorms formed across southwest Oklahoma and raced eastward into southeast Oklahoma, resulting in widespread damage from winds estimated between 80 and 100 mph at times.","This tornado, rated F0, formed about 1 mile north-northwest of Waukomis in Garfield County and was embedded in a large line of strong to severe thunderstorms which moved through much of Garfield County. The tornado produced 2 narrow areas of damage to wheat crop near the railroad track about 1/2 mile west of Highway 81 before dissipating.",OK,2000-05-26 00:55:00,2000-05-26 00:56:00,True,True
1094328,5142507,Iowa,181,Warren,DMX,2000-05-18 11:01:00,CST,2000-05-18 11:04:00,0,0,0,0,5K,1K,NWS EMPLOYEE(OFF DUTY),F1,Unknown,1.0,35.0,,,,,41.46667,-93.38333,41.46667,-93.36667,"A very dynamic weather situation took shape over Iowa. The strength of the system was more typical for for mid April rather than mid May. An intense low pressure center developed over the central Rockies. A warm front extended east from the low across Iowa. To the south of the warm front, humid air was in place with dew point temperatures in the mid 60s to around 70. Strong winds above the surface lifted the moist and unstable air over the top of the front. Initially a round of thunderstorms fired north of the front. The line became severe quite quickly and produced hail of three quarters of an inch to one and one quarter inch in diameter. This east to west line of storms produced a strong outflow boundary that propagated south across the central and southern counties of the state. By late morning, a round of thunderstorms developed over southern Iowa as the upper level low pressure system advanced into southwest Iowa. The storms became severe as they moved north, then intensified even more as the line of storms from southern Iowa interacted with the outflow boundary from the storms to the north. The storms produced several tornadoes, however most of them were very small and could be best described as spinup tornadoes. The strongest one formed at the intersection of the of the line of storms and the outflow boundary in the Des Moines metro area. A tornado touched down in Warren County east of Hartford. This tornado was on the ground for a couple of miles, though did little damage as it was in open country moving from Warren into Marion County. Another small tornado touched down in Poweshiek County south of Deep Rock. It formed along the boundary with a strong updraft into the parent cumulonimbus cloud. The dirt it picked up made it visually apparent even though there was no condensation funnel visible. The greatest damage occurred from the hail. Many of the storms produced one inch or larger diameter hail. The storm that developed southeast of Des Moines and spawned the largest tornado also produced very large hail. Hail up to baseball size was reported in Jasper County in a few places, with one report of three inch diameter hail southeast of Prairie City. Some areas reported a hail depth of 3 inches, with drifts a few feet deep, after the storm had passed. The hail was still on the ground six hours after the storm moved through. Needless to say, the hail caused considerable damage to cars and roofs in the area. With the exception of the tornadoes, there was not a great deal of wind associated with the storms. Most of the wind gusts were under 40 mph. One of the storms did produce a wind gust of around 60 mph in the Waterloo area.",Moved from Warren County into Marrion County.,IA,2000-05-18 12:01:00,2000-05-18 12:04:00,True,True
1094328,5142508,Iowa,125,Marion,DMX,2000-05-18 11:04:00,CST,2000-05-18 11:07:00,0,0,0,0,5K,1K,EMERGENCY MANAGER,F1,Unknown,1.0,35.0,,,,,41.45,-93.33333,41.46667,-93.31667,"A very dynamic weather situation took shape over Iowa. The strength of the system was more typical for for mid April rather than mid May. An intense low pressure center developed over the central Rockies. A warm front extended east from the low across Iowa. To the south of the warm front, humid air was in place with dew point temperatures in the mid 60s to around 70. Strong winds above the surface lifted the moist and unstable air over the top of the front. Initially a round of thunderstorms fired north of the front. The line became severe quite quickly and produced hail of three quarters of an inch to one and one quarter inch in diameter. This east to west line of storms produced a strong outflow boundary that propagated south across the central and southern counties of the state. By late morning, a round of thunderstorms developed over southern Iowa as the upper level low pressure system advanced into southwest Iowa. The storms became severe as they moved north, then intensified even more as the line of storms from southern Iowa interacted with the outflow boundary from the storms to the north. The storms produced several tornadoes, however most of them were very small and could be best described as spinup tornadoes. The strongest one formed at the intersection of the of the line of storms and the outflow boundary in the Des Moines metro area. A tornado touched down in Warren County east of Hartford. This tornado was on the ground for a couple of miles, though did little damage as it was in open country moving from Warren into Marion County. Another small tornado touched down in Poweshiek County south of Deep Rock. It formed along the boundary with a strong updraft into the parent cumulonimbus cloud. The dirt it picked up made it visually apparent even though there was no condensation funnel visible. The greatest damage occurred from the hail. Many of the storms produced one inch or larger diameter hail. The storm that developed southeast of Des Moines and spawned the largest tornado also produced very large hail. Hail up to baseball size was reported in Jasper County in a few places, with one report of three inch diameter hail southeast of Prairie City. Some areas reported a hail depth of 3 inches, with drifts a few feet deep, after the storm had passed. The hail was still on the ground six hours after the storm moved through. Needless to say, the hail caused considerable damage to cars and roofs in the area. With the exception of the tornadoes, there was not a great deal of wind associated with the storms. Most of the wind gusts were under 40 mph. One of the storms did produce a wind gust of around 60 mph in the Waterloo area.",Moved in from Warren County.,IA,2000-05-18 12:04:00,2000-05-18 12:07:00,True,True
1094328,5142510,Iowa,153,Polk,DMX,2000-05-18 11:17:00,CST,2000-05-18 11:17:00,0,0,0,0,1K,,LAW ENFORCEMENT,F0,Unknown,0.2,25.0,,,,,41.51667,-93.36667,41.51667,-93.36667,"A very dynamic weather situation took shape over Iowa. The strength of the system was more typical for for mid April rather than mid May. An intense low pressure center developed over the central Rockies. A warm front extended east from the low across Iowa. To the south of the warm front, humid air was in place with dew point temperatures in the mid 60s to around 70. Strong winds above the surface lifted the moist and unstable air over the top of the front. Initially a round of thunderstorms fired north of the front. The line became severe quite quickly and produced hail of three quarters of an inch to one and one quarter inch in diameter. This east to west line of storms produced a strong outflow boundary that propagated south across the central and southern counties of the state. By late morning, a round of thunderstorms developed over southern Iowa as the upper level low pressure system advanced into southwest Iowa. The storms became severe as they moved north, then intensified even more as the line of storms from southern Iowa interacted with the outflow boundary from the storms to the north. The storms produced several tornadoes, however most of them were very small and could be best described as spinup tornadoes. The strongest one formed at the intersection of the of the line of storms and the outflow boundary in the Des Moines metro area. A tornado touched down in Warren County east of Hartford. This tornado was on the ground for a couple of miles, though did little damage as it was in open country moving from Warren into Marion County. Another small tornado touched down in Poweshiek County south of Deep Rock. It formed along the boundary with a strong updraft into the parent cumulonimbus cloud. The dirt it picked up made it visually apparent even though there was no condensation funnel visible. The greatest damage occurred from the hail. Many of the storms produced one inch or larger diameter hail. The storm that developed southeast of Des Moines and spawned the largest tornado also produced very large hail. Hail up to baseball size was reported in Jasper County in a few places, with one report of three inch diameter hail southeast of Prairie City. Some areas reported a hail depth of 3 inches, with drifts a few feet deep, after the storm had passed. The hail was still on the ground six hours after the storm moved through. Needless to say, the hail caused considerable damage to cars and roofs in the area. With the exception of the tornadoes, there was not a great deal of wind associated with the storms. Most of the wind gusts were under 40 mph. One of the storms did produce a wind gust of around 60 mph in the Waterloo area.",Brief touchdown.,IA,2000-05-18 12:17:00,2000-05-18 12:17:00,True,True
1094810,5142405,Kansas,87,Jefferson,TOP,2000-05-11 20:27:00,CST,2000-05-11 20:40:00,0,0,0,0,108K,,GENERAL PUBLIC,F1,Unknown,8.0,75.0,,,,,39.06667,-95.33333,39.11667,-95.2,,"A tornado touched down just north of Williamstown and moved east until it crossed into Leavenworth county at 2040 cst. Windows were blown out of a house north of Williamstown. East of Williamstown it struck a farmstead where 2 homes were damaged, 5 pole barns destroyed and 2 others damaged. Metal from an outbuilding was carried 100 feet and hung in a tree 10 feet above ground.",KS,2000-05-11 21:27:00,2000-05-11 21:40:00,True,True
1094131,5142115,Texas,503,Young,FWD,2000-04-30 16:40:00,CST,2000-04-30 16:40:00,0,0,0,0,300K,,NEWSPAPER,F3,Unknown,13.0,800.0,,,,,33.36667,-98.76667,33.36667,-98.76667,"April 30, 2000 - Event NarrativeA big day for severe weather across northwest portions of the area. Several outflow boundaries, a dryline, and moist unstable air all helped contribute to thunderstorm development. There were several rounds of thunderstorms, the first wave was in the early morning hours, from about 3 am to 5 am. This activity developed in Young and Palo Pinto counties and moved eastward to affect Parker, Jack, Wise and Tarrant counties. Another event developed in the early evening, generally north and west of a Dallas, Glen Rose, Eastland line. Most of the activity was centered on Young, Jack, and Stephens county. A large tornado occurred near Olney (Young County) during this event. A continuation of aa tornado that began in Throckmorton county.","A large tornado was reported from near the county line (between Elbert and Padgett) to east of Olney. A 100 year old home was completely destroyed one mile south of the Olney Airport. A total of three homes and two motor homes were destroyed. Damage was reported to a nursing home, barns, power lines and trees. Most of the damage, however, occurred in open country.",TX,2000-04-30 17:40:00,2000-04-30 17:40:00,True,True
1096309,5147248,Texas,9,Archer,OUN,2000-05-27 12:28:00,CST,2000-05-27 12:31:00,0,0,0,0,2.5K,,STORM CHASER,F0,Unknown,1.0,25.0,,,,,33.58333,-98.63333,33.56667,-98.63333,"Severe thunderstorms formed across portions of western north Texas during the afternoon of the 27th and moved southeastward. These storms resulted in areas of significant hail damage and 2 weak tornadoes. Hundreds of insurance claims were filed across Wichita, Archer, and Clay Counties (300 near and on the southwest side of Wichita Falls in Wichita County) due to hail damage, a total of approximately 1.8 million dollars.","This tornado formed 1 mile south of Archer City. Minor damage was sustained to the roof of a tin barn, and some fences were damage, which is consistent with an F0 rating.",TX,2000-05-27 13:28:00,2000-05-27 13:31:00,True,True
1095679,5146911,Tennessee,5,Benton,OHX,2000-05-27 13:40:00,CST,2000-05-27 13:45:00,0,0,0,0,,,NWS STORM SURVEY,F1,Unknown,4.9,100.0,,,,,36.3,-88.05,36.3,-88.05,,The tornado hit the New Hope Road and Valentine road area the hardest with many downed trees. The tornado continued onto the Lick Creek Acces Road region and then crossed the Tennessee River.,TN,2000-05-27 14:40:00,2000-05-27 14:45:00,True,True
1094951,5145349,Ohio,137,Putnam,IWX,2000-06-12 17:12:00,EST,2000-06-12 17:12:00,0,0,0,0,40K,,EMERGENCY MANAGER,F1,Unknown,0.8,50.0,,,,,40.96667,-83.98333,40.96667,-83.98333,,Significant damage to a barn. Minor crop damage and six fruit trees blown down in same location.,OH,2000-06-12 18:12:00,2000-06-12 18:12:00,True,True
1094595,5142592,Missouri,17,Bollinger,PAH,2000-05-23 18:48:00,CST,2000-05-23 18:49:00,0,0,0,0,,,TRAINED SPOTTER,F0,Unknown,0.3,20.0,,,,,37.3,-89.85,37.3,-89.85,,"A spotter reported the funnel cloud ""went down and back up."" The path length was very short in a rural area.",MO,2000-05-23 19:48:00,2000-05-23 19:49:00,True,True
1095679,5146912,Tennessee,83,Houston,OHX,2000-05-27 13:46:00,CST,2000-05-27 14:05:00,0,0,0,0,1.3M,,GOVT OFFICIAL,F3,Unknown,17.2,500.0,,,,,36.31667,-87.96667,36.31667,-87.66667,,The storm complex that produced a tornado in Benton county moved into Houston county and generated a tornado that hit Tennessee Ridge and Erin. The Houston county executive estimated 1.3 million dollars worth of damage. Roofs and walls of some well constructed homes were torn off. Many trees were snapped and blown down along with power lines. The Betty Ligon Pavillion in Erin was flattened. 50 people required shelter at Erin. A storage trailer was moved 50 feet at Tennessee Ridge.,TN,2000-05-27 14:46:00,2000-05-27 15:05:00,True,True
1095679,5146913,Tennessee,125,Montgomery,OHX,2000-05-27 14:10:00,CST,2000-05-27 14:11:00,0,0,0,0,,,GENERAL PUBLIC,F0,Unknown,0.3,50.0,,,,,36.48333,-87.41667,36.48333,-87.41667,,General public reported a tornado and trees down around Mimi Road.,TN,2000-05-27 15:10:00,2000-05-27 15:11:00,True,True
1096309,5147247,Texas,9,Archer,OUN,2000-05-27 12:24:00,CST,2000-05-27 12:24:00,0,0,0,0,0,,STORM CHASER,F0,Unknown,0.2,25.0,,,,,33.56667,-98.66667,33.56667,-98.66667,"Severe thunderstorms formed across portions of western north Texas during the afternoon of the 27th and moved southeastward. These storms resulted in areas of significant hail damage and 2 weak tornadoes. Hundreds of insurance claims were filed across Wichita, Archer, and Clay Counties (300 near and on the southwest side of Wichita Falls in Wichita County) due to hail damage, a total of approximately 1.8 million dollars.","This tornado developed 3 miles southwest of Archer City and dissipated quickly, resulting in no damage (F0).",TX,2000-05-27 13:24:00,2000-05-27 13:24:00,True,True
1093617,5141875,Alabama,15,Calhoun,BMX,2000-04-02 23:34:00,CST,2000-04-02 23:37:00,6,0,1,0,.3M,0K,NWS STORM SURVEY,F2,Unknown,1.7,100.0,,,,,33.9,-85.55,33.91667,-85.51667,"The tornado began at 12:34 am just south of Vigo at the end of Helen Drive. Vigo is located east of Piedmont, AL. The tornado traveled on a northeast track crossing Bethel Church Road and continuing along Vigo Road (County Road 70). The tornado straddled the road moving up a hill and crossing a few hundred feet into Cleburne County. Damage in Cleburne County was confined to downed trees.The tornado path was 1.9 miles long and approximately 100 yards wide.Most of the property that was damaged or destroyed was located in the area of Helen Drive and Bethel Church Road. Six mobile homes were destroyed along with two houses, one of which was under construction. One elderly woman was killed and six people were injured in that area. The woman was one of three people in a mobile home whose frame was thrown approximately 130 feet by the force of the tornado. Beginning: 33 54.855/85 33.720 End: 33 55.293/85 31.752",,AL,2000-04-03 00:34:00,2000-04-03 00:37:00,True,True
1093147,5141512,Texas,155,Foard,OUN,2000-04-30 15:20:00,CST,2000-04-30 15:30:00,0,0,0,0,0,,STORM CHASER,F0,Unknown,3.0,50.0,,,,,33.96667,-99.73333,34.0,-99.71667,"Numerous severe thunderstorms moved across western portions of north Texas during the afternoon and evening of the 30th. Four tornadoes were confirmed, and there were numerous reports of large hail and some straight-line wind damage.","This tornado was also closely intersected by a Doppler-On-Wheels chase team and was later confirmed by another chase team associated with the MOCISE project. The tornado developed 2 miles southwest of Crowell just south of Highway 70 and tracked northward before turning to the right as it dissipated 1 mile north of Crowell. Power flashes were observed early in its development, and thus the tornado has earned an F0 rating.",TX,2000-04-30 16:20:00,2000-04-30 16:30:00,True,True
1093560,5142072,Texas,345,Motley,LUB,2000-04-30 13:20:00,CST,2000-04-30 13:21:00,0,0,0,0,,,TRAINED SPOTTER,F0,Unknown,0.1,30.0,,,,,34.01667,-100.68333,34.01667,-100.68333,,A brief tornado touchdown in open country was reported by trained storm spotters. No NWS storm survey was conducted.,TX,2000-04-30 14:20:00,2000-04-30 14:21:00,True,True
1094328,5142487,Iowa,1,Adair,DMX,2000-05-18 09:20:00,CST,2000-05-18 09:20:00,0,0,0,0,,1K,TRAINED SPOTTER,F0,Unknown,0.2,25.0,,,,,41.33333,-94.61667,41.33333,-94.61667,"A very dynamic weather situation took shape over Iowa. The strength of the system was more typical for for mid April rather than mid May. An intense low pressure center developed over the central Rockies. A warm front extended east from the low across Iowa. To the south of the warm front, humid air was in place with dew point temperatures in the mid 60s to around 70. Strong winds above the surface lifted the moist and unstable air over the top of the front. Initially a round of thunderstorms fired north of the front. The line became severe quite quickly and produced hail of three quarters of an inch to one and one quarter inch in diameter. This east to west line of storms produced a strong outflow boundary that propagated south across the central and southern counties of the state. By late morning, a round of thunderstorms developed over southern Iowa as the upper level low pressure system advanced into southwest Iowa. The storms became severe as they moved north, then intensified even more as the line of storms from southern Iowa interacted with the outflow boundary from the storms to the north. The storms produced several tornadoes, however most of them were very small and could be best described as spinup tornadoes. The strongest one formed at the intersection of the of the line of storms and the outflow boundary in the Des Moines metro area. A tornado touched down in Warren County east of Hartford. This tornado was on the ground for a couple of miles, though did little damage as it was in open country moving from Warren into Marion County. Another small tornado touched down in Poweshiek County south of Deep Rock. It formed along the boundary with a strong updraft into the parent cumulonimbus cloud. The dirt it picked up made it visually apparent even though there was no condensation funnel visible. The greatest damage occurred from the hail. Many of the storms produced one inch or larger diameter hail. The storm that developed southeast of Des Moines and spawned the largest tornado also produced very large hail. Hail up to baseball size was reported in Jasper County in a few places, with one report of three inch diameter hail southeast of Prairie City. Some areas reported a hail depth of 3 inches, with drifts a few feet deep, after the storm had passed. The hail was still on the ground six hours after the storm moved through. Needless to say, the hail caused considerable damage to cars and roofs in the area. With the exception of the tornadoes, there was not a great deal of wind associated with the storms. Most of the wind gusts were under 40 mph. One of the storms did produce a wind gust of around 60 mph in the Waterloo area.",Brief touchdown,IA,2000-05-18 10:20:00,2000-05-18 10:20:00,True,True
1094328,5142489,Iowa,1,Adair,DMX,2000-05-18 09:31:00,CST,2000-05-18 09:31:00,0,0,0,0,1K,.5K,BROADCAST MEDIA,F0,Unknown,0.1,20.0,,,,,41.25,-94.68333,41.25,-94.68333,"A very dynamic weather situation took shape over Iowa. The strength of the system was more typical for for mid April rather than mid May. An intense low pressure center developed over the central Rockies. A warm front extended east from the low across Iowa. To the south of the warm front, humid air was in place with dew point temperatures in the mid 60s to around 70. Strong winds above the surface lifted the moist and unstable air over the top of the front. Initially a round of thunderstorms fired north of the front. The line became severe quite quickly and produced hail of three quarters of an inch to one and one quarter inch in diameter. This east to west line of storms produced a strong outflow boundary that propagated south across the central and southern counties of the state. By late morning, a round of thunderstorms developed over southern Iowa as the upper level low pressure system advanced into southwest Iowa. The storms became severe as they moved north, then intensified even more as the line of storms from southern Iowa interacted with the outflow boundary from the storms to the north. The storms produced several tornadoes, however most of them were very small and could be best described as spinup tornadoes. The strongest one formed at the intersection of the of the line of storms and the outflow boundary in the Des Moines metro area. A tornado touched down in Warren County east of Hartford. This tornado was on the ground for a couple of miles, though did little damage as it was in open country moving from Warren into Marion County. Another small tornado touched down in Poweshiek County south of Deep Rock. It formed along the boundary with a strong updraft into the parent cumulonimbus cloud. The dirt it picked up made it visually apparent even though there was no condensation funnel visible. The greatest damage occurred from the hail. Many of the storms produced one inch or larger diameter hail. The storm that developed southeast of Des Moines and spawned the largest tornado also produced very large hail. Hail up to baseball size was reported in Jasper County in a few places, with one report of three inch diameter hail southeast of Prairie City. Some areas reported a hail depth of 3 inches, with drifts a few feet deep, after the storm had passed. The hail was still on the ground six hours after the storm moved through. Needless to say, the hail caused considerable damage to cars and roofs in the area. With the exception of the tornadoes, there was not a great deal of wind associated with the storms. Most of the wind gusts were under 40 mph. One of the storms did produce a wind gust of around 60 mph in the Waterloo area.",Brief touchdown,IA,2000-05-18 10:31:00,2000-05-18 10:31:00,True,True
1094328,5142490,Iowa,1,Adair,DMX,2000-05-18 09:33:00,CST,2000-05-18 09:33:00,0,0,0,0,1K,.5K,LAW ENFORCEMENT,F0,Unknown,0.1,20.0,,,,,41.3,-94.46667,41.3,-94.46667,"A very dynamic weather situation took shape over Iowa. The strength of the system was more typical for for mid April rather than mid May. An intense low pressure center developed over the central Rockies. A warm front extended east from the low across Iowa. To the south of the warm front, humid air was in place with dew point temperatures in the mid 60s to around 70. Strong winds above the surface lifted the moist and unstable air over the top of the front. Initially a round of thunderstorms fired north of the front. The line became severe quite quickly and produced hail of three quarters of an inch to one and one quarter inch in diameter. This east to west line of storms produced a strong outflow boundary that propagated south across the central and southern counties of the state. By late morning, a round of thunderstorms developed over southern Iowa as the upper level low pressure system advanced into southwest Iowa. The storms became severe as they moved north, then intensified even more as the line of storms from southern Iowa interacted with the outflow boundary from the storms to the north. The storms produced several tornadoes, however most of them were very small and could be best described as spinup tornadoes. The strongest one formed at the intersection of the of the line of storms and the outflow boundary in the Des Moines metro area. A tornado touched down in Warren County east of Hartford. This tornado was on the ground for a couple of miles, though did little damage as it was in open country moving from Warren into Marion County. Another small tornado touched down in Poweshiek County south of Deep Rock. It formed along the boundary with a strong updraft into the parent cumulonimbus cloud. The dirt it picked up made it visually apparent even though there was no condensation funnel visible. The greatest damage occurred from the hail. Many of the storms produced one inch or larger diameter hail. The storm that developed southeast of Des Moines and spawned the largest tornado also produced very large hail. Hail up to baseball size was reported in Jasper County in a few places, with one report of three inch diameter hail southeast of Prairie City. Some areas reported a hail depth of 3 inches, with drifts a few feet deep, after the storm had passed. The hail was still on the ground six hours after the storm moved through. Needless to say, the hail caused considerable damage to cars and roofs in the area. With the exception of the tornadoes, there was not a great deal of wind associated with the storms. Most of the wind gusts were under 40 mph. One of the storms did produce a wind gust of around 60 mph in the Waterloo area.",Brief touchdown,IA,2000-05-18 10:33:00,2000-05-18 10:33:00,True,True
1094030,5141919,Louisiana,53,Jefferson Davis,LCH,2000-04-03 04:50:00,CST,2000-04-03 04:55:00,0,0,0,0,40K,,NWS STORM SURVEY,F0,Unknown,2.0,10.0,,,,,30.36667,-92.65,30.36667,-92.65,"A second tornado touched down in Panchoville, where several mobile homes were damaged and trees were uprooted.",,LA,2000-04-03 05:50:00,2000-04-03 05:55:00,True,True
1093617,5141876,Alabama,29,Cleburne,BMX,2000-04-02 23:37:00,CST,2000-04-02 23:38:00,0,0,0,0,0K,0K,NWS STORM SURVEY,F2,Unknown,0.2,100.0,,,,,33.9,-85.51667,33.9,-85.51667,"The tornado began at 12:34 am just south of Vigo at the end of Helen Drive. Vigo is located east of Piedmont, AL. The tornado traveled on a northeast track crossing Bethel Church Road and continuing along Vigo Road (County Road 70). The tornado straddled the road moving up a hill and crossing a few hundred feet into Cleburne County. Damage in Cleburne County was confined to downed trees.The tornado path was 1.9 miles long and approximately 100 yards wide.Most of the property that was damaged or destroyed was located in the area of Helen Drive and Bethel Church Road. Six mobile homes were destroyed along with two houses, one of which was under construction. One elderly woman was killed and six people were injured in that area. The woman was one of three people in a mobile home whose frame was thrown approximately 130 feet by the force of the tornado. Beginning: 33 54.855/85 33.720 End: 33 55.293/85 31.752",,AL,2000-04-03 00:37:00,2000-04-03 00:38:00,True,True
1093618,5141877,Alabama,73,Jefferson,BMX,2000-04-02 20:51:00,CST,2000-04-02 20:59:00,0,0,0,0,150K,0K,NWS STORM SURVEY,F1,Unknown,4.5,400.0,,,,,33.58333,-86.85,33.58333,-86.85,,"The tornado first caused damage just east of Minor Parkway and moved northeast along Crumley Chapel Road and through the Crumley Chapel community. The tornado crossed US 78 at the Wal-Mart shopping center and turned on a more easterly track through a residential area of Forestdale. The damage became less severe as the tornado crossed Cherry Lane with only minor tree damage from there to Coalburg Road.Damage along the track was primarily to trees with some minor roof damage to some houses. A number of houses along the path were severely damaged when trees, some quite large, fell on the structures. Beginning: 33 33.650/86 55.378 End: 33 35.341/86 51.737",AL,2000-04-02 21:51:00,2000-04-02 21:59:00,True,True
1094526,5142698,Texas,303,Lubbock,LUB,2000-05-25 17:27:00,CST,2000-05-25 17:35:00,0,0,0,0,,,TRAINED SPOTTER,F0,Unknown,0.5,50.0,,,,,33.63333,-101.98333,33.65,-101.96667,,A storm spotter reported a tornado touchdown in an open field east of Farm-to-Market Road 179 and south of Farm-to-Market Road 2641. The tornado remained over open country during its lifetime resulting in no damage. No NWS storm survey was conducted.,TX,2000-05-25 18:27:00,2000-05-25 18:35:00,True,True
1094408,5142582,Louisiana,7,Assumption,LIX,2000-04-03 08:40:00,CST,2000-04-03 08:40:00,0,0,0,0,,,LAW ENFORCEMENT,F0,Unknown,0.1,25.0,,,,,29.85,-90.95,29.85,-90.95,,A tornado touched down briefly in a marsh area near Louisiana Highway 1014 causing no damage.,LA,2000-04-03 09:40:00,2000-04-03 09:40:00,True,True
1093619,5141878,Alabama,73,Jefferson,BMX,2000-04-03 12:09:00,CST,2000-04-03 12:18:00,0,0,0,0,4M,0K,NWS STORM SURVEY,F1,Unknown,5.7,350.0,,,,,33.4,-86.78333,33.48333,-86.7,,The tornado path began on Shades Crest just west of US 31. The tornado paralleled Shades Crest before moving down a hill and across the Birmingham Water Works and US 280. The tornado continued to travel northeasterly just north of Overton Road through a heavily wooded residential area and continued along Overton Road to I-459. The tornado ended just east of I-459 in the Cahaba River area in the vicinity of Liberty Park.Damage was primarily to trees with generally minor roof damage to structures. Several structures sustained major damage at the Birmingham Water Works on US 280. Some structures sustained heavy damage when trees fell on them. Beginning: 33 27.310/86 47.330 End: 33 29.243/86 41.825,AL,2000-04-03 13:09:00,2000-04-03 13:18:00,True,True
1094810,5142316,Kansas,87,Jefferson,TOP,2000-05-11 19:53:00,CST,2000-05-11 19:56:00,0,0,0,0,1K,,TRAINED SPOTTER,F0,Unknown,1.0,40.0,,,,,39.08333,-95.56667,39.06667,-95.55,,A tornado formed just south of Grantville and moved east for a mile over open country doing minor power line damage before dissipating.,KS,2000-05-11 20:53:00,2000-05-11 20:56:00,True,True
1095531,5146798,Oklahoma,97,Mayes,TSA,2000-05-24 19:42:00,CST,2000-05-24 19:42:00,0,0,0,0,,,EMERGENCY MANAGER,F0,Unknown,0.2,50.0,,,,,36.36667,-95.31667,36.36667,-95.31667,,A tornado touched down briefly north of Pryor. No damage was reported.,OK,2000-05-24 20:42:00,2000-05-24 20:42:00,True,True
1095531,5146800,Oklahoma,97,Mayes,TSA,2000-05-24 19:57:00,CST,2000-05-24 19:57:00,0,0,0,0,,,EMERGENCY MANAGER,F0,Unknown,0.2,50.0,,,,,36.25,-95.1,36.25,-95.1,,A tornado touched down briefly. No damage was reported.,OK,2000-05-24 20:57:00,2000-05-24 20:57:00,True,True
1096872,5149058,Indiana,65,Henry,IND,2000-06-20 19:15:00,EST,2000-06-20 19:16:00,0,0,0,0,50K,,TRAINED SPOTTER,F0,Unknown,0.1,30.0,,,,,40.01667,-85.35,40.01667,-85.35,"A supercell embedded in a squall line produced two brief touchdowns from just south of MIddletown to just north of Mount Summit in Henry county. The first touchdown lasted a minute or less and occurred across farmland doing no damage, while the second destroyed one barn and damaged several roofs to outbuildings and downed numerous trees while again only touching down for a minute or less. A trained spotter followed the parent storm and observed several funnels across the county but only these two brief touchdowns. Otherwise, a squall line produced scattered reports of trees and power lines down across other central Indiana counties during the afternoon and evening of June 20.",,IN,2000-06-20 20:15:00,2000-06-20 20:16:00,True,True
1096238,5147168,Pennsylvania,81,Lycoming,CTP,2000-06-16 16:45:00,EST,2000-06-16 17:20:00,0,0,0,0,,,TRAINED SPOTTER,F1,Unknown,14.0,100.0,,,,,41.3,-76.91667,41.35,-76.66667,,"This tornado produced an intermittent path of damage along a 16 mile path beginning in Farragut north of Montoursville, moving east across sparcely populated sections of eastern Lycoming County, crossing into Sullivan County about 2 miles north of Glen Mawr before ending about 4 miles southwest of Eagles Mere. Eyewitness accounts indicated the presence of two separate funnels in the Farragut area. The storm probably reached F1 intensity (close to 90 mph) in the Farragut area where it initially touched down near the Loyalsock Creek, just southwest of town. Accounts indicate initial touchdown was about 5:45 p.m. EDT. Last damage was probably close to 6:25 p.m. EDT in the forests of Sullivan County. In Farragut, one tree fell on a house, a roof was lifted off a shed, and a number of trees were downed. A field of new corn was leveled. Further east, damage to trees was sporadic. In addition, 1.25 inch hail was reported in Eagles Mere and trees were downed south of the path in Picture Rocks. Wind gusts at the Lycoming County Office of Emergency Management less than 2 miles southwest of Farragut were recorded at 67 mph.",PA,2000-06-16 17:45:00,2000-06-16 18:20:00,True,True
1095083,5145401,South Carolina,87,Union,GSP,2000-05-25 19:00:00,EST,2000-05-25 19:00:00,0,0,0,0,,,LAW ENFORCEMENT,F1,Unknown,1.0,20.0,,,,,34.8,-81.53333,34.8,-81.53333,"Training multi-cell thunderstorms, some of which became supercells, tracked east across the Upstate during the afternoon and evening. A couple of the storms were particularly intense, producing long swaths of golf ball size hail and widespread wind damage. Trees were downed in Calhoun Falls. Golf ball size hail covered the ground for some time in northern Union county. Trees and power lines were blown down in the Travelers Rest area - some falling on houses and a sport utility vehicle. On the eastern shore of Lake Hartwell in Anderson county, 44 trees were uprooted or snapped off and several docks were blown onto the shore. Scattered trees were downed from Taylors to near the GSP Airport. Two people were slightly injured and equipment was damaged when a tent blew down at an outdoor church function in Taylors. Trees and power lines were downed from Reidville to Pacolet, across northern Union county and much of Chester county. Extensive damage to homes and businesses occurred due to falling trees and power poles near Roebuck, Whitestone, and Pacolet. More than 12,000 people were left without power in these areas. Northwest of Union a roof was blown off a trailer, 25 trees were downed - some on cars, and a billboard was blown down. A tornado was embedded in a large downburst in Adamsburg which damaged a camper, blew a large pontoon boat 75 yards, and produced extensive damage to trees and power lines. The downburst covered several square miles. Cars were damaged by falling trees in Baton Rouge and a roof was blown off a barn in Chester.",,SC,2000-05-25 20:00:00,2000-05-25 20:00:00,True,True
1096601,5148944,Illinois,107,Logan,ILX,2000-05-18 18:12:00,CST,2000-05-18 18:14:00,0,0,0,0,0,0,EMERGENCY MANAGER,F0,Unknown,2.5,20.0,,,,,40.2,-89.2,40.18333,-89.15,,A tornado touched down 3 miles north of Beason in a field and traveled to the east before lifting and dissipating 4 miles northeast of Beason. No damage was reported.,IL,2000-05-18 19:12:00,2000-05-18 19:14:00,True,True
1096601,5148945,Illinois,113,Mclean,ILX,2000-05-18 18:13:00,CST,2000-05-18 18:13:00,0,0,0,0,0,0,LAW ENFORCEMENT,F0,Unknown,0.1,20.0,,,,,40.35,-88.85,40.35,-88.85,,A tornado briefly touched down in a field. No injuries or damage were reported.,IL,2000-05-18 18:13:00,2000-05-18 18:13:00,False,False
1096914,5148981,Kansas,125,Montgomery,ICT,2000-06-04 17:15:00,CST,2000-06-04 17:15:00,0,0,0,0,10K,,EMERGENCY MANAGER,F0,Unknown,1.0,110.0,,,,,37.3,-95.8,37.3,-95.8,,A short-lived tornado caused minor damage to a travel-trailer and a barn.,KS,2000-06-04 18:15:00,2000-06-04 18:15:00,True,True
1095848,5146214,Iowa,19,Buchanan,DVN,2000-05-11 19:19:00,CST,2000-05-11 19:19:00,0,0,0,0,2K,,NWS STORM SURVEY,F0,Unknown,0.1,10.0,,,,,42.5,-91.98333,42.5,-91.98333,"Strong warm air advection, responsible for triggering severe thunderstorms during the morning, essentially led to a strong capping inversion during the afternoon over Eastern Iowa. Mesoanalysis during the late afternoon showed low pressure west of Des Moines, with a warm front extending eastward across Northern Iowa into Southern Wisconsin. Temperatures during the afternoon climbed well into the 90s and low 100s over Southwest Iowa. The airmass was very unstable with surface based CAPE values in excess of 4000 J/Kg. Strong shear created a favorable environment for supercell development. Convergence to the east of the surface low sufficiently eroded the cap by late afternoon, leading to explosive development of an isolated supercell near Waterloo. This supercell produced a tornado in Dunkerton in Black Hawk County, which did extensive damage. This same tornado weakened as it moved into Buchanan County. Other weak tornadoes were spawned in Buchanan County. There were also indications of scattered damage produced by downbursts with the second and fourth tornadoes. Iowa governor Tom Vilsack signed a proclamation declaring Black Hawk and Buchanan Counties disaster areas. Damage was estimated at over 1 million dollars. Most of the damage in Buchanan County came on four farms. The damage was spread along an eight mile stretch south of Hazelton. Machine sheds, grain bins and outbuildings were blown apart. Damage also occurred to farm equipment with minor damage to a few houses.",A third tornado briefly touched down 3 miles southeast of Littleton. It produced F0 damage mainly to trees with a path length of only about an 1/8 mile.,IA,2000-05-11 20:19:00,2000-05-11 20:19:00,True,True
1094130,5142113,Texas,223,Hopkins,FWD,2000-04-23 13:48:00,CST,2000-04-23 13:48:00,2,0,0,0,25K,,LAW ENFORCEMENT,F0,Unknown,4.0,100.0,,,,,33.33333,-95.56667,33.33333,-95.56667,"April 23, 2000 - Event NarrativeA few thunderstorms developed in the extreme northeastern portions of the area during the afternoon.",Extensive damage from a possible tornado. The damage path was apparently intermittent as it paralleled F.M. 1536 from Tira to one mile north of Nelta; a distance of around four miles. A barn was destroyed and numerous trees and fences were damaged. Minor damage was reported on two homes. Two minor injuries from flying glass were also reported.,TX,2000-04-23 14:48:00,2000-04-23 14:48:00,True,True
1096605,5148882,Texas,39,Brazoria,HGX,2000-05-02 02:30:00,CST,2000-05-02 02:31:00,0,0,0,0,25K,,LAW ENFORCEMENT,F0,Unknown,1.0,50.0,,,,,29.35,-95.45,29.35,-95.45,,Barn damaged at FM 521 and FM 1462.,TX,2000-05-02 03:30:00,2000-05-02 03:31:00,True,True
1093767,5143383,Alabama,97,Mobile,MOB,2000-04-24 03:00:00,CST,2000-04-24 03:30:00,0,0,0,0,200K,,NWS STORM SURVEY,F1,Unknown,1.0,150.0,,,,,30.7,-88.08333,30.7,-88.08333,,"It was found from a National Weather Service Storm Survey that a F1 tornado struck near downtown Mobile. The tornado's path length was approximately 1 mile long and touched down near I -165, passing through the State Docks area. Some roof damage to apartments occurred near I-165. The storm then moved through the State Docks area, where four buildings suffered major damage. Some ship containers were also turned over. No injuries were reported, but several birds were killed.",AL,2000-04-24 04:00:00,2000-04-24 04:30:00,True,True
1093768,5143384,Florida,33,Escambia,MOB,2000-04-24 04:35:00,CST,2000-04-24 04:45:00,0,0,0,0,400K,,NWS STORM SURVEY,F1,Unknown,0.8,200.0,,,,,30.58333,-87.3,30.58333,-87.3,,It was determined from a National Weather Service Storm Survey that a weak F1 tornado struck the Gonzalez community just East of US Highway 29. The first touchdown was near Old Chemstrand Road and Golden Rod Road where some trees and a county road tower were damaged. The tornado tracked northeast near tree top level across Wyman Lane where trees were blown down. The tornado continued moving northeast and crossed Water Oaks Trail where it went back into the cloud just east of Water Oaks. This is where the most structural damage occurred. Seven or eight homes suffered roof damage and a couple of homes had porches blown off . One home had the back porch picked up and blown about 300 yards into another home across the street. Some asphalt was also ripped up out of the street and blown into a home. No injuries were reported.,FL,2000-04-24 05:35:00,2000-04-24 05:45:00,True,True
1094479,5143387,North Carolina,133,Onslow,MHX,2000-05-21 17:33:00,EST,2000-05-21 17:33:00,0,0,0,0,,,TRAINED SPOTTER,F0,Unknown,1.0,100.0,,,,,34.81667,-77.55,34.81667,-77.55,,A tornado touched down in western Onslow county near Ellis Airport and tracked northeast through the woods for 1 mile. The tornado was tracked by a trained spotter until it dissipated.,NC,2000-05-21 18:33:00,2000-05-21 18:33:00,True,True
1093937,5141427,Georgia,127,Glynn,JAX,2000-04-24 13:40:00,EST,2000-04-24 13:48:00,0,0,0,0,1K,,LAW ENFORCEMENT,F0,Unknown,0.1,10.0,,,,,31.1,-81.46667,31.1,-81.46667,,Weak F0. Large trees were blown down.,GA,2000-04-24 14:40:00,2000-04-24 14:48:00,True,True
1094108,5140725,Alabama,31,Coffee,TAE,2000-04-03 20:30:00,EST,2000-04-03 20:30:00,0,0,0,0,,,GENERAL PUBLIC,F0,Unknown,0.0,0.0,,,,,31.31667,-85.86667,31.31667,-85.86667,,Public reported a brief tornado touchdown near the Conagra plant with no damage.,AL,2000-04-03 21:30:00,2000-04-03 21:30:00,True,True
1092884,5140381,Texas,337,Montague,FWD,2000-03-28 17:24:00,CST,2000-03-28 17:24:00,0,0,0,0,,,TRAINED SPOTTER,F0,Unknown,0.1,10.0,,,,,33.7,-97.53333,33.7,-97.53333,"Montague/Cook County Thunderstorm NarrativeThis storm developed near Nocona, in northern Montague county, around 1600 CST, and moved slowly east toward Gainesville. It decreased east of Gainesville in Cooke county shortly before 1900 CST. Visibility was poor, but spotters reported several funnels, two of them briefly touching down in rural areas.",A brief touchdown was reported by spotters near Saint Jo. A mobile home was damaged at the Starkey community. A few vehicles were damaged by hail on Highway 82.,TX,2000-03-28 17:24:00,2000-03-28 17:24:00,False,False
1095883,5146187,Nebraska,157,Scotts Bluff,CYS,2000-05-07 15:19:00,MST,2000-05-07 15:20:00,0,0,0,0,,,TRAINED SPOTTER,F0,Unknown,0.1,30.0,,,,,41.88333,-103.65,41.88333,-103.65,,Tornado touched down in a cornfield for about 45 seconds.,NE,2000-05-07 16:19:00,2000-05-07 16:20:00,True,True
1095885,5146189,Nebraska,157,Scotts Bluff,CYS,2000-05-07 15:30:00,MST,2000-05-07 15:31:00,0,0,0,0,,,TRAINED SPOTTER,F0,Unknown,0.1,30.0,,,,,41.88333,-103.65,41.88333,-103.65,,"Tornado briefly touched down just north of Scottsbluff, NE.",NE,2000-05-07 16:30:00,2000-05-07 16:31:00,True,True
1095042,5145776,Missouri,93,Iron,LSX,2000-05-18 19:00:00,CST,2000-05-18 19:00:00,0,0,0,0,3K,,LAW ENFORCEMENT,F0,Unknown,0.5,50.0,,,,,37.33333,-90.7,37.33333,-90.7,,A small tornado caused damage between Annapolis and Vulcan along Highway 49. One home suffered roof damage and another was damaged by a downed tree. Other damage was limited to downed trees and power lines.,MO,2000-05-18 20:00:00,2000-05-18 20:00:00,True,True
1092959,5140004,Florida,86,Miami-Dade,MFL,2000-04-16 15:14:00,EST,2000-04-16 15:14:00,0,0,0,0,,,AIRPLANE PILOT,F0,Unknown,0.1,10.0,,,,,26.0,-80.5,26.0,-80.5,,A pilot reported a brief tornado touched down in the Everglades.,FL,2000-04-16 16:14:00,2000-04-16 16:14:00,True,True
1092884,5140383,Texas,97,Cooke,FWD,2000-03-28 18:20:00,CST,2000-03-28 18:20:00,0,0,0,0,,,TRAINED SPOTTER,F0,Unknown,0.1,10.0,,,,,33.65,-97.23333,33.65,-97.23333,"Montague/Cook County Thunderstorm NarrativeThis storm developed near Nocona, in northern Montague county, around 1600 CST, and moved slowly east toward Gainesville. It decreased east of Gainesville in Cooke county shortly before 1900 CST. Visibility was poor, but spotters reported several funnels, two of them briefly touching down in rural areas.",A brief touchdown was reported near Lindsay. No damage.,TX,2000-03-28 18:20:00,2000-03-28 18:20:00,False,False
1093868,5142215,Texas,447,Throckmorton,SJT,2000-04-30 16:25:00,CST,2000-04-30 16:30:00,0,0,0,0,200K,,NWS EMPLOYEE(OFF DUTY),F1,Unknown,2.0,500.0,,,,,33.26667,-99.0,33.26667,-98.96667,"An isolated supercell spawned two tornadoes across Throckmorton County. The first tornado dropped down in open county and produced only minimal damage. However, the second tornado developed very near the community of Elbert, striking the town as the tornado moved east. Most of the buildings in town suffered some degree of damage. Fortunately, the residents in town had taken proper refuge and there were no reported injuries.","A tornado struck the small community of Elbert. There was considerable damage to mobile homes and metal buildings, with lesser damage noted in permanent structures. A cotton gin was destroyed, with the silo blown northeast across State Highway 79. The tornado apparently first touched down near Elbert, tracking eastward along State Highway 79 to the Young County line. Fortunately, there were no reported injuries.",TX,2000-04-30 17:25:00,2000-04-30 17:30:00,True,True
1094117,5141035,Oklahoma,121,Pittsburg,TSA,2000-04-23 13:22:00,CST,2000-04-23 13:26:00,5,0,0,0,250K,,NWS STORM SURVEY,F1,Unknown,2.0,125.0,,,,,34.86667,-95.53333,34.86667,-95.5,,An F1 tornado touched down north of Hartshorne and lifted 2 miles later northeast of Hartshorne.The tornado destroyed five mobile homes and a frame house. The roofs of four other homes were damaged. The tornado also uprooted large trees and downed power lines.,OK,2000-04-23 14:22:00,2000-04-23 14:26:00,True,True
1093370,5139966,Oklahoma,89,Mccurtain,SHV,2000-04-23 14:58:00,CST,2000-04-23 15:43:00,0,0,0,0,,,NWS STORM SURVEY,F1,Unknown,17.2,75.0,,,,,33.88333,-94.8,33.93333,-94.55,,Numerous trees were toppled and stripped. No homes or structures were in the path of this tornado.,OK,2000-04-23 14:58:00,2000-04-23 15:43:00,False,False
1093404,5140075,Louisiana,17,Caddo,SHV,2000-04-23 16:10:00,CST,2000-04-23 16:30:00,0,0,0,0,1M,,NWS STORM SURVEY,F1,Unknown,8.0,500.0,,,,,32.88333,-93.98333,32.86667,-93.86667,,"High precipitation supercell produced a tornado as part of an outbreak of tornados in northeast Texas, southwest Arkansas, and northwest Louisiana. Numerous trees down along entire track. Tree damage noted up to 2 miles either side of track. Approximately 25 to 40 residences damaged by fallen trees. A number of outbuildings either damaged by trees or wind.",LA,2000-04-23 17:10:00,2000-04-23 17:30:00,True,True
1093316,5140318,Missouri,71,Franklin,LSX,2000-04-16 14:39:00,CST,2000-04-16 14:42:00,0,0,0,0,,,NWS STORM SURVEY,F0,Unknown,0.7,50.0,,,,,38.43333,-90.78333,38.43333,-90.78333,,"A small tornado caused damage in Catawissa. A couple of homes had roof shingles blown off, siding was damaged, windows were broken on a mobile home, a couple of outbuildings damaged, and trees downed. At least 3 people saw the tornado.",MO,2000-04-16 15:39:00,2000-04-16 15:42:00,True,True
1095839,5146702,Illinois,73,Henry,DVN,2000-05-08 20:11:00,CST,2000-05-08 20:11:00,0,0,0,0,,,TRAINED SPOTTER,F0,Unknown,0.1,10.0,,,,,41.23333,-90.01667,41.23333,-90.01667,"An outflow boundary laid down from morning thunderstorms was located in an east-west fashion near the Illinois and Wisconsin border by early afternoon. The outflow intersected an advancing cold front over East Central Iowa, which enhanced low level convergence. However, the atmosphere remained strongly capped, which allowed for only isolated thunderstorms to develop over Eastern Iowa by mid afternoon. These storms did not generate any reports of severe weather in Eastern Iowa, although they did produce heavy rain, gusty winds and small hail. As the thunderstorms crossed the Mississippi River into West Central Illinois during the evening they intensified. The cap had eroded with the aid of an upper level jet max. The atmosphere was very unstable with Capes of 2500-3500 J/Kg, while deep layer shear from the surface to 6 kilometers was marginal for supercells at 30 to 40 knots. The storms quickly became severe producing large hail and damaging winds in Hancock, Warren and Henry Counties. A weak, short lived tornado was spawned by one of the storms 4 miles west of Kewanee. The tornado touched down in a rural area doing no damage and causing no injuries.",,IL,2000-05-08 21:11:00,2000-05-08 21:11:00,True,True
1093766,5143382,Mississippi,131,Stone,MOB,2000-04-24 01:50:00,CST,2000-04-24 02:00:00,0,0,0,0,15K,,NWS STORM SURVEY,F0,Unknown,3.5,50.0,,,,,30.83333,-89.11667,30.85,-89.06667,,"The second tornado began near King Bee Road just west of Big Level. This tornado also moved northeast, moving across Bond Lott Cemetery and John Willis Roads before lifting back into the clouds near Big Four Road and State Highway 26, near Whites Crossing. As with the first tornado, the track was at tree top level, with damage primarily to trees, except near State Highway 26. Here a business had some tin blown off its sides and roof. Some of the tin blew into a field where a vehicle was damaged and two cows were killed. This tornado was a F0, was about 50 yards wide, and traveled 3.5 miles. No injuries were reported.",MS,2000-04-24 02:50:00,2000-04-24 03:00:00,True,True
1096240,5148276,Pennsylvania,113,Sullivan,CTP,2000-06-16 17:20:00,EST,2000-06-16 17:25:00,0,0,0,0,,,TRAINED SPOTTER,F0,Unknown,2.0,100.0,,,,,41.35,-76.66667,41.38333,-76.63333,,"This tornado was a continuation of the Farragut tornado from Lycoming County, which produced an intermittent path of damage along a 16 mile path of which about 2 miles was included in Sullivan County in the Rock Run area southwest of Hunters Lake. The tornado began at Farragut north of Montoursville, and moved east across sparcely populated sections of eastern Lycoming County, crossing into Sullivan County about 2 miles north of Glen Mawr before ending about 4 miles southwest of Eagles Mere.Eyewitness accounts indicated the presence of two separate funnels in the Farragut area. The storm probably reached F1 intensity (close to 90 mph) in the Farragut area where it initially touched down near the Loyalsock Creek just southwest of town. Accounts indicate initial touchdown was about 5:45 p.m. EDT. Last damage was probably close to 6:25 p.m. EDT in the forests of Sullivan County. In Farragut, one tree fell on a house, a roof was lifted off of a shed, and a number of trees were downed. A field of new corn was leveled. Further east, damage to trees was sporadic. In addition, 1.25 inch hail was reported in Eagles Mere and trees were downed south of the path in Picture Rocks. Wind gusts at the Lycoming County Office of Emergency Management less than 2 miles southwest of Farragut were recorded at 67 mph.",PA,2000-06-16 18:20:00,2000-06-16 18:25:00,True,True
1094329,5142883,Iowa,83,Hardin,DMX,2000-05-22 19:35:00,CST,2000-05-22 19:35:00,0,0,0,0,,,FIRE DEPT/RESCUE SQUAD,F0,Unknown,0.1,15.0,,,,,42.38333,-93.26667,42.38333,-93.26667,"A strong west to northwest flow was in place over the central U.S. Embedded in the flow was a series of weak troughs of low pressure. One of them moved through Iowa on the evening of the 22nd. During the late afternoon and early evening hours, thunderstorms erupted along the surface trough during the period of maximum instability. The storms were moving at over 50 mph through an environment with an inverted V sounding. The main product was wind. A semi-tractortrailer truck was overturned in Interstate 35 north of Story City in Story County by winds estimated at 75 mph. Wind damage was also reported around the area. A short time later, a storm produced high winds, causing damage, in Hardin County at Radcliffe. The same parent storm dropped a tornado briefly southwest of Owasa. The tornado was very small and did not produce any damage since it was in open country. As the storms headed east they continued to produce high winds. Wind caused damage in Poweshiek County at Brooklyn. Shortly after this event the storms weakened.",Brief touchdown in a field,IA,2000-05-22 20:35:00,2000-05-22 20:35:00,True,True
1096243,5148279,Pennsylvania,71,Lancaster,CTP,2000-06-18 18:45:00,EST,2000-06-18 18:50:00,0,0,0,0,,,EMERGENCY MANAGER,F0,Unknown,0.2,10.0,,,,,40.01667,-76.13333,40.01667,-76.13333,,"This F0 tornado began as a funnel cloud, described by an eyewitness near Bird-in-Hand. The tornado touched down about 7:45 p.m. EDT and moved east for about a quarter mile across fields near the intersection of Leacock and East Gordon Road. Several trees were knocked down, a wagon was overturned, and a small piece of roofing was displaced. The funnel was also sighted by an eyewitness in the Gap area.",PA,2000-06-18 19:45:00,2000-06-18 19:50:00,True,True
1093765,5143381,Alabama,23,Choctaw,MOB,2000-04-03 11:25:00,CST,2000-04-03 11:35:00,0,0,0,0,50K,,NWS STORM SURVEY,F1,Unknown,11.0,200.0,,,,,31.98333,-88.35,32.1,-88.16667,,It was determined from a National Weather Service Storm Survey that a strong F1 tornado first touched down near State Highway 17 and County Road 18 just East of Needham. The tornado tracked Northeast across large wooded areas where tree damage occurred. The tornado then crossed County Road 23 just North of Morgan Chapel where several homes sustained roof damage. The tornado continued tracking Northeast across mainly wooded areas...crossing County Road 43 just North of Mt. Sterling. Damage along this portion of the track was mainly to trees. The tornado then moved across Browns Landing Road to County Road 27 East of Mt. Sterling where the tornado lifted back into the clouds. The most substantial structural damage occurred along the track between Browns Landing Road and County Road 27.,AL,2000-04-03 12:25:00,2000-04-03 12:35:00,True,True
1096954,5148859,Florida,99,Palm Beach,MFL,2000-06-19 14:15:00,EST,2000-06-19 14:15:00,0,0,0,0,,1K,LAW ENFORCEMENT,F0,Unknown,0.1,10.0,,,,,26.68333,-80.66667,26.68333,-80.66667,,The Sheriff's Office reported a brief tornado touchdown in a corn field near Belle Glade.,FL,2000-06-19 15:15:00,2000-06-19 15:15:00,True,True
1095566,5146099,Texas,447,Throckmorton,SJT,2000-05-26 18:30:00,CST,2000-05-26 18:31:00,0,0,0,0,,,STORM CHASER,F0,Unknown,0.2,25.0,,,,,33.18333,-99.06667,33.18333,-99.06667,"A supercell moved across the northern Big Country during the evening of the 26th. Brief tornado touchdowns were reported just south of Haskell and east of Throckmorton, while baseball size hail pounded northern Throckmorton County and the community of Elbert.","A tornado was reported in eastern Throckmorton County. The tornado was on the ground for 90 seconds, but no significant damage was reported.",TX,2000-05-26 19:30:00,2000-05-26 19:31:00,True,True
1096286,5147940,Iowa,171,Tama,DMX,2000-06-13 18:37:00,CST,2000-06-13 18:37:00,0,0,0,0,10K,,AMATEUR RADIO,F0,Unknown,0.2,25.0,,,,,42.1,-92.66667,42.1,-92.66667,"The weather situation during the afternoon was similar to that had taken place in the morning with the exception that the convection in the afternoon was ahead of the cold front instead of the warm front. The upper air pattern remained very dynamic with a powerful upper level jet stream punching into Iowa. The airmass was very unstable. Thunderstorms erupted quite rapidly during the early afternoon hours to the west of Iowa. They moved into the state during the early afternoon with several reports of tornadoes in the far west. The storms weakened somewhat before entering the Des Moines CWA. They took on the form of a line echo wave pattern as they headed across the state. Portions of the line bowed out and produced high winds in many areas. Indeed, high winds was the main severe threat with this line as it raced across the state. There were numerous reports of trees and power lines downed by the high winds. Gusts to around 80 mph swept into Cass County as the line moved through. Fortunately, this gust occurred in largely open area. The storms caused more structural damage as they headed into the more populated central Iowa counties. High winds damaged a farmstead in Story County south of Collins. Another farmstead north of Collins sustained damage to a barn and part of the house. As the storms progressed east, high winds flattened a barn and broke windows out of a house southwest of State Center in Marshall County. A tornado dropped out of the storm as it moved across Marshall County as well. The track was intermittent, but the tornado did cause damage to at least two farmsteads along its path. Another storm produced a brief tornado touchdown in Tama County. The tornado did little damage, but did manage to hit and knock over a couple of transformers east of Garwin. There was little hail reported with the storms, however one inch diameter hail was reported in Grundy County as Dike. As the thunderstorms moved through the Calhoun County area, lightning struck a gas meter on a house in Farnhamville. The lightning blew out the gas meter, melted the phones in the home, and caused some structural damage to the building itself.",Brief touchdown,IA,2000-06-13 19:37:00,2000-06-13 19:37:00,True,True
1096397,5147738,Arkansas,9,Boone,LZK,2000-05-18 15:42:00,CST,2000-05-18 15:46:00,0,0,0,0,,,NWS STORM SURVEY,F1,Unknown,2.0,35.0,,,,,36.46667,-92.9,36.46667,-92.9,,"A weak tornado affected the Diamond City area of Boone County...or about 3 miles north of Lead Hill. The tornado caused mostly tree damage as it moved through town, with a couple of trees falling on power and phone lines.",AR,2000-05-18 16:42:00,2000-05-18 16:46:00,True,True
1095848,5146212,Iowa,19,Buchanan,DVN,2000-05-11 18:45:00,CST,2000-05-11 18:56:00,0,0,0,0,,,NWS STORM SURVEY,F0,Unknown,0.1,10.0,,,,,42.61667,-92.06667,42.6,-92.0,"Strong warm air advection, responsible for triggering severe thunderstorms during the morning, essentially led to a strong capping inversion during the afternoon over Eastern Iowa. Mesoanalysis during the late afternoon showed low pressure west of Des Moines, with a warm front extending eastward across Northern Iowa into Southern Wisconsin. Temperatures during the afternoon climbed well into the 90s and low 100s over Southwest Iowa. The airmass was very unstable with surface based CAPE values in excess of 4000 J/Kg. Strong shear created a favorable environment for supercell development. Convergence to the east of the surface low sufficiently eroded the cap by late afternoon, leading to explosive development of an isolated supercell near Waterloo. This supercell produced a tornado in Dunkerton in Black Hawk County, which did extensive damage. This same tornado weakened as it moved into Buchanan County. Other weak tornadoes were spawned in Buchanan County. There were also indications of scattered damage produced by downbursts with the second and fourth tornadoes. Iowa governor Tom Vilsack signed a proclamation declaring Black Hawk and Buchanan Counties disaster areas. Damage was estimated at over 1 million dollars. Most of the damage in Buchanan County came on four farms. The damage was spread along an eight mile stretch south of Hazelton. Machine sheds, grain bins and outbuildings were blown apart. Damage also occurred to farm equipment with minor damage to a few houses.","A weak tornado, which produced no damage in Buchanan County, moved into the extreme northwest part of the county from Black Hawk County around 8 pm CDT. The tornado was rated an F0 with an estimated path length of 2 miles. This is likely the decaying stage of the tornado which hit Dunkerton in Black Hawk County.",IA,2000-05-11 19:45:00,2000-05-11 19:56:00,True,True
1094477,5143037,North Carolina,61,Duplin,MHX,2000-05-21 17:20:00,EST,2000-05-21 17:20:00,0,0,0,0,,,LAW ENFORCEMENT,F0,Unknown,0.5,50.0,,,,,35.02,-77.95,35.02,-77.95,,Numerous trees and power lines blown down.,NC,2000-05-21 18:20:00,2000-05-21 18:20:00,True,True
1094679,5143247,Ohio,127,Perry,RLX,2000-05-23 17:10:00,EST,2000-05-23 17:13:00,0,0,0,0,185K,,NWS STORM SURVEY,F1,Unknown,2.0,150.0,,,,,39.71667,-82.35,39.71667,-82.31667,,"A tornado touched down on Jackson Township Road 371 and moved east, along County Route 9, known as Pen Road. A slate roof of a house was ripped off and a modular home was shifted several inches off its concrete block foundation. Further east, the roof to a trailer was ripped off. On Palomino Road, the tornado destroyed a barn and garage.",OH,2000-05-23 18:10:00,2000-05-23 18:13:00,True,True
1095790,5146946,South Dakota,83,Lincoln,FSD,2000-05-15 22:37:00,CST,2000-05-15 22:37:00,0,0,0,0,,,LAW ENFORCEMENT,F0,Unknown,0.1,50.0,,,,,43.1,-96.51667,43.1,-96.51667,,A bried tornado caused no reported damage.,SD,2000-05-15 23:37:00,2000-05-15 23:37:00,True,True
1095970,5148585,Colorado,121,Washington,BOU,2000-05-17 11:52:00,MST,2000-05-17 11:52:00,0,0,0,0,,,TRAINED SPOTTER,F0,Unknown,0.1,25.0,,,,,40.11667,-103.06667,40.11667,-103.06667,"A powder keg of severe weather occurred over the northeast plains of Colorado. The environment became strongly sheared in the vicinity of an intense surface low pressure system allowing for the formation of over two dozen tornadoes. In addition to the tornadoes, large hail. strong thunderstorm winds and heavy rain accompanied the storms. Rainfall amounts generally ranged from 1 to 2 inches, with some minor flooding occuring in parts of Morgan County. Considering the high volume of tornadoes reported, many touching down at or near the same time, the damage was relatively minimal.",,CO,2000-05-17 12:52:00,2000-05-17 12:52:00,True,True
1095970,5148586,Colorado,121,Washington,BOU,2000-05-17 11:54:00,MST,2000-05-17 11:54:00,0,0,0,0,,,TRAINED SPOTTER,F0,Unknown,0.1,25.0,,,,,40.11667,-103.05,40.11667,-103.05,"A powder keg of severe weather occurred over the northeast plains of Colorado. The environment became strongly sheared in the vicinity of an intense surface low pressure system allowing for the formation of over two dozen tornadoes. In addition to the tornadoes, large hail. strong thunderstorm winds and heavy rain accompanied the storms. Rainfall amounts generally ranged from 1 to 2 inches, with some minor flooding occuring in parts of Morgan County. Considering the high volume of tornadoes reported, many touching down at or near the same time, the damage was relatively minimal.",,CO,2000-05-17 12:54:00,2000-05-17 12:54:00,True,True
1095970,5148587,Colorado,121,Washington,BOU,2000-05-17 11:58:00,MST,2000-05-17 11:58:00,0,0,0,0,,,TRAINED SPOTTER,F0,Unknown,0.1,25.0,,,,,40.16667,-103.2,40.16667,-103.2,"A powder keg of severe weather occurred over the northeast plains of Colorado. The environment became strongly sheared in the vicinity of an intense surface low pressure system allowing for the formation of over two dozen tornadoes. In addition to the tornadoes, large hail. strong thunderstorm winds and heavy rain accompanied the storms. Rainfall amounts generally ranged from 1 to 2 inches, with some minor flooding occuring in parts of Morgan County. Considering the high volume of tornadoes reported, many touching down at or near the same time, the damage was relatively minimal.",,CO,2000-05-17 12:58:00,2000-05-17 12:58:00,True,True
1095773,5146199,Minnesota,83,Lyon,FSD,2000-05-07 21:53:00,CST,2000-05-07 21:55:00,0,0,0,0,,,LAW ENFORCEMENT,F0,Unknown,0.1,50.0,,,,,44.25,-95.76667,44.25,-95.76667,,A short lived tornado caused no reported damage.,MN,2000-05-07 22:53:00,2000-05-07 22:55:00,True,True
1095473,5147149,Tennessee,93,Knox,MRX,2000-05-23 16:05:00,EST,2000-05-23 16:05:00,1,0,0,0,,,LAW ENFORCEMENT,F1,Unknown,0.5,40.0,,,,,36.03333,-84.03333,36.03333,-84.03333,"Mr. Dewey Rose, a resident of Impala Mobile Home Park, was injured after the storm ripped his home off its foundation. Winds estimated at 75-80 mph.",,TN,2000-05-23 17:05:00,2000-05-23 17:05:00,True,True
1095340,5145267,Minnesota,67,Kandiyohi,MPX,2000-05-07 20:45:00,CST,2000-05-07 20:47:00,0,0,0,0,,,FIRE DEPT/RESCUE SQUAD,F0,Unknown,0.5,15.0,,,,,45.1,-94.85,45.1,-94.83333,,Power lines down.,MN,2000-05-07 21:45:00,2000-05-07 21:47:00,True,True
1095340,5145269,Minnesota,93,Meeker,MPX,2000-05-07 20:55:00,CST,2000-05-07 20:57:00,0,0,0,0,,,GENERAL PUBLIC,F0,Unknown,0.2,15.0,,,,,44.98333,-94.7,44.98333,-94.63333,,Barn toppled.,MN,2000-05-07 21:55:00,2000-05-07 21:57:00,True,True
1094325,5145456,Iowa,75,Grundy,DMX,2000-05-11 17:45:00,CST,2000-05-11 17:45:00,0,0,0,0,,.1K,STORM CHASER,F0,Unknown,0.3,30.0,,,,,42.51667,-92.63333,42.51667,-92.63333,"The seasons first tornado outbreak took place during the late afternoon and early evening hours of the 11th. During the day, very strong warm air advection took place. Temperatures warmed rapidly during the day with highs reaching the mid to upper 90s over about the southwest half of the state. Dew point temperatures were in the upper 60s to low 70s. This combination produced CAPE values in excess of 8000 J/kg. During the afternoon, a strong cap was in place with 700 mb temperatures around +16 C. This prevented convection from firing during the afternoon. Toward evening, thunderstorms broke through the cap over northeast Iowa. The storms went from initial echo to tornadic storms in less than 50 minutes. A supercell formed west of the Waterloo area. This cell became a splitting cell and produced a brief tornado in Grundy County as the right moving cell split off, and golf ball size hail in Bremer County from the left moving cell. The cell moved off quickly, however additional supercells back developed over the same area. the strongest tornado developed in the Cedar Falls area and tracked across the northern portions of Waterloo. This cell produced a strong tornado which was actually a multi-vortex tornado based on reports from storm chasers in the area. At one point, west of Dunkerton, three tornadoes each one quarter mile wide were on the ground with this storm. The tornado damaged several houses and a few farmsteads along the way. Reports indicated between 5 and 10 houses in Black Hawk County were totally destroyed, and another 15 to 20 sustained significant damage. A total of at least 41 structures sustained at least some damage. In addition to the tornado, damage also occurred south of the track as RFD winds estimated as high as 100 mph were observed. Dunkerton was hard hit as the tornado moved through. Heavy damage was reported at a coop elevator in Dunkerton, with 10 of 16 grain elevators damaged. A roof was removed from a church as well, resulting in about $500,000 damage. The City Hall building was destroyed in Dunkerton. The City Hall was housed in a series of double wide trailers since ironically the former City Hall building was destroyed just last year in the floods of '99. As the tornado moved through the fairly densely populated area, numerous injuries were reported. Some of the injuries were severe with limbs being cut off by flying debris. One woman lost both one arm and one hand, and had her back broken. She passed away 17 days after her injuries occurred. Six of the injuries occurred at a nursing home that was hit by the tornado. They occurred as the 139 residents were being evacuated. Reports indicated the width of the tornado was up to three-quarters of a mile at its widest. The damage path from the storm was around one and one half miles wide. The tornado continued moving east and crossed into Buchanan County, about 4 miles northeast of Dunkerton. A short time later, another cell developed in the Dunkerton area and dropped a tornado. That tornado struck a farm northwest of town, destroying the farm house and seven outbuildings. In addition to the damage that occurred to the structures, the family dog and one of the five horses on the farm were killed. Reports indicate a letter from one of the farm houses destroyed was found 60 miles away from Dunkerton in the town of Monona in Clayton County. Polly Mill's rural Dunkerton farmhouse was shredded by the tornado. She lost some of her late husband's military medals, pages out of the family Bible, and part of her collection of letters and first-issue stamps. Sixty miles away, on a farm east of Monona, the letter was found in an envelope carrying a first-day issue, 5-cent stamp commemorating the Battle of New Orleans. There was yet a third round of tornadic storms in the Dunkerton area. The last tornado touched down near Dunkerton and developed southward. Two houses in the town of Dunkerton were destroyed by this tornado. In addition to the tornadoes, very heavy rain fell in a narrow area of Black Hawk County. Reports of 3 inches or more of rain was received from the area. Soil conditions were very dry at the time. The dry soil conditions helped preclude any significant flooding. By the afternoon of the 12th, Iowa Governor Vilsack had declared Black Hawk County a state disaster area.",Initial tornado...brief touchdown,IA,2000-05-11 18:45:00,2000-05-11 18:45:00,True,True
1094325,5145458,Iowa,13,Black Hawk,DMX,2000-05-11 18:03:00,CST,2000-05-11 18:45:00,25,0,1,0,1.75M,10K,STORM CHASER,F3,Unknown,18.5,400.0,,,,,42.51667,-92.45,42.6,-92.11667,"The seasons first tornado outbreak took place during the late afternoon and early evening hours of the 11th. During the day, very strong warm air advection took place. Temperatures warmed rapidly during the day with highs reaching the mid to upper 90s over about the southwest half of the state. Dew point temperatures were in the upper 60s to low 70s. This combination produced CAPE values in excess of 8000 J/kg. During the afternoon, a strong cap was in place with 700 mb temperatures around +16 C. This prevented convection from firing during the afternoon. Toward evening, thunderstorms broke through the cap over northeast Iowa. The storms went from initial echo to tornadic storms in less than 50 minutes. A supercell formed west of the Waterloo area. This cell became a splitting cell and produced a brief tornado in Grundy County as the right moving cell split off, and golf ball size hail in Bremer County from the left moving cell. The cell moved off quickly, however additional supercells back developed over the same area. the strongest tornado developed in the Cedar Falls area and tracked across the northern portions of Waterloo. This cell produced a strong tornado which was actually a multi-vortex tornado based on reports from storm chasers in the area. At one point, west of Dunkerton, three tornadoes each one quarter mile wide were on the ground with this storm. The tornado damaged several houses and a few farmsteads along the way. Reports indicated between 5 and 10 houses in Black Hawk County were totally destroyed, and another 15 to 20 sustained significant damage. A total of at least 41 structures sustained at least some damage. In addition to the tornado, damage also occurred south of the track as RFD winds estimated as high as 100 mph were observed. Dunkerton was hard hit as the tornado moved through. Heavy damage was reported at a coop elevator in Dunkerton, with 10 of 16 grain elevators damaged. A roof was removed from a church as well, resulting in about $500,000 damage. The City Hall building was destroyed in Dunkerton. The City Hall was housed in a series of double wide trailers since ironically the former City Hall building was destroyed just last year in the floods of '99. As the tornado moved through the fairly densely populated area, numerous injuries were reported. Some of the injuries were severe with limbs being cut off by flying debris. One woman lost both one arm and one hand, and had her back broken. She passed away 17 days after her injuries occurred. Six of the injuries occurred at a nursing home that was hit by the tornado. They occurred as the 139 residents were being evacuated. Reports indicated the width of the tornado was up to three-quarters of a mile at its widest. The damage path from the storm was around one and one half miles wide. The tornado continued moving east and crossed into Buchanan County, about 4 miles northeast of Dunkerton. A short time later, another cell developed in the Dunkerton area and dropped a tornado. That tornado struck a farm northwest of town, destroying the farm house and seven outbuildings. In addition to the damage that occurred to the structures, the family dog and one of the five horses on the farm were killed. Reports indicate a letter from one of the farm houses destroyed was found 60 miles away from Dunkerton in the town of Monona in Clayton County. Polly Mill's rural Dunkerton farmhouse was shredded by the tornado. She lost some of her late husband's military medals, pages out of the family Bible, and part of her collection of letters and first-issue stamps. Sixty miles away, on a farm east of Monona, the letter was found in an envelope carrying a first-day issue, 5-cent stamp commemorating the Battle of New Orleans. There was yet a third round of tornadic storms in the Dunkerton area. The last tornado touched down near Dunkerton and developed southward. Two houses in the town of Dunkerton were destroyed by this tornado. In addition to the tornadoes, very heavy rain fell in a narrow area of Black Hawk County. Reports of 3 inches or more of rain was received from the area. Soil conditions were very dry at the time. The dry soil conditions helped preclude any significant flooding. By the afternoon of the 12th, Iowa Governor Vilsack had declared Black Hawk County a state disaster area.","Multi-vortex, regerative tornado",IA,2000-05-11 19:03:00,2000-05-11 19:45:00,True,True
1094325,5145460,Iowa,13,Black Hawk,DMX,2000-05-11 18:55:00,CST,2000-05-11 19:00:00,0,0,0,0,350K,5K,STORM CHASER,F2,Unknown,3.6,120.0,,,,,42.56667,-92.23333,42.6,-92.16667,"The seasons first tornado outbreak took place during the late afternoon and early evening hours of the 11th. During the day, very strong warm air advection took place. Temperatures warmed rapidly during the day with highs reaching the mid to upper 90s over about the southwest half of the state. Dew point temperatures were in the upper 60s to low 70s. This combination produced CAPE values in excess of 8000 J/kg. During the afternoon, a strong cap was in place with 700 mb temperatures around +16 C. This prevented convection from firing during the afternoon. Toward evening, thunderstorms broke through the cap over northeast Iowa. The storms went from initial echo to tornadic storms in less than 50 minutes. A supercell formed west of the Waterloo area. This cell became a splitting cell and produced a brief tornado in Grundy County as the right moving cell split off, and golf ball size hail in Bremer County from the left moving cell. The cell moved off quickly, however additional supercells back developed over the same area. the strongest tornado developed in the Cedar Falls area and tracked across the northern portions of Waterloo. This cell produced a strong tornado which was actually a multi-vortex tornado based on reports from storm chasers in the area. At one point, west of Dunkerton, three tornadoes each one quarter mile wide were on the ground with this storm. The tornado damaged several houses and a few farmsteads along the way. Reports indicated between 5 and 10 houses in Black Hawk County were totally destroyed, and another 15 to 20 sustained significant damage. A total of at least 41 structures sustained at least some damage. In addition to the tornado, damage also occurred south of the track as RFD winds estimated as high as 100 mph were observed. Dunkerton was hard hit as the tornado moved through. Heavy damage was reported at a coop elevator in Dunkerton, with 10 of 16 grain elevators damaged. A roof was removed from a church as well, resulting in about $500,000 damage. The City Hall building was destroyed in Dunkerton. The City Hall was housed in a series of double wide trailers since ironically the former City Hall building was destroyed just last year in the floods of '99. As the tornado moved through the fairly densely populated area, numerous injuries were reported. Some of the injuries were severe with limbs being cut off by flying debris. One woman lost both one arm and one hand, and had her back broken. She passed away 17 days after her injuries occurred. Six of the injuries occurred at a nursing home that was hit by the tornado. They occurred as the 139 residents were being evacuated. Reports indicated the width of the tornado was up to three-quarters of a mile at its widest. The damage path from the storm was around one and one half miles wide. The tornado continued moving east and crossed into Buchanan County, about 4 miles northeast of Dunkerton. A short time later, another cell developed in the Dunkerton area and dropped a tornado. That tornado struck a farm northwest of town, destroying the farm house and seven outbuildings. In addition to the damage that occurred to the structures, the family dog and one of the five horses on the farm were killed. Reports indicate a letter from one of the farm houses destroyed was found 60 miles away from Dunkerton in the town of Monona in Clayton County. Polly Mill's rural Dunkerton farmhouse was shredded by the tornado. She lost some of her late husband's military medals, pages out of the family Bible, and part of her collection of letters and first-issue stamps. Sixty miles away, on a farm east of Monona, the letter was found in an envelope carrying a first-day issue, 5-cent stamp commemorating the Battle of New Orleans. There was yet a third round of tornadic storms in the Dunkerton area. The last tornado touched down near Dunkerton and developed southward. Two houses in the town of Dunkerton were destroyed by this tornado. In addition to the tornadoes, very heavy rain fell in a narrow area of Black Hawk County. Reports of 3 inches or more of rain was received from the area. Soil conditions were very dry at the time. The dry soil conditions helped preclude any significant flooding. By the afternoon of the 12th, Iowa Governor Vilsack had declared Black Hawk County a state disaster area.",Farm and several outbuildings destroyed,IA,2000-05-11 19:55:00,2000-05-11 20:00:00,True,True
1094325,5145461,Iowa,13,Black Hawk,DMX,2000-05-11 19:20:00,CST,2000-05-11 19:25:00,0,0,0,0,300K,2K,LAW ENFORCEMENT,F2,Unknown,5.0,150.0,,,,,42.56667,-92.16667,42.5,-92.13333,"The seasons first tornado outbreak took place during the late afternoon and early evening hours of the 11th. During the day, very strong warm air advection took place. Temperatures warmed rapidly during the day with highs reaching the mid to upper 90s over about the southwest half of the state. Dew point temperatures were in the upper 60s to low 70s. This combination produced CAPE values in excess of 8000 J/kg. During the afternoon, a strong cap was in place with 700 mb temperatures around +16 C. This prevented convection from firing during the afternoon. Toward evening, thunderstorms broke through the cap over northeast Iowa. The storms went from initial echo to tornadic storms in less than 50 minutes. A supercell formed west of the Waterloo area. This cell became a splitting cell and produced a brief tornado in Grundy County as the right moving cell split off, and golf ball size hail in Bremer County from the left moving cell. The cell moved off quickly, however additional supercells back developed over the same area. the strongest tornado developed in the Cedar Falls area and tracked across the northern portions of Waterloo. This cell produced a strong tornado which was actually a multi-vortex tornado based on reports from storm chasers in the area. At one point, west of Dunkerton, three tornadoes each one quarter mile wide were on the ground with this storm. The tornado damaged several houses and a few farmsteads along the way. Reports indicated between 5 and 10 houses in Black Hawk County were totally destroyed, and another 15 to 20 sustained significant damage. A total of at least 41 structures sustained at least some damage. In addition to the tornado, damage also occurred south of the track as RFD winds estimated as high as 100 mph were observed. Dunkerton was hard hit as the tornado moved through. Heavy damage was reported at a coop elevator in Dunkerton, with 10 of 16 grain elevators damaged. A roof was removed from a church as well, resulting in about $500,000 damage. The City Hall building was destroyed in Dunkerton. The City Hall was housed in a series of double wide trailers since ironically the former City Hall building was destroyed just last year in the floods of '99. As the tornado moved through the fairly densely populated area, numerous injuries were reported. Some of the injuries were severe with limbs being cut off by flying debris. One woman lost both one arm and one hand, and had her back broken. She passed away 17 days after her injuries occurred. Six of the injuries occurred at a nursing home that was hit by the tornado. They occurred as the 139 residents were being evacuated. Reports indicated the width of the tornado was up to three-quarters of a mile at its widest. The damage path from the storm was around one and one half miles wide. The tornado continued moving east and crossed into Buchanan County, about 4 miles northeast of Dunkerton. A short time later, another cell developed in the Dunkerton area and dropped a tornado. That tornado struck a farm northwest of town, destroying the farm house and seven outbuildings. In addition to the damage that occurred to the structures, the family dog and one of the five horses on the farm were killed. Reports indicate a letter from one of the farm houses destroyed was found 60 miles away from Dunkerton in the town of Monona in Clayton County. Polly Mill's rural Dunkerton farmhouse was shredded by the tornado. She lost some of her late husband's military medals, pages out of the family Bible, and part of her collection of letters and first-issue stamps. Sixty miles away, on a farm east of Monona, the letter was found in an envelope carrying a first-day issue, 5-cent stamp commemorating the Battle of New Orleans. There was yet a third round of tornadic storms in the Dunkerton area. The last tornado touched down near Dunkerton and developed southward. Two houses in the town of Dunkerton were destroyed by this tornado. In addition to the tornadoes, very heavy rain fell in a narrow area of Black Hawk County. Reports of 3 inches or more of rain was received from the area. Soil conditions were very dry at the time. The dry soil conditions helped preclude any significant flooding. By the afternoon of the 12th, Iowa Governor Vilsack had declared Black Hawk County a state disaster area.",Two houses destroyed,IA,2000-05-11 20:20:00,2000-05-11 20:25:00,True,True
1094402,5142576,Louisiana,33,East Baton Rouge,LIX,2000-04-03 07:40:00,CST,2000-04-03 07:40:00,0,0,0,0,50K,,LAW ENFORCEMENT,F1,Unknown,0.3,25.0,,,,,30.68333,-91.11667,30.68333,-91.11667,,"A tornado touched down briefly causing damage to several houses, barns, a mobile home. A large tree also was toppled onto a house.",LA,2000-04-03 08:40:00,2000-04-03 08:40:00,True,True
1096297,5147787,Texas,61,Cameron,BRO,2000-05-02 18:49:00,CST,2000-05-02 18:52:00,0,0,0,0,,,NWS STORM SURVEY,F0,Unknown,0.1,25.0,,,,,26.23333,-97.51667,26.23333,-97.51667,,A National Weather Service storm survey team confirmed that a F0 tornado touched down briefly on a farmer's home at the intersection of FM2925 and Jaurez Road. Moderate damage to the property's roof and back fence occurred. A cyclonic pattern was observed in the debris field. Shingles from the roof were strewn into the canopy of the trees in the front yard.,TX,2000-05-02 19:49:00,2000-05-02 19:52:00,True,True
1096281,5147903,Iowa,179,Wapello,DMX,2000-06-01 17:08:00,CST,2000-06-01 17:22:00,0,0,0,0,10K,5K,LAW ENFORCEMENT,F1,Unknown,10.7,50.0,,,,,41.1,-92.51667,41.08333,-92.31667,"At long last, the stationary front that had been over northwest Iowa for several days previous finally began to move southeast as a cold front. A surface low pressure moved northeast along the front during the previous night and was located to the north of Iowa on the afternoon of the first. A mid level cap of warm air was in place over most of Iowa, preventing convection from firing until the late afternoon hours. Surface based CAPE was in excess of 5000 J/kg by the mid afternoon hours. A line of thunderstorms erupted along the cold front by the late afternoon hours. The sheer profile was somewhat weak and thus most of the storms remained below severe limits. Storms did become severe along one area of the line in Wapello and a small part of Mahaska Counties. The main outcome of the severe storms was high winds and hail. Winds as high as 75 mph were reported by law enforcement officials in Wapello County. There were numerous trees toppled by the winds and power line damage was reported as well. Hail up to the size of golf balls was reported in Chillicothe. The north edge of the storm produced nickle size hail and 60 mph winds over southeast Mahaska County as well. One tornado was observed as it passed north of the Ottumwa area. The tornado caused little damage as it tracked across open country.",Moved through open country,IA,2000-06-01 18:08:00,2000-06-01 18:22:00,True,True
1094198,5143296,Texas,261,Kenedy,BRO,2000-03-14 16:58:00,CST,2000-03-14 16:58:00,0,0,0,0,,,GENERAL PUBLIC,F0,Unknown,0.1,25.0,,,,,26.63333,-97.8,26.63333,-97.8,,A classic supercell thunderstorm produced a brief tornado that knocked over trees in a 200 yard swath on the Santa Cecilia ranch. This tornado was observed by a citizen living on the ranch.,TX,2000-03-14 16:58:00,2000-03-14 16:58:00,False,False
1094405,5142579,Mississippi,113,Pike,LIX,2000-04-03 08:00:00,CST,2000-04-03 08:00:00,0,0,0,0,20K,,EMERGENCY MANAGER,F0,Unknown,0.2,25.0,,,,,31.13333,-90.45,31.13333,-90.45,,A tornado touched down briefly knocking down numerous trees including some which fell on houses.,MS,2000-04-03 09:00:00,2000-04-03 09:00:00,True,True
1095856,5145784,Wyoming,15,Goshen,CYS,2000-05-06 19:05:00,MST,2000-05-06 19:08:00,0,0,0,0,,,LAW ENFORCEMENT,F0,Unknown,0.1,30.0,,,,,42.05,-104.35,42.05,-104.35,,"Tornado briefly touched down 6 miles south of Lingle, WY",WY,2000-05-06 20:05:00,2000-05-06 20:08:00,True,True
1095857,5145785,Wyoming,15,Goshen,CYS,2000-05-06 19:15:00,MST,2000-05-06 19:17:00,0,0,0,0,,,GENERAL PUBLIC,F0,Unknown,0.1,20.0,,,,,42.01667,-104.18333,42.01667,-104.18333,,"Tornado briefly toched down 4 miles south of Torrington, WY.",WY,2000-05-06 20:15:00,2000-05-06 20:17:00,True,True
1095340,5145265,Minnesota,67,Kandiyohi,MPX,2000-05-07 20:35:00,CST,2000-05-07 20:38:00,0,0,0,0,,,NWS STORM SURVEY,F1,Unknown,1.0,30.0,,,,,45.0,-94.88333,44.98333,-94.83333,,"Barn down, house pushed slightly off its foundation, numerous trees down, numerous home windows damaged.",MN,2000-05-07 21:35:00,2000-05-07 21:38:00,True,True
1095860,5145788,Wyoming,15,Goshen,CYS,2000-05-06 19:27:00,MST,2000-05-06 19:29:00,0,0,0,0,,,GENERAL PUBLIC,F0,Unknown,0.1,25.0,,,,,41.96667,-104.18333,41.96667,-104.18333,,"Brief tornado reported 7 miles south of Torrington, WY.",WY,2000-05-06 20:27:00,2000-05-06 20:29:00,True,True
1094331,5143306,Iowa,153,Polk,DMX,2000-05-30 21:00:00,CST,2000-05-30 21:00:00,0,0,0,0,,,TRAINED SPOTTER,F0,Unknown,0.1,20.0,,,,,41.68333,-93.5,41.68333,-93.5,"An explosive situation became established over Iowa and the central U.S. during the day on the 30th. A nearly stationary front extended from Wisconsin, southwest through the northwest corner of Iowa, and into northern Kansas. A round of convection moved across the state during the morning, leaving behind several outflow boundaries. The mid levels of the atmosphere were quite warm, thus convection was capped during the afternoon hours. A strong southerly flow of moist air spread into Iowa during the afternoon. Temperatures approached 100 degrees F. over southwest Iowa. Dew point temperatures reached the upper 60s to mid 70s across much of the south two thirds of the state. Thunderstorms developed at the intersection of two outflow boundaries northwest of Des Moines, and also just ahead of the stationary front. Surface based CAPE values were well over 5000 J/kg, thus the convection developed explosively. Severe weather quickly followed. There were numerous reports of hail. Most of the hail was between one inch in diameter and golf ball size. One of the cells, which happened to be the initial cell that formed at the boundary intersection, turned into a supercell. Several tornadoes were spawned by this regenerating cell. Most of the tornadoes were very weak and short lived. The exception was one fairly small tornado that touched down on the northeast side of Des Moines. This tornado tracked through mostly open area and caused little damage on its nearly 10 mile intermittent trek into Altoona. Gusty winds were reported with many of the cells, however wind speeds were not all that great in most cases. There was one report of 60 mph winds as the storms passed through the Saylorville area in Polk County. Heavy rain fell in a couple parts of the state. One was with the supercell in Polk County, the other area of heavy rain was in Black Hawk County. Rainfall amounts in parts of these two counties were in the two to four inch range, however little more than urban and small street flooding occurred due to dry soil conditions.",Brief touchdown,IA,2000-05-30 22:00:00,2000-05-30 22:00:00,True,True
1094843,5142391,Texas,117,Deaf Smith,AMA,2000-05-25 19:51:00,CST,2000-05-25 19:54:00,0,0,0,0,,,AMATEUR RADIO,F0,Unknown,0.5,25.0,,,,,34.91667,-102.21667,34.91667,-102.21667,Severe thunderstorms blasted through the southern half of the Texas panhandle during the evening hours with large and damaging hail and a brief tornado. There was some sporadic flooding of roads and highways in the eastern Texas panhandle. An estimated ten million dollars in damage noted across Randall and Potter counties.,Amateur radio trained storm spotters reported a brief tornado touchdown. The tornado track and path width were estimated.,TX,2000-05-25 20:51:00,2000-05-25 20:54:00,True,True
1095970,5148588,Colorado,121,Washington,BOU,2000-05-17 12:06:00,MST,2000-05-17 12:06:00,0,0,0,0,,,TRAINED SPOTTER,F1,Unknown,0.2,50.0,,,,,40.08333,-103.1,40.08333,-103.1,"A powder keg of severe weather occurred over the northeast plains of Colorado. The environment became strongly sheared in the vicinity of an intense surface low pressure system allowing for the formation of over two dozen tornadoes. In addition to the tornadoes, large hail. strong thunderstorm winds and heavy rain accompanied the storms. Rainfall amounts generally ranged from 1 to 2 inches, with some minor flooding occuring in parts of Morgan County. Considering the high volume of tornadoes reported, many touching down at or near the same time, the damage was relatively minimal.",A tornado touched down and destroyed an abandoned farm house as well as a few of the smaller surrounding buildings.,CO,2000-05-17 13:06:00,2000-05-17 13:06:00,True,True
1095970,5148589,Colorado,121,Washington,BOU,2000-05-17 12:25:00,MST,2000-05-17 12:25:00,0,0,0,0,,,TRAINED SPOTTER,F0,Unknown,0.1,25.0,,,,,40.13333,-103.06667,40.13333,-103.06667,"A powder keg of severe weather occurred over the northeast plains of Colorado. The environment became strongly sheared in the vicinity of an intense surface low pressure system allowing for the formation of over two dozen tornadoes. In addition to the tornadoes, large hail. strong thunderstorm winds and heavy rain accompanied the storms. Rainfall amounts generally ranged from 1 to 2 inches, with some minor flooding occuring in parts of Morgan County. Considering the high volume of tornadoes reported, many touching down at or near the same time, the damage was relatively minimal.",,CO,2000-05-17 13:25:00,2000-05-17 13:25:00,True,True
1095965,5148147,Ohio,101,Marion,CLE,2000-05-23 17:30:00,EST,2000-05-23 17:45:00,0,0,0,0,200K,,NWS STORM SURVEY,F2,Unknown,3.0,200.0,,,,,40.66667,-82.9,40.66667,-82.9,,A tornado touched down near Lyons Road approximately four miles west of the Town of Martel. The observed damage path was approximately three miles in length and was oriented west to east. The width of the path varied between 100 and 200 yards. Five homes were damaged and two mobile homes destroyed. One of the mobile homes was found wrapped around a large tree.,OH,2000-05-23 18:30:00,2000-05-23 18:45:00,True,True
1096533,5148442,Arkansas,5,Baxter,LZK,2000-05-24 21:35:00,CST,2000-05-24 21:35:00,0,0,0,0,,,NWS STORM SURVEY,F0,Unknown,0.2,15.0,,,,,36.26667,-92.38333,36.26667,-92.38333,,"A weak tornado affected the community of Shady Grove...which is about 5 miles south of Mountain Home in Baxter County. The tornado was on the ground briefly, and caused only minor tree damage.",AR,2000-05-24 22:35:00,2000-05-24 22:35:00,True,True
1096534,5148443,Arkansas,89,Marion,LZK,2000-05-24 21:20:00,CST,2000-05-24 21:21:00,0,0,0,0,,,NWS STORM SURVEY,F1,Unknown,0.4,20.0,,,,,36.21667,-92.53333,36.21667,-92.53333,,"A weak tornado affected areas near Rea Valley in Marion County...which is about 3 miles south of Cotter. The tornado was on the ground briefly, and knocked down a few large trees.",AR,2000-05-24 22:20:00,2000-05-24 22:21:00,True,True
1096362,5148126,North Carolina,51,Cumberland,RAH,2000-05-28 12:06:00,EST,2000-05-28 12:06:00,0,0,0,0,,,EMERGENCY MANAGER,F0,Unknown,0.1,20.0,,,,,34.96667,-78.95,34.96667,-78.95,,Tornado reported to have briefly touched down on Chicken Foot Road.,NC,2000-05-28 13:06:00,2000-05-28 13:06:00,True,True
1097243,5151143,Iowa,37,Chickasaw,ARX,2000-06-13 14:15:00,CST,2000-06-13 14:20:00,0,0,0,0,15K,,LAW ENFORCEMENT,F0,Unknown,0.5,50.0,,,,,42.98333,-92.2,42.98333,-92.18333,"Estimated wind gusts of 70 mph blew the roof off a dairy facility in Decorah (Winnishiek County), while several trees were also blown down elsewhere across northeast Iowa. A tornado touched down briefly near Fredricksburg (Chickasaw County), destroying an outbuilding and uprooting several large trees.",,IA,2000-06-13 15:15:00,2000-06-13 15:20:00,True,True
1095970,5148590,Colorado,123,Weld,BOU,2000-05-17 12:35:00,MST,2000-05-17 12:35:00,0,0,0,0,,,TRAINED SPOTTER,F0,Unknown,0.1,25.0,,,,,40.16667,-104.36667,40.16667,-104.36667,"A powder keg of severe weather occurred over the northeast plains of Colorado. The environment became strongly sheared in the vicinity of an intense surface low pressure system allowing for the formation of over two dozen tornadoes. In addition to the tornadoes, large hail. strong thunderstorm winds and heavy rain accompanied the storms. Rainfall amounts generally ranged from 1 to 2 inches, with some minor flooding occuring in parts of Morgan County. Considering the high volume of tornadoes reported, many touching down at or near the same time, the damage was relatively minimal.",,CO,2000-05-17 13:35:00,2000-05-17 13:35:00,True,True
1095970,5148591,Colorado,123,Weld,BOU,2000-05-17 12:47:00,MST,2000-05-17 12:47:00,0,0,0,0,,,TRAINED SPOTTER,F0,Unknown,0.1,25.0,,,,,40.63333,-104.28333,40.63333,-104.28333,"A powder keg of severe weather occurred over the northeast plains of Colorado. The environment became strongly sheared in the vicinity of an intense surface low pressure system allowing for the formation of over two dozen tornadoes. In addition to the tornadoes, large hail. strong thunderstorm winds and heavy rain accompanied the storms. Rainfall amounts generally ranged from 1 to 2 inches, with some minor flooding occuring in parts of Morgan County. Considering the high volume of tornadoes reported, many touching down at or near the same time, the damage was relatively minimal.",,CO,2000-05-17 13:47:00,2000-05-17 13:47:00,True,True
1096290,5148399,Iowa,181,Warren,DMX,2000-06-25 16:22:00,CST,2000-06-25 16:22:00,0,0,0,0,,1K,LAW ENFORCEMENT,F0,Unknown,0.2,25.0,,,,,41.31667,-93.73333,41.31667,-93.73333,"A major wind and significant flash flooding event took shape across Iowa during the afternoon and evening of the 25th. A dynamic upper level system approached Iowa from the northwest during the afternoon. Several boundaries were in the area resulting from weak convection that took place during the morning. Very strong theta-e advection took place over northeast Nebraska during the morning and early afternoon hours. In addition, several other factors came into play. Moisture continued to stream into Iowa from the remnants of Hurricane Carlotta as precipitable water values approached 2.2 inches. Iowa was also under the influence of a coupled jet structure. As a result a strong upper level divergent field was in place over the state. By afternoon, mid and upper level cold air advection began to take place as well. Strong convection took place by mid day over northeast Nebraska into west central Iowa. The line of thunderstorms moved into rich air with surface dew points in the low to mid 70s. The main feature with the storms was high winds. The line of thunderstorms took on a bow echo configuration as it moved across southern Iowa. Most of the southern three tiers of counties reported high winds. Wind speeds of 60 to as much as 85 mph were reported with the storms. Wind speeds topped out at 85 mph at New Virginia, in Warren County. Damage was widespread with numerous trees and power lines downed by the winds. Some trees up to 2 feet in diameter were snapped. A flag pole was reported bent 4 inches by the high winds as well. One tornado was reported in Warren County as well. This was a brief tornado near St Marys which caused no damage. The other problem with the storms was the heavy rainfall. Two to three inches of rain fell in many areas. As the storms moved into parts of south central and southeast Iowa, they moved into area that had been inundated by heavy rainfall just two nights before. Flash flooding was reported in Appanoose, Lucas, Mahaska, Monroe, Wayne, Davis, and Wapello Counties. Numerous roads were under water in these counties. U.S. Highway 63 was closed by high water north of Ottumwa. Some of the worst flooding took place in Mahaska County where heavy rain fell on areas that had been flooded two days before. At least 15 roads were reported under water in the county. As the thunderstorms moved through Hamilton County, lightning struck a tree outside of a house in Stratford. It also left a hole in the ground and caused damage inside the house. The lightning strike broke windows out of the front of the house and also caused windows to break in the house next door. Later, the storms moved into the Waterloo area. Lightning struck the chimney of a former school building. The top part of the chimney was blown off by the lightning and a good part of the rest of the chimney was damaged.",Brief touchdown,IA,2000-06-25 17:22:00,2000-06-25 17:22:00,True,True
1096901,5148612,Kansas,71,Greeley,GLD,2000-06-25 13:40:00,MST,2000-06-25 13:40:00,0,0,0,0,,,TRAINED SPOTTER,F0,Unknown,0.2,50.0,,,,,38.3,-101.75,38.3,-101.75,,Brief Touchdown in open field.,KS,2000-06-25 14:40:00,2000-06-25 14:40:00,True,True
1096902,5148618,Kansas,23,Cheyenne,GLD,2000-06-29 17:29:00,CST,2000-06-29 17:48:00,0,0,0,0,,250K,METEOROLOGIST(NON NWS),F1,Unknown,2.5,650.0,,,,,39.63333,-101.6,39.6,-101.53333,,"Tornado moved across Open Fields, but did damage corn crop and an Irrigation Sprinkler System. The Tornado was impressive visually, and could be seen from 20-30 miles away. The twister did only minor Land Damage.",KS,2000-06-29 18:29:00,2000-06-29 18:48:00,True,True
1095970,5147478,Colorado,75,Logan,BOU,2000-05-17 14:30:00,MST,2000-05-17 14:30:00,0,0,0,0,,,TRAINED SPOTTER,F1,Unknown,0.2,50.0,,,,,40.58333,-103.13333,40.58333,-103.13333,"A powder keg of severe weather occurred over the northeast plains of Colorado. The environment became strongly sheared in the vicinity of an intense surface low pressure system allowing for the formation of over two dozen tornadoes. In addition to the tornadoes, large hail. strong thunderstorm winds and heavy rain accompanied the storms. Rainfall amounts generally ranged from 1 to 2 inches, with some minor flooding occuring in parts of Morgan County. Considering the high volume of tornadoes reported, many touching down at or near the same time, the damage was relatively minimal.",A tornado touched down and destroyed a barn.,CO,2000-05-17 15:30:00,2000-05-17 15:30:00,True,True
1094943,5145701,Texas,503,Young,FWD,2000-05-26 19:15:00,CST,2000-05-26 19:15:00,0,0,0,0,,,NEWSPAPER,F0,Unknown,0.1,20.0,,,,,33.28333,-98.85,33.28333,-98.85,"May 26-27, 2000 - Event NarrativeThunderstorms developed again along numerous boundaries in North Texas. The first area stretched from north of the Dallas/Fort Worth metroplex to the Red River. These storms occurred mainly on the 26th. Several tornadoes were reported in Young and Jack counties, while several other counties experienced hail and strong winds. On the 27th, the thunderstorms developed further south, in an area from Corsicana to Goldthwaite.",A brief tornado was reported. No damage or injury reports were received.,TX,2000-05-26 20:15:00,2000-05-26 20:15:00,True,True
1094943,5145703,Texas,503,Young,FWD,2000-05-26 19:47:00,CST,2000-05-26 19:47:00,0,0,0,0,,,FIRE DEPT/RESCUE SQUAD,F0,Unknown,0.1,20.0,,,,,33.26667,-98.58333,33.26667,-98.58333,"May 26-27, 2000 - Event NarrativeThunderstorms developed again along numerous boundaries in North Texas. The first area stretched from north of the Dallas/Fort Worth metroplex to the Red River. These storms occurred mainly on the 26th. Several tornadoes were reported in Young and Jack counties, while several other counties experienced hail and strong winds. On the 27th, the thunderstorms developed further south, in an area from Corsicana to Goldthwaite.",A brief tornado was reported. No damage or injuries.,TX,2000-05-26 20:47:00,2000-05-26 20:47:00,True,True
1095681,5145726,Tennessee,189,Wilson,OHX,2000-04-20 17:25:00,CST,2000-04-20 17:26:00,0,0,0,0,,,GENERAL PUBLIC,F0,Unknown,0.4,10.0,,,,,36.16667,-86.56667,36.16667,-86.55,,General public took a picture of a tornado in an open field.,TN,2000-04-20 18:25:00,2000-04-20 18:26:00,True,True
1095764,5146104,Nebraska,141,Platte,OAX,2000-05-29 22:00:00,CST,2000-05-29 22:00:00,0,0,0,0,,,NEWSPAPER,F0,Unknown,0.1,50.0,,,,,41.68333,-97.5,41.68333,-97.5,,The Humphrey police reported a brief touchdown of a small tornado in Humphrey. This tornado possibly could have been spun up on the leading edge of the bow echo which did the most damage over northwest Platte county in the Lindsay area.,NE,2000-05-29 23:00:00,2000-05-29 23:00:00,True,True
1096532,5148441,Arkansas,5,Baxter,LZK,2000-05-24 21:16:00,CST,2000-05-24 21:20:00,0,0,0,0,,,NWS STORM SURVEY,F1,Unknown,1.0,30.0,,,,,36.26667,-92.46667,36.25,-92.46667,,"A weak tornado affected the Rim Shoals Recreational Area along the White River...which is located about 2 miles southeast of Gassville in Baxter County. The tornado demolished a pavilion at a campground and damaged a couple of rental cabins. Several dozen trees were blown down, with one tree falling on a spot where a tent had been located. The tent was being used by three campers, with the campers evacuated to a permanent building by one of the owners of the campground. The owner evacuated the campers not long after a tornado warning had been issued for the area. The tent has never been found.",AR,2000-05-24 22:16:00,2000-05-24 22:20:00,True,True
1096330,5148137,Missouri,107,Lafayette,EAX,2000-05-21 17:05:00,CST,2000-05-21 17:07:00,0,0,0,0,75K,,GENERAL PUBLIC,F1,Unknown,1.0,75.0,,,,,39.11667,-93.78333,39.1,-93.78333,"Widely scattered thunderstorms developed across northern and western Missouri on the afternoon of May 21. Numerous reports of large hail were received. One supercell storm developed near Kingston in Caldwell County, and then tracked south-southeast through eastern Ray County into Lafayette County, before weakening south of Higginsville. During its lifetime this storm produced hail up to golfball size, 70 mph wind gusts, and a brief tornado that touched down southeast of Lexington.","A tornado, witnessed by two citizens, destroyed several outbuildings and damaged the roof of an earth-contact home 7 miles southeast of Lexington, MO.",MO,2000-05-21 18:05:00,2000-05-21 18:07:00,True,True
1096288,5148040,Iowa,185,Wayne,DMX,2000-06-23 13:18:00,CST,2000-06-23 13:18:00,0,0,0,0,1K,,LAW ENFORCEMENT,F0,Unknown,0.2,25.0,,,,,40.76667,-93.31667,40.76667,-93.31667,"A very unstable airmass was in place across Iowa during the morning of the 23rd. Thunderstorms erupted by the late morning hours as an upper level disturbance advanced into the state from the west. A small cluster of thunderstorms formed in as the mesoscale convective vorticity center from a round of convection over the high plains the previous night moved into air with CAPE values around 4000 J/kg. A warm front was lifting north across the state as well with surface dew points in the mid 70s to the south of the front. Although there were some reports of some small hail, less than in inch in diameter, from the storms; the main weather feature from these storms was high winds. The strongest winds occurred in Indianola as a microburst resulted in a wind gust of 109 mph. High winds caused considerable tree damage and some building damage across south central Iowa as the cluster of storms moved east. A mobile home was knocked off of its foundation in the Moulton area as the storms moved through. One small tornado touched down briefly in Wayne County near Corydon. No significant damage was reported with this tornado. The same cluster of storms that moved across the far southern tier of Iowas counties produced high winds to the north of it. In Lucas County, strong south winds flowing out of the cluster caused damage on a farm near Chariton. A machine shed was destroyed with pieces of the building swept downwind for about one half mile.",Brief touchdown,IA,2000-06-23 14:18:00,2000-06-23 14:18:00,True,True
1096796,5148961,Texas,65,Carson,AMA,2000-06-25 15:53:00,CST,2000-06-25 16:01:00,0,0,0,0,,,LAW ENFORCEMENT,F0,Unknown,1.5,25.0,,,,,35.61667,-101.38333,35.58333,-101.26667,Severe thunderstorms containing large hail...tornadoes...and high winds ripped through the northwest through southeast sections of the Texas panhandle during the late afternoon through late night hours.,The tornado remained over open county and the path was estimated.,TX,2000-06-25 16:53:00,2000-06-25 17:01:00,True,True
1095848,5146213,Iowa,19,Buchanan,DVN,2000-05-11 19:20:00,CST,2000-05-11 19:43:00,0,0,0,0,1.5M,,NWS STORM SURVEY,F1,Unknown,8.0,333.0,,,,,42.58333,-91.95,42.58333,-91.85,"Strong warm air advection, responsible for triggering severe thunderstorms during the morning, essentially led to a strong capping inversion during the afternoon over Eastern Iowa. Mesoanalysis during the late afternoon showed low pressure west of Des Moines, with a warm front extending eastward across Northern Iowa into Southern Wisconsin. Temperatures during the afternoon climbed well into the 90s and low 100s over Southwest Iowa. The airmass was very unstable with surface based CAPE values in excess of 4000 J/Kg. Strong shear created a favorable environment for supercell development. Convergence to the east of the surface low sufficiently eroded the cap by late afternoon, leading to explosive development of an isolated supercell near Waterloo. This supercell produced a tornado in Dunkerton in Black Hawk County, which did extensive damage. This same tornado weakened as it moved into Buchanan County. Other weak tornadoes were spawned in Buchanan County. There were also indications of scattered damage produced by downbursts with the second and fourth tornadoes. Iowa governor Tom Vilsack signed a proclamation declaring Black Hawk and Buchanan Counties disaster areas. Damage was estimated at over 1 million dollars. Most of the damage in Buchanan County came on four farms. The damage was spread along an eight mile stretch south of Hazelton. Machine sheds, grain bins and outbuildings were blown apart. Damage also occurred to farm equipment with minor damage to a few houses.","A second tornado touched down 4 miles southwest of Hazelton with a continuous path for 8 miles to a point 4 miles southeast of Hazelton. At it's maximum, it produced F1 damage with a path width of about 1000 feet. This includes damage to major power lines and a couple of farms. This was the strongest tornado in Buchanan County.",IA,2000-05-11 20:20:00,2000-05-11 20:43:00,True,True
1095694,5146083,Nebraska,141,Platte,OAX,2000-05-17 16:30:00,CST,2000-05-17 16:30:00,0,0,0,0,,,LAW ENFORCEMENT,F0,Unknown,0.2,30.0,,,,,41.7,-97.36667,41.7,-97.36667,,Brief touchdown of a tornado was observed by law enforcement official near Creston. The official noted that the tornado then lifted with a funnel observed after that for around 10 to 20 minutes longer.,NE,2000-05-17 17:30:00,2000-05-17 17:30:00,True,True
1096307,5148385,Oklahoma,93,Major,OUN,2000-05-25 23:00:00,CST,2000-05-25 23:14:00,0,0,0,0,25K,,STORM CHASER,F1,Unknown,10.5,220.0,,,,,36.21667,-98.65,36.23333,-98.46667,"Severe thunderstorms first developed across portions of western and northern Oklahoma during the evening of the 25th, resulting in 4 confirmed tornadoes, one rated F2, and other areas of straight-line wind damage and large hail. Then during the early morning hours of the 26th, a line of severe thunderstorms formed across southwest Oklahoma and raced eastward into southeast Oklahoma, resulting in widespread damage from winds estimated between 80 and 100 mph at times.","This tornado formed about 10 miles west-southwest of Fairview in Major County and tracked northeastward mainly over farmland before dissipating. Although most of the damage was sustained to trees, which alone warranted an F1 rating, a house was partially unroofed 2 miles southwest of Cedar Springs, while a travel trailer and barn were destroyed.",OK,2000-05-26 00:00:00,2000-05-26 00:14:00,True,True
1095836,5146601,Illinois,73,Henry,DVN,2000-05-18 14:34:00,CST,2000-05-18 14:34:00,0,0,0,0,,,LAW ENFORCEMENT,F0,Unknown,0.1,10.0,,,,,41.21667,-90.05,41.21667,-90.05,"A frontal boundary meandering about Southern Iowa and Central Illinois lifted into Central Iowa and North Central Illinois by afternoon. A nearly stacked low center over the Mid Missouri River Valley underwent filling as it shifted eastward across Southern Iowa and Central Illinois. Much of Northern Illinois along and north of Interstate 88 was thrusted into the warm sector where temperatures climbed into the upper 70s to lower 80s. Meanwhile, areas north of the boundary were quite cool with a brisk northeast surface wind and plenty of cloud cover keeping temperatures down in the 60s. 12z soundings from KILX and KDVN indicated very steep lapse rates with Cape values of 2000-3000 J-kg. Thunderstorms quickly erupted along the boundary from Central Iowa through Northeast Iowa into Northern Illinois by late morning, and continued through the afternoon. The storms produced large hail, heavy rain, damaging winds and several tornadoes over portions of Northwest Illinois. Thunderstorm interaction with the frontal boundary was believed to be the culprit for spawning 6 weak and short lived tornadoes across Henry and Bureau Counties. The only damage occurring with the tornadoes was in Manlius and Neponset where large trees and signs were blown down. High winds, associated with a possible gustnado, blew down the back wall and knocked out several windows of an abandoned grocery store in Cambridge. The glass and bricks were hurled to the ground, causing damage to a truck parked on one side of the building. The high winds also downed several trees and power lines. Power was knocked out to Cambridge and surrounding areas for almost 4 hours.",,IL,2000-05-18 15:34:00,2000-05-18 15:34:00,True,True
1095781,5146505,South Dakota,67,Hutchinson,FSD,2000-05-11 03:58:00,CST,2000-05-11 03:59:00,0,0,0,0,.01M,,GENERAL PUBLIC,F0,Unknown,0.3,50.0,,,,,43.23333,-97.46667,43.23333,-97.45,,"A tornado broke one foot diameter trees, tossed hay bales, and broke a few light poles.",SD,2000-05-11 04:58:00,2000-05-11 04:59:00,True,True
1096071,5148574,North Dakota,5,Benson,FGF,2000-06-11 19:05:00,CST,2000-06-11 19:10:00,0,0,0,0,,,GENERAL PUBLIC,F0,Unknown,2.0,200.0,,,,,48.35,-99.53333,48.36667,-99.55,,The tornado passed through rural farmland.,ND,2000-06-11 20:05:00,2000-06-11 20:10:00,True,True
1096071,5148577,North Dakota,5,Benson,FGF,2000-06-11 18:45:00,CST,2000-06-11 18:45:00,0,0,0,0,,,TRAINED SPOTTER,F0,Unknown,0.5,25.0,,,,,48.28333,-99.55,48.28333,-99.55,,A brief tornado touchdown over open country was reported.,ND,2000-06-11 19:45:00,2000-06-11 19:45:00,True,True
1096261,5147183,Pennsylvania,41,Cumberland,CTP,2000-06-21 18:30:00,EST,2000-06-21 18:35:00,0,0,0,0,,,EMERGENCY MANAGER,F0,Unknown,0.2,30.0,,,,,40.25,-77.2,40.25,-77.18333,,"This small F0 tornado touched down around 7:30 p.m. EDT on the north side of Wagner Drive, about 3 miles north of the city of Carlisle. At the initial touchdown, an eyewitness reported seeing rain being drawn into a rotating cloud. A section of fence was blown over at the initial point and several trees were damaged nearby. At the intersection of Wagner and Cranes Gap Drive, a number of trees were uprooted, and a couple had their tops blown out. A greenhouse just east of Cranes Gap Drive had a couple of panes pulled out on the north facing side of the structure, and limbs were blown northeast out of some trees at the same farm. A tree fell on a car in the area, but the remaining damage was confined to trees.",PA,2000-06-21 19:30:00,2000-06-21 19:35:00,True,True
1095675,5147433,Tennessee,5,Benton,OHX,2000-05-25 01:30:00,CST,2000-05-25 01:40:00,0,0,0,0,,,EMERGENCY MANAGER,F1,Unknown,5.4,50.0,,,,,35.91667,-88.16667,35.83333,-88.1,,Trees and power lines down.,TN,2000-05-25 02:30:00,2000-05-25 02:40:00,True,True
1096296,5147294,Texas,247,Jim Hogg,BRO,2000-05-02 09:15:00,CST,2000-05-02 09:15:00,0,0,0,0,,,LAW ENFORCEMENT,F0,Unknown,0.1,25.0,,,,,27.21667,-98.58333,27.21667,-98.58333,,"Border Patrol saw the twister from highway 1017. The tornado briefly touched down and tore up some fence, trees and it destroyed a barn. The tornado damage was located about 5 miles south of Highway 285.",TX,2000-05-02 10:15:00,2000-05-02 10:15:00,True,True
1096619,5148896,Virginia,85,Hanover,AKQ,2000-05-19 15:35:00,EST,2000-05-19 15:35:00,0,0,0,0,,,FIRE DEPT/RESCUE SQUAD,F0,Unknown,0.3,50.0,,,,,37.66667,-77.3,37.66667,-77.3,,"Fire and Rescue personnel reported a tornado on the ground at the intersection of Rural Point Road and Studley Road. An NWS storm survey the following day found only isolated trees and numerous branches down in a densely wooded area, but there was no concentrated area of damage or a damage path visible.",VA,2000-05-19 16:35:00,2000-05-19 16:35:00,True,True
1094643,5142688,Ohio,67,Harrison,PBZ,2000-05-23 15:40:00,EST,2000-05-23 15:50:00,0,0,0,0,100K,,NWS STORM SURVEY,F2,120 mph,3.0,200.0,,,,,40.35,-81.08333,40.33,-81.06667,,"An F2 tornado with maximum winds estimated at 120 mph passed through a 3-mile section of rural Harrison County. The tornado passed over only one residence as it moved to the east but destroyed several items on the property, including a cinder-block garage, a wooden barn, and several outbuildings. A parked truck was lifted and turned about 90 degrees but was otherwise undamaged. There were several large sections of heavily wooded area along the tornado's path which were completely cleared of trees. No injuries or fatalities were reported.",OH,2000-05-23 16:40:00,2000-05-23 16:50:00,True,True
1094643,5142689,Ohio,81,Jefferson,PBZ,2000-05-23 16:06:00,EST,2000-05-23 16:15:00,0,0,0,0,10K,,NWS STORM SURVEY,F0,Unknown,2.0,50.0,,,,,40.33333,-80.85,40.33333,-80.81667,,"A weak F0 tornado with maximum winds estimated at around 70 mph touched down in a rural area 2 miles west of Bloomingdale. As the tornado moved east it passed over US 22, downing or shearing several trees along the shoulder of the road. As the tornado moved towards Bloomingdale it downed several more trees, but weakened as it moved into the town. Damage in the town was limited to several shingles blown from roofs and a few downed trees. No injuries or fatalities were reported.",OH,2000-05-23 17:06:00,2000-05-23 17:15:00,True,True
1096367,5147352,Arkansas,85,Lonoke,LZK,2000-05-04 15:25:00,CST,2000-05-04 15:25:00,0,0,0,0,,,BROADCAST MEDIA,F0,Unknown,0.1,15.0,,,,,34.96667,-92.08333,34.96667,-92.08333,,A weak tornado affected a small area about 4 miles west of Cabot along Highway 89. The tornado touched down briefly and caused little damage. Some skirting was removed from a couple of mobile homes and a few large tree limbs were downed.,AR,2000-05-04 16:25:00,2000-05-04 16:25:00,True,True
1096368,5147353,Arkansas,119,Pulaski,LZK,2000-05-04 16:20:00,CST,2000-05-04 16:20:00,0,0,0,0,,,BROADCAST MEDIA,F1,Unknown,0.3,35.0,,,,,34.75,-92.51667,34.75,-92.51667,,"A weak tornado briefly touched down in western Pulaski County about 3 miles southeast of Ferndale. The tornado downed about 20 to 30 trees...some large...with one tree on a shed. Only minor structural damage was noted, with a window blown out of a house.",AR,2000-05-04 17:20:00,2000-05-04 17:20:00,True,True
1096334,5149556,Missouri,33,Carroll,EAX,2000-05-26 19:30:00,CST,2000-05-26 19:35:00,0,0,0,0,5K,,EMERGENCY MANAGER,F1,Unknown,2.5,40.0,,,,,39.25,-93.68333,39.26667,-93.63333,"Thunderstorms developed rapidly in northeast Kansas and northwest Missouri ahead of an approaching cold front. The storms moved eastward across northern Missouri, producing widespread hail and wind damage, as well as three brief tornadoes. From the late evening hours of the 26th into early morning on the 27th, storms began to train in parts of central Missouri, dropping excessive rain on ground that was already saturated from an earlier rain event, resulting in flash flooding.","Carroll County Emergency Management reported a tornado in open fields 4 miles south of Norborne. The tornado moved northeast for 2.5 miles, and trees and power lines were downed along its path.",MO,2000-05-26 20:30:00,2000-05-26 20:35:00,True,True
1096865,5148666,Texas,367,Parker,FWD,2000-06-03 20:15:00,CST,2000-06-03 20:15:00,0,0,0,0,,,LAW ENFORCEMENT,F0,Unknown,0.1,10.0,,,,,32.76667,-97.8,32.76667,-97.8,"June 3rd & 4th - Event NarrativeNumerous boundaries were across the state and they acted as triggers for showers and thunderstorms. Upper level winds were very light and any storms that formed moved very slowly. Flash flooding was observed across almost all of the area at some point during the month. One particularly strong cell dropped a tornado near Weatherford. There was a lot of flood damage in western Tarrant county, where numerous homes were flooded. This was a fairly widespread rainfall event with many counties experiencing flooding. The counties along the red river received less rainfall than the rest of the region. Some of the heavier amounts included (in inches) 6.43 in Cleburne, 8.50 in Burleson, and 12.33 in Cresson (Johnson county); 6.70 in Weatherford (Parker county); 7.05 in Midlothian and 7.65 in Waxahachie (Ellis county); 8.70 in Hillsboro ( Hill county); 7.51 in Meridian and 6.24 in Morgan (Bosque county); 7.65 in West (Mclennan county); 2.19 in Breckenridge (Stephens county).",A brief tornado was reported seven miles south of the downtown area on main street.,TX,2000-06-03 21:15:00,2000-06-03 21:15:00,True,True
1096956,5148861,Florida,86,Miami-Dade,MFL,2000-06-22 11:38:00,EST,2000-06-22 11:52:00,0,0,0,0,,,TRAINED SPOTTER,F0,Unknown,0.2,10.0,,,,,25.85,-80.26667,25.85,-80.26667,,A trained SKYWARN spotter reported a tornado in Hialeah.,FL,2000-06-22 12:38:00,2000-06-22 12:52:00,True,True
1095566,5146097,Texas,207,Haskell,SJT,2000-05-26 16:58:00,CST,2000-05-26 16:58:00,0,0,0,0,,,TRAINED SPOTTER,F0,Unknown,0.1,15.0,,,,,33.16667,-99.75,33.16667,-99.75,"A supercell moved across the northern Big Country during the evening of the 26th. Brief tornado touchdowns were reported just south of Haskell and east of Throckmorton, while baseball size hail pounded northern Throckmorton County and the community of Elbert.",A brief tornado touchdown was reported just south of Haskell. No damage was reported.,TX,2000-05-26 17:58:00,2000-05-26 17:58:00,True,True
1095836,5146587,Illinois,73,Henry,DVN,2000-05-18 13:50:00,CST,2000-05-18 13:50:00,0,0,0,0,,,LAW ENFORCEMENT,F0,Unknown,0.1,10.0,,,,,41.35,-90.38333,41.35,-90.38333,"A frontal boundary meandering about Southern Iowa and Central Illinois lifted into Central Iowa and North Central Illinois by afternoon. A nearly stacked low center over the Mid Missouri River Valley underwent filling as it shifted eastward across Southern Iowa and Central Illinois. Much of Northern Illinois along and north of Interstate 88 was thrusted into the warm sector where temperatures climbed into the upper 70s to lower 80s. Meanwhile, areas north of the boundary were quite cool with a brisk northeast surface wind and plenty of cloud cover keeping temperatures down in the 60s. 12z soundings from KILX and KDVN indicated very steep lapse rates with Cape values of 2000-3000 J-kg. Thunderstorms quickly erupted along the boundary from Central Iowa through Northeast Iowa into Northern Illinois by late morning, and continued through the afternoon. The storms produced large hail, heavy rain, damaging winds and several tornadoes over portions of Northwest Illinois. Thunderstorm interaction with the frontal boundary was believed to be the culprit for spawning 6 weak and short lived tornadoes across Henry and Bureau Counties. The only damage occurring with the tornadoes was in Manlius and Neponset where large trees and signs were blown down. High winds, associated with a possible gustnado, blew down the back wall and knocked out several windows of an abandoned grocery store in Cambridge. The glass and bricks were hurled to the ground, causing damage to a truck parked on one side of the building. The high winds also downed several trees and power lines. Power was knocked out to Cambridge and surrounding areas for almost 4 hours.",,IL,2000-05-18 14:50:00,2000-05-18 14:50:00,True,True
1095678,5146543,Tennessee,161,Stewart,OHX,2000-05-26 17:41:00,CST,2000-05-26 17:41:00,0,0,0,0,,,NWS STORM SURVEY,F1,Unknown,0.2,100.0,,,,,36.43333,-87.9,36.43333,-87.9,,Homes were damaged on One tree was uprooted and fell on a house on Standing Rock Road.,TN,2000-05-26 18:41:00,2000-05-26 18:41:00,True,True
1095836,5146592,Illinois,11,Bureau,DVN,2000-05-18 14:50:00,CST,2000-05-18 14:50:00,0,0,0,0,15K,,EMERGENCY MANAGER,F0,Unknown,0.1,10.0,,,,,41.45,-89.66667,41.45,-89.66667,"A frontal boundary meandering about Southern Iowa and Central Illinois lifted into Central Iowa and North Central Illinois by afternoon. A nearly stacked low center over the Mid Missouri River Valley underwent filling as it shifted eastward across Southern Iowa and Central Illinois. Much of Northern Illinois along and north of Interstate 88 was thrusted into the warm sector where temperatures climbed into the upper 70s to lower 80s. Meanwhile, areas north of the boundary were quite cool with a brisk northeast surface wind and plenty of cloud cover keeping temperatures down in the 60s. 12z soundings from KILX and KDVN indicated very steep lapse rates with Cape values of 2000-3000 J-kg. Thunderstorms quickly erupted along the boundary from Central Iowa through Northeast Iowa into Northern Illinois by late morning, and continued through the afternoon. The storms produced large hail, heavy rain, damaging winds and several tornadoes over portions of Northwest Illinois. Thunderstorm interaction with the frontal boundary was believed to be the culprit for spawning 6 weak and short lived tornadoes across Henry and Bureau Counties. The only damage occurring with the tornadoes was in Manlius and Neponset where large trees and signs were blown down. High winds, associated with a possible gustnado, blew down the back wall and knocked out several windows of an abandoned grocery store in Cambridge. The glass and bricks were hurled to the ground, causing damage to a truck parked on one side of the building. The high winds also downed several trees and power lines. Power was knocked out to Cambridge and surrounding areas for almost 4 hours.",,IL,2000-05-18 15:50:00,2000-05-18 15:50:00,True,True
1096413,5147754,Arkansas,147,Woodruff,LZK,2000-05-12 23:20:00,CST,2000-05-12 23:34:00,0,0,0,0,,,PARK/FOREST SERVICE,F1,Unknown,8.8,100.0,,,,,35.18333,-91.36667,35.18333,-91.23333,,"A weak tornado affected parts of western Woodruff County. The tornado tracked from 3 miles northwest of Gregory to about 2 miles northwest of Wiville. The tornado mainly caused tree damage, with trees either broken off or uprooted. There was some minor structural damage, with minor roof damage at a house and some tin removed from a barn.",AR,2000-05-13 00:20:00,2000-05-13 00:34:00,True,True
1096332,5148490,Missouri,47,Clay,EAX,2000-05-11 22:25:00,CST,2000-05-11 22:32:00,0,0,0,0,5M,,NWS STORM SURVEY,F1,Unknown,4.5,350.0,,,,,39.18333,-94.58333,39.18333,-94.53333,"Thunderstorms that developed explosively in eastern Kansas tracked into western Missouri. While early evening storms were hail producers, a late night thunderstorm on the north side of Kansas City spawned a short lived tornado, which produced millions of dollars in damage in Kansas City's ""Northland.""","The tornado formed rapidly in southwest Clay County in Kansas City, MO, causing considerable damage to two auto dealerships at 39th and North Oak Trafficway. A nearby apartment complex suffered roof damage. Many trees and power lines were downed as the tornado moved east, lifting near Parvin Road and Chouteau Trafficway.",MO,2000-05-11 23:25:00,2000-05-11 23:32:00,True,True
1097390,5151170,Nebraska,3,Antelope,OAX,2000-06-03 20:50:00,CST,2000-06-03 20:50:00,0,0,0,0,,,GENERAL PUBLIC,F0,Unknown,0.1,15.0,,,,,42.38333,-98.13333,42.38333,-98.13333,,The second Heavy Precipitation (HP) supercell to pass just north of Royal this night produced another short-lived small tornado that touched down in open country causing little or no damage.,NE,2000-06-03 21:50:00,2000-06-03 21:50:00,True,True
1097395,5151238,Nebraska,139,Pierce,OAX,2000-06-03 21:25:00,CST,2000-06-03 21:34:00,0,0,0,0,,,LAW ENFORCEMENT,F0,Unknown,3.0,40.0,,,,,42.2,-97.85,42.03333,-97.75,,This tornado apparently tracked from southwest Pierce county into northwest Madison county. The tornado did little if any damage as it tracked mainly in open country...and it also might not have been on the ground for the whole track of the storm.,NE,2000-06-03 22:25:00,2000-06-03 22:34:00,True,True
1097396,5151239,Nebraska,119,Madison,OAX,2000-06-03 21:34:00,CST,2000-06-03 21:40:00,0,0,0,0,,,LAW ENFORCEMENT,F0,Unknown,2.0,45.0,,,,,42.1,-97.76667,42.08333,-97.73333,,This was probably the same tornado that was reported west of Pierce. It apparently tracked from west of Pierce into extreme northwest Madison county before lifting. No damage was reported.,NE,2000-06-03 22:34:00,2000-06-03 22:40:00,True,True
1097610,5151333,Nebraska,91,Hooker,LBF,2000-06-29 12:43:00,MST,2000-06-29 12:43:00,0,0,0,0,,,TRAINED SPOTTER,F0,Unknown,0.1,20.0,,,,,41.93333,-101.2,41.93333,-101.2,,Brief touchdown over open country.,NE,2000-06-29 13:43:00,2000-06-29 13:43:00,True,True
1097807,5151642,Ohio,173,Wood,CLE,2000-06-14 15:50:00,EST,2000-06-14 15:50:00,0,0,0,0,250K,,NWS STORM SURVEY,F1,Unknown,0.2,25.0,,,,,41.4,-83.46667,41.4,-83.46667,,A tornado touched down a few miles west of Pemberville along State Route 105 and near the north branch of the Portage River. The tornado moved in a west to east direction for several hundred yards along the river. The observed damage path was approximately 25 yards in width. The roofs of two businesses were torn off by the tornado. One of the roofs landed 500 feet away from the building it came from. Many trees were blown down and several signs were sucked out of the ground. One home was damaged by a fallen tree and a second tree crushed a nearby car. A small stretch of the Portage River was clogged with fallen trees.,OH,2000-06-14 16:50:00,2000-06-14 16:50:00,True,True
1097114,5151026,Missouri,173,Ralls,LSX,2000-06-20 18:05:00,CST,2000-06-20 18:05:00,0,0,0,0,10K,,LAW ENFORCEMENT,F0,Unknown,1.0,75.0,,,,,39.66667,-91.61667,39.66667,-91.6,,The County Sheriff reported a brief tornado west of Rensselaer. Trees were uprooted and a barn heavily damaged.,MO,2000-06-20 19:05:00,2000-06-20 19:05:00,True,True
1097672,5150545,Louisiana,117,Washington,LIX,2000-06-25 17:11:00,CST,2000-06-25 17:11:00,0,0,0,0,,,LAW ENFORCEMENT,F0,Unknown,0.1,30.0,,,,,30.85,-90.15,30.85,-90.15,,A small tornado briefly touched down near Highway 440 and Dewey Creel Road causing no damage.,LA,2000-06-25 18:11:00,2000-06-25 18:11:00,True,True
1097423,5151258,Nebraska,53,Dodge,OAX,2000-06-13 15:00:00,CST,2000-06-13 15:00:00,0,0,0,0,,,LAW ENFORCEMENT,F0,Unknown,0.1,50.0,,,,,41.63333,-96.71667,41.61667,-96.66667,,Brief touchdown of a small tornado caught on film. No damage reported.,NE,2000-06-13 16:00:00,2000-06-13 16:00:00,True,True
1097424,5151259,Iowa,145,Page,OAX,2000-06-13 15:20:00,CST,2000-06-13 15:26:00,0,0,0,0,,,LAW ENFORCEMENT,F0,Unknown,3.0,100.0,,,,,40.85,-95.31667,40.86667,-95.28333,,This small tornado was originally reported by a law enforcement official. The tornado was also caught on film by a storm chaser.,IA,2000-06-13 16:20:00,2000-06-13 16:26:00,True,True
1097425,5151260,Iowa,137,Montgomery,OAX,2000-06-13 15:26:00,CST,2000-06-13 15:40:00,0,0,0,0,,,LAW ENFORCEMENT,F0,Unknown,8.0,150.0,,,,,40.95,-95.25,41.03333,-95.11667,,This tornado was also caught on film by the same chaser that filmed the tornado by Essex Iowa. This tornado was on the ground for around 8 miles.,IA,2000-06-13 16:26:00,2000-06-13 16:40:00,True,True
1097440,5151275,Nebraska,119,Madison,OAX,2000-06-19 19:27:00,CST,2000-06-19 19:27:00,0,0,0,0,,,TRAINED SPOTTER,F0,Unknown,0.1,20.0,,,,,41.8,-97.78333,41.8,-97.78333,,Brief touchdown of a small tornado reported by a storm spotter.,NE,2000-06-19 20:27:00,2000-06-19 20:27:00,True,True
1096369,5147758,Arkansas,119,Pulaski,LZK,2000-05-04 16:50:00,CST,2000-05-04 16:50:00,0,0,0,0,,,GENERAL PUBLIC,F0,Unknown,0.1,25.0,,,,,34.85,-92.55,34.85,-92.55,,"A weak tornado briefly touched down in western Pulaski County about 5 miles southwest of Roland. The tornado mainly affected a marina on Lake Maumelle, with several boat docks damaged and a sailboat mast bent. One witness saw the tornado spin at least one sailboat around in the water.",AR,2000-05-04 17:50:00,2000-05-04 17:50:00,True,True
1097185,5150473,Indiana,177,Wayne,ILN,2000-06-24 20:17:00,EST,2000-06-24 20:21:00,0,0,0,0,40K,,LAW ENFORCEMENT,F1,Unknown,0.2,50.0,,,,,39.83333,-84.86667,39.83333,-84.86667,,"Trees were knocked down throughout the city. A roof was blown off of a church on the 4700 block of National Road. Both a hotel and a restaurant sustained roof damage, and the hotel had a sign destroyed.",IN,2000-06-24 21:17:00,2000-06-24 21:21:00,True,True
1097109,5151018,Illinois,27,Clinton,LSX,2000-06-16 11:25:00,CST,2000-06-16 11:25:00,0,0,0,0,,,NWS STORM SURVEY,F0,Unknown,1.5,50.0,,,,,38.65,-89.36667,38.65,-89.33333,,A small tornado initially touched down north of Carlyle in the vicinity of the Fun Center on Highway 127. Supports on some of the equipment were ripped off and driven into the ground by the tornado. The tornado damaged 2 homes northeast of the Fun Center ripping off roof shingles and damaging the roof of a garage. A pole barn was also destroyed.,IL,2000-06-16 12:25:00,2000-06-16 12:25:00,True,True
1096372,5147761,Arkansas,63,Independence,LZK,2000-05-04 17:45:00,CST,2000-05-04 17:45:00,0,0,0,0,,,EMERGENCY MANAGER,F0,Unknown,0.2,15.0,,,,,35.83333,-91.38333,35.83333,-91.38333,,A weak tornado touched down briefly near Walnut Grove in Independence County. The tornado caused only some minor tree damage.,AR,2000-05-04 18:45:00,2000-05-04 18:45:00,True,True
1097705,5150954,Wisconsin,39,Fond Du Lac,MKX,2000-06-01 17:15:00,CST,2000-06-01 17:15:00,0,0,0,0,,5K,EMERGENCY MANAGER,F0,Unknown,0.1,25.0,,,,,43.65,-88.58333,43.65,-88.58333,"One would be hard pressed to find another day like June 1, 2000 in terms of depth and range of severe, convective weather events across south-central and southeast Wisconsin. Tornadoes, widespread and localized flash flooding, funnel clouds, damaging hurricane-force, straight-line winds associated with a wicked squall-line, large hail stones, urban/small flooding, lightning strikes, and significant mainstem river flooding were reported. As in the preceding weeks, a quasi-stationary front over northern Illinois served as a boundary for warm, moist, unstable air to be pulled north over the cooler air over Wisconsin. Leftover flooding (from the evening of May 31, 2000) and isolated severe thunderstorms were noted during the pre-dawn to mid morning hours. However a powerful squall-line formed along the Mississippi River in the La Crosse area by mid-afternoon, and pushed into south-central Wisconsin by late afternoon with ""all hell breaking loose."" After the squall line moved into the southeast part of the state, it was followed by widespread showers and thunderstorms that triggered additional flooding problems. The east/southeast moving storms would not end until around 2300CST. As a result of the wild weather events, a State of Emergency was declared in Columbia, Dane, Dodge, Green, Iowa, Lafayette, Rock, and Sauk counties. Numerous power lines were knocked down by felled trees or wind gusts outright, resulting in the lose of power to 20,000 customers. Significant storm and flooding events will be summarized below county by county.Marquette Co: 6 homes were damaged and trees uprooted by powerful winds estimated at 70 knots (80 mph) in Briggsville. Urban flooding in Briggsville was also noted with water 6 inches deep.Green Lake Co: powerful winds knocked down trees in both Kingston and Markesan, and large hail was noted.Fond du Lac Co: a brief, F0 tornado spun up in the rural area southeast of Oak Center. Only some hay crop was damaged. Elsewhere, urban flooding and large hail was noted. Between 1700 and 1900CST, 1.71 inches of rain fell in the city of Fond du Lac.Sheboygan Co: powerful thunderstorm winds pushed over trees in the southern portions. Sauk Co: powerful winds blew over large trees in the Reedsburg to Baraboo area as well as around Prairie du Sac. Then the heavens oped up as 3.75 inches of rain fell between 1600 and 1645CST in North Freedom. There were other reports of up to 6 inches of rain falling in 2 hours. Flash flooding developed along Narrows Creek which left mud marks 8 feet high on some buildings. So much water came down Narrows Creek that it temporarily backed up the water of the Baraboo River! The Baraboo River flooded homes, and other creeks tore pieces of Highways 12 and 113 away. Road beds and parking lots were ripped away on the south side of Baraboo. Some railroad beds and many drainage culverts across the county were washed away. Severe erosion was noted on the cliffs overlooking the north shore of Devils Lake, whose water level rose about 3 feet due to runoff. All together, 153 residential homes were damaged, 17 businesses reported water damage, and 220,000 acres of farm land sustained water or erosion damage. The flooding was more widespread and worse than the 1993 flood, based on newspaper accounts. The Baraboo River near Baraboo crested at 22.04 feet on June 2nd, or 6.04 feet above flood stage (moderate flooding), after rising above flood stage at 0400CST on the 1st. Upriver at Rock Springs, the flood stage of 18.5 feet was exceeded at 1630CST on the 1st, and the crest was 21.71 feet at 0750CST on the 2nd (major flooding). Columbia Co: powerful winds uprooted large trees in and around Portage. In addition, a garage was damaged, several vehicles were blown into roadside ditches quickly reached a depth of 1 to 3 feet over portions of Highway 12 around Portage, and on Highway 73 in the southeast corner where residents were evacuated. Gravel road shoulder and culvert washouts were reported on some roads. Agricultural crop damage and soil erosion were also noted.Dodge Co: the main event was a long-lived tornado that spun up just south of Highway S about 4 miles south of Horicon, just southwest of the intersection of Highways S and E. Eyewitness accounts suggested that this tornado was a rain-wrapped and multi-vortex as it hopped-skipped east/southeast through the heart of the village of Iron Ridge (F2 at this time, 140-50 mph wind), before exiting the county on Highway S. All together, this F2 tornado destroyed 6 homes, and damaged 26 other homes, 6 businesses, 2 barns, 1 silo, semi-tractor trailer, a green house, and many cars. It destroyed 5 agricultural buildings. No one was injured or killed by this early-warned tornado. Five other barns were damaged in the county by the powerful straight-line winds associated with the squall-line. In addition, large hail up to walnut size was noted. Flash flooding was reported in the southeast part of the county when 1.5 inches of rain fell in a short period of time. Soil erosion and shoulder washouts were reported near the intersection of Highways 60 and P, south of Rubicon.Washington Co: the Dodge County tornado continued into Washington County for about 1.5 miles near and along Highway S. It damaged a barn and silo and uprooted more trees before dissipating. The tornado in this county had winds estimated at 80 mph, or F1 strength. No one was injured or killed. Flash flooding was reported south of Hartford where soil erosion and gravel shoulder washouts occurred due to swirling flood waters. Otherwise, large hail and tree-uprooting winds were noted in Germantown.Iowa Co: Pre-dawn flash flooding occurred across the northern portion of Iowa County due to leftover thunderstorms that hit the county on May 31st. Morrey Creek overflowed it banks in the village of Avoca, damaging 35 homes and eroding surrounding landscaping. In Dodge State Park near Dodgeville, 50 miles of trails were closed after several bridges were washed out by flooding waters. In addition, gravel road shoulder and culvert washouts were noted on several roads. Another round of flash flooding occurred across the northern portion of the county thanks to torrential rains of 2 to 4 inches in 1 to 2 hours in the late afternoon and early evening hours. An estimated 10,250 acres sustained major soil erosion and many roads had water depths of 1 to 3 feet as water currents washed away gravel shoulders. Crop damage was extensive. Dane Co: pre-dawn severe storms dumped large hail and knocked down many tree limbs in the Madison area. During the same storm, lightning struck a west-side Madison hotel, resulting in damage to its electrical system. Urban/small stream flooding was noted in the pre-dawn hours across the northern part of the county with water covering low spots on Highways 12, 73, and 113. A couple streets were flooded and closed in the village of Mazomanie due to high water levels on the Black Earth Creek. Sandbagging was needed to protect about a dozen homes in Mazomanie. Powerful thunderstorm winds uprooted trees which then damaged many vehicles in the Madison to Cottage Grove area during the evening. At least 60 trees blocked various roads in the Madison area, and 18 power lines were reported down. Roof tiles were also removed from some homes as the winds gusted to an estimated 70 knots (80 mph). An expensive gazebo was destroyed by uprooted trees in the city of Monona. Shortly thereafter, flash-flood producing rains hit much of the county. Madison streets were rivers as 27 cars were stranded or pushed around. It was the worst flooding the city during the past 15 years. Sandbagging commenced in Monona to protect homes. Many roads across the county were damaged by flood waters, with most damage in the northwest part of the county. In the village of Oregon, 1.90 inches of rain was measured in just 45 minutes ending at 1830CST. Additional soil erosion and ponding of water resulted in extensive, severe crop damage across the county. Collectively, wind and/or flood damage occurred to at least 646 residential homes in the county, and to 3 businesses. Probably 30,000 acres of farm land had significant crop damage. A new daily rainfall record of 3.46 inches was set at Madison's Traux Field, breaking the old record of 1.33 inches set back in 1892. Runoff from this rainfall eventually pushed Lake Mendota to 31.5 inches above its normal summer level on June 5th, which was the highest reading since the beginning of records in 1916. In response to the high lake levels in Dane county, many nearby homes were sandbagged, and public beach and boat docks were closed.Jefferson Co: an early morning, severe thunderstorm dumped large hail on Lake Mills. Another storm's lightning struck a Ft. Atkinson church steeple, resulting in structural and water damage. The evening storms generated damaging winds that uprooted large trees. Lightning started a minor fire on a Lake Mills home's roof. Heavy rains of 2 to 3 inches during the evening generated scattered flash flooding across the county, mostly in the form of gravel shoulder washouts of several roads. Roads near the Rock River in Ft. Atkinson were closed due to the swirling waters. Soil erosion and crop washouts were noted across the county. Rainfall totals of 2.39 inches and 2.72 inches were noted in Ft. Atkinson and Jefferson, respectively. The heavy rains forced the Crawfish River at Milford to exceed the flood stage of 7 feet on June 2nd , and crest at 8.38 feet on June 7th (moderate flooding). Waukesha Co: powerful thunderstorm winds uprooted trees in the Genesee area.Milwaukee Co: large hail was reported in the city of Milwaukee. Torrential rains of around 2 inches in 1 to 2 hours in the city of Fox Point resulted in flash flooding in that city. Landscaping damage and some road damage was noted due to swift water currents.Lafayette Co: a brief tornado occurred north of Calamine. It damaged 2 large pole sheds and uprooted many trees along its short path. Several calves were injured as they were pushed across the road. Eyewitness accounts suggest this F1 tornado (winds about 100 mph) was rain-wrapped. Otherwise, the squall line's powerful winds uprooted trees and over-turned a car-trailer combo east of Belmont. Similar to other counties, flash-flood producing rains followed the winds. Across the county, all mainstem river, stream, creeks, and other low spots experienced flash flooding. Bridge under-cutting was noted on Highway K outside of Gratiot, on Highway H in Jenkynsville, and Highway G in the northwest corner. Moderate to severe damage to road shoulders and washed out driveways was noted countywide. Twenty-one roads were closed at one time or another. At least 75 residential homes and 5 businesses reported flood damage, while 2 private utility buildings suffered damage. Two farm buildings were destroyed by the flood waters, and 15 others damaged. About 7000 acres of farm land were severely damaged. The Pecatonica River in Darlington closed down Highway 23 from the south. The river at this location exceeded the flood stage of 11 feet late on May 31st, and crested at 15.77 feet at 0730CST on June 1st (moderate flooding). Near South Wayne, lightning started a minor house fire.Green Co: pre-dawn and morning urban/small stream flooding occurred countywide due to rainfall that started on May 31st. The rains ended by sunrise. Up to 5 inches of rain fell overnight in the southwest part of the county. Many streams were 5 to 10 feet wide, resulting in water covering low-lying roads to a depth of 1 foot. Several cars were swept into roadside ditches. Urban basements had minor flood damage. Additional heavy rains followed the evening squall line which resulted in a new round of flash flooding across much of the county. Eight miles of the 24 mile long Sugar River State Trail were closed from near Monticello to near Albany due to washed out bridges and undercut paths. Five homes sustained significant damage. Numerous roads were closed due to high water levels and dozens of vehicles were stranded or pushed into roadside ditches. Gravel road shoulder and culvert washouts were noted countywide. Water levels in the city of Brodhead were the highest in many years. Legion Park in Albany was closed after the adjacent Sugar River exceeded flood stage. Moderate to severe soil erosion was noted to 5000 acres of farm fields. The Pecatonica River at Martintown exceeded the flood stage of 13.5 feet at 0000CST on June 1st, and crested at 18.51 feet on June 4th (moderate flooding).Rock Co: powerful thunderstorm winds downed large trees in scattered parts of the county. However, flash-flood producing rains hit during the evening hours. Most mainstem and nearly all streams and creeks jumped their banks. Nine roads along Lake Koshkonong sustained washout damage due to swift water currents. At least 100 homes outside of the major cities sustained damage. Many Beloit and Janesville homes in low spots reported landscape flood damage as well as basement flooding. Flash flood waters also tore through farm fields, leaving moderate to severe soil erosion and crop damage to at least 20,000 acres. Flood waters from the Sugar River in the southwest corner of the county closed roads west of the village of Avon.Walworth Co: no damage reports.Kenosha Co: several rounds of heavy rains during the evening on top of previously saturated soils and high river levels resulted in flash flooding scattered across the county. Several roads had fast-flowing waters 1 to 3 feet deep which resulted in shoulder washouts and cars being swept into roadside ditches. At least 75 homes sustained significant flood damage in the Wheatland, Salem, and Silver Lake areas. About 47,000 acres of farm land had serious soil erosion, and washed or flooded crops. Due to rainfall totals during the evening of 2 to 3 inches, the Fox River at New Munster continued to rise and would eventually crest at 12.76 feet early on June 3rd, or 2.76 feet above flood stage. Three homes Silver Lake homes were evacuated.",,WI,2000-06-01 17:15:00,2000-06-01 17:15:00,False,False
1096354,5147702,Kansas,147,Phillips,GID,2000-05-26 18:30:00,CST,2000-05-26 18:33:00,0,0,0,0,0,0,LAW ENFORCEMENT,F0,Unknown,0.6,25.0,,,,,39.61667,-99.21667,39.6,-99.21667,"A tornado set down briefly in extreme southern Phillips county. The tornado, witnessed by a deputy sheriff, was on the ground for about one half mile and did no damage.",,KS,2000-05-26 19:30:00,2000-05-26 19:33:00,True,True
1096373,5147762,Arkansas,135,Sharp,LZK,2000-05-04 18:15:00,CST,2000-05-04 18:16:00,0,0,0,0,,,LAW ENFORCEMENT,F1,Unknown,0.6,35.0,,,,,35.98333,-91.63333,36.01667,-91.63333,,"A weak tornado affected areas near Sidney in Sharp County. The tornado touched down briefly, and tore a few roof shingles from a home. Some siding was damaged at another home. Otherwise, a few large trees were blown down.",AR,2000-05-04 19:15:00,2000-05-04 19:16:00,True,True
1096375,5147764,Arkansas,63,Independence,LZK,2000-05-09 14:15:00,CST,2000-05-09 14:19:00,0,0,0,0,,,NWS STORM SURVEY,F0,Unknown,2.0,25.0,,,,,35.7,-91.45,35.71667,-91.43333,,"A weak tornado affected areas near Newark in Independence County. The tornado ripped the roof off of a mobile home and blew out a few windows. A house nearby also had some windows blown out. A large tree fell on another house, but caused only minor damage to the roof. A few trees and power lines were blown down, and some roof shingles were removed from a couple of homes.",AR,2000-05-09 15:15:00,2000-05-09 15:19:00,True,True
1096334,5147866,Missouri,101,Johnson,EAX,2000-05-26 20:32:00,CST,2000-05-26 20:34:00,0,0,0,0,5K,,TRAINED SPOTTER,F1,Unknown,2.0,25.0,,,,,38.61667,-94.0,38.61667,-93.95,"Thunderstorms developed rapidly in northeast Kansas and northwest Missouri ahead of an approaching cold front. The storms moved eastward across northern Missouri, producing widespread hail and wind damage, as well as three brief tornadoes. From the late evening hours of the 26th into early morning on the 27th, storms began to train in parts of central Missouri, dropping excessive rain on ground that was already saturated from an earlier rain event, resulting in flash flooding.","A storm spotter with the Holden Fire Department observed a tornado 7 miles south of Holden that remained on the ground for two minutes, moving northeast. Several trees and power lines were downed by the storm.",MO,2000-05-26 21:32:00,2000-05-26 21:34:00,True,True
1097384,5150869,Nebraska,3,Antelope,OAX,2000-06-03 19:58:00,CST,2000-06-03 19:58:00,0,0,0,0,,,LAW ENFORCEMENT,F0,Unknown,0.1,15.0,,,,,42.35,-98.16667,42.35,-98.16667,,Brief touchdown in open country. The tornado picked up dust but caused no damage.,NE,2000-06-03 20:58:00,2000-06-03 20:58:00,True,True
1097385,5150870,Nebraska,139,Pierce,OAX,2000-06-03 20:15:00,CST,2000-06-03 20:15:00,0,0,0,0,,,GENERAL PUBLIC,F0,Unknown,0.1,15.0,,,,,42.18333,-97.78333,42.18333,-97.78333,,Another brief tornado touchdown in open country with no damage reported.,NE,2000-06-03 21:15:00,2000-06-03 21:15:00,True,True
1097413,5150871,Iowa,155,Pottawattamie,OAX,2000-06-13 14:10:00,CST,2000-06-13 14:10:00,0,0,0,0,,,STORM CHASER,F0,Unknown,0.1,50.0,,,,,41.51667,-95.71667,41.51667,-95.71667,,This tornado crossed from Pottawattamie county into Harrison county then lifted in extreme southwest Shelby county. See the Harrison county report for more description.,IA,2000-06-13 15:10:00,2000-06-13 15:10:00,True,True
1097414,5150872,Iowa,85,Harrison,OAX,2000-06-13 14:10:00,CST,2000-06-13 14:27:00,0,0,0,0,30K,,STORM CHASER,F1,Unknown,10.0,250.0,,,,,41.5,-95.73333,41.6,-95.55,,"This tornado touched down just inside the Pottawattamie county line near highway 34 and Interstate 680. It then tracked near Beebeetown, then to near Persia before crossing into Shelby county southwest of Portsmouth. The tornado was caught on film by a local TV meteorologist as well as a storm chaser. The tornado stayed mainly in open county, but it did down some trees and power lines.",IA,2000-06-13 15:10:00,2000-06-13 15:27:00,True,True
1097415,5150873,Iowa,165,Shelby,OAX,2000-06-13 14:27:00,CST,2000-06-13 14:28:00,0,0,0,0,,,STORM CHASER,F0,Unknown,0.5,100.0,,,,,41.61667,-95.56667,41.63333,-95.56667,,"This is where the Beebeetown, Harrison county Iowa, tornado lifted. See the tornado listing for Harrison county for more details.",IA,2000-06-13 15:27:00,2000-06-13 15:28:00,True,True
1096371,5147760,Arkansas,63,Independence,LZK,2000-05-04 17:05:00,CST,2000-05-04 17:06:00,0,0,0,0,,,EMERGENCY MANAGER,F1,Unknown,0.5,40.0,,,,,35.55,-91.5,35.56667,-91.5,,"A weak tornado affected areas near Thida in Independence County. The tornado touched down briefly, but caused quite a bit of structural damage. The roofs and underpinnings of two mobile homes were damaged. A third mobile home had similar damage, and its porch was thrown onto a car. A metal building housing an auto repair shop was badly damaged. Eight cars were damaged inside and outside the shop. A farm shed was also damaged and a barn was destroyed. A cattle feeder was thrown into a pond and trees and power lines were downed. Witnesses saw a cow lifted about 20 feet into the air by the tornado.",AR,2000-05-04 18:05:00,2000-05-04 18:06:00,True,True
1097610,5151335,Nebraska,91,Hooker,LBF,2000-06-29 13:00:00,MST,2000-06-29 13:00:00,0,0,0,0,,,GENERAL PUBLIC,F0,Unknown,0.1,20.0,,,,,41.88333,-101.26667,41.88333,-101.26667,,Brief touchdown over open country.,NE,2000-06-29 14:00:00,2000-06-29 14:00:00,True,True
1097033,5151445,Texas,485,Wichita,OUN,2000-06-22 16:35:00,CST,2000-06-22 16:37:00,0,0,0,0,0K,,STORM CHASER,F0,Unknown,0.2,15.0,,,,,33.96667,-98.68333,33.96667,-98.68333,,"An isolated severe thunderstorm during the afternoon of the 22nd produced a tornado on the northwest shore of Lake Iowa Park, 2 miles northwest of Iowa Park in Wichita County. The tornado was well-formed as it was photographed by a storm chaser crossing the north side of the lake, dissipating near Johnson Road. No damage was observed or reported, and thus the tornado was rated F0.",TX,2000-06-22 17:35:00,2000-06-22 17:37:00,True,True
1096902,5148619,Kansas,181,Sherman,GLD,2000-06-29 17:43:00,CST,2000-06-29 17:44:00,0,0,0,0,,,TRAINED SPOTTER,F0,Unknown,0.2,50.0,,,,,39.53333,-101.45,39.53333,-101.45,,Brief Tornado.,KS,2000-06-29 18:43:00,2000-06-29 18:44:00,True,True
1096865,5148667,Texas,367,Parker,FWD,2000-06-03 19:45:00,CST,2000-06-03 19:45:00,0,0,0,0,,,LAW ENFORCEMENT,F0,Unknown,0.1,10.0,,,,,32.76667,-97.8,32.76667,-97.8,"June 3rd & 4th - Event NarrativeNumerous boundaries were across the state and they acted as triggers for showers and thunderstorms. Upper level winds were very light and any storms that formed moved very slowly. Flash flooding was observed across almost all of the area at some point during the month. One particularly strong cell dropped a tornado near Weatherford. There was a lot of flood damage in western Tarrant county, where numerous homes were flooded. This was a fairly widespread rainfall event with many counties experiencing flooding. The counties along the red river received less rainfall than the rest of the region. Some of the heavier amounts included (in inches) 6.43 in Cleburne, 8.50 in Burleson, and 12.33 in Cresson (Johnson county); 6.70 in Weatherford (Parker county); 7.05 in Midlothian and 7.65 in Waxahachie (Ellis county); 8.70 in Hillsboro ( Hill county); 7.51 in Meridian and 6.24 in Morgan (Bosque county); 7.65 in West (Mclennan county); 2.19 in Breckenridge (Stephens county).",A brief tornado was reported at Lake Weatherford.,TX,2000-06-03 20:45:00,2000-06-03 20:45:00,True,True
1096902,5148624,Kansas,137,Norton,GLD,2000-06-29 18:34:00,CST,2000-06-29 18:35:00,0,0,0,0,250K,,GENERAL PUBLIC,F0,Unknown,0.2,75.0,,,,,39.63333,-99.7,39.63333,-99.7,,Brief Tornado near Norton/Phillips County Line.,KS,2000-06-29 19:34:00,2000-06-29 19:35:00,True,True
1097230,5151844,Wisconsin,81,Monroe,ARX,2000-06-01 14:02:00,CST,2000-06-01 14:11:00,0,0,0,0,100K,15K,NWS STORM SURVEY,F1,Unknown,4.5,125.0,,,,,44.05,-90.88333,44.05,-90.78333,"A tornado touched down near Cataract (Monroe County), shearing off trees, demolishing barns and sheds, causing light structural damage to a house and tossing farm equipment and debris about 600 to 700 yards. There were no reports of injuries or deaths. This same thunderstorm produced hail as large as softballs through the Oakdale area (Monroe County) and communities southeast along the Highway 12 - Interstate 90/94 corridor. There was extensive roof, siding and window damage in and around Oakdale. Nearly every building in town had damage on the north and west facing walls. Hundreds of cars, including those traveling along Interstate 90/94, had broken windshields and sustained large dents. There were numerous trees and large branches broke or blown to the southeast. Another tornado touched down just north of New Lisbon (Juneau County), then tracked southeast before lifting just north of Mauston (Juneau County). Damage consisted of sheared or blown down trees, barns and sheds demolished, garages heavily damaged, and some light structural damage to homes. Hardest hit were homes and farms along 8th Avenue north of New Lisbon, along Meredith Road north of Mauston, and along Highway 58 north of Mauston. There were no reports of injuries or deaths. There was also downburst (microburst) wind damage south and west of New Lisbon along Highway 80 and County Roads B and A. Downburst wind damage was also seen along Interstate 90/94 between Camp Douglas and New Lisbon with hundreds of trees blown down or sheared off. Juneau and Monroe County were declared federal disaster areas due to the extensive storm damage.",,WI,2000-06-01 15:02:00,2000-06-01 15:11:00,True,True
1095970,5148592,Colorado,123,Weld,BOU,2000-05-17 12:47:00,MST,2000-05-17 12:47:00,0,0,0,0,,,TRAINED SPOTTER,F0,Unknown,0.1,25.0,,,,,40.56667,-104.41667,40.56667,-104.41667,"A powder keg of severe weather occurred over the northeast plains of Colorado. The environment became strongly sheared in the vicinity of an intense surface low pressure system allowing for the formation of over two dozen tornadoes. In addition to the tornadoes, large hail. strong thunderstorm winds and heavy rain accompanied the storms. Rainfall amounts generally ranged from 1 to 2 inches, with some minor flooding occuring in parts of Morgan County. Considering the high volume of tornadoes reported, many touching down at or near the same time, the damage was relatively minimal.",,CO,2000-05-17 13:47:00,2000-05-17 13:47:00,True,True
1095970,5148593,Colorado,123,Weld,BOU,2000-05-17 12:55:00,MST,2000-05-17 12:55:00,0,0,0,0,,,TRAINED SPOTTER,F1,Unknown,0.2,50.0,,,,,40.43333,-103.78333,40.43333,-103.78333,"A powder keg of severe weather occurred over the northeast plains of Colorado. The environment became strongly sheared in the vicinity of an intense surface low pressure system allowing for the formation of over two dozen tornadoes. In addition to the tornadoes, large hail. strong thunderstorm winds and heavy rain accompanied the storms. Rainfall amounts generally ranged from 1 to 2 inches, with some minor flooding occuring in parts of Morgan County. Considering the high volume of tornadoes reported, many touching down at or near the same time, the damage was relatively minimal.",A small tornado touched down and damaged a farm. The extent of the damage is unknown.,CO,2000-05-17 13:55:00,2000-05-17 13:55:00,True,True
1097916,5151778,South Carolina,49,Hampton,CHS,2000-06-22 15:45:00,EST,2000-06-22 15:50:00,0,0,0,0,,,NWS STORM SURVEY,F1,Unknown,2.0,175.0,,,,,32.86667,-81.11667,32.86667,-81.11667,,Numerous trees down and minor roof damage.,SC,2000-06-22 16:45:00,2000-06-22 16:50:00,True,True
1096334,5149555,Missouri,147,Nodaway,EAX,2000-05-26 16:56:00,CST,2000-05-26 16:59:00,0,0,0,0,50K,,GENERAL PUBLIC,F1,Unknown,1.0,50.0,,,,,40.33333,-94.86667,40.35,-94.86667,"Thunderstorms developed rapidly in northeast Kansas and northwest Missouri ahead of an approaching cold front. The storms moved eastward across northern Missouri, producing widespread hail and wind damage, as well as three brief tornadoes. From the late evening hours of the 26th into early morning on the 27th, storms began to train in parts of central Missouri, dropping excessive rain on ground that was already saturated from an earlier rain event, resulting in flash flooding.","A tornado touched down 1.5 smiles south of Maryville and traveled north for approximately one mile, damaging or destroying three farm outbuildings 1 mile south of Maryville. The homeowner witnessed the brief tornadic spin-up, and observed rotation in the debris as the tornado moved through the area.",MO,2000-05-26 17:56:00,2000-05-26 17:59:00,True,True
1097409,5151533,Nebraska,131,Otoe,OAX,2000-06-13 14:04:00,CST,2000-06-13 14:10:00,0,0,0,0,,,STORM CHASER,F0,Unknown,3.0,150.0,,,,,40.7,-96.18333,40.71667,-96.1,,This tornado stayed in open country and was on the ground for around 6 minutes according to a reliable storm chaser.,NE,2000-06-13 15:04:00,2000-06-13 15:10:00,True,True
1095320,5145161,Washington,11,Clark,PQR,2000-05-11 15:35:00,PST,2000-05-11 16:00:00,0,0,0,0,10K,,EMERGENCY MANAGER,F0,Unknown,0.9,50.0,,,,,45.76667,-122.51667,45.76667,-122.51667,"A weak tornado moved through Battleground. Three houses had minor damage as did a restaurant ( blew away a sign and some metal strips of the awning). A pickup canopy resting on sawhorses was blown about 100 feet. In addition, a section of wooden fence was blown down, and 2 to 4 inch limbs were broken off of a tree. No injuries were reported.",,WA,2000-05-11 16:35:00,2000-05-11 17:00:00,True,True
1095970,5147402,Colorado,121,Washington,BOU,2000-05-17 13:00:00,MST,2000-05-17 13:00:00,0,0,0,0,,,TRAINED SPOTTER,F0,Unknown,0.1,25.0,,,,,40.23333,-103.06667,40.23333,-103.06667,"A powder keg of severe weather occurred over the northeast plains of Colorado. The environment became strongly sheared in the vicinity of an intense surface low pressure system allowing for the formation of over two dozen tornadoes. In addition to the tornadoes, large hail. strong thunderstorm winds and heavy rain accompanied the storms. Rainfall amounts generally ranged from 1 to 2 inches, with some minor flooding occuring in parts of Morgan County. Considering the high volume of tornadoes reported, many touching down at or near the same time, the damage was relatively minimal.",,CO,2000-05-17 14:00:00,2000-05-17 14:00:00,True,True
1096331,5148410,Kansas,103,Leavenworth,EAX,2000-05-11 20:40:00,CST,2000-05-11 21:12:00,0,0,0,0,2.6M,,NWS STORM SURVEY,F1,Unknown,16.0,440.0,,,,,39.08333,-95.18333,39.16667,-94.93333,"Thunderstorms developed rapidly south of a cold front in eastern Kansas, and then tracked eastward. While the early evening storms were primarily hail producers, one late evening storm produced a tornado that tracked across southern Leavenworth County, resulting in damage in Tonganoxie.","The tornado, which had formed in Jefferson County, entered southwestern Leavenworth County at around 9:40 pm CDT, 6 miles west-southwest of Tonganoxie. The tornado moved east-northeast and lifted 2 miles north of Basehor at 10:12 pm. The 16 mile long path was as wide as 1/4 mile at times, though the average was around 100 yards wide. In Leavenworth County, 200 homes were affected and six were destroyed. One apartment building suffered roof damage. Thirteen businesses were damaged, and two were destroyed. The Leavenworth County Fairgrounds in Tonganoxie suffered extensive damage, approaching a half-million dollars. Total damage was estimated by County Emergency Management officials at $2.6 million.",KS,2000-05-11 21:40:00,2000-05-11 22:12:00,True,True
1096601,5148873,Illinois,203,Woodford,ILX,2000-05-18 16:18:00,CST,2000-05-18 16:18:00,1,0,0,0,5K,,NWS STORM SURVEY,F0,Unknown,0.2,20.0,,,,,40.78333,-89.36667,40.78333,-89.36667,,"A tornado briefly touched down half a mile west of Metamora just south of Illinois Route 116. A teenager was driving through the area. His car was flipped several times into a field. Fortunately he only suffered some cuts and bruises, but his 1997 Cavalier was totaled. No other damage or injuries were reported.",IL,2000-05-18 17:18:00,2000-05-18 17:18:00,True,True
1096980,5151357,Indiana,33,De Kalb,IWX,2000-07-09 19:38:00,EST,2000-07-09 19:38:00,0,0,0,0,50K,,LAW ENFORCEMENT,F1,Unknown,0.1,30.0,,,,,41.43333,-85.15,41.43333,-85.15,,This tornado was the first of two weak tornadoes that formed from the same storm. The first touchdown occurred at SR327 and CR16 in the western part of the county. A mobile home was blown off its foundation and completely destroyed. A garage/shed to the northwest of this home sustained damaged to the roof and the garage door was ripped off and left inside the garage.,IN,2000-07-09 20:38:00,2000-07-09 20:38:00,True,True
1096980,5151358,Indiana,33,De Kalb,IWX,2000-07-09 19:45:00,EST,2000-07-09 19:45:00,0,0,0,0,5K,,LAW ENFORCEMENT,F0,Unknown,0.1,50.0,,,,,41.43333,-85.1,41.43333,-85.1,,This second tornado touched down just west of Sedan on US HWY6. Damage at this location consisted of large tree branches being torn off trees and a few small trees being blown over. A garage made of concrete blocks was shifted off its foundation to the southwest a couple of inches. The roof was also peeled off of a small house at CR19 and US6.,IN,2000-07-09 20:45:00,2000-07-09 20:45:00,True,True
1096072,5147843,North Dakota,35,Grand Forks,FGF,2000-06-12 18:43:00,CST,2000-06-12 18:48:00,0,0,0,0,,,STORM CHASER,F1,Unknown,0.5,200.0,,,,,47.85,-97.28333,47.85,-97.28333,,A fairly large tornado touched down and clipped some power lines and trees.,ND,2000-06-12 19:43:00,2000-06-12 19:48:00,True,True
1098454,5153753,North Carolina,143,Perquimans,AKQ,2000-06-22 15:49:00,EST,2000-06-22 15:55:00,0,0,0,0,0,0,EMERGENCY MANAGER,F0,Unknown,0.2,20.0,,,,,36.26667,-76.53333,36.26667,-76.53333,,Tornado spotted at Beach Springs Road and Hog Alley Road. No known damage or injuries.,NC,2000-06-22 16:49:00,2000-06-22 16:55:00,True,True
1097159,5151162,Illinois,135,Montgomery,LSX,2000-06-20 13:40:00,CST,2000-06-20 13:55:00,0,0,0,0,,,NWS STORM SURVEY,F0,Unknown,10.3,50.0,,,,,39.06667,-89.46667,39.11667,-89.26667,,"A small tornado left an intermittent damage path across southeast Montgomery County. One grain bin was destroyed, otherwise damage was limited to downed trees and some power lines.",IL,2000-06-20 14:40:00,2000-06-20 14:55:00,True,True
1097542,5151657,Georgia,229,Pierce,JAX,2000-06-04 16:21:00,EST,2000-06-04 16:25:00,0,0,0,0,0K,,EMERGENCY MANAGER,F0,Unknown,0.1,5.0,,,,,31.25,-82.31667,31.25,-82.31667,,No damage.,GA,2000-06-04 17:21:00,2000-06-04 17:25:00,True,True
1096284,5147917,Iowa,49,Dallas,DMX,2000-06-12 16:03:00,CST,2000-06-12 16:03:00,0,0,0,0,,,BROADCAST MEDIA,F0,Unknown,0.1,20.0,,,,,41.73333,-94.25,41.73333,-94.25,"A very moist and unstable airmass was in place over the central U.S. Surface dew point temperatures were in the mid 60s to low 70s across the area. A quasi-stationary front was stretched east to west across west central into southeast Iowa. Thunderstorms erupted along and to the north of the boundary. Many of the storms produced hail of pea to marble size, along with very heavy rainfall. One of the cells became severe and dropped large hail in a swath from Crawford County into Dallas County. Hail of golf ball size was reported with this cell in several locations. One report of nearly tennis ball size hail was received from east of Adel. The storm produced a couple of brief tornado touchdowns. The touchdowns were very brief and in open country. As a result, no damage was reported. The tornadoes were wrapped in the rain and were no more than rope tornadoes at best. The storm weakened very rapidly as it encountered the outflow boundary from further convection to its southeast.",Brief rope tornado,IA,2000-06-12 17:03:00,2000-06-12 17:03:00,True,True
1096284,5147918,Iowa,49,Dallas,DMX,2000-06-12 16:30:00,CST,2000-06-12 16:30:00,0,0,0,0,,,BROADCAST MEDIA,F0,Unknown,0.1,20.0,,,,,41.71667,-94.1,41.71667,-94.1,"A very moist and unstable airmass was in place over the central U.S. Surface dew point temperatures were in the mid 60s to low 70s across the area. A quasi-stationary front was stretched east to west across west central into southeast Iowa. Thunderstorms erupted along and to the north of the boundary. Many of the storms produced hail of pea to marble size, along with very heavy rainfall. One of the cells became severe and dropped large hail in a swath from Crawford County into Dallas County. Hail of golf ball size was reported with this cell in several locations. One report of nearly tennis ball size hail was received from east of Adel. The storm produced a couple of brief tornado touchdowns. The touchdowns were very brief and in open country. As a result, no damage was reported. The tornadoes were wrapped in the rain and were no more than rope tornadoes at best. The storm weakened very rapidly as it encountered the outflow boundary from further convection to its southeast.",Brief rope tornado,IA,2000-06-12 17:30:00,2000-06-12 17:30:00,True,True
1096587,5150393,Kentucky,141,Logan,LMK,2000-05-24 17:24:00,EST,2000-05-24 17:24:00,0,0,0,0,,,LAW ENFORCEMENT,F0,Unknown,0.1,25.0,,,,,36.86667,-86.7,36.86667,-86.7,,"A tornado touched down briefly along Liberty Church Road in Auburn. The path length and width are estimated. No damage was done, so the intensity is also an estimate.",KY,2000-05-24 18:24:00,2000-05-24 18:24:00,True,True
1096587,5150401,Kentucky,227,Warren,LMK,2000-05-24 19:45:00,EST,2000-05-24 19:45:00,0,0,0,0,,,EMERGENCY MANAGER,F0,Unknown,0.1,25.0,,,,,36.98333,-86.43333,36.98333,-86.43333,,"No damage was reported, so path length and width, and tornado intensity are estimated.",KY,2000-05-24 20:45:00,2000-05-24 20:45:00,True,True
1095970,5147406,Colorado,121,Washington,BOU,2000-05-17 13:45:00,MST,2000-05-17 13:45:00,0,0,0,0,,,TRAINED SPOTTER,F0,Unknown,0.1,25.0,,,,,40.41667,-102.86667,40.41667,-102.86667,"A powder keg of severe weather occurred over the northeast plains of Colorado. The environment became strongly sheared in the vicinity of an intense surface low pressure system allowing for the formation of over two dozen tornadoes. In addition to the tornadoes, large hail. strong thunderstorm winds and heavy rain accompanied the storms. Rainfall amounts generally ranged from 1 to 2 inches, with some minor flooding occuring in parts of Morgan County. Considering the high volume of tornadoes reported, many touching down at or near the same time, the damage was relatively minimal.",,CO,2000-05-17 14:45:00,2000-05-17 14:45:00,True,True
1096092,5149361,Pennsylvania,71,Lancaster,CTP,2000-05-10 15:45:00,EST,2000-05-10 15:50:00,0,0,0,0,,,EMERGENCY MANAGER,F0,Unknown,6.0,30.0,,,,,39.98333,-76.38333,39.98333,-76.28333,,"A small F0 tornado touched down at about 4:45 pm EDT in Lancaster County, south of Millersville, and west of Salisbury in Manor Township. The storm moved east along an intermittent path through West Lampeter Township, ending west of Strasburg. Two tobacco barns were shifted off their foundations in Manor Township along Route 999 west of Millersville. In addition, a number of trees had their tops blown off and at least 20 were uprooted in West Lampeter Township. A farmer reported seeing the funnel shaped cloud cross the area where the damage occurred.",PA,2000-05-10 16:45:00,2000-05-10 16:50:00,True,True
1096603,5149590,Illinois,171,Scott,ILX,2000-05-26 22:16:00,CST,2000-05-26 22:19:00,0,0,0,0,,,NWS STORM SURVEY,F0,Unknown,3.5,70.0,,,,,39.51667,-90.58333,39.53333,-90.51667,,"This tornado formed on the leading edge of a bow echo over extreme eastern portions of Pike County (WFO St. Louis CWA) just north of Bedford, then crossed the Illinois River into Scott County (WFO Central Illinois CWA). It moved east northeast but little damage was found in the river bottoms area. Once the tornado crossed the bluffs 2.3 miles west southwest of Glasgow, scattered damage was found (numerous trees blown over) before it lifted and dissipated 2 miles west southwest of Glasgow.",IL,2000-05-26 23:16:00,2000-05-26 23:19:00,True,True
1096072,5147464,North Dakota,35,Grand Forks,FGF,2000-06-12 18:03:00,CST,2000-06-12 18:03:00,0,0,0,0,,,TRAINED SPOTTER,F0,Unknown,0.5,25.0,,,,,47.95,-97.5,47.95,-97.5,,Air traffic controllers at the GFAFB ATC tower reported a brief tornado touchdown.,ND,2000-06-12 19:03:00,2000-06-12 19:03:00,True,True
1095970,5147474,Colorado,75,Logan,BOU,2000-05-17 14:47:00,MST,2000-05-17 14:47:00,0,0,0,0,,,TRAINED SPOTTER,F0,Unknown,0.1,25.0,,,,,40.63333,-102.71667,40.63333,-102.71667,"A powder keg of severe weather occurred over the northeast plains of Colorado. The environment became strongly sheared in the vicinity of an intense surface low pressure system allowing for the formation of over two dozen tornadoes. In addition to the tornadoes, large hail. strong thunderstorm winds and heavy rain accompanied the storms. Rainfall amounts generally ranged from 1 to 2 inches, with some minor flooding occuring in parts of Morgan County. Considering the high volume of tornadoes reported, many touching down at or near the same time, the damage was relatively minimal.",,CO,2000-05-17 15:47:00,2000-05-17 15:47:00,True,True
1096601,5149221,Illinois,113,Mclean,ILX,2000-05-18 18:25:00,CST,2000-05-18 18:25:00,0,0,0,0,0,0,LAW ENFORCEMENT,F0,Unknown,0.1,20.0,,,,,40.35,-88.78333,40.35,-88.78333,,Another tornado touched down in a field 1 mile west of LeRoy. No injuries or damage were reported.,IL,2000-05-18 18:25:00,2000-05-18 18:25:00,False,False
1096601,5149222,Illinois,19,Champaign,ILX,2000-05-18 18:45:00,CST,2000-05-18 18:45:00,0,0,0,0,0,0,EMERGENCY MANAGER,F0,Unknown,0.1,10.0,,,,,40.25,-88.2,40.25,-88.2,,A tornado briefly touched down in a field 1.5 miles northwest of Thomasboro. No injuries or damage were reported.,IL,2000-05-18 19:45:00,2000-05-18 19:45:00,True,True
1096308,5147615,Oklahoma,15,Caddo,OUN,2000-05-26 18:57:00,CST,2000-05-26 19:03:00,0,0,0,0,0,,STORM CHASER,F0,Unknown,2.5,100.0,,,,,35.31667,-98.45,35.28333,-98.41667,"Severe thunderstorms formed over portions of western and central Oklahoma during the early evening of the 26th and moved eastward through the evening. In addition to areas of severe wind and hail, 3 tornadoes were confirmed.","This tornado was observed by several storm chasers 6.5 miles west of Binger in Caddo County just north of State Route 152. During the early stages of its development, the tornado was embedded in rapidly rotating rain curtains believed to have been upwards of 1/2 to 3/4 of a mile wide, however the tornado which eventually emerged was estimated to be only 100 yards wide. As the tornado dissipated, while crossing State Route 152, several vortices formed, which rapidly evolved into one, small, rope-like funnel. No damage was observed or reported, and thus the tornado was rated F0.",OK,2000-05-26 19:57:00,2000-05-26 20:03:00,True,True
1096915,5151365,Kansas,53,Ellsworth,ICT,2000-06-13 16:10:00,CST,2000-06-13 16:10:00,0,0,0,0,10K,,TRAINED SPOTTER,F1,Unknown,1.0,110.0,,,,,38.6,-98.03333,38.6,-98.03333,,"Though shortlived, tornado caused damage to a farmstead.",KS,2000-06-13 17:10:00,2000-06-13 17:10:00,True,True
1096286,5147640,Iowa,127,Marshall,DMX,2000-06-13 17:44:00,CST,2000-06-13 18:00:00,0,0,0,0,150K,5K,FIRE DEPT/RESCUE SQUAD,F1,Unknown,14.0,40.0,,,,,42.08333,-93.25,42.1,-93.0,"The weather situation during the afternoon was similar to that had taken place in the morning with the exception that the convection in the afternoon was ahead of the cold front instead of the warm front. The upper air pattern remained very dynamic with a powerful upper level jet stream punching into Iowa. The airmass was very unstable. Thunderstorms erupted quite rapidly during the early afternoon hours to the west of Iowa. They moved into the state during the early afternoon with several reports of tornadoes in the far west. The storms weakened somewhat before entering the Des Moines CWA. They took on the form of a line echo wave pattern as they headed across the state. Portions of the line bowed out and produced high winds in many areas. Indeed, high winds was the main severe threat with this line as it raced across the state. There were numerous reports of trees and power lines downed by the high winds. Gusts to around 80 mph swept into Cass County as the line moved through. Fortunately, this gust occurred in largely open area. The storms caused more structural damage as they headed into the more populated central Iowa counties. High winds damaged a farmstead in Story County south of Collins. Another farmstead north of Collins sustained damage to a barn and part of the house. As the storms progressed east, high winds flattened a barn and broke windows out of a house southwest of State Center in Marshall County. A tornado dropped out of the storm as it moved across Marshall County as well. The track was intermittent, but the tornado did cause damage to at least two farmsteads along its path. Another storm produced a brief tornado touchdown in Tama County. The tornado did little damage, but did manage to hit and knock over a couple of transformers east of Garwin. There was little hail reported with the storms, however one inch diameter hail was reported in Grundy County as Dike. As the thunderstorms moved through the Calhoun County area, lightning struck a gas meter on a house in Farnhamville. The lightning blew out the gas meter, melted the phones in the home, and caused some structural damage to the building itself.",Intermittent track,IA,2000-06-13 18:44:00,2000-06-13 19:00:00,True,True
1097444,5151620,Nebraska,25,Cass,OAX,2000-06-13 14:54:00,CST,2000-06-13 14:54:00,0,0,0,0,,,EMERGENCY MANAGER,F0,Unknown,0.1,40.0,,,,,40.98333,-96.4,40.98333,-96.4,,Brief tornado touchdown in open fields.,NE,2000-06-13 15:54:00,2000-06-13 15:54:00,True,True
1096748,5149787,Missouri,31,Cape Girardeau,PAH,2000-06-26 12:36:00,CST,2000-06-26 12:41:00,0,0,0,0,,,EMERGENCY MANAGER,F0,Unknown,0.2,30.0,,,,,37.23333,-89.66667,37.23333,-89.65,,A weak tornado was caught on videotape over southern Cape Girardeau County in the Dutchtown area. The thunderstorm cell which produced this weak tornado was very small and short-lived. No damage was reported since the funnel cloud touched down very briefly in an open field.,MO,2000-06-26 13:36:00,2000-06-26 13:41:00,True,True
1095970,5147475,Colorado,75,Logan,BOU,2000-05-17 15:00:00,MST,2000-05-17 15:00:00,0,0,0,0,10K,,TRAINED SPOTTER,F1,Unknown,0.2,50.0,,,,,40.68333,-102.83333,40.68333,-102.83333,"A powder keg of severe weather occurred over the northeast plains of Colorado. The environment became strongly sheared in the vicinity of an intense surface low pressure system allowing for the formation of over two dozen tornadoes. In addition to the tornadoes, large hail. strong thunderstorm winds and heavy rain accompanied the storms. Rainfall amounts generally ranged from 1 to 2 inches, with some minor flooding occuring in parts of Morgan County. Considering the high volume of tornadoes reported, many touching down at or near the same time, the damage was relatively minimal.","A small tornado touched down, damaging some weather equipment and several nearby structures.",CO,2000-05-17 16:00:00,2000-05-17 16:00:00,True,True
1097705,5151942,Wisconsin,131,Washington,MKX,2000-06-01 17:25:00,CST,2000-06-01 17:28:00,0,0,0,0,,100K,LAW ENFORCEMENT,F0,Unknown,1.5,50.0,,,,,43.38333,-88.38333,43.38333,-88.36667,"One would be hard pressed to find another day like June 1, 2000 in terms of depth and range of severe, convective weather events across south-central and southeast Wisconsin. Tornadoes, widespread and localized flash flooding, funnel clouds, damaging hurricane-force, straight-line winds associated with a wicked squall-line, large hail stones, urban/small flooding, lightning strikes, and significant mainstem river flooding were reported. As in the preceding weeks, a quasi-stationary front over northern Illinois served as a boundary for warm, moist, unstable air to be pulled north over the cooler air over Wisconsin. Leftover flooding (from the evening of May 31, 2000) and isolated severe thunderstorms were noted during the pre-dawn to mid morning hours. However a powerful squall-line formed along the Mississippi River in the La Crosse area by mid-afternoon, and pushed into south-central Wisconsin by late afternoon with ""all hell breaking loose."" After the squall line moved into the southeast part of the state, it was followed by widespread showers and thunderstorms that triggered additional flooding problems. The east/southeast moving storms would not end until around 2300CST. As a result of the wild weather events, a State of Emergency was declared in Columbia, Dane, Dodge, Green, Iowa, Lafayette, Rock, and Sauk counties. Numerous power lines were knocked down by felled trees or wind gusts outright, resulting in the lose of power to 20,000 customers. Significant storm and flooding events will be summarized below county by county.Marquette Co: 6 homes were damaged and trees uprooted by powerful winds estimated at 70 knots (80 mph) in Briggsville. Urban flooding in Briggsville was also noted with water 6 inches deep.Green Lake Co: powerful winds knocked down trees in both Kingston and Markesan, and large hail was noted.Fond du Lac Co: a brief, F0 tornado spun up in the rural area southeast of Oak Center. Only some hay crop was damaged. Elsewhere, urban flooding and large hail was noted. Between 1700 and 1900CST, 1.71 inches of rain fell in the city of Fond du Lac.Sheboygan Co: powerful thunderstorm winds pushed over trees in the southern portions. Sauk Co: powerful winds blew over large trees in the Reedsburg to Baraboo area as well as around Prairie du Sac. Then the heavens oped up as 3.75 inches of rain fell between 1600 and 1645CST in North Freedom. There were other reports of up to 6 inches of rain falling in 2 hours. Flash flooding developed along Narrows Creek which left mud marks 8 feet high on some buildings. So much water came down Narrows Creek that it temporarily backed up the water of the Baraboo River! The Baraboo River flooded homes, and other creeks tore pieces of Highways 12 and 113 away. Road beds and parking lots were ripped away on the south side of Baraboo. Some railroad beds and many drainage culverts across the county were washed away. Severe erosion was noted on the cliffs overlooking the north shore of Devils Lake, whose water level rose about 3 feet due to runoff. All together, 153 residential homes were damaged, 17 businesses reported water damage, and 220,000 acres of farm land sustained water or erosion damage. The flooding was more widespread and worse than the 1993 flood, based on newspaper accounts. The Baraboo River near Baraboo crested at 22.04 feet on June 2nd, or 6.04 feet above flood stage (moderate flooding), after rising above flood stage at 0400CST on the 1st. Upriver at Rock Springs, the flood stage of 18.5 feet was exceeded at 1630CST on the 1st, and the crest was 21.71 feet at 0750CST on the 2nd (major flooding). Columbia Co: powerful winds uprooted large trees in and around Portage. In addition, a garage was damaged, several vehicles were blown into roadside ditches quickly reached a depth of 1 to 3 feet over portions of Highway 12 around Portage, and on Highway 73 in the southeast corner where residents were evacuated. Gravel road shoulder and culvert washouts were reported on some roads. Agricultural crop damage and soil erosion were also noted.Dodge Co: the main event was a long-lived tornado that spun up just south of Highway S about 4 miles south of Horicon, just southwest of the intersection of Highways S and E. Eyewitness accounts suggested that this tornado was a rain-wrapped and multi-vortex as it hopped-skipped east/southeast through the heart of the village of Iron Ridge (F2 at this time, 140-50 mph wind), before exiting the county on Highway S. All together, this F2 tornado destroyed 6 homes, and damaged 26 other homes, 6 businesses, 2 barns, 1 silo, semi-tractor trailer, a green house, and many cars. It destroyed 5 agricultural buildings. No one was injured or killed by this early-warned tornado. Five other barns were damaged in the county by the powerful straight-line winds associated with the squall-line. In addition, large hail up to walnut size was noted. Flash flooding was reported in the southeast part of the county when 1.5 inches of rain fell in a short period of time. Soil erosion and shoulder washouts were reported near the intersection of Highways 60 and P, south of Rubicon.Washington Co: the Dodge County tornado continued into Washington County for about 1.5 miles near and along Highway S. It damaged a barn and silo and uprooted more trees before dissipating. The tornado in this county had winds estimated at 80 mph, or F1 strength. No one was injured or killed. Flash flooding was reported south of Hartford where soil erosion and gravel shoulder washouts occurred due to swirling flood waters. Otherwise, large hail and tree-uprooting winds were noted in Germantown.Iowa Co: Pre-dawn flash flooding occurred across the northern portion of Iowa County due to leftover thunderstorms that hit the county on May 31st. Morrey Creek overflowed it banks in the village of Avoca, damaging 35 homes and eroding surrounding landscaping. In Dodge State Park near Dodgeville, 50 miles of trails were closed after several bridges were washed out by flooding waters. In addition, gravel road shoulder and culvert washouts were noted on several roads. Another round of flash flooding occurred across the northern portion of the county thanks to torrential rains of 2 to 4 inches in 1 to 2 hours in the late afternoon and early evening hours. An estimated 10,250 acres sustained major soil erosion and many roads had water depths of 1 to 3 feet as water currents washed away gravel shoulders. Crop damage was extensive. Dane Co: pre-dawn severe storms dumped large hail and knocked down many tree limbs in the Madison area. During the same storm, lightning struck a west-side Madison hotel, resulting in damage to its electrical system. Urban/small stream flooding was noted in the pre-dawn hours across the northern part of the county with water covering low spots on Highways 12, 73, and 113. A couple streets were flooded and closed in the village of Mazomanie due to high water levels on the Black Earth Creek. Sandbagging was needed to protect about a dozen homes in Mazomanie. Powerful thunderstorm winds uprooted trees which then damaged many vehicles in the Madison to Cottage Grove area during the evening. At least 60 trees blocked various roads in the Madison area, and 18 power lines were reported down. Roof tiles were also removed from some homes as the winds gusted to an estimated 70 knots (80 mph). An expensive gazebo was destroyed by uprooted trees in the city of Monona. Shortly thereafter, flash-flood producing rains hit much of the county. Madison streets were rivers as 27 cars were stranded or pushed around. It was the worst flooding the city during the past 15 years. Sandbagging commenced in Monona to protect homes. Many roads across the county were damaged by flood waters, with most damage in the northwest part of the county. In the village of Oregon, 1.90 inches of rain was measured in just 45 minutes ending at 1830CST. Additional soil erosion and ponding of water resulted in extensive, severe crop damage across the county. Collectively, wind and/or flood damage occurred to at least 646 residential homes in the county, and to 3 businesses. Probably 30,000 acres of farm land had significant crop damage. A new daily rainfall record of 3.46 inches was set at Madison's Traux Field, breaking the old record of 1.33 inches set back in 1892. Runoff from this rainfall eventually pushed Lake Mendota to 31.5 inches above its normal summer level on June 5th, which was the highest reading since the beginning of records in 1916. In response to the high lake levels in Dane county, many nearby homes were sandbagged, and public beach and boat docks were closed.Jefferson Co: an early morning, severe thunderstorm dumped large hail on Lake Mills. Another storm's lightning struck a Ft. Atkinson church steeple, resulting in structural and water damage. The evening storms generated damaging winds that uprooted large trees. Lightning started a minor fire on a Lake Mills home's roof. Heavy rains of 2 to 3 inches during the evening generated scattered flash flooding across the county, mostly in the form of gravel shoulder washouts of several roads. Roads near the Rock River in Ft. Atkinson were closed due to the swirling waters. Soil erosion and crop washouts were noted across the county. Rainfall totals of 2.39 inches and 2.72 inches were noted in Ft. Atkinson and Jefferson, respectively. The heavy rains forced the Crawfish River at Milford to exceed the flood stage of 7 feet on June 2nd , and crest at 8.38 feet on June 7th (moderate flooding). Waukesha Co: powerful thunderstorm winds uprooted trees in the Genesee area.Milwaukee Co: large hail was reported in the city of Milwaukee. Torrential rains of around 2 inches in 1 to 2 hours in the city of Fox Point resulted in flash flooding in that city. Landscaping damage and some road damage was noted due to swift water currents.Lafayette Co: a brief tornado occurred north of Calamine. It damaged 2 large pole sheds and uprooted many trees along its short path. Several calves were injured as they were pushed across the road. Eyewitness accounts suggest this F1 tornado (winds about 100 mph) was rain-wrapped. Otherwise, the squall line's powerful winds uprooted trees and over-turned a car-trailer combo east of Belmont. Similar to other counties, flash-flood producing rains followed the winds. Across the county, all mainstem river, stream, creeks, and other low spots experienced flash flooding. Bridge under-cutting was noted on Highway K outside of Gratiot, on Highway H in Jenkynsville, and Highway G in the northwest corner. Moderate to severe damage to road shoulders and washed out driveways was noted countywide. Twenty-one roads were closed at one time or another. At least 75 residential homes and 5 businesses reported flood damage, while 2 private utility buildings suffered damage. Two farm buildings were destroyed by the flood waters, and 15 others damaged. About 7000 acres of farm land were severely damaged. The Pecatonica River in Darlington closed down Highway 23 from the south. The river at this location exceeded the flood stage of 11 feet late on May 31st, and crested at 15.77 feet at 0730CST on June 1st (moderate flooding). Near South Wayne, lightning started a minor house fire.Green Co: pre-dawn and morning urban/small stream flooding occurred countywide due to rainfall that started on May 31st. The rains ended by sunrise. Up to 5 inches of rain fell overnight in the southwest part of the county. Many streams were 5 to 10 feet wide, resulting in water covering low-lying roads to a depth of 1 foot. Several cars were swept into roadside ditches. Urban basements had minor flood damage. Additional heavy rains followed the evening squall line which resulted in a new round of flash flooding across much of the county. Eight miles of the 24 mile long Sugar River State Trail were closed from near Monticello to near Albany due to washed out bridges and undercut paths. Five homes sustained significant damage. Numerous roads were closed due to high water levels and dozens of vehicles were stranded or pushed into roadside ditches. Gravel road shoulder and culvert washouts were noted countywide. Water levels in the city of Brodhead were the highest in many years. Legion Park in Albany was closed after the adjacent Sugar River exceeded flood stage. Moderate to severe soil erosion was noted to 5000 acres of farm fields. The Pecatonica River at Martintown exceeded the flood stage of 13.5 feet at 0000CST on June 1st, and crested at 18.51 feet on June 4th (moderate flooding).Rock Co: powerful thunderstorm winds downed large trees in scattered parts of the county. However, flash-flood producing rains hit during the evening hours. Most mainstem and nearly all streams and creeks jumped their banks. Nine roads along Lake Koshkonong sustained washout damage due to swift water currents. At least 100 homes outside of the major cities sustained damage. Many Beloit and Janesville homes in low spots reported landscape flood damage as well as basement flooding. Flash flood waters also tore through farm fields, leaving moderate to severe soil erosion and crop damage to at least 20,000 acres. Flood waters from the Sugar River in the southwest corner of the county closed roads west of the village of Avon.Walworth Co: no damage reports.Kenosha Co: several rounds of heavy rains during the evening on top of previously saturated soils and high river levels resulted in flash flooding scattered across the county. Several roads had fast-flowing waters 1 to 3 feet deep which resulted in shoulder washouts and cars being swept into roadside ditches. At least 75 homes sustained significant flood damage in the Wheatland, Salem, and Silver Lake areas. About 47,000 acres of farm land had serious soil erosion, and washed or flooded crops. Due to rainfall totals during the evening of 2 to 3 inches, the Fox River at New Munster continued to rise and would eventually crest at 12.76 feet early on June 3rd, or 2.76 feet above flood stage. Three homes Silver Lake homes were evacuated.",,WI,2000-06-01 18:25:00,2000-06-01 18:28:00,True,True
1097705,5151945,Wisconsin,65,Lafayette,MKX,2000-06-01 17:02:00,CST,2000-06-01 17:03:00,0,0,0,0,100K,,NEWSPAPER,F1,Unknown,0.5,75.0,,,,,42.76667,-90.18333,42.76667,-90.16667,"One would be hard pressed to find another day like June 1, 2000 in terms of depth and range of severe, convective weather events across south-central and southeast Wisconsin. Tornadoes, widespread and localized flash flooding, funnel clouds, damaging hurricane-force, straight-line winds associated with a wicked squall-line, large hail stones, urban/small flooding, lightning strikes, and significant mainstem river flooding were reported. As in the preceding weeks, a quasi-stationary front over northern Illinois served as a boundary for warm, moist, unstable air to be pulled north over the cooler air over Wisconsin. Leftover flooding (from the evening of May 31, 2000) and isolated severe thunderstorms were noted during the pre-dawn to mid morning hours. However a powerful squall-line formed along the Mississippi River in the La Crosse area by mid-afternoon, and pushed into south-central Wisconsin by late afternoon with ""all hell breaking loose."" After the squall line moved into the southeast part of the state, it was followed by widespread showers and thunderstorms that triggered additional flooding problems. The east/southeast moving storms would not end until around 2300CST. As a result of the wild weather events, a State of Emergency was declared in Columbia, Dane, Dodge, Green, Iowa, Lafayette, Rock, and Sauk counties. Numerous power lines were knocked down by felled trees or wind gusts outright, resulting in the lose of power to 20,000 customers. Significant storm and flooding events will be summarized below county by county.Marquette Co: 6 homes were damaged and trees uprooted by powerful winds estimated at 70 knots (80 mph) in Briggsville. Urban flooding in Briggsville was also noted with water 6 inches deep.Green Lake Co: powerful winds knocked down trees in both Kingston and Markesan, and large hail was noted.Fond du Lac Co: a brief, F0 tornado spun up in the rural area southeast of Oak Center. Only some hay crop was damaged. Elsewhere, urban flooding and large hail was noted. Between 1700 and 1900CST, 1.71 inches of rain fell in the city of Fond du Lac.Sheboygan Co: powerful thunderstorm winds pushed over trees in the southern portions. Sauk Co: powerful winds blew over large trees in the Reedsburg to Baraboo area as well as around Prairie du Sac. Then the heavens oped up as 3.75 inches of rain fell between 1600 and 1645CST in North Freedom. There were other reports of up to 6 inches of rain falling in 2 hours. Flash flooding developed along Narrows Creek which left mud marks 8 feet high on some buildings. So much water came down Narrows Creek that it temporarily backed up the water of the Baraboo River! The Baraboo River flooded homes, and other creeks tore pieces of Highways 12 and 113 away. Road beds and parking lots were ripped away on the south side of Baraboo. Some railroad beds and many drainage culverts across the county were washed away. Severe erosion was noted on the cliffs overlooking the north shore of Devils Lake, whose water level rose about 3 feet due to runoff. All together, 153 residential homes were damaged, 17 businesses reported water damage, and 220,000 acres of farm land sustained water or erosion damage. The flooding was more widespread and worse than the 1993 flood, based on newspaper accounts. The Baraboo River near Baraboo crested at 22.04 feet on June 2nd, or 6.04 feet above flood stage (moderate flooding), after rising above flood stage at 0400CST on the 1st. Upriver at Rock Springs, the flood stage of 18.5 feet was exceeded at 1630CST on the 1st, and the crest was 21.71 feet at 0750CST on the 2nd (major flooding). Columbia Co: powerful winds uprooted large trees in and around Portage. In addition, a garage was damaged, several vehicles were blown into roadside ditches quickly reached a depth of 1 to 3 feet over portions of Highway 12 around Portage, and on Highway 73 in the southeast corner where residents were evacuated. Gravel road shoulder and culvert washouts were reported on some roads. Agricultural crop damage and soil erosion were also noted.Dodge Co: the main event was a long-lived tornado that spun up just south of Highway S about 4 miles south of Horicon, just southwest of the intersection of Highways S and E. Eyewitness accounts suggested that this tornado was a rain-wrapped and multi-vortex as it hopped-skipped east/southeast through the heart of the village of Iron Ridge (F2 at this time, 140-50 mph wind), before exiting the county on Highway S. All together, this F2 tornado destroyed 6 homes, and damaged 26 other homes, 6 businesses, 2 barns, 1 silo, semi-tractor trailer, a green house, and many cars. It destroyed 5 agricultural buildings. No one was injured or killed by this early-warned tornado. Five other barns were damaged in the county by the powerful straight-line winds associated with the squall-line. In addition, large hail up to walnut size was noted. Flash flooding was reported in the southeast part of the county when 1.5 inches of rain fell in a short period of time. Soil erosion and shoulder washouts were reported near the intersection of Highways 60 and P, south of Rubicon.Washington Co: the Dodge County tornado continued into Washington County for about 1.5 miles near and along Highway S. It damaged a barn and silo and uprooted more trees before dissipating. The tornado in this county had winds estimated at 80 mph, or F1 strength. No one was injured or killed. Flash flooding was reported south of Hartford where soil erosion and gravel shoulder washouts occurred due to swirling flood waters. Otherwise, large hail and tree-uprooting winds were noted in Germantown.Iowa Co: Pre-dawn flash flooding occurred across the northern portion of Iowa County due to leftover thunderstorms that hit the county on May 31st. Morrey Creek overflowed it banks in the village of Avoca, damaging 35 homes and eroding surrounding landscaping. In Dodge State Park near Dodgeville, 50 miles of trails were closed after several bridges were washed out by flooding waters. In addition, gravel road shoulder and culvert washouts were noted on several roads. Another round of flash flooding occurred across the northern portion of the county thanks to torrential rains of 2 to 4 inches in 1 to 2 hours in the late afternoon and early evening hours. An estimated 10,250 acres sustained major soil erosion and many roads had water depths of 1 to 3 feet as water currents washed away gravel shoulders. Crop damage was extensive. Dane Co: pre-dawn severe storms dumped large hail and knocked down many tree limbs in the Madison area. During the same storm, lightning struck a west-side Madison hotel, resulting in damage to its electrical system. Urban/small stream flooding was noted in the pre-dawn hours across the northern part of the county with water covering low spots on Highways 12, 73, and 113. A couple streets were flooded and closed in the village of Mazomanie due to high water levels on the Black Earth Creek. Sandbagging was needed to protect about a dozen homes in Mazomanie. Powerful thunderstorm winds uprooted trees which then damaged many vehicles in the Madison to Cottage Grove area during the evening. At least 60 trees blocked various roads in the Madison area, and 18 power lines were reported down. Roof tiles were also removed from some homes as the winds gusted to an estimated 70 knots (80 mph). An expensive gazebo was destroyed by uprooted trees in the city of Monona. Shortly thereafter, flash-flood producing rains hit much of the county. Madison streets were rivers as 27 cars were stranded or pushed around. It was the worst flooding the city during the past 15 years. Sandbagging commenced in Monona to protect homes. Many roads across the county were damaged by flood waters, with most damage in the northwest part of the county. In the village of Oregon, 1.90 inches of rain was measured in just 45 minutes ending at 1830CST. Additional soil erosion and ponding of water resulted in extensive, severe crop damage across the county. Collectively, wind and/or flood damage occurred to at least 646 residential homes in the county, and to 3 businesses. Probably 30,000 acres of farm land had significant crop damage. A new daily rainfall record of 3.46 inches was set at Madison's Traux Field, breaking the old record of 1.33 inches set back in 1892. Runoff from this rainfall eventually pushed Lake Mendota to 31.5 inches above its normal summer level on June 5th, which was the highest reading since the beginning of records in 1916. In response to the high lake levels in Dane county, many nearby homes were sandbagged, and public beach and boat docks were closed.Jefferson Co: an early morning, severe thunderstorm dumped large hail on Lake Mills. Another storm's lightning struck a Ft. Atkinson church steeple, resulting in structural and water damage. The evening storms generated damaging winds that uprooted large trees. Lightning started a minor fire on a Lake Mills home's roof. Heavy rains of 2 to 3 inches during the evening generated scattered flash flooding across the county, mostly in the form of gravel shoulder washouts of several roads. Roads near the Rock River in Ft. Atkinson were closed due to the swirling waters. Soil erosion and crop washouts were noted across the county. Rainfall totals of 2.39 inches and 2.72 inches were noted in Ft. Atkinson and Jefferson, respectively. The heavy rains forced the Crawfish River at Milford to exceed the flood stage of 7 feet on June 2nd , and crest at 8.38 feet on June 7th (moderate flooding). Waukesha Co: powerful thunderstorm winds uprooted trees in the Genesee area.Milwaukee Co: large hail was reported in the city of Milwaukee. Torrential rains of around 2 inches in 1 to 2 hours in the city of Fox Point resulted in flash flooding in that city. Landscaping damage and some road damage was noted due to swift water currents.Lafayette Co: a brief tornado occurred north of Calamine. It damaged 2 large pole sheds and uprooted many trees along its short path. Several calves were injured as they were pushed across the road. Eyewitness accounts suggest this F1 tornado (winds about 100 mph) was rain-wrapped. Otherwise, the squall line's powerful winds uprooted trees and over-turned a car-trailer combo east of Belmont. Similar to other counties, flash-flood producing rains followed the winds. Across the county, all mainstem river, stream, creeks, and other low spots experienced flash flooding. Bridge under-cutting was noted on Highway K outside of Gratiot, on Highway H in Jenkynsville, and Highway G in the northwest corner. Moderate to severe damage to road shoulders and washed out driveways was noted countywide. Twenty-one roads were closed at one time or another. At least 75 residential homes and 5 businesses reported flood damage, while 2 private utility buildings suffered damage. Two farm buildings were destroyed by the flood waters, and 15 others damaged. About 7000 acres of farm land were severely damaged. The Pecatonica River in Darlington closed down Highway 23 from the south. The river at this location exceeded the flood stage of 11 feet late on May 31st, and crested at 15.77 feet at 0730CST on June 1st (moderate flooding). Near South Wayne, lightning started a minor house fire.Green Co: pre-dawn and morning urban/small stream flooding occurred countywide due to rainfall that started on May 31st. The rains ended by sunrise. Up to 5 inches of rain fell overnight in the southwest part of the county. Many streams were 5 to 10 feet wide, resulting in water covering low-lying roads to a depth of 1 foot. Several cars were swept into roadside ditches. Urban basements had minor flood damage. Additional heavy rains followed the evening squall line which resulted in a new round of flash flooding across much of the county. Eight miles of the 24 mile long Sugar River State Trail were closed from near Monticello to near Albany due to washed out bridges and undercut paths. Five homes sustained significant damage. Numerous roads were closed due to high water levels and dozens of vehicles were stranded or pushed into roadside ditches. Gravel road shoulder and culvert washouts were noted countywide. Water levels in the city of Brodhead were the highest in many years. Legion Park in Albany was closed after the adjacent Sugar River exceeded flood stage. Moderate to severe soil erosion was noted to 5000 acres of farm fields. The Pecatonica River at Martintown exceeded the flood stage of 13.5 feet at 0000CST on June 1st, and crested at 18.51 feet on June 4th (moderate flooding).Rock Co: powerful thunderstorm winds downed large trees in scattered parts of the county. However, flash-flood producing rains hit during the evening hours. Most mainstem and nearly all streams and creeks jumped their banks. Nine roads along Lake Koshkonong sustained washout damage due to swift water currents. At least 100 homes outside of the major cities sustained damage. Many Beloit and Janesville homes in low spots reported landscape flood damage as well as basement flooding. Flash flood waters also tore through farm fields, leaving moderate to severe soil erosion and crop damage to at least 20,000 acres. Flood waters from the Sugar River in the southwest corner of the county closed roads west of the village of Avon.Walworth Co: no damage reports.Kenosha Co: several rounds of heavy rains during the evening on top of previously saturated soils and high river levels resulted in flash flooding scattered across the county. Several roads had fast-flowing waters 1 to 3 feet deep which resulted in shoulder washouts and cars being swept into roadside ditches. At least 75 homes sustained significant flood damage in the Wheatland, Salem, and Silver Lake areas. About 47,000 acres of farm land had serious soil erosion, and washed or flooded crops. Due to rainfall totals during the evening of 2 to 3 inches, the Fox River at New Munster continued to rise and would eventually crest at 12.76 feet early on June 3rd, or 2.76 feet above flood stage. Three homes Silver Lake homes were evacuated.",,WI,2000-06-01 18:02:00,2000-06-01 18:03:00,True,True
1095970,5147476,Colorado,75,Logan,BOU,2000-05-17 15:08:00,MST,2000-05-17 15:08:00,0,0,0,0,,,TRAINED SPOTTER,F0,Unknown,0.1,25.0,,,,,40.71667,-102.61667,40.71667,-102.61667,"A powder keg of severe weather occurred over the northeast plains of Colorado. The environment became strongly sheared in the vicinity of an intense surface low pressure system allowing for the formation of over two dozen tornadoes. In addition to the tornadoes, large hail. strong thunderstorm winds and heavy rain accompanied the storms. Rainfall amounts generally ranged from 1 to 2 inches, with some minor flooding occuring in parts of Morgan County. Considering the high volume of tornadoes reported, many touching down at or near the same time, the damage was relatively minimal.",,CO,2000-05-17 16:08:00,2000-05-17 16:08:00,True,True
1095970,5147477,Colorado,121,Washington,BOU,2000-05-17 11:40:00,MST,2000-05-17 11:40:00,0,0,0,0,,,NEWSPAPER,F1,Unknown,0.2,50.0,,,,,40.15,-103.18333,40.15,-103.18333,"A powder keg of severe weather occurred over the northeast plains of Colorado. The environment became strongly sheared in the vicinity of an intense surface low pressure system allowing for the formation of over two dozen tornadoes. In addition to the tornadoes, large hail. strong thunderstorm winds and heavy rain accompanied the storms. Rainfall amounts generally ranged from 1 to 2 inches, with some minor flooding occuring in parts of Morgan County. Considering the high volume of tornadoes reported, many touching down at or near the same time, the damage was relatively minimal.","A tornado touched down and damaged an oil storage tank, approximately 20 feet in diameter, some grain bins, and the roof of a barn.",CO,2000-05-17 12:40:00,2000-05-17 12:40:00,True,True
1095970,5147403,Colorado,121,Washington,BOU,2000-05-17 13:15:00,MST,2000-05-17 13:15:00,0,0,0,0,,,TRAINED SPOTTER,F0,Unknown,0.1,25.0,,,,,40.11667,-103.03333,40.11667,-103.03333,"A powder keg of severe weather occurred over the northeast plains of Colorado. The environment became strongly sheared in the vicinity of an intense surface low pressure system allowing for the formation of over two dozen tornadoes. In addition to the tornadoes, large hail. strong thunderstorm winds and heavy rain accompanied the storms. Rainfall amounts generally ranged from 1 to 2 inches, with some minor flooding occuring in parts of Morgan County. Considering the high volume of tornadoes reported, many touching down at or near the same time, the damage was relatively minimal.",,CO,2000-05-17 14:15:00,2000-05-17 14:15:00,True,True
1095970,5147404,Colorado,87,Morgan,BOU,2000-05-17 13:35:00,MST,2000-05-17 13:35:00,0,0,0,0,,,TRAINED SPOTTER,F0,Unknown,0.1,25.0,,,,,40.41667,-103.8,40.41667,-103.8,"A powder keg of severe weather occurred over the northeast plains of Colorado. The environment became strongly sheared in the vicinity of an intense surface low pressure system allowing for the formation of over two dozen tornadoes. In addition to the tornadoes, large hail. strong thunderstorm winds and heavy rain accompanied the storms. Rainfall amounts generally ranged from 1 to 2 inches, with some minor flooding occuring in parts of Morgan County. Considering the high volume of tornadoes reported, many touching down at or near the same time, the damage was relatively minimal.",,CO,2000-05-17 14:35:00,2000-05-17 14:35:00,True,True
1095970,5147405,Colorado,87,Morgan,BOU,2000-05-17 13:42:00,MST,2000-05-17 13:42:00,0,0,0,0,,,TRAINED SPOTTER,F0,Unknown,0.1,25.0,,,,,40.41667,-103.58333,40.41667,-103.58333,"A powder keg of severe weather occurred over the northeast plains of Colorado. The environment became strongly sheared in the vicinity of an intense surface low pressure system allowing for the formation of over two dozen tornadoes. In addition to the tornadoes, large hail. strong thunderstorm winds and heavy rain accompanied the storms. Rainfall amounts generally ranged from 1 to 2 inches, with some minor flooding occuring in parts of Morgan County. Considering the high volume of tornadoes reported, many touching down at or near the same time, the damage was relatively minimal.",,CO,2000-05-17 14:42:00,2000-05-17 14:42:00,True,True
1095970,5147414,Colorado,75,Logan,BOU,2000-05-17 14:40:00,MST,2000-05-17 14:40:00,0,0,0,0,,,TRAINED SPOTTER,F0,Unknown,0.1,25.0,,,,,40.65,-102.71667,40.65,-102.71667,"A powder keg of severe weather occurred over the northeast plains of Colorado. The environment became strongly sheared in the vicinity of an intense surface low pressure system allowing for the formation of over two dozen tornadoes. In addition to the tornadoes, large hail. strong thunderstorm winds and heavy rain accompanied the storms. Rainfall amounts generally ranged from 1 to 2 inches, with some minor flooding occuring in parts of Morgan County. Considering the high volume of tornadoes reported, many touching down at or near the same time, the damage was relatively minimal.",,CO,2000-05-17 15:40:00,2000-05-17 15:40:00,True,True
1095970,5147412,Colorado,95,Phillips,BOU,2000-05-17 14:15:00,MST,2000-05-17 14:15:00,0,0,0,0,,,TRAINED SPOTTER,F0,Unknown,0.1,25.0,,,,,40.43333,-102.1,40.43333,-102.1,"A powder keg of severe weather occurred over the northeast plains of Colorado. The environment became strongly sheared in the vicinity of an intense surface low pressure system allowing for the formation of over two dozen tornadoes. In addition to the tornadoes, large hail. strong thunderstorm winds and heavy rain accompanied the storms. Rainfall amounts generally ranged from 1 to 2 inches, with some minor flooding occuring in parts of Morgan County. Considering the high volume of tornadoes reported, many touching down at or near the same time, the damage was relatively minimal.",,CO,2000-05-17 15:15:00,2000-05-17 15:15:00,True,True
1096586,5151556,Kentucky,217,Taylor,LMK,2000-05-23 16:20:00,EST,2000-05-23 16:20:00,0,0,0,0,5K,,NWS STORM SURVEY,F0,Unknown,0.1,25.0,,,,,37.26667,-85.38333,37.26667,-85.38333,,The NWS survey team concluded that there was a sign of a circulation and that an F0 tornado had touched down briefly. A shed was destroyed. The siding on a house was damaged. A portion of a roof was blown off a commercial building.,KY,2000-05-23 17:20:00,2000-05-23 17:20:00,True,True
1096072,5147462,North Dakota,35,Grand Forks,FGF,2000-06-12 17:35:00,CST,2000-06-12 17:40:00,0,0,0,0,,,TRAINED SPOTTER,F0,Unknown,0.5,30.0,,,,,47.9,-97.8,47.9,-97.8,,A tornado touched down in an open field.,ND,2000-06-12 18:35:00,2000-06-12 18:40:00,True,True
1096308,5147616,Oklahoma,149,Washita,OUN,2000-05-26 18:12:00,CST,2000-05-26 18:28:00,0,0,0,0,.5K,,STORM CHASER,F0,Unknown,2.5,25.0,,,,,35.31667,-98.66667,35.33333,-98.63333,"Severe thunderstorms formed over portions of western and central Oklahoma during the early evening of the 26th and moved eastward through the evening. In addition to areas of severe wind and hail, 3 tornadoes were confirmed.","This tornado formed 2 miles south-southeast of Colony in Washita County and was seen by several storm chasers moving slowly eastward, but at times appeared to move back westward, before reaching the Washita/Caddo County line at 1828 CST and dissipating. Tree branches and pieces of metal were observed swirling around the tornado and have been used to rate this tornado F0.",OK,2000-05-26 19:12:00,2000-05-26 19:28:00,True,True
1096308,5147617,Oklahoma,15,Caddo,OUN,2000-05-26 18:28:00,CST,2000-05-26 18:28:00,0,0,0,0,0K,,STORM CHASER,F0,Unknown,0.1,25.0,,,,,35.3,-98.6,35.3,-98.6,"Severe thunderstorms formed over portions of western and central Oklahoma during the early evening of the 26th and moved eastward through the evening. In addition to areas of severe wind and hail, 3 tornadoes were confirmed.",This tornado formed in Washita County and dissipated on the Washita/Caddo Couny line.,OK,2000-05-26 19:28:00,2000-05-26 19:28:00,True,True
1096705,5149374,North Dakota,101,Ward,BIS,2000-06-11 17:08:00,CST,2000-06-11 17:11:00,0,0,0,0,,,AMATEUR RADIO,F0,Unknown,1.0,30.0,,,,,48.23333,-101.08333,48.26667,-101.08333,,Tornado crossed into McHenry county and remained in open field.,ND,2000-06-11 18:08:00,2000-06-11 18:11:00,True,True
1097876,5151723,New Mexico,9,Curry,ABQ,2000-06-28 10:20:00,MST,2000-06-28 10:20:00,0,0,0,0,,,FIRE DEPT/RESCUE SQUAD,F0,Unknown,0.1,20.0,,,,,34.81667,-103.31667,34.81667,-103.31667,Several gustnadoes were reported near Grady as thunderstorms along an outflow boundary moved south through the region.,,NM,2000-06-28 11:20:00,2000-06-28 11:20:00,True,True
1097876,5151724,New Mexico,9,Curry,ABQ,2000-06-28 10:40:00,MST,2000-06-28 10:40:00,0,0,0,0,,,FIRE DEPT/RESCUE SQUAD,F0,Unknown,0.1,20.0,,,,,34.75,-103.31667,34.75,-103.31667,Several gustnadoes were reported near Grady as thunderstorms along an outflow boundary moved south through the region.,,NM,2000-06-28 11:40:00,2000-06-28 11:40:00,True,True
1095970,5147473,Colorado,75,Logan,BOU,2000-05-17 14:35:00,MST,2000-05-17 14:35:00,0,0,0,0,,,TRAINED SPOTTER,F0,Unknown,0.1,25.0,,,,,40.63333,-102.7,40.63333,-102.7,"A powder keg of severe weather occurred over the northeast plains of Colorado. The environment became strongly sheared in the vicinity of an intense surface low pressure system allowing for the formation of over two dozen tornadoes. In addition to the tornadoes, large hail. strong thunderstorm winds and heavy rain accompanied the storms. Rainfall amounts generally ranged from 1 to 2 inches, with some minor flooding occuring in parts of Morgan County. Considering the high volume of tornadoes reported, many touching down at or near the same time, the damage was relatively minimal.",,CO,2000-05-17 15:35:00,2000-05-17 15:35:00,True,True
1097445,5151621,Nebraska,131,Otoe,OAX,2000-06-13 14:37:00,CST,2000-06-13 14:37:00,0,0,0,0,,,EMERGENCY MANAGER,F0,Unknown,0.1,40.0,,,,,40.6,-95.85,40.6,-95.85,,Brief touchdown of a tornado south of Nebraska City. The tornado touched down in open country and did no damage.,NE,2000-06-13 15:37:00,2000-06-13 15:37:00,True,True
1096586,5151471,Kentucky,85,Grayson,LMK,2000-05-23 14:00:00,EST,2000-05-23 14:10:00,16,0,0,0,50M,,LAW ENFORCEMENT,F3,40-45 mph,6.0,100.0,,,,,37.53333,-86.3,37.48333,-86.23333,,"A storm survey was done by NWS personnel on Wednesday May 24. The survey found severe damage to residential and industrial structures. Three vortices combined into a single tornado north of Leitchfield, then moved east to southeast at 40 to 45 mph. The path moved through the northeast and east sections of Leitchfield and beyond. (Path length and width are estimated). The structural damaged evidenced the presence of an F3 tornado, with maximum winds around 175 mph. Houses that were virtually destroyed, but still had parts of their structure remaining above the main floor, were the basis of the F3 evaluation. Severe damage to nearby factories also supported the F3 evaluation.",KY,2000-05-23 15:00:00,2000-05-23 15:10:00,True,True
1096586,5151472,Kentucky,99,Hart,LMK,2000-05-23 14:25:00,EST,2000-05-23 14:25:00,0,0,0,0,,,GENERAL PUBLIC,F0,Unknown,0.1,25.0,,,,,37.36667,-85.98333,37.36667,-85.98333,,"The path length and width, along with the intensity are estimates, since no damage was reported with the touchdown.",KY,2000-05-23 15:25:00,2000-05-23 15:25:00,True,True
1096308,5147618,Oklahoma,15,Caddo,OUN,2000-05-26 18:47:00,CST,2000-05-26 18:47:00,0,0,0,0,0K,,STORM CHASER,F0,Unknown,0.1,25.0,,,,,35.3,-98.53333,35.3,-98.53333,"Severe thunderstorms formed over portions of western and central Oklahoma during the early evening of the 26th and moved eastward through the evening. In addition to areas of severe wind and hail, 3 tornadoes were confirmed.","This tornado formed 1.5 miles east southeast of Eakly in Caddo County, lasting for just a few seconds before dissipating. No damage occurred, and thus the tornado was rated F0.",OK,2000-05-26 19:47:00,2000-05-26 19:47:00,True,True
1095970,5147411,Colorado,75,Logan,BOU,2000-05-17 14:08:00,MST,2000-05-17 14:08:00,0,0,0,0,,,TRAINED SPOTTER,F0,Unknown,0.1,25.0,,,,,40.58333,-102.83333,40.58333,-102.83333,"A powder keg of severe weather occurred over the northeast plains of Colorado. The environment became strongly sheared in the vicinity of an intense surface low pressure system allowing for the formation of over two dozen tornadoes. In addition to the tornadoes, large hail. strong thunderstorm winds and heavy rain accompanied the storms. Rainfall amounts generally ranged from 1 to 2 inches, with some minor flooding occuring in parts of Morgan County. Considering the high volume of tornadoes reported, many touching down at or near the same time, the damage was relatively minimal.",,CO,2000-05-17 15:08:00,2000-05-17 15:08:00,True,True
1097705,5151941,Wisconsin,27,Dodge,MKX,2000-06-01 17:06:00,CST,2000-06-01 17:25:00,0,0,0,0,1.11M,400K,LAW ENFORCEMENT,F2,Unknown,14.9,125.0,,,,,43.4,-88.63333,43.36667,-88.4,"One would be hard pressed to find another day like June 1, 2000 in terms of depth and range of severe, convective weather events across south-central and southeast Wisconsin. Tornadoes, widespread and localized flash flooding, funnel clouds, damaging hurricane-force, straight-line winds associated with a wicked squall-line, large hail stones, urban/small flooding, lightning strikes, and significant mainstem river flooding were reported. As in the preceding weeks, a quasi-stationary front over northern Illinois served as a boundary for warm, moist, unstable air to be pulled north over the cooler air over Wisconsin. Leftover flooding (from the evening of May 31, 2000) and isolated severe thunderstorms were noted during the pre-dawn to mid morning hours. However a powerful squall-line formed along the Mississippi River in the La Crosse area by mid-afternoon, and pushed into south-central Wisconsin by late afternoon with ""all hell breaking loose."" After the squall line moved into the southeast part of the state, it was followed by widespread showers and thunderstorms that triggered additional flooding problems. The east/southeast moving storms would not end until around 2300CST. As a result of the wild weather events, a State of Emergency was declared in Columbia, Dane, Dodge, Green, Iowa, Lafayette, Rock, and Sauk counties. Numerous power lines were knocked down by felled trees or wind gusts outright, resulting in the lose of power to 20,000 customers. Significant storm and flooding events will be summarized below county by county.Marquette Co: 6 homes were damaged and trees uprooted by powerful winds estimated at 70 knots (80 mph) in Briggsville. Urban flooding in Briggsville was also noted with water 6 inches deep.Green Lake Co: powerful winds knocked down trees in both Kingston and Markesan, and large hail was noted.Fond du Lac Co: a brief, F0 tornado spun up in the rural area southeast of Oak Center. Only some hay crop was damaged. Elsewhere, urban flooding and large hail was noted. Between 1700 and 1900CST, 1.71 inches of rain fell in the city of Fond du Lac.Sheboygan Co: powerful thunderstorm winds pushed over trees in the southern portions. Sauk Co: powerful winds blew over large trees in the Reedsburg to Baraboo area as well as around Prairie du Sac. Then the heavens oped up as 3.75 inches of rain fell between 1600 and 1645CST in North Freedom. There were other reports of up to 6 inches of rain falling in 2 hours. Flash flooding developed along Narrows Creek which left mud marks 8 feet high on some buildings. So much water came down Narrows Creek that it temporarily backed up the water of the Baraboo River! The Baraboo River flooded homes, and other creeks tore pieces of Highways 12 and 113 away. Road beds and parking lots were ripped away on the south side of Baraboo. Some railroad beds and many drainage culverts across the county were washed away. Severe erosion was noted on the cliffs overlooking the north shore of Devils Lake, whose water level rose about 3 feet due to runoff. All together, 153 residential homes were damaged, 17 businesses reported water damage, and 220,000 acres of farm land sustained water or erosion damage. The flooding was more widespread and worse than the 1993 flood, based on newspaper accounts. The Baraboo River near Baraboo crested at 22.04 feet on June 2nd, or 6.04 feet above flood stage (moderate flooding), after rising above flood stage at 0400CST on the 1st. Upriver at Rock Springs, the flood stage of 18.5 feet was exceeded at 1630CST on the 1st, and the crest was 21.71 feet at 0750CST on the 2nd (major flooding). Columbia Co: powerful winds uprooted large trees in and around Portage. In addition, a garage was damaged, several vehicles were blown into roadside ditches quickly reached a depth of 1 to 3 feet over portions of Highway 12 around Portage, and on Highway 73 in the southeast corner where residents were evacuated. Gravel road shoulder and culvert washouts were reported on some roads. Agricultural crop damage and soil erosion were also noted.Dodge Co: the main event was a long-lived tornado that spun up just south of Highway S about 4 miles south of Horicon, just southwest of the intersection of Highways S and E. Eyewitness accounts suggested that this tornado was a rain-wrapped and multi-vortex as it hopped-skipped east/southeast through the heart of the village of Iron Ridge (F2 at this time, 140-50 mph wind), before exiting the county on Highway S. All together, this F2 tornado destroyed 6 homes, and damaged 26 other homes, 6 businesses, 2 barns, 1 silo, semi-tractor trailer, a green house, and many cars. It destroyed 5 agricultural buildings. No one was injured or killed by this early-warned tornado. Five other barns were damaged in the county by the powerful straight-line winds associated with the squall-line. In addition, large hail up to walnut size was noted. Flash flooding was reported in the southeast part of the county when 1.5 inches of rain fell in a short period of time. Soil erosion and shoulder washouts were reported near the intersection of Highways 60 and P, south of Rubicon.Washington Co: the Dodge County tornado continued into Washington County for about 1.5 miles near and along Highway S. It damaged a barn and silo and uprooted more trees before dissipating. The tornado in this county had winds estimated at 80 mph, or F1 strength. No one was injured or killed. Flash flooding was reported south of Hartford where soil erosion and gravel shoulder washouts occurred due to swirling flood waters. Otherwise, large hail and tree-uprooting winds were noted in Germantown.Iowa Co: Pre-dawn flash flooding occurred across the northern portion of Iowa County due to leftover thunderstorms that hit the county on May 31st. Morrey Creek overflowed it banks in the village of Avoca, damaging 35 homes and eroding surrounding landscaping. In Dodge State Park near Dodgeville, 50 miles of trails were closed after several bridges were washed out by flooding waters. In addition, gravel road shoulder and culvert washouts were noted on several roads. Another round of flash flooding occurred across the northern portion of the county thanks to torrential rains of 2 to 4 inches in 1 to 2 hours in the late afternoon and early evening hours. An estimated 10,250 acres sustained major soil erosion and many roads had water depths of 1 to 3 feet as water currents washed away gravel shoulders. Crop damage was extensive. Dane Co: pre-dawn severe storms dumped large hail and knocked down many tree limbs in the Madison area. During the same storm, lightning struck a west-side Madison hotel, resulting in damage to its electrical system. Urban/small stream flooding was noted in the pre-dawn hours across the northern part of the county with water covering low spots on Highways 12, 73, and 113. A couple streets were flooded and closed in the village of Mazomanie due to high water levels on the Black Earth Creek. Sandbagging was needed to protect about a dozen homes in Mazomanie. Powerful thunderstorm winds uprooted trees which then damaged many vehicles in the Madison to Cottage Grove area during the evening. At least 60 trees blocked various roads in the Madison area, and 18 power lines were reported down. Roof tiles were also removed from some homes as the winds gusted to an estimated 70 knots (80 mph). An expensive gazebo was destroyed by uprooted trees in the city of Monona. Shortly thereafter, flash-flood producing rains hit much of the county. Madison streets were rivers as 27 cars were stranded or pushed around. It was the worst flooding the city during the past 15 years. Sandbagging commenced in Monona to protect homes. Many roads across the county were damaged by flood waters, with most damage in the northwest part of the county. In the village of Oregon, 1.90 inches of rain was measured in just 45 minutes ending at 1830CST. Additional soil erosion and ponding of water resulted in extensive, severe crop damage across the county. Collectively, wind and/or flood damage occurred to at least 646 residential homes in the county, and to 3 businesses. Probably 30,000 acres of farm land had significant crop damage. A new daily rainfall record of 3.46 inches was set at Madison's Traux Field, breaking the old record of 1.33 inches set back in 1892. Runoff from this rainfall eventually pushed Lake Mendota to 31.5 inches above its normal summer level on June 5th, which was the highest reading since the beginning of records in 1916. In response to the high lake levels in Dane county, many nearby homes were sandbagged, and public beach and boat docks were closed.Jefferson Co: an early morning, severe thunderstorm dumped large hail on Lake Mills. Another storm's lightning struck a Ft. Atkinson church steeple, resulting in structural and water damage. The evening storms generated damaging winds that uprooted large trees. Lightning started a minor fire on a Lake Mills home's roof. Heavy rains of 2 to 3 inches during the evening generated scattered flash flooding across the county, mostly in the form of gravel shoulder washouts of several roads. Roads near the Rock River in Ft. Atkinson were closed due to the swirling waters. Soil erosion and crop washouts were noted across the county. Rainfall totals of 2.39 inches and 2.72 inches were noted in Ft. Atkinson and Jefferson, respectively. The heavy rains forced the Crawfish River at Milford to exceed the flood stage of 7 feet on June 2nd , and crest at 8.38 feet on June 7th (moderate flooding). Waukesha Co: powerful thunderstorm winds uprooted trees in the Genesee area.Milwaukee Co: large hail was reported in the city of Milwaukee. Torrential rains of around 2 inches in 1 to 2 hours in the city of Fox Point resulted in flash flooding in that city. Landscaping damage and some road damage was noted due to swift water currents.Lafayette Co: a brief tornado occurred north of Calamine. It damaged 2 large pole sheds and uprooted many trees along its short path. Several calves were injured as they were pushed across the road. Eyewitness accounts suggest this F1 tornado (winds about 100 mph) was rain-wrapped. Otherwise, the squall line's powerful winds uprooted trees and over-turned a car-trailer combo east of Belmont. Similar to other counties, flash-flood producing rains followed the winds. Across the county, all mainstem river, stream, creeks, and other low spots experienced flash flooding. Bridge under-cutting was noted on Highway K outside of Gratiot, on Highway H in Jenkynsville, and Highway G in the northwest corner. Moderate to severe damage to road shoulders and washed out driveways was noted countywide. Twenty-one roads were closed at one time or another. At least 75 residential homes and 5 businesses reported flood damage, while 2 private utility buildings suffered damage. Two farm buildings were destroyed by the flood waters, and 15 others damaged. About 7000 acres of farm land were severely damaged. The Pecatonica River in Darlington closed down Highway 23 from the south. The river at this location exceeded the flood stage of 11 feet late on May 31st, and crested at 15.77 feet at 0730CST on June 1st (moderate flooding). Near South Wayne, lightning started a minor house fire.Green Co: pre-dawn and morning urban/small stream flooding occurred countywide due to rainfall that started on May 31st. The rains ended by sunrise. Up to 5 inches of rain fell overnight in the southwest part of the county. Many streams were 5 to 10 feet wide, resulting in water covering low-lying roads to a depth of 1 foot. Several cars were swept into roadside ditches. Urban basements had minor flood damage. Additional heavy rains followed the evening squall line which resulted in a new round of flash flooding across much of the county. Eight miles of the 24 mile long Sugar River State Trail were closed from near Monticello to near Albany due to washed out bridges and undercut paths. Five homes sustained significant damage. Numerous roads were closed due to high water levels and dozens of vehicles were stranded or pushed into roadside ditches. Gravel road shoulder and culvert washouts were noted countywide. Water levels in the city of Brodhead were the highest in many years. Legion Park in Albany was closed after the adjacent Sugar River exceeded flood stage. Moderate to severe soil erosion was noted to 5000 acres of farm fields. The Pecatonica River at Martintown exceeded the flood stage of 13.5 feet at 0000CST on June 1st, and crested at 18.51 feet on June 4th (moderate flooding).Rock Co: powerful thunderstorm winds downed large trees in scattered parts of the county. However, flash-flood producing rains hit during the evening hours. Most mainstem and nearly all streams and creeks jumped their banks. Nine roads along Lake Koshkonong sustained washout damage due to swift water currents. At least 100 homes outside of the major cities sustained damage. Many Beloit and Janesville homes in low spots reported landscape flood damage as well as basement flooding. Flash flood waters also tore through farm fields, leaving moderate to severe soil erosion and crop damage to at least 20,000 acres. Flood waters from the Sugar River in the southwest corner of the county closed roads west of the village of Avon.Walworth Co: no damage reports.Kenosha Co: several rounds of heavy rains during the evening on top of previously saturated soils and high river levels resulted in flash flooding scattered across the county. Several roads had fast-flowing waters 1 to 3 feet deep which resulted in shoulder washouts and cars being swept into roadside ditches. At least 75 homes sustained significant flood damage in the Wheatland, Salem, and Silver Lake areas. About 47,000 acres of farm land had serious soil erosion, and washed or flooded crops. Due to rainfall totals during the evening of 2 to 3 inches, the Fox River at New Munster continued to rise and would eventually crest at 12.76 feet early on June 3rd, or 2.76 feet above flood stage. Three homes Silver Lake homes were evacuated.",,WI,2000-06-01 18:06:00,2000-06-01 18:25:00,True,True
1097230,5151845,Wisconsin,57,Juneau,ARX,2000-06-01 15:00:00,CST,2000-06-01 15:20:00,0,0,0,0,500K,50K,NWS STORM SURVEY,F1,Unknown,6.5,100.0,,,,,43.91667,-90.16667,43.85,-90.08333,"A tornado touched down near Cataract (Monroe County), shearing off trees, demolishing barns and sheds, causing light structural damage to a house and tossing farm equipment and debris about 600 to 700 yards. There were no reports of injuries or deaths. This same thunderstorm produced hail as large as softballs through the Oakdale area (Monroe County) and communities southeast along the Highway 12 - Interstate 90/94 corridor. There was extensive roof, siding and window damage in and around Oakdale. Nearly every building in town had damage on the north and west facing walls. Hundreds of cars, including those traveling along Interstate 90/94, had broken windshields and sustained large dents. There were numerous trees and large branches broke or blown to the southeast. Another tornado touched down just north of New Lisbon (Juneau County), then tracked southeast before lifting just north of Mauston (Juneau County). Damage consisted of sheared or blown down trees, barns and sheds demolished, garages heavily damaged, and some light structural damage to homes. Hardest hit were homes and farms along 8th Avenue north of New Lisbon, along Meredith Road north of Mauston, and along Highway 58 north of Mauston. There were no reports of injuries or deaths. There was also downburst (microburst) wind damage south and west of New Lisbon along Highway 80 and County Roads B and A. Downburst wind damage was also seen along Interstate 90/94 between Camp Douglas and New Lisbon with hundreds of trees blown down or sheared off. Juneau and Monroe County were declared federal disaster areas due to the extensive storm damage.",,WI,2000-06-01 16:00:00,2000-06-01 16:20:00,True,True
1096805,5150983,Ohio,53,Gallia,RLX,2000-06-15 16:42:00,EST,2000-06-15 16:46:00,0,0,0,0,100K,,NWS STORM SURVEY,F2,Unknown,2.5,150.0,,,,,38.75,-82.4,38.76667,-82.35,,"The tornado touched down near Burnette Road, then moved east across Hannan Trace Road, before dissipating east of Rocky Fork Road. In the vicinity of Hannan Trace Road, the tornado width was 150 yards and destroyed 3 barns. Wooden pieces of the barn, from 1 to 5 feet in length, became projectiles. The wood was scattered about the area, with some pieces wedged into the ground. The storm was rated as an F2 in this area. Elsewhere along its path, the tornado was weaker. Two homes received minor damage. Farm equipment and one truck were also damaged.",OH,2000-06-15 17:42:00,2000-06-15 17:46:00,True,True
1096999,5152063,Montana,105,Valley,GGW,2000-07-02 19:05:00,MST,2000-07-02 19:05:00,0,0,0,0,,,STORM CHASER,F0,Unknown,0.5,200.0,,,,,47.98333,-106.63333,47.98333,-106.63333,,Storm chasers reported a tornado touchdown south of Glasgow.,MT,2000-07-02 20:05:00,2000-07-02 20:05:00,True,True
1098241,5153984,Missouri,33,Carroll,EAX,2000-06-20 15:40:00,CST,2000-06-20 15:42:00,0,0,0,0,,,GENERAL PUBLIC,F0,Unknown,1.0,40.0,,,,,39.28333,-93.5,39.28333,-93.5,"Thunderstorms developed rapidly ahead of a cold front in northeast Kansas on the afternoon of June 20. As the storms moved eastward into Missouri, they produced scattered large hail and wind damage in west central Missouri, and dumped very heavy rains on the Kansas City metro area. Kansas City Downtown Airport received 5.25 inches of rain, most of which fell in a 4 hour period in mid-afternoon. Widespread urban and flash flooding was reported in the Kansas City metro area. One storm that tracked along the Missouri River from near Lexington to east of Waverly had strong rotation, and produced two brief tornadoes.","Two citizens reported that a tornado touched down briefly in open bottomland, and moved east 1 mile. The tornado lifted after approximately two minutes on the ground, without doing any damage.",MO,2000-06-20 16:40:00,2000-06-20 16:42:00,True,True
1098241,5153985,Missouri,107,Lafayette,EAX,2000-06-20 15:22:00,CST,2000-06-20 15:25:00,0,0,0,0,10K,,LAW ENFORCEMENT,F0,Unknown,1.0,50.0,,,,,39.16667,-93.86667,39.16667,-93.85,"Thunderstorms developed rapidly ahead of a cold front in northeast Kansas on the afternoon of June 20. As the storms moved eastward into Missouri, they produced scattered large hail and wind damage in west central Missouri, and dumped very heavy rains on the Kansas City metro area. Kansas City Downtown Airport received 5.25 inches of rain, most of which fell in a 4 hour period in mid-afternoon. Widespread urban and flash flooding was reported in the Kansas City metro area. One storm that tracked along the Missouri River from near Lexington to east of Waverly had strong rotation, and produced two brief tornadoes.",A law enforcement officer reported that the tornado touched down just southeast of Lexington and moved east for 1 mile. Trees and power lines were downed.,MO,2000-06-20 16:22:00,2000-06-20 16:25:00,True,True
1097000,5152076,Montana,105,Valley,GGW,2000-07-03 18:40:00,MST,2000-07-03 18:40:00,0,0,0,0,,,GENERAL PUBLIC,F0,Unknown,0.5,50.0,,,,,47.83333,-106.63333,47.83333,-106.63333,A line of severe thunderstorms moving through northeast Montana brought damaging winds and large hail. Wind gusts over 80 mph were reported and numerous power lines were blown down. Brief tornado touchdowns were reported in southern Valley County along Fort Peck Lake.,Tornado was reported briefly touching down along the shores of Fort Peck Lake near The Pines Recreation Area,MT,2000-07-03 19:40:00,2000-07-03 19:40:00,True,True
1097707,5152235,Michigan,43,Dickinson,MQT,2000-06-10 15:20:00,EST,2000-06-10 15:35:00,0,0,0,0,,120K,NWS STORM SURVEY,F1,Unknown,6.5,500.0,,,,,46.16667,-87.73333,46.2,-87.65,"A sharp temperature contrast between a warm, very moist airmass behind an east-west warm front across central Upper Michigan and cool air near Lake Superior helped fuel thunderstorms the afternoon of June 10th. Modest instability combined with the high moisture content of the atmosphere and surface dew points above 70 degrees F produced severe weather. A low topped supercell formed along the warm front and was responsible for spawning an F1 tornado. The tornado touched down in the Escanaba State Forest in northeast Dickinson County and tracked from west to east on a nearly continuous 7 1/2 mile path through the woods into southern Marquette County. Michigan Department of Natural Resources (DNR) aerial photography showed the path varying from about 200 feet to 1200 feet wide, becoming very narrow and evidencing skipping during its last 1 1/2 miles of travel. The tornado track began in Dickinson County T44 R28W S13 and ended in Marquette County T44 R26W S18. Michigan DNR GPS-derived end points of the tornado track are (deg.min.sec) 46.12.31N/87.45.4W and 46.12.63N/87.31.16W. The Michigan DNR estimates 400 acres of downed timber at a value of 250K. The DNR expects to be able to harvest and recover about half the timber.",,MI,2000-06-10 16:20:00,2000-06-10 16:35:00,True,True
1097006,5151428,Montana,105,Valley,GGW,2000-07-10 17:15:00,MST,2000-07-10 17:15:00,0,0,0,0,,,NWS EMPLOYEE(OFF DUTY),F0,Unknown,0.5,50.0,,,,,48.4,-106.93333,48.4,-106.93333,,An NWS employee reported a tornado near the Vandalia Dam.,MT,2000-07-10 18:15:00,2000-07-10 18:15:00,True,True
1096603,5149229,Illinois,171,Scott,ILX,2000-05-26 22:15:00,CST,2000-05-26 22:19:00,0,0,0,0,,,NWS STORM SURVEY,F0,Unknown,5.3,70.0,,,,,39.58333,-90.6,39.63333,-90.51667,,"A tornado which formed along the leading edge of a bow echo touched down in Pike County (WFO St. Louis CWA) 2.5 miles southeast of Detroit, then traveled to the east northeast, crossing the Illinois River south of Florence. It moved into Scott County (WFO Central Illinois CWA) 8 miles west southwest of Winchester, but little damage was found in the river bottoms area until the tornado moved up into the bluffs. About four miles west of Winchester, it flattened corn, uprooted several trees, snapped a couple of utility poles, damaged an outbuilding, and caused minor damage to two homes before lifting and dissipating. No injuries were reported.",IL,2000-05-26 23:15:00,2000-05-26 23:19:00,True,True
1097974,5152974,Florida,11,Broward,MFL,2000-07-11 15:49:00,EST,2000-07-11 15:49:00,0,0,0,0,,,GENERAL PUBLIC,F0,Unknown,0.1,10.0,,,,,26.07,-80.25,26.07,-80.25,,The public reported a brief touchdown in Markham Park which did minor damage to foliage.,FL,2000-07-11 16:49:00,2000-07-11 16:49:00,True,True
1097027,5150655,Oklahoma,153,Woodward,OUN,2000-06-13 22:56:00,CST,2000-06-13 22:56:00,0,0,0,0,3K,,STORM CHASER,F0,Unknown,0.3,25.0,,,,,36.65,-99.08333,36.65,-99.08333,"Severe thunderstorms developed across portions of western Oklahoma during the late afternoon of the 13th and then redeveloped over nearly the same area toward midnight. One small, brief tornado was observed near Alabaster Caverns State Park in Woodward County, and there were isolated areas of straight-line wind damage and large hail.","A small and brief tornado, rated F0, formed near the entrance of the Alabaster Caverns State Park, 16 miles north-northeast of Mooreland in Woodward County. A recently built, but still unfinished lodge, sustained damaged to its roof, and a small number of trees were damaged.",OK,2000-06-13 23:56:00,2000-06-13 23:56:00,True,True
1096914,5150996,Kansas,133,Neosho,ICT,2000-06-04 17:50:00,CST,2000-06-04 17:50:00,0,0,0,0,,,EMERGENCY MANAGER,F0,Unknown,1.0,110.0,,,,,37.41667,-95.23333,37.41667,-95.23333,,A brief touchdown in an open field.,KS,2000-06-04 18:50:00,2000-06-04 18:50:00,True,True
1096914,5150997,Kansas,99,Labette,ICT,2000-06-04 17:59:00,CST,2000-06-04 17:59:00,0,0,0,0,,,LAW ENFORCEMENT,F0,Unknown,1.0,110.0,,,,,37.31667,-95.26667,37.31667,-95.26667,,A brief touchdown in an open field.,KS,2000-06-04 18:59:00,2000-06-04 18:59:00,True,True
1096914,5150998,Kansas,99,Labette,ICT,2000-06-04 17:59:00,CST,2000-06-04 17:59:00,0,0,0,0,,,LAW ENFORCEMENT,F0,Unknown,1.0,110.0,,,,,37.31667,-95.26667,37.31667,-95.26667,,A second tornado occurred simultaneously in an open field.,KS,2000-06-04 18:59:00,2000-06-04 18:59:00,True,True
1096914,5150999,Kansas,99,Labette,ICT,2000-06-04 18:10:00,CST,2000-06-04 18:10:00,0,0,0,0,,,EMERGENCY MANAGER,F0,Unknown,1.0,110.0,,,,,37.16667,-95.1,37.16667,-95.1,,A brief touchdown in open country.,KS,2000-06-04 19:10:00,2000-06-04 19:10:00,True,True
1096914,5151000,Kansas,99,Labette,ICT,2000-06-04 18:12:00,CST,2000-06-04 18:12:00,0,0,0,0,,,EMERGENCY MANAGER,F0,Unknown,1.0,110.0,,,,,37.2,-95.3,37.2,-95.3,,A brief touchdown over open country.,KS,2000-06-04 19:12:00,2000-06-04 19:12:00,True,True
1097264,5151574,Florida,87,Monroe,EYW,2000-07-01 18:20:00,EST,2000-07-01 18:30:00,0,0,0,0,15K,,LAW ENFORCEMENT,F0,Unknown,0.2,10.0,,,,,24.68333,-81.38333,24.68333,-81.38333,,Waterspout moved onshore along the south end of Big Pine Key. Damaged a bed and breakfast Inn.,FL,2000-07-01 18:20:00,2000-07-01 18:30:00,False,False
1096591,5150497,Louisiana,5,Ascension,LIX,2000-05-28 16:20:00,CST,2000-05-28 16:20:00,0,0,0,0,.25K,,NEWSPAPER,F0,Unknown,0.1,20.0,,,,,30.23333,-90.91667,30.23333,-90.91667,,A small tornado briefly touched down and uprooted a tree.,LA,2000-05-28 17:20:00,2000-05-28 17:20:00,True,True
1096969,5149183,Texas,303,Lubbock,LUB,2000-06-02 14:07:00,CST,2000-06-02 14:07:00,0,0,0,0,,,EMERGENCY MANAGER,F0,Unknown,0.1,20.0,,,,,33.46667,-102.01667,33.46667,-102.01667,,"A weak, non-supercell tornado briefly touched down in an open field. No NWS storm survey was conducted.",TX,2000-06-02 15:07:00,2000-06-02 15:07:00,True,True
1096796,5149041,Texas,65,Carson,AMA,2000-06-25 16:23:00,CST,2000-06-25 16:25:00,0,0,0,0,,,LAW ENFORCEMENT,F0,Unknown,0.1,25.0,,,,,35.56667,-101.2,35.56667,-101.2,Severe thunderstorms containing large hail...tornadoes...and high winds ripped through the northwest through southeast sections of the Texas panhandle during the late afternoon through late night hours.,The tornado remained over open country and the path was estimated.,TX,2000-06-25 17:23:00,2000-06-25 17:25:00,True,True
1096947,5148781,Florida,11,Broward,MFL,2000-06-06 14:15:00,EST,2000-06-06 14:15:00,0,0,0,0,10K,,LAW ENFORCEMENT,F0,Unknown,0.1,8.0,,,,,26.13333,-80.13333,26.13333,-80.13333,,Law Enforcement persons inside the Public Safety Building saw a tornado briefly touch down at the intersection of Broward Boulevard and 27th Avenue knocking down utility wires and a tree and blowing the roof off of a shed.,FL,2000-06-06 15:15:00,2000-06-06 15:15:00,True,True
1096872,5148784,Indiana,65,Henry,IND,2000-06-20 19:00:00,EST,2000-06-20 19:01:00,0,0,0,0,,,TRAINED SPOTTER,F0,Unknown,0.1,30.0,,,,,40.03333,-85.5,40.03333,-85.5,"A supercell embedded in a squall line produced two brief touchdowns from just south of MIddletown to just north of Mount Summit in Henry county. The first touchdown lasted a minute or less and occurred across farmland doing no damage, while the second destroyed one barn and damaged several roofs to outbuildings and downed numerous trees while again only touching down for a minute or less. A trained spotter followed the parent storm and observed several funnels across the county but only these two brief touchdowns. Otherwise, a squall line produced scattered reports of trees and power lines down across other central Indiana counties during the afternoon and evening of June 20.",,IN,2000-06-20 20:00:00,2000-06-20 20:01:00,True,True
1096893,5149449,Kansas,179,Sheridan,GLD,2000-06-19 20:42:00,CST,2000-06-19 20:42:00,0,0,0,0,,,LAW ENFORCEMENT,F0,Unknown,0.2,75.0,,,,,39.53333,-100.46667,39.53333,-100.46667,,Brief Touchdown in open field.,KS,2000-06-19 21:42:00,2000-06-19 21:42:00,True,True
1095970,5147407,Colorado,87,Morgan,BOU,2000-05-17 13:47:00,MST,2000-05-17 13:47:00,0,0,0,0,,,TRAINED SPOTTER,F0,Unknown,0.1,25.0,,,,,40.35,-103.68333,40.35,-103.68333,"A powder keg of severe weather occurred over the northeast plains of Colorado. The environment became strongly sheared in the vicinity of an intense surface low pressure system allowing for the formation of over two dozen tornadoes. In addition to the tornadoes, large hail. strong thunderstorm winds and heavy rain accompanied the storms. Rainfall amounts generally ranged from 1 to 2 inches, with some minor flooding occuring in parts of Morgan County. Considering the high volume of tornadoes reported, many touching down at or near the same time, the damage was relatively minimal.",,CO,2000-05-17 14:47:00,2000-05-17 14:47:00,True,True
1095970,5147408,Colorado,121,Washington,BOU,2000-05-17 13:47:00,MST,2000-05-17 13:47:00,0,0,0,0,,,TRAINED SPOTTER,F0,Unknown,0.1,25.0,,,,,40.35,-102.96667,40.35,-102.96667,"A powder keg of severe weather occurred over the northeast plains of Colorado. The environment became strongly sheared in the vicinity of an intense surface low pressure system allowing for the formation of over two dozen tornadoes. In addition to the tornadoes, large hail. strong thunderstorm winds and heavy rain accompanied the storms. Rainfall amounts generally ranged from 1 to 2 inches, with some minor flooding occuring in parts of Morgan County. Considering the high volume of tornadoes reported, many touching down at or near the same time, the damage was relatively minimal.",,CO,2000-05-17 14:47:00,2000-05-17 14:47:00,True,True
1096599,5149946,Illinois,167,Sangamon,ILX,2000-05-12 15:30:00,CST,2000-05-12 15:34:00,0,0,0,0,0,0,LAW ENFORCEMENT,F0,Unknown,2.0,50.0,,,,,39.86667,-89.46667,39.86667,-89.43333,,A tornado made a series of touch downs in open fields for 2 miles before lifting and dissipating. No damage was reported.,IL,2000-05-12 16:30:00,2000-05-12 16:34:00,True,True
1096599,5149951,Illinois,115,Macon,ILX,2000-05-12 16:00:00,CST,2000-05-12 16:15:00,0,0,0,0,0,0,FIRE DEPT/RESCUE SQUAD,F0,Unknown,7.0,20.0,,,,,39.88333,-89.16667,39.91667,-89.05,,"A tornado made a series of touch downs in open fields over a 7 mile long path, but no damage was reported.",IL,2000-05-12 17:00:00,2000-05-12 17:15:00,True,True
1097157,5151441,Illinois,163,St. Clair,LSX,2000-06-24 13:40:00,CST,2000-06-24 13:49:00,2,0,0,0,,,NWS STORM SURVEY,F1,Unknown,6.2,100.0,,,,,38.46667,-90.15,38.46667,-90.05,,"At approximately 240 pm CDT, a tornado formed west northwest of Millstadt near the intersection of Bluffside and Metter Roads. Several large trees were downed and a cattle barn extensively damaged. The tornado moved east northeast causing mainly tree and power line damage and then turned more east entering the Triple Lakes Golf Club. One home, 2 large utility buildings and the clubhouse suffered varying degrees of damage. The tornado became multiple vortex in nature at this point producing 2 distinct damage paths. Numerous large trees were uprooted or downed while the tornado continued through the golf course. The tornado continued on an east path downing trees and power lines, crossing Route 163 to about 2 1/4 miles northeast of Millstadt and dissipating. There were 2 minor injuries that occurred while the tornado went through the golf course. A man suffered a back injury when the golf cart he was riding in overturned. Another man suffered minor injuries from flying debris.",IL,2000-06-24 14:40:00,2000-06-24 14:49:00,True,True
1104041,5158388,Nebraska,41,Custer,LBF,2000-10-31 19:00:00,CST,2000-10-31 19:15:00,0,0,0,0,1M,,GENERAL PUBLIC,F2,Unknown,12.0,250.0,,,,,41.33333,-99.55,41.46667,-99.55,,"The tornado touched down 7 miles southeast of Broken Bow and traveled 12 miles north northeast across farm and rangeland. Initial damage occurred at touchdown with a modular home destroyed. Then over the next 2 miles 3 farmsteads were struck. The first suffered heavy damage to all buildings including the house. At the second farmstead a modular home and several buildings were completely destroyed. The third farmstead suffered extensive damage to the outbuildings and minor damage to the house. The tornado then moved across highway 2 and destroyed several farm building 4 miles east of Broken Bow. Then as the tornado moved across highway 70 another farmstead was struck with several outbuildings destroyed and the house damaged. The tornado remained on the the ground and destroyed a barn 5 miles northeast of Broken Bow, then did extensive damage to a farmstead 7 miles northeast of Broken Bow where several outbuildings were destroyed or damaged and damaged the house. Tree damage was extensive along the entire path and several center pivot irrigation systems were destroyed. The tornado lifted 7 miles northeast of Broken Bow.",NE,2000-10-31 19:00:00,2000-10-31 19:15:00,False,False
1097795,5152031,Florida,37,Franklin,TAE,2000-06-23 19:25:00,EST,2000-06-23 19:26:00,0,0,0,0,,,EMERGENCY MANAGER,F0,Unknown,0.1,30.0,,,,,30.0,-84.45,30.0,-84.45,,A large waterspout briefly came ashore and deposited debris on U.S. Highway 98 near the Franklin-Wakulla county line.,FL,2000-06-23 20:25:00,2000-06-23 20:26:00,True,True
1097796,5152033,Florida,37,Franklin,TAE,2000-06-24 08:10:00,EST,2000-06-24 08:11:00,0,0,0,0,,,EMERGENCY MANAGER,F0,Unknown,0.1,20.0,,,,,29.83333,-84.68333,29.83333,-84.68333,,A waterspout briefly came ashore and dissipated. No damage indicated. Reported by the Franklin County EMA.,FL,2000-06-24 09:10:00,2000-06-24 09:11:00,True,True
1098127,5151994,Oklahoma,113,Osage,TSA,2000-06-04 19:43:00,CST,2000-06-04 19:43:00,0,0,0,0,,,TRAINED SPOTTER,F0,Unknown,0.2,50.0,,,,,36.4,-96.05,36.4,-96.05,,A storm chaser reported a tornado northwest of Skiatook. The tornado touched down briefly and no damage was reported.,OK,2000-06-04 20:43:00,2000-06-04 20:43:00,True,True
1098127,5151995,Oklahoma,147,Washington,TSA,2000-06-04 19:25:00,CST,2000-06-04 19:25:00,0,0,0,0,,,TRAINED SPOTTER,F0,Unknown,0.2,50.0,,,,,36.5,-95.91667,36.5,-95.91667,,Television storm chasers reported a brief tornado touchdown near Ramona. No damage was reported.,OK,2000-06-04 20:25:00,2000-06-04 20:25:00,True,True
1097707,5152236,Michigan,103,Marquette,MQT,2000-06-10 15:35:00,EST,2000-06-10 15:40:00,0,0,0,0,,5K,NWS STORM SURVEY,F1,Unknown,1.0,100.0,,,,,46.18333,-87.56667,46.18333,-87.56667,"A sharp temperature contrast between a warm, very moist airmass behind an east-west warm front across central Upper Michigan and cool air near Lake Superior helped fuel thunderstorms the afternoon of June 10th. Modest instability combined with the high moisture content of the atmosphere and surface dew points above 70 degrees F produced severe weather. A low topped supercell formed along the warm front and was responsible for spawning an F1 tornado. The tornado touched down in the Escanaba State Forest in northeast Dickinson County and tracked from west to east on a nearly continuous 7 1/2 mile path through the woods into southern Marquette County. Michigan Department of Natural Resources (DNR) aerial photography showed the path varying from about 200 feet to 1200 feet wide, becoming very narrow and evidencing skipping during its last 1 1/2 miles of travel. The tornado track began in Dickinson County T44 R28W S13 and ended in Marquette County T44 R26W S18. Michigan DNR GPS-derived end points of the tornado track are (deg.min.sec) 46.12.31N/87.45.4W and 46.12.63N/87.31.16W. The Michigan DNR estimates 400 acres of downed timber at a value of 250K. The DNR expects to be able to harvest and recover about half the timber.",,MI,2000-06-10 16:35:00,2000-06-10 16:40:00,True,True
1104022,5158042,Florida,71,Lee,TBW,2000-09-17 04:33:00,EST,2000-09-17 04:54:00,0,0,0,0,1M,0,NWS STORM SURVEY,F1,Unknown,14.0,65.0,,,,,26.45,-82.01667,26.63333,-82.1,,"A tornado, on the high end of the F1 scale, associated with an outer band of Hurricane Gordon, touched down on the south side of Sanibel Island and rapidly moved north northwest across Periwinkle Way where it removed roofs, destroyed lanais, downed trees, power lines and large branches across the island. The tornado then moved over southern Pine Island where it widened to nearly 200 feet in width and uprooted or stripped numerous mangrove trees. The tornado continued rapidly north northwest along and east of County Road 767 until it moved over Little Pine Island. The tornado caused significant roof damage to two businesses and at least ten homes, carports, garages and lanais along Pine Island Road, west of Matlacha, before it dissipated on the northern side of Little Pine Island. Also, more than a dozen trees were uprooted and five utility poles downed by the tornado along Pine Island Road near west of Matlacha. Residents along Pine Island Road indicated that the torndo sounded like a loud machine or train as it passed overhead.",FL,2000-09-17 05:33:00,2000-09-17 05:54:00,True,True
1103931,5158104,Nebraska,1,Adams,GID,2000-11-05 17:48:00,CST,2000-11-05 17:48:00,0,0,0,0,0,0,NWS EMPLOYEE(OFF DUTY),F0,Unknown,0.1,20.0,,,,,40.33333,-98.51667,40.33333,-98.51667,"One final day of severe weather struck south-central Nebraska with a tornado, hail and several reports of funnel clouds. A strong weather system moved across the area and clashed with moist, unstable air mass in place. Thunderstorms erupted in the late afternoon and continued into the evening, mainly east of U.S. Highway 281. A brief tornado was sighted in southwest Adams county south west of Ayr by an off-duty National Weather Service Employee. No damage was reported. The largest hail noted was quarter-sized in the southeast portion of Hastings. Hail covered Interstate 80 in Hamilton county and may have contributed to an accident which temporarily blocked traffic.",,NE,2000-11-05 17:48:00,2000-11-05 17:48:00,False,False
1096555,5149905,Arkansas,137,Stone,LZK,2000-05-24 21:50:00,CST,2000-05-24 21:52:00,0,0,0,0,,,NWS STORM SURVEY,F1,Unknown,1.3,25.0,,,,,36.05,-92.06667,36.03333,-92.06667,,A weak tornado affected areas about 3 to 4 miles east of Optimus in Stone County...mainly in the Boswell Access Area of the White River. The tornado mostly caused tree damage before moving into Izard County.,AR,2000-05-24 22:50:00,2000-05-24 22:52:00,True,True
1096790,5150045,Texas,211,Hemphill,AMA,2000-06-13 19:46:00,CST,2000-06-13 19:48:00,0,0,0,0,,,TRAINED SPOTTER,F0,Unknown,0.1,25.0,,,,,35.63333,-100.35,35.63333,-100.35,Severe thunderstorms developed during the afternoon and evening hours over the northeast Texas panhandle producing large hail...high winds...and even a couple of tornadoes. Both tornadoes remained over open country and did no damage.,The tornado track was estimated and the tornado remained over open country.,TX,2000-06-13 20:46:00,2000-06-13 20:48:00,True,True
1095987,5149635,Kansas,75,Hamilton,DDC,2000-05-20 13:41:00,CST,2000-05-20 13:59:00,0,0,0,0,,,LAW ENFORCEMENT,F0,Unknown,0.5,50.0,,,,,38.13333,-101.75,38.13333,-101.75,,Nearly stationary landspout.,KS,2000-05-20 14:41:00,2000-05-20 14:59:00,True,True
1097183,5150377,Ohio,149,Shelby,ILN,2000-06-20 20:20:00,EST,2000-06-20 20:22:00,0,0,0,0,2K,,LAW ENFORCEMENT,F0,Unknown,0.3,25.0,,,,,40.36667,-84.05,40.36667,-84.05,,A tornado made a brief touchdown near the intersection of routes 47 and 65. A few trees were knocked down.,OH,2000-06-20 21:20:00,2000-06-20 21:22:00,True,True
1096894,5149809,Colorado,125,Yuma,GLD,2000-06-22 17:03:00,MST,2000-06-22 17:03:00,0,0,0,0,,,METEOROLOGIST(NON NWS),F0,Unknown,0.2,50.0,,,,,39.7,-102.38333,39.7,-102.38333,,Brief touchdown observed by Weather Researchers.,CO,2000-06-22 18:03:00,2000-06-22 18:03:00,True,True
1103659,5157792,Florida,37,Franklin,TAE,2000-09-22 07:15:00,EST,2000-09-22 07:17:00,0,0,0,0,10K,,EMERGENCY MANAGER,F1,Unknown,0.3,50.0,,,,,29.8,-84.88333,29.81667,-84.88333,,An F1 tornado touched down along Highway 65 at the East Bay Tower on the southwest edge of Tates Hell Swamp. Numerous trees and power lines down. Reported by the Franklin County EMA.,FL,2000-09-22 08:15:00,2000-09-22 08:17:00,True,True
1096790,5150033,Texas,357,Ochiltree,AMA,2000-06-13 15:54:00,CST,2000-06-13 16:05:00,0,0,0,0,,,EMERGENCY MANAGER,F0,Unknown,0.1,25.0,,,,,36.4,-100.81667,36.4,-100.81667,Severe thunderstorms developed during the afternoon and evening hours over the northeast Texas panhandle producing large hail...high winds...and even a couple of tornadoes. Both tornadoes remained over open country and did no damage.,The tornado track was estimated and the tornado remained over open country.,TX,2000-06-13 16:54:00,2000-06-13 17:05:00,True,True
1103691,5157924,Nebraska,131,Otoe,OAX,2000-10-29 17:07:00,CST,2000-10-29 17:10:00,0,0,0,0,15K,,EMERGENCY MANAGER,F0,Unknown,2.5,50.0,,,,,40.63333,-96.21667,40.65,-96.21667,,"The first tornado in a cyclic storm that eventually produced 3 tornadoes. This one touched 2 miles southwest of Syracuse and blew some hog farm sheds around, caused a metal garage to collapse and did some tree damage before lifting 2 miles west of town.",NE,2000-10-29 17:07:00,2000-10-29 17:10:00,False,False
1103941,5157737,Texas,5,Angelina,SHV,2000-11-03 16:35:00,CST,2000-11-03 16:35:00,2,0,0,0,80K,,NWS STORM SURVEY,F1,Unknown,2.3,35.0,,,,,31.16667,-94.83333,31.16667,-94.8,,"A weak tornado (landspout) developed along a weak convergence zone which draped northeast to southwest across this location. Airmass was saturated and tropical. According to local radar, Shreveport WSR-88D, and at least a dozen witnesses no thunderstorms were in the vicinity at the time. Trees blown over or broken. Several buildings lost portions of their roofs. An 18-wheeler was blown over on Highway 59 as the tornado moved over the truck while the truck was in motion. This tornado did not cross into another county.",TX,2000-11-03 16:35:00,2000-11-03 16:35:00,False,False
1103924,5157816,Nebraska,125,Nance,GID,2000-10-29 16:30:00,CST,2000-10-29 16:45:00,0,0,0,0,125K,25K,LAW ENFORCEMENT,F1,Unknown,9.0,100.0,,,,,41.36667,-97.86667,41.48333,-97.83333,"In a rather unprecedented manner, a strong upper level low pressure system rotating over south-central Nebraska, produced a number of late season tornadoes and funnel clouds across the area.The most significant tornado occurred northeast of Fullerton, and was on the ground for 9 miles. This tornado, rated at F1, damaged 3 farmsteads in its path. One farmstead alone suffered damaged grain bins, farm equipment and vehicles. The occupants of the home were able to get into the tornado shelter just before the tornado hit.Just prior to that tornado, off-duty National Weather Service employees observed another tornado from the same parent thunderstorm. this tornado moved from north of Clarks in Merrick county to southeast of Fullerton in Nance county, and overturned an irrigation pivot and damaged trees. Other tornadoes were sighted southwest of Aurora and near Inland. Numerous other funnel clouds were observed along with some large hail.",,NE,2000-10-29 16:30:00,2000-10-29 16:45:00,False,False
1103690,5157923,Nebraska,131,Otoe,OAX,2000-10-29 17:16:00,CST,2000-10-29 17:19:00,0,0,0,0,5K,,LAW ENFORCEMENT,F0,Unknown,2.0,50.0,,,,,40.66667,-96.26667,40.7,-96.26667,,"The third and last cyclic tornado that formed from the apparent same thunderstorm touched down 1 mile south of Unadilla, tracked near town then lifted 1 mile north of Unadilla. The tornado took the roof off of a machine shed 1 mile north of town and damaged a roof of a garage by driving 2 boards through the roof.",NE,2000-10-29 17:16:00,2000-10-29 17:19:00,False,False
1095674,5147327,Tennessee,161,Stewart,OHX,2000-05-23 18:25:00,CST,2000-05-23 18:26:00,0,0,0,0,,,EMERGENCY MANAGER,F1,Unknown,0.2,25.0,,,,,36.53333,-88.0,36.53333,-88.0,,Campers reported 2 trees blown down. The tornado dissipated over the lake as a waterspout.,TN,2000-05-23 19:25:00,2000-05-23 19:26:00,True,True
1097728,5153731,North Carolina,135,Orange,RAH,2000-06-19 13:05:00,EST,2000-06-19 13:05:00,0,0,0,0,0,,LAW ENFORCEMENT,F0,Unknown,0.1,25.0,,,,,35.93333,-79.08333,35.93333,-79.08333,,Numerous reports of funnel clouds along Highway 54. Public reported brief touchdown but no damage.,NC,2000-06-19 14:05:00,2000-06-19 14:05:00,True,True
1096556,5149906,Arkansas,65,Izard,LZK,2000-05-24 21:52:00,CST,2000-05-24 21:53:00,0,0,0,0,,,NWS STORM SURVEY,F1,Unknown,0.6,25.0,,,,,36.03333,-92.05,36.01667,-92.05,,A weak tornado moved from eastern Stone County into western Izard County...mainly affecting areas near Boswell. The tornado mainly caused tree damage before dissipating.,AR,2000-05-24 22:52:00,2000-05-24 22:53:00,True,True
1097605,5150095,Nebraska,41,Custer,LBF,2000-06-12 19:55:00,CST,2000-06-12 19:55:00,0,0,0,0,,,GENERAL PUBLIC,F0,Unknown,0.1,20.0,,,,,41.45,-100.2,41.45,-100.2,,Brief touchdown over open country just north of Arnold.,NE,2000-06-12 20:55:00,2000-06-12 20:55:00,True,True
1096719,5149671,North Dakota,101,Ward,BIS,2000-06-11 16:14:00,CST,2000-06-11 16:29:00,0,0,0,0,,,AMATEUR RADIO,F0,Unknown,4.0,40.0,,,,,48.43333,-101.43333,48.46667,-101.36667,,Moved across open field with little or no damage.,ND,2000-06-11 17:14:00,2000-06-11 17:29:00,True,True
1096720,5149672,North Dakota,9,Bottineau,BIS,2000-06-11 16:51:00,CST,2000-06-11 16:51:00,0,0,0,0,,,LAW ENFORCEMENT,F0,Unknown,0.0,40.0,,,,,48.75,-101.28333,48.75,-101.28333,,Brief touchdown in open field.,ND,2000-06-11 17:51:00,2000-06-11 17:51:00,True,True
1097605,5150100,Nebraska,41,Custer,LBF,2000-06-12 20:48:00,CST,2000-06-12 20:48:00,0,0,0,0,,,LAW ENFORCEMENT,F0,Unknown,0.1,20.0,,,,,41.4,-99.93333,41.4,-99.93333,,Brief touchdown over open country.,NE,2000-06-12 21:48:00,2000-06-12 21:48:00,True,True
1096574,5149267,Arkansas,63,Independence,LZK,2000-05-27 02:26:00,CST,2000-05-27 02:31:00,0,0,0,0,,,NWS STORM SURVEY,F1,Unknown,3.1,35.0,,,,,35.68333,-94.4,35.7,-91.56667,,"A weak tornado affected areas between South Side and Salado in Independence County. The tornado downed many large trees, with several homes and mobile homes sustaining roof damage from falling trees. Sheds and small shop buildings were overturned...and a carport collapsed onto a car. Power lines were also knocked down, and a scoreboard at a local high school was twisted.",AR,2000-05-27 03:26:00,2000-05-27 03:31:00,True,True
1096595,5149283,Illinois,113,Mclean,ILX,2000-05-08 22:14:00,CST,2000-05-08 22:18:00,4,0,0,0,175K,,NWS STORM SURVEY,F2,Unknown,4.0,400.0,,,,,40.41667,-88.9,40.43333,-88.83333,,"A tornado touched down half a mile north of Shamrock. It traveled east northeast causing minor to moderate damage to several machine sheds and barns. The most severe damage was to a two story house 2 miles north northwest of Downs. The 3 to 5 year old house sustained major damage with the roof lifted off and two exterior walls caved in. Four family members sustained minor cuts and bruises. A neighbor's house sustained minor damage, mainly due to flying debris from the destroyed home.",IL,2000-05-08 22:14:00,2000-05-08 22:18:00,False,False
1096610,5149617,Texas,291,Liberty,HGX,2000-05-19 19:55:00,CST,2000-05-19 19:56:00,0,0,0,0,25K,,NWS STORM SURVEY,F0,Unknown,1.0,50.0,,,,,29.96667,-94.88333,29.96667,-94.88333,,Trees down.,TX,2000-05-19 20:55:00,2000-05-19 20:56:00,True,True
1096595,5149208,Illinois,179,Tazewell,ILX,2000-05-08 21:12:00,CST,2000-05-08 21:17:00,0,0,0,0,275K,,EMERGENCY MANAGER,F1,Unknown,0.5,100.0,,,,,40.45,-89.78333,40.45,-89.76667,,A tornado briefly touched down 1.5 miles west of Parkland on a farm. It destroyed 4 large grain bins and blew a machine shed 100 yards from where it had been. A garage nearby sustained minor damage with siding and a door blown off. No injuries were reported.,IL,2000-05-08 22:12:00,2000-05-08 22:17:00,True,True
1096603,5149593,Illinois,137,Morgan,ILX,2000-05-26 22:36:00,CST,2000-05-26 22:38:00,0,0,0,0,44K,,NWS STORM SURVEY,F1,Unknown,1.5,100.0,,,,,39.58333,-90.25,39.6,-90.23333,,"A tornado touched down just southwest of Murrayville then moved northeast through town. It lifted and dissipated one mile northeast of town. In town, a large tree was blown over onto a home causing major damage to it and a car parked nearby. None of the home's occupants were injured. A garage was destroyed and the two vehicles parked in it were damaged. Also, a lumber yard was destroyed. On the northeast side of town a grain bin was destroyed and a church lost seven stained glass windows. Also, it sustained minor roof damage. Throughout town numerous trees, tree limbs, and power lines were blown down.",IL,2000-05-26 23:36:00,2000-05-26 23:38:00,True,True
1096599,5149658,Illinois,107,Logan,ILX,2000-05-12 15:00:00,CST,2000-05-12 15:01:00,0,0,0,0,0,0,EMERGENCY MANAGER,F0,Unknown,0.3,20.0,,,,,40.25,-89.43333,40.25,-89.43333,,"A tornado briefly touched down in a field about half a mile southeast of Hartsburg, crossed Illinois Route 121, then lifted. No damage was reported.",IL,2000-05-12 16:00:00,2000-05-12 16:01:00,True,True
1103656,5157789,Florida,129,Wakulla,TAE,2000-09-22 08:55:00,EST,2000-09-22 08:55:00,0,0,0,0,175K,,EMERGENCY MANAGER,F1,Unknown,1.5,65.0,,,,,30.25,-84.31667,30.28333,-84.33333,,"An F1 tornado touched down just west of U.S. Highway 319 and a few miles north of State Road 267, near the Buck Miller Road area of Riversink. One mobile home was destroyed. The tornado then skipped over to Dillan road and destroyed several mobile homes which were demolished by fallen trees. Numerous trees and power lines were down. Reported by the Wakulla County EMA.",FL,2000-09-22 09:55:00,2000-09-22 09:55:00,True,True
1103657,5157790,Florida,129,Wakulla,TAE,2000-09-22 07:45:00,EST,2000-09-22 07:45:00,0,0,0,0,5K,,EMERGENCY MANAGER,F0,Unknown,0.3,30.0,,,,,30.1,-84.48333,30.1,-84.48333,,A brief F0 tornado touched down and uprooted some trees and power lines. Reported by the Wakulla County EMA.,FL,2000-09-22 08:45:00,2000-09-22 08:45:00,True,True
1103658,5157791,Florida,37,Franklin,TAE,2000-09-22 07:05:00,EST,2000-09-22 07:05:00,0,0,0,0,25K,,EMERGENCY MANAGER,F0,Unknown,0.3,30.0,,,,,29.88333,-84.4,29.88333,-84.4,,A waterspout came ashore at Alligator Point. A home on Gulf Shores Boulevard sustained minor damage and several trees were uprooted. Reported by the Franklin County EMA.,FL,2000-09-22 08:05:00,2000-09-22 08:05:00,True,True
1097972,5152711,Florida,99,Palm Beach,MFL,2000-07-10 14:30:00,EST,2000-07-10 14:30:00,0,0,0,0,,,LAW ENFORCEMENT,F0,Unknown,0.1,10.0,,,,,26.68333,-80.66667,26.68333,-80.66667,,A Sheriff's Deputy reported a brief tornado touchdown three miles south of SR 80 just southwest of Hatter Highway. No damage was sustained.,FL,2000-07-10 15:30:00,2000-07-10 15:30:00,True,True
1097973,5152712,Florida,86,Miami-Dade,MFL,2000-07-10 15:48:00,EST,2000-07-10 15:48:00,0,0,0,0,,,AIRPLANE PILOT,F0,Unknown,0.1,10.0,,,,,25.76667,-80.68333,25.76667,-80.68333,,A pilot reported a tornado on the ground near U.S. 41 at the 20-mile bend.,FL,2000-07-10 16:48:00,2000-07-10 16:48:00,True,True
1104020,5157964,Florida,15,Charlotte,TBW,2000-09-17 04:43:00,EST,2000-09-17 04:54:00,0,0,0,0,75K,0,NWS STORM SURVEY,F0,Unknown,6.0,5.0,,,,,26.9,-82.1,26.98333,-82.08333,,"A fast moving tornado, associated with an outer rainband of Hurricane Gordon, briefly touched down near the Port Charlotte Yacht Club and Public Beach near Harbor Boulevard in Port Charlotte. The tornado continued to sporadically touch down along a narrow path as it moved rapidly north northwest across Charlotte county. The tornado damaged the roofs of a few homes, a couple of carports and downed a few trees, power lines and large branches before it crossed into Sarasota County.",FL,2000-09-17 05:43:00,2000-09-17 05:54:00,True,True
1104021,5157965,Florida,115,Sarasota,TBW,2000-09-17 04:54:00,EST,2000-09-17 05:12:00,0,0,0,0,60K,0,NWS STORM SURVEY,F0,Unknown,12.0,5.0,,,,,27.0,-81.96667,27.23333,-81.96667,,"A short lived tornado, that originated in Charlotte county and was associated with an outer rainband of Hurricane Gordon, briefly touched down, snapped a few trees, downed power lines and damaged a few carports, east of the intersection of Interstate 75 and Toledo Blade Boulevard. The tornado continued to sporadically touch down along a narrow path as it moved rapidly north across Interstate 75 over rural southeast Sarasota county before it lifted and dissipated.",FL,2000-09-17 05:54:00,2000-09-17 06:12:00,True,True
1097884,5152339,Kansas,185,Stafford,DDC,2000-06-13 16:34:00,CST,2000-06-13 16:45:00,0,0,0,0,,,TRAINED SPOTTER,F0,Unknown,4.9,50.0,,,,,37.86667,-98.73333,37.91667,-98.66667,,"Tornado ""skipped"" much of the way with some light tree damage reported.",KS,2000-06-13 17:34:00,2000-06-13 17:45:00,True,True
1098036,5152846,Texas,159,Franklin,SHV,2000-07-13 12:00:00,CST,2000-07-13 12:03:00,0,0,0,0,,,NEWSPAPER,F1,Unknown,0.7,50.0,,,,,33.0,-95.25,33.01667,-95.21667,,Numerous large tree limbs and a few pine tree tops broken. This tornado was confined to this county over farmland and forest with no structures in its path. This tornado was also photographed by Tiffany Tillema who lived in the area.,TX,2000-07-13 13:00:00,2000-07-13 13:03:00,True,True
1103925,5157819,Nebraska,47,Dawson,GID,2000-10-31 18:12:00,CST,2000-10-31 18:30:00,0,0,0,0,125K,0,LAW ENFORCEMENT,F2,Unknown,14.0,200.0,,,,,40.85,-99.85,41.03333,-99.76667,"In a continuation of late season severe weather, a Halloween tornado moved across central and northern Dawson county and crossed into southern Custer county. The tornado, which was spawned from a large supercell thunderstorm, was on the ground in Dawson county for about 14 miles and had a maximum width of 200 yards.Most of the tornadoes path was over open country, but one farmstead in northern Dawson county did receive extensive damage. Part of the roof of the house was blown away and a barn was flattened. Pivots and other outbuildings along the tornadoes path were also damaged. Prior to the tornado itself, the same thunderstorm produced hail which covered the ground white just east of Cozad. Minor street flooding was reported in Cozad as well.",,NE,2000-10-31 18:12:00,2000-10-31 18:30:00,False,False
1104019,5157963,Florida,71,Lee,TBW,2000-09-17 03:43:00,EST,2000-09-17 04:17:00,0,0,0,0,2M,,NWS STORM SURVEY,F1,Unknown,18.0,20.0,,,,,26.45,-81.98333,26.7,-82.15,,"A fast moving tornado, on the low end of the F1 scale, associated with an outer band of hurricane Gordon, touched down along East Gulf Drive, two miles east of Sanibel on Sanibel Island, and caused extensive damage to two condominium complexes, two dozen nearby homes and lanais. The tornado moved north northwest and sporadically touched down along rural County Road 767 on Pine Island in western Lee county. The tornado damaged the roofs of a few homes, carports and toppled or snapped palm trees along it's path. The tornado lifted and dissipated near Bokeelia on the north side of Pine Island. Residents in the path of the tornado in Sanibel indicated that they heard the sound of roaring train and their ears felt an air pressure change as it passed overhead.",FL,2000-09-17 04:43:00,2000-09-17 05:17:00,True,True
1104023,5158354,Florida,55,Highlands,TBW,2000-09-17 07:15:00,EST,2000-09-17 07:15:00,0,0,0,0,25K,0,TRAINED SPOTTER,F0,Unknown,17.0,5.0,,,,,27.3,-81.36667,27.5,-81.55,,"A fast moving tornado, associated with an outer rainband of Hurricane Gordon, was observed to sporadically touch down by a Skywarn Spotter in Lake Placid. The tornado downed a few trees, toppled power lines and snapped several branches in Lake Placid before it continued to move north northwest over rural semi-wooded western Highlands county. The tornado was last observed at Highlands Hammock State Park where it touched down and destroyed a ranger outhouse before it receded and dissipated.",FL,2000-09-17 08:15:00,2000-09-17 08:15:00,True,True
1104041,5158464,Nebraska,115,Loup,LBF,2000-10-31 19:45:00,CST,2000-10-31 19:55:00,0,0,0,0,500K,,GENERAL PUBLIC,F1,Unknown,6.0,250.0,,,,,41.75,-99.35,41.8,-99.33333,,"The tornado was on the ground as it moved into Loup county 2 miles southeast of Taylor. The tornado moved north northeast reaching a ranch 1 mile southeast of Taylor where several buildings were damaged. Then 2 outbuildings were destroyed at a farmstead 3 miles north northeast of Taylor with several buildings damaged including the home. There was also extensive damage to machinery, fences and power poles. As the tornado remained on the ground a farm building was damaged and pickup truck overturned 4 miles north northeast of Taylor before the tornado lifted.",NE,2000-10-31 19:45:00,2000-10-31 19:55:00,False,False
1104041,5158467,Nebraska,85,Hayes,LBF,2000-10-31 17:00:00,CST,2000-10-31 17:12:00,0,0,0,0,160K,,GENERAL PUBLIC,F1,Unknown,9.0,100.0,,,,,40.38333,-101.25,40.51667,-101.23333,,A tornado touched down 1 mile west of Hamlet and was intermittently on the ground to 9 miles north of Hamlet. As the tornado moved into Stinking Water Creek bottom 4 miles north northwest of Hamlet a garage was destroyed and several farm outbuilding were damaged. Large cottonwood and evergreen trees were uprooted or snapped off. The tornado then struck a farm 9 miles north of Hamlet destroying a calf shed and doing extensive tree damage before lifting.,NE,2000-10-31 17:00:00,2000-10-31 17:12:00,False,False
1104042,5158468,Nebraska,63,Frontier,LBF,2000-10-29 18:45:00,CST,2000-10-29 18:47:00,0,0,0,0,100K,,GENERAL PUBLIC,F1,Unknown,1.0,50.0,,,,,40.58333,-100.08333,40.6,-100.06667,,A tornado touched down at a farm 6 miles south southwest of Eustis. The tornado remained on the ground for a mile and destroyed a machine shed and grain bin. The house and garage had the windows blown out.,NE,2000-10-29 18:45:00,2000-10-29 18:47:00,False,False
1097938,5152178,New York,105,Sullivan,BGM,2000-06-02 17:30:00,EST,2000-06-02 17:30:00,0,0,0,0,250K,,NWS STORM SURVEY,F0,Unknown,1.0,200.0,,,,,41.63333,-74.6,41.63333,-74.6,,"A National Weather Service Binghamton survey team studied wind damage in the Emerald Green community, approximately 10 miles southeast of Monticello, NY on Saturday June 3rd 2000. The conclusions were that the damage, which occurred around 630 pm June 2nd, was tornadic and rated as 0 on the Fujita scale (F-0). This rating estimates the wind speed between 40 and 72 mph.The survey began near Essex Street where damage appeared to be straight line, with several trees laying in the same direction. One tree fell through a parked car. Although the damage did not show a tornadic pattern, it was curious how isolated the damage was. Witnesses at the scene claimed there was a lull in the storm, then a sudden whistling and then the sound of a ""freight train."" One man claimed to see rapid rotation within the rain as the trees were lifted and pushed over. Further damage was witnessed a few tenths of a mile to the east on Scarborough Circle. Several trees were knocked down toward the east-southeast. One tree downed caused considerable damage to a porch/deck. Again the consensus was the wind was straight line, albeit curiously isolated.Minor damage also occurred along East Lake Shore Drive. Shingles were torn off one house and a few shallow rooted trees were toppled in convergent directions. A fence to a tennis court across the street was bent over. A witness from this scene claimed to have seen ""a cloud touch down and begin to move across the lake"", right in line with the main damage path.Further to the east-southeast, more damage was discovered. Four or five trees were twisted mid to low trunk and sheared off. The trunks were estimated at 8-10 inches. Witnesses in a nearby house claimed the storm seemed to have stopped, and then the rain and strong, damaging wind wrapped back in. Behind this damage to the west-northwest was an ascending field leading up to a ridge top. This area comprises an unfinished golf course. Further investigation led to far more tree and vegetative damage. It was noted along the hill that damage increased in coverage further up, lending credence to the theory of a funnel aloft with the ridge rising up to meet the rotation. Numerous large trees were uprooted and fell in convergent patterns, and there were also trees twisted and sheared off from their lower to middle trunks. At the top of the ridge, a home was discovered with 18 large diameter trees (8-10"") uprooted, sheared off, or twisted along the mid-high trunks. Some of the uprooted trees appeared to be in a convergent pattern. A gentleman interviewed was not home at the time of the storm. A couple trees narrowly missed a direct hit on his home, but crushed a corner of the residence's back deck.Based upon the previously described eyewitness accounts, and the twisting / convergent damage pattern of many trees, the storm was determined to be a weak tornado. Track information from a global geo-positioning unit clearly exhibited a west-northwest to east-southeast oriented path of about 1 mile in length. The tornado was up to 200 yards wide near the ridge top with smaller damage swaths in downhill locations. The tornado was likely aloft for much of the storm, with ground interaction most numerous where the ridge rose up to meet it.",NY,2000-06-02 18:30:00,2000-06-02 18:30:00,True,True
1098314,5153908,Florida,71,Lee,TBW,2000-06-09 17:33:00,EST,2000-06-09 17:35:00,1,0,0,0,0,0,TRAINED SPOTTER,F0,Unknown,0.1,10.0,,,,,26.71667,-82.26667,26.71667,-82.26667,,A Skywarn Spotter reported that a waterspout came onshore as a tornado at the south end of Gasparilla Island. One man was injured by flying debris from the tornado before it lifted and dissipated.,FL,2000-06-09 18:33:00,2000-06-09 18:35:00,True,True
1097964,5152696,South Carolina,39,Fairfield,CAE,2000-07-22 13:15:00,EST,2000-07-22 13:16:00,0,0,0,0,,0,NWS STORM SURVEY,F0,Unknown,0.2,25.0,,,,,34.33333,-81.36667,34.35,-81.33333,,Damage survey confirmed an F0 touched down on hwy 383 and took down trees and did minor damage to a roof on a home.,SC,2000-07-22 14:15:00,2000-07-22 14:16:00,True,True
1103687,5157729,Nebraska,159,Seward,OAX,2000-10-29 17:02:00,CST,2000-10-29 17:02:00,0,0,0,0,,,TRAINED SPOTTER,F0,Unknown,0.1,30.0,,,,,40.83333,-97.2,40.83333,-97.2,,Brief touchdown in an open field.,NE,2000-10-29 17:02:00,2000-10-29 17:02:00,False,False
1103688,5157730,Nebraska,23,Butler,OAX,2000-10-29 16:57:00,CST,2000-10-29 17:02:00,0,0,0,0,13K,,EMERGENCY MANAGER,F0,Unknown,3.0,50.0,,,,,41.2,-97.28333,41.28333,-97.25,,"A tornado touched down around 1 mile east of Rising City. Moving north, it damaged a corn crib and an old garage around 6 miles south of Bellwood and then overturned 2 center pivots and downed a few trees and power lines before lifting around 5 miles south of Bellwood.",NE,2000-10-29 16:57:00,2000-10-29 17:02:00,False,False
1096891,5149432,Colorado,125,Yuma,GLD,2000-06-12 14:29:00,MST,2000-06-12 14:29:00,0,0,0,0,,,METEOROLOGIST(NON NWS),F0,Unknown,0.2,50.0,,,,,39.65,-102.56667,39.65,-102.56667,,Brief touchdown resulting in no damage.,CO,2000-06-12 15:29:00,2000-06-12 15:29:00,True,True
1096721,5149673,North Dakota,49,Mchenry,BIS,2000-06-11 17:11:00,CST,2000-06-11 17:14:00,0,0,0,0,,,AMATEUR RADIO,F0,Unknown,2.0,30.0,,,,,48.25,-101.03333,48.26667,-100.98333,,Tornado originated in Ward county. No damage reported as tornado remained in open field.,ND,2000-06-11 17:11:00,2000-06-11 17:14:00,False,False
1096722,5149674,North Dakota,55,Mclean,BIS,2000-06-11 18:02:00,CST,2000-06-11 18:12:00,0,0,0,0,,,AMATEUR RADIO,F0,Unknown,5.0,40.0,,,,,47.21667,-100.98333,47.21667,-100.8,,Tornado originated in Oliver county. Tornado stayed in open fields.,ND,2000-06-11 18:02:00,2000-06-11 18:12:00,False,False
1096723,5149675,North Dakota,7,Billings,BIS,2000-06-12 17:25:00,CST,2000-06-12 17:35:00,0,0,0,0,,,LAW ENFORCEMENT,F0,Unknown,6.0,50.0,,,,,47.1,-103.33333,47.16667,-103.25,,Tornado traveled in open country.,ND,2000-06-12 18:25:00,2000-06-12 18:35:00,True,True
1096726,5149678,North Dakota,65,Oliver,BIS,2000-06-11 17:56:00,CST,2000-06-11 18:02:00,0,0,0,0,,,STORM CHASER,F0,Unknown,3.0,40.0,,,,,47.23333,-101.08333,47.25,-101.0,,Tornado remained in open field and moved into McLean county.,ND,2000-06-11 18:56:00,2000-06-11 19:02:00,True,True
1103650,5158944,Florida,65,Jefferson,TAE,2000-09-22 13:10:00,EST,2000-09-22 13:15:00,0,0,0,0,40K,,EMERGENCY MANAGER,F0,Unknown,1.0,40.0,,,,,30.31667,-84.01667,30.33333,-84.0,,"An F0 tornado damaged a mobile home, barn and a vehicle. Several county roads were closed due to fallen trees. Reported by the Jefferson County EMA.",FL,2000-09-22 14:10:00,2000-09-22 14:15:00,True,True
1098148,5153152,Louisiana,101,St. Mary,LCH,2000-06-16 09:55:00,CST,2000-06-16 09:57:00,0,0,0,0,,,NWS EMPLOYEE(OFF DUTY),F1,Unknown,1.3,10.0,,,,,29.86667,-91.61667,29.86667,-91.58333,"A weak tornado developed 4 miles southeast of Jeanerette near the Highway 90 and 318 intersection. It was eyewitnessed by a National Weather Service meteorologist, who took pictures of it. The only damage was to trees and brush. No structures were touched.",,LA,2000-06-16 10:55:00,2000-06-16 10:57:00,True,True
1103799,5157803,Texas,435,Sutton,SJT,2000-10-28 18:25:00,CST,2000-10-28 18:25:00,0,0,0,0,5K,,LAW ENFORCEMENT,F0,Unknown,0.1,20.0,,,,,30.36667,-100.4,30.36667,-100.4,"An area of thunderstorms developed along a cold front moving through the southeast sections of West Central Texas. A supercell developed in southern Sutton County, producing two tornadoes, but little damage. The front then stalled overnight, with thunderstorms training across parts of the Northwest Hill Country and Heartland. Three to five inches of rain was common, causing flooding and road closures.","A tornado briefly touched down in extreme southeast Sutton County, toppling a few trees and causing minor structural damage.",TX,2000-10-28 19:25:00,2000-10-28 19:25:00,True,True
1098699,5153304,Nebraska,17,Brown,LBF,2000-07-24 18:47:00,CST,2000-07-24 19:12:00,0,0,0,0,75K,75K,LAW ENFORCEMENT,F1,Unknown,10.0,400.0,,,,,42.63333,-100.16667,42.48333,-100.18333,,,NE,2000-07-24 19:47:00,2000-07-24 20:12:00,True,True
1104989,5159401,Alabama,87,Macon,BMX,2000-12-16 17:46:00,CST,2000-12-16 17:46:00,0,0,0,0,15K,0K,NWS STORM SURVEY,F0,Unknown,0.7,50.0,,,,,32.43333,-85.9,32.43333,-85.88333,,"An F0 tornado touched down near the intersection of CR 30 and CR 9, just off Hooks Road. Three homes sustained damage mainly in the form of blown out windows and roof damage. Several trees were also snapped off or blown over along the path. Two outbuildings were destroyed at the homes and two satellite dishes were also destroyed. Beginning: 32 24.642/85 52.256 Ending: 32 24.966/85 51.693",AL,2000-12-16 17:46:00,2000-12-16 17:46:00,False,False
1098699,5153401,Nebraska,31,Cherry,LBF,2000-07-24 19:12:00,CST,2000-07-24 19:30:00,0,0,0,0,40K,75K,GENERAL PUBLIC,F1,Unknown,12.0,300.0,,,,,42.5,-100.15,42.21667,-100.18333,,"A tornado touched down 7 miles northwest of Johnstown and was intermittently on the ground producing tree damage in Brown county. The tornado continued to touch down intermittently and grew to a width of a quarter mile near the Brown and Cherry county line. This is where the tornado caused the most extensive damage, destroying a large grove of trees, a calving shed, and moving a barn from its foundation, 8 miles southwest of Johnstown. The tornado proceeded to move nearly straight south in Cherry county and continued to cause extensive tree damage, and moved and destroyed several 1500 lb hay bales, 17 miles north of Elsmere. The tornado last touched down 10 miles north of Elsmere causing tree damage.",NE,2000-07-24 20:12:00,2000-07-24 20:30:00,True,True
1103799,5157804,Texas,435,Sutton,SJT,2000-10-28 18:03:00,CST,2000-10-28 18:10:00,0,0,0,0,,,STORM CHASER,F0,Unknown,3.0,20.0,,,,,30.3,-100.63333,30.26667,-100.63333,"An area of thunderstorms developed along a cold front moving through the southeast sections of West Central Texas. A supercell developed in southern Sutton County, producing two tornadoes, but little damage. The front then stalled overnight, with thunderstorms training across parts of the Northwest Hill Country and Heartland. Three to five inches of rain was common, causing flooding and road closures.","A storm spotter tracked a tornado for 7 minutes in extreme southern Sutton County, remaining south of Interstate 10. Damage was light.",TX,2000-10-28 19:03:00,2000-10-28 19:10:00,True,True
1098068,5153597,Montana,13,Cascade,TFX,2000-07-05 20:18:00,MST,2000-07-05 20:18:00,0,0,0,0,,,GENERAL PUBLIC,F0,Unknown,1.0,10.0,,,,,47.23333,-110.93333,47.23333,-110.93333,,Near Tiger Butte.,MT,2000-07-05 21:18:00,2000-07-05 21:18:00,True,True
1098079,5153608,Montana,27,Fergus,TFX,2000-07-08 17:25:00,MST,2000-07-08 17:25:00,0,0,0,0,,,GENERAL PUBLIC,F0,Unknown,2.0,20.0,,,,,47.35,-110.15,47.35,-110.15,,This weak tornado was in a remote area and caused no damage.,MT,2000-07-08 18:25:00,2000-07-08 18:25:00,True,True
1095970,5147409,Colorado,75,Logan,BOU,2000-05-17 14:03:00,MST,2000-05-17 14:03:00,0,0,0,0,,,TRAINED SPOTTER,F0,Unknown,0.1,25.0,,,,,40.6,-102.73333,40.6,-102.73333,"A powder keg of severe weather occurred over the northeast plains of Colorado. The environment became strongly sheared in the vicinity of an intense surface low pressure system allowing for the formation of over two dozen tornadoes. In addition to the tornadoes, large hail. strong thunderstorm winds and heavy rain accompanied the storms. Rainfall amounts generally ranged from 1 to 2 inches, with some minor flooding occuring in parts of Morgan County. Considering the high volume of tornadoes reported, many touching down at or near the same time, the damage was relatively minimal.",,CO,2000-05-17 15:03:00,2000-05-17 15:03:00,True,True
1095970,5147410,Colorado,95,Phillips,BOU,2000-05-17 14:05:00,MST,2000-05-17 14:05:00,0,0,0,0,,,TRAINED SPOTTER,F0,Unknown,0.1,25.0,,,,,40.58333,-102.43333,40.58333,-102.43333,"A powder keg of severe weather occurred over the northeast plains of Colorado. The environment became strongly sheared in the vicinity of an intense surface low pressure system allowing for the formation of over two dozen tornadoes. In addition to the tornadoes, large hail. strong thunderstorm winds and heavy rain accompanied the storms. Rainfall amounts generally ranged from 1 to 2 inches, with some minor flooding occuring in parts of Morgan County. Considering the high volume of tornadoes reported, many touching down at or near the same time, the damage was relatively minimal.",,CO,2000-05-17 15:05:00,2000-05-17 15:05:00,True,True
1096893,5149523,Kansas,179,Sheridan,GLD,2000-06-19 20:44:00,CST,2000-06-19 20:44:00,0,0,0,0,15K,,TRAINED SPOTTER,F0,Unknown,0.2,75.0,,,,,39.41667,-100.33333,39.41667,-100.33333,,Brief Touchdown destroyed one Grain Bin on farm.,KS,2000-06-19 21:44:00,2000-06-19 21:44:00,True,True
1097184,5150379,Indiana,177,Wayne,ILN,2000-06-21 03:15:00,EST,2000-06-21 03:22:00,0,0,0,0,45K,,EMERGENCY MANAGER,F0,Unknown,0.1,25.0,,,,,39.85,-85.03333,39.83333,-84.9,,"A brief touchdown of 10 to 15 seconds occurred on Mineral Springs Road. Plastic lawn furniture penetrated the wall of a garage, a 28 foot RV trailer was destroyed as it was lifted and landed on a length of fencing. Several trees were also destroyed. Further down in the west end of Richmond, thunderstorm winds caused roof damage to two structures on the 2200 block of Peacock Road. Two large trees were split, and Hills Greenhouses had extensive damage. A semi trailer was also turned over and a patio enclosure was blown from one side of a house to another on Northwest B Street.",IN,2000-06-21 04:15:00,2000-06-21 04:22:00,True,True
1098124,5153122,Iowa,15,Boone,DMX,2000-07-26 14:15:00,CST,2000-07-26 14:15:00,0,0,0,0,1K,,BROADCAST MEDIA,F0,Unknown,0.2,25.0,,,,,42.08333,-93.91667,42.08333,-93.91667,"After a brief break of about five hours, thunderstorms began to erupt in Iowa once again. As had been the case over the course of the previous several days to the north and west of Iowa, thunderstorms developed during the mid afternoon and became supercells within a short period of time. Wind profiles were favorable with a south to southeast flow in the low levels and a north to northwest flow in the mid and high levels. A cluster of thunderstorms developed over central and west central Iowa. Initially, the storms exhibited strong characteristics of being tornadic. There were a couple of tornado touchdowns during the first hour of the storms development. The first was northwest of Boone in Boone County. This tornado touched down in open country and was only on the ground for a short period of time. As the storms continued to develop, another tornado touched down in Guthrie County. This tornado was on the ground for a few miles before roping out and did cause some damage. Fortunately the tornado missed the city of Bagley. As the system progressed, the tornadic activity ended with the complex becoming a significant hail producer. Although there were some high winds reported with the storms, most of the winds were under 50 mph. The hail from this complex did considerable crop damage as the entire complex tracked to the south-southwest. Most of the hail was in the one inch to one and three quarter inch range. Storms passing over Cass County produced baseball size hail near the town of Atlantic. The hail caused serious damage and even broke windows out of several houses. The other problem with the storms during this event was the extremely heavy rainfall. The airmass was very moist with deep moisture in place, even though the moisture ribbon was quiet narrow. Rainfall of one and one half inches was reported in Tama County in a 15 minute time period. This produced the first flash flooding of the afternoon. As the action shifted to the west, heavy rainfall occurred over Adair and Cass Counties. Rainfall of three to five inches was reported in both of these counties within a two hour period. Enough rain fell to cover a section of Interstate 80 to a depth of two to three feet with water in Adair County, forcing the closure of the Interstate for a period of time. Water was also over the interstate in Cass County north of Atlantic, resulting in a brief closure there as well. Meanwhile, the area of thunderstorms over central Iowa increased in strength. Heavy rainfall ensued over Tama County with an additional four inches of rainfall in a couple hour time period. Serious flooding was reported in Tama and Montour with water around three feet deep in the streets of both towns. The storms weakened over central and eastern Iowa during the early evening as they moved southeast. The storms over west central and southwest Iowa remained severe as they moved south-southwest out of the Des Moines County Warning Area.",Brief touchdown with minor tree damage,IA,2000-07-26 15:15:00,2000-07-26 15:15:00,True,True
1098124,5153123,Iowa,77,Guthrie,DMX,2000-07-26 14:18:00,CST,2000-07-26 14:29:00,0,0,0,0,5K,5K,TRAINED SPOTTER,F1,Unknown,3.6,40.0,,,,,41.88333,-94.43333,41.88333,-94.46667,"After a brief break of about five hours, thunderstorms began to erupt in Iowa once again. As had been the case over the course of the previous several days to the north and west of Iowa, thunderstorms developed during the mid afternoon and became supercells within a short period of time. Wind profiles were favorable with a south to southeast flow in the low levels and a north to northwest flow in the mid and high levels. A cluster of thunderstorms developed over central and west central Iowa. Initially, the storms exhibited strong characteristics of being tornadic. There were a couple of tornado touchdowns during the first hour of the storms development. The first was northwest of Boone in Boone County. This tornado touched down in open country and was only on the ground for a short period of time. As the storms continued to develop, another tornado touched down in Guthrie County. This tornado was on the ground for a few miles before roping out and did cause some damage. Fortunately the tornado missed the city of Bagley. As the system progressed, the tornadic activity ended with the complex becoming a significant hail producer. Although there were some high winds reported with the storms, most of the winds were under 50 mph. The hail from this complex did considerable crop damage as the entire complex tracked to the south-southwest. Most of the hail was in the one inch to one and three quarter inch range. Storms passing over Cass County produced baseball size hail near the town of Atlantic. The hail caused serious damage and even broke windows out of several houses. The other problem with the storms during this event was the extremely heavy rainfall. The airmass was very moist with deep moisture in place, even though the moisture ribbon was quiet narrow. Rainfall of one and one half inches was reported in Tama County in a 15 minute time period. This produced the first flash flooding of the afternoon. As the action shifted to the west, heavy rainfall occurred over Adair and Cass Counties. Rainfall of three to five inches was reported in both of these counties within a two hour period. Enough rain fell to cover a section of Interstate 80 to a depth of two to three feet with water in Adair County, forcing the closure of the Interstate for a period of time. Water was also over the interstate in Cass County north of Atlantic, resulting in a brief closure there as well. Meanwhile, the area of thunderstorms over central Iowa increased in strength. Heavy rainfall ensued over Tama County with an additional four inches of rainfall in a couple hour time period. Serious flooding was reported in Tama and Montour with water around three feet deep in the streets of both towns. The storms weakened over central and eastern Iowa during the early evening as they moved southeast. The storms over west central and southwest Iowa remained severe as they moved south-southwest out of the Des Moines County Warning Area.",Mostly tracked through rural area,IA,2000-07-26 15:18:00,2000-07-26 15:29:00,True,True
1104041,5158465,Nebraska,41,Custer,LBF,2000-10-31 19:35:00,CST,2000-10-31 19:45:00,0,0,0,0,250K,,LAW ENFORCEMENT,F1,Unknown,6.0,250.0,,,,,41.63333,-99.4,41.71667,-99.36667,,The tornado touched down 2 miles west of Sargent with damage to a farm building and center pivot irrigation system. The tornado moved north northeast with several power poles broken off and minor damage produced at a farm 2 miles northwest of Sargent. The tornado then moved across open country until destroying a communication tower and several power poles 5 miles north of Sargent. A farm building was then damaged 6 miles north of Sargent before the tornado moved into southeast Loup county.,NE,2000-10-31 19:35:00,2000-10-31 19:45:00,False,False
1104193,5159000,Minnesota,67,Kandiyohi,MPX,2000-11-01 17:25:00,CST,2000-11-01 17:28:00,0,0,0,0,,,GENERAL PUBLIC,F1,Unknown,0.5,30.0,,,,,44.91667,-95.16667,44.91667,-95.16667,,"Brief touchdown at two farms. The tornado destroyed a small storage shed, tipped another shed on its side, and ripped off a portion of the roof of a third shed at the Marcus family farm, as reported by the Raymond-Prinsburg news.",MN,2000-11-01 17:25:00,2000-11-01 17:28:00,False,False
1104511,5160834,Mississippi,131,Stone,MOB,2000-04-24 01:45:00,CST,2000-04-24 01:52:00,0,0,0,0,30K,,NWS STORM SURVEY,F0,Unknown,2.0,50.0,,,,,30.85,-89.13333,30.85,-89.13333,,"It was found from a National Weather Service Storm Survey that two different tornadoes of similar strength, width and distance, tracked east and southeast of Wiggins, MS. (See April 00 Storm Data) The first began in Wiggins near State Highways 29 and 26. The tornado moved northeast crossing State Highway 26 near 4th Street, then moved across Clubhouse Drive and went back into the clouds near McGregor and Big Four Roads. The tornado was a F0, about 50 yards wide and traveled mostly at tree top level, a distance of approximately 2 miles. Almost all of the damage was to trees, except at 4th Street and State Highway 26, where an auto parts store had its windows blown out by debris. High winds then pushed one side of the cinder block store over. An old building near the store, that had been vacant for some time, was blown over.",MS,2000-04-24 02:45:00,2000-04-24 02:52:00,True,True
1103693,5157994,Iowa,129,Mills,OAX,2000-10-31 20:08:00,CST,2000-10-31 20:12:00,0,0,0,0,40K,,LAW ENFORCEMENT,F1,Unknown,2.5,70.0,,,,,41.01667,-95.75,41.05,-95.75,,"A tornado touched down around 3 miles south southeast of Glenwood Iowa and tracked to just east of town before lifting. The tornado badly damaged a trailer home 1 mile east of Glenwood, and also blew some power poles onto a railroad track which were then run over by a train knocking power out to residents near Glenwood. A large Vinyl Fence was also destroyed, and part of a roof of another house was damaged.",IA,2000-10-31 20:08:00,2000-10-31 20:12:00,False,False
1098536,5153332,Arkansas,135,Sharp,LZK,2000-07-29 14:10:00,CST,2000-07-29 14:12:00,0,0,0,0,,,NWS STORM SURVEY,F0,Unknown,1.0,50.0,,,,,35.93333,-91.5,35.93333,-91.48333,,"A weak tornado was spawned in southern Sharp County , or from 3 to miles 4 miles east of Cave City close to Highway 230. One house sustained significant roof damage, with minor roof damage to three other houses. Two small farm sheds were destroyed, and a chicken house suffered some foundation damage and lost some of its tin roof. Several trees were also blown down.",AR,2000-07-29 15:10:00,2000-07-29 15:12:00,True,True
1097210,5152626,Massachusetts,15,Hampshire,BOX,2000-06-02 16:00:00,EST,2000-06-02 16:01:00,0,0,0,0,,,TRAINED SPOTTER,F1,Unknown,0.5,15.0,,,,,42.35,-72.7,42.35,-72.7,"Severe thunderstorms moved through much of the Bay State in advance of a strong cold front, causing widespread damage. The storms began in western Massachusetts during the late afternoon, with numerous reports of downed trees, wires, and large hail in Hampshire and Hampden Counties. Hail as large as golf balls was reported in Granby.Northampton received the brunt of the storm damage, where a brief tornado and microburst caused extensive damage and one injury. The tornado, rated F1 on the Fujita Scale with winds of 73 to 112 mph, touched down very briefly at 5 pm EDT in the higher elevations in Leeds, in the northwest section of Northampton. A few minutes later, the same tornado briefly touched down again near Bridge Road in the Pine Brook Farm portion of Northampton. The initial touchdown was only 15 yards wide at its maximum, about one half mile long, and lasted only one minute. It began near Kennedy Road, just to the west of the southern portion of Roberts Meadow Reservoir. It ended on the east side of the reservoir at Reservoir Road. Convergent tree damage was noted in these areas. The majority of the damage from this severe thunderstorm occurred from a very powerful microburst, with estimated winds between 90 and 105 mph, which affected the section of Northampton around Pine Brook Curve, Emily Lane, and Hatfield Street. Straight line wind damage was observed in this area, with large trees snapped in the middle, and in some cases at their bases. Four homes were declared uninhabitable due to large trees which had fell upon them. Hundreds of trees were downed as well as power lines. Hail, ranging in size from quarter to golf ball, accompanied this storm. Amazingly, only one minor injury occurred. A man was struck by a tree which fell into his kitchen, but was spared by his refrigerator, which acted as a shield according to several accounts.In central and eastern Massachusetts, thunderstorm winds downed trees, branches, and power lines throughout many communities in Worcester, Middlesex, Norfolk, Suffolk, and Plymouth Counties. Dime to nickel size hail also accompanied the storms. At Logan International Airport in Boston, a wind gust to 62 mph was reported.About 15,000 electric customers lost power during the storms as they moved through Massachusetts.",Brief touchdown in Leeds and Pine Brook Farm sections of Northampton,MA,2000-06-02 17:00:00,2000-06-02 17:01:00,True,True
1104202,5160992,Louisiana,9,Avoyelles,LCH,2000-11-06 05:45:00,CST,2000-11-06 05:48:00,3,0,0,0,200K,,NWS STORM SURVEY,F2,Unknown,3.0,25.0,,,,,30.9,-92.21667,30.93333,-92.18333,"An F-2 tornado moved across rural sections of Avoyelles Parish, destroying two homes and damaging several other bulidings. The tornado began near a church in Eola, where a home lost part of its roof and the steeple blew off the church. A neighboring home lost its porch and had a window blown out, while some old buildings nearby were flattened. Many trees were also blown down. On Highway 29 south of Bunkie, one permanent home lost a portion of its roof, one outside wall, and the carport. Another permanent home bult on a foundation was swept off its foundation and moved 200 feet. In this home, three people received minor injuries. They were found in debris 300 feet from where the home originally lay. The wood frame home they were in was torn to pieces. Two cars and a horse trailer were thrown over 100 feet into a field.",,LA,2000-11-06 05:45:00,2000-11-06 05:48:00,False,False
1104025,5158446,Colorado,123,Weld,BOU,2000-09-01 18:43:00,MST,2000-09-01 18:45:00,0,0,0,0,0,0,TRAINED SPOTTER,F0,Unknown,0.1,25.0,,,,,40.63333,-104.4,40.63333,-104.4,,A small tornado touched down briefly in open country.,CO,2000-09-01 19:43:00,2000-09-01 19:45:00,True,True
1104132,5160883,Kansas,179,Sheridan,GLD,2000-10-28 12:56:00,CST,2000-10-28 12:59:00,0,0,0,0,,,LAW ENFORCEMENT,F0,Unknown,1.0,50.0,,,,,39.21667,-100.43333,39.23333,-100.43333,,Damage to utility poles from tornado. No other damage reported.,KS,2000-10-28 13:56:00,2000-10-28 13:59:00,True,True
1104132,5160884,Kansas,65,Graham,GLD,2000-10-28 15:32:00,CST,2000-10-28 15:32:00,0,0,0,0,,,TRAINED SPOTTER,F0,Unknown,0.7,50.0,,,,,39.18333,-99.98333,39.18333,-99.98333,,Brief tornado with no noticable damage.,KS,2000-10-28 16:32:00,2000-10-28 16:32:00,True,True
1104132,5160886,Kansas,65,Graham,GLD,2000-10-28 15:50:00,CST,2000-10-28 15:50:00,0,0,0,0,,,LAW ENFORCEMENT,F0,Unknown,0.5,50.0,,,,,39.3,-100.01667,39.3,-100.01667,,Brief tornado.,KS,2000-10-28 16:50:00,2000-10-28 16:50:00,True,True
1104188,5158990,Florida,86,Miami-Dade,MFL,2000-10-03 12:00:00,EST,2000-10-03 12:03:00,0,0,0,0,20K,,LAW ENFORCEMENT,F1,Unknown,0.5,20.0,,,,,25.85,-80.26667,25.85,-80.26667,,"A tornado touched down near 41st Street and E 8th Avenue, moved north northwest, then lifted near 46th Street and E 6th Avenue. The roof of Hialeah Fire Department Station No. 2 was damaged with debris falling onto vehicles. Other damage occurred to signs and traffic signals with some trees uprooted and numerous large branches blown down.",FL,2000-10-03 13:00:00,2000-10-03 13:03:00,True,True
1103336,5158717,South Carolina,19,Charleston,CHS,2000-08-03 13:45:00,EST,2000-08-03 13:47:00,0,0,0,0,,,GENERAL PUBLIC,F0,Unknown,0.1,25.0,,,,,32.76667,-79.78333,32.78333,-79.76667,,A waterspout that was moving just off the coast of the Isle of Palms came ashore briefly and threw around a couple of beach chairs and some beach towels. The waterspout dissipated almost immediately once it came ashore.,SC,2000-08-03 14:45:00,2000-08-03 14:47:00,True,True
1104135,5161278,Nebraska,145,Red Willow,GLD,2000-10-31 16:48:00,CST,2000-10-31 16:53:00,0,0,0,0,,,STORM CHASER,F0,Unknown,3.0,100.0,,,,,40.03333,-100.36667,40.05,-100.35,,"Cone shaped tornado reported for short time. Path length may have been longer. However, no noticable damage observed.",NE,2000-10-31 16:48:00,2000-10-31 16:53:00,False,False
1104176,5161325,Oklahoma,109,Oklahoma,OUN,2000-10-22 18:14:00,CST,2000-10-22 18:22:00,0,0,0,0,10K,,STORM CHASER,F0,Unknown,3.0,25.0,,,,,35.43333,-97.5,35.48333,-97.51667,"Significant flash flooding and 6 tornadoes, mostly small, weak and short-lived, developed on the 22nd, across a 35 mile wide band from near Frederick in southwest Oklahoma northeastward to near Chandler in central Oklahoma. Rainfall amounts in this band averaged 4 to 8 inches. Anadarko in Caddo County, received 10 inches, which classifies as a 250-year rain event. Record-like flooding developed in some areas, particularly across southern Caddo and Grady Counties, from near Apache and Anadarko to near Chickasha.","This tornado formed across southern Oklahoma City near the intersection of Eastern and SE 22nd. Minor damage to buildings, trees, and power lines, consistent with an F0 rating, occurred over a narrow, 3 mile path.",OK,2000-10-22 19:14:00,2000-10-22 19:22:00,True,True
1104176,5161324,Oklahoma,109,Oklahoma,OUN,2000-10-22 18:02:00,CST,2000-10-22 18:07:00,0,0,0,0,120K,,NWS STORM SURVEY,F1,Unknown,1.5,40.0,,,,,35.38333,-97.53333,35.4,-97.5,"Significant flash flooding and 6 tornadoes, mostly small, weak and short-lived, developed on the 22nd, across a 35 mile wide band from near Frederick in southwest Oklahoma northeastward to near Chandler in central Oklahoma. Rainfall amounts in this band averaged 4 to 8 inches. Anadarko in Caddo County, received 10 inches, which classifies as a 250-year rain event. Record-like flooding developed in some areas, particularly across southern Caddo and Grady Counties, from near Apache and Anadarko to near Chickasha.","This tornado, rated F1, formed across southern portions of Oklahoma City near the intersection of Interstate 35 and Interstate 240, then moved northward for 1.5 miles before dissipating. Minor structural damage, consisting of 2 broken windows and an air conditioning unit blown off the roof, occurred to the Montgomery Ward Auto Express Store at Crossroads Mall. In addition, roof damage was sustained to several offices and businesses, and numerous homes in the town of Valley Brook.",OK,2000-10-22 19:02:00,2000-10-22 19:07:00,True,True
1104132,5160891,Kansas,137,Norton,GLD,2000-10-28 16:51:00,CST,2000-10-28 16:51:00,0,0,0,0,,,LAW ENFORCEMENT,F0,Unknown,0.5,50.0,,,,,39.83333,-100.06667,39.83333,-100.06667,,Brief tornado with no noticable damage.,KS,2000-10-28 17:51:00,2000-10-28 17:51:00,True,True
1104513,5160903,Alabama,3,Baldwin,MOB,2000-11-08 12:45:00,CST,2000-11-08 12:46:00,0,0,0,0,,,NWS EMPLOYEE(OFF DUTY),F0,Unknown,0.1,50.0,,,,,30.55,-87.58333,30.55,-87.58333,,"Two off duty meteorologists observed a tornado that briefly touched down in a field just north of Elsanor and south of I-10. No damage from the tornado was found. After briefly touching down, the tornado quickly dissipated. This was the fourth tornado to touch down in Baldwin county in a two hour period.",AL,2000-11-08 12:45:00,2000-11-08 12:46:00,False,False
1103692,5157993,Nebraska,131,Otoe,OAX,2000-10-29 17:14:00,CST,2000-10-29 17:15:00,0,0,0,0,1K,,EMERGENCY MANAGER,F0,Unknown,1.0,40.0,,,,,40.63333,-96.23333,40.65,-96.23333,,This tornado was the 2nd of 3 in Otoe county this night. The tornado was only on the ground 1 mile but did take the roof off of a shed and downed a few power poles.,NE,2000-10-29 17:14:00,2000-10-29 17:15:00,False,False
1103694,5157995,Nebraska,127,Nemaha,OAX,2000-10-31 19:00:00,CST,2000-10-31 19:02:00,0,0,0,0,30K,,EMERGENCY MANAGER,F0,Unknown,2.0,40.0,,,,,40.46667,-95.98333,40.5,-95.98333,,A brief touchdown of a tornado destroyed 3 outbuildings and did some roof damage of a farm house southwest of Brock.,NE,2000-10-31 19:00:00,2000-10-31 19:02:00,False,False
1103649,5158878,Florida,79,Madison,TAE,2000-09-22 13:55:00,EST,2000-09-22 13:55:00,0,0,0,0,1K,,EMERGENCY MANAGER,F0,Unknown,0.3,25.0,,,,,30.5,-83.68333,30.5,-83.68333,,A brief F0 tornado touched down along Lake Logan Road and uprooted numerous trees. Reported by the Madison County EMA.,FL,2000-09-22 14:55:00,2000-09-22 14:55:00,True,True
1103650,5158879,Florida,65,Jefferson,TAE,2000-09-22 13:00:00,EST,2000-09-22 13:00:00,0,0,0,0,50K,,EMERGENCY MANAGER,F0,Unknown,0.3,25.0,,,,,30.41667,-83.96667,30.41667,-83.96667,,Two mobile homes were damaged by a brief F0 tornado. Reported by the Jefferson County EMA.,FL,2000-09-22 14:00:00,2000-09-22 14:00:00,True,True
1104135,5161277,Nebraska,145,Red Willow,GLD,2000-10-31 17:10:00,CST,2000-10-31 17:15:00,0,0,0,0,,,TRAINED SPOTTER,F0,Unknown,3.0,75.0,,,,,40.25,-100.26667,40.3,-100.23333,,No damage reported with tornado as it lifted near northeast corner of the county.,NE,2000-10-31 17:10:00,2000-10-31 17:15:00,False,False
1104771,5160528,Texas,201,Harris,HGX,2000-11-24 02:35:00,CST,2000-11-24 02:38:00,0,0,0,0,350K,,NWS STORM SURVEY,F1,Unknown,1.0,150.0,,,,,29.7,-95.2,29.7,-95.2,,Tornado touched down near intersection of Preston and Crenshaw. Roof blown off of home in Parkgate subdivision. Roof peeled off large storage building. Damage to windows and trailers at First Presbyterian Church. Fences and trees knocked over on western edge of adjoining neighborhood with portion of roof torn off Turner Elementary.,TX,2000-11-24 02:35:00,2000-11-24 02:38:00,False,False
1104136,5160916,Kansas,181,Sherman,GLD,2000-10-31 14:54:00,MST,2000-10-31 14:54:00,0,0,0,0,,,LAW ENFORCEMENT,F1,Unknown,0.5,100.0,,,,,39.26667,-101.88333,39.28333,-101.88333,,"Tornado touched down on farmstead and took off the roof of a sheep barn, flipped a trailer, destroyed a small buildings, and broke some windows. In addition, the tornado tore out trees, fences, and a utility pole. No one was injured at the residence.",KS,2000-10-31 14:54:00,2000-10-31 14:54:00,False,False
1104136,5160917,Kansas,153,Rawlins,GLD,2000-10-31 18:15:00,CST,2000-10-31 18:15:00,0,0,0,0,,,NEWSPAPER,F0,Unknown,0.7,75.0,,,,,39.63333,-101.05,39.63333,-100.96667,,"Brief tornado turned over grain trailers, broke tractor windows, moved a concrete wall, and tore out a garage door. No one was injured on the farmstead.",KS,2000-10-31 18:15:00,2000-10-31 18:15:00,False,False
1103648,5158877,Georgia,155,Irwin,TAE,2000-09-22 14:00:00,EST,2000-09-22 14:05:00,0,0,0,0,200K,8K,EMERGENCY MANAGER,F1,Unknown,2.0,50.0,,,,,31.6,-83.33333,31.63333,-83.3,,"An F1 tornado touched down severely damaging a home near U.S. Highway 319, then raced northeast across Highway 32 destroying a home on Tomberlin Lane between Ocilla and Mystic. The tornado damaged several peanut and cotton farms before dissipating. Numerous large trees were uprooted and power lines were toppled. Reported by the Irwin County EMA.",GA,2000-09-22 15:00:00,2000-09-22 15:05:00,True,True
1104190,5158992,Florida,99,Palm Beach,MFL,2000-11-25 10:05:00,EST,2000-11-25 10:07:00,0,0,0,0,100K,,EMERGENCY MANAGER,F0,Unknown,0.5,15.0,,,,,26.63333,-80.11667,26.63333,-80.11667,,"A tornado touched down in a mobile home park near Rachel and Susan Drives and moved into a second mobile home park before lifting near Janet Drive and Sunset Trail. The tornado damaged the roofs of two homes as well as awnings, antennae, and outbuildings of several others .",FL,2000-11-25 10:05:00,2000-11-25 10:07:00,False,False
1104771,5160525,Texas,339,Montgomery,HGX,2000-11-23 22:55:00,CST,2000-11-23 22:55:00,0,0,0,0,100K,,EMERGENCY MANAGER,F0,Unknown,0.5,50.0,,,,,30.31667,-95.45,30.31667,-95.45,,Tornado at Artesian Lakes subdivision on FM 2584. Steeple blown off West Conroe Baptist Church. Shingles blown off roofs of several homes. Numerous large trees blown down in area.,TX,2000-11-23 22:55:00,2000-11-23 22:55:00,False,False
1104771,5160527,Texas,201,Harris,HGX,2000-11-24 01:22:00,CST,2000-11-24 01:27:00,1,0,0,0,250K,,NWS STORM SURVEY,F1,Unknown,1.0,50.0,,,,,29.8,-95.75,29.8,-95.75,,"Tornado near intersection of Grand Parkway and Colonial Parkway. Tornado damaged portion of roof on Albertson's warehouse then flipped over two office trailers. Several homes damaged in Williamsburg Hamlet subdivision with roof damage to three homes, windows blown out, and major fence damage. One home completely destroyed. One man was injured in a tractor-trailer that flipped over on the Grand Parkway.",TX,2000-11-24 01:22:00,2000-11-24 01:27:00,False,False
1104182,5161422,Oklahoma,33,Cotton,OUN,2000-10-21 16:41:00,CST,2000-10-21 16:55:00,0,0,0,0,1.5K,,NWS STORM SURVEY,F0,Unknown,4.0,30.0,,,,,34.31667,-98.31667,34.36667,-98.31667,,"Damage from this tornado was very minor and confined to an area from 1 mile west of Walters to 1 mile northwest of Walters. A few swing sets were overturned. A television antenna was bent, and an empty agricultural trailer was rolled about 50 feet over a chain-link fence. In addition, south and west facing doors were blown off a sheet metal storage building at the Rodeo Expo Center on Highway 53, which is on the northwest side of Walters. A small section of the roof was also peeled back.",OK,2000-10-21 17:41:00,2000-10-21 17:55:00,True,True
1103744,5161427,Texas,329,Midland,MAF,2000-10-24 19:10:00,CST,2000-10-24 19:10:00,0,0,0,0,,,STORM CHASER,F0,Unknown,0.1,50.0,,,,,32.05,-102.08333,32.05,-102.08333,A short wave trough moving across the region triggered a series of storms that resulted in numerous hail reports up to golfball size and extensive flooding in some parts of Permian Basin and South Plains. An isolated tornado was also observed.,Skywarn spotters and NWS employees viewed a short lived tornado north of the airport.,TX,2000-10-24 20:10:00,2000-10-24 20:10:00,True,True
1104445,5161349,Mississippi,73,Lamar,JAN,2000-11-09 01:50:00,CST,2000-11-09 01:50:00,0,0,0,0,3K,,NWS STORM SURVEY,F0,Unknown,0.5,50.0,,,,,31.11667,-89.45,31.11667,-89.45,,This F0 tornado knocked down some trees in a rural area.,MS,2000-11-09 01:50:00,2000-11-09 01:50:00,False,False
1103856,5161178,Texas,381,Randall,AMA,2000-10-23 13:10:00,CST,2000-10-23 13:15:00,0,0,0,0,3K,,EMERGENCY MANAGER,F0,Unknown,0.4,50.0,,,,,35.15,-101.75,35.16667,-101.73333,Severe thunderstorms developed across the southwestern and south-central Texas panhandle producing a tornado over the eastern sections of the city of Amarillo along with flooding rains and large hail across the southwestern Texas panhandle.,The tornado initially touched down near Loop 335 and Whitaker Road five miles southeast of Amarillo. As the tornado moved north...it touched down two or three additional times during its lifetime for only a few seconds each time as it moved across the eastern sections of Amarillo. The tornado caused minor damage to a barn and a few telephone poles in Randall county before moving into Potter county. The tornado path width and length was estimated.,TX,2000-10-23 14:10:00,2000-10-23 14:15:00,True,True
1104064,5161172,Oregon,5,Clackamas,PQR,2000-10-09 18:15:00,PST,2000-10-09 18:45:00,0,0,0,0,50K,,EMERGENCY MANAGER,F1,Unknown,0.1,75.0,,,,,45.15,-122.61667,45.15,-122.61667,"The tornado occurred along Highway 213. One half of a roof was torn from a home, the roof of an apartment complex was damaged, a satellite dish was torn from its mounting, two-one foot trees were toppled, and a gate and a dog house along with smaller items were strewn about. In addition, a one foot piece of styrofoam was imbedded in the siding of a house. No injuries were reported.","The tornado occurred along Highway 213 2 miles west of Molalla. One half of a roof was torn from a home, the roof of an apartment complex was damaged, a satellite dish was torn from it's mounting, two one foot diameter trees were toppled, and a gate and a dog house, along with smaller items, were strewn about. No injuries were reported.",OR,2000-10-09 19:15:00,2000-10-09 19:45:00,True,True
1104065,5161173,Oregon,5,Clackamas,PQR,2000-10-09 19:10:00,PST,2000-10-09 19:20:00,0,0,0,0,35K,,OFFICIAL NWS OBS.,F1,Unknown,0.1,75.0,,,,,45.31667,-122.56667,45.31667,-122.56667,"This tornado occurred near Henricci and South Beavercreek Road. A large barn was collapsed, a 30 by 40 foot piece of its roof was carried over another barn about 150 feet to the North and some its roofing tin was moved about 100 yards around and to the front of a house. No injuries were reported.",,OR,2000-10-09 20:10:00,2000-10-09 20:20:00,True,True
1104176,5161327,Oklahoma,123,Pontotoc,OUN,2000-10-22 16:58:00,CST,2000-10-22 17:04:00,0,0,0,0,0K,,AMATEUR RADIO,F0,Unknown,2.5,25.0,,,,,34.68333,-96.55,34.71667,-96.55,"Significant flash flooding and 6 tornadoes, mostly small, weak and short-lived, developed on the 22nd, across a 35 mile wide band from near Frederick in southwest Oklahoma northeastward to near Chandler in central Oklahoma. Rainfall amounts in this band averaged 4 to 8 inches. Anadarko in Caddo County, received 10 inches, which classifies as a 250-year rain event. Record-like flooding developed in some areas, particularly across southern Caddo and Grady Counties, from near Apache and Anadarko to near Chickasha.","This tornado, rated F0, formed about 3 miles northwest of Stonewall near Highway 3. No damage was observed or reported as it moved northward before dissipating. A correction was made to the beginning and ending times of this tornado, from 1726-1732 CST to 1658-1704 CST.",OK,2000-10-22 17:58:00,2000-10-22 18:04:00,True,True
1104176,5161328,Oklahoma,123,Pontotoc,OUN,2000-10-22 18:00:00,CST,2000-10-22 18:00:00,0,0,0,0,0K,,STORM CHASER,F0,Unknown,0.1,15.0,,,,,34.81667,-96.51667,34.81667,-96.51667,"Significant flash flooding and 6 tornadoes, mostly small, weak and short-lived, developed on the 22nd, across a 35 mile wide band from near Frederick in southwest Oklahoma northeastward to near Chandler in central Oklahoma. Rainfall amounts in this band averaged 4 to 8 inches. Anadarko in Caddo County, received 10 inches, which classifies as a 250-year rain event. Record-like flooding developed in some areas, particularly across southern Caddo and Grady Counties, from near Apache and Anadarko to near Chickasha.",This small tornado formed about 5 miles southeast of Francis and caused no damage (F0) before dissipating.,OK,2000-10-22 19:00:00,2000-10-22 19:00:00,True,True
1104327,5161333,Texas,53,Burnet,EWX,2000-11-05 17:00:00,CST,2000-11-05 17:02:00,0,0,0,0,80K,0,NEWSPAPER,F0,Unknown,1.5,50.0,,,,,30.75,-98.21667,30.75,-98.21667,,A small and short-lived tornado was observed by the public as it touched down near Burnet. It damaged two homes and some barns and around a dozen trees before lifting and dissipating.,TX,2000-11-05 17:00:00,2000-11-05 17:02:00,False,False
1104176,5161326,Oklahoma,17,Canadian,OUN,2000-10-22 16:36:00,CST,2000-10-22 16:36:00,0,0,0,0,.5K,,NWS EMPLOYEE(OFF DUTY),F0,Unknown,0.2,35.0,,,,,35.53333,-98.08333,35.53333,-98.08333,"Significant flash flooding and 6 tornadoes, mostly small, weak and short-lived, developed on the 22nd, across a 35 mile wide band from near Frederick in southwest Oklahoma northeastward to near Chandler in central Oklahoma. Rainfall amounts in this band averaged 4 to 8 inches. Anadarko in Caddo County, received 10 inches, which classifies as a 250-year rain event. Record-like flooding developed in some areas, particularly across southern Caddo and Grady Counties, from near Apache and Anadarko to near Chickasha.","This short-lived tornado was observed by an off-duty National Weather Service meteorologist near mile marker 117 on Interstate 40 in Canadian County. A motorhome was blown over, and a highway sign was ripped off its post, consistent with an F0 rating.",OK,2000-10-22 17:36:00,2000-10-22 17:36:00,True,True
1091621,5135202,Arkansas,45,Faulkner,LZK,2000-02-13 16:52:00,CST,2000-02-13 16:55:00,0,0,0,0,,,NWS STORM SURVEY,F0,Unknown,2.2,40.0,,,,,34.96667,-92.45,34.96667,-92.41667,,"A weak tornado was spawned in southern Faulkner County about 1.5 miles northwest of Mayflower. The tornado moved east, causing mostly minor damage. A couple of ornamental columns in front of a home were torn loose, with one of the columns falling into a window. Two highway signs were tipped over backwards as well. At Paradise Landing, the front windows of a store were blown in, much of the roof from a boat dock was removed, and several nearby boat houses were damaged. Also, several trees and power lines were blown down. The tornado dissipated about 2 miles northeast of Mayflower.",AR,2000-02-13 16:52:00,2000-02-13 16:55:00,False,False
1103856,5161181,Texas,375,Potter,AMA,2000-10-23 13:15:00,CST,2000-10-23 13:40:00,0,0,0,0,12K,,EMERGENCY MANAGER,F0,Unknown,0.4,50.0,,,,,35.16667,-101.73333,35.26667,-101.73333,Severe thunderstorms developed across the southwestern and south-central Texas panhandle producing a tornado over the eastern sections of the city of Amarillo along with flooding rains and large hail across the southwestern Texas panhandle.,The tornado...which began in Randall county...touched down three or four times during its lifetime for only a few seconds each time as it moved across the eastern sections of Amarillo. The tornado caused minor damage at a water park and also a grain elevator in northern Potter county before dissipating. The tornado path width and length was estimated.,TX,2000-10-23 14:15:00,2000-10-23 14:40:00,True,True
1104423,5161570,Texas,355,Nueces,CRP,2000-12-26 14:30:00,CST,2000-12-26 15:00:00,0,0,0,0,,,LAW ENFORCEMENT,F0,Unknown,5.4,10.0,,,,,27.66667,-97.66667,27.73333,-97.63333,,This tornado traversed across cropless farm land and open country. It caused no damage.,TX,2000-12-26 14:30:00,2000-12-26 15:00:00,False,False
1104219,5161009,Texas,241,Jasper,LCH,2000-11-24 03:50:00,CST,2000-11-24 03:50:00,0,0,0,0,75K,,LAW ENFORCEMENT,F1,Unknown,3.0,10.0,,,,,30.43333,-93.96667,30.43333,-93.96667,"A tornado passed across the north end of Buna, blowning trees down in its path. A home on Highway 96 had its windows blown out. A mobile home on Fey Road was destroyed when a large tree fell on it, nearly severing it into two pieces. Another home on Fey Road, a two story permanent home, received major damage to its roof, siding, and interior. A truck at this home was smashed by a falling tree. On FM 1004, trees were blown down, and three storage buildings were destroyed.",,TX,2000-11-24 03:50:00,2000-11-24 03:50:00,False,False
1104279,5161390,Alabama,109,Pike,BMX,2000-11-09 07:19:00,CST,2000-11-09 07:22:00,0,0,0,0,95K,0K,NWS STORM SURVEY,F1,Unknown,1.9,75.0,,,,,31.86667,-85.93333,31.86667,-85.9,,A weak tornado formed on a bow echo about 4.1 miles north-northeast of Troy just west of the intersection of CR 103 and CR 7. The tornado traveled on a northeasterly track crossing CR 103 and CR 7. The tornado dissipated just southeast of Needmore after traveling about 1.9 miles. One mobile home that was tied down was completely destroyed and was thrown over 100 feet. Another mobile home suffered significant damage when a tree fell on one end of it. Three other mobile homes suffered some damage. Five permanent homes also sustained damage mostly to the roofs. Numerous trees sustained damage including several that were uprooted. A number of outbuildings (sheds and the like) also were damaged by the storm. Beginning: 31 52.281/85 57.246 Ending: 31 53.402/85 55.727,AL,2000-11-09 07:19:00,2000-11-09 07:22:00,False,False
1094394,5143870,Louisiana,103,St. Tammany,LIX,2000-04-03 10:22:00,CST,2000-04-03 10:22:00,0,0,0,0,,,LAW ENFORCEMENT,F0,Unknown,0.1,30.0,,,,,30.38333,-89.75,30.38333,-89.75,,A small tornado briefly touched down causing no damage.,LA,2000-04-03 11:22:00,2000-04-03 11:22:00,True,True
1094395,5143871,Louisiana,125,West Feliciana,LIX,2000-04-03 06:40:00,CST,2000-04-03 06:42:00,0,0,0,0,1K,,NWS STORM SURVEY,F1,Unknown,0.7,50.0,,,,,30.76667,-91.38333,30.76667,-91.38333,,A tornado touched down briefly on the north side of St. Francisville snapping off and tipping over several large trees and breaking off large tree limbs in a subdivision.,LA,2000-04-03 07:40:00,2000-04-03 07:42:00,True,True
1094396,5143872,Louisiana,125,West Feliciana,LIX,2000-04-03 06:45:00,CST,2000-04-03 06:50:00,0,0,0,0,200K,,NWS STORM SURVEY,F1,Unknown,3.0,50.0,,,,,30.78333,-91.31667,30.8,-91.26667,,"A broad swath of wind damage, approximately 5 miles long and 2 miles wide, occurred in a heavily wooded area to the northeast of St. Francisville. Within this broad area of damage was a narrow path of concentrated wind damage caused by a tornado. Between 300 and 500 trees were knocked down or had substantial number of large limbs torn off within this large area. There were approximately 30 homes in a subdivision damaged by fallen trees or tree limbs.",LA,2000-04-03 07:45:00,2000-04-03 07:50:00,True,True
1094679,5143531,Ohio,167,Washington,RLX,2000-05-23 19:15:00,EST,2000-05-23 19:17:00,0,0,0,0,150K,,NWS STORM SURVEY,F1,Unknown,1.0,100.0,,,,,39.53333,-81.63333,39.53333,-81.63333,,"The tornado occurred on County Route 32 near the old power plant in Waterford. On its one mile trek, the tornado destroyed a barn, threw a piece of wood from the barn through the wall of a house and into its kitchen, and shifted several trailers, cottages, and outbuildings off their foundations. The storm deposited roofing debris on the other side of the Muskingum River, in the town of Beverly.",OH,2000-05-23 20:15:00,2000-05-23 20:17:00,True,True
1094534,5143985,Nebraska,111,Lincoln,LBF,2000-05-17 16:15:00,CST,2000-05-17 16:35:00,2,0,0,0,750K,25K,GENERAL PUBLIC,F3,Unknown,11.5,1000.0,,,,,40.95,-100.36667,41.03333,-100.53333,,"The same supercell thunderstorm that had earlier produced the twin tornadoes 20 miles south of Brady produced a large tornado that touched down 6 miles south of Brady and moved toward the northwest lifting 4 miles south of Maxwell. Two women were injured when their home blew down around them. The tornado destroyed three homes and heavily damaged three others. Numerous outbuildings were damaged or destroyed. Four center pivot irrigation systems were destroyed and extensive damage was done to agricultural equipment. Over 75 power and telephone poles were destroyed along with miles of wire. The tornado reached it's maximum intensity of F3 shortly after touchdown when it heavily damaged a brick home and completely destroyed a large steel building. Later in it's path, the tornado leveled a frame home and blew several vehicles over and around the home. The path of the tornado was clearly visible where crops had been stripped from the ground. This tornado received extensive national coverage because of great video taken from chasers.",NE,2000-05-17 17:15:00,2000-05-17 17:35:00,True,True
1094929,5143965,Texas,29,Bexar,EWX,2000-05-19 19:50:00,CST,2000-05-19 19:50:00,0,0,0,0,40K,0,GENERAL PUBLIC,F0,Unknown,0.2,100.0,,,,,29.41667,-98.5,29.41667,-98.5,,"A small tornado was observed by the public as it touched down in a residential area near the intersection of Zarzamora and US90. The tornado missed homes in the area, but destroyed around 20 trees.",TX,2000-05-19 20:50:00,2000-05-19 20:50:00,True,True
1094398,5143875,Louisiana,91,St. Helena,LIX,2000-04-03 07:45:00,CST,2000-04-03 07:55:00,0,0,0,0,50K,,NWS STORM SURVEY,F1,Unknown,6.0,75.0,,,,,30.95,-90.71667,30.98333,-90.6,,A tornado touched down along an intermittent path damaging several mobile homes and house roofs.,LA,2000-04-03 08:45:00,2000-04-03 08:55:00,True,True
1095060,5144921,Wisconsin,71,Manitowoc,GRB,2000-05-12 10:43:00,CST,2000-05-12 10:43:00,0,0,0,0,,,GENERAL PUBLIC,F0,Unknown,0.1,50.0,,,,,44.03333,-88.01667,44.03333,-88.01667,"During the mid and late morning of May 12, a high precipitation supercell thunderstorm developed in west-central Wisconsin and tracked east across the state for over two and a half hours. The storm produced a prolific path of large hail, a brief tornado, and a significant wet microburst across central and east central Wisconsin. The storm was one of the most damaging thunderstorms in Wisconsin history, producing well over $100 million in damage.The thunderstorm developed north of a warm front, which was located across the Wisconsin/Illinois border. The setup was favorable for what is known as ""elevated"" convection; that is, the source of the instability was aloft, and not surface-based. Elevated convection often produces large hail, and the May 12 storm was no exception.As the storm moved into central Wisconsin, numerous reports of large hail were received from Waushara and Winnebago counties. Baseball size hail was observed with the storm in Waushara county, two miles east of Coloma and in Dakota. Hail damaged many of the roofs of the more than 1,000 homes in Omro (Winnebago co.) alone.As the storm intensified, it produced extensive damage across Calumet and Manitowoc counties as microburst winds developed. Wind-driven hail shredded west-facing sides of homes and businesses that were caught in the path of the storm.The worst damage in Calumet county was in and around Chilton, where 2 inch hail and hurricane-force wind gusts (estimated near 80 mph) knocked holes in siding and tore the walls and roofs from some buildings. Over 1000 homes were damaged in the city of Chilton. Two hundred more sustained damage in the township of Charlestown.A brief tornado occurred as the storm entered Manitowoc county, but did no damage. At about 1150 a.m. CDT, microburst winds near 100 mph and 2 inch hail combined to produce very serious damage in St. Nazianz. Most of the homes in a mobile home park in St. Nazianz were overturned or knocked off their foundation by the straight-line wind. Thirty people were injured in Manitowoc county, most in St. Nazianz. In Manitowoc county, over 100 homes were destroyed by the combination of wind and hail. Many more were damaged.",Brief tornado touchdown.,WI,2000-05-12 11:43:00,2000-05-12 11:43:00,True,True
1094955,5144002,Indiana,169,Wabash,IWX,2000-06-14 17:07:00,EST,2000-06-14 17:12:00,3,0,0,0,700K,30K,NWS EMPLOYEE(OFF DUTY),F2,Unknown,4.0,200.0,,,,,41.01667,-85.8,41.05,-85.76667,Synoptic and mesoscale conditions for June 14th...A significant mid-level shortwave trough was located over Iowa on the morning of June 14th with an outflow dominated squall line across western Illinois. Rapid destabilization ensued later in the morning across eastern Illinois and northern Indiana with CAPES to 3500 j/kg by early afternoon. VAD wind profiles showed 850 millibar winds in excess of 50 knots in advance of the upper trough by afternoon and as storms developed along the left over outflow boundary across Illinois... they quickly became severe and organized into a large bow echo and moved quickly eastward into northern Indiana causing extensive wind damage. By late afternoon... a short segmented squall line developed just ahead of this bow echo squall line and extended from a St. Joseph to Fulton county line. Along the southern end of this line... an embedded tornadic supercell developed and interacted with a left over storm-scale outflow boundary to produce the Wabash/Kosciusko and DeKalb county tornadoes. The lack of significant low level shear likely prevented a much larger and more widespread tornado event especially across Whitley and Allen counties where several funnel clouds were captured on film but failed to touch down.,"The tornado touched down again, hitting a farm at 1300 N and 100 W. A man suffered a broken leg here. Two hog sheds and a large grain bin were destroyed. A 200-yard swath of trees were uprooted to the northeast along the railroad tracks. Another man suffered back and chest injuries as the tornado continued to the intersection of 1300 N and Meridian Road and demolished the barn in which he stood. A 5th wheel camper was rolled 50 yards from its original position destroying it. The tornado continued to the next farm just south of 1400 N and 100 E. The barn was destroyed and the house suffered moderate damage, primarily from flying tree debris. The tornado snapped a utility pole, which fell on an 18-year-old boy, breaking his leg. Many trees and power lines were downed along the way. From here, the tornado continued until the Wabash/Kosciusko county line.",IN,2000-06-14 18:07:00,2000-06-14 18:12:00,True,True
1094381,5143457,Ohio,45,Fairfield,ILN,2000-05-23 17:00:00,EST,2000-05-23 17:05:00,0,0,0,0,50K,,NWS STORM SURVEY,F0,Unknown,0.5,130.0,,,,,39.71667,-82.4,39.71667,-82.4,,"A weak tornado touched down briefly knocking down trees, destroying a shed,and damaging farm machinery.",OH,2000-05-23 18:00:00,2000-05-23 18:05:00,True,True
1095065,5144062,Michigan,159,Van Buren,GRR,2000-05-12 18:43:00,EST,2000-05-12 18:44:00,0,0,0,0,10K,10K,NWS STORM SURVEY,F0,Unknown,0.1,10.0,,,,,42.35,-85.86667,42.35,-85.86667,"A large severe thunderstorm outbreak produced numerous reports of large hail across mainly Allegan and Barry Counties during the evening. There were many reports from trained spotters and law enforcement of one inch hail in both Fennville and Saugatuck, in Allegan County, between 5:40 and 5:50 p.m. EST. One inch hail was also reported in Glenn in Allegan County at 5:51 p.m. EST by a trained spotter. A report from local media was received of .88"" hail in Newaygo (Newaygo County) at 6:03 p.m. EST. There was a very brief touchdown of a F0 tornado 4 miles north northeast of Gobles in an open field at 6:43 p.m. EST, with only very minor damage to a few trees and crops. Numerous reports of .88"" hail were also received from trained spotters in Allegan (Allegan County) at 7:14 p.m. EST. Severe thunderstorm wind gusts to 60 mph were reported between 6:45 and 6:51 p.m. EST by trained spotters in Nashville, and law enforcement near Gun Lake, both in Barry County. Law enforcement reported that several trees and power lines were downed in the vicinity of Gun Lake. .88"" hail was also reported 5 miles south of the city of Allegan (Allegan County) at 6:52 p.m. EST by a trained spotter. One inch hail was reported 2 miles north of Dowling (Barry County) at 7:30 p.m. EST. In addition to hail, the thunderstorms also produced torrential rainfall which produced some flash flooding in Allegan and Barry Counties. Four feet of water was reported 4 miles northwest of Fennville at the intersection of 63rd street and M-89 by a trained spotter at 6:15 p.m. EST. A trained spotter reported that a road was washed out in Wayland at the intersection of 1st and 104th streets at 8:30 p.m. EST. A road and private driveway was washed out in Carlton Township (Barry County) at 9 p.m. EST, and the Barry County Road Commission reported that several secondary roads were temporaraily under water. Earlier in the day, there was one isolated severe thunderstorm that produced three quarters inch hail in Harrison (Clare County) at 3:55 p.m. EST.",,MI,2000-05-12 19:43:00,2000-05-12 19:44:00,True,True
1095217,5145030,Illinois,53,Ford,LOT,2000-05-18 18:30:00,CST,2000-05-18 18:30:00,0,0,0,0,,,EMERGENCY MANAGER,F0,Unknown,0.5,50.0,,,,,40.41667,-88.36667,40.41667,-88.36667,"Several supercell storms moved through southeast Livingston, Ford and northern Iroquois Counties, then more storms developed and moved through southern Ford County. There were several reports of tornadoes on the ground in rural areas but no damage was reported. The first sighting was near Faibury, relayed by State Police. Later a tornado was reported near Chatsworth by a trained spotter. Storms blew down trees in Papineau. State police reported a tornado west of Ashkum. A tornado was reported near Gibson City by a spotter. Later another tornado was reported by emergency management south of Gibson City. Another sighting was southwest of Paxton by State Police. No damage was reported with any of the tornadoes.",,IL,2000-05-18 19:30:00,2000-05-18 19:30:00,True,True
1095217,5145031,Illinois,53,Ford,LOT,2000-05-18 18:40:00,CST,2000-05-18 18:40:00,0,0,0,0,,,LAW ENFORCEMENT,F0,Unknown,0.5,50.0,,,,,40.45,-88.13333,40.45,-88.13333,"Several supercell storms moved through southeast Livingston, Ford and northern Iroquois Counties, then more storms developed and moved through southern Ford County. There were several reports of tornadoes on the ground in rural areas but no damage was reported. The first sighting was near Faibury, relayed by State Police. Later a tornado was reported near Chatsworth by a trained spotter. Storms blew down trees in Papineau. State police reported a tornado west of Ashkum. A tornado was reported near Gibson City by a spotter. Later another tornado was reported by emergency management south of Gibson City. Another sighting was southwest of Paxton by State Police. No damage was reported with any of the tornadoes.",,IL,2000-05-18 19:40:00,2000-05-18 19:40:00,True,True
1094680,5143618,West Virginia,95,Tyler,RLX,2000-05-23 18:43:00,EST,2000-05-23 18:45:00,0,0,0,0,85K,,NWS STORM SURVEY,F1,Unknown,1.0,75.0,,,,,39.53333,-80.88333,39.53333,-80.86667,,Several trees and an outbuilding were knocked over. The storm moved toward the Elk Fork stream basin and ripped a roof off a house and destroyed a barn.,WV,2000-05-23 19:43:00,2000-05-23 19:45:00,True,True
1094929,5143961,Texas,493,Wilson,EWX,2000-05-19 19:05:00,CST,2000-05-19 19:07:00,0,0,0,0,80K,0,EMERGENCY MANAGER,F1,Unknown,0.5,100.0,,,,,29.33333,-98.13333,29.33333,-98.13333,,"A small tornado struck a semi-rural area just southwest of the town of LaVernia. It damaged or destroyed several trees and caused damage to around a dozen homes. In a few cases, it pulled very large, old oak trees with diameters over two feet out of the ground. An NWS survey revealed that the tornado was apparently lifting up and touching down along much of its half-mile path.",TX,2000-05-19 20:05:00,2000-05-19 20:07:00,True,True
1094929,5143962,Texas,325,Medina,EWX,2000-05-19 19:35:00,CST,2000-05-19 19:36:00,0,0,0,0,0,0,LAW ENFORCEMENT,F0,Unknown,0.2,50.0,,,,,29.11667,-98.91667,29.11667,-98.91667,,A very small and short-lived tornado was observed by officers from the Department of Public Safety in an open area just south of Devine. It caused no known damage.,TX,2000-05-19 20:35:00,2000-05-19 20:36:00,True,True
1095265,5144194,Virginia,540,Charlottesville (C),LWX,2000-05-13 18:45:00,EST,2000-05-13 18:55:00,1,0,0,0,500K,,NWS STORM SURVEY,F1,Unknown,4.0,200.0,,,,,38.03333,-78.53333,38.03333,-78.5,"Temperatures in the mid 80s to lower 90s in combination with humid conditions resulted in several rounds of thunderstorms across Northern and Central Virginia from midday through late evening on the 13th. Several storms produced winds in excess of 55 mph, large hail, frequent lightning, and very heavy downpours. One storm produced a 4 mile long F1 tornado on the north side of Charlottesville. At 7:45 PM a tornado touched down about 2 miles west of Charlottesville on the north side of Farmington Country Club and downed several trees. It moved northeast across Barracks Road to Albemarle High School where it took insulation from underneath modular classrooms and splattered it along nearby walls. The storm then crossed Hydraulic Road and Route 29 near Albemarle Square Shopping Center where it blew out a plate-glass window, injuring one customer. The tornado moved into the Woodbrook neighborhood where it damaged a few homes and trees then dissipated around 7:55 PM EDT. Hundreds of trees in the path of this 300 yard wide tornado were downed or snapped. The hardest hit areas were along Route 250 and Owensville Road, including the neighborhoods of Farmington, West Leigh, and Glenaire. Just south of the tornado's path, straight line winds estimated between 80 and 100 mph downed several trees, power lines, and telephone poles. A storage place and its contents were also destroyed and homes nearby reported minor damage. One parked car and several guard rails were flattened by downed trees. Nearly 16,000 area customers lost power after the storm struck. In Loudoun County, quarter sized hail fell near the Route 15 Potomac River bridge northeast of Taylorstown. Pea sized hail fell in South Riding. Winds estimated between 70 and 90 mph downed several trees near Snake Hill Road north of Middleburg. Three people were injured by flying debris at an outdoor wedding and several parked cars were damaged by fallen trees. In Alexandria, downed trees blocked a portion of the George Washington Parkway north of Key Bridge and King Street. Ten townhouses reported shingle and siding damage. In Fairfax County, numerous trees were downed onto power lines, roads, and homes in the southern part of the county. Hardest hit communities included Springfield, Mt. Vernon, Mason Neck State Park, and Ft. Belvoir. A wind gust of 53 mph was recorded in Centreville and a gust of 90 mph was recorded at Ft. Belvoir. A home in Centreville caught on fire after being hit by lightning, resulting in $80,000 in damage. Pea sized hail fell in Annandale. In Prince William County, several trees and power lines were downed in Woodbridge. A number of homes were damaged by fallen trees across the county. Penny to golfball sized hail fell in Gainsville and quarter sized hail fell northwest of Nokesville. Dime to quarter sized hail fell in Manassas and penny sized hail fell in Manassas Park. Winds gusted to 52 knots at the Manassas Airport at 6:46 PM EDT. Nearly 60,000 residents of Northern Virginia lost power as a direct result of the storm. In Orange County, trees and power lines were downed around 8:00 PM EDT. In Fauquier County, golfball to tennis ball sized hail fell in Warrenton, damaging hundreds of cars, windows, and roofs. Hail damage was estimated at 1 million dollars. A wind gust of 64 mph was measured in Warrenton. Walnut sized hail was reported in the northwest portion of the county where winds gusted to 65 mph. A tree fell onto a power line near Warrenton. In Page County, several trees and power lines were downed near Luray and Rileyville. One car on Cave Hill Road was hit by a falling tree. A homeowner on Yager Spring Road reported part of a roof peeled back and a downed chimney. Nearly 3100 county customers lost power and two homes where hit by lightning. Pea to quarter sized hail fell in Luray. A computer in a home in Leaksville was melted by a bolt to lightning. Another home near the Shenandoah River Bridge was destroyed by fire after lightning struck. In Rockingham County, trees were downed in Broadway. In addition, a lightning strike started a forest fire about 5 miles northwest of Briery Branch. The blaze charred nearly 100 acres of the George Washington National Forest southwest of Hone Quarry before being brought under control on the 14th. In Warren County, trees were damaged in Bentonville. In Shenandoah County, quarter to golfball sized hail fell in New Market. In Rappahannock County, dime sized hail fell in the Washington area and golfball sized hail fell in Castleton. In Highland County, quarter sized hail fell in New Hampden.",The tornado moved across the northern portion of the city and damaged several trees and structures and injured 1 person.,VA,2000-05-13 18:45:00,2000-05-13 18:55:00,False,False
1094534,5143976,Nebraska,111,Lincoln,LBF,2000-05-17 15:41:00,CST,2000-05-17 15:45:00,0,0,0,0,,,GENERAL PUBLIC,F0,Unknown,2.0,50.0,,,,,40.76667,-100.36667,40.76667,-100.36667,,"Two F0 tornadoes touched down 20 miles south of Brady over open rangeland, were on the ground for 4 minuted and lifted 18 miles south of Brady. No damage occurred.",NE,2000-05-17 16:41:00,2000-05-17 16:45:00,True,True
1094534,5143978,Nebraska,111,Lincoln,LBF,2000-05-17 15:57:00,CST,2000-05-17 15:57:00,0,0,0,0,,,LAW ENFORCEMENT,F0,Unknown,0.1,5.0,,,,,41.16667,-101.11667,41.16667,-101.11667,,Law Enforcement reported a brief F0 tornado touch down 1 mile east of Sutherland with no damage.,NE,2000-05-17 16:57:00,2000-05-17 16:57:00,True,True
1094806,5143583,Kansas,111,Lyon,TOP,2000-05-01 17:56:00,CST,2000-05-01 18:08:00,0,0,0,0,,,LAW ENFORCEMENT,F0,Unknown,3.0,15.0,,,,,38.4,-96.31667,38.43333,-96.3,,A cold air funnel touched down in open country and moved North about 3 miles before dissipating.,KS,2000-05-01 18:56:00,2000-05-01 19:08:00,True,True
1094962,5144017,Montana,71,Phillips,GGW,2000-06-07 19:43:00,MST,2000-06-07 19:43:00,0,0,0,0,,,TRAINED SPOTTER,F0,Unknown,0.5,50.0,,,,,47.88333,-107.66667,47.88333,-107.66667,,Boaters near Fourchette Bay boat ramp reported a tornado briefly touching down.,MT,2000-06-07 20:43:00,2000-06-07 20:43:00,True,True
1094962,5144018,Montana,105,Valley,GGW,2000-06-07 20:25:00,MST,2000-06-07 20:25:00,0,0,0,0,,,TRAINED SPOTTER,F0,Unknown,1.0,100.0,,,,,47.73333,-107.31667,47.73333,-107.31667,,Skywarn spotters reported a tornado near the Burke Ranch in southwest Valley County. The tornado remained in rural grazing land and did not cause any damage.,MT,2000-06-07 21:25:00,2000-06-07 21:25:00,True,True
1094264,5143671,Texas,71,Chambers,HGX,2000-04-03 03:04:00,CST,2000-04-03 03:06:00,0,0,0,0,100K,,LAW ENFORCEMENT,F1,Unknown,2.0,100.0,,,,,29.65,-94.55,29.63333,-94.53333,,Tornado near FM 1985 with rice dryers demolished and major tree damage at several homes.,TX,2000-04-03 04:04:00,2000-04-03 04:06:00,True,True
1094955,5144003,Indiana,85,Kosciusko,IWX,2000-06-14 17:12:00,EST,2000-06-14 17:15:00,0,0,0,0,200K,10K,NWS EMPLOYEE(OFF DUTY),F2,Unknown,1.0,100.0,,,,,41.03333,-85.78333,41.05,-85.75,Synoptic and mesoscale conditions for June 14th...A significant mid-level shortwave trough was located over Iowa on the morning of June 14th with an outflow dominated squall line across western Illinois. Rapid destabilization ensued later in the morning across eastern Illinois and northern Indiana with CAPES to 3500 j/kg by early afternoon. VAD wind profiles showed 850 millibar winds in excess of 50 knots in advance of the upper trough by afternoon and as storms developed along the left over outflow boundary across Illinois... they quickly became severe and organized into a large bow echo and moved quickly eastward into northern Indiana causing extensive wind damage. By late afternoon... a short segmented squall line developed just ahead of this bow echo squall line and extended from a St. Joseph to Fulton county line. Along the southern end of this line... an embedded tornadic supercell developed and interacted with a left over storm-scale outflow boundary to produce the Wabash/Kosciusko and DeKalb county tornadoes. The lack of significant low level shear likely prevented a much larger and more widespread tornado event especially across Whitley and Allen counties where several funnel clouds were captured on film but failed to touch down.,"The last farm was hit when the tornado was located just west of 1300 S and 400 E in Kosciusko County. Two barns, a garage, and several outbuildings were completely destroyed with some of the foundations swept clean. The house and two cars were severely damaged from large pieces of flying debris. A 17 foot boat was thrown about 20 yards and severely damaged. Most of the trees on this farm were destroyed. Debris from this farm was carried up to one half mile away as the tornado crossed 400 E and then lifted back into the clouds.",IN,2000-06-14 18:12:00,2000-06-14 18:15:00,True,True
1102466,5172427,Minnesota,33,Cottonwood,FSD,2000-08-07 20:25:00,CST,2000-08-07 20:25:00,0,0,0,0,.1M,,NWS STORM SURVEY,F1,Unknown,1.0,100.0,,,,,44.05,-95.2,44.05,-95.2,,"A tornado destroyed a barn and damaged other farm buildings. The tornado also caused crop damage, but the amount of crop damage was not determined.",MN,2000-08-07 21:25:00,2000-08-07 21:25:00,True,True
1103556,5174850,Texas,29,Bexar,EWX,2000-10-23 02:35:00,CST,2000-10-23 02:36:00,0,0,0,0,50K,0,EMERGENCY MANAGER,F0,Unknown,0.5,100.0,,,,,29.41667,-98.63333,29.41667,-98.63333,,"A small and short-lived tornado touched down near Culebra and I-35, causing minor damage to the roof of a motel and a police substation. Widespread damage was reported to car windows.",TX,2000-10-23 03:35:00,2000-10-23 03:36:00,True,True
1100533,5173663,Colorado,123,Weld,BOU,2000-07-21 16:50:00,MST,2000-07-21 17:15:00,0,0,0,0,,,STORM CHASER,F1,Unknown,8.0,440.0,,,,,40.38333,-104.25,40.26667,-104.2,,"The tornado touched down 6 miles north of Masters, crossed Riverside Reservoir in the form of a waterspout, then travelled south-southeast towards Empire Reservoir, about 4 miles southeast of Masters where it dissipated. Since the tornado touched down in open country, damage was minimal. The twister tore up fences and a sprinkler irrigation system. In addition, four ditch riders, one on a three wheel all-terrain vehicle, did find themselves in the path of the storm and had to take cover in a ditch. The twister picked up the ATV and smashed it into some nearby trees. None of the men were injured.",CO,2000-07-21 17:50:00,2000-07-21 18:15:00,True,True
1100534,5173664,Colorado,121,Washington,BOU,2000-07-21 17:22:00,MST,2000-07-21 17:22:00,0,0,0,0,0,0,TRAINED SPOTTER,F0,Unknown,0.1,25.0,,,,,39.81667,-103.21667,39.81667,-103.21667,,A small tornado touched down briefly but did no damage.,CO,2000-07-21 18:22:00,2000-07-21 18:22:00,True,True
1099430,5175474,Kansas,135,Ness,DDC,2000-07-03 16:50:00,CST,2000-07-03 16:50:00,0,0,0,0,,,TRAINED SPOTTER,F0,Unknown,0.1,50.0,,,,,38.31667,-99.73333,38.31667,-99.73333,,Lasted 30 seconds.,KS,2000-07-03 17:50:00,2000-07-03 17:50:00,True,True
1100531,5173274,Colorado,121,Washington,BOU,2000-07-20 16:05:00,MST,2000-07-20 16:05:00,0,0,0,0,0,0,TRAINED SPOTTER,F0,Unknown,0.1,25.0,,,,,40.03333,-103.03333,40.03333,-103.03333,,A small tornado touched down briefly but did no damage.,CO,2000-07-20 17:05:00,2000-07-20 17:05:00,True,True
1101693,5171924,Virginia,53,Dinwiddie,AKQ,2000-04-17 15:20:00,EST,2000-04-17 15:22:00,0,0,0,0,15K,,INSURANCE COMPANY,F1,Unknown,0.7,100.0,,,,,37.01667,-77.76667,37.01667,-77.78333,,F1 Tornado downed numerous trees along a 3/4 mile path in a wooded area NW of Mc Kenney. Report obtained frmo local resident.,VA,2000-04-17 16:20:00,2000-04-17 16:22:00,True,True
1100933,5173624,North Dakota,13,Burke,BIS,2000-08-07 18:24:00,CST,2000-08-07 18:29:00,0,0,0,0,,,LAW ENFORCEMENT,F0,Unknown,3.0,30.0,,,,,48.93333,-102.16667,48.93333,-102.05,,Touchdown in open country. Tornado remained in open country as it crossed into Renville county.,ND,2000-08-07 19:24:00,2000-08-07 19:29:00,True,True
1100443,5173586,Georgia,139,Hall,FFC,2000-07-23 13:00:00,EST,2000-07-23 13:10:00,0,0,0,0,350K,,NWS STORM SURVEY,F1,Unknown,0.5,75.0,,,,,34.41667,-83.9,34.41667,-83.9,,An NWS Storm Survey team from the Peachtree City WFO confirmed that an F0 to weak F1 briefly tornado touched down in the Leisure Lakes Village mobile home park area of Murrayville in the far north part of the county. At least half a dozen homes were severely damaged by falling trees. There was also substantial damage reported to other trees and power lines in the same general area.,GA,2000-07-23 14:00:00,2000-07-23 14:10:00,True,True
1102256,5172389,Louisiana,71,Orleans,LIX,2000-08-10 16:12:00,CST,2000-08-10 16:12:00,0,0,0,0,,,LAW ENFORCEMENT,F0,Unknown,0.1,20.0,,,,,29.95,-90.1,29.95,-90.1,,A weak tornado briefly touched down in the Michoud area of New Orleans East causing no damage.,LA,2000-08-10 17:12:00,2000-08-10 17:12:00,True,True
1103346,5174597,Ohio,83,Knox,CLE,2000-09-20 19:51:00,EST,2000-09-20 20:01:00,0,0,0,0,150K,35K,NWS STORM SURVEY,F1,Unknown,10.0,75.0,,,,,40.4,-82.48333,40.4,-82.48333,,"A tornado moved through the very southern part of Knox County. The damage path was nearly 10 miles in length, ranged from 50 to 100 yards in width and moved through Miller and Morgan Townships. The tornado lifted in Morgan Township just east of Morgan Center Road after downing many large trees and flattening sections of several large corn fields. Minor damage occurred to four homes and a barn was destroyed. A small storage shed was also damaged and several dozen trees and power poles were downed.",OH,2000-09-20 20:51:00,2000-09-20 21:01:00,True,True
1103394,5175012,South Carolina,43,Georgetown,ILM,2000-09-18 07:33:00,EST,2000-09-18 07:34:00,0,0,0,0,8K,,NEWSPAPER,F1,Unknown,0.3,30.0,,,,,33.32,-79.3,33.32,-79.3,,"A tornado touched down on Waccamaw Neck. Numerous trees were down in the path of the tornado, one damaging the church at Friendfield Village in Hobcaw.",SC,2000-09-18 08:33:00,2000-09-18 08:34:00,True,True
1100567,5154860,Virginia,119,Middlesex,AKQ,2000-07-14 18:08:00,EST,2000-07-14 18:15:00,0,0,0,0,0,0,LAW ENFORCEMENT,F0,Unknown,0.5,25.0,,,,,37.55,-76.33333,37.55,-76.33333,,A waterspout moved onshore at the NorView Marina then dissipated. No damage was reported.,VA,2000-07-14 19:08:00,2000-07-14 19:15:00,True,True
1100567,5154861,Virginia,115,Mathews,AKQ,2000-07-14 19:09:00,EST,2000-07-14 19:15:00,0,0,0,0,2K,0,LAW ENFORCEMENT,F0,Unknown,0.5,25.0,,,,,37.5,-76.3,37.5,-76.3,,A waterspout moved onshore on Gwynns Island. Several trees were knocked down before it dissipated.,VA,2000-07-14 20:09:00,2000-07-14 20:15:00,True,True
1100398,5173601,Minnesota,83,Lyon,FSD,2000-07-25 17:25:00,CST,2000-07-25 17:25:00,0,0,0,0,,,LAW ENFORCEMENT,F0,Unknown,0.1,50.0,,,,,44.46667,-95.81667,44.46667,-95.81667,,A brief tornado caused no reported damage.,MN,2000-07-25 18:25:00,2000-07-25 18:25:00,True,True
1100366,5172828,South Dakota,79,Lake,FSD,2000-07-11 16:55:00,CST,2000-07-11 17:00:00,0,0,0,0,.05M,,NWS EMPLOYEE(OFF DUTY),F2,Unknown,2.0,100.0,,,,,43.96667,-97.16667,43.95,-97.11667,,"A tornado destroyed storage sheds, lighting, fencing, and caused other damage at Lake County Speedway. The tornado also damaged crops over a small area.",SD,2000-07-11 17:55:00,2000-07-11 18:00:00,True,True
1099078,5175427,Wisconsin,79,Milwaukee,MKX,2000-07-02 17:30:00,CST,2000-07-02 18:06:00,0,0,0,0,1.53M,,AMATEUR RADIO,F1,Unknown,6.6,100.0,,,,,42.9,-87.98333,42.85,-87.85,"Severe weather in the form of a tornado, damaging straight-line downburst winds, large hail, and flash flooding hammered a small piece of south-central and much of southeast Wisconsin during the late afternoon and evening hours. The most significant cluster of thunderstorms developed over southern Columbia county and proceded to move east/southeast through Dodge, Jefferson, Waukesha, Milwaukee, and Racine counties. A supercell on the west end of this cluster, with a well-defined mesocyclone, produced some damaging straight-line winds and large hail up to 2.25 inches in diameter in Jefferson County, but could only generate a rotating wall cloud at its base in that county. This supercell continued to dump large hail as it moved across Waukesha County, but once it moved over the city of Franklin in southwestern Milwaukee County, it spawned a tornado at 1730CST about 3/4 of a mile northwest of the intersection of Highways 41 and 100 (27th St. & Ryan Rd, or about 5.4 miles southwest of Milwaukee's General Mitchell International Airport). This tornado tore east/southeast through Oak Creek, and then exited Milwaukee County at 706 pm, where Highway 32 goes south into Racine County (or about 7 miles south/southeast of Mitchell Field). The tornado continued for about .2 miles into Racine County, just east of Highway 32, before dissipating about 2.9 miles northeast of Husher. Luckily, no one was injured or killed by the tornado that traveled through Franklin and Oak Creek into Racine County. It intensified to a F1 rating as it damaged buildings, and turned over several semi-tractor trailers at a truck stop at the intersection of I-94 and Ryan Rd. This tornado damaged at least a dozen homes in Franklin and Oak Creek, as well as one business and one utility building. Hundreds of trees were uprooted and blown over, but luckily many of them fell between buildings! Sixty power poles were snapped by the tornadic winds in Oak Creek. In Franklin, a 40-foot TV antenna was pushed over into a neighboring home, and a 20-foot camper was severely damaged. Eyewitness reports indicate that this tornado was rain-wrapped and was multi-vortex at times. Just south of the Ryan Rd. and 27th St intersection, a spotter indicated that sustained winds were greater than 40 mph for 15 minutes as the tornado passed just to the north of their position. In Racine County, the tornado uprooted trees as it weakened.The area from Johnson Creek to the Rome and Sullivan in Jefferson county sustained considerable hail and wind damage. Several vehicles on Interstate 94 near Johnson Creek, and in the Rome to Sullivan area, had windows broken by the large hailstones up to 2.25 inches in diameter. In addition, a few large trees were uprooted. Some of the corn crop in this swath had leaves stripped off. NWS employees at the NWS office southeast of Sullivan identified a rotating wall cloud about 3 or 4 miles west of their location.Waukesha County was raked by four rounds of severe storms. The 1st round possessed hurricane-force winds gusting to 68 knots (78 mph) at the Waukesha Airport near I-94. The city of Brookfield sustained tree and power line damage from this wet macroburst. The Jefferson County supercell constituted round #2 as it raked an area from Dousman to North Prairie (Waukesha Co.) with large hail and powerful downburst winds gusting to a measured 61 knots (70 mph). Hundreds of trees were uprooted and many power lines were downed. In North Prairie, 2 homes and a car sustained tree-inflicted damage. As this supercell moved east/southeast across Waukesha County, its strength pulsed upwards again and the Brookfield to New Berlin area experienced powerful downburst winds (round #3) that leveled more trees and power lines. A roof on an apartment complex in New Berlin was partially ripped off by the winds, but luckily no one was injured. Later in the evening, the 4th round of severe storms hit the Delafield to City of Waukesha area. Hail stones of almost an inch in diameter fell and powerful winds pushed over some trees.Racine County residents suffered the effect of 2 rounds of severe storms. Many trees and power-line poles were leveled in both rounds. At least 60 power-line poles were pushed over. At least 50 homes and 3 farm buildings in eastern Racine County were damaged by the powerful winds, or by felled trees. Scattered severe storms also produced large hail and/or damaging winds which leveled trees in Madison (Dane County), and southern Washington County (Richfield and Germantown).Collectively, about 70 thousand customers were without power at one time or another during the afternoon and evening hours on July 2nd due to downed power lines or lightning strikes to transformers. Twenty-five thousand of these were in Franklin and Oak Creek alone.Minor urban/small stream flooding affected parts of Waukesha and Racine Counties, as well as much of Milwaukee County after the 1st round of storms moved through and dumped rainfall of 1 to 2 inches. Water depths on roads were reported to be 6 to 12 inches. As with previous episodes of severe weather across southern Wisconsin during May and June, flash flooding occurred later in the evening on July 2nd, as additional rounds of storms, some severe, moved across the area. Torrential downpours, sometimes reaching an inch or more within 15 minutes, produced flash flooding across the southern half of Milwaukee County, the area from Hartland and Waukesha to Brookfield and Elm Grove in Waukesha County, and in/near the city of Racine (Racine Co.). Water depths on roads in these areas reached 1 to 4 feet. The flood waters resulted in gravel shoulder washouts on roads, structural damage to basements, damage to basement contents, and culvert damage. In the city of Franklin (Milwaukee Co.), a home's basement walls collapsed due to the pressure of the flood waters. Most small streams and creeks in Waukesha, southern Milwaukee, and eastern Racine County quickly exceeded flood stage by 1 to 2 feet due to the intense rainfall.The Root River in Franklin, the Root River Canal at Raymond (Racine Co.), Oak Creek in South Milwaukee, and the Menomonee River in Wauwatosa all crested between 2115CST on July 2nd and 0315CST the next morning. Homes and businesses near these locations sustained the worst flood damage. Collectively, the Milwaukee County flash flooding damaged 6974 residential homes, 38 businesses, 1 utility building, and 9 agricultural buildings. About 600 acres of farm land in southern Milwaukee County sustained crop damage. In Racine County, 429 residential buildings were damaged by flash flood waters, and about 2800 acres of farm land had crop damage or soil erosion.Urban/small stream flooding was reported in the city of Madison, in Sullivan, and around Richmond (Walworth Co.) due to the heavy rainfalls. Water depths on roads were in the 6 to 18 inch range. The Madison area picked up 1.5 to 2.5 inches of rainfall (Madison Truax Field had 1.89"" for the day), the Sullivan area picked up an estimated 2.5 to 3.0 inches, and 3.7 inches fell in Richmond on the 2nd. No flood damage was reported from these locations.Two separate lightning strikes in Franklin started fires that damaged a car and a home's garage. Twenty-four hour rainfall amounts (mostly in the late afternoon and evening hours on July 2nd) ending 0600CST on July 3rd across southeast Wisconsin were impressive:Waukesha County...7.00"" in Elm Grove, 5.06"" at Carroll College, 4.27""in HartlandMilwaukee County...6.50"" in Greenfield, 5.05"" south side of Milwaukee, 4.75"" in West Allis, 4 to 6"" in Franklin, 4.22"" at Milwaukee Mitchell International AirportRacine County...5.76"" at Raymond, 3.99"" in the city of RacineThe 4.42 inches of rain recorded at Milwaukee General Mitchell International Airport on July 2nd, set a new record for the day and a new daily record for any day in July. This was also the 6th wettest day for Milwaukee going back to the start of documentation in 1871. Milwaukee would finish the month of July 2000 with 7.12 inches of rain, the 3rd wettest July on record.Synoptically, an old frontal boundary sagged south across southern Wisconsin as low pressure moved east along it. A short-wave aloft was also moving east across the region. Moist, unstable air, drawn north into the frontal boundary, fueled the storms.",,WI,2000-07-02 18:30:00,2000-07-02 19:06:00,True,True
1099078,5175428,Wisconsin,101,Racine,MKX,2000-07-02 18:06:00,CST,2000-07-02 18:06:00,0,0,0,0,10K,,NWS STORM SURVEY,F0,Unknown,0.2,30.0,,,,,42.85,-87.91667,42.85,-87.91667,"Severe weather in the form of a tornado, damaging straight-line downburst winds, large hail, and flash flooding hammered a small piece of south-central and much of southeast Wisconsin during the late afternoon and evening hours. The most significant cluster of thunderstorms developed over southern Columbia county and proceded to move east/southeast through Dodge, Jefferson, Waukesha, Milwaukee, and Racine counties. A supercell on the west end of this cluster, with a well-defined mesocyclone, produced some damaging straight-line winds and large hail up to 2.25 inches in diameter in Jefferson County, but could only generate a rotating wall cloud at its base in that county. This supercell continued to dump large hail as it moved across Waukesha County, but once it moved over the city of Franklin in southwestern Milwaukee County, it spawned a tornado at 1730CST about 3/4 of a mile northwest of the intersection of Highways 41 and 100 (27th St. & Ryan Rd, or about 5.4 miles southwest of Milwaukee's General Mitchell International Airport). This tornado tore east/southeast through Oak Creek, and then exited Milwaukee County at 706 pm, where Highway 32 goes south into Racine County (or about 7 miles south/southeast of Mitchell Field). The tornado continued for about .2 miles into Racine County, just east of Highway 32, before dissipating about 2.9 miles northeast of Husher. Luckily, no one was injured or killed by the tornado that traveled through Franklin and Oak Creek into Racine County. It intensified to a F1 rating as it damaged buildings, and turned over several semi-tractor trailers at a truck stop at the intersection of I-94 and Ryan Rd. This tornado damaged at least a dozen homes in Franklin and Oak Creek, as well as one business and one utility building. Hundreds of trees were uprooted and blown over, but luckily many of them fell between buildings! Sixty power poles were snapped by the tornadic winds in Oak Creek. In Franklin, a 40-foot TV antenna was pushed over into a neighboring home, and a 20-foot camper was severely damaged. Eyewitness reports indicate that this tornado was rain-wrapped and was multi-vortex at times. Just south of the Ryan Rd. and 27th St intersection, a spotter indicated that sustained winds were greater than 40 mph for 15 minutes as the tornado passed just to the north of their position. In Racine County, the tornado uprooted trees as it weakened.The area from Johnson Creek to the Rome and Sullivan in Jefferson county sustained considerable hail and wind damage. Several vehicles on Interstate 94 near Johnson Creek, and in the Rome to Sullivan area, had windows broken by the large hailstones up to 2.25 inches in diameter. In addition, a few large trees were uprooted. Some of the corn crop in this swath had leaves stripped off. NWS employees at the NWS office southeast of Sullivan identified a rotating wall cloud about 3 or 4 miles west of their location.Waukesha County was raked by four rounds of severe storms. The 1st round possessed hurricane-force winds gusting to 68 knots (78 mph) at the Waukesha Airport near I-94. The city of Brookfield sustained tree and power line damage from this wet macroburst. The Jefferson County supercell constituted round #2 as it raked an area from Dousman to North Prairie (Waukesha Co.) with large hail and powerful downburst winds gusting to a measured 61 knots (70 mph). Hundreds of trees were uprooted and many power lines were downed. In North Prairie, 2 homes and a car sustained tree-inflicted damage. As this supercell moved east/southeast across Waukesha County, its strength pulsed upwards again and the Brookfield to New Berlin area experienced powerful downburst winds (round #3) that leveled more trees and power lines. A roof on an apartment complex in New Berlin was partially ripped off by the winds, but luckily no one was injured. Later in the evening, the 4th round of severe storms hit the Delafield to City of Waukesha area. Hail stones of almost an inch in diameter fell and powerful winds pushed over some trees.Racine County residents suffered the effect of 2 rounds of severe storms. Many trees and power-line poles were leveled in both rounds. At least 60 power-line poles were pushed over. At least 50 homes and 3 farm buildings in eastern Racine County were damaged by the powerful winds, or by felled trees. Scattered severe storms also produced large hail and/or damaging winds which leveled trees in Madison (Dane County), and southern Washington County (Richfield and Germantown).Collectively, about 70 thousand customers were without power at one time or another during the afternoon and evening hours on July 2nd due to downed power lines or lightning strikes to transformers. Twenty-five thousand of these were in Franklin and Oak Creek alone.Minor urban/small stream flooding affected parts of Waukesha and Racine Counties, as well as much of Milwaukee County after the 1st round of storms moved through and dumped rainfall of 1 to 2 inches. Water depths on roads were reported to be 6 to 12 inches. As with previous episodes of severe weather across southern Wisconsin during May and June, flash flooding occurred later in the evening on July 2nd, as additional rounds of storms, some severe, moved across the area. Torrential downpours, sometimes reaching an inch or more within 15 minutes, produced flash flooding across the southern half of Milwaukee County, the area from Hartland and Waukesha to Brookfield and Elm Grove in Waukesha County, and in/near the city of Racine (Racine Co.). Water depths on roads in these areas reached 1 to 4 feet. The flood waters resulted in gravel shoulder washouts on roads, structural damage to basements, damage to basement contents, and culvert damage. In the city of Franklin (Milwaukee Co.), a home's basement walls collapsed due to the pressure of the flood waters. Most small streams and creeks in Waukesha, southern Milwaukee, and eastern Racine County quickly exceeded flood stage by 1 to 2 feet due to the intense rainfall.The Root River in Franklin, the Root River Canal at Raymond (Racine Co.), Oak Creek in South Milwaukee, and the Menomonee River in Wauwatosa all crested between 2115CST on July 2nd and 0315CST the next morning. Homes and businesses near these locations sustained the worst flood damage. Collectively, the Milwaukee County flash flooding damaged 6974 residential homes, 38 businesses, 1 utility building, and 9 agricultural buildings. About 600 acres of farm land in southern Milwaukee County sustained crop damage. In Racine County, 429 residential buildings were damaged by flash flood waters, and about 2800 acres of farm land had crop damage or soil erosion.Urban/small stream flooding was reported in the city of Madison, in Sullivan, and around Richmond (Walworth Co.) due to the heavy rainfalls. Water depths on roads were in the 6 to 18 inch range. The Madison area picked up 1.5 to 2.5 inches of rainfall (Madison Truax Field had 1.89"" for the day), the Sullivan area picked up an estimated 2.5 to 3.0 inches, and 3.7 inches fell in Richmond on the 2nd. No flood damage was reported from these locations.Two separate lightning strikes in Franklin started fires that damaged a car and a home's garage. Twenty-four hour rainfall amounts (mostly in the late afternoon and evening hours on July 2nd) ending 0600CST on July 3rd across southeast Wisconsin were impressive:Waukesha County...7.00"" in Elm Grove, 5.06"" at Carroll College, 4.27""in HartlandMilwaukee County...6.50"" in Greenfield, 5.05"" south side of Milwaukee, 4.75"" in West Allis, 4 to 6"" in Franklin, 4.22"" at Milwaukee Mitchell International AirportRacine County...5.76"" at Raymond, 3.99"" in the city of RacineThe 4.42 inches of rain recorded at Milwaukee General Mitchell International Airport on July 2nd, set a new record for the day and a new daily record for any day in July. This was also the 6th wettest day for Milwaukee going back to the start of documentation in 1871. Milwaukee would finish the month of July 2000 with 7.12 inches of rain, the 3rd wettest July on record.Synoptically, an old frontal boundary sagged south across southern Wisconsin as low pressure moved east along it. A short-wave aloft was also moving east across the region. Moist, unstable air, drawn north into the frontal boundary, fueled the storms.",,WI,2000-07-02 19:06:00,2000-07-02 19:06:00,True,True
1100417,5173669,Minnesota,105,Nobles,FSD,2000-07-25 19:20:00,CST,2000-07-25 19:20:00,0,0,0,0,,,LAW ENFORCEMENT,F0,Unknown,0.1,50.0,,,,,43.61667,-95.8,43.61667,-95.8,,A brief tornado caused no reported damage.,MN,2000-07-25 20:20:00,2000-07-25 20:20:00,True,True
1100418,5173670,Minnesota,105,Nobles,FSD,2000-07-25 19:27:00,CST,2000-07-25 19:27:00,0,0,0,0,,,GENERAL PUBLIC,F0,Unknown,0.1,50.0,,,,,43.61667,-95.8,43.61667,-95.8,,A brief tornado caused no reported damage.,MN,2000-07-25 20:27:00,2000-07-25 20:27:00,True,True
1100419,5173671,Minnesota,105,Nobles,FSD,2000-07-25 19:35:00,CST,2000-07-25 19:35:00,0,0,0,0,,,TRAINED SPOTTER,F0,Unknown,0.1,50.0,,,,,43.66667,-95.95,43.66667,-95.95,,A brief tornado caused no reported damage.,MN,2000-07-25 20:35:00,2000-07-25 20:35:00,True,True
1103342,5174197,South Carolina,5,Allendale,CHS,2000-09-22 22:50:00,EST,2000-09-22 22:55:00,1,0,0,0,10K,,NWS STORM SURVEY,F1,Unknown,1.0,350.0,,,,,33.08333,-81.48333,33.08333,-81.46667,"The two tornadoes that occurred in Allendale County were associated with the remnants of T.S. Helene as it moved across Georgia and South Carolina. Heavy rain developed across Berkeley County during the early morning hours of 9/22/00 and caused flooding over the northern half of the county, especially in and around Moncks Corner. The 42 year-old female was killed when she hit a puddle of water and hydroplaned. She hit a pine tree head on and was killed on impact.","Damage to a tin roof on a frame home, a hog feeder damaged, minor damage to several brick homes and several trees down.",SC,2000-09-22 23:50:00,2000-09-22 23:55:00,True,True
1102097,5171887,West Virginia,79,Putnam,RLX,2000-08-09 19:40:00,EST,2000-08-09 19:40:00,0,0,0,0,1K,,NWS STORM SURVEY,F0,Unknown,0.3,50.0,,,,,38.52,-81.9,38.52,-81.9,"The second round of tall thunderstorms moved through during the evening hours, spawning a few tornadoes. The lightning activity peaked around 2000E with around 200 strikes per minute in the Huntington to Charleston region. Approximately 75,000 customers were without electricity. Luckily, the storms continued to move, resulting in just minor flash flooding. It was the 4th consecutive day with thunderstorms for many of these counties.","State Police sighted a short lived tornado along Route 35, just down the river from the Winfield Locks. No structures were damaged. The road was littered with tree branches.",WV,2000-08-09 20:40:00,2000-08-09 20:40:00,True,True
1102466,5172082,Minnesota,63,Jackson,FSD,2000-08-07 20:10:00,CST,2000-08-07 20:10:00,0,0,0,0,.02M,,NWS STORM SURVEY,F1,Unknown,1.0,100.0,,,,,43.78333,-95.0,43.78333,-95.0,,A tornado caused damage to farm buildings and crops. The amount of crop damage was not determined.,MN,2000-08-07 21:10:00,2000-08-07 21:10:00,True,True
1102466,5172083,Minnesota,63,Jackson,FSD,2000-08-07 20:22:00,CST,2000-08-07 20:22:00,0,0,0,0,.03M,,NWS STORM SURVEY,F1,Unknown,1.0,100.0,,,,,43.78333,-95.0,43.78333,-95.0,,A tornado caused damaged to farm buildings.,MN,2000-08-07 21:22:00,2000-08-07 21:22:00,True,True
1100697,5173867,Mississippi,45,Hancock,LIX,2000-07-22 15:41:00,CST,2000-07-22 15:41:00,0,0,0,0,,,GENERAL PUBLIC,F0,Unknown,0.1,20.0,,,,,30.48333,-89.43333,30.48333,-89.43333,,A weak tornado briefly touched down resulting in no damage.,MS,2000-07-22 16:41:00,2000-07-22 16:41:00,True,True
1103346,5174934,Ohio,77,Huron,CLE,2000-09-20 19:05:00,EST,2000-09-20 19:07:00,1,0,0,0,250K,15K,NWS STORM SURVEY,F2,Unknown,1.5,100.0,,,,,41.25,-82.7,41.25,-82.7,,"A tornado touched down north of Monroeville along State Route 99 near Mead Road. The tornado traveled east for 2.5 miles along State Route 113 and dissipated in Erie County near the corner of Higbee and Livengood Roads. The tornado was not on the ground the entire length and had a damage path approximately 100 yards in width. A mobile home, small outbuilding, barn, garage and a camper were destroyed in Huron County. An adult male inside the mobile home was slightly injured. The damage path of the tornado was clearly visible through corn fields and debris from the destroyed buildings was strewn along the path and in some case thrown well outside the path. Ears of corn were found shucked, apparently by the tornado. Several hundred trees were downed along the damage path.",OH,2000-09-20 20:05:00,2000-09-20 20:07:00,True,True
1100357,5173880,Iowa,141,O'Brien,FSD,2000-07-09 21:30:00,CST,2000-07-09 21:30:00,0,0,0,0,.1M,,EMERGENCY MANAGER,F1,Unknown,0.5,100.0,,,,,43.18333,-95.86667,43.18333,-95.86667,,"A tornado blew down trees, turned a trailer on its side, and damaged warehouses and a motorhome.",IA,2000-07-09 22:30:00,2000-07-09 22:30:00,True,True
1100934,5173914,North Dakota,75,Renville,BIS,2000-08-07 18:29:00,CST,2000-08-07 18:34:00,0,0,0,0,,,LAW ENFORCEMENT,F0,Unknown,3.0,30.0,,,,,48.96667,-101.95,48.9,-101.86667,,Tornado crossed over into Renville county from burke county remaining in open county. Total path of storm was 6 miles before dissipating in Renville county.,ND,2000-08-07 19:29:00,2000-08-07 19:34:00,True,True
1100937,5173917,North Dakota,75,Renville,BIS,2000-08-07 19:05:00,CST,2000-08-07 19:07:00,0,0,0,0,,,FIRE DEPT/RESCUE SQUAD,F0,Unknown,1.0,60.0,,,,,48.71667,-101.46667,48.71667,-101.41667,,Tornado touch down in open country and skipped across rural areas crossing into bottineau county.,ND,2000-08-07 20:05:00,2000-08-07 20:07:00,True,True
1100938,5173918,North Dakota,9,Bottineau,BIS,2000-08-07 19:07:00,CST,2000-08-07 19:20:00,0,0,0,0,,,FIRE DEPT/RESCUE SQUAD,F0,Unknown,5.0,60.0,,,,,48.68333,-101.45,48.66667,-101.31667,,Tornado crossed into Bottineau county from Renville county. Tornado remained in open county throughout the 6 mile path.,ND,2000-08-07 20:07:00,2000-08-07 20:20:00,True,True
1102466,5172081,Minnesota,63,Jackson,FSD,2000-08-07 19:50:00,CST,2000-08-07 19:56:00,0,0,0,0,.4M,,NWS STORM SURVEY,F1,Unknown,2.0,200.0,,,,,43.68333,-95.18333,43.68333,-95.18333,,"A tornado damaged several buildings, including businesses and homes, a grain elevator, and trees as it touched down along highway 86 in Lakefield.",MN,2000-08-07 20:50:00,2000-08-07 20:56:00,True,True
1101866,5172062,Ohio,85,Lake,CLE,2000-08-09 18:39:00,EST,2000-08-09 18:39:00,0,0,0,0,25K,,NWS STORM SURVEY,F0,Unknown,1.0,50.0,,,,,41.66667,-81.33333,41.66667,-81.33333,,A weak tornado moved inland from Lake Erie and was on the ground in Mentor for a little less than one mile. Many trees were knocked down with a few homes sustaining minor damage.,OH,2000-08-09 19:39:00,2000-08-09 19:39:00,True,True
1100694,5173765,Mississippi,47,Harrison,LIX,2000-07-22 17:00:00,CST,2000-07-22 17:03:00,0,0,0,0,,,STORM CHASER,F0,Unknown,0.1,20.0,,,,,30.4,-88.9,30.4,-88.9,,A small tornado briefly touched down just north of Interstate 10 causing no damage.,MS,2000-07-22 18:00:00,2000-07-22 18:03:00,True,True
1101509,5173120,Colorado,109,Saguache,PUB,2000-06-05 11:50:00,MST,2000-06-05 11:52:00,0,0,0,0,,,LAW ENFORCEMENT,F0,Unknown,0.2,50.0,,,,,37.86667,-105.95,37.86667,-105.95,,"A brief, weak landspout tornado occurred over open country with no known damage.",CO,2000-06-05 12:50:00,2000-06-05 12:52:00,True,True
1100531,5173654,Colorado,121,Washington,BOU,2000-07-20 16:21:00,MST,2000-07-20 16:21:00,0,0,0,0,0,0,TRAINED SPOTTER,F0,Unknown,0.1,25.0,,,,,39.78333,-103.58333,39.78333,-103.58333,,A small tornado touched down briefly but did no damage.,CO,2000-07-20 17:21:00,2000-07-20 17:21:00,True,True
1099511,5175571,Nebraska,73,Gosper,GID,2000-07-20 16:55:00,CST,2000-07-20 16:56:00,0,0,0,0,0,0,LAW ENFORCEMENT,F0,Unknown,0.1,10.0,,,,,40.48333,-99.68333,40.48333,-99.68333,"A cluster of severe thunderstorms rumbled southeast across a portion of south-central Nebraska producing large hail and a brief tornado. The tornado was spotted by a deputy sheriff in southeast Gosper county. Large hail across the area did cause considerable property and crop damage from south of Bertrand to the Kansas state line south of Orleans. Reports of softball size hail were recorded south of Loomis with hail nearly as large in Holdrege. Automobiles, houses, and agricultural buildings all sustained damage in southwest Phelps county.As the storm moved southeast, it severely damaged about 33,000 acres of crop and pasture land in western Harlan county. The sheriff reported drifts along Highway 89 south of Orleans stretched for 8 miles, or to about the Kansas state line. The nearly 4 inch rain which followed the hail fell on top of 5 inches of rain just a few days earlier. Losses due to land erosion were estimated at $70,000. Ironically, this storm passed through just 3 weeks after another vicious hailstorm pummeled crops in western Harlan county. Both storms effectively wiped out any prospect of producing any significant corn or soybean crop in the western half of the county.",Brief touchdown reported by sheriff,NE,2000-07-20 17:55:00,2000-07-20 17:56:00,True,True
1098866,5175658,North Dakota,93,Stutsman,BIS,2000-06-13 15:20:00,CST,2000-06-13 15:35:00,1,0,0,0,,,NWS EMPLOYEE(OFF DUTY),F1,Unknown,5.0,100.0,,,,,46.85,-99.16667,46.91667,-99.18333,,Tornado remained in open county. damage to fences. One pickup towing a trailer were blown into ditch as the driver drove into the tornado.,ND,2000-06-13 16:20:00,2000-06-13 16:35:00,True,True
1098870,5175662,North Dakota,21,Dickey,BIS,2000-07-04 21:25:00,CST,2000-07-04 21:25:00,0,0,0,0,,,GENERAL PUBLIC,F0,Unknown,0.0,40.0,,,,,46.16667,-98.58333,46.16667,-98.58333,,Tornado reported by a co-op observer who stated the tornado briefly touched down in open country for a couple of minuates before dissipating.,ND,2000-07-04 22:25:00,2000-07-04 22:25:00,True,True
1098871,5175663,North Dakota,45,La Moure,BIS,2000-07-04 21:45:00,CST,2000-07-04 21:50:00,0,0,0,0,,,NEWSPAPER,F0,Unknown,2.0,50.0,,,,,46.36667,-98.38333,46.36667,-98.35,,Tornado touched down in open country destroying a pole barn.,ND,2000-07-04 21:45:00,2000-07-04 21:50:00,False,False
1098873,5175667,Iowa,5,Allamakee,ARX,2000-07-02 15:35:00,CST,2000-07-02 15:40:00,0,0,0,0,,20K,LAW ENFORCEMENT,F0,Unknown,2.0,50.0,,,,,43.36667,-91.41667,43.36667,-91.36667,"Law enforcement officials reported a tornado touched down briefly near Hanover (Allamakee County), but only damaged some corn fields. Elsewhere across northeast Iowa, several trees were knocked down by thunderstorm wind gusts of 60 to 65 mph and hail the size of dimes and quarters was also reported.",,IA,2000-07-02 16:35:00,2000-07-02 16:40:00,True,True
1103140,5174577,Mississippi,47,Harrison,LIX,2000-09-02 19:29:00,CST,2000-09-02 19:29:00,0,0,0,0,30K,,EMERGENCY MANAGER,F0,Unknown,0.2,25.0,,,,,30.38333,-89.08333,30.38333,-89.08333,,"A tornado caused damage in a two block area at Pass and Courthouse Roads. Windows were blown out in a shopping center and roof damage occurred to two businesses. Several cars in a parking lot were damaged, a sign was knocked down, and a tree fell on a moving car on Pass Road.",MS,2000-09-02 20:29:00,2000-09-02 20:29:00,True,True
1103343,5174269,Georgia,165,Jenkins,CHS,2000-09-22 21:50:00,EST,2000-09-22 21:50:00,0,0,0,0,,,NWS STORM SURVEY,F0,Unknown,1.0,100.0,,,,,32.9,-81.85,32.93333,-81.86667,,Several trees and numerous limbs down.,GA,2000-09-22 22:50:00,2000-09-22 22:50:00,True,True
1098829,5176320,North Dakota,41,Hettinger,BIS,2000-07-06 18:31:00,CST,2000-07-06 18:44:00,0,0,0,0,,,LAW ENFORCEMENT,F0,Unknown,20.0,50.0,,,,,46.31667,-102.85,46.41667,-102.65,,Tornado remain in open country.,ND,2000-07-06 19:31:00,2000-07-06 19:44:00,True,True
1103139,5174576,Mississippi,47,Harrison,LIX,2000-09-02 17:25:00,CST,2000-09-02 17:25:00,0,0,0,0,.5K,,LAW ENFORCEMENT,F0,Unknown,0.2,25.0,,,,,30.43333,-89.08333,30.43333,-89.08333,,A weak torando briefly touched down near Canal Road knocking down several trees.,MS,2000-09-02 18:25:00,2000-09-02 18:25:00,True,True
1100546,5173092,Maine,17,Oxford,GYX,2000-07-18 13:00:00,EST,2000-07-18 13:00:00,0,0,0,0,,,NWS STORM SURVEY,F1,Unknown,0.5,150.0,,,,,44.51667,-70.68333,44.51667,-70.68333,"A small tornado touched down briefly in a wooded area in the towns of Newry and Hanover, in Oxford County. The tornado touched down around 2 pm about 1/4 mile north of Howard Pond, then moved eastward. The tornado was on the ground for about a minute and had a path about 1/2 mile long and up to 150 yards wide. Several hundred trees were snapped or uprooted by the tornado. Winds were estimated to have gusted to near 100 mph.",,ME,2000-07-18 14:00:00,2000-07-18 14:00:00,True,True
1102097,5172260,West Virginia,43,Lincoln,RLX,2000-08-09 20:20:00,EST,2000-08-09 20:20:00,0,0,0,0,200K,,NWS STORM SURVEY,F1,Unknown,1.5,100.0,,,,,38.23333,-82.21667,38.23333,-82.16667,"The second round of tall thunderstorms moved through during the evening hours, spawning a few tornadoes. The lightning activity peaked around 2000E with around 200 strikes per minute in the Huntington to Charleston region. Approximately 75,000 customers were without electricity. Luckily, the storms continued to move, resulting in just minor flash flooding. It was the 4th consecutive day with thunderstorms for many of these counties.","Trees were chopped off midway up their trunk, plus bark was peeled off of other trees. Dwellings suffered roof damage. At least 2 mobile homes were destroyed along Peyton Branch Road.",WV,2000-08-09 21:20:00,2000-08-09 21:20:00,True,True
1103154,5174816,Georgia,69,Coffee,JAX,2000-09-22 10:15:00,EST,2000-09-22 10:15:00,0,0,0,0,45K,,EMERGENCY MANAGER,F0,Unknown,0.5,10.0,,,,,31.61667,-82.73333,31.51667,-82.65,,Weak FO. Tornado skipped along the surface. Damaged several farm buildings.,GA,2000-09-22 11:15:00,2000-09-22 11:15:00,True,True
1095294,5144471,Arkansas,55,Greene,MEG,2000-05-09 15:05:00,CST,2000-05-09 15:10:00,0,0,0,0,1K,,LAW ENFORCEMENT,F0,Unknown,1.0,10.0,,,,,36.18333,-90.7,36.18333,-90.7,,A tornado briefly touched down blowing down some trees.,AR,2000-05-09 16:05:00,2000-05-09 16:10:00,True,True
1094943,5144803,Texas,231,Hunt,FWD,2000-05-27 17:00:00,CST,2000-05-27 17:00:00,0,0,0,0,2K,,LAW ENFORCEMENT,F0,Unknown,0.2,20.0,,,,,33.36667,-96.08333,33.36667,-96.08333,"May 26-27, 2000 - Event NarrativeThunderstorms developed again along numerous boundaries in North Texas. The first area stretched from north of the Dallas/Fort Worth metroplex to the Red River. These storms occurred mainly on the 26th. Several tornadoes were reported in Young and Jack counties, while several other counties experienced hail and strong winds. On the 27th, the thunderstorms developed further south, in an area from Corsicana to Goldthwaite.",Trees and power lines were blown down by a brief tornado.,TX,2000-05-27 18:00:00,2000-05-27 18:00:00,True,True
1094838,5144161,Michigan,11,Arenac,APX,2000-05-12 15:38:00,EST,2000-05-12 15:40:00,0,0,0,0,,,TRAINED SPOTTER,F0,Unknown,0.5,20.0,,,,,44.11667,-84.15,44.11667,-84.15,"Thunderstorms developed across Northern Lower Michigan in unseasonably warm and humid air ahead of a strong cold front that was moving across the Great Lakes Region. Thunderstorms developed during the late afternoon and lasted through the evening. Most of these storms produced very heavy rain and hail. The heavy rainfall also produced some street flooding in the cities of Manistee and Cadillac. A few of these storms produced severe wind gusts. An isolated tornado was reported across the Gladwin-Arenac County line; however, the hail and flooding had the greatest impact.",A tornado briefly touched down in far northeast Gladwin County and crossed into Arenac County lifting near interstate 75.,MI,2000-05-12 16:38:00,2000-05-12 16:40:00,True,True
1094981,5145305,Colorado,41,El Paso,PUB,2000-05-25 15:40:00,MST,2000-05-25 15:42:00,0,0,0,0,5K,,TRAINED SPOTTER,F0,Unknown,0.5,30.0,,,,,38.83333,-104.08333,38.83333,-104.08333,,"A severe thunderstorm spawned a small, weak tornado in and near Rush in extreme east central El Paso county. Damage occurred along a narrow 1/2 mile long path from northwest to southeast through Rush. Roofing material was partially ripped off a store, a window was blown out of a van, and several large limbs were ripped off a tree.",CO,2000-05-25 16:40:00,2000-05-25 16:42:00,True,True
1102994,5174715,Florida,86,Miami-Dade,MFL,2000-10-03 17:35:00,EST,2000-10-03 17:35:00,0,0,0,0,,,TRAINED SPOTTER,F0,Unknown,0.2,10.0,,,,,25.68333,-80.31667,25.68333,-80.31667,,A SKYWARN spotter reported a brief tornado touchdown near Kendall Drive and the Florida Turnpike Extension.,FL,2000-10-03 18:35:00,2000-10-03 18:35:00,True,True
1102996,5174717,Florida,86,Miami-Dade,MFL,2000-10-03 17:25:00,EST,2000-10-03 17:25:00,0,0,0,0,,,GENERAL PUBLIC,F0,Unknown,0.2,5.0,,,,,25.53333,-80.5,25.53333,-80.5,,A brief tornado touchdown was reported in the Redlands.,FL,2000-10-03 18:25:00,2000-10-03 18:25:00,True,True
1095340,5145182,Minnesota,67,Kandiyohi,MPX,2000-05-07 20:10:00,CST,2000-05-07 20:14:00,0,0,0,0,,,NWS STORM SURVEY,F1,Unknown,2.0,30.0,,,,,44.9,-95.11667,44.91667,-95.08333,,Eight horses killed when barn hit by tornado.,MN,2000-05-07 21:10:00,2000-05-07 21:14:00,True,True
1094955,5144004,Indiana,33,De Kalb,IWX,2000-06-14 18:00:00,EST,2000-06-14 18:06:00,0,0,0,0,200K,,NWS EMPLOYEE(OFF DUTY),F2,Unknown,3.0,400.0,,,,,41.28333,-85.15,41.28333,-85.11667,Synoptic and mesoscale conditions for June 14th...A significant mid-level shortwave trough was located over Iowa on the morning of June 14th with an outflow dominated squall line across western Illinois. Rapid destabilization ensued later in the morning across eastern Illinois and northern Indiana with CAPES to 3500 j/kg by early afternoon. VAD wind profiles showed 850 millibar winds in excess of 50 knots in advance of the upper trough by afternoon and as storms developed along the left over outflow boundary across Illinois... they quickly became severe and organized into a large bow echo and moved quickly eastward into northern Indiana causing extensive wind damage. By late afternoon... a short segmented squall line developed just ahead of this bow echo squall line and extended from a St. Joseph to Fulton county line. Along the southern end of this line... an embedded tornadic supercell developed and interacted with a left over storm-scale outflow boundary to produce the Wabash/Kosciusko and DeKalb county tornadoes. The lack of significant low level shear likely prevented a much larger and more widespread tornado event especially across Whitley and Allen counties where several funnel clouds were captured on film but failed to touch down.,"The tornado touched down on CR 64, one half mile west of Indian Springs Camp Ground. Trees and power lines were knocked down and many were snapped and uprooted. Extensive roof damage occurred to houses in the area. A barn was damaged with much of its roof torn off and outbuildings were either damaged or destroyed. The tornado then lifted back into its parent cloud.",IN,2000-06-14 19:00:00,2000-06-14 19:06:00,True,True
1094838,5144160,Michigan,51,Gladwin,APX,2000-05-12 15:36:00,EST,2000-05-12 15:38:00,0,0,0,0,,,TRAINED SPOTTER,F0,Unknown,1.5,20.0,,,,,44.18333,-84.2,44.2,-84.18333,"Thunderstorms developed across Northern Lower Michigan in unseasonably warm and humid air ahead of a strong cold front that was moving across the Great Lakes Region. Thunderstorms developed during the late afternoon and lasted through the evening. Most of these storms produced very heavy rain and hail. The heavy rainfall also produced some street flooding in the cities of Manistee and Cadillac. A few of these storms produced severe wind gusts. An isolated tornado was reported across the Gladwin-Arenac County line; however, the hail and flooding had the greatest impact.",A tornado briefly touched down in far northeast Gladwin County and crossed into Arenac County lifting near interstate 75.,MI,2000-05-12 16:36:00,2000-05-12 16:38:00,True,True
1095311,5144257,Arkansas,93,Mississippi,MEG,2000-05-27 11:47:00,CST,2000-05-27 11:55:00,1,0,0,0,20K,,LAW ENFORCEMENT,F1,Unknown,3.5,25.0,,,,,35.88333,-90.28333,35.93333,-90.26667,,The tornado began near Carmi and moved northeast toward Leachville. A few mobile homes were damaged. Several trees and power lines were knocked down.,AR,2000-05-27 12:47:00,2000-05-27 12:55:00,True,True
1095266,5144198,Virginia,3,Albemarle,LWX,2000-05-19 13:34:00,EST,2000-05-19 13:40:00,0,0,0,0,.5K,,NWS STORM SURVEY,F1,Unknown,2.0,50.0,,,,,38.26667,-78.65,38.26667,-78.63333,"Severe thunderstorms moved across Central Virginia during the afternoon of the 19th. These storms produced winds in excess of 55 mph, large hail, and frequent lightning. In Orange County, silver dollar sized hail fell in Barboursville and dime sized hail fell on Hardwick Mountain. In Nelson County, trees were downed in the Gladstone area. Just west of Charlottesville, a tree was downed onto Old Ivy Road. The strongest storm produced an F1 tornado that uprooted and snapped several trees along an 11 mile path from extreme northern Albemarle County to southern Greene County. The tornado began just north of Loft Mountain, about 200 yards east of Skyline Drive. It moved eastward across County Line Mountain into Greene County, and crossed Route 601 at Muddy Run. The tornado damage path widened at this point from 30 yards to between 50 and 100 yards. The tornado continued east and traveled near the towns of Shady Grove and Dyke before finally dissipating a few miles east of Amicus. This storm also produced downburst winds to the south of the tornado's path that uprooted trees and downed power lines in southern Greene County. Trees were also downed just west of where the tornado formed just west of Skyline Drive in Rockingham County.","The tornado began just north of Loft Mountain, downed trees and moved into Greene County.",VA,2000-05-19 14:34:00,2000-05-19 14:40:00,True,True
1095266,5144199,Virginia,79,Greene,LWX,2000-05-19 13:40:00,EST,2000-05-19 13:55:00,0,0,0,0,2K,,NWS STORM SURVEY,F1,Unknown,9.0,100.0,,,,,38.25,-78.6,38.25,-78.43333,"Severe thunderstorms moved across Central Virginia during the afternoon of the 19th. These storms produced winds in excess of 55 mph, large hail, and frequent lightning. In Orange County, silver dollar sized hail fell in Barboursville and dime sized hail fell on Hardwick Mountain. In Nelson County, trees were downed in the Gladstone area. Just west of Charlottesville, a tree was downed onto Old Ivy Road. The strongest storm produced an F1 tornado that uprooted and snapped several trees along an 11 mile path from extreme northern Albemarle County to southern Greene County. The tornado began just north of Loft Mountain, about 200 yards east of Skyline Drive. It moved eastward across County Line Mountain into Greene County, and crossed Route 601 at Muddy Run. The tornado damage path widened at this point from 30 yards to between 50 and 100 yards. The tornado continued east and traveled near the towns of Shady Grove and Dyke before finally dissipating a few miles east of Amicus. This storm also produced downburst winds to the south of the tornado's path that uprooted trees and downed power lines in southern Greene County. Trees were also downed just west of where the tornado formed just west of Skyline Drive in Rockingham County.","The tornado crossed into Greene County west of Dyke and dissipated just east of Amicus, downing several trees and power lines in its path.",VA,2000-05-19 14:40:00,2000-05-19 14:55:00,True,True
1095275,5145192,Maryland,5,Baltimore,LWX,2000-05-13 19:00:00,EST,2000-05-13 19:00:00,0,0,0,0,250K,,NWS STORM SURVEY,F1,Unknown,5.0,75.0,,,,,39.33333,-76.53333,39.36667,-76.45,"Temperatures in the mid 80s to lower 90s in combination with humid conditions resulted in several rounds of thunderstorms across Maryland west of the Chesapeake Bay from midday through late evening on the 13th. Several storms produced winds in excess of 55 mph, large hail, frequent lightning, and very heavy downpours. Two tornadoes were also reported. In Washington County, dime sized hail fell at Camp Manidokan along Harpers Ferry Road north of Sandy Hook. Winds estimated at 70 mph were responsible for downing trees at the camp. Tree damage was also reported near Smithsburg and Gapland. Trees and power lines were downed in Hagerstown and one fallen tree damaged a car. A backed up storm drain also caused the underpass of Memorial Boulevard to flood, stranding one motorist. In Frederick County, trees were downed in Burkettesville and Emmitsburg. A tree was downed onto a home and truck in Middletown where a wind gust of 56 mph was recorded and pea sized hail fell. A wind gust of 43 mph was recorded in Knoxville. In Carroll County, a 40 year old woman was struck by lightning while standing in her front yard in Mt. Airy around 3:15 PM EDT. She suffered internal injuries and burns to her hands and feet. Dime sized hail fell in Millers where a wind gust of 62 mph was recorded. Winds in excess of 60 mph damaged or destroyed 3 barns and a grain bin and pushed a tree onto a home in Lineboro. A wind gust of 64 mph was recorded where walnut sized hail fell in the northeast portion of the county. Trees, power lines, and homes were damaged by high wind in Manchester where nickel sized hail fell. Hen egg sized hail fell in Eldersburg. Spiral patterns nearly 80 feet in diameter were reported in a wheat field near Sykesville after the storms. In Baltimore County, quarter sized hail fell in the city of Baltimore and pea sized hail fell in Riesertown. Trees were downed onto a home and onto roads in Perry Hall. A tree fell through the roof of a building on Old Harford Road. Fences were blown down in Middle River. Quarter sized hail fell in Cockeysville. An F1 tornado crossed 5 miles of southeast Baltimore County between 8:00 PM and 8:10 PM EDT. The tornado was 75 yards wide and began just off Kenwood Avenue near the Interstate 95 and 695 interchange east of the city of Baltimore. It moved east uprooting and snapping trees and branches and causing damage to the trim and exterior of over a dozen homes. A large boat and trailer was rotated around. The tornado crossed Interstate 695 and damaged the roof of four townhouses off Fontana Lane. It crossed Rossville Boulevard and Philadelphia Road and damaged several buildings in an industrial park along Yellow Brick Road. The tornado finally dissipated near Pulaski Highway. Nearly 55,000 customers in the area lost power. In Harford County, dime to golfball sized hail fell in Bel Air. Pea sized hail fell from Carrotsville to Forest Hill. Several trees and power lines were downed. The most extensive area of tree damage was in Edgewood, Joppatowne, Pleasant Hill, and Bel Air. A tree and car in Edgewood were damaged by fallen trees. Automobiles were also damaged by felled trees in Aberdeen and Norrisville. Near Perryman in the southeast portion of the county, trees were downed onto a home and car along the Bush River. A funnel cloud was spotted in Abbington. At the peak of the storm, 30,000 county residents lost power. Three homes in Bel Air, two homes in Darlington, and one home in Jarrettsville were struck by lightning. In Howard County, a 57 mph wind gust was recorded in Fulton along with pea sized hail. Trees were downed along Route 32 near Columbia and near Clarksville. In Anne Arundel County, several trees were downed onto roads in the southern portion of the county. Nearly 7000 county customers lost power as a direct result of the storm. In Montgomery County, trees were downed in Damascus, Boyds, and Olney. In Charles County, pea to marble sized hail fell in St. Charles. In Prince George's County, downed trees and power lines were reported in Clinton, Suitland, Accokeek, Oxon Hill, Brandywine, Upper Marlboro, Ft. Washington, and Temple Hills. Some roads were blocked by fallen trees. Dime size hail fell in Accokeek. Winds of 60 mph were estimated in Clinton and Upper Marlboro. Winds of at least 60 mph pushed a car on Route 301 near Clinton into a median and tipped it on its side. A wind gust of at least 90 mph was recorded at Andrews Air Force Base. A funnel cloud was also spotted nearby. An F1 tornado touched down about 1 mile east of Brandywine at 7:45 PM EDT. The tornado traveled on the ground for 8 miles and was 150 yards wide. It moved northeast to near Naylor crossing Keys Road, Molly Berry Road, Croom Road, Nottingham Road, and into a park along the Patuxent River. The tornado felled several trees, some onto cars and homes as it moved across the county, knocking out power to 51,000 customers. The F1 tornado crossed into Calvert County 4 miles west of Chaney. It moved east, crossing Lyons Creek Road, Route 4, Chaney Road, and Chesapeake Beach Road before dissipating near Chaney around 8:10 PM EDT. The tornado downed trees onto cars and houses in the area. One motorist was injured on Route 4 when the tornado downed a tree onto a car. In addition, winds in excess of 55 mph downed a tree and damaged the exterior of homes in Dunkirk.",A tornado downed numerous trees and damaged several structures.,MD,2000-05-13 20:00:00,2000-05-13 20:00:00,True,True
1102189,5172362,Minnesota,65,Kanabec,MPX,2000-08-14 18:16:00,CST,2000-08-14 18:17:00,0,0,0,0,,,TRAINED SPOTTER,F0,Unknown,0.1,25.0,,,,,46.03333,-93.28333,46.03333,-93.28333,,Touched down in farmer's field. No appreciable damage.,MN,2000-08-14 19:16:00,2000-08-14 19:17:00,True,True
1102466,5172374,Minnesota,63,Jackson,FSD,2000-08-07 20:25:00,CST,2000-08-07 20:25:00,0,0,0,0,.1M,,NWS STORM SURVEY,F1,Unknown,1.0,200.0,,,,,43.73333,-95.11667,43.73333,-95.11667,,A tornado caused extensive damage to a family owned dairy farm.,MN,2000-08-07 21:25:00,2000-08-07 21:25:00,True,True
1095294,5144470,Arkansas,75,Lawrence,MEG,2000-05-09 14:35:00,CST,2000-05-09 14:40:00,0,0,0,0,1K,,FIRE DEPT/RESCUE SQUAD,F0,Unknown,1.0,10.0,,,,,36.06667,-90.95,36.06667,-90.95,,A tornado briefly touched down knocking over a few trees.,AR,2000-05-09 15:35:00,2000-05-09 15:40:00,True,True
1100443,5172600,Georgia,11,Banks,FFC,2000-07-23 14:10:00,EST,2000-07-23 14:16:00,1,0,0,0,105K,,NWS STORM SURVEY,F0,Unknown,1.5,100.0,,,,,34.3,-83.58333,34.3,-83.53333,,"An NWS Survey Team concluded that an F0 tornado briefly touched down 5 miles west-southwest of Homer and traveled for 2 miles with an approximate path width of 100 yards to a point approximately 3 miles southwest of Homer. One person was injured, apparently by debris, but little additional information was known. The Banks county newspaper reported that the tornado completely destroyed a chicken breeder/pullet building on Simms Road, which had 11,000 chickens inside. The number of chickens that survived was unknown, but the loss of the chicken house and chickens was estimated at $66,000. At the neighboring residence, a satellite dish was destroyed when a large tree fell on it. Another house on Wellborn Road sustained damage when a large uprooted tree fell on the back portion of the house causing damage. Roads and yards in the area were littered with fallen trees and debris. Several roads were blocked as a consequence.",GA,2000-07-23 15:10:00,2000-07-23 15:16:00,True,True
1094823,5144891,Kansas,111,Lyon,TOP,2000-05-26 23:50:00,CST,2000-05-27 00:10:00,0,0,0,0,,,LAW ENFORCEMENT,F1,Unknown,8.0,50.0,,,,,38.33333,-96.26667,38.36667,-96.15,,A tornado touched down on the Kansas Turnpike 7 miles southwest of Emporia and moved northeast over open country before lifting about 3 miles southeast of Emporia.,KS,2000-05-27 00:50:00,2000-05-27 01:10:00,True,True
1094955,5144089,Indiana,33,De Kalb,IWX,2000-06-14 18:06:00,EST,2000-06-14 18:10:00,0,0,0,0,300K,10K,NWS EMPLOYEE(OFF DUTY),F1,Unknown,1.0,250.0,,,,,41.3,-85.11667,41.3,-85.11667,Synoptic and mesoscale conditions for June 14th...A significant mid-level shortwave trough was located over Iowa on the morning of June 14th with an outflow dominated squall line across western Illinois. Rapid destabilization ensued later in the morning across eastern Illinois and northern Indiana with CAPES to 3500 j/kg by early afternoon. VAD wind profiles showed 850 millibar winds in excess of 50 knots in advance of the upper trough by afternoon and as storms developed along the left over outflow boundary across Illinois... they quickly became severe and organized into a large bow echo and moved quickly eastward into northern Indiana causing extensive wind damage. By late afternoon... a short segmented squall line developed just ahead of this bow echo squall line and extended from a St. Joseph to Fulton county line. Along the southern end of this line... an embedded tornadic supercell developed and interacted with a left over storm-scale outflow boundary to produce the Wabash/Kosciusko and DeKalb county tornadoes. The lack of significant low level shear likely prevented a much larger and more widespread tornado event especially across Whitley and Allen counties where several funnel clouds were captured on film but failed to touch down.,"Once the previous tornado lifted up into the clouds, the thunderstorm cell moved northeast when this second tornado touched down and followed a skipping path near CR 60. The tornado reached the ground about 3 times. The tornado touched down first in a forested area and knocked down many trees. It then lifted and dropped down again in a residential area about a quarter mile away. There was much damage to houses and barns. A window was broken and a downspout torn off of a house. A satellite dish was twisted and bent while a television antenna was knocked off of a roof. Several trees were snapped and knocked onto power lines before the tornado lifted. It touched down a third time less than a quarter mile away. Trees were knocked down; two of them fell on automobiles. Damage was also seen in fields with corn plants being bent or uprooted. The tornado then lifted back up into the clouds.",IN,2000-06-14 19:06:00,2000-06-14 19:10:00,True,True
1094943,5144382,Texas,237,Jack,FWD,2000-05-27 13:40:00,CST,2000-05-27 13:40:00,0,0,0,0,,,AMATEUR RADIO,F0,Unknown,0.2,20.0,,,,,33.36667,-98.35,33.36667,-98.35,"May 26-27, 2000 - Event NarrativeThunderstorms developed again along numerous boundaries in North Texas. The first area stretched from north of the Dallas/Fort Worth metroplex to the Red River. These storms occurred mainly on the 26th. Several tornadoes were reported in Young and Jack counties, while several other counties experienced hail and strong winds. On the 27th, the thunderstorms developed further south, in an area from Corsicana to Goldthwaite.",A brief tornado was reported northwest of Jacksboro. No damage reports were received.,TX,2000-05-27 14:40:00,2000-05-27 14:40:00,True,True
1094611,5144772,Kentucky,35,Calloway,PAH,2000-05-26 17:30:00,CST,2000-05-26 17:34:00,4,0,0,0,250K,,NWS STORM SURVEY,F2,125 mph,1.5,300.0,,,,,36.55,-88.31667,36.56667,-88.31667,,"The peak intensity of the tornado was rated F-2, with estimated maximum winds near 125 mph. Although the tornado was only on the ground for a mile or two, it struck the small community of Midway directly, causing extensive damage. Two mobile homes housing migrant workers were destroyed. One of the persons in a mobile home was seriously injured. Three others sustained relatively minor injuries. A used car dealership and a grocery store sustained major damage to roofs and walls. Several additional homes, mobile homes, and barns received moderate to major damage. Numerous trees in the area were downed or uprooted. U.S. Highway 641 was closed for about 18 hours south of Murray due to debris and power lines across the road. The owner of the grocery and an attached home estimated his losses at just under 100,000 dollars.",KY,2000-05-26 18:30:00,2000-05-26 18:34:00,True,True
1094534,5145121,Nebraska,111,Lincoln,LBF,2000-05-17 14:45:00,CST,2000-05-17 14:50:00,0,0,0,0,100K,20K,GENERAL PUBLIC,F1,Unknown,2.0,50.0,,,,,40.85,-101.15,40.88333,-101.16667,,"An F1 tornado touched down 1 mile northeast of Wallace, was on the ground for 5 minutes and lifted 3 miles north of Wallace. The tornado damaged or destroyed three center pivot irrigation systems and destroyed crops in its path.",NE,2000-05-17 15:45:00,2000-05-17 15:50:00,True,True
1094929,5145292,Texas,29,Bexar,EWX,2000-05-19 18:41:00,CST,2000-05-19 18:45:00,0,0,0,0,20K,0,NWS STORM SURVEY,F0,Unknown,2.8,100.0,,,,,29.36667,-98.8,29.36667,-98.73333,,The small and brief tornado mentioned above in Medina County continued to knock over trees with damage to some power lines as it crossed the Bexar County line near Macdonna.,TX,2000-05-19 19:41:00,2000-05-19 19:45:00,True,True
1095275,5145190,Maryland,9,Calvert,LWX,2000-05-13 19:03:00,EST,2000-05-13 19:10:00,1,0,0,0,20K,,NWS STORM SURVEY,F1,Unknown,4.0,150.0,,,,,38.75,-76.7,38.75,-76.63333,"Temperatures in the mid 80s to lower 90s in combination with humid conditions resulted in several rounds of thunderstorms across Maryland west of the Chesapeake Bay from midday through late evening on the 13th. Several storms produced winds in excess of 55 mph, large hail, frequent lightning, and very heavy downpours. Two tornadoes were also reported. In Washington County, dime sized hail fell at Camp Manidokan along Harpers Ferry Road north of Sandy Hook. Winds estimated at 70 mph were responsible for downing trees at the camp. Tree damage was also reported near Smithsburg and Gapland. Trees and power lines were downed in Hagerstown and one fallen tree damaged a car. A backed up storm drain also caused the underpass of Memorial Boulevard to flood, stranding one motorist. In Frederick County, trees were downed in Burkettesville and Emmitsburg. A tree was downed onto a home and truck in Middletown where a wind gust of 56 mph was recorded and pea sized hail fell. A wind gust of 43 mph was recorded in Knoxville. In Carroll County, a 40 year old woman was struck by lightning while standing in her front yard in Mt. Airy around 3:15 PM EDT. She suffered internal injuries and burns to her hands and feet. Dime sized hail fell in Millers where a wind gust of 62 mph was recorded. Winds in excess of 60 mph damaged or destroyed 3 barns and a grain bin and pushed a tree onto a home in Lineboro. A wind gust of 64 mph was recorded where walnut sized hail fell in the northeast portion of the county. Trees, power lines, and homes were damaged by high wind in Manchester where nickel sized hail fell. Hen egg sized hail fell in Eldersburg. Spiral patterns nearly 80 feet in diameter were reported in a wheat field near Sykesville after the storms. In Baltimore County, quarter sized hail fell in the city of Baltimore and pea sized hail fell in Riesertown. Trees were downed onto a home and onto roads in Perry Hall. A tree fell through the roof of a building on Old Harford Road. Fences were blown down in Middle River. Quarter sized hail fell in Cockeysville. An F1 tornado crossed 5 miles of southeast Baltimore County between 8:00 PM and 8:10 PM EDT. The tornado was 75 yards wide and began just off Kenwood Avenue near the Interstate 95 and 695 interchange east of the city of Baltimore. It moved east uprooting and snapping trees and branches and causing damage to the trim and exterior of over a dozen homes. A large boat and trailer was rotated around. The tornado crossed Interstate 695 and damaged the roof of four townhouses off Fontana Lane. It crossed Rossville Boulevard and Philadelphia Road and damaged several buildings in an industrial park along Yellow Brick Road. The tornado finally dissipated near Pulaski Highway. Nearly 55,000 customers in the area lost power. In Harford County, dime to golfball sized hail fell in Bel Air. Pea sized hail fell from Carrotsville to Forest Hill. Several trees and power lines were downed. The most extensive area of tree damage was in Edgewood, Joppatowne, Pleasant Hill, and Bel Air. A tree and car in Edgewood were damaged by fallen trees. Automobiles were also damaged by felled trees in Aberdeen and Norrisville. Near Perryman in the southeast portion of the county, trees were downed onto a home and car along the Bush River. A funnel cloud was spotted in Abbington. At the peak of the storm, 30,000 county residents lost power. Three homes in Bel Air, two homes in Darlington, and one home in Jarrettsville were struck by lightning. In Howard County, a 57 mph wind gust was recorded in Fulton along with pea sized hail. Trees were downed along Route 32 near Columbia and near Clarksville. In Anne Arundel County, several trees were downed onto roads in the southern portion of the county. Nearly 7000 county customers lost power as a direct result of the storm. In Montgomery County, trees were downed in Damascus, Boyds, and Olney. In Charles County, pea to marble sized hail fell in St. Charles. In Prince George's County, downed trees and power lines were reported in Clinton, Suitland, Accokeek, Oxon Hill, Brandywine, Upper Marlboro, Ft. Washington, and Temple Hills. Some roads were blocked by fallen trees. Dime size hail fell in Accokeek. Winds of 60 mph were estimated in Clinton and Upper Marlboro. Winds of at least 60 mph pushed a car on Route 301 near Clinton into a median and tipped it on its side. A wind gust of at least 90 mph was recorded at Andrews Air Force Base. A funnel cloud was also spotted nearby. An F1 tornado touched down about 1 mile east of Brandywine at 7:45 PM EDT. The tornado traveled on the ground for 8 miles and was 150 yards wide. It moved northeast to near Naylor crossing Keys Road, Molly Berry Road, Croom Road, Nottingham Road, and into a park along the Patuxent River. The tornado felled several trees, some onto cars and homes as it moved across the county, knocking out power to 51,000 customers. The F1 tornado crossed into Calvert County 4 miles west of Chaney. It moved east, crossing Lyons Creek Road, Route 4, Chaney Road, and Chesapeake Beach Road before dissipating near Chaney around 8:10 PM EDT. The tornado downed trees onto cars and houses in the area. One motorist was injured on Route 4 when the tornado downed a tree onto a car. In addition, winds in excess of 55 mph downed a tree and damaged the exterior of homes in Dunkirk.",The tornado that came from Prince George's County downed trees onto cars and houses.,MD,2000-05-13 20:03:00,2000-05-13 20:10:00,True,True
1095294,5144474,Arkansas,31,Craighead,MEG,2000-05-09 15:40:00,CST,2000-05-09 15:45:00,0,0,0,0,10K,,GENERAL PUBLIC,F0,Unknown,4.0,15.0,,,,,35.83333,-90.36667,35.9,-90.35,,The tornado started near Black Oak and moved northeast. Several trees and power lines were blown down near Monette.,AR,2000-05-09 16:40:00,2000-05-09 16:45:00,True,True
1095215,5144588,Illinois,99,La Salle,LOT,2000-05-18 16:05:00,CST,2000-05-18 16:08:00,0,0,0,0,,,TRAINED SPOTTER,F0,Unknown,3.0,100.0,,,,,41.1,-89.13333,41.13333,-89.1,"A severe storm moved northeast across LaSalle, Kendall, Will and southern Cook Counties. It produced hail from 3/4 to golf ball size. The storm also produced wind damage in Kendall County and in southern Cook County. Kendall County emergency management reported large branches down along Route 52, and siding and roof damage to homes 10 to12 miles southwest of Yorkville. Power lines and trees were down blocking roads 10 to 20 miles southeast of Yorkville and also in Oswego. A spotter estimated winds to be 65 mph at Calumet City. The Chicago 911 center reported trees down, cars damaged in the 6700 block of South Green Street.",A trained spotter observed a tornado over a rural area southwest of Lostant. It lasted about 3 or 4 minutes before dissipating. No damage was reported.,IL,2000-05-18 17:05:00,2000-05-18 17:08:00,True,True
1095216,5144683,Illinois,105,Livingston,LOT,2000-05-18 16:35:00,CST,2000-05-18 16:35:00,0,0,0,0,,,FIRE DEPT/RESCUE SQUAD,F0,Unknown,0.5,50.0,,,,,41.08333,-88.68333,41.08333,-88.68333,"A supercell thunderstorm moved east from northern Livingston County to Kankakee County, producing several brief tornado touchdowns. The first sighting was at Blackstone. State police reported a brief touchdown near Odell at I-55. The Kankakee County sheriff's department reported a tornado just west of Union Hill. A police officer who is also a trained spotter saw a tornado touch down near Herscher. Trees were blown down in and a flag pole was bent over in Herscher. A car was blown off the road and flipped over by high winds or possibly the tornado just west of Herscher.",,IL,2000-05-18 17:35:00,2000-05-18 17:35:00,True,True
1094943,5144478,Texas,147,Fannin,FWD,2000-05-27 16:42:00,CST,2000-05-27 16:42:00,0,0,0,0,,,AMATEUR RADIO,F0,Unknown,0.2,20.0,,,,,33.41667,-96.2,33.41667,-96.2,"May 26-27, 2000 - Event NarrativeThunderstorms developed again along numerous boundaries in North Texas. The first area stretched from north of the Dallas/Fort Worth metroplex to the Red River. These storms occurred mainly on the 26th. Several tornadoes were reported in Young and Jack counties, while several other counties experienced hail and strong winds. On the 27th, the thunderstorms developed further south, in an area from Corsicana to Goldthwaite.",A brief tornado was reported. No damage or injuries.,TX,2000-05-27 17:42:00,2000-05-27 17:42:00,True,True
1094943,5144805,Texas,231,Hunt,FWD,2000-05-27 17:20:00,CST,2000-05-27 17:20:00,0,0,0,0,2K,,NEWSPAPER,F0,Unknown,0.3,20.0,,,,,32.88333,-96.05,32.88333,-96.05,"May 26-27, 2000 - Event NarrativeThunderstorms developed again along numerous boundaries in North Texas. The first area stretched from north of the Dallas/Fort Worth metroplex to the Red River. These storms occurred mainly on the 26th. Several tornadoes were reported in Young and Jack counties, while several other counties experienced hail and strong winds. On the 27th, the thunderstorms developed further south, in an area from Corsicana to Goldthwaite.",Trees and power lines were blown down by a brief tornado that occurred near the lake.,TX,2000-05-27 18:20:00,2000-05-27 18:20:00,True,True
1095218,5145035,Indiana,127,Porter,LOT,2000-05-18 18:12:00,CST,2000-05-18 18:12:00,0,0,0,0,,,TRAINED SPOTTER,F0,Unknown,0.5,50.0,,,,,41.31667,-87.11667,41.31667,-87.11667,A series of supercell storms moved across northwest Indiana. An amateur radio operator and trained spotter reported a brief tornado touchdown in a rural area near Roselawn. The tornado crossed I-65. No damage was reported. Later a trained spotter reported a tornado near Hebron. There was no report of any damage. Tress were down in central Neton County. Trees and large limbs were blown down near Kniman in northern Jasper County.,,IN,2000-05-18 19:12:00,2000-05-18 19:12:00,True,True
1095080,5144958,North Carolina,23,Burke,GSP,2000-05-24 16:46:00,EST,2000-05-24 16:47:00,0,0,0,0,50K,,LAW ENFORCEMENT,F0,Unknown,0.3,20.0,,,,,35.71667,-81.86667,35.71667,-81.86667,"A few thunderstorms crossed the mountains, then exploded and quickly became large supercells as they moved into the foothills late in the afternoon. The most damaging of the supercells developed in northern McDowell county and became severe along the Burke/McDowell county line near Lake James, dropping baseball size hail. This severe storm tracked southeast along the county border, producing golf ball to softball size hail all the way to the Rutherford county line. In addition to the very large hail, this supercell was able to generate a few weak (F0) tornadoes. The first tornado briefly touched down near Bridgewater and blew windows out of a house. It may also have been responsible for wind damage at a nearby mobile home park where 15 to 25 mobile homes sustained damage from both wind and hail. The second tornado developed in extreme eastern McDowell county and blew down trees across Interstate 40 before crossing into Burke county. Several motorists on Interstate 40 sighted the tornado and had their vehicles damaged by softball size hail. A resident in extreme southwest Burke county, near the Rutherford county line measured a 94 mph gust of wind as the parent supercell moved overhead. A damage survey team did not find any tornadic damage in the vicinity but suspected this may have been the actual mesocyclone on the ground. There was extensive hail damage to homes, vehicles and plants from softball size hail that was seen ""bounding"" down the hillside. The third tornado developed near South Mountain State Park in northeast Rutherford county and blew down numerous trees in the vicinity of the park. This storm went on to produce nickel to baseball size hail in Cleveland county.Other supercell thunderstorms developed downstream in the western piedmont, producing damaging wind which blew down power lines in Newton and dime size hail north of Huntersville. One more supercell thunderstorm developed in the wake of the previous tornadic thunderstorm and followed a similar track. However, no tornadoes were sighted. This storm did produce wind damage in Shelby where a few trees were downed, briefly blocking roads.A slow-moving thunderstorm in Mitchell county produced excessive rainfall which resulted in 3 roads being washed out and 3 trees being washed down a hillside.",,NC,2000-05-24 17:46:00,2000-05-24 17:47:00,True,True
1095080,5145053,North Carolina,161,Rutherford,GSP,2000-05-24 17:20:00,EST,2000-05-24 17:25:00,0,0,0,0,,,LAW ENFORCEMENT,F0,Unknown,2.0,30.0,,,,,35.57,-81.71667,35.57,-81.71667,"A few thunderstorms crossed the mountains, then exploded and quickly became large supercells as they moved into the foothills late in the afternoon. The most damaging of the supercells developed in northern McDowell county and became severe along the Burke/McDowell county line near Lake James, dropping baseball size hail. This severe storm tracked southeast along the county border, producing golf ball to softball size hail all the way to the Rutherford county line. In addition to the very large hail, this supercell was able to generate a few weak (F0) tornadoes. The first tornado briefly touched down near Bridgewater and blew windows out of a house. It may also have been responsible for wind damage at a nearby mobile home park where 15 to 25 mobile homes sustained damage from both wind and hail. The second tornado developed in extreme eastern McDowell county and blew down trees across Interstate 40 before crossing into Burke county. Several motorists on Interstate 40 sighted the tornado and had their vehicles damaged by softball size hail. A resident in extreme southwest Burke county, near the Rutherford county line measured a 94 mph gust of wind as the parent supercell moved overhead. A damage survey team did not find any tornadic damage in the vicinity but suspected this may have been the actual mesocyclone on the ground. There was extensive hail damage to homes, vehicles and plants from softball size hail that was seen ""bounding"" down the hillside. The third tornado developed near South Mountain State Park in northeast Rutherford county and blew down numerous trees in the vicinity of the park. This storm went on to produce nickel to baseball size hail in Cleveland county.Other supercell thunderstorms developed downstream in the western piedmont, producing damaging wind which blew down power lines in Newton and dime size hail north of Huntersville. One more supercell thunderstorm developed in the wake of the previous tornadic thunderstorm and followed a similar track. However, no tornadoes were sighted. This storm did produce wind damage in Shelby where a few trees were downed, briefly blocking roads.A slow-moving thunderstorm in Mitchell county produced excessive rainfall which resulted in 3 roads being washed out and 3 trees being washed down a hillside.",,NC,2000-05-24 18:20:00,2000-05-24 18:25:00,True,True
1095216,5144684,Illinois,105,Livingston,LOT,2000-05-18 16:50:00,CST,2000-05-18 16:50:00,0,0,0,0,,,LAW ENFORCEMENT,F0,Unknown,0.5,50.0,,,,,41.0,-88.51667,41.0,-88.51667,"A supercell thunderstorm moved east from northern Livingston County to Kankakee County, producing several brief tornado touchdowns. The first sighting was at Blackstone. State police reported a brief touchdown near Odell at I-55. The Kankakee County sheriff's department reported a tornado just west of Union Hill. A police officer who is also a trained spotter saw a tornado touch down near Herscher. Trees were blown down in and a flag pole was bent over in Herscher. A car was blown off the road and flipped over by high winds or possibly the tornado just west of Herscher.",,IL,2000-05-18 17:50:00,2000-05-18 17:50:00,True,True
1095216,5144685,Illinois,91,Kankakee,LOT,2000-05-18 17:10:00,CST,2000-05-18 17:10:00,0,0,0,0,,,LAW ENFORCEMENT,F0,Unknown,0.5,50.0,,,,,41.11667,-88.16667,41.11667,-88.16667,"A supercell thunderstorm moved east from northern Livingston County to Kankakee County, producing several brief tornado touchdowns. The first sighting was at Blackstone. State police reported a brief touchdown near Odell at I-55. The Kankakee County sheriff's department reported a tornado just west of Union Hill. A police officer who is also a trained spotter saw a tornado touch down near Herscher. Trees were blown down in and a flag pole was bent over in Herscher. A car was blown off the road and flipped over by high winds or possibly the tornado just west of Herscher.",,IL,2000-05-18 18:10:00,2000-05-18 18:10:00,True,True
1095216,5144686,Illinois,91,Kankakee,LOT,2000-05-18 17:10:00,CST,2000-05-18 17:10:00,0,0,0,0,,,LAW ENFORCEMENT,F0,Unknown,0.5,50.0,,,,,41.05,-88.11667,41.05,-88.1,"A supercell thunderstorm moved east from northern Livingston County to Kankakee County, producing several brief tornado touchdowns. The first sighting was at Blackstone. State police reported a brief touchdown near Odell at I-55. The Kankakee County sheriff's department reported a tornado just west of Union Hill. A police officer who is also a trained spotter saw a tornado touch down near Herscher. Trees were blown down in and a flag pole was bent over in Herscher. A car was blown off the road and flipped over by high winds or possibly the tornado just west of Herscher.",,IL,2000-05-18 18:10:00,2000-05-18 18:10:00,True,True
1094613,5144774,Missouri,143,New Madrid,PAH,2000-05-26 14:20:00,CST,2000-05-26 14:22:00,0,0,0,0,20K,,LAW ENFORCEMENT,F0,Unknown,0.5,40.0,,,,,36.43333,-89.78333,36.43333,-89.78333,,"State highway patrol officers reported a brief tornado along Highway 162 between Gideon and Portageville. Telephone poles were down, and a large barn was destroyed.",MO,2000-05-26 15:20:00,2000-05-26 15:22:00,True,True
1094311,5145101,North Carolina,141,Pender,ILM,2000-04-25 14:30:00,EST,2000-04-25 14:35:00,0,0,0,0,15K,,TRAINED SPOTTER,F0,Unknown,0.5,40.0,,,,,34.45,-78.1,34.46667,-78.1,,Roof of a hanger at a small airstrip was blown aprox. 350 feet. Some damage was reported to an airplane inside the hangar.,NC,2000-04-25 15:30:00,2000-04-25 15:35:00,True,True
1095275,5145096,Maryland,33,Prince George'S,LWX,2000-05-13 18:45:00,EST,2000-05-13 19:03:00,0,0,0,0,100K,,NWS STORM SURVEY,F1,Unknown,8.0,150.0,,,,,38.7,-76.83333,38.7,-76.68333,"Temperatures in the mid 80s to lower 90s in combination with humid conditions resulted in several rounds of thunderstorms across Maryland west of the Chesapeake Bay from midday through late evening on the 13th. Several storms produced winds in excess of 55 mph, large hail, frequent lightning, and very heavy downpours. Two tornadoes were also reported. In Washington County, dime sized hail fell at Camp Manidokan along Harpers Ferry Road north of Sandy Hook. Winds estimated at 70 mph were responsible for downing trees at the camp. Tree damage was also reported near Smithsburg and Gapland. Trees and power lines were downed in Hagerstown and one fallen tree damaged a car. A backed up storm drain also caused the underpass of Memorial Boulevard to flood, stranding one motorist. In Frederick County, trees were downed in Burkettesville and Emmitsburg. A tree was downed onto a home and truck in Middletown where a wind gust of 56 mph was recorded and pea sized hail fell. A wind gust of 43 mph was recorded in Knoxville. In Carroll County, a 40 year old woman was struck by lightning while standing in her front yard in Mt. Airy around 3:15 PM EDT. She suffered internal injuries and burns to her hands and feet. Dime sized hail fell in Millers where a wind gust of 62 mph was recorded. Winds in excess of 60 mph damaged or destroyed 3 barns and a grain bin and pushed a tree onto a home in Lineboro. A wind gust of 64 mph was recorded where walnut sized hail fell in the northeast portion of the county. Trees, power lines, and homes were damaged by high wind in Manchester where nickel sized hail fell. Hen egg sized hail fell in Eldersburg. Spiral patterns nearly 80 feet in diameter were reported in a wheat field near Sykesville after the storms. In Baltimore County, quarter sized hail fell in the city of Baltimore and pea sized hail fell in Riesertown. Trees were downed onto a home and onto roads in Perry Hall. A tree fell through the roof of a building on Old Harford Road. Fences were blown down in Middle River. Quarter sized hail fell in Cockeysville. An F1 tornado crossed 5 miles of southeast Baltimore County between 8:00 PM and 8:10 PM EDT. The tornado was 75 yards wide and began just off Kenwood Avenue near the Interstate 95 and 695 interchange east of the city of Baltimore. It moved east uprooting and snapping trees and branches and causing damage to the trim and exterior of over a dozen homes. A large boat and trailer was rotated around. The tornado crossed Interstate 695 and damaged the roof of four townhouses off Fontana Lane. It crossed Rossville Boulevard and Philadelphia Road and damaged several buildings in an industrial park along Yellow Brick Road. The tornado finally dissipated near Pulaski Highway. Nearly 55,000 customers in the area lost power. In Harford County, dime to golfball sized hail fell in Bel Air. Pea sized hail fell from Carrotsville to Forest Hill. Several trees and power lines were downed. The most extensive area of tree damage was in Edgewood, Joppatowne, Pleasant Hill, and Bel Air. A tree and car in Edgewood were damaged by fallen trees. Automobiles were also damaged by felled trees in Aberdeen and Norrisville. Near Perryman in the southeast portion of the county, trees were downed onto a home and car along the Bush River. A funnel cloud was spotted in Abbington. At the peak of the storm, 30,000 county residents lost power. Three homes in Bel Air, two homes in Darlington, and one home in Jarrettsville were struck by lightning. In Howard County, a 57 mph wind gust was recorded in Fulton along with pea sized hail. Trees were downed along Route 32 near Columbia and near Clarksville. In Anne Arundel County, several trees were downed onto roads in the southern portion of the county. Nearly 7000 county customers lost power as a direct result of the storm. In Montgomery County, trees were downed in Damascus, Boyds, and Olney. In Charles County, pea to marble sized hail fell in St. Charles. In Prince George's County, downed trees and power lines were reported in Clinton, Suitland, Accokeek, Oxon Hill, Brandywine, Upper Marlboro, Ft. Washington, and Temple Hills. Some roads were blocked by fallen trees. Dime size hail fell in Accokeek. Winds of 60 mph were estimated in Clinton and Upper Marlboro. Winds of at least 60 mph pushed a car on Route 301 near Clinton into a median and tipped it on its side. A wind gust of at least 90 mph was recorded at Andrews Air Force Base. A funnel cloud was also spotted nearby. An F1 tornado touched down about 1 mile east of Brandywine at 7:45 PM EDT. The tornado traveled on the ground for 8 miles and was 150 yards wide. It moved northeast to near Naylor crossing Keys Road, Molly Berry Road, Croom Road, Nottingham Road, and into a park along the Patuxent River. The tornado felled several trees, some onto cars and homes as it moved across the county, knocking out power to 51,000 customers. The F1 tornado crossed into Calvert County 4 miles west of Chaney. It moved east, crossing Lyons Creek Road, Route 4, Chaney Road, and Chesapeake Beach Road before dissipating near Chaney around 8:10 PM EDT. The tornado downed trees onto cars and houses in the area. One motorist was injured on Route 4 when the tornado downed a tree onto a car. In addition, winds in excess of 55 mph downed a tree and damaged the exterior of homes in Dunkirk.",The tornado felled several trees onto houses and cars before it crossed into Calvert County.,MD,2000-05-13 18:45:00,2000-05-13 19:03:00,False,False
1095217,5145032,Illinois,75,Iroquois,LOT,2000-05-18 18:20:00,CST,2000-05-18 18:20:00,0,0,0,0,,,LAW ENFORCEMENT,F0,Unknown,0.5,50.0,,,,,40.88333,-87.98333,40.88333,-87.98333,"Several supercell storms moved through southeast Livingston, Ford and northern Iroquois Counties, then more storms developed and moved through southern Ford County. There were several reports of tornadoes on the ground in rural areas but no damage was reported. The first sighting was near Faibury, relayed by State Police. Later a tornado was reported near Chatsworth by a trained spotter. Storms blew down trees in Papineau. State police reported a tornado west of Ashkum. A tornado was reported near Gibson City by a spotter. Later another tornado was reported by emergency management south of Gibson City. Another sighting was southwest of Paxton by State Police. No damage was reported with any of the tornadoes.",,IL,2000-05-18 19:20:00,2000-05-18 19:20:00,True,True
1095217,5144687,Illinois,105,Livingston,LOT,2000-05-18 17:00:00,CST,2000-05-18 17:00:00,0,0,0,0,,,LAW ENFORCEMENT,F0,Unknown,0.5,50.0,,,,,40.75,-88.51667,40.75,-88.51667,"Several supercell storms moved through southeast Livingston, Ford and northern Iroquois Counties, then more storms developed and moved through southern Ford County. There were several reports of tornadoes on the ground in rural areas but no damage was reported. The first sighting was near Faibury, relayed by State Police. Later a tornado was reported near Chatsworth by a trained spotter. Storms blew down trees in Papineau. State police reported a tornado west of Ashkum. A tornado was reported near Gibson City by a spotter. Later another tornado was reported by emergency management south of Gibson City. Another sighting was southwest of Paxton by State Police. No damage was reported with any of the tornadoes.",,IL,2000-05-18 18:00:00,2000-05-18 18:00:00,True,True
1094616,5144777,Kentucky,35,Calloway,PAH,2000-05-23 17:15:00,CST,2000-05-23 17:15:00,0,0,0,0,,,EMERGENCY MANAGER,F0,Unknown,0.1,20.0,,,,,36.61667,-88.33333,36.61667,-88.33333,,"Two reliable witnesses reported a very brief tornado touchdown on the west side of Murray, just north of Highway 121. The funnel briefly touched a house roof, but no real damage occurred.",KY,2000-05-23 18:15:00,2000-05-23 18:15:00,True,True
1094955,5145379,Indiana,169,Wabash,IWX,2000-06-14 17:02:00,EST,2000-06-14 17:07:00,0,0,0,0,100K,10K,NWS EMPLOYEE(OFF DUTY),F1,Unknown,2.0,60.0,,,,,41.0,-85.86667,41.01667,-85.8,Synoptic and mesoscale conditions for June 14th...A significant mid-level shortwave trough was located over Iowa on the morning of June 14th with an outflow dominated squall line across western Illinois. Rapid destabilization ensued later in the morning across eastern Illinois and northern Indiana with CAPES to 3500 j/kg by early afternoon. VAD wind profiles showed 850 millibar winds in excess of 50 knots in advance of the upper trough by afternoon and as storms developed along the left over outflow boundary across Illinois... they quickly became severe and organized into a large bow echo and moved quickly eastward into northern Indiana causing extensive wind damage. By late afternoon... a short segmented squall line developed just ahead of this bow echo squall line and extended from a St. Joseph to Fulton county line. Along the southern end of this line... an embedded tornadic supercell developed and interacted with a left over storm-scale outflow boundary to produce the Wabash/Kosciusko and DeKalb county tornadoes. The lack of significant low level shear likely prevented a much larger and more widespread tornado event especially across Whitley and Allen counties where several funnel clouds were captured on film but failed to touch down.,"The initial tornado touchdown occurred near the intersection of SR 15 and 114. Two barns were deroofed and a grain silo was partially blown down. Several trees and limbs were taken down. The tornado lifted briefly as it crossed SR 15. It then continued on the ground for one half mile before striking another farm just west of the intersection of SR 114 and 400 W. A barn roof was blown off, and several trees and power lines were taken down. Crop damage was noted in an adjacent field. The tornado then lifted until it touched down about 1 mile to the northeast.",IN,2000-06-14 18:02:00,2000-06-14 18:07:00,True,True
1094312,5145435,North Carolina,141,Pender,ILM,2000-04-28 12:45:00,EST,2000-04-28 12:50:00,0,0,0,0,50K,,EMERGENCY MANAGER,F0,Unknown,1.0,50.0,,,,,34.55,-77.93333,34.55,-77.93333,,"A small tornado tracked about a mile across western and northern Burgaw, touching down just south of the prison at the State Highway barn, at Old Savannah Road, and at Ed Cowan Road, snapping trees and damaging 4 buildings on two residencial properties.",NC,2000-04-28 13:45:00,2000-04-28 13:50:00,True,True
1095218,5145033,Indiana,111,Newton,LOT,2000-05-18 18:05:00,CST,2000-05-18 18:05:00,0,0,0,0,,,AMATEUR RADIO,F0,Unknown,0.5,50.0,,,,,41.15,-87.31667,41.15,-87.31667,A series of supercell storms moved across northwest Indiana. An amateur radio operator and trained spotter reported a brief tornado touchdown in a rural area near Roselawn. The tornado crossed I-65. No damage was reported. Later a trained spotter reported a tornado near Hebron. There was no report of any damage. Tress were down in central Neton County. Trees and large limbs were blown down near Kniman in northern Jasper County.,,IN,2000-05-18 19:05:00,2000-05-18 19:05:00,True,True
1095080,5144959,North Carolina,111,Mcdowell,GSP,2000-05-24 16:50:00,EST,2000-05-24 16:57:00,0,0,0,0,,,LAW ENFORCEMENT,F0,Unknown,3.0,30.0,,,,,35.68333,-81.86667,35.68333,-81.86667,"A few thunderstorms crossed the mountains, then exploded and quickly became large supercells as they moved into the foothills late in the afternoon. The most damaging of the supercells developed in northern McDowell county and became severe along the Burke/McDowell county line near Lake James, dropping baseball size hail. This severe storm tracked southeast along the county border, producing golf ball to softball size hail all the way to the Rutherford county line. In addition to the very large hail, this supercell was able to generate a few weak (F0) tornadoes. The first tornado briefly touched down near Bridgewater and blew windows out of a house. It may also have been responsible for wind damage at a nearby mobile home park where 15 to 25 mobile homes sustained damage from both wind and hail. The second tornado developed in extreme eastern McDowell county and blew down trees across Interstate 40 before crossing into Burke county. Several motorists on Interstate 40 sighted the tornado and had their vehicles damaged by softball size hail. A resident in extreme southwest Burke county, near the Rutherford county line measured a 94 mph gust of wind as the parent supercell moved overhead. A damage survey team did not find any tornadic damage in the vicinity but suspected this may have been the actual mesocyclone on the ground. There was extensive hail damage to homes, vehicles and plants from softball size hail that was seen ""bounding"" down the hillside. The third tornado developed near South Mountain State Park in northeast Rutherford county and blew down numerous trees in the vicinity of the park. This storm went on to produce nickel to baseball size hail in Cleveland county.Other supercell thunderstorms developed downstream in the western piedmont, producing damaging wind which blew down power lines in Newton and dime size hail north of Huntersville. One more supercell thunderstorm developed in the wake of the previous tornadic thunderstorm and followed a similar track. However, no tornadoes were sighted. This storm did produce wind damage in Shelby where a few trees were downed, briefly blocking roads.A slow-moving thunderstorm in Mitchell county produced excessive rainfall which resulted in 3 roads being washed out and 3 trees being washed down a hillside.",,NC,2000-05-24 16:50:00,2000-05-24 16:57:00,False,False
1095080,5144961,North Carolina,23,Burke,GSP,2000-05-24 16:57:00,EST,2000-05-24 17:00:00,0,0,0,0,,,LAW ENFORCEMENT,F0,Unknown,1.0,30.0,,,,,35.68333,-81.88333,35.68333,-81.88333,"A few thunderstorms crossed the mountains, then exploded and quickly became large supercells as they moved into the foothills late in the afternoon. The most damaging of the supercells developed in northern McDowell county and became severe along the Burke/McDowell county line near Lake James, dropping baseball size hail. This severe storm tracked southeast along the county border, producing golf ball to softball size hail all the way to the Rutherford county line. In addition to the very large hail, this supercell was able to generate a few weak (F0) tornadoes. The first tornado briefly touched down near Bridgewater and blew windows out of a house. It may also have been responsible for wind damage at a nearby mobile home park where 15 to 25 mobile homes sustained damage from both wind and hail. The second tornado developed in extreme eastern McDowell county and blew down trees across Interstate 40 before crossing into Burke county. Several motorists on Interstate 40 sighted the tornado and had their vehicles damaged by softball size hail. A resident in extreme southwest Burke county, near the Rutherford county line measured a 94 mph gust of wind as the parent supercell moved overhead. A damage survey team did not find any tornadic damage in the vicinity but suspected this may have been the actual mesocyclone on the ground. There was extensive hail damage to homes, vehicles and plants from softball size hail that was seen ""bounding"" down the hillside. The third tornado developed near South Mountain State Park in northeast Rutherford county and blew down numerous trees in the vicinity of the park. This storm went on to produce nickel to baseball size hail in Cleveland county.Other supercell thunderstorms developed downstream in the western piedmont, producing damaging wind which blew down power lines in Newton and dime size hail north of Huntersville. One more supercell thunderstorm developed in the wake of the previous tornadic thunderstorm and followed a similar track. However, no tornadoes were sighted. This storm did produce wind damage in Shelby where a few trees were downed, briefly blocking roads.A slow-moving thunderstorm in Mitchell county produced excessive rainfall which resulted in 3 roads being washed out and 3 trees being washed down a hillside.",,NC,2000-05-24 17:57:00,2000-05-24 18:00:00,True,True
1095234,5145067,Illinois,105,Livingston,LOT,2000-05-31 14:05:00,CST,2000-05-31 14:05:00,0,0,0,0,,,FIRE DEPT/RESCUE SQUAD,F0,Unknown,0.5,30.0,,,,,40.85,-88.25,40.85,-88.25,,A tornado was reported on the ground near Cullom by the fire department. There was no damage.,IL,2000-05-31 15:05:00,2000-05-31 15:05:00,True,True
1095217,5144688,Illinois,105,Livingston,LOT,2000-05-18 17:45:00,CST,2000-05-18 17:45:00,0,0,0,0,,,TRAINED SPOTTER,F0,Unknown,0.5,50.0,,,,,40.75,-88.28333,40.75,-88.28333,"Several supercell storms moved through southeast Livingston, Ford and northern Iroquois Counties, then more storms developed and moved through southern Ford County. There were several reports of tornadoes on the ground in rural areas but no damage was reported. The first sighting was near Faibury, relayed by State Police. Later a tornado was reported near Chatsworth by a trained spotter. Storms blew down trees in Papineau. State police reported a tornado west of Ashkum. A tornado was reported near Gibson City by a spotter. Later another tornado was reported by emergency management south of Gibson City. Another sighting was southwest of Paxton by State Police. No damage was reported with any of the tornadoes.",,IL,2000-05-18 18:45:00,2000-05-18 18:45:00,True,True
1095049,5144487,Illinois,149,Pike,LSX,2000-05-26 22:13:00,CST,2000-05-26 22:15:00,0,0,0,0,,,NWS STORM SURVEY,F0,Unknown,1.0,50.0,,,,,39.6,-90.61667,39.6,-90.61667,,A small tornado downed trees northeast of Milton before crossing the Illinois River into Scott County.,IL,2000-05-26 23:13:00,2000-05-26 23:15:00,True,True
1095050,5144488,Illinois,149,Pike,LSX,2000-05-26 22:14:00,CST,2000-05-26 22:16:00,0,0,0,0,,,NWS STORM SURVEY,F0,Unknown,0.8,50.0,,,,,39.53333,-90.6,39.51667,-90.58333,,A small tornado downed trees southeast of Milton before crossing the Illinois River into Scott County.,IL,2000-05-26 23:14:00,2000-05-26 23:16:00,True,True
1094972,5144849,Michigan,63,Huron,DTX,2000-05-12 18:50:00,EST,2000-05-12 18:50:00,0,0,0,0,60K,,NWS STORM SURVEY,F1,Unknown,0.3,175.0,,,,,43.73333,-82.61667,43.73333,-82.6,"A warm front moved north across lower Michigan on the 12th, ushering in another warm, muggy, unstable air mass. Thunderstorms developed northeast of Grand Rapids in the afternoon, then moved east toward the Saginaw Valley and Thumb areas. One storm evolved into a classic supercell, producing baseball sized hail from just east of Bay City to near Sebewaing. The supercell continued east across Huron County, and produced the first tornado of the severe weather season a few miles north of White Rock. Many trees were downed near the Lake Huron shoreline, with some downed onto homes. A storage shed was blown into a neighbor's yard, a swimming pool was destroyed, and several canoes were damaged.Several other storms moved across Huron County, dumping up to 5 inches of rain in some parts of the county. Flash flooding resulted in the Pigeon/Elkton area. A trailer park in Elkton had to be evacuated as the Pinnebog River quickly rose out of its banks. Water rose as high as the electric meters on some of the mobile homes. High water lingered in the county through the night, with flooding along the Willow River in Bloomfield Township (Redman Road was closed for a time), and street flooding in Harbor Beach.Additional storms developed further south in the evening, and moved east across metro Detroit. These storms produced marginally severe hail, and sporadic wind damage in the form of downed trees and power lines.",,MI,2000-05-12 19:50:00,2000-05-12 19:50:00,True,True
1095046,5144484,Illinois,5,Bond,LSX,2000-05-12 17:25:00,CST,2000-05-12 17:45:00,0,0,0,0,200K,,NWS STORM SURVEY,F1,Unknown,9.0,50.0,,,,,38.91667,-89.55,38.91667,-89.28333,,"A tornado left a path of damage for 9 miles across east Bond County. The damage first started 2.5 miles north northeast of Old Ripley where several large trees were damaged. The tornado traveled east alone County Road 1300 destroying one barn and 2 machine sheds. The tornado continued east snapping or uprooting large trees. It then crossed Governor Bond Lake, damaging at least 7 homes in the Springwood Estates subdivision on the east side of the lake. Large pieces from the side of one home and pieces of the roof of another were blown about 1/2 mile east. Several pieces of debris were impaled into the ground at 45 to 60 degree angles.",IL,2000-05-12 18:25:00,2000-05-12 18:45:00,True,True
1095047,5144485,Illinois,5,Bond,LSX,2000-05-12 17:47:00,CST,2000-05-12 17:50:00,0,0,0,0,,,NWS STORM SURVEY,F2,Unknown,1.5,100.0,,,,,38.91667,-89.3,38.91667,-89.28333,,A second tornado formed about 100 yards southeast of the initial tornado in Bond County and traveled east for about 1.5 miles. The tornado traveled through a heavily wooded area destroying hundreds of large trees.,IL,2000-05-12 18:47:00,2000-05-12 18:50:00,True,True
1095048,5144486,Illinois,51,Fayette,LSX,2000-05-12 18:10:00,CST,2000-05-12 18:13:00,0,0,0,0,15K,,NWS STORM SURVEY,F0,Unknown,1.5,40.0,,,,,38.91667,-89.1,38.91667,-89.06667,,"A small tornado formed in Fayette County south of Vandalia. One mobile home was destroyed, a boat dock at a pond destroyed and several trees downed. Power lines were also downed.",IL,2000-05-12 19:10:00,2000-05-12 19:13:00,True,True
1095217,5144690,Illinois,53,Ford,LOT,2000-05-18 18:10:00,CST,2000-05-18 18:10:00,0,0,0,0,,,TRAINED SPOTTER,F0,Unknown,0.5,50.0,,,,,40.46667,-88.36667,40.46667,-88.36667,"Several supercell storms moved through southeast Livingston, Ford and northern Iroquois Counties, then more storms developed and moved through southern Ford County. There were several reports of tornadoes on the ground in rural areas but no damage was reported. The first sighting was near Faibury, relayed by State Police. Later a tornado was reported near Chatsworth by a trained spotter. Storms blew down trees in Papineau. State police reported a tornado west of Ashkum. A tornado was reported near Gibson City by a spotter. Later another tornado was reported by emergency management south of Gibson City. Another sighting was southwest of Paxton by State Police. No damage was reported with any of the tornadoes.",,IL,2000-05-18 19:10:00,2000-05-18 19:10:00,True,True
1094929,5145291,Texas,325,Medina,EWX,2000-05-19 18:40:00,CST,2000-05-19 18:41:00,0,0,0,0,10K,0,NWS STORM SURVEY,F0,Unknown,0.2,100.0,,,,,29.31667,-98.81667,29.31667,-98.81667,,"Members of the LaCoste police and fire departments reported seeing a wall cloud in the thunderstorm that approached the town from the west. As they watched, a small funnel appeared and began to dip downward. Trees in the way prevented their confirming a touchdown, but a later NWS survey indicated tornado damage as trees were blown down and crops were damaged from extreme eastern Medina County near LaCoste into extreme western Bexar County near Macdonna.",TX,2000-05-19 19:40:00,2000-05-19 19:41:00,True,True
1098225,5154716,Illinois,107,Logan,ILX,2000-06-20 17:55:00,CST,2000-06-20 17:56:00,0,0,0,0,23K,,NWS STORM SURVEY,F0,Unknown,0.3,100.0,,,,,40.06667,-89.45,40.06667,-89.45,,"A tornado briefly touched down in Broadwell. The top of a grain leg on an elevator was torn off and several trees and tree limbs were blown down. Also, a few power lines were blown down and a few homes sustained minor shingle and siding damage. No injuries were reported.",IL,2000-06-20 18:55:00,2000-06-20 18:56:00,True,True
1098303,5154482,Maryland,31,Montgomery,LWX,2000-06-21 21:10:00,EST,2000-06-21 21:10:00,0,0,0,0,250K,,NWS STORM SURVEY,F1,Unknown,1.0,30.0,,,,,39.08333,-77.06667,39.1,-77.0,"Thunderstorms which contained winds in excess of 55 mph, heavy rainfall, and large hail developed ahead of a cold front during the evening of the 21st. The line of storms that moved across Montgomery and Prince George's Counties produced two tornadoes. The first tornado touched down in the Aspen Hill area of Montgomery County along Colesville Manor Drive. It move east across Northwest Branch Park and onto Scott Drive, Mills Avenue, Notley Street, and Paula Lynn Drive, then dissipated 1 mile north of Colesville. The F1 tornado was on the ground for 1 mile and was 30 yards wide . It downed numerous trees, including one which fell onto a house and another onto a shed. The second tornado, nearly 150 yards wide, touched down just east of Laurel near Route 197 and the Patuxent Greens Country Club. It damaged a garage door, tore an awning, and lifted shingles on golf course property, in addition to knocking down over 80 large trees. The F1 tornado continued east for one mile downing several other trees before dissipating near the Patuxent River. In addition to the tornado damage, straight line winds in excess of 55 mph also damaged trees, power lines, and structures in Montgomery and Prince George's Counties. An apartment complex in Silver Spring suffered roof damage, shattered windows, ripped gutters, and damaged cinder block walls. Downed fences and several cars damaged by fallen trees were found nearby. Tree damage was also reported in Gaithersburg, the Rock Creek Valley neighborhood, Wheaton, and Laurel. In Howard County, high winds blew in a window and snapped trees south of Columbia. Winds estimated between 60 and 75 mph downed numerous trees and power lines across northern Anne Arundel County, including the communities of Odenton, Glen Burnie, Crownsville, and Pasadena. In Frederick County, 1.75 inches of rain fell in Wolfsville and 1.57 inches was recorded in Frederick.","Numerous trees were downed or snapped, several cars were damaged by trees and debris. Several apartment roofs, a wall, and a fence were damaged. Trim and siding on homes were also damaged.",MD,2000-06-21 22:10:00,2000-06-21 22:10:00,True,True
1098303,5154486,Maryland,33,Prince George'S,LWX,2000-06-21 21:28:00,EST,2000-06-21 21:32:00,0,0,0,0,150K,,NWS STORM SURVEY,F1,Unknown,1.0,150.0,,,,,39.1,-76.83333,39.1,-76.81667,"Thunderstorms which contained winds in excess of 55 mph, heavy rainfall, and large hail developed ahead of a cold front during the evening of the 21st. The line of storms that moved across Montgomery and Prince George's Counties produced two tornadoes. The first tornado touched down in the Aspen Hill area of Montgomery County along Colesville Manor Drive. It move east across Northwest Branch Park and onto Scott Drive, Mills Avenue, Notley Street, and Paula Lynn Drive, then dissipated 1 mile north of Colesville. The F1 tornado was on the ground for 1 mile and was 30 yards wide . It downed numerous trees, including one which fell onto a house and another onto a shed. The second tornado, nearly 150 yards wide, touched down just east of Laurel near Route 197 and the Patuxent Greens Country Club. It damaged a garage door, tore an awning, and lifted shingles on golf course property, in addition to knocking down over 80 large trees. The F1 tornado continued east for one mile downing several other trees before dissipating near the Patuxent River. In addition to the tornado damage, straight line winds in excess of 55 mph also damaged trees, power lines, and structures in Montgomery and Prince George's Counties. An apartment complex in Silver Spring suffered roof damage, shattered windows, ripped gutters, and damaged cinder block walls. Downed fences and several cars damaged by fallen trees were found nearby. Tree damage was also reported in Gaithersburg, the Rock Creek Valley neighborhood, Wheaton, and Laurel. In Howard County, high winds blew in a window and snapped trees south of Columbia. Winds estimated between 60 and 75 mph downed numerous trees and power lines across northern Anne Arundel County, including the communities of Odenton, Glen Burnie, Crownsville, and Pasadena. In Frederick County, 1.75 inches of rain fell in Wolfsville and 1.57 inches was recorded in Frederick.",Numerous trees were downed and some exterior damaged was reported on buildings. The tornado cut a path through the Patuxent Greens Golf Course and damaged the clubhouse and maintenance buildings. About 80 large trees were lost on the property.,MD,2000-06-21 21:28:00,2000-06-21 21:32:00,False,False
1098225,5154642,Illinois,173,Shelby,ILX,2000-06-20 13:32:00,CST,2000-06-20 14:24:00,1,0,0,0,75K,,NWS STORM SURVEY,F1,Unknown,24.0,300.0,,,,,39.28333,-89.11667,39.38333,-88.7,,"The tornado first briefly touched down in the Oconee area where it blew down several large trees and tree limbs. The tornado then appeared to lift and move east-northeast across southern Shelby county, occasionally touching the ground in a number of places. The most significant touchdowns were found in two areas. The first was about 4 miles south of Tower Hill, where the track extended from 4.5 miles south-southwest of Tower Hill to 4 miles south-southeast of Tower Hill. Damage to trees, a grain bin, a garage and a grain auger were found in the area. The second significant touchdown started 4 miles south-southeast of Shelbyville. Even in this area, visual sightings by residents indicated that the tornado was not on the ground all the time. Damage in this area was the most substantial, with damage to several garages, as well as outbuildings destroyed and numerous trees uprooted. One women sustained minor cuts from flying glass.",IL,2000-06-20 14:32:00,2000-06-20 15:24:00,True,True
1103898,5157599,Kansas,195,Trego,DDC,2000-10-28 15:12:00,CST,2000-10-28 15:13:00,0,0,0,0,,,LAW ENFORCEMENT,F0,Unknown,0.4,70.0,,,,,38.98333,-99.91667,38.98333,-99.91667,,Brief tornado moved straight north.,KS,2000-10-28 16:12:00,2000-10-28 16:13:00,True,True
1100107,5155484,Wisconsin,109,St. Croix,MPX,2000-07-26 12:02:00,CST,2000-07-26 12:02:00,0,0,0,0,,,GENERAL PUBLIC,F0,Unknown,0.1,25.0,,,,,44.96667,-92.65,44.96667,-92.65,,Brief touchdown in cornfield. No damage reported.,WI,2000-07-26 13:02:00,2000-07-26 13:02:00,True,True
1102837,5156720,Florida,99,Palm Beach,MFL,2000-09-16 15:15:00,EST,2000-09-16 15:20:00,0,0,0,0,,,GENERAL PUBLIC,F0,Unknown,0.4,10.0,,,,,26.35,-80.08333,26.35,-80.08333,,A waterspout moved ashore and briefly touched down as a tornado near Power Line Road and Palmetto Park Avenue.,FL,2000-09-16 16:15:00,2000-09-16 16:20:00,True,True
1100001,5155806,Florida,57,Hillsborough,TBW,2000-07-14 15:15:00,EST,2000-07-14 15:15:00,0,0,0,0,0,0,NWS EMPLOYEE(OFF DUTY),F0,Unknown,0.1,5.0,,,,,27.93333,-82.28333,27.93333,-82.28333,,An off-duty National Weather Service meteorologist observed a tornado briefly touch down over a wooded area near the intersection of Lumsden and Lithia-Pinecrest roads in Brandon.,FL,2000-07-14 16:15:00,2000-07-14 16:15:00,True,True
1100003,5155808,Florida,101,Pasco,TBW,2000-07-15 10:26:00,EST,2000-07-15 10:30:00,0,0,0,0,2K,0,FIRE DEPT/RESCUE SQUAD,F0,Unknown,1.0,5.0,,,,,26.98333,-82.21667,26.98333,-82.2,,A weak tornado sporadically touched down over a heavily wooded area of rural western Pasco county near Moon Lake Road (C.R. 587) and State Road 52.,FL,2000-07-15 11:26:00,2000-07-15 11:30:00,True,True
1097720,5154401,South Carolina,73,Oconee,GSP,2000-06-16 19:23:00,EST,2000-06-16 19:23:00,0,0,0,0,5K,,LAW ENFORCEMENT,F0,Unknown,0.1,50.0,,,,,34.66667,-83.1,34.66667,-83.1,"Thunderstorms developed across the Upstate during the early evening. One became severe in Oconee county and produced two brief small tornadoes. In Westminster, a small section of the roof of a store was torn off. Siding was blown off of one house and another house was damaged. Several trees and power lines were also downed in the same area. About 20 minutes later, the same storm spun up another weak tornado which downed trees on property in Tamassee. A trained spotter observed a funnel cloud nine minutes prior west of Walhalla. Late in the evening lightning caused a fire which burned down a garage in Ninety-Six.",,SC,2000-06-16 20:23:00,2000-06-16 20:23:00,True,True
1098225,5154340,Illinois,19,Champaign,ILX,2000-06-20 20:14:00,CST,2000-06-20 20:15:00,0,0,0,0,20K,,LAW ENFORCEMENT,F0,Unknown,1.1,50.0,,,,,40.2,-88.45,40.2,-88.43333,,"A tornado made a series of brief touchdowns over a 2.6 mile long path. The tornado made its first touchdown 1 mile southeast of Mansfield (Piatt County) and destroyed a barn. As it traveled to the southeast, it crossed into Champaign County, 2.5 miles west of Mahomet. The final touchdown was 1.5 miles west-southwest of Mahomet, where a house sustained moderate damage to one outside wall. No injuries were reported.",IL,2000-06-20 21:14:00,2000-06-20 21:15:00,True,True
1100526,5154815,Colorado,1,Adams,BOU,2000-07-10 19:38:00,MST,2000-07-10 19:38:00,0,0,0,0,0,0,STORM CHASER,F0,Unknown,0.1,25.0,,,,,40.0,-104.76667,40.0,-104.76667,,A small tornado touched down briefly but did no damage.,CO,2000-07-10 20:38:00,2000-07-10 20:38:00,True,True
1097720,5154402,South Carolina,73,Oconee,GSP,2000-06-16 19:44:00,EST,2000-06-16 19:44:00,0,0,0,0,,,GENERAL PUBLIC,F0,Unknown,0.1,50.0,,,,,34.86667,-83.03333,34.86667,-83.03333,"Thunderstorms developed across the Upstate during the early evening. One became severe in Oconee county and produced two brief small tornadoes. In Westminster, a small section of the roof of a store was torn off. Siding was blown off of one house and another house was damaged. Several trees and power lines were also downed in the same area. About 20 minutes later, the same storm spun up another weak tornado which downed trees on property in Tamassee. A trained spotter observed a funnel cloud nine minutes prior west of Walhalla. Late in the evening lightning caused a fire which burned down a garage in Ninety-Six.",,SC,2000-06-16 20:44:00,2000-06-16 20:44:00,True,True
1100577,5155276,Virginia,810,Virginia Beach (C),AKQ,2000-07-24 12:59:00,EST,2000-07-24 13:05:00,0,0,0,0,20K,0,EMERGENCY MANAGER,F0,Unknown,0.2,20.0,,,,,36.65,-76.03333,36.65,-76.03333,,A waterspout that formed over Back Bay came ashore at Campbell Landing Road and destroyed a 20 by 30 foot outbuilding before dissipating. Many trees were blown down and camper shells and lawn furniture were tossed across the neighborhood.,VA,2000-07-24 12:59:00,2000-07-24 13:05:00,False,False
1100586,5155903,Texas,371,Pecos,MAF,2000-07-02 14:50:00,CST,2000-07-02 14:50:00,0,0,0,0,,,METEOROLOGIST(NON NWS),F0,Unknown,0.1,20.0,,,,,30.45,-102.86667,30.45,-102.86667,,An experienced storm chaser and professor of meteorology observed a tornado 30 miles south of Fort Stockton. Examination of radar data showed little evidence of large scale cyclonic rotation or storm structure. The storm environment did not appear to support storm scale rotation. Primary indications are that this tornado was of the landspout variety.,TX,2000-07-02 15:50:00,2000-07-02 15:50:00,True,True
1099981,5155793,Kentucky,109,Jackson,JKL,2000-07-14 19:00:00,EST,2000-07-14 19:20:00,1,0,0,0,500K,0K,NWS STORM SURVEY,F1,Unknown,1.0,300.0,,,,,37.31667,-83.96667,37.31667,-83.96667,,"Many structures received damage in the town of Annville. Four homes were destroyed and termed totaled. The tornado blew a tied down mobile home off its foundation then down a hill. A 38 year old female that was inside received serious injuries, the family pet was killed. Several other mobile homes were moved off their foundations 2 to 3 feet and one lost the roof. Several bricked and framed homes received moderate roof damage and two homes had their garages blown away. The green roof cafe received serious damage as 13 customers and employees took refuge in the bathrooms. Numerous trees were also uprooted in the path. Approximately 85 percent of all occupants impacted by the storm were insured.",KY,2000-07-14 20:00:00,2000-07-14 20:20:00,True,True
1100527,5155160,Colorado,87,Morgan,BOU,2000-07-12 15:27:00,MST,2000-07-12 15:27:00,0,0,0,0,0,0,STORM CHASER,F0,Unknown,0.1,25.0,,,,,40.16667,-103.61667,40.33333,-103.61667,,A small tornado touched down briefly but did no damage.,CO,2000-07-12 16:27:00,2000-07-12 16:27:00,True,True
1100578,5155278,North Carolina,53,Currituck,AKQ,2000-07-24 12:57:00,EST,2000-07-24 13:02:00,0,0,0,0,0,0,EMERGENCY MANAGER,F0,Unknown,0.5,25.0,,,,,36.38333,-75.81667,36.38333,-75.81667,,A waterspout that formed over Currituck Sound came ashore and crossed Currituck Beach before heading into the Atlantic Ocean. Winds were measured at 50 mph as the tornado passed near the Currituck Beach Lighthouse but no significant damage occurred.,NC,2000-07-24 13:57:00,2000-07-24 14:02:00,True,True
1099713,5155565,Florida,37,Franklin,TAE,2000-07-31 07:53:00,EST,2000-07-31 07:53:00,0,0,0,0,,,GENERAL PUBLIC,F0,Unknown,0.1,50.0,,,,,29.76667,-84.6,29.76667,-84.6,,A waterspout came ashore over Dog Island. No injuries or damage. Reported by the public and the Franklin County Sheriff.,FL,2000-07-31 08:53:00,2000-07-31 08:53:00,True,True
1100453,5155517,Idaho,1,Ada,BOI,2000-07-18 17:57:00,MST,2000-07-18 18:00:00,0,0,0,0,,,TRAINED SPOTTER,F0,Unknown,0.1,15.0,,,,,43.45,-116.45,43.45,-116.45,"Monsoonal moisture moving into Southeast Oregon and Southwest Idaho, coupled with a weak area of low pressure, initiated afternoon covection in Southeast Oregon. As the line of thunderstorms moved into Southwest Idaho, a thunderstorm outflow boundary collided with another strong cell in southern Ada county, generating a short-lived tornado. Three storm spotters independently witnessed the evolution and touchdown of the tornado, which was also confirmed by a follow-up storm survey. The tornado touched down on an unpopulated, barren butte and no injuries or damages were sustained. Prior to the tornado, high winds ripped through Canyon county with gusts to 60 mph. An old growth tree was snapped and several power lines were felled.",,ID,2000-07-18 18:57:00,2000-07-18 19:00:00,True,True
1100415,5155873,Minnesota,105,Nobles,FSD,2000-07-25 19:10:00,CST,2000-07-25 19:14:00,0,0,0,0,.15M,,NWS STORM SURVEY,F2,Unknown,3.0,200.0,,,,,43.63333,-96.05,43.66667,-96.0,,"A tornado damaged buildings, vehicles, and trees on a farm. The tornado destroyed the west side of the house, blew three grain bins away and wrapped them around trees. The tornado also blew the top of a barn off, killing at least 4 calves inside.",MN,2000-07-25 20:10:00,2000-07-25 20:14:00,True,True
1100416,5155874,Minnesota,105,Nobles,FSD,2000-07-25 19:15:00,CST,2000-07-25 19:15:00,0,0,0,0,,,GENERAL PUBLIC,F0,Unknown,0.1,50.0,,,,,43.63333,-95.95,43.63333,-95.95,,A brief tornado caused no reported damage.,MN,2000-07-25 20:15:00,2000-07-25 20:15:00,True,True
1100522,5154802,Colorado,75,Logan,BOU,2000-07-05 20:10:00,MST,2000-07-05 20:10:00,2,0,0,0,750K,,LAW ENFORCEMENT,F3,Unknown,6.0,1320.0,,,,,40.68333,-102.7,40.6,-102.71667,"A large and destructive tornado accompanied with hail, up to softball size, ripped through eastern Logan County. An 88-year old farmer and his wife received minor injuries when the tornado flattened their home. The elderly man spared from serious injury when the recliner he was sitting in flipped upside down; just before a wall caved in on top of him. The farmer suffered a cracked vertebra and a lacerated hand. In all, five farmsteads were either damaged or destroyed. Several structures were destroyed, including three homes and numerous outbuildings. One modular home was lifted up and dropped 50 feet away from its foundation. Numerous pieces of farm equipment including, machinery, stock trailers and vehicles were damaged or destroyed. Three square miles of corn crops and several trees were destroyed. Some livestock were also killed. The tornado snapped power poles and downed electrical lines between Holyoke and Fleming. Initial damage estimates to two properties alone were around $750,000.",,CO,2000-07-05 21:10:00,2000-07-05 21:10:00,True,True
1103894,5157496,Kansas,57,Ford,DDC,2000-10-20 17:35:00,CST,2000-10-20 17:45:00,0,0,0,0,,,NWS EMPLOYEE(OFF DUTY),F0,Unknown,1.0,100.0,,,,,37.66667,-100.11667,37.65,-100.13333,,Landspout moved southwest over open fields.,KS,2000-10-20 18:35:00,2000-10-20 18:45:00,True,True
1104041,5157626,Nebraska,41,Custer,LBF,2000-10-31 18:30:00,CST,2000-10-31 18:39:00,0,0,0,0,2M,,GENERAL PUBLIC,F2,Unknown,9.0,250.0,,,,,41.08333,-99.88333,41.18333,-99.78333,,The tornado moved out of Dawson county into south central Custer county 7 miles south southwest of Oconto. The tornado traveled across open rangeland until destroying a modular home 1 mile south of Oconto. The tornado then moved directly through the small community of Oconto producing extensive damage. Every building along main street was either damaged or destroyed. A community center was destroyed while 19 children and 4 adults were in the basement. Over half the homes in the small town suffered minor to major damage. The community was declared a disaster areas by the governor. The tornado knocked down a power line 2 miles north of Oconto before lifting.,NE,2000-10-31 18:30:00,2000-10-31 18:39:00,False,False
1102711,5157193,Florida,103,Pinellas,TBW,2000-08-12 12:50:00,EST,2000-08-12 12:55:00,0,0,0,0,500K,0,NWS STORM SURVEY,F0,60-70 mph,2.3,15.0,,,,,28.1,-82.78333,28.1,-82.75,,"A waterspout moved onshore as a small F0 tornado, estimated maximum winds of 60 to 70 mph, at Carlyle Circle on Indian Bluff Island, two miles northwest of Palm Harbor. The micro sized tornado moved southeast and caused sporadic roof tile, lanai, boat dock and tree damage along Arrow and Carlyle Drives. The tornado continued southeast and caused sporadic roof tile and tree damage along Phillips Way. The small tornado continued southeast and destroyed the rear lanai of a home and caused structural damage to the second floor lanai and rear roof of a second home at the intersection of Ocean View Avenue and the Pinellas Trail.The tornado track shifted slightly to an east-southeast direction and crossed U.S. Highway Alternate 19 at the intersection of De Soto Boulevard where it caused sporadic tree and roof tile damage. The micro sized tornado damage path shrank to less than 10 yards wide as it moved over a heavily tree filled subdivision north of County Road 816 (Alderman Road). The tornado snapped several pine trees and toppled a few large oak trees along a narrow path that traversed Enniswood Parkway, Enisgrove Drive North, Glenside Avenue, Glenwood Court, Crestwood Lane, Harvest Moon Drive, Rolling Woods Drive, Eaglenest, Lepprechaun Lane, Pine Hill Road before it lifted and dissipated near the intersection of Alderman and Belcher Roads.",FL,2000-08-12 13:50:00,2000-08-12 13:55:00,True,True
1103895,5157497,Kansas,185,Stafford,DDC,2000-10-24 17:30:00,CST,2000-10-24 17:33:00,0,0,0,0,,,EMERGENCY MANAGER,F0,Unknown,0.4,40.0,,,,,37.85,-98.75,37.85,-98.75,,Brief tornado was witnessed by many law enforcement and EMS personnel.,KS,2000-10-24 18:30:00,2000-10-24 18:33:00,True,True
1103896,5157498,Kansas,57,Ford,DDC,2000-10-25 15:26:00,CST,2000-10-25 15:33:00,0,0,0,0,,,TRAINED SPOTTER,F0,Unknown,1.5,150.0,,,,,37.73333,-99.8,37.7,-99.83333,,Tornado was filmed and photographed by several storm chasers. Bottom of the circulation moved southwest due to rain-cooled outflow.,KS,2000-10-25 16:26:00,2000-10-25 16:33:00,True,True
1104973,5159893,Alabama,19,Cherokee,BMX,2000-12-16 14:59:00,CST,2000-12-16 15:05:00,0,0,0,0,40K,0K,NWS STORM SURVEY,F3,Unknown,4.7,500.0,,,,,34.06667,-85.78333,34.11667,-85.73333,"Damage in Etowah and Cherokee counties was the result of an F3 tornado. The tornado track was 12.8 miles long and just over one quarter of a mile or about 500 yards wide at its widest point. The tornado touched down near Tidmore Bend, 5.3 miles east north east of the city of Gadsden, at 246 PM and lifted at 305 PM near Pollard Bend in Cherokee County. The tornado track was 8.1 miles in Etowah County and 4.7 miles in Cherokee County for a total of 12.8 miles.The most significant damage with the tornado was in the Coats Bend Community of Etowah County where 14 injuries occurred and approximately 250 homes were either totally destroyed or had major damage. Damage in Cherokee County was limited to downed trees and damage to a couple of structures. Beginning: 34 02.864/85 55.347 Ending: 34 06.877/85 42.900",,AL,2000-12-16 14:59:00,2000-12-16 15:05:00,False,False
1104446,5160020,Louisiana,25,Catahoula,JAN,2000-11-08 13:58:00,CST,2000-11-08 14:10:00,0,0,0,0,15K,,NWS STORM SURVEY,F2,Unknown,4.0,500.0,,,,,31.85,-91.66667,31.9,-91.6,,The garage of a house was significantly damaged. A shed and a trampoline were blown off of the property. The tornado exited Catahoula Parish and went into Franklin Parish.,LA,2000-11-08 13:58:00,2000-11-08 14:10:00,False,False
1104852,5160197,Idaho,1,Ada,BOI,2000-08-03 15:15:00,MST,2000-08-03 15:16:00,0,0,0,0,0,,NWS EMPLOYEE(OFF DUTY),F0,Unknown,0.0,0.0,,,,,43.53333,-116.21667,43.53333,-116.21667,A series of thunderstorms moved though the Treasure Valley with 4 confirmed tornadoes in Ada county. One of these tornadoes touched down near Hidden Springs with damage limited to 2 large trees being uprooted. The path of the tornado was 10 yards wide and less than one-tenth of a mile in length. Another touched down near the intersection of Lake Hazel Road and 5 Mile Road. Damage was confined to one home where a flag pole was bent in half and a 2x4 was imbedded in the outer wall of the home. No injuries occurred and damage estimates were unavailable. The other 2 tornadoes touched down briefly south of the airport in open country. These were observed by off-duty NWS meteorologists and a trained spotter. These tornadoes caused no damage.,,ID,2000-08-03 16:15:00,2000-08-03 16:16:00,True,True
1104852,5160198,Idaho,1,Ada,BOI,2000-08-03 15:33:00,MST,2000-08-03 15:34:00,0,0,0,0,0,,TRAINED SPOTTER,F0,Unknown,0.1,10.0,,,,,43.5,-116.21667,43.5,-116.21667,A series of thunderstorms moved though the Treasure Valley with 4 confirmed tornadoes in Ada county. One of these tornadoes touched down near Hidden Springs with damage limited to 2 large trees being uprooted. The path of the tornado was 10 yards wide and less than one-tenth of a mile in length. Another touched down near the intersection of Lake Hazel Road and 5 Mile Road. Damage was confined to one home where a flag pole was bent in half and a 2x4 was imbedded in the outer wall of the home. No injuries occurred and damage estimates were unavailable. The other 2 tornadoes touched down briefly south of the airport in open country. These were observed by off-duty NWS meteorologists and a trained spotter. These tornadoes caused no damage.,,ID,2000-08-03 16:33:00,2000-08-03 16:34:00,True,True
1104852,5160285,Idaho,1,Ada,BOI,2000-08-03 15:48:00,MST,2000-08-03 15:50:00,0,0,0,0,,,BROADCAST MEDIA,F0,Unknown,0.1,10.0,,,,,43.56667,-116.28333,43.56667,-116.28333,A series of thunderstorms moved though the Treasure Valley with 4 confirmed tornadoes in Ada county. One of these tornadoes touched down near Hidden Springs with damage limited to 2 large trees being uprooted. The path of the tornado was 10 yards wide and less than one-tenth of a mile in length. Another touched down near the intersection of Lake Hazel Road and 5 Mile Road. Damage was confined to one home where a flag pole was bent in half and a 2x4 was imbedded in the outer wall of the home. No injuries occurred and damage estimates were unavailable. The other 2 tornadoes touched down briefly south of the airport in open country. These were observed by off-duty NWS meteorologists and a trained spotter. These tornadoes caused no damage.,,ID,2000-08-03 16:48:00,2000-08-03 16:50:00,True,True
1104852,5160286,Idaho,1,Ada,BOI,2000-08-03 15:51:00,MST,2000-08-03 15:52:00,0,0,0,0,,,NWS STORM SURVEY,F0,Unknown,0.1,10.0,,,,,43.76667,-116.26667,43.76667,-116.26667,A series of thunderstorms moved though the Treasure Valley with 4 confirmed tornadoes in Ada county. One of these tornadoes touched down near Hidden Springs with damage limited to 2 large trees being uprooted. The path of the tornado was 10 yards wide and less than one-tenth of a mile in length. Another touched down near the intersection of Lake Hazel Road and 5 Mile Road. Damage was confined to one home where a flag pole was bent in half and a 2x4 was imbedded in the outer wall of the home. No injuries occurred and damage estimates were unavailable. The other 2 tornadoes touched down briefly south of the airport in open country. These were observed by off-duty NWS meteorologists and a trained spotter. These tornadoes caused no damage.,,ID,2000-08-03 16:51:00,2000-08-03 16:52:00,True,True
1104990,5159768,Alabama,105,Perry,BMX,2000-12-16 13:29:00,CST,2000-12-16 13:31:00,0,0,0,0,4K,0K,GENERAL PUBLIC,F0,Unknown,0.7,30.0,,,,,32.55,-87.2,32.55,-87.18333,,"A weak tornado briefly touched down just north of the city of Suttle. The tornado was briefly on the ground as it crossed SR 14 between Suttle and Radford, in rural southeast Perry County. Several trees were snapped off or blown over along the short path. This tornado occurred at the apex of a bowing line of thunderstorms. Beginning: 32 33.208/87 11.931 Ending: 32 33.452/87 10.977",AL,2000-12-16 13:29:00,2000-12-16 13:31:00,False,False
1104991,5159769,Alabama,15,Calhoun,BMX,2000-12-16 15:17:00,CST,2000-12-16 15:18:00,0,0,0,0,0K,0K,EMERGENCY MANAGER,F0,Unknown,0.3,20.0,,,,,33.6,-85.95,33.6,-85.95,,A weak tornado briefly touched down near Bynum. The emergency management reported that the tornado caused little or no damage. Dime size hail was also reported with this storm. Beginning: 33 36.499/85 56.621 Ending: 33 36.576/85 56.340,AL,2000-12-16 15:17:00,2000-12-16 15:18:00,False,False
1104185,5159929,Kentucky,57,Cumberland,LMK,2000-11-09 14:40:00,EST,2000-11-09 14:40:00,0,0,0,0,150K,,LAW ENFORCEMENT,F1,Unknown,2.0,75.0,,,,,36.76667,-85.38333,36.8,-85.38333,"Numerous trees and power lines were reported down in most every county mentioned. Most of the property damage was in the form of roof damage, or minor damage caused by flying debris. Besides the tornadoes reported, there was some extensive property damage due to straight line winds, though. One mobile home was destroyed and two were damaged by straight line winds near Mt. Sherman in Larue County. A roof was caved in at a lumber company in Bowling Green in Warren County. In Liberty in Casey County, part of the roof of a concrete company was blown off. Georgetown in Scott county had extensive damage; an 80 foot radio tower was blown over on to a house, propane tanks and cars were overturned, and power poles were snapped.",Roofs were ripped from several homes and storage buildings. Several barns were demolished. Part of a roof was ripped off an elementary school.,KY,2000-11-09 14:40:00,2000-11-09 14:40:00,False,False
1104369,5160033,North Dakota,15,Burleigh,BIS,2000-11-01 13:55:00,CST,2000-11-01 14:05:00,2,0,0,0,,,LAW ENFORCEMENT,F1,Unknown,3.0,50.0,,,,,46.88333,-100.76667,46.93333,-100.85,,Tornado touched down near highway 83 in north Bismarck and traveled in a west..northwest direction. Forty two homes sustained minor to moderate damage and injuring two people.,ND,2000-11-01 13:55:00,2000-11-01 14:05:00,False,False
1104770,5160081,Texas,89,Colorado,HGX,2000-11-12 13:36:00,CST,2000-11-12 13:36:00,0,0,0,0,25K,,LAW ENFORCEMENT,F0,Unknown,0.5,50.0,,,,,29.68333,-96.7,29.68333,-96.7,,Tree down on FM 109 with roof damage to barn.,TX,2000-11-12 13:36:00,2000-11-12 13:36:00,False,False
1104770,5160083,Texas,15,Austin,HGX,2000-11-12 15:45:00,CST,2000-11-12 15:45:00,0,0,0,0,15K,,NWS STORM SURVEY,F0,Unknown,0.5,50.0,,,,,30.01667,-96.23333,30.01667,-96.23333,,Damage to roof of barn.,TX,2000-11-12 15:45:00,2000-11-12 15:45:00,False,False
1104505,5160153,Alabama,3,Baldwin,MOB,2000-11-08 11:50:00,CST,2000-11-08 11:55:00,0,0,0,0,200K,,GENERAL PUBLIC,F1,Unknown,2.5,200.0,,,,,30.51667,-87.9,30.51667,-87.9,,"A tornado, the third in Baldwin county in a 45 minute time period, developed and followed a path very similar to a weaker tornado that occurred about 20 minutes earlier. This tornado touched down near the intersection of Highway 27 and Highway 32, moved northeast into the Woodmere subdivision (the same subdivision affected by a weaker tornado some 20 minutes earlier). This tornado produced moderate roof and structural damage to several homes in the Woodmere subdivision. The tornado then continued northeast into the Quail Creek subdivision, where it produced minor damage to a few homes, mainly to garage doors. The damage path through the two subdivisions was intermittent, suggesting that the tornado skipped across the ground. As the tornado moved out of the Quail Creek subdivision, it lifted off the ground, but continued moving northeast as a funnel cloud. Reports of a funnel cloud, not in contact with the ground, were received as the parent thunderstorm moved northeast toward Interstate 10 and then east of Bay Minette. No additional damage was reported.",AL,2000-11-08 11:50:00,2000-11-08 11:55:00,False,False
1104370,5160034,North Dakota,15,Burleigh,BIS,2000-11-01 14:33:00,CST,2000-11-01 15:00:00,0,0,0,0,55K,,TRAINED SPOTTER,F2,Unknown,5.0,100.0,,,,,46.95,-100.76667,46.93333,-100.96667,,Tornado touched down in a sparsely developed area in open country along highway 1804. The tornado skipped in a west..northwest direction. One home was heavily damaged. Several bales of hay were destroyed. The tornado crossed the Missouri River into Morton county.,ND,2000-11-01 14:33:00,2000-11-01 15:00:00,False,False
1104371,5160035,North Dakota,15,Burleigh,BIS,2000-11-01 15:05:00,CST,2000-11-01 15:05:00,0,0,0,0,,,LAW ENFORCEMENT,F0,Unknown,2.0,40.0,,,,,47.15,-100.86667,47.16667,-100.85,,Tornado touched down in open country and moved in a west northwest direction. The tornado remained in open country moving into McLean county.,ND,2000-11-01 15:05:00,2000-11-01 15:05:00,False,False
1104372,5160036,North Dakota,55,Mclean,BIS,2000-11-01 15:05:00,CST,2000-11-01 15:20:00,0,0,0,0,,,LAW ENFORCEMENT,F0,Unknown,6.0,40.0,,,,,47.13333,-100.8,47.2,-100.9,,Tornado originated in Burleigh county before moving into southeast McLean county. The tornado skipped across the country side damaging several power poles.,ND,2000-11-01 15:05:00,2000-11-01 15:20:00,False,False
1104373,5160037,North Dakota,59,Morton,BIS,2000-11-01 15:43:00,CST,2000-11-01 15:58:00,0,0,0,0,,,LAW ENFORCEMENT,F0,Unknown,12.0,40.0,,,,,46.85,-101.35,46.95,-101.55,,Tornado touched down in open country skipping in a west northwest direction. The tornado remained in open country.,ND,2000-11-01 15:43:00,2000-11-01 15:58:00,False,False
1104132,5160241,Kansas,63,Gove,GLD,2000-10-28 12:20:00,CST,2000-10-28 12:25:00,0,0,0,0,,,LAW ENFORCEMENT,F1,Unknown,2.0,75.0,,,,,38.83333,-100.48333,38.86667,-100.48333,,"Tornado completely destroyed mobile home. Fences were torn out, and 2 utility poles were broken off along Highway 23.",KS,2000-10-28 13:20:00,2000-10-28 13:25:00,True,True
1104119,5159819,Texas,355,Nueces,CRP,2000-10-06 15:00:00,CST,2000-10-06 15:00:00,0,0,0,0,,,TRAINED SPOTTER,F0,Unknown,0.1,0.1,,,,,27.81667,-97.66667,27.81667,-97.66667,"As a thunderstorm moved south through San Patricio County, several funnel clouds were spotted by local law enforcement. When the storm moved into Nueces County, a tornado briefly touched down along the US-77 bypass north of Robstown. No damage or injuries were reported.",,TX,2000-10-06 16:00:00,2000-10-06 16:00:00,True,True
1104504,5160152,Alabama,3,Baldwin,MOB,2000-11-08 11:25:00,CST,2000-11-08 11:30:00,0,0,0,0,10K,,GENERAL PUBLIC,F0,Unknown,1.0,100.0,,,,,30.51667,-87.9,30.51667,-87.9,,"A tornado, the second in Baldwin county in a 20 minute time period, formed just south of Fairhope. The tornado touched down just south of the intersection of Highway 27 and Highway 32, narrowly missing a trailer park and a nearby school, but producing some tree damage and minor damage to one trailer just south of the intersection. The tornado then skipped along Highway 27 for about one mile, where it caused minor damage to one home in the Woodmere subdivision.",AL,2000-11-08 11:25:00,2000-11-08 11:30:00,False,False
1104185,5159938,Kentucky,229,Washington,LMK,2000-11-09 15:10:00,EST,2000-11-09 15:10:00,1,0,0,0,10K,,NEWSPAPER,F1,Unknown,1.5,75.0,,,,,37.85,-85.06667,37.86667,-85.03333,"Numerous trees and power lines were reported down in most every county mentioned. Most of the property damage was in the form of roof damage, or minor damage caused by flying debris. Besides the tornadoes reported, there was some extensive property damage due to straight line winds, though. One mobile home was destroyed and two were damaged by straight line winds near Mt. Sherman in Larue County. A roof was caved in at a lumber company in Bowling Green in Warren County. In Liberty in Casey County, part of the roof of a concrete company was blown off. Georgetown in Scott county had extensive damage; an 80 foot radio tower was blown over on to a house, propane tanks and cars were overturned, and power poles were snapped.","A resident observed a funnel cloud before taking shelter. The tornado blew in his back door, shattering the glass. The man was injured by flying glass.",KY,2000-11-09 15:10:00,2000-11-09 15:10:00,False,False
1104507,5160155,Alabama,97,Mobile,MOB,2000-11-24 10:40:00,CST,2000-11-24 10:45:00,0,0,0,0,10K,,NWS STORM SURVEY,F0,Unknown,0.2,200.0,,,,,30.68333,-88.23333,30.68333,-88.23333,,"A weak tornado developed just to the west of the Mobile Regional Airport, touching down along Newman Road. The brief tornado touchdown produced some minor shingle damage to the roofs of a couple of homes, minor damage to a few tin out buildings, and downed a couple of trees and a few power lines.",AL,2000-11-24 10:40:00,2000-11-24 10:45:00,False,False
1105000,5160301,Alabama,111,Randolph,BMX,2000-12-16 18:19:00,CST,2000-12-16 18:19:00,0,0,0,0,5K,0K,EMERGENCY MANAGER,F0,Unknown,1.0,40.0,,,,,33.21667,-85.36667,33.21667,-85.35,,Numerous trees were blown down along the short path of this tornado. No injuries were reported as the tornado remained in mostly rural areas.Beginning: 33 15.540/85 21.287 Ending: 33 16.020/85 20.414,AL,2000-12-16 18:19:00,2000-12-16 18:19:00,False,False
1104185,5160326,Kentucky,239,Woodford,LMK,2000-11-09 15:34:00,EST,2000-11-09 15:34:00,0,0,0,0,3K,,EMERGENCY MANAGER,F1,Unknown,0.8,75.0,,,,,38.06667,-84.75,38.06667,-84.73333,"Numerous trees and power lines were reported down in most every county mentioned. Most of the property damage was in the form of roof damage, or minor damage caused by flying debris. Besides the tornadoes reported, there was some extensive property damage due to straight line winds, though. One mobile home was destroyed and two were damaged by straight line winds near Mt. Sherman in Larue County. A roof was caved in at a lumber company in Bowling Green in Warren County. In Liberty in Casey County, part of the roof of a concrete company was blown off. Georgetown in Scott county had extensive damage; an 80 foot radio tower was blown over on to a house, propane tanks and cars were overturned, and power poles were snapped.","Two transformer poles about 18 inches thick were snapped off about 10 feet off the ground. Several other poles were shifted in the ground. Near that location, a man reported his truck being lifted about six inches off the ground.",KY,2000-11-09 15:34:00,2000-11-09 15:34:00,False,False
1104339,5160309,Texas,55,Caldwell,EWX,2000-11-12 13:45:00,CST,2000-11-12 13:47:00,0,0,0,0,20K,0,LAW ENFORCEMENT,F0,Unknown,0.5,30.0,,,,,29.85,-97.66667,29.86667,-97.66667,,The Sheriff's Department reported that a small and short-lived tornado knocked over trees and power lines just south of Lockhart.,TX,2000-11-12 13:45:00,2000-11-12 13:47:00,False,False
1104340,5160310,Texas,21,Bastrop,EWX,2000-11-12 13:50:00,CST,2000-11-12 13:52:00,0,0,0,0,10K,0,NWS STORM SURVEY,F0,Unknown,1.0,30.0,,,,,29.93333,-97.3,29.93333,-97.3,,A small and short-lived tornado was observed by the owner of a gas station as it dipped down and damaged the pump area. The tornado moved across a road and blew down trees near a school. It then lifted and dissipated.,TX,2000-11-12 13:50:00,2000-11-12 13:52:00,False,False
1104341,5160311,Texas,149,Fayette,EWX,2000-11-12 14:05:00,CST,2000-11-12 14:07:00,0,0,0,0,0,0,NWS STORM SURVEY,F0,Unknown,0.2,20.0,,,,,29.95,-97.01667,29.95,-97.01667,,A woman reported seeing a small tornado as it dipped down out of the clouds near West Point and damaged several trees. The very brief tornado then lifted and dissipated.,TX,2000-11-12 14:05:00,2000-11-12 14:07:00,False,False
1104342,5160312,Texas,177,Gonzales,EWX,2000-11-12 15:35:00,CST,2000-11-12 15:37:00,0,0,0,0,0,0,GENERAL PUBLIC,F0,Unknown,0.3,20.0,,,,,29.51667,-97.3,29.51667,-97.3,,A small and short-lived tornado was observed by the public as it touched down in an open field. It caused no damage.,TX,2000-11-12 15:35:00,2000-11-12 15:37:00,False,False
1104995,5160295,Alabama,79,Lawrence,BMX,2000-12-16 12:25:00,CST,2000-12-16 12:30:00,0,0,0,0,0K,0K,NWS STORM SURVEY,F0,Unknown,3.7,30.0,,,,,34.71667,-87.23333,34.75,-87.18333,"The tornado first touched down in Lawrence County northeast of Courtland in open farm land. It traveled northeast into Limestone County crossing the Tennessee river and causing damage about 2.9 miles south of Coxey in southwest Limestone County. The tornado travelled approximately a half mile on land in Limestone County before dissipating rapidly. One house lost a portion of a roof, two other homes sustained damage from falling trees, several boat houses and out-buildings were destroyed, and numerous large trees were downed. The survey team could find no damage in Lawrence County, however, two people photographed the tornado, one on the east side of Courtland looking northeast and one at Poplar Point in Limestone County looking northwest as it came ashore on the Limestone County side of the river.Beginning: 34 42.569/87 13.850 Ending: 34 45.874/87 10.228",,AL,2000-12-16 12:25:00,2000-12-16 12:30:00,False,False
1104995,5160296,Alabama,83,Limestone,BMX,2000-12-16 12:30:00,CST,2000-12-16 12:31:00,0,0,0,0,95K,0K,NWS STORM SURVEY,F1,Unknown,1.4,40.0,,,,,34.73333,-87.18333,34.75,-87.16667,"The tornado first touched down in Lawrence County northeast of Courtland in open farm land. It traveled northeast into Limestone County crossing the Tennessee river and causing damage about 2.9 miles south of Coxey in southwest Limestone County. The tornado travelled approximately a half mile on land in Limestone County before dissipating rapidly. One house lost a portion of a roof, two other homes sustained damage from falling trees, several boat houses and out-buildings were destroyed, and numerous large trees were downed. The survey team could find no damage in Lawrence County, however, two people photographed the tornado, one on the east side of Courtland looking northeast and one at Poplar Point in Limestone County looking northwest as it came ashore on the Limestone County side of the river.Beginning: 34 42.569/87 13.850 Ending: 34 45.874/87 10.228",,AL,2000-12-16 12:30:00,2000-12-16 12:31:00,False,False
1104996,5160297,Alabama,83,Limestone,BMX,2000-12-16 12:38:00,CST,2000-12-16 12:44:00,0,0,0,0,150K,0K,NWS STORM SURVEY,F2,Unknown,4.8,60.0,,,,,34.85,-87.05,34.86667,-86.98333,,A second tornado began 5.1 miles west-northwest of Athens just south of O'Neal. The tornado travelled in a northeasterly direction crossing SR 99 where several houses were damaged heavily. Continuing northeast the tornado crossed CR 63 and damaged several houses and destroyed three mobile homes just south of Cross Key. The tornado then crossed CR 26 and SR 127 before dissipating about 5.0 miles north of Athens. The tornado was rated an F2 with no known injuries reported. The total tornado path was 4.8 miles long and about 60 yards wide. The tornado began at 12:38 PM and dissipated at 12:44 PM. Beginning: 34 50.326/87 03.032 Ending: 34 52.552/86 58.748,AL,2000-12-16 12:38:00,2000-12-16 12:44:00,False,False
1104769,5159613,Texas,339,Montgomery,HGX,2000-11-05 23:15:00,CST,2000-11-05 23:15:00,0,0,0,0,25K,,NWS STORM SURVEY,F1,Unknown,0.5,50.0,,,,,30.31667,-95.45,30.31667,-95.45,,Trees down in Carriage Hill subdivision.,TX,2000-11-05 23:15:00,2000-11-05 23:15:00,False,False
1104770,5160091,Texas,201,Harris,HGX,2000-11-12 16:20:00,CST,2000-11-12 16:20:00,0,0,0,0,15K,,EMERGENCY MANAGER,F0,Unknown,0.5,50.0,,,,,30.03333,-95.85,30.03333,-95.85,,Trees down on FM 2920.,TX,2000-11-12 16:20:00,2000-11-12 16:20:00,False,False
1104129,5160236,Texas,133,Eastland,FWD,2000-10-22 11:40:00,CST,2000-10-22 11:42:00,0,0,0,0,25K,,LAW ENFORCEMENT,F0,Unknown,2.5,20.0,,,,,32.23333,-98.55,32.26667,-98.53333,"October 22 Episode NarrativeIsolated thunderstorms developed across North Texas. Many areas remained dry, but some locations received rain amounts in excess of 1 inch. One particularly intense cell moved through Eastland county, spawning a tornado which did some damage as it moved across the area. Another cell moved across the eastern portions of Tarrant county, causing some damage to trees.","A tornado touched down just south of town and moved north-northeast with intermittent touchdowns for 2.5 miles. Damage was done to an abandoned turkey barn, three sheds, a house, a mobile home, a car and power lines.",TX,2000-10-22 12:40:00,2000-10-22 12:42:00,True,True
1104136,5160692,Kansas,199,Wallace,GLD,2000-10-31 14:15:00,MST,2000-10-31 14:32:00,0,0,0,0,,,NWS STORM SURVEY,F1,Unknown,5.0,225.0,,,,,39.05,-102.06667,39.13333,-101.96667,,Large tornado as it approached Wallace-Sherman County Line. A few utility poles were ripped out by tornado before it moved into Sherman County.,KS,2000-10-31 14:15:00,2000-10-31 14:32:00,False,False
1104136,5160693,Kansas,181,Sherman,GLD,2000-10-31 14:32:00,MST,2000-10-31 14:51:00,0,0,0,0,,,NWS STORM SURVEY,F2,Unknown,7.0,250.0,,,,,39.15,-101.98333,39.23333,-101.88333,,"Tornado destroyed abandoned house and garage as it entered southwest Sherman County from Wallace County. Tornado also ripped out utility poles and trees. It was likely the widest just after crossing the county line, and was briefly described as an ""elephant trunk"" tornado by storm spotters.",KS,2000-10-31 14:32:00,2000-10-31 14:51:00,False,False
1104136,5160694,Kansas,39,Decatur,GLD,2000-10-31 16:38:00,CST,2000-10-31 16:43:00,0,0,0,0,,,STORM CHASER,F1,Unknown,4.0,125.0,,,,,39.9,-100.41667,39.93333,-100.35,,"Tornado tore off several roofs, including a patio, machine shed, and calf barn. Tornado lifted shortly before crossing the State Line.",KS,2000-10-31 16:38:00,2000-10-31 16:43:00,False,False
1104120,5159820,Texas,469,Victoria,CRP,2000-10-22 11:01:00,CST,2000-10-22 11:06:00,0,0,0,0,,,LAW ENFORCEMENT,F0,Unknown,0.3,0.1,,,,,28.8,-97.03333,28.8,-97.03333,"Victoria Police reported a funnel cloud at 12pm CDT near Farm to Market 236, then reported a tornado touchdown one minute later. Tornado tracked through a wooded area. A NWS Storm Survey Team reported tree limbs were seen in the air, and several trees were knocked down. No other damage or injuries were reported.",,TX,2000-10-22 12:01:00,2000-10-22 12:06:00,True,True
1104873,5159903,Mississippi,117,Prentiss,MEG,2000-11-08 16:47:00,CST,2000-11-08 16:50:00,0,0,0,0,.5K,,LAW ENFORCEMENT,F0,Unknown,1.0,10.0,,,,,34.53333,-88.6,34.53333,-88.6,,A tornado briefly touched down in the southern part of Prentiss county producing little damage.,MS,2000-11-08 16:47:00,2000-11-08 16:50:00,False,False
1104503,5160570,Alabama,3,Baldwin,MOB,2000-11-08 11:05:00,CST,2000-11-08 11:10:00,0,0,0,0,150K,,NWS EMPLOYEE(OFF DUTY),F1,Unknown,1.0,100.0,,,,,30.41667,-87.68333,30.41667,-87.68333,,"A low topped thunderstorm produced a brief F1 tornado about 1 mile Southeast of the community. The tornado first touched down in the Leisure Lakes subdivision causing minor roof damage to a few homes. The tornado then moved Northeast into the neighboring Glen Lakes subdivision, where it intensified and caused moderate roof and structural damage to several homes. The tornado then lifted back into the thunderstorm cloud.",AL,2000-11-08 11:05:00,2000-11-08 11:10:00,False,False
1104446,5160021,Louisiana,41,Franklin,JAN,2000-11-08 14:10:00,CST,2000-11-08 14:20:00,0,0,0,0,5K,,NWS STORM SURVEY,F2,Unknown,5.0,500.0,,,,,31.93333,-91.6,31.98333,-91.53333,,The tornado moved out of Catahoula Parish and blew down numerous trees in a rural area of extreme southeastern Franklin Parish. The tornado then moved into west central Tensas Parish.,LA,2000-11-08 14:10:00,2000-11-08 14:20:00,False,False
1104446,5160022,Louisiana,107,Tensas,JAN,2000-11-08 14:20:00,CST,2000-11-08 14:43:00,0,0,0,0,150K,,NWS STORM SURVEY,F2,Unknown,16.0,600.0,,,,,31.95,-91.53333,32.1,-91.35,,"This tornado moved out of extreme southeastern Franklin Parish into west central Tensas Parish. The tornado completely destroyed a mobile home. Four houses were heavily damaged, including a brick home. Several people in the brick home received minor injuries. Several deer camps were heavily damaged or destroyed. Several farm buildings sustained damage. Numerous trees were blown down along the path of the storm. This tornado, which had tracked a total of 25 miles across portions of Catahoula, Franklin, and Tensas Parishes, dissipated in Tensas Parish about five miles east of Newlight.",LA,2000-11-08 14:20:00,2000-11-08 14:43:00,False,False
1104258,5160219,California,73,San Diego,SGX,2000-11-10 09:30:00,PST,2000-11-10 09:33:00,0,0,0,0,73K,,LAW ENFORCEMENT,F1,Unknown,0.4,30.0,,,,,32.95,-117.01667,32.95,-117.0,"Small hail preceded the tornado. One resident reported hearing an ""eerie, low-moaning sound."" Several residents observed the funnel passing overhead, moving from west to east. The debris path and the opposing direction of fall of two uprooted cypress trees also supported cyclonic rotation. Several roofs had composite shingles, clay tiles, and underlying sheathing pulled off. Wooden fences were blown down. One small car and one full-size pickup were lifted and moved 2-4 feet sideways.",,CA,2000-11-10 09:30:00,2000-11-10 09:33:00,False,False
1104343,5160313,Texas,285,Lavaca,EWX,2000-11-12 15:45:00,CST,2000-11-12 15:46:00,0,0,0,0,0,0,LAW ENFORCEMENT,F0,Unknown,0.3,20.0,,,,,29.58333,-97.06667,29.58333,-97.06667,,A small tornado was observed as it touched down ery briefly in an open field just east of Moulton. It caused no damage.,TX,2000-11-12 15:45:00,2000-11-12 15:46:00,False,False
1104344,5160314,Texas,21,Bastrop,EWX,2000-11-12 15:45:00,CST,2000-11-12 15:46:00,0,0,0,0,0,0,GENERAL PUBLIC,F0,Unknown,0.3,20.0,,,,,30.35,-97.36667,30.35,-97.36667,,A small and short-lived tornado was observed by the public near Elgin. It caused no damage.,TX,2000-11-12 15:45:00,2000-11-12 15:46:00,False,False
1104347,5160673,Texas,285,Lavaca,EWX,2000-11-12 17:35:00,CST,2000-11-12 17:36:00,0,0,0,0,0,0,EMERGENCY MANAGER,F0,Unknown,0.3,20.0,,,,,29.5,-96.95,29.5,-96.95,,A small and short-lived tornado was observed by the public in an open field just north of Hallettsville. No damage was indicated.,TX,2000-11-12 17:35:00,2000-11-12 17:36:00,False,False
1104348,5160674,Texas,177,Gonzales,EWX,2000-11-12 17:50:00,CST,2000-11-12 17:51:00,0,0,0,0,5K,0,GENERAL PUBLIC,F0,Unknown,0.2,20.0,,,,,29.28333,-97.4,29.28333,-97.4,,A small and short-lived tornado touched down briefly in the Cheapside community. It damage about a dozen trees but caused no other damage.,TX,2000-11-12 17:50:00,2000-11-12 17:51:00,False,False
1104349,5160675,Texas,285,Lavaca,EWX,2000-11-12 18:10:00,CST,2000-11-12 18:12:00,0,0,0,0,10K,0,NWS STORM SURVEY,F0,Unknown,0.5,30.0,,,,,29.38333,-97.23333,29.38333,-97.21667,,A small tornado was observed by Sheriff's Deputies as it touched down just west of Shiner. The tornado knocked over several trees but caused no other damage.,TX,2000-11-12 18:10:00,2000-11-12 18:12:00,False,False
1104450,5160026,Louisiana,103,St. Tammany,LIX,2000-11-06 13:55:00,CST,2000-11-06 13:55:00,0,0,0,0,65K,,NWS STORM SURVEY,F1,Unknown,1.0,30.0,,,,,30.26667,-89.78333,30.26667,-89.78333,,"A weak tornado touched down in a subdivision on the western portion of Slidell. The tornado blew down or heavily damaged dozens of trees and several utility poles. Approximately 20 homes were damaged, mainly from fallen trees and large tree limbs.",LA,2000-11-06 13:55:00,2000-11-06 13:55:00,False,False
1104136,5160679,Kansas,193,Thomas,GLD,2000-10-31 15:16:00,CST,2000-10-31 15:16:00,0,0,0,0,,,NWS EMPLOYEE(OFF DUTY),F0,Unknown,0.3,50.0,,,,,39.28333,-100.86667,39.28333,-100.86667,,Brief tornado that caused no damage.,KS,2000-10-31 15:16:00,2000-10-31 15:16:00,False,False
1104136,5160680,Kansas,181,Sherman,GLD,2000-10-31 15:01:00,MST,2000-10-31 15:02:00,0,0,0,0,,,STORM CHASER,F0,Unknown,0.5,100.0,,,,,39.36667,-101.8,39.36667,-101.8,,Brief tornado in open field causing no damage.,KS,2000-10-31 15:01:00,2000-10-31 15:02:00,False,False
1104136,5160687,Kansas,39,Decatur,GLD,2000-10-31 15:59:00,CST,2000-10-31 16:05:00,0,0,0,0,,,LAW ENFORCEMENT,F0,Unknown,2.5,75.0,,,,,39.56667,-100.65,39.6,-100.63333,,Tornado that had developed near the Thomas-Sheridan County Line dissipated shortly after entering southwest Decatur County. No damage noted along its path.,KS,2000-10-31 15:59:00,2000-10-31 16:05:00,False,False
1104136,5160688,Kansas,179,Sheridan,GLD,2000-10-31 15:54:00,CST,2000-10-31 15:59:00,0,0,0,0,,,LAW ENFORCEMENT,F0,Unknown,2.0,75.0,,,,,39.53333,-100.68333,39.56667,-100.66667,,"Tornado moved through extreme northwest corner of Sheridan County. The tornado traveled from Thomas County, then quickly exited into Decatur County.",KS,2000-10-31 15:54:00,2000-10-31 15:59:00,False,False
1104185,5159936,Kentucky,229,Washington,LMK,2000-11-09 14:55:00,EST,2000-11-09 14:55:00,0,0,0,0,20K,,LAW ENFORCEMENT,F1,Unknown,2.0,75.0,,,,,37.7,-85.25,37.71667,-85.23333,"Numerous trees and power lines were reported down in most every county mentioned. Most of the property damage was in the form of roof damage, or minor damage caused by flying debris. Besides the tornadoes reported, there was some extensive property damage due to straight line winds, though. One mobile home was destroyed and two were damaged by straight line winds near Mt. Sherman in Larue County. A roof was caved in at a lumber company in Bowling Green in Warren County. In Liberty in Casey County, part of the roof of a concrete company was blown off. Georgetown in Scott county had extensive damage; an 80 foot radio tower was blown over on to a house, propane tanks and cars were overturned, and power poles were snapped.",A barn was destroyed and a post was pulled out of the ground along with the concrete base. The barn owner reported seeing a funnel cloud before impact.,KY,2000-11-09 14:55:00,2000-11-09 14:55:00,False,False
1104992,5160292,Alabama,1,Autauga,BMX,2000-12-16 16:55:00,CST,2000-12-16 16:56:00,0,0,0,0,0K,0K,EMERGENCY MANAGER,F0,Unknown,0.2,20.0,,,,,32.55,-86.43333,32.55,-86.43333,,A weak tornado touched down briefly near CR 87 southeast of Pine Level. The emergency management agency reported a brief touched with little or no damage in a rural area in eastern Autauga County. Beginning: 32 32.798/86 25.936 Ending: 32 32.888/86 25.734,AL,2000-12-16 16:55:00,2000-12-16 16:56:00,False,False
1104185,5159426,Kentucky,99,Hart,LMK,2000-11-09 14:06:00,EST,2000-11-09 14:06:00,0,0,0,0,75K,,EMERGENCY MANAGER,F1,Unknown,2.0,70.0,,,,,37.33333,-86.13333,37.36667,-86.13333,"Numerous trees and power lines were reported down in most every county mentioned. Most of the property damage was in the form of roof damage, or minor damage caused by flying debris. Besides the tornadoes reported, there was some extensive property damage due to straight line winds, though. One mobile home was destroyed and two were damaged by straight line winds near Mt. Sherman in Larue County. A roof was caved in at a lumber company in Bowling Green in Warren County. In Liberty in Casey County, part of the roof of a concrete company was blown off. Georgetown in Scott county had extensive damage; an 80 foot radio tower was blown over on to a house, propane tanks and cars were overturned, and power poles were snapped.",Two buildings were lifted up and moved greater than 50 yards. A tractor trailer was deposited on a car.,KY,2000-11-09 14:06:00,2000-11-09 14:06:00,False,False
1102372,5156913,South Dakota,49,Faulk,ABR,2000-08-04 22:00:00,CST,2000-08-04 22:03:00,0,0,0,0,,,NWS STORM SURVEY,F0,Unknown,0.1,30.0,,,,,45.03333,-99.13333,45.03333,-99.13333,,"A tornado touched down on the east side of Faulkton and tipped over and severely damaged the new press box and bleachers at the ball field. The tornado also knocked down some light poles and destroyed a hanger, an airplane, and a gyrocopter at the airport.",SD,2000-08-04 23:00:00,2000-08-04 23:03:00,True,True
1102803,5156956,Idaho,23,Butte,PIH,2000-09-01 15:30:00,MST,2000-09-01 15:35:00,0,0,0,0,,,GENERAL PUBLIC,F0,Unknown,2.0,10.0,,,,,43.55,-113.18333,43.55,-113.18333,,This was a weak tornado that touched down in a remote area and caused no damage.,ID,2000-09-01 16:30:00,2000-09-01 16:35:00,True,True
1103897,5157598,Kansas,69,Gray,DDC,2000-10-27 17:13:00,CST,2000-10-27 17:16:00,0,0,0,0,,,NWS EMPLOYEE(OFF DUTY),F0,Unknown,0.2,80.0,,,,,37.83333,-100.4,37.83333,-100.4,,Transparent landspout was photographed by off duty Meteorologist.,KS,2000-10-27 18:13:00,2000-10-27 18:16:00,True,True
1104014,5157573,Florida,81,Manatee,TBW,2000-09-09 11:35:00,EST,2000-09-09 11:35:00,0,0,0,0,2K,0,GENERAL PUBLIC,F0,Unknown,0.1,5.0,,,,,27.45,-82.61667,27.45,-82.61667,,"The public reported, through the Manatee County Emergency Management and print media, that a very small tornado (gustnado) briefly touched downed and damaged a home roof awning and destroyed a metal pole and tarp canopy of a Wal-Mart store on the 5300 block of West Cortez Road in Bradenton.",FL,2000-09-09 12:35:00,2000-09-09 12:35:00,True,True
1103924,5157537,Nebraska,125,Nance,GID,2000-10-29 16:17:00,CST,2000-10-29 16:20:00,0,0,0,0,10K,0,NWS EMPLOYEE(OFF DUTY),F0,Unknown,1.0,25.0,,,,,41.3,-97.9,41.31667,-97.91667,"In a rather unprecedented manner, a strong upper level low pressure system rotating over south-central Nebraska, produced a number of late season tornadoes and funnel clouds across the area.The most significant tornado occurred northeast of Fullerton, and was on the ground for 9 miles. This tornado, rated at F1, damaged 3 farmsteads in its path. One farmstead alone suffered damaged grain bins, farm equipment and vehicles. The occupants of the home were able to get into the tornado shelter just before the tornado hit.Just prior to that tornado, off-duty National Weather Service employees observed another tornado from the same parent thunderstorm. this tornado moved from north of Clarks in Merrick county to southeast of Fullerton in Nance county, and overturned an irrigation pivot and damaged trees. Other tornadoes were sighted southwest of Aurora and near Inland. Numerous other funnel clouds were observed along with some large hail.",,NE,2000-10-29 16:17:00,2000-10-29 16:20:00,False,False
1103924,5157536,Nebraska,121,Merrick,GID,2000-10-29 16:07:00,CST,2000-10-29 16:17:00,0,0,0,0,30K,0,NWS EMPLOYEE(OFF DUTY),F0,Unknown,6.0,50.0,,,,,41.21667,-97.86667,41.26667,-97.95,"In a rather unprecedented manner, a strong upper level low pressure system rotating over south-central Nebraska, produced a number of late season tornadoes and funnel clouds across the area.The most significant tornado occurred northeast of Fullerton, and was on the ground for 9 miles. This tornado, rated at F1, damaged 3 farmsteads in its path. One farmstead alone suffered damaged grain bins, farm equipment and vehicles. The occupants of the home were able to get into the tornado shelter just before the tornado hit.Just prior to that tornado, off-duty National Weather Service employees observed another tornado from the same parent thunderstorm. this tornado moved from north of Clarks in Merrick county to southeast of Fullerton in Nance county, and overturned an irrigation pivot and damaged trees. Other tornadoes were sighted southwest of Aurora and near Inland. Numerous other funnel clouds were observed along with some large hail.",,NE,2000-10-29 16:07:00,2000-10-29 16:17:00,False,False
1103177,5157090,Ohio,89,Licking,ILN,2000-09-20 19:36:00,EST,2000-09-20 19:50:00,0,0,0,0,1M,100K,NWS STORM SURVEY,F2,Unknown,16.0,100.0,,,,,40.18333,-82.73333,40.26667,-82.48333,,"A tornado tracked out of Delaware county across the northwestern part of the county and then continued into Knox county. The storm lifted briefly in spots but maintained a 25 mile track across the three counties, mainly in rural areas. Eleven homes received major damage and 4 received minor damage. Several barns and outbuildings were also destroyed. Twelve buildings at the Buckeye Egg Company were destroyed, trapping one million chickens inside.",OH,2000-09-20 20:36:00,2000-09-20 20:50:00,True,True
1104500,5160567,Alabama,97,Mobile,MOB,2000-11-06 21:30:00,CST,2000-11-06 21:33:00,2,0,0,0,100K,,LAW ENFORCEMENT,F2,Unknown,1.5,300.0,,,,,30.5,-88.23333,30.5,-88.23333,,A thunderstorm produced an F2 tornado that first touched down near the intersection of Highway 188 and Four Mile Road. A house suffered roof damage and a couple of barns were damaged. Trees were also blown down. The tornado moved northeast and trees were blown down along County Road 15. The tornado then touched down in a Mobile Home Park. One of the homes was completely destroyed with the occupants riding out the storm huddled together inside a bathtub. The two sisters were thrown out of the home as the tornado blew it from its foundation and turned it over several times. They were found in the woods behind their home with only minor injuries. Some of the other homes in the neighborhood suffered damage with skirting and parts of roofs torn off. The tornado continued northeast and did some minor damage near Howerin Road and near the intersection of Two Mile and Beverly Roads. The tornado then lifted back into the cloud.,AL,2000-11-06 21:30:00,2000-11-06 21:33:00,False,False
1102925,5157230,Illinois,95,Knox,ILX,2000-09-11 20:45:00,CST,2000-09-11 20:50:00,0,0,0,0,0,0,EMERGENCY MANAGER,F0,Unknown,0.5,75.0,,,,,40.75,-90.36667,40.71667,-90.35,,"A small tornado touched down 2.5 miles northeast of St. Augustine. It moved through some corn fields, flattening them, before lifting 3 miles east of St. Augustine. No damage occurred to any structures, trees or power lines. No injuries were reported. Wind estimates were between 60 and 65 miles per hour, classifying it as an F-0 on the Fujita scale.",IL,2000-09-11 21:45:00,2000-09-11 21:50:00,True,True
1103924,5157529,Nebraska,81,Hamilton,GID,2000-10-29 13:45:00,CST,2000-10-29 13:45:00,0,0,0,0,0,0,NWS EMPLOYEE(OFF DUTY),F0,Unknown,0.5,10.0,,,,,40.76667,-98.11667,40.76667,-98.11667,"In a rather unprecedented manner, a strong upper level low pressure system rotating over south-central Nebraska, produced a number of late season tornadoes and funnel clouds across the area.The most significant tornado occurred northeast of Fullerton, and was on the ground for 9 miles. This tornado, rated at F1, damaged 3 farmsteads in its path. One farmstead alone suffered damaged grain bins, farm equipment and vehicles. The occupants of the home were able to get into the tornado shelter just before the tornado hit.Just prior to that tornado, off-duty National Weather Service employees observed another tornado from the same parent thunderstorm. this tornado moved from north of Clarks in Merrick county to southeast of Fullerton in Nance county, and overturned an irrigation pivot and damaged trees. Other tornadoes were sighted southwest of Aurora and near Inland. Numerous other funnel clouds were observed along with some large hail.",,NE,2000-10-29 13:45:00,2000-10-29 13:45:00,False,False
1104132,5160242,Kansas,63,Gove,GLD,2000-10-28 12:30:00,CST,2000-10-28 12:34:00,0,0,0,0,,,LAW ENFORCEMENT,F1,Unknown,1.0,75.0,,,,,38.95,-100.48333,38.96667,-100.48333,,"Tornado touched down on northwest edge of town. Small barn had roof torn off, debris in adjacent field, and windmill destroyed. Also, some large tree limbs down in town.",KS,2000-10-28 13:30:00,2000-10-28 13:34:00,True,True
1103180,5157355,Ohio,45,Fairfield,ILN,2000-09-23 16:45:00,EST,2000-09-23 16:50:00,0,0,0,0,30K,,NEWSPAPER,F0,Unknown,0.5,50.0,,,,,39.71667,-82.6,39.71667,-82.6,,A tornado made a few brief touchdowns in Lancaster destroying a garage and knocking down some trees and power lines.,OH,2000-09-23 17:45:00,2000-09-23 17:50:00,True,True
1103180,5157356,Ohio,45,Fairfield,ILN,2000-09-23 17:15:00,EST,2000-09-23 17:15:00,0,0,0,0,150K,,LAW ENFORCEMENT,F1,Unknown,0.2,50.0,,,,,39.71667,-82.4,39.71667,-82.4,,A tornado touched down in the eastern part of the county causing damage to a home and garage.,OH,2000-09-23 18:15:00,2000-09-23 18:15:00,True,True
1102748,5157164,Puerto Rico,9,Western Interior,SJU,2000-08-25 18:00:00,AST,2000-08-25 18:15:00,0,0,0,0,5K,,GENERAL PUBLIC,F0,Unknown,1.0,10.0,,,,,,,,,Residents in Adjuntas reported a small tornado. Some trees were knocked down and some furniture were thrown around.,,,2000-08-25 18:00:00,2000-08-25 18:15:00,False,False
1102943,5156670,Iowa,147,Palo Alto,DMX,2000-09-13 19:30:00,CST,2000-09-13 19:30:00,0,0,0,0,,3K,EMERGENCY MANAGER,F0,Unknown,0.2,25.0,,,,,43.0,-94.8,43.0,-94.8,"Once again, very warm and humid air spread over Iowa with temperatures in the 80s to mid 90s during the afternoon of the 13th. The airmass was again very capped with 700 mb temperatures of 12 degrees C. or higher over most of the area. As a result, thunderstorms had a hard time developing. Once the thunderstorms did develop they became severe quite quickly. There was one tornado reported during the early part of the thunderstorm development. A brief touchdown occurred southeast of Ayrshire in Palo Alto County. No significant damage was reported with this tornado. The main severe weather feature with these storms was hail, though there were several reports of high winds as well. The big story was hail of an inch or more in diameter, with frequent reports of hail up to golf ball in size. Considerable crop damage was reported with soybeans being hard hit. Some reports indicate up to 50% of the soybean pots cracked open by the hail. Golf ball size hail war reported ankle deep east of Ellsworth in Hamilton County. Hail fell for a 30 minute period in Wright County at Eagle Grove. High winds also caused tree, power line, and crop damage. Trees were toppled in several locations by winds of 60 to 70 mph. The winds also caused considerable lodging of the corn crop due in part to stalk rot brought about by the very dry weather. The down of Duncombe in Webster County was hard hit with considerable roof damage reported there.",Brief touchdown,IA,2000-09-13 20:30:00,2000-09-13 20:30:00,True,True
1102078,5157079,Kentucky,51,Clay,JKL,2000-08-17 17:40:00,EST,2000-08-17 17:40:00,0,0,0,0,0K,0K,LAW ENFORCEMENT,F0,Unknown,0.1,20.0,,,,,37.16667,-83.63333,37.16667,-83.63333,,A brief tornado touch down was reported in the forested area off the Daniel Boone Parkway. Only minimal tree damage resulted from this storm.,KY,2000-08-17 18:40:00,2000-08-17 18:40:00,True,True
1104461,5160443,Louisiana,75,Plaquemines,LIX,2000-11-16 16:00:00,CST,2000-11-16 16:00:00,0,0,0,0,50K,,LAW ENFORCEMENT,F1,Unknown,0.3,50.0,,,,,29.33333,-89.41667,29.33333,-89.41667,,"A weak tornado touched down and caused significant damage to four mobile homes and a car, and uprooted a few trees.",LA,2000-11-16 16:00:00,2000-11-16 16:00:00,False,False
1103180,5157354,Ohio,129,Pickaway,ILN,2000-09-23 16:15:00,EST,2000-09-23 16:15:00,0,0,0,0,,,LAW ENFORCEMENT,F0,Unknown,0.1,25.0,,,,,39.76667,-82.95,39.76667,-82.95,,"A tornado made a brief touchdown in a field, causing no damage.",OH,2000-09-23 17:15:00,2000-09-23 17:15:00,True,True
1104365,5160666,North Dakota,65,Oliver,BIS,2000-11-01 15:40:00,CST,2000-11-01 15:50:00,0,0,0,0,,,TRAINED SPOTTER,F1,Unknown,5.0,50.0,,,,,46.96667,-101.08333,46.96667,-101.08333,,Tornado entered Oliver county from Morton county. The tornado remained in open country then lifted back into the clouds 14 miles southeast of Center.,ND,2000-11-01 15:40:00,2000-11-01 15:50:00,False,False
1102814,5157236,New York,103,Suffolk,OKX,2000-09-15 05:20:00,EST,2000-09-15 05:20:00,0,0,0,0,,,BROADCAST MEDIA,F1,80-100 mph,0.1,20.0,,,,,41.06667,-72.41667,41.06667,-72.41667,,"As a line of thunderstorms and heavy showers moved southeast, one cell spawned a short-lived tornado in the town of Southold on the North Fork of Long Island.The National Weather Service conducted a storm survey and confirmed the occurrence of a weak tornado in the Nassau Point area of Little Hog Neck. This tornado was classified as an F1 with wind speeds estimated from 80 to 100 mph.The weak tornado first touched down in the back yard of three homes on the west side of Nassau Point Road around 6:20 am EDT. Then it moved through the front yard of one of the homes, where it did its' greatest damage. Most of the damage was to trees. Many trees had numerous branches twisted off and several trees were snapped off and deposited a good distance from where they grew. Slight structural damage was done to the roof of the house.The tornado crossed over to the east side of Nassau Point Road and apparently lifted as it moved across Hog Neck Bay. It touched down again in Bayview (on the other side of Hog Neck Bay) around 6:40 am EDT. Two eyewitnesses on Rambler Road experienced very strong winds, which uprooted trees and damaged several pieces of heavy lawn furniture. In this vicinity, the tornado was classified as an F0, with an approximate path length of 0.1 miles and average path width of 10 yards.",NY,2000-09-15 06:20:00,2000-09-15 06:20:00,True,True
1104364,5160665,North Dakota,59,Morton,BIS,2000-11-01 15:00:00,CST,2000-11-01 15:40:00,0,0,0,0,,,TRAINED SPOTTER,F1,Unknown,12.0,50.0,,,,,46.9,-100.9,46.95,-101.08333,,Tornado crossed the Missouri River from Burleigh county and moved in a northwest direction skipping across the open country side. The tornado then entered into Oliver county.,ND,2000-11-01 15:00:00,2000-11-01 15:40:00,False,False
1104366,5160667,North Dakota,55,Mclean,BIS,2000-11-01 15:58:00,CST,2000-11-01 16:30:00,0,0,0,0,,,LAW ENFORCEMENT,F0,Unknown,20.0,40.0,,,,,47.4,-100.83333,47.45,-101.01667,"The tornado outbreak on the 1st of November was a rare and unusual weather phenomena to occur so late in the year in NorthDakota. The last recorded tornado to occur in the state was October 11th 1979 in Sargent county in southeastern North Dakota.Several tornadoes, with five distinct paths, hit south central North Dakota causing property damage and injuries. The majorityof the damage and injuries occurred in the Bismarck area. Forty two homes sustained minor to major damage. The tornadoeswere rated F0 and F1 on the Fujita scale, packing winds up to 90 mph. Another unusual phenomena observed were that thesetornadoes traveled from east to west. This was caused by an intense low pressure system , centered over north central SouthDakota, spinning counterclockwise, allowing the low level flow over Bismarck to move east to west. At the same time periodthese tornadoes were occurring, snow began to fall in the far western area of North Dakota. Winter storm watches and warningswere posted across north central and western North Dakota that afternoon.",Tornado touched down in open country skipping in a west direction across the country side.,ND,2000-11-01 15:58:00,2000-11-01 16:30:00,False,False
1102379,5156104,South Dakota,29,Codington,ABR,2000-07-25 13:10:00,CST,2000-07-25 13:10:00,0,0,0,0,,,TRAINED SPOTTER,F0,Unknown,0.1,10.0,,,,,45.08333,-97.5,45.08333,-97.5,,A landspout tornado touched down briefly west of Wallace with no damage reported. Path length and width were estimated.,SD,2000-07-25 14:10:00,2000-07-25 14:10:00,True,True
1102819,5156149,North Carolina,31,Carteret,MHX,2000-09-18 15:37:00,EST,2000-09-18 15:37:00,0,0,0,0,,,NWS EMPLOYEE(OFF DUTY),F0,Unknown,0.1,50.0,,,,,34.76667,-77.1,34.76667,-77.15,,A weak F0 tornado touched down in Hadnot Creek near the town of Stella. The tornado was on the ground for a brief time and remained over the salt marsh.,NC,2000-09-18 16:37:00,2000-09-18 16:37:00,True,True
1103924,5157528,Nebraska,35,Clay,GID,2000-10-29 13:25:00,CST,2000-10-29 13:30:00,0,0,0,0,0,0,EMERGENCY MANAGER,F0,Unknown,1.0,15.0,,,,,40.58333,-98.23333,40.6,-98.23333,"In a rather unprecedented manner, a strong upper level low pressure system rotating over south-central Nebraska, produced a number of late season tornadoes and funnel clouds across the area.The most significant tornado occurred northeast of Fullerton, and was on the ground for 9 miles. This tornado, rated at F1, damaged 3 farmsteads in its path. One farmstead alone suffered damaged grain bins, farm equipment and vehicles. The occupants of the home were able to get into the tornado shelter just before the tornado hit.Just prior to that tornado, off-duty National Weather Service employees observed another tornado from the same parent thunderstorm. this tornado moved from north of Clarks in Merrick county to southeast of Fullerton in Nance county, and overturned an irrigation pivot and damaged trees. Other tornadoes were sighted southwest of Aurora and near Inland. Numerous other funnel clouds were observed along with some large hail.",,NE,2000-10-29 13:25:00,2000-10-29 13:30:00,False,False
1104185,5159920,Kentucky,99,Hart,LMK,2000-11-09 14:15:00,EST,2000-11-09 14:15:00,0,0,0,0,30K,,EMERGENCY MANAGER,F1,Unknown,2.0,75.0,,,,,37.21667,-85.95,37.23333,-85.98333,"Numerous trees and power lines were reported down in most every county mentioned. Most of the property damage was in the form of roof damage, or minor damage caused by flying debris. Besides the tornadoes reported, there was some extensive property damage due to straight line winds, though. One mobile home was destroyed and two were damaged by straight line winds near Mt. Sherman in Larue County. A roof was caved in at a lumber company in Bowling Green in Warren County. In Liberty in Casey County, part of the roof of a concrete company was blown off. Georgetown in Scott county had extensive damage; an 80 foot radio tower was blown over on to a house, propane tanks and cars were overturned, and power poles were snapped.","A porch roof and several attached columns were ripped off a house. A large pine tree was ripped apart and debris was spread in three directions. A barn was moved three feet away from its foundation, and one of its sides was caved in.",KY,2000-11-09 14:15:00,2000-11-09 14:15:00,False,False
1104185,5159934,Kentucky,155,Marion,LMK,2000-11-09 14:53:00,EST,2000-11-09 14:53:00,0,0,0,0,100K,,BROADCAST MEDIA,F1,Unknown,0.3,70.0,,,,,37.55,-85.21667,37.55,-85.21667,"Numerous trees and power lines were reported down in most every county mentioned. Most of the property damage was in the form of roof damage, or minor damage caused by flying debris. Besides the tornadoes reported, there was some extensive property damage due to straight line winds, though. One mobile home was destroyed and two were damaged by straight line winds near Mt. Sherman in Larue County. A roof was caved in at a lumber company in Bowling Green in Warren County. In Liberty in Casey County, part of the roof of a concrete company was blown off. Georgetown in Scott county had extensive damage; an 80 foot radio tower was blown over on to a house, propane tanks and cars were overturned, and power poles were snapped.","A fairly new barn was blown down. In the vicinity, the roof of a garage was collapsed, and the garage door was wrapped around the back of the car inside. Three mobile homes were damaged and one was demolished.",KY,2000-11-09 14:53:00,2000-11-09 14:53:00,False,False
1104090,5160104,New Mexico,45,San Juan,ABQ,2000-10-23 11:36:00,MST,2000-10-23 11:36:00,0,0,0,0,,,GENERAL PUBLIC,F0,Unknown,0.1,20.0,,,,,36.91667,-108.18333,36.91667,-108.18333,"Several small but fast moving thunderstorms moved north through north central San Juan County with gusty winds and hail. A 49 year old man was slightly injured when winds overturned his tractor-trailer while traveling south on Highway 391. Several small and brief tornadoes or possible gustnadoes were reported over the rangeland west and southwest of La Plata to the Sheriff's office, but no damage was reported nor were any observed by emergency coordinators and trained spotters. Hail and rain also filled normally dry washes and arroyos causing police to block several lanes on Highway 516 and County Road 5569.",,NM,2000-10-23 12:36:00,2000-10-23 12:36:00,True,True
1104769,5159627,Texas,407,San Jacinto,HGX,2000-11-05 23:30:00,CST,2000-11-05 23:30:00,0,0,0,0,15K,,TRAINED SPOTTER,F0,Unknown,0.5,50.0,,,,,30.48333,-95.03333,30.48333,-95.03333,,Trees down.,TX,2000-11-05 23:30:00,2000-11-05 23:30:00,False,False
1103230,5156708,Colorado,61,Kiowa,PUB,2000-09-21 17:00:00,MST,2000-09-21 17:20:00,0,0,0,0,50K,,TRAINED SPOTTER,F1,Unknown,12.0,100.0,,,,,38.46667,-102.28333,38.4,-102.08333,,"A tornado destroyed a small, poorly constructed mobile home and damaged some nearby grain bins on the far north side of Sheridan Lake. Some windows were also broken and shingles were ripped off houses. The tornado moved east-southeast through open country of Kiowa county and dissipated near the Colorado-Kansas border.",CO,2000-09-21 18:00:00,2000-09-21 18:20:00,True,True
1102993,5156821,Florida,86,Miami-Dade,MFL,2000-10-03 14:35:00,EST,2000-10-03 14:35:00,0,0,0,0,,,TRAINED SPOTTER,F0,Unknown,0.2,5.0,,,,,25.58333,-80.36667,25.58333,-80.36667,,A SKYWARN spotter sighted a tornado in Larry and Penny Thompson Park.,FL,2000-10-03 15:35:00,2000-10-03 15:35:00,True,True
1104090,5160105,New Mexico,45,San Juan,ABQ,2000-10-23 11:51:00,MST,2000-10-23 11:51:00,0,0,0,0,,,GENERAL PUBLIC,F0,Unknown,0.1,20.0,,,,,36.91667,-108.18333,36.91667,-108.18333,"Several small but fast moving thunderstorms moved north through north central San Juan County with gusty winds and hail. A 49 year old man was slightly injured when winds overturned his tractor-trailer while traveling south on Highway 391. Several small and brief tornadoes or possible gustnadoes were reported over the rangeland west and southwest of La Plata to the Sheriff's office, but no damage was reported nor were any observed by emergency coordinators and trained spotters. Hail and rain also filled normally dry washes and arroyos causing police to block several lanes on Highway 516 and County Road 5569.",,NM,2000-10-23 12:51:00,2000-10-23 12:51:00,True,True
1104041,5157624,Nebraska,63,Frontier,LBF,2000-10-31 17:38:00,CST,2000-10-31 17:45:00,0,0,0,0,250K,,GENERAL PUBLIC,F1,Unknown,9.0,150.0,,,,,40.51667,-100.03333,40.65,-100.03333,,"The tornado touched down 10 miles south southwest of Eustis damaging some trees. The tornado moved north northeast and was intermittently on the ground to 1 mile south of Eustis. Six miles south southwest of Eustis a farm received extensive damage with a barn destroyed and several outbuildings damaged along with damage to fences, machinery and corrals. This is the same farm that was struck two days earlier. Five miles south southwest of Eustis a farm was narrowly missed with damage to irrigation pipes and trees. The tornado then struck a farm 1 mile south of Eustis damaging several outbuildings.",NE,2000-10-31 17:38:00,2000-10-31 17:45:00,False,False
1104136,5160689,Kansas,193,Thomas,GLD,2000-10-31 15:53:00,CST,2000-10-31 15:54:00,0,0,0,0,,,AMATEUR RADIO,F0,Unknown,0.5,75.0,,,,,39.51667,-100.75,39.51667,-100.75,,"Tornado developed near Thomas-Sheridan County Line, then moved into Sheridan County. No damage reported.",KS,2000-10-31 15:53:00,2000-10-31 15:54:00,False,False
1104136,5160691,Kansas,181,Sherman,GLD,2000-10-31 16:49:00,MST,2000-10-31 16:49:00,0,0,0,0,,,GENERAL PUBLIC,F0,Unknown,0.3,50.0,,,,,39.33333,-101.5,39.33333,-101.5,,"Brief tornado crossed Interstate 70, and was also sighted by Law Enforcement.",KS,2000-10-31 16:49:00,2000-10-31 16:49:00,False,False
1102841,5156476,Florida,11,Broward,MFL,2000-09-16 17:15:00,EST,2000-09-16 17:15:00,0,0,0,0,,,STORM CHASER,F1,Unknown,1.0,30.0,,,,,26.17,-80.25,26.17,-80.25,,A tornado touched down in the Everglades west of the Sawgrass Expressway. It was videotaped by a storm chaser.,FL,2000-09-16 18:15:00,2000-09-16 18:15:00,True,True
1102842,5156477,Florida,99,Palm Beach,MFL,2000-09-16 17:50:00,EST,2000-09-16 17:50:00,0,0,0,0,,,GENERAL PUBLIC,F0,Unknown,0.3,10.0,,,,,26.51667,-80.03333,26.51667,-80.03333,,The public reported a tornado touched down near Woolbright Road and 23 Avenue.,FL,2000-09-16 18:50:00,2000-09-16 18:50:00,True,True
1102843,5156478,Florida,11,Broward,MFL,2000-09-17 09:15:00,EST,2000-09-17 09:15:00,0,0,0,0,50K,,BROADCAST MEDIA,F0,Unknown,0.2,20.0,,,,,25.98333,-80.15,25.98333,-80.15,,A tornado alit in the Evergreen Mobile Home Park and damaged roofs and awnings.,FL,2000-09-17 10:15:00,2000-09-17 10:15:00,True,True
1099237,5176573,South Dakota,123,Tripp,UNR,2000-07-24 16:05:00,MST,2000-07-24 16:05:00,0,0,0,0,,,NWS STORM SURVEY,F0,Unknown,0.5,10.0,,,,,43.23333,-100.06667,43.23333,-100.06667,"A NWS storm survey indicated that the first tornado in Mellette County touched down in a field. There was just minor damage to a corn field. Hail, up to baseball size, was reported with the storm over a three county area as it moved to the south. Some homes had damage to siding and trees had leaves and branches shredded off. Another tornado formed after the storm moved into Tripp County. It was smaller then the first and caused no damage. The storm later moved into Nebraska.",,SD,2000-07-24 17:05:00,2000-07-24 17:05:00,True,True
1099422,5175862,Pennsylvania,111,Somerset,CTP,2000-07-31 12:30:00,EST,2000-07-31 12:35:00,0,0,0,0,5K,,TRAINED SPOTTER,F0,Unknown,1.0,100.0,,,,,39.78333,-79.03333,39.78333,-79.05,,"This small F0 tornado touched down around 1:30 p.m. EDT near Hunsrick Summit, about 2 miles south of Meyersdale on Route 219. The storm slightly moved a mobile home on its foundation then, oddly enough, moved almost due west across Route 219 and down a ravine crossing a farm of a Weather Service Cooperative Observer. The farmer watched the funnel pick up a homemade raft from a farm pond and toss it several yards. Several dozen trees were blown down in the ravine, but no damage was done to a nearby barn. The storm continued west for about a mile before dissipating as it crossed the Casselman River.",PA,2000-07-31 13:30:00,2000-07-31 13:35:00,True,True
1098225,5154266,Illinois,167,Sangamon,ILX,2000-06-20 18:44:00,CST,2000-06-20 18:45:00,0,0,0,0,1K,,NWS STORM SURVEY,F0,Unknown,0.2,150.0,,,,,39.85,-89.65,39.85,-89.65,,"A brief touchdown occurred on the north side of Springfield. Four homes sustained minor damage to windows, roofs, siding and garages. Several large trees were destroyed. No injuries were reported.",IL,2000-06-20 19:44:00,2000-06-20 19:45:00,True,True
1099513,5175676,Nebraska,175,Valley,GID,2000-07-21 18:50:00,CST,2000-07-21 18:53:00,0,0,0,0,40K,200K,LAW ENFORCEMENT,F0,Unknown,2.0,30.0,,,,,41.53333,-99.0,41.51667,-99.01667,"Another in a series of hail storms pummeled parts of south-central Nebraska. This time the area hit was mainly northwest of Grand Island. Golf ball size hail was driven by 65 mph winds in an area from west of Ord to south of Loup City. As with other storms this season, crops in the path sustained considerable or complete devastation. In Loup City, the wind driven hail broke many north facing windows of homes and businesses. Several hundred thousand dollars in damage was reported.Before the storm reached Sherman county, a brief tornado was reported northeast of Arcadia in southwest Valley county. The tornado was on the ground for about 2 miles and clipped a farmstead 9 miles northeast of Arcadia just before 8 pm. One grain bin was destroyed and another moved from its foundation. The crops at this particular farm were lost as well.",,NE,2000-07-21 19:50:00,2000-07-21 19:53:00,True,True
1103538,5174502,Illinois,69,Hardin,PAH,2000-10-05 16:52:00,CST,2000-10-05 16:53:00,0,0,0,0,,,LAW ENFORCEMENT,F0,Unknown,0.2,30.0,,,,,37.51667,-88.16667,37.51667,-88.16667,,"A brief tornado touchdown was observed along Route 1, 4 to 5 miles north of the community of Cave-In-Rock. Due to the very remote nature of the area, within the Shawnee National Forest, no damage could be confirmed. The parent thunderstorm displayed very strong tornadic characteristics on radar.",IL,2000-10-05 17:52:00,2000-10-05 17:53:00,True,True
1100582,5155575,Virginia,1,Accomack,AKQ,2000-07-30 10:45:00,EST,2000-07-30 10:50:00,0,0,0,0,0,0,EMERGENCY MANAGER,F0,Unknown,0.2,20.0,,,,,37.96667,-75.46667,37.96667,-75.46667,,"A small tornado touched down in a trailer park. The tornado briefly kicked up dust and debris before dissipating, but no damage occurred.",VA,2000-07-30 11:45:00,2000-07-30 11:50:00,True,True
1103173,5175223,Florida,31,Duval,JAX,2000-09-06 10:40:00,EST,2000-09-06 10:40:00,0,0,0,0,0K,,LAW ENFORCEMENT,F0,Unknown,0.1,5.0,,,,,30.25,-81.55,30.25,-81.55,,A weak FO was observed touching down in an open area of an industral park just east of UNF.,FL,2000-09-06 11:40:00,2000-09-06 11:40:00,True,True
1099628,5175271,Florida,87,Monroe,EYW,2000-08-18 14:50:00,EST,2000-08-18 14:51:00,0,0,0,0,,,LAW ENFORCEMENT,F0,Unknown,0.1,20.0,,,,,24.68333,-81.38333,24.68333,-81.38333,,"waterspout moved across the Bahia Honda bridge, stopping traffic but causing no damage or injuries.",FL,2000-08-18 14:50:00,2000-08-18 14:51:00,False,False
1098225,5154339,Illinois,147,Piatt,ILX,2000-06-20 20:08:00,CST,2000-06-20 20:14:00,0,0,0,0,,,LAW ENFORCEMENT,F0,Unknown,1.5,50.0,,,,,40.2,-88.48333,40.18333,-88.46667,,"A tornado made a series of brief touchdowns over a 2.6 mile long path. The tornado made its first touchdown 1 mile southeast of Mansfield (Piatt County) and destroyed a barn. As it traveled to the southeast, it crossed into Champaign County, 2.5 miles west of Mahomet. The final touchdown was 1.5 miles west-southwest of Mahomet, where a house sustained moderate damage to one outside wall. No injuries were reported.",IL,2000-06-20 21:08:00,2000-06-20 21:14:00,True,True
1100278,5155000,South Carolina,43,Georgetown,ILM,2000-07-23 19:24:00,EST,2000-07-23 19:30:00,0,0,0,0,2K,,NEWSPAPER,F0,Unknown,1.0,40.0,,,,,33.45,-79.11667,33.46667,-79.1,,"Waterspout came ashore two miles southwest of Litchfield Beach, striking the Litchfield Inn (no damage reported) and shattering the windows of several automobiles.",SC,2000-07-23 20:24:00,2000-07-23 20:30:00,True,True
1099068,5176139,Maryland,37,St. Mary'S,LWX,2000-07-31 15:47:00,EST,2000-07-31 15:47:00,0,0,0,0,1K,,EMERGENCY MANAGER,F0,Unknown,0.5,30.0,,,,,38.37,-76.58333,38.37,-76.58333,"Isolated thunderstorms moved across Allegany and St. Mary's Counties during the afternoon of the 31st. Across the western portion of Allegany County, several roads were flooded and streams overflowed their banks after heavy downpours. Near Lonaconing, trees were downed along Route 36 at the intersection of George's Creek. A total of 1.85 inches of rain was recorded in Cumberland and over 3 inches fell in Westernport. In St. Mary's county, a weak tornado only 30 yards wide touched down momentarily just north of Hollywood at Higgs Memorial Ball Park. The F0 twister was only on the ground for one tenth of a mile but it damaged one structure, a dugout at the ballfield.",A dugout at Higgs Memorial Ball Park was destroyed.,MD,2000-07-31 15:47:00,2000-07-31 15:47:00,False,False
1099234,5176555,South Dakota,95,Mellette,UNR,2000-07-15 14:30:00,MST,2000-07-15 14:40:00,0,0,0,0,,,FIRE DEPT/RESCUE SQUAD,F0,Unknown,0.5,10.0,,,,,43.41667,-101.2,43.41667,-101.2,,Mission Fire Dept. reported a tornado on the ground for approximately ten minutes. The tornado touched down in open pasture and did not cause any damage.,SD,2000-07-15 15:30:00,2000-07-15 15:40:00,True,True
1099500,5176358,Nebraska,47,Dawson,GID,2000-06-29 16:40:00,CST,2000-06-29 16:42:00,0,0,0,0,25K,0,NEWSPAPER,F0,Unknown,0.8,20.0,,,,,40.71667,-100.2,40.7,-100.2,"A vicious severe thunderstorm roared south across a part of south-central Nebraska during the late afternoon and evening. The damage path extended from Gothenburg to Beaver City and Stamford. Wind driven hail and torrential rain shredded crops, broke windows and caused considerable property damage. Agricultural losses were in the tens of millions of dollars. This storm was likely the worst this generation had experienced, and ""old-timers"" had to remember back to 1937 for a comparable storm. The severe thunderstorm complex started early in the afternoon in the Nebraska Sand Hills and dropped south rapidly. Widespread reports of 70 mph winds were received from western Dawson county. A brief tornado set down 3 miles northeast of Farnam. The tornado lifted a garage over a house and ""sucked"" all of the items from the walls in the house. Golf ball size hail ripped apart crops and pasture in southwest Dawson county to the tune of 11 million dollars in loss.The storm progressed south across Gosper county with 70 mph winds and 1 inch hail. Power poles were broke and considerable soil erosion was reported in the county. As the storm reached Furnas county around 6:30 pm, it intensified some and the result was extensive property damage throughout the county. At the Southern Valley school south of Oxford, repairs of one million dollars were needed to fix the roof of the school and other structures near the school. Water damage was reported in many parts of the school. Windows were broken on buses and vehicles near the school grounds. Many homes in Furnas county sustained considerable hail damage to the north side. Windows were broken and siding damaged. Buildings on farms throughout the county were lost. Crop loss to the wheat, corn, and soybean crop was estimated at 15 million dollars.Just to the east, Harlan county did not escape the wrath of the storm. Dime size hail and 70 mph winds pummeled the Stamford and Oxford areas. Again, property damage was widespread to homes, businesses, and outbuildings. Crop loss in the western part of the county was nearly 7.5 million dollars. Producers will feel the effects of the storm well into the winter with very few corn stalks in the field for cattle to feed upon nor hay to cut for winter feed.",,NE,2000-06-29 17:40:00,2000-06-29 17:42:00,True,True
1103177,5175230,Ohio,57,Greene,ILN,2000-09-20 18:18:00,EST,2000-09-20 18:26:00,100,0,1,0,15M,,NWS STORM SURVEY,F4,Unknown,9.0,500.0,,,,,39.65,-83.98333,39.73333,-83.88333,,"A violent tornado that moved at 65 mph hit the town of Xenia for the second time in 26 years damaging some of the same areas that were hit in 1974. Along the path of the tornado, around 250 homes were either damaged or destroyed, over 40 businesses were damaged or destroyed including the local Wal Mart, Kroger, and Tire Discounters, and 6 churches were damaged. A strip mall was nearly destroyed, cars were thrown from the Highway 35 bypass into ditches, 4 semi-trailers were thrown up to 400 yards, and most of the buildings were damaged or destroyed at the Greene county fairgrounds. In Sugarcreek Township, which is to the southwest of Xenia, an additional 14 houses and 3 barns were damaged and some crops were destroyed on a narrow path. Over 10,000 residents were without power for at least 1 day.",OH,2000-09-20 19:18:00,2000-09-20 19:26:00,True,True
1102718,5174922,Florida,115,Sarasota,TBW,2000-08-24 17:29:00,EST,2000-08-24 17:29:00,0,0,0,0,0,0,BROADCAST MEDIA,F0,Unknown,0.1,5.0,,,,,27.36667,-82.55,27.36667,-82.55,,"A small F0 tornado, possibly a gustnado, made a brief touchdown along U.S. Highway 41 and Indian Beach Drive in Sarasota where a gas pump overhang was damaged.",FL,2000-08-24 18:29:00,2000-08-24 18:29:00,True,True
1099498,5176347,Nebraska,125,Nance,GID,2000-06-25 12:35:00,CST,2000-06-25 12:37:00,0,0,0,0,2K,0,GENERAL PUBLIC,F0,Unknown,1.0,40.0,,,,,41.26667,-98.11667,41.26667,-98.1,"Thunderstorms developed rapidly during the afternoon along a cold front slicing across south-central Nebraska. Most of the activity was east of Highway 281 with one tornado being reported. The tornado occurred about 10 miles southwest of Fullerton near the north banks of the Loup River. The tornado damaged trees and some irrigation pipe along its one mile path. As the thunderstorms moved southeast, high winds became the main storm threat. In the Edgar area, two grain bins were damaged and numerous tree limbs were broken. Power was interrupted for a short time to customers in Clay, Nuckolls and Fillmore counties. Tree limbs were damaged or broken in several communities",,NE,2000-06-25 13:35:00,2000-06-25 13:37:00,True,True
1100526,5155101,Colorado,123,Weld,BOU,2000-07-10 20:30:00,MST,2000-07-10 20:30:00,0,0,0,0,0,0,STORM CHASER,F0,Unknown,0.1,25.0,,,,,40.03333,-104.36667,40.03333,-104.36667,,A small tornado touched down briefly but did no damage.,CO,2000-07-10 21:30:00,2000-07-10 21:30:00,True,True
1099501,5176783,Kansas,163,Rooks,GID,2000-06-29 19:02:00,CST,2000-06-29 19:02:00,0,0,0,0,0,0,LAW ENFORCEMENT,F0,Unknown,0.3,10.0,,,,,39.43333,-99.43333,39.43333,-99.43333,"A ferocious severe thunderstorm moved south from Nebraska and battered a section of north-central Kansas with high winds and hail. Phillips and Rooks counties took the brunt of this mid-evening storm as losses in these two counties alone totaled in the millions. The Long Island area of northern Phillips county sustained the most damage. Winds of 100 mph hammered the area around 7 pm and hail covered the ground like snow. Over 300 windows in this small town were broken and nearly every home in the town sustained some damage to windows, siding or the roof. One person was injured as she and her family tried to run for cover from the storm. The wind blew her across the kitchen of her home and into the dining room. She sustained head, neck and leg injuries and was transferred to a hospital in Kearney, Nebraska. The local grain company had seven grain bins and two unloading facilities demolished. About 1200 customers lost power during the storm. Wind gusts to 80 mph and hail the size of quarters were also reported in Agra and Logan.As the storm moved south into Rooks county, it spawned a brief tornado north of Webster Lake. The funnel set down about 1 mile north of the reservoir but did little if any damage. Just days earlier, outdoor warning devices were installed at the lake area and they were put into use to alert the public on this day. Eighty mile an hour winds were common in Rooks county and resulted in up-rooted trees, downed power lines, roof and building damage. One truck was overturned on Highway 24 but the driver was uninjured.Crop damage was limited to the remaining wheat crop and some corn. Fortunately, about 80 percent of the wheat crop had been harvested prior to the storm.",Brief touchdown with no damage.,KS,2000-06-29 20:02:00,2000-06-29 20:02:00,True,True
1098399,5154537,South Dakota,27,Clay,FSD,2000-06-03 18:48:00,CST,2000-06-03 18:50:00,0,0,0,0,,,TRAINED SPOTTER,F0,Unknown,0.1,50.0,,,,,42.95,-96.95,42.95,-96.95,,A brief tornado caused no reported damage.,SD,2000-06-03 19:48:00,2000-06-03 19:50:00,True,True
1102713,5174671,Florida,71,Lee,TBW,2000-08-15 10:30:00,EST,2000-08-15 10:32:00,0,0,0,0,0,0,GENERAL PUBLIC,F0,Unknown,0.1,5.0,,,,,26.7,-82.15,26.7,-82.15,,A mariner reported that a waterspout over Charlotte Harbor moved onshore as an F0 tornado and quickly dissipated near Bokeelia on northern Pine Island.,FL,2000-08-15 11:30:00,2000-08-15 11:32:00,True,True
1103161,5174908,Florida,31,Duval,JAX,2000-09-06 10:45:00,EST,2000-09-06 10:45:00,0,0,0,0,55K,,TRAINED SPOTTER,F0,Unknown,0.1,8.0,,,,,30.25,-81.76667,30.25,-81.76667,,"Weak FO. The tornado tossed a car on Blanding Blvd, caused some minor roof damage and blew down numerous trees and power lines. More than 7,000 customers were without power for most of the day.",FL,2000-09-06 11:45:00,2000-09-06 11:45:00,True,True
1098888,5176151,Wisconsin,123,Vernon,ARX,2000-07-26 15:20:00,CST,2000-07-26 15:23:00,0,0,0,0,8K,12K,LAW ENFORCEMENT,F0,Unknown,0.5,30.0,,,,,43.68333,-91.15,43.68333,-91.13333,"A small tornado touched down briefly, causing minor damage to a home and knocking down corn.",,WI,2000-07-26 16:20:00,2000-07-26 16:23:00,True,True
1099237,5176571,South Dakota,95,Mellette,UNR,2000-07-24 15:50:00,MST,2000-07-24 16:05:00,0,0,0,0,,,NWS STORM SURVEY,F0,Unknown,1.0,100.0,,,,,43.36667,-100.3,43.36667,-100.3,"A NWS storm survey indicated that the first tornado in Mellette County touched down in a field. There was just minor damage to a corn field. Hail, up to baseball size, was reported with the storm over a three county area as it moved to the south. Some homes had damage to siding and trees had leaves and branches shredded off. Another tornado formed after the storm moved into Tripp County. It was smaller then the first and caused no damage. The storm later moved into Nebraska.",,SD,2000-07-24 16:50:00,2000-07-24 17:05:00,True,True
1103177,5175229,Ohio,41,Delaware,ILN,2000-09-20 19:31:00,EST,2000-09-20 19:36:00,2,0,0,0,1M,,NWS STORM SURVEY,F2,Unknown,5.0,100.0,,,,,40.13333,-82.83333,40.18333,-82.78333,,"A tornado touched down in the southeastern part of the county, along Harlem road and then raced rapidly eastward to the Licking county line. Two high tension power line towers were bent over and 14 houses were either damaged or destroyed.",OH,2000-09-20 20:31:00,2000-09-20 20:36:00,True,True
1103342,5174266,South Carolina,5,Allendale,CHS,2000-09-22 23:30:00,EST,2000-09-22 23:52:00,5,0,1,0,290K,,NWS STORM SURVEY,F2,Unknown,4.5,750.0,,,,,33.07,-81.48333,33.07,-81.4,"The two tornadoes that occurred in Allendale County were associated with the remnants of T.S. Helene as it moved across Georgia and South Carolina. Heavy rain developed across Berkeley County during the early morning hours of 9/22/00 and caused flooding over the northern half of the county, especially in and around Moncks Corner. The 42 year-old female was killed when she hit a puddle of water and hydroplaned. She hit a pine tree head on and was killed on impact.","Fatality occurred in a camper that was one of 10 other campers at a hunt club. The camper was the second one in the line and it appeared to have disintegrated. One of the other campers was turned on its side while the others remained upright, for the most part. Also, there were three mobile homes destroyed, major damage to two mobile homes, minor damage to six mobile homes and major damage to a frame home along with numerous trees down or snapped 10 to 15 feet above the ground. This tornado continued into Barnwell County in WFO Columbia's CWA.",SC,2000-09-23 00:30:00,2000-09-23 00:52:00,True,True
1103346,5174676,Ohio,43,Erie,CLE,2000-09-20 19:07:00,EST,2000-09-20 19:09:00,0,0,0,0,175K,10K,NWS STORM SURVEY,F2,Unknown,1.0,100.0,,,,,41.3,-82.61667,41.3,-82.61667,,"A tornado touched down north of Monroeville in Huron County and traveled east along State Route 113 into southern Erie County. The tornado dissipated near the corner of Higbee and Livengood Roads after destroying a farm house. The destroyed house was ripped from its foundation, moved 40 feet and knocked over. A second house and a small barn were also slightly damaged. The tornado traveled approximately one mile in Erie County and had a damage path about 100 yards wide. Debris from the homes was thrown well outside the damage path which was clearly visible through corn fields. Ears of corn were shucked, apparently by the tornado and some ears had many kernels removed. Several dozen trees were downed along the damage path.",OH,2000-09-20 20:07:00,2000-09-20 20:09:00,True,True
1102715,5174673,Florida,71,Lee,TBW,2000-08-21 18:40:00,EST,2000-08-21 18:43:00,0,0,0,0,75K,0,GENERAL PUBLIC,F0,Unknown,0.6,15.0,,,,,26.76667,-82.25,26.76667,-82.26667,,"The public reported that a waterspout moved onshore as a weak tornado along Treasure Lane, one mile northeast of Boca Grande. The local fire department reported that the small tornado caused minor roof, lanai, carport and glass damage to a few homes as it moved west across Jean Lafette, Gaspar Drive, East Railroad and Gasparilla Roads. Also, a few trees were uprooted or snapped half way from the base before the tornado lifted and dissipated near 14th Street in Boca Grande.",FL,2000-08-21 19:40:00,2000-08-21 19:43:00,True,True
1103549,5174525,Iowa,151,Pocahontas,DMX,2000-10-13 17:45:00,CST,2000-10-13 17:56:00,0,0,0,0,50K,5K,TRAINED SPOTTER,F1,Unknown,6.0,50.0,,,,,42.83333,-94.7,42.9,-94.61667,"A strong southerly flow of air was established over Iowa with near record high temperatures over much of the state. A low pressure moved northeast, passing northwest of the state. A cold front trailing from the low moved into the state toward sunset. Deeper moisture moved into the state just as the front moved in. A line of thunderstorms formed along the front. They became super cellular rather quickly, though the intense storms did not last very long. They produced high winds and some hail as they moved through. One tornado developed over Pocahontas County and moved northeast into Palo Alto County. The tornado passed over open country for the most part. Several wagons were overturned on one farm northeast of Havelock in Pocahontas County. Reports southwest of West Bend in Palo Alto County indicated damage limited to trees for the most part. After overturning several wagons over in Pocahontas County, this tornado crossed into Pocahontas County, where only trees were toppled. The tornado lifted just southwest of West Bend in Palo Alto County. The storms weakened quickly after sunset and continued to move east across the state.",Wagons were overturned in Pocahontas County before the tornado moved into Palo Alto County.,IA,2000-10-13 18:45:00,2000-10-13 18:56:00,True,True
1103549,5174526,Iowa,147,Palo Alto,DMX,2000-10-13 17:56:00,CST,2000-10-13 18:07:00,0,0,0,0,30K,5K,TRAINED SPOTTER,F1,Unknown,6.0,50.0,,,,,42.86667,-94.58333,42.93333,-94.5,"A strong southerly flow of air was established over Iowa with near record high temperatures over much of the state. A low pressure moved northeast, passing northwest of the state. A cold front trailing from the low moved into the state toward sunset. Deeper moisture moved into the state just as the front moved in. A line of thunderstorms formed along the front. They became super cellular rather quickly, though the intense storms did not last very long. They produced high winds and some hail as they moved through. One tornado developed over Pocahontas County and moved northeast into Palo Alto County. The tornado passed over open country for the most part. Several wagons were overturned on one farm northeast of Havelock in Pocahontas County. Reports southwest of West Bend in Palo Alto County indicated damage limited to trees for the most part. After overturning several wagons over in Pocahontas County, this tornado crossed into Pocahontas County, where only trees were toppled. The tornado lifted just southwest of West Bend in Palo Alto County. The storms weakened quickly after sunset and continued to move east across the state.",Numerous trees toppled as this tornado moved in from Pocahontas County and lifted southwest of West Bend.,IA,2000-10-13 18:56:00,2000-10-13 19:07:00,True,True
1100698,5173868,Mississippi,109,Pearl River,LIX,2000-07-22 16:22:00,CST,2000-07-22 16:22:00,0,0,0,0,3K,,GENERAL PUBLIC,F0,Unknown,0.1,20.0,,,,,30.48333,-89.7,30.48333,-89.7,,A small tornado touched down briefly near Nicholson causing a trailer to lose its roof and tree damage.,MS,2000-07-22 17:22:00,2000-07-22 17:22:00,True,True
1098876,5175754,Wisconsin,81,Monroe,ARX,2000-07-09 03:00:00,CST,2000-07-09 03:03:00,0,0,0,0,50K,15K,NWS STORM SURVEY,F1,Unknown,0.9,30.0,,,,,43.81667,-90.58333,43.8,-90.56667,"A tornado touched down at the intersection of County Road T and Levi Road about 2 miles southeast of Norwalk (Monroe County).A large machine shed was demolished on the south side of Levi Road, while the house on the north side was untouched. Some lawn furniture was pulled into the tornado, but a nearby camper was left untouched. At the next residence, a large barn and smaller shed were both demolished. Several windows on the west and south side of the house were broken and an air conditioner was blown into the house. The roof of the house was lifted along the west side approximately 3 inches, which allowed wind to enter the house and blow insulation out of the ceiling. Two adults sleeping upstairs were blown against the east wall, but were not injured. Elsewhere across west central Wisconsin, law enforcement officials reported dime to nickel hail as well as power lines and trees downed.",,WI,2000-07-09 04:00:00,2000-07-09 04:03:00,True,True
1100352,5173874,Iowa,119,Lyon,FSD,2000-07-09 20:15:00,CST,2000-07-09 20:17:00,0,0,0,0,.05M,,NEWSPAPER,F1,Unknown,1.0,100.0,,,,,43.28333,-96.13333,43.28333,-96.13333,,"A tornado destroyed a machine shed and a garage. The tornado also uprooted several trees and flattened part of a corn crop. The tornado formed 5 miles east of Doon, then moved south, crossing the county line into Sioux County, where further damage occurred.",IA,2000-07-09 21:15:00,2000-07-09 21:17:00,True,True
1100352,5173875,Iowa,167,Sioux,FSD,2000-07-09 20:17:00,CST,2000-07-09 20:21:00,0,0,0,0,.01M,,LAW ENFORCEMENT,F0,Unknown,2.0,100.0,,,,,43.25,-96.16667,43.23333,-96.16667,,"A tornado crossed into Sioux County from Lyon County to the north, where it had caused damage. In Sioux County, the tornado blew down power lines and caused tree damage.",IA,2000-07-09 21:17:00,2000-07-09 21:21:00,True,True
1100358,5173883,South Dakota,77,Kingsbury,FSD,2000-07-11 16:16:00,CST,2000-07-11 16:16:00,0,0,0,0,,,TRAINED SPOTTER,F0,Unknown,0.1,50.0,,,,,44.36667,-97.2,44.36667,-97.2,,A brief tornado caused no reported damage.,SD,2000-07-11 17:16:00,2000-07-11 17:16:00,True,True
1100358,5173884,South Dakota,77,Kingsbury,FSD,2000-07-11 16:36:00,CST,2000-07-11 16:36:00,0,0,0,0,,,TRAINED SPOTTER,F0,Unknown,0.1,50.0,,,,,44.36667,-97.2,44.36667,-97.2,,A brief tornado caused no reported damage.,SD,2000-07-11 17:36:00,2000-07-11 17:36:00,True,True
1100695,5173865,Mississippi,45,Hancock,LIX,2000-07-22 15:33:00,CST,2000-07-22 15:33:00,0,0,0,0,.75K,,LAW ENFORCEMENT,F0,Unknown,0.1,20.0,,,,,30.36667,-89.36667,30.36667,-89.36667,,A small tornado briefly touched down near Diamondhead knocking down trees and power lines.,MS,2000-07-22 16:33:00,2000-07-22 16:33:00,True,True
1099442,5176709,Kansas,151,Pratt,DDC,2000-07-20 22:21:00,CST,2000-07-20 22:25:00,0,0,0,0,,,EMERGENCY MANAGER,F0,Unknown,1.6,75.0,,,,,37.66667,-98.76667,37.68333,-98.73333,,Small tornado took a few trees down.,KS,2000-07-20 23:21:00,2000-07-20 23:25:00,True,True
1099493,5176750,Nebraska,137,Phelps,GID,2000-06-19 18:17:00,CST,2000-06-19 18:18:00,0,0,0,0,0,0,GENERAL PUBLIC,F0,Unknown,0.5,20.0,,,,,40.65,-99.36667,40.65,-99.36667,"After weeks of little or no rain, thunderstorms unleashed a torrent of rain, hail and high winds across much of south-central Nebraska. The thunderstorms developed west and north of Kearney and moved east and southeast throughout the evening.Early in the evening, severe thunderstorms pummeled the Johnson Lake area of northern Gosper county. Winds of 75 mph tore apart trees and downed power lines. Hail teamed with the wind to break several windows of homes around the lake. The storms pushed east into western Phelps county producing a brief tornado that was sighted in the northwest part of the county. No damage was reported. Over 5 inches of rain fell in western Phelps county along with walnut sized hail. There was considerable damage to both corn and bean crops.At nearly the same time, thunderstorms raged across Valley county. Near total devastation of the corn and bean crops was reported west of Ord. Baseball sized hail fell in the Ord area itself. Agricultural losses in the Ord area alone totaled over 5 million dollars. Roof and siding damage was reported in Ord along with damage to several vehicles due to the large hail. A tornado was spotted northeast of Arcadia. No damage was known to have occurred from this brief tornado.As the evening wore on, a large supercell thunderstorm moved east along U.S. Highways 6 and 34 from east of Holdrege to the Hastings area. Blinding rain, hail and some funnel clouds were spawned from this storm. In Kearney and Adams counties, 3 to 5 inches of rain fell in about one hour near Heartwell and Kenesaw. Several county roads were washed out or were impassable due to flooding. Water was flowing over U.S. Highways 6 and 34 for a time. Again, the corn and soybean crops sustained considerable damage. A grain bin was damaged in the Holstein area and several tree limbs fell in the strong wind. In northern Franklin county, hail and wind damaged 60,000 acres of crops. Producers in the county were expected to lose at least 4 million dollars from this storm.",,NE,2000-06-19 19:17:00,2000-06-19 19:18:00,True,True
1099493,5176751,Nebraska,175,Valley,GID,2000-06-19 18:25:00,CST,2000-06-19 18:25:00,0,0,0,0,0,0,LAW ENFORCEMENT,F0,Unknown,0.2,10.0,,,,,41.5,-99.05,41.5,-99.05,"After weeks of little or no rain, thunderstorms unleashed a torrent of rain, hail and high winds across much of south-central Nebraska. The thunderstorms developed west and north of Kearney and moved east and southeast throughout the evening.Early in the evening, severe thunderstorms pummeled the Johnson Lake area of northern Gosper county. Winds of 75 mph tore apart trees and downed power lines. Hail teamed with the wind to break several windows of homes around the lake. The storms pushed east into western Phelps county producing a brief tornado that was sighted in the northwest part of the county. No damage was reported. Over 5 inches of rain fell in western Phelps county along with walnut sized hail. There was considerable damage to both corn and bean crops.At nearly the same time, thunderstorms raged across Valley county. Near total devastation of the corn and bean crops was reported west of Ord. Baseball sized hail fell in the Ord area itself. Agricultural losses in the Ord area alone totaled over 5 million dollars. Roof and siding damage was reported in Ord along with damage to several vehicles due to the large hail. A tornado was spotted northeast of Arcadia. No damage was known to have occurred from this brief tornado.As the evening wore on, a large supercell thunderstorm moved east along U.S. Highways 6 and 34 from east of Holdrege to the Hastings area. Blinding rain, hail and some funnel clouds were spawned from this storm. In Kearney and Adams counties, 3 to 5 inches of rain fell in about one hour near Heartwell and Kenesaw. Several county roads were washed out or were impassable due to flooding. Water was flowing over U.S. Highways 6 and 34 for a time. Again, the corn and soybean crops sustained considerable damage. A grain bin was damaged in the Holstein area and several tree limbs fell in the strong wind. In northern Franklin county, hail and wind damaged 60,000 acres of crops. Producers in the county were expected to lose at least 4 million dollars from this storm.",,NE,2000-06-19 19:25:00,2000-06-19 19:25:00,True,True
1098852,5176734,North Dakota,9,Bottineau,BIS,2000-07-15 16:53:00,CST,2000-07-15 17:00:00,0,0,0,0,,,LAW ENFORCEMENT,F0,Unknown,3.0,40.0,,,,,48.88333,-100.23333,48.83333,-100.15,,Tornado touched down in open country and moved into Rolette county before lifting back into the clouds.,ND,2000-07-15 17:53:00,2000-07-15 18:00:00,True,True
1098853,5176735,North Dakota,79,Rolette,BIS,2000-07-15 17:00:00,CST,2000-07-15 17:08:00,0,0,0,0,,,LAW ENFORCEMENT,F0,Unknown,5.0,40.0,,,,,48.81667,-100.16667,48.75,-100.1,,Tornado began in Bottineau county. No damage reported as tornado remained in open field.,ND,2000-07-15 18:00:00,2000-07-15 18:08:00,True,True
1098855,5176737,North Dakota,9,Bottineau,BIS,2000-07-15 17:10:00,CST,2000-07-15 17:17:00,0,0,0,0,,,LAW ENFORCEMENT,F0,Unknown,3.0,30.0,,,,,48.7,-100.43333,48.65,-100.4,,Tornado touched down in open country.,ND,2000-07-15 18:10:00,2000-07-15 18:17:00,True,True
1103462,5174024,Colorado,77,Mesa,GJT,2000-09-08 13:05:00,MST,2000-09-08 13:10:00,0,0,0,0,1K,,GENERAL PUBLIC,F1,Unknown,0.4,40.0,,,,,38.93333,-108.28333,38.93333,-108.26667,A tornado traveled east across two roads in an area just south of Kannah Creek. 100 year old trees were blown down and branches were twisted around some trees. A power pole was snapped off near a church. One-foot diameter tree limbs were blown over 100 yards away into a picnic area.,,CO,2000-09-08 14:05:00,2000-09-08 14:10:00,True,True
1103464,5174026,Utah,19,Grand,GJT,2000-09-08 16:25:00,MST,2000-09-08 16:30:00,0,0,0,0,,,BROADCAST MEDIA,F0,Unknown,2.0,30.0,,,,,38.76667,-109.78333,38.81667,-109.66667,A weak tornado was observed by a radio station employee and her husband as they traveled north on US Highway 191. The thunderstorm which produced this tornado had a dark green appearance.,,UT,2000-09-08 17:25:00,2000-09-08 17:30:00,True,True
1103553,5174125,Texas,55,Caldwell,EWX,2000-10-22 15:35:00,CST,2000-10-22 15:36:00,0,0,0,0,3K,0,NWS STORM SURVEY,F0,Unknown,0.2,30.0,,,,,29.8,-97.81667,29.8,-97.81667,,"A small and short-lived tornado touched down briefly near a home. It lifted a metal barn vertically, twisting and tossing it.",TX,2000-10-22 16:35:00,2000-10-22 16:36:00,True,True
1105561,5165486,Georgia,261,Sumter,FFC,2000-12-16 21:30:00,EST,2000-12-16 21:42:00,0,0,0,0,310K,,NWS STORM SURVEY,F2,Unknown,10.0,100.0,,,,,32.0,-84.16667,32.06667,-83.98333,,"A National Weather Service disaster survey team reported that an F2 tornado first touched down at 9:30 pm EST 6 miles southeast of Americus, Georgia, on Henry Hart Road, midway between Georgia Highway 377 and U. S. Highway 280. The tornado then moved northeast at approximately 45 mph lifting 1 mile east of the Flint river at Georgia Highway 27 and Joe Stewart Road around 9:42 pm EST. The tornado cut a path up to 100 yards wide and traveled on the ground about 10 miles or 12 minutes. Although the tornado traveled through mainly rural areas, significant damage was reported. A wooden frame house was completely destroyed near the tornado's touchdown point on Henry Hart Road, while another home was damaged nearby. As the tornado continued along its northeastward path, five outbuildings were destroyed, three barns were destroyed, two cattle were killed, one large camper was overturned, one high tension power line tower was severely damaged, and a few temporary construction trailers were damaged. Finally, just before the tornado lifted, several chicken houses were destroyed on Joe Stewart Road. As a result, nearly 400 chickens were killed. In addition, numerous trees and power lines were blown down all across the county. There were no injuries or deaths reported with the tornado.",GA,2000-12-16 21:30:00,2000-12-16 21:42:00,False,False
1100103,5162865,Minnesota,153,Todd,MPX,2000-07-08 20:43:00,CST,2000-07-08 20:47:00,1,0,0,0,,,LAW ENFORCEMENT,F2,Unknown,2.0,20.0,,,,,46.36667,-94.81667,46.35,-94.78333,,Roofs blown off homes and one business. At least one dozen homes damaged. Numerous large trees down. One minor injury in Staples due to flying glass. Tornado crossed over from Wadena county.,MN,2000-07-08 21:43:00,2000-07-08 21:47:00,True,True
1100099,5162509,Minnesota,163,Washington,MPX,2000-07-07 10:20:00,CST,2000-07-07 10:20:00,0,0,0,0,,,EMERGENCY MANAGER,F1,Unknown,0.1,30.0,,,,,45.0,-92.88333,45.0,-92.88333,,Tornado occurred near County Rd. 17 and County Rd. 10. Numerous trees down and a few mobile homes were damaged before tornado moved into an open field. This tornado was produced by a mesocyclone that began producing downburst damage in Lino Lakes and continued moving southeast into Wisconsin (Pierce County).,MN,2000-07-07 11:20:00,2000-07-07 11:20:00,True,True
1105297,5165995,Tennessee,103,Lincoln,OHX,2000-12-16 13:08:00,CST,2000-12-16 13:10:00,0,0,0,0,50K,,NWS STORM SURVEY,F1,Unknown,1.5,50.0,,,,,35.01667,-86.81667,35.01667,-86.8,,"NWS Storm Survey indicated touchdown of the tornado was near Cash Point where a small mobile home was extensively damaged. The roof of the mobile home was peeled off. Other roof damage was observed within 1/4 of a mile from the mobile home. A few trees were also uprooted near the mobile home. The tornado moved to the northeast and did some damage to the crowns of trees. At one mile from touchdown, a small outbuilding was destroyed. The tornado skipped over a school, but it tore off some shingles off a new house. About a tenth of a mile further from the school, the tornado picked up the roof of a cinder block garage and turned it approximately 90 degrees before setting it back down.",TN,2000-12-16 13:08:00,2000-12-16 13:10:00,False,False
1099208,5162609,Colorado,9,Baca,PUB,2000-07-16 17:28:00,MST,2000-07-16 18:28:00,0,0,0,0,,,TRAINED SPOTTER,F0,Unknown,15.0,50.0,,,,,37.11667,-102.15,37.31667,-102.06667,,A small tornado may have had a nearly continuous track north-northeastward over open country of eastern Baca county. There was no known damage.,CO,2000-07-16 18:28:00,2000-07-16 19:28:00,True,True
1100102,5162781,Wisconsin,95,Polk,MPX,2000-07-08 17:40:00,CST,2000-07-08 17:41:00,0,0,0,0,,,LAW ENFORCEMENT,F0,Unknown,0.1,20.0,,,,,45.73333,-92.3,45.73333,-92.3,,"Touched down in open field, no damage incurred. Tornado originally touched down in Burnett county, from 1735-1740.",WI,2000-07-08 18:40:00,2000-07-08 18:41:00,True,True
1105460,5167807,Florida,63,Jackson,TAE,2000-12-16 14:50:00,EST,2000-12-16 15:00:00,0,0,0,0,300K,,EMERGENCY MANAGER,F1,Unknown,5.0,75.0,,,,,30.91667,-85.51667,30.93333,-85.43333,,"The supercell thunderstorm which spawned an F2 tornado near Bonifay in southeast Holmes County, tracked northeast into northwest Jackson County. This storm produced an F1 tornado which touched down twice. The hardest hit areas were just south of Graceville along Highway 77 and near the Springhill subdivision on Highway 273. Numerous trees were uprooted, knocking out power lines as they fell. Many mobile home roofs were blown off and carports damaged. Considerable debris blocked several county roads. Nearly 3,000 customers were without power for five hours. Reported by the Jackson County EMA and Jackson County Floridan.",FL,2000-12-16 14:50:00,2000-12-16 15:00:00,False,False
1105461,5167808,Florida,131,Walton,TAE,2000-12-16 13:55:00,EST,2000-12-16 13:55:00,0,0,0,0,2.5K,,EMERGENCY MANAGER,F0,Unknown,0.2,50.0,,,,,30.51667,-86.05,30.51667,-86.05,,Several small trees down on County Road 6 about 1/8 mile north of Highway 20. Reported by the Walton County EMA.,FL,2000-12-16 13:55:00,2000-12-16 13:55:00,False,False
1100105,5162907,Minnesota,53,Hennepin,MPX,2000-07-25 19:25:00,CST,2000-07-25 19:30:00,0,0,0,0,,,LAW ENFORCEMENT,F0,Unknown,0.1,20.0,,,,,44.9,-93.75,44.9,-93.75,,No damage reported.,MN,2000-07-25 20:25:00,2000-07-25 20:30:00,True,True
1099178,5163291,Tennessee,99,Lawrence,OHX,2000-07-20 15:10:00,CST,2000-07-20 15:10:00,0,0,0,0,2K,,EMERGENCY MANAGER,F0,Unknown,0.1,25.0,,,,,35.28333,-87.31667,35.28333,-87.31667,,"F0 tornado touched down near David Crockett State Park at a golf course. Trees were down on fairways number 1,7,8,9 and 18. A 100 foot command tower was damaged.",TN,2000-07-20 16:10:00,2000-07-20 16:10:00,True,True
1100032,5163525,Florida,53,Hernando,TBW,2000-07-28 19:22:00,EST,2000-07-28 19:26:00,0,0,0,0,0,0,TRAINED SPOTTER,F0,Unknown,0.3,5.0,,,,,28.45,-82.45,28.45,-82.45,,A Skywarn Spotter reported that tornado sporadically touched down near the intersection of County Road 576 (Hayman Road) and County Road 581 (Culbreath) in rural southern Hernando county.,FL,2000-07-28 20:22:00,2000-07-28 20:26:00,True,True
1099213,5163397,Colorado,99,Prowers,PUB,2000-07-22 19:34:00,MST,2000-07-22 19:39:00,0,0,0,0,,,LAW ENFORCEMENT,F0,Unknown,1.0,50.0,,,,,38.05,-102.63333,38.05,-102.63333,,"A short-lived landspout tornado moved through open country. Because of the lack of trees, crops, fence line, and roads, the exact path of the tornado was difficult to determine, and no damage was discovered.",CO,2000-07-22 20:34:00,2000-07-22 20:39:00,True,True
1099213,5163398,Colorado,11,Bent,PUB,2000-07-22 20:20:00,MST,2000-07-22 20:22:00,0,0,0,0,,,TRAINED SPOTTER,F0,Unknown,1.0,100.0,,,,,37.76667,-102.83333,37.75,-102.81667,,A short-lived tornado moved through open country causing no known damage.,CO,2000-07-22 21:20:00,2000-07-22 21:22:00,True,True
1098689,5164366,Nebraska,63,Frontier,LBF,2000-07-03 18:10:00,CST,2000-07-03 18:11:00,0,0,0,0,,,TRAINED SPOTTER,F0,Unknown,0.1,20.0,,,,,40.38333,-100.58333,40.38333,-100.58333,,Trained spotter reported brief tornado touchdown.,NE,2000-07-03 19:10:00,2000-07-03 19:11:00,True,True
1098328,5164663,Florida,71,Lee,TBW,2000-06-13 18:45:00,EST,2000-06-13 18:50:00,0,0,0,0,0,0,LAW ENFORCEMENT,F0,Unknown,2.5,5.0,,,,,26.5,-82.06667,26.48333,-82.16667,,Law enforcement reported that the public observed a tornado sporadically touch down several times along a semi-wooded area of Sanibel Island before it lifted and dissipated near Captiva.,FL,2000-06-13 19:45:00,2000-06-13 19:50:00,True,True
1104972,5166972,Alabama,115,St. Clair,BMX,2000-12-16 14:20:00,CST,2000-12-16 14:31:00,2,0,0,0,175K,0K,NWS STORM SURVEY,F2,Unknown,8.5,200.0,,,,,33.78333,-86.31667,33.83333,-86.2,,"In St. Clair County, an F2 tornado track extended from near Cool Springs to south of Ashville to near Gum Springs Church. The total track was 8.5 miles long and about 200 yards wide at its widest point. The tornado began at 220 PM on County Road 31, just west of Cool Springs. The tornado lifted around 231 PM about 3 miles east of Ashville. Four houses sustained significant damage and two mobile homes were annihilated. A baseball park was damaged at the Ashville High School. Two injuries occurred near the beginning of the tornado track near Cool Springs. Beginning: 33 47.292/86 19.737 Ending: 33 50.819/86 12.055",AL,2000-12-16 14:20:00,2000-12-16 14:31:00,False,False
1104973,5166973,Alabama,55,Etowah,BMX,2000-12-16 14:46:00,CST,2000-12-16 14:59:00,14,0,0,0,10M,0K,NWS STORM SURVEY,F3,Unknown,8.1,500.0,,,,,34.05,-85.93333,34.08333,-85.81667,"Damage in Etowah and Cherokee counties was the result of an F3 tornado. The tornado track was 12.8 miles long and just over one quarter of a mile or about 500 yards wide at its widest point. The tornado touched down near Tidmore Bend, 5.3 miles east north east of the city of Gadsden, at 246 PM and lifted at 305 PM near Pollard Bend in Cherokee County. The tornado track was 8.1 miles in Etowah County and 4.7 miles in Cherokee County for a total of 12.8 miles.The most significant damage with the tornado was in the Coats Bend Community of Etowah County where 14 injuries occurred and approximately 250 homes were either totally destroyed or had major damage. Damage in Cherokee County was limited to downed trees and damage to a couple of structures. Beginning: 34 02.864/85 55.347 Ending: 34 06.877/85 42.900",,AL,2000-12-16 14:46:00,2000-12-16 14:59:00,False,False
1100037,5163613,Florida,105,Polk,TBW,2000-07-30 13:45:00,EST,2000-07-30 13:45:00,0,0,0,0,25K,0,NEWSPAPER,F0,Unknown,0.2,5.0,,,,,28.03333,-81.95,28.03333,-81.95,,A tornado briefly touched down and removed the roof of a weathered homes wood overhang and downed several large trees and branches near the intersection of Coral Way and Combee Roads in Lakeland.,FL,2000-07-30 14:45:00,2000-07-30 14:45:00,True,True
1099059,5165079,Maryland,3,Anne Arundel,LWX,2000-07-10 16:32:00,EST,2000-07-10 16:35:00,0,0,0,0,5K,,NWS STORM SURVEY,F1,Unknown,0.7,100.0,,,,,39.11667,-76.8,39.1,-76.81667,"Thunderstorms that produced winds in excess of 55 mph, large hail, heavy downpours, and frequent lightning moved across central Maryland during the evening of the 10th. The strongest storm produced a tornado that touched down extreme southern Howard County then moved east into Anne Arundel County. The F1 tornado was 100 yards wide and stayed on the ground for 2 miles. It formed just southeast of High Ridge then moved east and dissipated near Maryland City. It crossed Route 1 and passed through a populated area where it caused considerable damage. Near High Ridge, several trees and power lines were downed. The tornado blew out a plate glass window and damaged a revolving door. It also blew over a line of 6 power poles, two trailers, three 8000 lb. containers, and three semi-tractor trailers. Near Maryland City, several trees were downed onto roads and buildings and a trailer was damaged. Straight line winds in excess of 55 mph caused damage south of the tornado's path. A wind gust of 43 mph was recorded at Laurel in Howard County. In and around Anne Arundel County, trees were downed in Severna Park, Crofton, Crownsville, Hillsmere, Odenton, Edgewater, Savage, and Laurel. In Calvert County, a tree was downed onto a power line in Lusby. In St. Mary's County, trees were downed countywide. In Charles County, trees were downed in Bryan's Road, Waldorf, and La Plata. Lightning also started a fire at a home in Bryan's Road that extensively damaged the structure. A tree was felled onto a home in Waldorf. In Prince George's County, pea sized hail was reported in Greenbelt.",The tornado which came from Howard County downed several trees onto roads and buildings and onto commuter railroad tracks before it dissipated near Maryland City.,MD,2000-07-10 17:32:00,2000-07-10 17:35:00,True,True
1098639,5165080,Illinois,141,Ogle,LOT,2000-07-31 14:40:00,CST,2000-07-31 14:40:00,0,0,0,0,,,TRAINED SPOTTER,F0,Unknown,0.5,50.0,,,,,41.95,-88.96667,41.95,-88.96667,,"There were several reports of funnel clouds relayed through the county sherrif. The funnels were associated with an area of developing showers and thunderstorms in a relatively cool unstable airmass. A small tornado touched down briefly at a farm and moved southeast producing a damage path about 1/2 mile long and up to 150 feet wide. It damaged the roof and doors of a barn, damaged a machine shed and damaged trees. The siding was peeled off another nearby farm house. Trees were also damaged.",IL,2000-07-31 15:40:00,2000-07-31 15:40:00,True,True
1100033,5163609,Florida,101,Pasco,TBW,2000-07-28 19:38:00,EST,2000-07-28 19:40:00,0,0,0,0,0,0,TRAINED SPOTTER,F0,Unknown,0.1,5.0,,,,,28.41667,-82.36667,28.41667,-82.36667,,"A Skywarn Spotter reported that tornado briefly touched down near the intersection of County Road 581 and Johnston Road, approximately six miles west of Jessimine, in rural north central Pasco county.",FL,2000-07-28 20:38:00,2000-07-28 20:40:00,True,True
1098354,5163929,Florida,57,Hillsborough,TBW,2000-06-25 16:57:00,EST,2000-06-25 17:00:00,0,0,0,0,100K,0,EMERGENCY MANAGER,F0,Unknown,0.5,15.0,,,,,28.05,-82.6,28.03333,-82.58333,,"Hillsborough County Emergency Management reported that a tornado touched down and removed the roof of a mobile home, caused minor roof damage to four additional mobile homes and caused minor structural damage to 30 other mobile homes in the Colonial Coach MHP of the ""Town n Country"" area of western Hillsborough county.",FL,2000-06-25 17:57:00,2000-06-25 18:00:00,True,True
1098702,5164748,Ohio,15,Brown,ILN,2000-07-04 18:26:00,EST,2000-07-04 18:26:00,0,0,0,0,,,TRAINED SPOTTER,F0,Unknown,0.1,50.0,,,,,39.01667,-83.91667,39.01667,-83.91667,,A tornado made a brief touch down in a field. No damage occurred with this tornado.,OH,2000-07-04 19:26:00,2000-07-04 19:26:00,True,True
1098271,5164622,Montana,75,Powder River,BYZ,2000-07-05 16:25:00,MST,2000-07-05 16:25:00,0,0,0,0,,,TRAINED SPOTTER,F0,42-72 mph,0.5,50.0,,,,,45.45,-105.93333,45.45,-105.93333,,NWS post storm ground survey confirmed an F0 (winds 42-72 mph) tornado. Tornado damaged some trees. This was the same tornado that touched down 5 miles north of Epsie at 1804 MST.,MT,2000-07-05 17:25:00,2000-07-05 17:25:00,True,True
1105525,5167446,Georgia,245,Richmond,CAE,2000-12-17 00:10:00,EST,2000-12-17 00:20:00,8,0,0,0,,0,NWS STORM SURVEY,F2,Unknown,2.0,60.0,,,,,33.31667,-81.96667,33.33333,-81.96667,,"An F2 tornado intermittently touched down along a 2 mile path. Extensive damage was done to the Timberidge subdivision and to other homes and mobile homes along its path. Eight people were injurred, one seriously. There were no deaths.",GA,2000-12-17 00:10:00,2000-12-17 00:20:00,False,False
1098672,5165142,Kansas,87,Jefferson,TOP,2000-07-17 15:47:00,CST,2000-07-17 15:47:00,0,0,0,0,,,LAW ENFORCEMENT,F0,Unknown,0.1,50.0,,,,,39.25,-95.23333,39.25,-95.23333,,A tornado touched down briefly over open country.,KS,2000-07-17 16:47:00,2000-07-17 16:47:00,True,True
1098927,5164981,New York,119,Westchester,OKX,2000-06-02 18:05:00,EST,2000-06-02 18:05:00,2,0,0,0,,,NWS STORM SURVEY,F1,Unknown,0.3,33.0,,,,,41.28333,-73.93333,41.28333,-73.93333,"Lines of severe thunderstorms swept southeast across the region. They produced one F1 tornado, one funnel cloud, and high winds that downed many trees and power lines and caused at least 11 injuries, 8 of which were in New York City.Based on a storm survey performed by NWS staff, an F1 tornado occurred around 7:05 pm EDT in the continental village region of the town of Cortlandt, about 3 miles north of Peekskill on the Westchester and Putnam Counties border. The tornado was classified as an F1 based on tree damage and their associated patterns. Touch down was on the southwest corner of the intersection of Highland Drive and Heath Terrace. The tornado moved northeast along the southeast shore of Cortlandt Lake in a counter-clockwise arched pattern lifting just south of the intersection of Schuyler Lane and Putnam Road. The Path Length was about 0.3 miles and Path Width averaged 33 yards. In the vicinity of Tyron Circle and Putnam Road, the tornado was at its' widest and strongest. Damage occurred to about 20 houses, with 7 houses incurring moderate damage. The tornado apparently reformed in 2 other locations as the severe thunderstorm moved east: Sprout Brook Road (Path Length about 0.15 miles) and Lakeview Road (Path Length just less than 0.1 miles). Numerous trees of 1 1/2 to 2 feet in diameter were snapped, mainly about 20 to 25 feet above the ground. Three telephone poles were snapped in the middle. Meteorologically, this tornado formed on the roll of a gust front that moved nearly 50 mph across the region and was likely on the ground for less than 1 minute.Here's a brief summary of damage reports received:In Orange County, a 60 mph wind gust was reported at the Plattekill Service Area along the NYS Thruway, just north of Leptondale. There were numerous reports of wires down, trees down on houses and cars and trees blocking roads in the vicinity of Wawayanda, Middletown, Cornwall, Goshen, Chester, and Newburgh.In Rockland County, a tree fell on and damaged a house on Mountain Avenue in Hillburn. Trees were also downed in New City. A large tree fell on a car in Haverstraw.In Putnam County, several trees and power lines were downed in Carmel and Brewster.In Westchester County, numerous trees were downed at Croton On Hudson, numerous trees and power lines were downed at Ossining, a tree fell on a house at Yonkers, and trees were downed in Valhalla.In Bronx County, numerous trees were downed countywide.In Kings County, one person was injured when a large store sign fell on top of people. A large inflatable structure was blown over. Lightning struck a tent at Old Fulton and Everett Streets around 8:40 pm EDT, which caused 5 injuries.In New York County, a scaffold collapsed on 7 cars at 94th Street and Second Avenue at 7:55 pm EDT. Debris blew off a scaffold and fell on and injured one person at 84th Street and Broadway around 8:00 pm. A tree fell on and injured one child at 214th Street and Indian Road around 8:00 pm. At Central Park, a peak wind gust of 38 mph occurred from the north at 7:38 pm.In Queens County, a spotter estimated a wind gust to 80 mph that caused a building collapse in Rockaway Beach. Numerous trees were downed in Queens Village. At JFK Airport, a peak wind gust of 45 mph occurred from the northwest at 7:59 pm EDT. At LaGuardia Airport, a peak wind gust of 44 mph occurred from the northwest at 7:42 pm.In Nassau County, a 60 mph wind gust caused wind damage in Levittown.In Suffolk County, high winds downed trees in Stony Brook and Setauket. One tree fell onto a car that injured a passenger on Lower Sheep Pasture Road around 8:03 pm EDT. An airplane pilot saw a funnel cloud and reported 0.75-inch diameter hail in Smithtown around 8:12 pm. A large tree was downed in Wading River around 8:17 pm.",,NY,2000-06-02 19:05:00,2000-06-02 19:05:00,True,True
1099152,5164360,Iowa,155,Pottawattamie,OAX,2000-07-26 17:00:00,CST,2000-07-26 17:05:00,0,0,0,0,,,TRAINED SPOTTER,F0,Unknown,0.1,10.0,,,,,41.43333,-95.2,41.43333,-95.2,,"A brief touchdown of a very narrow and short-lived tornado. The storm spotter that reported it said it appeared and then dissipated in a matter of 15 or 20 seconds, ""it was very snake-like in appearance"" according to the spotter.",IA,2000-07-26 18:00:00,2000-07-26 18:05:00,True,True
1098268,5164186,Montana,75,Powder River,BYZ,2000-07-05 18:04:00,MST,2000-07-05 18:04:00,0,0,0,0,,,TRAINED SPOTTER,F0,42-72 mph,0.5,50.0,,,,,45.6,-105.63333,45.6,-105.63333,,"NWS post storm ground survey confirmed an F0 (winds 42-72 mph) tornado 5 miles north of Epsie, or about 10 miles northwest of Broadus. The tornado was on the ground for 1 minute. The path of the tornado was 1/2 mile long and 50 yards wide. The tornado remained over open range and caused no damage.",MT,2000-07-05 19:04:00,2000-07-05 19:04:00,True,True
1098356,5163931,Florida,105,Polk,TBW,2000-06-27 16:35:00,EST,2000-06-27 16:40:00,0,0,0,0,20K,0,FIRE DEPT/RESCUE SQUAD,F0,Unknown,0.1,5.0,,,,,27.9,-81.98333,27.9,-81.98333,,The Mulberry Fire Department reported that several eyewitnesses observed a tornado touch down and cause minor damage to the roof of the Arroyo Pumps building located along State Road 60 in Mulberry.,FL,2000-06-27 17:35:00,2000-06-27 17:40:00,True,True
1098723,5165209,Minnesota,159,Wadena,FGF,2000-07-08 20:20:00,CST,2000-07-08 20:43:00,3,0,0,0,500K,,NWS STORM SURVEY,F2,Unknown,8.0,100.0,,,,,46.4,-95.01667,46.35,-94.86667,,"A tornado that formed near Verndale intensified as it reached the Aldrich area. A mobile home, garage, barn, and 3 vehicles were destroyed 3 miles east of Aldrich. Two people, inside the mobile home when the tornado hit, suffered cuts, bruises, and a sprained ankle. The couples' son, sitting inside a car parked outside the mobile home, also sustained cuts and bruises. A horse trailer was pushed into his car and then into some nearby trees. Quite a bit of tree damage occurred along the damage path. The tornado then passed out of Wadena county and into Todd county.",MN,2000-07-08 21:20:00,2000-07-08 21:43:00,True,True
1099572,5163653,Florida,51,Hendry,MFL,2000-08-02 12:00:00,EST,2000-08-02 12:00:00,0,0,0,0,,,AIRPLANE PILOT,F0,Unknown,0.1,10.0,,,,,26.33333,-80.98333,26.33333,-80.98333,,A pilot reported a brief tornado touched down in the Everglades.,FL,2000-08-02 13:00:00,2000-08-02 13:00:00,True,True
1099191,5163659,Idaho,51,Jefferson,PIH,2000-07-17 16:40:00,MST,2000-07-17 16:43:00,0,0,0,0,,,TRAINED SPOTTER,F0,Unknown,2.0,10.0,,,,,43.71667,-112.2,43.71667,-112.2,,A brief touchdown from a weak tornado that caused no damage.,ID,2000-07-17 17:40:00,2000-07-17 17:43:00,True,True
1098756,5164069,Nebraska,7,Banner,CYS,2000-07-05 16:45:00,MST,2000-07-05 16:50:00,0,0,0,0,,,TRAINED SPOTTER,F0,Unknown,0.3,40.0,,,,,41.55,-103.48333,41.55,-103.48333,,Tornado reported over open country along the Banner-Morrill county line.,NE,2000-07-05 17:45:00,2000-07-05 17:50:00,True,True
1098951,5165335,New Mexico,41,Roosevelt,ABQ,2000-07-03 16:30:00,MST,2000-07-03 16:30:00,0,0,0,0,,,LAW ENFORCEMENT,F0,Unknown,0.1,30.0,,,,,33.93333,-103.65,33.93333,-103.65,,Brief tornado and other funnel clouds reported over open range near Elida.,NM,2000-07-03 17:30:00,2000-07-03 17:30:00,True,True
1098748,5164061,Nebraska,123,Morrill,CYS,2000-07-05 16:36:00,MST,2000-07-05 16:40:00,0,0,0,0,,,EMERGENCY MANAGER,F0,Unknown,0.1,30.0,,,,,41.75,-103.21667,41.75,-103.21667,,Brief tornado reported over open country.,NE,2000-07-05 17:36:00,2000-07-05 17:40:00,True,True
1100214,5162983,Georgia,229,Pierce,JAX,2000-07-07 16:25:00,EST,2000-07-07 16:30:00,0,0,0,0,5.5K,,EMERGENCY MANAGER,F0,Unknown,0.1,10.0,,,,,31.25,-82.25,31.25,-82.25,,Weak FO. Damages a shed and chicken-house.,GA,2000-07-07 17:25:00,2000-07-07 17:30:00,True,True
1100099,5163269,Minnesota,121,Pope,MPX,2000-07-07 19:55:00,CST,2000-07-07 20:00:00,0,0,0,0,,,LAW ENFORCEMENT,F0,Unknown,0.1,20.0,,,,,45.46667,-95.16667,45.46667,-95.16667,,"Touchdown developed over open field, no damage reported.",MN,2000-07-07 20:55:00,2000-07-07 21:00:00,True,True
1104971,5166971,Alabama,125,Tuscaloosa,BMX,2000-12-16 12:54:00,CST,2000-12-16 13:12:00,144,0,11,0,12.5M,0K,NWS STORM SURVEY,F4,Unknown,18.0,750.0,,,,,33.05,-87.7,33.2,-87.4,,"The tornado began in southwestern Tuscaloosa County on the west side of the Black Warrior River. Traveling in a northeasterly direction the tornado moved from a rural, unpopulated area of the Black Warrior River into an area of homes south of Shelton State Community College. The tornado crossed SR 69 destroying a nearly complete shopping center which included a Winn Dixie store. East of SR 69 the tornado destroyed a number of houses and residential structures. As the tornado reached US 82 it destroyed a number of mobile homes where several deaths were reported. From US 82 the tornado continued northeasterly downing numerous trees and power lines and damaging residential structures. The tornado crossed I-20/59 just west of exit 77 where many trees were uprooted or snapped off. Minor damage occurred to the JVC manufacturing facility. At exit 77 a number of commercial structures including hotels, fast food restaurants, and truck stops sustained damage including a number of vehicles that were overturned. The tornado continued northeasterly for a couple of miles before dissipating rapidly. Ironically, the tornado dissipated as it moved into an open, unpopulated area. The tornado was spawned by a supercell thunderstorm that originated in Mississippi. This thunderstorm was responsible for additional tornado damage in St. Clair and Etowah counties.Tuscaloosa EMA reported 11 fatalities with this tornado along with 144 injuries. Nine of the fatalities occurred in mobile homes, one in a vehicle, and one in a commercial building converted to residential use. Six of those killed were females and five were males. Ages ranged from 16 months to 83 years old. There were 251 single family dwellings affected (43 destroyed, 76 with major damage, 138 with minor damage), 179 mobile homes affected (79 destroyed, 23 with major damage, 77 with minor damage), and 13 businesses affected (1 destroyed, 7 with major damage, 5 with minor damage).The tornado was on the ground for a total of 18 miles, all within Tuscaloosa County. The tornado path was estimated to be 750 yards wide at it's maximum intensity. This tornado was rated an F4 on the Fujita Scale for tornado intensity. Tornado intensity varied along the path with considerable F2 and F3 damage in the area from just west of SR 69 to US 82 in the Hinton Place and Hillcrest Meadows areas as well as the Bear Creek area. It was also in these areas where pockets of F4 destruction occurred. The tornado first touched down at 12:54 PM and dissipated at 1:12 PM with a forward speed of approximately 60 mph. Beginning: 33 03.225/87 39.239 Ending: 33 12.065/87 24.292",AL,2000-12-16 12:54:00,2000-12-16 13:12:00,False,False
1100075,5163225,Maryland,41,Talbot,PHI,2000-07-15 16:30:00,EST,2000-07-15 16:30:00,0,0,0,0,1K,0,GENERAL PUBLIC,F0,Unknown,0.3,25.0,,,,,38.75,-76.18333,38.75,-76.18333,"A thunderstorm produced several funnel clouds over Chesapeake Bay and its tributaries around Talbot County. Two of the funnels became waterspouts on the Miles River near Newcomb and Oak Creek. The waterspouts were captured on video. One briefly came inland as a weak (F0) tornado. The tornado carried a swing chair and wrapped it around one tree, tossed a rowboat, knocked down an outhouse and knocked down a couple of trees. No serious injuries were reported. The same parent thunderstorm dropped hail as large as quarters from Royal Oak to Easton and caused wind damage to one store in the Easton Plaza. Heavy rain fell again on Saint Michaels and caused roadway flooding and flooded one basement.",,MD,2000-07-15 17:30:00,2000-07-15 17:30:00,True,True
1100224,5162948,Florida,121,Suwannee,JAX,2000-07-20 14:35:00,EST,2000-07-20 14:35:00,0,0,0,0,1K,,EMERGENCY MANAGER,F0,Unknown,0.1,10.0,,,,,30.31667,-83.16667,30.31667,-83.1,,Weak FO. Large trees were damaged.,FL,2000-07-20 15:35:00,2000-07-20 15:35:00,True,True
1099213,5163396,Colorado,61,Kiowa,PUB,2000-07-22 17:56:00,MST,2000-07-22 17:58:00,0,0,0,0,,,STORM CHASER,F0,Unknown,1.0,100.0,,,,,38.61667,-102.7,38.6,-102.7,,"A long lasting supercell moved south across Kiowa, Bent, Prowers, and Baca counties over a three and a half hour time frame. The main damage was caused by high winds and large hail. The majority of the damage was around the mesocyclone, which tracked across central Kiowa, eastern Bent, and western Baca counties. From time to time, the mesocyclone produced brief tornadoes. Tornado paths were not found during a damage survey, owing to the lack of trees, crops, fence line, and roads. Photographic evidence and eyewitness accounts of the tornadoes was helpful in estimating the path lengths and size of the tornadoes. The first reported tornado was short-lived and over open country of north-central Kiowa county and caused no known damage.",CO,2000-07-22 18:56:00,2000-07-22 18:58:00,True,True
1099212,5163027,Colorado,71,Las Animas,PUB,2000-07-21 16:11:00,MST,2000-07-21 16:13:00,0,0,0,0,,,OFFICIAL NWS OBS.,F0,Unknown,0.5,50.0,,,,,37.5,-104.13333,37.5,-104.13333,,"A small, short-lived tornado caused no known damage over open country of north-central Las Animas county.",CO,2000-07-21 17:11:00,2000-07-21 17:13:00,True,True
1099211,5163024,Colorado,9,Baca,PUB,2000-07-20 17:20:00,MST,2000-07-20 17:25:00,0,0,0,0,,,NEWSPAPER,F0,Unknown,0.5,50.0,,,,,37.6,-102.86667,37.6,-102.86667,,"A small, shortlived landspout tornado caused no known damage over open country of northwest Baca county.",CO,2000-07-20 18:20:00,2000-07-20 18:25:00,True,True
1099211,5163026,Colorado,41,El Paso,PUB,2000-07-20 12:58:00,MST,2000-07-20 13:00:00,0,0,0,0,,,LAW ENFORCEMENT,F0,Unknown,0.1,25.0,,,,,38.86667,-104.71667,38.86667,-104.71667,,"A brief, small tornado hit the yard of a residence, pushing down part of a wooden fence and taking a few limbs off a tree. It then moved into a field and lifted.",CO,2000-07-20 13:58:00,2000-07-20 14:00:00,True,True
1105462,5167809,Georgia,95,Dougherty,TAE,2000-12-16 16:50:00,EST,2000-12-16 17:05:00,0,0,0,0,750K,,LAW ENFORCEMENT,F2,Unknown,6.0,75.0,,,,,31.58333,-84.33333,31.61667,-84.2,,"An F2 tornado damaged the main house and several surrounding structures at Abigail Plantation off Old Tallahassee Road, as well as several other homes on Old Dawson and Springhill Roads. Hundreds of plantation trees were uprooted. Downed power poles affected 300 customers in northwest Albany. A few storage buildings were damaged at the Cookville Trailer Park just west of Albany. Reported by the Dougherty County Police and WALB-TV Albany.",GA,2000-12-16 16:50:00,2000-12-16 17:05:00,False,False
1105463,5167810,Alabama,61,Geneva,TAE,2000-12-16 11:34:00,EST,2000-12-16 11:40:00,9,0,1,0,2.5M,,EMERGENCY MANAGER,F2,Unknown,4.5,100.0,,,,,31.01667,-85.9,31.06667,-85.85,,"An F2 tornado touched down on West Hendrix Avenue, just north of Highway 27 South, then tore through the Devco Community, Geneva, AL and continued on through the Bellwood Community just east of Highway 85 before lifting. In its wake, the tornado damaged up to 100 homes and destroyed five mobile homes, damaged or destroyed 15 vehicles, and downed numerous trees and power lines. About 6,000 county businesses and homes were without power until the following day. One woman was killed when her mobile home was hurled about 200 feet and destroyed. Nine others were injured, one of them seriously. Geneva County was declared a federal disaster area. Reported by the Geneva County EMA.",AL,2000-12-16 11:34:00,2000-12-16 11:40:00,False,False
1100099,5163267,Minnesota,121,Pope,MPX,2000-07-07 19:22:00,CST,2000-07-07 19:30:00,0,0,0,0,,,STORM CHASER,F0,Unknown,1.0,20.0,,,,,45.63333,-95.48333,45.61667,-95.45,,"Touchdown occurred briefly on the northwest shore of Lake Minnewaska, then moved onto the lake and dissipated. No damage reported.",MN,2000-07-07 20:22:00,2000-07-07 20:30:00,True,True
1100044,5162485,Florida,101,Pasco,TBW,2000-07-15 10:33:00,EST,2000-07-15 10:33:00,0,0,0,0,0,0,AMATEUR RADIO,F0,Unknown,0.1,5.0,,,,,28.31667,-82.58333,28.31667,-82.58333,,An amateur radio operator reported that a tornado briefly touched down without damage near the intersection of State Road 52 and Hayes Road.,FL,2000-07-15 11:33:00,2000-07-15 11:33:00,True,True
1104176,5162195,Oklahoma,15,Caddo,OUN,2000-10-22 15:14:00,CST,2000-10-22 15:26:00,0,0,0,0,2K,,LAW ENFORCEMENT,F0,Unknown,4.0,30.0,,,,,35.25,-98.25,35.35,-98.23333,"Significant flash flooding and 6 tornadoes, mostly small, weak and short-lived, developed on the 22nd, across a 35 mile wide band from near Frederick in southwest Oklahoma northeastward to near Chandler in central Oklahoma. Rainfall amounts in this band averaged 4 to 8 inches. Anadarko in Caddo County, received 10 inches, which classifies as a 250-year rain event. Record-like flooding developed in some areas, particularly across southern Caddo and Grady Counties, from near Apache and Anadarko to near Chickasha.","This tornado developed east of Binger, about 2 miles south of the Highway 152/Highway 281 intersection and was observed by 4 people. It tracked northward for 4 miles before dissipating, blowing over 2 old, wooden barns, a medium-sized tree, and damaging another medium-sized tree.",OK,2000-10-22 16:14:00,2000-10-22 16:26:00,True,True
1099792,5162688,South Dakota,13,Brown,ABR,2000-07-11 12:45:00,CST,2000-07-11 12:48:00,0,0,0,0,,,NWS STORM SURVEY,F0,Unknown,0.1,10.0,,,,,45.4,-98.48333,45.4,-98.48333,,A small tornado touched downed briefly south of Aberdeen. No damage occurred.,SD,2000-07-11 13:45:00,2000-07-11 13:48:00,True,True
1104298,5161925,Alabama,65,Hale,BMX,2000-11-08 18:48:00,CST,2000-11-08 18:49:00,0,0,0,0,10K,0K,NWS STORM SURVEY,F0,Unknown,1.0,40.0,,,,,32.86667,-87.68333,32.86667,-87.66667,,"A weak tornado briefly touched down east of Akron. The tornado first touched down near the end of Long Hill Road, off CR 21. One mobile home sustained roof and awning damage, one garage roof was blown off and destroyed, and one out-building was destroyed. Several trees along the path were blown down or snapped off.Beginning: 32 52.226/87 41.621 Ending: 32 52.984/87 40.988",AL,2000-11-08 18:48:00,2000-11-08 18:49:00,False,False
1100099,5163266,Minnesota,121,Pope,MPX,2000-07-07 18:58:00,CST,2000-07-07 19:10:00,0,0,0,0,,,LAW ENFORCEMENT,F0,Unknown,0.3,20.0,,,,,45.7,-95.53333,45.7,-95.53333,,Touchdown occurred over open field. A few large trees reported down across area.,MN,2000-07-07 19:58:00,2000-07-07 20:10:00,True,True
1100104,5163249,Minnesota,173,Yellow Medicine,MPX,2000-07-25 16:57:00,CST,2000-07-25 17:25:00,15,0,1,0,20M,,NWS STORM SURVEY,F4,Unknown,9.0,167.0,,,,,44.9,-95.66667,44.81667,-95.55,,"The tornado first touched down in rural Yellow Medicine County, 8 miles west, and 3 miles north of Granite Falls. The tornado lifted before exiting Granite Falls, leaving the most concentrated damage path two miles long, and 500 feet wide, through a primarily residential area of Granite Falls. Most of the damage in Granite Falls was caused by F2 to F3 wind speeds. However, this tornado has been classified as a minimal F4 tornado, based on the twisted wreckage of an overturned railroad car near the intersection of 9th Avenue and 14th street in Granite Falls.",MN,2000-07-25 17:57:00,2000-07-25 18:25:00,True,True
1100104,5163250,Minnesota,73,Lac Qui Parle,MPX,2000-07-25 16:38:00,CST,2000-07-25 16:42:00,0,0,0,0,,,GENERAL PUBLIC,F0,Unknown,0.1,10.0,,,,,44.93333,-95.9,44.93333,-95.9,,Minor crop damage.,MN,2000-07-25 16:38:00,2000-07-25 16:42:00,False,False
1100104,5163251,Minnesota,173,Yellow Medicine,MPX,2000-07-25 16:45:00,CST,2000-07-25 16:50:00,0,0,0,0,,,FIRE DEPT/RESCUE SQUAD,F0,Unknown,0.2,20.0,,,,,44.65,-96.26667,44.65,-96.26667,,"No damage, touchdown in open field.",MN,2000-07-25 17:45:00,2000-07-25 17:50:00,True,True
1100104,5163253,Minnesota,95,Mille Lacs,MPX,2000-07-25 14:50:00,CST,2000-07-25 14:52:00,0,0,0,0,,,TRAINED SPOTTER,F0,Unknown,0.2,30.0,,,,,45.78333,-93.7,45.78333,-93.7,,Touched down in open field. No damage.,MN,2000-07-25 15:50:00,2000-07-25 15:52:00,True,True
1099681,5162575,Wisconsin,75,Marinette,GRB,2000-07-27 19:07:00,CST,2000-07-27 19:10:00,0,0,0,0,,,TRAINED SPOTTER,F0,Unknown,0.4,50.0,,,,,45.1,-87.85,45.1,-87.83333,Isolated tornadoes touched down briefly in Marinette county and downed several trees. The tornadoes formed under a closed upper low. The first tornado report was received even before the storm became visible on radar.,,WI,2000-07-27 20:07:00,2000-07-27 20:10:00,True,True
1099681,5162576,Wisconsin,75,Marinette,GRB,2000-07-27 19:30:00,CST,2000-07-27 19:30:00,0,0,0,0,,,LAW ENFORCEMENT,F0,Unknown,0.1,25.0,,,,,45.05,-87.78333,45.05,-87.78333,Isolated tornadoes touched down briefly in Marinette county and downed several trees. The tornadoes formed under a closed upper low. The first tornado report was received even before the storm became visible on radar.,,WI,2000-07-27 20:30:00,2000-07-27 20:30:00,True,True
1105640,5178403,South Carolina,1,Abbeville,GSP,2000-12-16 22:10:00,EST,2000-12-16 22:10:00,0,0,0,0,,,GENERAL PUBLIC,F0,Unknown,0.1,0.1,,,,,34.1,-82.63333,34.1,-82.63333,"The northern end of a squall line, preceding a strong cold front that would cross the region that night, brought strong winds to Upstate South Carolina, and produced a brief tornado near Calhoun Falls. Fortunately, damage was minimal.",A short-lived tornado shook a house and tore off a satellite dish near Calhoun Falls.,SC,2000-12-16 22:10:00,2000-12-16 22:10:00,False,False
1099680,5176192,Wisconsin,29,Door,GRB,2000-07-13 14:55:00,CST,2000-07-13 14:55:00,0,0,0,0,,,TRAINED SPOTTER,F0,Unknown,0.1,50.0,,,,,44.7,-87.48333,44.7,-87.48333,Sunny skies and lingering low level moisture allowed the atmosphere to destabilize. Weak surface troughs combined with upper support to initiate storms. The storms downed trees and power lines and dropped large hail as they moved through northeast Wisconsin. Two people were injured by quarter size hail at a golf course in Alaska (Kewaunee co.). A tornado briefly touched down northeast of Forestville (Door co.) with one of the storms.,Brief touchdown,WI,2000-07-13 15:55:00,2000-07-13 15:55:00,True,True
1099490,5176643,Nebraska,185,York,GID,2000-06-11 18:00:00,CST,2000-06-11 18:02:00,0,0,0,0,0,0,TRAINED SPOTTER,F0,Unknown,0.5,10.0,,,,,40.83333,-97.63333,40.83333,-97.63333,"A nearly stationary frontal boundary was the focus for severe thunderstorms across a small part of south-central Nebraska. Shortly before 7 pm, thunderstorms in York county produced two brief tornadoes. Both tornadoes set down in unpopulated areas and were seen from many miles away. Later, as the storms built north and northwest, a sheriff's deputy reported a brief tornado northeast of Benedict. Just before midnight, an isolated severe thunderstorm produced a tornado. This time, the tornado was 4 miles north of Shickley, and was seen by the public and trained spotters. No significant damage was reported with any of the short-lived touchdowns.",,NE,2000-06-11 19:00:00,2000-06-11 19:02:00,True,True
1099490,5176646,Nebraska,59,Fillmore,GID,2000-06-11 21:59:00,CST,2000-06-11 22:05:00,0,0,0,0,0,50K,LAW ENFORCEMENT,F0,Unknown,1.0,20.0,,,,,40.46667,-97.71667,40.48333,-97.71667,"A nearly stationary frontal boundary was the focus for severe thunderstorms across a small part of south-central Nebraska. Shortly before 7 pm, thunderstorms in York county produced two brief tornadoes. Both tornadoes set down in unpopulated areas and were seen from many miles away. Later, as the storms built north and northwest, a sheriff's deputy reported a brief tornado northeast of Benedict. Just before midnight, an isolated severe thunderstorm produced a tornado. This time, the tornado was 4 miles north of Shickley, and was seen by the public and trained spotters. No significant damage was reported with any of the short-lived touchdowns.",,NE,2000-06-11 22:59:00,2000-06-11 23:05:00,True,True
1099532,5176011,Colorado,125,Yuma,GLD,2000-07-19 21:05:00,MST,2000-07-19 21:05:00,0,0,0,0,,,TRAINED SPOTTER,F0,Unknown,0.2,10.0,,,,,39.66667,-102.3,39.66667,-102.3,,Brief touchdown of weak Tornado.,CO,2000-07-19 22:05:00,2000-07-19 22:05:00,True,True
1105822,5177931,Missouri,27,Callaway,LSX,2000-02-29 18:17:00,CST,2000-02-29 18:19:00,0,0,0,0,,,NWS STORM SURVEY,F0,Unknown,2.5,40.0,,,,,39.0,-91.98333,39.01667,-91.95,,A small tornado formed northwest of Kingdom City and traveled about 2.5 miles to just west of Auxvasse. One barn was destroyed and several trees were either uprooted or snapped off 4 to 5 feet above the ground along the path.,MO,2000-02-29 18:17:00,2000-02-29 18:19:00,False,False
1099254,5175774,Wisconsin,13,Burnett,DLH,2000-07-08 17:35:00,CST,2000-07-08 17:40:00,0,0,0,0,,,TRAINED SPOTTER,F0,Unknown,0.5,25.0,,,,,45.71667,-92.3,45.71667,-92.3,,"A weak, short-lived tornado knocked down trees and tore the door and frame from a barn. This tornado continued into Polk County.",WI,2000-07-08 18:35:00,2000-07-08 18:40:00,True,True
1099490,5176644,Nebraska,185,York,GID,2000-06-11 18:20:00,CST,2000-06-11 18:22:00,0,0,0,0,0,0,LAW ENFORCEMENT,F0,Unknown,0.5,10.0,,,,,41.01667,-97.58333,41.01667,-97.58333,"A nearly stationary frontal boundary was the focus for severe thunderstorms across a small part of south-central Nebraska. Shortly before 7 pm, thunderstorms in York county produced two brief tornadoes. Both tornadoes set down in unpopulated areas and were seen from many miles away. Later, as the storms built north and northwest, a sheriff's deputy reported a brief tornado northeast of Benedict. Just before midnight, an isolated severe thunderstorm produced a tornado. This time, the tornado was 4 miles north of Shickley, and was seen by the public and trained spotters. No significant damage was reported with any of the short-lived touchdowns.",,NE,2000-06-11 19:20:00,2000-06-11 19:22:00,True,True
1099490,5176642,Nebraska,185,York,GID,2000-06-11 17:45:00,CST,2000-06-11 17:47:00,0,0,0,0,0,0,GENERAL PUBLIC,F0,Unknown,0.5,5.0,,,,,40.78333,-97.61667,40.78333,-97.63333,"A nearly stationary frontal boundary was the focus for severe thunderstorms across a small part of south-central Nebraska. Shortly before 7 pm, thunderstorms in York county produced two brief tornadoes. Both tornadoes set down in unpopulated areas and were seen from many miles away. Later, as the storms built north and northwest, a sheriff's deputy reported a brief tornado northeast of Benedict. Just before midnight, an isolated severe thunderstorm produced a tornado. This time, the tornado was 4 miles north of Shickley, and was seen by the public and trained spotters. No significant damage was reported with any of the short-lived touchdowns.",,NE,2000-06-11 18:45:00,2000-06-11 18:47:00,True,True
1105821,5177930,Florida,127,Volusia,MLB,2000-09-17 17:45:00,EST,2000-09-17 17:45:00,0,0,0,0,10K,,NEWSPAPER,F0,Unknown,0.5,80.0,,,,,29.06667,-80.93333,29.06667,-80.93333,,"An F0 tornado associated with the outer rainbands of Hurricane Gordon touched in the Ponce Inlet area just north of New Smyrna Beach. The small tornado tore a large awning from one home and hurled it into the roof of the home across the street. Power was lost in the neighborhood, trees were snapped off and signs and mailboxes were blown down.",FL,2000-09-17 18:45:00,2000-09-17 18:45:00,True,True
1100010,5162771,Florida,75,Levy,TBW,2000-07-18 12:30:00,EST,2000-07-18 12:30:00,0,0,0,0,0,0,EMERGENCY MANAGER,F0,Unknown,0.1,5.0,,,,,29.25,-82.73333,29.25,-82.73333,,The Levy County Emergency Management reported that a tornado briefly touched down along U.S. Highway 19 near Gulf Hammock.,FL,2000-07-18 13:30:00,2000-07-18 13:30:00,True,True
1099213,5163097,Colorado,61,Kiowa,PUB,2000-07-22 18:11:00,MST,2000-07-22 18:25:00,0,0,0,0,,,LAW ENFORCEMENT,F0,Unknown,3.0,100.0,,,,,38.51667,-102.68333,38.48333,-102.71667,,"The supercell cycled another tornado. The nearly continuous path was over open country. Because of the lack of trees, crops, fence line, and roads, the exact path of the tornado was difficult to determine, and no damage was discovered.",CO,2000-07-22 19:11:00,2000-07-22 19:25:00,True,True
1099213,5163098,Colorado,99,Prowers,PUB,2000-07-22 18:58:00,MST,2000-07-22 19:04:00,0,0,0,0,,,GENERAL PUBLIC,F0,Unknown,3.0,50.0,,,,,38.16667,-102.61667,38.13333,-102.61667,,"What was likely a landspout tornado on the southeast side of the supercell traveled through open country. Because of the lack of trees, crops, fence line, and roads, the exact path of the tornado was difficult to determine, and no damage was discovered.",CO,2000-07-22 19:58:00,2000-07-22 20:04:00,True,True
1099213,5163099,Colorado,11,Bent,PUB,2000-07-22 19:00:00,MST,2000-07-22 19:10:00,0,0,0,0,,,LAW ENFORCEMENT,F0,Unknown,4.0,100.0,,,,,38.2,-102.76667,38.15,-102.81667,,"The supercell cycled another weak tornado northeast of McClave over open country. Because of the lack of trees, crops, fence line, and roads, the exact path of the tornado was difficult to determine, and there was no damage discovered.",CO,2000-07-22 20:00:00,2000-07-22 20:10:00,True,True
1105131,5165497,North Carolina,51,Cumberland,RAH,2000-12-17 00:00:00,EST,2000-12-17 00:00:00,0,0,0,0,,,"AWOS,ASOS,MESONET,ETC",F0,Unknown,0.1,25.0,,,,,35.16667,-78.98333,35.16667,-78.98333,,Observers at Pope AFB reported a tornado moving northeast.,NC,2000-12-17 00:00:00,2000-12-17 00:00:00,False,False
1105131,5165498,North Carolina,85,Harnett,RAH,2000-12-17 00:10:00,EST,2000-12-17 00:10:00,0,0,0,0,,,LAW ENFORCEMENT,F0,Unknown,0.1,25.0,,,,,35.28333,-78.93333,35.28333,-78.93333,,Windows were blown out of buildings at Ray Road and Hwy 210.,NC,2000-12-17 00:10:00,2000-12-17 00:10:00,False,False
1100105,5162908,Minnesota,19,Carver,MPX,2000-07-25 19:15:00,CST,2000-07-25 19:18:00,0,0,0,0,,,TRAINED SPOTTER,F0,Unknown,0.1,20.0,,,,,44.9,-93.83333,44.9,-93.83333,,Six to ten acres of corn flattened.,MN,2000-07-25 20:15:00,2000-07-25 20:18:00,True,True
1105131,5165499,North Carolina,85,Harnett,RAH,2000-12-17 00:15:00,EST,2000-12-17 00:15:00,0,0,0,0,,,EMERGENCY MANAGER,F0,Unknown,0.1,25.0,,,,,35.41667,-78.68333,35.41667,-78.68333,,"Large tree limbs were blown down, smashing car windows.",NC,2000-12-17 00:15:00,2000-12-17 00:15:00,False,False
1101825,5169968,Rhode Island,7,Providence,BOX,2000-08-16 14:00:00,EST,2000-08-16 14:00:00,0,0,0,0,,,GENERAL PUBLIC,F0,Unknown,0.2,15.0,,,,,41.85,-71.76667,41.85,-71.76667,"A weak tornado briefly touched down in a high elevation portion of North Foster. The location was on East Killingly Road, about 2 miles east of the Connecticut state line, at an elevation of 670 feet. The damage was isolated, with a large part of a tall pine tree snapped off near the top, and large branches near one foot in diameter taken down. Large limbs were broken off an oak tree adjacent to the pine. An apple tree was downed, and a six-foot wooden table was overturned. Aside from this, there was no damage evident anywhere else in the vicinity.Based upon the damage observed, the tornado was rated an F0, with wind speeds of 40 to 72 mph. The path length was only 0.2 mile and the width was 15 yards. The funnel was observed moving from southwest to northeast.Also that afternoon, another severe thunderstorm dropped dime size hail in Coventry.",Brief weak tornado,RI,2000-08-16 15:00:00,2000-08-16 15:00:00,True,True
1105464,5168216,Florida,59,Holmes,TAE,2000-12-16 14:24:00,EST,2000-12-16 14:30:00,0,0,0,0,750K,,EMERGENCY MANAGER,F2,Unknown,3.0,100.0,,,,,30.76667,-85.66667,30.8,-85.63333,,"An F2 tornado touched down once just south of Bonifay, lifted, then touched down again before dissipating just east of the city. According to the Holmes County EMA, 39 homes and eight businesses were damaged, and four mobile homes were destroyed. Most of the damage occurred in the vicinity of Son-In-Law Road, just north of Interstate 10. Trees were uprooted and roofs were ripped off homes and businesses in the affected area. Numerous power lines were toppled, knocking out power to several thousand customers. A local state of emergency was declared in Holmes County.",FL,2000-12-16 14:24:00,2000-12-16 14:30:00,False,False
1105465,5168217,Alabama,69,Houston,TAE,2000-12-16 12:00:00,EST,2000-12-16 12:08:00,0,0,0,0,50K,,EMERGENCY MANAGER,F0,Unknown,2.0,75.0,,,,,31.25,-85.63333,31.28333,-85.6,,"The supercell thunderstorm which spawned the F2 tornado in Geneva moved northeast across extreme western Houston County and produced an F0 tornado which caused minor roof damage to five homes, blew out windows and overturned lawn furniture. The tornado tracked northeast into southeast Dale County. Reported by the Houston County EMA.",AL,2000-12-16 12:00:00,2000-12-16 12:08:00,False,False
1102097,5172169,West Virginia,11,Cabell,RLX,2000-08-09 19:30:00,EST,2000-08-09 19:32:00,0,0,0,0,275K,,NWS STORM SURVEY,F1,Unknown,0.5,75.0,,,,,38.51667,-82.31667,38.51667,-82.3,"The second round of tall thunderstorms moved through during the evening hours, spawning a few tornadoes. The lightning activity peaked around 2000E with around 200 strikes per minute in the Huntington to Charleston region. Approximately 75,000 customers were without electricity. Luckily, the storms continued to move, resulting in just minor flash flooding. It was the 4th consecutive day with thunderstorms for many of these counties.","The tornado that touched down in Lawrence County, Ohio crossed the Ohio River and continued another half mile in West Virginia. The region is known as Cox Landing. A roof to an apartment building was lifted off. Many large trees were fallen on a nearby golf course. A few vehicles were damaged by fallen trees or by the debris from nearby dwellings. The storm dissipated near Route 2.",WV,2000-08-09 20:30:00,2000-08-09 20:32:00,True,True
1101906,5169586,Wisconsin,85,Oneida,GRB,2000-08-14 19:10:00,CST,2000-08-14 19:10:00,0,0,0,0,,,TRAINED SPOTTER,F0,Unknown,0.1,25.0,,,,,45.81667,-89.6,45.81667,-89.6,"Severe thunderstorms developed in the vicinity of a front that was stalled across northeast Wisconsin. Bowing lines of thunderstorms and supercell thunderstorms produced considerable wind damage, some hail, street flooding and a brief tornado touchdown. Strong winds downed numerous trees and power lines. Some homes were damaged when trees fell on them. About 25,000 customers lost electrical power due to the storms. A tornado touched down briefly at Lake Tomahawk (Oneida co.) resulting in tree damage. Heavy rainfall caused street flooding at several locations.",Brief touchdown,WI,2000-08-14 20:10:00,2000-08-14 20:10:00,True,True
1101929,5171399,California,21,Glenn,STO,2000-07-05 17:15:00,PST,2000-07-05 17:18:00,0,0,0,0,,,GENERAL PUBLIC,F0,Unknown,0.2,0.1,,,,,39.68333,-122.3,39.68333,-122.28333,A weak rope tornado was spotted by a construction worker approximately 7 miles northwest of Artois. A tornado warning had been issued for the area at 4:57 pm based upon radar indications of a well-developed mesocyclonic structure.,,CA,2000-07-05 18:15:00,2000-07-05 18:18:00,True,True
1102498,5171359,South Dakota,23,Charles Mix,FSD,2000-08-07 18:29:00,CST,2000-08-07 18:29:00,0,0,0,0,.1M,,GENERAL PUBLIC,F1,Unknown,0.3,100.0,,,,,43.08333,-98.16667,43.08333,-98.16667,,"A tornado damaged three homes, including a roof peeled off, and damaged a corn crop. The amount of crop damage was not known.",SD,2000-08-07 19:29:00,2000-08-07 19:29:00,True,True
1102095,5171429,Ohio,87,Lawrence,RLX,2000-08-09 19:26:00,EST,2000-08-09 19:30:00,0,0,0,0,200K,,NWS STORM SURVEY,F1,Unknown,2.2,80.0,,,,,38.51667,-82.31667,38.5,-82.3,,"The path began on County Route 12, where a trailer was destroyed. The path proceeded across County Route 42 to near Route 7. All along the path, trees were snapped off and homes received structural damage. A pole barn was destroyed on County Route 402. The storm then crossed the Ohio River and struck the Cox Landing region of Cabell County, West Virginia.",OH,2000-08-09 20:26:00,2000-08-09 20:30:00,True,True
1100901,5169941,North Dakota,19,Cavalier,FGF,2000-08-13 23:53:00,CST,2000-08-13 23:53:00,0,0,0,0,50K,,LAW ENFORCEMENT,F0,Unknown,0.5,50.0,,,,,48.61667,-98.01667,48.61667,-98.01667,,A brief touchdown destroyed a barn and tore the roof off a shop.,ND,2000-08-14 00:53:00,2000-08-14 00:53:00,True,True
1101299,5172951,Virginia,171,Shenandoah,LWX,2000-08-09 15:00:00,EST,2000-08-09 15:00:00,0,0,0,0,1K,,BROADCAST MEDIA,F0,Unknown,0.2,15.0,,,,,38.8,-78.58333,38.8,-78.58333,"A cold front moved across the region on the evening of the 9th. Thunderstorms that developed ahead and along the front produced winds in excess of 55 mph, hail, frequent lightning, and isolated tornadoes. In Highland County, trees were downed in Monterey and across the county. A lightning fire destroyed a barn on Route 637 near Blue Grass. In Augusta County, several trees were downed and structures were damaged by high wind. A wind gust of 65 mph was recorded in Staunton. Eight trees were downed onto city roads and seven trees were downed onto a golf course. One downed tree damaged a brick wall at the Woodrow Wilson Birthplace. Windows were blown out on two buildings and the roof of an apartment building was damaged. In Stuarts Draft, a downed tree damaged a house and a tractor and high wind removed the aluminum roof from a barn. In Waynesboro, trees and power lines were downed. In Rockingham County, trees and power lines were downed in Timberville, Elkton, Keezletown, and Rawley Springs. Some trees were felled across roads and one tree fell onto a car in Keezletown. Hail fell in Timberville. In Shenandoah County, an F0 tornado briefly touched down on property adjacent to Red Bank Road near Bowman's Crossing. The 15 yard wide twister started by sucking up water on the banks of the North Fork of the Shenandoah River. Next, it moved onshore and traveled north for two tenths of a mile. It downed or snapped five trees and flattened part of a corn field before dissipating. Straight line winds downed trees and power lines near New Market and Mt. Jackson. A wind gust of 42 mph was recorded in Edinburg and hail fell in New Market. In Rappahannock County, trees were downed in Sperryville. In Page County, downed trees and power lines blocked roads in Stanley. A wind gust of 41 mph was recorded in Luray where a downed tree punctures the roof of a house. In Albemarle County, several trees were downed. In Greene County, trees were downed in Standardsville. In Culpeper, trees were downed in Culpeper. In Madison County, an F1 tornado touched down just east of Madison. The 50 yard wide twister was on the ground for one half mile and caused nearly $15,000 in damage. It downed trees onto houses and one tree punched a hole into a roof. Two cars were hit by fallen trees and a barn was damaged. Straight line winds downed trees in Etlan and Madison. In Orange County, a wind gust of 45 mph was recorded at the Orange County Airport. Trees and power lines were downed in Orange. In Frederick County, several trees and 20 power lines were downed from Hayfield to Shawneeland. Several roads were blocked by felled trees. Two houses were damaged by downed trees in Shawneeland. A barn roof and side were blown apart near Hayfield. Dime sized hail fell in Stephenson and Winchester. A tree was downed onto a power line on Amherst Street and lightning started an attic fire in Winchester where a wind gust of 40 mph was recorded. Abrams Creek overflowed its banks in Winchester after one half inch of rain fell in 20 minutes. In Warren County, trees and power lines were downed in Warrenton and at the Warren County Airport. In Loudoun County, a wind gust of 66 mph was recorded at the National Weather Service office on the north grounds of Dulles International Airport. In Fairfax County, downed trees were concentrated in the Centreville and Clifton areas. In Manassas, trees and power lines were downed and picnic tables and concession tents were damaged at an amusement park. In Stafford County, trees were downed in and near White Oak, Mountain View, and Widewater. A wind gust of 46 mph was recorded at the Fredericksburg Airport.",A 15 yard wide tornado briefly touched down on the banks of the North Fork of the Shenandoah River near Bowman's Crossing. It downed trees and corn as it traveled north for two tenths of a mile.,VA,2000-08-09 16:00:00,2000-08-09 16:00:00,True,True
1101299,5173057,Virginia,113,Madison,LWX,2000-08-09 15:20:00,EST,2000-08-09 15:20:00,0,0,0,0,15K,,EMERGENCY MANAGER,F1,Unknown,0.5,50.0,,,,,38.37,-78.25,38.37,-78.25,"A cold front moved across the region on the evening of the 9th. Thunderstorms that developed ahead and along the front produced winds in excess of 55 mph, hail, frequent lightning, and isolated tornadoes. In Highland County, trees were downed in Monterey and across the county. A lightning fire destroyed a barn on Route 637 near Blue Grass. In Augusta County, several trees were downed and structures were damaged by high wind. A wind gust of 65 mph was recorded in Staunton. Eight trees were downed onto city roads and seven trees were downed onto a golf course. One downed tree damaged a brick wall at the Woodrow Wilson Birthplace. Windows were blown out on two buildings and the roof of an apartment building was damaged. In Stuarts Draft, a downed tree damaged a house and a tractor and high wind removed the aluminum roof from a barn. In Waynesboro, trees and power lines were downed. In Rockingham County, trees and power lines were downed in Timberville, Elkton, Keezletown, and Rawley Springs. Some trees were felled across roads and one tree fell onto a car in Keezletown. Hail fell in Timberville. In Shenandoah County, an F0 tornado briefly touched down on property adjacent to Red Bank Road near Bowman's Crossing. The 15 yard wide twister started by sucking up water on the banks of the North Fork of the Shenandoah River. Next, it moved onshore and traveled north for two tenths of a mile. It downed or snapped five trees and flattened part of a corn field before dissipating. Straight line winds downed trees and power lines near New Market and Mt. Jackson. A wind gust of 42 mph was recorded in Edinburg and hail fell in New Market. In Rappahannock County, trees were downed in Sperryville. In Page County, downed trees and power lines blocked roads in Stanley. A wind gust of 41 mph was recorded in Luray where a downed tree punctures the roof of a house. In Albemarle County, several trees were downed. In Greene County, trees were downed in Standardsville. In Culpeper, trees were downed in Culpeper. In Madison County, an F1 tornado touched down just east of Madison. The 50 yard wide twister was on the ground for one half mile and caused nearly $15,000 in damage. It downed trees onto houses and one tree punched a hole into a roof. Two cars were hit by fallen trees and a barn was damaged. Straight line winds downed trees in Etlan and Madison. In Orange County, a wind gust of 45 mph was recorded at the Orange County Airport. Trees and power lines were downed in Orange. In Frederick County, several trees and 20 power lines were downed from Hayfield to Shawneeland. Several roads were blocked by felled trees. Two houses were damaged by downed trees in Shawneeland. A barn roof and side were blown apart near Hayfield. Dime sized hail fell in Stephenson and Winchester. A tree was downed onto a power line on Amherst Street and lightning started an attic fire in Winchester where a wind gust of 40 mph was recorded. Abrams Creek overflowed its banks in Winchester after one half inch of rain fell in 20 minutes. In Warren County, trees and power lines were downed in Warrenton and at the Warren County Airport. In Loudoun County, a wind gust of 66 mph was recorded at the National Weather Service office on the north grounds of Dulles International Airport. In Fairfax County, downed trees were concentrated in the Centreville and Clifton areas. In Manassas, trees and power lines were downed and picnic tables and concession tents were damaged at an amusement park. In Stafford County, trees were downed in and near White Oak, Mountain View, and Widewater. A wind gust of 46 mph was recorded at the Fredericksburg Airport.",A tornado touched down just east of Madison where it downed trees onto homes and cars and damaged a barn.,VA,2000-08-09 16:20:00,2000-08-09 16:20:00,True,True
1101344,5170901,Florida,91,Okaloosa,MOB,2000-08-18 14:15:00,CST,2000-08-18 14:17:00,0,0,0,0,5K,,EMERGENCY MANAGER,F0,Unknown,0.5,50.0,,,,,30.8,-86.7,30.8,-86.7,,"A weak tornado was observed near the community. The tornado only briefly touched down, blowing down one tree and producing other vegitative damage in the area. The weak tornado was captured on video.",FL,2000-08-18 15:15:00,2000-08-18 15:17:00,True,True
1101119,5170102,Ohio,145,Scioto,ILN,2000-08-09 18:50:00,EST,2000-08-09 19:00:00,0,0,0,0,300K,,EMERGENCY MANAGER,F1,Unknown,2.0,50.0,,,,,38.76667,-82.88333,38.73333,-82.83333,"Two clusters of thunderstorms caused significant damage on the 9th. During the morning hours, a large bow echo raced across the area causing widespread wind damage. During the afternoon and evening hours, a large cluster of storms formed causing widespread wind damage and hail along with some flooding.","A tornado was embedded in an area of straight line winds near Wheelersburg. Trees and power lines were knocked down on vehicles, damage occurred to a few homes, and two rail cars were knocked off their tracks.",OH,2000-08-09 19:50:00,2000-08-09 20:00:00,True,True
1101987,5170107,South Carolina,11,Barnwell,CAE,2000-09-22 23:52:00,EST,2000-09-22 23:53:00,0,0,0,0,0,0,NWS STORM SURVEY,F0,Unknown,0.3,60.0,,,,,33.12,-81.43333,33.12,-81.43333,,Damage survey found F0 tornado path along Lyndhurst Road taking down only trees.,SC,2000-09-23 00:52:00,2000-09-23 00:53:00,True,True
1101824,5169967,Connecticut,13,Tolland,BOX,2000-08-16 12:35:00,EST,2000-08-16 12:40:00,0,0,0,0,5K,,LAW ENFORCEMENT,F1,Unknown,1.5,40.0,,,,,41.9,-72.46667,41.9,-72.46667,"A small tornado touched down for about 5 minutes in Ellington, located in northwest Tolland County. It was an unusual tornado which spun up in a low level convergence area immediately along a cold front. There were several eyewitness accounts of a rotating funnel cloud, and the tornado first touched down on a trailer store along Route 83 in the northern part of Ellington. A total of 27 trailers were blown around and were left lying in different directions. One trailer, which weighed nearly 1,400 pounds, was lifted upward to a height of 35 feet and carried 60 yards. A cow barn, consisting of a galvanized steel frame, was damaged. Several trees were uprooted and many branches snapped off. Based upon the damage observed, the tornado was classified as an F1 with wind speeds of 73 to 112 mph. The damage path was one and a half miles long and 40 yards wide. It traveled from the west-northwest to the east-southeast. No injuries were reported and there was only minimal damage.",Formed along a cold front,CT,2000-08-16 13:35:00,2000-08-16 13:40:00,True,True
1101387,5170678,Maine,25,Somerset,GYX,2000-08-09 18:03:00,EST,2000-08-09 18:10:00,0,0,0,0,,,EMERGENCY MANAGER,F2,Unknown,3.0,500.0,,,,,44.83333,-69.66667,44.83333,-69.66667,"An F2 tornado touched down in the town of Cornville in Somerset County downing numerous trees and damaging or destroying several buildings. The tornado touched down just after 7 pm in a wooded area just west of East Ridge Road. The tornado crossed East Ridge road and followed a path near Moody Town Road. Several buildings along Moody Town Road were damaged or destroyed by the tornado. The tornado was on the ground for approximately 7 minutes and cut a path about 3 miles long and up to 500 yards wide. Winds were estimated to have gusted to near 120 mph in the most severely damaged area, just east of East Ridge Road.",,ME,2000-08-09 19:03:00,2000-08-09 19:10:00,True,True
1102289,5171459,Louisiana,109,Terrebonne,LIX,2000-08-31 17:14:00,CST,2000-08-31 17:14:00,0,0,0,0,,,EMERGENCY MANAGER,F0,Unknown,0.1,20.0,,,,,29.66667,-90.71667,29.66667,-90.71667,,A weak tornado briefly touched down resulting in no damage.,LA,2000-08-31 18:14:00,2000-08-31 18:14:00,True,True
1102292,5171462,Louisiana,117,Washington,LIX,2000-08-31 14:35:00,CST,2000-08-31 14:35:00,0,0,0,0,.5K,,EMERGENCY MANAGER,F0,Unknown,0.2,25.0,,,,,30.85,-90.18333,30.85,-90.18333,,A weak tornado briefly touched down in the Stony Point community resulting in several trees being blown down.,LA,2000-08-31 15:35:00,2000-08-31 15:35:00,True,True
1102285,5171293,Louisiana,117,Washington,LIX,2000-08-30 16:30:00,CST,2000-08-30 16:30:00,0,0,0,0,,,TRAINED SPOTTER,F0,Unknown,0.1,20.0,,,,,30.96667,-89.8,30.96667,-89.8,,A weak tornado briefly touched down but caused no damage.,LA,2000-08-30 17:30:00,2000-08-30 17:30:00,True,True
1101127,5173303,Illinois,113,Mclean,ILX,2000-08-23 17:23:00,CST,2000-08-23 17:24:00,0,0,0,0,7K,,NWS STORM SURVEY,F1,Unknown,0.5,86.0,,,,,40.5,-89.1,40.48333,-89.1,,"Within a path of damaging winds, a tornado spun up 1.2 miles west southwest of Twin Grove. It destroyed a large section of a corn field, then crossed a county road destroying several mature trees and demolishing a small metal shed. The house on the property suffered only superficial damage to some trim. The tornado continued to the southeast to another homestead, destroying several more mature trees and some rail fencing. Sheet metal from the shed was found scattered about the second homestead. The house on this property was undamaged. The tornado then reached a densely forested area, where surface friction dissipated the vortex. No injuries were reported.",IL,2000-08-23 17:23:00,2000-08-23 17:24:00,False,False
1100666,5173356,Louisiana,75,Plaquemines,LIX,2000-07-18 14:15:00,CST,2000-07-18 14:15:00,0,0,0,0,1K,,GENERAL PUBLIC,F0,Unknown,0.1,20.0,,,,,29.38333,-89.6,29.38333,-89.6,,A small tornado blew down trees and power lines along Highway 23.,LA,2000-07-18 15:15:00,2000-07-18 15:15:00,True,True
1102271,5171223,Mississippi,59,Jackson,LIX,2000-08-20 15:30:00,CST,2000-08-20 15:30:00,0,0,0,0,2K,,LAW ENFORCEMENT,F0,Unknown,0.5,30.0,,,,,30.43333,-88.55,30.43333,-88.55,,Several trees were knocked down and some homes had windows blown out.,MS,2000-08-20 16:30:00,2000-08-20 16:30:00,True,True
1102276,5171228,Louisiana,103,St. Tammany,LIX,2000-08-23 15:20:00,CST,2000-08-23 15:23:00,1,0,0,0,10K,,LAW ENFORCEMENT,F0,Unknown,1.5,30.0,,,,,30.48333,-89.91667,30.48333,-89.91667,,"A tornado and strong downburst winds knocked down numerous trees, damaged a vehicle, and caused minor damage to a home along Highway 435. One man suffered minor injuries.",LA,2000-08-23 16:20:00,2000-08-23 16:23:00,True,True
1102268,5171220,Louisiana,105,Tangipahoa,LIX,2000-08-20 14:45:00,CST,2000-08-20 14:45:00,0,0,0,0,,,LAW ENFORCEMENT,F0,Unknown,0.1,20.0,,,,,30.43333,-90.43333,30.43333,-90.43333,,A weak tornado briefly touched down causing no damage.,LA,2000-08-20 15:45:00,2000-08-20 15:45:00,True,True
1102190,5171271,Wisconsin,95,Polk,MPX,2000-08-14 19:35:00,CST,2000-08-14 19:35:00,0,0,0,0,,,GENERAL PUBLIC,F0,Unknown,0.2,20.0,,,,,45.58333,-92.45,45.58333,-92.45,,Tornado knocked down a few trees.,WI,2000-08-14 20:35:00,2000-08-14 20:35:00,True,True
1102422,5171320,South Dakota,35,Davison,FSD,2000-08-05 01:00:00,CST,2000-08-05 02:02:00,0,0,0,0,.1M,,NWS STORM SURVEY,F1,Unknown,0.2,100.0,,,,,43.71667,-98.06667,43.71667,-98.06667,,A brief tornado damaged several structures.,SD,2000-08-05 02:00:00,2000-08-05 03:02:00,True,True
1101865,5171313,Ohio,5,Ashland,CLE,2000-08-06 21:45:00,EST,2000-08-06 21:45:00,4,0,0,0,2M,,NWS STORM SURVEY,F1,Unknown,3.0,75.0,,,,,40.86667,-82.3,40.86667,-82.3,,"A tornado touched down on the west side of Ashland near Lindale Avenue then moved east along West Main Street causing significant damage and four minor injuries. The damage path was 50 to 100 yards wide, intermittent and nearly three miles in length. The most severe damage occurred a few blocks west of downtown. Major structural damage occurred to several homes in the area including one that had an entire side blown apart. Damage to the downtown business district was much less severe with most of the damage being in the form of broken windows and torn off siding. However, three buildings lost large sections of roof and a fourth had a brick wall collapse. The roof of one of the buildings was found six blocks east of downtown. East of the business district, the damage path was intermittent with only a dozen or so homes sustaining minor damage. In total, 112 homes and 20 businesses were damaged. Of those totals, 23 homes and four businesses suffered major damage. Several cars were destroyed and hundreds of trees were toppled. Six power poles were also snapped near ground level.",OH,2000-08-06 22:45:00,2000-08-06 22:45:00,True,True
1102169,5171978,Nevada,17,Lincoln,VEF,2000-08-31 16:40:00,PST,2000-08-31 16:40:00,0,0,0,0,,,GENERAL PUBLIC,F1,Unknown,1.0,0.2,,,,,37.6,-115.23333,37.6,-115.23333,,"A tornado touched down briefly 5N of Hiko, NV on a ridgetop. No apparent damage as tornado touched down in open country and was on the ground for no more than two minutes.",NV,2000-08-31 17:40:00,2000-08-31 17:40:00,True,True
1100388,5173199,Iowa,143,Osceola,FSD,2000-07-11 19:36:00,CST,2000-07-11 19:36:00,0,0,0,0,,,LAW ENFORCEMENT,F0,Unknown,0.1,50.0,,,,,43.46667,-95.76667,43.46667,-95.76667,,A brief tornado caused no reported damage.,IA,2000-07-11 20:36:00,2000-07-11 20:36:00,True,True
1101317,5172688,Wisconsin,105,Rock,MKX,2000-08-05 14:43:00,CST,2000-08-05 14:43:00,0,0,0,0,5K,,GENERAL PUBLIC,F0,Unknown,0.1,20.0,,,,,42.76667,-89.33333,42.76667,-89.33333,"This summer's most powerful downburst wind event to affect south-central and southeast Wisconsin pummeled portions of Dane, Green, and Rock counties with damaging hurricane-force winds, large hail, and urban-flood rains. As the 35 mile long line of thunderstorms moved southeast through Dane, northern Green, and Rock Counties, it increased in strength, ultimately producing straight-line winds estimated up to 100 knots (115 mph), heavy rains at a rate of 1 to 3 inches per hour, and hail stones 1 inch in diameter. Due to downed power lines and poles, ultimately about 18,000 customers had electrical power disrupted for 1 to 2 days. Descriptions of weather-related events follow in a county-by-county breakdown.Dane County:Powerful thunderstorm winds, estimated at 56 knots (65 mph), toppled several large trees in and near the city of Belleville. There were no reports of injuries or deaths. Minor urban-type flooding was noted due to intense rain accompanying the storm.Green County:The squall-line intensified as it clipped the northeast quarter of Green County. Based on inflicted damage, winds gusts were estimated to be 74 knots (85 mph). The worst-hit area extended from a subdivision west of the village of Dayton (Town of Exeter), east/southeast to the county line. About 50 homes sustained varying amounts of damage caused by felled trees, tree branches, or the wind outright. Damage to home siding and roofs was also noted. Hundreds of trees were toppled, about 2 dozen farm buildings were damaged or destroyed, several silos were damaged, and two semi-tractor trailers were overturned. Many power lines were either blown over or knocked down by tree debris.Rock County:This county bore the brunt of the storm as its straight-line winds intensified to an estimated 100 knots (115 mph). The macroburst damage path was 3 to 6 miles wide, extending from southwest of Evansville in the Town of Magnolia (Highway 59 and A) east/southeast through the city of Janesville to southeast of Avalon near Caver Roehl Park. A newspaper headline nicely stated the effects: Rain! Wind! Wow! The powerful winds leveled thousands of trees (some 200 years old); tore roofs off homes; businesses, and farm buildings; blew tops of silos off, flipped over vehicles; blew in windows; damaged or peeled off home siding; knocked over billboards and road signs; closed many roads due to debris, and flattened corn and soybean fields. Based on newspaper photographs and eyewitness accounts, maximum wind gusts were estimated to be in the 87 to 100 knots range (100 -115 mph). The worst of the damage appeared to be equivalent to that caused by tornado winds of about 115 mph, or at the bottom of the F2 category. Many people noted that the sky grew very dark as the storm blew in with a wall of white rain mixed with tree leaves and branches. The city of Janesville was at ground zero, as a 3.7 square mile looked like a bomb had hit its downtown area and the near east and west sides. A roof was torn off one business, and bricks were pealed off another business. It took at least 2 weeks to remove the tree debris from city streets, sidewalks, and backyards. Dozens of vehicles were damaged by felled trees and branches. It is estimated that 400 to 500 city homes sustained some degree of damage (6 destroyed). Traxler and Bond Parks looked like disaster areas and were closed. About 50 electrical poles were snapped by tree debris or the winds. One person in the city was injured when a tree fell on their pickup truck. Just north of Janesville on Interstate-90, another person was injured when their SUV was flipped over by the winds. In addition, 5 semi-tractor trailers were overturned on I-90 in the same vicinity. A new sub-division 3 miles south of Janesville experienced extensive roof or siding damage due to the winds or tree debris. Several vehicles were damaged as well. Just to the south of the city, the wastewater treatment plant recorded 1.48 inches of rain as the storms moved through, resulting in urban flooding. There were other unofficial reports of 2 to 3 inches in the city area.The civil Town of Magnolia, in the western part of the county, was also hard hit by the macroburst, especially near and along Highway 59 and County Trunk Highway A. About 40 power poles in this Town were toppled by the winds or tree debris.A little further north on Croft Road, just southwest of Evansville, a local resident noted this sequence of events: the initial, powerful winds and blinding rains lasted for about 5 minutes and were followed by hailstones up to 1 inch in diameter. Then the rain and hail stopped. After a couple minutes he noticed across the road in a field a ground-based vortex pulling corn stalks up to about 200 feet above the ground, while above it at cloud base was a funnel cloud. This weak vortex then hit a barn and caused slight damage before dissipating. Shortly thereafter, another round of rain, and gusty, but much weaker winds occurred. Based on this resident's account, and their prior experiences with tornadoes while living in Texas, this vortex was classified as a tornado. The macroburst continued to inflict wind damage to a point about 3 miles east/southeast of the Janesville city limits along Highway 14, at which point it weakened. However, the thunderstorms briefly intensified once again southeast of the village of Avalon near Carver Roehl Park. At this location, a barn's roof was lifted and dropped by powerful winds, resulting in a collapsed structure which trapped 40 steer. Fifteen of the steer died from injuries, and some of the hay bales were destroyed. Collectively across Rock County, about 4500 acres of corn and soybean crops were badly damaged or destroyed. Thirty-five farm buildings had minor damage, 8 had major damage, and 19 were destroyed by the winds. Walworth County:The remains of the squall-line generated downburst winds which leveled large trees in and near the city of East Troy.Racine County:The remains of the squall-line generated downburst winds which leveled large trees west of Waterford.Kenosha County:The remains of the squall-line generated downburst winds which leveled large trees southwest of the village of Twin Lakes.Milwaukee County:The remains of the thunderstorms dumped rain amounts of 2.25 to 3.1 inches across Milwaukee County based on Ham reports. Moderate urban flooding resulted. A West Allis motorist was rescued from their stalled vehicle due to water depths of 1.5 to 3 feet in low spots on roads. Similar water depths on strees were noted elsewhere in the county, especially in the southern half. No damage was reported. Synoptically, an upper level trough was moving across Wisconsin on August 5th, with a weak vorticity maxima over the southern part of the state moving east/southeast. The south winds of a low-level jet fed the storms as west-northwest flow at 18,000 feet intensified to 60 knots based on profiler data. Thunderstorm echo tops were 40 to 42,000 feet.",Narrative is incorporated in discussion of August 5th storms below.,WI,2000-08-05 15:43:00,2000-08-05 15:43:00,True,True
1102487,5171344,South Dakota,35,Davison,FSD,2000-08-07 18:03:00,CST,2000-08-07 18:05:00,0,0,0,0,.03M,,EMERGENCY MANAGER,F1,Unknown,1.0,100.0,,,,,43.55,-98.08333,43.55,-98.06667,,"A tornado damaged several farm buildings, caused tree damage, and blew down at least one power line.",SD,2000-08-07 19:03:00,2000-08-07 19:05:00,True,True
1100373,5172899,South Dakota,87,Mccook,FSD,2000-07-11 17:55:00,CST,2000-07-11 17:55:00,0,0,0,0,,,LAW ENFORCEMENT,F0,Unknown,0.1,50.0,,,,,43.73333,-97.28333,43.73333,-97.28333,,A brief tornado caused no reported damage.,SD,2000-07-11 17:55:00,2000-07-11 17:55:00,False,False
1100376,5172902,South Dakota,99,Minnehaha,FSD,2000-07-11 17:56:00,CST,2000-07-11 17:56:00,0,0,0,0,,,GENERAL PUBLIC,F0,Unknown,0.1,50.0,,,,,43.83333,-96.75,43.83333,-96.75,,A brief tornado caused no reported damage.,SD,2000-07-11 18:56:00,2000-07-11 18:56:00,True,True
1100377,5172903,South Dakota,87,Mccook,FSD,2000-07-11 17:59:00,CST,2000-07-11 17:59:00,0,0,0,0,,,GENERAL PUBLIC,F0,Unknown,0.1,50.0,,,,,43.6,-97.3,43.6,-97.3,,A brief tornado caused no reported damage.,SD,2000-07-11 17:59:00,2000-07-11 17:59:00,False,False
1100443,5172906,Georgia,139,Hall,FFC,2000-07-23 13:50:00,EST,2000-07-23 13:50:00,0,0,0,0,125K,,NWS STORM SURVEY,F1,Unknown,0.5,75.0,,,,,34.33333,-83.66667,34.33333,-83.66667,,"An NWS Survey team concluded that an F0 to weak F1 tornado touched down briefly about 3 miles south of Lula in extreme northeast Hall county. The tornado was only on the ground very briefly and lifted before crossing into Banks county. It had a width of 50 to 100 yards. Nonetheless, about one dozen homes were damaged with numerous trees and power lines down in the area as well. The tornado was said to have been visible from the Boy Scout Ranch on Highway 60. Debris was observed swirling in the air.",GA,2000-07-23 14:50:00,2000-07-23 14:50:00,True,True
1101481,5172774,California,25,Imperial,PSR,2000-08-30 18:45:00,PST,2000-08-30 19:00:00,0,0,0,0,0K,,GENERAL PUBLIC,F0,Unknown,3.0,50.0,,,,,33.0,-115.06667,33.0,-115.06667,,"Motorist reported tornado near Glamis, lasting about 15 minutes before it roped out and dissipated.",CA,2000-08-30 19:45:00,2000-08-30 20:00:00,True,True
1100699,5172727,Louisiana,105,Tangipahoa,LIX,2000-07-22 17:41:00,CST,2000-07-22 17:41:00,0,0,0,0,,,GENERAL PUBLIC,F0,Unknown,0.1,20.0,,,,,30.43333,-90.43333,30.43333,-90.43333,,A weak tornado briefly touched down causing no damage.,LA,2000-07-22 18:41:00,2000-07-22 18:41:00,True,True
1100701,5172729,Mississippi,109,Pearl River,LIX,2000-07-22 16:59:00,CST,2000-07-22 16:59:00,0,0,0,0,,,LAW ENFORCEMENT,F0,Unknown,0.1,20.0,,,,,30.83333,-89.53333,30.83333,-89.53333,,A weak tornado briefly touched down resulting in no damage.,MS,2000-07-22 17:59:00,2000-07-22 17:59:00,True,True
1100702,5172730,Louisiana,103,St. Tammany,LIX,2000-07-22 17:55:00,CST,2000-07-22 17:55:00,0,0,0,0,,,LAW ENFORCEMENT,F0,Unknown,0.1,20.0,,,,,30.25,-89.73333,30.25,-89.73333,,A weak tornado was sighted to the east southeast of Slidell. No damage occurred.,LA,2000-07-22 18:55:00,2000-07-22 18:55:00,True,True
1101991,5169707,Montana,29,Flathead,MSO,2000-09-10 14:10:00,MST,2000-09-10 14:30:00,0,0,0,0,,,GENERAL PUBLIC,F0,Unknown,2.0,0.0,,,,,48.41667,-114.33333,48.41667,-114.33333,,"Whitefish attorney followed and photographed a tornado that formed near Big Mountain, traveled near Whitefish Lake and then dissipated over Iron Horse brewery. No damage reported.",MT,2000-09-10 15:10:00,2000-09-10 15:30:00,True,True
1101989,5170072,South Carolina,3,Aiken,CAE,2000-09-25 19:35:00,EST,2000-09-25 19:36:00,0,0,0,0,0,0,NWS STORM SURVEY,F0,Unknown,0.3,40.0,,,,,33.52,-81.96667,33.52,-81.95,,An F0 took tops out of pine trees along SC hwy 421 between N Augusta and Gloverville,SC,2000-09-25 20:35:00,2000-09-25 20:36:00,True,True
1100672,5173362,Mississippi,59,Jackson,LIX,2000-07-16 18:20:00,CST,2000-07-16 18:20:00,0,0,0,0,,,LAW ENFORCEMENT,F0,Unknown,0.1,20.0,,,,,30.38333,-88.5,30.38333,-88.5,,A small tornado briefly touched down near the Pacagoula Jackson Airport resulting in no damage.,MS,2000-07-16 19:20:00,2000-07-16 19:20:00,True,True
1100673,5173363,Mississippi,45,Hancock,LIX,2000-07-16 18:32:00,CST,2000-07-16 18:32:00,0,0,0,0,,,LAW ENFORCEMENT,F0,Unknown,0.1,20.0,,,,,30.45,-89.35,30.45,-89.35,,A small tornado briefly touched down near Kiln-Delisle Road causing no damage.,MS,2000-07-16 19:32:00,2000-07-16 19:32:00,True,True
1098641,5165095,Texas,77,Clay,OUN,2000-07-12 16:20:00,CST,2000-07-12 16:21:00,0,0,0,0,0,,BROADCAST MEDIA,F0,Unknown,0.3,35.0,,,,,33.91667,-98.2,33.91667,-98.2,Widely scattered and very slow moving thunderstorms developed across western portions of north Texas during the late afternoon of the 12th resulting in one tornado and isolated straight-line wind damage.,"This tornado developed north of Highway 82 in Clay County, or about 7 miles north of Henrietta, and was captured on video. The tornado lasted about 40 seconds, produced no damage, and was rated F0.",TX,2000-07-12 17:20:00,2000-07-12 17:21:00,True,True
1099043,5163961,Illinois,117,Macoupin,LSX,2000-07-18 17:50:00,CST,2000-07-18 17:51:00,0,0,0,0,,,TRAINED SPOTTER,F0,Unknown,0.1,40.0,,,,,39.16667,-90.13333,39.16667,-90.13333,,Storm spotters reported a brief tornado in a farm field.,IL,2000-07-18 18:50:00,2000-07-18 18:51:00,True,True
1099044,5163962,Missouri,113,Lincoln,LSX,2000-07-18 17:58:00,CST,2000-07-18 17:59:00,0,0,0,0,,,LAW ENFORCEMENT,F0,Unknown,0.1,40.0,,,,,38.98333,-90.98333,38.98333,-90.98333,,Law enforcement reported a brief tornado near the intersection of Highways 61 and 47.,MO,2000-07-18 18:58:00,2000-07-18 18:59:00,True,True
1099045,5163963,Missouri,113,Lincoln,LSX,2000-07-18 18:35:00,CST,2000-07-18 18:36:00,0,0,0,0,,,LAW ENFORCEMENT,F0,Unknown,0.1,40.0,,,,,38.95,-90.91667,38.95,-90.91667,,Law enforcement reported a brief tornado. There was no damage.,MO,2000-07-18 19:35:00,2000-07-18 19:36:00,True,True
1098728,5164151,Minnesota,5,Becker,FGF,2000-07-25 12:27:00,CST,2000-07-25 12:27:00,0,0,0,0,,,GENERAL PUBLIC,F0,Unknown,0.5,50.0,,,,,46.88333,-96.1,46.88333,-96.1,,The tornado touched down briefly in an open field.,MN,2000-07-25 13:27:00,2000-07-25 13:27:00,True,True
1098804,5164458,North Dakota,103,Wells,BIS,2000-07-04 16:30:00,CST,2000-07-04 16:40:00,0,0,0,0,,,LAW ENFORCEMENT,F0,Unknown,3.0,40.0,,,,,47.6,-99.61667,47.61667,-99.56667,,Damage to trees and grain bins.,ND,2000-07-04 17:30:00,2000-07-04 17:40:00,True,True
1099037,5163955,Missouri,139,Montgomery,LSX,2000-07-18 16:55:00,CST,2000-07-18 17:03:00,0,0,0,0,75K,,NWS STORM SURVEY,F1,Unknown,4.0,50.0,,,,,39.0,-91.4,38.98333,-91.4,,"A tornado struck eastern Montgomery County causing damage at a farm and downing trees and power lines. The tornado first caused damage at a farm on Leonard Road which was also where the most extensive damage occurred. A large garage lost both doors and half of its roof. A grain trailer was overturned and 2 grain bins blown away, one to the northwest and the other about 1/2 mile to the east. The remainder of the damage path consisted of downed trees and crop damage.",MO,2000-07-18 17:55:00,2000-07-18 18:03:00,True,True
1098801,5164392,North Dakota,69,Pierce,BIS,2000-07-04 16:10:00,CST,2000-07-04 16:10:00,0,0,0,0,,,LAW ENFORCEMENT,F1,Unknown,3.0,50.0,,,,,48.15,-99.66667,48.15,-99.66667,,Barns and half of the farm house destroyed. Uprooted trees and up to 20 hay bales moved a half mile away.,ND,2000-07-04 17:10:00,2000-07-04 17:10:00,True,True
1099825,5163747,South Carolina,19,Charleston,CHS,2000-07-23 20:30:00,EST,2000-07-23 20:32:00,0,0,0,0,200K,,TRAINED SPOTTER,F0,Unknown,0.1,40.0,,,,,32.78333,-79.76667,32.78333,-79.76667,,Waterspout came ashore briefly and damaged two homes under construction. A flower pot was thrown through a car window a block away.,SC,2000-07-23 21:30:00,2000-07-23 21:32:00,True,True
1098727,5164139,North Dakota,71,Ramsey,FGF,2000-07-15 19:25:00,CST,2000-07-15 19:25:00,0,0,0,0,,,LAW ENFORCEMENT,F0,Unknown,0.5,50.0,,,,,48.13333,-98.91667,48.13333,-98.91667,,A brief touchdown was reported by a state patrol officer.,ND,2000-07-15 20:25:00,2000-07-15 20:25:00,True,True
1099059,5165078,Maryland,27,Howard,LWX,2000-07-10 16:30:00,EST,2000-07-10 16:32:00,0,0,0,0,50K,,NWS STORM SURVEY,F1,Unknown,0.6,100.0,,,,,39.1,-76.8,39.1,-76.78333,"Thunderstorms that produced winds in excess of 55 mph, large hail, heavy downpours, and frequent lightning moved across central Maryland during the evening of the 10th. The strongest storm produced a tornado that touched down extreme southern Howard County then moved east into Anne Arundel County. The F1 tornado was 100 yards wide and stayed on the ground for 2 miles. It formed just southeast of High Ridge then moved east and dissipated near Maryland City. It crossed Route 1 and passed through a populated area where it caused considerable damage. Near High Ridge, several trees and power lines were downed. The tornado blew out a plate glass window and damaged a revolving door. It also blew over a line of 6 power poles, two trailers, three 8000 lb. containers, and three semi-tractor trailers. Near Maryland City, several trees were downed onto roads and buildings and a trailer was damaged. Straight line winds in excess of 55 mph caused damage south of the tornado's path. A wind gust of 43 mph was recorded at Laurel in Howard County. In and around Anne Arundel County, trees were downed in Severna Park, Crofton, Crownsville, Hillsmere, Odenton, Edgewater, Savage, and Laurel. In Calvert County, a tree was downed onto a power line in Lusby. In St. Mary's County, trees were downed countywide. In Charles County, trees were downed in Bryan's Road, Waldorf, and La Plata. Lightning also started a fire at a home in Bryan's Road that extensively damaged the structure. A tree was felled onto a home in Waldorf. In Prince George's County, pea sized hail was reported in Greenbelt.",The tornado downed several trees and power lines and blew over two trailers and 3 semi-tractor trailers before it moved into Anne Arundel County.,MD,2000-07-10 17:30:00,2000-07-10 17:32:00,True,True
1098339,5165021,Florida,81,Manatee,TBW,2000-06-20 16:07:00,EST,2000-06-20 16:17:00,0,0,0,0,25K,0,TRAINED SPOTTER,F0,Unknown,1.0,10.0,,,,,27.28333,-82.1,27.28333,-82.1,,"A tornado sporadically touched down north of State Road 70 over rural extreme southeast Manatee county and damaged a barn, two large storage sheds and snapped several large branches before it lifted and dissipated.",FL,2000-06-20 17:07:00,2000-06-20 17:17:00,True,True
1098727,5164142,North Dakota,71,Ramsey,FGF,2000-07-15 19:05:00,CST,2000-07-15 19:05:00,0,0,0,0,50K,,GENERAL PUBLIC,F0,Unknown,1.0,50.0,,,,,48.2,-99.1,48.2,-99.1,,"A tornado destroyed the attached garage of a house, damaged a semi truck, and destroyed a grain dryer.",ND,2000-07-15 20:05:00,2000-07-15 20:05:00,True,True
1099040,5163958,Illinois,83,Jersey,LSX,2000-07-18 18:30:00,CST,2000-07-18 18:31:00,0,0,0,0,,,EMERGENCY MANAGER,F0,Unknown,0.1,40.0,,,,,38.95,-90.35,38.95,-90.35,,Storm spotters reported a brief tornado which only damaged a few trees.,IL,2000-07-18 19:30:00,2000-07-18 19:31:00,True,True
1099041,5163959,Illinois,117,Macoupin,LSX,2000-07-18 19:10:00,CST,2000-07-18 19:11:00,0,0,0,0,,,TRAINED SPOTTER,F0,Unknown,0.1,40.0,,,,,39.1,-90.15,39.1,-90.15,,Storm spotters reported a brief tornado in an open field.,IL,2000-07-18 20:10:00,2000-07-18 20:11:00,True,True
1099859,5163878,California,37,Los Angeles,LOX,2000-08-28 13:45:00,PST,2000-08-28 13:45:00,0,0,0,0,,,STORM CHASER,F0,Unknown,0.1,2.0,,,,,34.55,-117.98333,34.55,-117.98333,,"A very weak tornado developed in the Antelope Valley, near the community of Little Rock. No damage was reported.",CA,2000-08-28 14:45:00,2000-08-28 14:45:00,True,True
1105466,5168218,Alabama,45,Dale,TAE,2000-12-16 12:08:00,EST,2000-12-16 12:30:00,0,0,0,0,2M,,EMERGENCY MANAGER,F2,Unknown,17.0,300.0,,,,,31.26667,-85.61667,31.43333,-85.4,,"The F0 tornado moved northeast from extreme western Houston County into southeast Dale County. It rapidly intensified to an F2 tornado as it continued its intermittent track into the eastern portion of the county. A Midland City church annex lost parts of its roof and walls. Several homes in the Doe Run Subdivision south of Pinckard were destroyed and numerous others were damaged. In Pinckard, numerous trees and power lines were down. Many homes and businesses were damaged, some seriously. The tornado tracked northeast into western Henry County. Reported by the Dale County EMA.",AL,2000-12-16 12:08:00,2000-12-16 12:30:00,False,False
1105467,5168219,Alabama,67,Henry,TAE,2000-12-16 12:30:00,EST,2000-12-16 12:45:00,0,0,0,0,2.9M,,EMERGENCY MANAGER,F1,Unknown,10.0,150.0,,,,,31.43333,-85.4,31.53333,-85.28333,,"The F2 tornado continued its intermittent track northeast from eastern Dale County into western Henry County, but had weakened to an F1 tornado. Just north of Murphy Station along Highway 27 and a quarter mile west of U.S. Highway 431, the tornado completely destroyed the Murphy Feed & Seed warehouse, numerous peanut trailers and two sheds. Before the tornado dissipated, it severely damaged the West Point Stevens Textile plant. Numerous vehicles were damaged. Henry County was declared a federal disaster area. Reported by the Henry County EMA.",AL,2000-12-16 12:30:00,2000-12-16 12:45:00,False,False
1101987,5169647,South Carolina,9,Bamberg,CAE,2000-09-23 00:25:00,EST,2000-09-23 00:27:00,0,0,0,0,,,NWS STORM SURVEY,F1,Unknown,1.0,100.0,,,,,33.31667,-81.15,33.31667,-81.15,,"Storm survey found a weak F1 touched in Denmark on Lee Rd. It took down 7 pecan trees in an orchard, overturned a doublewide mobile home, and damaged roof to 7 homes.",SC,2000-09-23 01:25:00,2000-09-23 01:27:00,True,True
1105516,5168510,Idaho,27,Canyon,BOI,2000-12-14 23:45:00,MST,2000-12-14 23:48:00,0,0,0,0,,,NWS STORM SURVEY,F0,Unknown,1.0,30.0,,,,,43.58333,-116.56667,43.58333,-116.56667,,"A strong frontal system moved through southeast Oregon and southwest Idaho during the late evening/early morning hours of December 14th and 15th. A weak tornado formed on the leading edge of the gust front and touched down in a largely rural area of Nampa. A National Weather Service storm survey found evidence that suggested the tornado touched down intermittently over a period of approximately 3 minutes and traveled approximately one mile through a rural area scattered with a few subdivisions. At it's widest, path width was estimated at 30 yards. The tornado was witnessed by a naval officer who described the tornado as a well defined rope-like funnel which was occasionally lighted by exploding transformers and power line arching at the base of the funnel. Damage along the path was confined to shingle damage to a number of homes, a power pole snapped off at it's base and a 3 foot diameter tree uprooted. No injuries occurred with this tornado and damage estimates were not available.",ID,2000-12-14 23:45:00,2000-12-14 23:48:00,False,False
1098215,5164496,Colorado,121,Washington,BOU,2000-06-22 12:46:00,MST,2000-06-22 12:46:00,0,0,0,0,0,0,TRAINED SPOTTER,F0,Unknown,0.1,25.0,,,,,39.73333,-103.7,39.73333,-103.7,,A small tornado touched down briefly but did no damage.,CO,2000-06-22 13:46:00,2000-06-22 13:46:00,True,True
1098215,5164497,Colorado,5,Arapahoe,BOU,2000-06-22 12:48:00,MST,2000-06-22 12:48:00,0,0,0,0,0,0,TRAINED SPOTTER,F0,Unknown,0.1,25.0,,,,,39.71667,-104.18333,39.71667,-104.18333,,A small tornado touched briefly but did no damage.,CO,2000-06-22 13:48:00,2000-06-22 13:48:00,True,True
1098216,5164499,Colorado,75,Logan,BOU,2000-06-23 16:08:00,MST,2000-06-23 16:08:00,0,0,0,0,0,0,TRAINED SPOTTER,F0,Unknown,0.1,25.0,,,,,40.56667,-102.9,40.56667,-102.9,,A small tornado touched down briefly but did no damage.,CO,2000-06-23 17:08:00,2000-06-23 17:08:00,True,True
1098216,5164500,Colorado,95,Phillips,BOU,2000-06-23 16:29:00,MST,2000-06-23 16:29:00,0,0,0,0,0,0,TRAINED SPOTTER,F0,Unknown,0.1,25.0,,,,,40.6,-102.61667,40.6,-102.61667,,A small tornado touched down briefly but did no damage.,CO,2000-06-23 17:29:00,2000-06-23 17:29:00,True,True
1098216,5164501,Colorado,75,Logan,BOU,2000-06-23 16:33:00,MST,2000-06-23 16:33:00,0,0,0,0,0,0,TRAINED SPOTTER,F0,Unknown,0.1,25.0,,,,,40.58333,-102.78333,40.58333,-102.78333,,A small tornado touched down briefly but did no damage.,CO,2000-06-23 17:33:00,2000-06-23 17:33:00,True,True
1105845,5178479,Utah,35,Salt Lake,SLC,2000-05-25 17:20:00,MST,2000-05-25 17:25:00,0,0,0,0,100K,0,GENERAL PUBLIC,F0,Unknown,0.3,30.0,,,,,40.66667,-111.81667,40.66667,-111.81667,,"A small tornado touched down in the Salt Lake City suburb of Holladay in the early evening hours. The F0 tornado ripped apart a sheet metal roof on the receiving dock of an Albertson's Supermarket, and a Goodyear Tire Store reported minor damage to the roof and a sign. Several cars at the tire store had their windows blown out as well. Luckily, there were no injuries reported.",UT,2000-05-25 18:20:00,2000-05-25 18:25:00,True,True
1105626,5178380,Mississippi,75,Lauderdale,JAN,2000-12-16 11:30:00,CST,2000-12-16 11:45:00,17,0,0,0,2.1M,,EMERGENCY MANAGER,F2,Unknown,12.0,440.0,,,,,32.4,-88.66667,32.5,-88.5,,"An F2 tornado caused major damage in the Marion and Dalewood Shore Lake communities, northeast of Meridian. Two houses and thirteen mobile homes were destroyed. Eleven houses and twelve mobile homes received major damage. Thirty-three houses and twenty-two mobile homes received minor damage. Three businesses were destroyed and one business had minor damage. Thousands of trees were blown down or snapped off, and numerous power poles and power lines were also downed. Seventeen people were injured, including one in critical condition.",MS,2000-12-16 11:30:00,2000-12-16 11:45:00,False,False
1105843,5178476,Utah,39,Sanpete,SLC,2000-05-24 17:45:00,MST,2000-05-24 17:50:00,0,0,0,0,0,0,GENERAL PUBLIC,F0,Unknown,0.2,25.0,,,,,39.15,-111.81667,39.15,-111.81667,"A severe thunderstorm spawned a small tornado as it made its way through Sanpete County. An eyewitness spotted the F0 tornado as it touched down just south of Highway 89, about 5 miles east of Gunnison. It crossed the highway, pelting the eyewitnesses car with mud and debris and causing some power lines to arc. The tornado was on the ground for only a few minutes. As the thunderstorm continued to track northward, Manti clocked 60mph (52kts) winds, with tree damage noted at the LDS Temple in town. Trees were also blown over in Spring City and Mt. Pleasant. There was also some damage to one home and a city building in Mt. Pleasant from the thunderstorm winds. Several turkey barns were also damaged in Fairview.",,UT,2000-05-24 18:45:00,2000-05-24 18:50:00,True,True
1105882,5177903,Utah,17,Garfield,SLC,2000-09-08 12:00:00,MST,2000-09-08 12:05:00,0,0,0,0,0,0,GENERAL PUBLIC,F0,Unknown,2.0,20.0,,,,,37.81667,-112.43333,37.81667,-112.43333,,A tornado was spotted near Panguitch on Highway 20 which goes from US-89 to I-15. The tornado stayed over open country for about 5 minutes before lifting. No damage was reported.,UT,2000-09-08 13:00:00,2000-09-08 13:05:00,True,True
2414799,5128197,South Carolina,3,Aiken,CAE,2000-02-14 05:10:00,EST,2000-02-14 05:12:00,0,0,0,0,0,0,EMERGENCY MANAGER,F0,Unknown,0.2,50.0,,,,,,,,,,Storm survey found a small F0 track in area reported by EOC. Only damage was to trees.,SC,2000-02-14 05:10:00,2000-02-14 05:12:00,False,False
