episode_id,event_id,state,county_fips,county_name,wfo,begin_date_time,county_timezone,end_date_time,injuries_direct,injuries_indirect,deaths_direct,deaths_indirect,property_damage,crop_damage,source,tornado_rating,max_windspeed,tornado_length,tornado_max_width,other_wfos,other_states,other_counties_fips,other_counties_names,begin_latitude,begin_longitude,end_latitude,end_longitude,episode_narrative,event_narrative,state_code,begin_date_time_corrected,end_date_time_corrected,begin_time_adjusted,end_time_adjusted
,10081394,New Hampshire,15,Rockingham,,2057-06-19 12:35:00,CST,2057-06-19 12:35:00,1,0,0,0,25K,0,,F2,Unknown,0.2,77,,,,,43.1,-70.8,,,,,NH,2057-06-19 12:35:00,2057-06-19 12:35:00,False,False
,10078079,North Carolina,65,Edgecombe,,2057-11-08 18:00:00,CST,2057-11-08 18:00:00,3,0,0,0,250K,0,,F3,Unknown,22.1,150,,,,,35.73,-77.67,35.85,-77.3,,,NC,2057-11-08 18:00:00,2057-11-08 18:00:00,False,False
,9977704,Alabama,35,Conecuh,,2057-06-28 10:30:00,CST,2057-06-28 10:30:00,0,0,0,0,2.5K,0,,F1,Unknown,1.0,33,,,,,31.43,-87.05,,,,,AL,2057-06-28 10:30:00,2057-06-28 10:30:00,False,False
,9977705,Alabama,35,Conecuh,,2057-06-28 11:00:00,CST,2057-06-28 11:00:00,0,0,0,0,250K,0,,F2,Unknown,1.1,200,,,,,31.43,-86.7,31.45,-86.7,,,AL,2057-06-28 11:00:00,2057-06-28 11:00:00,False,False
,10080607,New Mexico,25,Lea,,2057-05-30 17:39:00,CST,2057-05-30 17:39:00,0,0,0,0,0K,0,,F0,Unknown,0.0,33,,,,,32.43,-103.15,,,,,NM,2057-05-30 17:39:00,2057-05-30 17:39:00,False,False
,10061503,Missouri,155,Pemiscot,,2057-05-22 00:15:00,CST,2057-05-22 00:15:00,0,0,0,0,25K,0,,F1,Unknown,5.2,33,,,,,36.17,-89.97,36.2,-89.88,,,MO,2057-05-22 00:15:00,2057-05-22 00:15:00,False,False
,9976818,Alabama,97,Mobile,,2057-03-31 23:30:00,CST,2057-03-31 23:30:00,4,0,0,0,25K,0,,F1,Unknown,1.0,67,,,,,30.65,-88.0,,,,,AL,2057-03-31 23:30:00,2057-03-31 23:30:00,False,False
,9976819,Alabama,97,Mobile,,2057-03-31 23:30:00,CST,2057-03-31 23:30:00,0,0,0,0,.03K,0,,F1,Unknown,0.0,33,,,,,30.65,-88.0,,,,,AL,2057-03-31 23:30:00,2057-03-31 23:30:00,False,False
,9976814,Alabama,69,Houston,,2057-02-01 20:00:00,CST,2057-02-01 20:00:00,0,0,0,0,.25K,0,,F1,Unknown,0.0,33,,,,,31.2,-85.4,,,,,AL,2057-02-01 20:00:00,2057-02-01 20:00:00,False,False
,9976825,Alabama,59,Franklin,,2057-04-07 23:35:00,CST,2057-04-07 23:35:00,0,0,0,0,25K,0,,F2,Unknown,0.0,33,,,,,34.45,-88.13,,,,,AL,2057-04-07 23:35:00,2057-04-07 23:35:00,False,False
,9976826,Alabama,93,Marion,,2057-04-08 09:46:00,CST,2057-04-08 09:46:00,0,0,0,0,250K,0,,F3,Unknown,51.4,100,,,,,34.12,-87.98,34.32,-87.12,,,AL,2057-04-08 09:46:00,2057-04-08 09:46:00,False,False
,9976827,Alabama,103,Morgan,,2057-04-08 10:15:00,CST,2057-04-08 10:15:00,90,0,2,0,.25K,0,,F3,Unknown,33.6,200,,,,,34.32,-86.98,34.45,-86.42,,,AL,2057-04-08 10:15:00,2057-04-08 10:15:00,False,False
,9976828,Alabama,95,Marshall,,2057-04-08 10:15:00,CST,2057-04-08 10:15:00,0,0,0,0,.25K,0,,F3,Unknown,5.2,200,,,,,34.45,-86.42,34.47,-86.33,,,AL,2057-04-08 10:15:00,2057-04-08 10:15:00,False,False
,9976829,Alabama,43,Cullman,,2057-04-08 10:30:00,CST,2057-04-08 10:30:00,0,0,0,0,250K,0,,F3,Unknown,16.3,33,,,,,34.3,-86.6,34.38,-86.33,,,AL,2057-04-08 10:30:00,2057-04-08 10:30:00,False,False
,9976830,Alabama,67,Henry,,2057-05-10 19:45:00,CST,2057-05-10 19:45:00,0,0,0,0,2.5K,0,,F1,Unknown,0.0,33,,,,,31.37,-85.3,,,,,AL,2057-05-10 19:45:00,2057-05-10 19:45:00,False,False
,9976835,Alabama,25,Clarke,,2057-06-28 08:30:00,CST,2057-06-28 08:30:00,0,0,0,0,2.5K,0,,F1,Unknown,7.4,100,,,,,31.6,-87.7,31.63,-87.82,,,AL,2057-06-28 08:30:00,2057-06-28 08:30:00,False,False
,9976836,Alabama,131,Wilcox,,2057-06-28 08:50:00,CST,2057-06-28 08:50:00,0,0,0,0,25K,0,,F2,Unknown,2.0,100,,,,,31.92,-87.08,,,,,AL,2057-06-28 08:50:00,2057-06-28 08:50:00,False,False
,9976837,Alabama,101,Montgomery,,2057-06-28 09:27:00,CST,2057-06-28 09:27:00,0,0,0,0,0K,0,,F0,Unknown,0.0,100,,,,,32.07,-86.3,,,,,AL,2057-06-28 09:27:00,2057-06-28 09:27:00,False,False
,9976838,Alabama,85,Lowndes,,2057-06-28 09:35:00,CST,2057-06-28 09:35:00,0,0,0,0,25K,0,,F2,Unknown,12.8,117,,,,,32.15,-86.58,32.25,-86.4,,,AL,2057-06-28 09:35:00,2057-06-28 09:35:00,False,False
,9976839,Alabama,35,Conecuh,,2057-06-28 09:45:00,CST,2057-06-28 09:45:00,0,0,0,0,250K,0,,F2,Unknown,23.2,440,,,,,31.4,-86.9,31.63,-86.62,,,AL,2057-06-28 09:45:00,2057-06-28 09:45:00,False,False
,9976840,Alabama,99,Monroe,,2057-06-28 09:55:00,CST,2057-06-28 09:55:00,4,0,0,0,250K,0,,F2,Unknown,12.1,100,,,,,31.42,-87.4,31.53,-87.25,,,AL,2057-06-28 09:55:00,2057-06-28 09:55:00,False,False
,9976841,Alabama,85,Lowndes,,2057-06-28 10:00:00,CST,2057-06-28 10:00:00,8,0,0,0,250K,0,,F1,Unknown,13.5,50,,,,,31.97,-86.58,32.08,-86.4,,,AL,2057-06-28 10:00:00,2057-06-28 10:00:00,False,False
,9976842,Alabama,101,Montgomery,,2057-06-28 10:00:00,CST,2057-06-28 10:00:00,0,0,0,0,250K,0,,F1,Unknown,8.8,50,,,,,32.08,-86.4,32.13,-86.27,,,AL,2057-06-28 10:00:00,2057-06-28 10:00:00,False,False
,9976844,Alabama,13,Butler,,2057-06-28 10:15:00,CST,2057-06-28 10:15:00,0,0,0,0,250K,0,,F2,Unknown,12.3,133,,,,,31.77,-86.72,31.85,-86.53,,,AL,2057-06-28 10:15:00,2057-06-28 10:15:00,False,False
,9976846,Alabama,101,Montgomery,,2057-06-28 10:30:00,CST,2057-06-28 10:30:00,0,0,0,0,2.5K,0,,F0,Unknown,8.9,167,,,,,32.17,-86.13,32.18,-85.98,,,AL,2057-06-28 10:30:00,2057-06-28 10:30:00,False,False
,10019231,Iowa,47,Crawford,,2057-07-04 02:28:00,CST,2057-07-04 02:28:00,1,0,0,0,.03K,0,,F1,Unknown,0.0,33,,,,,42.2,-95.2,,,,,IA,2057-07-04 02:28:00,2057-07-04 02:28:00,False,False
,10003808,Indiana,145,Shelby,,2057-07-04 17:00:00,CST,2057-07-04 17:00:00,0,0,0,0,250K,0,,F2,Unknown,0.0,33,,,,,39.45,-85.9,,,,,IN,2057-07-04 17:00:00,2057-07-04 17:00:00,False,False
,9990316,Colorado,69,Larimer,,2057-05-30 16:00:00,CST,2057-05-30 16:00:00,0,0,0,0,2.5K,0,,F2,Unknown,1.9,33,,,,,40.47,-104.93,40.47,-104.88,,,CO,2057-05-30 16:00:00,2057-05-30 16:00:00,False,False
,10122250,Texas,121,Denton,,2057-04-02 18:30:00,CST,2057-04-02 18:30:00,0,0,0,0,25K,0,,,Unknown,1.5,67,,,,,33.23,-97.33,,,,,TX,2057-04-02 18:30:00,2057-04-02 18:30:00,False,False
,10092678,Oklahoma,23,Choctaw,,2057-04-02 19:15:00,CST,2057-04-02 19:15:00,0,0,0,0,25K,0,,F1,Unknown,16.8,33,,,,,33.93,-95.5,34.13,-95.33,,,OK,2057-04-02 19:15:00,2057-04-02 19:15:00,False,False
,10037036,Kentucky,227,Warren,,2057-04-03 17:30:00,CST,2057-04-03 17:30:00,0,0,0,0,0K,0,,F1,Unknown,0.0,33,,,,,36.83,-86.45,,,,,KY,2057-04-03 17:30:00,2057-04-03 17:30:00,False,False
,10148797,Wisconsin,101,Racine,,2057-04-19 16:18:00,CST,2057-04-19 16:18:00,2,0,0,0,250K,0,,F2,Unknown,2.7,50,,,,,42.65,-88.3,42.65,-88.23,,,WI,2057-04-19 16:18:00,2057-04-19 16:18:00,False,False
,9977920,Alabama,39,Covington,,2057-06-28 11:00:00,CST,2057-06-28 11:00:00,2,0,0,0,250K,0,,F2,Unknown,5.2,200,,,,,31.45,-86.7,31.52,-86.67,,,AL,2057-06-28 11:00:00,2057-06-28 11:00:00,False,False
,9977922,Alabama,41,Crenshaw,,2057-06-28 11:50:00,CST,2057-06-28 11:50:00,0,0,0,0,0K,0,,F0,Unknown,0.0,33,,,,,31.7,-86.3,,,,,AL,2057-06-28 11:50:00,2057-06-28 11:50:00,False,False
,9977925,Alabama,81,Lee,,2057-08-15 17:30:00,CST,2057-08-15 17:30:00,0,0,0,0,2.5K,0,,F1,Unknown,0.0,133,,,,,32.53,-85.08,,,,,AL,2057-08-15 17:30:00,2057-08-15 17:30:00,False,False
,9977927,Alabama,47,Dallas,,2057-09-18 14:45:00,CST,2057-09-18 14:45:00,0,0,0,0,25K,0,,F0,Unknown,11.9,100,,,,,32.4,-86.87,32.52,-86.72,,,AL,2057-09-18 14:45:00,2057-09-18 14:45:00,False,False
,9977928,Alabama,107,Pickens,,2057-11-08 02:25:00,CST,2057-11-08 02:25:00,5,0,0,0,250K,0,,F1,Unknown,8.7,33,,,,,33.13,-88.13,33.18,-88.0,,,AL,2057-11-08 02:25:00,2057-11-08 02:25:00,False,False
,9977930,Alabama,117,Shelby,,2057-11-08 04:30:00,CST,2057-11-08 04:30:00,0,0,0,0,25K,0,,F1,Unknown,4.1,50,,,,,33.2,-86.57,33.23,-86.52,,,AL,2057-11-08 04:30:00,2057-11-08 04:30:00,False,False
,9977932,Alabama,75,Lamar,,2057-11-17 13:10:00,CST,2057-11-17 13:10:00,0,0,0,0,2.5K,0,,F1,Unknown,0.0,33,,,,,33.9,-88.13,,,,,AL,2057-11-17 13:10:00,2057-11-17 13:10:00,False,False
,9977933,Alabama,127,Walker,,2057-11-17 15:12:00,CST,2057-11-17 15:12:00,15,0,4,0,25K,0,,F4,Unknown,7.2,200,,,,,33.9,-87.18,33.93,-87.3,,,AL,2057-11-17 15:12:00,2057-11-17 15:12:00,False,False
,9977934,Alabama,43,Cullman,,2057-11-17 16:10:00,CST,2057-11-17 16:10:00,3,0,0,0,250K,0,,F1,Unknown,9.2,33,,,,,34.1,-87.05,34.15,-86.9,,,AL,2057-11-17 16:10:00,2057-11-17 16:10:00,False,False
,9977935,Alabama,59,Franklin,,2057-11-18 13:30:00,CST,2057-11-18 13:30:00,0,0,0,0,25K,0,,F2,Unknown,7.4,33,,,,,34.48,-87.87,34.53,-87.75,,,AL,2057-11-18 13:30:00,2057-11-18 13:30:00,False,False
,9977936,Alabama,63,Greene,,2057-11-18 14:30:00,CST,2057-11-18 14:30:00,0,0,0,0,250K,0,,F1,Unknown,7.6,33,,,,,32.65,-87.9,32.72,-87.8,,,AL,2057-11-18 14:30:00,2057-11-18 14:30:00,False,False
,9977937,Alabama,65,Hale,,2057-11-18 14:30:00,CST,2057-11-18 14:30:00,5,0,0,0,250K,0,,F1,Unknown,20.4,33,,,,,32.72,-87.8,32.95,-87.58,,,AL,2057-11-18 14:30:00,2057-11-18 14:30:00,False,False
,9977938,Alabama,125,Tuscaloosa,,2057-11-18 14:45:00,CST,2057-11-18 14:45:00,1,0,0,0,25K,0,,F1,Unknown,3.3,33,,,,,33.4,-87.53,33.42,-87.48,,,AL,2057-11-18 14:45:00,2057-11-18 14:45:00,False,False
,9977939,Alabama,47,Dallas,,2057-11-18 14:45:00,CST,2057-11-18 14:45:00,0,0,0,0,25K,0,,F1,Unknown,37.3,33,,,,,32.28,-87.37,32.67,-86.92,,,AL,2057-11-18 14:45:00,2057-11-18 14:45:00,False,False
,9977941,Alabama,73,Jefferson,,2057-11-18 15:30:00,CST,2057-11-18 15:30:00,35,0,1,0,2.5M,0,,F2,Unknown,8.2,100,,,,,33.6,-86.8,33.63,-86.67,,,AL,2057-11-18 15:30:00,2057-11-18 15:30:00,False,False
,9977942,Alabama,49,Dekalb,,2057-11-18 16:15:00,CST,2057-11-18 16:15:00,0,0,0,0,25K,0,,F1,Unknown,0.0,33,,,,,34.33,-85.83,,,,,AL,2057-11-18 16:15:00,2057-11-18 16:15:00,False,False
,9977923,Alabama,5,Barbour,,2057-06-28 17:45:00,CST,2057-06-28 17:45:00,1,0,0,0,25K,0,,F2,Unknown,16.5,100,,,,,31.8,-85.67,31.97,-85.47,,,AL,2057-06-28 17:45:00,2057-06-28 17:45:00,False,False
,9977943,Alabama,123,Tallapoosa,,2057-11-18 16:35:00,CST,2057-11-18 16:35:00,0,0,0,0,25K,0,,F1,Unknown,0.0,33,,,,,32.95,-85.97,,,,,AL,2057-11-18 16:35:00,2057-11-18 16:35:00,False,False
,9977944,Alabama,103,Morgan,,2057-11-18 17:00:00,CST,2057-11-18 17:00:00,0,0,0,0,25K,0,,F1,Unknown,0.0,33,,,,,34.32,-86.6,,,,,AL,2057-11-18 17:00:00,2057-11-18 17:00:00,False,False
,9977945,Alabama,79,Lawrence,,2057-11-18 17:00:00,CST,2057-11-18 17:00:00,0,0,0,0,2.5K,0,,F1,Unknown,0.0,33,,,,,34.5,-87.2,,,,,AL,2057-11-18 17:00:00,2057-11-18 17:00:00,False,False
,9977946,Alabama,29,Cleburne,,2057-11-18 17:15:00,CST,2057-11-18 17:15:00,0,0,0,0,25K,0,,F1,Unknown,0.0,33,,,,,33.7,-85.6,,,,,AL,2057-11-18 17:15:00,2057-11-18 17:15:00,False,False
,9977947,Alabama,27,Clay,,2057-11-18 17:30:00,CST,2057-11-18 17:30:00,0,0,0,0,25K,0,,F2,Unknown,0.0,33,,,,,33.27,-85.85,,,,,AL,2057-11-18 17:30:00,2057-11-18 17:30:00,False,False
,9977948,Alabama,9,Blount,,2057-11-18 17:30:00,CST,2057-11-18 17:30:00,6,0,3,0,250K,0,,F4,Unknown,15.8,100,,,,,33.98,-86.52,34.17,-86.35,,,AL,2057-11-18 17:30:00,2057-11-18 17:30:00,False,False
,9977949,Alabama,95,Marshall,,2057-11-18 17:30:00,CST,2057-11-18 17:30:00,6,0,0,0,250K,0,,F4,Unknown,10.3,100,,,,,34.17,-86.35,34.27,-86.22,,,AL,2057-11-18 17:30:00,2057-11-18 17:30:00,False,False
,9977951,Alabama,57,Fayette,,2057-12-19 22:30:00,CST,2057-12-19 22:30:00,0,0,0,0,2.5K,0,,F1,Unknown,0.0,33,,,,,33.87,-87.8,,,,,AL,2057-12-19 22:30:00,2057-12-19 22:30:00,False,False
,9977952,Alabama,33,Colbert,,2057-12-19 23:15:00,CST,2057-12-19 23:15:00,7,0,0,0,25K,0,,F2,Unknown,0.0,33,,,,,34.6,-87.67,,,,,AL,2057-12-19 23:15:00,2057-12-19 23:15:00,False,False
,9977954,Alabama,35,Conecuh,,2057-12-20 03:00:00,CST,2057-12-20 03:00:00,0,0,0,0,2.5K,0,,F1,Unknown,0.8,33,,,,,31.3,-86.88,,,,,AL,2057-12-20 03:00:00,2057-12-20 03:00:00,False,False
,9977953,Alabama,21,Chilton,,2057-12-20 02:53:00,CST,2057-12-20 02:53:00,0,0,0,0,250K,0,,F1,Unknown,0.0,33,,,,,32.8,-86.65,,,,,AL,2057-12-20 02:53:00,2057-12-20 02:53:00,False,False
,10092701,Oklahoma,151,Woods,,2057-04-18 19:45:00,CST,2057-04-18 19:45:00,0,0,0,0,.03K,0,,F0,Unknown,0.0,33,,,,,36.5,-98.87,,,,,OK,2057-04-18 19:45:00,2057-04-18 19:45:00,False,False
,10069876,Nebraska,157,Scotts Bluff,,2057-05-19 21:30:00,CST,2057-05-19 21:30:00,0,0,0,0,25K,0,,F2,Unknown,5.1,67,,,,,41.75,-103.12,41.78,-103.02,,,NE,2057-05-19 21:30:00,2057-05-19 21:30:00,False,False
,10069877,Nebraska,33,Cheyenne,,2057-05-19 22:00:00,CST,2057-05-19 22:00:00,0,0,0,0,25K,0,,F1,Unknown,2.0,33,,,,,41.32,-102.98,,,,,NE,2057-05-19 22:00:00,2057-05-19 22:00:00,False,False
,10069879,Nebraska,181,Webster,,2057-05-20 14:15:00,CST,2057-05-20 14:15:00,0,0,0,0,.03K,0,,F0,Unknown,0.0,33,,,,,40.1,-98.52,,,,,NE,2057-05-20 14:15:00,2057-05-20 14:15:00,False,False
,10069880,Nebraska,41,Custer,,2057-05-20 14:17:00,CST,2057-05-20 14:17:00,0,0,0,0,.03K,0,,F1,Unknown,2.7,300,,,,,41.43,-99.62,41.45,-99.55,,,NE,2057-05-20 14:17:00,2057-05-20 14:17:00,False,False
,10069881,Nebraska,129,Nuckolls,,2057-05-20 14:20:00,CST,2057-05-20 14:20:00,0,0,0,0,.03K,0,,,Unknown,0.0,33,,,,,40.07,-98.27,,,,,NE,2057-05-20 14:20:00,2057-05-20 14:20:00,False,False
,10069882,Nebraska,41,Custer,,2057-05-20 15:00:00,CST,2057-05-20 15:00:00,0,0,0,0,2.5K,0,,F1,Unknown,0.0,33,,,,,41.6,-99.93,,,,,NE,2057-05-20 15:00:00,2057-05-20 15:00:00,False,False
,10069884,Nebraska,169,Thayer,,2057-05-20 16:00:00,CST,2057-05-20 16:00:00,0,0,0,0,250K,0,,F2,Unknown,75.3,33,,,,,40.07,-97.5,40.7,-96.33,,,NE,2057-05-20 16:00:00,2057-05-20 16:00:00,False,False
,10069886,Nebraska,79,Hall,,2057-05-20 17:00:00,CST,2057-05-20 17:00:00,0,0,0,0,0K,0,,F2,Unknown,18.2,33,,,,,40.77,-98.37,40.97,-98.13,,,NE,2057-05-20 17:00:00,2057-05-20 17:00:00,False,False
,10069887,Nebraska,151,Saline,,2057-05-20 17:20:00,CST,2057-05-20 17:20:00,0,0,0,0,25K,0,,F2,Unknown,23.9,33,,,,,40.68,-97.25,40.83,-96.83,,,NE,2057-05-20 17:20:00,2057-05-20 17:20:00,False,False
,10069888,Nebraska,135,Perkins,,2057-05-24 19:30:00,CST,2057-05-24 19:30:00,0,0,0,0,2.5K,0,,,Unknown,0.0,33,,,,,40.88,-101.93,,,,,NE,2057-05-24 19:30:00,2057-05-24 19:30:00,False,False
,10073370,Montana,45,Judith Basin,,2057-07-07 16:00:00,CST,2057-07-07 16:00:00,0,0,0,0,.25K,0,,F1,Unknown,1.5,20,,,,,47.0,-110.02,,,,,MT,2057-07-07 16:00:00,2057-07-07 16:00:00,False,False
,10080591,New Mexico,41,Roosevelt,,2057-04-21 16:00:00,CST,2057-04-21 16:00:00,0,0,0,0,0K,0,,F0,Unknown,0.0,33,,,,,33.9,-103.1,,,,,NM,2057-04-21 16:00:00,2057-04-21 16:00:00,False,False
,10080592,New Mexico,41,Roosevelt,,2057-04-21 16:00:00,CST,2057-04-21 16:00:00,0,0,0,0,0K,0,,F0,Unknown,0.0,33,,,,,33.9,-103.1,,,,,NM,2057-04-21 16:00:00,2057-04-21 16:00:00,False,False
,10080593,New Mexico,41,Roosevelt,,2057-04-21 16:00:00,CST,2057-04-21 16:00:00,0,0,0,0,0K,0,,F0,Unknown,0.0,33,,,,,33.9,-103.1,,,,,NM,2057-04-21 16:00:00,2057-04-21 16:00:00,False,False
,10080594,New Mexico,41,Roosevelt,,2057-04-21 16:00:00,CST,2057-04-21 16:00:00,0,0,0,0,25K,0,,F2,Unknown,0.3,40,,,,,33.9,-103.1,,,,,NM,2057-04-21 16:00:00,2057-04-21 16:00:00,False,False
,10092702,Oklahoma,57,Harmon,,2057-04-18 21:30:00,CST,2057-04-18 21:30:00,0,0,0,0,25K,0,,F1,Unknown,1.5,200,,,,,34.68,-99.92,,,,,OK,2057-04-18 21:30:00,2057-04-18 21:30:00,False,False
,10069897,Nebraska,185,York,,2057-06-06 21:30:00,CST,2057-06-06 21:30:00,0,0,0,0,2.5K,0,,F1,Unknown,4.3,33,,,,,40.93,-97.45,41.0,-97.42,,,NE,2057-06-06 21:30:00,2057-06-06 21:30:00,False,False
,10069898,Nebraska,157,Scotts Bluff,,2057-06-10 18:00:00,CST,2057-06-10 18:00:00,0,0,0,0,2.5K,0,,F1,Unknown,0.2,33,,,,,41.77,-103.67,,,,,NE,2057-06-10 18:00:00,2057-06-10 18:00:00,False,False
,10069900,Nebraska,141,Platte,,2057-06-13 18:20:00,CST,2057-06-13 18:20:00,0,0,0,0,2.5K,0,,F1,Unknown,2.3,33,,,,,41.48,-97.62,41.47,-97.55,,,NE,2057-06-13 18:20:00,2057-06-13 18:20:00,False,False
,10069901,Nebraska,23,Butler,,2057-06-13 18:30:00,CST,2057-06-13 18:30:00,0,0,0,0,2.5K,0,,F1,Unknown,0.3,33,,,,,41.12,-97.13,,,,,NE,2057-06-13 18:30:00,2057-06-13 18:30:00,False,False
,10069902,Nebraska,1,Adams,,2057-06-15 12:15:00,CST,2057-06-15 12:15:00,0,0,0,0,.25K,0,,F1,Unknown,0.5,33,,,,,40.57,-98.42,,,,,NE,2057-06-15 12:15:00,2057-06-15 12:15:00,False,False
,10069904,Nebraska,133,Pawnee,,2057-06-15 14:00:00,CST,2057-06-15 14:00:00,0,0,0,0,0K,0,,F1,Unknown,6.2,33,,,,,40.23,-96.32,40.27,-96.2,,,NE,2057-06-15 14:00:00,2057-06-15 14:00:00,False,False
,10069908,Nebraska,109,Lancaster,,2057-06-15 20:00:00,CST,2057-06-15 20:00:00,0,0,0,0,.03K,0,,F1,Unknown,0.0,33,,,,,41.03,-96.82,,,,,NE,2057-06-15 20:00:00,2057-06-15 20:00:00,False,False
,10096578,Oklahoma,119,Payne,,2057-06-12 04:55:00,CST,2057-06-12 04:55:00,0,0,0,0,2.5K,0,,F1,Unknown,6.8,33,,,,,36.08,-97.12,36.12,-97.0,,,OK,2057-06-12 04:55:00,2057-06-12 04:55:00,False,False
,10096580,Oklahoma,97,Mayes,,2057-06-12 07:40:00,CST,2057-06-12 07:40:00,1,0,0,0,25K,0,,F1,Unknown,8.4,33,,,,,36.43,-95.27,36.45,-95.12,,,OK,2057-06-12 07:40:00,2057-06-12 07:40:00,False,False
,10096581,Oklahoma,17,Canadian,,2057-06-12 10:00:00,CST,2057-06-12 10:00:00,0,0,0,0,0K,0,,F1,Unknown,0.0,33,,,,,35.6,-98.23,,,,,OK,2057-06-12 10:00:00,2057-06-12 10:00:00,False,False
,10123842,Tennessee,55,Giles,,2057-11-08 02:00:00,CST,2057-11-08 02:00:00,0,0,0,0,2.5K,0,,F2,Unknown,4.7,133,,,,,35.2,-87.02,35.25,-86.97,,,TN,2057-11-08 02:00:00,2057-11-08 02:00:00,False,False
,10123844,Tennessee,125,Montgomery,,2057-11-18 04:00:00,CST,2057-11-18 04:00:00,0,0,0,0,2.5K,0,,F1,Unknown,0.1,7,,,,,36.47,-87.58,,,,,TN,2057-11-18 04:00:00,2057-11-18 04:00:00,False,False
,10116333,South Carolina,67,Marion,,2057-06-30 17:00:00,CST,2057-06-30 17:00:00,0,0,0,0,2.5K,0,,F1,Unknown,2.0,33,,,,,34.15,-79.25,,,,,SC,2057-06-30 17:00:00,2057-06-30 17:00:00,False,False
,10094136,Oklahoma,97,Mayes,,2057-05-20 23:10:00,CST,2057-05-20 23:10:00,1,0,0,0,2.5K,0,,F3,Unknown,5.2,200,,,,,35.35,-95.08,35.38,-95.0,,,OK,2057-05-20 23:10:00,2057-05-20 23:10:00,False,False
,10049545,Mississippi,67,Jones,,2057-11-18 13:30:00,CST,2057-11-18 13:30:00,2,0,0,0,25K,0,,F2,Unknown,6.2,50,,,,,31.73,-89.08,31.78,-89.0,,,MS,2057-11-18 13:30:00,2057-11-18 13:30:00,False,False
,10049547,Mississippi,23,Clarke,,2057-11-18 14:30:00,CST,2057-11-18 14:30:00,0,0,0,0,25K,0,,F3,Unknown,9.0,77,,,,,31.97,-88.78,32.0,-88.63,,,MS,2057-11-18 14:30:00,2057-11-18 14:30:00,False,False
,10049548,Mississippi,147,Walthall,,2057-11-18 15:00:00,CST,2057-11-18 15:00:00,0,0,0,0,250K,0,,F2,Unknown,1.9,77,,,,,31.05,-89.88,31.07,-89.87,,,MS,2057-11-18 15:00:00,2057-11-18 15:00:00,False,False
,10049549,Mississippi,91,Marion,,2057-11-18 15:05:00,CST,2057-11-18 15:05:00,2,0,0,0,25K,0,,F2,Unknown,23.4,77,,,,,31.07,-89.87,31.4,-89.8,,,MS,2057-11-18 15:05:00,2057-11-18 15:05:00,False,False
,10094078,Oklahoma,65,Jackson,,2057-04-22 18:00:00,CST,2057-04-22 18:00:00,0,0,0,0,2.5K,0,,F2,Unknown,0.0,33,,,,,34.57,-99.58,,,,,OK,2057-04-22 18:00:00,2057-04-22 18:00:00,False,False
,10094079,Oklahoma,55,Greer,,2057-04-22 18:30:00,CST,2057-04-22 18:30:00,0,0,0,0,2.5K,0,,F2,Unknown,0.0,33,,,,,34.87,-99.33,,,,,OK,2057-04-22 18:30:00,2057-04-22 18:30:00,False,False
,10094080,Oklahoma,149,Washita,,2057-04-22 19:01:00,CST,2057-04-22 19:01:00,0,0,0,0,0K,0,,F1,Unknown,0.0,33,,,,,35.12,-99.22,,,,,OK,2057-04-22 19:01:00,2057-04-22 19:01:00,False,False
,10094081,Oklahoma,3,Alfalfa,,2057-04-22 20:00:00,CST,2057-04-22 20:00:00,0,0,0,0,2.5K,0,,F0,Unknown,0.0,50,,,,,36.5,-98.45,,,,,OK,2057-04-22 20:00:00,2057-04-22 20:00:00,False,False
,10094082,Oklahoma,15,Caddo,,2057-04-22 20:00:00,CST,2057-04-22 20:00:00,1,0,0,0,250K,0,,F3,Unknown,1.0,200,,,,,35.1,-98.6,,,,,OK,2057-04-22 20:00:00,2057-04-22 20:00:00,False,False
,10094084,Oklahoma,15,Caddo,,2057-04-22 20:15:00,CST,2057-04-22 20:15:00,0,0,0,0,250K,0,,F2,Unknown,30.9,33,,,,,35.3,-98.5,35.63,-98.13,,,OK,2057-04-22 20:15:00,2057-04-22 20:15:00,False,False
,10094085,Oklahoma,81,Lincoln,,2057-04-22 21:00:00,CST,2057-04-22 21:00:00,0,0,0,0,.03K,0,,F0,Unknown,0.0,33,,,,,35.62,-96.83,,,,,OK,2057-04-22 21:00:00,2057-04-22 21:00:00,False,False
,10094086,Oklahoma,73,Kingfisher,,2057-04-22 21:00:00,CST,2057-04-22 21:00:00,0,0,0,0,250K,0,,F2,Unknown,3.6,200,,,,,35.87,-97.93,35.9,-97.88,,,OK,2057-04-22 21:00:00,2057-04-22 21:00:00,False,False
,10094088,Oklahoma,71,Kay,,2057-04-22 22:00:00,CST,2057-04-22 22:00:00,0,0,0,0,25K,0,,F0,Unknown,0.0,33,,,,,36.75,-97.05,,,,,OK,2057-04-22 22:00:00,2057-04-22 22:00:00,False,False
,10094090,Oklahoma,37,Creek,,2057-04-22 23:04:00,CST,2057-04-22 23:04:00,0,0,0,0,.03K,0,,F0,Unknown,0.0,33,,,,,35.98,-96.6,,,,,OK,2057-04-22 23:04:00,2057-04-22 23:04:00,False,False
,10094092,Oklahoma,143,Tulsa,,2057-04-22 23:30:00,CST,2057-04-22 23:30:00,0,0,0,0,.03K,0,,F0,Unknown,0.0,33,,,,,35.95,-95.88,,,,,OK,2057-04-22 23:30:00,2057-04-22 23:30:00,False,False
,10092689,Oklahoma,109,Oklahoma,,2057-04-02 22:30:00,CST,2057-04-02 22:30:00,0,0,0,0,.03K,0,,F0,Unknown,0.0,33,,,,,35.6,-97.55,,,,,OK,2057-04-02 22:30:00,2057-04-02 22:30:00,False,False
,10092690,Oklahoma,85,Love,,2057-04-02 23:45:00,UNK,2057-04-02 23:45:00,0,0,0,0,0K,0,,F1,Unknown,0.0,33,,,,,33.93,-97.52,,,,,OK,2057-04-02 23:45:00,2057-04-02 23:45:00,False,False
,10092691,Oklahoma,81,Lincoln,,2057-04-03 00:15:00,CST,2057-04-03 00:15:00,0,0,0,0,.03K,0,,F0,Unknown,0.0,33,,,,,35.72,-96.77,,,,,OK,2057-04-03 00:15:00,2057-04-03 00:15:00,False,False
,10119789,Texas,217,Hill,,2057-05-22 21:00:00,CST,2057-05-22 21:00:00,4,0,0,0,250K,0,,F3,Unknown,4.1,200,,,,,31.9,-96.98,31.92,-96.92,,,TX,2057-05-22 21:00:00,2057-05-22 21:00:00,False,False
,10119790,Texas,139,Ellis,,2057-05-22 22:15:00,CST,2057-05-22 22:15:00,2,0,0,0,25K,0,,F1,Unknown,2.0,200,,,,,32.15,-96.8,,,,,TX,2057-05-22 22:15:00,2057-05-22 22:15:00,False,False
,10087408,North Dakota,35,Grand Forks,,2057-07-11 15:56:00,CST,2057-07-11 15:56:00,0,0,0,0,.03K,0,,,Unknown,0.0,33,,,,,48.0,-97.3,,,,,ND,2057-07-11 15:56:00,2057-07-11 15:56:00,False,False
,10087412,North Dakota,105,Williams,,2057-07-16 16:34:00,CST,2057-07-16 16:34:00,0,0,0,0,0K,0,,,Unknown,0.0,33,,,,,48.25,-103.9,,,,,ND,2057-07-16 16:34:00,2057-07-16 16:34:00,False,False
,10120053,Texas,167,Galveston,,2057-06-02 08:00:00,CST,2057-06-02 08:00:00,0,0,0,0,0K,0,,F1,Unknown,0.0,33,,,,,29.45,-94.92,,,,,TX,2057-06-02 08:00:00,2057-06-02 08:00:00,False,False
,10120057,Texas,357,Ochiltree,,2057-06-10 17:45:00,CST,2057-06-10 17:45:00,0,0,0,0,2.5K,0,,F2,Unknown,0.0,33,,,,,36.33,-100.92,,,,,TX,2057-06-10 17:45:00,2057-06-10 17:45:00,False,False
,10120060,Texas,113,Dallas,,2057-06-12 08:10:00,CST,2057-06-12 08:10:00,0,0,0,0,2.5K,0,,F3,Unknown,0.0,33,,,,,32.68,-96.88,,,,,TX,2057-06-12 08:10:00,2057-06-12 08:10:00,False,False
,10120065,Texas,501,Yoakum,,2057-06-22 22:00:00,CST,2057-06-22 22:00:00,0,0,0,0,0K,0,,F0,Unknown,0.0,33,,,,,33.07,-102.83,,,,,TX,2057-06-22 22:00:00,2057-06-22 22:00:00,False,False
,10121130,Texas,255,Karnes,,2057-03-11 21:00:00,CST,2057-03-11 21:00:00,0,0,0,0,.03K,0,,F0,Unknown,1.0,33,,,,,28.7,-98.0,,,,,TX,2057-03-11 21:00:00,2057-03-11 21:00:00,False,False
,10112142,South Dakota,5,Beadle,,2057-04-18 16:20:00,CST,2057-04-18 16:20:00,0,0,0,0,25K,0,,F1,Unknown,0.0,33,,,,,44.42,-98.47,,,,,SD,2057-04-18 16:20:00,2057-04-18 16:20:00,False,False
,10112143,South Dakota,123,Tripp,,2057-04-18 22:30:00,CST,2057-04-18 22:30:00,0,0,0,0,2.5K,0,,F2,Unknown,3.8,33,,,,,43.25,-99.73,43.32,-99.72,,,SD,2057-04-18 22:30:00,2057-04-18 22:30:00,False,False
,10112146,South Dakota,103,Pennington,,2057-05-20 15:00:00,CST,2057-05-20 15:00:00,0,0,0,0,2.5K,0,,F1,Unknown,0.0,33,,,,,43.97,-103.35,,,,,SD,2057-05-20 15:00:00,2057-05-20 15:00:00,False,False
,10112147,South Dakota,29,Codington,,2057-05-25 14:45:00,CST,2057-05-25 14:45:00,0,0,0,0,.03K,0,,F1,Unknown,0.0,33,,,,,44.82,-97.28,,,,,SD,2057-05-25 14:45:00,2057-05-25 14:45:00,False,False
,10112148,South Dakota,105,Perkins,,2057-06-03 20:00:00,CST,2057-06-03 20:00:00,0,0,0,0,.25K,0,,F1,Unknown,0.0,400,,,,,45.52,-102.48,,,,,SD,2057-06-03 20:00:00,2057-06-03 20:00:00,False,False
,10112152,South Dakota,63,Harding,,2057-06-08 20:00:00,CST,2057-06-08 20:00:00,0,0,0,0,2.5K,0,,F1,Unknown,0.0,33,,,,,45.83,-103.32,,,,,SD,2057-06-08 20:00:00,2057-06-08 20:00:00,False,False
,10112153,South Dakota,7,Bennett,,2057-06-09 15:00:00,CST,2057-06-09 15:00:00,0,0,0,0,.03K,0,,F0,Unknown,0.0,33,,,,,43.02,-101.25,,,,,SD,2057-06-09 15:00:00,2057-06-09 15:00:00,False,False
,10112154,South Dakota,49,Faulk,,2057-06-09 17:30:00,CST,2057-06-09 17:30:00,0,0,0,0,25K,0,,F3,Unknown,1.0,33,,,,,45.03,-99.13,,,,,SD,2057-06-09 17:30:00,2057-06-09 17:30:00,False,False
,10094095,Oklahoma,135,Sequoyah,,2057-04-23 01:05:00,CST,2057-04-23 01:05:00,0,0,0,0,2.5K,0,,F1,Unknown,19.1,33,,,,,35.52,-95.12,35.62,-94.8,,,OK,2057-04-23 01:05:00,2057-04-23 01:05:00,False,False
,10094101,Oklahoma,37,Creek,,2057-04-25 22:00:00,CST,2057-04-25 22:00:00,0,0,0,0,.03K,0,,F0,Unknown,0.0,33,,,,,35.95,-96.07,,,,,OK,2057-04-25 22:00:00,2057-04-25 22:00:00,False,False
,10094102,Oklahoma,63,Hughes,,2057-04-25 22:05:00,CST,2057-04-25 22:05:00,0,0,0,0,250K,0,,F2,Unknown,2.0,200,,,,,35.08,-96.38,,,,,OK,2057-04-25 22:05:00,2057-04-25 22:05:00,False,False
,10094103,Oklahoma,107,Okfuskee,,2057-04-25 22:35:00,CST,2057-04-25 22:35:00,0,0,0,0,25K,0,,F1,Unknown,11.1,100,,,,,35.43,-96.27,35.55,-96.13,,,OK,2057-04-25 22:35:00,2057-04-25 22:35:00,False,False
,10094104,Oklahoma,131,Rogers,,2057-04-25 23:12:00,CST,2057-04-25 23:12:00,0,0,0,0,2.5K,0,,F1,Unknown,0.0,50,,,,,36.3,-95.67,,,,,OK,2057-04-25 23:12:00,2057-04-25 23:12:00,False,False
,10094106,Oklahoma,141,Tillman,,2057-05-10 02:16:00,CST,2057-05-10 02:16:00,0,0,0,0,.03K,0,,F0,Unknown,0.0,33,,,,,34.33,-99.08,,,,,OK,2057-05-10 02:16:00,2057-05-10 02:16:00,False,False
,10094109,Oklahoma,15,Caddo,,2057-05-12 22:00:00,CST,2057-05-12 22:00:00,0,0,0,0,.03K,0,,F0,Unknown,0.0,33,,,,,34.92,-98.6,,,,,OK,2057-05-12 22:00:00,2057-05-12 22:00:00,False,False
,10075794,North Carolina,51,Cumberland,,2057-04-08 19:30:00,CST,2057-04-08 19:30:00,8,0,0,0,250K,0,,F4,Unknown,20.7,150,,,,,34.83,-78.93,34.92,-78.58,,,NC,2057-04-08 19:30:00,2057-04-08 19:30:00,False,False
,10075795,North Carolina,61,Duplin,,2057-04-08 20:00:00,CST,2057-04-08 20:00:00,29,0,0,0,250K,0,,F3,Unknown,8.0,150,,,,,34.83,-78.08,,,,,NC,2057-04-08 20:00:00,2057-04-08 20:00:00,False,False
,10075796,North Carolina,163,Sampson,,2057-04-08 20:00:00,CST,2057-04-08 20:00:00,32,0,4,0,250K,0,,F4,Unknown,5.6,150,,,,,34.92,-78.58,34.95,-78.5,,,NC,2057-04-08 20:00:00,2057-04-08 20:00:00,False,False
,10094125,Oklahoma,117,Pawnee,,2057-05-20 17:00:00,CST,2057-05-20 17:00:00,0,0,0,0,.03K,0,,F0,Unknown,0.5,100,,,,,36.35,-96.8,,,,,OK,2057-05-20 17:00:00,2057-05-20 17:00:00,False,False
,10094126,Oklahoma,113,Osage,,2057-05-20 17:45:00,CST,2057-05-20 17:45:00,0,0,0,0,25K,0,,F2,Unknown,0.0,33,,,,,36.42,-96.38,,,,,OK,2057-05-20 17:45:00,2057-05-20 17:45:00,False,False
,10094127,Oklahoma,81,Lincoln,,2057-05-20 18:00:00,CST,2057-05-20 18:00:00,0,0,0,0,2.5K,0,,F2,Unknown,0.0,33,,,,,35.5,-96.7,,,,,OK,2057-05-20 18:00:00,2057-05-20 18:00:00,False,False
,10094128,Oklahoma,37,Creek,,2057-05-20 19:00:00,CST,2057-05-20 19:00:00,0,0,0,0,0K,0,,F0,Unknown,0.0,33,,,,,35.95,-96.08,,,,,OK,2057-05-20 19:00:00,2057-05-20 19:00:00,False,False
,10094129,Oklahoma,105,Nowata,,2057-05-20 19:00:00,CST,2057-05-20 19:00:00,0,0,0,0,.03K,0,,F0,Unknown,0.0,33,,,,,36.7,-95.77,,,,,OK,2057-05-20 19:00:00,2057-05-20 19:00:00,False,False
,10094130,Oklahoma,143,Tulsa,,2057-05-20 19:30:00,CST,2057-05-20 19:30:00,0,0,0,0,250K,0,,F1,Unknown,3.6,500,,,,,36.07,-95.8,36.1,-95.75,,,OK,2057-05-20 19:30:00,2057-05-20 19:30:00,False,False
,10094131,Oklahoma,111,Okmulgee,,2057-05-20 20:04:00,CST,2057-05-20 20:04:00,0,0,0,0,.03K,0,,F0,Unknown,0.0,33,,,,,35.7,-96.12,,,,,OK,2057-05-20 20:04:00,2057-05-20 20:04:00,False,False
,10094132,Oklahoma,131,Rogers,,2057-05-20 22:30:00,CST,2057-05-20 22:30:00,0,0,0,0,0K,0,,F1,Unknown,0.0,33,,,,,36.53,-95.47,,,,,OK,2057-05-20 22:30:00,2057-05-20 22:30:00,False,False
,10094133,Oklahoma,35,Craig,,2057-05-20 23:00:00,CST,2057-05-20 23:00:00,0,0,0,0,.03K,0,,F1,Unknown,0.0,33,,,,,36.8,-95.38,,,,,OK,2057-05-20 23:00:00,2057-05-20 23:00:00,False,False
,10094134,Oklahoma,35,Craig,,2057-05-20 23:00:00,CST,2057-05-20 23:00:00,0,0,0,0,.03K,0,,F1,Unknown,0.0,33,,,,,36.65,-95.13,,,,,OK,2057-05-20 23:00:00,2057-05-20 23:00:00,False,False
,10094135,Oklahoma,41,Delaware,,2057-05-20 23:00:00,CST,2057-05-20 23:00:00,0,0,0,0,2.5K,0,,F3,Unknown,15.2,200,,,,,35.38,-95.0,35.47,-94.75,,,OK,2057-05-20 23:00:00,2057-05-20 23:00:00,False,False
,10075784,North Carolina,97,Iredell,,2057-01-29 16:15:00,CST,2057-01-29 16:15:00,0,0,0,0,2.5K,0,,F1,Unknown,0.6,150,,,,,35.77,-80.93,,,,,NC,2057-01-29 16:15:00,2057-01-29 16:15:00,False,False
,10075786,North Carolina,139,Pasquotank,,2057-04-05 15:30:00,CST,2057-04-05 15:30:00,0,0,0,0,25K,0,,F1,Unknown,6.1,37,,,,,36.17,-76.1,36.2,-76.0,,,NC,2057-04-05 15:30:00,2057-04-05 15:30:00,False,False
,10075787,North Carolina,197,Yadkin,,2057-04-05 17:10:00,CST,2057-04-05 17:10:00,0,0,0,0,25K,0,,F1,Unknown,4.7,50,,,,,36.15,-80.75,36.15,-80.67,,,NC,2057-04-05 17:10:00,2057-04-05 17:10:00,False,False
,10075789,North Carolina,81,Guilford,,2057-04-05 19:35:00,CST,2057-04-05 19:35:00,1,0,0,0,250K,0,,F1,Unknown,4.7,50,,,,,36.0,-80.08,36.02,-80.0,,,NC,2057-04-05 19:35:00,2057-04-05 19:35:00,False,False
,10037039,Kentucky,41,Carroll,,2057-05-22 01:00:00,CST,2057-05-22 01:00:00,0,0,0,0,25K,0,,F2,Unknown,0.8,440,,,,,38.62,-85.2,,,,,KY,2057-05-22 01:00:00,2057-05-22 01:00:00,False,False
,10087393,North Dakota,15,Burleigh,,2057-05-01 17:45:00,CST,2057-05-01 17:45:00,0,0,0,0,0K,0,,F0,Unknown,0.0,33,,,,,47.3,-100.2,,,,,ND,2057-05-01 17:45:00,2057-05-01 17:45:00,False,False
,10087395,North Dakota,45,La Moure,,2057-06-05 19:00:00,CST,2057-06-05 19:00:00,0,0,0,0,2.5K,0,,,Unknown,0.0,33,,,,,46.4,-98.3,,,,,ND,2057-06-05 19:00:00,2057-06-05 19:00:00,False,False
,10081683,New Mexico,1,Bernalillo,,2057-10-19 16:30:00,CST,2057-10-19 16:30:00,0,0,0,0,.03K,0,,F0,Unknown,0.0,33,,,,,35.3,-106.7,,,,,NM,2057-10-19 16:30:00,2057-10-19 16:30:00,False,False
,10081684,New Mexico,47,San Miguel,,2057-10-20 14:30:00,CST,2057-10-20 14:30:00,0,0,0,0,.03K,0,,F0,Unknown,0.0,33,,,,,35.33,-107.2,,,,,NM,2057-10-20 14:30:00,2057-10-20 14:30:00,False,False
,10121119,Texas,61,Cameron,,2057-02-16 13:30:00,CST,2057-02-16 13:30:00,0,0,0,0,.25K,0,,F0,Unknown,1.5,200,,,,,26.2,-97.78,,,,,TX,2057-02-16 13:30:00,2057-02-16 13:30:00,False,False
,10075791,North Carolina,165,Scotland,,2057-04-08 18:30:00,CST,2057-04-08 18:30:00,8,0,0,0,250K,0,,F4,Unknown,18.0,50,,,,,34.73,-79.62,34.75,-79.3,,,NC,2057-04-08 18:30:00,2057-04-08 18:30:00,False,False
,10075793,North Carolina,155,Robeson,,2057-04-08 19:00:00,CST,2057-04-08 19:00:00,21,0,0,0,250K,0,,F4,Unknown,0.8,150,,,,,34.68,-79.2,,,,,NC,2057-04-08 19:00:00,2057-04-08 19:00:00,False,False
,10113005,South Dakota,79,Lake,,2057-06-10 13:40:00,CST,2057-06-10 13:40:00,0,0,0,0,.03K,0,,F2,Unknown,0.0,33,,,,,43.85,-97.08,,,,,SD,2057-06-10 13:40:00,2057-06-10 13:40:00,False,False
,10113006,South Dakota,13,Brown,,2057-06-12 20:30:00,CST,2057-06-12 20:30:00,0,0,0,0,.03K,0,,F0,Unknown,0.0,33,,,,,45.5,-98.48,,,,,SD,2057-06-12 20:30:00,2057-06-12 20:30:00,False,False
,10113007,South Dakota,91,Marshall,,2057-06-13 13:00:00,CST,2057-06-13 13:00:00,0,0,0,0,.03K,0,,F0,Unknown,0.0,33,,,,,45.72,-97.67,,,,,SD,2057-06-13 13:00:00,2057-06-13 13:00:00,False,False
,10113009,South Dakota,13,Brown,,2057-06-13 15:30:00,CST,2057-06-13 15:30:00,0,0,0,0,.03K,0,,F0,Unknown,0.0,33,,,,,45.5,-98.4,,,,,SD,2057-06-13 15:30:00,2057-06-13 15:30:00,False,False
,10120924,Texas,23,Baylor,,2057-08-12 15:50:00,CST,2057-08-12 15:50:00,0,0,0,0,25K,0,,F2,Unknown,0.4,100,,,,,33.43,-99.4,,,,,TX,2057-08-12 15:50:00,2057-08-12 15:50:00,False,False
,10120925,Texas,253,Jones,,2057-08-12 17:45:00,CST,2057-08-12 17:45:00,0,0,0,0,2.5K,0,,F2,Unknown,0.5,7,,,,,32.58,-99.68,,,,,TX,2057-08-12 17:45:00,2057-08-12 17:45:00,False,False
,10120066,Texas,189,Hale,,2057-06-22 22:18:00,CST,2057-06-22 22:18:00,0,0,0,0,2.5K,0,,F1,Unknown,0.5,33,,,,,34.28,-101.7,,,,,TX,2057-06-22 22:18:00,2057-06-22 22:18:00,False,False
,10113012,South Dakota,115,Spink,,2057-06-20 22:00:00,CST,2057-06-20 22:00:00,0,0,1,0,25K,0,,F2,Unknown,0.0,33,,,,,45.02,-98.63,,,,,SD,2057-06-20 22:00:00,2057-06-20 22:00:00,False,False
,10094113,Oklahoma,73,Kingfisher,,2057-05-15 17:10:00,CST,2057-05-15 17:10:00,0,0,0,0,.03K,0,,F0,Unknown,0.0,33,,,,,35.92,-98.0,,,,,OK,2057-05-15 17:10:00,2057-05-15 17:10:00,False,False
,10094114,Oklahoma,73,Kingfisher,,2057-05-15 17:30:00,CST,2057-05-15 17:30:00,0,0,0,0,2.5K,0,,F1,Unknown,0.0,500,,,,,35.97,-97.92,,,,,OK,2057-05-15 17:30:00,2057-05-15 17:30:00,False,False
,10094118,Oklahoma,45,Ellis,,2057-05-16 00:32:00,CST,2057-05-16 00:32:00,0,0,0,0,2.5K,0,,F1,Unknown,6.9,200,,,,,36.13,-99.9,36.23,-99.9,,,OK,2057-05-16 00:32:00,2057-05-16 00:32:00,False,False
,10121169,Texas,291,Liberty,,2057-10-22 06:00:00,CST,2057-10-22 06:00:00,1,0,0,0,25K,0,,F3,Unknown,4.3,100,,,,,30.25,-94.97,30.25,-94.9,,,TX,2057-10-22 06:00:00,2057-10-22 06:00:00,False,False
,10121173,Texas,245,Jefferson,,2057-11-07 20:45:00,CST,2057-11-07 20:45:00,0,0,0,0,25K,0,,F1,Unknown,0.0,33,,,,,30.05,-94.33,,,,,TX,2057-11-07 20:45:00,2057-11-07 20:45:00,False,False
,10121175,Texas,245,Jefferson,,2057-11-07 21:15:00,CST,2057-11-07 21:15:00,59,0,2,0,2.5M,0,,F3,Unknown,3.6,200,,,,,29.95,-93.93,29.97,-93.88,,,TX,2057-11-07 21:15:00,2057-11-07 21:15:00,False,False
,10121176,Texas,245,Jefferson,,2057-11-07 21:23:00,CST,2057-11-07 21:23:00,1,0,0,0,250K,0,,F3,Unknown,1.5,33,,,,,29.9,-94.0,,,,,TX,2057-11-07 21:23:00,2057-11-07 21:23:00,False,False
,10121177,Texas,361,Orange,,2057-11-07 23:27:00,CST,2057-11-07 23:27:00,81,0,1,0,2.5M,0,,F4,Unknown,12.9,200,,,,,30.1,-93.73,29.97,-93.88,,,TX,2057-11-07 23:27:00,2057-11-07 23:27:00,False,False
,10121179,Texas,439,Tarrant,,2057-11-17 16:45:00,CST,2057-11-17 16:45:00,2,0,0,0,2.5K,0,,F2,Unknown,2.0,50,,,,,32.72,-97.37,,,,,TX,2057-11-17 16:45:00,2057-11-17 16:45:00,False,False
,10087401,North Dakota,17,Cass,,2057-06-20 18:30:00,CST,2057-06-20 18:30:00,0,0,0,0,0K,0,,,Unknown,0.0,33,,,,,46.7,-97.0,,,,,ND,2057-06-20 18:30:00,2057-06-20 18:30:00,False,False
,10087402,North Dakota,21,Dickey,,2057-06-20 18:30:00,CST,2057-06-20 18:30:00,0,0,0,0,25K,0,,F2,Unknown,2.0,30,,,,,46.1,-98.1,,,,,ND,2057-06-20 18:30:00,2057-06-20 18:30:00,False,False
,10087403,North Dakota,17,Cass,,2057-06-20 18:40:00,CST,2057-06-20 18:40:00,103,0,10,0,25M,0,,F5,Unknown,27.4,500,,,,,46.9,-97.35,46.88,-96.77,,,ND,2057-06-20 18:40:00,2057-06-20 18:40:00,False,False
,10061538,Missouri,117,Livingston,,2057-06-14 04:00:00,CST,2057-06-14 04:00:00,0,0,0,0,25K,0,,F1,Unknown,0.5,300,,,,,39.82,-93.58,,,,,MO,2057-06-14 04:00:00,2057-06-14 04:00:00,False,False
,10041675,Michigan,151,Sanilac,,2057-04-25 14:00:00,CST,2057-04-25 14:00:00,0,0,0,0,2.5K,0,,F1,Unknown,0.0,33,,,,,43.35,-82.88,,,,,MI,2057-04-25 14:00:00,2057-04-25 14:00:00,False,False
,10041678,Michigan,125,Oakland,,2057-04-27 09:30:00,CST,2057-04-27 09:30:00,0,0,0,0,2.5K,0,,F0,Unknown,0.0,33,,,,,42.7,-83.3,,,,,MI,2057-04-27 09:30:00,2057-04-27 09:30:00,False,False
,9984238,Arkansas,83,Logan,,2057-05-11 11:00:00,CST,2057-05-11 11:00:00,0,0,0,0,0K,0,,F2,Unknown,0.0,33,,,,,35.32,-93.52,,,,,AR,2057-05-11 11:00:00,2057-05-11 11:00:00,False,False
,9984239,Arkansas,81,Little River,,2057-05-13 10:20:00,CST,2057-05-13 10:20:00,1,0,0,0,0K,0,,F2,Unknown,1.0,77,,,,,33.67,-94.12,,,,,AR,2057-05-13 10:20:00,2057-05-13 10:20:00,False,False
,9984240,Arkansas,61,Howard,,2057-05-13 10:35:00,CST,2057-05-13 10:35:00,1,0,0,0,25K,0,,F2,Unknown,2.0,200,,,,,33.88,-93.92,,,,,AR,2057-05-13 10:35:00,2057-05-13 10:35:00,False,False
,9984243,Arkansas,109,Pike,,2057-05-13 11:20:00,CST,2057-05-13 11:20:00,0,0,0,0,25K,0,,F2,Unknown,0.0,50,,,,,34.03,-93.52,,,,,AR,2057-05-13 11:20:00,2057-05-13 11:20:00,False,False
,9984244,Arkansas,59,Hot Spring,,2057-05-13 11:45:00,CST,2057-05-13 11:45:00,0,0,0,0,250K,0,,F3,Unknown,14.7,880,,,,,34.22,-93.0,34.37,-92.82,,,AR,2057-05-13 11:45:00,2057-05-13 11:45:00,False,False
,9984246,Arkansas,45,Faulkner,,2057-05-13 12:50:00,CST,2057-05-13 12:50:00,18,0,1,0,250K,0,,F3,Unknown,17.5,63,,,,,35.07,-92.47,35.32,-92.43,,,AR,2057-05-13 12:50:00,2057-05-13 12:50:00,False,False
,9984250,Arkansas,65,Izard,,2057-05-13 14:00:00,CST,2057-05-13 14:00:00,1,0,0,0,25K,0,,F2,Unknown,2.0,400,,,,,36.2,-91.92,,,,,AR,2057-05-13 14:00:00,2057-05-13 14:00:00,False,False
,9984275,Arkansas,45,Faulkner,,2057-06-13 18:30:00,CST,2057-06-13 18:30:00,0,0,0,0,0K,0,,F2,Unknown,4.5,440,,,,,35.32,-92.43,35.35,-92.37,,,AR,2057-06-13 18:30:00,2057-06-13 18:30:00,False,False
,9984264,Arkansas,27,Columbia,,2057-05-23 16:36:00,CST,2057-05-23 16:36:00,0,0,0,0,25K,0,,F2,Unknown,4.6,880,,,,,33.35,-93.22,33.42,-93.22,,,AR,2057-05-23 16:36:00,2057-05-23 16:36:00,False,False
,9984268,Arkansas,43,Drew,,2057-05-23 19:20:00,CST,2057-05-23 19:20:00,0,0,0,0,250K,0,,F3,Unknown,5.2,27,,,,,33.62,-91.83,33.65,-91.75,,,AR,2057-05-23 19:20:00,2057-05-23 19:20:00,False,False
,9984269,Arkansas,51,Garland,,2057-05-25 06:00:00,CST,2057-05-25 06:00:00,0,0,0,0,0K,0,,F0,Unknown,0.0,33,,,,,34.6,-93.1,,,,,AR,2057-05-25 06:00:00,2057-05-25 06:00:00,False,False
,9984270,Arkansas,51,Garland,,2057-05-25 06:06:00,CST,2057-05-25 06:06:00,0,0,0,0,0K,0,,F0,Unknown,0.0,33,,,,,34.6,-93.1,,,,,AR,2057-05-25 06:06:00,2057-05-25 06:06:00,False,False
,9984233,Arkansas,115,Pope,,2057-04-23 04:00:00,CST,2057-04-23 04:00:00,0,0,0,0,.25K,0,,F1,Unknown,0.3,100,,,,,35.3,-93.13,,,,,AR,2057-04-23 04:00:00,2057-04-23 04:00:00,False,False
,9984234,Arkansas,31,Craighead,,2057-04-25 23:59:00,CST,2057-04-25 23:59:00,0,0,0,0,0K,0,,F3,Unknown,0.5,313,,,,,35.8,-90.7,,,,,AR,2057-04-25 23:59:00,2057-04-25 23:59:00,False,False
,10080600,New Mexico,9,Curry,,2057-05-24 05:00:00,CST,2057-05-24 05:00:00,0,0,0,0,250K,0,,F2,Unknown,36.5,37,,,,,34.43,-103.55,34.77,-103.05,,,NM,2057-05-24 05:00:00,2057-05-24 05:00:00,False,False
,10080602,New Mexico,37,Quay,,2057-05-27 18:30:00,CST,2057-05-27 18:30:00,0,0,0,0,.03K,0,,F0,Unknown,0.0,33,,,,,35.0,-103.73,,,,,NM,2057-05-27 18:30:00,2057-05-27 18:30:00,False,False
,10080604,New Mexico,49,Santa Fe,,2057-05-30 13:20:00,CST,2057-05-30 13:20:00,0,0,0,0,.03K,0,,F0,Unknown,0.0,33,,,,,35.2,-105.9,,,,,NM,2057-05-30 13:20:00,2057-05-30 13:20:00,False,False
,10080605,New Mexico,57,Torrance,,2057-05-30 14:45:00,CST,2057-05-30 14:45:00,0,0,0,0,.03K,0,,F0,Unknown,0.0,33,,,,,34.37,-105.7,,,,,NM,2057-05-30 14:45:00,2057-05-30 14:45:00,False,False
,10080606,New Mexico,27,Lincoln,,2057-05-30 15:00:00,CST,2057-05-30 15:00:00,0,0,0,0,.03K,0,,F0,Unknown,0.0,33,,,,,34.17,-105.5,,,,,NM,2057-05-30 15:00:00,2057-05-30 15:00:00,False,False
,10080609,New Mexico,25,Lea,,2057-05-30 20:00:00,CST,2057-05-30 20:00:00,0,0,0,0,0K,0,,F0,Unknown,0.0,33,,,,,32.43,-103.18,,,,,NM,2057-05-30 20:00:00,2057-05-30 20:00:00,False,False
,10080610,New Mexico,25,Lea,,2057-05-30 20:39:00,CST,2057-05-30 20:39:00,0,0,0,0,0K,0,,F0,Unknown,0.0,33,,,,,32.43,-103.15,,,,,NM,2057-05-30 20:39:00,2057-05-30 20:39:00,False,False
,10080611,New Mexico,1,Bernalillo,,2057-05-31 15:15:00,CST,2057-05-31 15:15:00,0,0,0,0,0K,0,,F0,Unknown,0.0,33,,,,,34.92,-106.75,,,,,NM,2057-05-31 15:15:00,2057-05-31 15:15:00,False,False
,10071009,Nebraska,57,Dundy,,2057-07-07 19:30:00,CST,2057-07-07 19:30:00,1,0,0,0,.03K,0,,F2,Unknown,34.2,33,,,,,40.13,-101.98,40.13,-101.33,,,NE,2057-07-07 19:30:00,2057-07-07 19:30:00,False,False
,9984274,Arkansas,45,Faulkner,,2057-06-13 18:25:00,CST,2057-06-13 18:25:00,0,0,0,0,2.5K,0,,F2,Unknown,1.0,27,,,,,35.37,-92.4,,,,,AR,2057-06-13 18:25:00,2057-06-13 18:25:00,False,False
,10049872,Mississippi,47,Harrison,,2057-08-10 17:23:00,CST,2057-08-10 17:23:00,0,0,0,0,.03K,0,,F0,Unknown,0.0,33,,,,,30.52,-89.33,,,,,MS,2057-08-10 17:23:00,2057-08-10 17:23:00,False,False
,10042632,Maine,3,Aroostook,,2057-09-16 13:30:00,CST,2057-09-16 13:30:00,0,0,0,0,2.5K,0,,F2,Unknown,2.7,50,,,,,45.8,-68.3,45.8,-68.22,,,ME,2057-09-16 13:30:00,2057-09-16 13:30:00,False,False
,10070995,Nebraska,155,Saunders,,2057-06-21 18:52:00,CST,2057-06-21 18:52:00,0,0,0,0,.03K,0,,,Unknown,0.0,33,,,,,41.1,-96.83,,,,,NE,2057-06-21 18:52:00,2057-06-21 18:52:00,False,False
,10070998,Nebraska,129,Nuckolls,,2057-06-27 19:00:00,CST,2057-06-27 19:00:00,0,0,0,0,25K,0,,F1,Unknown,9.7,33,,,,,40.2,-97.92,40.23,-97.73,,,NE,2057-06-27 19:00:00,2057-06-27 19:00:00,False,False
,10070999,Nebraska,169,Thayer,,2057-06-27 19:05:00,CST,2057-06-27 19:05:00,0,0,0,0,.03K,0,,F0,Unknown,5.9,33,,,,,40.33,-97.8,40.4,-97.72,,,NE,2057-06-27 19:05:00,2057-06-27 19:05:00,False,False
,10071003,Nebraska,63,Frontier,,2057-07-02 17:00:00,CST,2057-07-02 17:00:00,0,0,0,0,0K,0,,F2,Unknown,0.0,880,,,,,40.52,-100.6,,,,,NE,2057-07-02 17:00:00,2057-07-02 17:00:00,False,False
,10071004,Nebraska,39,Cuming,,2057-07-02 20:30:00,CST,2057-07-02 20:30:00,0,0,0,0,.03K,0,,F1,Unknown,0.2,33,,,,,41.98,-96.92,,,,,NE,2057-07-02 20:30:00,2057-07-02 20:30:00,False,False
,10071005,Nebraska,101,Keith,,2057-07-03 21:00:00,CST,2057-07-03 21:00:00,0,0,0,0,2.5K,0,,F1,Unknown,0.8,33,,,,,41.05,-101.55,,,,,NE,2057-07-03 21:00:00,2057-07-03 21:00:00,False,False
,10071006,Nebraska,41,Custer,,2057-07-03 22:30:00,CST,2057-07-03 22:30:00,0,0,0,0,.03K,0,,,Unknown,0.0,33,,,,,41.27,-99.93,,,,,NE,2057-07-03 22:30:00,2057-07-03 22:30:00,False,False
,10071007,Nebraska,63,Frontier,,2057-07-04 17:15:00,CST,2057-07-04 17:15:00,0,0,0,0,25K,0,,,Unknown,0.0,33,,,,,40.65,-100.42,,,,,NE,2057-07-04 17:15:00,2057-07-04 17:15:00,False,False
,10070983,Nebraska,65,Furnas,,2057-06-16 00:30:00,CST,2057-06-16 00:30:00,0,0,0,0,25K,0,,F1,Unknown,12.8,33,,,,,40.15,-99.8,40.3,-99.65,,,NE,2057-06-16 00:30:00,2057-06-16 00:30:00,False,False
,10070992,Nebraska,185,York,,2057-06-21 18:15:00,CST,2057-06-21 18:15:00,0,0,0,0,250K,0,,F3,Unknown,5.4,33,,,,,40.9,-97.47,40.9,-97.35,,,NE,2057-06-21 18:15:00,2057-06-21 18:15:00,False,False
,10070993,Nebraska,23,Butler,,2057-06-21 18:30:00,CST,2057-06-21 18:30:00,0,0,0,0,.25K,0,,F1,Unknown,1.0,100,,,,,41.35,-97.32,,,,,NE,2057-06-21 18:30:00,2057-06-21 18:30:00,False,False
,9980864,Arkansas,27,Columbia,,2057-12-19 12:44:00,CST,2057-12-19 12:44:00,9,0,2,0,25K,0,,F4,Unknown,8.9,33,,,,,33.35,-93.25,33.43,-93.13,,,AR,2057-12-19 12:44:00,2057-12-19 12:44:00,False,False
,9980865,Arkansas,103,Ouachita,,2057-12-19 13:00:00,CST,2057-12-19 13:00:00,0,0,0,0,25K,0,,F4,Unknown,8.8,33,,,,,33.43,-93.13,33.52,-93.02,,,AR,2057-12-19 13:00:00,2057-12-19 13:00:00,False,False
,9980866,Arkansas,69,Jefferson,,2057-12-19 15:40:00,CST,2057-12-19 15:40:00,0,0,0,0,25K,0,,F3,Unknown,3.8,100,,,,,34.38,-91.95,34.43,-91.92,,,AR,2057-12-19 15:40:00,2057-12-19 15:40:00,False,False
,10075680,New York,29,Erie,,2057-04-25 17:15:00,CST,2057-04-25 17:15:00,0,0,0,0,25K,0,,F1,Unknown,0.5,17,,,,,42.9,-78.7,,,,,NY,2057-04-25 17:15:00,2057-04-25 17:15:00,False,False
,10039244,Massachusetts,17,Middlesex,,2057-06-19 13:47:00,CST,2057-06-19 13:47:00,0,0,0,0,25K,0,,F1,Unknown,1.0,17,,,,,42.4,-71.3,,,,,MA,2057-06-19 13:47:00,2057-06-19 13:47:00,False,False
,10039246,Massachusetts,17,Middlesex,,2057-06-19 14:00:00,CST,2057-06-19 14:00:00,0,0,0,0,.25K,0,,F1,Unknown,0.5,100,,,,,42.5,-71.3,,,,,MA,2057-06-19 14:00:00,2057-06-19 14:00:00,False,False
,10039247,Massachusetts,27,Worcester,,2057-06-19 14:00:00,CST,2057-06-19 14:00:00,0,0,0,0,25K,0,,F1,Unknown,1.8,33,,,,,42.5,-71.7,,,,,MA,2057-06-19 14:00:00,2057-06-19 14:00:00,False,False
,10039250,Massachusetts,15,Hampshire,,2057-07-05 08:20:00,CST,2057-07-05 08:20:00,0,0,0,0,2.5K,0,,F1,Unknown,1.0,33,,,,,42.3,-72.6,,,,,MA,2057-07-05 08:20:00,2057-07-05 08:20:00,False,False
,10039252,Massachusetts,27,Worcester,,2057-07-05 19:00:00,CST,2057-07-05 19:00:00,0,0,0,0,2.5K,0,,F2,Unknown,0.5,20,,,,,42.53,-71.75,,,,,MA,2057-07-05 19:00:00,2057-07-05 19:00:00,False,False
,10095601,Oklahoma,143,Tulsa,,2057-07-01 02:00:00,CST,2057-07-01 02:00:00,0,0,0,0,.03K,0,,F0,Unknown,0.0,33,,,,,36.13,-96.12,,,,,OK,2057-07-01 02:00:00,2057-07-01 02:00:00,False,False
,9986232,Delaware,5,Sussex,,2057-07-05 16:00:00,CST,2057-07-05 16:00:00,0,0,0,0,2.5K,0,,F1,Unknown,11.3,100,,,,,38.53,-75.25,38.42,-75.1,,,DE,2057-07-05 16:00:00,2057-07-05 16:00:00,False,False
,9986234,Delaware,5,Sussex,,2057-09-10 16:24:00,CST,2057-09-10 16:24:00,0,0,0,0,2.5K,0,,F1,Unknown,1.0,150,,,,,38.73,-75.6,,,,,DE,2057-09-10 16:24:00,2057-09-10 16:24:00,False,False
,10060858,Missouri,187,St. Francois,,2057-12-18 13:50:00,CST,2057-12-18 13:50:00,1,0,1,0,25K,0,,F2,Unknown,2.7,33,,,,,37.68,-90.35,37.7,-90.3,,,MO,2057-12-18 13:50:00,2057-12-18 13:50:00,False,False
,10060859,Missouri,157,Perry,,2057-12-18 15:00:00,CST,2057-12-18 15:00:00,0,0,0,0,250K,0,,F2,Unknown,0.5,50,,,,,37.83,-89.83,,,,,MO,2057-12-18 15:00:00,2057-12-18 15:00:00,False,False
,10060861,Missouri,31,Cape Girardeau,,2057-12-18 16:45:00,CST,2057-12-18 16:45:00,0,0,0,0,250K,0,,F2,Unknown,8.0,700,,,,,37.4,-89.87,37.45,-89.73,,,MO,2057-12-18 16:45:00,2057-12-18 16:45:00,False,False
,10060862,Missouri,31,Cape Girardeau,,2057-12-18 17:00:00,CST,2057-12-18 17:00:00,1,0,0,0,250K,0,,F2,Unknown,7.8,700,,,,,37.45,-89.73,37.52,-89.62,,,MO,2057-12-18 17:00:00,2057-12-18 17:00:00,False,False
,10060863,Missouri,157,Perry,,2057-12-18 17:00:00,CST,2057-12-18 17:00:00,0,0,0,0,25K,0,,F2,Unknown,1.0,10,,,,,37.68,-89.58,,,,,MO,2057-12-18 17:00:00,2057-12-18 17:00:00,False,False
,10049857,Mississippi,129,Smith,,2057-04-04 01:20:00,CST,2057-04-04 01:20:00,25,0,1,0,0K,0,,F3,Unknown,22.1,167,,,,,31.93,-89.65,32.08,-89.32,,,MS,2057-04-04 01:20:00,2057-04-04 01:20:00,False,False
,10049860,Mississippi,81,Lee,,2057-04-08 03:10:00,CST,2057-04-08 03:10:00,0,0,0,0,250K,0,,F2,Unknown,9.0,200,,,,,34.1,-88.82,34.2,-88.72,,,MS,2057-04-08 03:10:00,2057-04-08 03:10:00,False,False
,10049862,Mississippi,109,Pearl River,,2057-05-02 08:30:00,CST,2057-05-02 08:30:00,0,0,0,0,.03K,0,,F0,Unknown,0.0,33,,,,,30.75,-89.62,,,,,MS,2057-05-02 08:30:00,2057-05-02 08:30:00,False,False
,10049863,Mississippi,35,Forrest,,2057-05-02 19:00:00,CST,2057-05-02 19:00:00,0,0,0,0,0K,0,,F1,Unknown,8.3,67,,,,,31.33,-89.28,31.42,-89.18,,,MS,2057-05-02 19:00:00,2057-05-02 19:00:00,False,False
,10049866,Mississippi,99,Neshoba,,2057-06-27 20:15:00,CST,2057-06-27 20:15:00,9,0,0,0,25K,0,,F2,Unknown,4.7,50,,,,,32.77,-89.12,32.82,-89.07,,,MS,2057-06-27 20:15:00,2057-06-27 20:15:00,False,False
,10049867,Mississippi,17,Chickasaw,,2057-06-27 22:10:00,CST,2057-06-27 22:10:00,0,0,0,0,2.5K,0,,F0,Unknown,0.0,33,,,,,33.95,-89.02,,,,,MS,2057-06-27 22:10:00,2057-06-27 22:10:00,False,False
,10049868,Mississippi,103,Noxubee,,2057-06-28 00:20:00,CST,2057-06-28 00:20:00,10,0,1,0,250K,0,,F3,Unknown,5.4,50,,,,,33.22,-88.58,33.28,-88.53,,,MS,2057-06-28 00:20:00,2057-06-28 00:20:00,False,False
,10049869,Mississippi,153,Wayne,,2057-06-28 06:30:00,CST,2057-06-28 06:30:00,0,0,0,0,250K,0,,F2,Unknown,10.0,50,,,,,31.58,-88.68,31.7,-88.58,,,MS,2057-06-28 06:30:00,2057-06-28 06:30:00,False,False
,10060864,Missouri,201,Scott,,2057-12-18 17:22:00,CST,2057-12-18 17:22:00,1,0,3,0,2.5M,0,,F2,Unknown,0.5,33,,,,,37.18,-89.67,,,,,MO,2057-12-18 17:22:00,2057-12-18 17:22:00,False,False
,10060865,Missouri,57,Dade,,2057-12-19 16:10:00,CST,2057-12-19 16:10:00,0,0,0,0,25K,0,,F2,Unknown,6.6,100,,,,,37.37,-94.07,37.45,-94.0,,,MO,2057-12-19 16:10:00,2057-12-19 16:10:00,False,False
,10087415,North Dakota,15,Burleigh,,2057-07-16 20:00:00,CST,2057-07-16 20:00:00,0,0,0,0,2.5K,0,,F2,Unknown,0.0,33,,,,,47.17,-100.28,,,,,ND,2057-07-16 20:00:00,2057-07-16 20:00:00,False,False
,10087417,North Dakota,39,Griggs,,2057-07-16 21:45:00,CST,2057-07-16 21:45:00,0,0,0,0,25K,0,,F3,Unknown,0.0,33,,,,,47.25,-98.2,,,,,ND,2057-07-16 21:45:00,2057-07-16 21:45:00,False,False
,10087427,North Dakota,73,Ransom,,2057-08-12 20:00:00,CST,2057-08-12 20:00:00,0,0,0,0,25K,0,,F2,Unknown,0.5,33,,,,,46.4,-97.8,,,,,ND,2057-08-12 20:00:00,2057-08-12 20:00:00,False,False
,10087430,North Dakota,103,Wells,,2057-08-14 07:15:00,CST,2057-08-14 07:15:00,0,0,0,0,25K,0,,F1,Unknown,0.0,33,,,,,47.73,-99.5,,,,,ND,2057-08-14 07:15:00,2057-08-14 07:15:00,False,False
,10118661,Texas,217,Hill,,2057-04-19 20:30:00,CST,2057-04-19 20:30:00,0,0,0,0,0K,0,,F0,Unknown,0.1,33,,,,,32.18,-97.27,,,,,TX,2057-04-19 20:30:00,2057-04-19 20:30:00,False,False
,10118662,Texas,213,Henderson,,2057-04-19 23:15:00,CST,2057-04-19 23:15:00,0,0,0,0,2.5K,0,,,Unknown,0.0,200,,,,,32.22,-95.83,,,,,TX,2057-04-19 23:15:00,2057-04-19 23:15:00,False,False
,10118663,Texas,499,Wood,,2057-04-19 23:55:00,CST,2057-04-19 23:55:00,0,0,0,0,2.5K,0,,F0,Unknown,0.0,33,,,,,32.62,-95.5,,,,,TX,2057-04-19 23:55:00,2057-04-19 23:55:00,False,False
,10037051,Kentucky,169,Metcalfe,,2057-11-18 16:25:00,CST,2057-11-18 16:25:00,0,0,0,0,250K,0,,F1,Unknown,0.0,33,,,,,37.08,-85.7,,,,,KY,2057-11-18 16:25:00,2057-11-18 16:25:00,False,False
,10118655,Texas,181,Grayson,,2057-04-18 16:20:00,CST,2057-04-18 16:20:00,0,0,0,0,2.5K,0,,F3,Unknown,1.0,17,,,,,33.7,-96.73,,,,,TX,2057-04-18 16:20:00,2057-04-18 16:20:00,False,False
,10118659,Texas,251,Johnson,,2057-04-19 04:00:00,CST,2057-04-19 04:00:00,0,0,0,0,.25K,0,,F0,Unknown,0.1,17,,,,,32.23,-97.37,,,,,TX,2057-04-19 04:00:00,2057-04-19 04:00:00,False,False
,10118660,Texas,133,Eastland,,2057-04-19 05:30:00,CST,2057-04-19 05:30:00,0,0,0,0,2.5K,0,,F2,Unknown,0.3,17,,,,,32.4,-98.83,,,,,TX,2057-04-19 05:30:00,2057-04-19 05:30:00,False,False
,10049540,Mississippi,21,Claiborne,,2057-11-18 10:30:00,CST,2057-11-18 10:30:00,0,0,0,0,2.5K,0,,F0,Unknown,0.0,33,,,,,32.02,-90.85,,,,,MS,2057-11-18 10:30:00,2057-11-18 10:30:00,False,False
,10060400,Missouri,123,Madison,,2057-04-25 01:30:00,CST,2057-04-25 01:30:00,0,0,0,0,25K,0,,F1,Unknown,0.5,500,,,,,37.55,-90.3,,,,,MO,2057-04-25 01:30:00,2057-04-25 01:30:00,False,False
,10060401,Missouri,11,Barton,,2057-04-26 17:30:00,CST,2057-04-26 17:30:00,0,0,0,0,.03K,0,,F0,Unknown,0.2,10,,,,,37.6,-94.28,,,,,MO,2057-04-26 17:30:00,2057-04-26 17:30:00,False,False
,10060402,Missouri,189,St. Louis,,2057-05-09 15:30:00,CST,2057-05-09 15:30:00,0,0,0,0,25K,0,,F2,Unknown,3.6,150,,,,,38.8,-90.38,38.85,-90.35,,,MO,2057-05-09 15:30:00,2057-05-09 15:30:00,False,False
,10060403,Missouri,183,St. Charles,,2057-05-09 15:40:00,CST,2057-05-09 15:40:00,0,0,0,0,25K,0,,F2,Unknown,5.7,150,,,,,38.85,-90.35,38.93,-90.35,,,MO,2057-05-09 15:40:00,2057-05-09 15:40:00,False,False
,10060405,Missouri,149,Oregon,,2057-05-13 14:15:00,CST,2057-05-13 14:15:00,0,0,0,0,.03K,0,,F0,Unknown,0.2,10,,,,,36.6,-91.37,,,,,MO,2057-05-13 14:15:00,2057-05-13 14:15:00,False,False
,10060406,Missouri,91,Howell,,2057-05-13 14:15:00,CST,2057-05-13 14:15:00,0,0,0,0,2.5K,0,,F1,Unknown,0.2,10,,,,,36.85,-91.78,,,,,MO,2057-05-13 14:15:00,2057-05-13 14:15:00,False,False
,10060407,Missouri,149,Oregon,,2057-05-13 14:15:00,CST,2057-05-13 14:15:00,0,0,0,0,2.5K,0,,F1,Unknown,0.2,10,,,,,36.58,-91.4,,,,,MO,2057-05-13 14:15:00,2057-05-13 14:15:00,False,False
,10060408,Missouri,91,Howell,,2057-05-13 14:15:00,CST,2057-05-13 14:15:00,0,0,0,0,2.5K,0,,F1,Unknown,0.2,10,,,,,36.67,-91.78,,,,,MO,2057-05-13 14:15:00,2057-05-13 14:15:00,False,False
,10060412,Missouri,95,Jackson,,2057-05-20 19:37:00,CST,2057-05-20 19:37:00,0,0,0,0,25K,0,,F2,Unknown,12.8,33,,,,,39.2,-94.2,39.28,-93.98,,,MO,2057-05-20 19:37:00,2057-05-20 19:37:00,False,False
,10096573,Oklahoma,147,Washington,,2057-06-12 00:30:00,CST,2057-06-12 00:30:00,0,0,0,0,.03K,0,,F0,Unknown,0.0,33,,,,,36.8,-95.93,,,,,OK,2057-06-12 00:30:00,2057-06-12 00:30:00,False,False
,10096577,Oklahoma,81,Lincoln,,2057-06-12 04:45:00,CST,2057-06-12 04:45:00,0,0,0,0,2.5K,0,,F1,Unknown,6.8,440,,,,,35.9,-96.88,35.93,-96.77,,,OK,2057-06-12 04:45:00,2057-06-12 04:45:00,False,False
,10049543,Mississippi,117,Prentiss,,2057-11-18 12:10:00,CST,2057-11-18 12:10:00,2,0,0,0,250K,0,,F2,Unknown,4.5,50,,,,,34.67,-88.33,34.73,-88.32,,,MS,2057-11-18 12:10:00,2057-11-18 12:10:00,False,False
,10049544,Mississippi,141,Tishomingo,,2057-11-18 12:15:00,CST,2057-11-18 12:15:00,0,0,0,0,250K,0,,F2,Unknown,13.4,50,,,,,34.73,-88.32,34.88,-88.17,,,MS,2057-11-18 12:15:00,2057-11-18 12:15:00,False,False
,10095864,Oklahoma,137,Stephens,,2057-09-20 22:00:00,CST,2057-09-20 22:00:00,0,0,0,0,.03K,0,,F0,Unknown,0.0,33,,,,,34.65,-97.9,,,,,OK,2057-09-20 22:00:00,2057-09-20 22:00:00,False,False
,10095866,Oklahoma,7,Beaver,,2057-10-13 17:20:00,CST,2057-10-13 17:20:00,0,0,0,0,.03K,0,,F0,Unknown,0.0,33,,,,,36.88,-100.07,,,,,OK,2057-10-13 17:20:00,2057-10-13 17:20:00,False,False
,10060413,Missouri,95,Jackson,,2057-05-20 19:37:00,CST,2057-05-20 19:37:00,176,0,37,0,2.5M,0,,F5,Unknown,12.6,440,,,,,38.88,-94.6,38.98,-94.4,,,MO,2057-05-20 19:37:00,2057-05-20 19:37:00,False,False
,10060425,Missouri,65,Dent,,2057-05-21 15:00:00,CST,2057-05-21 15:00:00,2,0,0,0,25K,0,,F3,Unknown,10.2,440,,,,,37.55,-91.5,37.62,-91.33,,,MO,2057-05-21 15:00:00,2057-05-21 15:00:00,False,False
,10060426,Missouri,213,Taney,,2057-05-21 15:15:00,CST,2057-05-21 15:15:00,0,0,0,0,250K,0,,F2,Unknown,14.5,500,,,,,36.8,-92.8,36.87,-92.55,,,MO,2057-05-21 15:15:00,2057-05-21 15:15:00,False,False
,10096555,Oklahoma,137,Stephens,,2057-05-24 22:25:00,CST,2057-05-24 22:25:00,0,0,0,0,.25K,0,,F2,Unknown,2.5,33,,,,,34.47,-97.97,,,,,OK,2057-05-24 22:25:00,2057-05-24 22:25:00,False,False
,10096556,Oklahoma,91,Mcintosh,,2057-05-24 23:43:00,CST,2057-05-24 23:43:00,0,0,0,0,.03K,0,,F0,Unknown,0.0,33,,,,,35.3,-95.83,,,,,OK,2057-05-24 23:43:00,2057-05-24 23:43:00,False,False
,10096557,Oklahoma,91,Mcintosh,,2057-05-24 23:45:00,CST,2057-05-24 23:45:00,0,0,0,0,.03K,0,,F0,Unknown,0.0,33,,,,,35.43,-95.6,,,,,OK,2057-05-24 23:45:00,2057-05-24 23:45:00,False,False
,10096558,Oklahoma,69,Johnston,,2057-05-25 00:05:00,CST,2057-05-25 00:05:00,0,0,0,0,25K,0,,F2,Unknown,1.0,200,,,,,34.27,-96.42,,,,,OK,2057-05-25 00:05:00,2057-05-25 00:05:00,False,False
,10096559,Oklahoma,29,Coal,,2057-05-25 00:10:00,CST,2057-05-25 00:10:00,0,0,0,0,0K,0,,F1,Unknown,0.0,33,,,,,34.47,-96.25,,,,,OK,2057-05-25 00:10:00,2057-05-25 00:10:00,False,False
,10096560,Oklahoma,123,Pontotoc,,2057-05-25 00:15:00,CST,2057-05-25 00:15:00,0,0,0,0,2.5K,0,,F1,Unknown,11.5,150,,,,,34.8,-96.42,34.95,-96.33,,,OK,2057-05-25 00:15:00,2057-05-25 00:15:00,False,False
,10096562,Oklahoma,45,Ellis,,2057-05-29 20:15:00,CST,2057-05-29 20:15:00,0,0,0,0,.03K,0,,F0,Unknown,0.0,33,,,,,36.13,-100.02,,,,,OK,2057-05-29 20:15:00,2057-05-29 20:15:00,False,False
,10096563,Oklahoma,71,Kay,,2057-05-29 23:37:00,CST,2057-05-29 23:37:00,0,0,0,0,.03K,0,,F0,Unknown,0.0,33,,,,,36.7,-97.22,,,,,OK,2057-05-29 23:37:00,2057-05-29 23:37:00,False,False
,10096565,Oklahoma,49,Garvin,,2057-05-30 16:15:00,CST,2057-05-30 16:15:00,0,0,0,0,.03K,0,,F0,Unknown,0.0,33,,,,,34.62,-97.35,,,,,OK,2057-05-30 16:15:00,2057-05-30 16:15:00,False,False
,10118717,Texas,161,Freestone,,2057-04-24 16:30:00,CST,2057-04-24 16:30:00,0,0,0,0,.03K,0,,F0,Unknown,0.0,17,,,,,31.72,-96.03,,,,,TX,2057-04-24 16:30:00,2057-04-24 16:30:00,False,False
,10118718,Texas,161,Freestone,,2057-04-24 16:30:00,CST,2057-04-24 16:30:00,0,0,0,0,2.5K,0,,F1,Unknown,0.5,17,,,,,31.67,-96.28,,,,,TX,2057-04-24 16:30:00,2057-04-24 16:30:00,False,False
,10084479,Ohio,171,Williams,,2057-07-04 17:55:00,CST,2057-07-04 17:55:00,0,0,0,0,250K,0,,F2,Unknown,2.7,33,,,,,41.47,-84.57,41.45,-84.5,,,OH,2057-07-04 17:55:00,2057-07-04 17:55:00,False,False
,10054322,Minnesota,79,Le Sueur,,2057-07-07 20:00:00,CST,2057-07-07 20:00:00,0,0,0,0,.03K,0,,,Unknown,0.0,33,,,,,44.23,-93.53,,,,,MN,2057-07-07 20:00:00,2057-07-07 20:00:00,False,False
,10054327,Minnesota,47,Freeborn,,2057-07-19 18:00:00,CST,2057-07-19 18:00:00,0,0,0,0,.03K,0,,,Unknown,0.0,33,,,,,43.55,-93.37,,,,,MN,2057-07-19 18:00:00,2057-07-19 18:00:00,False,False
,10118724,Texas,441,Taylor,,2057-04-25 15:30:00,CST,2057-04-25 15:30:00,0,0,0,0,.03K,0,,F0,Unknown,2.0,30,,,,,32.32,-99.87,,,,,TX,2057-04-25 15:30:00,2057-04-25 15:30:00,False,False
,10118725,Texas,9,Archer,,2057-04-25 16:05:00,CST,2057-04-25 16:05:00,0,0,0,0,.03K,0,,F0,Unknown,0.1,3,,,,,33.73,-98.5,,,,,TX,2057-04-25 16:05:00,2057-04-25 16:05:00,False,False
,10118727,Texas,337,Montague,,2057-04-25 18:30:00,CST,2057-04-25 18:30:00,0,0,0,0,2.5K,0,,F1,Unknown,3.4,33,,,,,33.8,-97.93,33.85,-97.93,,,TX,2057-04-25 18:30:00,2057-04-25 18:30:00,False,False
,10118729,Texas,383,Reagan,,2057-04-26 00:30:00,CST,2057-04-26 00:30:00,0,0,0,0,.03K,0,,F0,Unknown,0.7,250,,,,,31.2,-101.45,,,,,TX,2057-04-26 00:30:00,2057-04-26 00:30:00,False,False
,10118730,Texas,55,Caldwell,,2057-04-26 02:00:00,CST,2057-04-26 02:00:00,0,0,0,0,2.5K,0,,F2,Unknown,0.0,33,,,,,29.68,-97.65,,,,,TX,2057-04-26 02:00:00,2057-04-26 02:00:00,False,False
,10118731,Texas,21,Bastrop,,2057-04-26 02:30:00,CST,2057-04-26 02:30:00,0,0,0,0,2.5K,0,,,Unknown,40.5,33,,,,,30.02,-97.17,30.5,-96.78,,,TX,2057-04-26 02:30:00,2057-04-26 02:30:00,False,False
,10118732,Texas,183,Gregg,,2057-04-26 07:15:00,CST,2057-04-26 07:15:00,0,0,0,0,25K,0,,F3,Unknown,1.0,33,,,,,32.38,-94.9,,,,,TX,2057-04-26 07:15:00,2057-04-26 07:15:00,False,False
,10041701,Michigan,163,Wayne,,2057-11-20 16:50:00,CST,2057-11-20 16:50:00,12,0,1,0,250K,0,,F3,Unknown,1.5,100,,,,,42.4,-83.1,,,,,MI,2057-11-20 16:50:00,2057-11-20 16:50:00,False,False
,10121156,Texas,487,Wilbarger,,2057-09-20 18:00:00,CST,2057-09-20 18:00:00,0,0,0,0,25K,0,,F1,Unknown,0.5,150,,,,,34.25,-99.28,,,,,TX,2057-09-20 18:00:00,2057-09-20 18:00:00,False,False
,10121157,Texas,487,Wilbarger,,2057-09-20 18:00:00,CST,2057-09-20 18:00:00,0,0,0,0,25K,0,,F1,Unknown,0.5,150,,,,,34.25,-99.28,,,,,TX,2057-09-20 18:00:00,2057-09-20 18:00:00,False,False
,10121162,Texas,23,Baylor,,2057-10-07 19:15:00,CST,2057-10-07 19:15:00,0,0,0,0,2.5K,0,,F2,Unknown,2.0,33,,,,,33.62,-99.42,,,,,TX,2057-10-07 19:15:00,2057-10-07 19:15:00,False,False
,10121164,Texas,473,Waller,,2057-10-14 15:00:00,CST,2057-10-14 15:00:00,0,0,0,0,25K,0,,F2,Unknown,1.0,33,,,,,30.1,-96.1,,,,,TX,2057-10-14 15:00:00,2057-10-14 15:00:00,False,False
,10121165,Texas,473,Waller,,2057-10-14 15:00:00,CST,2057-10-14 15:00:00,0,0,0,0,25K,0,,F2,Unknown,0.5,17,,,,,30.05,-95.92,,,,,TX,2057-10-14 15:00:00,2057-10-14 15:00:00,False,False
,10121166,Texas,473,Waller,,2057-10-14 15:00:00,CST,2057-10-14 15:00:00,0,0,0,0,25K,0,,F3,Unknown,1.0,33,,,,,30.12,-96.0,,,,,TX,2057-10-14 15:00:00,2057-10-14 15:00:00,False,False
,10122312,Texas,165,Gaines,,2057-04-22 12:15:00,CST,2057-04-22 12:15:00,0,0,0,0,.03K,0,,F0,Unknown,0.5,17,,,,,32.72,-102.4,,,,,TX,2057-04-22 12:15:00,2057-04-22 12:15:00,False,False
,10122314,Texas,153,Floyd,,2057-04-22 14:00:00,CST,2057-04-22 14:00:00,0,0,0,0,.03K,0,,F1,Unknown,7.1,17,,,,,34.12,-101.47,34.15,-101.35,,,TX,2057-04-22 14:00:00,2057-04-22 14:00:00,False,False
,10122315,Texas,191,Hall,,2057-04-22 14:40:00,CST,2057-04-22 14:40:00,0,0,0,0,25K,0,,F2,Unknown,9.2,200,,,,,34.68,-100.83,34.73,-100.68,,,TX,2057-04-22 14:40:00,2057-04-22 14:40:00,False,False
,10122316,Texas,135,Ector,,2057-04-22 15:30:00,CST,2057-04-22 15:30:00,0,0,0,0,.03K,0,,F0,Unknown,0.1,3,,,,,31.87,-102.37,,,,,TX,2057-04-22 15:30:00,2057-04-22 15:30:00,False,False
,10122317,Texas,365,Panola,,2057-04-22 16:00:00,CST,2057-04-22 16:00:00,0,0,0,0,.25K,0,,F1,Unknown,11.1,33,,,,,32.08,-94.35,32.12,-94.17,,,TX,2057-04-22 16:00:00,2057-04-22 16:00:00,False,False
,10122319,Texas,345,Motley,,2057-04-22 16:20:00,CST,2057-04-22 16:20:00,0,0,0,0,2.5K,0,,,Unknown,0.5,50,,,,,34.25,-101.0,,,,,TX,2057-04-22 16:20:00,2057-04-22 16:20:00,False,False
,10122302,Texas,303,Lubbock,,2057-04-21 18:00:00,CST,2057-04-21 18:00:00,6,0,0,0,2.5M,0,,F4,Unknown,15.5,100,,,,,33.43,-101.63,33.58,-101.83,,,TX,2057-04-21 18:00:00,2057-04-21 18:00:00,False,False
,10122303,Texas,165,Gaines,,2057-04-21 18:15:00,CST,2057-04-21 18:15:00,0,0,0,0,2.5K,0,,F1,Unknown,1.0,300,,,,,32.72,-102.9,,,,,TX,2057-04-21 18:15:00,2057-04-21 18:15:00,False,False
,10121167,Texas,291,Liberty,,2057-10-14 17:45:00,CST,2057-10-14 17:45:00,0,0,0,0,25K,0,,F2,Unknown,0.5,200,,,,,30.2,-94.9,,,,,TX,2057-10-14 17:45:00,2057-10-14 17:45:00,False,False
,10124063,Tennessee,49,Fentress,,2057-11-18 16:30:00,CST,2057-11-18 16:30:00,2,0,0,0,25K,0,,F2,Unknown,13.9,220,,,,,36.27,-84.87,36.42,-84.7,,,TN,2057-11-18 16:30:00,2057-11-18 16:30:00,False,False
,10124064,Tennessee,53,Gibson,,2057-12-19 15:00:00,CST,2057-12-19 15:00:00,0,0,0,0,25K,0,,F1,Unknown,0.1,7,,,,,35.87,-88.75,,,,,TN,2057-12-19 15:00:00,2057-12-19 15:00:00,False,False
,10041688,Michigan,5,Allegan,,2057-06-22 16:10:00,CST,2057-06-22 16:10:00,0,0,0,0,.03K,0,,F0,Unknown,1.0,33,,,,,42.6,-85.87,,,,,MI,2057-06-22 16:10:00,2057-06-22 16:10:00,False,False
,10041689,Michigan,17,Bay,,2057-06-22 18:00:00,CST,2057-06-22 18:00:00,0,0,0,0,25K,0,,F2,Unknown,0.0,33,,,,,43.58,-83.92,,,,,MI,2057-06-22 18:00:00,2057-06-22 18:00:00,False,False
,10041692,Michigan,47,Emmet,,2057-07-04 15:00:00,CST,2057-07-04 15:00:00,0,0,0,0,25K,0,,F1,Unknown,6.1,33,,,,,45.43,-85.0,45.5,-84.9,,,MI,2057-07-04 15:00:00,2057-07-04 15:00:00,False,False
,10041693,Michigan,141,Presque Isle,,2057-07-04 16:00:00,CST,2057-07-04 16:00:00,0,0,0,0,25K,0,,F2,Unknown,4.9,100,,,,,45.23,-83.95,45.23,-83.83,,,MI,2057-07-04 16:00:00,2057-07-04 16:00:00,False,False
,10041694,Michigan,93,Livingston,,2057-07-04 17:55:00,CST,2057-07-04 17:55:00,4,0,0,0,250K,0,,F4,Unknown,3.0,50,,,,,42.52,-83.73,42.52,-83.65,,,MI,2057-07-04 17:55:00,2057-07-04 17:55:00,False,False
,10122324,Texas,331,Milam,,2057-04-24 12:00:00,CST,2057-04-24 12:00:00,0,0,0,0,250K,0,,,Unknown,0.0,33,,,,,30.62,-97.0,,,,,TX,2057-04-24 12:00:00,2057-04-24 12:00:00,False,False
,10122325,Texas,491,Williamson,,2057-04-24 13:45:00,CST,2057-04-24 13:45:00,0,0,0,0,2.5K,0,,F1,Unknown,0.0,33,,,,,30.67,-97.93,,,,,TX,2057-04-24 13:45:00,2057-04-24 13:45:00,False,False
,10122328,Texas,453,Travis,,2057-04-24 14:20:00,CST,2057-04-24 14:20:00,0,0,0,0,.03K,0,,F0,Unknown,0.5,33,,,,,30.33,-97.58,,,,,TX,2057-04-24 14:20:00,2057-04-24 14:20:00,False,False
,10122329,Texas,21,Bastrop,,2057-04-24 14:20:00,CST,2057-04-24 14:20:00,1,0,0,0,250K,0,,F3,Unknown,9.6,880,,,,,30.27,-97.37,30.38,-97.28,,,TX,2057-04-24 14:20:00,2057-04-24 14:20:00,False,False
,10122330,Texas,491,Williamson,,2057-04-24 14:40:00,CST,2057-04-24 14:40:00,0,0,0,0,250K,0,,F3,Unknown,5.1,880,,,,,30.38,-97.28,30.43,-97.23,,,TX,2057-04-24 14:40:00,2057-04-24 14:40:00,False,False
,10122331,Texas,349,Navarro,,2057-04-24 15:45:00,CST,2057-04-24 15:45:00,0,0,0,0,2.5K,0,,F2,Unknown,6.1,100,,,,,31.95,-96.68,32.0,-96.6,,,TX,2057-04-24 15:45:00,2057-04-24 15:45:00,False,False
,10122332,Texas,181,Grayson,,2057-04-24 16:00:00,CST,2057-04-24 16:00:00,0,0,0,0,.03K,0,,,Unknown,0.0,33,,,,,33.73,-96.67,,,,,TX,2057-04-24 16:00:00,2057-04-24 16:00:00,False,False
,10122333,Texas,27,Bell,,2057-04-24 16:12:00,CST,2057-04-24 16:12:00,0,0,0,0,2.5K,0,,F0,Unknown,0.2,10,,,,,30.9,-97.47,,,,,TX,2057-04-24 16:12:00,2057-04-24 16:12:00,False,False
,10122335,Texas,161,Freestone,,2057-04-24 16:20:00,CST,2057-04-24 16:20:00,0,0,0,0,.03K,0,,F2,Unknown,4.1,100,,,,,31.63,-96.27,31.67,-96.22,,,TX,2057-04-24 16:20:00,2057-04-24 16:20:00,False,False
,10124067,Tennessee,53,Gibson,,2057-12-19 21:15:00,CST,2057-12-19 21:15:00,0,0,0,0,25K,0,,F2,Unknown,0.5,10,,,,,35.82,-88.92,,,,,TN,2057-12-19 21:15:00,2057-12-19 21:15:00,False,False
,10041696,Michigan,125,Oakland,,2057-07-04 18:55:00,CST,2057-07-04 18:55:00,2,0,0,0,250K,0,,F4,Unknown,26.9,50,,,,,42.52,-83.65,42.52,-83.12,,,MI,2057-07-04 18:55:00,2057-07-04 18:55:00,False,False
,10124068,Tennessee,53,Gibson,,2057-12-19 21:20:00,CST,2057-12-19 21:20:00,2,0,0,0,25K,0,,F1,Unknown,0.1,7,,,,,35.92,-88.75,,,,,TN,2057-12-19 21:20:00,2057-12-19 21:20:00,False,False
,10037033,Kentucky,141,Logan,,2057-01-22 15:30:00,CST,2057-01-22 15:30:00,0,0,0,0,25K,0,,F1,Unknown,1.0,880,,,,,36.92,-86.8,,,,,KY,2057-01-22 15:30:00,2057-01-22 15:30:00,False,False
,10041682,Michigan,119,Montmorency,,2057-06-14 17:30:00,CST,2057-06-14 17:30:00,0,0,0,0,25K,0,,F1,Unknown,1.0,50,,,,,44.97,-84.37,,,,,MI,2057-06-14 17:30:00,2057-06-14 17:30:00,False,False
,10041686,Michigan,139,Ottawa,,2057-06-22 15:30:00,CST,2057-06-22 15:30:00,0,0,0,0,25K,0,,F2,Unknown,0.0,33,,,,,42.87,-85.87,,,,,MI,2057-06-22 15:30:00,2057-06-22 15:30:00,False,False
,10041687,Michigan,21,Berrien,,2057-06-22 16:05:00,CST,2057-06-22 16:05:00,0,0,0,0,25K,0,,F1,Unknown,10.7,50,,,,,41.98,-86.3,42.07,-86.12,,,MI,2057-06-22 16:05:00,2057-06-22 16:05:00,False,False
,10098786,Oklahoma,71,Kay,,2057-05-22 06:38:00,CST,2057-05-22 06:38:00,0,0,0,0,.25K,0,,F0,Unknown,2.0,23,,,,,36.7,-97.15,,,,,OK,2057-05-22 06:38:00,2057-05-22 06:38:00,False,False
,10092657,Oklahoma,125,Pottawatomie,,2057-01-22 03:30:00,CST,2057-01-22 03:30:00,0,0,0,0,25K,0,,F2,Unknown,21.5,440,,,,,35.07,-96.87,35.15,-96.5,,,OK,2057-01-22 03:30:00,2057-01-22 03:30:00,False,False
,10113238,South Dakota,15,Brule,,2057-07-03 19:25:00,CST,2057-07-03 19:25:00,0,0,0,0,250K,0,,F1,Unknown,0.0,33,,,,,43.77,-98.95,,,,,SD,2057-07-03 19:25:00,2057-07-03 19:25:00,False,False
,10113243,South Dakota,103,Pennington,,2057-07-14 12:40:00,CST,2057-07-14 12:40:00,0,0,0,0,25K,0,,F0,Unknown,0.0,33,,,,,44.12,-103.73,,,,,SD,2057-07-14 12:40:00,2057-07-14 12:40:00,False,False
,10113244,South Dakota,19,Butte,,2057-07-14 19:30:00,CST,2057-07-14 19:30:00,1,0,0,0,2.5K,0,,F1,Unknown,0.0,33,,,,,44.62,-103.4,,,,,SD,2057-07-14 19:30:00,2057-07-14 19:30:00,False,False
,10092658,Oklahoma,63,Hughes,,2057-01-22 04:15:00,CST,2057-01-22 04:15:00,0,0,0,0,25K,0,,F2,Unknown,16.6,33,,,,,35.15,-96.5,35.25,-96.23,,,OK,2057-01-22 04:15:00,2057-01-22 04:15:00,False,False
,10092659,Oklahoma,63,Hughes,,2057-01-22 05:00:00,CST,2057-01-22 05:00:00,0,0,0,0,25K,0,,F2,Unknown,25.6,33,,,,,35.25,-96.23,35.52,-95.92,,,OK,2057-01-22 05:00:00,2057-01-22 05:00:00,False,False
,10092660,Oklahoma,61,Haskell,,2057-01-22 06:00:00,CST,2057-01-22 06:00:00,0,0,0,0,2.5K,0,,F2,Unknown,6.1,50,,,,,35.25,-95.3,35.28,-95.2,,,OK,2057-01-22 06:00:00,2057-01-22 06:00:00,False,False
,10092661,Oklahoma,135,Sequoyah,,2057-01-22 06:45:00,CST,2057-01-22 06:45:00,20,0,10,0,250K,0,,F4,Unknown,0.0,880,,,,,35.4,-94.68,,,,,OK,2057-01-22 06:45:00,2057-01-22 06:45:00,False,False
,10092662,Oklahoma,67,Jefferson,,2057-04-02 15:30:00,CST,2057-04-02 15:30:00,0,0,0,0,2.5K,0,,F1,Unknown,2.0,33,,,,,34.22,-97.58,,,,,OK,2057-04-02 15:30:00,2057-04-02 15:30:00,False,False
,10092663,Oklahoma,99,Murray,,2057-04-02 16:50:00,CST,2057-04-02 16:50:00,0,0,0,0,25K,0,,F2,Unknown,5.7,400,,,,,34.55,-96.92,34.63,-96.93,,,OK,2057-04-02 16:50:00,2057-04-02 16:50:00,False,False
,10092664,Oklahoma,49,Garvin,,2057-04-02 16:50:00,CST,2057-04-02 16:50:00,1,0,0,0,25K,0,,F2,Unknown,5.9,400,,,,,34.63,-96.93,34.72,-96.95,,,OK,2057-04-02 16:50:00,2057-04-02 16:50:00,False,False
,10092666,Oklahoma,99,Murray,,2057-04-02 16:55:00,CST,2057-04-02 16:55:00,2,0,1,0,250K,0,,F2,Unknown,2.0,600,,,,,34.4,-97.13,,,,,OK,2057-04-02 16:55:00,2057-04-02 16:55:00,False,False
,10092668,Oklahoma,95,Marshall,,2057-04-02 17:29:00,CST,2057-04-02 17:29:00,6,0,2,0,2.5M,0,,F4,Unknown,5.2,200,,,,,34.0,-96.65,34.05,-96.58,,,OK,2057-04-02 17:29:00,2057-04-02 17:29:00,False,False
,10092669,Oklahoma,13,Bryan,,2057-04-02 17:58:00,CST,2057-04-02 17:58:00,3,0,3,0,250K,0,,F4,Unknown,7.9,200,,,,,33.93,-96.43,34.03,-96.37,,,OK,2057-04-02 17:58:00,2057-04-02 17:58:00,False,False
,10092670,Oklahoma,65,Jackson,,2057-04-02 18:30:00,CST,2057-04-02 18:30:00,1,0,0,0,25K,0,,F2,Unknown,5.2,150,,,,,34.63,-99.27,34.7,-99.23,,,OK,2057-04-02 18:30:00,2057-04-02 18:30:00,False,False
,10092671,Oklahoma,125,Pottawatomie,,2057-04-02 18:40:00,CST,2057-04-02 18:40:00,0,0,0,0,.03K,0,,F0,Unknown,0.0,33,,,,,34.98,-96.95,,,,,OK,2057-04-02 18:40:00,2057-04-02 18:40:00,False,False
,10092672,Oklahoma,65,Jackson,,2057-04-02 18:40:00,CST,2057-04-02 18:40:00,0,0,0,0,0K,0,,F2,Unknown,6.2,150,,,,,34.7,-99.23,34.77,-99.17,,,OK,2057-04-02 18:40:00,2057-04-02 18:40:00,False,False
,10092673,Oklahoma,75,Kiowa,,2057-04-02 18:50:00,CST,2057-04-02 18:50:00,0,0,0,0,25K,0,,F2,Unknown,32.3,150,,,,,34.77,-99.17,35.1,-98.77,,,OK,2057-04-02 18:50:00,2057-04-02 18:50:00,False,False
,10092677,Oklahoma,65,Jackson,,2057-04-02 19:05:00,CST,2057-04-02 19:05:00,0,0,0,0,25K,0,,F0,Unknown,8.8,100,,,,,34.6,-99.32,34.68,-99.2,,,OK,2057-04-02 19:05:00,2057-04-02 19:05:00,False,False
,10092680,Oklahoma,77,Latimer,,2057-04-02 21:00:00,CST,2057-04-02 21:00:00,0,0,0,0,25K,0,,F2,Unknown,15.7,880,,,,,34.83,-95.1,35.05,-95.02,,,OK,2057-04-02 21:00:00,2057-04-02 21:00:00,False,False
,10092682,Oklahoma,121,Pittsburg,,2057-04-02 21:05:00,CST,2057-04-02 21:05:00,0,0,0,0,25K,0,,F2,Unknown,11.7,440,,,,,34.85,-95.57,34.97,-95.42,,,OK,2057-04-02 21:05:00,2057-04-02 21:05:00,False,False
,10092686,Oklahoma,61,Haskell,,2057-04-02 21:20:00,CST,2057-04-02 21:20:00,2,0,0,0,25K,0,,F2,Unknown,7.6,880,,,,,35.05,-95.02,35.15,-94.97,,,OK,2057-04-02 21:20:00,2057-04-02 21:20:00,False,False
,10092687,Oklahoma,89,Mccurtain,,2057-04-02 21:30:00,CST,2057-04-02 21:30:00,0,0,0,0,25K,0,,F1,Unknown,11.2,880,,,,,34.13,-94.65,34.25,-94.52,,,OK,2057-04-02 21:30:00,2057-04-02 21:30:00,False,False
,10092688,Oklahoma,79,Le Flore,,2057-04-02 21:50:00,CST,2057-04-02 21:50:00,0,0,0,0,.03K,0,,F0,Unknown,0.0,33,,,,,35.05,-94.63,,,,,OK,2057-04-02 21:50:00,2057-04-02 21:50:00,False,False
,10113252,South Dakota,91,Marshall,,2057-08-14 17:20:00,CST,2057-08-14 17:20:00,0,0,0,0,.03K,0,,,Unknown,0.0,33,,,,,45.78,-97.57,,,,,SD,2057-08-14 17:20:00,2057-08-14 17:20:00,False,False
,10120927,Texas,349,Navarro,,2057-08-17 17:45:00,CST,2057-08-17 17:45:00,0,0,0,0,25K,0,,F2,Unknown,4.1,1333,,,,,32.1,-96.47,32.1,-96.4,,,TX,2057-08-17 17:45:00,2057-08-17 17:45:00,False,False
,10122257,Texas,203,Harrison,,2057-04-03 10:28:00,CST,2057-04-03 10:28:00,0,0,0,0,.03K,0,,F1,Unknown,0.0,33,,,,,32.62,-94.38,,,,,TX,2057-04-03 10:28:00,2057-04-03 10:28:00,False,False
,10122258,Texas,121,Denton,,2057-04-03 10:30:00,CST,2057-04-03 10:30:00,0,0,0,0,.03K,0,,F0,Unknown,0.0,33,,,,,33.25,-96.95,,,,,TX,2057-04-03 10:30:00,2057-04-03 10:30:00,False,False
,10122259,Texas,439,Tarrant,,2057-04-03 10:45:00,CST,2057-04-03 10:45:00,0,0,0,0,.03K,0,,F0,Unknown,0.0,33,,,,,32.67,-97.33,,,,,TX,2057-04-03 10:45:00,2057-04-03 10:45:00,False,False
,10122260,Texas,113,Dallas,,2057-04-03 10:50:00,CST,2057-04-03 10:50:00,0,0,0,0,.25K,0,,F0,Unknown,0.0,33,,,,,32.65,-96.92,,,,,TX,2057-04-03 10:50:00,2057-04-03 10:50:00,False,False
,10122261,Texas,343,Morris,,2057-04-03 11:00:00,CST,2057-04-03 11:00:00,0,0,0,0,.25K,0,,F2,Unknown,0.0,33,,,,,32.88,-94.72,,,,,TX,2057-04-03 11:00:00,2057-04-03 11:00:00,False,False
,10122262,Texas,203,Harrison,,2057-04-03 11:30:00,CST,2057-04-03 11:30:00,0,0,0,0,2.5K,0,,F2,Unknown,0.0,33,,,,,32.62,-94.38,,,,,TX,2057-04-03 11:30:00,2057-04-03 11:30:00,False,False
,10122263,Texas,361,Orange,,2057-04-03 12:45:00,CST,2057-04-03 12:45:00,0,0,0,0,.25K,0,,F1,Unknown,0.1,33,,,,,30.1,-93.73,,,,,TX,2057-04-03 12:45:00,2057-04-03 12:45:00,False,False
,10122304,Texas,189,Hale,,2057-04-21 18:15:00,CST,2057-04-21 18:15:00,0,0,0,0,2.5M,0,,F2,Unknown,11.7,33,,,,,33.83,-102.05,34.0,-102.08,,,TX,2057-04-21 18:15:00,2057-04-21 18:15:00,False,False
,10122305,Texas,189,Hale,,2057-04-21 18:20:00,CST,2057-04-21 18:20:00,0,0,0,0,2.5M,0,,F2,Unknown,11.7,33,,,,,33.83,-102.05,34.0,-102.08,,,TX,2057-04-21 18:20:00,2057-04-21 18:20:00,False,False
,10122306,Texas,279,Lamb,,2057-04-21 18:30:00,CST,2057-04-21 18:30:00,0,0,0,0,2.5M,0,,F2,Unknown,9.2,33,,,,,34.0,-102.08,34.13,-102.1,,,TX,2057-04-21 18:30:00,2057-04-21 18:30:00,False,False
,10122307,Texas,279,Lamb,,2057-04-21 18:35:00,CST,2057-04-21 18:35:00,0,0,0,0,2.5M,0,,F2,Unknown,9.2,33,,,,,34.0,-102.08,34.13,-102.1,,,TX,2057-04-21 18:35:00,2057-04-21 18:35:00,False,False
,10122308,Texas,303,Lubbock,,2057-04-21 18:45:00,CST,2057-04-21 18:45:00,0,0,0,0,2.5M,0,,F2,Unknown,12.6,880,,,,,33.58,-101.83,33.7,-102.0,,,TX,2057-04-21 18:45:00,2057-04-21 18:45:00,False,False
,10122309,Texas,453,Travis,,2057-04-22 02:25:00,CST,2057-04-22 02:25:00,0,0,0,0,.25K,0,,,Unknown,0.0,33,,,,,30.4,-98.0,,,,,TX,2057-04-22 02:25:00,2057-04-22 02:25:00,False,False
,10122310,Texas,73,Cherokee,,2057-04-22 07:25:00,CST,2057-04-22 07:25:00,0,0,0,0,2.5K,0,,F1,Unknown,0.5,17,,,,,31.93,-95.27,,,,,TX,2057-04-22 07:25:00,2057-04-22 07:25:00,False,False
,10092655,Oklahoma,101,Muskogee,,2057-01-21 18:55:00,CST,2057-01-21 18:55:00,0,0,0,0,25K,0,,F1,Unknown,5.7,400,,,,,35.5,-95.3,35.57,-95.23,,,OK,2057-01-21 18:55:00,2057-01-21 18:55:00,False,False
,10113261,South Dakota,115,Spink,,2057-09-01 17:30:00,CST,2057-09-01 17:30:00,0,0,0,0,.03K,0,,F0,Unknown,0.0,33,,,,,45.15,-98.48,,,,,SD,2057-09-01 17:30:00,2057-09-01 17:30:00,False,False
,10061539,Missouri,183,St. Charles,,2057-06-14 09:00:00,CST,2057-06-14 09:00:00,0,0,0,0,2.5K,0,,F1,Unknown,0.2,20,,,,,38.85,-90.45,,,,,MO,2057-06-14 09:00:00,2057-06-14 09:00:00,False,False
,10061542,Missouri,205,Shelby,,2057-06-15 18:00:00,CST,2057-06-15 18:00:00,0,0,0,0,2.5K,0,,F1,Unknown,0.2,20,,,,,39.67,-91.93,,,,,MO,2057-06-15 18:00:00,2057-06-15 18:00:00,False,False
,10061543,Missouri,95,Jackson,,2057-06-22 00:00:00,CST,2057-06-22 00:00:00,0,0,0,0,.25K,0,,F2,Unknown,19.8,10,,,,,39.0,-94.58,39.25,-94.4,,,MO,2057-06-22 00:00:00,2057-06-22 00:00:00,False,False
,10118733,Texas,423,Smith,,2057-04-26 08:00:00,CST,2057-04-26 08:00:00,6,0,0,0,2.5M,0,,F2,Unknown,6.1,100,,,,,32.35,-95.32,32.4,-95.23,,,TX,2057-04-26 08:00:00,2057-04-26 08:00:00,False,False
,10061553,Missouri,129,Mercer,,2057-07-21 15:30:00,CST,2057-07-21 15:30:00,0,0,0,0,2.5K,0,,F0,Unknown,0.8,10,,,,,40.53,-93.75,,,,,MO,2057-07-21 15:30:00,2057-07-21 15:30:00,False,False
,10061554,Missouri,125,Maries,,2057-07-29 18:15:00,CST,2057-07-29 18:15:00,0,0,0,0,.25K,0,,F1,Unknown,0.2,10,,,,,38.05,-91.9,,,,,MO,2057-07-29 18:15:00,2057-07-29 18:15:00,False,False
,10070981,Nebraska,155,Saunders,,2057-06-15 21:00:00,CST,2057-06-15 21:00:00,0,0,0,0,25K,0,,F1,Unknown,22.1,33,,,,,41.18,-96.55,41.35,-96.18,,,NE,2057-06-15 21:00:00,2057-06-15 21:00:00,False,False
,10071017,Nebraska,63,Frontier,,2057-07-12 18:38:00,CST,2057-07-12 18:38:00,0,0,0,0,.03K,0,,,Unknown,0.0,33,,,,,40.62,-100.35,,,,,NE,2057-07-12 18:38:00,2057-07-12 18:38:00,False,False
,10069865,Nebraska,159,Seward,,2057-04-25 18:45:00,CST,2057-04-25 18:45:00,8,0,1,0,2.5M,0,,F4,Unknown,19.0,333,,,,,40.7,-97.23,40.82,-96.9,,,NE,2057-04-25 18:45:00,2057-04-25 18:45:00,False,False
,10069866,Nebraska,35,Clay,,2057-04-25 19:00:00,CST,2057-04-25 19:00:00,0,0,0,0,250K,0,,F3,Unknown,34.7,220,,,,,40.37,-97.95,40.65,-97.4,,,NE,2057-04-25 19:00:00,2057-04-25 19:00:00,False,False
,10054310,Minnesota,47,Freeborn,,2057-06-22 10:00:00,CST,2057-06-22 10:00:00,0,0,0,0,0K,0,,,Unknown,0.0,33,,,,,43.62,-93.37,,,,,MN,2057-06-22 10:00:00,2057-06-22 10:00:00,False,False
,10061523,Missouri,3,Andrew,,2057-06-07 16:00:00,CST,2057-06-07 16:00:00,0,0,0,0,.25K,0,,F1,Unknown,0.1,40,,,,,40.03,-95.0,,,,,MO,2057-06-07 16:00:00,2057-06-07 16:00:00,False,False
,9986166,Connecticut,3,Hartford,,2057-06-19 14:00:00,CST,2057-06-19 14:00:00,0,0,0,0,250K,0,,F1,Unknown,0.3,367,,,,,41.7,-72.6,,,,,CT,2057-06-19 14:00:00,2057-06-19 14:00:00,False,False
,10054295,Minnesota,39,Dodge,,2057-05-14 10:00:00,CST,2057-05-14 10:00:00,0,0,0,0,0K,0,,F1,Unknown,0.0,250,,,,,43.87,-92.97,,,,,MN,2057-05-14 10:00:00,2057-05-14 10:00:00,False,False
,10054296,Minnesota,153,Todd,,2057-05-21 12:00:00,CST,2057-05-21 12:00:00,0,0,0,0,25K,0,,F1,Unknown,3.8,300,,,,,46.35,-94.78,46.42,-94.77,,,MN,2057-05-21 12:00:00,2057-05-21 12:00:00,False,False
,10054297,Minnesota,25,Chisago,,2057-05-21 13:00:00,CST,2057-05-21 13:00:00,2,0,0,0,25K,0,,F4,Unknown,9.2,100,,,,,45.58,-92.87,45.72,-92.87,,,MN,2057-05-21 13:00:00,2057-05-21 13:00:00,False,False
,10054298,Minnesota,171,Wright,,2057-05-25 14:38:00,CST,2057-05-25 14:38:00,0,0,0,0,25K,0,,F1,Unknown,0.7,20,,,,,45.23,-93.98,,,,,MN,2057-05-25 14:38:00,2057-05-25 14:38:00,False,False
,10054300,Minnesota,15,Brown,,2057-06-13 18:30:00,CST,2057-06-13 18:30:00,0,0,0,0,0K,0,,F1,Unknown,0.0,33,,,,,44.32,-94.48,,,,,MN,2057-06-13 18:30:00,2057-06-13 18:30:00,False,False
,10054301,Minnesota,91,Martin,,2057-06-16 11:00:00,CST,2057-06-16 11:00:00,0,0,0,0,2.5K,0,,F1,Unknown,0.0,33,,,,,43.62,-94.73,,,,,MN,2057-06-16 11:00:00,2057-06-16 11:00:00,False,False
,10061281,Missouri,35,Carter,,2057-05-21 15:53:00,CST,2057-05-21 15:53:00,75,0,7,0,250K,0,,F4,Unknown,9.1,500,,,,,36.95,-91.17,37.0,-91.02,,,MO,2057-05-21 15:53:00,2057-05-21 15:53:00,False,False
,10081467,New Mexico,17,Grant,,2057-10-12 05:00:00,CST,2057-10-12 05:00:00,0,0,0,0,250K,0,,F3,Unknown,8.2,50,,,,,32.63,-108.17,32.7,-108.05,,,NM,2057-10-12 05:00:00,2057-10-12 05:00:00,False,False
,10049873,Mississippi,149,Warren,,2057-10-15 23:45:00,CST,2057-10-15 23:45:00,0,0,0,0,25K,0,,,Unknown,17.5,77,,,,,32.22,-90.77,32.47,-90.72,,,MS,2057-10-15 23:45:00,2057-10-15 23:45:00,False,False
,10049875,Mississippi,51,Holmes,,2057-11-07 23:00:00,CST,2057-11-07 23:00:00,0,0,2,0,250K,0,,F3,Unknown,5.2,300,,,,,33.28,-90.23,33.33,-90.17,,,MS,2057-11-07 23:00:00,2057-11-07 23:00:00,False,False
,10049876,Mississippi,21,Claiborne,,2057-11-07 23:05:00,CST,2057-11-07 23:05:00,0,0,0,0,250K,0,,F1,Unknown,4.1,100,,,,,31.87,-91.15,31.9,-91.1,,,MS,2057-11-07 23:05:00,2057-11-07 23:05:00,False,False
,10049878,Mississippi,159,Winston,,2057-11-07 23:30:00,CST,2057-11-07 23:30:00,0,0,0,0,25K,0,,F1,Unknown,0.0,33,,,,,33.12,-89.03,,,,,MS,2057-11-07 23:30:00,2057-11-07 23:30:00,False,False
,10049879,Mississippi,99,Neshoba,,2057-11-08 01:30:00,CST,2057-11-08 01:30:00,1,0,0,0,250K,0,,F1,Unknown,14.4,200,,,,,32.75,-89.12,32.85,-88.9,,,MS,2057-11-08 01:30:00,2057-11-08 01:30:00,False,False
,10049880,Mississippi,69,Kemper,,2057-11-08 02:00:00,CST,2057-11-08 02:00:00,1,0,0,0,250K,0,,F1,Unknown,10.8,200,,,,,32.85,-88.9,32.92,-88.73,,,MS,2057-11-08 02:00:00,2057-11-08 02:00:00,False,False
,10049881,Mississippi,103,Noxubee,,2057-11-08 02:25:00,CST,2057-11-08 02:25:00,1,0,0,0,250K,0,,F1,Unknown,3.6,200,,,,,32.92,-88.73,32.95,-88.68,,,MS,2057-11-08 02:25:00,2057-11-08 02:25:00,False,False
,10054303,Minnesota,27,Clay,,2057-06-20 19:00:00,CST,2057-06-20 19:00:00,0,0,0,0,250K,0,,F5,Unknown,25.0,400,,,,,46.88,-96.77,46.87,-96.23,,,MN,2057-06-20 19:00:00,2057-06-20 19:00:00,False,False
,10054304,Minnesota,111,Otter Tail,,2057-06-20 19:30:00,CST,2057-06-20 19:30:00,0,0,0,0,0K,0,,,Unknown,0.0,33,,,,,46.27,-96.08,,,,,MN,2057-06-20 19:30:00,2057-06-20 19:30:00,False,False
,10062409,Missouri,113,Lincoln,,2057-12-18 12:30:00,CST,2057-12-18 12:30:00,1,0,0,0,25K,0,,F1,Unknown,0.3,100,,,,,39.0,-91.25,,,,,MO,2057-12-18 12:30:00,2057-12-18 12:30:00,False,False
,10071025,Nebraska,141,Platte,,2057-07-19 13:30:00,CST,2057-07-19 13:30:00,0,0,0,0,0K,0,,F1,Unknown,0.0,33,,,,,41.38,-97.5,,,,,NE,2057-07-19 13:30:00,2057-07-19 13:30:00,False,False
,10071027,Nebraska,81,Hamilton,,2057-07-19 17:30:00,CST,2057-07-19 17:30:00,0,0,0,0,25K,0,,,Unknown,13.8,33,,,,,40.78,-98.07,40.98,-98.07,,,NE,2057-07-19 17:30:00,2057-07-19 17:30:00,False,False
,10071028,Nebraska,81,Hamilton,,2057-07-19 17:30:00,CST,2057-07-19 17:30:00,0,0,0,0,0K,0,,,Unknown,13.8,33,,,,,40.78,-98.07,40.98,-98.07,,,NE,2057-07-19 17:30:00,2057-07-19 17:30:00,False,False
,10071029,Nebraska,81,Hamilton,,2057-07-19 17:30:00,CST,2057-07-19 17:30:00,0,0,0,0,0K,0,,,Unknown,13.8,33,,,,,40.78,-98.07,40.98,-98.07,,,NE,2057-07-19 17:30:00,2057-07-19 17:30:00,False,False
,10071034,Nebraska,119,Madison,,2057-08-15 22:00:00,CST,2057-08-15 22:00:00,0,0,0,0,.25K,0,,,Unknown,0.0,33,,,,,41.98,-97.6,,,,,NE,2057-08-15 22:00:00,2057-08-15 22:00:00,False,False
,10071035,Nebraska,129,Nuckolls,,2057-08-16 16:00:00,CST,2057-08-16 16:00:00,0,0,0,0,0K,0,,,Unknown,0.0,33,,,,,40.02,-98.08,,,,,NE,2057-08-16 16:00:00,2057-08-16 16:00:00,False,False
,10060393,Missouri,69,Dunklin,,2057-04-03 12:00:00,CST,2057-04-03 12:00:00,0,0,0,0,2.5K,0,,F1,Unknown,1.0,100,,,,,36.13,-90.08,,,,,MO,2057-04-03 12:00:00,2057-04-03 12:00:00,False,False
,10060395,Missouri,133,Mississippi,,2057-04-03 13:30:00,CST,2057-04-03 13:30:00,0,0,0,0,2.5K,0,,F0,Unknown,0.3,10,,,,,36.83,-89.4,,,,,MO,2057-04-03 13:30:00,2057-04-03 13:30:00,False,False
,10054311,Minnesota,107,Norman,,2057-06-25 17:15:00,CST,2057-06-25 17:15:00,0,0,0,0,0K,0,,F0,Unknown,0.0,33,,,,,47.35,-96.52,,,,,MN,2057-06-25 17:15:00,2057-06-25 17:15:00,False,False
,10054312,Minnesota,47,Freeborn,,2057-06-25 19:00:00,CST,2057-06-25 19:00:00,0,0,0,0,.03K,0,,F1,Unknown,0.0,33,,,,,43.67,-93.57,,,,,MN,2057-06-25 19:00:00,2057-06-25 19:00:00,False,False
,10054313,Minnesota,111,Otter Tail,,2057-06-27 17:00:00,CST,2057-06-27 17:00:00,0,0,0,0,.03K,0,,F1,Unknown,0.0,33,,,,,46.15,-95.23,,,,,MN,2057-06-27 17:00:00,2057-06-27 17:00:00,False,False
,10054314,Minnesota,67,Kandiyohi,,2057-06-27 19:45:00,CST,2057-06-27 19:45:00,0,0,0,0,0K,0,,F1,Unknown,0.0,33,,,,,46.43,-95.5,,,,,MN,2057-06-27 19:45:00,2057-06-27 19:45:00,False,False
,10054317,Minnesota,133,Rock,,2057-07-03 04:30:00,CST,2057-07-03 04:30:00,2,0,0,0,250K,0,,F1,Unknown,0.0,33,,,,,43.65,-96.22,,,,,MN,2057-07-03 04:30:00,2057-07-03 04:30:00,False,False
,10069853,Nebraska,161,Sheridan,,2057-04-08 17:45:00,CST,2057-04-08 17:45:00,0,0,0,0,250K,0,,F2,Unknown,9.8,880,,,,,42.37,-102.35,42.47,-102.2,,,NE,2057-04-08 17:45:00,2057-04-08 17:45:00,False,False
,10069854,Nebraska,161,Sheridan,,2057-04-18 23:59:00,CST,2057-04-18 23:59:00,0,0,0,0,2.5K,0,,,Unknown,0.0,50,,,,,42.37,-102.67,,,,,NE,2057-04-18 23:59:00,2057-04-18 23:59:00,False,False
,10069855,Nebraska,87,Hitchcock,,2057-04-19 17:40:00,CST,2057-04-19 17:40:00,0,0,0,0,.03K,0,,F1,Unknown,0.0,33,,,,,40.22,-100.85,,,,,NE,2057-04-19 17:40:00,2057-04-19 17:40:00,False,False
,10069857,Nebraska,3,Antelope,,2057-04-19 19:00:00,CST,2057-04-19 19:00:00,0,0,0,0,2.5K,0,,F1,Unknown,10.7,50,,,,,41.97,-97.92,42.05,-97.73,,,NE,2057-04-19 19:00:00,2057-04-19 19:00:00,False,False
,10069858,Nebraska,119,Madison,,2057-04-19 20:30:00,CST,2057-04-19 20:30:00,0,0,0,0,.25K,0,,F1,Unknown,2.0,17,,,,,41.98,-97.48,,,,,NE,2057-04-19 20:30:00,2057-04-19 20:30:00,False,False
,10069860,Nebraska,135,Perkins,,2057-04-22 12:30:00,CST,2057-04-22 12:30:00,0,0,0,0,.25K,0,,,Unknown,0.0,33,,,,,40.85,-101.72,,,,,NE,2057-04-22 12:30:00,2057-04-22 12:30:00,False,False
,10069861,Nebraska,87,Hitchcock,,2057-04-22 13:30:00,CST,2057-04-22 13:30:00,0,0,0,0,.03K,0,,,Unknown,0.0,33,,,,,40.33,-101.08,,,,,NE,2057-04-22 13:30:00,2057-04-22 13:30:00,False,False
,10049886,Mississippi,97,Montgomery,,2057-11-14 13:30:00,CST,2057-11-14 13:30:00,0,0,0,0,25K,0,,F3,Unknown,7.8,100,,,,,33.45,-89.57,33.45,-89.43,,,MS,2057-11-14 13:30:00,2057-11-14 13:30:00,False,False
,10061494,Missouri,187,St. Francois,,2057-05-21 16:15:00,CST,2057-05-21 16:15:00,0,0,0,0,25M,0,,F3,Unknown,1.3,400,,,,,37.85,-90.65,37.87,-90.62,,,MO,2057-05-21 16:15:00,2057-05-21 16:15:00,False,False
,10061495,Missouri,187,St. Francois,,2057-05-21 16:25:00,CST,2057-05-21 16:25:00,49,0,8,0,25M,0,,F3,Unknown,5.4,400,,,,,37.87,-90.62,37.88,-90.52,,,MO,2057-05-21 16:25:00,2057-05-21 16:25:00,False,False
,10061497,Missouri,31,Cape Girardeau,,2057-05-21 17:00:00,CST,2057-05-21 17:00:00,0,0,0,0,25K,0,,F2,Unknown,5.1,500,,,,,37.38,-89.83,37.42,-89.75,,,MO,2057-05-21 17:00:00,2057-05-21 17:00:00,False,False
,10061498,Missouri,111,Lewis,,2057-05-21 17:30:00,CST,2057-05-21 17:30:00,0,0,0,0,250K,0,,F2,Unknown,3.8,400,,,,,40.08,-91.78,40.12,-91.72,,,MO,2057-05-21 17:30:00,2057-05-21 17:30:00,False,False
,10061499,Missouri,111,Lewis,,2057-05-21 17:36:00,CST,2057-05-21 17:36:00,2,0,0,0,250K,0,,F2,Unknown,3.6,400,,,,,40.12,-91.72,40.15,-91.65,,,MO,2057-05-21 17:36:00,2057-05-21 17:36:00,False,False
,10061501,Missouri,69,Dunklin,,2057-05-21 23:45:00,CST,2057-05-21 23:45:00,0,0,0,0,25K,0,,F1,Unknown,18.5,33,,,,,36.05,-90.27,36.17,-89.97,,,MO,2057-05-21 23:45:00,2057-05-21 23:45:00,False,False
,10061502,Missouri,69,Dunklin,,2057-05-21 23:45:00,CST,2057-05-21 23:45:00,0,0,0,0,2.5K,0,,F1,Unknown,0.1,10,,,,,36.23,-90.07,,,,,MO,2057-05-21 23:45:00,2057-05-21 23:45:00,False,False
,10061511,Missouri,221,Washington,,2057-05-22 14:30:00,CST,2057-05-22 14:30:00,0,0,0,0,25K,0,,F1,Unknown,8.0,100,,,,,37.75,-90.8,37.8,-90.67,,,MO,2057-05-22 14:30:00,2057-05-22 14:30:00,False,False
,10061513,Missouri,189,St. Louis,,2057-05-22 15:30:00,CST,2057-05-22 15:30:00,0,0,0,0,25K,0,,F1,Unknown,4.1,33,,,,,38.52,-90.4,38.55,-90.33,,,MO,2057-05-22 15:30:00,2057-05-22 15:30:00,False,False
,10061514,Missouri,133,Mississippi,,2057-05-22 23:55:00,CST,2057-05-22 23:55:00,0,0,0,0,25K,0,,F2,Unknown,0.4,33,,,,,36.65,-89.2,,,,,MO,2057-05-22 23:55:00,2057-05-22 23:55:00,False,False
,10070766,Nebraska,159,Seward,,2057-06-15 20:15:00,CST,2057-06-15 20:15:00,0,0,0,0,25K,0,,F2,Unknown,13.2,33,,,,,40.78,-97.23,40.93,-97.07,,,NE,2057-06-15 20:15:00,2057-06-15 20:15:00,False,False
,10048759,Mississippi,103,Noxubee,,2057-11-17 12:15:00,CST,2057-11-17 12:15:00,2,0,2,0,250K,0,,F2,Unknown,12.9,70,,,,,33.12,-88.65,33.28,-88.55,,,MS,2057-11-17 12:15:00,2057-11-17 12:15:00,False,False
,10048760,Mississippi,87,Lowndes,,2057-11-17 12:40:00,CST,2057-11-17 12:40:00,0,0,0,0,250K,0,,F2,Unknown,1.9,70,,,,,33.28,-88.55,33.3,-88.53,,,MS,2057-11-17 12:40:00,2057-11-17 12:40:00,False,False
,10078078,North Carolina,195,Wilson,,2057-11-08 17:30:00,CST,2057-11-08 17:30:00,1,0,0,0,250K,0,,F3,Unknown,5.1,150,,,,,35.7,-77.75,35.73,-77.67,,,NC,2057-11-08 17:30:00,2057-11-08 17:30:00,False,False
,10078080,North Carolina,15,Bertie,,2057-11-08 18:30:00,CST,2057-11-08 18:30:00,1,0,0,0,250K,0,,F3,Unknown,19.7,150,,,,,35.85,-77.3,36.0,-77.0,,,NC,2057-11-08 18:30:00,2057-11-08 18:30:00,False,False
,10069868,Nebraska,109,Lancaster,,2057-04-25 19:15:00,CST,2057-04-25 19:15:00,0,0,0,0,2.5M,0,,F4,Unknown,51.7,333,,,,,40.82,-96.9,41.18,-96.03,,,NE,2057-04-25 19:15:00,2057-04-25 19:15:00,False,False
,10069870,Nebraska,131,Otoe,,2057-05-09 15:40:00,CST,2057-05-09 15:40:00,0,0,0,0,25K,0,,F2,Unknown,9.9,120,,,,,40.53,-96.3,40.65,-96.18,,,NE,2057-05-09 15:40:00,2057-05-09 15:40:00,False,False
,10069871,Nebraska,145,Red Willow,,2057-05-13 13:45:00,CST,2057-05-13 13:45:00,0,0,0,0,.03K,0,,,Unknown,0.0,33,,,,,40.17,-100.28,,,,,NE,2057-05-13 13:45:00,2057-05-13 13:45:00,False,False
,10069872,Nebraska,153,Sarpy,,2057-05-13 18:45:00,CST,2057-05-13 18:45:00,0,0,0,0,2.5K,0,,F1,Unknown,2.0,33,,,,,41.13,-96.03,,,,,NE,2057-05-13 18:45:00,2057-05-13 18:45:00,False,False
,10069873,Nebraska,55,Douglas,,2057-05-13 19:00:00,CST,2057-05-13 19:00:00,0,0,0,0,.03K,0,,F1,Unknown,0.0,33,,,,,41.23,-96.02,,,,,NE,2057-05-13 19:00:00,2057-05-13 19:00:00,False,False
,10069874,Nebraska,153,Sarpy,,2057-05-16 12:00:00,CST,2057-05-16 12:00:00,0,0,0,0,2.5K,0,,F1,Unknown,0.2,33,,,,,41.13,-96.27,,,,,NE,2057-05-16 12:00:00,2057-05-16 12:00:00,False,False
,10069875,Nebraska,157,Scotts Bluff,,2057-05-19 19:30:00,CST,2057-05-19 19:30:00,0,0,0,0,.03K,0,,F1,Unknown,1.7,33,,,,,41.8,-103.37,,,,,NE,2057-05-19 19:30:00,2057-05-19 19:30:00,False,False
,10039238,Massachusetts,11,Franklin,,2057-05-10 15:35:00,CST,2057-05-10 15:35:00,0,0,0,0,.25K,0,,,Unknown,0.2,17,,,,,42.7,-72.6,,,,,MA,2057-05-10 15:35:00,2057-05-10 15:35:00,False,False
,10039239,Massachusetts,11,Franklin,,2057-05-10 15:35:00,CST,2057-05-10 15:35:00,0,0,0,0,.25K,0,,F1,Unknown,0.2,17,,,,,42.7,-72.6,,,,,MA,2057-05-10 15:35:00,2057-05-10 15:35:00,False,False
,10049851,Mississippi,97,Montgomery,,2057-02-01 07:00:00,CST,2057-02-01 07:00:00,0,0,0,0,2.5K,0,,F1,Unknown,0.0,30,,,,,33.43,-89.7,,,,,MS,2057-02-01 07:00:00,2057-02-01 07:00:00,False,False
,10049852,Mississippi,89,Madison,,2057-02-01 07:00:00,CST,2057-02-01 07:00:00,0,0,0,0,2.5K,0,,F2,Unknown,1.0,100,,,,,32.78,-89.83,,,,,MS,2057-02-01 07:00:00,2057-02-01 07:00:00,False,False
,10049854,Mississippi,151,Washington,,2057-04-03 19:15:00,CST,2057-04-03 19:15:00,4,0,0,0,250K,0,,F1,Unknown,11.9,33,,,,,33.03,-91.03,33.15,-90.88,,,MS,2057-04-03 19:15:00,2057-04-03 19:15:00,False,False
,10049855,Mississippi,159,Winston,,2057-04-04 00:15:00,CST,2057-04-04 00:15:00,4,0,0,0,25K,0,,F2,Unknown,40.7,200,,,,,33.0,-88.92,33.35,-88.35,,,MS,2057-04-04 00:15:00,2057-04-04 00:15:00,False,False
,10049856,Mississippi,127,Simpson,,2057-04-04 01:00:00,CST,2057-04-04 01:00:00,50,0,0,0,250K,0,,F3,Unknown,7.7,167,,,,,31.88,-89.77,31.93,-89.65,,,MS,2057-04-04 01:00:00,2057-04-04 01:00:00,False,False
,10060391,Missouri,69,Dunklin,,2057-01-22 11:40:00,CST,2057-01-22 11:40:00,1,0,0,0,25K,0,,F1,Unknown,1.0,100,,,,,36.23,-90.05,,,,,MO,2057-01-22 11:40:00,2057-01-22 11:40:00,False,False
,9984214,Arkansas,71,Johnson,,2057-01-22 06:45:00,CST,2057-01-22 06:45:00,0,0,0,0,0K,0,,F2,Unknown,7.4,33,,,,,35.55,-93.67,35.57,-93.53,,,AR,2057-01-22 06:45:00,2057-01-22 06:45:00,False,False
,9984215,Arkansas,59,Hot Spring,,2057-01-22 09:00:00,CST,2057-01-22 09:00:00,0,0,0,0,25K,0,,F2,Unknown,3.4,880,,,,,34.32,-93.17,34.37,-93.17,,,AR,2057-01-22 09:00:00,2057-01-22 09:00:00,False,False
,9984216,Arkansas,93,Mississippi,,2057-01-22 11:30:00,CST,2057-01-22 11:30:00,0,0,0,0,.25K,0,,F2,Unknown,0.0,33,,,,,35.8,-90.2,,,,,AR,2057-01-22 11:30:00,2057-01-22 11:30:00,False,False
,9984217,Arkansas,3,Ashley,,2057-01-22 13:15:00,CST,2057-01-22 13:15:00,0,0,0,0,25K,0,,F2,Unknown,3.8,33,,,,,33.13,-92.03,33.17,-91.98,,,AR,2057-01-22 13:15:00,2057-01-22 13:15:00,False,False
,9984224,Arkansas,55,Greene,,2057-04-03 12:05:00,CST,2057-04-03 12:05:00,0,0,0,0,.25K,0,,F2,Unknown,0.0,33,,,,,36.07,-90.42,,,,,AR,2057-04-03 12:05:00,2057-04-03 12:05:00,False,False
,9984226,Arkansas,93,Mississippi,,2057-04-03 12:30:00,CST,2057-04-03 12:30:00,0,0,0,0,.25K,0,,F1,Unknown,0.0,33,,,,,35.8,-90.17,,,,,AR,2057-04-03 12:30:00,2057-04-03 12:30:00,False,False
,9984228,Arkansas,85,Lonoke,,2057-04-04 17:30:00,CST,2057-04-04 17:30:00,0,0,0,0,2.5K,0,,F1,Unknown,0.3,20,,,,,34.7,-91.87,,,,,AR,2057-04-04 17:30:00,2057-04-04 17:30:00,False,False
,9984229,Arkansas,127,Scott,,2057-04-07 23:05:00,CST,2057-04-07 23:05:00,0,0,0,0,2.5K,0,,F2,Unknown,4.7,300,,,,,34.9,-94.1,34.95,-94.05,,,AR,2057-04-07 23:05:00,2057-04-07 23:05:00,False,False
,10061278,Missouri,223,Wayne,,2057-05-21 15:30:00,CST,2057-05-21 15:30:00,0,0,0,0,2.5K,0,,F1,Unknown,13.0,33,,,,,37.07,-90.72,37.17,-90.52,,,MO,2057-05-21 15:30:00,2057-05-21 15:30:00,False,False
,10061279,Missouri,179,Reynolds,,2057-05-21 15:45:00,CST,2057-05-21 15:45:00,0,0,0,0,.03K,0,,F1,Unknown,0.2,17,,,,,37.42,-90.97,,,,,MO,2057-05-21 15:45:00,2057-05-21 15:45:00,False,False
,10061280,Missouri,221,Washington,,2057-05-21 15:45:00,CST,2057-05-21 15:45:00,1,0,0,0,25M,0,,F3,Unknown,15.5,400,,,,,37.77,-90.92,37.85,-90.65,,,MO,2057-05-21 15:45:00,2057-05-21 15:45:00,False,False
,10079213,New Jersey,41,Warren,,2057-11-19 14:00:00,CST,2057-11-19 14:00:00,0,0,0,0,250K,0,,F1,Unknown,0.8,150,,,,,40.77,-74.97,,,,,NJ,2057-11-19 14:00:00,2057-11-19 14:00:00,False,False
,9982839,Arizona,1,Apache,,2057-04-29 15:15:00,CST,2057-04-29 15:15:00,0,0,0,0,0K,0,,,Unknown,2.5,120,,,,,36.85,-109.83,,,,,AZ,2057-04-29 15:15:00,2057-04-29 15:15:00,False,False
,9982844,Arizona,13,Maricopa,,2057-08-04 19:00:00,CST,2057-08-04 19:00:00,0,0,0,0,2.5K,0,,F3,Unknown,12.0,33,,,,,32.85,-113.2,,,,,AZ,2057-08-04 19:00:00,2057-08-04 19:00:00,False,False
,9982846,Arizona,5,Coconino,,2057-08-18 17:45:00,CST,2057-08-18 17:45:00,0,0,0,0,.03K,0,,,Unknown,0.0,33,,,,,35.1,-111.5,,,,,AZ,2057-08-18 17:45:00,2057-08-18 17:45:00,False,False
,9982847,Arizona,5,Coconino,,2057-08-20 16:14:00,CST,2057-08-20 16:14:00,0,0,0,0,.03K,0,,,Unknown,0.0,33,,,,,34.78,-112.82,,,,,AZ,2057-08-20 16:14:00,2057-08-20 16:14:00,False,False
,9982848,Arizona,13,Maricopa,,2057-08-29 15:30:00,CST,2057-08-29 15:30:00,0,0,0,0,25K,0,,F0,Unknown,0.1,880,,,,,32.87,-113.2,,,,,AZ,2057-08-29 15:30:00,2057-08-29 15:30:00,False,False
,10096529,Oklahoma,75,Kiowa,,2057-05-22 07:00:00,CST,2057-05-22 07:00:00,0,0,0,0,0K,0,,F1,Unknown,0.0,33,,,,,34.7,-99.07,,,,,OK,2057-05-22 07:00:00,2057-05-22 07:00:00,False,False
,10096530,Oklahoma,103,Noble,,2057-05-22 08:00:00,CST,2057-05-22 08:00:00,0,0,0,0,2.5K,0,,F1,Unknown,0.0,100,,,,,36.28,-97.3,,,,,OK,2057-05-22 08:00:00,2057-05-22 08:00:00,False,False
,10096531,Oklahoma,109,Oklahoma,,2057-05-22 08:00:00,CST,2057-05-22 08:00:00,0,0,0,0,25K,0,,F2,Unknown,2.0,50,,,,,35.65,-97.22,,,,,OK,2057-05-22 08:00:00,2057-05-22 08:00:00,False,False
,10096532,Oklahoma,117,Pawnee,,2057-05-22 08:58:00,CST,2057-05-22 08:58:00,0,0,0,0,0K,0,,F0,Unknown,0.0,33,,,,,36.2,-96.7,,,,,OK,2057-05-22 08:58:00,2057-05-22 08:58:00,False,False
,10096533,Oklahoma,17,Canadian,,2057-05-22 10:30:00,CST,2057-05-22 10:30:00,0,0,0,0,2.5K,0,,F0,Unknown,0.0,33,,,,,35.45,-97.7,,,,,OK,2057-05-22 10:30:00,2057-05-22 10:30:00,False,False
,10096535,Oklahoma,81,Lincoln,,2057-05-22 11:00:00,CST,2057-05-22 11:00:00,0,0,0,0,0K,0,,F1,Unknown,0.0,33,,,,,35.88,-97.0,,,,,OK,2057-05-22 11:00:00,2057-05-22 11:00:00,False,False
,10123828,Tennessee,45,Dyer,,2057-06-27 18:30:00,CST,2057-06-27 18:30:00,0,0,0,0,25K,0,,F1,Unknown,2.0,13,,,,,36.02,-89.52,,,,,TN,2057-06-27 18:30:00,2057-06-27 18:30:00,False,False
,10123833,Tennessee,183,Weakley,,2057-07-04 22:30:00,CST,2057-07-04 22:30:00,0,0,0,0,25K,0,,F2,Unknown,2.0,200,,,,,36.32,-88.85,,,,,TN,2057-07-04 22:30:00,2057-07-04 22:30:00,False,False
,10123834,Tennessee,183,Weakley,,2057-07-04 22:45:00,CST,2057-07-04 22:45:00,0,0,0,0,25K,0,,F2,Unknown,2.0,200,,,,,36.33,-88.85,,,,,TN,2057-07-04 22:45:00,2057-07-04 22:45:00,False,False
,10096543,Oklahoma,13,Bryan,,2057-05-24 10:40:00,CST,2057-05-24 10:40:00,0,0,0,0,25K,0,,F1,Unknown,0.0,33,,,,,34.07,-96.5,,,,,OK,2057-05-24 10:40:00,2057-05-24 10:40:00,False,False
,10096544,Oklahoma,141,Tillman,,2057-05-24 16:30:00,CST,2057-05-24 16:30:00,0,0,0,0,25K,0,,F1,Unknown,9.7,33,,,,,34.2,-99.07,34.33,-99.02,,,OK,2057-05-24 16:30:00,2057-05-24 16:30:00,False,False
,10096545,Oklahoma,33,Cotton,,2057-05-24 17:30:00,CST,2057-05-24 17:30:00,5,0,4,0,250K,0,,F4,Unknown,13.0,880,,,,,34.27,-98.5,34.45,-98.45,,,OK,2057-05-24 17:30:00,2057-05-24 17:30:00,False,False
,10096546,Oklahoma,31,Comanche,,2057-05-24 17:50:00,CST,2057-05-24 17:50:00,0,0,0,0,250K,0,,F4,Unknown,8.6,880,,,,,34.45,-98.45,34.57,-98.4,,,OK,2057-05-24 17:50:00,2057-05-24 17:50:00,False,False
,10096547,Oklahoma,49,Garvin,,2057-05-24 18:00:00,CST,2057-05-24 18:00:00,0,0,0,0,250K,0,,F2,Unknown,10.0,440,,,,,34.62,-97.18,34.75,-97.12,,,OK,2057-05-24 18:00:00,2057-05-24 18:00:00,False,False
,10096548,Oklahoma,125,Pottawatomie,,2057-05-24 18:30:00,CST,2057-05-24 18:30:00,0,0,0,0,250K,0,,F2,Unknown,20.8,440,,,,,34.93,-97.05,35.23,-97.08,,,OK,2057-05-24 18:30:00,2057-05-24 18:30:00,False,False
,10096550,Oklahoma,31,Comanche,,2057-05-24 20:00:00,CST,2057-05-24 20:00:00,0,0,0,0,.03K,0,,F0,Unknown,0.0,33,,,,,34.7,-98.7,,,,,OK,2057-05-24 20:00:00,2057-05-24 20:00:00,False,False
,10096551,Oklahoma,87,Mcclain,,2057-05-24 21:00:00,CST,2057-05-24 21:00:00,0,0,0,0,.03K,0,,F1,Unknown,0.0,33,,,,,35.0,-97.4,,,,,OK,2057-05-24 21:00:00,2057-05-24 21:00:00,False,False
,10096552,Oklahoma,137,Stephens,,2057-05-24 21:00:00,CST,2057-05-24 21:00:00,0,0,0,0,2.5K,0,,F2,Unknown,0.0,33,,,,,34.65,-98.0,,,,,OK,2057-05-24 21:00:00,2057-05-24 21:00:00,False,False
,10096553,Oklahoma,115,Ottawa,,2057-05-24 22:00:00,CST,2057-05-24 22:00:00,0,0,0,0,25K,0,,F1,Unknown,1.0,33,,,,,36.95,-94.8,,,,,OK,2057-05-24 22:00:00,2057-05-24 22:00:00,False,False
,10096554,Oklahoma,111,Okmulgee,,2057-05-24 22:25:00,CST,2057-05-24 22:25:00,0,0,0,0,.03K,0,,F0,Unknown,10.8,33,,,,,35.63,-95.83,35.68,-95.65,,,OK,2057-05-24 22:25:00,2057-05-24 22:25:00,False,False
,10095848,Oklahoma,27,Cleveland,,2057-09-14 17:30:00,CST,2057-09-14 17:30:00,0,0,0,0,250K,0,,F4,Unknown,5.9,440,,,,,34.95,-97.25,34.97,-97.15,,,OK,2057-09-14 17:30:00,2057-09-14 17:30:00,False,False
,10095849,Oklahoma,125,Pottawatomie,,2057-09-14 17:40:00,CST,2057-09-14 17:40:00,6,0,2,0,250K,0,,F4,Unknown,20.9,440,,,,,34.97,-97.15,35.0,-96.78,,,OK,2057-09-14 17:40:00,2057-09-14 17:40:00,False,False
,10095852,Oklahoma,125,Pottawatomie,,2057-09-14 17:56:00,CST,2057-09-14 17:56:00,3,0,0,0,250K,0,,F2,Unknown,0.5,43,,,,,35.33,-97.02,,,,,OK,2057-09-14 17:56:00,2057-09-14 17:56:00,False,False
,10095854,Oklahoma,133,Seminole,,2057-09-14 18:20:00,CST,2057-09-14 18:20:00,0,0,0,0,250K,0,,F4,Unknown,40.7,440,,,,,35.0,-96.78,35.28,-96.15,,,OK,2057-09-14 18:20:00,2057-09-14 18:20:00,False,False
,10095857,Oklahoma,63,Hughes,,2057-09-14 21:00:00,CST,2057-09-14 21:00:00,0,0,0,0,.03K,0,,F0,Unknown,0.0,33,,,,,35.15,-96.3,,,,,OK,2057-09-14 21:00:00,2057-09-14 21:00:00,False,False
,10095860,Oklahoma,39,Custer,,2057-09-20 17:30:00,CST,2057-09-20 17:30:00,0,0,0,0,.03K,0,,F0,Unknown,0.0,33,,,,,35.5,-99.0,,,,,OK,2057-09-20 17:30:00,2057-09-20 17:30:00,False,False
,10029375,Louisiana,15,Bossier,,2057-01-22 10:50:00,CST,2057-01-22 10:50:00,9,0,3,0,250K,0,,F3,Unknown,1.7,167,,,,,32.6,-93.5,,,,,LA,2057-01-22 10:50:00,2057-01-22 10:50:00,False,False
,10029377,Louisiana,109,Terrebonne,,2057-03-21 06:00:00,CST,2057-03-21 06:00:00,2,0,0,0,25K,0,,F3,Unknown,2.0,100,,,,,29.5,-90.6,,,,,LA,2057-03-21 06:00:00,2057-03-21 06:00:00,False,False
,10029379,Louisiana,53,Jefferson Davis,,2057-03-31 16:00:00,CST,2057-03-31 16:00:00,0,0,0,0,25K,0,,F2,Unknown,10.6,267,,,,,30.05,-92.8,30.15,-92.67,,,LA,2057-03-31 16:00:00,2057-03-31 16:00:00,False,False
,10029380,Louisiana,95,St. John The Baptist,,2057-03-31 18:00:00,CST,2057-03-31 18:00:00,0,0,0,0,2.5K,0,,F1,Unknown,2.0,1000,,,,,30.1,-90.45,,,,,LA,2057-03-31 18:00:00,2057-03-31 18:00:00,False,False
,10029381,Louisiana,75,Plaquemines,,2057-03-31 22:15:00,CST,2057-03-31 22:15:00,3,0,0,0,25K,0,,F1,Unknown,1.0,100,,,,,29.33,-89.4,,,,,LA,2057-03-31 22:15:00,2057-03-31 22:15:00,False,False
,10029383,Louisiana,49,Jackson,,2057-04-03 18:00:00,CST,2057-04-03 18:00:00,0,0,0,0,.25K,0,,F0,Unknown,0.5,33,,,,,32.25,-92.7,,,,,LA,2057-04-03 18:00:00,2057-04-03 18:00:00,False,False
,10027750,Kansas,111,Lyon,,2057-05-20 17:45:00,CST,2057-05-20 17:45:00,0,0,0,0,.25K,0,,,Unknown,0.5,100,,,,,38.23,-96.0,,,,,KS,2057-05-20 17:45:00,2057-05-20 17:45:00,False,False
,10027751,Kansas,73,Greenwood,,2057-05-20 18:15:00,CST,2057-05-20 18:15:00,0,0,0,0,0K,0,,,Unknown,1.0,100,,,,,38.17,-96.17,,,,,KS,2057-05-20 18:15:00,2057-05-20 18:15:00,False,False
,10027752,Kansas,59,Franklin,,2057-05-20 18:15:00,CST,2057-05-20 18:15:00,11,0,3,0,2.5M,0,,F5,Unknown,27.7,440,,,,,38.45,-95.5,38.67,-95.07,,,KS,2057-05-20 18:15:00,2057-05-20 18:15:00,False,False
,9988301,Florida,31,Duval,,2057-06-08 15:45:00,CST,2057-06-08 15:45:00,0,0,0,0,25K,0,,F2,Unknown,0.9,33,,,,,30.3,-81.73,,,,,FL,2057-06-08 15:45:00,2057-06-08 15:45:00,False,False
,9988302,Florida,31,Duval,,2057-06-08 16:15:00,CST,2057-06-08 16:15:00,0,0,0,0,25K,0,,F2,Unknown,0.0,23,,,,,30.23,-81.68,,,,,FL,2057-06-08 16:15:00,2057-06-08 16:15:00,False,False
,9988303,Florida,31,Duval,,2057-07-02 17:30:00,CST,2057-07-02 17:30:00,0,0,0,0,.03K,0,,,Unknown,0.0,33,,,,,30.33,-81.73,,,,,FL,2057-07-02 17:30:00,2057-07-02 17:30:00,False,False
,10118883,Texas,133,Eastland,,2057-04-26 14:10:00,CST,2057-04-26 14:10:00,0,0,0,0,.03K,0,,F0,Unknown,0.1,17,,,,,32.52,-98.67,,,,,TX,2057-04-26 14:10:00,2057-04-26 14:10:00,False,False
,10118890,Texas,489,Willacy,,2057-04-29 02:15:00,CST,2057-04-29 02:15:00,0,0,0,0,0K,0,,F1,Unknown,0.5,33,,,,,26.48,-97.8,,,,,TX,2057-04-29 02:15:00,2057-04-29 02:15:00,False,False
,10118891,Texas,361,Orange,,2057-04-30 14:25:00,CST,2057-04-30 14:25:00,0,0,0,0,2.5K,0,,F1,Unknown,2.5,100,,,,,30.1,-93.73,,,,,TX,2057-04-30 14:25:00,2057-04-30 14:25:00,False,False
,9988284,Florida,33,Escambia,,2057-02-25 06:00:00,CST,2057-02-25 06:00:00,1,0,0,0,2.5K,0,,F1,Unknown,0.0,33,,,,,30.45,-87.2,,,,,FL,2057-02-25 06:00:00,2057-02-25 06:00:00,False,False
,9988285,Florida,105,Polk,,2057-03-04 11:20:00,CST,2057-03-04 11:20:00,0,0,0,0,.03K,0,,F0,Unknown,0.5,20,,,,,28.07,-81.95,,,,,FL,2057-03-04 11:20:00,2057-03-04 11:20:00,False,False
,9988295,Florida,51,Hendry,,2057-05-13 12:15:00,CST,2057-05-13 12:15:00,0,0,0,0,.03K,0,,F1,Unknown,0.0,33,,,,,26.75,-80.93,,,,,FL,2057-05-13 12:15:00,2057-05-13 12:15:00,False,False
,9988296,Florida,105,Polk,,2057-05-16 15:45:00,CST,2057-05-16 15:45:00,0,0,0,0,2.5K,0,,F0,Unknown,0.0,150,,,,,28.07,-81.8,,,,,FL,2057-05-16 15:45:00,2057-05-16 15:45:00,False,False
,9988297,Florida,1,Alachua,,2057-06-08 13:58:00,CST,2057-06-08 13:58:00,0,0,0,0,2.5K,0,,F2,Unknown,0.0,33,,,,,29.63,-82.62,,,,,FL,2057-06-08 13:58:00,2057-06-08 13:58:00,False,False
,9988298,Florida,83,Marion,,2057-06-08 14:00:00,CST,2057-06-08 14:00:00,0,0,0,0,2.5K,0,,F1,Unknown,0.0,50,,,,,29.18,-81.77,,,,,FL,2057-06-08 14:00:00,2057-06-08 14:00:00,False,False
,9988299,Florida,19,Clay,,2057-06-08 14:10:00,CST,2057-06-08 14:10:00,0,0,0,0,25K,0,,F2,Unknown,6.4,27,,,,,30.1,-81.77,30.17,-81.7,,,FL,2057-06-08 14:10:00,2057-06-08 14:10:00,False,False
,9988300,Florida,107,Putnam,,2057-06-08 14:55:00,CST,2057-06-08 14:55:00,0,0,0,0,.03K,0,,,Unknown,0.0,33,,,,,29.38,-81.65,,,,,FL,2057-06-08 14:55:00,2057-06-08 14:55:00,False,False
,10096541,Oklahoma,135,Sequoyah,,2057-05-22 20:30:00,CST,2057-05-22 20:30:00,0,0,0,0,.03K,0,,F0,Unknown,0.0,33,,,,,35.38,-94.6,,,,,OK,2057-05-22 20:30:00,2057-05-22 20:30:00,False,False
,10096542,Oklahoma,135,Sequoyah,,2057-05-22 20:30:00,CST,2057-05-22 20:30:00,0,0,0,0,25K,0,,F0,Unknown,0.0,33,,,,,35.37,-94.6,,,,,OK,2057-05-22 20:30:00,2057-05-22 20:30:00,False,False
,10003821,Indiana,89,Lake,,2057-07-12 20:00:00,CST,2057-07-12 20:00:00,0,0,0,0,250K,0,,F2,Unknown,0.0,27,,,,,41.38,-87.45,,,,,IN,2057-07-12 20:00:00,2057-07-12 20:00:00,False,False
,10122213,Texas,287,Lee,,2057-03-20 18:45:00,CST,2057-03-20 18:45:00,2,0,0,0,25K,0,,F3,Unknown,7.2,33,,,,,30.27,-96.83,30.32,-96.73,,,TX,2057-03-20 18:45:00,2057-03-20 18:45:00,False,False
,10122214,Texas,287,Lee,,2057-03-20 19:10:00,CST,2057-03-20 19:10:00,2,0,0,0,25K,0,,F3,Unknown,9.3,1760,,,,,30.32,-96.92,30.38,-96.78,,,TX,2057-03-20 19:10:00,2057-03-20 19:10:00,False,False
,10122215,Texas,259,Kendall,,2057-03-20 19:15:00,CST,2057-03-20 19:15:00,0,0,0,0,2.5K,0,,F1,Unknown,1.0,50,,,,,29.97,-98.72,,,,,TX,2057-03-20 19:15:00,2057-03-20 19:15:00,False,False
,10122216,Texas,51,Burleson,,2057-03-20 19:15:00,CST,2057-03-20 19:15:00,0,0,0,0,25K,0,,F3,Unknown,7.6,880,,,,,30.38,-96.78,30.45,-96.68,,,TX,2057-03-20 19:15:00,2057-03-20 19:15:00,False,False
,10122217,Texas,139,Ellis,,2057-03-20 19:45:00,CST,2057-03-20 19:45:00,0,0,0,0,250K,0,,,Unknown,1.0,33,,,,,32.18,-96.93,,,,,TX,2057-03-20 19:45:00,2057-03-20 19:45:00,False,False
,10087391,North Dakota,89,Stark,,2057-04-22 18:20:00,CST,2057-04-22 18:20:00,0,0,0,0,2.5K,0,,F2,Unknown,0.5,800,,,,,46.73,-103.2,,,,,ND,2057-04-22 18:20:00,2057-04-22 18:20:00,False,False
,10087392,North Dakota,15,Burleigh,,2057-05-01 17:20:00,CST,2057-05-01 17:20:00,0,0,0,0,2.5K,0,,,Unknown,0.0,33,,,,,47.27,-100.3,,,,,ND,2057-05-01 17:20:00,2057-05-01 17:20:00,False,False
,10095834,Oklahoma,97,Mayes,,2057-08-14 17:30:00,CST,2057-08-14 17:30:00,0,0,0,0,0K,0,,F0,Unknown,0.0,33,,,,,36.25,-95.2,,,,,OK,2057-08-14 17:30:00,2057-08-14 17:30:00,False,False
,10095835,Oklahoma,41,Delaware,,2057-08-14 18:00:00,CST,2057-08-14 18:00:00,0,0,0,0,2.5K,0,,F1,Unknown,4.3,880,,,,,36.5,-94.97,36.53,-95.03,,,OK,2057-08-14 18:00:00,2057-08-14 18:00:00,False,False
,10118878,Texas,183,Gregg,,2057-04-26 09:30:00,CST,2057-04-26 09:30:00,0,0,0,0,0K,0,,F2,Unknown,0.2,50,,,,,32.45,-94.73,,,,,TX,2057-04-26 09:30:00,2057-04-26 09:30:00,False,False
,10118879,Texas,183,Gregg,,2057-04-26 09:30:00,CST,2057-04-26 09:30:00,0,0,0,0,25K,0,,F3,Unknown,14.2,50,,,,,32.48,-94.72,32.35,-94.9,,,TX,2057-04-26 09:30:00,2057-04-26 09:30:00,False,False
,10118880,Texas,459,Upshur,,2057-04-26 11:00:00,CST,2057-04-26 11:00:00,0,0,0,0,25K,0,,F2,Unknown,11.9,67,,,,,32.73,-94.95,32.7,-94.75,,,TX,2057-04-26 11:00:00,2057-04-26 11:00:00,False,False
,9988907,Colorado,11,Bent,,2057-06-11 15:00:00,CST,2057-06-11 15:00:00,0,0,0,0,.25K,0,,,Unknown,0.0,33,,,,,38.1,-103.13,,,,,CO,2057-06-11 15:00:00,2057-06-11 15:00:00,False,False
,9988909,Colorado,125,Yuma,,2057-06-21 02:15:00,CST,2057-06-21 02:15:00,0,0,0,0,2.5K,0,,,Unknown,0.0,33,,,,,40.4,-102.45,,,,,CO,2057-06-21 02:15:00,2057-06-21 02:15:00,False,False
,9988910,Colorado,9,Baca,,2057-06-22 21:00:00,CST,2057-06-22 21:00:00,0,0,0,0,.25K,0,,F1,Unknown,0.0,33,,,,,37.07,-102.67,,,,,CO,2057-06-22 21:00:00,2057-06-22 21:00:00,False,False
,9988912,Colorado,125,Yuma,,2057-06-30 14:00:00,CST,2057-06-30 14:00:00,0,0,0,0,.25K,0,,F1,Unknown,0.0,33,,,,,40.1,-102.6,,,,,CO,2057-06-30 14:00:00,2057-06-30 14:00:00,False,False
,9988913,Colorado,63,Kit Carson,,2057-06-30 16:00:00,CST,2057-06-30 16:00:00,0,0,0,0,.03K,0,,,Unknown,0.0,33,,,,,39.3,-102.6,,,,,CO,2057-06-30 16:00:00,2057-06-30 16:00:00,False,False
,9988914,Colorado,125,Yuma,,2057-06-30 16:00:00,CST,2057-06-30 16:00:00,0,0,0,0,.25K,0,,,Unknown,0.0,33,,,,,40.1,-102.6,,,,,CO,2057-06-30 16:00:00,2057-06-30 16:00:00,False,False
,9988915,Colorado,17,Cheyenne,,2057-06-30 16:00:00,CST,2057-06-30 16:00:00,0,0,0,0,.25K,0,,F1,Unknown,0.0,33,,,,,38.67,-102.12,,,,,CO,2057-06-30 16:00:00,2057-06-30 16:00:00,False,False
,9988916,Colorado,103,Rio Blanco,,2057-07-03 17:40:00,CST,2057-07-03 17:40:00,0,0,0,0,2.5K,0,,,Unknown,0.0,33,,,,,40.03,-107.92,,,,,CO,2057-07-03 17:40:00,2057-07-03 17:40:00,False,False
,10003796,Indiana,177,Wayne,,2057-06-13 09:00:00,CST,2057-06-13 09:00:00,0,0,0,0,25K,0,,F1,Unknown,0.1,10,,,,,39.9,-85.02,,,,,IN,2057-06-13 09:00:00,2057-06-13 09:00:00,False,False
,10003798,Indiana,169,Wabash,,2057-06-13 09:30:00,CST,2057-06-13 09:30:00,0,0,0,0,2.5K,0,,F1,Unknown,0.1,10,,,,,41.02,-85.68,,,,,IN,2057-06-13 09:30:00,2057-06-13 09:30:00,False,False
,10003800,Indiana,85,Kosciusko,,2057-06-14 19:15:00,CST,2057-06-14 19:15:00,0,0,0,0,25K,0,,F2,Unknown,0.0,33,,,,,41.22,-85.68,,,,,IN,2057-06-14 19:15:00,2057-06-14 19:15:00,False,False
,10003801,Indiana,49,Fulton,,2057-06-14 19:15:00,CST,2057-06-14 19:15:00,0,0,0,0,25K,0,,F3,Unknown,0.0,33,,,,,41.07,-86.3,,,,,IN,2057-06-14 19:15:00,2057-06-14 19:15:00,False,False
,10003805,Indiana,137,Ripley,,2057-06-28 21:00:00,CST,2057-06-28 21:00:00,0,0,0,0,25K,0,,F1,Unknown,0.0,33,,,,,38.93,-85.18,,,,,IN,2057-06-28 21:00:00,2057-06-28 21:00:00,False,False
,9988304,Florida,31,Duval,,2057-07-09 13:50:00,CST,2057-07-09 13:50:00,0,0,0,0,.03K,0,,,Unknown,0.0,20,,,,,30.33,-81.7,,,,,FL,2057-07-09 13:50:00,2057-07-09 13:50:00,False,False
,9988305,Florida,87,Monroe,,2057-07-17 04:50:00,CST,2057-07-17 04:50:00,0,0,0,0,.03K,0,,F1,Unknown,0.1,33,,,,,24.72,-81.75,,,,,FL,2057-07-17 04:50:00,2057-07-17 04:50:00,False,False
,9988311,Florida,123,Taylor,,2057-09-30 12:45:00,CST,2057-09-30 12:45:00,0,0,0,0,.25K,0,,F2,Unknown,0.0,33,,,,,29.83,-83.58,,,,,FL,2057-09-30 12:45:00,2057-09-30 12:45:00,False,False
,9988312,Florida,86,Miami-Dade,,2057-10-08 11:30:00,CST,2057-10-08 11:30:00,0,0,0,0,2.5K,0,,F0,Unknown,0.0,33,,,,,25.77,-80.37,,,,,FL,2057-10-08 11:30:00,2057-10-08 11:30:00,False,False
,9988314,Florida,39,Gadsden,,2057-11-14 07:30:00,CST,2057-11-14 07:30:00,0,0,0,0,2.5K,0,,F2,Unknown,0.7,33,,,,,30.6,-84.58,,,,,FL,2057-11-14 07:30:00,2057-11-14 07:30:00,False,False
,9988315,Florida,57,Hillsborough,,2057-12-11 10:00:00,CST,2057-12-11 10:00:00,0,0,0,0,.03K,0,,,Unknown,0.0,33,,,,,27.9,-82.3,,,,,FL,2057-12-11 10:00:00,2057-12-11 10:00:00,False,False
,10003820,Indiana,11,Boone,,2057-07-12 20:00:00,CST,2057-07-12 20:00:00,0,0,0,0,25K,0,,F2,Unknown,0.0,33,,,,,40.07,-86.63,,,,,IN,2057-07-12 20:00:00,2057-07-12 20:00:00,False,False
,10120019,Texas,449,Titus,,2057-05-23 15:30:00,CST,2057-05-23 15:30:00,0,0,0,0,2.5K,0,,F0,Unknown,0.0,50,,,,,33.17,-94.97,,,,,TX,2057-05-23 15:30:00,2057-05-23 15:30:00,False,False
,10120022,Texas,369,Parmer,,2057-05-24 10:45:00,CST,2057-05-24 10:45:00,0,0,0,0,2.5K,0,,F2,Unknown,70.1,33,,,,,34.43,-102.88,35.18,-102.05,,,TX,2057-05-24 10:45:00,2057-05-24 10:45:00,False,False
,10120023,Texas,17,Bailey,,2057-05-24 11:20:00,CST,2057-05-24 11:20:00,0,0,0,0,2.5K,0,,F0,Unknown,0.5,50,,,,,33.95,-102.77,,,,,TX,2057-05-24 11:20:00,2057-05-24 11:20:00,False,False
,10120024,Texas,117,Deaf Smith,,2057-05-24 11:30:00,CST,2057-05-24 11:30:00,0,0,0,0,.03K,0,,F0,Unknown,1.0,10,,,,,34.82,-102.4,,,,,TX,2057-05-24 11:30:00,2057-05-24 11:30:00,False,False
,10120026,Texas,279,Lamb,,2057-05-24 12:38:00,CST,2057-05-24 12:38:00,3,0,0,0,250K,0,,F3,Unknown,1.9,200,,,,,34.18,-102.85,,,,,TX,2057-05-24 12:38:00,2057-05-24 12:38:00,False,False
,10120027,Texas,305,Lynn,,2057-05-24 13:00:00,CST,2057-05-24 13:00:00,1,0,0,0,250K,0,,F3,Unknown,17.5,200,,,,,33.17,-101.78,33.4,-101.67,,,TX,2057-05-24 13:00:00,2057-05-24 13:00:00,False,False
,10120029,Texas,189,Hale,,2057-05-24 13:30:00,CST,2057-05-24 13:30:00,0,0,0,0,0K,0,,,Unknown,10.5,33,,,,,34.0,-102.0,34.07,-101.83,,,TX,2057-05-24 13:30:00,2057-05-24 13:30:00,False,False
,10120031,Texas,375,Potter,,2057-05-24 13:50:00,CST,2057-05-24 13:50:00,0,0,0,0,25K,0,,F0,Unknown,0.3,50,,,,,35.32,-101.83,,,,,TX,2057-05-24 13:50:00,2057-05-24 13:50:00,False,False
,10120032,Texas,189,Hale,,2057-05-24 14:00:00,CST,2057-05-24 14:00:00,0,0,0,0,25K,0,,F0,Unknown,0.5,33,,,,,34.28,-101.88,,,,,TX,2057-05-24 14:00:00,2057-05-24 14:00:00,False,False
,10120033,Texas,303,Lubbock,,2057-05-24 14:00:00,CST,2057-05-24 14:00:00,0,0,0,0,250K,0,,F3,Unknown,29.8,200,,,,,33.4,-101.67,33.72,-101.32,,,TX,2057-05-24 14:00:00,2057-05-24 14:00:00,False,False
,10120034,Texas,317,Martin,,2057-05-24 14:45:00,CST,2057-05-24 14:45:00,1,0,0,0,2.5K,0,,F3,Unknown,1.5,83,,,,,32.32,-101.87,,,,,TX,2057-05-24 14:45:00,2057-05-24 14:45:00,False,False
,10120036,Texas,317,Martin,,2057-05-24 18:28:00,CST,2057-05-24 18:28:00,0,0,0,0,.03K,0,,F2,Unknown,2.0,33,,,,,32.15,-102.13,,,,,TX,2057-05-24 18:28:00,2057-05-24 18:28:00,False,False
,10120038,Texas,23,Baylor,,2057-05-24 20:30:00,CST,2057-05-24 20:30:00,0,0,0,0,2.5K,0,,,Unknown,0.0,33,,,,,33.48,-99.4,,,,,TX,2057-05-24 20:30:00,2057-05-24 20:30:00,False,False
,10120039,Texas,221,Hood,,2057-05-25 14:00:00,CST,2057-05-25 14:00:00,0,0,0,0,.03K,0,,F0,Unknown,0.5,33,,,,,32.53,-97.9,,,,,TX,2057-05-25 14:00:00,2057-05-25 14:00:00,False,False
,10120040,Texas,281,Lampasas,,2057-05-25 18:15:00,CST,2057-05-25 18:15:00,0,0,0,0,.25K,0,,F1,Unknown,0.5,50,,,,,31.22,-98.38,,,,,TX,2057-05-25 18:15:00,2057-05-25 18:15:00,False,False
,10028908,Kansas,77,Harper,,2057-06-30 23:05:00,CST,2057-06-30 23:05:00,0,0,0,0,0K,0,,,Unknown,0.0,33,,,,,37.1,-98.12,,,,,KS,2057-06-30 23:05:00,2057-06-30 23:05:00,False,False
,10028912,Kansas,47,Edwards,,2057-07-21 18:50:00,CST,2057-07-21 18:50:00,0,0,0,0,0K,0,,F0,Unknown,0.0,33,,,,,38.05,-99.53,,,,,KS,2057-07-21 18:50:00,2057-07-21 18:50:00,False,False
,10113014,South Dakota,123,Tripp,,2057-06-30 17:00:00,CST,2057-06-30 17:00:00,0,0,0,0,25K,0,,F2,Unknown,0.0,33,,,,,43.37,-99.75,,,,,SD,2057-06-30 17:00:00,2057-06-30 17:00:00,False,False
,10149025,Wisconsin,123,Vernon,,2057-09-19 12:30:00,CST,2057-09-19 12:30:00,0,0,0,0,25K,0,,F1,Unknown,4.1,33,,,,,43.65,-90.52,43.68,-90.43,,,WI,2057-09-19 12:30:00,2057-09-19 12:30:00,False,False
,10084473,Ohio,91,Logan,,2057-06-11 14:20:00,CST,2057-06-11 14:20:00,0,0,0,0,0K,0,,F1,Unknown,0.0,33,,,,,40.25,-83.57,,,,,OH,2057-06-11 14:20:00,2057-06-11 14:20:00,False,False
,10084474,Ohio,83,Knox,,2057-06-11 15:20:00,CST,2057-06-11 15:20:00,0,0,0,0,25K,0,,F2,Unknown,0.5,100,,,,,40.3,-82.7,,,,,OH,2057-06-11 15:20:00,2057-06-11 15:20:00,False,False
,10122284,Texas,113,Dallas,,2057-04-20 00:20:00,CST,2057-04-20 00:20:00,0,0,0,0,.03K,0,,,Unknown,2.0,33,,,,,37.48,-96.97,,,,,TX,2057-04-20 00:20:00,2057-04-20 00:20:00,False,False
,10122286,Texas,445,Terry,,2057-04-20 10:30:00,CST,2057-04-20 10:30:00,0,0,0,0,2.5K,0,,F1,Unknown,1.3,100,,,,,33.15,-102.28,,,,,TX,2057-04-20 10:30:00,2057-04-20 10:30:00,False,False
,10122287,Texas,269,King,,2057-04-20 12:15:00,CST,2057-04-20 12:15:00,0,0,0,0,2.5K,0,,F2,Unknown,0.4,100,,,,,33.8,-100.42,,,,,TX,2057-04-20 12:15:00,2057-04-20 12:15:00,False,False
,10122298,Texas,219,Hockley,,2057-04-21 17:45:00,CST,2057-04-21 17:45:00,4,0,0,0,2.5M,0,,F4,Unknown,16.4,880,,,,,33.6,-102.3,33.83,-102.35,,,TX,2057-04-21 17:45:00,2057-04-21 17:45:00,False,False
,10122299,Texas,303,Lubbock,,2057-04-21 18:00:00,CST,2057-04-21 18:00:00,0,0,0,0,2.5M,0,,F2,Unknown,9.7,100,,,,,33.7,-102.0,33.83,-102.05,,,TX,2057-04-21 18:00:00,2057-04-21 18:00:00,False,False
,10122300,Texas,303,Lubbock,,2057-04-21 18:00:00,CST,2057-04-21 18:00:00,0,0,0,0,2.5M,0,,F2,Unknown,9.7,33,,,,,33.7,-102.0,33.83,-102.05,,,TX,2057-04-21 18:00:00,2057-04-21 18:00:00,False,False
,10122301,Texas,279,Lamb,,2057-04-21 18:00:00,CST,2057-04-21 18:00:00,3,0,0,0,2.5M,0,,F4,Unknown,12.8,880,,,,,33.83,-102.35,34.02,-102.38,,,TX,2057-04-21 18:00:00,2057-04-21 18:00:00,False,False
,10027771,Kansas,193,Thomas,,2057-05-30 15:35:00,CST,2057-05-30 15:35:00,0,0,0,0,0K,0,,,Unknown,0.0,33,,,,,39.47,-101.05,,,,,KS,2057-05-30 15:35:00,2057-05-30 15:35:00,False,False
,10027772,Kansas,7,Barber,,2057-05-31 11:55:00,CST,2057-05-31 11:55:00,0,0,0,0,0K,0,,,Unknown,3.6,150,,,,,37.02,-98.97,37.07,-98.93,,,KS,2057-05-31 11:55:00,2057-05-31 11:55:00,False,False
,10027773,Kansas,181,Sherman,,2057-05-31 14:35:00,CST,2057-05-31 14:35:00,0,0,0,0,0K,0,,,Unknown,0.0,33,,,,,39.35,-101.92,,,,,KS,2057-05-31 14:35:00,2057-05-31 14:35:00,False,False
,10027774,Kansas,181,Sherman,,2057-05-31 15:44:00,CST,2057-05-31 15:44:00,0,0,0,0,0K,0,,,Unknown,0.0,33,,,,,39.5,-101.87,,,,,KS,2057-05-31 15:44:00,2057-05-31 15:44:00,False,False
,10027766,Kansas,53,Ellsworth,,2057-05-29 18:00:00,CST,2057-05-29 18:00:00,0,0,0,0,0K,0,,F0,Unknown,0.0,33,,,,,38.85,-98.32,,,,,KS,2057-05-29 18:00:00,2057-05-29 18:00:00,False,False
,10027768,Kansas,169,Saline,,2057-05-29 19:00:00,CST,2057-05-29 19:00:00,0,0,0,0,0K,0,,F0,Unknown,0.0,33,,,,,38.93,-97.85,,,,,KS,2057-05-29 19:00:00,2057-05-29 19:00:00,False,False
,10027804,Kansas,61,Geary,,2057-06-14 01:05:00,CST,2057-06-14 01:05:00,0,0,0,0,0K,0,,F1,Unknown,0.0,33,,,,,38.98,-96.87,,,,,KS,2057-06-14 01:05:00,2057-06-14 01:05:00,False,False
,10084464,Ohio,169,Wayne,,2057-05-14 13:40:00,CST,2057-05-14 13:40:00,3,0,0,0,250K,0,,F2,Unknown,0.0,33,,,,,40.8,-81.9,,,,,OH,2057-05-14 13:40:00,2057-05-14 13:40:00,False,False
,10030466,Louisiana,55,Lafayette,,2057-11-07 23:30:00,CST,2057-11-07 23:30:00,13,0,2,0,250K,0,,F1,Unknown,2.0,50,,,,,30.33,-92.05,,,,,LA,2057-11-07 23:30:00,2057-11-07 23:30:00,False,False
,10030467,Louisiana,1,Acadia,,2057-11-07 23:30:00,CST,2057-11-07 23:30:00,5,0,2,0,250K,0,,F3,Unknown,2.3,200,,,,,30.35,-92.2,30.35,-92.17,,,LA,2057-11-07 23:30:00,2057-11-07 23:30:00,False,False
,10030468,Louisiana,97,St. Landry,,2057-11-07 23:35:00,CST,2057-11-07 23:35:00,5,0,2,0,250K,0,,F3,Unknown,3.3,200,,,,,30.35,-92.17,30.35,-92.12,,,LA,2057-11-07 23:35:00,2057-11-07 23:35:00,False,False
,10030471,Louisiana,79,Rapides,,2057-11-13 11:10:00,CST,2057-11-13 11:10:00,0,0,0,0,2.5K,0,,F2,Unknown,1.0,33,,,,,31.15,-92.25,,,,,LA,2057-11-13 11:10:00,2057-11-13 11:10:00,False,False
,10030474,Louisiana,103,St. Tammany,,2057-11-13 13:25:00,CST,2057-11-13 13:25:00,0,0,0,0,250K,0,,F1,Unknown,2.0,100,,,,,30.53,-90.1,,,,,LA,2057-11-13 13:25:00,2057-11-13 13:25:00,False,False
,10030475,Louisiana,75,Plaquemines,,2057-11-13 13:25:00,CST,2057-11-13 13:25:00,0,0,0,0,2.5K,0,,F2,Unknown,0.5,33,,,,,28.95,-92.5,,,,,LA,2057-11-13 13:25:00,2057-11-13 13:25:00,False,False
,10030478,Louisiana,75,Plaquemines,,2057-11-13 23:45:00,CST,2057-11-13 23:45:00,0,0,0,0,.25K,0,,F3,Unknown,3.6,200,,,,,30.35,-92.12,30.37,-92.07,,,LA,2057-11-13 23:45:00,2057-11-13 23:45:00,False,False
,10030479,Louisiana,85,Sabine,,2057-11-16 05:00:00,CST,2057-11-16 05:00:00,1,0,0,0,25K,0,,F3,Unknown,1.0,100,,,,,31.57,-93.4,,,,,LA,2057-11-16 05:00:00,2057-11-16 05:00:00,False,False
,10030480,Louisiana,63,Livingston,,2057-11-18 11:00:00,CST,2057-11-18 11:00:00,0,0,0,0,25K,0,,F1,Unknown,21.6,27,,,,,30.5,-90.7,30.8,-90.6,,,LA,2057-11-18 11:00:00,2057-11-18 11:00:00,False,False
,10019206,Iowa,31,Cedar,,2057-05-21 17:00:00,CST,2057-05-21 17:00:00,0,0,0,0,250K,0,,F2,Unknown,8.9,100,,,,,41.55,-91.0,41.6,-90.83,,,IA,2057-05-21 17:00:00,2057-05-21 17:00:00,False,False
,10019208,Iowa,37,Chickasaw,,2057-05-25 15:30:00,CST,2057-05-25 15:30:00,0,0,0,0,25K,0,,F0,Unknown,0.0,33,,,,,42.95,-92.2,,,,,IA,2057-05-25 15:30:00,2057-05-25 15:30:00,False,False
,10093281,Oklahoma,147,Washington,,2057-04-19 01:45:00,CST,2057-04-19 01:45:00,0,0,0,0,25K,0,,F1,Unknown,9.4,400,,,,,36.47,-95.92,36.57,-95.8,,,OK,2057-04-19 01:45:00,2057-04-19 01:45:00,False,False
,10093283,Oklahoma,135,Sequoyah,,2057-04-19 16:00:00,CST,2057-04-19 16:00:00,0,0,0,0,0K,0,,F1,Unknown,0.0,33,,,,,35.5,-94.8,,,,,OK,2057-04-19 16:00:00,2057-04-19 16:00:00,False,False
,10093284,Oklahoma,45,Ellis,,2057-04-20 01:40:00,CST,2057-04-20 01:40:00,0,0,0,0,.25K,0,,F0,Unknown,0.0,33,,,,,36.17,-99.8,,,,,OK,2057-04-20 01:40:00,2057-04-20 01:40:00,False,False
,10093286,Oklahoma,137,Stephens,,2057-04-20 18:30:00,CST,2057-04-20 18:30:00,1,0,0,0,2.5K,0,,F1,Unknown,0.0,33,,,,,34.5,-97.95,,,,,OK,2057-04-20 18:30:00,2057-04-20 18:30:00,False,False
,10019209,Iowa,137,Montgomery,,2057-05-25 23:15:00,CST,2057-05-25 23:15:00,0,0,0,0,25K,0,,F0,Unknown,4.1,1000,,,,,40.92,-95.12,40.97,-95.05,,,IA,2057-05-25 23:15:00,2057-05-25 23:15:00,False,False
,10019210,Iowa,41,Clay,,2057-05-29 11:50:00,CST,2057-05-29 11:50:00,0,0,0,0,2.5K,0,,,Unknown,0.0,33,,,,,43.1,-95.32,,,,,IA,2057-05-29 11:50:00,2057-05-29 11:50:00,False,False
,10122265,Texas,419,Shelby,,2057-04-03 13:30:00,CST,2057-04-03 13:30:00,0,0,0,0,2.5K,0,,F2,Unknown,2.0,33,,,,,31.62,-94.05,,,,,TX,2057-04-03 13:30:00,2057-04-03 13:30:00,False,False
,10027753,Kansas,121,Miami,,2057-05-20 19:00:00,CST,2057-05-20 19:00:00,20,0,4,0,2.5M,0,,F5,Unknown,29.1,440,,,,,38.67,-95.07,38.88,-94.6,,,KS,2057-05-20 19:00:00,2057-05-20 19:00:00,False,False
,10027754,Kansas,59,Franklin,,2057-05-20 19:37:00,CST,2057-05-20 19:37:00,0,0,0,0,0K,0,,F3,Unknown,5.6,33,,,,,38.5,-95.43,38.53,-95.33,,,KS,2057-05-20 19:37:00,2057-05-20 19:37:00,False,False
,10027756,Kansas,191,Sumner,,2057-05-24 17:05:00,CST,2057-05-24 17:05:00,0,0,0,0,0K,0,,F1,Unknown,0.0,33,,,,,37.4,-97.3,,,,,KS,2057-05-24 17:05:00,2057-05-24 17:05:00,False,False
,10027758,Kansas,21,Cherokee,,2057-05-24 22:00:00,CST,2057-05-24 22:00:00,0,0,0,0,0K,0,,,Unknown,0.0,33,,,,,37.02,-94.73,,,,,KS,2057-05-24 22:00:00,2057-05-24 22:00:00,False,False
,10027759,Kansas,191,Sumner,,2057-05-24 22:00:00,CST,2057-05-24 22:00:00,0,0,0,0,0K,0,,F0,Unknown,0.0,33,,,,,37.45,-97.22,,,,,KS,2057-05-24 22:00:00,2057-05-24 22:00:00,False,False
,10009739,Illinois,183,Vermilion,,2057-12-18 18:40:00,CST,2057-12-18 18:40:00,0,0,0,0,25K,0,,F1,Unknown,3.0,60,,,,,39.9,-87.8,39.93,-87.75,,,IL,2057-12-18 18:40:00,2057-12-18 18:40:00,False,False
,10009740,Illinois,81,Jefferson,,2057-12-19 17:50:00,CST,2057-12-19 17:50:00,0,0,0,0,25K,0,,F2,Unknown,1.0,67,,,,,38.2,-89.05,,,,,IL,2057-12-19 17:50:00,2057-12-19 17:50:00,False,False
,10009741,Illinois,165,Saline,,2057-12-19 21:00:00,CST,2057-12-19 21:00:00,0,0,0,0,25K,0,,F2,Unknown,0.5,100,,,,,37.7,-88.53,,,,,IL,2057-12-19 21:00:00,2057-12-19 21:00:00,False,False
,10019211,Iowa,81,Hancock,,2057-05-29 13:30:00,CST,2057-05-29 13:30:00,0,0,0,0,0K,0,,F1,Unknown,1.5,50,,,,,43.1,-93.62,,,,,IA,2057-05-29 13:30:00,2057-05-29 13:30:00,False,False
,10019212,Iowa,187,Webster,,2057-05-29 16:00:00,CST,2057-05-29 16:00:00,0,0,0,0,.03K,0,,,Unknown,0.0,33,,,,,42.5,-94.35,,,,,IA,2057-05-29 16:00:00,2057-05-29 16:00:00,False,False
,10019213,Iowa,165,Shelby,,2057-05-30 14:35:00,CST,2057-05-30 14:35:00,0,0,0,0,0K,0,,,Unknown,0.0,33,,,,,41.73,-95.47,,,,,IA,2057-05-30 14:35:00,2057-05-30 14:35:00,False,False
,10019214,Iowa,27,Carroll,,2057-05-30 16:50:00,CST,2057-05-30 16:50:00,0,0,0,0,0K,0,,,Unknown,0.0,33,,,,,42.18,-95.03,,,,,IA,2057-05-30 16:50:00,2057-05-30 16:50:00,False,False
,10019215,Iowa,169,Story,,2057-05-30 16:50:00,CST,2057-05-30 16:50:00,0,0,0,0,25K,0,,,Unknown,0.0,33,,,,,42.2,-93.45,,,,,IA,2057-05-30 16:50:00,2057-05-30 16:50:00,False,False
,10019218,Iowa,111,Lee,,2057-06-10 18:00:00,CST,2057-06-10 18:00:00,0,0,0,0,25K,0,,F0,Unknown,0.0,33,,,,,40.5,-91.5,,,,,IA,2057-06-10 18:00:00,2057-06-10 18:00:00,False,False
,10019220,Iowa,111,Lee,,2057-06-11 11:33:00,CST,2057-06-11 11:33:00,0,0,0,0,0K,0,,,Unknown,0.0,33,,,,,40.38,-91.47,,,,,IA,2057-06-11 11:33:00,2057-06-11 11:33:00,False,False
,10019223,Iowa,93,Ida,,2057-06-16 06:30:00,CST,2057-06-16 06:30:00,0,0,0,0,250K,0,,F2,Unknown,47.6,33,,,,,42.5,-95.4,43.0,-94.75,,,IA,2057-06-16 06:30:00,2057-06-16 06:30:00,False,False
,10019234,Iowa,53,Decatur,,2057-07-21 11:00:00,CST,2057-07-21 11:00:00,0,0,0,0,0K,0,,,Unknown,0.0,33,,,,,40.75,-93.8,,,,,IA,2057-07-21 11:00:00,2057-07-21 11:00:00,False,False
,9988920,Colorado,125,Yuma,,2057-07-30 16:00:00,CST,2057-07-30 16:00:00,0,0,0,0,2.5K,0,,F1,Unknown,0.0,33,,,,,40.08,-102.73,,,,,CO,2057-07-30 16:00:00,2057-07-30 16:00:00,False,False
,9988924,Colorado,41,El Paso,,2057-08-05 17:00:00,CST,2057-08-05 17:00:00,0,0,0,0,.25K,0,,,Unknown,0.0,33,,,,,39.12,-104.9,,,,,CO,2057-08-05 17:00:00,2057-08-05 17:00:00,False,False
,10002976,Indiana,89,Lake,,2057-03-14 18:30:00,CST,2057-03-14 18:30:00,0,0,0,0,25K,0,,F1,Unknown,9.8,30,,,,,41.5,-87.45,41.55,-87.27,,,IN,2057-03-14 18:30:00,2057-03-14 18:30:00,False,False
,10002977,Indiana,91,La Porte,,2057-03-14 19:10:00,CST,2057-03-14 19:10:00,0,0,0,0,2.5K,0,,F2,Unknown,0.0,33,,,,,41.65,-86.73,,,,,IN,2057-03-14 19:10:00,2057-03-14 19:10:00,False,False
,10002978,Indiana,119,Owen,,2057-03-14 19:30:00,CST,2057-03-14 19:30:00,0,0,0,0,.25K,0,,F0,Unknown,0.1,30,,,,,39.23,-86.77,,,,,IN,2057-03-14 19:30:00,2057-03-14 19:30:00,False,False
,10002981,Indiana,135,Randolph,,2057-04-05 12:00:00,CST,2057-04-05 12:00:00,0,0,0,0,2.5K,0,,F1,Unknown,0.0,33,,,,,40.17,-84.88,,,,,IN,2057-04-05 12:00:00,2057-04-05 12:00:00,False,False
,10002982,Indiana,35,Delaware,,2057-04-05 12:05:00,CST,2057-04-05 12:05:00,0,0,0,0,25K,0,,F2,Unknown,0.0,33,,,,,40.18,-85.38,,,,,IN,2057-04-05 12:05:00,2057-04-05 12:05:00,False,False
,10002983,Indiana,53,Grant,,2057-04-05 12:30:00,CST,2057-04-05 12:30:00,0,0,0,0,.25K,0,,F0,Unknown,0.0,33,,,,,40.42,-85.63,,,,,IN,2057-04-05 12:30:00,2057-04-05 12:30:00,False,False
,10117725,South Carolina,57,Lancaster,,2057-04-08 16:00:00,CST,2057-04-08 16:00:00,0,0,0,0,250K,0,,F4,Unknown,6.8,133,,,,,34.63,-80.58,34.65,-80.47,,,SC,2057-04-08 16:00:00,2057-04-08 16:00:00,False,False
,10117726,South Carolina,25,Chesterfield,,2057-04-08 16:20:00,CST,2057-04-08 16:20:00,16,0,0,0,250K,0,,F4,Unknown,34.5,133,,,,,34.65,-80.47,34.73,-79.87,,,SC,2057-04-08 16:20:00,2057-04-08 16:20:00,False,False
,10117727,South Carolina,69,Marlboro,,2057-04-08 17:00:00,CST,2057-04-08 17:00:00,0,0,0,0,250K,0,,F4,Unknown,14.2,133,,,,,34.73,-79.87,34.73,-79.62,,,SC,2057-04-08 17:00:00,2057-04-08 17:00:00,False,False
,10121990,Texas,245,Jefferson,,2057-03-17 17:50:00,CST,2057-03-17 17:50:00,0,0,0,0,2.5K,0,,F2,Unknown,0.9,100,,,,,29.95,-93.95,,,,,TX,2057-03-17 17:50:00,2057-03-17 17:50:00,False,False
,10019193,Iowa,191,Winneshiek,,2057-04-19 13:30:00,CST,2057-04-19 13:30:00,0,0,0,0,.25K,0,,F0,Unknown,1.0,300,,,,,42.65,-91.9,,,,,IA,2057-04-19 13:30:00,2057-04-19 13:30:00,False,False
,10019194,Iowa,137,Montgomery,,2057-04-25 11:30:00,CST,2057-04-25 11:30:00,0,0,0,0,25K,0,,F0,Unknown,0.0,100,,,,,41.1,-95.0,,,,,IA,2057-04-25 11:30:00,2057-04-25 11:30:00,False,False
,10019199,Iowa,87,Henry,,2057-05-13 11:00:00,CST,2057-05-13 11:00:00,0,0,0,0,2.5K,0,,F1,Unknown,6.8,33,,,,,41.0,-91.55,40.92,-91.63,,,IA,2057-05-13 11:00:00,2057-05-13 11:00:00,False,False
,10114212,Pennsylvania,129,Westmoreland,,2057-07-08 22:59:00,CST,2057-07-08 22:59:00,0,0,0,0,25K,0,,F1,Unknown,0.0,33,,,,,40.17,-79.87,,,,,PA,2057-07-08 22:59:00,2057-07-08 22:59:00,False,False
,10114213,Pennsylvania,77,Lehigh,,2057-08-07 13:15:00,CST,2057-08-07 13:15:00,0,0,0,0,.25K,0,,F0,Unknown,0.3,7,,,,,40.62,-75.48,,,,,PA,2057-08-07 13:15:00,2057-08-07 13:15:00,False,False
,10114214,Pennsylvania,109,Snyder,,2057-09-15 18:00:00,CST,2057-09-15 18:00:00,2,0,0,0,25K,0,,F0,Unknown,0.0,33,,,,,40.82,-76.87,,,,,PA,2057-09-15 18:00:00,2057-09-15 18:00:00,False,False
,10114215,Pennsylvania,105,Potter,,2057-09-15 18:30:00,CST,2057-09-15 18:30:00,0,0,0,0,25K,0,,F1,Unknown,2.0,30,,,,,41.65,-77.67,,,,,PA,2057-09-15 18:30:00,2057-09-15 18:30:00,False,False
,10114216,Pennsylvania,49,Erie,,2057-09-21 16:56:00,CST,2057-09-21 16:56:00,3,0,0,0,25K,0,,F1,Unknown,0.3,200,,,,,42.12,-80.08,,,,,PA,2057-09-21 16:56:00,2057-09-21 16:56:00,False,False
,10114217,Pennsylvania,75,Lebanon,,2057-11-19 11:00:00,CST,2057-11-19 11:00:00,0,0,0,0,25K,0,,F2,Unknown,2.0,13,,,,,40.3,-76.58,,,,,PA,2057-11-19 11:00:00,2057-11-19 11:00:00,False,False
,10114218,Pennsylvania,107,Schuylkill,,2057-11-19 12:00:00,CST,2057-11-19 12:00:00,0,0,0,0,250K,0,,F1,Unknown,4.3,33,,,,,40.67,-76.18,40.72,-76.12,,,PA,2057-11-19 12:00:00,2057-11-19 12:00:00,False,False
,10105009,Oregon,5,Clackamas,,2057-04-12 14:00:00,CST,2057-04-12 14:00:00,0,0,0,0,2.5K,0,,F1,Unknown,2.5,50,,,,,45.38,-122.27,,,,,OR,2057-04-12 14:00:00,2057-04-12 14:00:00,False,False
,10105010,Oregon,21,Gilliam,,2057-04-12 14:30:00,CST,2057-04-12 14:30:00,0,0,0,0,2.5K,0,,F0,Unknown,16.2,200,,,,,45.48,-120.08,45.43,-119.75,,,OR,2057-04-12 14:30:00,2057-04-12 14:30:00,False,False
,10121986,Texas,39,Brazoria,,2057-03-17 15:18:00,CST,2057-03-17 15:18:00,0,0,0,0,250K,0,,F1,Unknown,6.4,40,,,,,29.42,-95.27,29.43,-95.17,,,TX,2057-03-17 15:18:00,2057-03-17 15:18:00,False,False
,10121987,Texas,167,Galveston,,2057-03-17 16:30:00,CST,2057-03-17 16:30:00,4,0,0,0,0K,0,,F2,Unknown,7.1,67,,,,,29.42,-94.82,29.47,-94.72,,,TX,2057-03-17 16:30:00,2057-03-17 16:30:00,False,False
,10121988,Texas,167,Galveston,,2057-03-17 16:45:00,CST,2057-03-17 16:45:00,0,0,0,0,0K,0,,F0,Unknown,7.1,67,,,,,29.52,-94.48,29.57,-94.38,,,TX,2057-03-17 16:45:00,2057-03-17 16:45:00,False,False
,10121989,Texas,39,Brazoria,,2057-03-17 17:00:00,CST,2057-03-17 17:00:00,0,0,0,0,0K,0,,,Unknown,0.0,33,,,,,29.43,-95.27,,,,,TX,2057-03-17 17:00:00,2057-03-17 17:00:00,False,False
,10002984,Indiana,93,Lawrence,,2057-04-05 12:30:00,CST,2057-04-05 12:30:00,0,0,0,0,2.5K,0,,F2,Unknown,0.0,33,,,,,38.98,-86.43,,,,,IN,2057-04-05 12:30:00,2057-04-05 12:30:00,False,False
,10002986,Indiana,93,Lawrence,,2057-04-05 12:45:00,CST,2057-04-05 12:45:00,0,0,0,0,2.5K,0,,F1,Unknown,0.0,33,,,,,39.93,-86.53,,,,,IN,2057-04-05 12:45:00,2057-04-05 12:45:00,False,False
,10002987,Indiana,75,Jay,,2057-04-05 13:15:00,CST,2057-04-05 13:15:00,0,0,0,0,2.5K,0,,F2,Unknown,0.0,33,,,,,40.37,-85.13,,,,,IN,2057-04-05 13:15:00,2057-04-05 13:15:00,False,False
,10002988,Indiana,65,Henry,,2057-04-05 14:00:00,CST,2057-04-05 14:00:00,1,0,0,0,25K,0,,F2,Unknown,0.0,33,,,,,40.05,-85.52,,,,,IN,2057-04-05 14:00:00,2057-04-05 14:00:00,False,False
,10002989,Indiana,5,Bartholomew,,2057-04-24 12:00:00,CST,2057-04-24 12:00:00,0,0,0,0,2.5K,0,,F1,Unknown,0.0,33,,,,,39.25,-85.93,,,,,IN,2057-04-24 12:00:00,2057-04-24 12:00:00,False,False
,10002990,Indiana,73,Jasper,,2057-04-26 12:30:00,CST,2057-04-26 12:30:00,0,0,0,0,2.5K,0,,F1,Unknown,0.0,33,,,,,41.15,-87.12,,,,,IN,2057-04-26 12:30:00,2057-04-26 12:30:00,False,False
,10002991,Indiana,49,Fulton,,2057-04-26 14:30:00,CST,2057-04-26 14:30:00,0,0,0,0,.03K,0,,F0,Unknown,0.0,33,,,,,41.15,-86.33,,,,,IN,2057-04-26 14:30:00,2057-04-26 14:30:00,False,False
,10002993,Indiana,103,Miami,,2057-04-26 16:00:00,CST,2057-04-26 16:00:00,0,0,0,0,2.5K,0,,F1,Unknown,0.0,33,,,,,40.87,-86.08,,,,,IN,2057-04-26 16:00:00,2057-04-26 16:00:00,False,False
,10002994,Indiana,59,Hancock,,2057-04-26 19:00:00,CST,2057-04-26 19:00:00,0,0,0,0,2.5K,0,,F2,Unknown,0.0,33,,,,,39.78,-85.77,,,,,IN,2057-04-26 19:00:00,2057-04-26 19:00:00,False,False
,10093280,Oklahoma,143,Tulsa,,2057-04-19 01:40:00,CST,2057-04-19 01:40:00,0,0,0,0,2.5K,0,,F1,Unknown,0.0,33,,,,,36.22,-95.92,,,,,OK,2057-04-19 01:40:00,2057-04-19 01:40:00,False,False
,10030442,Louisiana,19,Calcasieu,,2057-04-27 17:40:00,CST,2057-04-27 17:40:00,0,0,0,0,25K,0,,F2,Unknown,1.0,200,,,,,30.17,-93.37,,,,,LA,2057-04-27 17:40:00,2057-04-27 17:40:00,False,False
,10030443,Louisiana,15,Bossier,,2057-05-23 17:00:00,CST,2057-05-23 17:00:00,1,0,0,0,25K,0,,F1,Unknown,0.5,150,,,,,32.87,-93.77,,,,,LA,2057-05-23 17:00:00,2057-05-23 17:00:00,False,False
,10030446,Louisiana,71,Orleans,,2057-06-27 06:00:00,CST,2057-06-27 06:00:00,0,0,0,0,25K,0,,F0,Unknown,0.5,27,,,,,30.05,-89.9,,,,,LA,2057-06-27 06:00:00,2057-06-27 06:00:00,False,False
,10030447,Louisiana,97,St. Landry,,2057-06-27 22:30:00,CST,2057-06-27 22:30:00,0,0,0,0,25K,0,,F1,Unknown,0.5,33,,,,,30.4,-91.97,,,,,LA,2057-06-27 22:30:00,2057-06-27 22:30:00,False,False
,10030448,Louisiana,71,Orleans,,2057-07-13 12:50:00,CST,2057-07-13 12:50:00,0,0,0,0,2.5K,0,,F0,Unknown,0.5,33,,,,,30.0,-90.1,,,,,LA,2057-07-13 12:50:00,2057-07-13 12:50:00,False,False
,10030452,Louisiana,77,Pointe Coupee,,2057-10-15 22:00:00,CST,2057-10-15 22:00:00,19,0,1,0,250K,0,,F3,Unknown,15.9,100,,,,,30.57,-91.73,30.65,-91.48,,,LA,2057-10-15 22:00:00,2057-10-15 22:00:00,False,False
,10030453,Louisiana,97,St. Landry,,2057-10-15 22:30:00,CST,2057-10-15 22:30:00,10,0,0,0,250K,0,,F3,Unknown,22.0,100,,,,,30.47,-92.08,30.57,-91.73,,,LA,2057-10-15 22:30:00,2057-10-15 22:30:00,False,False
,10030454,Louisiana,121,West Baton Rouge,,2057-10-16 00:45:00,CST,2057-10-16 00:45:00,0,0,0,0,25K,0,,F1,Unknown,1.0,33,,,,,30.5,-91.3,,,,,LA,2057-10-16 00:45:00,2057-10-16 00:45:00,False,False
,10030455,Louisiana,105,Tangipahoa,,2057-10-16 01:00:00,CST,2057-10-16 01:00:00,0,0,0,0,2.5K,0,,F1,Unknown,0.5,50,,,,,30.93,-90.5,,,,,LA,2057-10-16 01:00:00,2057-10-16 01:00:00,False,False
,10030456,Louisiana,63,Livingston,,2057-10-16 01:30:00,CST,2057-10-16 01:30:00,0,0,0,0,2.5K,0,,F1,Unknown,1.0,33,,,,,30.5,-90.83,,,,,LA,2057-10-16 01:30:00,2057-10-16 01:30:00,False,False
,10030457,Louisiana,79,Rapides,,2057-10-23 08:15:00,CST,2057-10-23 08:15:00,1,0,1,0,25K,0,,F2,Unknown,18.3,100,,,,,31.1,-92.3,31.33,-92.15,,,LA,2057-10-23 08:15:00,2057-10-23 08:15:00,False,False
,10030458,Louisiana,7,Assumption,,2057-10-23 14:15:00,CST,2057-10-23 14:15:00,0,0,0,0,25K,0,,F2,Unknown,11.0,100,,,,,29.93,-91.1,29.93,-90.92,,,LA,2057-10-23 14:15:00,2057-10-23 14:15:00,False,False
,10030459,Louisiana,23,Cameron,,2057-11-07 14:30:00,CST,2057-11-07 14:30:00,0,0,0,0,25K,0,,F1,Unknown,22.8,50,,,,,30.05,-92.75,30.3,-92.5,,,LA,2057-11-07 14:30:00,2057-11-07 14:30:00,False,False
,10030460,Louisiana,17,Caddo,,2057-11-07 14:30:00,CST,2057-11-07 14:30:00,0,0,0,0,25K,0,,F2,Unknown,13.4,100,,,,,32.4,-93.7,32.53,-93.53,,,LA,2057-11-07 14:30:00,2057-11-07 14:30:00,False,False
,10030461,Louisiana,77,Pointe Coupee,,2057-11-07 16:50:00,CST,2057-11-07 16:50:00,5,0,0,0,250K,0,,F3,Unknown,3.6,50,,,,,30.97,-91.7,31.0,-91.67,,,LA,2057-11-07 16:50:00,2057-11-07 16:50:00,False,False
,10030463,Louisiana,115,Vernon,,2057-11-07 20:35:00,CST,2057-11-07 20:35:00,0,0,0,0,25K,0,,F1,Unknown,1.0,50,,,,,31.17,-93.3,,,,,LA,2057-11-07 20:35:00,2057-11-07 20:35:00,False,False
,10030464,Louisiana,79,Rapides,,2057-11-07 21:00:00,CST,2057-11-07 21:00:00,16,0,3,0,2.5M,0,,F3,Unknown,13.3,67,,,,,31.38,-92.67,31.3,-92.47,,,LA,2057-11-07 21:00:00,2057-11-07 21:00:00,False,False
,10117720,South Carolina,63,Lexington,,2057-04-05 06:45:00,CST,2057-04-05 06:45:00,1,0,0,0,25K,0,,F2,Unknown,21.3,40,,,,,33.83,-81.53,34.03,-81.25,,,SC,2057-04-05 06:45:00,2057-04-05 06:45:00,False,False
,10122230,Texas,259,Kendall,,2057-03-31 07:55:00,CST,2057-03-31 07:55:00,0,0,0,0,2.5K,0,,F2,Unknown,1.5,880,,,,,29.82,-98.75,,,,,TX,2057-03-31 07:55:00,2057-03-31 07:55:00,False,False
,10122231,Texas,453,Travis,,2057-03-31 09:05:00,CST,2057-03-31 09:05:00,0,0,0,0,250K,0,,F2,Unknown,0.5,100,,,,,30.38,-97.72,,,,,TX,2057-03-31 09:05:00,2057-03-31 09:05:00,False,False
,10122232,Texas,453,Travis,,2057-03-31 10:50:00,CST,2057-03-31 10:50:00,0,0,0,0,25K,0,,F2,Unknown,0.1,10,,,,,30.5,-97.63,,,,,TX,2057-03-31 10:50:00,2057-03-31 10:50:00,False,False
,10122233,Texas,471,Walker,,2057-03-31 12:30:00,CST,2057-03-31 12:30:00,2,0,0,0,25K,0,,F2,Unknown,2.0,100,,,,,30.72,-95.55,,,,,TX,2057-03-31 12:30:00,2057-03-31 12:30:00,False,False
,10122234,Texas,321,Matagorda,,2057-03-31 13:30:00,CST,2057-03-31 13:30:00,0,0,0,0,2.5K,0,,F1,Unknown,1.5,33,,,,,28.87,-96.22,,,,,TX,2057-03-31 13:30:00,2057-03-31 13:30:00,False,False
,10122236,Texas,41,Brazos,,2057-03-31 16:10:00,CST,2057-03-31 16:10:00,0,0,0,0,2.5K,0,,F0,Unknown,1.0,200,,,,,30.67,-96.38,,,,,TX,2057-03-31 16:10:00,2057-03-31 16:10:00,False,False
,10122237,Texas,277,Lamar,,2057-03-31 20:00:00,CST,2057-03-31 20:00:00,0,0,0,0,25K,0,,,Unknown,0.0,33,,,,,29.73,-94.97,,,,,TX,2057-03-31 20:00:00,2057-03-31 20:00:00,False,False
,10122238,Texas,453,Travis,,2057-03-31 21:15:00,CST,2057-03-31 21:15:00,0,0,0,0,.25K,0,,F1,Unknown,0.0,33,,,,,30.45,-97.72,,,,,TX,2057-03-31 21:15:00,2057-03-31 21:15:00,False,False
,10122239,Texas,97,Cooke,,2057-04-02 03:00:00,CST,2057-04-02 03:00:00,0,0,0,0,0K,0,,,Unknown,0.0,33,,,,,33.25,-97.38,,,,,TX,2057-04-02 03:00:00,2057-04-02 03:00:00,False,False
,10122240,Texas,181,Grayson,,2057-04-02 15:00:00,CST,2057-04-02 15:00:00,2,0,0,0,25K,0,,F2,Unknown,0.0,33,,,,,33.47,-96.58,,,,,TX,2057-04-02 15:00:00,2057-04-02 15:00:00,False,False
,10122241,Texas,337,Montague,,2057-04-02 15:25:00,CST,2057-04-02 15:25:00,1,0,0,0,25K,0,,F2,Unknown,2.0,33,,,,,33.93,-97.72,,,,,TX,2057-04-02 15:25:00,2057-04-02 15:25:00,False,False
,10122242,Texas,439,Tarrant,,2057-04-02 15:50:00,CST,2057-04-02 15:50:00,0,0,0,0,2.5K,0,,F0,Unknown,0.3,67,,,,,32.97,-97.05,,,,,TX,2057-04-02 15:50:00,2057-04-02 15:50:00,False,False
,10122243,Texas,181,Grayson,,2057-04-02 16:00:00,CST,2057-04-02 16:00:00,0,0,0,0,25K,0,,F0,Unknown,0.0,33,,,,,33.72,-96.7,,,,,TX,2057-04-02 16:00:00,2057-04-02 16:00:00,False,False
,10122244,Texas,85,Collin,,2057-04-02 16:20:00,CST,2057-04-02 16:20:00,2,0,0,0,250K,0,,F3,Unknown,8.0,33,,,,,33.28,-96.62,33.4,-96.62,,,TX,2057-04-02 16:20:00,2057-04-02 16:20:00,False,False
,10122245,Texas,113,Dallas,,2057-04-02 16:30:00,CST,2057-04-02 16:30:00,200,0,10,0,2.5M,0,,F3,Unknown,17.2,100,,,,,32.85,-96.83,33.1,-96.83,,,TX,2057-04-02 16:30:00,2057-04-02 16:30:00,False,False
,10122246,Texas,181,Grayson,,2057-04-02 16:45:00,CST,2057-04-02 16:45:00,2,0,0,0,250K,0,,F3,Unknown,2.7,33,,,,,33.4,-96.62,33.42,-96.58,,,TX,2057-04-02 16:45:00,2057-04-02 16:45:00,False,False
,10122247,Texas,277,Lamar,,2057-04-02 18:00:00,CST,2057-04-02 18:00:00,2,0,1,0,25K,0,,F2,Unknown,6.5,100,,,,,33.48,-95.77,33.57,-95.72,,,TX,2057-04-02 18:00:00,2057-04-02 18:00:00,False,False
,10122248,Texas,483,Wheeler,,2057-04-02 18:05:00,CST,2057-04-02 18:05:00,0,0,0,0,25K,0,,F2,Unknown,0.3,33,,,,,35.45,-100.27,,,,,TX,2057-04-02 18:05:00,2057-04-02 18:05:00,False,False
,10122249,Texas,497,Wise,,2057-04-02 18:15:00,CST,2057-04-02 18:15:00,1,0,0,0,250K,0,,F3,Unknown,0.0,33,,,,,33.03,-97.55,,,,,TX,2057-04-02 18:15:00,2057-04-02 18:15:00,False,False
,10122251,Texas,277,Lamar,,2057-04-02 18:30:00,CST,2057-04-02 18:30:00,0,0,0,0,25K,0,,F2,Unknown,0.0,33,,,,,33.5,-95.8,,,,,TX,2057-04-02 18:30:00,2057-04-02 18:30:00,False,False
,10122252,Texas,119,Delta,,2057-04-02 19:51:00,CST,2057-04-02 19:51:00,2,0,1,0,25K,0,,F2,Unknown,0.0,33,,,,,33.55,-95.77,,,,,TX,2057-04-02 19:51:00,2057-04-02 19:51:00,False,False
,10122254,Texas,257,Kaufman,,2057-04-03 01:15:00,CST,2057-04-03 01:15:00,0,0,0,0,0K,0,,,Unknown,0.0,33,,,,,32.75,-96.28,,,,,TX,2057-04-03 01:15:00,2057-04-03 01:15:00,False,False
,10117721,South Carolina,71,Newberry,,2057-04-05 07:14:00,CST,2057-04-05 07:14:00,0,0,0,0,2.5K,0,,F1,Unknown,3.3,100,,,,,34.2,-81.53,34.22,-81.48,,,SC,2057-04-05 07:14:00,2057-04-05 07:14:00,False,False
,10117723,South Carolina,57,Lancaster,,2057-04-05 19:30:00,CST,2057-04-05 19:30:00,0,0,0,0,250K,0,,F1,Unknown,1.0,33,,,,,34.7,-80.78,,,,,SC,2057-04-05 19:30:00,2057-04-05 19:30:00,False,False
,10117724,South Carolina,87,Union,,2057-04-08 15:00:00,CST,2057-04-08 15:00:00,2,0,0,0,25K,0,,F2,Unknown,15.2,100,,,,,34.63,-81.78,34.63,-81.52,,,SC,2057-04-08 15:00:00,2057-04-08 15:00:00,False,False
,10008673,Illinois,87,Johnson,,2057-12-18 18:00:00,CST,2057-12-18 18:00:00,0,0,0,0,25K,0,,F2,Unknown,0.1,33,,,,,37.3,-88.92,,,,,IL,2057-12-18 18:00:00,2057-12-18 18:00:00,False,False
,10008674,Illinois,65,Hamilton,,2057-12-18 18:00:00,CST,2057-12-18 18:00:00,4,0,0,0,250K,0,,F3,Unknown,19.8,33,,,,,38.17,-88.42,38.28,-88.08,,,IL,2057-12-18 18:00:00,2057-12-18 18:00:00,False,False
,10007534,Illinois,107,Logan,,2057-03-14 15:10:00,CST,2057-03-14 15:10:00,0,0,0,0,25K,0,,F2,Unknown,0.0,33,,,,,39.97,-89.17,,,,,IL,2057-03-14 15:10:00,2057-03-14 15:10:00,False,False
,10007535,Illinois,105,Livingston,,2057-03-14 16:20:00,CST,2057-03-14 16:20:00,0,0,0,0,25K,0,,F1,Unknown,6.8,30,,,,,40.82,-88.45,40.9,-88.37,,,IL,2057-03-14 16:20:00,2057-03-14 16:20:00,False,False
,10007536,Illinois,97,Lake,,2057-03-14 18:10:00,CST,2057-03-14 18:10:00,0,0,0,0,2.5K,0,,F1,Unknown,2.0,33,,,,,42.35,-88.0,,,,,IL,2057-03-14 18:10:00,2057-03-14 18:10:00,False,False
,9990303,Colorado,121,Washington,,2057-04-21 20:00:00,CST,2057-04-21 20:00:00,0,0,0,0,.25K,0,,F0,Unknown,0.1,33,,,,,39.27,-103.7,,,,,CO,2057-04-21 20:00:00,2057-04-21 20:00:00,False,False
,9990304,Colorado,63,Kit Carson,,2057-04-22 12:00:00,CST,2057-04-22 12:00:00,0,0,0,0,.25K,0,,F2,Unknown,0.3,33,,,,,39.3,-102.3,,,,,CO,2057-04-22 12:00:00,2057-04-22 12:00:00,False,False
,9990306,Colorado,63,Kit Carson,,2057-05-20 11:00:00,CST,2057-05-20 11:00:00,0,0,0,0,.25K,0,,F0,Unknown,22.5,33,,,,,39.25,-102.4,39.43,-102.05,,,CO,2057-05-20 11:00:00,2057-05-20 11:00:00,False,False
,9990307,Colorado,89,Otero,,2057-05-24 15:30:00,CST,2057-05-24 15:30:00,0,0,0,0,.25K,0,,,Unknown,0.0,33,,,,,38.05,-103.58,,,,,CO,2057-05-24 15:30:00,2057-05-24 15:30:00,False,False
,9990308,Colorado,123,Weld,,2057-05-24 16:00:00,CST,2057-05-24 16:00:00,0,0,0,0,.25K,0,,F1,Unknown,4.0,33,,,,,40.63,-104.67,,,,,CO,2057-05-24 16:00:00,2057-05-24 16:00:00,False,False
,9990309,Colorado,123,Weld,,2057-05-24 16:00:00,CST,2057-05-24 16:00:00,0,0,0,0,.25K,0,,F1,Unknown,0.0,33,,,,,40.63,-104.77,,,,,CO,2057-05-24 16:00:00,2057-05-24 16:00:00,False,False
,9990310,Colorado,63,Kit Carson,,2057-05-24 16:00:00,CST,2057-05-24 16:00:00,0,0,0,0,.03K,0,,F1,Unknown,0.4,33,,,,,39.43,-102.27,,,,,CO,2057-05-24 16:00:00,2057-05-24 16:00:00,False,False
,9990311,Colorado,69,Larimer,,2057-05-29 14:00:00,CST,2057-05-29 14:00:00,0,0,0,0,.25K,0,,F1,Unknown,6.1,33,,,,,40.77,-105.18,40.73,-105.07,,,CO,2057-05-29 14:00:00,2057-05-29 14:00:00,False,False
,9990312,Colorado,123,Weld,,2057-05-29 15:30:00,CST,2057-05-29 15:30:00,0,0,0,0,.03K,0,,,Unknown,0.0,33,,,,,40.37,-104.62,,,,,CO,2057-05-29 15:30:00,2057-05-29 15:30:00,False,False
,9990313,Colorado,123,Weld,,2057-05-29 16:00:00,CST,2057-05-29 16:00:00,0,0,0,0,.03K,0,,F0,Unknown,5.0,33,,,,,40.7,-104.82,,,,,CO,2057-05-29 16:00:00,2057-05-29 16:00:00,False,False
,9990314,Colorado,121,Washington,,2057-05-30 16:00:00,CST,2057-05-30 16:00:00,0,0,0,0,0K,0,,,Unknown,0.0,33,,,,,40.17,-103.2,,,,,CO,2057-05-30 16:00:00,2057-05-30 16:00:00,False,False
,9990315,Colorado,121,Washington,,2057-05-30 16:00:00,CST,2057-05-30 16:00:00,0,0,0,0,0K,0,,,Unknown,0.0,33,,,,,40.13,-102.97,,,,,CO,2057-05-30 16:00:00,2057-05-30 16:00:00,False,False
,9990317,Colorado,123,Weld,,2057-05-30 16:40:00,CST,2057-05-30 16:40:00,0,0,0,0,2.5K,0,,F2,Unknown,0.0,33,,,,,40.47,-104.88,40.45,-104.87,,,CO,2057-05-30 16:40:00,2057-05-30 16:40:00,False,False
,9990318,Colorado,123,Weld,,2057-05-30 16:40:00,CST,2057-05-30 16:40:00,0,0,0,0,2.5K,0,,F2,Unknown,7.2,33,,,,,40.45,-104.87,40.55,-104.82,,,CO,2057-05-30 16:40:00,2057-05-30 16:40:00,False,False
,9990319,Colorado,123,Weld,,2057-05-30 17:00:00,CST,2057-05-30 17:00:00,1,0,0,0,2.5K,0,,F2,Unknown,1.3,33,,,,,40.5,-104.93,40.47,-104.9,,,CO,2057-05-30 17:00:00,2057-05-30 17:00:00,False,False
,10118905,Texas,309,Mclennan,,2057-05-12 16:43:00,CST,2057-05-12 16:43:00,0,0,0,0,2.5K,0,,F2,Unknown,1.0,30,,,,,31.6,-97.47,,,,,TX,2057-05-12 16:43:00,2057-05-12 16:43:00,False,False
,10008392,Illinois,3,Alexander,,2057-04-03 14:00:00,CST,2057-04-03 14:00:00,5,0,0,0,250K,0,,F2,Unknown,4.5,33,,,,,37.0,-89.2,37.07,-89.18,,,IL,2057-04-03 14:00:00,2057-04-03 14:00:00,False,False
,10095817,Oklahoma,143,Tulsa,,2057-07-01 02:20:00,CST,2057-07-01 02:20:00,0,0,0,0,25K,0,,F2,Unknown,0.0,33,,,,,36.08,-95.95,,,,,OK,2057-07-01 02:20:00,2057-07-01 02:20:00,False,False
,10095818,Oklahoma,37,Creek,,2057-07-01 03:00:00,CST,2057-07-01 03:00:00,0,0,0,0,.03K,0,,F2,Unknown,0.0,33,,,,,36.02,-96.45,,,,,OK,2057-07-01 03:00:00,2057-07-01 03:00:00,False,False
,10095823,Oklahoma,19,Carter,,2057-07-20 21:00:00,CST,2057-07-20 21:00:00,0,0,0,0,.03K,0,,F2,Unknown,0.0,33,,,,,34.23,-97.48,,,,,OK,2057-07-20 21:00:00,2057-07-20 21:00:00,False,False
,10095830,Oklahoma,135,Sequoyah,,2057-08-14 16:00:00,CST,2057-08-14 16:00:00,0,0,0,0,0K,0,,F0,Unknown,0.0,33,,,,,35.43,-94.7,,,,,OK,2057-08-14 16:00:00,2057-08-14 16:00:00,False,False
,10098783,Oklahoma,31,Comanche,,2057-05-22 06:00:00,CST,2057-05-22 06:00:00,0,0,0,0,.03K,0,,F0,Unknown,0.0,33,,,,,34.42,-98.67,,,,,OK,2057-05-22 06:00:00,2057-05-22 06:00:00,False,False
,10098784,Oklahoma,75,Kiowa,,2057-05-22 06:15:00,CST,2057-05-22 06:15:00,0,0,0,0,25K,0,,F2,Unknown,14.7,33,,,,,35.1,-98.75,35.25,-98.57,,,OK,2057-05-22 06:15:00,2057-05-22 06:15:00,False,False
,10118915,Texas,203,Harrison,,2057-05-13 11:30:00,CST,2057-05-13 11:30:00,0,0,0,0,0K,0,,F1,Unknown,4.3,200,,,,,32.5,-94.3,32.55,-94.33,,,TX,2057-05-13 11:30:00,2057-05-13 11:30:00,False,False
,10118916,Texas,45,Briscoe,,2057-05-14 17:30:00,CST,2057-05-14 17:30:00,0,0,0,0,.03K,0,,F0,Unknown,0.0,33,,,,,34.37,-101.45,,,,,TX,2057-05-14 17:30:00,2057-05-14 17:30:00,False,False
,10118917,Texas,249,Jim Wells,,2057-05-15 11:00:00,CST,2057-05-15 11:00:00,0,0,0,0,.03K,0,,F0,Unknown,2.0,33,,,,,27.9,-98.08,,,,,TX,2057-05-15 11:00:00,2057-05-15 11:00:00,False,False
,10118918,Texas,179,Gray,,2057-05-15 15:30:00,CST,2057-05-15 15:30:00,0,0,0,0,2.5K,0,,F1,Unknown,8.0,33,,,,,35.22,-101.03,35.33,-101.03,,,TX,2057-05-15 15:30:00,2057-05-15 15:30:00,False,False
,10118919,Texas,179,Gray,,2057-05-15 17:20:00,CST,2057-05-15 17:20:00,0,0,0,0,2.5K,0,,F1,Unknown,0.0,33,,,,,35.72,-100.97,,,,,TX,2057-05-15 17:20:00,2057-05-15 17:20:00,False,False
,10118921,Texas,129,Donley,,2057-05-15 18:00:00,CST,2057-05-15 18:00:00,1,0,0,0,250K,0,,F3,Unknown,10.2,50,,,,,35.02,-101.05,35.12,-100.92,,,TX,2057-05-15 18:00:00,2057-05-15 18:00:00,False,False
,10118922,Texas,437,Swisher,,2057-05-15 19:25:00,CST,2057-05-15 19:25:00,0,0,0,0,25K,0,,F3,Unknown,1.0,33,,,,,34.65,-101.5,,,,,TX,2057-05-15 19:25:00,2057-05-15 19:25:00,False,False
,10118923,Texas,501,Yoakum,,2057-05-15 19:40:00,CST,2057-05-15 19:40:00,0,0,0,0,.25K,0,,F1,Unknown,0.0,33,,,,,32.97,-102.82,,,,,TX,2057-05-15 19:40:00,2057-05-15 19:40:00,False,False
,10118924,Texas,501,Yoakum,,2057-05-15 19:45:00,CST,2057-05-15 19:45:00,0,0,0,0,25K,0,,F2,Unknown,2.0,33,,,,,33.18,-102.83,,,,,TX,2057-05-15 19:45:00,2057-05-15 19:45:00,False,False
,10118925,Texas,153,Floyd,,2057-05-15 21:00:00,CST,2057-05-15 21:00:00,0,0,1,0,0K,0,,F0,Unknown,4.1,100,,,,,34.27,-101.38,34.32,-101.42,,,TX,2057-05-15 21:00:00,2057-05-15 21:00:00,False,False
,9998071,Georgia,171,Lamar,,2057-04-05 02:00:00,CST,2057-04-05 02:00:00,0,0,0,0,25K,0,,F0,Unknown,1.3,33,,,,,33.05,-84.17,,,,,GA,2057-04-05 02:00:00,2057-04-05 02:00:00,False,False
,9998072,Georgia,249,Schley,,2057-04-05 03:00:00,CST,2057-04-05 03:00:00,3,0,2,0,250K,0,,F2,Unknown,8.6,400,,,,,32.2,-84.35,32.3,-84.27,,,GA,2057-04-05 03:00:00,2057-04-05 03:00:00,False,False
,9998073,Georgia,193,Macon,,2057-04-05 03:10:00,CST,2057-04-05 03:10:00,2,0,0,0,250K,0,,F2,Unknown,20.2,400,,,,,32.3,-84.27,32.52,-84.03,,,GA,2057-04-05 03:10:00,2057-04-05 03:10:00,False,False
,9998074,Georgia,225,Peach,,2057-04-05 03:40:00,CST,2057-04-05 03:40:00,0,0,0,0,250K,0,,F2,Unknown,46.2,400,,,,,32.52,-84.03,32.83,-83.33,,,GA,2057-04-05 03:40:00,2057-04-05 03:40:00,False,False
,9998075,Georgia,301,Warren,,2057-04-05 06:00:00,CST,2057-04-05 06:00:00,0,0,0,0,25K,0,,F2,Unknown,5.9,400,,,,,33.47,-82.5,33.47,-82.4,,,GA,2057-04-05 06:00:00,2057-04-05 06:00:00,False,False
,9998076,Georgia,73,Columbia,,2057-04-05 06:10:00,CST,2057-04-05 06:10:00,0,0,0,0,25K,0,,F2,Unknown,14.4,400,,,,,33.47,-82.4,33.47,-82.15,,,GA,2057-04-05 06:10:00,2057-04-05 06:10:00,False,False
,9998077,Georgia,73,Columbia,,2057-04-05 06:30:00,CST,2057-04-05 06:30:00,0,0,0,0,25K,0,,F2,Unknown,3.0,400,,,,,33.47,-82.4,33.5,-82.37,,,GA,2057-04-05 06:30:00,2057-04-05 06:30:00,False,False
,10118926,Texas,45,Briscoe,,2057-05-15 22:35:00,CST,2057-05-15 22:35:00,80,0,21,0,250K,0,,F4,Unknown,17.0,300,,,,,34.47,-101.3,34.67,-101.05,,,TX,2057-05-15 22:35:00,2057-05-15 22:35:00,False,False
,10118927,Texas,189,Hale,,2057-05-15 23:10:00,CST,2057-05-15 23:10:00,0,0,0,0,25K,0,,F2,Unknown,2.0,17,,,,,34.18,-101.7,,,,,TX,2057-05-15 23:10:00,2057-05-15 23:10:00,False,False
,10118928,Texas,393,Roberts,,2057-05-16 17:00:00,CST,2057-05-16 17:00:00,0,0,0,0,2.5K,0,,F2,Unknown,0.0,33,,,,,35.83,-100.8,,,,,TX,2057-05-16 17:00:00,2057-05-16 17:00:00,False,False
,10118895,Texas,441,Taylor,,2057-05-08 22:38:00,CST,2057-05-08 22:38:00,0,0,0,0,.03K,0,,F0,Unknown,0.3,10,,,,,32.5,-100.13,,,,,TX,2057-05-08 22:38:00,2057-05-08 22:38:00,False,False
,10118903,Texas,205,Hartley,,2057-05-11 17:15:00,CST,2057-05-11 17:15:00,0,0,0,0,.03K,0,,F1,Unknown,7.4,33,,,,,35.67,-102.35,35.72,-102.23,,,TX,2057-05-11 17:15:00,2057-05-11 17:15:00,False,False
,10118930,Texas,107,Crosby,,2057-05-17 15:50:00,CST,2057-05-17 15:50:00,0,0,0,0,.03K,0,,F0,Unknown,0.0,33,,,,,33.5,-101.23,,,,,TX,2057-05-17 15:50:00,2057-05-17 15:50:00,False,False
,10007529,Illinois,169,Schuyler,,2057-03-14 14:00:00,CST,2057-03-14 14:00:00,0,0,0,0,25K,0,,F2,Unknown,2.3,33,,,,,40.1,-90.58,40.13,-90.53,,,IL,2057-03-14 14:00:00,2057-03-14 14:00:00,False,False
,10007532,Illinois,125,Mason,,2057-03-14 14:55:00,CST,2057-03-14 14:55:00,0,0,0,0,25K,0,,F2,Unknown,0.0,100,,,,,40.2,-89.7,,,,,IL,2057-03-14 14:55:00,2057-03-14 14:55:00,False,False
,10121983,Texas,167,Galveston,,2057-03-17 13:30:00,CST,2057-03-17 13:30:00,4,0,0,0,0K,0,,F2,Unknown,11.6,67,,,,,29.38,-95.13,29.47,-94.97,,,TX,2057-03-17 13:30:00,2057-03-17 13:30:00,False,False
,10121984,Texas,167,Galveston,,2057-03-17 13:30:00,CST,2057-03-17 13:30:00,0,0,0,0,0K,0,,F2,Unknown,0.0,33,,,,,29.48,-94.93,,,,,TX,2057-03-17 13:30:00,2057-03-17 13:30:00,False,False
,10121985,Texas,167,Galveston,,2057-03-17 13:55:00,CST,2057-03-17 13:55:00,7,0,1,0,0K,0,,F2,Unknown,0.0,33,,,,,29.4,-94.92,,,,,TX,2057-03-17 13:55:00,2057-03-17 13:55:00,False,False
,9984225,Arkansas,55,Greene,,2057-04-03 12:05:00,CST,2057-04-03 12:05:00,0,0,0,0,25K,0,,F3,Unknown,22.6,100,,,,,35.8,-90.92,36.03,-90.63,,,AR,2057-04-03 12:05:00,2057-04-03 12:05:00,False,False
,10041700,Michigan,155,Shiawassee,,2057-09-21 15:00:00,CST,2057-09-21 15:00:00,0,0,0,0,2.5K,0,,F2,Unknown,21.9,33,,,,,43.0,-84.18,43.1,-83.77,,,MI,2057-09-21 15:00:00,2057-09-21 15:00:00,False,False
,10075792,North Carolina,155,Robeson,,2057-04-08 19:00:00,CST,2057-04-08 19:00:00,6,0,0,0,250K,0,,F4,Unknown,21.6,50,,,,,34.75,-79.3,34.83,-78.93,,,NC,2057-04-08 19:00:00,2057-04-08 19:00:00,False,False
,10150755,Vermont,11,Franklin,,2057-06-18 16:05:00,CST,2057-06-18 16:05:00,0,0,0,0,250K,0,,F2,Unknown,3.0,500,,,,,45.0,-72.87,45.05,-72.82,,,VT,2057-06-18 16:05:00,2057-06-18 16:05:00,False,False
,10061534,Missouri,67,Douglas,,2057-06-12 13:15:00,CST,2057-06-12 13:15:00,0,0,0,0,.25K,0,,F0,Unknown,0.2,10,,,,,36.92,-92.72,,,,,MO,2057-06-12 13:15:00,2057-06-12 13:15:00,False,False
,10116326,South Carolina,19,Charleston,,2057-05-22 07:50:00,CST,2057-05-22 07:50:00,0,0,0,0,.03K,0,,F0,Unknown,2.0,7,,,,,32.75,-79.92,,,,,SC,2057-05-22 07:50:00,2057-05-22 07:50:00,False,False
,10117793,Pennsylvania,71,Lancaster,,2057-04-28 19:00:00,CST,2057-04-28 19:00:00,0,0,0,0,2.5K,0,,F1,Unknown,0.1,33,,,,,40.07,-76.57,,,,,PA,2057-04-28 19:00:00,2057-04-28 19:00:00,False,False
,10002975,Indiana,153,Sullivan,,2057-03-14 18:00:00,CST,2057-03-14 18:00:00,0,0,0,0,25K,0,,F1,Unknown,5.2,33,,,,,39.17,-87.58,39.22,-87.5,,,IN,2057-03-14 18:00:00,2057-03-14 18:00:00,False,False
,10008658,Illinois,81,Jefferson,,2057-12-18 15:45:00,CST,2057-12-18 15:45:00,2,0,0,0,25K,0,,F2,Unknown,4.5,33,,,,,38.42,-89.02,38.43,-88.93,,,IL,2057-12-18 15:45:00,2057-12-18 15:45:00,False,False
,10149546,Washington,77,Yakima,,2057-04-30 20:40:00,CST,2057-04-30 20:40:00,0,0,0,0,2.5K,0,,F2,Unknown,1.0,23,,,,,46.6,-120.5,,,,,WA,2057-04-30 20:40:00,2057-04-30 20:40:00,False,False
,10149547,Washington,43,Lincoln,,2057-05-06 15:58:00,CST,2057-05-06 15:58:00,0,0,0,0,.03K,0,,F0,Unknown,0.7,17,,,,,47.45,-118.25,,,,,WA,2057-05-06 15:58:00,2057-05-06 15:58:00,False,False
,10149548,Washington,63,Spokane,,2057-05-06 22:00:00,CST,2057-05-06 22:00:00,0,0,0,0,.25K,0,,F2,Unknown,1.5,23,,,,,47.48,-117.2,,,,,WA,2057-05-06 22:00:00,2057-05-06 22:00:00,False,False
,10148806,Wisconsin,5,Barron,,2057-07-04 06:30:00,CST,2057-07-04 06:30:00,4,0,0,0,250K,0,,F2,Unknown,1.3,150,,,,,45.6,-91.77,45.6,-91.7,,,WI,2057-07-04 06:30:00,2057-07-04 06:30:00,False,False
,10148808,Wisconsin,9,Brown,,2057-07-11 13:45:00,CST,2057-07-11 13:45:00,0,0,0,0,2.5K,0,,F1,Unknown,0.0,33,,,,,44.3,-87.87,,,,,WI,2057-07-11 13:45:00,2057-07-11 13:45:00,False,False
,10148809,Wisconsin,71,Manitowoc,,2057-07-11 14:00:00,CST,2057-07-11 14:00:00,0,0,0,0,2.5K,0,,F1,Unknown,0.0,33,,,,,44.12,-87.78,,,,,WI,2057-07-11 14:00:00,2057-07-11 14:00:00,False,False
,10028860,Kansas,65,Graham,,2057-05-13 12:14:00,CST,2057-05-13 12:14:00,0,0,0,0,.03K,0,,F0,Unknown,0.0,33,,,,,39.37,-100.07,,,,,KS,2057-05-13 12:14:00,2057-05-13 12:14:00,False,False
,10028864,Kansas,35,Cowley,,2057-05-16 12:43:00,CST,2057-05-16 12:43:00,0,0,0,0,.03K,0,,F1,Unknown,4.3,127,,,,,37.17,-97.13,37.22,-97.08,,,KS,2057-05-16 12:43:00,2057-05-16 12:43:00,False,False
,10028865,Kansas,49,Elk,,2057-05-16 14:45:00,CST,2057-05-16 14:45:00,0,0,0,0,.03K,0,,,Unknown,0.0,33,,,,,37.38,-96.42,,,,,KS,2057-05-16 14:45:00,2057-05-16 14:45:00,False,False
,10028866,Kansas,73,Greenwood,,2057-05-16 15:30:00,CST,2057-05-16 15:30:00,0,0,0,0,0K,0,,F1,Unknown,13.5,440,,,,,37.62,-96.17,37.73,-95.97,,,KS,2057-05-16 15:30:00,2057-05-16 15:30:00,False,False
,10028867,Kansas,19,Chautauqua,,2057-05-16 16:18:00,CST,2057-05-16 16:18:00,0,0,0,0,250K,0,,F2,Unknown,39.3,200,,,,,37.23,-95.98,37.58,-95.42,,,KS,2057-05-16 16:18:00,2057-05-16 16:18:00,False,False
,10028868,Kansas,49,Elk,,2057-05-16 16:30:00,CST,2057-05-16 16:30:00,0,0,0,0,2.5K,0,,,Unknown,3.3,20,,,,,37.4,-96.45,37.43,-96.4,,,KS,2057-05-16 16:30:00,2057-05-16 16:30:00,False,False
,10028869,Kansas,49,Elk,,2057-05-16 16:35:00,CST,2057-05-16 16:35:00,0,0,0,0,2.5K,0,,,Unknown,3.3,20,,,,,37.4,-96.45,37.43,-96.4,,,KS,2057-05-16 16:35:00,2057-05-16 16:35:00,False,False
,10028870,Kansas,49,Elk,,2057-05-16 16:40:00,CST,2057-05-16 16:40:00,0,0,0,0,2.5K,0,,,Unknown,4.3,20,,,,,37.35,-96.37,37.4,-96.32,,,KS,2057-05-16 16:40:00,2057-05-16 16:40:00,False,False
,10028872,Kansas,49,Elk,,2057-05-16 16:50:00,CST,2057-05-16 16:50:00,0,0,0,0,2.5K,0,,,Unknown,4.3,20,,,,,37.35,-96.37,37.4,-96.32,,,KS,2057-05-16 16:50:00,2057-05-16 16:50:00,False,False
,10028873,Kansas,181,Sherman,,2057-05-20 11:10:00,CST,2057-05-20 11:10:00,0,0,0,0,.03K,0,,F0,Unknown,14.2,33,,,,,39.43,-102.0,39.42,-101.73,,,KS,2057-05-20 11:10:00,2057-05-20 11:10:00,False,False
,10060411,Missouri,63,De Kalb,,2057-05-20 17:00:00,CST,2057-05-20 17:00:00,0,0,0,0,25K,0,,F2,Unknown,9.8,200,,,,,39.85,-94.35,39.95,-94.22,,,MO,2057-05-20 17:00:00,2057-05-20 17:00:00,False,False
,9977921,Alabama,13,Butler,,2057-06-28 11:00:00,CST,2057-06-28 11:00:00,0,0,0,0,250K,0,,F2,Unknown,5.2,200,,,,,31.52,-86.67,31.58,-86.63,,,AL,2057-06-28 11:00:00,2057-06-28 11:00:00,False,False
,9998085,Georgia,271,Telfair,,2057-04-08 15:30:00,CST,2057-04-08 15:30:00,3,0,1,0,25K,0,,F3,Unknown,14.7,400,,,,,31.85,-83.08,31.85,-82.83,,,GA,2057-04-08 15:30:00,2057-04-08 15:30:00,False,False
,10049858,Mississippi,61,Jasper,,2057-04-04 02:00:00,CST,2057-04-04 02:00:00,0,0,0,0,0K,0,,F3,Unknown,10.4,167,,,,,32.08,-89.32,32.13,-89.15,,,MS,2057-04-04 02:00:00,2057-04-04 02:00:00,False,False
,10094093,Oklahoma,19,Carter,,2057-04-22 23:40:00,CST,2057-04-22 23:40:00,0,0,0,0,0K,0,,F1,Unknown,0.0,33,,,,,34.1,-97.1,,,,,OK,2057-04-22 23:40:00,2057-04-22 23:40:00,False,False
,10080598,New Mexico,45,San Juan,,2057-05-10 19:20:00,CST,2057-05-10 19:20:00,0,0,1,0,25K,0,,F2,Unknown,0.1,33,,,,,36.68,-108.22,,,,,NM,2057-05-10 19:20:00,2057-05-10 19:20:00,False,False
,10154174,Virginia,710,Norfolk (C),,2057-04-08 16:20:00,CST,2057-04-08 16:20:00,2,0,0,0,250K,0,,F1,Unknown,1.0,33,,,,,36.93,-76.28,,,,,VA,2057-04-08 16:20:00,2057-04-08 16:20:00,False,False
,10154175,Virginia,39,Norfolk (C),,2057-05-27 07:20:00,CST,2057-05-27 07:20:00,0,0,0,0,2.5K,0,,,Unknown,9.3,800,,,,,37.12,-78.83,37.22,-78.72,,,VA,2057-05-27 07:20:00,2057-05-27 07:20:00,False,False
,10154178,Virginia,111,Lunenburg,,2057-05-27 09:15:00,CST,2057-05-27 09:15:00,0,0,0,0,25K,0,,F1,Unknown,1.0,200,,,,,36.92,-78.02,,,,,VA,2057-05-27 09:15:00,2057-05-27 09:15:00,False,False
,10061526,Missouri,49,Clinton,,2057-06-07 20:00:00,CST,2057-06-07 20:00:00,0,0,0,0,.03K,0,,F0,Unknown,0.2,10,,,,,39.63,-94.58,,,,,MO,2057-06-07 20:00:00,2057-06-07 20:00:00,False,False
,10162839,Wyoming,15,Goshen,,2057-05-24 15:00:00,CST,2057-05-24 15:00:00,0,0,0,0,.03K,0,,F1,Unknown,2.5,13,,,,,41.93,-104.3,,,,,WY,2057-05-24 15:00:00,2057-05-24 15:00:00,False,False
,10162841,Wyoming,21,Laramie,,2057-06-26 14:30:00,CST,2057-06-26 14:30:00,0,0,0,0,.03K,0,,F1,Unknown,0.1,7,,,,,41.57,-104.12,,,,,WY,2057-06-26 14:30:00,2057-06-26 14:30:00,False,False
,9990162,California,19,Fresno,,2057-05-19 10:22:00,CST,2057-05-19 10:22:00,0,0,0,0,.03K,0,,F1,Unknown,0.1,33,,,,,36.7,-119.83,,,,,CA,2057-05-19 10:22:00,2057-05-19 10:22:00,False,False
,10159223,Wyoming,15,Goshen,,2057-07-20 17:00:00,CST,2057-07-20 17:00:00,0,0,0,0,.03K,0,,F0,Unknown,0.1,17,,,,,42.37,-104.57,,,,,WY,2057-07-20 17:00:00,2057-07-20 17:00:00,False,False
,10029382,Louisiana,75,Plaquemines,,2057-03-31 22:30:00,CST,2057-03-31 22:30:00,0,0,0,0,25K,0,,F1,Unknown,1.0,200,,,,,29.47,-89.65,,,,,LA,2057-03-31 22:30:00,2057-03-31 22:30:00,False,False
,10151599,Vermont,25,Windham,,2057-07-05 17:30:00,CST,2057-07-05 17:30:00,0,0,0,0,2.5K,0,,F0,Unknown,0.0,33,,,,,42.8,-72.6,,,,,VT,2057-07-05 17:30:00,2057-07-05 17:30:00,False,False
,10049861,Mississippi,13,Calhoun,,2057-04-08 08:00:00,CST,2057-04-08 08:00:00,0,0,0,0,0K,0,,F1,Unknown,0.0,100,,,,,33.97,-89.33,,,,,MS,2057-04-08 08:00:00,2057-04-08 08:00:00,False,False
,10049877,Mississippi,15,Carroll,,2057-11-07 23:15:00,CST,2057-11-07 23:15:00,1,0,0,0,25K,0,,F3,Unknown,26.0,300,,,,,33.17,-90.17,33.52,-90.0,,,MS,2057-11-07 23:15:00,2057-11-07 23:15:00,False,False
,10153910,Utah,41,Sevier,,2057-08-07 18:30:00,CST,2057-08-07 18:30:00,0,0,0,0,25K,0,,,Unknown,1.5,50,,,,,38.95,-111.87,,,,,UT,2057-08-07 18:30:00,2057-08-07 18:30:00,False,False
,9976845,Alabama,35,Conecuh,,2057-06-28 10:25:00,CST,2057-06-28 10:25:00,0,0,0,0,25K,0,,F2,Unknown,14.5,133,,,,,31.42,-87.05,31.48,-86.82,,,AL,2057-06-28 10:25:00,2057-06-28 10:25:00,False,False
,10154169,Virginia,195,Wise,,2057-04-05 12:40:00,CST,2057-04-05 12:40:00,3,0,0,0,25K,0,,F1,Unknown,0.0,33,,,,,36.88,-82.75,,,,,VA,2057-04-05 12:40:00,2057-04-05 12:40:00,False,False
,10069864,Nebraska,59,Fillmore,,2057-04-25 18:00:00,CST,2057-04-25 18:00:00,0,0,0,0,2.5M,0,,F4,Unknown,19.1,33,,,,,40.58,-97.57,40.7,-97.23,,,NE,2057-04-25 18:00:00,2057-04-25 18:00:00,False,False
,10027800,Kansas,7,Barber,,2057-06-14 00:15:00,CST,2057-06-14 00:15:00,0,0,0,0,0K,0,,,Unknown,23.0,33,,,,,37.12,-98.97,37.25,-98.58,,,KS,2057-06-14 00:15:00,2057-06-14 00:15:00,False,False
,10008666,Illinois,191,Wayne,,2057-12-18 17:00:00,CST,2057-12-18 17:00:00,1,0,0,0,250K,0,,F3,Unknown,11.9,200,,,,,38.5,-88.63,38.6,-88.45,,,IL,2057-12-18 17:00:00,2057-12-18 17:00:00,False,False
,10008667,Illinois,77,Jackson,,2057-12-18 17:25:00,CST,2057-12-18 17:25:00,5,0,0,0,25K,0,,F2,Unknown,1.5,33,,,,,37.7,-89.22,,,,,IL,2057-12-18 17:25:00,2057-12-18 17:25:00,False,False
,10008668,Illinois,25,Clay,,2057-12-18 17:25:00,CST,2057-12-18 17:25:00,0,0,0,0,250K,0,,F3,Unknown,7.7,200,,,,,38.6,-88.45,38.68,-88.35,,,IL,2057-12-18 17:25:00,2057-12-18 17:25:00,False,False
,10008669,Illinois,79,Jasper,,2057-12-18 17:25:00,CST,2057-12-18 17:25:00,0,0,0,0,25K,0,,F3,Unknown,4.5,33,,,,,38.93,-88.05,38.98,-87.98,,,IL,2057-12-18 17:25:00,2057-12-18 17:25:00,False,False
,10008670,Illinois,65,Hamilton,,2057-12-18 17:35:00,CST,2057-12-18 17:35:00,3,0,0,0,250K,0,,F3,Unknown,2.5,150,,,,,38.2,-88.7,,,,,IL,2057-12-18 17:35:00,2057-12-18 17:35:00,False,False
,10008671,Illinois,199,Williamson,,2057-12-18 17:35:00,CST,2057-12-18 17:35:00,10,0,0,0,2.5M,0,,F4,Unknown,4.5,300,,,,,37.83,-89.17,37.85,-89.08,,,IL,2057-12-18 17:35:00,2057-12-18 17:35:00,False,False
,10008672,Illinois,55,Franklin,,2057-12-18 17:45:00,CST,2057-12-18 17:45:00,10,0,0,0,2.5M,0,,F4,Unknown,4.3,300,,,,,37.85,-89.08,37.88,-89.02,,,IL,2057-12-18 17:45:00,2057-12-18 17:45:00,False,False
,10027783,Kansas,45,Douglas,,2057-06-11 18:00:00,CST,2057-06-11 18:00:00,0,0,0,0,0K,0,,F2,Unknown,1.9,33,,,,,38.87,-95.23,38.9,-95.2,,,KS,2057-06-11 18:00:00,2057-06-11 18:00:00,False,False
,10027785,Kansas,177,Shawnee,,2057-06-11 19:45:00,CST,2057-06-11 19:45:00,0,0,0,0,0K,0,,F0,Unknown,0.2,60,,,,,38.97,-95.8,,,,,KS,2057-06-11 19:45:00,2057-06-11 19:45:00,False,False
,10027786,Kansas,91,Johnson,,2057-06-11 20:04:00,CST,2057-06-11 20:04:00,0,0,0,0,25K,0,,F1,Unknown,0.2,100,,,,,38.93,-94.82,,,,,KS,2057-06-11 20:04:00,2057-06-11 20:04:00,False,False
,10147944,Wisconsin,63,La Crosse,,2057-04-19 14:30:00,CST,2057-04-19 14:30:00,0,0,0,0,0K,0,,F2,Unknown,0.0,150,,,,,43.97,-91.17,43.97,-91.15,,,WI,2057-04-19 14:30:00,2057-04-19 14:30:00,False,False
,10147945,Wisconsin,57,Juneau,,2057-04-19 15:30:00,CST,2057-04-19 15:30:00,0,0,1,0,25K,0,,F4,Unknown,21.1,300,,,,,43.87,-90.18,44.17,-90.08,,,WI,2057-04-19 15:30:00,2057-04-19 15:30:00,False,False
,10147946,Wisconsin,97,Portage,,2057-04-19 16:00:00,CST,2057-04-19 16:00:00,0,0,0,0,25K,0,,F1,Unknown,12.6,33,,,,,44.28,-89.52,44.42,-89.33,,,WI,2057-04-19 16:00:00,2057-04-19 16:00:00,False,False
,10027531,Kansas,29,Cloud,,2057-05-20 14:50:00,CST,2057-05-20 14:50:00,0,0,0,0,0K,0,,F2,Unknown,0.0,33,,,,,39.52,-97.63,,,,,KS,2057-05-20 14:50:00,2057-05-20 14:50:00,False,False
,10027532,Kansas,29,Cloud,,2057-05-20 14:50:00,CST,2057-05-20 14:50:00,0,0,0,0,0K,0,,F3,Unknown,6.1,33,,,,,39.57,-97.57,39.63,-97.48,,,KS,2057-05-20 14:50:00,2057-05-20 14:50:00,False,False
,10027533,Kansas,29,Cloud,,2057-05-20 14:50:00,CST,2057-05-20 14:50:00,0,0,0,0,250K,0,,F4,Unknown,44.6,400,,,,,39.38,-97.73,39.88,-97.2,,,KS,2057-05-20 14:50:00,2057-05-20 14:50:00,False,False
,10028859,Kansas,193,Thomas,,2057-05-13 11:30:00,CST,2057-05-13 11:30:00,0,0,0,0,.03K,0,,F0,Unknown,0.0,33,,,,,39.22,-100.85,,,,,KS,2057-05-13 11:30:00,2057-05-13 11:30:00,False,False
,10028884,Kansas,179,Sheridan,,2057-06-15 19:00:00,CST,2057-06-15 19:00:00,0,0,0,0,0K,0,,,Unknown,6.8,33,,,,,39.15,-100.33,39.22,-100.23,,,KS,2057-06-15 19:00:00,2057-06-15 19:00:00,False,False
,10028886,Kansas,55,Finney,,2057-06-16 14:00:00,CST,2057-06-16 14:00:00,0,0,0,0,0K,0,,F0,Unknown,0.0,33,,,,,38.22,-101.1,,,,,KS,2057-06-16 14:00:00,2057-06-16 14:00:00,False,False
,10028887,Kansas,55,Finney,,2057-06-16 14:00:00,CST,2057-06-16 14:00:00,0,0,0,0,0K,0,,F0,Unknown,0.0,33,,,,,38.22,-101.1,,,,,KS,2057-06-16 14:00:00,2057-06-16 14:00:00,False,False
,10028888,Kansas,141,Osborne,,2057-06-16 21:25:00,CST,2057-06-16 21:25:00,0,0,0,0,0K,0,,F0,Unknown,0.0,33,,,,,39.55,-98.53,,,,,KS,2057-06-16 21:25:00,2057-06-16 21:25:00,False,False
,10028892,Kansas,157,Republic,,2057-06-21 20:00:00,CST,2057-06-21 20:00:00,0,0,0,0,0K,0,,,Unknown,0.0,33,,,,,39.7,-97.75,,,,,KS,2057-06-21 20:00:00,2057-06-21 20:00:00,False,False
,10028895,Kansas,155,Reno,,2057-06-21 21:14:00,CST,2057-06-21 21:14:00,0,0,0,0,0K,0,,F1,Unknown,0.0,33,,,,,38.07,-97.98,,,,,KS,2057-06-21 21:14:00,2057-06-21 21:14:00,False,False
,10028896,Kansas,173,Sedgwick,,2057-06-21 22:09:00,CST,2057-06-21 22:09:00,0,0,0,0,2.5K,0,,F0,Unknown,2.3,100,,,,,37.83,-97.15,37.87,-97.12,,,KS,2057-06-21 22:09:00,2057-06-21 22:09:00,False,False
,10028897,Kansas,91,Johnson,,2057-06-21 23:30:00,CST,2057-06-21 23:30:00,2,0,0,0,250K,0,,F1,Unknown,9.0,400,,,,,38.98,-94.93,39.02,-94.77,,,KS,2057-06-21 23:30:00,2057-06-21 23:30:00,False,False
,10028898,Kansas,59,Franklin,,2057-06-23 02:00:00,CST,2057-06-23 02:00:00,0,0,0,0,0K,0,,,Unknown,0.0,33,,,,,37.55,-100.62,,,,,KS,2057-06-23 02:00:00,2057-06-23 02:00:00,False,False
,10028904,Kansas,71,Greeley,,2057-06-29 18:45:00,CST,2057-06-29 18:45:00,0,0,0,0,.03K,0,,F0,Unknown,0.0,33,,,,,38.45,-101.9,,,,,KS,2057-06-29 18:45:00,2057-06-29 18:45:00,False,False
,10028905,Kansas,195,Trego,,2057-06-29 19:00:00,CST,2057-06-29 19:00:00,0,0,0,0,0K,0,,,Unknown,0.0,33,,,,,39.03,-100.12,,,,,KS,2057-06-29 19:00:00,2057-06-29 19:00:00,False,False
,10028906,Kansas,41,Dickinson,,2057-06-29 23:00:00,CST,2057-06-29 23:00:00,3,0,0,0,2.5K,0,,,Unknown,0.0,20,,,,,38.9,-97.17,,,,,KS,2057-06-29 23:00:00,2057-06-29 23:00:00,False,False
,9994284,Georgia,99,Early,,2057-11-08 08:20:00,CST,2057-11-08 08:20:00,0,0,0,0,25K,0,,F1,Unknown,15.5,33,,,,,31.37,-84.93,31.43,-84.68,,,GA,2057-11-08 08:20:00,2057-11-08 08:20:00,False,False
,9994286,Georgia,55,Chattooga,,2057-11-18 16:45:00,CST,2057-11-18 16:45:00,0,0,0,0,250K,0,,F2,Unknown,14.5,500,,,,,34.47,-85.27,34.55,-85.03,,,GA,2057-11-18 16:45:00,2057-11-18 16:45:00,False,False
,9994288,Georgia,213,Murray,,2057-11-18 19:00:00,CST,2057-11-18 19:00:00,0,0,0,0,25K,0,,F1,Unknown,1.0,33,,,,,34.87,-84.75,,,,,GA,2057-11-18 19:00:00,2057-11-18 19:00:00,False,False
,9994292,Georgia,5,Bacon,,2057-11-29 13:45:00,CST,2057-11-29 13:45:00,6,0,0,0,25K,0,,F2,Unknown,1.0,300,,,,,31.47,-82.35,,,,,GA,2057-11-29 13:45:00,2057-11-29 13:45:00,False,False
,10028845,Kansas,33,Comanche,,2057-04-18 17:55:00,CST,2057-04-18 17:55:00,0,0,0,0,.03K,0,,,Unknown,0.0,33,,,,,37.28,-99.2,,,,,KS,2057-04-18 17:55:00,2057-04-18 17:55:00,False,False
,10028846,Kansas,33,Comanche,,2057-04-18 17:55:00,CST,2057-04-18 17:55:00,0,0,0,0,.03K,0,,F0,Unknown,1.5,33,,,,,37.27,-99.15,,,,,KS,2057-04-18 17:55:00,2057-04-18 17:55:00,False,False
,10028847,Kansas,27,Clay,,2057-04-22 16:45:00,CST,2057-04-22 16:45:00,0,0,0,0,2.5K,0,,F1,Unknown,4.3,300,,,,,39.28,-97.12,39.33,-97.07,,,KS,2057-04-22 16:45:00,2057-04-22 16:45:00,False,False
,10028848,Kansas,27,Clay,,2057-04-22 16:45:00,CST,2057-04-22 16:45:00,0,0,0,0,2.5K,0,,F1,Unknown,4.3,300,,,,,39.28,-97.12,39.33,-97.07,,,KS,2057-04-22 16:45:00,2057-04-22 16:45:00,False,False
,10028849,Kansas,151,Pratt,,2057-04-22 17:00:00,CST,2057-04-22 17:00:00,0,0,0,0,0K,0,,F2,Unknown,0.0,33,,,,,37.5,-98.6,,,,,KS,2057-04-22 17:00:00,2057-04-22 17:00:00,False,False
,10028850,Kansas,151,Pratt,,2057-04-22 17:30:00,CST,2057-04-22 17:30:00,0,0,0,0,2.5K,0,,,Unknown,7.3,100,,,,,37.55,-98.65,37.65,-98.6,,,KS,2057-04-22 17:30:00,2057-04-22 17:30:00,False,False
,10028851,Kansas,9,Barton,,2057-04-22 18:35:00,CST,2057-04-22 18:35:00,0,0,0,0,.03K,0,,F0,Unknown,0.5,33,,,,,38.3,-98.55,,,,,KS,2057-04-22 18:35:00,2057-04-22 18:35:00,False,False
,9998078,Georgia,71,Colquitt,,2057-04-05 07:30:00,CST,2057-04-05 07:30:00,0,0,0,0,2.5K,0,,F0,Unknown,13.7,67,,,,,31.17,-83.68,31.23,-83.47,,,GA,2057-04-05 07:30:00,2057-04-05 07:30:00,False,False
,9998079,Georgia,299,Ware,,2057-04-05 10:00:00,CST,2057-04-05 10:00:00,1,0,0,0,2.5K,0,,F1,Unknown,0.1,17,,,,,31.3,-82.38,,,,,GA,2057-04-05 10:00:00,2057-04-05 10:00:00,False,False
,9998080,Georgia,51,Chatham,,2057-04-05 10:34:00,CST,2057-04-05 10:34:00,0,0,0,0,.03K,0,,F0,Unknown,0.3,10,,,,,32.1,-81.1,,,,,GA,2057-04-05 10:34:00,2057-04-05 10:34:00,False,False
,9998082,Georgia,129,Gordon,,2057-04-08 13:00:00,CST,2057-04-08 13:00:00,5,0,0,0,250K,0,,F2,Unknown,10.3,200,,,,,34.43,-85.0,34.53,-84.87,,,GA,2057-04-08 13:00:00,2057-04-08 13:00:00,False,False
,9998084,Georgia,277,Tift,,2057-04-08 15:00:00,CST,2057-04-08 15:00:00,0,0,0,0,250K,0,,F1,Unknown,41.3,90,,,,,31.53,-83.53,31.5,-82.83,,,GA,2057-04-08 15:00:00,2057-04-08 15:00:00,False,False
,9998086,Georgia,243,Randolph,,2057-04-08 17:30:00,CST,2057-04-08 17:30:00,1,0,0,0,25K,0,,F2,Unknown,5.2,200,,,,,31.87,-84.7,31.92,-84.63,,,GA,2057-04-08 17:30:00,2057-04-08 17:30:00,False,False
,9998088,Georgia,127,Glynn,,2057-05-03 19:05:00,CST,2057-05-03 19:05:00,1,0,0,0,25K,0,,F1,Unknown,1.0,50,,,,,31.25,-81.5,,,,,GA,2057-05-03 19:05:00,2057-05-03 19:05:00,False,False
,9998092,Georgia,71,Colquitt,,2057-06-05 14:00:00,CST,2057-06-05 14:00:00,0,0,0,0,25K,0,,F0,Unknown,2.0,200,,,,,31.2,-83.7,,,,,GA,2057-06-05 14:00:00,2057-06-05 14:00:00,False,False
,9998094,Georgia,127,Glynn,,2057-06-08 19:50:00,CST,2057-06-08 19:50:00,0,0,0,0,25K,0,,F1,Unknown,1.0,33,,,,,31.08,-81.42,,,,,GA,2057-06-08 19:50:00,2057-06-08 19:50:00,False,False
,9998095,Georgia,267,Tattnall,,2057-06-13 14:00:00,CST,2057-06-13 14:00:00,0,0,0,0,2.5K,0,,F0,Unknown,0.3,33,,,,,32.17,-82.1,,,,,GA,2057-06-13 14:00:00,2057-06-13 14:00:00,False,False
,10010622,Hawaii,3,Honolulu,,2057-01-21 11:20:00,PST,2057-01-21 11:20:00,0,0,0,0,25K,0,,,Unknown,2.5,7,,,,,21.52,-158.07,,,,,HI,2057-01-21 11:20:00,2057-01-21 11:20:00,False,False
,10028854,Kansas,159,Rice,,2057-05-09 17:30:00,CST,2057-05-09 17:30:00,0,0,0,0,2.5K,0,,F1,Unknown,1.5,33,,,,,38.35,-98.27,,,,,KS,2057-05-09 17:30:00,2057-05-09 17:30:00,False,False
,10028856,Kansas,159,Rice,,2057-05-09 18:00:00,CST,2057-05-09 18:00:00,0,0,0,0,25K,0,,F0,Unknown,0.0,33,,,,,38.4,-97.97,,,,,KS,2057-05-09 18:00:00,2057-05-09 18:00:00,False,False
,10028858,Kansas,193,Thomas,,2057-05-13 11:30:00,CST,2057-05-13 11:30:00,0,0,0,0,.03K,0,,F0,Unknown,0.0,33,,,,,39.22,-100.85,,,,,KS,2057-05-13 11:30:00,2057-05-13 11:30:00,False,False
,10028874,Kansas,181,Sherman,,2057-05-20 11:30:00,CST,2057-05-20 11:30:00,0,0,0,0,.03K,0,,F0,Unknown,33.4,33,,,,,39.42,-101.73,39.9,-101.78,,,KS,2057-05-20 11:30:00,2057-05-20 11:30:00,False,False
,10028875,Kansas,147,Phillips,,2057-05-20 11:55:00,CST,2057-05-20 11:55:00,0,0,0,0,0K,0,,,Unknown,1.0,300,,,,,39.75,-99.32,,,,,KS,2057-05-20 11:55:00,2057-05-20 11:55:00,False,False
,10028876,Kansas,141,Osborne,,2057-05-20 13:15:00,CST,2057-05-20 13:15:00,0,0,0,0,0K,0,,,Unknown,0.0,33,,,,,39.55,-98.55,,,,,KS,2057-05-20 13:15:00,2057-05-20 13:15:00,False,False
,10028877,Kansas,123,Mitchell,,2057-05-20 13:25:00,CST,2057-05-20 13:25:00,0,0,0,0,0K,0,,,Unknown,0.0,33,,,,,39.23,-98.4,,,,,KS,2057-05-20 13:25:00,2057-05-20 13:25:00,False,False
,10028878,Kansas,89,Jewell,,2057-05-20 14:05:00,CST,2057-05-20 14:05:00,0,0,0,0,25K,0,,F1,Unknown,5.7,300,,,,,39.92,-98.3,40.0,-98.3,,,KS,2057-05-20 14:05:00,2057-05-20 14:05:00,False,False
,10028879,Kansas,29,Cloud,,2057-05-20 14:50:00,CST,2057-05-20 14:50:00,0,0,0,0,0K,0,,F2,Unknown,0.0,33,,,,,39.47,-97.63,,,,,KS,2057-05-20 14:50:00,2057-05-20 14:50:00,False,False
,10028880,Kansas,29,Cloud,,2057-05-20 14:50:00,CST,2057-05-20 14:50:00,0,0,0,0,0K,0,,F2,Unknown,0.0,33,,,,,39.52,-97.63,,,,,KS,2057-05-20 14:50:00,2057-05-20 14:50:00,False,False
,10148795,Wisconsin,137,Waushara,,2057-04-19 16:00:00,CST,2057-04-19 16:00:00,1,0,0,0,25K,0,,F2,Unknown,22.8,50,,,,,44.07,-89.4,44.23,-89.0,,,WI,2057-04-19 16:00:00,2057-04-19 16:00:00,False,False
,10148796,Wisconsin,127,Walworth,,2057-04-19 16:15:00,CST,2057-04-19 16:15:00,0,0,0,0,250K,0,,F2,Unknown,0.0,50,,,,,42.65,-88.33,42.65,-88.3,,,WI,2057-04-19 16:15:00,2057-04-19 16:15:00,False,False
,10148798,Wisconsin,81,Monroe,,2057-04-19 20:15:00,CST,2057-04-19 20:15:00,0,0,0,0,250K,0,,F3,Unknown,9.0,400,,,,,43.73,-90.43,43.83,-90.3,,,WI,2057-04-19 20:15:00,2057-04-19 20:15:00,False,False
,10148802,Wisconsin,43,Grant,,2057-05-25 16:30:00,CST,2057-05-25 16:30:00,0,0,0,0,25K,0,,F2,Unknown,15.6,400,,,,,42.9,-90.92,43.0,-90.63,,,WI,2057-05-25 16:30:00,2057-05-25 16:30:00,False,False
,10148804,Wisconsin,37,Florence,,2057-06-14 17:30:00,CST,2057-06-14 17:30:00,0,0,0,0,25K,0,,F1,Unknown,7.8,100,,,,,45.92,-88.33,45.95,-88.17,,,WI,2057-06-14 17:30:00,2057-06-14 17:30:00,False,False
,9994072,Georgia,37,Calhoun,,2057-11-08 08:00:00,CST,2057-11-08 08:00:00,0,0,0,0,25K,0,,F1,Unknown,10.2,33,,,,,31.43,-84.68,31.47,-84.52,,,GA,2057-11-08 08:00:00,2057-11-08 08:00:00,False,False
,10009535,Idaho,83,Twin Falls,,2057-06-05 15:45:00,CST,2057-06-05 15:45:00,0,0,0,0,.03K,0,,F1,Unknown,0.0,33,,,,,42.5,-114.3,,,,,ID,2057-06-05 15:45:00,2057-06-05 15:45:00,False,False
,10002996,Indiana,3,Allen,,2057-05-11 16:50:00,CST,2057-05-11 16:50:00,0,0,0,0,.25K,0,,F1,Unknown,0.0,33,,,,,41.17,-85.03,,,,,IN,2057-05-11 16:50:00,2057-05-11 16:50:00,False,False
,10002999,Indiana,173,Warrick,,2057-05-21 20:03:00,CST,2057-05-21 20:03:00,2,0,0,0,25K,0,,F2,Unknown,0.0,33,,,,,37.97,-87.28,,,,,IN,2057-05-21 20:03:00,2057-05-21 20:03:00,False,False
,10003012,Indiana,153,Sullivan,,2057-06-11 22:00:00,CST,2057-06-11 22:00:00,0,0,0,0,25K,0,,F2,Unknown,0.2,70,,,,,39.1,-87.32,,,,,IN,2057-06-11 22:00:00,2057-06-11 22:00:00,False,False
,10008659,Illinois,81,Jefferson,,2057-12-18 15:55:00,CST,2057-12-18 15:55:00,45,0,1,0,2.5M,0,,F4,Unknown,16.8,250,,,,,38.28,-89.08,38.35,-88.78,,,IL,2057-12-18 15:55:00,2057-12-18 15:55:00,False,False
,10008661,Illinois,77,Jackson,,2057-12-18 16:00:00,CST,2057-12-18 16:00:00,0,0,0,0,25K,0,,F2,Unknown,5.4,33,,,,,37.9,-89.5,37.92,-89.4,,,IL,2057-12-18 16:00:00,2057-12-18 16:00:00,False,False
,10008662,Illinois,157,Randolph,,2057-12-18 16:15:00,CST,2057-12-18 16:15:00,0,0,0,0,25K,0,,F3,Unknown,5.7,33,,,,,37.83,-89.75,37.87,-89.65,,,IL,2057-12-18 16:15:00,2057-12-18 16:15:00,False,False
,10008663,Illinois,81,Jefferson,,2057-12-18 16:30:00,CST,2057-12-18 16:30:00,0,0,0,0,25K,0,,F2,Unknown,11.6,200,,,,,38.33,-89.02,38.35,-88.8,,,IL,2057-12-18 16:30:00,2057-12-18 16:30:00,False,False
,10008656,Illinois,125,Mason,,2057-12-18 15:35:00,CST,2057-12-18 15:35:00,1,0,0,0,25K,0,,F1,Unknown,0.0,33,,,,,40.2,-89.7,,,,,IL,2057-12-18 15:35:00,2057-12-18 15:35:00,False,False
,10008657,Illinois,145,Perry,,2057-12-18 15:35:00,CST,2057-12-18 15:35:00,1,0,0,0,250K,0,,F3,Unknown,2.5,33,,,,,38.08,-89.55,,,,,IL,2057-12-18 15:35:00,2057-12-18 15:35:00,False,False
,10028670,Kansas,183,Smith,,2057-06-15 16:05:00,CST,2057-06-15 16:05:00,0,0,0,0,2.5M,0,,F3,Unknown,14.3,33,,,,,39.7,-99.07,39.9,-98.98,,,KS,2057-06-15 16:05:00,2057-06-15 16:05:00,False,False
,10028671,Kansas,183,Smith,,2057-06-15 16:05:00,CST,2057-06-15 16:05:00,0,0,0,0,2.5M,0,,F3,Unknown,2.0,33,,,,,39.77,-98.93,,,,,KS,2057-06-15 16:05:00,2057-06-15 16:05:00,False,False
,10008628,Illinois,149,Pike,,2057-06-10 22:05:00,CST,2057-06-10 22:05:00,0,0,0,0,25K,0,,F2,Unknown,42.3,33,,,,,39.6,-90.8,39.92,-90.12,,,IL,2057-06-10 22:05:00,2057-06-10 22:05:00,False,False
,10008634,Illinois,41,Douglas,,2057-06-12 20:00:00,CST,2057-06-12 20:00:00,0,0,0,0,.25K,0,,F0,Unknown,1.0,33,,,,,39.8,-88.3,,,,,IL,2057-06-12 20:00:00,2057-06-12 20:00:00,False,False
,10008636,Illinois,149,Pike,,2057-06-14 13:00:00,CST,2057-06-14 13:00:00,1,0,0,0,250K,0,,F2,Unknown,18.5,33,,,,,39.55,-91.0,39.57,-90.65,,,IL,2057-06-14 13:00:00,2057-06-14 13:00:00,False,False
,10008637,Illinois,137,Morgan,,2057-06-14 13:30:00,CST,2057-06-14 13:30:00,5,0,0,0,250K,0,,F2,Unknown,1.9,33,,,,,39.73,-90.22,39.73,-90.17,,,IL,2057-06-14 13:30:00,2057-06-14 13:30:00,False,False
,10008638,Illinois,167,Sangamon,,2057-06-14 14:00:00,CST,2057-06-14 14:00:00,50,0,2,0,2.5M,0,,F4,Unknown,4.3,220,,,,,39.75,-89.7,39.77,-89.62,,,IL,2057-06-14 14:00:00,2057-06-14 14:00:00,False,False
,10008641,Illinois,91,Kankakee,,2057-06-14 15:00:00,CST,2057-06-14 15:00:00,0,0,0,0,25K,0,,F1,Unknown,1.0,83,,,,,41.08,-87.73,,,,,IL,2057-06-14 15:00:00,2057-06-14 15:00:00,False,False
,10008653,Illinois,157,Randolph,,2057-12-18 14:40:00,CST,2057-12-18 14:40:00,0,0,0,0,25K,0,,F3,Unknown,20.2,33,,,,,37.97,-89.82,38.07,-89.47,,,IL,2057-12-18 14:40:00,2057-12-18 14:40:00,False,False
,10008654,Illinois,157,Randolph,,2057-12-18 15:15:00,CST,2057-12-18 15:15:00,0,0,0,0,250K,0,,F3,Unknown,17.7,33,,,,,37.9,-89.8,38.0,-89.5,,,IL,2057-12-18 15:15:00,2057-12-18 15:15:00,False,False
,10008655,Illinois,119,Madison,,2057-12-18 15:20:00,CST,2057-12-18 15:20:00,1,0,0,0,25K,0,,F2,Unknown,1.0,33,,,,,38.85,-90.08,,,,,IL,2057-12-18 15:20:00,2057-12-18 15:20:00,False,False
,10127410,Tennessee,37,Davidson,,2057-01-22 16:30:00,CST,2057-01-22 16:30:00,4,0,0,0,2.5M,0,,F2,Unknown,15.0,100,,,,,36.1,-86.87,36.18,-86.62,,,TN,2057-01-22 16:30:00,2057-01-22 16:30:00,False,False
,10127411,Tennessee,189,Wilson,,2057-01-22 17:00:00,CST,2057-01-22 17:00:00,0,0,0,0,25K,0,,F2,Unknown,0.4,13,,,,,36.25,-86.35,,,,,TN,2057-01-22 17:00:00,2057-01-22 17:00:00,False,False
,10127412,Tennessee,149,Rutherford,,2057-01-22 18:30:00,CST,2057-01-22 18:30:00,0,0,0,0,25K,0,,F1,Unknown,0.1,3,,,,,35.7,-86.4,,,,,TN,2057-01-22 18:30:00,2057-01-22 18:30:00,False,False
,10127413,Tennessee,31,Coffee,,2057-01-22 20:30:00,CST,2057-01-22 20:30:00,0,0,0,0,250K,0,,F2,Unknown,4.7,30,,,,,35.57,-85.98,35.58,-85.9,,,TN,2057-01-22 20:30:00,2057-01-22 20:30:00,False,False
,10127414,Tennessee,113,Madison,,2057-04-01 21:30:00,CST,2057-04-01 21:30:00,0,0,0,0,2.5K,0,,F2,Unknown,0.1,7,,,,,35.45,-88.87,,,,,TN,2057-04-01 21:30:00,2057-04-01 21:30:00,False,False
,10127416,Tennessee,77,Henderson,,2057-04-04 01:10:00,CST,2057-04-04 01:10:00,0,0,0,0,25K,0,,F2,Unknown,0.1,7,,,,,35.53,-88.48,,,,,TN,2057-04-04 01:10:00,2057-04-04 01:10:00,False,False
,10127417,Tennessee,109,Mcnairy,,2057-04-04 01:15:00,CST,2057-04-04 01:15:00,11,0,0,0,250K,0,,F3,Unknown,7.3,50,,,,,35.05,-88.6,35.12,-88.5,,,TN,2057-04-04 01:15:00,2057-04-04 01:15:00,False,False
,10127419,Tennessee,35,Cumberland,,2057-04-08 06:00:00,CST,2057-04-08 06:00:00,0,0,0,0,2.5K,0,,F2,Unknown,2.7,10,,,,,36.1,-85.1,36.1,-85.05,,,TN,2057-04-08 06:00:00,2057-04-08 06:00:00,False,False
,10127421,Tennessee,179,Washington,,2057-04-08 15:30:00,CST,2057-04-08 15:30:00,0,0,0,0,2.5K,0,,F2,Unknown,3.0,440,,,,,36.28,-82.58,36.32,-82.55,,,TN,2057-04-08 15:30:00,2057-04-08 15:30:00,False,False
,10008664,Illinois,145,Perry,,2057-12-18 16:35:00,CST,2057-12-18 16:35:00,6,0,1,0,250K,0,,F5,Unknown,5.4,200,,,,,38.08,-89.25,38.1,-89.15,,,IL,2057-12-18 16:35:00,2057-12-18 16:35:00,False,False
,10008665,Illinois,77,Jackson,,2057-12-18 16:45:00,CST,2057-12-18 16:45:00,180,0,11,0,2.5M,0,,F4,Unknown,19.5,300,,,,,37.7,-89.48,37.83,-89.17,,,IL,2057-12-18 16:45:00,2057-12-18 16:45:00,False,False
,10148522,West Virginia,83,Randolph,,2057-06-29 18:30:00,CST,2057-06-29 18:30:00,0,0,0,0,250K,0,,F1,Unknown,1.0,33,,,,,38.92,-79.85,,,,,WV,2057-06-29 18:30:00,2057-06-29 18:30:00,False,False
,10008607,Illinois,153,Pulaski,,2057-04-03 14:08:00,CST,2057-04-03 14:08:00,0,0,0,0,250K,0,,F2,Unknown,2.3,33,,,,,37.07,-89.18,37.1,-89.18,,,IL,2057-04-03 14:08:00,2057-04-03 14:08:00,False,False
,10008608,Illinois,133,Monroe,,2057-04-18 14:00:00,CST,2057-04-18 14:00:00,0,0,0,0,.03K,0,,F0,Unknown,0.0,33,,,,,38.33,-90.27,,,,,IL,2057-04-18 14:00:00,2057-04-18 14:00:00,False,False
,10008609,Illinois,163,St. Clair,,2057-04-25 02:30:00,CST,2057-04-25 02:30:00,0,0,0,0,25K,0,,F2,Unknown,2.0,300,,,,,38.45,-89.97,,,,,IL,2057-04-25 02:30:00,2057-04-25 02:30:00,False,False
,10008611,Illinois,113,Mclean,,2057-04-26 14:00:00,CST,2057-04-26 14:00:00,0,0,0,0,25K,0,,F1,Unknown,22.0,30,,,,,40.35,-88.75,40.45,-88.35,,,IL,2057-04-26 14:00:00,2057-04-26 14:00:00,False,False
,10008613,Illinois,67,Hancock,,2057-05-09 19:10:00,CST,2057-05-09 19:10:00,0,0,0,0,2.5K,0,,F1,Unknown,2.7,200,,,,,40.57,-90.95,40.62,-90.93,,,IL,2057-05-09 19:10:00,2057-05-09 19:10:00,False,False
,10008616,Illinois,167,Sangamon,,2057-05-13 11:00:00,CST,2057-05-13 11:00:00,0,0,0,0,.25K,0,,F1,Unknown,0.0,33,,,,,39.8,-89.7,,,,,IL,2057-05-13 11:00:00,2057-05-13 11:00:00,False,False
,10113008,South Dakota,13,Brown,,2057-06-13 15:30:00,CST,2057-06-13 15:30:00,0,0,0,0,.03K,0,,F0,Unknown,0.0,33,,,,,45.5,-98.4,,,,,SD,2057-06-13 15:30:00,2057-06-13 15:30:00,False,False
,10008621,Illinois,133,Monroe,,2057-05-21 15:50:00,CST,2057-05-21 15:50:00,0,0,0,0,250K,0,,F2,Unknown,19.7,150,,,,,38.42,-90.2,38.53,-89.87,,,IL,2057-05-21 15:50:00,2057-05-21 15:50:00,False,False
,10008622,Illinois,159,Richland,,2057-05-21 17:00:00,CST,2057-05-21 17:00:00,0,0,0,0,25K,0,,F2,Unknown,3.6,150,,,,,38.7,-87.98,38.72,-87.92,,,IL,2057-05-21 17:00:00,2057-05-21 17:00:00,False,False
,10008624,Illinois,181,Union,,2057-05-21 18:07:00,CST,2057-05-21 18:07:00,0,0,0,0,250K,0,,F3,Unknown,8.5,200,,,,,37.57,-89.32,37.63,-89.18,,,IL,2057-05-21 18:07:00,2057-05-21 18:07:00,False,False
,10008625,Illinois,109,Mcdonough,,2057-05-21 19:40:00,CST,2057-05-21 19:40:00,0,0,0,0,250K,0,,F3,Unknown,13.7,120,,,,,40.5,-90.8,40.62,-90.58,,,IL,2057-05-21 19:40:00,2057-05-21 19:40:00,False,False
,9984265,Arkansas,61,Howard,,2057-05-23 17:30:00,CST,2057-05-23 17:30:00,0,0,0,0,0K,0,,F0,Unknown,0.5,440,,,,,34.1,-94.0,,,,,AR,2057-05-23 17:30:00,2057-05-23 17:30:00,False,False
