episode_id,event_id,state,county_fips,county_name,wfo,begin_date_time,county_timezone,end_date_time,injuries_direct,injuries_indirect,deaths_direct,deaths_indirect,property_damage,crop_damage,source,tornado_rating,max_windspeed,tornado_length,tornado_max_width,other_wfos,other_states,other_counties_fips,other_counties_names,begin_latitude,begin_longitude,end_latitude,end_longitude,episode_narrative,event_narrative,state_code,begin_date_time_corrected,end_date_time_corrected,begin_time_adjusted,end_time_adjusted
,10070871,Missouri,43,Christian,,1988-11-15 17:10:00,CST,1988-11-15 17:10:00,0,0,0,0,0K,0,,F1,Unknown,4.0,30,,,,,37.08,-93.57,37.12,-93.5,,,MO,1988-11-15 17:10:00,1988-11-15 17:10:00,False,False
,9998891,Florida,131,Walton,,1988-09-10 11:15:00,CST,1988-09-10 11:15:00,0,0,0,0,2.5K,0,,F0,Unknown,1.0,30,,,,,30.73,-86.33,,,,,FL,1988-09-10 12:15:00,1988-09-10 12:15:00,True,True
,10019989,Indiana,57,Hamilton,,1988-03-25 02:40:00,EST,1988-03-25 02:40:00,0,0,0,0,25K,0,,F1,Unknown,0.2,73,,,,,40.0,-85.95,,,,,IN,1988-03-25 02:40:00,1988-03-25 02:40:00,False,False
,10111859,South Carolina,71,Newberry,,1988-05-23 15:40:00,EST,1988-05-23 15:40:00,0,0,0,0,0K,0,,F0,Unknown,0.5,70,,,,,34.37,-81.72,,,,,SC,1988-05-23 16:40:00,1988-05-23 16:40:00,True,True
,10045478,Louisiana,113,Vermilion,,1988-05-21 07:40:00,CST,1988-05-21 07:40:00,0,0,0,0,0K,0,,F0,Unknown,0.3,30,,,,,29.98,-92.23,,,,,LA,1988-05-21 08:40:00,1988-05-21 08:40:00,True,True
,10002633,Illinois,195,Whiteside,,1988-05-08 15:16:00,CST,1988-05-08 15:16:00,0,0,0,0,25K,0,,F1,Unknown,0.1,10,,,,,41.75,-90.22,41.75,-90.22,,,IL,1988-05-08 16:16:00,1988-05-08 16:16:00,True,True
,10104786,Oklahoma,19,Carter,,1988-05-02 16:15:00,CST,1988-05-02 16:15:00,0,0,0,0,25K,0,,F1,Unknown,6.0,80,,,,,34.2,-96.98,34.23,-96.88,,,OK,1988-05-02 17:15:00,1988-05-02 17:15:00,True,True
,10138051,Texas,83,Coleman,,1988-04-24 19:45:00,CST,1988-04-24 19:45:00,0,0,0,0,25K,0,,F1,Unknown,0.5,50,,,,,31.55,-99.48,,,,,TX,1988-04-24 20:45:00,1988-04-24 20:45:00,True,True
,9977190,Alabama,123,Tallapoosa,,1988-09-16 15:10:00,CST,1988-09-16 15:10:00,0,0,0,0,0K,0,,F0,Unknown,0.3,23,,,,,32.75,-85.65,,,,,AL,1988-09-16 16:10:00,1988-09-16 16:10:00,True,True
,9977203,Alabama,59,Franklin,,1988-11-04 16:20:00,CST,1988-11-04 16:20:00,0,0,0,0,0K,0,,F3,Unknown,2.0,200,,,,,34.57,-88.08,34.58,-88.08,,,AL,1988-11-04 16:20:00,1988-11-04 16:20:00,False,False
,9977187,Alabama,45,Dale,,1988-09-16 12:05:00,CST,1988-09-16 12:05:00,0,0,0,0,0K,0,,F1,Unknown,4.0,50,,,,,31.33,-85.72,31.4,-85.72,,,AL,1988-09-16 13:05:00,1988-09-16 13:05:00,True,True
,9977188,Alabama,123,Tallapoosa,,1988-09-16 12:30:00,CST,1988-09-16 12:30:00,0,0,0,0,0K,0,,F0,Unknown,0.5,10,,,,,32.83,-85.75,,,,,AL,1988-09-16 13:30:00,1988-09-16 13:30:00,True,True
,10034220,Kansas,27,Clay,,1988-07-15 18:40:00,CST,1988-07-15 18:40:00,0,0,0,0,.25K,0,,F0,Unknown,0.5,20,,,,,39.1,-97.17,,,,,KS,1988-07-15 19:40:00,1988-07-15 19:40:00,True,True
,10034221,Kansas,27,Clay,,1988-07-15 19:00:00,CST,1988-07-15 19:00:00,0,0,0,0,.25K,0,,F0,Unknown,0.5,20,,,,,39.38,-96.97,,,,,KS,1988-07-15 20:00:00,1988-07-15 20:00:00,True,True
,10078727,Nebraska,47,Dawson,,1988-07-18 21:15:00,CST,1988-07-18 21:15:00,0,0,0,0,2.5K,0,,F0,Unknown,0.2,40,,,,,40.78,-99.85,,,,,NE,1988-07-18 22:15:00,1988-07-18 22:15:00,True,True
,10080964,Nebraska,101,Keith,,1988-04-24 14:30:00,CST,1988-04-24 14:30:00,0,0,0,0,.03K,0,,F0,Unknown,0.4,70,,,,,41.15,-101.87,,,,,NE,1988-04-24 15:30:00,1988-04-24 15:30:00,True,True
,10081582,New Jersey,11,Cumberland,,1988-07-23 22:15:00,CST,1988-07-23 22:15:00,1,0,0,0,250K,0,,F1,Unknown,0.1,10,,,,,39.48,-75.2,,,,,NJ,1988-07-23 23:15:00,1988-07-23 23:15:00,True,True
,10081581,New Jersey,33,Salem,,1988-07-20 17:00:00,CST,1988-07-20 17:00:00,0,0,0,0,250K,0,,F1,Unknown,0.2,40,,,,,39.75,-75.4,,,,,NJ,1988-07-20 18:00:00,1988-07-20 18:00:00,True,True
,10081592,New Jersey,21,Mercer,,1988-08-17 16:30:00,CST,1988-08-17 16:30:00,0,0,0,0,2.5M,0,,F2,Unknown,4.5,200,,,,,40.28,-74.78,40.22,-74.75,,,NJ,1988-08-17 17:30:00,1988-08-17 17:30:00,True,True
,10081599,New Jersey,29,Ocean,,1988-08-17 17:30:00,CST,1988-08-17 17:30:00,0,0,0,0,2.5K,0,,F0,Unknown,0.2,100,,,,,40.1,-74.22,,,,,NJ,1988-08-17 18:30:00,1988-08-17 18:30:00,True,True
,10081600,New Jersey,33,Salem,,1988-08-17 17:30:00,CST,1988-08-17 17:30:00,0,0,0,0,250K,0,,F2,Unknown,1.5,400,,,,,39.72,-75.47,,,,,NJ,1988-08-17 18:30:00,1988-08-17 18:30:00,True,True
,10045499,Louisiana,99,St. Martin,,1988-06-18 19:25:00,CST,1988-06-18 19:25:00,0,0,0,0,25K,0,,F1,Unknown,0.4,20,,,,,30.27,-91.9,,,,,LA,1988-06-18 20:25:00,1988-06-18 20:25:00,True,True
,10045504,Louisiana,79,Rapides,,1988-07-04 16:00:00,CST,1988-07-04 16:00:00,0,0,0,0,0K,0,,F0,Unknown,0.2,20,,,,,31.42,-92.42,,,,,LA,1988-07-04 17:00:00,1988-07-04 17:00:00,True,True
,10045506,Louisiana,19,Calcasieu,,1988-07-16 15:35:00,CST,1988-07-16 15:35:00,0,0,0,0,0K,0,,F0,Unknown,0.2,20,,,,,30.37,-93.2,,,,,LA,1988-07-16 16:35:00,1988-07-16 16:35:00,True,True
,10045508,Louisiana,109,Terrebonne,,1988-07-24 14:20:00,CST,1988-07-24 14:20:00,0,0,0,0,25K,0,,F1,Unknown,0.7,30,,,,,29.6,-90.72,,,,,LA,1988-07-24 15:20:00,1988-07-24 15:20:00,True,True
,10051762,Michigan,161,Washtenaw,,1988-04-03 15:35:00,EST,1988-04-03 15:35:00,0,0,0,0,25K,0,,F1,Unknown,8.2,50,,,,,42.2,-83.78,42.33,-83.73,,,MI,1988-04-03 16:35:00,1988-04-03 16:35:00,True,True
,10051764,Michigan,125,Oakland,,1988-04-03 16:19:00,CST,1988-04-03 16:19:00,0,0,0,0,2.5K,0,,F1,Unknown,1.2,30,,,,,42.53,-83.55,,,,,MI,1988-04-03 17:19:00,1988-04-03 17:19:00,True,True
,10051765,Michigan,125,Oakland,,1988-04-03 16:38:00,EST,1988-04-03 16:38:00,0,0,0,0,.03K,0,,F1,Unknown,1.0,50,,,,,42.73,-83.35,,,,,MI,1988-04-03 17:38:00,1988-04-03 17:38:00,True,True
,10107751,Oklahoma,131,Rogers,,1988-03-24 15:45:00,CST,1988-03-24 15:45:00,0,0,0,0,25K,0,,F1,Unknown,1.0,30,,,,,36.53,-95.68,,,,,OK,1988-03-24 15:45:00,1988-03-24 15:45:00,False,False
,10082456,Nevada,31,Washoe,,1988-02-28 08:00:00,PST,1988-02-28 08:00:00,0,0,0,0,0K,0,,F0,Unknown,0.2,10,,,,,41.4,-119.35,,,,,NV,1988-02-28 08:00:00,1988-02-28 08:00:00,False,False
,10082055,Nebraska,39,Cuming,,1988-05-20 15:20:00,CST,1988-05-20 15:20:00,0,0,0,0,250K,0,,F1,Unknown,0.5,20,,,,,41.77,-96.8,,,,,NE,1988-05-20 16:20:00,1988-05-20 16:20:00,True,True
,10103733,Oklahoma,115,Ottawa,,1988-09-18 04:00:00,CST,1988-09-18 04:00:00,0,0,0,0,2.5K,0,,F0,Unknown,2.5,33,,,,,36.85,-94.78,,,,,OK,1988-09-18 05:00:00,1988-09-18 05:00:00,True,True
,10103737,Oklahoma,27,Cleveland,,1988-09-23 17:00:00,CST,1988-09-23 17:00:00,0,0,0,0,0K,0,,F1,Unknown,0.5,80,,,,,35.17,-97.32,,,,,OK,1988-09-23 18:00:00,1988-09-23 18:00:00,True,True
,10082062,Nebraska,93,Howard,,1988-05-29 17:35:00,CST,1988-05-29 17:35:00,0,0,0,0,.25K,0,,F1,Unknown,0.5,40,,,,,41.15,-98.45,,,,,NE,1988-05-29 18:35:00,1988-05-29 18:35:00,True,True
,10082065,Nebraska,13,Box Butte,,1988-05-30 20:45:00,CST,1988-05-30 20:45:00,0,0,0,0,25K,0,,F1,Unknown,0.2,30,,,,,42.42,-102.88,,,,,NE,1988-05-30 21:45:00,1988-05-30 21:45:00,True,True
,10082066,Nebraska,135,Perkins,,1988-05-30 23:00:00,CST,1988-05-30 23:00:00,0,0,0,0,25K,0,,F1,Unknown,0.2,40,,,,,40.72,-101.35,,,,,NE,1988-05-31 00:00:00,1988-05-31 00:00:00,True,True
,10062132,Mississippi,133,Sunflower,,1988-11-26 09:28:00,CST,1988-11-26 09:28:00,0,0,0,0,2.5M,0,,F2,Unknown,2.0,40,,,,,33.73,-90.57,,,,,MS,1988-11-26 09:28:00,1988-11-26 09:28:00,False,False
,10062133,Mississippi,71,Lafayette,,1988-11-26 11:15:00,CST,1988-11-26 11:15:00,0,0,0,0,25K,0,,F1,Unknown,0.2,33,,,,,34.28,-89.42,,,,,MS,1988-11-26 11:15:00,1988-11-26 11:15:00,False,False
,10062134,Mississippi,149,Warren,,1988-11-26 12:00:00,CST,1988-11-26 12:00:00,0,0,0,0,2.5M,0,,F2,Unknown,9.0,600,,,,,32.45,-90.82,32.5,-90.67,,,MS,1988-11-26 12:00:00,1988-11-26 12:00:00,False,False
,10062141,Mississippi,7,Attala,,1988-11-26 13:40:00,CST,1988-11-26 13:40:00,0,0,0,0,0K,0,,F1,Unknown,2.5,63,,,,,33.05,-89.35,,,,,MS,1988-11-26 13:40:00,1988-11-26 13:40:00,False,False
,10082045,Nebraska,111,Lincoln,,1988-05-18 18:37:00,CST,1988-05-18 18:37:00,0,0,0,0,.03K,0,,F0,Unknown,0.1,23,,,,,41.05,-101.15,,,,,NE,1988-05-18 19:37:00,1988-05-18 19:37:00,True,True
,10082105,Nebraska,87,Hitchcock,,1988-07-14 20:35:00,CST,1988-07-14 20:35:00,0,0,0,0,25K,0,,F0,Unknown,0.5,20,,,,,40.27,-101.2,,,,,NE,1988-07-14 21:35:00,1988-07-14 21:35:00,True,True
,10051782,Michigan,131,Ontonagon,,1988-05-12 19:00:00,EST,1988-05-12 19:00:00,0,0,0,0,0K,0,,F0,Unknown,0.2,10,,,,,46.48,-89.12,,,,,MI,1988-05-12 20:00:00,1988-05-12 20:00:00,True,True
,10060784,Mississippi,141,Tishomingo,,1988-11-04 15:25:00,CST,1988-11-04 15:25:00,0,0,0,0,0K,0,,F1,Unknown,2.0,100,,,,,34.5,-88.32,,,,,MS,1988-11-04 15:25:00,1988-11-04 15:25:00,False,False
,10075156,New York,97,Schuyler,,1988-08-28 13:30:00,CST,1988-08-28 13:30:00,1,0,1,0,250K,0,,F1,Unknown,9.0,880,,,,,42.5,-76.87,42.52,-76.7,,,NY,1988-08-28 14:30:00,1988-08-28 14:30:00,True,True
,10075157,New York,109,Tompkins,,1988-08-28 13:42:00,CST,1988-08-28 13:42:00,0,0,0,0,250K,0,,F1,Unknown,4.0,880,,,,,42.52,-76.7,42.52,-76.62,,,NY,1988-08-28 14:42:00,1988-08-28 14:42:00,True,True
,10051761,Michigan,73,Isabella,,1988-04-03 15:15:00,EST,1988-04-03 15:15:00,6,0,0,0,25K,0,,F1,Unknown,1.0,40,,,,,43.8,-84.75,,,,,MI,1988-04-03 16:15:00,1988-04-03 16:15:00,True,True
,10045481,Louisiana,33,East Baton Rouge,,1988-05-21 09:00:00,CST,1988-05-21 09:00:00,0,0,0,0,250K,0,,F1,Unknown,0.8,73,,,,,30.58,-91.17,,,,,LA,1988-05-21 10:00:00,1988-05-21 10:00:00,True,True
,10045483,Louisiana,63,Livingston,,1988-05-21 10:07:00,CST,1988-05-21 10:07:00,0,0,0,0,250K,0,,F1,Unknown,1.0,100,,,,,30.5,-90.58,,,,,LA,1988-05-21 11:07:00,1988-05-21 11:07:00,True,True
,10052920,Michigan,87,Lapeer,,1988-07-25 18:50:00,EST,1988-07-25 18:50:00,0,0,0,0,0K,0,,F0,Unknown,0.2,10,,,,,43.05,-83.27,,,,,MI,1988-07-25 19:50:00,1988-07-25 19:50:00,True,True
,10052921,Michigan,93,Livingston,,1988-07-25 18:58:00,EST,1988-07-25 18:58:00,0,0,0,0,0K,0,,F0,Unknown,0.2,10,,,,,42.7,-83.75,,,,,MI,1988-07-25 19:58:00,1988-07-25 19:58:00,True,True
,10082093,Nebraska,23,Butler,,1988-07-08 11:30:00,CST,1988-07-08 11:30:00,0,0,0,0,2.5K,0,,F0,Unknown,0.2,40,,,,,41.33,-96.95,,,,,NE,1988-07-08 12:30:00,1988-07-08 12:30:00,True,True
,10082096,Nebraska,105,Kimball,,1988-07-08 17:43:00,CST,1988-07-08 17:43:00,0,0,0,0,.25K,0,,F0,Unknown,0.2,20,,,,,41.1,-103.48,,,,,NE,1988-07-08 18:43:00,1988-07-08 18:43:00,True,True
,10052878,Michigan,159,Van Buren,,1988-07-15 15:30:00,EST,1988-07-15 15:30:00,0,0,0,0,25K,0,,F0,Unknown,0.1,20,,,,,42.22,-85.88,,,,,MI,1988-07-15 16:30:00,1988-07-15 16:30:00,True,True
,10052883,Michigan,149,St. Joseph,,1988-07-15 17:25:00,EST,1988-07-15 17:25:00,0,0,0,0,2.5K,0,,F1,Unknown,0.4,50,,,,,41.93,-85.77,,,,,MI,1988-07-15 18:25:00,1988-07-15 18:25:00,True,True
,10050145,Minnesota,35,Crow Wing,,1988-09-16 15:37:00,CST,1988-09-16 15:37:00,0,0,0,0,0K,0,,F0,Unknown,0.1,10,,,,,46.67,-93.75,,,,,MN,1988-09-16 16:37:00,1988-09-16 16:37:00,True,True
,10082919,North Dakota,17,Cass,,1988-07-23 18:30:00,CST,1988-07-23 18:30:00,0,0,0,0,250K,0,,F1,Unknown,0.2,13,,,,,46.65,-96.78,,,,,ND,1988-07-23 19:30:00,1988-07-23 19:30:00,True,True
,10082921,North Dakota,77,Richland,,1988-07-28 18:00:00,CST,1988-07-28 18:00:00,0,0,0,0,25K,0,,F0,Unknown,0.2,13,,,,,46.2,-96.98,,,,,ND,1988-07-28 19:00:00,1988-07-28 19:00:00,True,True
,10082922,North Dakota,29,Emmons,,1988-08-01 14:07:00,CST,1988-08-01 14:07:00,0,0,0,0,25K,0,,F1,Unknown,0.2,30,,,,,46.03,-100.3,,,,,ND,1988-08-01 15:07:00,1988-08-01 15:07:00,True,True
,10082923,North Dakota,29,Emmons,,1988-08-01 14:35:00,CST,1988-08-01 14:35:00,0,0,0,0,25K,0,,F1,Unknown,0.2,30,,,,,46.08,-99.92,,,,,ND,1988-08-01 15:35:00,1988-08-01 15:35:00,True,True
,10052900,Michigan,125,Oakland,,1988-07-22 16:00:00,EST,1988-07-22 16:00:00,0,0,0,0,0K,0,,F0,Unknown,0.2,10,,,,,42.7,-83.4,,,,,MI,1988-07-22 17:00:00,1988-07-22 17:00:00,True,True
,9985946,Colorado,125,Yuma,,1988-08-17 16:30:00,MST,1988-08-17 16:30:00,0,0,0,0,25K,0,,F1,Unknown,1.0,30,,,,,40.12,-102.12,,,,,CO,1988-08-17 17:30:00,1988-08-17 17:30:00,True,True
,10076963,New Mexico,25,Lea,,1988-05-20 15:06:00,MST,1988-05-20 15:06:00,0,0,0,0,0K,0,,F0,Unknown,0.2,10,,,,,32.93,-103.33,,,,,NM,1988-05-20 16:06:00,1988-05-20 16:06:00,True,True
,10046627,Louisiana,69,Natchitoches,,1988-11-19 16:08:00,CST,1988-11-19 16:08:00,0,0,0,0,0K,0,,F0,Unknown,0.2,10,,,,,32.15,-93.1,,,,,LA,1988-11-19 16:08:00,1988-11-19 16:08:00,False,False
,10076971,New Mexico,9,Curry,,1988-05-30 20:00:00,MST,1988-05-30 20:00:00,0,0,0,0,0K,0,,F0,Unknown,0.2,10,,,,,34.32,-103.2,,,,,NM,1988-05-30 21:00:00,1988-05-30 21:00:00,True,True
,10076973,New Mexico,41,Roosevelt,,1988-05-30 22:14:00,MST,1988-05-30 22:14:00,0,0,0,0,0K,0,,F0,Unknown,0.2,10,,,,,33.9,-103.67,,,,,NM,1988-05-30 23:14:00,1988-05-30 23:14:00,True,True
,10076976,New Mexico,37,Quay,,1988-06-13 20:25:00,MST,1988-06-13 20:25:00,0,0,0,0,0K,0,,F0,Unknown,0.2,10,,,,,34.82,-103.75,,,,,NM,1988-06-13 21:25:00,1988-06-13 21:25:00,True,True
,10115518,Pennsylvania,91,Montgomery,,1988-07-17 15:29:00,EST,1988-07-17 15:29:00,1,0,0,0,250K,0,,F1,Unknown,1.8,67,,,,,40.27,-75.65,,,,,PA,1988-07-17 16:29:00,1988-07-17 16:29:00,True,True
,10089384,North Carolina,97,Iredell,,1988-08-28 12:50:00,CST,1988-08-28 12:50:00,0,0,0,0,250K,0,,F1,Unknown,0.5,73,,,,,35.78,-80.9,,,,,NC,1988-08-28 13:50:00,1988-08-28 13:50:00,True,True
,10089385,North Carolina,51,Cumberland,,1988-08-28 15:05:00,EST,1988-08-28 15:05:00,0,0,0,0,250K,0,,F1,Unknown,0.3,40,,,,,35.22,-78.9,,,,,NC,1988-08-28 16:05:00,1988-08-28 16:05:00,True,True
,10089386,North Carolina,77,Granville,,1988-08-29 00:30:00,EDT,1988-08-29 00:30:00,1,0,0,0,250K,0,,F1,Unknown,0.5,50,,,,,36.38,-78.58,,,,,NC,1988-08-29 01:30:00,1988-08-29 01:30:00,True,True
,10049033,Minnesota,27,Clay,,1988-05-07 15:30:00,CST,1988-05-07 15:30:00,0,0,0,0,25K,0,,F1,Unknown,3.0,20,,,,,47.02,-96.35,47.07,-96.3,,,MN,1988-05-07 16:30:00,1988-05-07 16:30:00,True,True
,10070861,Missouri,119,Mcdonald,,1988-11-15 15:45:00,CST,1988-11-15 15:45:00,0,0,0,0,0K,0,,F2,Unknown,10.0,23,,,,,36.5,-94.23,36.63,-94.03,,,MO,1988-11-15 15:45:00,1988-11-15 15:45:00,False,False
,10070862,Missouri,97,Jasper,,1988-11-15 15:50:00,CST,1988-11-15 15:50:00,0,0,0,0,25K,0,,F1,Unknown,1.0,50,,,,,37.1,-94.23,,,,,MO,1988-11-15 15:50:00,1988-11-15 15:50:00,False,False
,10115530,Pennsylvania,91,Montgomery,,1988-07-26 12:40:00,EST,1988-07-26 12:40:00,0,0,0,0,250K,0,,F0,Unknown,1.5,50,,,,,40.27,-75.48,,,,,PA,1988-07-26 13:40:00,1988-07-26 13:40:00,True,True
,10101458,Oklahoma,17,Canadian,,1988-06-15 12:15:00,CST,1988-06-15 12:15:00,0,0,0,0,0K,0,,F0,Unknown,1.0,20,,,,,35.43,-97.93,,,,,OK,1988-06-15 13:15:00,1988-06-15 13:15:00,True,True
,10061002,Mississippi,141,Tishomingo,,1988-11-04 15:35:00,CST,1988-11-04 15:35:00,0,0,0,0,250K,0,,F1,Unknown,5.0,100,,,,,34.57,-88.23,34.53,-88.12,,,MS,1988-11-04 15:35:00,1988-11-04 15:35:00,False,False
,10061003,Mississippi,141,Tishomingo,,1988-11-04 15:40:00,CST,1988-11-04 15:40:00,0,0,0,0,250K,0,,F3,Unknown,7.0,200,,,,,34.88,-88.22,34.93,-88.12,,,MS,1988-11-04 15:40:00,1988-11-04 15:40:00,False,False
,10061012,Mississippi,69,Kemper,,1988-11-04 16:30:00,CST,1988-11-04 16:30:00,0,0,0,0,25K,0,,F1,Unknown,2.0,73,,,,,32.62,-88.65,,,,,MS,1988-11-04 16:30:00,1988-11-04 16:30:00,False,False
,10070865,Missouri,9,Barry,,1988-11-15 16:10:00,CST,1988-11-15 16:10:00,12,0,1,0,2.5M,0,,F2,Unknown,18.0,23,,,,,36.63,-94.03,36.75,-93.82,,,MO,1988-11-15 16:10:00,1988-11-15 16:10:00,False,False
,10070866,Missouri,83,Henry,,1988-11-15 16:55:00,CST,1988-11-15 16:55:00,0,0,0,0,25K,0,,F1,Unknown,0.5,50,,,,,38.53,-93.53,,,,,MO,1988-11-15 16:55:00,1988-11-15 16:55:00,False,False
,10070867,Missouri,101,Johnson,,1988-11-15 16:55:00,CST,1988-11-15 16:55:00,0,0,0,0,250K,0,,F1,Unknown,0.5,50,,,,,38.58,-93.7,,,,,MO,1988-11-15 16:55:00,1988-11-15 16:55:00,False,False
,10086275,North Dakota,93,Stutsman,,1988-05-07 16:35:00,CST,1988-05-07 16:35:00,0,0,0,0,0K,0,,F0,Unknown,0.2,13,,,,,46.9,-99.13,,,,,ND,1988-05-07 17:35:00,1988-05-07 17:35:00,True,True
,10086290,North Dakota,19,Cavalier,,1988-05-28 17:50:00,CST,1988-05-28 17:50:00,0,0,0,0,0K,0,,F0,Unknown,0.2,13,,,,,48.57,-98.1,,,,,ND,1988-05-28 18:50:00,1988-05-28 18:50:00,True,True
,10046607,Louisiana,65,Madison,,1988-11-03 15:10:00,CST,1988-11-03 15:10:00,0,0,0,0,0K,0,,F1,Unknown,0.2,10,,,,,32.48,-91.32,,,,,LA,1988-11-03 15:10:00,1988-11-03 15:10:00,False,False
,10115526,Pennsylvania,29,Chester,,1988-07-17 16:15:00,EST,1988-07-17 16:15:00,1,0,0,0,250K,0,,F1,Unknown,2.5,100,,,,,39.73,-75.97,,,,,PA,1988-07-17 17:15:00,1988-07-17 17:15:00,True,True
,10050119,Minnesota,19,Carver,,1988-08-02 14:05:00,CST,1988-08-02 14:05:00,0,0,0,0,25K,0,,F0,Unknown,0.3,13,,,,,44.85,-93.78,,,,,MN,1988-08-02 15:05:00,1988-08-02 15:05:00,True,True
,10050125,Minnesota,23,Chippewa,,1988-08-07 15:05:00,CST,1988-08-07 15:05:00,0,0,0,0,25K,0,,F1,Unknown,0.3,13,,,,,44.92,-95.47,,,,,MN,1988-08-07 16:05:00,1988-08-07 16:05:00,True,True
,10084023,North Dakota,9,Bottineau,,1988-08-16 19:45:00,CST,1988-08-16 19:45:00,0,0,0,0,0K,0,,F0,Unknown,0.2,13,,,,,48.62,-101.4,,,,,ND,1988-08-16 20:45:00,1988-08-16 20:45:00,True,True
,10084024,North Dakota,75,Renville,,1988-08-16 20:00:00,CST,1988-08-16 20:00:00,0,0,0,0,250K,0,,F0,Unknown,0.2,13,,,,,48.75,-101.5,,,,,ND,1988-08-16 21:00:00,1988-08-16 21:00:00,True,True
,10084025,North Dakota,75,Renville,,1988-08-16 20:00:00,CST,1988-08-16 20:00:00,0,0,0,0,25K,0,,F0,Unknown,0.2,13,,,,,48.87,-101.6,,,,,ND,1988-08-16 21:00:00,1988-08-16 21:00:00,True,True
,10084027,North Dakota,9,Bottineau,,1988-08-16 20:46:00,CST,1988-08-16 20:46:00,0,0,0,0,0K,0,,F0,Unknown,0.2,13,,,,,48.62,-100.28,,,,,ND,1988-08-16 21:46:00,1988-08-16 21:46:00,True,True
,10084029,North Dakota,79,Rolette,,1988-08-16 21:41:00,CST,1988-08-16 21:41:00,0,0,0,0,250K,0,,F1,Unknown,1.0,100,,,,,48.65,-99.83,,,,,ND,1988-08-16 22:41:00,1988-08-16 22:41:00,True,True
,10084030,North Dakota,95,Towner,,1988-08-16 22:13:00,CST,1988-08-16 22:13:00,0,0,0,0,0K,0,,F0,Unknown,0.2,13,,,,,48.48,-99.2,,,,,ND,1988-08-16 23:13:00,1988-08-16 23:13:00,True,True
,10070875,Missouri,77,Greene,,1988-11-15 17:28:00,CST,1988-11-15 17:28:00,0,0,0,0,0K,0,,F1,Unknown,0.5,30,,,,,37.2,-93.13,,,,,MO,1988-11-15 17:28:00,1988-11-15 17:28:00,False,False
,10070876,Missouri,159,Pettis,,1988-11-15 17:30:00,CST,1988-11-15 17:30:00,0,0,0,0,0K,0,,F0,Unknown,0.5,30,,,,,38.7,-93.15,,,,,MO,1988-11-15 17:30:00,1988-11-15 17:30:00,False,False
,10070896,Missouri,169,Pulaski,,1988-11-15 19:30:00,CST,1988-11-15 19:30:00,0,0,0,0,2.5M,0,,F2,Unknown,3.0,50,,,,,37.82,-92.23,37.85,-92.18,,,MO,1988-11-15 19:30:00,1988-11-15 19:30:00,False,False
,10076962,New Mexico,25,Lea,,1988-05-20 14:49:00,MST,1988-05-20 14:49:00,1,0,0,0,250K,0,,F0,Unknown,0.2,30,,,,,32.7,-103.13,,,,,NM,1988-05-20 15:49:00,1988-05-20 15:49:00,True,True
,10121593,Tennessee,75,Haywood,,1988-01-19 11:30:00,CST,1988-01-19 11:30:00,6,0,1,0,250K,0,,F2,Unknown,3.0,60,,,,,35.65,-89.22,35.68,-89.17,,,TN,1988-01-19 11:30:00,1988-01-19 11:30:00,False,False
,10121594,Tennessee,47,Fayette,,1988-01-19 11:52:00,CST,1988-01-19 11:52:00,24,0,3,0,2.5M,0,,F3,Unknown,22.0,200,,,,,35.07,-89.45,35.97,-88.05,,,TN,1988-01-19 11:52:00,1988-01-19 11:52:00,False,False
,10121595,Tennessee,53,Gibson,,1988-01-19 11:58:00,CST,1988-01-19 11:58:00,0,0,1,0,250K,0,,F2,Unknown,4.0,60,,,,,35.82,-88.9,35.85,-88.82,,,TN,1988-01-19 11:58:00,1988-01-19 11:58:00,False,False
,10121596,Tennessee,17,Carroll,,1988-01-19 13:05:00,CST,1988-01-19 13:05:00,0,0,0,0,25K,0,,F1,Unknown,1.5,30,,,,,36.07,-88.5,,,,,TN,1988-01-19 13:05:00,1988-01-19 13:05:00,False,False
,10076993,New Mexico,43,Sandoval,,1988-09-13 15:30:00,MST,1988-09-13 15:30:00,0,0,0,0,250K,0,,F1,Unknown,0.2,10,,,,,35.28,-106.58,,,,,NM,1988-09-13 16:30:00,1988-09-13 16:30:00,True,True
,10076997,New Mexico,13,Dona Ana,,1988-09-22 15:35:00,MST,1988-09-22 15:35:00,0,0,0,0,0K,0,,F0,Unknown,0.1,10,,,,,32.12,-106.7,,,,,NM,1988-09-22 16:35:00,1988-09-22 16:35:00,True,True
,10077000,New Mexico,5,Chaves,,1988-09-22 18:42:00,MST,1988-09-22 18:42:00,0,0,0,0,0K,0,,F0,Unknown,0.1,10,,,,,33.03,-104.52,,,,,NM,1988-09-22 19:42:00,1988-09-22 19:42:00,True,True
,10077001,New Mexico,5,Chaves,,1988-09-22 19:00:00,MST,1988-09-22 19:00:00,0,0,0,0,0K,0,,F0,Unknown,0.1,10,,,,,33.12,-104.37,,,,,NM,1988-09-22 20:00:00,1988-09-22 20:00:00,True,True
,10102908,Oklahoma,61,Haskell,,1988-11-15 15:30:00,CST,1988-11-15 15:30:00,0,0,0,0,25K,0,,F0,Unknown,0.5,50,,,,,35.15,-94.97,,,,,OK,1988-11-15 15:30:00,1988-11-15 15:30:00,False,False
,10037521,Kansas,91,Johnson,,1988-03-24 14:37:00,CST,1988-03-24 14:37:00,0,0,0,0,2.5K,0,,F0,Unknown,0.1,23,,,,,38.97,-94.98,,,,,KS,1988-03-24 14:37:00,1988-03-24 14:37:00,False,False
,10044362,Louisiana,45,Iberia,,1988-02-01 08:45:00,CST,1988-02-01 08:45:00,0,0,0,0,.25K,0,,F0,Unknown,0.2,10,,,,,30.0,-91.82,,,,,LA,1988-02-01 08:45:00,1988-02-01 08:45:00,False,False
,10061014,Mississippi,117,Prentiss,,1988-11-04 16:35:00,CST,1988-11-04 16:35:00,0,0,0,0,25K,0,,F1,Unknown,2.0,70,,,,,34.53,-88.47,,,,,MS,1988-11-04 16:35:00,1988-11-04 16:35:00,False,False
,10061015,Mississippi,101,Newton,,1988-11-04 16:45:00,CST,1988-11-04 16:45:00,0,0,0,0,250K,0,,F1,Unknown,4.0,100,,,,,32.57,-89.08,32.63,-88.98,,,MS,1988-11-04 16:45:00,1988-11-04 16:45:00,False,False
,10061016,Mississippi,95,Monroe,,1988-11-04 16:46:00,CST,1988-11-04 16:46:00,0,0,0,0,25K,0,,F1,Unknown,0.5,30,,,,,33.98,-88.5,,,,,MS,1988-11-04 16:46:00,1988-11-04 16:46:00,False,False
,10061025,Mississippi,153,Wayne,,1988-11-04 19:10:00,CST,1988-11-04 19:10:00,0,0,0,0,250K,0,,F3,Unknown,8.0,200,,,,,31.62,-88.6,31.62,-88.45,,,MS,1988-11-04 19:10:00,1988-11-04 19:10:00,False,False
,10061029,Mississippi,91,Marion,,1988-11-04 20:20:00,CST,1988-11-04 20:20:00,0,0,0,0,25K,0,,F1,Unknown,4.0,40,,,,,31.17,-89.83,31.18,-89.77,,,MS,1988-11-04 20:20:00,1988-11-04 20:20:00,False,False
,10061032,Mississippi,149,Warren,,1988-11-12 16:08:00,CST,1988-11-12 16:08:00,0,0,0,0,25K,0,,F1,Unknown,0.5,50,,,,,32.45,-90.88,,,,,MS,1988-11-12 16:08:00,1988-11-12 16:08:00,False,False
,10061034,Mississippi,49,Hinds,,1988-11-12 16:20:00,CST,1988-11-12 16:20:00,0,0,0,0,25K,0,,F1,Unknown,4.0,40,,,,,32.33,-90.63,32.33,-90.57,,,MS,1988-11-12 16:20:00,1988-11-12 16:20:00,False,False
,10061041,Mississippi,127,Simpson,,1988-11-19 11:48:00,CST,1988-11-19 11:48:00,0,0,0,0,25K,0,,F1,Unknown,2.0,43,,,,,31.83,-89.77,,,,,MS,1988-11-19 11:48:00,1988-11-19 11:48:00,False,False
,10061044,Mississippi,101,Newton,,1988-11-19 13:55:00,CST,1988-11-19 13:55:00,0,0,0,0,25K,0,,F1,Unknown,2.5,123,,,,,32.53,-89.23,,,,,MS,1988-11-19 13:55:00,1988-11-19 13:55:00,False,False
,10061470,Mississippi,75,Lauderdale,,1988-01-19 15:20:00,CST,1988-01-19 15:20:00,10,0,0,0,25K,0,,F1,Unknown,1.0,30,,,,,32.55,-88.5,,,,,MS,1988-01-19 15:20:00,1988-01-19 15:20:00,False,False
,10061472,Mississippi,47,Harrison,,1988-03-03 03:15:00,CST,1988-03-03 03:15:00,0,0,0,0,250K,0,,F2,Unknown,1.2,30,,,,,30.4,-88.9,,,,,MS,1988-03-03 03:15:00,1988-03-03 03:15:00,False,False
,10063219,Mississippi,105,Oktibbeha,,1988-05-22 18:05:00,CST,1988-05-22 18:05:00,0,0,0,0,250K,0,,F1,Unknown,1.5,73,,,,,33.47,-88.83,,,,,MS,1988-05-22 19:05:00,1988-05-22 19:05:00,True,True
,10081344,Nevada,17,Lincoln,,1988-10-06 15:05:00,PST,1988-10-06 15:05:00,0,0,0,0,0K,0,,F0,Unknown,3.0,10,,,,,37.67,-115.77,37.65,-115.72,,,NV,1988-10-06 16:05:00,1988-10-06 16:05:00,True,True
,10044367,Louisiana,55,Lafayette,,1988-03-02 20:21:00,CST,1988-03-02 20:21:00,0,0,0,0,25M,0,,F1,Unknown,0.8,73,,,,,30.22,-92.02,,,,,LA,1988-03-02 20:21:00,1988-03-02 20:21:00,False,False
,10061040,Mississippi,5,Amite,,1988-11-19 08:10:00,CST,1988-11-19 08:10:00,0,0,0,0,250K,0,,F1,Unknown,2.0,120,,,,,31.03,-90.67,,,,,MS,1988-11-19 08:10:00,1988-11-19 08:10:00,False,False
,10048747,Minnesota,75,Lake,,1988-07-07 15:30:00,CST,1988-07-07 15:30:00,0,0,0,0,0K,0,,F1,Unknown,0.3,13,,,,,48.08,-91.6,,,,,MN,1988-07-07 16:30:00,1988-07-07 16:30:00,True,True
,9975901,Alabama,71,Jackson,,1988-05-09 18:25:00,CST,1988-05-09 18:25:00,0,0,0,0,25K,0,,F2,Unknown,14.0,50,,,,,34.83,-85.9,34.77,-85.55,,,AL,1988-05-09 19:25:00,1988-05-09 19:25:00,True,True
,9975902,Alabama,49,Dekalb,,1988-05-09 18:33:00,CST,1988-05-09 18:33:00,0,0,0,0,25K,0,,F2,Unknown,1.0,50,,,,,34.77,-85.55,34.75,-85.53,,,AL,1988-05-09 18:33:00,1988-05-09 18:33:00,False,False
,9985708,Colorado,39,Elbert,,1988-07-14 15:15:00,MST,1988-07-14 15:15:00,0,0,0,0,0K,0,,F1,Unknown,0.5,30,,,,,39.17,-103.88,,,,,CO,1988-07-14 16:15:00,1988-07-14 16:15:00,True,True
,10102925,Oklahoma,127,Pushmataha,,1988-11-25 16:56:00,CST,1988-11-25 16:56:00,0,0,0,0,25K,0,,F1,Unknown,1.5,70,,,,,34.3,-95.22,,,,,OK,1988-11-25 16:56:00,1988-11-25 16:56:00,False,False
,10052891,Michigan,21,Berrien,,1988-07-16 15:30:00,EST,1988-07-16 15:30:00,0,0,0,0,250K,0,,F0,Unknown,2.1,33,,,,,42.03,-86.43,,,,,MI,1988-07-16 16:30:00,1988-07-16 16:30:00,True,True
,10052895,Michigan,163,Wayne,,1988-07-16 20:31:00,EST,1988-07-16 20:31:00,0,0,0,0,0K,0,,F0,Unknown,0.3,13,,,,,42.07,-83.23,,,,,MI,1988-07-16 21:31:00,1988-07-16 21:31:00,True,True
,10061919,Mississippi,11,Bolivar,,1988-11-26 09:20:00,CST,1988-11-26 09:20:00,0,0,0,0,2.5K,0,,F1,Unknown,0.2,23,,,,,33.67,-90.73,,,,,MS,1988-11-26 09:20:00,1988-11-26 09:20:00,False,False
,10061459,Mississippi,7,Attala,,1988-01-19 11:10:00,CST,1988-01-19 11:10:00,0,0,0,0,250K,0,,F1,Unknown,1.5,40,,,,,32.97,-89.83,,,,,MS,1988-01-19 11:10:00,1988-01-19 11:10:00,False,False
,10061460,Mississippi,7,Attala,,1988-01-19 11:20:00,CST,1988-01-19 11:20:00,1,0,0,0,2.5M,0,,F4,Unknown,13.0,700,,,,,33.15,-89.58,33.27,-89.33,,,MS,1988-01-19 11:20:00,1988-01-19 11:20:00,False,False
,10061465,Mississippi,25,Clay,,1988-01-19 12:20:00,CST,1988-01-19 12:20:00,0,0,0,0,2.5M,0,,F3,Unknown,8.0,100,,,,,33.78,-88.87,33.82,-88.75,,,MS,1988-01-19 12:20:00,1988-01-19 12:20:00,False,False
,10061466,Mississippi,17,Chickasaw,,1988-01-19 12:32:00,CST,1988-01-19 12:32:00,0,0,0,0,2.5M,0,,F3,Unknown,2.0,100,,,,,33.82,-88.75,33.72,-88.77,,,MS,1988-01-19 12:32:00,1988-01-19 12:32:00,False,False
,10061453,Mississippi,11,Bolivar,,1988-01-19 10:00:00,CST,1988-01-19 10:00:00,0,0,0,0,25K,0,,F1,Unknown,11.0,33,,,,,33.67,-90.83,33.82,-90.73,,,MS,1988-01-19 10:00:00,1988-01-19 10:00:00,False,False
,10061455,Mississippi,33,De Soto,,1988-01-19 10:12:00,CST,1988-01-19 10:12:00,1,0,0,0,2.5M,0,,F2,Unknown,9.5,70,,,,,34.85,-90.12,34.95,-89.98,,,MS,1988-01-19 10:12:00,1988-01-19 10:12:00,False,False
,10045528,Louisiana,65,Madison,,1988-11-26 11:39:00,CST,1988-11-26 11:39:00,2,0,0,0,25K,0,,F1,Unknown,0.2,10,,,,,32.42,-91.12,,,,,LA,1988-11-26 11:39:00,1988-11-26 11:39:00,False,False
,10045535,Louisiana,115,Vernon,,1988-12-22 20:35:00,CST,1988-12-22 20:35:00,1,0,0,0,250K,0,,F1,Unknown,1.0,50,,,,,30.92,-93.28,,,,,LA,1988-12-22 20:35:00,1988-12-22 20:35:00,False,False
,10054018,Michigan,161,Washtenaw,,1988-08-04 13:40:00,CST,1988-08-04 13:40:00,0,0,0,0,250K,0,,F1,Unknown,0.3,400,,,,,42.4,-83.9,42.42,-83.92,,,MI,1988-08-04 14:40:00,1988-08-04 14:40:00,True,True
,10054019,Michigan,93,Livingston,,1988-08-04 13:41:00,CST,1988-08-04 13:41:00,0,0,0,0,250K,0,,F1,Unknown,0.3,400,,,,,42.42,-83.92,42.42,-83.92,,,MI,1988-08-04 14:41:00,1988-08-04 14:41:00,True,True
,10054033,Michigan,125,Oakland,,1988-08-05 14:07:00,CST,1988-08-05 14:07:00,0,0,0,0,0K,0,,F0,Unknown,0.5,50,,,,,42.73,-83.45,,,,,MI,1988-08-05 15:07:00,1988-08-05 15:07:00,True,True
,10062165,Mississippi,125,Sharkey,,1988-12-27 21:55:00,CST,1988-12-27 21:55:00,0,0,0,0,250K,0,,F1,Unknown,3.0,100,,,,,32.95,-90.82,32.97,-90.78,,,MS,1988-12-27 21:55:00,1988-12-27 21:55:00,False,False
,10062166,Mississippi,161,Yalobusha,,1988-12-27 22:00:00,CST,1988-12-27 22:00:00,0,0,0,0,250K,0,,F2,Unknown,5.0,73,,,,,34.15,-89.63,34.17,-89.55,,,MS,1988-12-27 22:00:00,1988-12-27 22:00:00,False,False
,10062168,Mississippi,53,Humphreys,,1988-12-27 22:25:00,CST,1988-12-27 22:25:00,0,0,0,0,250K,0,,F2,Unknown,10.0,73,,,,,33.08,-90.62,33.17,-90.47,,,MS,1988-12-27 22:25:00,1988-12-27 22:25:00,False,False
,10062175,Mississippi,89,Madison,,1988-12-28 00:30:00,CST,1988-12-28 00:30:00,0,0,0,0,0K,0,,F1,Unknown,0.3,30,,,,,32.43,-90.05,,,,,MS,1988-12-28 00:30:00,1988-12-28 00:30:00,False,False
,10062176,Mississippi,51,Holmes,,1988-12-28 00:30:00,CST,1988-12-28 00:30:00,0,0,0,0,250K,0,,F1,Unknown,1.5,70,,,,,33.18,-90.05,,,,,MS,1988-12-28 00:30:00,1988-12-28 00:30:00,False,False
,10062177,Mississippi,29,Copiah,,1988-12-28 01:00:00,CST,1988-12-28 01:00:00,0,0,0,0,0K,0,,F1,Unknown,4.0,73,,,,,31.83,-90.32,31.87,-90.22,,,MS,1988-12-28 01:00:00,1988-12-28 01:00:00,False,False
,10045471,Louisiana,23,Cameron,,1988-05-21 06:06:00,CST,1988-05-21 06:06:00,0,0,0,0,25K,0,,F1,Unknown,0.5,60,,,,,29.82,-93.1,,,,,LA,1988-05-21 07:06:00,1988-05-21 07:06:00,True,True
,10045473,Louisiana,19,Calcasieu,,1988-05-21 06:35:00,CST,1988-05-21 06:35:00,1,0,0,0,25K,0,,F1,Unknown,0.8,73,,,,,30.1,-92.92,,,,,LA,1988-05-21 07:35:00,1988-05-21 07:35:00,True,True
,10054012,Michigan,53,Gogebic,,1988-08-03 20:15:00,EST,1988-08-03 20:15:00,0,0,0,0,0K,0,,F0,Unknown,0.2,20,,,,,46.58,-90.33,,,,,MI,1988-08-03 21:15:00,1988-08-03 21:15:00,True,True
,10062161,Mississippi,135,Tallahatchie,,1988-12-27 21:28:00,CST,1988-12-27 21:28:00,0,0,0,0,0K,0,,F1,Unknown,2.0,50,,,,,33.97,-89.93,,,,,MS,1988-12-27 21:28:00,1988-12-27 21:28:00,False,False
,10082942,North Dakota,49,Mchenry,,1988-08-14 17:40:00,CST,1988-08-14 17:40:00,0,0,0,0,0K,0,,F0,Unknown,0.2,13,,,,,48.42,-100.48,,,,,ND,1988-08-14 17:40:00,1988-08-14 17:40:00,False,False
,10086296,North Dakota,43,Kidder,,1988-06-12 09:20:00,CST,1988-06-12 09:20:00,1,0,0,0,250K,0,,F1,Unknown,0.5,50,,,,,46.87,-99.62,,,,,ND,1988-06-12 10:20:00,1988-06-12 10:20:00,True,True
,10086303,North Dakota,91,Steele,,1988-06-18 17:15:00,CST,1988-06-18 17:15:00,0,0,0,0,0K,0,,F0,Unknown,0.2,13,,,,,47.27,-97.85,,,,,ND,1988-06-18 18:15:00,1988-06-18 18:15:00,True,True
,10086304,North Dakota,91,Steele,,1988-06-18 17:15:00,CST,1988-06-18 17:15:00,0,0,0,0,25K,0,,F1,Unknown,1.0,150,,,,,47.42,-97.9,,,,,ND,1988-06-18 18:15:00,1988-06-18 18:15:00,True,True
,10086305,North Dakota,91,Steele,,1988-06-18 17:33:00,CST,1988-06-18 17:33:00,0,0,0,0,25K,0,,F1,Unknown,0.5,73,,,,,47.43,-97.73,,,,,ND,1988-06-18 18:33:00,1988-06-18 18:33:00,True,True
,10086306,North Dakota,91,Steele,,1988-06-18 17:55:00,CST,1988-06-18 17:55:00,0,0,0,0,0K,0,,F0,Unknown,0.2,13,,,,,47.5,-97.67,,,,,ND,1988-06-18 18:55:00,1988-06-18 18:55:00,True,True
,10122741,Tennessee,69,Hardeman,,1988-11-19 21:00:00,CST,1988-11-19 21:00:00,0,0,0,0,250K,0,,F2,Unknown,3.0,90,,,,,35.42,-88.9,35.42,-88.83,,,TN,1988-11-19 21:00:00,1988-11-19 21:00:00,False,False
,10122742,Tennessee,23,Chester,,1988-11-19 21:05:00,CST,1988-11-19 21:05:00,0,0,0,0,250K,0,,F2,Unknown,3.0,90,,,,,35.42,-88.83,35.45,-88.82,,,TN,1988-11-19 21:05:00,1988-11-19 21:05:00,False,False
,10122743,Tennessee,113,Madison,,1988-11-19 21:17:00,CST,1988-11-19 21:17:00,1,0,0,0,250K,0,,F2,Unknown,6.0,90,,,,,35.45,-88.82,35.52,-88.73,,,TN,1988-11-19 21:17:00,1988-11-19 21:17:00,False,False
,10122746,Tennessee,187,Williamson,,1988-12-24 06:04:00,CST,1988-12-24 06:04:00,7,0,1,0,25M,0,,F4,Unknown,6.0,150,,,,,35.92,-86.9,36.03,-86.78,,,TN,1988-12-24 06:04:00,1988-12-24 06:04:00,False,False
,10122725,Tennessee,113,Madison,,1988-11-04 15:40:00,CST,1988-11-04 15:40:00,0,0,0,0,2.5K,0,,F1,Unknown,3.0,50,,,,,35.73,-88.68,35.77,-88.6,,,TN,1988-11-04 15:40:00,1988-11-04 15:40:00,False,False
,10122727,Tennessee,181,Wayne,,1988-11-04 15:45:00,CST,1988-11-04 15:45:00,0,0,0,0,250K,0,,F2,Unknown,13.0,73,,,,,35.25,-87.83,35.42,-87.65,,,TN,1988-11-04 15:45:00,1988-11-04 15:45:00,False,False
,10088237,North Carolina,137,Pamlico,,1988-04-19 12:10:00,CST,1988-04-19 12:10:00,0,0,0,0,25K,0,,F1,Unknown,0.6,100,,,,,35.08,-76.72,,,,,NC,1988-04-19 13:10:00,1988-04-19 13:10:00,True,True
,10073966,New York,27,Dutchess,,1988-07-21 17:00:00,EST,1988-07-21 17:00:00,0,0,0,0,25K,0,,F1,Unknown,0.8,200,,,,,41.87,-73.72,,,,,NY,1988-07-21 18:00:00,1988-07-21 18:00:00,True,True
,10104787,Oklahoma,69,Johnston,,1988-05-02 16:27:00,CST,1988-05-02 16:27:00,0,0,0,0,25K,0,,F1,Unknown,10.0,80,,,,,34.23,-96.88,34.35,-96.73,,,OK,1988-05-02 17:27:00,1988-05-02 17:27:00,True,True
,10034687,Kansas,133,Neosho,,1988-11-15 14:05:00,CST,1988-11-15 14:05:00,0,0,0,0,25K,0,,F1,Unknown,0.1,20,,,,,37.45,-95.43,,,,,KS,1988-11-15 14:05:00,1988-11-15 14:05:00,False,False
,10034689,Kansas,177,Shawnee,,1988-11-15 14:06:00,CST,1988-11-15 14:06:00,22,0,0,0,2.5M,0,,F2,Unknown,5.0,70,,,,,39.05,-95.68,39.12,-95.6,,,KS,1988-11-15 14:06:00,1988-11-15 14:06:00,False,False
,10078747,Nebraska,7,Banner,,1988-08-09 14:55:00,CST,1988-08-09 14:55:00,0,0,0,0,2.5K,0,,F1,Unknown,12.0,40,,,,,41.6,-103.58,41.67,-103.37,,,NE,1988-08-09 15:55:00,1988-08-09 15:55:00,True,True
,10078748,Nebraska,123,Morrill,,1988-08-09 15:25:00,CST,1988-08-09 15:25:00,0,0,0,0,2.5K,0,,F1,Unknown,2.0,40,,,,,41.67,-103.37,41.67,-103.32,,,NE,1988-08-09 16:25:00,1988-08-09 16:25:00,True,True
,10121608,Tennessee,183,Weakley,,1988-05-03 17:10:00,CST,1988-05-03 17:10:00,0,0,0,0,25K,0,,F0,Unknown,1.5,50,,,,,36.22,-88.85,,,,,TN,1988-05-03 18:10:00,1988-05-03 18:10:00,True,True
,10075146,New York,107,Tioga,,1988-08-27 20:10:00,EST,1988-08-27 20:10:00,0,0,0,0,2.5M,0,,F1,Unknown,11.6,880,,,,,42.02,-76.37,42.07,-76.15,,,NY,1988-08-27 21:10:00,1988-08-27 21:10:00,True,True
,10122481,Tennessee,103,Lincoln,,1988-06-18 16:05:00,CST,1988-06-18 16:05:00,0,0,0,0,25K,0,,F2,Unknown,7.0,73,,,,,35.08,-86.45,35.0,-86.35,,,TN,1988-06-18 17:05:00,1988-06-18 17:05:00,True,True
,10070872,Missouri,77,Greene,,1988-11-15 17:15:00,CST,1988-11-15 17:15:00,0,0,0,0,25M,0,,F1,Unknown,17.0,30,,,,,37.12,-93.5,37.25,-93.23,,,MO,1988-11-15 17:15:00,1988-11-15 17:15:00,False,False
,10071417,Montana,9,Carbon,,1988-03-23 13:30:00,MST,1988-03-23 13:30:00,0,0,0,0,.25K,0,,F0,Unknown,0.2,10,,,,,45.33,-108.87,,,,,MT,1988-03-23 13:30:00,1988-03-23 13:30:00,False,False
,10077302,New York,71,Orange,,1988-07-14 18:15:00,CST,1988-07-14 18:15:00,1,0,0,0,2.5M,0,,F3,Unknown,7.2,80,,,,,41.33,-74.53,41.33,-74.47,,,NY,1988-07-14 19:15:00,1988-07-14 19:15:00,True,True
,10082073,Nebraska,31,Cherry,,1988-06-13 17:35:00,CST,1988-06-13 17:35:00,0,0,0,0,.25K,0,,F0,Unknown,0.1,30,,,,,42.93,-101.7,,,,,NE,1988-06-13 18:35:00,1988-06-13 18:35:00,True,True
,10082080,Nebraska,145,Red Willow,,1988-06-19 17:05:00,CST,1988-06-19 17:05:00,0,0,0,0,.25K,0,,F1,Unknown,0.2,33,,,,,40.08,-100.47,,,,,NE,1988-06-19 18:05:00,1988-06-19 18:05:00,True,True
,10082085,Nebraska,33,Cheyenne,,1988-06-29 13:19:00,CST,1988-06-29 13:19:00,0,0,0,0,.25K,0,,F0,Unknown,0.1,20,,,,,41.25,-103.12,,,,,NE,1988-06-29 14:19:00,1988-06-29 14:19:00,True,True
,10082086,Nebraska,111,Lincoln,,1988-06-29 17:10:00,CST,1988-06-29 17:10:00,0,0,0,0,25K,0,,F0,Unknown,1.5,60,,,,,41.13,-100.82,,,,,NE,1988-06-29 18:10:00,1988-06-29 18:10:00,True,True
,10046596,Louisiana,19,Calcasieu,,1988-10-26 10:30:00,CST,1988-10-26 10:30:00,0,0,0,0,2.5K,0,,F1,Unknown,1.0,30,,,,,30.23,-93.37,,,,,LA,1988-10-26 11:30:00,1988-10-26 11:30:00,True,True
,10046597,Louisiana,19,Calcasieu,,1988-10-26 11:00:00,CST,1988-10-26 11:00:00,0,0,0,0,0K,0,,F0,Unknown,0.3,20,,,,,30.22,-93.22,,,,,LA,1988-10-26 12:00:00,1988-10-26 12:00:00,True,True
,10046598,Louisiana,1,Acadia,,1988-10-26 11:13:00,CST,1988-10-26 11:13:00,0,0,0,0,25K,0,,F1,Unknown,0.5,40,,,,,30.3,-92.37,,,,,LA,1988-10-26 12:13:00,1988-10-26 12:13:00,True,True
,10046599,Louisiana,53,Jefferson Davis,,1988-10-26 11:30:00,CST,1988-10-26 11:30:00,0,0,0,0,25K,0,,F1,Unknown,0.5,40,,,,,30.23,-92.75,,,,,LA,1988-10-26 12:30:00,1988-10-26 12:30:00,True,True
,10046603,Louisiana,99,St. Martin,,1988-10-26 13:00:00,CST,1988-10-26 13:00:00,0,0,0,0,25K,0,,F0,Unknown,0.3,30,,,,,30.1,-91.83,,,,,LA,1988-10-26 14:00:00,1988-10-26 14:00:00,True,True
,10046604,Louisiana,23,Cameron,,1988-11-03 14:15:00,CST,1988-11-03 14:15:00,0,0,0,0,0K,0,,F1,Unknown,1.0,50,,,,,29.77,-92.98,,,,,LA,1988-11-03 14:15:00,1988-11-03 14:15:00,False,False
,10046606,Louisiana,35,East Carroll,,1988-11-03 14:55:00,CST,1988-11-03 14:55:00,0,0,0,0,0K,0,,F1,Unknown,0.2,10,,,,,32.57,-91.38,,,,,LA,1988-11-03 14:55:00,1988-11-03 14:55:00,False,False
,10082089,Nebraska,137,Phelps,,1988-06-29 19:50:00,CST,1988-06-29 19:50:00,0,0,0,0,2.5M,0,,F1,Unknown,1.0,40,,,,,40.43,-99.35,,,,,NE,1988-06-29 20:50:00,1988-06-29 20:50:00,True,True
,10046575,Louisiana,103,St. Tammany,,1988-09-03 11:45:00,CST,1988-09-03 11:45:00,0,0,0,0,25K,0,,F1,Unknown,0.3,20,,,,,30.27,-89.78,,,,,LA,1988-09-03 12:45:00,1988-09-03 12:45:00,True,True
,10081544,New Jersey,39,Union,,1988-05-23 14:37:00,EST,1988-05-23 14:37:00,0,0,0,0,0K,0,,F0,Unknown,0.2,10,,,,,40.63,-74.27,,,,,NJ,1988-05-23 15:37:00,1988-05-23 15:37:00,True,True
,10070870,Missouri,159,Pettis,,1988-11-15 17:10:00,CST,1988-11-15 17:10:00,0,0,0,0,25K,0,,F1,Unknown,0.5,30,,,,,38.62,-93.4,,,,,MO,1988-11-15 17:10:00,1988-11-15 17:10:00,False,False
,10075109,New York,89,St. Lawrence,,1988-08-09 21:30:00,EST,1988-08-09 21:30:00,0,0,0,0,2.5K,0,,F0,Unknown,0.5,17,,,,,44.68,-74.98,,,,,NY,1988-08-09 22:30:00,1988-08-09 22:30:00,True,True
,10062149,Mississippi,11,Bolivar,,1988-12-22 21:45:00,CST,1988-12-22 21:45:00,0,0,0,0,250K,0,,F1,Unknown,0.8,40,,,,,33.6,-90.82,,,,,MS,1988-12-22 21:45:00,1988-12-22 21:45:00,False,False
,10062150,Mississippi,13,Calhoun,,1988-12-22 23:15:00,CST,1988-12-22 23:15:00,0,0,0,0,25K,0,,F1,Unknown,2.0,60,,,,,33.87,-89.17,33.87,-89.12,,,MS,1988-12-22 23:15:00,1988-12-22 23:15:00,False,False
,10062151,Mississippi,17,Chickasaw,,1988-12-22 23:19:00,CST,1988-12-22 23:19:00,0,0,0,0,25K,0,,F1,Unknown,3.0,60,,,,,33.87,-89.12,33.9,-89.1,,,MS,1988-12-22 23:19:00,1988-12-22 23:19:00,False,False
,10062152,Mississippi,17,Chickasaw,,1988-12-22 23:47:00,CST,1988-12-22 23:47:00,0,0,0,0,25K,0,,F1,Unknown,5.0,40,,,,,33.82,-88.9,33.9,-88.77,,,MS,1988-12-22 23:47:00,1988-12-22 23:47:00,False,False
,10062153,Mississippi,17,Chickasaw,,1988-12-22 23:55:00,CST,1988-12-22 23:55:00,0,0,0,0,250K,0,,F1,Unknown,2.0,50,,,,,33.92,-88.75,33.92,-88.72,,,MS,1988-12-22 23:55:00,1988-12-22 23:55:00,False,False
,10062154,Mississippi,95,Monroe,,1988-12-23 00:00:00,CST,1988-12-23 00:00:00,0,0,0,0,250K,0,,F1,Unknown,9.0,50,,,,,33.92,-88.72,33.98,-88.6,,,MS,1988-12-23 00:00:00,1988-12-23 00:00:00,False,False
,10062155,Mississippi,137,Tate,,1988-12-27 18:45:00,CST,1988-12-27 18:45:00,0,0,0,0,25K,0,,F1,Unknown,1.5,40,,,,,34.62,-90.05,,,,,MS,1988-12-27 18:45:00,1988-12-27 18:45:00,False,False
,10062157,Mississippi,107,Panola,,1988-12-27 20:21:00,CST,1988-12-27 20:21:00,0,0,0,0,25K,0,,F1,Unknown,1.0,30,,,,,34.38,-90.02,,,,,MS,1988-12-27 20:21:00,1988-12-27 20:21:00,False,False
,10062158,Mississippi,83,Leflore,,1988-12-27 20:57:00,CST,1988-12-27 20:57:00,0,0,0,0,250K,0,,F2,Unknown,6.0,73,,,,,33.73,-90.23,33.8,-90.18,,,MS,1988-12-27 20:57:00,1988-12-27 20:57:00,False,False
,10062159,Mississippi,135,Tallahatchie,,1988-12-27 21:05:00,CST,1988-12-27 21:05:00,0,0,0,0,250K,0,,F2,Unknown,12.0,73,,,,,33.82,-90.22,33.9,-90.1,,,MS,1988-12-27 21:05:00,1988-12-27 21:05:00,False,False
,10046576,Louisiana,103,St. Tammany,,1988-09-16 13:00:00,CST,1988-09-16 13:00:00,0,0,0,0,2.5K,0,,F0,Unknown,0.2,20,,,,,30.32,-89.93,,,,,LA,1988-09-16 14:00:00,1988-09-16 14:00:00,True,True
,10046578,Louisiana,51,Jefferson,,1988-09-25 16:40:00,CST,1988-09-25 16:40:00,0,0,0,0,2.5K,0,,F0,Unknown,0.2,20,,,,,29.9,-90.1,,,,,LA,1988-09-25 17:40:00,1988-09-25 17:40:00,True,True
,10046579,Louisiana,55,Lafayette,,1988-10-02 03:50:00,CST,1988-10-02 03:50:00,0,0,0,0,2.5K,0,,F0,Unknown,0.2,23,,,,,30.23,-92.12,,,,,LA,1988-10-02 04:50:00,1988-10-02 04:50:00,True,True
,10034453,Kansas,37,Crawford,,1988-11-09 16:53:00,CST,1988-11-09 16:53:00,2,0,0,0,250K,0,,F1,Unknown,3.0,50,,,,,37.42,-94.7,37.45,-94.65,,,KS,1988-11-09 16:53:00,1988-11-09 16:53:00,False,False
,10078742,Nebraska,111,Lincoln,,1988-08-03 15:22:00,CST,1988-08-03 15:22:00,0,0,0,0,.25K,0,,F0,Unknown,0.1,13,,,,,41.08,-101.13,,,,,NE,1988-08-03 16:22:00,1988-08-03 16:22:00,True,True
,10105500,Oklahoma,119,Payne,,1988-03-28 17:15:00,CST,1988-03-28 17:15:00,0,0,0,0,2.5K,0,,F0,Unknown,0.2,30,,,,,36.08,-96.77,,,,,OK,1988-03-28 17:15:00,1988-03-28 17:15:00,False,False
,10105501,Oklahoma,27,Cleveland,,1988-03-28 17:20:00,CST,1988-03-28 17:20:00,0,0,0,0,250K,0,,F1,Unknown,0.1,30,,,,,35.48,-97.53,,,,,OK,1988-03-28 17:20:00,1988-03-28 17:20:00,False,False
,10105505,Oklahoma,33,Cotton,,1988-03-28 17:35:00,CST,1988-03-28 17:35:00,0,0,0,0,0K,0,,F0,Unknown,0.1,20,,,,,34.25,-98.43,,,,,OK,1988-03-28 17:35:00,1988-03-28 17:35:00,False,False
,10105510,Oklahoma,109,Oklahoma,,1988-03-28 18:05:00,CST,1988-03-28 18:05:00,1,0,1,0,0K,0,,F1,Unknown,0.8,33,,,,,35.48,-97.53,,,,,OK,1988-03-28 18:05:00,1988-03-28 18:05:00,False,False
,10034690,Kansas,133,Neosho,,1988-11-15 14:15:00,CST,1988-11-15 14:15:00,0,0,0,0,25K,0,,F2,Unknown,7.5,50,,,,,37.4,-95.43,37.48,-95.32,,,KS,1988-11-15 14:15:00,1988-11-15 14:15:00,False,False
,10035369,Kansas,37,Crawford,,1988-11-09 16:50:00,CST,1988-11-09 16:50:00,0,0,0,0,250K,0,,F1,Unknown,0.2,30,,,,,37.37,-94.85,,,,,KS,1988-11-09 16:50:00,1988-11-09 16:50:00,False,False
,10078752,Nebraska,7,Banner,,1988-08-11 14:53:00,CST,1988-08-11 14:53:00,0,0,0,0,.25K,0,,F1,Unknown,0.1,20,,,,,41.55,-103.48,,,,,NE,1988-08-11 15:53:00,1988-08-11 15:53:00,True,True
,10081328,Nevada,33,White Pine,,1988-06-12 13:50:00,CST,1988-06-12 13:50:00,0,0,0,0,0K,0,,F0,Unknown,0.2,10,,,,,39.12,-114.72,,,,,NV,1988-06-12 14:50:00,1988-06-12 14:50:00,True,True
,10124691,South Dakota,109,Roberts,,1988-06-24 19:58:00,CST,1988-06-24 19:58:00,0,0,0,0,2.5K,0,,F0,Unknown,0.5,10,,,,,45.88,-97.05,,,,,SD,1988-06-24 20:58:00,1988-06-24 20:58:00,True,True
,10076955,New Mexico,25,Lea,,1988-04-16 15:48:00,CST,1988-04-16 15:48:00,0,0,0,0,0K,0,,F1,Unknown,0.2,10,,,,,32.23,-103.32,,,,,NM,1988-04-16 16:48:00,1988-04-16 16:48:00,True,True
,9985200,Delaware,3,New Castle,,1988-06-07 14:10:00,EDT,1988-06-07 14:10:00,0,0,0,0,2.5M,0,,F1,Unknown,13.0,100,,,,,39.45,-75.73,39.3,-75.6,,,DE,1988-06-07 15:10:00,1988-06-07 15:10:00,True,True
,9979308,Alabama,125,Tuscaloosa,,1988-11-20 00:53:00,CST,1988-11-20 00:53:00,8,0,0,0,2.5M,0,,F3,Unknown,0.5,400,,,,,33.2,-87.57,,,,,AL,1988-11-20 00:53:00,1988-11-20 00:53:00,False,False
,9979313,Alabama,127,Walker,,1988-11-26 17:55:00,CST,1988-11-26 17:55:00,0,0,0,0,0K,0,,F0,Unknown,0.3,13,,,,,33.98,-87.28,,,,,AL,1988-11-26 17:55:00,1988-11-26 17:55:00,False,False
,10071966,Missouri,195,Saline,,1988-03-24 16:51:00,CST,1988-03-24 16:51:00,0,0,0,0,0K,0,,F0,Unknown,0.5,50,,,,,38.97,-93.42,,,,,MO,1988-03-24 16:51:00,1988-03-24 16:51:00,False,False
,10072569,Montana,15,Chouteau,,1988-07-05 16:30:00,MST,1988-07-05 16:30:00,2,0,0,0,250K,0,,F3,Unknown,3.0,200,,,,,47.72,-109.83,48.0,-109.47,,,MT,1988-07-05 17:30:00,1988-07-05 17:30:00,True,True
,10072570,Montana,15,Chouteau,,1988-07-05 16:45:00,MST,1988-07-05 16:45:00,0,0,0,0,25K,0,,F3,Unknown,12.0,200,,,,,47.97,-109.98,48.1,-109.83,,,MT,1988-07-05 17:45:00,1988-07-05 17:45:00,True,True
,10072571,Montana,15,Chouteau,,1988-07-05 16:45:00,MST,1988-07-05 16:45:00,0,0,0,0,2.5K,0,,F3,Unknown,10.0,200,,,,,47.87,-109.92,47.95,-109.77,,,MT,1988-07-05 17:45:00,1988-07-05 17:45:00,True,True
,10072573,Montana,13,Cascade,,1988-07-05 17:00:00,MST,1988-07-05 17:00:00,0,0,0,0,25K,0,,F1,Unknown,0.2,10,,,,,47.4,-111.52,,,,,MT,1988-07-05 18:00:00,1988-07-05 18:00:00,True,True
,10072575,Montana,15,Chouteau,,1988-07-05 17:40:00,MST,1988-07-05 17:40:00,0,0,0,0,0K,0,,F0,Unknown,0.2,10,,,,,47.93,-110.85,,,,,MT,1988-07-05 18:40:00,1988-07-05 18:40:00,True,True
,10072579,Montana,105,Valley,,1988-07-05 20:30:00,MST,1988-07-05 20:30:00,0,0,0,0,0K,0,,F0,Unknown,0.2,10,,,,,48.52,-106.03,,,,,MT,1988-07-05 21:30:00,1988-07-05 21:30:00,True,True
,10072580,Montana,105,Valley,,1988-07-05 20:30:00,MST,1988-07-05 20:30:00,0,0,0,0,0K,0,,F0,Unknown,0.2,10,,,,,48.52,-106.03,,,,,MT,1988-07-05 21:30:00,1988-07-05 21:30:00,True,True
,10072581,Montana,105,Valley,,1988-07-05 20:30:00,MST,1988-07-05 20:30:00,0,0,0,0,0K,0,,F0,Unknown,0.2,10,,,,,48.52,-106.03,,,,,MT,1988-07-05 21:30:00,1988-07-05 21:30:00,True,True
,10072582,Montana,105,Valley,,1988-07-05 20:30:00,MST,1988-07-05 20:30:00,0,0,0,0,0K,0,,F0,Unknown,0.2,10,,,,,48.52,-106.03,,,,,MT,1988-07-05 21:30:00,1988-07-05 21:30:00,True,True
,10072583,Montana,105,Valley,,1988-07-05 20:30:00,MST,1988-07-05 20:30:00,0,0,0,0,0K,0,,F0,Unknown,0.2,10,,,,,48.52,-106.03,,,,,MT,1988-07-05 21:30:00,1988-07-05 21:30:00,True,True
,10072584,Montana,91,Sheridan,,1988-07-05 22:00:00,MST,1988-07-05 22:00:00,0,0,0,0,0K,0,,F0,Unknown,0.2,10,,,,,48.95,-104.05,,,,,MT,1988-07-05 23:00:00,1988-07-05 23:00:00,True,True
,10045461,Louisiana,1,Acadia,,1988-04-18 16:20:00,CST,1988-04-18 16:20:00,0,0,0,0,25K,0,,F0,Unknown,0.2,20,,,,,30.43,-92.32,,,,,LA,1988-04-18 17:20:00,1988-04-18 17:20:00,True,True
,10069747,Missouri,43,Christian,,1988-07-16 16:00:00,CST,1988-07-16 16:00:00,0,0,0,0,0K,0,,F0,Unknown,0.2,20,,,,,37.02,-93.22,,,,,MO,1988-07-16 17:00:00,1988-07-16 17:00:00,True,True
,10072587,Montana,39,Granite,,1988-08-11 19:00:00,MST,1988-08-11 19:00:00,0,0,0,0,0K,0,,F0,Unknown,2.0,23,,,,,46.42,-113.2,,,,,MT,1988-08-11 20:00:00,1988-08-11 20:00:00,True,True
,9985934,Colorado,73,Lincoln,,1988-07-28 18:00:00,MST,1988-07-28 18:00:00,0,0,0,0,0K,0,,F1,Unknown,1.0,30,,,,,39.42,-103.27,,,,,CO,1988-07-28 19:00:00,1988-07-28 19:00:00,True,True
,10064385,Mississippi,117,Prentiss,,1988-11-04 14:50:00,CST,1988-11-04 14:50:00,0,0,0,0,250K,0,,F3,Unknown,12.0,150,,,,,34.53,-88.52,34.65,-88.25,,,MS,1988-11-04 14:50:00,1988-11-04 14:50:00,False,False
,9979302,Alabama,129,Washington,,1988-11-04 19:05:00,CST,1988-11-04 19:05:00,0,0,0,0,0K,0,,F2,Unknown,12.0,200,,,,,31.63,-88.32,31.53,-88.05,,,AL,1988-11-04 19:05:00,1988-11-04 19:05:00,False,False
,10037568,Kansas,203,Wichita,,1988-05-27 17:30:00,CST,1988-05-27 17:30:00,0,0,0,0,0K,0,,F0,Unknown,0.1,20,,,,,38.48,-101.18,,,,,KS,1988-05-27 18:30:00,1988-05-27 18:30:00,True,True
,10071441,Montana,19,Daniels,,1988-06-08 19:30:00,MST,1988-06-08 19:30:00,0,0,0,0,0K,0,,F0,Unknown,0.2,10,,,,,48.8,-105.72,,,,,MT,1988-06-08 20:30:00,1988-06-08 20:30:00,True,True
,10071442,Montana,19,Daniels,,1988-06-08 19:30:00,MST,1988-06-08 19:30:00,0,0,0,0,0K,0,,F0,Unknown,0.2,10,,,,,48.8,-105.72,,,,,MT,1988-06-08 20:30:00,1988-06-08 20:30:00,True,True
,10071443,Montana,19,Daniels,,1988-06-08 19:30:00,MST,1988-06-08 19:30:00,0,0,0,0,0K,0,,F0,Unknown,0.2,10,,,,,48.8,-105.72,,,,,MT,1988-06-08 20:30:00,1988-06-08 20:30:00,True,True
,10071444,Montana,19,Daniels,,1988-06-08 19:30:00,MST,1988-06-08 19:30:00,0,0,0,0,0K,0,,F0,Unknown,0.2,10,,,,,48.8,-105.72,,,,,MT,1988-06-08 20:30:00,1988-06-08 20:30:00,True,True
,10034693,Kansas,87,Jefferson,,1988-11-15 14:30:00,CST,1988-11-15 14:30:00,0,0,0,0,.25K,0,,F0,Unknown,0.1,20,,,,,39.33,-95.52,,,,,KS,1988-11-15 14:30:00,1988-11-15 14:30:00,False,False
,10034695,Kansas,5,Atchison,,1988-11-15 14:45:00,CST,1988-11-15 14:45:00,0,0,0,0,.25K,0,,F0,Unknown,0.1,20,,,,,39.52,-95.4,,,,,KS,1988-11-15 14:45:00,1988-11-15 14:45:00,False,False
,10034696,Kansas,5,Atchison,,1988-11-15 14:55:00,CST,1988-11-15 14:55:00,0,0,0,0,25K,0,,F1,Unknown,0.5,40,,,,,39.63,-95.35,,,,,KS,1988-11-15 14:55:00,1988-11-15 14:55:00,False,False
,9990781,Arkansas,19,Clark,,1988-05-08 18:56:00,CST,1988-05-08 18:56:00,0,0,0,0,250K,0,,F1,Unknown,0.2,30,,,,,34.12,-93.07,,,,,AR,1988-05-08 19:56:00,1988-05-08 19:56:00,True,True
,10071434,Montana,27,Fergus,,1988-06-08 17:00:00,MST,1988-06-08 17:00:00,0,0,0,0,2.5K,0,,F0,Unknown,0.2,10,,,,,47.43,-108.8,,,,,MT,1988-06-08 18:00:00,1988-06-08 18:00:00,True,True
,9979280,Alabama,33,Colbert,,1988-11-04 16:24:00,CST,1988-11-04 16:24:00,16,0,0,0,2.5M,0,,F3,Unknown,45.0,200,,,,,34.58,-88.08,34.73,-87.4,,,AL,1988-11-04 16:24:00,1988-11-04 16:24:00,False,False
,9979281,Alabama,77,Lauderdale,,1988-11-04 16:30:00,CST,1988-11-04 16:30:00,0,0,0,0,0K,0,,F0,Unknown,0.3,200,,,,,34.93,-87.83,,,,,AL,1988-11-04 16:30:00,1988-11-04 16:30:00,False,False
,9979287,Alabama,79,Lawrence,,1988-11-04 17:05:00,CST,1988-11-04 17:05:00,0,0,0,0,250K,0,,F3,Unknown,13.0,200,,,,,34.73,-87.4,34.73,-87.23,,,AL,1988-11-04 17:05:00,1988-11-04 17:05:00,False,False
,10072596,Montana,81,Ravalli,,1988-10-16 15:30:00,CST,1988-10-16 15:30:00,0,0,0,0,.25K,0,,F0,Unknown,0.2,10,,,,,46.25,-114.15,,,,,MT,1988-10-16 16:30:00,1988-10-16 16:30:00,True,True
,10069765,Missouri,31,Cape Girardeau,,1988-07-25 17:34:00,CST,1988-07-25 17:34:00,0,0,0,0,0K,0,,F1,Unknown,0.2,50,,,,,37.23,-89.67,,,,,MO,1988-07-25 18:34:00,1988-07-25 18:34:00,True,True
,10081443,New Hampshire,5,Cheshire,,1988-07-14 15:20:00,EDT,1988-07-14 15:20:00,0,0,0,0,250K,0,,F1,Unknown,0.2,10,,,,,42.88,-72.47,,,,,NH,1988-07-14 16:20:00,1988-07-14 16:20:00,True,True
,10055182,Michigan,7,Alpena,,1988-09-03 14:15:00,CST,1988-09-03 14:15:00,0,0,0,0,0K,0,,F0,Unknown,0.1,10,,,,,45.17,-83.58,,,,,MI,1988-09-03 15:15:00,1988-09-03 15:15:00,True,True
,10044389,Louisiana,103,St. Tammany,,1988-04-02 05:55:00,CST,1988-04-02 05:55:00,0,0,0,0,2.5M,0,,F1,Unknown,1.7,60,,,,,30.27,-89.78,,,,,LA,1988-04-02 05:55:00,1988-04-02 05:55:00,False,False
,9985941,Colorado,69,Larimer,,1988-08-07 14:35:00,MST,1988-08-07 14:35:00,0,0,0,0,0K,0,,F0,Unknown,0.1,20,,,,,40.38,-105.6,,,,,CO,1988-08-07 15:35:00,1988-08-07 15:35:00,True,True
,9985945,Colorado,125,Yuma,,1988-08-16 14:15:00,MST,1988-08-16 14:15:00,0,0,0,0,2.5K,0,,F1,Unknown,0.5,30,,,,,40.08,-102.23,,,,,CO,1988-08-16 15:15:00,1988-08-16 15:15:00,True,True
,10054046,Michigan,67,Ionia,,1988-08-14 19:30:00,EST,1988-08-14 19:30:00,1,0,0,0,25K,0,,F1,Unknown,1.0,240,,,,,43.07,-85.02,,,,,MI,1988-08-14 20:30:00,1988-08-14 20:30:00,True,True
,10054050,Michigan,65,Ingham,,1988-08-14 20:56:00,EST,1988-08-14 20:56:00,0,0,1,0,2.5M,0,,F2,Unknown,3.3,127,,,,,42.7,-84.47,42.48,-84.17,,,MI,1988-08-14 21:56:00,1988-08-14 21:56:00,True,True
,10054051,Michigan,93,Livingston,,1988-08-14 21:00:00,CST,1988-08-14 21:00:00,0,0,0,0,2.5M,0,,F2,Unknown,23.3,127,,,,,42.48,-84.17,42.47,-84.08,,,MI,1988-08-14 22:00:00,1988-08-14 22:00:00,True,True
,10044369,Louisiana,33,East Baton Rouge,,1988-03-02 22:00:00,CST,1988-03-02 22:00:00,2,0,0,0,250K,0,,F1,Unknown,0.5,50,,,,,30.7,-91.05,,,,,LA,1988-03-02 22:00:00,1988-03-02 22:00:00,False,False
,10044376,Louisiana,9,Avoyelles,,1988-03-29 18:00:00,CST,1988-03-29 18:00:00,2,0,0,0,250K,0,,F1,Unknown,1.0,250,,,,,30.92,-92.18,,,,,LA,1988-03-29 18:00:00,1988-03-29 18:00:00,False,False
,10044380,Louisiana,17,Caddo,,1988-04-01 16:30:00,CST,1988-04-01 16:30:00,0,0,0,0,0K,0,,F1,Unknown,0.5,150,,,,,32.37,-93.73,,,,,LA,1988-04-01 16:30:00,1988-04-01 16:30:00,False,False
,10044381,Louisiana,15,Bossier,,1988-04-01 17:12:00,CST,1988-04-01 17:12:00,0,0,0,0,0K,0,,F1,Unknown,0.8,100,,,,,32.7,-93.67,,,,,LA,1988-04-01 17:12:00,1988-04-01 17:12:00,False,False
,10044382,Louisiana,15,Bossier,,1988-04-01 17:20:00,CST,1988-04-01 17:20:00,0,0,0,0,0K,0,,F1,Unknown,0.5,50,,,,,32.92,-93.62,,,,,LA,1988-04-01 17:20:00,1988-04-01 17:20:00,False,False
,10044383,Louisiana,17,Caddo,,1988-04-01 18:40:00,CST,1988-04-01 18:40:00,0,0,0,0,0K,0,,F1,Unknown,1.0,150,,,,,32.68,-93.97,,,,,LA,1988-04-01 18:40:00,1988-04-01 18:40:00,False,False
,10044905,Maine,1,Androscoggin,,1988-07-14 15:20:00,EDT,1988-07-14 15:20:00,0,0,0,0,2.5M,0,,F1,Unknown,0.2,10,,,,,44.25,-70.25,,,,,ME,1988-07-14 16:20:00,1988-07-14 16:20:00,True,True
,10037525,Kansas,75,Hamilton,,1988-05-02 10:00:00,CST,1988-05-02 10:00:00,0,0,0,0,2.5K,0,,F0,Unknown,0.1,20,,,,,38.03,-102.0,,,,,KS,1988-05-02 11:00:00,1988-05-02 11:00:00,True,True
,10037526,Kansas,71,Greeley,,1988-05-02 11:00:00,CST,1988-05-02 11:00:00,0,0,0,0,2.5K,0,,F1,Unknown,3.0,50,,,,,38.5,-101.82,38.52,-101.77,,,KS,1988-05-02 12:00:00,1988-05-02 12:00:00,True,True
,10037527,Kansas,171,Scott,,1988-05-02 14:50:00,CST,1988-05-02 14:50:00,0,0,0,0,0K,0,,F0,Unknown,0.1,20,,,,,38.45,-100.9,,,,,KS,1988-05-02 15:50:00,1988-05-02 15:50:00,True,True
,10037528,Kansas,145,Pawnee,,1988-05-02 16:05:00,CST,1988-05-02 16:05:00,0,0,0,0,25K,0,,F2,Unknown,5.0,70,,,,,38.2,-99.42,38.2,-99.32,,,KS,1988-05-02 17:05:00,1988-05-02 17:05:00,True,True
,10037529,Kansas,159,Rice,,1988-05-02 18:17:00,CST,1988-05-02 18:17:00,0,0,0,0,0K,0,,F0,Unknown,0.3,20,,,,,38.32,-98.22,,,,,KS,1988-05-02 19:17:00,1988-05-02 19:17:00,True,True
,10037530,Kansas,173,Sedgwick,,1988-05-02 19:20:00,CST,1988-05-02 19:20:00,0,0,0,0,25K,0,,F1,Unknown,6.5,30,,,,,37.63,-97.78,37.7,-97.7,,,KS,1988-05-02 20:20:00,1988-05-02 20:20:00,True,True
,9987482,Delaware,3,New Castle,,1988-07-21 17:45:00,EST,1988-07-21 17:45:00,0,0,0,0,0K,0,,F0,Unknown,0.2,20,,,,,39.68,-75.73,,,,,DE,1988-07-21 18:45:00,1988-07-21 18:45:00,True,True
,9975851,Alabama,69,Houston,,1988-04-18 17:45:00,CST,1988-04-18 17:45:00,0,0,0,0,0K,0,,F0,Unknown,1.0,50,,,,,31.03,-85.38,,,,,AL,1988-04-18 18:45:00,1988-04-18 18:45:00,True,True
,10051795,Michigan,59,Hillsdale,,1988-05-15 17:04:00,EST,1988-05-15 17:04:00,0,0,0,0,0K,0,,F0,Unknown,0.2,10,,,,,41.72,-84.42,,,,,MI,1988-05-15 18:04:00,1988-05-15 18:04:00,True,True
,10051797,Michigan,59,Hillsdale,,1988-05-15 17:06:00,EST,1988-05-15 17:06:00,0,0,0,0,0K,0,,F0,Unknown,0.2,10,,,,,41.73,-84.43,,,,,MI,1988-05-15 18:06:00,1988-05-15 18:06:00,True,True
,10051798,Michigan,91,Lenawee,,1988-05-15 17:19:00,EST,1988-05-15 17:19:00,1,0,0,0,2.5K,0,,F0,Unknown,0.2,10,,,,,41.88,-83.78,,,,,MI,1988-05-15 18:19:00,1988-05-15 18:19:00,True,True
,9984640,Colorado,1,Adams,,1988-06-05 15:05:00,MST,1988-06-05 15:05:00,0,0,0,0,250K,0,,F2,Unknown,1.0,50,,,,,40.0,-104.97,40.03,-104.98,,,CO,1988-06-05 16:05:00,1988-06-05 16:05:00,True,True
,9984641,Colorado,123,Weld,,1988-06-05 15:06:00,MST,1988-06-05 15:06:00,0,0,0,0,250K,0,,F2,Unknown,1.0,50,,,,,40.03,-104.98,40.03,-104.97,,,CO,1988-06-05 16:06:00,1988-06-05 16:06:00,True,True
,9984642,Colorado,13,Boulder,,1988-06-05 15:25:00,MST,1988-06-05 15:25:00,0,0,0,0,250K,0,,F2,Unknown,0.5,50,,,,,39.95,-105.07,,,,,CO,1988-06-05 16:25:00,1988-06-05 16:25:00,True,True
,10061065,Mississippi,81,Lee,,1988-11-19 22:15:00,CST,1988-11-19 22:15:00,11,0,2,0,2.5M,0,,F3,Unknown,12.5,120,,,,,34.12,-88.65,34.27,-88.63,,,MS,1988-11-19 22:15:00,1988-11-19 22:15:00,False,False
,10061066,Mississippi,115,Pontotoc,,1988-11-19 22:30:00,CST,1988-11-19 22:30:00,0,0,0,0,25K,0,,F1,Unknown,0.2,30,,,,,34.1,-89.15,,,,,MS,1988-11-19 22:30:00,1988-11-19 22:30:00,False,False
,10061045,Mississippi,11,Bolivar,,1988-11-19 18:00:00,CST,1988-11-19 18:00:00,0,0,0,0,2.5K,0,,F1,Unknown,0.3,40,,,,,33.67,-90.83,,,,,MS,1988-11-19 18:00:00,1988-11-19 18:00:00,False,False
,10061046,Mississippi,11,Bolivar,,1988-11-19 18:10:00,CST,1988-11-19 18:10:00,0,0,0,0,2.5K,0,,F1,Unknown,0.4,50,,,,,33.88,-90.73,,,,,MS,1988-11-19 18:10:00,1988-11-19 18:10:00,False,False
,10061047,Mississippi,133,Sunflower,,1988-11-19 18:25:00,CST,1988-11-19 18:25:00,3,0,0,0,250K,0,,F3,Unknown,4.0,100,,,,,33.9,-90.53,33.97,-90.5,,,MS,1988-11-19 18:25:00,1988-11-19 18:25:00,False,False
,10061051,Mississippi,107,Panola,,1988-11-19 19:15:00,CST,1988-11-19 19:15:00,0,0,0,0,25K,0,,F1,Unknown,1.0,50,,,,,34.32,-90.12,,,,,MS,1988-11-19 19:15:00,1988-11-19 19:15:00,False,False
,10061053,Mississippi,27,Coahoma,,1988-11-19 19:45:00,CST,1988-11-19 19:45:00,0,0,0,0,250K,0,,F1,Unknown,6.0,60,,,,,34.07,-90.58,34.1,-90.52,,,MS,1988-11-19 19:45:00,1988-11-19 19:45:00,False,False
,10061054,Mississippi,123,Scott,,1988-11-19 19:45:00,CST,1988-11-19 19:45:00,0,0,0,0,250K,0,,F2,Unknown,1.5,90,,,,,32.6,-89.77,32.63,-89.72,,,MS,1988-11-19 19:45:00,1988-11-19 19:45:00,False,False
,10061055,Mississippi,79,Leake,,1988-11-19 19:47:00,CST,1988-11-19 19:47:00,2,0,0,0,250K,0,,F2,Unknown,10.5,90,,,,,32.63,-89.72,32.67,-89.62,,,MS,1988-11-19 19:47:00,1988-11-19 19:47:00,False,False
,10061056,Mississippi,55,Issaquena,,1988-11-19 19:50:00,CST,1988-11-19 19:50:00,0,0,0,0,25K,0,,F1,Unknown,1.5,50,,,,,32.78,-90.98,,,,,MS,1988-11-19 19:50:00,1988-11-19 19:50:00,False,False
,10055154,Michigan,97,Mackinac,,1988-08-16 21:00:00,CST,1988-08-16 21:00:00,0,0,0,0,0K,0,,F1,Unknown,0.6,60,,,,,46.1,-85.4,,,,,MI,1988-08-16 22:00:00,1988-08-16 22:00:00,True,True
,9984806,Colorado,1,Adams,,1988-06-13 14:22:00,MST,1988-06-13 14:22:00,0,0,0,0,0K,0,,F1,Unknown,0.2,30,,,,,39.72,-104.3,,,,,CO,1988-06-13 15:22:00,1988-06-13 15:22:00,True,True
,9978176,Alabama,91,Marengo,,1988-05-24 17:00:00,CST,1988-05-24 17:00:00,0,0,0,0,0K,0,,F1,Unknown,0.5,50,,,,,32.28,-87.83,,,,,AL,1988-05-24 18:00:00,1988-05-24 18:00:00,True,True
,9978146,Alabama,107,Pickens,,1988-05-16 19:25:00,CST,1988-05-16 19:25:00,0,0,0,0,25K,0,,F1,Unknown,0.5,50,,,,,33.23,-88.27,,,,,AL,1988-05-16 20:25:00,1988-05-16 20:25:00,True,True
,9990744,Arkansas,19,Clark,,1988-03-24 22:47:00,CST,1988-03-24 22:47:00,0,0,0,0,25K,0,,F0,Unknown,0.2,100,,,,,33.98,-93.07,,,,,AR,1988-03-24 22:47:00,1988-03-24 22:47:00,False,False
,9990746,Arkansas,63,Independence,,1988-03-24 23:45:00,CST,1988-03-24 23:45:00,0,0,0,0,250K,0,,F2,Unknown,2.0,100,,,,,35.58,-91.75,,,,,AR,1988-03-24 23:45:00,1988-03-24 23:45:00,False,False
,9984797,Colorado,5,Arapahoe,,1988-06-10 16:17:00,MST,1988-06-10 16:17:00,0,0,0,0,0K,0,,F0,Unknown,0.2,20,,,,,39.72,-104.83,,,,,CO,1988-06-10 17:17:00,1988-06-10 17:17:00,True,True
,9984798,Colorado,5,Arapahoe,,1988-06-10 16:35:00,MST,1988-06-10 16:35:00,0,0,0,0,0K,0,,F0,Unknown,0.1,20,,,,,39.75,-104.83,,,,,CO,1988-06-10 17:35:00,1988-06-10 17:35:00,True,True
,9982989,Arizona,21,Pinal,,1988-07-20 19:00:00,MST,1988-07-20 19:00:00,0,0,0,0,25K,0,,F1,Unknown,0.5,30,,,,,32.82,-111.48,,,,,AZ,1988-07-20 19:00:00,1988-07-20 19:00:00,False,False
,9978976,Alabama,7,Bibb,,1988-01-19 18:15:00,CST,1988-01-19 18:15:00,0,0,0,0,250K,0,,F1,Unknown,2.0,440,,,,,33.02,-86.92,33.05,-86.92,,,AL,1988-01-19 18:15:00,1988-01-19 18:15:00,False,False
,9978977,Alabama,117,Shelby,,1988-01-19 18:18:00,CST,1988-01-19 18:18:00,0,0,0,0,250K,0,,F1,Unknown,4.0,440,,,,,33.05,-86.92,33.1,-86.87,,,AL,1988-01-19 18:18:00,1988-01-19 18:18:00,False,False
,9978985,Alabama,27,Clay,,1988-01-19 21:20:00,CST,1988-01-19 21:20:00,0,0,0,0,250K,0,,F1,Unknown,5.0,100,,,,,33.18,-85.8,33.25,-85.73,,,AL,1988-01-19 21:20:00,1988-01-19 21:20:00,False,False
,9978987,Alabama,91,Marengo,,1988-02-02 18:00:00,CST,1988-02-02 18:00:00,0,0,0,0,25K,0,,F1,Unknown,2.0,50,,,,,32.05,-87.8,,,,,AL,1988-02-02 18:00:00,1988-02-02 18:00:00,False,False
,10064369,Mississippi,45,Hancock,,1988-09-16 18:40:00,CST,1988-09-16 18:40:00,0,0,0,0,25K,0,,F1,Unknown,0.5,23,,,,,30.35,-89.38,,,,,MS,1988-09-16 19:40:00,1988-09-16 19:40:00,True,True
,10064373,Mississippi,11,Bolivar,,1988-09-24 20:05:00,CST,1988-09-24 20:05:00,0,0,0,0,0K,0,,F0,Unknown,0.5,50,,,,,33.55,-90.8,,,,,MS,1988-09-24 21:05:00,1988-09-24 21:05:00,True,True
,9984788,Colorado,1,Adams,,1988-06-08 18:05:00,MST,1988-06-08 18:05:00,0,0,0,0,0K,0,,F1,Unknown,1.5,30,,,,,39.93,-104.67,,,,,CO,1988-06-08 19:05:00,1988-06-08 19:05:00,True,True
,9984789,Colorado,1,Adams,,1988-06-08 18:24:00,MST,1988-06-08 18:24:00,0,0,0,0,0K,0,,F1,Unknown,0.5,30,,,,,39.85,-104.78,,,,,CO,1988-06-08 19:24:00,1988-06-08 19:24:00,True,True
,10072551,Montana,1,Beaverhead,,1988-07-03 15:30:00,MST,1988-07-03 15:30:00,0,0,0,0,2.5K,0,,F1,Unknown,0.2,10,,,,,45.37,-113.42,,,,,MT,1988-07-03 16:30:00,1988-07-03 16:30:00,True,True
,9984811,Colorado,75,Logan,,1988-06-13 17:00:00,MST,1988-06-13 17:00:00,0,0,0,0,250K,0,,F2,Unknown,1.5,50,,,,,40.87,-102.93,,,,,CO,1988-06-13 18:00:00,1988-06-13 18:00:00,True,True
,9984816,Colorado,1,Adams,,1988-06-15 16:03:00,MST,1988-06-15 16:03:00,0,0,0,0,2.5K,0,,F1,Unknown,2.0,100,,,,,39.88,-104.73,,,,,CO,1988-06-15 17:03:00,1988-06-15 17:03:00,True,True
,9984817,Colorado,31,Denver,,1988-06-15 16:16:00,MST,1988-06-15 16:16:00,0,0,0,0,2.5M,0,,F2,Unknown,0.5,400,,,,,39.73,-104.93,,,,,CO,1988-06-15 17:16:00,1988-06-15 17:16:00,True,True
,9984818,Colorado,31,Denver,,1988-06-15 16:24:00,MST,1988-06-15 16:24:00,7,0,0,0,25M,0,,F3,Unknown,2.5,200,,,,,39.73,-104.93,,,,,CO,1988-06-15 17:24:00,1988-06-15 17:24:00,True,True
,9984819,Colorado,1,Adams,,1988-06-15 16:30:00,MST,1988-06-15 16:30:00,0,0,0,0,0K,0,,F1,Unknown,1.0,100,,,,,39.98,-104.8,,,,,CO,1988-06-15 17:30:00,1988-06-15 17:30:00,True,True
,9984820,Colorado,69,Larimer,,1988-06-15 16:38:00,MST,1988-06-15 16:38:00,0,0,0,0,2.5K,0,,F1,Unknown,1.0,50,,,,,40.67,-105.03,,,,,CO,1988-06-15 17:38:00,1988-06-15 17:38:00,True,True
,9984824,Colorado,1,Adams,,1988-06-22 16:30:00,MST,1988-06-22 16:30:00,0,0,0,0,0K,0,,F1,Unknown,0.5,40,,,,,39.98,-104.8,,,,,CO,1988-06-22 17:30:00,1988-06-22 17:30:00,True,True
,10070904,Missouri,183,St. Charles,,1988-11-15 20:15:00,CST,1988-11-15 20:15:00,0,0,0,0,25K,0,,F1,Unknown,0.5,50,,,,,38.82,-90.85,,,,,MO,1988-11-15 20:15:00,1988-11-15 20:15:00,False,False
,10070905,Missouri,183,St. Charles,,1988-11-15 20:25:00,CST,1988-11-15 20:25:00,10,0,0,0,2.5M,0,,F3,Unknown,1.0,200,,,,,38.8,-90.7,,,,,MO,1988-11-15 20:25:00,1988-11-15 20:25:00,False,False
,10064376,Mississippi,5,Amite,,1988-10-02 18:30:00,CST,1988-10-02 18:30:00,0,0,0,0,25K,0,,F1,Unknown,1.0,60,,,,,31.17,-90.7,,,,,MS,1988-10-02 19:30:00,1988-10-02 19:30:00,True,True
,9985919,Colorado,87,Morgan,,1988-07-18 18:56:00,MST,1988-07-18 18:56:00,0,0,0,0,0K,0,,F1,Unknown,0.3,30,,,,,40.25,-103.73,,,,,CO,1988-07-18 19:56:00,1988-07-18 19:56:00,True,True
,10073056,Missouri,215,Texas,,1988-03-24 21:00:00,CST,1988-03-24 21:00:00,5,0,0,0,2.5M,0,,F2,Unknown,12.0,50,,,,,37.33,-91.92,37.4,-91.78,,,MO,1988-03-24 21:00:00,1988-03-24 21:00:00,False,False
,9984826,Colorado,1,Adams,,1988-06-25 13:35:00,MST,1988-06-25 13:35:00,0,0,0,0,0K,0,,F1,Unknown,0.5,30,,,,,39.73,-104.6,,,,,CO,1988-06-25 14:35:00,1988-06-25 14:35:00,True,True
,9984827,Colorado,1,Adams,,1988-06-25 13:55:00,CST,1988-06-25 13:55:00,0,0,0,0,0K,0,,F1,Unknown,0.5,40,,,,,39.93,-104.68,,,,,CO,1988-06-25 14:55:00,1988-06-25 14:55:00,True,True
,9984828,Colorado,69,Larimer,,1988-06-25 14:46:00,MST,1988-06-25 14:46:00,0,0,0,0,0K,0,,F1,Unknown,1.0,63,,,,,40.4,-104.95,,,,,CO,1988-06-25 15:46:00,1988-06-25 15:46:00,True,True
,9984832,Colorado,1,Adams,,1988-06-26 13:37:00,MST,1988-06-26 13:37:00,0,0,0,0,0K,0,,F1,Unknown,1.0,30,,,,,39.78,-104.6,,,,,CO,1988-06-26 14:37:00,1988-06-26 14:37:00,True,True
,9984834,Colorado,63,Kit Carson,,1988-07-07 13:30:00,CST,1988-07-07 13:30:00,0,0,0,0,0K,0,,F1,Unknown,0.5,30,,,,,39.3,-102.27,,,,,CO,1988-07-07 14:30:00,1988-07-07 14:30:00,True,True
,9984835,Colorado,123,Weld,,1988-07-07 18:12:00,MST,1988-07-07 18:12:00,0,0,0,0,0K,0,,F1,Unknown,0.5,30,,,,,40.53,-104.55,,,,,CO,1988-07-07 19:12:00,1988-07-07 19:12:00,True,True
,9984838,Colorado,1,Adams,,1988-07-08 15:01:00,MST,1988-07-08 15:01:00,0,0,0,0,0K,0,,F0,Unknown,0.5,13,,,,,39.93,-103.93,,,,,CO,1988-07-08 16:01:00,1988-07-08 16:01:00,True,True
,9984841,Colorado,1,Adams,,1988-07-08 17:00:00,MST,1988-07-08 17:00:00,0,0,0,0,0K,0,,F0,Unknown,1.0,20,,,,,39.87,-104.28,,,,,CO,1988-07-08 18:00:00,1988-07-08 18:00:00,True,True
,9984842,Colorado,1,Adams,,1988-07-08 17:15:00,MST,1988-07-08 17:15:00,0,0,0,0,0K,0,,F1,Unknown,1.5,30,,,,,39.85,-104.32,,,,,CO,1988-07-08 18:15:00,1988-07-08 18:15:00,True,True
,9984843,Colorado,1,Adams,,1988-07-08 17:17:00,MST,1988-07-08 17:17:00,0,0,0,0,0K,0,,F1,Unknown,0.5,30,,,,,39.72,-104.3,,,,,CO,1988-07-08 18:17:00,1988-07-08 18:17:00,True,True
,9984844,Colorado,75,Logan,,1988-07-08 17:31:00,MST,1988-07-08 17:31:00,0,0,0,0,0K,0,,F1,Unknown,1.5,40,,,,,40.77,-103.23,,,,,CO,1988-07-08 18:31:00,1988-07-08 18:31:00,True,True
,9984845,Colorado,75,Logan,,1988-07-08 17:31:00,MST,1988-07-08 17:31:00,0,0,0,0,0K,0,,F1,Unknown,1.0,40,,,,,40.63,-103.42,,,,,CO,1988-07-08 18:31:00,1988-07-08 18:31:00,True,True
,9984846,Colorado,75,Logan,,1988-07-08 17:45:00,MST,1988-07-08 17:45:00,0,0,0,0,0K,0,,F1,Unknown,0.5,30,,,,,40.68,-102.83,,,,,CO,1988-07-08 18:45:00,1988-07-08 18:45:00,True,True
,9978972,Alabama,43,Cullman,,1988-01-19 17:25:00,CST,1988-01-19 17:25:00,35,0,0,0,25M,0,,F3,Unknown,10.0,440,,,,,34.12,-86.9,34.25,-86.77,,,AL,1988-01-19 17:25:00,1988-01-19 17:25:00,False,False
,10062978,Mississippi,47,Harrison,,1988-05-10 16:05:00,CST,1988-05-10 16:05:00,0,0,0,0,25K,0,,F1,Unknown,1.5,50,,,,,30.53,-89.25,,,,,MS,1988-05-10 17:05:00,1988-05-10 17:05:00,True,True
,10071760,Missouri,65,Dent,,1988-11-15 20:55:00,CST,1988-11-15 20:55:00,0,0,0,0,0K,0,,F1,Unknown,17.0,73,,,,,37.75,-91.58,37.73,-91.32,,,MO,1988-11-15 20:55:00,1988-11-15 20:55:00,False,False
,9984847,Colorado,1,Adams,,1988-07-08 17:45:00,CST,1988-07-08 17:45:00,0,0,0,0,0K,0,,F1,Unknown,4.5,30,,,,,39.78,-104.55,39.77,-104.45,,,CO,1988-07-08 18:45:00,1988-07-08 18:45:00,True,True
,9984850,Colorado,1,Adams,,1988-07-09 20:11:00,MST,1988-07-09 20:11:00,0,0,0,0,0K,0,,F1,Unknown,1.0,30,,,,,39.75,-104.55,,,,,CO,1988-07-09 21:11:00,1988-07-09 21:11:00,True,True
,10054038,Michigan,31,Cheboygan,,1988-08-12 12:36:00,CST,1988-08-12 12:36:00,0,0,0,0,0K,0,,F1,Unknown,4.0,40,,,,,45.3,-84.27,45.3,-84.33,,,MI,1988-08-12 13:36:00,1988-08-12 13:36:00,True,True
,10054039,Michigan,7,Alpena,,1988-08-12 13:50:00,EST,1988-08-12 13:50:00,0,0,0,0,25K,0,,F1,Unknown,3.3,70,,,,,45.07,-83.73,45.05,-83.78,,,MI,1988-08-12 14:50:00,1988-08-12 14:50:00,True,True
,10055141,Michigan,7,Alpena,,1988-08-16 07:45:00,CST,1988-08-16 07:45:00,0,0,0,0,.25K,0,,F0,Unknown,0.2,10,,,,,44.88,-83.58,,,,,MI,1988-08-16 08:45:00,1988-08-16 08:45:00,True,True
,10062179,Mississippi,123,Scott,,1988-12-28 02:00:00,CST,1988-12-28 02:00:00,0,0,0,0,250K,0,,F1,Unknown,3.0,100,,,,,32.48,-89.48,32.52,-89.43,,,MS,1988-12-28 02:00:00,1988-12-28 02:00:00,False,False
,10102320,Oklahoma,119,Payne,,1988-06-26 19:00:00,CST,1988-06-26 19:00:00,0,0,0,0,25K,0,,F1,Unknown,1.0,40,,,,,36.0,-96.75,,,,,OK,1988-06-26 20:00:00,1988-06-26 20:00:00,True,True
,9989658,Arkansas,3,Ashley,,1988-01-19 06:20:00,CST,1988-01-19 06:20:00,13,0,0,0,2.5M,0,,F2,Unknown,15.0,600,,,,,33.13,-91.95,33.3,-91.82,,,AR,1988-01-19 06:20:00,1988-01-19 06:20:00,False,False
,10089406,North Carolina,139,Pasquotank,,1988-11-05 11:15:00,EST,1988-11-05 11:15:00,1,0,0,0,250K,0,,F2,Unknown,2.0,50,,,,,36.3,-76.22,,,,,NC,1988-11-05 11:15:00,1988-11-05 11:15:00,False,False
,10089407,North Carolina,53,Currituck,,1988-11-05 11:30:00,EST,1988-11-05 11:30:00,0,0,0,0,250K,0,,F1,Unknown,1.5,20,,,,,36.52,-76.17,,,,,NC,1988-11-05 11:30:00,1988-11-05 11:30:00,False,False
,10089408,North Carolina,187,Washington,,1988-11-17 08:00:00,EST,1988-11-17 08:00:00,1,0,0,0,250K,0,,F2,Unknown,2.0,50,,,,,35.88,-76.4,35.9,-76.35,,,NC,1988-11-17 08:00:00,1988-11-17 08:00:00,False,False
,10089409,North Carolina,177,Tyrrell,,1988-11-17 08:06:00,EST,1988-11-17 08:06:00,0,0,0,0,250K,0,,F2,Unknown,7.0,100,,,,,35.9,-76.35,35.93,-76.25,,,NC,1988-11-17 08:06:00,1988-11-17 08:06:00,False,False
,10089411,North Carolina,183,Wake,,1988-11-28 00:00:00,EST,1988-11-28 00:00:00,105,0,2,0,250M,0,,F4,Unknown,20.0,400,,,,,35.87,-78.75,35.97,-78.45,,,NC,1988-11-28 00:00:00,1988-11-28 00:00:00,False,False
,10089412,North Carolina,69,Franklin,,1988-11-28 00:20:00,EST,1988-11-28 00:20:00,17,0,0,0,25M,0,,F4,Unknown,21.0,200,,,,,35.97,-78.45,36.1,-78.07,,,NC,1988-11-28 00:20:00,1988-11-28 00:20:00,False,False
,10089413,North Carolina,127,Nash,,1988-11-28 00:55:00,EST,1988-11-28 00:55:00,22,0,2,0,2.5M,0,,F4,Unknown,10.0,200,,,,,36.1,-78.07,36.2,-77.82,,,NC,1988-11-28 00:55:00,1988-11-28 00:55:00,False,False
,10089414,North Carolina,83,Halifax,,1988-11-28 01:08:00,EST,1988-11-28 01:08:00,10,0,0,0,2.5M,0,,F4,Unknown,22.0,200,,,,,36.2,-77.82,36.35,-77.57,,,NC,1988-11-28 01:08:00,1988-11-28 01:08:00,False,False
,10089415,North Carolina,131,Northampton,,1988-11-28 01:35:00,CST,1988-11-28 01:35:00,0,0,0,0,2.5M,0,,F4,Unknown,10.0,100,,,,,36.35,-77.57,36.45,-77.42,,,NC,1988-11-28 01:35:00,1988-11-28 01:35:00,False,False
,10089416,North Carolina,131,Northampton,,1988-11-28 02:00:00,EST,1988-11-28 02:00:00,0,0,0,0,250K,0,,F2,Unknown,3.0,100,,,,,36.5,-77.32,36.55,-77.27,,,NC,1988-11-28 02:00:00,1988-11-28 02:00:00,False,False
,10089417,North Carolina,137,Pamlico,,1988-11-28 02:30:00,CST,1988-11-28 02:30:00,5,0,0,0,2.5M,0,,F1,Unknown,30.0,100,,,,,35.03,-76.72,35.22,-76.57,,,NC,1988-11-28 02:30:00,1988-11-28 02:30:00,False,False
,10089418,North Carolina,95,Hyde,,1988-11-28 03:09:00,EST,1988-11-28 03:09:00,1,0,0,0,250K,0,,F1,Unknown,4.0,50,,,,,35.52,-76.23,35.57,-76.18,,,NC,1988-11-28 03:09:00,1988-11-28 03:09:00,False,False
,10089419,North Carolina,55,Dare,,1988-11-28 04:41:00,EST,1988-11-28 04:41:00,0,0,0,0,250K,0,,F0,Unknown,1.0,50,,,,,35.9,-75.67,,,,,NC,1988-11-28 04:41:00,1988-11-28 04:41:00,False,False
,10118383,Pennsylvania,79,Luzerne,,1988-09-20 20:00:00,CST,1988-09-20 20:00:00,0,0,0,0,25K,0,,F1,Unknown,0.5,50,,,,,41.33,-75.97,,,,,PA,1988-09-20 21:00:00,1988-09-20 21:00:00,True,True
,10118386,Pennsylvania,13,Blair,,1988-11-05 12:35:00,EST,1988-11-05 12:35:00,0,0,0,0,2.5M,0,,F1,Unknown,1.0,20,,,,,40.4,-78.4,,,,,PA,1988-11-05 12:35:00,1988-11-05 12:35:00,False,False
,9997414,Georgia,145,Harris,,1988-04-18 08:15:00,EST,1988-04-18 08:15:00,0,0,0,0,250K,0,,F1,Unknown,0.8,150,,,,,32.68,-84.73,,,,,GA,1988-04-18 09:15:00,1988-04-18 09:15:00,True,True
,9997419,Georgia,87,Decatur,,1988-04-18 19:40:00,EST,1988-04-18 19:40:00,3,0,0,0,2.5M,0,,F2,Unknown,2.7,80,,,,,30.9,-84.65,,,,,GA,1988-04-18 20:40:00,1988-04-18 20:40:00,True,True
,10029441,Kentucky,163,Meade,,1988-07-18 13:05:00,CST,1988-07-18 13:05:00,0,0,0,0,25K,0,,F1,Unknown,0.2,100,,,,,37.83,-86.12,,,,,KY,1988-07-18 14:05:00,1988-07-18 14:05:00,True,True
,10029443,Kentucky,41,Carroll,,1988-07-20 15:30:00,CST,1988-07-20 15:30:00,0,0,0,0,25K,0,,F0,Unknown,0.1,30,,,,,38.67,-85.13,,,,,KY,1988-07-20 16:30:00,1988-07-20 16:30:00,True,True
,9988246,Colorado,1,Adams,,1988-04-21 15:35:00,MST,1988-04-21 15:35:00,0,0,0,0,0K,0,,F0,Unknown,0.2,30,,,,,39.92,-105.0,,,,,CO,1988-04-21 16:35:00,1988-04-21 16:35:00,True,True
,9988247,Colorado,43,Fremont,,1988-04-21 18:00:00,MST,1988-04-21 18:00:00,0,0,0,0,25K,0,,F1,Unknown,0.3,30,,,,,38.42,-105.02,,,,,CO,1988-04-21 19:00:00,1988-04-21 19:00:00,True,True
,9988248,Colorado,123,Weld,,1988-04-21 18:30:00,MST,1988-04-21 18:30:00,0,0,0,0,.25K,0,,F1,Unknown,0.5,40,,,,,40.5,-104.13,,,,,CO,1988-04-21 19:30:00,1988-04-21 19:30:00,True,True
,9988251,Colorado,123,Weld,,1988-04-24 13:04:00,MST,1988-04-24 13:04:00,0,0,0,0,0K,0,,F1,Unknown,2.0,40,,,,,40.52,-104.38,,,,,CO,1988-04-24 14:04:00,1988-04-24 14:04:00,True,True
,9988252,Colorado,99,Prowers,,1988-05-02 10:12:00,MST,1988-05-02 10:12:00,0,0,0,0,0K,0,,F1,Unknown,0.5,40,,,,,37.95,-102.12,,,,,CO,1988-05-02 11:12:00,1988-05-02 11:12:00,True,True
,9993054,Arkansas,71,Johnson,,1988-11-15 18:28:00,CST,1988-11-15 18:28:00,9,0,0,0,2.5M,0,,F2,Unknown,16.0,150,,,,,35.43,-93.42,35.67,-93.17,,,AR,1988-11-15 18:28:00,1988-11-15 18:28:00,False,False
,9993067,Arkansas,29,Conway,,1988-11-15 19:41:00,CST,1988-11-15 19:41:00,0,0,0,0,2.5M,0,,F3,Unknown,8.5,400,,,,,35.27,-92.6,35.33,-92.47,,,AR,1988-11-15 19:41:00,1988-11-15 19:41:00,False,False
,9993068,Arkansas,137,Stone,,1988-11-15 19:45:00,CST,1988-11-15 19:45:00,4,0,0,0,250K,0,,F2,Unknown,13.0,400,,,,,35.75,-92.35,35.92,-92.17,,,AR,1988-11-15 19:45:00,1988-11-15 19:45:00,False,False
,9993069,Arkansas,45,Faulkner,,1988-11-15 19:48:00,CST,1988-11-15 19:48:00,0,0,0,0,2.5M,0,,F3,Unknown,3.0,400,,,,,35.33,-92.47,35.38,-92.45,,,AR,1988-11-15 19:48:00,1988-11-15 19:48:00,False,False
,9993070,Arkansas,141,Van Buren,,1988-11-15 19:50:00,CST,1988-11-15 19:50:00,10,0,1,0,2.5M,0,,F3,Unknown,15.5,400,,,,,35.38,-92.45,35.52,-92.23,,,AR,1988-11-15 19:50:00,1988-11-15 19:50:00,False,False
,9993071,Arkansas,19,Clark,,1988-11-15 20:00:00,CST,1988-11-15 20:00:00,0,0,0,0,2.5M,0,,F2,Unknown,10.0,400,,,,,34.17,-93.38,34.28,-93.22,,,AR,1988-11-15 20:00:00,1988-11-15 20:00:00,False,False
,10016671,Indiana,127,Porter,,1988-08-03 13:30:00,EST,1988-08-03 13:30:00,0,0,0,0,.25K,0,,F1,Unknown,0.2,100,,,,,41.47,-87.05,,,,,IN,1988-08-03 14:30:00,1988-08-03 14:30:00,True,True
,10016675,Indiana,133,Putnam,,1988-08-03 17:05:00,EST,1988-08-03 17:05:00,0,0,0,0,25K,0,,F1,Unknown,0.0,40,,,,,39.5,-86.93,,,,,IN,1988-08-03 18:05:00,1988-08-03 18:05:00,True,True
,10101756,Oklahoma,77,Latimer,,1988-11-12 04:30:00,CST,1988-11-12 04:30:00,0,0,0,0,250K,0,,F1,Unknown,0.3,123,,,,,34.75,-95.08,,,,,OK,1988-11-12 04:30:00,1988-11-12 04:30:00,False,False
,10101757,Oklahoma,9,Beckham,,1988-11-15 08:40:00,CST,1988-11-15 08:40:00,0,0,0,0,.03K,0,,F0,Unknown,0.1,23,,,,,35.22,-99.87,,,,,OK,1988-11-15 08:40:00,1988-11-15 08:40:00,False,False
,10101772,Oklahoma,73,Kingfisher,,1988-11-15 10:30:00,CST,1988-11-15 10:30:00,0,0,0,0,250K,0,,F1,Unknown,3.0,50,,,,,36.1,-97.9,36.15,-97.83,,,OK,1988-11-15 10:30:00,1988-11-15 10:30:00,False,False
,10016702,Indiana,97,Marion,,1988-09-12 13:15:00,EST,1988-09-12 13:15:00,1,0,0,0,250K,0,,F1,Unknown,13.0,200,,,,,39.78,-86.3,39.93,-86.07,,,IN,1988-09-12 14:15:00,1988-09-12 14:15:00,True,True
,10081822,Nebraska,155,Saunders,,1988-05-07 21:25:00,CST,1988-05-07 21:25:00,0,0,0,0,2.5M,0,,F2,Unknown,7.0,73,,,,,41.12,-96.47,41.12,-96.33,,,NE,1988-05-07 22:25:00,1988-05-07 22:25:00,True,True
,10118171,Pennsylvania,131,Wyoming,,1988-08-28 17:50:00,EST,1988-08-28 17:50:00,0,0,0,0,250K,0,,F2,Unknown,1.5,60,,,,,41.57,-76.07,,,,,PA,1988-08-28 18:50:00,1988-08-28 18:50:00,True,True
,10001962,Florida,47,Hamilton,,1988-04-19 02:45:00,EST,1988-04-19 02:45:00,0,0,0,0,250K,0,,F2,Unknown,2.0,30,,,,,30.6,-83.25,,,,,FL,1988-04-19 03:45:00,1988-04-19 03:45:00,True,True
,10001964,Florida,69,Lake,,1988-04-19 10:32:00,EST,1988-04-19 10:32:00,0,0,0,0,250K,0,,F1,Unknown,2.0,50,,,,,28.63,-81.88,,,,,FL,1988-04-19 11:32:00,1988-04-19 11:32:00,True,True
,10024975,Iowa,123,Mahaska,,1988-05-08 13:06:00,CST,1988-05-08 13:06:00,0,0,0,0,250K,0,,F1,Unknown,6.0,40,,,,,41.28,-92.55,41.32,-92.47,,,IA,1988-05-08 14:06:00,1988-05-08 14:06:00,True,True
,10024976,Iowa,19,Buchanan,,1988-05-08 13:08:00,CST,1988-05-08 13:08:00,0,0,0,0,250K,0,,F1,Unknown,1.0,20,,,,,42.63,-92.07,42.63,-92.05,,,IA,1988-05-08 14:08:00,1988-05-08 14:08:00,True,True
,10024977,Iowa,101,Jefferson,,1988-05-08 13:09:00,CST,1988-05-08 13:09:00,0,0,0,0,25M,0,,F2,Unknown,27.0,60,,,,,40.92,-92.15,41.17,-91.82,,,IA,1988-05-08 14:09:00,1988-05-08 14:09:00,True,True
,10024978,Iowa,17,Bremer,,1988-05-08 13:15:00,CST,1988-05-08 13:15:00,0,0,0,0,250K,0,,F1,Unknown,1.5,33,,,,,42.67,-92.13,,,,,IA,1988-05-08 14:15:00,1988-05-08 14:15:00,True,True
,9988255,Colorado,125,Yuma,,1988-05-19 14:57:00,MST,1988-05-19 14:57:00,0,0,0,0,250K,0,,F2,Unknown,1.5,73,,,,,39.97,-102.38,,,,,CO,1988-05-19 15:57:00,1988-05-19 15:57:00,True,True
,9988256,Colorado,61,Kiowa,,1988-05-19 15:22:00,MST,1988-05-19 15:22:00,0,0,0,0,0K,0,,F1,Unknown,1.0,40,,,,,38.53,-102.92,,,,,CO,1988-05-19 16:22:00,1988-05-19 16:22:00,True,True
,9988261,Colorado,63,Kit Carson,,1988-05-30 20:30:00,MST,1988-05-30 20:30:00,0,0,0,0,25K,0,,F2,Unknown,1.0,50,,,,,39.3,-102.67,,,,,CO,1988-05-30 21:30:00,1988-05-30 21:30:00,True,True
,9988262,Colorado,99,Prowers,,1988-05-30 21:00:00,MST,1988-05-30 21:00:00,0,0,0,0,0K,0,,F0,Unknown,0.5,30,,,,,38.17,-102.72,,,,,CO,1988-05-30 22:00:00,1988-05-30 22:00:00,True,True
,9988264,Colorado,75,Logan,,1988-05-31 00:25:00,MST,1988-05-31 00:25:00,0,0,0,0,25K,0,,F1,Unknown,2.0,50,,,,,40.65,-103.2,,,,,CO,1988-05-31 01:25:00,1988-05-31 01:25:00,True,True
,10029429,Kentucky,13,Bell,,1988-05-09 20:17:00,CST,1988-05-09 20:17:00,15,0,1,0,25M,0,,F3,Unknown,5.0,500,,,,,36.6,-83.75,36.6,-83.65,,,KY,1988-05-09 21:17:00,1988-05-09 21:17:00,True,True
,10088222,North Carolina,41,Chowan,,1988-03-26 15:32:00,CST,1988-03-26 15:32:00,0,0,0,0,.25K,0,,F0,Unknown,0.2,50,,,,,36.32,-76.62,,,,,NC,1988-03-26 15:32:00,1988-03-26 15:32:00,False,False
,10088227,North Carolina,183,Wake,,1988-03-26 19:55:00,CST,1988-03-26 19:55:00,0,0,0,0,0K,0,,F0,Unknown,0.2,13,,,,,35.58,-78.9,,,,,NC,1988-03-26 19:55:00,1988-03-26 19:55:00,False,False
,10089402,North Carolina,109,Lincoln,,1988-10-02 11:15:00,EST,1988-10-02 11:15:00,0,0,0,0,2.5K,0,,F0,Unknown,0.5,60,,,,,35.47,-81.45,,,,,NC,1988-10-02 12:15:00,1988-10-02 12:15:00,True,True
,10002610,Illinois,173,Shelby,,1988-04-22 18:04:00,CST,1988-04-22 18:04:00,0,0,0,0,25K,0,,F0,Unknown,0.5,20,,,,,39.22,-88.98,,,,,IL,1988-04-22 19:04:00,1988-04-22 19:04:00,True,True
,10090453,North Carolina,93,Hoke,,1988-05-19 19:45:00,CST,1988-05-19 19:45:00,0,0,0,0,2.5K,0,,F0,Unknown,0.4,50,,,,,35.12,-79.35,,,,,NC,1988-05-19 20:45:00,1988-05-19 20:45:00,True,True
,10002632,Illinois,161,Rock Island,,1988-05-08 15:15:00,CST,1988-05-08 15:15:00,0,0,0,0,25K,0,,F1,Unknown,0.2,10,,,,,41.75,-90.23,41.75,-90.22,,,IL,1988-05-08 16:15:00,1988-05-08 16:15:00,True,True
,10162616,Wisconsin,85,Oneida,,1988-08-01 18:20:00,CST,1988-08-01 18:20:00,0,0,0,0,0K,0,,F0,Unknown,0.1,20,,,,,45.75,-89.72,,,,,WI,1988-08-01 19:20:00,1988-08-01 19:20:00,True,True
,10162617,Wisconsin,125,Vilas,,1988-08-01 18:52:00,CST,1988-08-01 18:52:00,0,0,0,0,25K,0,,F1,Unknown,1.0,50,,,,,45.92,-89.5,,,,,WI,1988-08-01 19:52:00,1988-08-01 19:52:00,True,True
,10162618,Wisconsin,125,Vilas,,1988-08-01 19:22:00,CST,1988-08-01 19:22:00,0,0,0,0,0K,0,,F0,Unknown,0.2,20,,,,,45.9,-89.22,,,,,WI,1988-08-01 20:22:00,1988-08-01 20:22:00,True,True
,10090479,North Carolina,179,Union,,1988-05-24 14:00:00,CST,1988-05-24 14:00:00,0,0,0,0,25K,0,,F1,Unknown,0.3,50,,,,,34.98,-80.57,,,,,NC,1988-05-24 15:00:00,1988-05-24 15:00:00,True,True
,9993076,Arkansas,51,Garland,,1988-11-15 20:26:00,CST,1988-11-15 20:26:00,0,0,0,0,2.5M,0,,F2,Unknown,5.0,400,,,,,34.38,-93.1,34.45,-93.02,,,AR,1988-11-15 20:26:00,1988-11-15 20:26:00,False,False
,9993077,Arkansas,65,Izard,,1988-11-15 20:30:00,CST,1988-11-15 20:30:00,1,0,0,0,250K,0,,F1,Unknown,10.0,300,,,,,36.13,-91.85,36.25,-91.7,,,AR,1988-11-15 20:30:00,1988-11-15 20:30:00,False,False
,9998888,Florida,15,Charlotte,,1988-09-05 17:25:00,CST,1988-09-05 17:25:00,0,0,0,0,25K,0,,F1,Unknown,1.0,20,,,,,26.97,-82.1,,,,,FL,1988-09-05 18:25:00,1988-09-05 18:25:00,True,True
,9998889,Florida,103,Pinellas,,1988-09-08 19:50:00,CST,1988-09-08 19:50:00,0,0,0,0,25K,0,,F0,Unknown,1.0,30,,,,,27.77,-82.67,,,,,FL,1988-09-08 20:50:00,1988-09-08 20:50:00,True,True
,9998890,Florida,5,Bay,,1988-09-10 07:00:00,CST,1988-09-10 07:00:00,0,0,0,0,2.5K,0,,F0,Unknown,1.0,30,,,,,30.25,-85.93,,,,,FL,1988-09-10 08:00:00,1988-09-10 08:00:00,True,True
,10162624,Wisconsin,3,Ashland,,1988-08-03 18:35:00,CST,1988-08-03 18:35:00,0,0,0,0,0K,0,,F0,Unknown,4.0,20,,,,,46.3,-90.92,46.35,-90.85,,,WI,1988-08-03 19:35:00,1988-08-03 19:35:00,True,True
,9985201,Delaware,1,Kent,,1988-06-07 14:35:00,EDT,1988-06-07 14:35:00,30,0,0,0,2.5M,0,,F1,Unknown,10.0,100,,,,,39.3,-75.6,39.33,-75.48,,,DE,1988-06-07 15:35:00,1988-06-07 15:35:00,True,True
,10082037,Nebraska,153,Sarpy,,1988-05-07 21:39:00,CST,1988-05-07 21:39:00,1,0,2,0,2.5M,0,,F2,Unknown,6.7,73,,,,,41.12,-96.33,41.18,-96.17,,,NE,1988-05-07 22:39:00,1988-05-07 22:39:00,True,True
,10082038,Nebraska,55,Douglas,,1988-05-07 21:52:00,CST,1988-05-07 21:52:00,0,0,0,0,2.5M,0,,F2,Unknown,2.5,73,,,,,41.18,-96.17,41.2,-96.12,,,NE,1988-05-07 22:52:00,1988-05-07 22:52:00,True,True
,10082042,Nebraska,7,Banner,,1988-05-17 12:25:00,CST,1988-05-17 12:25:00,0,0,0,0,.03K,0,,F1,Unknown,0.1,30,,,,,41.53,-103.78,,,,,NE,1988-05-17 13:25:00,1988-05-17 13:25:00,True,True
,10006019,Illinois,103,Lee,,1988-04-02 16:50:00,CST,1988-04-02 16:50:00,0,0,0,0,0K,0,,F0,Unknown,0.2,20,,,,,41.72,-89.57,,,,,IL,1988-04-02 16:50:00,1988-04-02 16:50:00,False,False
,10029416,Kentucky,217,Taylor,,1988-04-06 06:10:00,EST,1988-04-06 06:10:00,0,0,0,0,25K,0,,F0,Unknown,0.1,20,,,,,37.22,-85.35,,,,,KY,1988-04-06 07:10:00,1988-04-06 07:10:00,True,True
,9989109,California,107,Tulare,,1988-03-01 18:40:00,PST,1988-03-01 18:40:00,0,0,0,0,0K,0,,F0,Unknown,0.2,10,,,,,36.55,-119.28,,,,,CA,1988-03-01 18:40:00,1988-03-01 18:40:00,False,False
,9989110,California,77,San Joaquin,,1988-04-19 15:35:00,PDT,1988-04-19 15:35:00,0,0,0,0,25K,0,,F1,Unknown,0.2,23,,,,,38.17,-121.15,,,,,CA,1988-04-19 16:35:00,1988-04-19 16:35:00,True,True
,9989111,California,67,Sacramento,,1988-04-19 15:58:00,PDT,1988-04-19 15:58:00,0,0,0,0,250K,0,,F1,Unknown,1.0,30,,,,,38.68,-121.17,,,,,CA,1988-04-19 16:58:00,1988-04-19 16:58:00,True,True
,9989112,California,29,Kern,,1988-04-20 13:40:00,PDT,1988-04-20 13:40:00,0,0,0,0,2.5K,0,,F0,Unknown,0.2,10,,,,,35.07,-118.63,,,,,CA,1988-04-20 14:40:00,1988-04-20 14:40:00,True,True
,9993072,Arkansas,23,Cleburne,,1988-11-15 20:06:00,CST,1988-11-15 20:06:00,0,0,0,0,2.5M,0,,F3,Unknown,2.0,400,,,,,35.52,-92.23,35.52,-92.23,,,AR,1988-11-15 20:06:00,1988-11-15 20:06:00,False,False
,9993074,Arkansas,59,Hot Spring,,1988-11-15 20:12:00,CST,1988-11-15 20:12:00,4,0,0,0,2.5M,0,,F2,Unknown,12.0,400,,,,,34.28,-93.22,34.38,-93.1,,,AR,1988-11-15 20:12:00,1988-11-15 20:12:00,False,False
,10091600,North Carolina,133,Onslow,,1988-06-09 17:02:00,EST,1988-06-09 17:02:00,2,0,0,0,2.5M,0,,F1,Unknown,0.3,73,,,,,34.9,-77.53,,,,,NC,1988-06-09 18:02:00,1988-06-09 18:02:00,True,True
,10083808,North Dakota,9,Bottineau,,1988-08-16 19:41:00,CST,1988-08-16 19:41:00,0,0,0,0,0K,0,,F0,Unknown,0.2,13,,,,,48.85,-101.45,,,,,ND,1988-08-16 20:41:00,1988-08-16 20:41:00,True,True
,10083809,North Dakota,75,Renville,,1988-08-16 19:42:00,CST,1988-08-16 19:42:00,0,0,0,0,0K,0,,F0,Unknown,0.2,13,,,,,48.88,-101.62,,,,,ND,1988-08-16 20:42:00,1988-08-16 20:42:00,True,True
,9998892,Florida,131,Walton,,1988-09-10 12:38:00,CST,1988-09-10 12:38:00,0,0,0,0,2.5K,0,,F0,Unknown,1.0,30,,,,,30.5,-86.13,,,,,FL,1988-09-10 13:38:00,1988-09-10 13:38:00,True,True
,9998893,Florida,131,Walton,,1988-09-10 13:30:00,CST,1988-09-10 13:30:00,0,0,0,0,2.5K,0,,F0,Unknown,1.0,30,,,,,30.37,-86.12,,,,,FL,1988-09-10 14:30:00,1988-09-10 14:30:00,True,True
,9998895,Florida,15,Charlotte,,1988-09-21 15:30:00,CST,1988-09-21 15:30:00,0,0,0,0,2.5K,0,,F0,Unknown,1.0,30,,,,,26.97,-82.1,,,,,FL,1988-09-21 16:30:00,1988-09-21 16:30:00,True,True
,9998899,Florida,71,Lee,,1988-11-04 00:15:00,CST,1988-11-04 00:15:00,0,0,0,0,2.5M,0,,F2,Unknown,1.5,400,,,,,26.63,-81.85,,,,,FL,1988-11-04 00:15:00,1988-11-04 00:15:00,False,False
,9998900,Florida,19,Clay,,1988-11-04 01:30:00,CST,1988-11-04 01:30:00,0,0,0,0,25K,0,,F1,Unknown,1.0,40,,,,,30.0,-81.68,,,,,FL,1988-11-04 01:30:00,1988-11-04 01:30:00,False,False
,9998901,Florida,5,Bay,,1988-11-05 00:05:00,CST,1988-11-05 00:05:00,0,0,0,0,250K,0,,F1,Unknown,1.0,30,,,,,30.18,-85.8,,,,,FL,1988-11-05 00:05:00,1988-11-05 00:05:00,False,False
,9998902,Florida,79,Madison,,1988-11-05 00:15:00,CST,1988-11-05 00:15:00,3,0,1,0,25K,0,,F2,Unknown,8.0,50,,,,,30.37,-83.35,30.47,-83.25,,,FL,1988-11-05 00:15:00,1988-11-05 00:15:00,False,False
,9998904,Florida,131,Walton,,1988-11-05 00:44:00,CST,1988-11-05 00:44:00,0,0,0,0,25K,0,,F0,Unknown,1.0,30,,,,,30.37,-86.23,,,,,FL,1988-11-05 00:44:00,1988-11-05 00:44:00,False,False
,9998908,Florida,105,Polk,,1988-11-05 09:35:00,CST,1988-11-05 09:35:00,0,0,0,0,25K,0,,F1,Unknown,1.0,30,,,,,27.75,-81.8,,,,,FL,1988-11-05 09:35:00,1988-11-05 09:35:00,False,False
,9998913,Florida,103,Pinellas,,1988-11-22 23:32:00,CST,1988-11-22 23:32:00,0,0,0,0,2.5K,0,,F0,Unknown,1.0,30,,,,,27.77,-82.67,,,,,FL,1988-11-22 23:32:00,1988-11-22 23:32:00,False,False
,9998914,Florida,103,Pinellas,,1988-11-22 23:50:00,CST,1988-11-22 23:50:00,0,0,0,0,2.5K,0,,F0,Unknown,1.0,30,,,,,27.77,-82.67,,,,,FL,1988-11-22 23:50:00,1988-11-22 23:50:00,False,False
,9998915,Florida,103,Pinellas,,1988-12-11 14:59:00,CST,1988-12-11 14:59:00,0,0,0,0,250K,0,,F0,Unknown,1.0,30,,,,,27.77,-82.77,,,,,FL,1988-12-11 14:59:00,1988-12-11 14:59:00,False,False
,9998916,Florida,115,Sarasota,,1988-12-11 18:00:00,CST,1988-12-11 18:00:00,0,0,0,0,25K,0,,F0,Unknown,1.0,30,,,,,27.05,-82.42,,,,,FL,1988-12-11 18:00:00,1988-12-11 18:00:00,False,False
,10081114,Nevada,31,Washoe,,1988-02-28 08:00:00,PST,1988-02-28 08:00:00,0,0,0,0,0K,0,,F0,Unknown,0.2,10,,,,,41.4,-119.35,,,,,NV,1988-02-28 08:00:00,1988-02-28 08:00:00,False,False
,10010644,Hawaii,1,Hawaii,,1988-03-25 16:05:00,CST,1988-03-25 16:05:00,0,0,0,0,0K,0,,F1,Unknown,0.2,10,,,,,19.5,-155.5,,,,,HI,1988-03-25 16:05:00,1988-03-25 16:05:00,False,False
,10010645,Hawaii,1,Hawaii,,1988-03-26 17:40:00,CST,1988-03-26 17:40:00,0,0,0,0,0K,0,,F1,Unknown,0.2,10,,,,,19.5,-155.5,,,,,HI,1988-03-26 17:40:00,1988-03-26 17:40:00,False,False
,10101416,Oklahoma,103,Noble,,1988-06-02 12:09:00,CST,1988-06-02 12:09:00,0,0,0,0,0K,0,,F0,Unknown,0.5,50,,,,,36.5,-97.3,,,,,OK,1988-06-02 13:09:00,1988-06-02 13:09:00,True,True
,10002638,Illinois,141,Ogle,,1988-05-08 15:30:00,CST,1988-05-08 15:30:00,0,0,0,0,25K,0,,F1,Unknown,0.2,50,,,,,41.98,-89.28,,,,,IL,1988-05-08 16:30:00,1988-05-08 16:30:00,True,True
,10002643,Illinois,77,Jackson,,1988-05-08 15:40:00,CST,1988-05-08 15:40:00,0,0,0,0,2.5K,0,,F1,Unknown,0.2,13,,,,,37.88,-89.5,,,,,IL,1988-05-08 16:40:00,1988-05-08 16:40:00,True,True
,10006041,Illinois,63,Grundy,,1988-04-05 20:00:00,CST,1988-04-05 20:00:00,0,0,0,0,0K,0,,F2,Unknown,7.0,50,,,,,41.18,-88.28,41.27,-88.15,,,IL,1988-04-05 21:00:00,1988-04-05 21:00:00,True,True
,10006043,Illinois,197,Will,,1988-04-05 20:14:00,CST,1988-04-05 20:14:00,0,0,0,0,0K,0,,F2,Unknown,23.0,50,,,,,41.27,-88.15,41.5,-87.93,,,IL,1988-04-05 21:14:00,1988-04-05 21:14:00,True,True
,10124921,South Dakota,15,Brule,,1988-07-16 22:00:00,CST,1988-07-16 22:00:00,0,0,0,0,0K,0,,F0,Unknown,0.2,10,,,,,43.75,-98.95,,,,,SD,1988-07-16 23:00:00,1988-07-16 23:00:00,True,True
,10124926,South Dakota,17,Buffalo,,1988-07-23 16:00:00,CST,1988-07-23 16:00:00,0,0,0,0,0K,0,,F0,Unknown,0.2,10,,,,,44.05,-99.43,,,,,SD,1988-07-23 17:00:00,1988-07-23 17:00:00,True,True
,10124927,South Dakota,69,Hyde,,1988-07-23 17:10:00,CST,1988-07-23 17:10:00,0,0,0,0,0K,0,,F0,Unknown,1.4,30,,,,,44.25,-99.47,,,,,SD,1988-07-23 18:10:00,1988-07-23 18:10:00,True,True
,10122480,Tennessee,157,Shelby,,1988-05-22 16:30:00,CST,1988-05-22 16:30:00,0,0,0,0,2.5K,0,,F0,Unknown,3.0,50,,,,,35.35,-89.9,35.38,-89.85,,,TN,1988-05-22 17:30:00,1988-05-22 17:30:00,True,True
,10083806,North Dakota,9,Bottineau,,1988-08-16 19:30:00,CST,1988-08-16 19:30:00,0,0,0,0,0K,0,,F0,Unknown,0.2,13,,,,,48.68,-101.3,,,,,ND,1988-08-16 20:30:00,1988-08-16 20:30:00,True,True
,10091584,North Carolina,123,Montgomery,,1988-06-09 14:39:00,EST,1988-06-09 14:39:00,0,0,0,0,0K,0,,F1,Unknown,0.3,73,,,,,35.42,-80.0,,,,,NC,1988-06-09 15:39:00,1988-06-09 15:39:00,True,True
,10002608,Illinois,135,Montgomery,,1988-04-22 17:39:00,CST,1988-04-22 17:39:00,0,0,0,0,0K,0,,F0,Unknown,0.2,20,,,,,39.32,-89.58,,,,,IL,1988-04-22 18:39:00,1988-04-22 18:39:00,True,True
,9997432,Georgia,185,Lowndes,,1988-04-25 08:15:00,EST,1988-04-25 08:15:00,0,0,0,0,2.5M,0,,F1,Unknown,16.0,50,,,,,30.95,-83.37,30.9,-83.08,,,GA,1988-04-25 09:15:00,1988-04-25 09:15:00,True,True
,10002176,Florida,87,Monroe,,1988-04-25 11:05:00,EST,1988-04-25 11:05:00,0,0,0,0,.25K,0,,F0,Unknown,1.0,30,,,,,24.55,-81.65,,,,,FL,1988-04-25 11:05:00,1988-04-25 11:05:00,False,False
,10002177,Florida,93,Okeechobee,,1988-04-30 11:50:00,EST,1988-04-30 11:50:00,0,0,0,0,25K,0,,F1,Unknown,2.0,30,,,,,27.25,-80.83,,,,,FL,1988-04-30 12:50:00,1988-04-30 12:50:00,True,True
,10002179,Florida,99,Palm Beach,,1988-04-30 13:58:00,CST,1988-04-30 13:58:00,0,0,0,0,25K,0,,F1,Unknown,1.0,30,,,,,26.35,-80.08,,,,,FL,1988-04-30 14:58:00,1988-04-30 14:58:00,True,True
,10002186,Florida,127,Volusia,,1988-05-11 14:20:00,EST,1988-05-11 14:20:00,0,0,0,0,0K,0,,F0,Unknown,1.0,30,,,,,28.85,-80.85,,,,,FL,1988-05-11 15:20:00,1988-05-11 15:20:00,True,True
,9989101,California,59,Orange,,1988-01-18 12:00:00,PST,1988-01-18 12:00:00,0,0,0,0,.25K,0,,F0,Unknown,0.2,10,,,,,33.42,-117.62,,,,,CA,1988-01-18 12:00:00,1988-01-18 12:00:00,False,False
,10003726,Illinois,63,Grundy,,1988-05-08 17:00:00,CST,1988-05-08 17:00:00,0,0,0,0,250K,0,,F1,Unknown,1.0,10,,,,,41.2,-88.38,,,,,IL,1988-05-08 18:00:00,1988-05-08 18:00:00,True,True
,10082887,North Dakota,19,Cavalier,,1988-07-05 16:57:00,CST,1988-07-05 16:57:00,0,0,0,0,0K,0,,F0,Unknown,0.2,13,,,,,48.87,-98.18,,,,,ND,1988-07-05 17:57:00,1988-07-05 17:57:00,True,True
,10082889,North Dakota,19,Cavalier,,1988-07-05 17:17:00,CST,1988-07-05 17:17:00,0,0,0,0,0K,0,,F0,Unknown,0.2,13,,,,,48.9,-98.73,,,,,ND,1988-07-05 18:17:00,1988-07-05 18:17:00,True,True
,10082892,North Dakota,3,Barnes,,1988-07-05 19:50:00,CST,1988-07-05 19:50:00,0,0,0,0,25K,0,,F0,Unknown,0.2,10,,,,,47.07,-98.2,,,,,ND,1988-07-05 20:50:00,1988-07-05 20:50:00,True,True
,10082910,North Dakota,17,Cass,,1988-07-12 19:56:00,CST,1988-07-12 19:56:00,0,0,0,0,0K,0,,F0,Unknown,0.2,13,,,,,47.15,-97.07,,,,,ND,1988-07-12 20:56:00,1988-07-12 20:56:00,True,True
,10082912,North Dakota,17,Cass,,1988-07-12 20:55:00,CST,1988-07-12 20:55:00,0,0,0,0,0K,0,,F0,Unknown,0.2,13,,,,,46.88,-96.88,,,,,ND,1988-07-12 21:55:00,1988-07-12 21:55:00,True,True
,10017778,Indiana,13,Brown,,1988-09-19 20:40:00,EST,1988-09-19 20:40:00,1,0,0,0,250K,0,,F1,Unknown,3.0,80,,,,,39.05,-86.35,39.07,-86.3,,,IN,1988-09-19 21:40:00,1988-09-19 21:40:00,True,True
,10017779,Indiana,5,Bartholomew,,1988-09-19 21:05:00,EST,1988-09-19 21:05:00,0,0,0,0,25K,0,,F0,Unknown,0.1,20,,,,,39.22,-85.9,,,,,IN,1988-09-19 22:05:00,1988-09-19 22:05:00,True,True
,10017782,Indiana,39,Elkhart,,1988-10-16 16:23:00,EST,1988-10-16 16:23:00,0,0,0,0,2.5M,0,,F2,Unknown,6.0,40,,,,,41.47,-86.0,41.55,-85.93,,,IN,1988-10-16 17:23:00,1988-10-16 17:23:00,True,True
,10017789,Indiana,167,Vigo,,1988-10-17 19:55:00,CST,1988-10-17 19:55:00,2,0,0,0,250K,0,,F2,Unknown,1.5,200,,,,,39.6,-87.52,39.63,-87.5,,,IN,1988-10-17 20:55:00,1988-10-17 20:55:00,True,True
,10017790,Indiana,165,Vermillion,,1988-10-17 19:58:00,EST,1988-10-17 19:58:00,2,0,0,0,250K,0,,F2,Unknown,2.0,200,,,,,39.63,-87.5,39.63,-87.47,,,IN,1988-10-17 20:58:00,1988-10-17 20:58:00,True,True
,10082884,North Dakota,57,Mercer,,1988-07-04 21:30:00,CST,1988-07-04 21:30:00,0,0,0,0,250K,0,,F0,Unknown,0.2,30,,,,,47.27,-101.78,,,,,ND,1988-07-04 22:30:00,1988-07-04 22:30:00,True,True
,9989693,Arkansas,125,Saline,,1988-11-15 21:36:00,CST,1988-11-15 21:36:00,0,0,0,0,25M,0,,F2,Unknown,7.0,250,,,,,34.5,-92.35,34.57,-92.23,,,AR,1988-11-15 21:36:00,1988-11-15 21:36:00,False,False
,9989694,Arkansas,119,Pulaski,,1988-11-15 21:44:00,CST,1988-11-15 21:44:00,52,0,3,0,25M,0,,F2,Unknown,12.0,250,,,,,34.57,-92.23,34.7,-92.1,,,AR,1988-11-15 21:44:00,1988-11-15 21:44:00,False,False
,9989695,Arkansas,85,Lonoke,,1988-11-15 21:55:00,CST,1988-11-15 21:55:00,0,0,0,0,25M,0,,F2,Unknown,12.0,250,,,,,34.7,-92.1,34.78,-91.93,,,AR,1988-11-15 21:55:00,1988-11-15 21:55:00,False,False
,9989696,Arkansas,85,Lonoke,,1988-11-15 22:05:00,CST,1988-11-15 22:05:00,8,0,2,0,25M,0,,F2,Unknown,12.0,250,,,,,34.78,-91.93,34.92,-91.82,,,AR,1988-11-15 22:05:00,1988-11-15 22:05:00,False,False
,10123817,South Dakota,27,Clay,,1988-05-20 15:28:00,CST,1988-05-20 15:28:00,0,0,0,0,0K,0,,F0,Unknown,1.0,40,,,,,42.97,-97.15,,,,,SD,1988-05-20 16:28:00,1988-05-20 16:28:00,True,True
,10017791,Indiana,133,Putnam,,1988-10-17 20:45:00,EST,1988-10-17 20:45:00,0,0,0,0,250K,0,,F1,Unknown,4.0,30,,,,,39.77,-86.83,39.8,-86.77,,,IN,1988-10-17 21:45:00,1988-10-17 21:45:00,True,True
,10017793,Indiana,63,Hendricks,,1988-10-17 21:20:00,EST,1988-10-17 21:20:00,0,0,0,0,250K,0,,F2,Unknown,0.5,100,,,,,39.68,-86.38,,,,,IN,1988-10-17 22:20:00,1988-10-17 22:20:00,True,True
,10110809,South Carolina,27,Clarendon,,1988-08-28 14:15:00,EST,1988-08-28 14:15:00,1,0,1,0,2.5M,0,,F2,Unknown,0.8,200,,,,,33.67,-80.27,,,,,SC,1988-08-28 15:15:00,1988-08-28 15:15:00,True,True
,10054037,Michigan,141,Presque Isle,,1988-08-12 12:25:00,EST,1988-08-12 12:25:00,0,0,0,0,0K,0,,F1,Unknown,1.1,40,,,,,45.3,-84.23,45.3,-84.27,,,MI,1988-08-12 13:25:00,1988-08-12 13:25:00,True,True
,10010781,Idaho,51,Jefferson,,1988-03-23 16:40:00,MST,1988-03-23 16:40:00,0,0,0,0,.25K,0,,F1,Unknown,15.0,40,,,,,43.73,-112.13,43.67,-111.85,,,ID,1988-03-23 16:40:00,1988-03-23 16:40:00,False,False
,10150787,Vermont,25,Windham,,1988-07-14 14:42:00,EST,1988-07-14 14:42:00,0,0,0,0,250K,0,,F0,Unknown,0.2,10,,,,,42.93,-72.57,,,,,VT,1988-07-14 15:42:00,1988-07-14 15:42:00,True,True
,9989698,Arkansas,117,Prairie,,1988-11-15 22:20:00,CST,1988-11-15 22:20:00,0,0,0,0,25M,0,,F2,Unknown,6.0,250,,,,,34.92,-91.82,34.98,-91.73,,,AR,1988-11-15 22:20:00,1988-11-15 22:20:00,False,False
,9989100,California,59,Orange,,1988-01-18 11:30:00,PST,1988-01-18 11:30:00,0,0,0,0,25K,0,,F0,Unknown,1.5,13,,,,,33.6,-117.63,,,,,CA,1988-01-18 11:30:00,1988-01-18 11:30:00,False,False
,10062136,Mississippi,163,Yazoo,,1988-11-26 12:20:00,CST,1988-11-26 12:20:00,0,0,0,0,0K,0,,F1,Unknown,5.0,70,,,,,32.57,-90.6,32.58,-90.5,,,MS,1988-11-26 12:20:00,1988-11-26 12:20:00,False,False
,10161520,Wisconsin,7,Bayfield,,1988-08-13 07:00:00,CST,1988-08-13 07:00:00,0,0,0,0,250K,0,,F1,Unknown,0.1,50,,,,,46.45,-91.07,,,,,WI,1988-08-13 08:00:00,1988-08-13 08:00:00,True,True
,10163082,Wyoming,25,Natrona,,1988-07-07 17:50:00,MST,1988-07-07 17:50:00,0,0,0,0,2.5K,0,,F1,Unknown,0.5,50,,,,,42.48,-106.78,,,,,WY,1988-07-07 18:50:00,1988-07-07 18:50:00,True,True
,10163084,Wyoming,25,Natrona,,1988-07-07 18:25:00,MST,1988-07-07 18:25:00,0,0,0,0,0K,0,,F0,Unknown,0.5,50,,,,,42.97,-106.38,,,,,WY,1988-07-07 19:25:00,1988-07-07 19:25:00,True,True
,10163085,Wyoming,25,Natrona,,1988-07-08 14:00:00,MST,1988-07-08 14:00:00,0,0,0,0,0K,0,,F0,Unknown,0.5,50,,,,,42.43,-106.52,,,,,WY,1988-07-08 15:00:00,1988-07-08 15:00:00,True,True
,10163091,Wyoming,5,Campbell,,1988-07-17 18:15:00,MST,1988-07-17 18:15:00,0,0,0,0,0K,0,,F0,Unknown,0.5,50,,,,,43.7,-105.5,,,,,WY,1988-07-17 19:15:00,1988-07-17 19:15:00,True,True
,10163092,Wyoming,5,Campbell,,1988-07-17 18:15:00,MST,1988-07-17 18:15:00,0,0,0,0,0K,0,,F0,Unknown,0.5,50,,,,,43.7,-105.5,,,,,WY,1988-07-17 19:15:00,1988-07-17 19:15:00,True,True
,10163093,Wyoming,5,Campbell,,1988-07-17 18:15:00,MST,1988-07-17 18:15:00,0,0,0,0,0K,0,,F0,Unknown,0.5,50,,,,,43.7,-105.5,,,,,WY,1988-07-17 19:15:00,1988-07-17 19:15:00,True,True
,10002178,Florida,115,Sarasota,,1988-04-30 12:45:00,EST,1988-04-30 12:45:00,0,0,0,0,250K,0,,F1,Unknown,1.0,50,,,,,27.1,-82.45,,,,,FL,1988-04-30 13:45:00,1988-04-30 13:45:00,True,True
,10161217,Wisconsin,81,Monroe,,1988-05-08 14:30:00,CST,1988-05-08 14:30:00,0,0,0,0,250K,0,,F2,Unknown,27.0,800,,,,,43.75,-90.77,44.13,-90.62,,,WI,1988-05-08 15:30:00,1988-05-08 15:30:00,True,True
,10161219,Wisconsin,43,Grant,,1988-05-08 14:48:00,CST,1988-05-08 14:48:00,0,0,0,0,25K,0,,F1,Unknown,0.5,20,,,,,42.72,-90.68,,,,,WI,1988-05-08 15:48:00,1988-05-08 15:48:00,True,True
,10161221,Wisconsin,43,Grant,,1988-05-08 14:52:00,CST,1988-05-08 14:52:00,0,0,0,0,0K,0,,F1,Unknown,1.5,30,,,,,42.82,-90.87,,,,,WI,1988-05-08 15:52:00,1988-05-08 15:52:00,True,True
,10161222,Wisconsin,43,Grant,,1988-05-08 14:54:00,CST,1988-05-08 14:54:00,0,0,0,0,0K,0,,F1,Unknown,10.0,40,,,,,42.9,-90.87,43.02,-90.7,,,WI,1988-05-08 15:54:00,1988-05-08 15:54:00,True,True
,10163094,Wyoming,45,Weston,,1988-07-17 18:34:00,MST,1988-07-17 18:34:00,0,0,0,0,0K,0,,F0,Unknown,0.7,50,,,,,44.1,-104.75,,,,,WY,1988-07-17 19:34:00,1988-07-17 19:34:00,True,True
,10162612,Wisconsin,125,Vilas,,1988-07-29 20:30:00,CST,1988-07-29 20:30:00,0,0,0,0,250K,0,,F1,Unknown,0.2,10,,,,,45.92,-89.25,,,,,WI,1988-07-29 21:30:00,1988-07-29 21:30:00,True,True
,9988263,Colorado,17,Cheyenne,,1988-05-30 21:16:00,MST,1988-05-30 21:16:00,0,0,0,0,0K,0,,F0,Unknown,1.0,20,,,,,38.93,-102.2,,,,,CO,1988-05-30 22:16:00,1988-05-30 22:16:00,True,True
,9993062,Arkansas,29,Conway,,1988-11-15 19:20:00,CST,1988-11-15 19:20:00,0,0,0,0,250K,0,,F1,Unknown,9.0,100,,,,,35.15,-92.85,35.25,-92.7,,,AR,1988-11-15 19:20:00,1988-11-15 19:20:00,False,False
,10162357,Wisconsin,133,Waukesha,,1988-05-08 17:52:00,CST,1988-05-08 17:52:00,0,0,0,0,0K,0,,F0,Unknown,0.1,20,,,,,43.1,-88.35,,,,,WI,1988-05-08 18:52:00,1988-05-08 18:52:00,True,True
,10003731,Illinois,167,Sangamon,,1988-05-08 17:18:00,CST,1988-05-08 17:18:00,0,0,0,0,250K,0,,F2,Unknown,0.1,50,,,,,39.75,-89.53,,,,,IL,1988-05-08 18:18:00,1988-05-08 18:18:00,True,True
,10003732,Illinois,99,La Salle,,1988-05-08 17:20:00,CST,1988-05-08 17:20:00,2,0,0,0,250K,0,,F1,Unknown,0.5,50,,,,,41.33,-88.82,,,,,IL,1988-05-08 18:20:00,1988-05-08 18:20:00,True,True
,10003738,Illinois,197,Will,,1988-05-08 18:00:00,CST,1988-05-08 18:00:00,0,0,0,0,250K,0,,F1,Unknown,7.5,60,,,,,41.32,-88.15,41.4,-88.12,,,IL,1988-05-08 19:00:00,1988-05-08 19:00:00,True,True
,10003739,Illinois,197,Will,,1988-05-08 18:00:00,CST,1988-05-08 18:00:00,3,0,0,0,250K,0,,F1,Unknown,2.0,40,,,,,41.5,-88.15,,,,,IL,1988-05-08 19:00:00,1988-05-08 19:00:00,True,True
,10162603,Wisconsin,127,Walworth,,1988-07-16 13:20:00,CST,1988-07-16 13:20:00,0,0,0,0,25K,0,,F1,Unknown,0.1,50,,,,,42.58,-88.58,,,,,WI,1988-07-16 14:20:00,1988-07-16 14:20:00,True,True
,10150007,Virginia,810,Virginia Beach (C),,1988-08-03 18:47:00,EST,1988-08-03 18:47:00,0,0,0,0,250K,0,,F2,Unknown,0.2,50,,,,,36.85,-75.98,,,,,VA,1988-08-03 18:47:00,1988-08-03 18:47:00,False,False
,10162586,Wisconsin,27,Dodge,,1988-06-22 02:45:00,CST,1988-06-22 02:45:00,0,0,0,0,250K,0,,F1,Unknown,2.0,100,,,,,43.45,-88.47,,,,,WI,1988-06-22 03:45:00,1988-06-22 03:45:00,True,True
,10028389,Iowa,33,Cerro Gordo,,1988-03-24 14:45:00,CST,1988-03-24 14:45:00,0,0,0,0,250K,0,,F1,Unknown,1.0,20,,,,,43.2,-93.38,,,,,IA,1988-03-24 14:45:00,1988-03-24 14:45:00,False,False
,10161223,Wisconsin,43,Grant,,1988-05-08 14:55:00,CST,1988-05-08 14:55:00,0,0,0,0,250K,0,,F2,Unknown,10.0,40,,,,,42.98,-90.85,43.0,-90.68,,,WI,1988-05-08 15:55:00,1988-05-08 15:55:00,True,True
,10161225,Wisconsin,43,Grant,,1988-05-08 15:00:00,CST,1988-05-08 15:00:00,0,0,0,0,.25K,0,,F1,Unknown,0.5,33,,,,,42.8,-90.5,,,,,WI,1988-05-08 16:00:00,1988-05-08 16:00:00,True,True
,10045476,Louisiana,113,Vermilion,,1988-05-21 07:25:00,CST,1988-05-21 07:25:00,0,0,0,0,250K,0,,F0,Unknown,0.3,330,,,,,30.12,-92.13,,,,,LA,1988-05-21 08:25:00,1988-05-21 08:25:00,True,True
,10138381,Texas,381,Randall,,1988-09-14 21:00:00,CST,1988-09-14 21:00:00,0,0,0,0,250K,0,,F2,Unknown,0.7,173,,,,,35.2,-101.82,,,,,TX,1988-09-14 22:00:00,1988-09-14 22:00:00,True,True
,10138388,Texas,215,Hidalgo,,1988-09-16 08:45:00,CST,1988-09-16 08:45:00,0,0,0,0,250K,0,,F0,Unknown,0.3,50,,,,,26.2,-98.18,,,,,TX,1988-09-16 09:45:00,1988-09-16 09:45:00,True,True
,10138389,Texas,215,Hidalgo,,1988-09-16 09:00:00,CST,1988-09-16 09:00:00,0,0,0,0,25K,0,,F0,Unknown,0.2,50,,,,,26.18,-98.17,,,,,TX,1988-09-16 10:00:00,1988-09-16 10:00:00,True,True
,10138390,Texas,215,Hidalgo,,1988-09-16 09:45:00,CST,1988-09-16 09:45:00,1,0,0,0,250K,0,,F0,Unknown,0.5,50,,,,,26.18,-98.17,,,,,TX,1988-09-16 10:45:00,1988-09-16 10:45:00,True,True
,10138391,Texas,215,Hidalgo,,1988-09-16 10:15:00,CST,1988-09-16 10:15:00,0,0,0,0,250K,0,,F0,Unknown,0.2,50,,,,,26.17,-98.05,,,,,TX,1988-09-16 11:15:00,1988-09-16 11:15:00,True,True
,10138392,Texas,215,Hidalgo,,1988-09-16 10:18:00,CST,1988-09-16 10:18:00,0,0,0,0,0K,0,,F0,Unknown,0.2,50,,,,,26.2,-98.23,,,,,TX,1988-09-16 11:18:00,1988-09-16 11:18:00,True,True
,10138393,Texas,215,Hidalgo,,1988-09-16 11:01:00,CST,1988-09-16 11:01:00,0,0,0,0,250K,0,,F0,Unknown,3.0,50,,,,,26.3,-97.98,26.3,-97.93,,,TX,1988-09-16 12:01:00,1988-09-16 12:01:00,True,True
,10138394,Texas,215,Hidalgo,,1988-09-16 11:30:00,CST,1988-09-16 11:30:00,0,0,0,0,250K,0,,F0,Unknown,0.2,350,,,,,26.3,-98.17,,,,,TX,1988-09-16 12:30:00,1988-09-16 12:30:00,True,True
,10138395,Texas,61,Cameron,,1988-09-16 12:30:00,CST,1988-09-16 12:30:00,0,0,0,0,250K,0,,F0,Unknown,1.0,50,,,,,25.92,-97.5,,,,,TX,1988-09-16 13:30:00,1988-09-16 13:30:00,True,True
,10122726,Tennessee,77,Henderson,,1988-11-04 15:45:00,CST,1988-11-04 15:45:00,0,0,0,0,2.5K,0,,F1,Unknown,3.0,50,,,,,35.77,-88.6,35.8,-88.57,,,TN,1988-11-04 15:45:00,1988-11-04 15:45:00,False,False
,10003741,Illinois,197,Will,,1988-05-08 18:15:00,CST,1988-05-08 18:15:00,1,0,0,0,250K,0,,F1,Unknown,10.5,60,,,,,41.4,-88.12,41.55,-87.97,,,IL,1988-05-08 19:15:00,1988-05-08 19:15:00,True,True
,10003745,Illinois,183,Vermilion,,1988-05-08 18:45:00,CST,1988-05-08 18:45:00,0,0,0,0,25K,0,,F0,Unknown,0.5,50,,,,,40.12,-87.87,,,,,IL,1988-05-08 19:45:00,1988-05-08 19:45:00,True,True
,10163100,Wyoming,21,Laramie,,1988-07-18 17:00:00,MST,1988-07-18 17:00:00,0,0,0,0,0K,0,,F0,Unknown,2.0,100,,,,,41.37,-105.13,,,,,WY,1988-07-18 18:00:00,1988-07-18 18:00:00,True,True
,10163083,Wyoming,25,Natrona,,1988-07-07 18:20:00,MST,1988-07-07 18:20:00,0,0,0,0,0K,0,,F0,Unknown,0.5,50,,,,,42.78,-106.45,,,,,WY,1988-07-07 19:20:00,1988-07-07 19:20:00,True,True
,10162852,Wyoming,5,Campbell,,1988-05-06 14:36:00,MST,1988-05-06 14:36:00,0,0,0,0,0K,0,,F1,Unknown,0.5,20,,,,,44.18,-105.35,,,,,WY,1988-05-06 15:36:00,1988-05-06 15:36:00,True,True
,10162854,Wyoming,5,Campbell,,1988-05-06 14:47:00,MST,1988-05-06 14:47:00,2,0,0,0,2.5M,0,,F2,Unknown,1.5,50,,,,,44.18,-105.35,,,,,WY,1988-05-06 15:47:00,1988-05-06 15:47:00,True,True
,10162855,Wyoming,45,Weston,,1988-05-06 15:00:00,MST,1988-05-06 15:00:00,0,0,0,0,0K,0,,F0,Unknown,2.0,13,,,,,44.12,-104.62,,,,,WY,1988-05-06 16:00:00,1988-05-06 16:00:00,True,True
,10161537,Wisconsin,137,Waushara,,1988-09-19 16:05:00,CST,1988-09-19 16:05:00,0,0,0,0,0K,0,,F0,Unknown,0.1,23,,,,,44.22,-89.47,,,,,WI,1988-09-19 17:05:00,1988-09-19 17:05:00,True,True
,10161538,Wisconsin,73,Marathon,,1988-09-19 16:37:00,CST,1988-09-19 16:37:00,0,0,0,0,0K,0,,F0,Unknown,0.1,23,,,,,44.92,-89.98,,,,,WI,1988-09-19 17:37:00,1988-09-19 17:37:00,True,True
,10061027,Mississippi,113,Pike,,1988-11-04 19:15:00,CST,1988-11-04 19:15:00,0,0,0,0,25K,0,,F1,Unknown,0.3,50,,,,,31.25,-90.47,,,,,MS,1988-11-04 19:15:00,1988-11-04 19:15:00,False,False
,10101411,Oklahoma,25,Cimarron,,1988-05-30 18:15:00,CST,1988-05-30 18:15:00,0,0,0,0,25K,0,,F1,Unknown,10.0,73,,,,,36.57,-102.88,36.58,-102.7,,,OK,1988-05-30 19:15:00,1988-05-30 19:15:00,True,True
,10046622,Louisiana,119,Webster,,1988-11-19 15:19:00,CST,1988-11-19 15:19:00,0,0,0,0,.25K,0,,F1,Unknown,0.2,10,,,,,32.62,-93.33,,,,,LA,1988-11-19 15:19:00,1988-11-19 15:19:00,False,False
,10161462,Wisconsin,21,Columbia,,1988-05-08 16:15:00,CST,1988-05-08 16:15:00,0,0,0,0,250K,0,,F1,Unknown,2.0,73,,,,,43.32,-89.52,,,,,WI,1988-05-08 17:15:00,1988-05-08 17:15:00,True,True
,10161463,Wisconsin,57,Juneau,,1988-05-08 16:15:00,CST,1988-05-08 16:15:00,0,0,0,0,2.5K,0,,F1,Unknown,0.7,20,,,,,43.73,-90.02,,,,,WI,1988-05-08 17:15:00,1988-05-08 17:15:00,True,True
,10161465,Wisconsin,105,Rock,,1988-05-08 16:30:00,CST,1988-05-08 16:30:00,0,0,0,0,250K,0,,F2,Unknown,5.0,173,,,,,42.8,-89.35,42.85,-89.25,,,WI,1988-05-08 17:30:00,1988-05-08 17:30:00,True,True
,10161472,Wisconsin,25,Dane,,1988-05-08 16:38:00,CST,1988-05-08 16:38:00,0,0,0,0,250K,0,,F2,Unknown,16.0,173,,,,,42.88,-89.3,42.98,-89.0,,,WI,1988-05-08 17:38:00,1988-05-08 17:38:00,True,True
,10161473,Wisconsin,21,Columbia,,1988-05-08 16:40:00,CST,1988-05-08 16:40:00,0,0,0,0,2.5K,0,,F1,Unknown,5.0,73,,,,,43.43,-89.23,43.48,-89.15,,,WI,1988-05-08 17:40:00,1988-05-08 17:40:00,True,True
,10161474,Wisconsin,77,Marquette,,1988-05-08 16:40:00,CST,1988-05-08 16:40:00,0,0,0,0,2.5K,0,,F1,Unknown,1.1,40,,,,,43.77,-89.57,,,,,WI,1988-05-08 17:40:00,1988-05-08 17:40:00,True,True
,10163074,Wyoming,31,Platte,,1988-06-13 14:08:00,MST,1988-06-13 14:08:00,0,0,0,0,0K,0,,F0,Unknown,0.8,30,,,,,41.65,-104.83,,,,,WY,1988-06-13 15:08:00,1988-06-13 15:08:00,True,True
,10161455,Wisconsin,25,Dane,,1988-05-08 15:56:00,CST,1988-05-08 15:56:00,1,0,0,0,25K,0,,F2,Unknown,7.0,100,,,,,43.17,-89.33,43.25,-89.57,,,WI,1988-05-08 16:56:00,1988-05-08 16:56:00,True,True
,10051757,Michigan,91,Lenawee,,1988-04-03 12:44:00,CST,1988-04-03 12:44:00,0,0,0,0,25K,0,,F0,Unknown,1.0,30,,,,,41.9,-84.23,,,,,MI,1988-04-03 13:44:00,1988-04-03 13:44:00,True,True
,10086311,North Dakota,83,Sheridan,,1988-06-20 21:30:00,CST,1988-06-20 21:30:00,0,0,0,0,250K,0,,F1,Unknown,0.8,150,,,,,47.72,-100.32,,,,,ND,1988-06-20 22:30:00,1988-06-20 22:30:00,True,True
,10161460,Wisconsin,57,Juneau,,1988-05-08 16:08:00,CST,1988-05-08 16:08:00,1,0,0,0,2.5K,0,,F1,Unknown,5.0,73,,,,,43.75,-90.2,43.8,-90.13,,,WI,1988-05-08 17:08:00,1988-05-08 17:08:00,True,True
,10150034,Virginia,117,Mecklenburg,,1988-08-29 01:10:00,EST,1988-08-29 01:10:00,1,0,0,0,2.5M,0,,F2,Unknown,4.0,3,,,,,36.7,-78.45,36.77,-78.45,,,VA,1988-08-29 02:10:00,1988-08-29 02:10:00,True,True
,10150037,Virginia,25,Brunswick,,1988-11-28 00:15:00,EST,1988-11-28 00:15:00,1,0,0,0,0K,0,,F1,Unknown,3.0,53,,,,,36.8,-77.95,36.83,-77.9,,,VA,1988-11-28 00:15:00,1988-11-28 00:15:00,False,False
,10150038,Virginia,175,Southampton,,1988-11-28 02:20:00,EST,1988-11-28 02:20:00,0,0,0,0,250K,0,,F2,Unknown,2.0,200,,,,,36.73,-76.95,36.73,-76.92,,,VA,1988-11-28 02:20:00,1988-11-28 02:20:00,False,False
,10150039,Virginia,93,Isle Of Wight,,1988-11-28 02:25:00,EST,1988-11-28 02:25:00,0,0,0,0,250K,0,,F2,Unknown,10.0,200,,,,,36.73,-76.92,36.8,-76.73,,,VA,1988-11-28 02:25:00,1988-11-28 02:25:00,False,False
,10152294,Virginia,33,Caroline,,1988-06-26 13:00:00,EDT,1988-06-26 13:00:00,0,0,0,0,0K,0,,F0,Unknown,0.8,20,,,,,38.17,-77.2,,,,,VA,1988-06-26 14:00:00,1988-06-26 14:00:00,True,True
,10062160,Mississippi,135,Tallahatchie,,1988-12-27 21:25:00,CST,1988-12-27 21:25:00,0,0,0,0,250K,0,,F1,Unknown,7.0,70,,,,,33.93,-89.98,34.03,-89.95,,,MS,1988-12-27 21:25:00,1988-12-27 21:25:00,False,False
,10055162,Michigan,125,Oakland,,1988-08-17 16:30:00,CST,1988-08-17 16:30:00,0,0,0,0,25K,0,,F1,Unknown,1.0,33,,,,,42.72,-83.35,,,,,MI,1988-08-17 17:30:00,1988-08-17 17:30:00,True,True
,10158726,Wisconsin,71,Manitowoc,,1988-08-04 14:35:00,CST,1988-08-04 14:35:00,0,0,0,0,250K,0,,F1,Unknown,4.0,20,,,,,44.15,-87.95,44.17,-87.87,,,WI,1988-08-04 15:35:00,1988-08-04 15:35:00,True,True
,10161439,Wisconsin,65,Lafayette,,1988-05-08 15:00:00,CST,1988-05-08 15:00:00,0,0,0,0,250K,0,,F3,Unknown,16.0,123,,,,,42.58,-90.23,42.72,-89.97,,,WI,1988-05-08 16:00:00,1988-05-08 16:00:00,True,True
,10161440,Wisconsin,65,Lafayette,,1988-05-08 15:10:00,CST,1988-05-08 15:10:00,0,0,0,0,250K,0,,F1,Unknown,9.0,100,,,,,42.55,-90.12,42.63,-89.95,,,WI,1988-05-08 16:10:00,1988-05-08 16:10:00,True,True
,10161442,Wisconsin,43,Grant,,1988-05-08 15:15:00,CST,1988-05-08 15:15:00,0,0,0,0,0K,0,,F1,Unknown,1.2,30,,,,,43.15,-90.67,,,,,WI,1988-05-08 16:15:00,1988-05-08 16:15:00,True,True
,10161445,Wisconsin,103,Richland,,1988-05-08 15:30:00,CST,1988-05-08 15:30:00,0,0,0,0,250K,0,,F2,Unknown,20.0,150,,,,,43.28,-90.45,43.52,-90.22,,,WI,1988-05-08 16:30:00,1988-05-08 16:30:00,True,True
,10062558,Mississippi,135,Tallahatchie,,1988-04-17 23:05:00,CST,1988-04-17 23:05:00,0,0,0,0,250K,0,,F1,Unknown,7.0,73,,,,,33.93,-90.38,34.02,-90.28,,,MS,1988-04-18 00:05:00,1988-04-18 00:05:00,True,True
,10161443,Wisconsin,43,Grant,,1988-05-08 15:15:00,CST,1988-05-08 15:15:00,0,0,0,0,250K,0,,F2,Unknown,7.5,200,,,,,42.93,-90.58,42.98,-90.47,,,WI,1988-05-08 16:15:00,1988-05-08 16:15:00,True,True
,10064368,Mississippi,59,Jackson,,1988-09-16 18:22:00,CST,1988-09-16 18:22:00,0,0,0,0,25K,0,,F0,Unknown,0.2,20,,,,,30.42,-88.5,,,,,MS,1988-09-16 19:22:00,1988-09-16 19:22:00,True,True
,9994011,Georgia,71,Colquitt,,1988-05-10 17:25:00,EST,1988-05-10 17:25:00,0,0,0,0,0K,0,,F0,Unknown,0.1,50,,,,,31.2,-83.88,,,,,GA,1988-05-10 18:25:00,1988-05-10 18:25:00,True,True
,10070874,Missouri,159,Pettis,,1988-11-15 17:20:00,CST,1988-11-15 17:20:00,0,0,0,0,25K,0,,F1,Unknown,0.5,30,,,,,38.75,-93.35,,,,,MO,1988-11-15 17:20:00,1988-11-15 17:20:00,False,False
,10071980,Missouri,55,Crawford,,1988-11-15 21:18:00,CST,1988-11-15 21:18:00,1,0,0,0,25M,0,,F1,Unknown,7.0,73,,,,,37.73,-91.32,37.73,-91.17,,,MO,1988-11-15 21:18:00,1988-11-15 21:18:00,False,False
,9998896,Florida,5,Bay,,1988-10-03 04:30:00,CST,1988-10-03 04:30:00,0,0,0,0,25K,0,,F0,Unknown,1.0,30,,,,,30.27,-85.53,,,,,FL,1988-10-03 05:30:00,1988-10-03 05:30:00,True,True
,10150813,Vermont,9,Essex,,1988-08-28 13:15:00,EST,1988-08-28 13:15:00,0,0,0,0,2.5K,0,,F0,Unknown,0.5,30,,,,,44.62,-71.73,,,,,VT,1988-08-28 14:15:00,1988-08-28 14:15:00,True,True
,10161486,Wisconsin,55,Jefferson,,1988-05-08 17:05:00,CST,1988-05-08 17:05:00,0,0,0,0,250K,0,,F2,Unknown,6.0,173,,,,,42.98,-89.0,43.05,-88.9,,,WI,1988-05-08 18:05:00,1988-05-08 18:05:00,True,True
,10161487,Wisconsin,137,Waushara,,1988-05-08 17:06:00,CST,1988-05-08 17:06:00,0,0,0,0,250K,0,,F1,Unknown,5.0,100,,,,,44.05,-89.25,44.1,-89.2,,,WI,1988-05-08 18:06:00,1988-05-08 18:06:00,True,True
,10161488,Wisconsin,73,Marathon,,1988-05-08 17:10:00,CST,1988-05-08 17:10:00,2,0,0,0,2.5M,0,,F2,Unknown,13.0,250,,,,,44.73,-89.95,44.97,-89.9,,,WI,1988-05-08 18:10:00,1988-05-08 18:10:00,True,True
,10161491,Wisconsin,97,Portage,,1988-05-08 17:12:00,CST,1988-05-08 17:12:00,0,0,0,0,2.5K,0,,F0,Unknown,1.0,20,,,,,44.37,-89.53,,,,,WI,1988-05-08 18:12:00,1988-05-08 18:12:00,True,True
,10161492,Wisconsin,27,Dodge,,1988-05-08 17:15:00,CST,1988-05-08 17:15:00,0,0,0,0,2.5K,0,,F0,Unknown,0.5,50,,,,,43.55,-88.7,,,,,WI,1988-05-08 18:15:00,1988-05-08 18:15:00,True,True
,9991917,Arkansas,69,Jefferson,,1988-07-12 14:30:00,CST,1988-07-12 14:30:00,0,0,0,0,0K,0,,F0,Unknown,5.0,100,,,,,34.17,-91.8,34.22,-91.73,,,AR,1988-07-12 15:30:00,1988-07-12 15:30:00,True,True
,10152929,Utah,47,Uintah,,1988-05-29 18:45:00,MST,1988-05-29 18:45:00,0,0,0,0,2.5K,0,,F0,Unknown,0.2,20,,,,,40.4,-109.8,,,,,UT,1988-05-29 19:45:00,1988-05-29 19:45:00,True,True
,10061061,Mississippi,15,Carroll,,1988-11-19 21:20:00,CST,1988-11-19 21:20:00,0,0,0,0,250K,0,,F2,Unknown,7.0,120,,,,,33.43,-89.98,33.52,-89.92,,,MS,1988-11-19 21:20:00,1988-11-19 21:20:00,False,False
,10003775,Illinois,15,Carroll,,1988-09-19 12:40:00,CST,1988-09-19 12:40:00,0,0,0,0,2.5K,0,,F0,Unknown,0.1,10,,,,,41.97,-89.78,,,,,IL,1988-09-19 13:40:00,1988-09-19 13:40:00,True,True
,10026128,Iowa,115,Louisa,,1988-05-08 14:04:00,CST,1988-05-08 14:04:00,0,0,0,0,25M,0,,F2,Unknown,7.0,60,,,,,41.33,-91.43,41.38,-91.4,,,IA,1988-05-08 15:04:00,1988-05-08 15:04:00,True,True
,10026130,Iowa,139,Muscatine,,1988-05-08 14:10:00,CST,1988-05-08 14:10:00,0,0,0,0,250K,0,,F1,Unknown,1.5,40,,,,,41.55,-91.32,,,,,IA,1988-05-08 15:10:00,1988-05-08 15:10:00,True,True
,10026131,Iowa,55,Delaware,,1988-05-08 14:15:00,CST,1988-05-08 14:15:00,0,0,0,0,25K,0,,F0,Unknown,0.5,20,,,,,42.48,-91.27,,,,,IA,1988-05-08 15:15:00,1988-05-08 15:15:00,True,True
,10026132,Iowa,105,Jones,,1988-05-08 14:15:00,CST,1988-05-08 14:15:00,0,0,0,0,25K,0,,F0,Unknown,1.0,20,,,,,42.12,-91.28,,,,,IA,1988-05-08 15:15:00,1988-05-08 15:15:00,True,True
,10026133,Iowa,105,Jones,,1988-05-08 14:15:00,CST,1988-05-08 14:15:00,0,0,0,0,250K,0,,F1,Unknown,10.0,40,,,,,41.95,-91.33,42.0,-91.13,,,IA,1988-05-08 15:15:00,1988-05-08 15:15:00,True,True
,10026134,Iowa,57,Des Moines,,1988-05-08 14:20:00,CST,1988-05-08 14:20:00,0,0,0,0,250K,0,,F1,Unknown,1.0,30,,,,,40.97,-91.28,,,,,IA,1988-05-08 15:20:00,1988-05-08 15:20:00,True,True
,10026137,Iowa,55,Delaware,,1988-05-08 14:22:00,CST,1988-05-08 14:22:00,0,0,0,0,25K,0,,F0,Unknown,0.5,20,,,,,42.53,-91.35,,,,,IA,1988-05-08 15:22:00,1988-05-08 15:22:00,True,True
,10026138,Iowa,163,Scott,,1988-05-08 14:35:00,CST,1988-05-08 14:35:00,0,0,0,0,25K,0,,F0,Unknown,1.0,20,,,,,41.52,-90.77,,,,,IA,1988-05-08 15:35:00,1988-05-08 15:35:00,True,True
,10026139,Iowa,61,Dubuque,,1988-05-08 14:36:00,CST,1988-05-08 14:36:00,0,0,0,0,2.5M,0,,F1,Unknown,11.0,43,,,,,42.48,-90.83,42.58,-90.67,,,IA,1988-05-08 15:36:00,1988-05-08 15:36:00,True,True
,10026140,Iowa,31,Cedar,,1988-05-08 14:37:00,CST,1988-05-08 14:37:00,0,0,0,0,2.5M,0,,F2,Unknown,7.0,90,,,,,41.7,-91.17,41.77,-91.07,,,IA,1988-05-08 15:37:00,1988-05-08 15:37:00,True,True
,10026141,Iowa,163,Scott,,1988-05-08 14:40:00,CST,1988-05-08 14:40:00,0,0,0,0,25K,0,,F0,Unknown,1.0,20,,,,,41.58,-90.78,,,,,IA,1988-05-08 15:40:00,1988-05-08 15:40:00,True,True
,10026142,Iowa,163,Scott,,1988-05-08 14:43:00,CST,1988-05-08 14:43:00,0,0,0,0,25M,0,,F3,Unknown,2.0,150,,,,,41.75,-90.78,41.77,-90.75,,,IA,1988-05-08 15:43:00,1988-05-08 15:43:00,True,True
,10026144,Iowa,61,Dubuque,,1988-05-08 14:46:00,CST,1988-05-08 14:46:00,0,0,0,0,25K,0,,F0,Unknown,0.5,20,,,,,42.43,-90.85,,,,,IA,1988-05-08 15:46:00,1988-05-08 15:46:00,True,True
,10026145,Iowa,45,Clinton,,1988-05-08 14:46:00,CST,1988-05-08 14:46:00,0,0,0,0,25M,0,,F3,Unknown,30.0,150,,,,,41.77,-90.75,41.87,-90.2,,,IA,1988-05-08 15:46:00,1988-05-08 15:46:00,True,True
,10026150,Iowa,71,Fremont,,1988-05-21 12:06:00,CST,1988-05-21 12:06:00,0,0,0,0,25K,0,,F0,Unknown,0.5,20,,,,,40.6,-95.42,,,,,IA,1988-05-21 13:06:00,1988-05-21 13:06:00,True,True
,10026160,Iowa,19,Buchanan,,1988-07-09 14:00:00,CST,1988-07-09 14:00:00,0,0,0,0,250K,0,,F0,Unknown,0.3,13,,,,,42.33,-92.05,,,,,IA,1988-07-09 15:00:00,1988-07-09 15:00:00,True,True
,10141242,Texas,3,Andrews,,1988-05-19 17:05:00,CST,1988-05-19 17:05:00,0,0,0,0,0K,0,,F0,Unknown,6.0,80,,,,,32.38,-102.48,32.45,-102.4,,,TX,1988-05-19 18:05:00,1988-05-19 18:05:00,True,True
,10141265,Texas,227,Howard,,1988-05-20 17:14:00,CST,1988-05-20 17:14:00,0,0,0,0,0K,0,,F0,Unknown,2.0,60,,,,,32.32,-101.4,,,,,TX,1988-05-20 18:14:00,1988-05-20 18:14:00,True,True
,10024955,Iowa,185,Wayne,,1988-05-08 12:10:00,CST,1988-05-08 12:10:00,0,0,0,0,250K,0,,F1,Unknown,2.0,30,,,,,40.73,-93.32,,,,,IA,1988-05-08 13:10:00,1988-05-08 13:10:00,True,True
,10024960,Iowa,185,Wayne,,1988-05-08 12:25:00,CST,1988-05-08 12:25:00,0,0,0,0,250K,0,,F2,Unknown,9.0,43,,,,,40.62,-93.33,40.7,-93.08,,,IA,1988-05-08 13:25:00,1988-05-08 13:25:00,True,True
,10024963,Iowa,7,Appanoose,,1988-05-08 12:34:00,CST,1988-05-08 12:34:00,0,0,0,0,250K,0,,F2,Unknown,24.0,43,,,,,40.7,-93.08,40.87,-92.6,,,IA,1988-05-08 13:34:00,1988-05-08 13:34:00,True,True
,10024966,Iowa,51,Davis,,1988-05-08 12:47:00,CST,1988-05-08 12:47:00,0,0,0,0,25M,0,,F2,Unknown,15.0,60,,,,,40.75,-92.48,40.9,-92.17,,,IA,1988-05-08 13:47:00,1988-05-08 13:47:00,True,True
,10024969,Iowa,51,Davis,,1988-05-08 12:56:00,CST,1988-05-08 12:56:00,0,0,0,0,250K,0,,F2,Unknown,3.0,43,,,,,40.87,-92.6,40.92,-92.57,,,IA,1988-05-08 13:56:00,1988-05-08 13:56:00,True,True
,10024970,Iowa,157,Poweshiek,,1988-05-08 12:58:00,CST,1988-05-08 12:58:00,0,0,0,0,2.5M,0,,F2,Unknown,4.0,60,,,,,41.53,-92.4,41.52,-92.32,,,IA,1988-05-08 13:58:00,1988-05-08 13:58:00,True,True
,10024971,Iowa,179,Wapello,,1988-05-08 12:59:00,CST,1988-05-08 12:59:00,0,0,0,0,250K,0,,F2,Unknown,11.0,43,,,,,40.92,-92.57,40.93,-92.45,,,IA,1988-05-08 13:59:00,1988-05-08 13:59:00,True,True
,10024972,Iowa,95,Iowa,,1988-05-08 13:03:00,CST,1988-05-08 13:03:00,0,0,0,0,2.5M,0,,F2,Unknown,28.0,60,,,,,41.52,-92.32,41.7,-91.82,,,IA,1988-05-08 14:03:00,1988-05-08 14:03:00,True,True
,10024973,Iowa,179,Wapello,,1988-05-08 13:05:00,CST,1988-05-08 13:05:00,0,0,0,0,25M,0,,F2,Unknown,3.0,60,,,,,40.9,-92.17,40.92,-92.15,,,IA,1988-05-08 14:05:00,1988-05-08 14:05:00,True,True
,10010797,Idaho,13,Blaine,,1988-07-07 15:30:00,MST,1988-07-07 15:30:00,0,0,0,0,.25K,0,,F0,Unknown,0.2,10,,,,,43.32,-114.1,,,,,ID,1988-07-07 16:30:00,1988-07-07 16:30:00,True,True
,9998668,Florida,103,Pinellas,,1988-08-14 14:50:00,CST,1988-08-14 14:50:00,0,0,0,0,25K,0,,F0,Unknown,0.5,30,,,,,27.77,-82.67,,,,,FL,1988-08-14 15:50:00,1988-08-14 15:50:00,True,True
,10026163,Iowa,155,Pottawattamie,,1988-07-15 15:14:00,CST,1988-07-15 15:14:00,42,0,0,0,25M,0,,F2,Unknown,2.3,100,,,,,41.27,-95.87,,,,,IA,1988-07-15 16:14:00,1988-07-15 16:14:00,True,True
,10026164,Iowa,155,Pottawattamie,,1988-07-15 15:16:00,CST,1988-07-15 15:16:00,34,0,0,0,25M,0,,F3,Unknown,2.8,73,,,,,41.27,-95.87,,,,,IA,1988-07-15 16:16:00,1988-07-15 16:16:00,True,True
,10026165,Iowa,155,Pottawattamie,,1988-07-15 15:19:00,CST,1988-07-15 15:19:00,12,0,0,0,25M,0,,F1,Unknown,3.0,73,,,,,41.23,-95.92,41.27,-95.87,,,IA,1988-07-15 16:19:00,1988-07-15 16:19:00,True,True
,10016711,Indiana,21,Clay,,1988-09-19 18:35:00,EST,1988-09-19 18:35:00,2,0,0,0,2.5K,0,,F1,Unknown,0.4,30,,,,,39.5,-87.13,,,,,IN,1988-09-19 19:35:00,1988-09-19 19:35:00,True,True
,10016716,Indiana,153,Sullivan,,1988-09-19 19:00:00,EST,1988-09-19 19:00:00,0,0,0,0,2.5K,0,,F0,Unknown,0.2,30,,,,,38.97,-87.4,,,,,IN,1988-09-19 20:00:00,1988-09-19 20:00:00,True,True
,10026118,Iowa,183,Washington,,1988-05-08 13:29:00,CST,1988-05-08 13:29:00,0,0,0,0,2.5M,0,,F2,Unknown,11.0,60,,,,,41.47,-91.92,41.52,-91.77,,,IA,1988-05-08 14:29:00,1988-05-08 14:29:00,True,True
,10026119,Iowa,103,Johnson,,1988-05-08 13:34:00,CST,1988-05-08 13:34:00,0,0,0,0,2.5M,0,,F2,Unknown,27.0,60,,,,,41.7,-91.82,41.87,-91.4,,,IA,1988-05-08 14:34:00,1988-05-08 14:34:00,True,True
,10026121,Iowa,183,Washington,,1988-05-08 13:41:00,CST,1988-05-08 13:41:00,0,0,0,0,25M,0,,F2,Unknown,19.0,60,,,,,41.17,-91.82,41.33,-91.43,,,IA,1988-05-08 14:41:00,1988-05-08 14:41:00,True,True
,10026122,Iowa,103,Johnson,,1988-05-08 13:42:00,CST,1988-05-08 13:42:00,0,0,0,0,2.5M,0,,F2,Unknown,13.0,60,,,,,41.52,-91.77,41.55,-91.55,,,IA,1988-05-08 14:42:00,1988-05-08 14:42:00,True,True
,10026126,Iowa,103,Johnson,,1988-05-08 14:00:00,CST,1988-05-08 14:00:00,0,0,0,0,2.5K,0,,F0,Unknown,1.0,20,,,,,41.7,-91.5,,,,,IA,1988-05-08 15:00:00,1988-05-08 15:00:00,True,True
,10010787,Idaho,47,Gooding,,1988-04-20 14:00:00,MST,1988-04-20 14:00:00,0,0,0,0,25K,0,,F1,Unknown,1.0,60,,,,,42.98,-114.77,,,,,ID,1988-04-20 15:00:00,1988-04-20 15:00:00,True,True
,10140584,Texas,141,El Paso,,1988-06-14 13:50:00,CST,1988-06-14 13:50:00,0,0,0,0,0K,0,,F0,Unknown,0.2,30,,,,,31.72,-106.37,,,,,TX,1988-06-14 14:50:00,1988-06-14 14:50:00,True,True
,10010791,Idaho,5,Bannock,,1988-06-15 16:00:00,MST,1988-06-15 16:00:00,0,0,0,0,25K,0,,F0,Unknown,0.2,73,,,,,42.87,-112.43,,,,,ID,1988-06-15 17:00:00,1988-06-15 17:00:00,True,True
,9988244,Colorado,123,Weld,,1988-04-19 15:52:00,MST,1988-04-19 15:52:00,0,0,0,0,25K,0,,F1,Unknown,0.3,60,,,,,40.08,-104.8,,,,,CO,1988-04-19 16:52:00,1988-04-19 16:52:00,True,True
,10139518,Texas,143,Erath,,1988-09-29 00:50:00,CST,1988-09-29 00:50:00,0,0,0,0,0K,0,,F1,Unknown,0.5,50,,,,,32.33,-98.2,,,,,TX,1988-09-29 01:50:00,1988-09-29 01:50:00,True,True
,10139522,Texas,337,Montague,,1988-10-01 15:25:00,CST,1988-10-01 15:25:00,0,0,0,0,0K,0,,F0,Unknown,0.2,10,,,,,33.87,-97.82,,,,,TX,1988-10-01 16:25:00,1988-10-01 16:25:00,True,True
,10138347,Texas,147,Fannin,,1988-08-12 12:50:00,CST,1988-08-12 12:50:00,0,0,0,0,0K,0,,F1,Unknown,0.2,10,,,,,33.62,-96.23,,,,,TX,1988-08-12 13:50:00,1988-08-12 13:50:00,True,True
,10138355,Texas,65,Carson,,1988-08-17 15:53:00,CST,1988-08-17 15:53:00,0,0,0,0,0K,0,,F0,Unknown,0.1,30,,,,,35.3,-101.38,,,,,TX,1988-08-17 16:53:00,1988-08-17 16:53:00,True,True
,10001115,Florida,127,Volusia,,1988-01-21 10:15:00,CST,1988-01-21 10:15:00,3,0,0,0,250K,0,,F1,Unknown,10.0,60,,,,,29.17,-81.18,29.3,-81.05,,,FL,1988-01-21 10:15:00,1988-01-21 10:15:00,False,False
,10001118,Florida,63,Jackson,,1988-04-18 20:00:00,CST,1988-04-18 20:00:00,0,0,0,0,2.5K,0,,F1,Unknown,2.0,30,,,,,30.93,-85.12,,,,,FL,1988-04-18 21:00:00,1988-04-18 21:00:00,True,True
,10001119,Florida,63,Jackson,,1988-04-18 20:00:00,CST,1988-04-18 20:00:00,0,0,0,0,2.5M,0,,F2,Unknown,15.0,300,,,,,30.95,-85.17,31.05,-84.9,,,FL,1988-04-18 21:00:00,1988-04-18 21:00:00,True,True
,10001120,Florida,79,Madison,,1988-04-19 02:30:00,EST,1988-04-19 02:30:00,18,0,4,0,25M,0,,F3,Unknown,12.0,300,,,,,30.45,-83.42,30.53,-83.2,,,FL,1988-04-19 03:30:00,1988-04-19 03:30:00,True,True
,10140309,Texas,253,Jones,,1988-06-01 15:02:00,CST,1988-06-01 15:02:00,0,0,0,0,0K,0,,F1,Unknown,1.0,73,,,,,32.62,-99.95,,,,,TX,1988-06-01 16:02:00,1988-06-01 16:02:00,True,True
,10140310,Texas,253,Jones,,1988-06-01 15:25:00,CST,1988-06-01 15:25:00,0,0,0,0,0K,0,,F0,Unknown,0.2,10,,,,,32.57,-99.98,,,,,TX,1988-06-01 16:25:00,1988-06-01 16:25:00,True,True
,10025900,Iowa,107,Keokuk,,1988-05-08 13:16:00,CST,1988-05-08 13:16:00,0,0,0,0,250K,0,,F2,Unknown,12.0,60,,,,,41.43,-92.17,41.47,-91.92,,,IA,1988-05-08 14:16:00,1988-05-08 14:16:00,True,True
,10004860,Illinois,83,Jersey,,1988-11-15 21:15:00,CST,1988-11-15 21:15:00,0,0,0,0,250K,0,,F1,Unknown,0.2,50,,,,,39.12,-90.32,,,,,IL,1988-11-15 21:15:00,1988-11-15 21:15:00,False,False
,10004861,Illinois,61,Greene,,1988-11-15 21:30:00,CST,1988-11-15 21:30:00,0,0,0,0,250K,0,,F2,Unknown,0.1,50,,,,,39.33,-90.23,,,,,IL,1988-11-15 21:30:00,1988-11-15 21:30:00,False,False
,10004868,Illinois,163,St. Clair,,1988-11-15 22:12:00,CST,1988-11-15 22:12:00,0,0,0,0,250K,0,,F2,Unknown,0.4,50,,,,,38.52,-90.08,,,,,IL,1988-11-15 22:12:00,1988-11-15 22:12:00,False,False
,10004869,Illinois,163,St. Clair,,1988-11-15 22:28:00,CST,1988-11-15 22:28:00,0,0,0,0,2.5M,0,,F3,Unknown,3.0,200,,,,,38.62,-90.0,38.67,-89.98,,,IL,1988-11-15 22:28:00,1988-11-15 22:28:00,False,False
,10004870,Illinois,119,Madison,,1988-11-15 22:38:00,CST,1988-11-15 22:38:00,0,0,0,0,2.5M,0,,F3,Unknown,6.0,200,,,,,38.67,-89.98,38.7,-89.87,,,IL,1988-11-15 22:38:00,1988-11-15 22:38:00,False,False
,10004871,Illinois,29,Coles,,1988-11-15 22:45:00,CST,1988-11-15 22:45:00,0,0,0,0,250K,0,,F1,Unknown,0.1,50,,,,,39.48,-88.37,,,,,IL,1988-11-15 22:45:00,1988-11-15 22:45:00,False,False
,10137239,Texas,17,Bailey,,1988-07-24 18:28:00,CST,1988-07-24 18:28:00,0,0,0,0,0K,0,,F0,Unknown,2.0,60,,,,,34.28,-102.73,,,,,TX,1988-07-24 19:28:00,1988-07-24 19:28:00,True,True
,10137240,Texas,17,Bailey,,1988-07-24 18:30:00,CST,1988-07-24 18:30:00,0,0,0,0,0K,0,,F1,Unknown,2.0,100,,,,,34.32,-102.62,,,,,TX,1988-07-24 19:30:00,1988-07-24 19:30:00,True,True
,10137241,Texas,279,Lamb,,1988-07-24 18:45:00,CST,1988-07-24 18:45:00,0,0,0,0,0K,0,,F0,Unknown,0.1,30,,,,,34.3,-102.4,,,,,TX,1988-07-24 19:45:00,1988-07-24 19:45:00,True,True
,10137246,Texas,303,Lubbock,,1988-07-26 17:14:00,CST,1988-07-26 17:14:00,0,0,0,0,0K,0,,F0,Unknown,0.5,40,,,,,33.45,-101.98,,,,,TX,1988-07-26 18:14:00,1988-07-26 18:14:00,True,True
,10016703,Indiana,57,Hamilton,,1988-09-12 13:45:00,EST,1988-09-12 13:45:00,0,0,0,0,250K,0,,F1,Unknown,11.0,200,,,,,39.93,-86.07,40.0,-85.87,,,IN,1988-09-12 14:45:00,1988-09-12 14:45:00,True,True
,10016704,Indiana,95,Madison,,1988-09-12 14:00:00,EST,1988-09-12 14:00:00,0,0,0,0,250K,0,,F1,Unknown,10.0,200,,,,,40.0,-85.87,40.07,-85.68,,,IN,1988-09-12 15:00:00,1988-09-12 15:00:00,True,True
,10016706,Indiana,7,Benton,,1988-09-19 17:35:00,EST,1988-09-19 17:35:00,0,0,0,0,25K,0,,F1,Unknown,1.0,50,,,,,40.57,-87.13,,,,,IN,1988-09-19 18:35:00,1988-09-19 18:35:00,True,True
,10024917,Iowa,65,Fayette,,1988-03-24 17:15:00,CST,1988-03-24 17:15:00,0,0,0,0,2.5M,0,,F2,Unknown,2.0,100,,,,,43.07,-92.03,43.12,-92.03,,,IA,1988-03-24 17:15:00,1988-03-24 17:15:00,False,False
,10024918,Iowa,191,Winneshiek,,1988-03-24 17:21:00,CST,1988-03-24 17:21:00,0,0,0,0,2.5M,0,,F2,Unknown,7.0,33,,,,,43.12,-92.03,43.18,-91.93,,,IA,1988-03-24 17:21:00,1988-03-24 17:21:00,False,False
,10024920,Iowa,97,Jackson,,1988-03-25 16:13:00,CST,1988-03-25 16:13:00,0,0,0,0,25K,0,,F0,Unknown,0.2,20,,,,,42.07,-90.68,,,,,IA,1988-03-25 16:13:00,1988-03-25 16:13:00,False,False
,10139246,Texas,61,Cameron,,1988-09-16 13:00:00,CST,1988-09-16 13:00:00,0,0,0,0,250K,0,,F0,Unknown,0.2,50,,,,,26.18,-97.7,,,,,TX,1988-09-16 14:00:00,1988-09-16 14:00:00,True,True
,10139247,Texas,61,Cameron,,1988-09-16 14:00:00,CST,1988-09-16 14:00:00,0,0,0,0,2.5M,0,,F1,Unknown,0.5,50,,,,,26.18,-97.7,,,,,TX,1988-09-16 15:00:00,1988-09-16 15:00:00,True,True
,10139248,Texas,175,Goliad,,1988-09-16 16:04:00,CST,1988-09-16 16:04:00,0,0,0,0,0K,0,,F0,Unknown,0.2,10,,,,,28.75,-97.38,,,,,TX,1988-09-16 17:04:00,1988-09-16 17:04:00,True,True
,10139249,Texas,355,Nueces,,1988-09-16 16:30:00,CST,1988-09-16 16:30:00,0,0,0,0,0K,0,,F0,Unknown,0.2,10,,,,,27.78,-97.42,,,,,TX,1988-09-16 17:30:00,1988-09-16 17:30:00,True,True
,10139250,Texas,355,Nueces,,1988-09-16 20:00:00,CST,1988-09-16 20:00:00,0,0,0,0,250K,0,,F1,Unknown,0.5,23,,,,,27.7,-97.27,,,,,TX,1988-09-16 21:00:00,1988-09-16 21:00:00,True,True
,10139251,Texas,25,Bee,,1988-09-16 21:00:00,CST,1988-09-16 21:00:00,0,0,0,0,250K,0,,F1,Unknown,0.8,23,,,,,28.62,-97.8,,,,,TX,1988-09-16 22:00:00,1988-09-16 22:00:00,True,True
,10139252,Texas,255,Karnes,,1988-09-17 04:10:00,CST,1988-09-17 04:10:00,0,0,0,0,25K,0,,F0,Unknown,0.2,10,,,,,28.88,-97.97,,,,,TX,1988-09-17 05:10:00,1988-09-17 05:10:00,True,True
,10139253,Texas,29,Bexar,,1988-09-17 04:45:00,CST,1988-09-17 04:45:00,1,0,1,0,2.5M,0,,F1,Unknown,4.0,30,,,,,29.28,-98.43,29.33,-98.47,,,TX,1988-09-17 05:45:00,1988-09-17 05:45:00,True,True
,10139254,Texas,29,Bexar,,1988-09-17 05:49:00,CST,1988-09-17 05:49:00,3,0,0,0,25M,0,,F2,Unknown,5.0,50,,,,,29.4,-98.63,29.48,-98.58,,,TX,1988-09-17 06:49:00,1988-09-17 06:49:00,True,True
,10139255,Texas,29,Bexar,,1988-09-17 06:30:00,CST,1988-09-17 06:30:00,3,0,0,0,25M,0,,F1,Unknown,6.0,50,,,,,29.43,-98.52,29.5,-98.6,,,TX,1988-09-17 07:30:00,1988-09-17 07:30:00,True,True
,10139256,Texas,149,Fayette,,1988-09-17 06:44:00,CST,1988-09-17 06:44:00,0,0,0,0,25K,0,,F0,Unknown,0.2,10,,,,,29.83,-96.93,,,,,TX,1988-09-17 07:44:00,1988-09-17 07:44:00,True,True
,10024765,Iowa,67,Floyd,,1988-03-24 15:15:00,CST,1988-03-24 15:15:00,0,0,0,0,250K,0,,F1,Unknown,1.0,20,,,,,43.15,-92.98,,,,,IA,1988-03-24 15:15:00,1988-03-24 15:15:00,False,False
,10024768,Iowa,131,Mitchell,,1988-03-24 16:22:00,CST,1988-03-24 16:22:00,0,0,0,0,2.5K,0,,F0,Unknown,0.1,13,,,,,43.35,-92.57,,,,,IA,1988-03-24 16:22:00,1988-03-24 16:22:00,False,False
,9998885,Florida,57,Hillsborough,,1988-08-30 18:02:00,CST,1988-08-30 18:02:00,0,0,0,0,250K,0,,F1,Unknown,1.0,30,,,,,27.98,-82.47,,,,,FL,1988-08-30 19:02:00,1988-08-30 19:02:00,True,True
,10140538,Texas,93,Comanche,,1988-06-02 15:20:00,CST,1988-06-02 15:20:00,0,0,0,0,0K,0,,F1,Unknown,0.2,10,,,,,32.12,-98.47,,,,,TX,1988-06-02 16:20:00,1988-06-02 16:20:00,True,True
,10140542,Texas,49,Brown,,1988-06-02 15:45:00,CST,1988-06-02 15:45:00,0,0,0,0,0K,0,,F1,Unknown,0.2,10,,,,,31.68,-98.8,,,,,TX,1988-06-02 16:45:00,1988-06-02 16:45:00,True,True
,10025527,Iowa,17,Bremer,,1988-11-15 18:50:00,CST,1988-11-15 18:50:00,0,0,0,0,250K,0,,F1,Unknown,1.0,20,,,,,42.73,-92.48,,,,,IA,1988-11-15 18:50:00,1988-11-15 18:50:00,False,False
,10025528,Iowa,179,Wapello,,1988-11-15 19:08:00,CST,1988-11-15 19:08:00,0,0,0,0,250K,0,,F2,Unknown,6.0,63,,,,,41.07,-92.33,41.13,-92.25,,,IA,1988-11-15 19:08:00,1988-11-15 19:08:00,False,False
,10139469,Texas,55,Caldwell,,1988-09-17 09:30:00,CST,1988-09-17 09:30:00,0,0,0,0,25K,0,,F0,Unknown,0.2,10,,,,,29.73,-97.75,,,,,TX,1988-09-17 10:30:00,1988-09-17 10:30:00,True,True
,10138840,Texas,89,Colorado,,1988-04-29 12:25:00,CST,1988-04-29 12:25:00,0,0,0,0,25K,0,,F0,Unknown,0.3,100,,,,,29.72,-96.63,,,,,TX,1988-04-29 13:25:00,1988-04-29 13:25:00,True,True
,10024946,Iowa,181,Warren,,1988-05-08 10:56:00,CST,1988-05-08 10:56:00,0,0,0,0,250K,0,,F1,Unknown,3.5,30,,,,,41.47,-93.37,41.48,-93.32,,,IA,1988-05-08 11:56:00,1988-05-08 11:56:00,True,True
,10024948,Iowa,125,Marion,,1988-05-08 11:03:00,CST,1988-05-08 11:03:00,0,0,0,0,250K,0,,F1,Unknown,0.5,30,,,,,41.48,-93.32,41.52,-93.3,,,IA,1988-05-08 12:03:00,1988-05-08 12:03:00,True,True
,10024949,Iowa,99,Jasper,,1988-05-08 11:04:00,CST,1988-05-08 11:04:00,0,0,0,0,250K,0,,F1,Unknown,7.0,30,,,,,41.52,-93.3,41.57,-93.23,,,IA,1988-05-08 12:04:00,1988-05-08 12:04:00,True,True
,10138861,Texas,133,Eastland,,1988-04-29 18:29:00,CST,1988-04-29 18:29:00,0,0,0,0,2.5K,0,,F1,Unknown,0.3,30,,,,,32.38,-98.95,,,,,TX,1988-04-29 19:29:00,1988-04-29 19:29:00,True,True
,10025493,Iowa,45,Clinton,,1988-08-08 15:30:00,CST,1988-08-08 15:30:00,0,0,0,0,250K,0,,F0,Unknown,0.5,13,,,,,41.87,-90.2,,,,,IA,1988-08-08 16:30:00,1988-08-08 16:30:00,True,True
,10139470,Texas,137,Edwards,,1988-09-17 09:50:00,CST,1988-09-17 09:50:00,0,0,0,0,0K,0,,F0,Unknown,0.2,10,,,,,29.85,-100.68,,,,,TX,1988-09-17 10:50:00,1988-09-17 10:50:00,True,True
,10139471,Texas,323,Maverick,,1988-09-17 11:13:00,CST,1988-09-17 11:13:00,0,0,0,0,0K,0,,F0,Unknown,0.2,10,,,,,29.05,-100.5,,,,,TX,1988-09-17 12:13:00,1988-09-17 12:13:00,True,True
,10139472,Texas,307,Mcculloch,,1988-09-17 11:43:00,CST,1988-09-17 11:43:00,0,0,0,0,0K,0,,F0,Unknown,0.2,10,,,,,31.13,-99.45,,,,,TX,1988-09-17 11:43:00,1988-09-17 11:43:00,False,False
,10139473,Texas,307,Mcculloch,,1988-09-17 11:43:00,CST,1988-09-17 11:43:00,0,0,0,0,2.5K,0,,F1,Unknown,0.2,10,,,,,31.4,-99.6,,,,,TX,1988-09-17 11:43:00,1988-09-17 11:43:00,False,False
,10139474,Texas,127,Dimmit,,1988-09-17 12:45:00,CST,1988-09-17 12:45:00,0,0,0,0,25K,0,,F0,Unknown,0.2,10,,,,,28.52,-99.9,,,,,TX,1988-09-17 13:45:00,1988-09-17 13:45:00,True,True
,10139475,Texas,465,Val Verde,,1988-09-17 13:20:00,CST,1988-09-17 13:20:00,0,0,0,0,0K,0,,F0,Unknown,0.2,10,,,,,29.93,-101.17,,,,,TX,1988-09-17 14:20:00,1988-09-17 14:20:00,True,True
,10139476,Texas,399,Runnels,,1988-09-17 13:56:00,CST,1988-09-17 13:56:00,0,0,0,0,0K,0,,F0,Unknown,4.0,60,,,,,31.78,-99.77,31.83,-99.72,,,TX,1988-09-17 14:56:00,1988-09-17 14:56:00,True,True
,10139477,Texas,35,Bosque,,1988-09-17 14:15:00,CST,1988-09-17 14:15:00,0,0,0,0,0K,0,,F0,Unknown,0.2,10,,,,,31.92,-97.68,,,,,TX,1988-09-17 15:15:00,1988-09-17 15:15:00,True,True
,10139478,Texas,95,Concho,,1988-09-17 15:09:00,CST,1988-09-17 15:09:00,0,0,0,0,2.5K,0,,F0,Unknown,3.5,80,,,,,31.22,-99.85,31.22,-99.78,,,TX,1988-09-17 16:09:00,1988-09-17 16:09:00,True,True
,10139479,Texas,95,Concho,,1988-09-17 15:50:00,CST,1988-09-17 15:50:00,0,0,0,0,0K,0,,F0,Unknown,1.0,30,,,,,31.22,-99.95,,,,,TX,1988-09-17 16:50:00,1988-09-17 16:50:00,True,True
,10139480,Texas,95,Concho,,1988-09-17 15:50:00,CST,1988-09-17 15:50:00,0,0,0,0,0K,0,,F0,Unknown,0.5,30,,,,,31.17,-99.85,,,,,TX,1988-09-17 16:50:00,1988-09-17 16:50:00,True,True
,10139481,Texas,95,Concho,,1988-09-17 15:58:00,CST,1988-09-17 15:58:00,0,0,0,0,0K,0,,F0,Unknown,2.0,50,,,,,31.57,-100.1,,,,,TX,1988-09-17 16:58:00,1988-09-17 16:58:00,True,True
,10139482,Texas,95,Concho,,1988-09-17 16:10:00,CST,1988-09-17 16:10:00,0,0,0,0,0K,0,,F0,Unknown,1.0,40,,,,,31.22,-99.98,,,,,TX,1988-09-17 17:10:00,1988-09-17 17:10:00,True,True
,10139483,Texas,95,Concho,,1988-09-17 16:10:00,CST,1988-09-17 16:10:00,0,0,0,0,0K,0,,F0,Unknown,1.5,40,,,,,31.22,-99.98,,,,,TX,1988-09-17 17:10:00,1988-09-17 17:10:00,True,True
,10139485,Texas,465,Val Verde,,1988-09-17 16:45:00,CST,1988-09-17 16:45:00,2,0,0,0,2.5M,0,,F2,Unknown,11.0,63,,,,,29.37,-100.9,29.5,-101.05,,,TX,1988-09-17 17:45:00,1988-09-17 17:45:00,True,True
,10139487,Texas,399,Runnels,,1988-09-17 17:25:00,CST,1988-09-17 17:25:00,0,0,0,0,25K,0,,F1,Unknown,3.0,60,,,,,31.62,-99.95,31.63,-99.88,,,TX,1988-09-17 18:25:00,1988-09-17 18:25:00,True,True
,10139488,Texas,465,Val Verde,,1988-09-17 17:39:00,CST,1988-09-17 17:39:00,0,0,0,0,0K,0,,F0,Unknown,0.2,10,,,,,29.55,-101.02,,,,,TX,1988-09-17 18:39:00,1988-09-17 18:39:00,True,True
,10137215,Texas,49,Brown,,1988-07-03 10:50:00,CST,1988-07-03 10:50:00,0,0,0,0,0K,0,,F1,Unknown,0.2,10,,,,,32.05,-99.02,,,,,TX,1988-07-03 11:50:00,1988-07-03 11:50:00,True,True
,10137216,Texas,133,Eastland,,1988-07-03 11:28:00,CST,1988-07-03 11:28:00,0,0,0,0,0K,0,,F1,Unknown,0.2,10,,,,,32.1,-98.98,,,,,TX,1988-07-03 12:28:00,1988-07-03 12:28:00,True,True
,10137597,Texas,423,Smith,,1988-11-19 12:50:00,CST,1988-11-19 12:50:00,0,0,0,0,0K,0,,F1,Unknown,0.2,10,,,,,32.25,-95.05,,,,,TX,1988-11-19 12:50:00,1988-11-19 12:50:00,False,False
,10137600,Texas,315,Marion,,1988-11-19 13:28:00,CST,1988-11-19 13:28:00,0,0,0,0,0K,0,,F1,Unknown,0.2,10,,,,,32.8,-94.67,,,,,TX,1988-11-19 13:28:00,1988-11-19 13:28:00,False,False
,10137603,Texas,67,Cass,,1988-11-19 13:40:00,CST,1988-11-19 13:40:00,0,0,0,0,0K,0,,F1,Unknown,0.2,10,,,,,32.97,-94.55,,,,,TX,1988-11-19 13:40:00,1988-11-19 13:40:00,False,False
,10137605,Texas,5,Angelina,,1988-11-19 13:51:00,CST,1988-11-19 13:51:00,0,0,0,0,0K,0,,F1,Unknown,0.2,10,,,,,31.35,-94.82,,,,,TX,1988-11-19 13:51:00,1988-11-19 13:51:00,False,False
,10010782,Idaho,53,Jerome,,1988-03-30 10:45:00,MST,1988-03-30 10:45:00,0,0,0,0,2.5K,0,,F0,Unknown,0.2,50,,,,,42.73,-114.55,,,,,ID,1988-03-30 10:45:00,1988-03-30 10:45:00,False,False
,10010783,Idaho,51,Jefferson,,1988-04-17 18:30:00,MST,1988-04-17 18:30:00,0,0,0,0,2.5K,0,,F1,Unknown,2.0,60,,,,,43.65,-112.13,,,,,ID,1988-04-17 19:30:00,1988-04-17 19:30:00,True,True
,10010784,Idaho,51,Jefferson,,1988-04-17 19:00:00,MST,1988-04-17 19:00:00,0,0,0,0,2.5K,0,,F1,Unknown,0.5,30,,,,,43.63,-111.78,,,,,ID,1988-04-17 20:00:00,1988-04-17 20:00:00,True,True
,10010785,Idaho,47,Gooding,,1988-04-20 13:00:00,MST,1988-04-20 13:00:00,0,0,0,0,2.5K,0,,F0,Unknown,1.0,30,,,,,42.8,-114.65,,,,,ID,1988-04-20 14:00:00,1988-04-20 14:00:00,True,True
,10010786,Idaho,53,Jerome,,1988-04-20 13:00:00,MST,1988-04-20 13:00:00,0,0,0,0,2.5K,0,,F1,Unknown,1.0,50,,,,,42.7,-114.48,,,,,ID,1988-04-20 14:00:00,1988-04-20 14:00:00,True,True
,10025533,Iowa,55,Delaware,,1988-11-15 21:05:00,CST,1988-11-15 21:05:00,0,0,0,0,250K,0,,F2,Unknown,11.0,63,,,,,42.48,-91.47,42.6,-91.38,,,IA,1988-11-15 21:05:00,1988-11-15 21:05:00,False,False
,10025534,Iowa,43,Clayton,,1988-11-15 21:22:00,CST,1988-11-15 21:22:00,0,0,0,0,25K,0,,F0,Unknown,0.2,20,,,,,42.9,-91.23,,,,,IA,1988-11-15 21:22:00,1988-11-15 21:22:00,False,False
,10024928,Iowa,47,Crawford,,1988-05-07 19:45:00,CST,1988-05-07 19:45:00,0,0,0,0,2.5K,0,,F0,Unknown,2.0,20,,,,,42.05,-95.6,,,,,IA,1988-05-07 20:45:00,1988-05-07 20:45:00,True,True
,10024932,Iowa,155,Pottawattamie,,1988-05-07 22:10:00,CST,1988-05-07 22:10:00,0,0,0,0,2.5M,0,,F2,Unknown,7.2,73,,,,,41.33,-95.95,41.45,-95.82,,,IA,1988-05-07 23:10:00,1988-05-07 23:10:00,True,True
,10024922,Iowa,31,Cedar,,1988-04-02 16:30:00,CST,1988-04-02 16:30:00,0,0,0,0,250K,0,,F1,Unknown,2.5,20,,,,,41.67,-91.27,,,,,IA,1988-04-02 16:30:00,1988-04-02 16:30:00,False,False
,10140375,Texas,425,Somervell,,1988-10-01 16:17:00,CST,1988-10-01 16:17:00,0,0,0,0,0K,0,,F0,Unknown,0.2,10,,,,,32.28,-97.77,,,,,TX,1988-10-01 17:17:00,1988-10-01 17:17:00,True,True
,10140383,Texas,99,Coryell,,1988-10-01 18:10:00,CST,1988-10-01 18:10:00,0,0,0,0,0K,0,,F1,Unknown,0.2,10,,,,,31.43,-97.52,,,,,TX,1988-10-01 19:10:00,1988-10-01 19:10:00,True,True
,10024974,Iowa,13,Black Hawk,,1988-05-08 13:06:00,CST,1988-05-08 13:06:00,0,0,0,0,250K,0,,F1,Unknown,1.0,20,,,,,42.63,-92.1,42.63,-92.07,,,IA,1988-05-08 14:06:00,1988-05-08 14:06:00,True,True
,10141287,Texas,17,Bailey,,1988-05-30 17:50:00,CST,1988-05-30 17:50:00,0,0,0,0,0K,0,,F0,Unknown,4.0,60,,,,,33.87,-102.97,33.87,-102.88,,,TX,1988-05-30 18:50:00,1988-05-30 18:50:00,True,True
,10141288,Texas,111,Dallam,,1988-05-30 18:35:00,CST,1988-05-30 18:35:00,0,0,0,0,0K,0,,F0,Unknown,3.0,100,,,,,36.27,-102.93,36.27,-102.87,,,TX,1988-05-30 19:35:00,1988-05-30 19:35:00,True,True
,10141289,Texas,17,Bailey,,1988-05-30 18:40:00,CST,1988-05-30 18:40:00,0,0,0,0,0K,0,,F0,Unknown,2.0,50,,,,,34.03,-102.67,,,,,TX,1988-05-30 19:40:00,1988-05-30 19:40:00,True,True
,10141292,Texas,369,Parmer,,1988-05-30 20:55:00,CST,1988-05-30 20:55:00,0,0,0,0,0K,0,,F0,Unknown,2.0,70,,,,,34.7,-102.55,,,,,TX,1988-05-30 21:55:00,1988-05-30 21:55:00,True,True
,10025511,Iowa,187,Webster,,1988-08-22 02:40:00,CST,1988-08-22 02:40:00,0,0,0,0,250K,0,,F1,Unknown,0.5,20,,,,,42.5,-94.18,,,,,IA,1988-08-22 03:40:00,1988-08-22 03:40:00,True,True
,10025512,Iowa,129,Mills,,1988-08-22 03:00:00,CST,1988-08-22 03:00:00,0,0,0,0,250K,0,,F0,Unknown,0.5,20,,,,,40.98,-95.52,,,,,IA,1988-08-22 04:00:00,1988-08-22 04:00:00,True,True
,10025516,Iowa,3,Adams,,1988-08-22 13:30:00,CST,1988-08-22 13:30:00,0,0,0,0,250K,0,,F1,Unknown,4.2,50,,,,,41.12,-94.83,41.15,-94.75,,,IA,1988-08-22 14:30:00,1988-08-22 14:30:00,True,True
,10025520,Iowa,185,Wayne,,1988-11-15 16:09:00,CST,1988-11-15 16:09:00,0,0,0,0,.25K,0,,F0,Unknown,0.1,10,,,,,40.73,-93.12,40.73,-93.08,,,IA,1988-11-15 16:09:00,1988-11-15 16:09:00,False,False
,10025521,Iowa,7,Appanoose,,1988-11-15 16:10:00,CST,1988-11-15 16:10:00,0,0,0,0,.25K,0,,F0,Unknown,0.1,10,,,,,40.73,-93.08,40.73,-93.07,,,IA,1988-11-15 16:10:00,1988-11-15 16:10:00,False,False
,10025523,Iowa,135,Monroe,,1988-11-15 16:29:00,CST,1988-11-15 16:29:00,4,0,0,0,250K,0,,F2,Unknown,4.0,60,,,,,40.9,-93.03,40.95,-92.97,,,IA,1988-11-15 16:29:00,1988-11-15 16:29:00,False,False
,10025524,Iowa,107,Keokuk,,1988-11-15 18:25:00,CST,1988-11-15 18:25:00,0,0,0,0,250K,0,,F1,Unknown,14.0,50,,,,,41.35,-92.18,41.52,-92.07,,,IA,1988-11-15 18:25:00,1988-11-15 18:25:00,False,False
,10025525,Iowa,107,Keokuk,,1988-11-15 18:50:00,CST,1988-11-15 18:50:00,0,0,0,0,25K,0,,F0,Unknown,0.5,20,,,,,41.18,-92.05,,,,,IA,1988-11-15 18:50:00,1988-11-15 18:50:00,False,False
,10025526,Iowa,95,Iowa,,1988-11-15 18:50:00,CST,1988-11-15 18:50:00,0,0,0,0,25K,0,,F1,Unknown,5.0,50,,,,,41.52,-92.07,41.57,-92.0,,,IA,1988-11-15 18:50:00,1988-11-15 18:50:00,False,False
,10139468,Texas,13,Atascosa,,1988-09-17 08:40:00,CST,1988-09-17 08:40:00,0,0,0,0,0K,0,,F0,Unknown,0.2,10,,,,,28.95,-98.53,,,,,TX,1988-09-17 09:40:00,1988-09-17 09:40:00,True,True
,10002203,Florida,11,Broward,,1988-05-27 13:30:00,EST,1988-05-27 13:30:00,0,0,0,0,25K,0,,F0,Unknown,1.0,30,,,,,25.98,-80.2,,,,,FL,1988-05-27 14:30:00,1988-05-27 14:30:00,True,True
,10002204,Florida,11,Broward,,1988-05-27 13:45:00,EST,1988-05-27 13:45:00,0,0,0,0,250K,0,,F1,Unknown,2.0,30,,,,,26.32,-80.17,26.35,-80.12,,,FL,1988-05-27 14:45:00,1988-05-27 14:45:00,True,True
,10002205,Florida,99,Palm Beach,,1988-05-27 13:58:00,EST,1988-05-27 13:58:00,0,0,0,0,250K,0,,F1,Unknown,1.0,30,,,,,26.35,-80.12,26.37,-80.12,,,FL,1988-05-27 14:58:00,1988-05-27 14:58:00,True,True
,10002207,Florida,101,Pasco,,1988-06-05 18:30:00,EST,1988-06-05 18:30:00,2,0,0,0,2.5K,0,,F0,Unknown,0.5,30,,,,,28.23,-82.18,,,,,FL,1988-06-05 19:30:00,1988-06-05 19:30:00,True,True
,10161449,Wisconsin,49,Iowa,,1988-05-08 15:45:00,CST,1988-05-08 15:45:00,0,0,0,0,2.5K,0,,F1,Unknown,0.8,20,,,,,42.88,-89.88,,,,,WI,1988-05-08 16:45:00,1988-05-08 16:45:00,True,True
,10034175,Kansas,155,Reno,,1988-05-31 13:12:00,CST,1988-05-31 13:12:00,0,0,0,0,0K,0,,F0,Unknown,0.1,20,,,,,38.17,-97.92,,,,,KS,1988-05-31 14:12:00,1988-05-31 14:12:00,True,True
,10034176,Kansas,79,Harvey,,1988-05-31 14:20:00,CST,1988-05-31 14:20:00,0,0,0,0,0K,0,,F0,Unknown,0.1,20,,,,,37.93,-97.52,,,,,KS,1988-05-31 15:20:00,1988-05-31 15:20:00,True,True
,10034185,Kansas,155,Reno,,1988-06-26 18:33:00,CST,1988-06-26 18:33:00,0,0,0,0,0K,0,,F0,Unknown,0.5,20,,,,,37.98,-98.05,,,,,KS,1988-06-26 19:33:00,1988-06-26 19:33:00,True,True
,10034186,Kansas,155,Reno,,1988-06-26 18:49:00,CST,1988-06-26 18:49:00,0,0,0,0,0K,0,,F0,Unknown,0.5,20,,,,,37.98,-98.3,,,,,KS,1988-06-26 19:49:00,1988-06-26 19:49:00,True,True
,10138699,Texas,467,Van Zandt,,1988-11-25 19:15:00,CST,1988-11-25 19:15:00,2,0,0,0,0K,0,,F1,Unknown,3.0,300,,,,,32.68,-95.82,32.7,-95.77,,,TX,1988-11-25 19:15:00,1988-11-25 19:15:00,False,False
,10138711,Texas,459,Upshur,,1988-11-25 22:20:00,CST,1988-11-25 22:20:00,0,0,0,0,0K,0,,F1,Unknown,0.3,50,,,,,32.73,-94.93,,,,,TX,1988-11-25 22:20:00,1988-11-25 22:20:00,False,False
,10138712,Texas,67,Cass,,1988-11-25 23:00:00,CST,1988-11-25 23:00:00,0,0,0,0,0K,0,,F1,Unknown,0.3,73,,,,,33.2,-94.4,,,,,TX,1988-11-25 23:00:00,1988-11-25 23:00:00,False,False
,10137430,Texas,315,Marion,,1988-04-01 17:14:00,CST,1988-04-01 17:14:00,0,0,0,0,0K,0,,F1,Unknown,10.0,100,,,,,32.75,-94.63,32.88,-94.58,,,TX,1988-04-01 17:14:00,1988-04-01 17:14:00,False,False
,10137432,Texas,67,Cass,,1988-04-01 17:24:00,CST,1988-04-01 17:24:00,0,0,0,0,0K,0,,F1,Unknown,4.0,100,,,,,32.88,-94.58,32.97,-94.58,,,TX,1988-04-01 17:24:00,1988-04-01 17:24:00,False,False
,10141283,Texas,189,Hale,,1988-05-28 20:40:00,CST,1988-05-28 20:40:00,0,0,0,0,2.5K,0,,F0,Unknown,4.0,90,,,,,34.28,-101.9,34.33,-101.85,,,TX,1988-05-28 21:40:00,1988-05-28 21:40:00,True,True
,10034203,Kansas,29,Cloud,,1988-07-09 16:32:00,CST,1988-07-09 16:32:00,0,0,0,0,2.5K,0,,F0,Unknown,0.5,20,,,,,39.57,-97.98,,,,,KS,1988-07-09 17:32:00,1988-07-09 17:32:00,True,True
,10034204,Kansas,181,Sherman,,1988-07-12 15:40:00,CST,1988-07-12 15:40:00,0,0,0,0,0K,0,,F0,Unknown,0.2,20,,,,,39.35,-101.87,,,,,KS,1988-07-12 16:40:00,1988-07-12 16:40:00,True,True
,10137444,Texas,147,Fannin,,1988-04-05 16:25:00,CST,1988-04-05 16:25:00,0,0,0,0,0K,0,,F0,Unknown,0.2,10,,,,,33.55,-95.97,,,,,TX,1988-04-05 17:25:00,1988-04-05 17:25:00,True,True
,10140599,Texas,27,Bell,,1988-10-01 18:59:00,CST,1988-10-01 18:59:00,0,0,0,0,0K,0,,F1,Unknown,1.0,73,,,,,31.22,-97.35,,,,,TX,1988-10-01 19:59:00,1988-10-01 19:59:00,True,True
,10137458,Texas,3,Andrews,,1988-04-16 15:48:00,CST,1988-04-16 15:48:00,0,0,0,0,0K,0,,F1,Unknown,0.2,10,,,,,32.32,-102.95,,,,,TX,1988-04-16 16:48:00,1988-04-16 16:48:00,True,True
,10137459,Texas,3,Andrews,,1988-04-16 16:17:00,CST,1988-04-16 16:17:00,0,0,0,0,0K,0,,F0,Unknown,0.2,10,,,,,32.17,-102.47,,,,,TX,1988-04-16 17:17:00,1988-04-16 17:17:00,True,True
,10137460,Texas,3,Andrews,,1988-04-16 16:20:00,CST,1988-04-16 16:20:00,0,0,0,0,0K,0,,F0,Unknown,0.2,10,,,,,32.45,-102.78,,,,,TX,1988-04-16 17:20:00,1988-04-16 17:20:00,True,True
,10139490,Texas,465,Val Verde,,1988-09-17 17:52:00,CST,1988-09-17 17:52:00,0,0,0,0,25K,0,,F0,Unknown,0.2,10,,,,,29.7,-101.17,,,,,TX,1988-09-17 18:52:00,1988-09-17 18:52:00,True,True
,10137565,Texas,379,Rains,,1988-11-15 17:14:00,CST,1988-11-15 17:14:00,0,0,0,0,0K,0,,F1,Unknown,0.2,10,,,,,32.92,-95.9,,,,,TX,1988-11-15 17:14:00,1988-11-15 17:14:00,False,False
,10137567,Texas,379,Rains,,1988-11-15 17:19:00,CST,1988-11-15 17:19:00,0,0,0,0,0K,0,,F1,Unknown,0.2,10,,,,,32.97,-95.8,,,,,TX,1988-11-15 17:19:00,1988-11-15 17:19:00,False,False
,10139257,Texas,91,Comal,,1988-09-17 08:00:00,CST,1988-09-17 08:00:00,0,0,0,0,250K,0,,F0,Unknown,0.2,10,,,,,29.9,-98.27,,,,,TX,1988-09-17 09:00:00,1988-09-17 09:00:00,True,True
,10137206,Texas,103,Crane,,1988-06-29 20:03:00,CST,1988-06-29 20:03:00,0,0,0,0,0K,0,,F0,Unknown,0.5,60,,,,,31.4,-102.73,,,,,TX,1988-06-29 21:03:00,1988-06-29 21:03:00,True,True
,10137208,Texas,371,Pecos,,1988-06-30 16:00:00,CST,1988-06-30 16:00:00,0,0,0,0,25K,0,,F1,Unknown,0.4,50,,,,,30.95,-102.87,,,,,TX,1988-06-30 17:00:00,1988-06-30 17:00:00,True,True
,10002220,Florida,11,Broward,,1988-06-21 15:00:00,EST,1988-06-21 15:00:00,0,0,0,0,0K,0,,F0,Unknown,0.2,10,,,,,26.13,-80.6,,,,,FL,1988-06-21 16:00:00,1988-06-21 16:00:00,True,True
,10002221,Florida,105,Polk,,1988-06-22 16:00:00,CST,1988-06-22 16:00:00,0,0,0,0,25K,0,,F1,Unknown,1.0,30,,,,,28.12,-82.02,,,,,FL,1988-06-22 17:00:00,1988-06-22 17:00:00,True,True
,10002222,Florida,17,Citrus,,1988-06-25 14:00:00,CST,1988-06-25 14:00:00,0,0,0,0,25K,0,,F2,Unknown,2.0,40,,,,,28.83,-82.33,,,,,FL,1988-06-25 15:00:00,1988-06-25 15:00:00,True,True
,10002227,Florida,109,St. Johns,,1988-07-10 15:30:00,CST,1988-07-10 15:30:00,0,0,0,0,2.5K,0,,F0,Unknown,1.0,30,,,,,29.72,-81.52,,,,,FL,1988-07-10 16:30:00,1988-07-10 16:30:00,True,True
,10002229,Florida,103,Pinellas,,1988-07-15 10:30:00,CST,1988-07-15 10:30:00,0,0,0,0,2.5K,0,,F0,Unknown,1.0,30,,,,,27.73,-82.75,,,,,FL,1988-07-15 11:30:00,1988-07-15 11:30:00,True,True
,10002236,Florida,103,Pinellas,,1988-07-25 11:00:00,CST,1988-07-25 11:00:00,0,0,0,0,25K,0,,F0,Unknown,1.0,30,,,,,27.77,-82.67,,,,,FL,1988-07-25 12:00:00,1988-07-25 12:00:00,True,True
,10002238,Florida,33,Escambia,,1988-07-26 16:00:00,CST,1988-07-26 16:00:00,0,0,0,0,25K,0,,F0,Unknown,1.0,30,,,,,30.42,-87.22,,,,,FL,1988-07-26 17:00:00,1988-07-26 17:00:00,True,True
,10002239,Florida,93,Okeechobee,,1988-07-26 17:00:00,CST,1988-07-26 17:00:00,0,0,0,0,0K,0,,F0,Unknown,1.0,30,,,,,27.25,-80.83,,,,,FL,1988-07-26 18:00:00,1988-07-26 18:00:00,True,True
,10002240,Florida,15,Charlotte,,1988-07-27 14:00:00,CST,1988-07-27 14:00:00,0,0,0,0,.25K,0,,F0,Unknown,0.5,20,,,,,26.93,-82.05,,,,,FL,1988-07-27 15:00:00,1988-07-27 15:00:00,True,True
,10026170,Iowa,77,Guthrie,,1988-07-15 18:20:00,CST,1988-07-15 18:20:00,0,0,0,0,25K,0,,F0,Unknown,0.3,13,,,,,41.68,-94.77,,,,,IA,1988-07-15 19:20:00,1988-07-15 19:20:00,True,True
,10026171,Iowa,1,Adair,,1988-07-15 18:45:00,CST,1988-07-15 18:45:00,0,0,0,0,250K,0,,F1,Unknown,0.8,33,,,,,41.25,-94.68,,,,,IA,1988-07-15 19:45:00,1988-07-15 19:45:00,True,True
,10002652,Illinois,103,Lee,,1988-05-08 16:20:00,CST,1988-05-08 16:20:00,0,0,0,0,25K,0,,F0,Unknown,0.1,13,,,,,41.83,-89.48,,,,,IL,1988-05-08 17:20:00,1988-05-08 17:20:00,True,True
,10138717,Texas,365,Panola,,1988-11-26 05:50:00,CST,1988-11-26 05:50:00,0,0,0,0,0K,0,,F1,Unknown,0.2,10,,,,,32.15,-94.35,,,,,TX,1988-11-26 05:50:00,1988-11-26 05:50:00,False,False
,10137422,Texas,183,Gregg,,1988-04-01 16:25:00,CST,1988-04-01 16:25:00,0,0,0,0,0K,0,,F1,Unknown,0.3,100,,,,,32.52,-94.97,,,,,TX,1988-04-01 16:25:00,1988-04-01 16:25:00,False,False
,10137424,Texas,1,Anderson,,1988-04-01 16:35:00,CST,1988-04-01 16:35:00,1,0,0,0,250K,0,,F1,Unknown,4.0,100,,,,,31.57,-95.42,31.62,-95.35,,,TX,1988-04-01 16:35:00,1988-04-01 16:35:00,False,False
,10137425,Texas,183,Gregg,,1988-04-01 16:42:00,CST,1988-04-01 16:42:00,0,0,0,0,2.5M,0,,F3,Unknown,2.0,440,,,,,32.55,-94.92,32.58,-94.92,,,TX,1988-04-01 16:42:00,1988-04-01 16:42:00,False,False
,10137427,Texas,459,Upshur,,1988-04-01 16:46:00,CST,1988-04-01 16:46:00,9,0,0,0,2.5M,0,,F3,Unknown,11.0,440,,,,,32.58,-94.92,32.75,-94.83,,,TX,1988-04-01 16:46:00,1988-04-01 16:46:00,False,False
,10137429,Texas,203,Harrison,,1988-04-01 17:10:00,CST,1988-04-01 17:10:00,0,0,0,0,0K,0,,F1,Unknown,2.0,100,,,,,32.72,-94.7,32.75,-94.63,,,TX,1988-04-01 17:10:00,1988-04-01 17:10:00,False,False
,10002187,Florida,87,Monroe,,1988-05-16 15:16:00,EST,1988-05-16 15:16:00,0,0,0,0,.25K,0,,F0,Unknown,1.0,30,,,,,24.55,-81.77,,,,,FL,1988-05-16 15:16:00,1988-05-16 15:16:00,False,False
,10002193,Florida,89,Nassau,,1988-05-24 17:44:00,EST,1988-05-24 17:44:00,0,0,0,0,2.5K,0,,F0,Unknown,1.0,30,,,,,30.68,-81.92,,,,,FL,1988-05-24 18:44:00,1988-05-24 18:44:00,True,True
,10002217,Florida,7,Bradford,,1988-06-10 15:25:00,EST,1988-06-10 15:25:00,0,0,0,0,0K,0,,F0,Unknown,1.0,30,,,,,30.05,-82.08,,,,,FL,1988-06-10 16:25:00,1988-06-10 16:25:00,True,True
