episode_id,event_id,state,county_fips,county_name,wfo,begin_date_time,county_timezone,end_date_time,injuries_direct,injuries_indirect,deaths_direct,deaths_indirect,property_damage,crop_damage,source,tornado_rating,max_windspeed,tornado_length,tornado_max_width,other_wfos,other_states,other_counties_fips,other_counties_names,begin_latitude,begin_longitude,end_latitude,end_longitude,episode_narrative,event_narrative,state_code,begin_date_time_corrected,end_date_time_corrected,begin_time_adjusted,end_time_adjusted
,10042804,Maryland,17,Charles,,1975-07-13 14:45:00,CST,1975-07-13 14:45:00,0,0,0,0,250K,0,,F1,Unknown,0.8,200,,,,,38.52,-77.02,,,,,MD,1975-07-13 15:45:00,1975-07-13 15:45:00,True,True
,10068100,Nebraska,163,Sherman,,1975-05-22 13:15:00,CST,1975-05-22 13:15:00,0,0,0,0,250K,0,,F0,Unknown,0.2,17,,,,,41.13,-99.07,,,,,NE,1975-05-22 14:15:00,1975-05-22 14:15:00,True,True
,9978361,Alabama,9,Blount,,1975-03-29 06:05:00,CST,1975-03-29 06:05:00,3,0,0,0,25K,0,,F1,Unknown,3.0,30,,,,,34.2,-86.58,,,,,AL,1975-03-29 07:05:00,1975-03-29 07:05:00,True,True
,9978365,Alabama,123,Tallapoosa,,1975-04-02 17:30:00,CST,1975-04-02 17:30:00,0,0,0,0,25K,0,,F1,Unknown,0.0,33,,,,,32.82,-85.7,,,,,AL,1975-04-02 18:30:00,1975-04-02 18:30:00,True,True
,9978368,Alabama,53,Escambia,,1975-04-10 03:00:00,CST,1975-04-10 03:00:00,0,0,0,0,25K,0,,F1,Unknown,0.3,20,,,,,31.1,-87.52,,,,,AL,1975-04-10 04:00:00,1975-04-10 04:00:00,True,True
,9978376,Alabama,53,Escambia,,1975-04-30 15:00:00,CST,1975-04-30 15:00:00,0,0,0,0,25K,0,,F1,Unknown,0.3,20,,,,,31.03,-87.5,,,,,AL,1975-04-30 16:00:00,1975-04-30 16:00:00,True,True
,9978378,Alabama,95,Marshall,,1975-05-08 21:48:00,CST,1975-05-08 21:48:00,0,0,0,0,25K,0,,F1,Unknown,0.0,33,,,,,34.17,-86.17,,,,,AL,1975-05-08 22:48:00,1975-05-08 22:48:00,True,True
,9978408,Alabama,3,Baldwin,,1975-11-06 15:50:00,CST,1975-11-06 15:50:00,0,0,0,0,25K,0,,F0,Unknown,0.0,33,,,,,30.4,-87.45,,,,,AL,1975-11-06 15:50:00,1975-11-06 15:50:00,False,False
,9978389,Alabama,35,Conecuh,,1975-06-17 16:20:00,CST,1975-06-17 16:20:00,0,0,0,0,0K,0,,F0,Unknown,0.0,33,,,,,31.43,-86.68,,,,,AL,1975-06-17 17:20:00,1975-06-17 17:20:00,True,True
,9978405,Alabama,69,Houston,,1975-10-17 01:40:00,CST,1975-10-17 01:40:00,0,0,0,0,25K,0,,F1,Unknown,0.0,33,,,,,31.23,-85.37,,,,,AL,1975-10-17 02:40:00,1975-10-17 02:40:00,True,True
,9978406,Alabama,31,Coffee,,1975-10-17 05:30:00,CST,1975-10-17 05:30:00,0,0,0,0,0K,0,,F0,Unknown,0.0,33,,,,,31.4,-85.98,,,,,AL,1975-10-17 06:30:00,1975-10-17 06:30:00,True,True
,9978407,Alabama,97,Mobile,,1975-11-06 12:30:00,CST,1975-11-06 12:30:00,1,0,0,0,25K,0,,F1,Unknown,0.0,33,,,,,30.5,-88.27,,,,,AL,1975-11-06 12:30:00,1975-11-06 12:30:00,False,False
,10040874,Michigan,21,Berrien,,1975-05-20 17:00:00,CST,1975-05-20 17:00:00,0,0,0,0,25K,0,,F1,Unknown,0.5,33,,,,,41.8,-86.62,,,,,MI,1975-05-20 18:00:00,1975-05-20 18:00:00,True,True
,10087668,North Carolina,193,Wilkes,,1975-05-31 18:00:00,CST,1975-05-31 18:00:00,0,0,0,0,2.5K,0,,F1,Unknown,0.0,33,,,,,36.25,-81.18,,,,,NC,1975-05-31 19:00:00,1975-05-31 19:00:00,True,True
,10006707,Illinois,73,Henry,,1975-04-29 17:30:00,CST,1975-04-29 17:30:00,0,0,0,0,0K,0,,F0,Unknown,0.1,7,,,,,41.17,-90.1,,,,,IL,1975-04-29 18:30:00,1975-04-29 18:30:00,True,True
,10011472,Iowa,165,Shelby,,1975-05-07 18:00:00,CST,1975-05-07 18:00:00,0,0,0,0,25K,0,,F2,Unknown,9.9,33,,,,,41.65,-95.22,41.8,-95.2,,,IA,1975-05-07 19:00:00,1975-05-07 19:00:00,True,True
,10098732,Oklahoma,65,Jackson,,1975-02-22 00:30:00,CST,1975-02-22 00:30:00,4,0,0,0,250K,0,,F1,Unknown,6.2,60,,,,,34.63,-99.3,34.7,-99.23,,,OK,1975-02-22 00:30:00,1975-02-22 00:30:00,False,False
,10113726,South Dakota,69,Hyde,,1975-06-19 17:30:00,CST,1975-06-19 17:30:00,0,0,0,0,25K,0,,F0,Unknown,0.0,33,,,,,44.83,-99.67,,,,,SD,1975-06-19 18:30:00,1975-06-19 18:30:00,True,True
,10111542,South Carolina,3,Aiken,,1975-09-17 14:30:00,CST,1975-09-17 14:30:00,0,0,0,0,250K,0,,F2,Unknown,1.0,37,,,,,33.28,-81.82,,,,,SC,1975-09-17 15:30:00,1975-09-17 15:30:00,True,True
,10048523,Mississippi,13,Calhoun,,1975-03-12 09:20:00,CST,1975-03-12 09:20:00,0,0,0,0,25K,0,,F2,Unknown,8.5,60,,,,,34.07,-89.4,34.07,-89.25,,,MS,1975-03-12 10:20:00,1975-03-12 10:20:00,True,True
,10012622,Iowa,185,Wayne,,1975-06-23 17:05:00,CST,1975-06-23 17:05:00,0,0,0,0,25K,0,,F1,Unknown,0.0,33,,,,,40.77,-93.48,,,,,IA,1975-06-23 18:05:00,1975-06-23 18:05:00,True,True
,10001692,Florida,33,Escambia,,1975-07-31 01:20:00,CST,1975-07-31 01:20:00,0,0,0,0,25K,0,,F0,Unknown,2.0,50,,,,,30.52,-87.27,,,,,FL,1975-07-31 02:20:00,1975-07-31 02:20:00,True,True
,10135535,Texas,439,Tarrant,,1975-05-29 07:50:00,CST,1975-05-29 07:50:00,0,0,0,0,0K,0,,F1,Unknown,0.0,33,,,,,32.88,-97.18,,,,,TX,1975-05-29 08:50:00,1975-05-29 08:50:00,True,True
,10134464,Texas,499,Wood,,1975-11-19 17:18:00,CST,1975-11-19 17:18:00,0,0,0,0,0K,0,,F2,Unknown,0.0,33,,,,,32.87,-95.17,,,,,TX,1975-11-19 17:18:00,1975-11-19 17:18:00,False,False
,10031876,Louisiana,1,Acadia,,1975-05-09 17:10:00,CST,1975-05-09 17:10:00,0,0,0,0,0K,0,,F2,Unknown,11.1,50,,,,,30.22,-92.37,30.35,-92.27,,,LA,1975-05-09 18:10:00,1975-05-09 18:10:00,True,True
,9977228,Alabama,87,Macon,,1975-01-10 18:00:00,CST,1975-01-10 18:00:00,9,0,0,0,250K,0,,F2,Unknown,1.0,100,,,,,32.3,-85.68,,,,,AL,1975-01-10 18:00:00,1975-01-10 18:00:00,False,False
,9977230,Alabama,29,Cleburne,,1975-01-10 18:30:00,CST,1975-01-10 18:30:00,1,0,0,0,250K,0,,F1,Unknown,0.1,50,,,,,33.53,-85.3,,,,,AL,1975-01-10 18:30:00,1975-01-10 18:30:00,False,False
,9977231,Alabama,81,Lee,,1975-01-10 18:30:00,CST,1975-01-10 18:30:00,0,0,0,0,2.5M,0,,F2,Unknown,0.0,33,,,,,32.6,-85.23,,,,,AL,1975-01-10 18:30:00,1975-01-10 18:30:00,False,False
,9977233,Alabama,3,Baldwin,,1975-02-16 10:15:00,CST,1975-02-16 10:15:00,0,0,0,0,25K,0,,F1,Unknown,1.0,100,,,,,30.83,-87.87,,,,,AL,1975-02-16 10:15:00,1975-02-16 10:15:00,False,False
,9977234,Alabama,3,Baldwin,,1975-02-16 10:30:00,CST,1975-02-16 10:30:00,0,0,0,0,250K,0,,F2,Unknown,1.0,200,,,,,30.87,-87.77,,,,,AL,1975-02-16 10:30:00,1975-02-16 10:30:00,False,False
,9977237,Alabama,127,Walker,,1975-02-23 12:30:00,CST,1975-02-23 12:30:00,0,0,0,0,250K,0,,F2,Unknown,1.0,100,,,,,34.07,-87.0,,,,,AL,1975-02-23 13:30:00,1975-02-23 13:30:00,True,True
,9977238,Alabama,43,Cullman,,1975-02-23 13:20:00,CST,1975-02-23 13:20:00,1,0,0,0,250K,0,,F2,Unknown,2.0,200,,,,,34.22,-87.05,,,,,AL,1975-02-23 14:20:00,1975-02-23 14:20:00,True,True
,9977239,Alabama,125,Tuscaloosa,,1975-02-23 13:45:00,CST,1975-02-23 13:45:00,49,0,1,0,25M,0,,F4,Unknown,14.4,500,,,,,33.08,-87.6,33.25,-87.45,,,AL,1975-02-23 14:45:00,1975-02-23 14:45:00,True,True
,9977240,Alabama,15,Calhoun,,1975-02-23 14:35:00,CST,1975-02-23 14:35:00,0,0,0,0,.03K,0,,F0,Unknown,1.0,100,,,,,33.67,-85.83,,,,,AL,1975-02-23 15:35:00,1975-02-23 15:35:00,True,True
,9977210,Alabama,125,Tuscaloosa,,1975-01-10 14:30:00,CST,1975-01-10 14:30:00,0,0,0,0,25K,0,,F1,Unknown,0.1,33,,,,,33.28,-87.28,,,,,AL,1975-01-10 14:30:00,1975-01-10 14:30:00,False,False
,9977211,Alabama,97,Mobile,,1975-01-10 14:45:00,CST,1975-01-10 14:45:00,0,0,0,0,25K,0,,F1,Unknown,0.1,33,,,,,31.1,-88.23,,,,,AL,1975-01-10 14:45:00,1975-01-10 14:45:00,False,False
,9977212,Alabama,91,Marengo,,1975-01-10 14:45:00,CST,1975-01-10 14:45:00,0,0,0,0,2.5K,0,,F1,Unknown,0.0,33,,,,,32.47,-87.6,,,,,AL,1975-01-10 14:45:00,1975-01-10 14:45:00,False,False
,9977213,Alabama,73,Jefferson,,1975-01-10 14:45:00,CST,1975-01-10 14:45:00,4,0,0,0,250K,0,,F2,Unknown,2.0,100,,,,,33.63,-87.05,,,,,AL,1975-01-10 14:45:00,1975-01-10 14:45:00,False,False
,9977250,Alabama,113,Russell,,1975-03-07 17:30:00,CST,1975-03-07 17:30:00,0,0,0,0,0K,0,,F0,Unknown,0.3,50,,,,,32.27,-85.27,,,,,AL,1975-03-07 18:30:00,1975-03-07 18:30:00,True,True
,9977216,Alabama,73,Jefferson,,1975-01-10 15:45:00,CST,1975-01-10 15:45:00,0,0,0,0,250K,0,,F1,Unknown,0.0,33,,,,,33.42,-86.82,,,,,AL,1975-01-10 15:45:00,1975-01-10 15:45:00,False,False
,9977219,Alabama,117,Shelby,,1975-01-10 16:00:00,CST,1975-01-10 16:00:00,14,0,0,0,250K,0,,F1,Unknown,0.2,50,,,,,33.28,-86.82,,,,,AL,1975-01-10 16:00:00,1975-01-10 16:00:00,False,False
,9977220,Alabama,115,St. Clair,,1975-01-10 16:14:00,CST,1975-01-10 16:14:00,60,0,1,0,2.5M,0,,F3,Unknown,18.8,150,,,,,33.55,-86.32,33.77,-86.12,,,AL,1975-01-10 16:14:00,1975-01-10 16:14:00,False,False
,9977221,Alabama,3,Baldwin,,1975-01-10 16:15:00,CST,1975-01-10 16:15:00,0,0,0,0,2.5K,0,,F1,Unknown,0.0,33,,,,,30.63,-87.78,,,,,AL,1975-01-10 16:15:00,1975-01-10 16:15:00,False,False
,9977223,Alabama,1,Autauga,,1975-01-10 16:45:00,CST,1975-01-10 16:45:00,0,0,0,0,25K,0,,F1,Unknown,0.0,33,,,,,32.47,-86.48,,,,,AL,1975-01-10 16:45:00,1975-01-10 16:45:00,False,False
,9977224,Alabama,101,Montgomery,,1975-01-10 16:50:00,CST,1975-01-10 16:50:00,0,0,0,0,2.5M,0,,F2,Unknown,2.0,100,,,,,32.3,-86.4,,,,,AL,1975-01-10 16:50:00,1975-01-10 16:50:00,False,False
,9977264,Alabama,125,Tuscaloosa,,1975-03-13 14:45:00,CST,1975-03-13 14:45:00,0,0,0,0,.25K,0,,F0,Unknown,0.5,50,,,,,33.13,-87.62,,,,,AL,1975-03-13 15:45:00,1975-03-13 15:45:00,True,True
,9977265,Alabama,21,Chilton,,1975-03-13 15:55:00,CST,1975-03-13 15:55:00,0,0,0,0,25K,0,,F1,Unknown,1.0,50,,,,,32.97,-86.75,,,,,AL,1975-03-13 16:55:00,1975-03-13 16:55:00,True,True
,9977269,Alabama,3,Baldwin,,1975-03-13 17:55:00,CST,1975-03-13 17:55:00,0,0,0,0,25K,0,,F1,Unknown,0.0,33,,,,,30.6,-87.85,,,,,AL,1975-03-13 18:55:00,1975-03-13 18:55:00,True,True
,9977271,Alabama,39,Covington,,1975-03-13 19:52:00,CST,1975-03-13 19:52:00,0,0,0,0,25K,0,,F1,Unknown,9.3,880,,,,,31.0,-86.37,31.07,-86.23,,,AL,1975-03-13 20:52:00,1975-03-13 20:52:00,True,True
,9977273,Alabama,125,Tuscaloosa,,1975-03-18 17:20:00,CST,1975-03-18 17:20:00,0,0,0,0,25K,0,,F1,Unknown,2.0,50,,,,,33.2,-87.6,,,,,AL,1975-03-18 18:20:00,1975-03-18 18:20:00,True,True
,10103808,Oregon,39,Lane,,1975-08-18 16:00:00,CST,1975-08-18 16:00:00,0,0,0,0,0K,0,,,Unknown,0.0,33,,,,,44.05,-123.08,,,,,OR,1975-08-18 17:00:00,1975-08-18 17:00:00,True,True
,10103809,Oregon,1,Baker,,1975-09-16 15:30:00,CST,1975-09-16 15:30:00,0,0,0,0,0K,0,,,Unknown,0.0,33,,,,,44.83,-117.83,,,,,OR,1975-09-16 16:30:00,1975-09-16 16:30:00,True,True
,10103810,Oregon,57,Tillamook,,1975-12-12 23:20:00,CST,1975-12-12 23:20:00,0,0,0,0,2.5M,0,,F1,Unknown,2.0,33,,,,,45.45,-123.85,,,,,OR,1975-12-12 23:20:00,1975-12-12 23:20:00,False,False
,10081885,New Mexico,29,Luna,,1975-07-18 17:15:00,CST,1975-07-18 17:15:00,0,0,0,0,.03K,0,,F0,Unknown,0.0,33,,,,,31.92,-107.52,,,,,NM,1975-07-18 18:15:00,1975-07-18 18:15:00,True,True
,10081886,New Mexico,25,Lea,,1975-07-23 21:22:00,CST,1975-07-23 21:22:00,0,0,0,0,.03K,0,,F0,Unknown,0.0,33,,,,,32.7,-103.22,,,,,NM,1975-07-23 22:22:00,1975-07-23 22:22:00,True,True
,10076121,New York,9,Cattaraugus,,1975-06-05 04:45:00,CST,1975-06-05 04:45:00,0,0,0,0,.03K,0,,F0,Unknown,0.5,17,,,,,42.4,-78.52,,,,,NY,1975-06-05 05:45:00,1975-06-05 05:45:00,True,True
,10066995,Nebraska,133,Pawnee,,1975-12-13 23:40:00,CST,1975-12-13 23:40:00,0,0,0,0,25K,0,,F2,Unknown,1.0,50,,,,,40.22,-96.23,,,,,NE,1975-12-13 23:40:00,1975-12-13 23:40:00,False,False
,10095567,Oklahoma,81,Lincoln,,1975-05-13 17:05:00,CST,1975-05-13 17:05:00,0,0,0,0,250K,0,,F1,Unknown,0.5,50,,,,,35.75,-96.88,,,,,OK,1975-05-13 18:05:00,1975-05-13 18:05:00,True,True
,10095584,Oklahoma,9,Beckham,,1975-05-21 18:43:00,CST,1975-05-21 18:43:00,0,0,0,0,2.5K,0,,F1,Unknown,0.5,50,,,,,35.2,-99.95,,,,,OK,1975-05-21 19:43:00,1975-05-21 19:43:00,True,True
,10095594,Oklahoma,145,Wagoner,,1975-06-05 15:15:00,CST,1975-06-05 15:15:00,1,0,0,0,250K,0,,F2,Unknown,0.5,150,,,,,36.07,-95.73,,,,,OK,1975-06-05 16:15:00,1975-06-05 16:15:00,True,True
,10066986,Nebraska,169,Thayer,,1975-12-13 21:30:00,CST,1975-12-13 21:30:00,0,0,0,0,250K,0,,F2,Unknown,8.0,60,,,,,40.03,-97.58,40.12,-97.47,,,NE,1975-12-13 21:30:00,1975-12-13 21:30:00,False,False
,10088781,North Carolina,183,Wake,,1975-12-31 16:00:00,CST,1975-12-31 16:00:00,0,0,0,0,2.5K,0,,F1,Unknown,0.1,20,,,,,35.58,-78.8,,,,,NC,1975-12-31 16:00:00,1975-12-31 16:00:00,False,False
,10088782,North Carolina,63,Durham,,1975-12-31 16:15:00,CST,1975-12-31 16:15:00,0,0,0,0,.25K,0,,F0,Unknown,0.1,7,,,,,36.0,-78.92,,,,,NC,1975-12-31 16:15:00,1975-12-31 16:15:00,False,False
,10088774,North Carolina,19,Brunswick,,1975-09-07 14:45:00,CST,1975-09-07 14:45:00,0,0,0,0,25K,0,,F0,Unknown,0.1,33,,,,,33.9,-78.25,,,,,NC,1975-09-07 15:45:00,1975-09-07 15:45:00,True,True
,10088775,North Carolina,61,Duplin,,1975-09-08 12:20:00,CST,1975-09-08 12:20:00,0,0,0,0,25K,0,,F1,Unknown,0.6,100,,,,,34.82,-77.82,,,,,NC,1975-09-08 13:20:00,1975-09-08 13:20:00,True,True
,10088777,North Carolina,119,Mecklenburg,,1975-10-08 14:25:00,CST,1975-10-08 14:25:00,0,0,0,0,25K,0,,F1,Unknown,0.1,50,,,,,35.23,-80.63,,,,,NC,1975-10-08 15:25:00,1975-10-08 15:25:00,True,True
,10088778,North Carolina,89,Henderson,,1975-10-17 07:35:00,CST,1975-10-17 07:35:00,0,0,0,0,2.5K,0,,F1,Unknown,0.1,20,,,,,35.4,-82.57,,,,,NC,1975-10-17 08:35:00,1975-10-17 08:35:00,True,True
,10088779,North Carolina,19,Brunswick,,1975-10-17 12:00:00,CST,1975-10-17 12:00:00,0,0,0,0,25K,0,,F1,Unknown,2.0,27,,,,,33.88,-77.97,,,,,NC,1975-10-17 13:00:00,1975-10-17 13:00:00,True,True
,10088780,North Carolina,167,Stanly,,1975-12-31 15:30:00,CST,1975-12-31 15:30:00,0,0,0,0,2.5K,0,,F1,Unknown,0.1,27,,,,,35.23,-80.12,,,,,NC,1975-12-31 15:30:00,1975-12-31 15:30:00,False,False
,10098730,Oklahoma,121,Pittsburg,,1975-01-09 22:30:00,CST,1975-01-09 22:30:00,0,0,0,0,250K,0,,F1,Unknown,12.4,300,,,,,34.75,-96.0,34.92,-95.92,,,OK,1975-01-09 22:30:00,1975-01-09 22:30:00,False,False
,10098733,Oklahoma,65,Jackson,,1975-02-22 00:30:00,CST,1975-02-22 00:30:00,8,0,2,0,250K,0,,F2,Unknown,5.2,100,,,,,34.62,-99.35,34.67,-99.28,,,OK,1975-02-22 00:30:00,1975-02-22 00:30:00,False,False
,10068077,Nebraska,139,Pierce,,1975-05-06 13:05:00,CST,1975-05-06 13:05:00,0,0,0,0,0K,0,,F4,Unknown,4.1,300,,,,,42.2,-97.57,42.27,-97.53,,,NE,1975-05-06 14:05:00,1975-05-06 14:05:00,True,True
,10098736,Oklahoma,75,Kiowa,,1975-02-22 01:00:00,CST,1975-02-22 01:00:00,2,0,1,0,250K,0,,F2,Unknown,4.5,77,,,,,34.67,-98.97,34.72,-98.92,,,OK,1975-02-22 01:00:00,1975-02-22 01:00:00,False,False
,10092188,Oklahoma,139,Texas,,1975-07-10 16:15:00,CST,1975-07-10 16:15:00,0,0,0,0,25K,0,,F1,Unknown,2.0,60,,,,,37.0,-101.9,,,,,OK,1975-07-10 17:15:00,1975-07-10 17:15:00,True,True
,10068065,Nebraska,99,Kearney,,1975-04-27 16:15:00,CST,1975-04-27 16:15:00,0,0,0,0,.25K,0,,F1,Unknown,0.4,10,,,,,40.58,-98.9,,,,,NE,1975-04-27 17:15:00,1975-04-27 17:15:00,True,True
,10068069,Nebraska,45,Dawes,,1975-04-27 18:30:00,CST,1975-04-27 18:30:00,0,0,0,0,2.5K,0,,F1,Unknown,0.5,10,,,,,42.47,-103.12,,,,,NE,1975-04-27 19:30:00,1975-04-27 19:30:00,True,True
,10068071,Nebraska,31,Cherry,,1975-04-27 19:15:00,CST,1975-04-27 19:15:00,0,0,0,0,2.5K,0,,F0,Unknown,0.9,10,,,,,42.18,-100.83,,,,,NE,1975-04-27 20:15:00,1975-04-27 20:15:00,True,True
,10068073,Nebraska,31,Cherry,,1975-04-27 19:30:00,CST,1975-04-27 19:30:00,0,0,0,0,.25K,0,,F0,Unknown,0.8,10,,,,,42.87,-101.45,,,,,NE,1975-04-27 20:30:00,1975-04-27 20:30:00,True,True
,10042021,Michigan,63,Huron,,1975-06-15 14:00:00,CST,1975-06-15 14:00:00,0,0,0,0,2.5K,0,,F0,Unknown,0.0,33,,,,,43.95,-82.73,,,,,MI,1975-06-15 15:00:00,1975-06-15 15:00:00,True,True
,10042025,Michigan,123,Newaygo,,1975-06-17 13:10:00,CST,1975-06-17 13:10:00,0,0,1,0,0K,0,,F2,Unknown,1.5,60,,,,,43.43,-85.77,,,,,MI,1975-06-17 14:10:00,1975-06-17 14:10:00,True,True
,10059149,Missouri,145,Newton,,1975-04-24 18:40:00,CST,1975-04-24 18:40:00,22,0,3,0,25M,0,,F4,Unknown,6.5,500,,,,,36.83,-94.58,36.85,-94.47,,,MO,1975-04-24 19:40:00,1975-04-24 19:40:00,True,True
,10086911,North Dakota,41,Hettinger,,1975-06-29 19:20:00,CST,1975-06-29 19:20:00,4,0,1,0,2.5M,0,,F4,Unknown,45.8,880,,,,,46.53,-102.97,46.37,-102.03,,,ND,1975-06-29 20:20:00,1975-06-29 20:20:00,True,True
,10086913,North Dakota,37,Grant,,1975-06-29 20:15:00,CST,1975-06-29 20:15:00,0,0,0,0,.25K,0,,F4,Unknown,22.2,880,,,,,46.37,-102.03,46.33,-101.57,,,ND,1975-06-29 21:15:00,1975-06-29 21:15:00,True,True
,10086914,North Dakota,71,Ramsey,,1975-07-04 18:15:00,CST,1975-07-04 18:15:00,0,0,0,0,0K,0,,F0,Unknown,0.0,33,,,,,48.42,-98.8,,,,,ND,1975-07-04 19:15:00,1975-07-04 19:15:00,True,True
,10086915,North Dakota,71,Ramsey,,1975-07-04 18:15:00,CST,1975-07-04 18:15:00,0,0,0,0,0K,0,,F0,Unknown,0.0,33,,,,,48.13,-98.82,,,,,ND,1975-07-04 19:15:00,1975-07-04 19:15:00,True,True
,10086917,North Dakota,17,Cass,,1975-07-07 15:30:00,CST,1975-07-07 15:30:00,0,0,0,0,0K,0,,F0,Unknown,0.0,7,,,,,47.05,-96.83,,,,,ND,1975-07-07 16:30:00,1975-07-07 16:30:00,True,True
,10086918,North Dakota,3,Barnes,,1975-07-09 12:19:00,CST,1975-07-09 12:19:00,0,0,0,0,0K,0,,F0,Unknown,0.0,33,,,,,46.9,-97.98,,,,,ND,1975-07-09 13:19:00,1975-07-09 13:19:00,True,True
,10095536,Oklahoma,149,Washita,,1975-05-02 15:30:00,CST,1975-05-02 15:30:00,0,0,0,0,250K,0,,F3,Unknown,4.7,150,,,,,35.2,-99.08,35.23,-99.02,,,OK,1975-05-02 16:30:00,1975-05-02 16:30:00,True,True
,10095538,Oklahoma,149,Washita,,1975-05-02 15:40:00,CST,1975-05-02 15:40:00,0,0,0,0,25K,0,,F1,Unknown,0.8,100,,,,,35.2,-98.9,,,,,OK,1975-05-02 16:40:00,1975-05-02 16:40:00,True,True
,10110435,South Carolina,23,Chester,,1975-05-15 12:00:00,CST,1975-05-15 12:00:00,0,0,0,0,2.5K,0,,F1,Unknown,0.1,3,,,,,34.62,-81.12,,,,,SC,1975-05-15 13:00:00,1975-05-15 13:00:00,True,True
,10110437,South Carolina,71,Newberry,,1975-05-15 13:50:00,CST,1975-05-15 13:50:00,0,0,0,0,25K,0,,F1,Unknown,0.1,3,,,,,34.33,-81.62,,,,,SC,1975-05-15 14:50:00,1975-05-15 14:50:00,True,True
,10095560,Oklahoma,109,Oklahoma,,1975-05-13 15:15:00,CST,1975-05-13 15:15:00,0,0,0,0,25K,0,,F2,Unknown,2.0,50,,,,,35.4,-97.5,,,,,OK,1975-05-13 16:15:00,1975-05-13 16:15:00,True,True
,10095562,Oklahoma,109,Oklahoma,,1975-05-13 15:30:00,CST,1975-05-13 15:30:00,0,0,0,0,25K,0,,F1,Unknown,0.5,50,,,,,35.7,-97.2,,,,,OK,1975-05-13 16:30:00,1975-05-13 16:30:00,True,True
,10095563,Oklahoma,109,Oklahoma,,1975-05-13 15:30:00,CST,1975-05-13 15:30:00,0,0,0,0,25K,0,,F1,Unknown,0.5,50,,,,,35.7,-97.18,,,,,OK,1975-05-13 16:30:00,1975-05-13 16:30:00,True,True
,10087605,North Carolina,57,Davidson,,1975-03-24 11:50:00,CST,1975-03-24 11:50:00,0,0,0,0,250K,0,,F1,Unknown,3.0,67,,,,,35.87,-80.08,35.85,-80.03,,,NC,1975-03-24 12:50:00,1975-03-24 12:50:00,True,True
,10087606,North Carolina,151,Randolph,,1975-03-24 12:00:00,CST,1975-03-24 12:00:00,1,0,0,0,250K,0,,F1,Unknown,4.1,67,,,,,35.85,-80.03,35.83,-79.97,,,NC,1975-03-24 13:00:00,1975-03-24 13:00:00,True,True
,10087609,North Carolina,179,Union,,1975-03-24 12:15:00,CST,1975-03-24 12:15:00,1,0,0,0,250K,0,,F2,Unknown,30.6,100,,,,,34.98,-80.37,35.33,-80.03,,,NC,1975-03-24 13:15:00,1975-03-24 13:15:00,True,True
,10081274,Nevada,3,Clark,,1975-08-20 17:01:00,CST,1975-08-20 17:01:00,0,0,0,0,250K,0,,F0,Unknown,0.0,33,,,,,36.07,-114.87,,,,,NV,1975-08-20 18:01:00,1975-08-20 18:01:00,True,True
,10111543,South Carolina,37,Edgefield,,1975-11-12 16:30:00,CST,1975-11-12 16:30:00,4,0,0,0,250K,0,,F2,Unknown,0.7,50,,,,,34.67,-81.87,,,,,SC,1975-11-12 16:30:00,1975-11-12 16:30:00,False,False
,10111544,South Carolina,79,Richland,,1975-11-12 19:15:00,CST,1975-11-12 19:15:00,7,0,0,0,250K,0,,F2,Unknown,2.0,50,,,,,34.0,-81.02,,,,,SC,1975-11-12 19:15:00,1975-11-12 19:15:00,False,False
,10111545,South Carolina,25,Chesterfield,,1975-11-12 20:35:00,CST,1975-11-12 20:35:00,3,0,0,0,25K,0,,F1,Unknown,0.5,50,,,,,34.47,-80.25,,,,,SC,1975-11-12 20:35:00,1975-11-12 20:35:00,False,False
,10081275,Nevada,33,White Pine,,1975-09-11 13:56:00,CST,1975-09-11 13:56:00,0,0,0,0,0K,0,,F0,Unknown,0.0,33,,,,,39.58,-114.85,,,,,NV,1975-09-11 14:56:00,1975-09-11 14:56:00,True,True
,10068050,Nebraska,77,Greeley,,1975-04-08 18:00:00,CST,1975-04-08 18:00:00,0,0,0,0,.25K,0,,F0,Unknown,0.1,10,,,,,41.57,-98.58,,,,,NE,1975-04-08 19:00:00,1975-04-08 19:00:00,True,True
,10068055,Nebraska,73,Gosper,,1975-04-22 18:00:00,CST,1975-04-22 18:00:00,0,0,0,0,250K,0,,F1,Unknown,0.1,10,,,,,40.58,-99.8,,,,,NE,1975-04-22 19:00:00,1975-04-22 19:00:00,True,True
,10068056,Nebraska,47,Dawson,,1975-04-22 18:00:00,CST,1975-04-22 18:00:00,0,0,0,0,250K,0,,F2,Unknown,1.1,20,,,,,40.85,-100.05,,,,,NE,1975-04-22 19:00:00,1975-04-22 19:00:00,True,True
,10068060,Nebraska,169,Thayer,,1975-04-27 09:30:00,CST,1975-04-27 09:30:00,0,0,0,0,2.5K,0,,F2,Unknown,0.3,20,,,,,40.17,-97.57,,,,,NE,1975-04-27 10:30:00,1975-04-27 10:30:00,True,True
,10068062,Nebraska,151,Saline,,1975-04-27 11:00:00,CST,1975-04-27 11:00:00,0,0,0,0,250K,0,,F1,Unknown,32.3,40,,,,,40.48,-97.0,40.95,-96.93,,,NE,1975-04-27 12:00:00,1975-04-27 12:00:00,True,True
,10068063,Nebraska,109,Lancaster,,1975-04-27 11:25:00,CST,1975-04-27 11:25:00,0,0,0,0,25K,0,,F0,Unknown,0.6,10,,,,,40.82,-96.67,,,,,NE,1975-04-27 12:25:00,1975-04-27 12:25:00,True,True
,10091916,Oklahoma,151,Woods,,1975-06-06 17:00:00,CST,1975-06-06 17:00:00,0,0,0,0,0K,0,,F1,Unknown,1.5,50,,,,,36.82,-98.88,,,,,OK,1975-06-06 18:00:00,1975-06-06 18:00:00,True,True
,10091917,Oklahoma,151,Woods,,1975-06-06 17:00:00,CST,1975-06-06 17:00:00,0,0,0,0,0K,0,,F1,Unknown,0.5,40,,,,,36.8,-98.88,,,,,OK,1975-06-06 18:00:00,1975-06-06 18:00:00,True,True
,10091918,Oklahoma,151,Woods,,1975-06-06 17:03:00,CST,1975-06-06 17:03:00,0,0,0,0,0K,0,,F1,Unknown,0.5,40,,,,,36.82,-98.9,,,,,OK,1975-06-06 18:03:00,1975-06-06 18:03:00,True,True
,10042020,Michigan,63,Huron,,1975-06-15 13:40:00,CST,1975-06-15 13:40:00,0,0,0,0,2.5K,0,,F1,Unknown,0.0,33,,,,,43.7,-82.97,,,,,MI,1975-06-15 14:40:00,1975-06-15 14:40:00,True,True
,10073589,Montana,27,Fergus,,1975-08-19 17:00:00,CST,1975-08-19 17:00:00,0,0,0,0,0K,0,,F0,Unknown,0.0,33,,,,,47.13,-109.48,,,,,MT,1975-08-19 18:00:00,1975-08-19 18:00:00,True,True
,10110408,South Carolina,91,York,,1975-03-24 11:15:00,CST,1975-03-24 11:15:00,5,0,0,0,250K,0,,F1,Unknown,9.1,100,,,,,34.97,-81.03,35.02,-80.88,,,SC,1975-03-24 12:15:00,1975-03-24 12:15:00,True,True
,10113728,South Dakota,43,Douglas,,1975-06-19 18:00:00,CST,1975-06-19 18:00:00,0,0,0,0,250K,0,,F0,Unknown,0.0,33,,,,,43.28,-98.15,,,,,SD,1975-06-19 19:00:00,1975-06-19 19:00:00,True,True
,10113731,South Dakota,67,Hutchinson,,1975-06-19 19:00:00,CST,1975-06-19 19:00:00,0,0,0,0,25K,0,,F1,Unknown,0.0,33,,,,,43.48,-97.98,,,,,SD,1975-06-19 20:00:00,1975-06-19 20:00:00,True,True
,10081878,New Mexico,61,Valencia,,1975-05-27 13:15:00,CST,1975-05-27 13:15:00,0,0,0,0,25K,0,,F2,Unknown,0.0,33,,,,,34.67,-106.8,,,,,NM,1975-05-27 14:15:00,1975-05-27 14:15:00,True,True
,10110400,South Carolina,77,Pickens,,1975-03-24 09:25:00,CST,1975-03-24 09:25:00,0,0,0,0,.03K,0,,F1,Unknown,2.7,200,,,,,34.95,-82.55,34.97,-82.52,,,SC,1975-03-24 10:25:00,1975-03-24 10:25:00,True,True
,10110401,South Carolina,45,Greenville,,1975-03-24 09:30:00,CST,1975-03-24 09:30:00,5,0,0,0,250K,0,,F1,Unknown,7.9,200,,,,,34.97,-82.52,35.0,-82.38,,,SC,1975-03-24 10:30:00,1975-03-24 10:30:00,True,True
,10041257,Massachusetts,13,Hampden,,1975-07-24 22:04:00,CST,1975-07-24 22:04:00,0,0,0,0,25K,0,,F2,Unknown,0.3,33,,,,,42.1,-72.67,,,,,MA,1975-07-24 23:04:00,1975-07-24 23:04:00,True,True
,10066983,Nebraska,147,Richardson,,1975-09-04 01:15:00,CST,1975-09-04 01:15:00,0,0,0,0,250K,0,,F0,Unknown,0.0,33,,,,,40.18,-95.47,,,,,NE,1975-09-04 02:15:00,1975-09-04 02:15:00,True,True
,10073326,Montana,21,Dawson,,1975-06-27 17:30:00,CST,1975-06-27 17:30:00,0,0,0,0,25K,0,,F2,Unknown,0.0,33,,,,,47.23,-104.73,,,,,MT,1975-06-27 18:30:00,1975-06-27 18:30:00,True,True
,10090983,North Carolina,99,Jackson,,1975-03-12 14:30:00,CST,1975-03-12 14:30:00,0,0,0,0,.25K,0,,F0,Unknown,0.0,33,,,,,35.37,-83.15,,,,,NC,1975-03-12 15:30:00,1975-03-12 15:30:00,True,True
,10090984,North Carolina,35,Catawba,,1975-03-14 00:30:00,CST,1975-03-14 00:30:00,0,0,0,0,2.5K,0,,F1,Unknown,0.1,20,,,,,35.6,-80.97,,,,,NC,1975-03-14 01:30:00,1975-03-14 01:30:00,True,True
,10090985,North Carolina,61,Duplin,,1975-03-14 11:30:00,CST,1975-03-14 11:30:00,0,0,0,0,250K,0,,F2,Unknown,3.3,33,,,,,34.97,-78.07,35.0,-78.03,,,NC,1975-03-14 12:30:00,1975-03-14 12:30:00,True,True
,10090988,North Carolina,107,Lenoir,,1975-03-14 12:00:00,CST,1975-03-14 12:00:00,0,0,0,0,2.5M,0,,F2,Unknown,8.0,67,,,,,35.18,-77.7,35.25,-77.58,,,NC,1975-03-14 13:00:00,1975-03-14 13:00:00,True,True
,10090991,North Carolina,13,Beaufort,,1975-03-14 12:45:00,CST,1975-03-14 12:45:00,20,0,0,0,2.5M,0,,F2,Unknown,21.3,100,,,,,35.5,-77.0,35.65,-76.67,,,NC,1975-03-14 13:45:00,1975-03-14 13:45:00,True,True
,10090992,North Carolina,1,Alamance,,1975-03-19 06:50:00,CST,1975-03-19 06:50:00,1,0,0,0,25K,0,,F1,Unknown,2.0,67,,,,,36.2,-79.28,,,,,NC,1975-03-19 07:50:00,1975-03-19 07:50:00,True,True
,10090994,North Carolina,61,Duplin,,1975-03-24 09:30:00,CST,1975-03-24 09:30:00,0,0,0,0,25K,0,,F1,Unknown,10.9,50,,,,,35.37,-81.92,35.32,-81.73,,,NC,1975-03-24 10:30:00,1975-03-24 10:30:00,True,True
,10097691,Ohio,155,Trumbull,,1975-08-13 16:45:00,CST,1975-08-13 16:45:00,0,0,0,0,2.5K,0,,F1,Unknown,2.7,880,,,,,41.18,-80.98,41.17,-80.92,,,OH,1975-08-13 17:45:00,1975-08-13 17:45:00,True,True
,10097693,Ohio,33,Crawford,,1975-08-13 17:25:00,CST,1975-08-13 17:25:00,0,0,0,0,250K,0,,F2,Unknown,0.5,20,,,,,40.73,-82.78,,,,,OH,1975-08-13 18:25:00,1975-08-13 18:25:00,True,True
,10097696,Ohio,93,Lorain,,1975-08-26 10:30:00,CST,1975-08-26 10:30:00,0,0,0,0,2.5K,0,,F0,Unknown,0.2,67,,,,,41.17,-82.12,,,,,OH,1975-08-26 11:30:00,1975-08-26 11:30:00,True,True
,10097697,Ohio,103,Medina,,1975-08-26 10:58:00,CST,1975-08-26 10:58:00,2,0,0,0,.25K,0,,F1,Unknown,0.3,77,,,,,41.02,-81.88,,,,,OH,1975-08-26 11:58:00,1975-08-26 11:58:00,True,True
,10097702,Ohio,77,Huron,,1975-09-05 16:35:00,CST,1975-09-05 16:35:00,0,0,0,0,25K,0,,F1,Unknown,10.2,10,,,,,41.12,-83.02,41.12,-82.82,,,OH,1975-09-05 17:35:00,1975-09-05 17:35:00,True,True
,10097707,Ohio,61,Hamilton,,1975-09-11 16:05:00,CST,1975-09-11 16:05:00,0,0,0,0,250K,0,,F1,Unknown,4.1,100,,,,,39.23,-84.57,39.27,-84.5,,,OH,1975-09-11 17:05:00,1975-09-11 17:05:00,True,True
,10097709,Ohio,49,Franklin,,1975-09-11 18:40:00,CST,1975-09-11 18:40:00,0,0,0,0,25K,0,,F1,Unknown,0.2,10,,,,,39.93,-83.17,,,,,OH,1975-09-11 19:40:00,1975-09-11 19:40:00,True,True
,10097710,Ohio,63,Hancock,,1975-11-10 05:00:00,CST,1975-11-10 05:00:00,0,0,0,0,250K,0,,F2,Unknown,0.3,30,,,,,40.9,-83.55,,,,,OH,1975-11-10 05:00:00,1975-11-10 05:00:00,False,False
,10090971,North Carolina,175,Transylvania,,1975-01-10 20:30:00,CST,1975-01-10 20:30:00,0,0,0,0,25K,0,,F2,Unknown,4.3,20,,,,,35.15,-82.83,35.2,-82.8,,,NC,1975-01-10 20:30:00,1975-01-10 20:30:00,False,False
,10059142,Missouri,43,Christian,,1975-04-24 05:30:00,CST,1975-04-24 05:30:00,0,0,0,0,25K,0,,F1,Unknown,0.0,30,,,,,37.05,-93.27,,,,,MO,1975-04-24 06:30:00,1975-04-24 06:30:00,True,True
,10059143,Missouri,43,Christian,,1975-04-24 15:50:00,CST,1975-04-24 15:50:00,0,0,0,0,0K,0,,F4,Unknown,5.4,500,,,,,36.85,-94.47,36.87,-94.37,,,MO,1975-04-24 16:50:00,1975-04-24 16:50:00,True,True
,10113958,South Dakota,13,Brown,,1975-06-20 22:00:00,CST,1975-06-20 22:00:00,0,0,0,0,0K,0,,F0,Unknown,0.0,33,,,,,45.48,-98.45,,,,,SD,1975-06-20 23:00:00,1975-06-20 23:00:00,True,True
,10113959,South Dakota,13,Brown,,1975-06-20 22:13:00,CST,1975-06-20 22:13:00,0,0,0,0,25K,0,,F1,Unknown,2.5,20,,,,,45.37,-98.5,,,,,SD,1975-06-20 23:13:00,1975-06-20 23:13:00,True,True
,10113965,South Dakota,35,Davison,,1975-06-21 18:32:00,CST,1975-06-21 18:32:00,0,0,0,0,0K,0,,F0,Unknown,0.0,33,,,,,43.53,-97.97,,,,,SD,1975-06-21 19:32:00,1975-06-21 19:32:00,True,True
,10113966,South Dakota,103,Pennington,,1975-06-25 18:40:00,CST,1975-06-25 18:40:00,0,0,0,0,25K,0,,F1,Unknown,0.0,33,,,,,43.9,-103.82,,,,,SD,1975-06-25 19:40:00,1975-06-25 19:40:00,True,True
,10055812,Minnesota,85,Mcleod,,1975-06-04 13:30:00,CST,1975-06-04 13:30:00,0,0,0,0,2.5M,0,,F1,Unknown,30.7,350,,,,,44.73,-94.35,44.87,-93.75,,,MN,1975-06-04 13:30:00,1975-06-04 13:30:00,False,False
,10055816,Minnesota,87,Mahnomen,,1975-06-13 12:10:00,CST,1975-06-13 12:10:00,0,0,0,0,25K,0,,F0,Unknown,1.0,50,,,,,47.45,-95.98,,,,,MN,1975-06-13 13:10:00,1975-06-13 13:10:00,True,True
,10115752,Pennsylvania,129,Westmoreland,,1975-09-05 14:00:00,CST,1975-09-05 14:00:00,1,0,0,0,2.5K,0,,F1,Unknown,1.0,83,,,,,40.2,-79.23,,,,,PA,1975-09-05 15:00:00,1975-09-05 15:00:00,True,True
,10115754,Pennsylvania,111,Somerset,,1975-09-05 16:25:00,CST,1975-09-05 16:25:00,0,0,0,0,0K,0,,F1,Unknown,5.6,33,,,,,40.22,-79.07,40.22,-78.95,,,PA,1975-09-05 17:25:00,1975-09-05 17:25:00,True,True
,10115759,Pennsylvania,75,Lebanon,,1975-10-11 16:30:00,CST,1975-10-11 16:30:00,0,0,0,0,2.5M,0,,F2,Unknown,17.5,33,,,,,40.28,-76.48,40.17,-76.18,,,PA,1975-10-11 17:30:00,1975-10-11 17:30:00,True,True
,10113968,South Dakota,81,Lawrence,,1975-06-25 18:50:00,CST,1975-06-25 18:50:00,0,0,0,0,0K,0,,F1,Unknown,0.0,33,,,,,44.55,-103.63,,,,,SD,1975-06-25 19:50:00,1975-06-25 19:50:00,True,True
,10113969,South Dakota,93,Meade,,1975-06-25 18:55:00,CST,1975-06-25 18:55:00,0,0,0,0,0K,0,,F0,Unknown,0.0,33,,,,,44.57,-103.48,,,,,SD,1975-06-25 19:55:00,1975-06-25 19:55:00,True,True
,10113970,South Dakota,93,Meade,,1975-06-25 19:00:00,CST,1975-06-25 19:00:00,0,0,0,0,0K,0,,F0,Unknown,0.0,33,,,,,44.1,-103.45,,,,,SD,1975-06-25 20:00:00,1975-06-25 20:00:00,True,True
,10113971,South Dakota,103,Pennington,,1975-06-25 19:30:00,CST,1975-06-25 19:30:00,0,0,0,0,0K,0,,F0,Unknown,0.0,33,,,,,44.1,-103.92,,,,,SD,1975-06-25 20:30:00,1975-06-25 20:30:00,True,True
,10113972,South Dakota,103,Pennington,,1975-06-25 19:45:00,CST,1975-06-25 19:45:00,0,0,0,0,0K,0,,F1,Unknown,0.0,33,,,,,44.13,-103.08,,,,,SD,1975-06-25 20:45:00,1975-06-25 20:45:00,True,True
,10113973,South Dakota,103,Pennington,,1975-06-25 19:50:00,CST,1975-06-25 19:50:00,0,0,0,0,0K,0,,F0,Unknown,0.0,33,,,,,44.12,-102.83,,,,,SD,1975-06-25 20:50:00,1975-06-25 20:50:00,True,True
,10113974,South Dakota,19,Butte,,1975-06-25 20:00:00,CST,1975-06-25 20:00:00,0,0,0,0,0K,0,,F0,Unknown,0.0,33,,,,,44.78,-103.65,,,,,SD,1975-06-25 21:00:00,1975-06-25 21:00:00,True,True
,10113979,South Dakota,109,Roberts,,1975-06-29 06:20:00,CST,1975-06-29 06:20:00,0,0,0,0,2.5K,0,,F0,Unknown,0.0,33,,,,,45.87,-96.9,,,,,SD,1975-06-29 07:20:00,1975-06-29 07:20:00,True,True
,10050772,Mississippi,47,Harrison,,1975-08-30 10:05:00,CST,1975-08-30 10:05:00,0,0,0,0,.03K,0,,F0,Unknown,0.2,17,,,,,30.53,-89.08,,,,,MS,1975-08-30 11:05:00,1975-08-30 11:05:00,True,True
,10050774,Mississippi,47,Harrison,,1975-10-15 07:30:00,CST,1975-10-15 07:30:00,0,0,0,0,0K,0,,F0,Unknown,0.1,10,,,,,30.4,-88.9,,,,,MS,1975-10-15 08:30:00,1975-10-15 08:30:00,True,True
,10124120,Tennessee,167,Tipton,,1975-02-22 21:00:00,CST,1975-02-22 21:00:00,2,0,0,0,25K,0,,F1,Unknown,0.1,150,,,,,35.57,-89.65,,,,,TN,1975-02-22 21:00:00,1975-02-22 21:00:00,False,False
,10124124,Tennessee,123,Monroe,,1975-03-07 12:20:00,CST,1975-03-07 12:20:00,3,0,0,0,25K,0,,F1,Unknown,9.4,320,,,,,35.55,-84.28,35.53,-84.12,,,TN,1975-03-07 13:20:00,1975-03-07 13:20:00,True,True
,10124125,Tennessee,9,Blount,,1975-03-07 12:40:00,CST,1975-03-07 12:40:00,0,0,0,0,25K,0,,F1,Unknown,0.5,200,,,,,35.6,-83.83,,,,,TN,1975-03-07 13:40:00,1975-03-07 13:40:00,True,True
,10088739,North Carolina,55,Dare,,1975-07-08 14:00:00,CST,1975-07-08 14:00:00,0,0,0,0,2.5K,0,,F0,Unknown,0.5,33,,,,,35.92,-75.7,,,,,NC,1975-07-08 15:00:00,1975-07-08 15:00:00,True,True
,10050746,Mississippi,1,Adams,,1975-06-10 14:40:00,CST,1975-06-10 14:40:00,0,0,0,0,2.5K,0,,F1,Unknown,0.3,30,,,,,31.57,-91.1,,,,,MS,1975-06-10 15:40:00,1975-06-10 15:40:00,True,True
,10097681,Ohio,93,Lorain,,1975-07-13 16:30:00,CST,1975-07-13 16:30:00,0,0,0,0,250K,0,,F2,Unknown,4.1,50,,,,,41.17,-82.02,41.2,-81.93,,,OH,1975-07-13 17:30:00,1975-07-13 17:30:00,True,True
,10058048,Missouri,25,Caldwell,,1975-04-23 14:40:00,CST,1975-04-23 14:40:00,3,0,1,0,2.5M,0,,F4,Unknown,11.4,400,,,,,39.7,-93.97,39.77,-93.77,,,MO,1975-04-23 15:40:00,1975-04-23 15:40:00,True,True
,10058051,Missouri,115,Linn,,1975-04-23 15:45:00,CST,1975-04-23 15:45:00,0,0,0,0,250K,0,,F3,Unknown,8.6,500,,,,,39.73,-93.35,39.75,-93.18,,,MO,1975-04-23 16:45:00,1975-04-23 16:45:00,True,True
,10058053,Missouri,115,Linn,,1975-04-23 16:05:00,CST,1975-04-23 16:05:00,2,0,0,0,250K,0,,F3,Unknown,5.4,500,,,,,39.75,-93.18,39.78,-93.08,,,MO,1975-04-23 17:05:00,1975-04-23 17:05:00,True,True
,10058054,Missouri,121,Macon,,1975-04-23 16:40:00,CST,1975-04-23 16:40:00,4,0,1,0,2.5M,0,,F4,Unknown,20.3,1700,,,,,39.68,-92.67,39.68,-92.28,,,MO,1975-04-23 17:40:00,1975-04-23 17:40:00,True,True
,10058058,Missouri,205,Shelby,,1975-04-23 17:15:00,CST,1975-04-23 17:15:00,0,0,0,0,2.5M,0,,F4,Unknown,7.9,1700,,,,,39.68,-92.28,39.67,-92.13,,,MO,1975-04-23 18:15:00,1975-04-23 18:15:00,True,True
,10058059,Missouri,173,Ralls,,1975-04-23 18:30:00,CST,1975-04-23 18:30:00,0,0,0,0,25K,0,,F2,Unknown,7.3,33,,,,,39.62,-91.53,39.58,-91.4,,,MO,1975-04-23 19:30:00,1975-04-23 19:30:00,True,True
,10087612,North Carolina,93,Hoke,,1975-03-24 12:30:00,CST,1975-03-24 12:30:00,0,0,0,0,.25K,0,,F1,Unknown,11.0,33,,,,,34.98,-79.27,35.03,-79.08,,,NC,1975-03-24 13:30:00,1975-03-24 13:30:00,True,True
,10058026,Missouri,189,St. Louis,,1975-03-07 00:27:00,CST,1975-03-07 00:27:00,4,0,0,0,250K,0,,F2,Unknown,0.1,20,,,,,38.5,-90.3,,,,,MO,1975-03-07 01:27:00,1975-03-07 01:27:00,True,True
,10113996,South Dakota,55,Haakon,,1975-07-30 18:00:00,CST,1975-07-30 18:00:00,0,0,0,0,0K,0,,F0,Unknown,0.0,33,,,,,44.55,-101.72,,,,,SD,1975-07-30 19:00:00,1975-07-30 19:00:00,True,True
,10114629,Pennsylvania,27,Centre,,1975-06-05 13:00:00,CST,1975-06-05 13:00:00,0,0,0,0,250K,0,,F2,Unknown,0.0,33,,,,,40.75,-77.92,,,,,PA,1975-06-05 14:00:00,1975-06-05 14:00:00,True,True
,10114630,Pennsylvania,27,Centre,,1975-06-05 14:00:00,CST,1975-06-05 14:00:00,0,0,0,0,2.5K,0,,F1,Unknown,0.0,33,,,,,40.93,-77.53,,,,,PA,1975-06-05 15:00:00,1975-06-05 15:00:00,True,True
,10114632,Pennsylvania,21,Cambria,,1975-06-05 14:40:00,CST,1975-06-05 14:40:00,0,0,0,0,.25K,0,,F1,Unknown,0.5,17,,,,,40.48,-78.53,,,,,PA,1975-06-05 15:40:00,1975-06-05 15:40:00,True,True
,10114636,Pennsylvania,79,Luzerne,,1975-06-19 09:30:00,CST,1975-06-19 09:30:00,0,0,0,0,25K,0,,F1,Unknown,0.0,33,,,,,41.05,-75.97,,,,,PA,1975-06-19 10:30:00,1975-06-19 10:30:00,True,True
,10048511,Mississippi,11,Bolivar,,1975-03-12 08:00:00,CST,1975-03-12 08:00:00,0,0,0,0,2.5K,0,,F1,Unknown,0.2,60,,,,,33.97,-90.93,,,,,MS,1975-03-12 09:00:00,1975-03-12 09:00:00,True,True
,10048515,Mississippi,135,Tallahatchie,,1975-03-12 08:15:00,CST,1975-03-12 08:15:00,5,0,0,0,25K,0,,F2,Unknown,1.0,50,,,,,34.07,-90.43,,,,,MS,1975-03-12 09:15:00,1975-03-12 09:15:00,True,True
,10048516,Mississippi,107,Panola,,1975-03-12 08:15:00,CST,1975-03-12 08:15:00,0,0,0,0,25K,0,,F2,Unknown,2.5,70,,,,,34.37,-90.0,,,,,MS,1975-03-12 09:15:00,1975-03-12 09:15:00,True,True
,10048517,Mississippi,135,Tallahatchie,,1975-03-12 08:25:00,CST,1975-03-12 08:25:00,7,0,0,0,2.5K,0,,F2,Unknown,1.0,100,,,,,34.0,-90.05,,,,,MS,1975-03-12 09:25:00,1975-03-12 09:25:00,True,True
,10048520,Mississippi,161,Yalobusha,,1975-03-12 09:00:00,CST,1975-03-12 09:00:00,0,0,0,0,25K,0,,F2,Unknown,1.0,60,,,,,33.97,-89.75,,,,,MS,1975-03-12 10:00:00,1975-03-12 10:00:00,True,True
,10048526,Mississippi,17,Chickasaw,,1975-03-12 09:45:00,CST,1975-03-12 09:45:00,0,0,0,0,250K,0,,F2,Unknown,12.5,60,,,,,34.0,-88.75,34.02,-88.53,,,MS,1975-03-12 10:45:00,1975-03-12 10:45:00,True,True
,10113947,South Dakota,13,Brown,,1975-06-19 20:30:00,CST,1975-06-19 20:30:00,0,0,0,0,2.5K,0,,F0,Unknown,0.0,33,,,,,45.55,-98.63,,,,,SD,1975-06-19 21:30:00,1975-06-19 21:30:00,True,True
,10048529,Mississippi,95,Monroe,,1975-03-12 09:50:00,CST,1975-03-12 09:50:00,1,0,0,0,250K,0,,F2,Unknown,4.3,100,,,,,34.07,-88.53,34.02,-88.5,,,MS,1975-03-12 10:50:00,1975-03-12 10:50:00,True,True
,10086891,North Dakota,81,Sargent,,1975-06-19 19:30:00,CST,1975-06-19 19:30:00,0,0,0,0,25K,0,,F2,Unknown,0.3,7,,,,,46.23,-97.65,,,,,ND,1975-06-19 20:30:00,1975-06-19 20:30:00,True,True
,10086901,North Dakota,105,Williams,,1975-06-27 20:15:00,CST,1975-06-27 20:15:00,0,0,0,0,2.5K,0,,F1,Unknown,0.0,33,,,,,48.25,-103.72,,,,,ND,1975-06-27 21:15:00,1975-06-27 21:15:00,True,True
,10086903,North Dakota,53,Mckenzie,,1975-06-27 20:35:00,CST,1975-06-27 20:35:00,0,0,0,0,2.5K,0,,F1,Unknown,0.0,33,,,,,47.68,-103.28,,,,,ND,1975-06-27 20:35:00,1975-06-27 20:35:00,False,False
,10065824,Nebraska,115,Loup,,1975-06-20 19:15:00,CST,1975-06-20 19:15:00,0,0,0,0,25K,0,,F1,Unknown,17.6,150,,,,,41.92,-99.6,42.07,-99.32,,,NE,1975-06-20 20:15:00,1975-06-20 20:15:00,True,True
,9987375,Delaware,1,Kent,,1975-04-03 09:30:00,CST,1975-04-03 09:30:00,3,0,0,0,250K,0,,F1,Unknown,0.0,33,,,,,39.17,-75.53,,,,,DE,1975-04-03 10:30:00,1975-04-03 10:30:00,True,True
,10041256,Massachusetts,3,Berkshire,,1975-07-13 05:15:00,CST,1975-07-13 05:15:00,0,0,0,0,25K,0,,F2,Unknown,0.3,27,,,,,42.48,-73.17,,,,,MA,1975-07-13 06:15:00,1975-07-13 06:15:00,True,True
,10042805,Maryland,15,Cecil,,1975-07-13 19:20:00,CST,1975-07-13 19:20:00,0,0,0,0,25K,0,,F1,Unknown,0.3,100,,,,,39.6,-75.83,,,,,MD,1975-07-13 20:20:00,1975-07-13 20:20:00,True,True
,10042806,Maryland,29,Kent,,1975-07-14 05:00:00,CST,1975-07-14 05:00:00,0,0,0,0,0K,0,,F0,Unknown,0.0,33,,,,,39.33,-76.05,,,,,MD,1975-07-14 06:00:00,1975-07-14 06:00:00,True,True
,10042807,Maryland,3,Anne Arundel,,1975-07-14 05:15:00,CST,1975-07-14 05:15:00,0,0,0,0,25K,0,,F1,Unknown,0.5,100,,,,,39.03,-76.5,,,,,MD,1975-07-14 06:15:00,1975-07-14 06:15:00,True,True
,10042809,Maryland,15,Cecil,,1975-07-24 21:00:00,CST,1975-07-24 21:00:00,0,0,0,0,2.5K,0,,F1,Unknown,0.1,50,,,,,39.68,-77.88,,,,,MD,1975-07-24 22:00:00,1975-07-24 22:00:00,True,True
,10042810,Maryland,45,Wicomico,,1975-08-04 17:15:00,CST,1975-08-04 17:15:00,0,0,0,0,25K,0,,F1,Unknown,0.5,77,,,,,38.27,-75.78,,,,,MD,1975-08-04 18:15:00,1975-08-04 18:15:00,True,True
,10040445,Maryland,41,Talbot,,1975-05-06 05:00:00,CST,1975-05-06 05:00:00,0,0,0,0,25K,0,,F1,Unknown,0.0,33,,,,,38.83,-76.22,,,,,MD,1975-05-06 06:00:00,1975-05-06 06:00:00,True,True
,9980287,Arkansas,145,White,,1975-06-16 14:30:00,CST,1975-06-16 14:30:00,0,0,0,0,25K,0,,F1,Unknown,8.5,20,,,,,35.25,-91.67,35.37,-91.62,,,AR,1975-06-16 15:30:00,1975-06-16 15:30:00,True,True
,9980295,Arkansas,59,Hot Spring,,1975-07-07 16:07:00,CST,1975-07-07 16:07:00,0,0,0,0,25K,0,,F1,Unknown,0.3,20,,,,,34.33,-92.75,,,,,AR,1975-07-07 17:07:00,1975-07-07 17:07:00,True,True
,9980296,Arkansas,81,Little River,,1975-07-07 16:25:00,CST,1975-07-07 16:25:00,2,0,0,0,25K,0,,F1,Unknown,2.0,50,,,,,33.67,-94.28,,,,,AR,1975-07-07 17:25:00,1975-07-07 17:25:00,True,True
,10055793,Minnesota,105,Nobles,,1975-05-11 14:14:00,CST,1975-05-11 14:14:00,0,0,0,0,2.5K,0,,F0,Unknown,0.1,33,,,,,43.57,-95.53,,,,,MN,1975-05-11 15:14:00,1975-05-11 15:14:00,True,True
,10040452,Maryland,17,Charles,,1975-06-05 21:30:00,CST,1975-06-05 21:30:00,0,0,0,0,2.5K,0,,F0,Unknown,0.0,33,,,,,38.53,-76.88,,,,,MD,1975-06-05 22:30:00,1975-06-05 22:30:00,True,True
,10040456,Maryland,13,Carroll,,1975-06-19 18:30:00,CST,1975-06-19 18:30:00,0,0,0,0,25K,0,,F1,Unknown,0.5,33,,,,,39.48,-77.12,,,,,MD,1975-06-19 19:30:00,1975-06-19 19:30:00,True,True
,10040461,Maryland,27,Howard,,1975-07-03 15:35:00,CST,1975-07-03 15:35:00,0,0,0,0,0K,0,,F0,Unknown,0.0,33,,,,,39.23,-76.85,,,,,MD,1975-07-03 16:35:00,1975-07-03 16:35:00,True,True
,10069231,Nebraska,125,Nance,,1975-06-15 21:30:00,CST,1975-06-15 21:30:00,0,0,0,0,250K,0,,F3,Unknown,63.2,200,,,,,41.35,-97.95,40.75,-97.03,,,NE,1975-06-15 22:30:00,1975-06-15 22:30:00,True,True
,10069236,Nebraska,87,Hitchcock,,1975-06-17 23:00:00,CST,1975-06-17 23:00:00,0,0,0,0,25K,0,,F1,Unknown,5.9,200,,,,,40.27,-100.82,40.32,-100.72,,,NE,1975-06-18 00:00:00,1975-06-18 00:00:00,True,True
,10069237,Nebraska,65,Furnas,,1975-06-17 23:00:00,CST,1975-06-17 23:00:00,0,0,0,0,2.5K,0,,F1,Unknown,4.9,200,,,,,40.3,-100.17,40.35,-100.08,,,NE,1975-06-18 00:00:00,1975-06-18 00:00:00,True,True
,10069240,Nebraska,151,Saline,,1975-06-18 03:30:00,CST,1975-06-18 03:30:00,0,0,0,0,25K,0,,F1,Unknown,1.3,50,,,,,40.65,-97.12,40.68,-97.08,,,NE,1975-06-18 04:30:00,1975-06-18 04:30:00,True,True
,10068079,Nebraska,139,Pierce,,1975-05-06 13:15:00,CST,1975-05-06 13:15:00,0,0,0,0,0K,0,,F3,Unknown,44.8,90,,,,,42.17,-97.47,42.82,-97.5,,,NE,1975-05-06 14:15:00,1975-05-06 14:15:00,True,True
,10068081,Nebraska,107,Knox,,1975-05-06 13:30:00,CST,1975-05-06 13:30:00,0,0,0,0,25K,0,,F0,Unknown,5.4,30,,,,,42.52,-97.77,42.6,-97.72,,,NE,1975-05-06 14:30:00,1975-05-06 14:30:00,True,True
,10068082,Nebraska,167,Stanton,,1975-05-06 13:45:00,CST,1975-05-06 13:45:00,1,0,0,0,250K,0,,F3,Unknown,15.9,167,,,,,41.97,-97.2,42.2,-97.23,,,NE,1975-05-06 14:45:00,1975-05-06 14:45:00,True,True
,10068088,Nebraska,155,Saunders,,1975-05-06 15:00:00,CST,1975-05-06 15:00:00,0,0,0,0,2.5K,0,,F0,Unknown,3.4,17,,,,,41.28,-96.58,41.33,-96.58,,,NE,1975-05-06 16:00:00,1975-05-06 16:00:00,True,True
,10065846,Nebraska,33,Cheyenne,,1975-06-30 21:35:00,CST,1975-06-30 21:35:00,0,0,0,0,0K,0,,F0,Unknown,0.1,7,,,,,41.33,-103.32,,,,,NE,1975-06-30 22:35:00,1975-06-30 22:35:00,True,True
,10068090,Nebraska,51,Dixon,,1975-05-06 15:30:00,CST,1975-05-06 15:30:00,0,0,0,0,25K,0,,F0,Unknown,3.0,80,,,,,42.43,-96.75,,,,,NE,1975-05-06 16:30:00,1975-05-06 16:30:00,True,True
,10068091,Nebraska,153,Sarpy,,1975-05-06 15:33:00,CST,1975-05-06 15:33:00,15,0,0,0,250K,0,,F4,Unknown,1.1,267,,,,,41.17,-96.07,41.18,-96.07,,,NE,1975-05-06 16:33:00,1975-05-06 16:33:00,True,True
,10068092,Nebraska,55,Douglas,,1975-05-06 15:35:00,CST,1975-05-06 15:35:00,118,0,3,0,250M,0,,F4,Unknown,6.9,267,,,,,41.18,-96.07,41.28,-96.02,,,NE,1975-05-06 16:35:00,1975-05-06 16:35:00,True,True
,10068093,Nebraska,75,Grant,,1975-05-10 13:10:00,CST,1975-05-10 13:10:00,0,0,0,0,0K,0,,F0,Unknown,0.2,10,,,,,41.98,-101.77,,,,,NE,1975-05-10 14:10:00,1975-05-10 14:10:00,True,True
,10068095,Nebraska,31,Cherry,,1975-05-10 17:40:00,CST,1975-05-10 17:40:00,0,0,0,0,0K,0,,F0,Unknown,0.2,10,,,,,42.45,-101.1,,,,,NE,1975-05-10 18:40:00,1975-05-10 18:40:00,True,True
,10069223,Nebraska,67,Gage,,1975-06-02 17:10:00,CST,1975-06-02 17:10:00,0,0,0,0,250K,0,,F2,Unknown,0.2,27,,,,,40.12,-96.67,,,,,NE,1975-06-02 18:10:00,1975-06-02 18:10:00,True,True
,10065843,Nebraska,49,Deuel,,1975-06-25 21:35:00,CST,1975-06-25 21:35:00,0,0,0,0,25K,0,,F1,Unknown,9.1,40,,,,,41.05,-102.1,41.07,-101.92,,,NE,1975-06-25 22:35:00,1975-06-25 22:35:00,True,True
,10051388,Minnesota,151,Swift,,1975-09-02 18:15:00,CST,1975-09-02 18:15:00,0,0,0,0,25K,0,,F1,Unknown,0.7,10,,,,,45.32,-95.62,,,,,MN,1975-09-02 19:15:00,1975-09-02 19:15:00,True,True
,10051390,Minnesota,67,Kandiyohi,,1975-09-02 19:40:00,CST,1975-09-02 19:40:00,0,0,0,0,25K,0,,F1,Unknown,0.5,17,,,,,45.2,-94.87,,,,,MN,1975-09-02 20:40:00,1975-09-02 20:40:00,True,True
,10057248,Missouri,165,Platte,,1975-12-05 01:40:00,CST,1975-12-05 01:40:00,0,0,0,0,25K,0,,F1,Unknown,4.9,27,,,,,39.37,-94.88,39.37,-94.78,,,MO,1975-12-05 01:40:00,1975-12-05 01:40:00,False,False
,10057252,Missouri,25,Caldwell,,1975-12-14 03:30:00,CST,1975-12-14 03:30:00,0,0,0,0,2.5K,0,,F1,Unknown,0.7,20,,,,,39.73,-94.0,,,,,MO,1975-12-14 03:30:00,1975-12-14 03:30:00,False,False
,10065838,Nebraska,49,Deuel,,1975-06-25 20:00:00,CST,1975-06-25 20:00:00,0,0,0,0,25K,0,,F1,Unknown,0.3,23,,,,,41.12,-102.5,,,,,NE,1975-06-25 21:00:00,1975-06-25 21:00:00,True,True
,10065839,Nebraska,13,Box Butte,,1975-06-25 20:00:00,CST,1975-06-25 20:00:00,0,0,0,0,250K,0,,F2,Unknown,16.2,30,,,,,42.03,-102.95,42.27,-102.88,,,NE,1975-06-25 21:00:00,1975-06-25 21:00:00,True,True
,10065841,Nebraska,13,Box Butte,,1975-06-25 21:15:00,CST,1975-06-25 21:15:00,0,0,0,0,25K,0,,F1,Unknown,68.0,20,,,,,42.42,-103.38,42.77,-102.13,,,NE,1975-06-25 22:15:00,1975-06-25 22:15:00,True,True
,10040866,Michigan,39,Crawford,,1975-04-19 00:55:00,CST,1975-04-19 00:55:00,14,0,0,0,250K,0,,F2,Unknown,1.5,77,,,,,44.77,-84.77,,,,,MI,1975-04-19 01:55:00,1975-04-19 01:55:00,True,True
,10069256,Nebraska,19,Buffalo,,1975-06-19 14:30:00,CST,1975-06-19 14:30:00,0,0,0,0,250K,0,,F1,Unknown,44.2,200,,,,,40.73,-99.1,41.33,-98.8,,,NE,1975-06-19 15:30:00,1975-06-19 15:30:00,True,True
,10069259,Nebraska,89,Holt,,1975-06-19 18:00:00,CST,1975-06-19 18:00:00,0,0,0,0,25K,0,,F1,Unknown,6.2,83,,,,,42.53,-98.75,42.58,-98.63,,,NE,1975-06-19 19:00:00,1975-06-19 19:00:00,True,True
,10069260,Nebraska,73,Gosper,,1975-06-19 18:10:00,CST,1975-06-19 18:10:00,0,0,0,0,0K,0,,F0,Unknown,14.8,200,,,,,40.47,-99.92,40.68,-99.95,,,NE,1975-06-19 19:10:00,1975-06-19 19:10:00,True,True
,10057232,Missouri,21,Buchanan,,1975-11-29 16:30:00,CST,1975-11-29 16:30:00,0,0,0,0,25K,0,,F1,Unknown,3.0,150,,,,,39.77,-94.85,,,,,MO,1975-11-29 16:30:00,1975-11-29 16:30:00,False,False
,10057242,Missouri,177,Ray,,1975-11-29 18:10:00,CST,1975-11-29 18:10:00,0,0,0,0,250K,0,,F0,Unknown,8.0,50,,,,,39.23,-93.83,,,,,MO,1975-11-29 18:10:00,1975-11-29 18:10:00,False,False
,10069261,Nebraska,3,Antelope,,1975-06-19 19:50:00,CST,1975-06-19 19:50:00,0,0,0,0,2.5K,0,,F0,Unknown,1.0,67,,,,,42.0,-98.07,,,,,NE,1975-06-19 20:50:00,1975-06-19 20:50:00,True,True
,10069262,Nebraska,89,Holt,,1975-06-19 20:00:00,CST,1975-06-19 20:00:00,0,0,0,0,2.5K,0,,F1,Unknown,1.0,67,,,,,42.52,-98.52,,,,,NE,1975-06-19 21:00:00,1975-06-19 21:00:00,True,True
,10056078,Missouri,23,Butler,,1975-06-05 07:30:00,CST,1975-06-05 07:30:00,4,0,0,0,2.5M,0,,F2,Unknown,1.0,100,,,,,36.75,-90.4,,,,,MO,1975-06-05 08:30:00,1975-06-05 08:30:00,True,True
,9987385,Delaware,3,New Castle,,1975-07-14 06:40:00,CST,1975-07-14 06:40:00,0,0,0,0,0K,0,,F0,Unknown,0.0,33,,,,,39.45,-75.77,,,,,DE,1975-07-14 07:40:00,1975-07-14 07:40:00,True,True
,9987386,Delaware,5,Sussex,,1975-08-04 12:30:00,CST,1975-08-04 12:30:00,0,0,0,0,2.5K,0,,F0,Unknown,0.1,53,,,,,38.72,-75.28,,,,,DE,1975-08-04 13:30:00,1975-08-04 13:30:00,True,True
,9987388,Delaware,1,Kent,,1975-08-04 18:30:00,CST,1975-08-04 18:30:00,0,0,0,0,0K,0,,F0,Unknown,0.1,30,,,,,39.25,-75.63,,,,,DE,1975-08-04 19:30:00,1975-08-04 19:30:00,True,True
,9980546,Arkansas,117,Prairie,,1975-02-22 16:45:00,CST,1975-02-22 16:45:00,0,0,0,0,25K,0,,F1,Unknown,0.5,30,,,,,34.77,-91.6,,,,,AR,1975-02-22 16:45:00,1975-02-22 16:45:00,False,False
,9980549,Arkansas,11,Bradley,,1975-02-22 18:10:00,CST,1975-02-22 18:10:00,1,0,0,0,25K,0,,F1,Unknown,2.0,50,,,,,33.55,-92.25,,,,,AR,1975-02-22 18:10:00,1975-02-22 18:10:00,False,False
,9980550,Arkansas,95,Monroe,,1975-02-22 18:30:00,CST,1975-02-22 18:30:00,0,0,0,0,25K,0,,F1,Unknown,21.3,60,,,,,34.62,-91.37,34.83,-91.1,,,AR,1975-02-22 18:30:00,1975-02-22 18:30:00,False,False
,9980551,Arkansas,77,Lee,,1975-02-22 19:00:00,CST,1975-02-22 19:00:00,0,0,0,0,25K,0,,F1,Unknown,8.8,60,,,,,34.83,-91.1,34.92,-90.98,,,AR,1975-02-22 19:00:00,1975-02-22 19:00:00,False,False
,9987373,Delaware,5,Sussex,,1975-03-19 10:15:00,CST,1975-03-19 10:15:00,0,0,0,0,2.5K,0,,F1,Unknown,0.1,10,,,,,38.73,-75.2,,,,,DE,1975-03-19 11:15:00,1975-03-19 11:15:00,True,True
,10058924,Missouri,43,Christian,,1975-04-24 05:15:00,CST,1975-04-24 05:15:00,1,0,0,0,25K,0,,F1,Unknown,0.0,30,,,,,37.08,-93.23,,,,,MO,1975-04-24 06:15:00,1975-04-24 06:15:00,True,True
,10065872,Nebraska,19,Buffalo,,1975-07-19 20:45:00,CST,1975-07-19 20:45:00,0,0,0,0,0K,0,,F0,Unknown,0.0,33,,,,,40.73,-98.95,,,,,NE,1975-07-19 21:45:00,1975-07-19 21:45:00,True,True
,10065876,Nebraska,47,Dawson,,1975-07-21 04:30:00,CST,1975-07-21 04:30:00,0,0,0,0,25K,0,,F0,Unknown,0.0,33,,,,,41.03,-99.97,,,,,NE,1975-07-21 05:30:00,1975-07-21 05:30:00,True,True
,10065877,Nebraska,65,Furnas,,1975-07-21 15:55:00,CST,1975-07-21 15:55:00,0,0,0,0,25K,0,,F2,Unknown,5.7,33,,,,,40.35,-100.12,40.33,-100.0,,,NE,1975-07-21 16:55:00,1975-07-21 16:55:00,True,True
,10065888,Nebraska,27,Cedar,,1975-08-11 04:00:00,CST,1975-08-11 04:00:00,0,0,0,0,2.5K,0,,F0,Unknown,0.0,33,,,,,42.7,-97.45,,,,,NE,1975-08-11 05:00:00,1975-08-11 05:00:00,True,True
,10069201,Nebraska,111,Lincoln,,1975-05-27 15:30:00,CST,1975-05-27 15:30:00,0,0,0,0,0K,0,,F0,Unknown,0.2,33,,,,,41.07,-101.27,,,,,NE,1975-05-27 16:30:00,1975-05-27 16:30:00,True,True
,10069202,Nebraska,61,Franklin,,1975-05-28 14:30:00,CST,1975-05-28 14:30:00,0,0,0,0,0K,0,,F0,Unknown,0.2,33,,,,,40.3,-98.95,,,,,NE,1975-05-28 15:30:00,1975-05-28 15:30:00,True,True
,10069203,Nebraska,61,Franklin,,1975-05-31 13:45:00,CST,1975-05-31 13:45:00,0,0,0,0,0K,0,,F0,Unknown,0.2,33,,,,,40.35,-99.03,,,,,NE,1975-05-31 14:45:00,1975-05-31 14:45:00,True,True
,10069244,Nebraska,127,Nemaha,,1975-06-18 05:30:00,CST,1975-06-18 05:30:00,0,0,0,0,250K,0,,F1,Unknown,18.2,200,,,,,40.37,-95.85,40.63,-95.83,,,NE,1975-06-18 06:30:00,1975-06-18 06:30:00,True,True
,10069246,Nebraska,145,Red Willow,,1975-06-18 17:00:00,CST,1975-06-18 17:00:00,0,0,0,0,25K,0,,F1,Unknown,9.1,33,,,,,40.05,-100.42,40.18,-100.45,,,NE,1975-06-18 18:00:00,1975-06-18 18:00:00,True,True
,10069248,Nebraska,63,Frontier,,1975-06-18 18:00:00,CST,1975-06-18 18:00:00,0,0,0,0,2.5K,0,,F3,Unknown,15.0,33,,,,,40.37,-100.37,40.58,-100.42,,,NE,1975-06-18 19:00:00,1975-06-18 19:00:00,True,True
,10069249,Nebraska,63,Frontier,,1975-06-18 18:30:00,CST,1975-06-18 18:30:00,0,0,0,0,2.5K,0,,F3,Unknown,21.9,33,,,,,40.55,-100.35,40.87,-100.4,,,NE,1975-06-18 19:30:00,1975-06-18 19:30:00,True,True
,10069250,Nebraska,111,Lincoln,,1975-06-18 19:00:00,CST,1975-06-18 19:00:00,0,0,0,0,25K,0,,F2,Unknown,21.8,33,,,,,40.72,-100.23,41.03,-100.28,,,NE,1975-06-18 20:00:00,1975-06-18 20:00:00,True,True
,10069251,Nebraska,47,Dawson,,1975-06-18 19:30:00,CST,1975-06-18 19:30:00,0,0,0,0,2.5K,0,,F3,Unknown,9.4,33,,,,,40.95,-100.18,41.08,-100.25,,,NE,1975-06-18 20:30:00,1975-06-18 20:30:00,True,True
,10069252,Nebraska,41,Custer,,1975-06-18 20:00:00,CST,1975-06-18 20:00:00,0,0,0,0,250K,0,,F3,Unknown,23.0,33,,,,,41.07,-100.17,41.38,-100.32,,,NE,1975-06-18 21:00:00,1975-06-18 21:00:00,True,True
,10069253,Nebraska,113,Logan,,1975-06-18 20:15:00,CST,1975-06-18 20:15:00,3,0,1,0,250K,0,,F3,Unknown,5.4,33,,,,,41.38,-100.32,41.47,-100.35,,,NE,1975-06-18 21:15:00,1975-06-18 21:15:00,True,True
,10069254,Nebraska,41,Custer,,1975-06-18 20:15:00,CST,1975-06-18 20:15:00,0,0,0,0,2.5K,0,,F4,Unknown,15.2,33,,,,,41.35,-100.22,41.57,-100.28,,,NE,1975-06-18 21:15:00,1975-06-18 21:15:00,True,True
,10047383,Mississippi,1,Adams,,1975-01-10 08:48:00,CST,1975-01-10 08:48:00,0,0,0,0,250K,0,,F1,Unknown,11.9,150,,,,,31.48,-91.4,31.63,-91.3,,,MS,1975-01-10 08:48:00,1975-01-10 08:48:00,False,False
,10047384,Mississippi,77,Lawrence,,1975-01-10 08:59:00,CST,1975-01-10 08:59:00,0,0,0,0,250K,0,,F4,Unknown,15.4,150,,,,,31.52,-90.23,31.72,-90.12,,,MS,1975-01-10 08:59:00,1975-01-10 08:59:00,False,False
,10047392,Mississippi,49,Hinds,,1975-01-10 09:55:00,CST,1975-01-10 09:55:00,1,0,0,0,250K,0,,F2,Unknown,12.3,50,,,,,32.32,-90.35,32.48,-90.28,,,MS,1975-01-10 09:55:00,1975-01-10 09:55:00,False,False
,10047395,Mississippi,89,Madison,,1975-01-10 10:02:00,CST,1975-01-10 10:02:00,0,0,0,0,250K,0,,F2,Unknown,2.7,50,,,,,32.48,-90.28,32.52,-90.27,,,MS,1975-01-10 10:02:00,1975-01-10 10:02:00,False,False
,10047396,Mississippi,121,Rankin,,1975-01-10 10:10:00,CST,1975-01-10 10:10:00,0,0,0,0,25K,0,,F2,Unknown,4.5,77,,,,,32.22,-90.03,32.25,-89.97,,,MS,1975-01-10 10:10:00,1975-01-10 10:10:00,False,False
,10057210,Missouri,77,Greene,,1975-09-10 12:55:00,CST,1975-09-10 12:55:00,5,0,0,0,2.5M,0,,F2,Unknown,0.3,50,,,,,37.2,-93.33,,,,,MO,1975-09-10 13:55:00,1975-09-10 13:55:00,True,True
,10057211,Missouri,215,Texas,,1975-09-11 12:45:00,CST,1975-09-11 12:45:00,0,0,0,0,250K,0,,F2,Unknown,0.3,40,,,,,37.33,-91.97,,,,,MO,1975-09-11 13:45:00,1975-09-11 13:45:00,True,True
,10054763,Minnesota,5,Becker,,1975-08-20 19:00:00,CST,1975-08-20 19:00:00,0,0,0,0,2.5M,0,,F1,Unknown,18.1,500,,,,,46.75,-95.57,46.52,-95.38,,,MN,1975-08-20 20:00:00,1975-08-20 20:00:00,True,True
,10054721,Minnesota,149,Stevens,,1975-06-30 20:00:00,CST,1975-06-30 20:00:00,0,0,0,0,25K,0,,F0,Unknown,0.5,77,,,,,45.55,-96.18,,,,,MN,1975-06-30 21:00:00,1975-06-30 21:00:00,True,True
,10054730,Minnesota,21,Cass,,1975-07-02 01:30:00,CST,1975-07-02 01:30:00,0,0,0,0,25K,0,,F1,Unknown,0.0,400,,,,,47.0,-94.13,46.98,-94.08,,,MN,1975-07-02 02:30:00,1975-07-02 02:30:00,True,True
,10069210,Nebraska,163,Sherman,,1975-06-02 13:32:00,CST,1975-06-02 13:32:00,0,0,0,0,.25K,0,,F0,Unknown,0.2,10,,,,,41.12,-98.87,,,,,NE,1975-06-02 14:32:00,1975-06-02 14:32:00,True,True
,10069215,Nebraska,159,Seward,,1975-06-02 14:45:00,CST,1975-06-02 14:45:00,0,0,0,0,0K,0,,F0,Unknown,0.1,200,,,,,40.8,-97.3,,,,,NE,1975-06-02 15:45:00,1975-06-02 15:45:00,True,True
,10069217,Nebraska,1,Adams,,1975-06-02 15:11:00,CST,1975-06-02 15:11:00,0,0,0,0,250K,0,,F2,Unknown,35.5,300,,,,,40.67,-98.55,40.38,-97.98,,,NE,1975-06-02 16:11:00,1975-06-02 16:11:00,True,True
,10065860,Nebraska,31,Cherry,,1975-07-19 15:30:00,CST,1975-07-19 15:30:00,0,0,0,0,2.5M,0,,F2,Unknown,20.9,33,,,,,42.93,-100.97,42.92,-100.55,,,NE,1975-07-19 16:30:00,1975-07-19 16:30:00,True,True
,10065864,Nebraska,71,Garfield,,1975-07-19 19:30:00,CST,1975-07-19 19:30:00,0,0,0,0,25K,0,,F0,Unknown,0.0,33,,,,,41.67,-99.03,,,,,NE,1975-07-19 20:30:00,1975-07-19 20:30:00,True,True
,10066756,Nebraska,31,Cherry,,1975-08-20 20:00:00,CST,1975-08-20 20:00:00,0,0,0,0,25K,0,,F1,Unknown,0.1,70,,,,,42.72,-100.97,,,,,NE,1975-08-20 21:00:00,1975-08-20 21:00:00,True,True
,10065827,Nebraska,15,Boyd,,1975-06-20 21:05:00,CST,1975-06-20 21:05:00,0,0,0,0,25K,0,,F1,Unknown,0.0,100,,,,,42.92,-98.65,42.95,-98.62,,,NE,1975-06-20 22:05:00,1975-06-20 22:05:00,True,True
,10065828,Nebraska,11,Boone,,1975-06-20 23:30:00,CST,1975-06-20 23:30:00,0,0,0,0,25K,0,,F0,Unknown,0.3,50,,,,,41.57,-97.85,,,,,NE,1975-06-21 00:30:00,1975-06-21 00:30:00,True,True
,10065830,Nebraska,145,Red Willow,,1975-06-21 13:00:00,CST,1975-06-21 13:00:00,0,0,0,0,25K,0,,F0,Unknown,0.5,300,,,,,40.22,-100.67,,,,,NE,1975-06-21 14:00:00,1975-06-21 14:00:00,True,True
,10065832,Nebraska,93,Howard,,1975-06-21 16:00:00,CST,1975-06-21 16:00:00,0,0,0,0,0K,0,,F0,Unknown,8.8,50,,,,,41.08,-98.33,41.18,-98.22,,,NE,1975-06-21 17:00:00,1975-06-21 17:00:00,True,True
,10065833,Nebraska,107,Knox,,1975-06-21 18:30:00,CST,1975-06-21 18:30:00,0,0,0,0,2.5K,0,,F2,Unknown,0.5,50,,,,,42.45,-97.9,,,,,NE,1975-06-21 19:30:00,1975-06-21 19:30:00,True,True
,10040860,Michigan,125,Oakland,,1975-04-18 17:42:00,CST,1975-04-18 17:42:00,2,0,0,0,250K,0,,F1,Unknown,3.6,33,,,,,42.67,-83.47,42.72,-83.42,,,MI,1975-04-18 18:42:00,1975-04-18 18:42:00,True,True
,10042076,Michigan,163,Wayne,,1975-08-21 14:15:00,CST,1975-08-21 14:15:00,0,0,0,0,2.5K,0,,F0,Unknown,0.1,17,,,,,42.32,-83.25,,,,,MI,1975-08-21 15:15:00,1975-08-21 15:15:00,True,True
,10042077,Michigan,77,Kalamazoo,,1975-08-21 14:15:00,CST,1975-08-21 14:15:00,0,0,0,0,0K,0,,F0,Unknown,0.1,33,,,,,42.2,-85.37,,,,,MI,1975-08-21 15:15:00,1975-08-21 15:15:00,True,True
,10042079,Michigan,155,Shiawassee,,1975-08-29 17:40:00,CST,1975-08-29 17:40:00,0,0,0,0,25K,0,,F2,Unknown,1.5,83,,,,,42.82,-84.05,,,,,MI,1975-08-29 18:40:00,1975-08-29 18:40:00,True,True
,10042083,Michigan,5,Allegan,,1975-11-10 02:30:00,CST,1975-11-10 02:30:00,0,0,0,0,25K,0,,F1,Unknown,0.1,33,,,,,42.43,-85.92,,,,,MI,1975-11-10 02:30:00,1975-11-10 02:30:00,False,False
,9985228,Colorado,17,Cheyenne,,1975-06-17 20:15:00,CST,1975-06-17 20:15:00,0,0,0,0,0K,0,,F1,Unknown,0.3,77,,,,,38.68,-102.53,,,,,CO,1975-06-17 21:15:00,1975-06-17 21:15:00,True,True
,9985229,Colorado,17,Cheyenne,,1975-06-17 20:15:00,CST,1975-06-17 20:15:00,0,0,0,0,0K,0,,F1,Unknown,0.5,100,,,,,38.6,-102.53,,,,,CO,1975-06-17 21:15:00,1975-06-17 21:15:00,True,True
,9985230,Colorado,123,Weld,,1975-06-18 18:30:00,CST,1975-06-18 18:30:00,0,0,0,0,2.5K,0,,F1,Unknown,1.0,100,,,,,40.32,-104.57,,,,,CO,1975-06-18 19:30:00,1975-06-18 19:30:00,True,True
,9985233,Colorado,97,Pitkin,,1975-06-20 14:30:00,CST,1975-06-20 14:30:00,0,0,0,0,25K,0,,F2,Unknown,0.5,100,,,,,39.18,-107.23,,,,,CO,1975-06-20 15:30:00,1975-06-20 15:30:00,True,True
,10073546,Montana,13,Cascade,,1975-06-30 20:00:00,CST,1975-06-30 20:00:00,0,0,0,0,0K,0,,F2,Unknown,0.0,33,,,,,47.05,-111.3,,,,,MT,1975-06-30 21:00:00,1975-06-30 21:00:00,True,True
,10057221,Missouri,29,Camden,,1975-09-30 15:30:00,CST,1975-09-30 15:30:00,0,0,0,0,0K,0,,F1,Unknown,0.3,20,,,,,37.9,-92.75,,,,,MO,1975-09-30 16:30:00,1975-09-30 16:30:00,True,True
,9985260,Colorado,123,Weld,,1975-07-22 14:11:00,CST,1975-07-22 14:11:00,0,0,0,0,0K,0,,F1,Unknown,0.2,100,,,,,40.95,-104.6,,,,,CO,1975-07-22 15:11:00,1975-07-22 15:11:00,True,True
,9985261,Colorado,125,Yuma,,1975-07-22 19:00:00,CST,1975-07-22 19:00:00,0,0,0,0,0K,0,,F0,Unknown,0.1,50,,,,,40.05,-102.22,,,,,CO,1975-07-22 20:00:00,1975-07-22 20:00:00,True,True
,9985262,Colorado,123,Weld,,1975-07-23 12:30:00,CST,1975-07-23 12:30:00,0,0,0,0,0K,0,,F1,Unknown,2.0,50,,,,,40.67,-104.73,,,,,CO,1975-07-23 13:30:00,1975-07-23 13:30:00,True,True
,9985222,Colorado,99,Prowers,,1975-06-08 20:05:00,CST,1975-06-08 20:05:00,0,0,0,0,25K,0,,F2,Unknown,1.0,220,,,,,38.1,-102.62,,,,,CO,1975-06-08 21:05:00,1975-06-08 21:05:00,True,True
,10054770,Minnesota,61,Itasca,,1975-08-24 17:55:00,CST,1975-08-24 17:55:00,0,0,0,0,25K,0,,F1,Unknown,0.1,67,,,,,47.75,-93.65,,,,,MN,1975-08-24 18:55:00,1975-08-24 18:55:00,True,True
,10054783,Minnesota,119,Polk,,1975-08-31 17:00:00,CST,1975-08-31 17:00:00,0,0,2,0,250K,0,,F1,Unknown,4.3,30,,,,,47.53,-96.82,47.6,-96.78,,,MN,1975-08-31 18:00:00,1975-08-31 18:00:00,True,True
,10065605,Nebraska,9,Blaine,,1975-06-20 18:30:00,CST,1975-06-20 18:30:00,0,0,0,0,0K,0,,F0,Unknown,2.3,100,,,,,41.8,-100.13,41.83,-100.08,,,NE,1975-06-20 19:30:00,1975-06-20 19:30:00,True,True
,10055838,Minnesota,125,Red Lake,,1975-06-28 13:27:00,CST,1975-06-28 13:27:00,0,0,0,0,2.5K,0,,F0,Unknown,0.5,17,,,,,47.88,-96.0,,,,,MN,1975-06-28 14:27:00,1975-06-28 14:27:00,True,True
,10055839,Minnesota,27,Clay,,1975-06-28 14:30:00,CST,1975-06-28 14:30:00,0,0,0,0,250K,0,,F4,Unknown,5.4,1320,,,,,46.87,-96.73,46.95,-96.68,,,MN,1975-06-28 15:30:00,1975-06-28 15:30:00,True,True
,10093070,Oklahoma,123,Pontotoc,,1975-11-19 13:47:00,CST,1975-11-19 13:47:00,0,0,0,0,2.5K,0,,F1,Unknown,0.1,30,,,,,34.73,-96.72,,,,,OK,1975-11-19 13:47:00,1975-11-19 13:47:00,False,False
,10086674,North Dakota,55,Mclean,,1975-05-24 19:45:00,CST,1975-05-24 19:45:00,5,0,0,0,25K,0,,F2,Unknown,9.2,50,,,,,47.53,-101.43,47.67,-101.38,,,ND,1975-05-24 19:45:00,1975-05-24 19:45:00,False,False
,10088756,North Carolina,141,Pender,,1975-07-11 16:30:00,CST,1975-07-11 16:30:00,0,0,0,0,25K,0,,F1,Unknown,0.1,33,,,,,34.47,-77.6,,,,,NC,1975-07-11 17:30:00,1975-07-11 17:30:00,True,True
,10088757,North Carolina,135,Orange,,1975-07-13 14:00:00,CST,1975-07-13 14:00:00,1,0,0,0,2.5K,0,,F1,Unknown,0.1,10,,,,,36.1,-79.28,,,,,NC,1975-07-13 15:00:00,1975-07-13 15:00:00,True,True
,10086673,North Dakota,57,Mercer,,1975-05-24 19:30:00,CST,1975-05-24 19:30:00,0,0,0,0,25K,0,,F2,Unknown,24.5,50,,,,,47.27,-101.78,47.53,-101.43,,,ND,1975-05-24 20:30:00,1975-05-24 20:30:00,True,True
,10114622,Pennsylvania,7,Beaver,,1975-06-04 17:45:00,CST,1975-06-04 17:45:00,0,0,0,0,.25K,0,,F2,Unknown,45.3,30,,,,,40.58,-80.22,40.18,-79.53,,,PA,1975-06-04 18:45:00,1975-06-04 18:45:00,True,True
,10124374,Tennessee,35,Cumberland,,1975-04-24 15:30:00,CST,1975-04-24 15:30:00,4,0,1,0,250K,0,,F2,Unknown,1.5,440,,,,,36.05,-85.2,,,,,TN,1975-04-24 16:30:00,1975-04-24 16:30:00,True,True
,10124375,Tennessee,167,Tipton,,1975-04-25 01:00:00,CST,1975-04-25 01:00:00,1,0,1,0,25K,0,,F1,Unknown,7.4,440,,,,,35.53,-89.87,35.58,-89.75,,,TN,1975-04-25 02:00:00,1975-04-25 02:00:00,True,True
,10124377,Tennessee,33,Crockett,,1975-04-25 01:20:00,CST,1975-04-25 01:20:00,6,0,0,0,250K,0,,F1,Unknown,10.3,440,,,,,35.8,-89.25,35.82,-89.07,,,TN,1975-04-25 02:20:00,1975-04-25 02:20:00,True,True
,10048488,Mississippi,59,Jackson,,1975-01-10 14:25:00,CST,1975-01-10 14:25:00,0,0,0,0,.25K,0,,F1,Unknown,2.5,33,,,,,30.37,-88.58,,,,,MS,1975-01-10 14:25:00,1975-01-10 14:25:00,False,False
,10048489,Mississippi,59,Jackson,,1975-01-10 14:30:00,CST,1975-01-10 14:30:00,0,0,0,0,250K,0,,F2,Unknown,0.1,70,,,,,30.5,-88.5,,,,,MS,1975-01-10 14:30:00,1975-01-10 14:30:00,False,False
,10114608,Pennsylvania,7,Beaver,,1975-03-24 15:00:00,CST,1975-03-24 15:00:00,0,0,0,0,25K,0,,F1,Unknown,0.0,33,,,,,40.68,-80.23,,,,,PA,1975-03-24 16:00:00,1975-03-24 16:00:00,True,True
,10114611,Pennsylvania,29,Chester,,1975-04-03 07:45:00,CST,1975-04-03 07:45:00,0,0,0,0,2.5K,0,,F2,Unknown,3.0,20,,,,,40.03,-75.67,40.08,-75.65,,,PA,1975-04-03 08:45:00,1975-04-03 08:45:00,True,True
,10048498,Mississippi,73,Lamar,,1975-02-16 20:30:00,CST,1975-02-16 20:30:00,0,0,0,0,25K,0,,F1,Unknown,0.3,100,,,,,31.37,-89.55,,,,,MS,1975-02-16 20:30:00,1975-02-16 20:30:00,False,False
,10048501,Mississippi,143,Tunica,,1975-02-22 21:40:00,CST,1975-02-22 21:40:00,3,0,0,0,250K,0,,F2,Unknown,5.2,100,,,,,34.55,-90.48,34.6,-90.42,,,MS,1975-02-22 21:40:00,1975-02-22 21:40:00,False,False
,10048502,Mississippi,71,Lafayette,,1975-02-22 22:00:00,CST,1975-02-22 22:00:00,2,0,0,0,2.5K,0,,F3,Unknown,4.7,50,,,,,34.45,-89.3,34.5,-89.25,,,MS,1975-02-22 22:00:00,1975-02-22 22:00:00,False,False
,10048503,Mississippi,145,Union,,1975-02-22 22:10:00,CST,1975-02-22 22:10:00,0,0,0,0,2.5K,0,,F3,Unknown,14.0,200,,,,,34.5,-89.25,34.65,-89.08,,,MS,1975-02-22 22:10:00,1975-02-22 22:10:00,False,False
,10048504,Mississippi,139,Tippah,,1975-02-22 22:30:00,CST,1975-02-22 22:30:00,0,0,0,0,25K,0,,F3,Unknown,7.6,60,,,,,34.65,-89.08,34.73,-89.0,,,MS,1975-02-22 22:30:00,1975-02-22 22:30:00,False,False
,10048506,Mississippi,99,Neshoba,,1975-02-23 10:20:00,CST,1975-02-23 10:20:00,0,0,0,0,250K,0,,F2,Unknown,0.5,33,,,,,32.78,-88.97,,,,,MS,1975-02-23 11:20:00,1975-02-23 11:20:00,True,True
,10114619,Pennsylvania,129,Westmoreland,,1975-05-26 18:30:00,CST,1975-05-26 18:30:00,0,0,0,0,0K,0,,F1,Unknown,0.8,100,,,,,40.55,-79.57,,,,,PA,1975-05-26 19:30:00,1975-05-26 19:30:00,True,True
,10092204,Oklahoma,139,Texas,,1975-11-19 03:00:00,CST,1975-11-19 03:00:00,0,0,0,0,250K,0,,F2,Unknown,0.3,270,,,,,36.7,-101.5,,,,,OK,1975-11-19 03:00:00,1975-11-19 03:00:00,False,False
,10113787,South Carolina,11,Barnwell,,1975-02-18 16:20:00,CST,1975-02-18 16:20:00,5,0,0,0,250K,0,,F2,Unknown,3.3,67,,,,,33.37,-81.42,33.37,-81.37,,,SC,1975-02-18 16:20:00,1975-02-18 16:20:00,False,False
,10080393,New Jersey,11,Cumberland,,1975-04-03 08:50:00,CST,1975-04-03 08:50:00,0,0,0,0,25K,0,,F0,Unknown,0.1,10,,,,,39.48,-75.13,,,,,NJ,1975-04-03 09:50:00,1975-04-03 09:50:00,True,True
,10042026,Michigan,143,Roscommon,,1975-06-17 13:20:00,CST,1975-06-17 13:20:00,0,0,0,0,2.5K,0,,F0,Unknown,0.1,50,,,,,44.33,-84.78,,,,,MI,1975-06-17 14:20:00,1975-06-17 14:20:00,True,True
,10042027,Michigan,139,Ottawa,,1975-06-17 15:00:00,CST,1975-06-17 15:00:00,0,0,0,0,25K,0,,F0,Unknown,0.0,33,,,,,42.9,-86.02,,,,,MI,1975-06-17 16:00:00,1975-06-17 16:00:00,True,True
,10042035,Michigan,63,Huron,,1975-07-02 17:45:00,CST,1975-07-02 17:45:00,0,0,0,0,.25K,0,,F0,Unknown,0.4,33,,,,,43.97,-83.27,,,,,MI,1975-07-02 18:45:00,1975-07-02 18:45:00,True,True
,10042049,Michigan,153,Schoolcraft,,1975-07-11 13:00:00,CST,1975-07-11 13:00:00,0,0,0,0,0K,0,,F0,Unknown,0.0,33,,,,,46.13,-86.52,,,,,MI,1975-07-11 14:00:00,1975-07-11 14:00:00,True,True
,10040885,Michigan,81,Kent,,1975-05-20 18:14:00,CST,1975-05-20 18:14:00,1,0,0,0,250K,0,,F2,Unknown,2.3,33,,,,,42.82,-85.73,42.83,-85.67,,,MI,1975-05-20 19:14:00,1975-05-20 19:14:00,True,True
,10056122,Missouri,53,Cooper,,1975-07-19 20:00:00,CST,1975-07-19 20:00:00,0,0,0,0,2.5K,0,,F0,Unknown,0.3,30,,,,,38.92,-92.68,,,,,MO,1975-07-19 21:00:00,1975-07-19 21:00:00,True,True
,10043785,Maine,1,Androscoggin,,1975-07-14 15:00:00,CST,1975-07-14 15:00:00,0,0,0,0,2.5K,0,,F0,Unknown,0.0,33,,,,,44.17,-70.37,,,,,ME,1975-07-14 16:00:00,1975-07-14 16:00:00,True,True
,10043789,Maine,21,Piscataquis,,1975-07-25 17:45:00,CST,1975-07-25 17:45:00,0,0,0,0,25K,0,,F1,Unknown,1.8,300,,,,,45.73,-68.93,,,,,ME,1975-07-25 18:45:00,1975-07-25 18:45:00,True,True
,9981697,Arkansas,61,Howard,,1975-05-20 16:00:00,CST,1975-05-20 16:00:00,0,0,0,0,250K,0,,F1,Unknown,6.1,800,,,,,34.27,-94.05,34.33,-93.98,,,AR,1975-05-20 17:00:00,1975-05-20 17:00:00,True,True
,10077238,New York,111,Ulster,,1975-09-20 17:30:00,CST,1975-09-20 17:30:00,1,0,0,0,25K,0,,F1,Unknown,7.1,167,,,,,41.97,-74.07,42.03,-73.95,,,NY,1975-09-20 18:30:00,1975-09-20 18:30:00,True,True
,10077239,New York,21,Columbia,,1975-09-20 17:45:00,CST,1975-09-20 17:45:00,2,0,0,0,25K,0,,F1,Unknown,7.1,167,,,,,42.03,-73.95,42.08,-73.82,,,NY,1975-09-20 18:45:00,1975-09-20 18:45:00,True,True
,10049609,Mississippi,87,Lowndes,,1975-03-23 23:00:00,CST,1975-03-23 23:00:00,0,0,0,0,2.5K,0,,F1,Unknown,0.3,77,,,,,33.58,-88.33,,,,,MS,1975-03-24 00:00:00,1975-03-24 00:00:00,True,True
,10049610,Mississippi,87,Lowndes,,1975-03-23 23:00:00,CST,1975-03-23 23:00:00,0,0,0,0,250K,0,,F2,Unknown,4.5,150,,,,,33.6,-88.33,,,,,MS,1975-03-24 00:00:00,1975-03-24 00:00:00,True,True
,10049616,Mississippi,71,Lafayette,,1975-03-28 22:30:00,CST,1975-03-28 22:30:00,0,0,0,0,25K,0,,F1,Unknown,0.3,200,,,,,34.33,-89.5,,,,,MS,1975-03-28 23:30:00,1975-03-28 23:30:00,True,True
,10049617,Mississippi,57,Itawamba,,1975-03-29 02:30:00,CST,1975-03-29 02:30:00,0,0,0,0,25K,0,,F2,Unknown,1.5,73,,,,,34.28,-88.23,,,,,MS,1975-03-29 03:30:00,1975-03-29 03:30:00,True,True
,10047381,Mississippi,113,Pike,,1975-01-10 08:14:00,CST,1975-01-10 08:14:00,200,0,4,0,25M,0,,F4,Unknown,15.2,200,,,,,31.18,-90.53,31.35,-90.37,,,MS,1975-01-10 08:14:00,1975-01-10 08:14:00,False,False
,10047382,Mississippi,85,Lincoln,,1975-01-10 08:45:00,CST,1975-01-10 08:45:00,9,0,5,0,2.5M,0,,F4,Unknown,14.0,150,,,,,31.35,-90.37,31.52,-90.23,,,MS,1975-01-10 08:45:00,1975-01-10 08:45:00,False,False
,9980544,Arkansas,119,Pulaski,,1975-02-22 16:10:00,CST,1975-02-22 16:10:00,22,0,1,0,2.5M,0,,F3,Unknown,14.4,80,,,,,34.67,-92.38,34.83,-92.23,,,AR,1975-02-22 16:10:00,1975-02-22 16:10:00,False,False
,10081470,New Jersey,3,Bergen,,1975-07-13 07:26:00,CST,1975-07-13 07:26:00,0,0,0,0,250K,0,,F1,Unknown,1.5,150,,,,,40.9,-74.05,,,,,NJ,1975-07-13 08:26:00,1975-07-13 08:26:00,True,True
,10076117,New York,9,Cattaraugus,,1975-02-24 14:30:00,CST,1975-02-24 14:30:00,2,0,0,0,250K,0,,F1,Unknown,0.5,100,,,,,42.17,-78.5,,,,,NY,1975-02-24 15:30:00,1975-02-24 15:30:00,True,True
,9980526,Arkansas,143,Washington,,1975-01-10 00:55:00,CST,1975-01-10 00:55:00,5,0,0,0,25K,0,,F1,Unknown,0.5,100,,,,,36.18,-94.13,,,,,AR,1975-01-10 00:55:00,1975-01-10 00:55:00,False,False
,9980532,Arkansas,1,Arkansas,,1975-01-10 06:10:00,CST,1975-01-10 06:10:00,0,0,0,0,25K,0,,F1,Unknown,0.5,50,,,,,34.38,-91.55,,,,,AR,1975-01-10 06:10:00,1975-01-10 06:10:00,False,False
,10041987,Michigan,161,Washtenaw,,1975-05-25 16:55:00,CST,1975-05-25 16:55:00,1,0,0,0,25K,0,,F2,Unknown,0.0,33,,,,,42.17,-83.6,,,,,MI,1975-05-25 17:55:00,1975-05-25 17:55:00,True,True
,10041997,Michigan,99,Macomb,,1975-06-02 12:05:00,CST,1975-06-02 12:05:00,0,0,0,0,25K,0,,F0,Unknown,0.0,3,,,,,42.5,-83.03,,,,,MI,1975-06-02 13:05:00,1975-06-02 13:05:00,True,True
,10042000,Michigan,99,Macomb,,1975-06-04 17:30:00,CST,1975-06-04 17:30:00,0,0,0,0,2.5K,0,,F0,Unknown,0.0,33,,,,,42.75,-83.02,,,,,MI,1975-06-04 18:30:00,1975-06-04 18:30:00,True,True
,10042012,Michigan,77,Kalamazoo,,1975-06-15 11:15:00,CST,1975-06-15 11:15:00,0,0,0,0,0K,0,,F0,Unknown,0.0,33,,,,,42.37,-85.38,,,,,MI,1975-06-15 12:15:00,1975-06-15 12:15:00,True,True
,10042014,Michigan,65,Ingham,,1975-06-15 12:10:00,CST,1975-06-15 12:10:00,0,0,0,0,0K,0,,F0,Unknown,0.0,33,,,,,42.47,-84.4,,,,,MI,1975-06-15 13:10:00,1975-06-15 13:10:00,True,True
,9980536,Arkansas,149,Yell,,1975-02-22 13:40:00,CST,1975-02-22 13:40:00,0,0,0,0,25K,0,,F2,Unknown,11.9,80,,,,,35.08,-93.25,35.22,-93.12,,,AR,1975-02-22 13:40:00,1975-02-22 13:40:00,False,False
,9980537,Arkansas,115,Pope,,1975-02-22 13:55:00,CST,1975-02-22 13:55:00,4,0,0,0,250K,0,,F2,Unknown,14.3,80,,,,,35.22,-93.12,35.38,-92.97,,,AR,1975-02-22 13:55:00,1975-02-22 13:55:00,False,False
,9980540,Arkansas,45,Faulkner,,1975-02-22 15:02:00,CST,1975-02-22 15:02:00,0,0,0,0,25K,0,,F2,Unknown,13.4,30,,,,,35.27,-92.27,35.42,-92.12,,,AR,1975-02-22 15:02:00,1975-02-22 15:02:00,False,False
,10048544,Mississippi,81,Lee,,1975-03-23 21:30:00,CST,1975-03-23 21:30:00,0,0,0,0,25K,0,,F3,Unknown,8.7,100,,,,,34.42,-88.72,34.5,-88.6,,,MS,1975-03-23 22:30:00,1975-03-23 22:30:00,True,True
,10048545,Mississippi,117,Prentiss,,1975-03-23 21:35:00,CST,1975-03-23 21:35:00,0,0,0,0,25K,0,,F3,Unknown,8.5,100,,,,,34.5,-88.6,34.62,-88.55,,,MS,1975-03-23 22:35:00,1975-03-23 22:35:00,True,True
,10049665,Mississippi,35,Forrest,,1975-05-07 11:10:00,CST,1975-05-07 11:10:00,0,0,0,0,2.5K,0,,F1,Unknown,0.2,17,,,,,31.32,-89.32,,,,,MS,1975-05-07 12:10:00,1975-05-07 12:10:00,True,True
,10049669,Mississippi,111,Perry,,1975-05-07 11:50:00,CST,1975-05-07 11:50:00,1,0,0,0,250K,0,,F1,Unknown,9.7,440,,,,,31.32,-89.0,31.32,-88.83,,,MS,1975-05-07 12:50:00,1975-05-07 12:50:00,True,True
,10049670,Mississippi,35,Forrest,,1975-05-07 13:30:00,CST,1975-05-07 13:30:00,0,0,0,0,250K,0,,F2,Unknown,5.4,150,,,,,31.4,-89.38,31.42,-89.3,,,MS,1975-05-07 14:30:00,1975-05-07 14:30:00,True,True
,10049675,Mississippi,107,Panola,,1975-05-09 12:05:00,CST,1975-05-09 12:05:00,0,0,0,0,25K,0,,F0,Unknown,0.1,13,,,,,34.32,-90.12,,,,,MS,1975-05-09 13:05:00,1975-05-09 13:05:00,True,True
,10072470,Montana,105,Valley,,1975-06-25 17:38:00,CST,1975-06-25 17:38:00,0,0,0,0,0K,0,,F0,Unknown,0.0,33,,,,,48.45,-105.65,,,,,MT,1975-06-25 18:38:00,1975-06-25 18:38:00,True,True
,10072471,Montana,17,Custer,,1975-06-25 19:09:00,CST,1975-06-25 19:09:00,0,0,0,0,0K,0,,F2,Unknown,0.0,33,,,,,46.27,-105.63,,,,,MT,1975-06-25 20:09:00,1975-06-25 20:09:00,True,True
,10072472,Montana,83,Richland,,1975-06-25 21:45:00,CST,1975-06-25 21:45:00,0,0,0,0,25K,0,,F2,Unknown,0.0,33,,,,,47.95,-104.18,,,,,MT,1975-06-25 22:45:00,1975-06-25 22:45:00,True,True
,10068982,Nebraska,95,Jefferson,,1975-05-25 19:15:00,CST,1975-05-25 19:15:00,0,0,0,0,0K,0,,F0,Unknown,0.2,33,,,,,40.3,-97.0,,,,,NE,1975-05-25 20:15:00,1975-05-25 20:15:00,True,True
,9982233,Arizona,19,Pima,,1975-12-23 12:25:00,CST,1975-12-23 12:25:00,0,0,0,0,0K,0,,F1,Unknown,2.0,33,,,,,32.05,-111.42,,,,,AZ,1975-12-23 12:25:00,1975-12-23 12:25:00,False,False
,9988606,Colorado,121,Washington,,1975-05-10 14:45:00,CST,1975-05-10 14:45:00,0,0,0,0,25K,0,,F3,Unknown,8.0,440,,,,,40.25,-103.37,40.17,-103.25,,,CO,1975-05-10 15:45:00,1975-05-10 15:45:00,True,True
,9988608,Colorado,17,Cheyenne,,1975-05-10 16:45:00,CST,1975-05-10 16:45:00,0,0,0,0,0K,0,,F2,Unknown,21.9,440,,,,,38.77,-102.75,38.47,-102.62,,,CO,1975-05-10 17:45:00,1975-05-10 17:45:00,True,True
,9988611,Colorado,5,Arapahoe,,1975-05-12 13:40:00,CST,1975-05-12 13:40:00,0,0,0,0,0K,0,,F0,Unknown,0.3,50,,,,,39.58,-104.02,,,,,CO,1975-05-12 14:40:00,1975-05-12 14:40:00,True,True
,9988612,Colorado,41,El Paso,,1975-05-12 15:15:00,CST,1975-05-12 15:15:00,0,0,0,0,0K,0,,F1,Unknown,0.3,100,,,,,38.83,-104.3,,,,,CO,1975-05-12 16:15:00,1975-05-12 16:15:00,True,True
,9988614,Colorado,73,Lincoln,,1975-05-12 16:08:00,CST,1975-05-12 16:08:00,0,0,0,0,25K,0,,F1,Unknown,0.3,100,,,,,38.65,-103.53,,,,,CO,1975-05-12 17:08:00,1975-05-12 17:08:00,True,True
,9981643,Arkansas,139,Union,,1975-03-28 17:58:00,CST,1975-03-28 17:58:00,0,0,0,0,25K,0,,F1,Unknown,0.3,150,,,,,33.15,-92.55,,,,,AR,1975-03-28 18:58:00,1975-03-28 18:58:00,True,True
,9981644,Arkansas,11,Bradley,,1975-03-28 19:52:00,CST,1975-03-28 19:52:00,51,0,7,0,25M,0,,F4,Unknown,5.4,250,,,,,33.55,-92.12,33.62,-92.07,,,AR,1975-03-28 20:52:00,1975-03-28 20:52:00,True,True
,9988615,Colorado,11,Bent,,1975-05-12 16:30:00,CST,1975-05-12 16:30:00,0,0,0,0,25K,0,,F1,Unknown,2.0,220,,,,,38.03,-103.18,,,,,CO,1975-05-12 17:30:00,1975-05-12 17:30:00,True,True
,9988616,Colorado,61,Kiowa,,1975-05-12 17:08:00,CST,1975-05-12 17:08:00,0,0,0,0,250K,0,,F2,Unknown,11.1,440,,,,,38.5,-102.97,38.47,-102.77,,,CO,1975-05-12 18:08:00,1975-05-12 18:08:00,True,True
,9988620,Colorado,5,Arapahoe,,1975-05-18 13:40:00,CST,1975-05-18 13:40:00,0,0,0,0,0K,0,,F1,Unknown,0.5,110,,,,,39.67,-104.73,,,,,CO,1975-05-18 14:40:00,1975-05-18 14:40:00,True,True
,10056127,Missouri,103,Knox,,1975-08-16 19:00:00,CST,1975-08-16 19:00:00,0,0,0,0,250K,0,,F1,Unknown,16.0,100,,,,,40.05,-92.08,39.92,-91.83,,,MO,1975-08-16 20:00:00,1975-08-16 20:00:00,True,True
,9981646,Arkansas,7,Benton,,1975-04-18 13:30:00,CST,1975-04-18 13:30:00,0,0,0,0,25K,0,,F1,Unknown,0.3,10,,,,,36.35,-94.22,,,,,AR,1975-04-18 14:30:00,1975-04-18 14:30:00,True,True
,9981648,Arkansas,29,Conway,,1975-04-18 17:15:00,CST,1975-04-18 17:15:00,0,0,0,0,.25K,0,,F1,Unknown,1.0,300,,,,,35.1,-92.87,,,,,AR,1975-04-18 18:15:00,1975-04-18 18:15:00,True,True
,9981650,Arkansas,35,Crittenden,,1975-04-25 00:45:00,CST,1975-04-25 00:45:00,0,0,0,0,25K,0,,F2,Unknown,0.1,40,,,,,35.33,-90.25,,,,,AR,1975-04-25 01:45:00,1975-04-25 01:45:00,True,True
,9981658,Arkansas,75,Lawrence,,1975-04-30 16:53:00,CST,1975-04-30 16:53:00,0,0,0,0,2.5K,0,,F2,Unknown,0.5,20,,,,,35.98,-91.02,,,,,AR,1975-04-30 17:53:00,1975-04-30 17:53:00,True,True
,9981659,Arkansas,119,Pulaski,,1975-04-30 17:04:00,CST,1975-04-30 17:04:00,0,0,0,0,2.5K,0,,F2,Unknown,0.5,20,,,,,34.87,-92.48,,,,,AR,1975-04-30 18:04:00,1975-04-30 18:04:00,True,True
,9981662,Arkansas,93,Mississippi,,1975-04-30 19:00:00,CST,1975-04-30 19:00:00,0,0,0,0,25K,0,,F2,Unknown,1.0,30,,,,,35.9,-89.97,,,,,AR,1975-04-30 20:00:00,1975-04-30 20:00:00,True,True
,9988433,Connecticut,5,Litchfield,,1975-07-20 16:00:00,CST,1975-07-20 16:00:00,0,0,0,0,2.5K,0,,F1,Unknown,0.3,30,,,,,41.57,-73.42,,,,,CT,1975-07-20 17:00:00,1975-07-20 17:00:00,True,True
,10069700,Nebraska,55,Douglas,,1975-03-27 16:45:00,CST,1975-03-27 16:45:00,4,0,0,0,250K,0,,F2,Unknown,0.5,300,,,,,41.25,-96.07,,,,,NE,1975-03-27 17:45:00,1975-03-27 17:45:00,True,True
,9985207,Colorado,11,Bent,,1975-05-22 11:15:00,CST,1975-05-22 11:15:00,0,0,0,0,0K,0,,F1,Unknown,2.3,150,,,,,38.05,-103.2,,,,,CO,1975-05-22 12:15:00,1975-05-22 12:15:00,True,True
,9985208,Colorado,11,Bent,,1975-05-22 11:15:00,CST,1975-05-22 11:15:00,0,0,0,0,2.5K,0,,F2,Unknown,2.0,220,,,,,38.05,-103.28,,,,,CO,1975-05-22 12:15:00,1975-05-22 12:15:00,True,True
,9985213,Colorado,125,Yuma,,1975-05-27 14:15:00,CST,1975-05-27 14:15:00,0,0,0,0,2.5K,0,,F2,Unknown,12.6,200,,,,,39.62,-102.42,39.77,-102.28,,,CO,1975-05-27 15:15:00,1975-05-27 15:15:00,True,True
,10048484,Mississippi,47,Harrison,,1975-01-10 14:00:00,CST,1975-01-10 14:00:00,0,0,0,0,.25K,0,,F1,Unknown,0.5,27,,,,,30.18,-88.95,,,,,MS,1975-01-10 14:00:00,1975-01-10 14:00:00,False,False
,10072463,Montana,33,Garfield,,1975-06-17 17:20:00,CST,1975-06-17 17:20:00,0,0,0,0,0K,0,,F0,Unknown,0.0,33,,,,,47.32,-107.3,,,,,MT,1975-06-17 18:20:00,1975-06-17 18:20:00,True,True
,10072464,Montana,81,Ravalli,,1975-06-23 15:30:00,CST,1975-06-23 15:30:00,1,0,0,0,25K,0,,F2,Unknown,0.0,33,,,,,46.17,-114.35,,,,,MT,1975-06-23 16:30:00,1975-06-23 16:30:00,True,True
,10072468,Montana,105,Valley,,1975-06-25 16:55:00,CST,1975-06-25 16:55:00,0,0,0,0,0K,0,,F2,Unknown,0.0,33,,,,,48.5,-106.22,,,,,MT,1975-06-25 17:55:00,1975-06-25 17:55:00,True,True
,10072469,Montana,105,Valley,,1975-06-25 17:05:00,CST,1975-06-25 17:05:00,0,0,0,0,25K,0,,F2,Unknown,0.0,33,,,,,48.27,-106.03,,,,,MT,1975-06-25 18:05:00,1975-06-25 18:05:00,True,True
,10050527,Mississippi,137,Tate,,1975-05-29 12:00:00,CST,1975-05-29 12:00:00,0,0,0,0,25K,0,,F2,Unknown,0.1,13,,,,,34.62,-89.95,,,,,MS,1975-05-29 13:00:00,1975-05-29 13:00:00,True,True
,10055632,Minnesota,27,Clay,,1975-08-31 19:00:00,CST,1975-08-31 19:00:00,0,0,0,0,250K,0,,F1,Unknown,10.1,50,,,,,46.73,-96.23,46.88,-96.22,,,MN,1975-08-31 20:00:00,1975-08-31 20:00:00,True,True
,9980313,Arkansas,113,Polk,,1975-12-05 22:55:00,CST,1975-12-05 22:55:00,1,0,0,0,250K,0,,F1,Unknown,0.5,20,,,,,34.57,-94.08,,,,,AR,1975-12-05 22:55:00,1975-12-05 22:55:00,False,False
,10041973,Michigan,51,Gladwin,,1975-05-21 13:00:00,CST,1975-05-21 13:00:00,0,0,0,0,2.5K,0,,F2,Unknown,1.6,33,,,,,44.02,-84.52,,,,,MI,1975-05-21 14:00:00,1975-05-21 14:00:00,True,True
,10041975,Michigan,147,St. Clair,,1975-05-21 13:45:00,CST,1975-05-21 13:45:00,0,0,0,0,25K,0,,F2,Unknown,0.1,20,,,,,43.05,-82.95,,,,,MI,1975-05-21 14:45:00,1975-05-21 14:45:00,True,True
,10041983,Michigan,23,Branch,,1975-05-25 16:00:00,CST,1975-05-25 16:00:00,0,0,0,0,2.5K,0,,F1,Unknown,0.0,33,,,,,41.87,-84.9,,,,,MI,1975-05-25 17:00:00,1975-05-25 17:00:00,True,True
,10041979,Michigan,59,Hillsdale,,1975-05-21 16:30:00,CST,1975-05-21 16:30:00,0,0,0,0,2.5K,0,,F0,Unknown,7.2,33,,,,,41.98,-84.8,42.03,-84.67,,,MI,1975-05-21 17:30:00,1975-05-21 17:30:00,True,True
,10041980,Michigan,23,Branch,,1975-05-21 16:30:00,CST,1975-05-21 16:30:00,0,0,0,0,25K,0,,F2,Unknown,0.8,33,,,,,41.92,-85.0,,,,,MI,1975-05-21 17:30:00,1975-05-21 17:30:00,True,True
,10049642,Mississippi,149,Warren,,1975-05-03 07:04:00,CST,1975-05-03 07:04:00,0,0,0,0,25K,0,,F2,Unknown,7.4,440,,,,,32.35,-90.78,32.43,-90.7,,,MS,1975-05-03 08:04:00,1975-05-03 08:04:00,True,True
,10081256,New Jersey,11,Cumberland,,1975-07-13 04:00:00,CST,1975-07-13 04:00:00,0,0,0,0,25M,0,,F2,Unknown,1.5,77,,,,,39.5,-75.22,,,,,NJ,1975-07-13 05:00:00,1975-07-13 05:00:00,True,True
,10049649,Mississippi,1,Adams,,1975-05-07 05:45:00,CST,1975-05-07 05:45:00,0,0,0,0,25K,0,,F1,Unknown,0.2,60,,,,,31.62,-91.4,,,,,MS,1975-05-07 06:45:00,1975-05-07 06:45:00,True,True
,10068096,Nebraska,143,Polk,,1975-05-10 17:45:00,CST,1975-05-10 17:45:00,0,0,0,0,2.5K,0,,F0,Unknown,0.2,10,,,,,41.1,-97.62,,,,,NE,1975-05-10 18:45:00,1975-05-10 18:45:00,True,True
,10068101,Nebraska,11,Boone,,1975-05-22 14:05:00,CST,1975-05-22 14:05:00,0,0,0,0,0K,0,,F0,Unknown,0.2,17,,,,,41.72,-98.1,,,,,NE,1975-05-22 15:05:00,1975-05-22 15:05:00,True,True
,10068102,Nebraska,183,Wheeler,,1975-05-22 14:13:00,CST,1975-05-22 14:13:00,0,0,0,0,2.5K,0,,F0,Unknown,0.2,17,,,,,41.82,-98.53,,,,,NE,1975-05-22 15:13:00,1975-05-22 15:13:00,True,True
,10068103,Nebraska,119,Madison,,1975-05-22 14:40:00,CST,1975-05-22 14:40:00,0,0,0,0,0K,0,,F0,Unknown,0.2,17,,,,,41.97,-97.82,,,,,NE,1975-05-22 15:40:00,1975-05-22 15:40:00,True,True
,10068104,Nebraska,25,Cass,,1975-05-22 15:55:00,CST,1975-05-22 15:55:00,0,0,0,0,0K,0,,F0,Unknown,0.2,17,,,,,41.02,-95.97,,,,,NE,1975-05-22 16:55:00,1975-05-22 16:55:00,True,True
,10068116,Nebraska,151,Saline,,1975-05-25 19:00:00,CST,1975-05-25 19:00:00,0,0,0,0,0K,0,,F0,Unknown,0.2,17,,,,,40.4,-97.0,,,,,NE,1975-05-25 20:00:00,1975-05-25 20:00:00,True,True
,10068117,Nebraska,173,Thurston,,1975-05-25 19:00:00,CST,1975-05-25 19:00:00,0,0,0,0,.25K,0,,F0,Unknown,0.2,33,,,,,42.05,-96.4,,,,,NE,1975-05-25 20:00:00,1975-05-25 20:00:00,True,True
,10068118,Nebraska,173,Thurston,,1975-05-25 19:00:00,CST,1975-05-25 19:00:00,0,0,0,0,.25K,0,,F0,Unknown,0.3,33,,,,,42.13,-96.48,,,,,NE,1975-05-25 20:00:00,1975-05-25 20:00:00,True,True
,10088733,North Carolina,97,Iredell,,1975-06-19 13:30:00,CST,1975-06-19 13:30:00,0,0,0,0,25K,0,,F1,Unknown,0.0,33,,,,,35.9,-80.83,,,,,NC,1975-06-19 14:30:00,1975-06-19 14:30:00,True,True
,10096514,Ohio,165,Warren,,1975-04-02 19:25:00,CST,1975-04-02 19:25:00,3,0,0,0,2.5M,0,,F2,Unknown,1.0,50,,,,,39.48,-84.12,,,,,OH,1975-04-02 20:25:00,1975-04-02 20:25:00,True,True
,10087653,North Carolina,191,Wayne,,1975-05-23 12:00:00,CST,1975-05-23 12:00:00,0,0,0,0,250K,0,,F1,Unknown,0.0,33,,,,,35.42,-78.0,,,,,NC,1975-05-23 13:00:00,1975-05-23 13:00:00,True,True
,10018287,Indiana,101,Martin,,1975-07-19 10:15:00,CST,1975-07-19 10:15:00,0,0,0,0,0K,0,,F0,Unknown,0.2,23,,,,,38.65,-86.88,,,,,IN,1975-07-19 11:15:00,1975-07-19 11:15:00,True,True
,10018290,Indiana,15,Carroll,,1975-08-11 15:43:00,CST,1975-08-11 15:43:00,0,0,0,0,25K,0,,F0,Unknown,2.0,50,,,,,40.72,-86.75,,,,,IN,1975-08-11 16:43:00,1975-08-11 16:43:00,True,True
,10018291,Indiana,63,Hendricks,,1975-08-13 16:05:00,CST,1975-08-13 16:05:00,4,0,0,0,25K,0,,F0,Unknown,0.2,50,,,,,39.77,-86.4,,,,,IN,1975-08-13 17:05:00,1975-08-13 17:05:00,True,True
,10018292,Indiana,135,Randolph,,1975-08-13 18:30:00,CST,1975-08-13 18:30:00,0,0,0,0,25K,0,,F0,Unknown,0.2,50,,,,,40.1,-84.98,,,,,IN,1975-08-13 19:30:00,1975-08-13 19:30:00,True,True
,10087663,North Carolina,47,Columbus,,1975-05-24 18:25:00,CST,1975-05-24 18:25:00,0,0,0,0,2.5K,0,,F1,Unknown,0.0,33,,,,,34.33,-78.22,,,,,NC,1975-05-24 19:25:00,1975-05-24 19:25:00,True,True
,10087665,North Carolina,35,Catawba,,1975-05-25 19:30:00,CST,1975-05-25 19:30:00,0,0,0,0,2.5K,0,,F1,Unknown,0.0,33,,,,,35.6,-80.98,,,,,NC,1975-05-25 20:30:00,1975-05-25 20:30:00,True,True
,10087670,North Carolina,25,Cabarrus,,1975-06-06 18:00:00,CST,1975-06-06 18:00:00,0,0,0,0,2.5K,0,,F0,Unknown,0.0,33,,,,,35.42,-80.58,,,,,NC,1975-06-06 19:00:00,1975-06-06 19:00:00,True,True
,9995700,Georgia,205,Mitchell,,1975-01-12 13:00:00,CST,1975-01-12 13:00:00,15,0,0,0,2.5M,0,,F2,Unknown,34.0,100,,,,,31.08,-84.38,31.45,-84.0,,,GA,1975-01-12 13:00:00,1975-01-12 13:00:00,False,False
,9995701,Georgia,321,Worth,,1975-01-12 14:05:00,CST,1975-01-12 14:05:00,0,0,0,0,25K,0,,F2,Unknown,33.5,100,,,,,31.45,-84.0,31.68,-83.5,,,GA,1975-01-12 14:05:00,1975-01-12 14:05:00,False,False
,9995704,Georgia,279,Toombs,,1975-01-12 16:15:00,CST,1975-01-12 16:15:00,1,0,0,0,25K,0,,F2,Unknown,2.0,100,,,,,32.2,-82.32,,,,,GA,1975-01-12 16:15:00,1975-01-12 16:15:00,False,False
,9995707,Georgia,19,Berrien,,1975-01-25 10:00:00,CST,1975-01-25 10:00:00,0,0,0,0,25K,0,,F1,Unknown,10.4,50,,,,,31.2,-83.25,31.25,-83.08,,,GA,1975-01-25 10:00:00,1975-01-25 10:00:00,False,False
,10018301,Indiana,167,Vigo,,1975-11-10 00:55:00,CST,1975-11-10 00:55:00,3,0,0,0,250K,0,,F1,Unknown,1.0,50,,,,,39.42,-87.4,,,,,IN,1975-11-10 00:55:00,1975-11-10 00:55:00,False,False
,10001722,Florida,101,Pasco,,1975-09-11 15:00:00,CST,1975-09-11 15:00:00,0,0,0,0,2.5K,0,,F0,Unknown,0.1,20,,,,,28.23,-82.18,,,,,FL,1975-09-11 16:00:00,1975-09-11 16:00:00,True,True
,10001723,Florida,103,Pinellas,,1975-09-11 18:00:00,CST,1975-09-11 18:00:00,0,0,0,0,2.5K,0,,F0,Unknown,0.1,30,,,,,27.78,-82.72,,,,,FL,1975-09-11 19:00:00,1975-09-11 19:00:00,True,True
,10001727,Florida,117,Seminole,,1975-09-18 17:08:00,CST,1975-09-18 17:08:00,0,0,0,0,0K,0,,F0,Unknown,0.1,30,,,,,28.67,-81.03,,,,,FL,1975-09-18 18:08:00,1975-09-18 18:08:00,True,True
,10001728,Florida,71,Lee,,1975-09-21 14:56:00,CST,1975-09-21 14:56:00,0,0,0,0,0K,0,,F0,Unknown,0.1,20,,,,,26.65,-82.15,,,,,FL,1975-09-21 15:56:00,1975-09-21 15:56:00,True,True
,10001729,Florida,5,Bay,,1975-09-22 22:08:00,CST,1975-09-22 22:08:00,0,0,0,0,25K,0,,F1,Unknown,0.1,30,,,,,30.28,-85.85,,,,,FL,1975-09-22 23:08:00,1975-09-22 23:08:00,True,True
,10001730,Florida,5,Bay,,1975-09-23 05:10:00,CST,1975-09-23 05:10:00,0,0,0,0,0K,0,,F0,Unknown,0.1,30,,,,,30.17,-85.67,,,,,FL,1975-09-23 06:10:00,1975-09-23 06:10:00,True,True
,10001731,Florida,91,Okaloosa,,1975-09-23 05:30:00,CST,1975-09-23 05:30:00,0,0,0,0,25K,0,,F1,Unknown,0.1,30,,,,,30.4,-86.62,,,,,FL,1975-09-23 06:30:00,1975-09-23 06:30:00,True,True
,10001733,Florida,133,Washington,,1975-09-23 08:30:00,CST,1975-09-23 08:30:00,0,0,0,0,25K,0,,F1,Unknown,0.1,30,,,,,30.78,-85.53,,,,,FL,1975-09-23 09:30:00,1975-09-23 09:30:00,True,True
,10013744,Iowa,67,Floyd,,1975-08-24 20:45:00,CST,1975-08-24 20:45:00,0,0,0,0,25K,0,,F0,Unknown,0.2,33,,,,,43.15,-92.95,,,,,IA,1975-08-24 21:45:00,1975-08-24 21:45:00,True,True
,10006708,Illinois,179,Tazewell,,1975-04-30 12:13:00,CST,1975-04-30 12:13:00,0,0,0,0,0K,0,,F0,Unknown,0.0,33,,,,,40.32,-89.42,,,,,IL,1975-04-30 13:13:00,1975-04-30 13:13:00,True,True
,10006709,Illinois,113,Mclean,,1975-04-30 14:17:00,CST,1975-04-30 14:17:00,0,0,0,0,0K,0,,F0,Unknown,0.0,33,,,,,40.45,-88.72,,,,,IL,1975-04-30 14:17:00,1975-04-30 14:17:00,False,False
,10006716,Illinois,21,Christian,,1975-05-11 17:00:00,CST,1975-05-11 17:00:00,2,0,0,0,2.5K,0,,F1,Unknown,0.2,50,,,,,39.47,-89.43,,,,,IL,1975-05-11 18:00:00,1975-05-11 18:00:00,True,True
,10011466,Iowa,155,Pottawattamie,,1975-05-06 16:00:00,CST,1975-05-06 16:00:00,0,0,0,0,25K,0,,F2,Unknown,12.8,500,,,,,41.4,-95.85,41.53,-95.67,,,IA,1975-05-06 17:00:00,1975-05-06 17:00:00,True,True
,10000632,Florida,86,Miami-Dade,,1975-07-04 13:14:00,CST,1975-07-04 13:14:00,1,0,0,0,25K,0,,F1,Unknown,1.0,30,,,,,25.68,-80.35,,,,,FL,1975-07-04 14:14:00,1975-07-04 14:14:00,True,True
,10087650,North Carolina,161,Rutherford,,1975-05-18 16:30:00,CST,1975-05-18 16:30:00,0,0,0,0,25K,0,,F1,Unknown,0.0,33,,,,,35.32,-81.85,,,,,NC,1975-05-18 17:30:00,1975-05-18 17:30:00,True,True
,10097657,Ohio,59,Guernsey,,1975-06-15 16:45:00,CST,1975-06-15 16:45:00,0,0,0,0,25K,0,,F0,Unknown,0.0,33,,,,,39.93,-81.7,,,,,OH,1975-06-15 17:45:00,1975-06-15 17:45:00,True,True
,10097660,Ohio,49,Franklin,,1975-06-17 15:45:00,CST,1975-06-17 15:45:00,0,0,0,0,25K,0,,F1,Unknown,0.0,33,,,,,39.85,-82.95,,,,,OH,1975-06-17 16:45:00,1975-06-17 16:45:00,True,True
,10009182,Illinois,11,Bureau,,1975-11-09 21:20:00,CST,1975-11-09 21:20:00,0,0,0,0,25K,0,,F1,Unknown,0.0,33,,,,,41.33,-89.77,,,,,IL,1975-11-09 21:20:00,1975-11-09 21:20:00,False,False
,10006732,Illinois,63,Grundy,,1975-05-20 15:50:00,CST,1975-05-20 15:50:00,1,0,0,0,250K,0,,F2,Unknown,2.0,50,,,,,41.2,-88.32,,,,,IL,1975-05-20 16:50:00,1975-05-20 16:50:00,True,True
,10111636,South Dakota,15,Brule,,1975-05-06 11:05:00,CST,1975-05-06 11:05:00,0,0,0,0,250K,0,,F0,Unknown,12.4,50,,,,,43.63,-99.08,43.73,-99.3,,,SD,1975-05-06 12:05:00,1975-05-06 12:05:00,True,True
,10111637,South Dakota,9,Bon Homme,,1975-05-06 13:46:00,CST,1975-05-06 13:46:00,0,0,0,0,.25K,0,,F1,Unknown,0.0,33,,,,,42.93,-97.75,,,,,SD,1975-05-06 14:46:00,1975-05-06 14:46:00,True,True
,10111638,South Dakota,9,Bon Homme,,1975-05-06 14:10:00,CST,1975-05-06 14:10:00,0,0,0,0,.25K,0,,F0,Unknown,0.0,33,,,,,43.15,-98.07,,,,,SD,1975-05-06 15:10:00,1975-05-06 15:10:00,True,True
,10111639,South Dakota,75,Jones,,1975-05-07 10:55:00,CST,1975-05-07 10:55:00,0,0,0,0,.25K,0,,F1,Unknown,0.0,33,,,,,44.07,-100.9,,,,,SD,1975-05-07 11:55:00,1975-05-07 11:55:00,True,True
,10111640,South Dakota,117,Stanley,,1975-05-07 12:00:00,CST,1975-05-07 12:00:00,0,0,0,0,2.5K,0,,F1,Unknown,0.0,33,,,,,44.25,-100.6,,,,,SD,1975-05-07 13:00:00,1975-05-07 13:00:00,True,True
,10111642,South Dakota,119,Sully,,1975-05-07 13:55:00,CST,1975-05-07 13:55:00,0,0,0,0,.25K,0,,F0,Unknown,0.0,33,,,,,44.7,-100.4,,,,,SD,1975-05-07 14:55:00,1975-05-07 14:55:00,True,True
,10111644,South Dakota,119,Sully,,1975-05-07 16:20:00,CST,1975-05-07 16:20:00,0,0,0,0,.25K,0,,F0,Unknown,0.0,33,,,,,44.75,-100.8,,,,,SD,1975-05-07 17:20:00,1975-05-07 17:20:00,True,True
,10111655,South Dakota,23,Charles Mix,,1975-06-03 18:00:00,CST,1975-06-03 18:00:00,0,0,0,0,0K,0,,F1,Unknown,0.0,33,,,,,43.4,-98.97,,,,,SD,1975-06-03 19:00:00,1975-06-03 19:00:00,True,True
,10111657,South Dakota,23,Charles Mix,,1975-06-03 18:04:00,CST,1975-06-03 18:04:00,0,0,0,0,0K,0,,F1,Unknown,0.0,33,,,,,43.42,-99.1,,,,,SD,1975-06-03 19:04:00,1975-06-03 19:04:00,True,True
,10111658,South Dakota,23,Charles Mix,,1975-06-03 18:05:00,CST,1975-06-03 18:05:00,0,0,0,0,0K,0,,F1,Unknown,0.0,33,,,,,43.43,-99.05,,,,,SD,1975-06-03 19:05:00,1975-06-03 19:05:00,True,True
,10111659,South Dakota,73,Jerauld,,1975-06-03 18:30:00,CST,1975-06-03 18:30:00,0,0,0,0,25K,0,,F1,Unknown,2.0,10,,,,,44.2,-98.88,,,,,SD,1975-06-03 19:30:00,1975-06-03 19:30:00,True,True
,10031854,Louisiana,53,Jefferson Davis,,1975-05-08 00:05:00,CST,1975-05-08 00:05:00,2,0,0,0,.25K,0,,F2,Unknown,1.0,100,,,,,30.23,-92.82,,,,,LA,1975-05-08 01:05:00,1975-05-08 01:05:00,True,True
,10031856,Louisiana,31,De Soto,,1975-05-08 00:15:00,CST,1975-05-08 00:15:00,1,0,0,0,.03K,0,,F1,Unknown,0.7,33,,,,,32.03,-93.72,,,,,LA,1975-05-08 01:15:00,1975-05-08 01:15:00,True,True
,10031857,Louisiana,1,Acadia,,1975-05-08 01:00:00,CST,1975-05-08 01:00:00,0,0,0,0,0K,0,,F2,Unknown,0.5,50,,,,,30.17,-92.48,,,,,LA,1975-05-08 02:00:00,1975-05-08 02:00:00,True,True
,10031861,Louisiana,55,Lafayette,,1975-05-08 01:30:00,CST,1975-05-08 01:30:00,2,0,0,0,.25K,0,,F1,Unknown,0.5,50,,,,,30.23,-92.18,,,,,LA,1975-05-08 02:30:00,1975-05-08 02:30:00,True,True
,10031862,Louisiana,33,East Baton Rouge,,1975-05-08 01:30:00,CST,1975-05-08 01:30:00,0,0,0,0,0K,0,,F2,Unknown,6.2,50,,,,,30.42,-91.18,30.4,-91.08,,,LA,1975-05-08 02:30:00,1975-05-08 02:30:00,True,True
,10031866,Louisiana,91,St. Helena,,1975-05-08 02:00:00,CST,1975-05-08 02:00:00,0,0,0,0,0K,0,,F2,Unknown,0.0,33,,,,,30.75,-90.75,,,,,LA,1975-05-08 03:00:00,1975-05-08 03:00:00,True,True
,10030728,Louisiana,35,East Carroll,,1975-04-30 00:30:00,CST,1975-04-30 00:30:00,0,0,0,0,250K,0,,F2,Unknown,0.5,27,,,,,32.83,-91.18,,,,,LA,1975-04-30 01:30:00,1975-04-30 01:30:00,True,True
,10030739,Louisiana,53,Jefferson Davis,,1975-04-30 13:45:00,CST,1975-04-30 13:45:00,0,0,0,0,2.5K,0,,F1,Unknown,0.0,33,,,,,30.07,-92.82,,,,,LA,1975-04-30 14:45:00,1975-04-30 14:45:00,True,True
,10116607,Pennsylvania,107,Schuylkill,,1975-11-10 14:45:00,CST,1975-11-10 14:45:00,1,0,0,0,25K,0,,F1,Unknown,2.0,13,,,,,40.55,-76.47,,,,,PA,1975-11-10 14:45:00,1975-11-10 14:45:00,False,False
,10008101,Illinois,179,Tazewell,,1975-04-18 15:20:00,CST,1975-04-18 15:20:00,0,0,0,0,25K,0,,F1,Unknown,0.5,50,,,,,40.4,-89.42,,,,,IL,1975-04-18 16:20:00,1975-04-18 16:20:00,True,True
,10008102,Illinois,113,Mclean,,1975-04-18 16:13:00,CST,1975-04-18 16:13:00,0,0,0,0,0K,0,,F0,Unknown,0.2,77,,,,,40.7,-89.03,,,,,IL,1975-04-18 16:13:00,1975-04-18 16:13:00,False,False
,10008103,Illinois,133,Monroe,,1975-04-18 17:10:00,CST,1975-04-18 17:10:00,1,0,0,0,250K,0,,F3,Unknown,2.0,30,,,,,38.25,-90.0,,,,,IL,1975-04-18 18:10:00,1975-04-18 18:10:00,True,True
,10008106,Illinois,27,Clinton,,1975-04-18 18:00:00,CST,1975-04-18 18:00:00,0,0,0,0,250K,0,,F1,Unknown,2.5,50,,,,,38.57,-89.18,,,,,IL,1975-04-18 19:00:00,1975-04-18 19:00:00,True,True
,10048521,Mississippi,145,Union,,1975-03-12 09:10:00,CST,1975-03-12 09:10:00,0,0,0,0,25K,0,,F2,Unknown,12.3,50,,,,,34.53,-89.0,34.6,-88.8,,,MS,1975-03-12 10:10:00,1975-03-12 10:10:00,True,True
,10110410,South Carolina,25,Chesterfield,,1975-03-24 12:10:00,CST,1975-03-24 12:10:00,3,0,0,0,25K,0,,F1,Unknown,1.0,50,,,,,34.6,-79.87,,,,,SC,1975-03-24 13:10:00,1975-03-24 13:10:00,True,True
,10022334,Kansas,35,Cowley,,1975-08-25 16:00:00,CST,1975-08-25 16:00:00,0,0,0,0,25K,0,,F0,Unknown,0.5,20,,,,,37.38,-96.88,,,,,KS,1975-08-25 17:00:00,1975-08-25 17:00:00,True,True
,10085805,North Dakota,85,Sioux,,1975-05-17 01:05:00,CST,1975-05-17 01:05:00,0,0,0,0,0K,0,,F0,Unknown,2.3,17,,,,,46.08,-100.58,46.1,-100.52,,,ND,1975-05-17 02:05:00,1975-05-17 02:05:00,True,True
,10085808,North Dakota,17,Cass,,1975-05-19 20:06:00,CST,1975-05-19 20:06:00,0,0,0,0,0K,0,,F0,Unknown,13.9,33,,,,,46.95,-97.2,47.13,-97.07,,,ND,1975-05-19 21:06:00,1975-05-19 21:06:00,True,True
,10010376,Illinois,167,Sangamon,,1975-08-14 17:58:00,CST,1975-08-14 17:58:00,0,0,0,0,25K,0,,F2,Unknown,1.0,30,,,,,39.75,-89.52,,,,,IL,1975-08-14 18:58:00,1975-08-14 18:58:00,True,True
,9996839,Georgia,103,Effingham,,1975-05-03 15:25:00,CST,1975-05-03 15:25:00,2,0,0,0,250K,0,,F2,Unknown,5.4,50,,,,,32.48,-81.27,32.53,-81.2,,,GA,1975-05-03 16:25:00,1975-05-03 16:25:00,True,True
,10014656,Iowa,97,Jackson,,1975-12-14 04:47:00,CST,1975-12-14 04:47:00,0,0,0,0,25K,0,,F1,Unknown,1.3,33,,,,,42.03,-90.67,42.05,-90.62,,,IA,1975-12-14 04:47:00,1975-12-14 04:47:00,False,False
,9995741,Georgia,121,Fulton,,1975-03-13 19:30:00,CST,1975-03-13 19:30:00,1,0,0,0,250K,0,,F1,Unknown,4.9,100,,,,,34.07,-84.3,34.08,-84.22,,,GA,1975-03-13 20:30:00,1975-03-13 20:30:00,True,True
,9995742,Georgia,117,Forsyth,,1975-03-13 19:35:00,CST,1975-03-13 19:35:00,1,0,0,0,250K,0,,F1,Unknown,4.7,100,,,,,34.08,-84.22,34.12,-84.15,,,GA,1975-03-13 20:35:00,1975-03-13 20:35:00,True,True
,10124344,Tennessee,99,Lawrence,,1975-03-12 10:30:00,CST,1975-03-12 10:30:00,3,0,0,0,250K,0,,F1,Unknown,12.4,400,,,,,35.13,-87.53,35.23,-87.35,,,TN,1975-03-12 11:30:00,1975-03-12 11:30:00,True,True
,10000567,Florida,91,Okaloosa,,1975-05-15 04:30:00,CST,1975-05-15 04:30:00,0,0,0,0,25K,0,,F1,Unknown,0.5,50,,,,,30.75,-86.6,,,,,FL,1975-05-15 05:30:00,1975-05-15 05:30:00,True,True
,10017639,Indiana,163,Vanderburgh,,1975-01-10 12:25:00,CST,1975-01-10 12:25:00,0,0,0,0,25K,0,,F1,Unknown,0.5,50,,,,,38.0,-87.57,,,,,IN,1975-01-10 12:25:00,1975-01-10 12:25:00,False,False
,10092160,Oklahoma,119,Payne,,1975-06-13 17:33:00,CST,1975-06-13 17:33:00,8,0,0,0,2.5M,0,,F3,Unknown,5.1,440,,,,,36.12,-97.12,36.08,-97.03,,,OK,1975-06-13 18:33:00,1975-06-13 18:33:00,True,True
,10092162,Oklahoma,81,Lincoln,,1975-06-13 18:45:00,CST,1975-06-13 18:45:00,0,0,0,0,25K,0,,F2,Unknown,1.5,200,,,,,35.85,-96.82,,,,,OK,1975-06-13 19:45:00,1975-06-13 19:45:00,True,True
,10092163,Oklahoma,81,Lincoln,,1975-06-13 19:12:00,CST,1975-06-13 19:12:00,3,0,0,0,25K,0,,F2,Unknown,1.5,200,,,,,35.82,-96.78,,,,,OK,1975-06-13 20:12:00,1975-06-13 20:12:00,True,True
,10010344,Illinois,123,Marshall,,1975-07-06 15:10:00,CST,1975-07-06 15:10:00,0,0,0,0,2.5K,0,,F1,Unknown,0.0,33,,,,,41.08,-89.55,,,,,IL,1975-07-06 16:10:00,1975-07-06 16:10:00,True,True
,10010346,Illinois,21,Christian,,1975-07-08 18:30:00,CST,1975-07-08 18:30:00,0,0,0,0,.25K,0,,F2,Unknown,0.1,3,,,,,39.62,-89.18,,,,,IL,1975-07-08 19:30:00,1975-07-08 19:30:00,True,True
,10010348,Illinois,15,Carroll,,1975-07-11 14:15:00,CST,1975-07-11 14:15:00,0,0,0,0,.25K,0,,F0,Unknown,0.1,3,,,,,42.02,-90.15,,,,,IL,1975-07-11 15:15:00,1975-07-11 15:15:00,True,True
,10098770,Oklahoma,35,Craig,,1975-04-24 18:00:00,CST,1975-04-24 18:00:00,3,0,0,0,250K,0,,F2,Unknown,5.2,77,,,,,36.8,-95.15,36.87,-95.1,,,OK,1975-04-24 19:00:00,1975-04-24 19:00:00,True,True
,10021205,Kansas,115,Marion,,1975-06-16 14:55:00,CST,1975-06-16 14:55:00,0,0,0,0,0K,0,,F0,Unknown,0.0,33,,,,,38.42,-97.1,,,,,KS,1975-06-16 15:55:00,1975-06-16 15:55:00,True,True
,10021210,Kansas,77,Harper,,1975-06-16 16:55:00,CST,1975-06-16 16:55:00,0,0,0,0,.03K,0,,F1,Unknown,13.7,33,,,,,37.28,-98.02,37.27,-97.77,,,KS,1975-06-16 17:55:00,1975-06-16 17:55:00,True,True
,10021216,Kansas,95,Kingman,,1975-06-16 19:30:00,CST,1975-06-16 19:30:00,0,0,0,0,.03K,0,,F0,Unknown,8.2,13,,,,,37.45,-98.43,37.45,-98.28,,,KS,1975-06-16 20:30:00,1975-06-16 20:30:00,True,True
,10018306,Indiana,69,Huntington,,1975-11-10 03:00:00,CST,1975-11-10 03:00:00,15,0,0,0,250K,0,,F1,Unknown,2.0,50,,,,,40.82,-85.6,,,,,IN,1975-11-10 03:00:00,1975-11-10 03:00:00,False,False
,10093303,Oklahoma,77,Latimer,,1975-12-05 18:40:00,CST,1975-12-05 18:40:00,3,0,0,0,2.5M,0,,F2,Unknown,2.3,350,,,,,34.88,-95.33,34.92,-95.32,,,OK,1975-12-05 18:40:00,1975-12-05 18:40:00,False,False
,9995745,Georgia,219,Oconee,,1975-03-13 20:00:00,CST,1975-03-13 20:00:00,0,0,0,0,250K,0,,F1,Unknown,19.2,200,,,,,33.88,-83.5,34.03,-83.22,,,GA,1975-03-13 21:00:00,1975-03-13 21:00:00,True,True
,9995747,Georgia,93,Dooly,,1975-03-13 23:07:00,CST,1975-03-13 23:07:00,5,0,0,0,250K,0,,F2,Unknown,8.6,200,,,,,32.2,-83.9,32.25,-83.77,,,GA,1975-03-14 00:07:00,1975-03-14 00:07:00,True,True
,9995749,Georgia,303,Washington,,1975-03-14 00:35:00,CST,1975-03-14 00:35:00,7,0,0,0,250K,0,,F2,Unknown,6.0,100,,,,,32.77,-82.8,,,,,GA,1975-03-14 01:35:00,1975-03-14 01:35:00,True,True
,9995750,Georgia,121,Fulton,,1975-03-24 05:28:00,CST,1975-03-24 05:28:00,152,0,3,0,250M,0,,F3,Unknown,14.8,500,,,,,33.77,-84.53,33.9,-84.33,,,GA,1975-03-24 06:28:00,1975-03-24 06:28:00,True,True
,9995752,Georgia,115,Floyd,,1975-03-24 06:30:00,CST,1975-03-24 06:30:00,3,0,0,0,250K,0,,F1,Unknown,36.1,150,,,,,34.33,-85.07,34.57,-84.5,,,GA,1975-03-24 07:30:00,1975-03-24 07:30:00,True,True
,10001735,Florida,113,Santa Rosa,,1975-10-16 18:45:00,CST,1975-10-16 18:45:00,0,0,0,0,2.5K,0,,F1,Unknown,0.1,20,,,,,30.6,-87.15,,,,,FL,1975-10-16 19:45:00,1975-10-16 19:45:00,True,True
,10001736,Florida,5,Bay,,1975-10-16 22:40:00,CST,1975-10-16 22:40:00,0,0,0,0,250K,0,,F1,Unknown,0.1,40,,,,,30.18,-85.8,,,,,FL,1975-10-16 23:40:00,1975-10-16 23:40:00,True,True
,10001737,Florida,33,Escambia,,1975-11-09 13:15:00,CST,1975-11-09 13:15:00,0,0,0,0,25K,0,,F1,Unknown,1.0,20,,,,,30.35,-87.4,,,,,FL,1975-11-09 13:15:00,1975-11-09 13:15:00,False,False
,10001738,Florida,5,Bay,,1975-11-12 08:30:00,CST,1975-11-12 08:30:00,0,0,0,0,25K,0,,F0,Unknown,0.1,20,,,,,29.95,-85.42,,,,,FL,1975-11-12 08:30:00,1975-11-12 08:30:00,False,False
,10001739,Florida,131,Walton,,1975-11-12 10:00:00,CST,1975-11-12 10:00:00,0,0,0,0,250K,0,,F1,Unknown,26.7,33,,,,,30.42,-86.4,30.72,-86.12,,,FL,1975-11-12 10:00:00,1975-11-12 10:00:00,False,False
,10010308,Illinois,31,Cook,,1975-06-17 11:54:00,CST,1975-06-17 11:54:00,0,0,0,0,250K,0,,F2,Unknown,1.5,20,,,,,42.08,-88.0,,,,,IL,1975-06-17 12:54:00,1975-06-17 12:54:00,True,True
,10010309,Illinois,37,De Kalb,,1975-06-18 12:00:00,CST,1975-06-18 12:00:00,1,0,0,0,250K,0,,F2,Unknown,4.7,27,,,,,42.05,-88.85,42.03,-88.75,,,IL,1975-06-18 13:00:00,1975-06-18 13:00:00,True,True
,10010312,Illinois,103,Lee,,1975-06-20 12:06:00,CST,1975-06-20 12:06:00,0,0,0,0,.25K,0,,F0,Unknown,0.0,33,,,,,41.78,-89.08,,,,,IL,1975-06-20 13:06:00,1975-06-20 13:06:00,True,True
,10010313,Illinois,103,Lee,,1975-06-20 12:30:00,CST,1975-06-20 12:30:00,0,0,0,0,2.5K,0,,F1,Unknown,0.1,17,,,,,41.8,-89.18,,,,,IL,1975-06-20 13:30:00,1975-06-20 13:30:00,True,True
,10010315,Illinois,103,Lee,,1975-06-20 13:15:00,CST,1975-06-20 13:15:00,0,0,0,0,.25K,0,,F0,Unknown,0.0,33,,,,,41.83,-89.0,,,,,IL,1975-06-20 14:15:00,1975-06-20 14:15:00,True,True
,10010326,Illinois,109,Mcdonough,,1975-06-24 19:08:00,CST,1975-06-24 19:08:00,0,0,0,0,2.5K,0,,F0,Unknown,0.5,17,,,,,40.55,-90.55,,,,,IL,1975-06-24 19:08:00,1975-06-24 19:08:00,False,False
,10010327,Illinois,57,Fulton,,1975-06-24 19:49:00,CST,1975-06-24 19:49:00,0,0,0,0,2.5K,0,,F1,Unknown,2.0,33,,,,,40.7,-90.1,,,,,IL,1975-06-24 20:49:00,1975-06-24 20:49:00,True,True
,10000606,Florida,117,Seminole,,1975-06-11 17:30:00,CST,1975-06-11 17:30:00,0,0,0,0,2.5K,0,,F1,Unknown,0.5,30,,,,,28.67,-81.42,,,,,FL,1975-06-11 18:30:00,1975-06-11 18:30:00,True,True
,10000609,Florida,65,Jefferson,,1975-06-14 15:00:00,CST,1975-06-14 15:00:00,0,0,0,0,25K,0,,F1,Unknown,10.0,50,,,,,30.5,-84.0,30.52,-83.83,,,FL,1975-06-14 16:00:00,1975-06-14 16:00:00,True,True
,9999507,Florida,105,Polk,,1975-05-09 12:55:00,CST,1975-05-09 12:55:00,0,0,0,0,25K,0,,F1,Unknown,2.5,50,,,,,28.07,-81.78,,,,,FL,1975-05-09 13:55:00,1975-05-09 13:55:00,True,True
,10000622,Florida,111,St. Lucie,,1975-06-28 14:12:00,CST,1975-06-28 14:12:00,0,0,0,0,0K,0,,F1,Unknown,0.5,50,,,,,27.37,-80.33,,,,,FL,1975-06-28 15:12:00,1975-06-28 15:12:00,True,True
,10000623,Florida,111,St. Lucie,,1975-06-28 15:15:00,CST,1975-06-28 15:15:00,0,0,0,0,0K,0,,F1,Unknown,0.5,50,,,,,27.3,-80.2,,,,,FL,1975-06-28 16:15:00,1975-06-28 16:15:00,True,True
,10000624,Florida,99,Palm Beach,,1975-06-29 15:15:00,CST,1975-06-29 15:15:00,0,0,0,0,0K,0,,F0,Unknown,0.5,50,,,,,26.57,-80.33,,,,,FL,1975-06-29 16:15:00,1975-06-29 16:15:00,True,True
,10000628,Florida,71,Lee,,1975-06-30 17:30:00,CST,1975-06-30 17:30:00,0,0,0,0,0K,0,,F0,Unknown,0.5,20,,,,,26.63,-81.85,,,,,FL,1975-06-30 18:30:00,1975-06-30 18:30:00,True,True
,10030736,Louisiana,33,East Baton Rouge,,1975-04-30 09:30:00,CST,1975-04-30 09:30:00,0,0,0,0,25K,0,,F1,Unknown,0.3,50,,,,,30.95,-91.1,,,,,LA,1975-04-30 10:30:00,1975-04-30 10:30:00,True,True
,10030740,Louisiana,23,Cameron,,1975-04-30 13:45:00,CST,1975-04-30 13:45:00,0,0,0,0,2.5K,0,,F1,Unknown,0.0,33,,,,,29.77,-93.6,,,,,LA,1975-04-30 14:45:00,1975-04-30 14:45:00,True,True
,10030747,Louisiana,19,Calcasieu,,1975-04-30 14:30:00,CST,1975-04-30 14:30:00,0,0,0,0,25K,0,,F1,Unknown,0.5,27,,,,,30.23,-93.37,,,,,LA,1975-04-30 15:30:00,1975-04-30 15:30:00,True,True
,10030752,Louisiana,1,Acadia,,1975-04-30 15:25:00,CST,1975-04-30 15:25:00,1,0,0,0,25K,0,,F1,Unknown,1.0,27,,,,,30.13,-92.5,,,,,LA,1975-04-30 16:25:00,1975-04-30 16:25:00,True,True
,10030753,Louisiana,55,Lafayette,,1975-04-30 15:25:00,CST,1975-04-30 15:25:00,0,0,0,0,250K,0,,F1,Unknown,0.1,33,,,,,30.2,-91.98,,,,,LA,1975-04-30 16:25:00,1975-04-30 16:25:00,True,True
,10030754,Louisiana,39,Evangeline,,1975-04-30 15:25:00,CST,1975-04-30 15:25:00,3,0,0,0,25K,0,,F1,Unknown,0.5,50,,,,,30.9,-92.4,,,,,LA,1975-04-30 16:25:00,1975-04-30 16:25:00,True,True
,10030755,Louisiana,55,Lafayette,,1975-04-30 15:30:00,CST,1975-04-30 15:30:00,2,0,0,0,25K,0,,F1,Unknown,0.5,50,,,,,30.17,-91.97,,,,,LA,1975-04-30 16:30:00,1975-04-30 16:30:00,True,True
,10030758,Louisiana,45,Iberia,,1975-04-30 16:00:00,CST,1975-04-30 16:00:00,1,0,0,0,250K,0,,F2,Unknown,7.1,50,,,,,30.03,-91.88,30.08,-91.78,,,LA,1975-04-30 17:00:00,1975-04-30 17:00:00,True,True
,10030765,Louisiana,39,Evangeline,,1975-05-02 15:00:00,CST,1975-05-02 15:00:00,0,0,0,0,2.5K,0,,F1,Unknown,0.1,27,,,,,30.68,-92.27,,,,,LA,1975-05-02 16:00:00,1975-05-02 16:00:00,True,True
,10092155,Oklahoma,43,Dewey,,1975-06-08 19:58:00,CST,1975-06-08 19:58:00,0,0,0,0,0K,0,,F1,Unknown,2.0,50,,,,,35.83,-99.38,,,,,OK,1975-06-08 20:58:00,1975-06-08 20:58:00,True,True
,10093287,Oklahoma,123,Pontotoc,,1975-11-19 13:55:00,CST,1975-11-19 13:55:00,0,0,0,0,2.5K,0,,F2,Unknown,2.5,50,,,,,34.7,-96.75,,,,,OK,1975-11-19 13:55:00,1975-11-19 13:55:00,False,False
,10093297,Oklahoma,111,Okmulgee,,1975-12-05 16:25:00,CST,1975-12-05 16:25:00,0,0,0,0,250K,0,,F3,Unknown,27.0,50,,,,,35.67,-95.97,35.95,-95.63,,,OK,1975-12-05 16:25:00,1975-12-05 16:25:00,False,False
,10093299,Oklahoma,143,Tulsa,,1975-12-05 16:45:00,CST,1975-12-05 16:45:00,0,0,0,0,2.5K,0,,F2,Unknown,2.0,100,,,,,35.9,-95.88,,,,,OK,1975-12-05 16:45:00,1975-12-05 16:45:00,False,False
,10093301,Oklahoma,143,Tulsa,,1975-12-05 16:54:00,CST,1975-12-05 16:54:00,38,0,0,0,25M,0,,F3,Unknown,1.5,700,,,,,36.15,-95.97,,,,,OK,1975-12-05 16:54:00,1975-12-05 16:54:00,False,False
,9996889,Georgia,51,Chatham,,1975-09-23 15:20:00,CST,1975-09-23 15:20:00,8,0,0,0,25K,0,,F1,Unknown,2.5,60,,,,,32.05,-81.08,,,,,GA,1975-09-23 16:20:00,1975-09-23 16:20:00,True,True
,10098739,Oklahoma,137,Stephens,,1975-02-22 02:15:00,CST,1975-02-22 02:15:00,2,0,0,0,250K,0,,F2,Unknown,5.4,70,,,,,34.45,-97.98,34.5,-97.92,,,OK,1975-02-22 02:15:00,1975-02-22 02:15:00,False,False
,10098740,Oklahoma,137,Stephens,,1975-02-22 02:15:00,CST,1975-02-22 02:15:00,4,0,0,0,250K,0,,F2,Unknown,6.1,70,,,,,34.5,-98.0,34.57,-97.93,,,OK,1975-02-22 02:15:00,1975-02-22 02:15:00,False,False
,10115710,Pennsylvania,17,Bucks,,1975-07-13 05:40:00,CST,1975-07-13 05:40:00,0,0,0,0,25K,0,,F1,Unknown,0.0,33,,,,,40.17,-74.85,,,,,PA,1975-07-13 06:40:00,1975-07-13 06:40:00,True,True
,10115717,Pennsylvania,107,Schuylkill,,1975-07-24 18:00:00,CST,1975-07-24 18:00:00,0,0,0,0,.25K,0,,F0,Unknown,0.0,33,,,,,40.73,-76.1,,,,,PA,1975-07-24 19:00:00,1975-07-24 19:00:00,True,True
,10098744,Oklahoma,49,Garvin,,1975-02-22 03:00:00,CST,1975-02-22 03:00:00,14,0,0,0,2.5M,0,,F2,Unknown,3.3,60,,,,,34.83,-97.62,34.87,-97.58,,,OK,1975-02-22 03:00:00,1975-02-22 03:00:00,False,False
,10098755,Oklahoma,9,Beckham,,1975-03-27 02:30:00,CST,1975-03-27 02:30:00,0,0,0,0,250K,0,,F1,Unknown,20.4,150,,,,,35.3,-99.57,35.5,-99.3,,,OK,1975-03-27 03:30:00,1975-03-27 03:30:00,True,True
,10001740,Florida,33,Escambia,,1975-12-25 11:00:00,CST,1975-12-25 11:00:00,0,0,0,0,25K,0,,F0,Unknown,11.8,27,,,,,30.52,-87.32,30.58,-87.13,,,FL,1975-12-25 11:00:00,1975-12-25 11:00:00,False,False
,10001742,Florida,91,Okaloosa,,1975-12-25 12:40:00,CST,1975-12-25 12:40:00,0,0,0,0,25K,0,,F1,Unknown,5.6,33,,,,,30.38,-86.58,30.43,-86.52,,,FL,1975-12-25 12:40:00,1975-12-25 12:40:00,False,False
,10001744,Florida,17,Citrus,,1975-12-31 10:00:00,CST,1975-12-31 10:00:00,0,0,0,0,2.5K,0,,F0,Unknown,0.5,10,,,,,28.9,-82.57,,,,,FL,1975-12-31 10:00:00,1975-12-31 10:00:00,False,False
,10001745,Florida,83,Marion,,1975-12-31 10:30:00,CST,1975-12-31 10:30:00,0,0,0,0,2.5K,0,,F0,Unknown,0.1,10,,,,,29.2,-82.2,,,,,FL,1975-12-31 10:30:00,1975-12-31 10:30:00,False,False
,10001746,Florida,83,Marion,,1975-12-31 10:30:00,CST,1975-12-31 10:30:00,26,0,1,0,2.5M,0,,F3,Unknown,2.0,200,,,,,29.08,-82.17,,,,,FL,1975-12-31 10:30:00,1975-12-31 10:30:00,False,False
,9999473,Florida,53,Hernando,,1975-03-18 20:30:00,CST,1975-03-18 20:30:00,0,0,0,0,2.5K,0,,F1,Unknown,0.5,200,,,,,28.55,-82.45,,,,,FL,1975-03-18 21:30:00,1975-03-18 21:30:00,True,True
,9999475,Florida,43,Glades,,1975-03-19 08:30:00,CST,1975-03-19 08:30:00,0,0,0,0,25K,0,,F1,Unknown,0.2,10,,,,,26.97,-81.13,,,,,FL,1975-03-19 09:30:00,1975-03-19 09:30:00,True,True
,9999476,Florida,99,Palm Beach,,1975-03-19 10:40:00,CST,1975-03-19 10:40:00,0,0,0,0,2.5K,0,,F0,Unknown,1.0,33,,,,,26.83,-80.05,,,,,FL,1975-03-19 11:40:00,1975-03-19 11:40:00,True,True
,9999477,Florida,19,Clay,,1975-03-25 02:00:00,CST,1975-03-25 02:00:00,0,0,0,0,25K,0,,F0,Unknown,0.2,10,,,,,30.05,-81.75,,,,,FL,1975-03-25 03:00:00,1975-03-25 03:00:00,True,True
,9999481,Florida,63,Jackson,,1975-04-09 22:00:00,CST,1975-04-09 22:00:00,0,0,0,0,2.5M,0,,F1,Unknown,0.5,100,,,,,30.95,-85.17,,,,,FL,1975-04-09 23:00:00,1975-04-09 23:00:00,True,True
,9999482,Florida,107,Putnam,,1975-04-11 08:30:00,CST,1975-04-11 08:30:00,0,0,0,0,25K,0,,F1,Unknown,0.5,50,,,,,29.55,-82.0,,,,,FL,1975-04-11 09:30:00,1975-04-11 09:30:00,True,True
,9999483,Florida,83,Marion,,1975-04-11 09:45:00,CST,1975-04-11 09:45:00,0,0,0,0,250K,0,,F1,Unknown,2.0,50,,,,,29.35,-81.73,,,,,FL,1975-04-11 10:45:00,1975-04-11 10:45:00,True,True
,9999484,Florida,127,Volusia,,1975-04-11 10:00:00,CST,1975-04-11 10:00:00,0,0,0,0,2.5K,0,,F0,Unknown,0.5,100,,,,,29.17,-81.17,,,,,FL,1975-04-11 11:00:00,1975-04-11 11:00:00,True,True
,9999485,Florida,69,Lake,,1975-04-11 10:30:00,CST,1975-04-11 10:30:00,0,0,0,0,250K,0,,F1,Unknown,0.5,50,,,,,28.8,-81.72,,,,,FL,1975-04-11 11:30:00,1975-04-11 11:30:00,True,True
,9999487,Florida,9,Brevard,,1975-04-11 14:20:00,CST,1975-04-11 14:20:00,1,0,0,0,25K,0,,F1,Unknown,0.5,33,,,,,28.33,-80.68,,,,,FL,1975-04-11 15:20:00,1975-04-11 15:20:00,True,True
,9999488,Florida,33,Escambia,,1975-04-14 12:30:00,CST,1975-04-14 12:30:00,0,0,0,0,25K,0,,F1,Unknown,1.0,50,,,,,30.42,-87.25,,,,,FL,1975-04-14 13:30:00,1975-04-14 13:30:00,True,True
,10011459,Iowa,89,Howard,,1975-04-17 19:50:00,CST,1975-04-17 19:50:00,0,0,0,0,2.5K,0,,F1,Unknown,0.0,33,,,,,43.43,-92.12,,,,,IA,1975-04-17 20:50:00,1975-04-17 20:50:00,True,True
,10011460,Iowa,173,Taylor,,1975-04-23 14:55:00,CST,1975-04-23 14:55:00,0,0,0,0,0K,0,,F0,Unknown,0.0,33,,,,,40.75,-94.82,,,,,IA,1975-04-23 15:55:00,1975-04-23 15:55:00,True,True
,10011461,Iowa,103,Johnson,,1975-04-23 15:30:00,CST,1975-04-23 15:30:00,0,0,0,0,0K,0,,F0,Unknown,0.0,33,,,,,41.55,-91.7,,,,,IA,1975-04-23 16:30:00,1975-04-23 16:30:00,True,True
,10030142,Kentucky,9,Barren,,1975-03-12 04:45:00,CST,1975-03-12 04:45:00,0,0,0,0,25K,0,,F0,Unknown,0.0,33,,,,,36.82,-86.02,,,,,KY,1975-03-12 05:45:00,1975-03-12 05:45:00,True,True
,10031877,Louisiana,1,Acadia,,1975-05-09 17:30:00,CST,1975-05-09 17:30:00,0,0,0,0,0K,0,,F2,Unknown,2.0,27,,,,,30.43,-92.3,,,,,LA,1975-05-09 18:30:00,1975-05-09 18:30:00,True,True
,10031887,Louisiana,41,Franklin,,1975-06-09 12:50:00,CST,1975-06-09 12:50:00,0,0,0,0,25K,0,,F1,Unknown,0.5,33,,,,,32.08,-91.63,,,,,LA,1975-06-09 13:50:00,1975-06-09 13:50:00,True,True
,10031888,Louisiana,41,Franklin,,1975-06-10 06:15:00,CST,1975-06-10 06:15:00,0,0,0,0,25K,0,,F2,Unknown,2.0,50,,,,,32.2,-91.57,,,,,LA,1975-06-10 07:15:00,1975-06-10 07:15:00,True,True
,9995733,Georgia,121,Fulton,,1975-03-13 17:00:00,CST,1975-03-13 17:00:00,0,0,0,0,250K,0,,F1,Unknown,1.0,100,,,,,33.52,-84.43,,,,,GA,1975-03-13 18:00:00,1975-03-13 18:00:00,True,True
,9995734,Georgia,15,Bartow,,1975-03-13 18:00:00,CST,1975-03-13 18:00:00,0,0,0,0,25K,0,,F1,Unknown,1.0,100,,,,,34.23,-84.95,,,,,GA,1975-03-13 19:00:00,1975-03-13 19:00:00,True,True
,10086942,North Dakota,17,Cass,,1975-08-31 17:48:00,CST,1975-08-31 17:48:00,0,0,0,0,0K,0,,F0,Unknown,0.5,17,,,,,47.23,-96.97,,,,,ND,1975-08-31 18:48:00,1975-08-31 18:48:00,True,True
,10031889,Louisiana,65,Madison,,1975-06-10 06:25:00,CST,1975-06-10 06:25:00,0,0,0,0,25K,0,,F2,Unknown,4.1,33,,,,,32.43,-91.4,32.45,-91.33,,,LA,1975-06-10 07:25:00,1975-06-10 07:25:00,True,True
,10031892,Louisiana,67,Morehouse,,1975-06-15 04:00:00,CST,1975-06-15 04:00:00,0,0,0,0,25K,0,,F1,Unknown,0.2,33,,,,,32.92,-91.67,,,,,LA,1975-06-15 05:00:00,1975-06-15 05:00:00,True,True
,10032965,Louisiana,43,Grant,,1975-01-10 06:30:00,CST,1975-01-10 06:30:00,0,0,0,0,2.5K,0,,F1,Unknown,0.0,33,,,,,31.48,-92.3,,,,,LA,1975-01-10 06:30:00,1975-01-10 06:30:00,False,False
,10032966,Louisiana,53,Jefferson Davis,,1975-01-10 07:15:00,CST,1975-01-10 07:15:00,0,0,0,0,0K,0,,F1,Unknown,3.3,33,,,,,30.22,-92.65,30.23,-92.62,,,LA,1975-01-10 07:15:00,1975-01-10 07:15:00,False,False
,10032967,Louisiana,123,West Carroll,,1975-01-10 07:15:00,CST,1975-01-10 07:15:00,1,0,0,0,25K,0,,F1,Unknown,0.5,27,,,,,32.87,-91.38,,,,,LA,1975-01-10 07:15:00,1975-01-10 07:15:00,False,False
,10092139,Oklahoma,151,Woods,,1975-06-06 18:30:00,CST,1975-06-06 18:30:00,0,0,0,0,0K,0,,F1,Unknown,0.5,50,,,,,36.8,-99.25,,,,,OK,1975-06-06 19:30:00,1975-06-06 19:30:00,True,True
,10011457,Iowa,185,Wayne,,1975-03-23 15:10:00,CST,1975-03-23 15:10:00,0,0,0,0,2.5K,0,,F0,Unknown,0.0,33,,,,,40.6,-93.52,,,,,IA,1975-03-23 16:10:00,1975-03-23 16:10:00,True,True
,10030727,Louisiana,65,Madison,,1975-04-30 00:30:00,CST,1975-04-30 00:30:00,2,0,0,0,25K,0,,F2,Unknown,12.0,77,,,,,32.3,-91.5,32.42,-91.35,,,LA,1975-04-30 01:30:00,1975-04-30 01:30:00,True,True
,9995723,Georgia,117,Forsyth,,1975-03-07 15:00:00,CST,1975-03-07 15:00:00,0,0,0,0,25K,0,,F1,Unknown,0.3,33,,,,,34.27,-84.1,,,,,GA,1975-03-07 16:00:00,1975-03-07 16:00:00,True,True
,9995726,Georgia,67,Cobb,,1975-03-07 15:30:00,CST,1975-03-07 15:30:00,0,0,0,0,250K,0,,F1,Unknown,1.0,50,,,,,34.02,-84.62,,,,,GA,1975-03-07 16:30:00,1975-03-07 16:30:00,True,True
,9999489,Florida,131,Walton,,1975-04-14 13:40:00,CST,1975-04-14 13:40:00,0,0,0,0,.25K,0,,F0,Unknown,0.1,23,,,,,30.4,-86.67,,,,,FL,1975-04-14 14:40:00,1975-04-14 14:40:00,True,True
,9999490,Florida,105,Polk,,1975-04-14 15:26:00,CST,1975-04-14 15:26:00,0,0,0,0,0K,0,,F0,Unknown,0.1,23,,,,,27.9,-81.55,,,,,FL,1975-04-14 16:26:00,1975-04-14 16:26:00,True,True
,9999491,Florida,127,Volusia,,1975-04-14 16:10:00,CST,1975-04-14 16:10:00,0,0,0,0,.25K,0,,F0,Unknown,0.1,23,,,,,28.95,-81.3,,,,,FL,1975-04-14 17:10:00,1975-04-14 17:10:00,True,True
,9999492,Florida,97,Osceola,,1975-04-15 05:15:00,CST,1975-04-15 05:15:00,0,0,0,0,.25K,0,,F0,Unknown,0.1,23,,,,,28.3,-81.23,,,,,FL,1975-04-15 06:15:00,1975-04-15 06:15:00,True,True
,9999493,Florida,97,Osceola,,1975-04-15 08:50:00,CST,1975-04-15 08:50:00,0,0,0,0,0K,0,,F0,Unknown,0.1,23,,,,,27.7,-80.92,,,,,FL,1975-04-15 09:50:00,1975-04-15 09:50:00,True,True
,9999495,Florida,71,Lee,,1975-04-27 14:30:00,CST,1975-04-27 14:30:00,0,0,0,0,0K,0,,F0,Unknown,0.1,23,,,,,26.58,-81.5,,,,,FL,1975-04-27 15:30:00,1975-04-27 15:30:00,True,True
,9999497,Florida,83,Marion,,1975-05-02 16:50:00,CST,1975-05-02 16:50:00,0,0,0,0,25K,0,,F1,Unknown,0.5,50,,,,,29.02,-82.12,,,,,FL,1975-05-02 17:50:00,1975-05-02 17:50:00,True,True
,9999498,Florida,33,Escambia,,1975-05-03 16:45:00,CST,1975-05-03 16:45:00,0,0,0,0,25K,0,,F1,Unknown,3.3,50,,,,,30.62,-87.33,30.62,-87.28,,,FL,1975-05-03 17:45:00,1975-05-03 17:45:00,True,True
,9995713,Georgia,225,Peach,,1975-02-18 15:08:00,CST,1975-02-18 15:08:00,50,0,2,0,25M,0,,F3,Unknown,9.7,300,,,,,32.55,-83.93,32.55,-83.77,,,GA,1975-02-18 15:08:00,1975-02-18 15:08:00,False,False
,9995716,Georgia,97,Douglas,,1975-02-23 17:10:00,CST,1975-02-23 17:10:00,2,0,0,0,250K,0,,F1,Unknown,2.0,50,,,,,33.77,-84.83,,,,,GA,1975-02-23 18:10:00,1975-02-23 18:10:00,True,True
,9995717,Georgia,67,Cobb,,1975-02-23 17:30:00,CST,1975-02-23 17:30:00,0,0,0,0,25K,0,,F1,Unknown,1.0,30,,,,,34.02,-84.62,,,,,GA,1975-02-23 18:30:00,1975-02-23 18:30:00,True,True
,10032952,Louisiana,113,Vermilion,,1975-01-07 15:32:00,CST,1975-01-07 15:32:00,1,0,0,0,25K,0,,F1,Unknown,0.5,33,,,,,29.75,-92.4,,,,,LA,1975-01-07 15:32:00,1975-01-07 15:32:00,False,False
,10032953,Louisiana,55,Lafayette,,1975-01-07 19:30:00,CST,1975-01-07 19:30:00,0,0,0,0,2.5K,0,,F0,Unknown,0.0,33,,,,,30.3,-91.98,,,,,LA,1975-01-07 19:30:00,1975-01-07 19:30:00,False,False
,10032954,Louisiana,65,Madison,,1975-01-09 22:40:00,CST,1975-01-09 22:40:00,0,0,0,0,25K,0,,F2,Unknown,6.5,50,,,,,32.45,-91.3,32.53,-91.25,,,LA,1975-01-09 22:40:00,1975-01-09 22:40:00,False,False
,10032955,Louisiana,35,East Carroll,,1975-01-09 22:55:00,CST,1975-01-09 22:55:00,6,0,0,0,25K,0,,F2,Unknown,11.5,50,,,,,32.53,-91.25,32.68,-91.17,,,LA,1975-01-09 22:55:00,1975-01-09 22:55:00,False,False
,10032962,Louisiana,19,Calcasieu,,1975-01-10 05:25:00,CST,1975-01-10 05:25:00,0,0,0,0,25K,0,,F1,Unknown,0.5,27,,,,,30.18,-93.58,,,,,LA,1975-01-10 05:25:00,1975-01-10 05:25:00,False,False
,10022347,Kansas,197,Wabaunsee,,1975-09-10 16:50:00,CST,1975-09-10 16:50:00,0,0,0,0,.03K,0,,F0,Unknown,0.1,3,,,,,39.08,-96.23,,,,,KS,1975-09-10 17:50:00,1975-09-10 17:50:00,True,True
,10022348,Kansas,53,Ellsworth,,1975-09-10 17:45:00,CST,1975-09-10 17:45:00,0,0,0,0,25K,0,,F1,Unknown,0.3,67,,,,,38.62,-98.38,,,,,KS,1975-09-10 18:45:00,1975-09-10 18:45:00,True,True
,10111316,South Carolina,25,Chesterfield,,1975-07-13 16:00:00,CST,1975-07-13 16:00:00,0,0,0,0,2.5K,0,,F0,Unknown,0.3,50,,,,,34.7,-80.18,,,,,SC,1975-07-13 17:00:00,1975-07-13 17:00:00,True,True
,10086934,North Dakota,1,Adams,,1975-08-11 19:00:00,CST,1975-08-11 19:00:00,0,0,0,0,0K,0,,F0,Unknown,0.1,17,,,,,46.12,-102.95,,,,,ND,1975-08-11 20:00:00,1975-08-11 20:00:00,True,True
,10086936,North Dakota,1,Adams,,1975-08-22 15:45:00,CST,1975-08-22 15:45:00,0,0,0,0,0K,0,,F0,Unknown,0.5,27,,,,,46.2,-102.95,,,,,ND,1975-08-22 16:45:00,1975-08-22 16:45:00,True,True
,10086938,North Dakota,41,Hettinger,,1975-08-22 17:30:00,CST,1975-08-22 17:30:00,0,0,0,0,250K,0,,F1,Unknown,22.1,27,,,,,46.27,-102.52,46.27,-102.05,,,ND,1975-08-22 18:30:00,1975-08-22 18:30:00,True,True
,10008079,Illinois,165,Saline,,1975-01-10 11:15:00,CST,1975-01-10 11:15:00,0,0,0,0,250K,0,,F2,Unknown,2.0,587,,,,,37.82,-88.53,,,,,IL,1975-01-10 11:15:00,1975-01-10 11:15:00,False,False
,10008085,Illinois,95,Knox,,1975-03-23 19:18:00,CST,1975-03-23 19:18:00,2,0,0,0,25K,0,,F2,Unknown,1.0,80,,,,,41.07,-90.18,,,,,IL,1975-03-23 20:18:00,1975-03-23 20:18:00,True,True
,10008092,Illinois,87,Johnson,,1975-03-28 16:25:00,CST,1975-03-28 16:25:00,0,0,0,0,0K,0,,F0,Unknown,0.1,7,,,,,37.37,-88.9,,,,,IL,1975-03-28 17:25:00,1975-03-28 17:25:00,True,True
,10021219,Kansas,97,Kiowa,,1975-06-16 20:30:00,CST,1975-06-16 20:30:00,0,0,0,0,0K,0,,F0,Unknown,0.1,10,,,,,37.6,-99.27,,,,,KS,1975-06-16 21:30:00,1975-06-16 21:30:00,True,True
,10011494,Iowa,59,Dickinson,,1975-05-22 18:30:00,CST,1975-05-22 18:30:00,0,0,0,0,.25K,0,,F1,Unknown,0.0,33,,,,,43.38,-95.2,,,,,IA,1975-05-22 19:30:00,1975-05-22 19:30:00,True,True
,10011495,Iowa,59,Dickinson,,1975-05-22 19:30:00,CST,1975-05-22 19:30:00,0,0,0,0,.25K,0,,F1,Unknown,0.0,33,,,,,43.27,-94.95,,,,,IA,1975-05-22 20:30:00,1975-05-22 20:30:00,True,True
,10011496,Iowa,59,Dickinson,,1975-05-22 19:30:00,CST,1975-05-22 19:30:00,0,0,0,0,.25K,0,,F1,Unknown,0.0,33,,,,,43.3,-95.25,,,,,IA,1975-05-22 20:30:00,1975-05-22 20:30:00,True,True
,10009193,Illinois,97,Lake,,1975-11-10 00:05:00,CST,1975-11-10 00:05:00,0,0,0,0,25K,0,,F1,Unknown,0.1,3,,,,,42.33,-88.05,,,,,IL,1975-11-10 00:05:00,1975-11-10 00:05:00,False,False
,10009194,Illinois,183,Vermilion,,1975-11-10 00:08:00,CST,1975-11-10 00:08:00,0,0,0,0,250K,0,,F2,Unknown,0.1,3,,,,,40.37,-87.83,,,,,IL,1975-11-10 00:08:00,1975-11-10 00:08:00,False,False
,10113721,South Dakota,135,Yankton,,1975-06-03 22:15:00,CST,1975-06-03 22:15:00,0,0,0,0,25K,0,,F0,Unknown,0.0,33,,,,,42.88,-97.17,,,,,SD,1975-06-03 23:15:00,1975-06-03 23:15:00,True,True
,9990640,California,19,Fresno,,1975-03-13 17:17:00,CST,1975-03-13 17:17:00,0,0,0,0,2.5K,0,,F0,Unknown,0.3,33,,,,,36.5,-119.67,,,,,CA,1975-03-13 18:17:00,1975-03-13 18:17:00,True,True
,9990641,California,47,Merced,,1975-04-05 12:00:00,CST,1975-04-05 12:00:00,0,0,0,0,25K,0,,F0,Unknown,0.3,33,,,,,37.07,-120.85,,,,,CA,1975-04-05 13:00:00,1975-04-05 13:00:00,True,True
,9990642,California,19,Fresno,,1975-04-05 18:32:00,CST,1975-04-05 18:32:00,0,0,0,0,2.5K,0,,F0,Unknown,0.3,33,,,,,36.78,-119.93,,,,,CA,1975-04-05 19:32:00,1975-04-05 19:32:00,True,True
,10087639,North Carolina,45,Cleveland,,1975-05-15 14:30:00,CST,1975-05-15 14:30:00,0,0,0,0,2.5K,0,,F1,Unknown,0.0,33,,,,,35.17,-81.35,,,,,NC,1975-05-15 15:30:00,1975-05-15 15:30:00,True,True
,10087640,North Carolina,71,Gaston,,1975-05-15 15:30:00,CST,1975-05-15 15:30:00,1,0,0,0,25K,0,,F1,Unknown,0.0,33,,,,,35.37,-81.17,,,,,NC,1975-05-15 16:30:00,1975-05-15 16:30:00,True,True
,10087643,North Carolina,37,Chatham,,1975-05-15 16:30:00,CST,1975-05-15 16:30:00,0,0,0,0,25K,0,,F1,Unknown,0.0,33,,,,,35.57,-79.47,,,,,NC,1975-05-15 17:30:00,1975-05-15 17:30:00,True,True
,10087644,North Carolina,155,Robeson,,1975-05-15 17:10:00,CST,1975-05-15 17:10:00,0,0,0,0,2.5K,0,,F1,Unknown,0.2,100,,,,,34.72,-79.13,,,,,NC,1975-05-15 18:10:00,1975-05-15 18:10:00,True,True
,10087645,North Carolina,155,Robeson,,1975-05-15 17:47:00,CST,1975-05-15 17:47:00,0,0,0,0,25K,0,,F1,Unknown,0.0,33,,,,,34.83,-79.17,,,,,NC,1975-05-15 18:47:00,1975-05-15 18:47:00,True,True
,10111634,South Dakota,93,Meade,,1975-05-05 18:30:00,CST,1975-05-05 18:30:00,0,0,0,0,25K,0,,F1,Unknown,27.4,20,,,,,44.3,-103.37,44.0,-103.0,,,SD,1975-05-05 19:30:00,1975-05-05 19:30:00,True,True
,10006749,Illinois,61,Greene,,1975-05-20 22:30:00,CST,1975-05-20 22:30:00,0,0,0,0,250K,0,,F2,Unknown,0.0,33,,,,,39.48,-90.4,,,,,IL,1975-05-20 23:30:00,1975-05-20 23:30:00,True,True
,10006753,Illinois,75,Iroquois,,1975-05-24 15:25:00,CST,1975-05-24 15:25:00,0,0,0,0,25K,0,,F2,Unknown,0.1,10,,,,,40.68,-87.7,,,,,IL,1975-05-24 16:25:00,1975-05-24 16:25:00,True,True
,10006758,Illinois,203,Woodford,,1975-05-25 22:25:00,CST,1975-05-25 22:25:00,0,0,0,0,0K,0,,F0,Unknown,0.0,33,,,,,40.85,-89.2,,,,,IL,1975-05-25 23:25:00,1975-05-25 23:25:00,True,True
,10006759,Illinois,57,Fulton,,1975-05-26 00:05:00,CST,1975-05-26 00:05:00,0,0,0,0,0K,0,,F0,Unknown,0.0,33,,,,,40.5,-90.1,,,,,IL,1975-05-26 01:05:00,1975-05-26 01:05:00,True,True
,10087647,North Carolina,85,Harnett,,1975-05-15 18:30:00,CST,1975-05-15 18:30:00,6,0,0,0,25K,0,,F1,Unknown,1.0,100,,,,,35.32,-78.67,,,,,NC,1975-05-15 19:30:00,1975-05-15 19:30:00,True,True
,10000595,Florida,57,Hillsborough,,1975-06-03 15:30:00,CST,1975-06-03 15:30:00,0,0,0,0,2.5K,0,,F1,Unknown,0.5,30,,,,,27.93,-82.25,,,,,FL,1975-06-03 16:30:00,1975-06-03 16:30:00,True,True
,10030774,Louisiana,123,West Carroll,,1975-05-06 00:05:00,CST,1975-05-06 00:05:00,2,0,0,0,25K,0,,F2,Unknown,5.6,33,,,,,32.67,-91.47,32.7,-91.38,,,LA,1975-05-06 01:05:00,1975-05-06 01:05:00,True,True
,10030783,Louisiana,85,Sabine,,1975-05-07 22:00:00,CST,1975-05-07 22:00:00,0,0,0,0,0K,0,,F2,Unknown,0.0,33,,,,,31.33,-93.67,,,,,LA,1975-05-07 23:00:00,1975-05-07 23:00:00,True,True
,10115745,Pennsylvania,97,Northumberland,,1975-08-26 17:00:00,CST,1975-08-26 17:00:00,0,0,0,0,2.5K,0,,F0,Unknown,0.0,33,,,,,40.78,-76.7,,,,,PA,1975-08-26 18:00:00,1975-08-26 18:00:00,True,True
,10000566,Florida,97,Osceola,,1975-05-14 18:50:00,CST,1975-05-14 18:50:00,0,0,0,0,25K,0,,F1,Unknown,14.3,70,,,,,28.25,-81.28,28.25,-81.05,,,FL,1975-05-14 19:50:00,1975-05-14 19:50:00,True,True
,10000572,Florida,127,Volusia,,1975-05-15 14:00:00,CST,1975-05-15 14:00:00,0,0,0,0,25K,0,,F0,Unknown,0.2,50,,,,,28.88,-81.3,,,,,FL,1975-05-15 15:00:00,1975-05-15 15:00:00,True,True
,10000574,Florida,105,Polk,,1975-05-16 13:30:00,CST,1975-05-16 13:30:00,0,0,0,0,25K,0,,F1,Unknown,7.3,50,,,,,28.07,-81.78,28.07,-81.67,,,FL,1975-05-16 14:30:00,1975-05-16 14:30:00,True,True
,10000577,Florida,103,Pinellas,,1975-05-26 20:00:00,CST,1975-05-26 20:00:00,0,0,0,0,25K,0,,F1,Unknown,0.5,50,,,,,27.92,-82.8,,,,,FL,1975-05-26 21:00:00,1975-05-26 21:00:00,True,True
,10000580,Florida,57,Hillsborough,,1975-05-27 16:30:00,CST,1975-05-27 16:30:00,0,0,0,0,25K,0,,F0,Unknown,9.2,70,,,,,27.93,-82.28,28.02,-82.17,,,FL,1975-05-27 17:30:00,1975-05-27 17:30:00,True,True
,10000587,Florida,55,Highlands,,1975-06-01 16:00:00,CST,1975-06-01 16:00:00,0,0,0,0,25K,0,,F1,Unknown,0.5,30,,,,,27.6,-81.52,,,,,FL,1975-06-01 17:00:00,1975-06-01 17:00:00,True,True
,10000588,Florida,83,Marion,,1975-06-02 09:30:00,CST,1975-06-02 09:30:00,0,0,0,0,2.5K,0,,F1,Unknown,6.4,50,,,,,29.25,-82.17,29.32,-82.1,,,FL,1975-06-02 10:30:00,1975-06-02 10:30:00,True,True
,10000591,Florida,99,Palm Beach,,1975-06-03 12:20:00,CST,1975-06-03 12:20:00,0,0,0,0,0K,0,,F0,Unknown,0.1,10,,,,,26.63,-80.1,,,,,FL,1975-06-03 13:20:00,1975-06-03 13:20:00,True,True
,10011505,Iowa,167,Sioux,,1975-06-03 23:00:00,CST,1975-06-03 23:00:00,0,0,0,0,2.5K,0,,F1,Unknown,0.0,33,,,,,42.93,-96.4,,,,,IA,1975-06-04 00:00:00,1975-06-04 00:00:00,True,True
,10011506,Iowa,149,Plymouth,,1975-06-03 23:10:00,CST,1975-06-03 23:10:00,0,0,0,0,2.5K,0,,F1,Unknown,0.0,33,,,,,42.73,-96.12,,,,,IA,1975-06-04 00:10:00,1975-06-04 00:10:00,True,True
,10011508,Iowa,41,Clay,,1975-06-04 00:30:00,CST,1975-06-04 00:30:00,0,0,0,0,2.5K,0,,F2,Unknown,0.0,33,,,,,43.03,-95.15,,,,,IA,1975-06-04 01:30:00,1975-06-04 01:30:00,True,True
,10011510,Iowa,23,Butler,,1975-06-04 02:40:00,CST,1975-06-04 02:40:00,0,0,0,0,25K,0,,F2,Unknown,0.0,33,,,,,42.85,-92.72,,,,,IA,1975-06-04 03:40:00,1975-06-04 03:40:00,True,True
,10010362,Illinois,57,Fulton,,1975-07-23 16:30:00,CST,1975-07-23 16:30:00,0,0,0,0,250K,0,,F3,Unknown,11.1,2630,,,,,40.55,-90.33,40.55,-90.12,,,IL,1975-07-23 17:30:00,1975-07-23 17:30:00,True,True
,10010363,Illinois,57,Fulton,,1975-07-23 16:45:00,CST,1975-07-23 16:45:00,69,0,2,0,25M,0,,F3,Unknown,14.0,2630,,,,,40.57,-90.18,40.53,-89.92,,,IL,1975-07-23 17:45:00,1975-07-23 17:45:00,True,True
,10010366,Illinois,175,Stark,,1975-07-23 17:05:00,CST,1975-07-23 17:05:00,0,0,0,0,2.5K,0,,F0,Unknown,0.5,20,,,,,41.08,-89.88,,,,,IL,1975-07-23 18:05:00,1975-07-23 18:05:00,True,True
,10124348,Tennessee,31,Coffee,,1975-03-12 11:45:00,CST,1975-03-12 11:45:00,0,0,0,0,250K,0,,F1,Unknown,20.7,440,,,,,35.5,-86.25,35.53,-85.88,,,TN,1975-03-12 12:45:00,1975-03-12 12:45:00,True,True
,10124351,Tennessee,113,Madison,,1975-03-22 03:32:00,CST,1975-03-22 03:32:00,18,0,0,0,250K,0,,F1,Unknown,2.0,150,,,,,35.63,-88.75,,,,,TN,1975-03-22 04:32:00,1975-03-22 04:32:00,True,True
,10124358,Tennessee,59,Greene,,1975-03-24 07:30:00,CST,1975-03-24 07:30:00,0,0,0,0,25K,0,,F1,Unknown,0.5,100,,,,,36.28,-82.75,,,,,TN,1975-03-24 08:30:00,1975-03-24 08:30:00,True,True
,10124363,Tennessee,113,Madison,,1975-04-18 22:30:00,CST,1975-04-18 22:30:00,6,0,1,0,2.5M,0,,F1,Unknown,6.6,440,,,,,35.62,-88.8,35.67,-88.7,,,TN,1975-04-18 23:30:00,1975-04-18 23:30:00,True,True
,10124371,Tennessee,183,Weakley,,1975-04-24 10:45:00,CST,1975-04-24 10:45:00,1,0,0,0,25K,0,,F1,Unknown,0.5,200,,,,,36.37,-88.85,,,,,TN,1975-04-24 11:45:00,1975-04-24 11:45:00,True,True
,10011469,Iowa,155,Pottawattamie,,1975-05-06 16:20:00,CST,1975-05-06 16:20:00,0,0,0,0,25K,0,,F2,Unknown,10.6,33,,,,,41.47,-95.87,41.62,-95.8,,,IA,1975-05-06 17:20:00,1975-05-06 17:20:00,True,True
,10011471,Iowa,47,Crawford,,1975-05-07 17:30:00,CST,1975-05-07 17:30:00,0,0,0,0,25K,0,,F2,Unknown,0.0,33,,,,,41.82,-95.5,,,,,IA,1975-05-07 18:30:00,1975-05-07 18:30:00,True,True
,10011473,Iowa,175,Union,,1975-05-07 18:15:00,CST,1975-05-07 18:15:00,0,0,0,0,0K,0,,F0,Unknown,0.0,33,,,,,41.07,-94.37,,,,,IA,1975-05-07 19:15:00,1975-05-07 19:15:00,True,True
,10011474,Iowa,53,Decatur,,1975-05-07 19:00:00,CST,1975-05-07 19:00:00,0,0,0,0,25K,0,,F2,Unknown,0.0,33,,,,,40.82,-93.83,,,,,IA,1975-05-07 20:00:00,1975-05-07 20:00:00,True,True
,10011475,Iowa,39,Clarke,,1975-05-07 19:30:00,CST,1975-05-07 19:30:00,0,0,0,0,250K,0,,F2,Unknown,10.0,33,,,,,41.03,-93.78,,,,,IA,1975-05-07 20:30:00,1975-05-07 20:30:00,True,True
,10011486,Iowa,119,Lyon,,1975-05-20 17:45:00,CST,1975-05-20 17:45:00,0,0,0,0,2.5K,0,,F1,Unknown,0.0,33,,,,,43.4,-96.18,,,,,IA,1975-05-20 18:45:00,1975-05-20 18:45:00,True,True
,10011489,Iowa,193,Woodbury,,1975-05-22 16:45:00,CST,1975-05-22 16:45:00,0,0,0,0,25K,0,,F2,Unknown,0.0,33,,,,,42.47,-96.37,,,,,IA,1975-05-22 17:45:00,1975-05-22 17:45:00,True,True
,9998383,Florida,129,Wakulla,,1975-01-08 12:44:00,CST,1975-01-08 12:44:00,0,0,0,0,0K,0,,F0,Unknown,0.1,10,,,,,30.07,-84.57,,,,,FL,1975-01-08 12:44:00,1975-01-08 12:44:00,False,False
,9998384,Florida,91,Okaloosa,,1975-01-10 17:55:00,CST,1975-01-10 17:55:00,7,0,0,0,250K,0,,F1,Unknown,1.0,50,,,,,30.4,-86.75,,,,,FL,1975-01-10 17:55:00,1975-01-10 17:55:00,False,False
,9998385,Florida,59,Holmes,,1975-01-10 19:30:00,CST,1975-01-10 19:30:00,0,0,0,0,25K,0,,F0,Unknown,0.1,10,,,,,30.75,-85.93,,,,,FL,1975-01-10 19:30:00,1975-01-10 19:30:00,False,False
,10161822,Wyoming,35,Sublette,,1975-07-30 15:30:00,CST,1975-07-30 15:30:00,0,0,0,0,.03K,0,,F1,Unknown,0.1,33,,,,,42.88,-110.13,,,,,WY,1975-07-30 16:30:00,1975-07-30 16:30:00,True,True
,10161807,Wyoming,11,Crook,,1975-06-25 18:15:00,CST,1975-06-25 18:15:00,0,0,0,0,25K,0,,F3,Unknown,11.5,440,,,,,44.23,-104.35,44.37,-104.2,,,WY,1975-06-25 19:15:00,1975-06-25 19:15:00,True,True
,10161808,Wyoming,11,Crook,,1975-06-25 18:30:00,CST,1975-06-25 18:30:00,0,0,0,0,2.5K,0,,F1,Unknown,0.1,33,,,,,44.27,-104.18,,,,,WY,1975-06-25 19:30:00,1975-06-25 19:30:00,True,True
,10161809,Wyoming,21,Laramie,,1975-06-25 18:40:00,CST,1975-06-25 18:40:00,0,0,0,0,.03K,0,,F0,Unknown,0.1,33,,,,,41.37,-104.13,,,,,WY,1975-06-25 19:40:00,1975-06-25 19:40:00,True,True
,10047385,Mississippi,127,Simpson,,1975-01-10 09:10:00,CST,1975-01-10 09:10:00,1,0,0,0,25K,0,,F4,Unknown,11.9,150,,,,,31.75,-90.12,31.87,-89.97,,,MS,1975-01-10 09:10:00,1975-01-10 09:10:00,False,False
,10042001,Michigan,147,St. Clair,,1975-06-04 17:50:00,CST,1975-06-04 17:50:00,0,0,0,0,25K,0,,F1,Unknown,0.0,33,,,,,42.93,-82.77,,,,,MI,1975-06-04 18:50:00,1975-06-04 18:50:00,True,True
,10161797,Wyoming,25,Natrona,,1975-05-08 17:05:00,CST,1975-05-08 17:05:00,0,0,0,0,.03K,0,,F1,Unknown,0.0,33,,,,,43.45,-106.27,,,,,WY,1975-05-08 18:05:00,1975-05-08 18:05:00,True,True
,10161798,Wyoming,43,Washakie,,1975-06-18 17:09:00,CST,1975-06-18 17:09:00,0,0,0,0,0K,0,,F0,Unknown,0.0,33,,,,,44.08,-107.92,,,,,WY,1975-06-18 18:09:00,1975-06-18 18:09:00,True,True
,10161803,Wyoming,5,Campbell,,1975-06-25 15:30:00,CST,1975-06-25 15:30:00,1,0,0,0,0K,0,,F2,Unknown,16.3,67,,,,,44.3,-105.5,44.28,-105.17,,,WY,1975-06-25 16:30:00,1975-06-25 16:30:00,True,True
,10013771,Iowa,45,Clinton,,1975-11-09 19:15:00,CST,1975-11-09 19:15:00,2,0,0,0,250K,0,,F2,Unknown,12.3,200,,,,,41.9,-90.88,42.03,-90.72,,,IA,1975-11-09 19:15:00,1975-11-09 19:15:00,False,False
,10151017,Virginia,33,Caroline,,1975-03-24 13:30:00,CST,1975-03-24 13:30:00,0,0,0,0,25K,0,,F1,Unknown,0.5,200,,,,,38.03,-77.43,,,,,VA,1975-03-24 14:30:00,1975-03-24 14:30:00,True,True
,10151025,Virginia,159,Richmond,,1975-04-25 14:30:00,CST,1975-04-25 14:30:00,0,0,0,0,25K,0,,F2,Unknown,0.0,33,,,,,37.83,-76.63,,,,,VA,1975-04-25 15:30:00,1975-04-25 15:30:00,True,True
,10008080,Illinois,59,Gallatin,,1975-01-10 11:32:00,CST,1975-01-10 11:32:00,0,0,0,0,2.5K,0,,F1,Unknown,0.0,33,,,,,37.7,-88.13,,,,,IL,1975-01-10 11:32:00,1975-01-10 11:32:00,False,False
,9988431,Connecticut,5,Litchfield,,1975-06-19 17:45:00,CST,1975-06-19 17:45:00,0,0,0,0,0K,0,,F1,Unknown,5.1,33,,,,,41.83,-73.22,41.8,-73.12,,,CT,1975-06-19 18:45:00,1975-06-19 18:45:00,True,True
,9988621,Colorado,1,Adams,,1975-05-18 13:55:00,CST,1975-05-18 13:55:00,0,0,0,0,0K,0,,F3,Unknown,4.1,440,,,,,39.8,-104.73,39.85,-104.68,,,CO,1975-05-18 14:55:00,1975-05-18 14:55:00,True,True
,9999455,Florida,19,Clay,,1975-02-06 13:00:00,CST,1975-02-06 13:00:00,1,0,0,0,250K,0,,F1,Unknown,8.5,100,,,,,30.1,-82.1,30.13,-81.97,,,FL,1975-02-06 13:00:00,1975-02-06 13:00:00,False,False
,10021239,Kansas,57,Ford,,1975-06-27 13:35:00,CST,1975-06-27 13:35:00,0,0,0,0,0K,0,,F0,Unknown,0.1,10,,,,,37.55,-99.73,,,,,KS,1975-06-27 14:35:00,1975-06-27 14:35:00,True,True
,10066682,Nebraska,143,Polk,,1975-03-27 16:00:00,CST,1975-03-27 16:00:00,0,0,0,0,2.5K,0,,F1,Unknown,0.7,60,,,,,41.22,-97.42,,,,,NE,1975-03-27 17:00:00,1975-03-27 17:00:00,True,True
,10149345,Wisconsin,105,Rock,,1975-06-04 19:30:00,CST,1975-06-04 19:30:00,0,0,0,0,2.5K,0,,F1,Unknown,0.2,17,,,,,42.78,-89.12,,,,,WI,1975-06-04 20:30:00,1975-06-04 20:30:00,True,True
,10151001,Virginia,191,Washington,,1975-01-25 22:30:00,CST,1975-01-25 22:30:00,0,0,0,0,25K,0,,F2,Unknown,1.3,30,,,,,36.78,-81.77,36.78,-81.73,,,VA,1975-01-25 22:30:00,1975-01-25 22:30:00,False,False
,10151002,Virginia,173,Smyth,,1975-01-25 22:35:00,CST,1975-01-25 22:35:00,2,0,0,0,25K,0,,F2,Unknown,1.9,30,,,,,36.78,-81.73,36.8,-81.7,,,VA,1975-01-25 22:35:00,1975-01-25 22:35:00,False,False
,10149404,Wisconsin,107,Rusk,,1975-08-24 22:30:00,CST,1975-08-24 22:30:00,6,0,0,0,25K,0,,F2,Unknown,34.2,400,,,,,45.27,-91.45,45.55,-90.87,,,WI,1975-08-24 23:30:00,1975-08-24 23:30:00,True,True
,10149408,Wisconsin,21,Columbia,,1975-08-24 23:56:00,CST,1975-08-24 23:56:00,0,0,0,0,2.5K,0,,F1,Unknown,1.0,30,,,,,43.65,-89.55,,,,,WI,1975-08-25 00:56:00,1975-08-25 00:56:00,True,True
,10149409,Wisconsin,79,Milwaukee,,1975-08-25 02:11:00,CST,1975-08-25 02:11:00,0,0,0,0,2.5K,0,,F1,Unknown,0.1,10,,,,,43.03,-87.93,,,,,WI,1975-08-25 03:11:00,1975-08-25 03:11:00,True,True
,10149410,Wisconsin,79,Milwaukee,,1975-08-25 02:12:00,CST,1975-08-25 02:12:00,0,0,0,0,25K,0,,F2,Unknown,0.2,20,,,,,42.98,-87.95,,,,,WI,1975-08-25 03:12:00,1975-08-25 03:12:00,True,True
,10149411,Wisconsin,5,Barron,,1975-08-28 09:40:00,CST,1975-08-28 09:40:00,0,0,0,0,2.5K,0,,F1,Unknown,1.5,100,,,,,45.3,-91.65,,,,,WI,1975-08-28 10:40:00,1975-08-28 10:40:00,True,True
,10134425,Texas,113,Dallas,,1975-07-25 11:10:00,CST,1975-07-25 11:10:00,0,0,0,0,0K,0,,F0,Unknown,0.0,33,,,,,32.92,-96.5,,,,,TX,1975-07-25 12:10:00,1975-07-25 12:10:00,True,True
,10134426,Texas,401,Rusk,,1975-07-28 16:30:00,CST,1975-07-28 16:30:00,0,0,0,0,25K,0,,F1,Unknown,0.0,33,,,,,32.32,-94.92,,,,,TX,1975-07-28 17:30:00,1975-07-28 17:30:00,True,True
,10017686,Indiana,13,Brown,,1975-05-25 15:10:00,CST,1975-05-25 15:10:00,0,0,0,0,25K,0,,F0,Unknown,0.0,200,,,,,39.13,-86.25,,,,,IN,1975-05-25 16:10:00,1975-05-25 16:10:00,True,True
,10017691,Indiana,7,Benton,,1975-05-30 16:21:00,CST,1975-05-30 16:21:00,0,0,0,0,25K,0,,F0,Unknown,0.1,23,,,,,40.48,-87.52,,,,,IN,1975-05-30 17:21:00,1975-05-30 17:21:00,True,True
,10017694,Indiana,155,Switzerland,,1975-06-11 17:45:00,CST,1975-06-11 17:45:00,0,0,0,0,2.5K,0,,F0,Unknown,0.2,23,,,,,38.88,-85.07,,,,,IN,1975-06-11 18:45:00,1975-06-11 18:45:00,True,True
,10017699,Indiana,7,Benton,,1975-06-14 15:36:00,CST,1975-06-14 15:36:00,0,0,0,0,25K,0,,F0,Unknown,0.5,50,,,,,40.57,-87.45,,,,,IN,1975-06-14 16:36:00,1975-06-14 16:36:00,True,True
,10017701,Indiana,7,Benton,,1975-06-14 15:50:00,CST,1975-06-14 15:50:00,0,0,0,0,0K,0,,F0,Unknown,2.0,23,,,,,40.62,-87.4,,,,,IN,1975-06-14 16:50:00,1975-06-14 16:50:00,True,True
,10151026,Virginia,73,Gloucester,,1975-04-25 16:00:00,CST,1975-04-25 16:00:00,4,0,0,0,250K,0,,F1,Unknown,2.7,33,,,,,37.47,-76.48,37.48,-76.43,,,VA,1975-04-25 17:00:00,1975-04-25 17:00:00,True,True
,10161825,Wyoming,5,Campbell,,1975-07-30 21:00:00,CST,1975-07-30 21:00:00,0,0,0,0,0K,0,,F1,Unknown,2.0,33,,,,,44.7,-105.83,,,,,WY,1975-07-30 22:00:00,1975-07-30 22:00:00,True,True
,10161826,Wyoming,5,Campbell,,1975-07-30 21:00:00,CST,1975-07-30 21:00:00,0,0,0,0,0K,0,,F2,Unknown,12.4,33,,,,,43.82,-105.87,43.78,-105.62,,,WY,1975-07-30 22:00:00,1975-07-30 22:00:00,True,True
,10150388,Virginia,73,Gloucester,,1975-08-24 22:30:00,CST,1975-08-24 22:30:00,0,0,0,0,2.5K,0,,F1,Unknown,0.1,27,,,,,37.3,-76.53,,,,,VA,1975-08-24 23:30:00,1975-08-24 23:30:00,True,True
,10150391,Virginia,103,Lancaster,,1975-09-06 17:45:00,CST,1975-09-06 17:45:00,0,0,0,0,2.5K,0,,F1,Unknown,2.3,150,,,,,37.7,-76.52,37.7,-76.47,,,VA,1975-09-06 18:45:00,1975-09-06 18:45:00,True,True
,10146561,West Virginia,91,Taylor,,1975-07-06 16:45:00,CST,1975-07-06 16:45:00,0,0,0,0,.03K,0,,F0,Unknown,0.0,33,,,,,39.28,-80.2,,,,,WV,1975-07-06 17:45:00,1975-07-06 17:45:00,True,True
,10151005,Virginia,53,Dinwiddie,,1975-03-19 09:30:00,CST,1975-03-19 09:30:00,0,0,0,0,25K,0,,F1,Unknown,2.0,33,,,,,37.0,-77.68,,,,,VA,1975-03-19 10:30:00,1975-03-19 10:30:00,True,True
,10151006,Virginia,800,Suffolk (C),,1975-03-19 10:00:00,CST,1975-03-19 10:00:00,0,0,0,0,25K,0,,F1,Unknown,1.0,50,,,,,36.72,-76.58,,,,,VA,1975-03-19 10:00:00,1975-03-19 10:00:00,False,False
,10151007,Virginia,36,Charles City (C),,1975-03-19 10:33:00,CST,1975-03-19 10:33:00,0,0,0,0,25K,0,,F1,Unknown,0.1,40,,,,,37.33,-77.07,,,,,VA,1975-03-19 10:33:00,1975-03-19 10:33:00,False,False
,10150383,Virginia,43,Clarke,,1975-08-04 14:30:00,CST,1975-08-04 14:30:00,0,0,0,0,250K,0,,F2,Unknown,0.8,100,,,,,39.23,-78.03,,,,,VA,1975-08-04 15:30:00,1975-08-04 15:30:00,True,True
,10150384,Virginia,73,Gloucester,,1975-08-14 19:10:00,CST,1975-08-14 19:10:00,0,0,0,0,2.5K,0,,F0,Unknown,0.2,27,,,,,37.42,-76.53,,,,,VA,1975-08-14 20:10:00,1975-08-14 20:10:00,True,True
,10150385,Virginia,165,Rockingham,,1975-08-15 13:00:00,CST,1975-08-15 13:00:00,0,0,0,0,25K,0,,F1,Unknown,1.0,27,,,,,38.5,-78.8,,,,,VA,1975-08-15 14:00:00,1975-08-15 14:00:00,True,True
,9995698,Georgia,253,Seminole,,1975-01-12 11:45:00,CST,1975-01-12 11:45:00,0,0,0,0,25K,0,,F2,Unknown,37.8,100,,,,,30.78,-84.92,31.08,-84.38,,,GA,1975-01-12 11:45:00,1975-01-12 11:45:00,False,False
,10149354,Wisconsin,25,Dane,,1975-06-04 20:45:00,CST,1975-06-04 20:45:00,0,0,0,0,25K,0,,F3,Unknown,2.3,33,,,,,43.23,-89.23,43.23,-89.17,,,WI,1975-06-04 21:45:00,1975-06-04 21:45:00,True,True
,10055842,Minnesota,27,Clay,,1975-06-28 19:00:00,CST,1975-06-28 19:00:00,0,0,0,0,250K,0,,F3,Unknown,2.3,1760,,,,,46.87,-96.58,46.92,-96.57,,,MN,1975-06-28 20:00:00,1975-06-28 20:00:00,True,True
,10113975,South Dakota,19,Butte,,1975-06-25 20:35:00,CST,1975-06-25 20:35:00,0,0,0,0,2.5K,0,,F0,Unknown,0.0,33,,,,,44.97,-103.43,,,,,SD,1975-06-25 21:35:00,1975-06-25 21:35:00,True,True
,10149327,Wisconsin,1,Adams,,1975-04-17 21:45:00,CST,1975-04-17 21:45:00,0,0,0,0,25K,0,,F0,Unknown,0.0,30,,,,,44.2,-89.63,,,,,WI,1975-04-17 22:45:00,1975-04-17 22:45:00,True,True
,10151027,Virginia,115,Mathews,,1975-04-25 16:15:00,CST,1975-04-25 16:15:00,0,0,0,0,0K,0,,F1,Unknown,1.3,33,,,,,37.48,-76.43,37.5,-76.42,,,VA,1975-04-25 17:15:00,1975-04-25 17:15:00,True,True
,10150369,Virginia,135,Nottoway,,1975-07-10 14:30:00,CST,1975-07-10 14:30:00,0,0,0,0,25K,0,,F1,Unknown,0.0,33,,,,,37.22,-78.15,,,,,VA,1975-07-10 15:30:00,1975-07-10 15:30:00,True,True
,10150378,Virginia,83,Halifax,,1975-07-13 08:57:00,CST,1975-07-13 08:57:00,0,0,0,0,25K,0,,F1,Unknown,0.8,100,,,,,36.8,-78.92,,,,,VA,1975-07-13 09:57:00,1975-07-13 09:57:00,True,True
,10150379,Virginia,173,Smyth,,1975-07-13 18:00:00,CST,1975-07-13 18:00:00,0,0,0,0,0K,0,,,Unknown,0.0,33,,,,,36.83,-81.5,,,,,VA,1975-07-13 19:00:00,1975-07-13 19:00:00,True,True
,10150380,Virginia,183,Sussex,,1975-07-13 18:00:00,CST,1975-07-13 18:00:00,0,0,0,0,25K,0,,,Unknown,0.2,67,,,,,37.0,-77.17,,,,,VA,1975-07-13 19:00:00,1975-07-13 19:00:00,True,True
,10150381,Virginia,101,King William,,1975-07-13 19:20:00,CST,1975-07-13 19:20:00,0,0,0,0,.25K,0,,F0,Unknown,0.0,33,,,,,37.77,-77.17,,,,,VA,1975-07-13 20:20:00,1975-07-13 20:20:00,True,True
,10150382,Virginia,193,Westmoreland,,1975-07-17 16:00:00,CST,1975-07-17 16:00:00,0,0,0,0,25K,0,,,Unknown,0.4,30,,,,,38.07,-76.6,,,,,VA,1975-07-17 17:00:00,1975-07-17 17:00:00,True,True
,10001693,Florida,81,Manatee,,1975-08-03 09:00:00,CST,1975-08-03 09:00:00,0,0,0,0,0K,0,,F0,Unknown,2.0,50,,,,,27.48,-82.63,,,,,FL,1975-08-03 10:00:00,1975-08-03 10:00:00,True,True
,10090981,North Carolina,155,Robeson,,1975-02-16 15:30:00,CST,1975-02-16 15:30:00,1,0,0,0,25K,0,,F1,Unknown,0.1,77,,,,,34.87,-79.0,,,,,NC,1975-02-16 15:30:00,1975-02-16 15:30:00,False,False
,10069247,Nebraska,145,Red Willow,,1975-06-18 17:30:00,CST,1975-06-18 17:30:00,0,0,0,0,2.5K,0,,F1,Unknown,12.6,33,,,,,40.2,-100.42,40.38,-100.42,,,NE,1975-06-18 18:30:00,1975-06-18 18:30:00,True,True
,10151890,Virginia,53,Dinwiddie,,1975-06-01 07:30:00,CST,1975-06-01 07:30:00,0,0,0,0,0K,0,,F1,Unknown,0.0,33,,,,,37.17,-77.7,,,,,VA,1975-06-01 08:30:00,1975-06-01 08:30:00,True,True
,10151894,Virginia,173,Smyth,,1975-06-05 17:15:00,CST,1975-06-05 17:15:00,0,0,0,0,0K,0,,F0,Unknown,0.0,33,,,,,36.8,-81.53,,,,,VA,1975-06-05 18:15:00,1975-06-05 18:15:00,True,True
,10151898,Virginia,15,Augusta,,1975-06-05 19:30:00,CST,1975-06-05 19:30:00,0,0,0,0,0K,0,,F0,Unknown,0.0,33,,,,,38.07,-78.95,,,,,VA,1975-06-05 20:30:00,1975-06-05 20:30:00,True,True
,10151899,Virginia,163,Rockbridge,,1975-06-05 19:30:00,CST,1975-06-05 19:30:00,0,0,0,0,0K,0,,F0,Unknown,0.0,33,,,,,37.8,-79.62,,,,,VA,1975-06-05 20:30:00,1975-06-05 20:30:00,True,True
,10022349,Kansas,53,Ellsworth,,1975-09-10 19:10:00,CST,1975-09-10 19:10:00,0,0,0,0,250K,0,,F1,Unknown,7.8,33,,,,,38.55,-97.95,38.6,-97.82,,,KS,1975-09-10 20:10:00,1975-09-10 20:10:00,True,True
,10111643,South Dakota,119,Sully,,1975-05-07 15:30:00,CST,1975-05-07 15:30:00,0,0,0,0,.25K,0,,F0,Unknown,0.0,33,,,,,44.63,-100.13,,,,,SD,1975-05-07 16:30:00,1975-05-07 16:30:00,True,True
,10087649,North Carolina,161,Rutherford,,1975-05-18 01:00:00,CST,1975-05-18 01:00:00,0,0,0,0,2.5K,0,,F2,Unknown,0.0,33,,,,,35.38,-81.83,,,,,NC,1975-05-18 02:00:00,1975-05-18 02:00:00,True,True
,10093065,Oklahoma,109,Oklahoma,,1975-11-19 11:40:00,CST,1975-11-19 11:40:00,0,0,0,0,25K,0,,F1,Unknown,0.3,33,,,,,35.57,-97.47,,,,,OK,1975-11-19 11:40:00,1975-11-19 11:40:00,False,False
,10006689,Illinois,121,Marion,,1975-04-18 18:21:00,CST,1975-04-18 18:21:00,0,0,0,0,250K,0,,F1,Unknown,2.0,50,,,,,38.63,-88.95,,,,,IL,1975-04-18 19:21:00,1975-04-18 19:21:00,True,True
,10146559,West Virginia,21,Gilmer,,1975-06-19 17:30:00,CST,1975-06-19 17:30:00,0,0,0,0,25K,0,,F0,Unknown,0.0,33,,,,,38.85,-80.83,,,,,WV,1975-06-19 18:30:00,1975-06-19 18:30:00,True,True
,10131950,Texas,245,Jefferson,,1975-05-14 16:20:00,CST,1975-05-14 16:20:00,0,0,0,0,.03K,0,,F0,Unknown,0.0,33,,,,,30.08,-94.1,,,,,TX,1975-05-14 17:20:00,1975-05-14 17:20:00,True,True
,10131960,Texas,19,Bandera,,1975-05-19 17:10:00,CST,1975-05-19 17:10:00,0,0,0,0,0K,0,,F0,Unknown,0.0,200,,,,,29.72,-99.07,,,,,TX,1975-05-19 18:10:00,1975-05-19 18:10:00,True,True
,10131961,Texas,259,Kendall,,1975-05-19 17:40:00,CST,1975-05-19 17:40:00,0,0,0,0,0K,0,,F0,Unknown,0.0,33,,,,,29.78,-98.73,,,,,TX,1975-05-19 18:40:00,1975-05-19 18:40:00,True,True
,10131962,Texas,163,Frio,,1975-05-19 18:25:00,CST,1975-05-19 18:25:00,0,0,0,0,0K,0,,F0,Unknown,0.0,33,,,,,28.87,-99.08,,,,,TX,1975-05-19 19:25:00,1975-05-19 19:25:00,True,True
,10131964,Texas,463,Uvalde,,1975-05-19 19:00:00,CST,1975-05-19 19:00:00,0,0,0,0,0K,0,,F2,Unknown,0.0,33,,,,,29.22,-99.8,,,,,TX,1975-05-19 20:00:00,1975-05-19 20:00:00,True,True
,10131968,Texas,27,Bell,,1975-05-20 07:35:00,CST,1975-05-20 07:35:00,0,0,0,0,0K,0,,F0,Unknown,0.0,33,,,,,31.12,-97.35,,,,,TX,1975-05-20 08:35:00,1975-05-20 08:35:00,True,True
,10135522,Texas,337,Montague,,1975-05-27 16:58:00,CST,1975-05-27 16:58:00,0,0,0,0,0K,0,,F0,Unknown,0.0,33,,,,,33.67,-97.92,,,,,TX,1975-05-27 17:58:00,1975-05-27 17:58:00,True,True
,10135526,Texas,11,Armstrong,,1975-05-28 17:38:00,CST,1975-05-28 17:38:00,0,0,0,0,2.5K,0,,F0,Unknown,3.0,50,,,,,36.23,-102.23,36.27,-102.2,,,TX,1975-05-28 18:38:00,1975-05-28 18:38:00,True,True
,10146558,West Virginia,33,Harrison,,1975-06-19 17:05:00,CST,1975-06-19 17:05:00,0,0,0,0,25K,0,,F1,Unknown,0.2,33,,,,,39.18,-80.32,,,,,WV,1975-06-19 18:05:00,1975-06-19 18:05:00,True,True
,9996616,Georgia,127,Glynn,,1975-04-14 18:45:00,CST,1975-04-14 18:45:00,0,0,0,0,25K,0,,F1,Unknown,0.5,27,,,,,31.18,-81.5,,,,,GA,1975-04-14 19:45:00,1975-04-14 19:45:00,True,True
,10131924,Texas,359,Oldham,,1975-05-10 19:20:00,CST,1975-05-10 19:20:00,0,0,0,0,0K,0,,F0,Unknown,1.0,30,,,,,35.15,-102.55,,,,,TX,1975-05-10 20:20:00,1975-05-10 20:20:00,True,True
,10131931,Texas,205,Hartley,,1975-05-12 17:20:00,CST,1975-05-12 17:20:00,0,0,0,0,2.5K,0,,F0,Unknown,3.6,60,,,,,35.68,-102.53,35.72,-102.48,,,TX,1975-05-12 18:20:00,1975-05-12 18:20:00,True,True
,10131933,Texas,65,Carson,,1975-05-12 23:30:00,CST,1975-05-12 23:30:00,0,0,0,0,0K,0,,F0,Unknown,1.0,30,,,,,35.23,-101.22,,,,,TX,1975-05-13 00:30:00,1975-05-13 00:30:00,True,True
,10131935,Texas,179,Gray,,1975-05-12 23:57:00,CST,1975-05-12 23:57:00,0,0,0,0,0K,0,,F0,Unknown,0.5,30,,,,,35.32,-100.95,,,,,TX,1975-05-13 00:57:00,1975-05-13 00:57:00,True,True
,10131937,Texas,83,Coleman,,1975-05-13 17:15:00,CST,1975-05-13 17:15:00,5,0,2,0,0K,0,,F3,Unknown,0.1,27,,,,,31.83,-99.43,,,,,TX,1975-05-13 18:15:00,1975-05-13 18:15:00,True,True
,10135586,Texas,245,Jefferson,,1975-06-10 09:00:00,CST,1975-06-10 09:00:00,0,0,0,0,0K,0,,F0,Unknown,0.0,33,,,,,30.08,-94.1,,,,,TX,1975-06-10 10:00:00,1975-06-10 10:00:00,True,True
,10013772,Iowa,97,Jackson,,1975-11-09 19:30:00,CST,1975-11-09 19:30:00,2,0,0,0,250K,0,,F2,Unknown,1.3,200,,,,,42.05,-90.72,42.07,-90.67,,,IA,1975-11-09 19:30:00,1975-11-09 19:30:00,False,False
,10133280,Texas,453,Travis,,1975-05-05 13:25:00,CST,1975-05-05 13:25:00,0,0,0,0,0K,0,,F0,Unknown,3.0,400,,,,,30.18,-97.85,,,,,TX,1975-05-05 14:25:00,1975-05-05 14:25:00,True,True
,10133301,Texas,453,Travis,,1975-05-07 16:00:00,CST,1975-05-07 16:00:00,0,0,0,0,250K,0,,F2,Unknown,0.0,33,,,,,30.72,-98.37,,,,,TX,1975-05-07 17:00:00,1975-05-07 17:00:00,True,True
,10133304,Texas,491,Williamson,,1975-05-07 17:00:00,CST,1975-05-07 17:00:00,0,0,0,0,2.5K,0,,F1,Unknown,1.0,33,,,,,30.58,-97.85,,,,,TX,1975-05-07 18:00:00,1975-05-07 18:00:00,True,True
,10133308,Texas,27,Bell,,1975-05-07 17:30:00,CST,1975-05-07 17:30:00,2,0,0,0,250K,0,,F2,Unknown,0.0,33,,,,,31.08,-97.62,,,,,TX,1975-05-07 18:30:00,1975-05-07 18:30:00,True,True
,10133318,Texas,255,Karnes,,1975-05-08 16:25:00,CST,1975-05-08 16:25:00,0,0,0,0,2.5K,0,,F0,Unknown,0.0,33,,,,,28.98,-98.28,,,,,TX,1975-05-08 17:25:00,1975-05-08 17:25:00,True,True
,10133320,Texas,507,Zavala,,1975-05-08 16:45:00,CST,1975-05-08 16:45:00,0,0,0,0,0K,0,,F0,Unknown,0.0,33,,,,,28.88,-99.83,,,,,TX,1975-05-08 17:45:00,1975-05-08 17:45:00,True,True
,10135590,Texas,61,Cameron,,1975-06-10 12:45:00,CST,1975-06-10 12:45:00,0,0,0,0,0K,0,,F0,Unknown,0.0,33,,,,,26.07,-97.2,,,,,TX,1975-06-10 13:45:00,1975-06-10 13:45:00,True,True
,10131946,Texas,439,Tarrant,,1975-05-14 12:20:00,CST,1975-05-14 12:20:00,1,0,0,0,25K,0,,F2,Unknown,0.5,100,,,,,32.97,-97.35,,,,,TX,1975-05-14 13:20:00,1975-05-14 13:20:00,True,True
,10010094,Illinois,43,Du Page,,1975-06-18 12:50:00,CST,1975-06-18 12:50:00,0,0,0,0,2.5K,0,,F0,Unknown,0.0,33,,,,,41.88,-88.2,,,,,IL,1975-06-18 12:50:00,1975-06-18 12:50:00,False,False
,10133057,Texas,399,Runnels,,1975-05-04 15:45:00,CST,1975-05-04 15:45:00,0,0,0,0,0K,0,,F0,Unknown,0.0,33,,,,,31.65,-100.18,,,,,TX,1975-05-04 16:45:00,1975-05-04 16:45:00,True,True
,10024598,Kansas,95,Kingman,,1975-05-21 22:30:00,CST,1975-05-21 22:30:00,0,0,0,0,2.5K,0,,F0,Unknown,4.5,400,,,,,37.63,-98.43,37.7,-98.42,,,KS,1975-05-21 23:30:00,1975-05-21 23:30:00,True,True
,10024600,Kansas,89,Jewell,,1975-05-22 13:30:00,CST,1975-05-22 13:30:00,0,0,0,0,25K,0,,F1,Unknown,4.9,33,,,,,39.75,-98.22,39.82,-98.17,,,KS,1975-05-22 14:30:00,1975-05-22 14:30:00,True,True
,10024570,Kansas,97,Kiowa,,1975-05-02 18:01:00,CST,1975-05-02 18:01:00,0,0,0,0,2.5K,0,,F1,Unknown,0.1,7,,,,,37.75,-99.4,,,,,KS,1975-05-02 19:01:00,1975-05-02 19:01:00,True,True
,10022369,Kansas,79,Harvey,,1975-11-29 15:00:00,CST,1975-11-29 15:00:00,0,0,0,0,250K,0,,F0,Unknown,0.1,33,,,,,38.0,-97.52,,,,,KS,1975-11-29 15:00:00,1975-11-29 15:00:00,False,False
,10135497,Texas,453,Travis,,1975-05-23 15:15:00,CST,1975-05-23 15:15:00,0,0,0,0,0K,0,,F0,Unknown,2.0,400,,,,,30.28,-97.75,,,,,TX,1975-05-23 16:15:00,1975-05-23 16:15:00,True,True
,10135498,Texas,91,Comal,,1975-05-23 16:00:00,CST,1975-05-23 16:00:00,0,0,0,0,0K,0,,F0,Unknown,0.0,33,,,,,29.7,-98.13,,,,,TX,1975-05-23 17:00:00,1975-05-23 17:00:00,True,True
,10009208,Illinois,125,Mason,,1975-11-29 22:20:00,CST,1975-11-29 22:20:00,0,0,0,0,250K,0,,F2,Unknown,18.6,33,,,,,40.25,-90.02,40.42,-89.73,,,IL,1975-11-29 22:20:00,1975-11-29 22:20:00,False,False
,10009211,Illinois,107,Logan,,1975-11-29 23:16:00,CST,1975-11-29 23:16:00,1,0,0,0,25K,0,,F1,Unknown,0.0,33,,,,,40.02,-89.48,,,,,IL,1975-11-29 23:16:00,1975-11-29 23:16:00,False,False
,10009212,Illinois,167,Sangamon,,1975-11-29 23:20:00,CST,1975-11-29 23:20:00,1,0,0,0,250K,0,,F1,Unknown,4.3,200,,,,,39.57,-89.67,39.58,-89.58,,,IL,1975-11-29 23:20:00,1975-11-29 23:20:00,False,False
,10009213,Illinois,115,Macon,,1975-11-30 00:07:00,CST,1975-11-30 00:07:00,0,0,0,0,2.5M,0,,F2,Unknown,5.9,33,,,,,39.83,-88.97,39.82,-88.85,,,IL,1975-11-30 00:07:00,1975-11-30 00:07:00,False,False
,10132978,Texas,343,Morris,,1975-01-10 01:30:00,CST,1975-01-10 01:30:00,0,0,0,0,25K,0,,F2,Unknown,0.3,213,,,,,33.03,-94.73,,,,,TX,1975-01-10 01:30:00,1975-01-10 01:30:00,False,False
,10132979,Texas,37,Bowie,,1975-01-10 02:00:00,CST,1975-01-10 02:00:00,0,0,0,0,250K,0,,F2,Unknown,4.0,107,,,,,33.47,-94.27,,,,,TX,1975-01-10 02:00:00,1975-01-10 02:00:00,False,False
,10132987,Texas,167,Galveston,,1975-01-10 03:55:00,CST,1975-01-10 03:55:00,0,0,0,0,25K,0,,F1,Unknown,0.0,33,,,,,29.37,-94.97,,,,,TX,1975-01-10 03:55:00,1975-01-10 03:55:00,False,False
,10132988,Texas,241,Jasper,,1975-01-10 04:30:00,CST,1975-01-10 04:30:00,0,0,0,0,25K,0,,F1,Unknown,0.0,33,,,,,30.92,-94.0,,,,,TX,1975-01-10 04:30:00,1975-01-10 04:30:00,False,False
,10022389,Kansas,131,Nemaha,,1975-12-13 23:05:00,CST,1975-12-13 23:05:00,0,0,0,0,250K,0,,F1,Unknown,16.8,300,,,,,39.83,-96.08,39.92,-95.78,,,KS,1975-12-13 23:05:00,1975-12-13 23:05:00,False,False
,10012378,Iowa,49,Dallas,,1975-06-14 12:33:00,CST,1975-06-14 12:33:00,0,0,0,0,2.5K,0,,F1,Unknown,5.4,33,,,,,41.52,-93.9,41.52,-93.78,,,IA,1975-06-14 13:33:00,1975-06-14 13:33:00,True,True
,10001716,Florida,115,Sarasota,,1975-08-26 16:15:00,CST,1975-08-26 16:15:00,0,0,0,0,25K,0,,F1,Unknown,0.1,30,,,,,27.33,-82.42,,,,,FL,1975-08-26 17:15:00,1975-08-26 17:15:00,True,True
,10001717,Florida,86,Miami-Dade,,1975-08-26 19:48:00,CST,1975-08-26 19:48:00,0,0,0,0,25K,0,,F0,Unknown,2.0,30,,,,,25.8,-80.28,,,,,FL,1975-08-26 20:48:00,1975-08-26 20:48:00,True,True
,10001718,Florida,57,Hillsborough,,1975-09-03 15:45:00,CST,1975-09-03 15:45:00,0,0,0,0,25K,0,,F1,Unknown,0.5,30,,,,,27.98,-82.47,,,,,FL,1975-09-03 16:45:00,1975-09-03 16:45:00,True,True
,10018274,Indiana,49,Fulton,,1975-06-17 16:00:00,CST,1975-06-17 16:00:00,0,0,0,0,0K,0,,F0,Unknown,0.1,23,,,,,40.92,-86.37,,,,,IN,1975-06-17 17:00:00,1975-06-17 17:00:00,True,True
,10127525,Tennessee,45,Dyer,,1975-11-10 01:00:00,CST,1975-11-10 01:00:00,0,0,0,0,25K,0,,F1,Unknown,0.1,23,,,,,36.0,-89.5,,,,,TN,1975-11-10 01:00:00,1975-11-10 01:00:00,False,False
,10134376,Texas,499,Wood,,1975-04-29 19:40:00,CST,1975-04-29 19:40:00,0,0,0,0,25K,0,,F2,Unknown,0.0,33,,,,,32.67,-95.48,,,,,TX,1975-04-29 20:40:00,1975-04-29 20:40:00,True,True
,10134377,Texas,37,Bowie,,1975-04-29 20:30:00,CST,1975-04-29 20:30:00,0,0,0,0,250K,0,,F2,Unknown,0.0,33,,,,,33.5,-94.62,,,,,TX,1975-04-29 21:30:00,1975-04-29 21:30:00,True,True
,10134379,Texas,245,Jefferson,,1975-04-29 20:45:00,CST,1975-04-29 20:45:00,0,0,0,0,0K,0,,F1,Unknown,0.0,33,,,,,30.08,-94.1,,,,,TX,1975-04-29 21:45:00,1975-04-29 21:45:00,True,True
,10001714,Florida,9,Brevard,,1975-08-20 16:00:00,CST,1975-08-20 16:00:00,0,0,0,0,2.5K,0,,F1,Unknown,0.1,20,,,,,28.67,-80.88,,,,,FL,1975-08-20 17:00:00,1975-08-20 17:00:00,True,True
,10134384,Texas,361,Orange,,1975-04-29 21:20:00,CST,1975-04-29 21:20:00,0,0,0,0,0K,0,,F0,Unknown,0.0,33,,,,,30.08,-94.02,,,,,TX,1975-04-29 22:20:00,1975-04-29 22:20:00,True,True
,10134385,Texas,351,Newton,,1975-04-29 21:25:00,CST,1975-04-29 21:25:00,0,0,0,0,0K,0,,F0,Unknown,0.0,33,,,,,30.3,-93.75,,,,,TX,1975-04-29 22:25:00,1975-04-29 22:25:00,True,True
,9999230,Florida,133,Washington,,1975-01-12 10:15:00,CST,1975-01-12 10:15:00,0,0,0,0,25K,0,,F1,Unknown,20.6,50,,,,,30.5,-85.67,30.73,-85.45,,,FL,1975-01-12 10:15:00,1975-01-12 10:15:00,False,False
,9999231,Florida,5,Bay,,1975-01-12 10:20:00,CST,1975-01-12 10:20:00,3,0,1,0,250K,0,,F2,Unknown,25.6,50,,,,,30.17,-85.7,30.42,-85.38,,,FL,1975-01-12 10:20:00,1975-01-12 10:20:00,False,False
,10012600,Iowa,181,Warren,,1975-06-18 05:00:00,CST,1975-06-18 05:00:00,0,0,0,0,2.5K,0,,F2,Unknown,0.0,33,,,,,41.37,-93.5,,,,,IA,1975-06-18 06:00:00,1975-06-18 06:00:00,True,True
,10012602,Iowa,145,Page,,1975-06-18 06:00:00,CST,1975-06-18 06:00:00,0,0,0,0,25K,0,,F2,Unknown,0.0,33,,,,,40.67,-95.23,,,,,IA,1975-06-18 07:00:00,1975-06-18 07:00:00,True,True
,10146336,West Virginia,25,Greenbrier,,1975-04-24 16:45:00,CST,1975-04-24 16:45:00,0,0,0,0,25K,0,,F2,Unknown,6.0,67,,,,,37.78,-80.47,,,,,WV,1975-04-24 17:45:00,1975-04-24 17:45:00,True,True
,10146337,West Virginia,47,Mcdowell,,1975-05-12 17:00:00,CST,1975-05-12 17:00:00,0,0,0,0,25K,0,,F1,Unknown,1.0,100,,,,,37.47,-81.58,,,,,WV,1975-05-12 17:00:00,1975-05-12 17:00:00,False,False
,10135502,Texas,187,Guadalupe,,1975-05-23 16:35:00,CST,1975-05-23 16:35:00,0,0,0,0,0K,0,,F0,Unknown,0.0,33,,,,,29.67,-97.97,,,,,TX,1975-05-23 17:35:00,1975-05-23 17:35:00,True,True
,10135510,Texas,355,Nueces,,1975-05-24 11:15:00,CST,1975-05-24 11:15:00,0,0,0,0,0K,0,,F0,Unknown,0.0,33,,,,,29.58,-97.8,,,,,TX,1975-05-24 12:15:00,1975-05-24 12:15:00,True,True
,10135512,Texas,451,Tom Green,,1975-05-26 16:05:00,CST,1975-05-26 16:05:00,0,0,0,0,0K,0,,F0,Unknown,2.0,30,,,,,31.55,-100.27,,,,,TX,1975-05-26 17:05:00,1975-05-26 17:05:00,True,True
,10135514,Texas,441,Taylor,,1975-05-26 18:40:00,CST,1975-05-26 18:40:00,0,0,0,0,0K,0,,F0,Unknown,0.0,33,,,,,32.4,-99.92,,,,,TX,1975-05-26 19:40:00,1975-05-26 19:40:00,True,True
,10135519,Texas,439,Tarrant,,1975-05-26 22:40:00,CST,1975-05-26 22:40:00,0,0,0,0,0K,0,,F0,Unknown,0.0,33,,,,,32.9,-97.53,,,,,TX,1975-05-26 23:40:00,1975-05-26 23:40:00,True,True
,10010256,Illinois,107,Logan,,1975-06-01 18:20:00,CST,1975-06-01 18:20:00,0,0,0,0,.25K,0,,F0,Unknown,0.0,33,,,,,40.3,-89.47,,,,,IL,1975-06-01 19:20:00,1975-06-01 19:20:00,True,True
,10029632,Louisiana,83,Richland,,1975-03-23 18:50:00,CST,1975-03-23 18:50:00,0,0,0,0,25K,0,,F1,Unknown,0.5,33,,,,,32.6,-91.63,,,,,LA,1975-03-23 19:50:00,1975-03-23 19:50:00,True,True
,10029635,Louisiana,35,East Carroll,,1975-03-23 19:30:00,CST,1975-03-23 19:30:00,0,0,0,0,250K,0,,F2,Unknown,0.0,50,,,,,32.68,-91.2,,,,,LA,1975-03-23 20:30:00,1975-03-23 20:30:00,True,True
,10029636,Louisiana,27,Claiborne,,1975-03-28 16:53:00,CST,1975-03-28 16:53:00,0,0,0,0,25K,0,,F1,Unknown,3.6,50,,,,,32.88,-93.12,32.92,-93.07,,,LA,1975-03-28 17:53:00,1975-03-28 17:53:00,True,True
,10135267,Texas,433,Stonewall,,1975-05-21 19:05:00,CST,1975-05-21 19:05:00,0,0,0,0,0K,0,,F0,Unknown,0.5,20,,,,,33.38,-100.32,,,,,TX,1975-05-21 20:05:00,1975-05-21 20:05:00,True,True
,10135272,Texas,415,Scurry,,1975-05-22 17:10:00,CST,1975-05-22 17:10:00,0,0,0,0,0K,0,,F0,Unknown,0.5,20,,,,,32.57,-100.88,,,,,TX,1975-05-22 18:10:00,1975-05-22 18:10:00,True,True
,10135273,Texas,485,Wichita,,1975-05-22 17:40:00,CST,1975-05-22 17:40:00,0,0,0,0,0K,0,,F0,Unknown,0.0,33,,,,,34.1,-98.65,,,,,TX,1975-05-22 18:40:00,1975-05-22 18:40:00,True,True
,10135275,Texas,233,Hutchinson,,1975-05-22 19:45:00,CST,1975-05-22 19:45:00,0,0,0,0,0K,0,,F0,Unknown,2.0,40,,,,,35.82,-101.65,,,,,TX,1975-05-22 20:45:00,1975-05-22 20:45:00,True,True
,10135276,Texas,151,Fisher,,1975-05-22 20:40:00,CST,1975-05-22 20:40:00,0,0,0,0,0K,0,,F0,Unknown,0.5,20,,,,,32.97,-100.47,,,,,TX,1975-05-22 21:40:00,1975-05-22 21:40:00,True,True
,10135277,Texas,227,Howard,,1975-05-22 21:00:00,CST,1975-05-22 21:00:00,0,0,0,0,0K,0,,F0,Unknown,1.0,30,,,,,32.17,-101.47,,,,,TX,1975-05-22 22:00:00,1975-05-22 22:00:00,True,True
,10024608,Kansas,9,Barton,,1975-05-27 21:30:00,CST,1975-05-27 21:30:00,0,0,0,0,250K,0,,F3,Unknown,0.5,20,,,,,38.53,-98.63,,,,,KS,1975-05-27 22:30:00,1975-05-27 22:30:00,True,True
,10001704,Florida,127,Volusia,,1975-08-09 14:00:00,CST,1975-08-09 14:00:00,0,0,0,0,2.5K,0,,F0,Unknown,0.1,20,,,,,29.03,-81.27,,,,,FL,1975-08-09 15:00:00,1975-08-09 15:00:00,True,True
,10001707,Florida,111,St. Lucie,,1975-08-11 20:00:00,CST,1975-08-11 20:00:00,1,0,0,0,25K,0,,F1,Unknown,0.1,30,,,,,27.45,-80.45,,,,,FL,1975-08-11 21:00:00,1975-08-11 21:00:00,True,True
,10001708,Florida,111,St. Lucie,,1975-08-12 15:20:00,CST,1975-08-12 15:20:00,0,0,0,0,2.5K,0,,F0,Unknown,0.1,20,,,,,27.45,-80.33,,,,,FL,1975-08-12 16:20:00,1975-08-12 16:20:00,True,True
,10001709,Florida,103,Pinellas,,1975-08-17 11:20:00,CST,1975-08-17 11:20:00,0,0,0,0,2.5K,0,,F0,Unknown,0.1,20,,,,,27.77,-82.67,,,,,FL,1975-08-17 12:20:00,1975-08-17 12:20:00,True,True
,10001711,Florida,23,Columbia,,1975-08-20 15:00:00,CST,1975-08-20 15:00:00,0,0,0,0,25K,0,,F1,Unknown,0.1,40,,,,,30.18,-82.63,,,,,FL,1975-08-20 16:00:00,1975-08-20 16:00:00,True,True
,10010276,Illinois,187,Warren,,1975-06-13 19:30:00,CST,1975-06-13 19:30:00,0,0,0,0,2.5K,0,,F0,Unknown,0.0,33,,,,,40.88,-90.67,,,,,IL,1975-06-13 20:30:00,1975-06-13 20:30:00,True,True
,10010282,Illinois,57,Fulton,,1975-06-13 21:28:00,CST,1975-06-13 21:28:00,0,0,0,0,2.5M,0,,F3,Unknown,6.6,1300,,,,,40.68,-90.25,40.67,-90.12,,,IL,1975-06-13 22:28:00,1975-06-13 22:28:00,True,True
,10010301,Illinois,11,Bureau,,1975-06-14 14:30:00,CST,1975-06-14 14:30:00,0,0,0,0,250K,0,,F2,Unknown,0.0,33,,,,,41.17,-89.55,,,,,IL,1975-06-14 15:30:00,1975-06-14 15:30:00,True,True
,10135540,Texas,167,Galveston,,1975-05-29 18:15:00,CST,1975-05-29 18:15:00,0,0,0,0,0K,0,,F1,Unknown,0.0,33,,,,,29.47,-95.05,,,,,TX,1975-05-29 19:15:00,1975-05-29 19:15:00,True,True
,9999469,Florida,91,Okaloosa,,1975-03-13 19:35:00,CST,1975-03-13 19:35:00,0,0,0,0,250K,0,,F1,Unknown,9.2,50,,,,,30.93,-86.5,31.0,-86.37,,,FL,1975-03-13 20:35:00,1975-03-13 20:35:00,True,True
,9999471,Florida,123,Taylor,,1975-03-18 18:00:00,CST,1975-03-18 18:00:00,1,0,0,0,2.5K,0,,F1,Unknown,0.2,10,,,,,29.73,-83.33,,,,,FL,1975-03-18 19:00:00,1975-03-18 19:00:00,True,True
,9999472,Florida,109,St. Johns,,1975-03-18 19:40:00,CST,1975-03-18 19:40:00,0,0,0,0,250K,0,,F2,Unknown,1.0,100,,,,,29.92,-81.33,,,,,FL,1975-03-18 20:40:00,1975-03-18 20:40:00,True,True
,10024555,Kansas,123,Mitchell,,1975-04-27 17:30:00,CST,1975-04-27 17:30:00,0,0,0,0,2.5K,0,,F0,Unknown,0.5,300,,,,,39.23,-98.42,,,,,KS,1975-04-27 18:30:00,1975-04-27 18:30:00,True,True
,10024558,Kansas,89,Jewell,,1975-04-27 18:05:00,CST,1975-04-27 18:05:00,0,0,0,0,2.5K,0,,F0,Unknown,0.3,10,,,,,39.6,-98.13,,,,,KS,1975-04-27 19:05:00,1975-04-27 19:05:00,True,True
,9996864,Georgia,127,Glynn,,1975-06-09 10:16:00,CST,1975-06-09 10:16:00,0,0,0,0,2.5K,0,,,Unknown,0.0,33,,,,,31.15,-81.42,,,,,GA,1975-06-09 11:16:00,1975-06-09 11:16:00,True,True
,10029656,Louisiana,115,Vernon,,1975-04-29 22:30:00,CST,1975-04-29 22:30:00,8,0,2,0,250K,0,,F2,Unknown,14.8,50,,,,,30.93,-93.18,30.93,-92.93,,,LA,1975-04-29 23:30:00,1975-04-29 23:30:00,True,True
,10010303,Illinois,99,La Salle,,1975-06-14 14:35:00,CST,1975-06-14 14:35:00,0,0,0,0,250K,0,,F2,Unknown,1.0,167,,,,,41.22,-89.15,,,,,IL,1975-06-14 15:35:00,1975-06-14 15:35:00,True,True
,10134463,Texas,139,Ellis,,1975-10-24 15:30:00,CST,1975-10-24 15:30:00,0,0,0,0,25K,0,,F2,Unknown,0.0,33,,,,,32.13,-96.95,,,,,TX,1975-10-24 16:30:00,1975-10-24 16:30:00,True,True
,10134466,Texas,239,Jackson,,1975-12-24 16:00:00,CST,1975-12-24 16:00:00,0,0,0,0,0K,0,,F3,Unknown,1.0,440,,,,,29.02,-96.5,,,,,TX,1975-12-24 16:00:00,1975-12-24 16:00:00,False,False
,10030721,Louisiana,79,Rapides,,1975-04-29 23:30:00,CST,1975-04-29 23:30:00,3,0,0,0,250K,0,,F2,Unknown,2.0,50,,,,,31.15,-92.5,,,,,LA,1975-04-30 00:30:00,1975-04-30 00:30:00,True,True
,10030722,Louisiana,83,Richland,,1975-04-30 00:01:00,CST,1975-04-30 00:01:00,3,0,0,0,25K,0,,F2,Unknown,5.1,50,,,,,32.47,-91.65,32.48,-91.57,,,LA,1975-04-30 01:01:00,1975-04-30 01:01:00,True,True
,10030723,Louisiana,83,Richland,,1975-04-30 00:05:00,CST,1975-04-30 00:05:00,0,0,0,0,2.5K,0,,F2,Unknown,0.0,50,,,,,32.5,-91.58,,,,,LA,1975-04-30 01:05:00,1975-04-30 01:05:00,True,True
,10030724,Louisiana,41,Franklin,,1975-04-30 00:05:00,CST,1975-04-30 00:05:00,3,0,0,0,25K,0,,F2,Unknown,31.3,77,,,,,32.0,-91.9,32.3,-91.5,,,LA,1975-04-30 01:05:00,1975-04-30 01:05:00,True,True
,10010250,Illinois,113,Mclean,,1975-05-30 14:40:00,CST,1975-05-30 14:40:00,0,0,0,0,25K,0,,F2,Unknown,4.3,100,,,,,40.6,-89.13,40.65,-89.07,,,IL,1975-05-30 14:40:00,1975-05-30 14:40:00,False,False
,10133322,Texas,493,Wilson,,1975-05-08 17:20:00,CST,1975-05-08 17:20:00,0,0,0,0,0K,0,,F0,Unknown,0.0,33,,,,,29.12,-98.17,,,,,TX,1975-05-08 18:20:00,1975-05-08 18:20:00,True,True
,10133325,Texas,469,Victoria,,1975-05-08 18:30:00,CST,1975-05-08 18:30:00,0,0,0,0,0K,0,,F0,Unknown,0.0,33,,,,,28.97,-96.98,,,,,TX,1975-05-08 19:30:00,1975-05-08 19:30:00,True,True
,10134196,Texas,61,Cameron,,1975-07-01 12:20:00,CST,1975-07-01 12:20:00,0,0,0,0,0K,0,,F0,Unknown,0.0,33,,,,,25.95,-97.5,,,,,TX,1975-07-01 13:20:00,1975-07-01 13:20:00,True,True
,10134198,Texas,215,Hidalgo,,1975-07-02 14:16:00,CST,1975-07-02 14:16:00,0,0,0,0,0K,0,,F0,Unknown,0.0,33,,,,,26.08,-98.17,,,,,TX,1975-07-02 15:16:00,1975-07-02 15:16:00,True,True
,10134199,Texas,349,Navarro,,1975-07-03 14:20:00,CST,1975-07-03 14:20:00,0,0,0,0,25K,0,,F2,Unknown,0.0,33,,,,,32.1,-96.47,,,,,TX,1975-07-03 15:20:00,1975-07-03 15:20:00,True,True
,10134200,Texas,167,Galveston,,1975-07-04 11:00:00,CST,1975-07-04 11:00:00,0,0,0,0,0K,0,,F0,Unknown,0.0,33,,,,,29.52,-94.48,,,,,TX,1975-07-04 12:00:00,1975-07-04 12:00:00,True,True
,10134201,Texas,337,Montague,,1975-07-04 11:45:00,CST,1975-07-04 11:45:00,0,0,0,0,0K,0,,F0,Unknown,0.0,33,,,,,33.45,-97.77,,,,,TX,1975-07-04 12:45:00,1975-07-04 12:45:00,True,True
,10134202,Texas,233,Hutchinson,,1975-07-09 20:25:00,CST,1975-07-09 20:25:00,0,0,0,0,0K,0,,F0,Unknown,0.0,33,,,,,35.88,-101.52,,,,,TX,1975-07-09 21:25:00,1975-07-09 21:25:00,True,True
,10013749,Iowa,171,Tama,,1975-11-09 16:30:00,CST,1975-11-09 16:30:00,0,0,0,0,2.5M,0,,F3,Unknown,39.4,33,,,,,42.2,-92.47,42.68,-92.05,,,IA,1975-11-09 16:30:00,1975-11-09 16:30:00,False,False
,10013751,Iowa,75,Grundy,,1975-11-09 16:45:00,CST,1975-11-09 16:45:00,0,0,0,0,250K,0,,F1,Unknown,0.0,300,,,,,42.27,-92.78,42.28,-92.73,,,IA,1975-11-09 16:45:00,1975-11-09 16:45:00,False,False
,10013754,Iowa,177,Van Buren,,1975-11-09 17:30:00,CST,1975-11-09 17:30:00,0,0,0,0,250K,0,,F2,Unknown,0.0,33,,,,,40.88,-92.12,40.9,-92.1,,,IA,1975-11-09 17:30:00,1975-11-09 17:30:00,False,False
,10013756,Iowa,101,Jefferson,,1975-11-09 17:32:00,CST,1975-11-09 17:32:00,3,0,0,0,250K,0,,F2,Unknown,8.8,33,,,,,40.9,-92.1,41.0,-91.98,,,IA,1975-11-09 17:32:00,1975-11-09 17:32:00,False,False
,10013758,Iowa,171,Tama,,1975-11-09 17:45:00,CST,1975-11-09 17:45:00,0,0,0,0,250K,0,,F1,Unknown,0.0,33,,,,,41.97,-92.72,,,,,IA,1975-11-09 17:45:00,1975-11-09 17:45:00,False,False
,10010634,Hawaii,0,,,1975-11-26 22:30:00,HST,1975-11-26 22:30:00,0,0,0,0,0K,0,,F0,Unknown,1.5,60,,,,,21.25,-158.03,,,,,HI,1975-11-26 22:30:00,1975-11-26 22:30:00,False,False
,9999444,Florida,133,Washington,,1975-01-12 10:45:00,CST,1975-01-12 10:45:00,12,0,0,0,2.5K,0,,F1,Unknown,32.4,50,,,,,30.73,-85.45,31.0,-85.0,,,FL,1975-01-12 10:45:00,1975-01-12 10:45:00,False,False
,10133219,Texas,207,Haskell,,1975-03-15 16:50:00,CST,1975-03-15 16:50:00,0,0,0,0,0K,0,,F1,Unknown,0.0,33,,,,,33.35,-99.62,,,,,TX,1975-03-15 17:50:00,1975-03-15 17:50:00,True,True
,10133221,Texas,133,Eastland,,1975-03-17 17:05:00,CST,1975-03-17 17:05:00,0,0,0,0,250K,0,,F2,Unknown,8.5,33,,,,,32.27,-98.93,32.38,-98.9,,,TX,1975-03-17 18:05:00,1975-03-17 18:05:00,True,True
,10013763,Iowa,17,Bremer,,1975-11-09 18:15:00,CST,1975-11-09 18:15:00,0,0,0,0,250K,0,,F1,Unknown,2.7,33,,,,,42.77,-92.13,42.8,-92.08,,,IA,1975-11-09 18:15:00,1975-11-09 18:15:00,False,False
,10013764,Iowa,183,Washington,,1975-11-09 18:15:00,CST,1975-11-09 18:15:00,0,0,0,0,25K,0,,F2,Unknown,0.0,33,,,,,41.25,-91.62,,,,,IA,1975-11-09 18:15:00,1975-11-09 18:15:00,False,False
,10013767,Iowa,103,Johnson,,1975-11-09 18:35:00,CST,1975-11-09 18:35:00,0,0,0,0,25K,0,,F1,Unknown,0.0,33,,,,,41.73,-91.43,,,,,IA,1975-11-09 18:35:00,1975-11-09 18:35:00,False,False
,10013768,Iowa,5,Allamakee,,1975-11-09 19:00:00,CST,1975-11-09 19:00:00,0,0,0,0,25K,0,,F1,Unknown,0.0,33,,,,,43.22,-91.53,,,,,IA,1975-11-09 19:00:00,1975-11-09 19:00:00,False,False
,9999445,Florida,13,Calhoun,,1975-01-12 10:45:00,CST,1975-01-12 10:45:00,0,0,0,0,250K,0,,F2,Unknown,21.1,50,,,,,30.42,-85.38,30.63,-85.13,,,FL,1975-01-12 10:45:00,1975-01-12 10:45:00,False,False
,9999446,Florida,63,Jackson,,1975-01-12 11:15:00,CST,1975-01-12 11:15:00,15,0,0,0,250K,0,,F2,Unknown,16.5,50,,,,,30.63,-85.13,30.78,-84.92,,,FL,1975-01-12 11:15:00,1975-01-12 11:15:00,False,False
,9999447,Florida,121,Suwannee,,1975-01-25 11:00:00,CST,1975-01-25 11:00:00,0,0,0,0,25K,0,,F1,Unknown,19.8,10,,,,,29.97,-82.93,30.23,-82.82,,,FL,1975-01-25 11:00:00,1975-01-25 11:00:00,False,False
,9999449,Florida,1,Alachua,,1975-01-25 13:49:00,CST,1975-01-25 13:49:00,0,0,0,0,0K,0,,F0,Unknown,0.3,10,,,,,29.58,-82.42,,,,,FL,1975-01-25 13:49:00,1975-01-25 13:49:00,False,False
,9999452,Florida,67,Lafayette,,1975-02-06 11:25:00,CST,1975-02-06 11:25:00,4,0,0,0,2.5M,0,,F2,Unknown,10.3,100,,,,,30.0,-83.2,30.03,-83.03,,,FL,1975-02-06 11:25:00,1975-02-06 11:25:00,False,False
,9999453,Florida,121,Suwannee,,1975-02-06 11:40:00,CST,1975-02-06 11:40:00,0,0,0,0,25K,0,,F2,Unknown,12.6,100,,,,,30.03,-83.03,30.08,-82.83,,,FL,1975-02-06 11:40:00,1975-02-06 11:40:00,False,False
,9999454,Florida,7,Bradford,,1975-02-06 12:30:00,CST,1975-02-06 12:30:00,0,0,0,0,250K,0,,F1,Unknown,12.2,100,,,,,30.0,-82.27,30.1,-82.1,,,FL,1975-02-06 12:30:00,1975-02-06 12:30:00,False,False
,9999456,Florida,17,Citrus,,1975-02-06 14:40:00,CST,1975-02-06 14:40:00,0,0,0,0,25K,0,,F1,Unknown,20.2,50,,,,,28.83,-82.57,28.83,-82.23,,,FL,1975-02-06 14:40:00,1975-02-06 14:40:00,False,False
,9999458,Florida,69,Lake,,1975-02-06 15:30:00,CST,1975-02-06 15:30:00,0,0,0,0,25K,0,,F1,Unknown,14.4,50,,,,,28.83,-82.23,28.87,-82.0,,,FL,1975-02-06 15:30:00,1975-02-06 15:30:00,False,False
,9999459,Florida,119,Sumter,,1975-02-06 16:10:00,CST,1975-02-06 16:10:00,5,0,0,0,250K,0,,F1,Unknown,20.3,50,,,,,28.87,-82.0,28.9,-81.67,,,FL,1975-02-06 16:10:00,1975-02-06 16:10:00,False,False
,9999460,Florida,21,Collier,,1975-02-06 20:00:00,CST,1975-02-06 20:00:00,0,0,0,0,25K,0,,F0,Unknown,0.1,20,,,,,26.0,-81.73,,,,,FL,1975-02-06 20:00:00,1975-02-06 20:00:00,False,False
,10135565,Texas,413,Schleicher,,1975-06-08 16:30:00,CST,1975-06-08 16:30:00,0,0,0,0,0K,0,,F0,Unknown,0.3,20,,,,,30.87,-100.58,,,,,TX,1975-06-08 17:30:00,1975-06-08 17:30:00,True,True
,10135566,Texas,363,Palo Pinto,,1975-06-08 17:00:00,CST,1975-06-08 17:00:00,0,0,0,0,0K,0,,F2,Unknown,0.0,33,,,,,32.98,-98.42,,,,,TX,1975-06-08 18:00:00,1975-06-08 18:00:00,True,True
,10135572,Texas,113,Dallas,,1975-06-08 18:26:00,CST,1975-06-08 18:26:00,0,0,0,0,0K,0,,F0,Unknown,0.0,33,,,,,32.65,-96.98,,,,,TX,1975-06-08 19:26:00,1975-06-08 19:26:00,True,True
,10135573,Texas,139,Ellis,,1975-06-08 18:56:00,CST,1975-06-08 18:56:00,0,0,0,0,0K,0,,F0,Unknown,0.0,33,,,,,32.52,-96.8,,,,,TX,1975-06-08 19:56:00,1975-06-08 19:56:00,True,True
,10135578,Texas,85,Collin,,1975-06-09 18:40:00,CST,1975-06-09 18:40:00,0,0,0,0,0K,0,,F0,Unknown,0.0,33,,,,,33.02,-96.72,,,,,TX,1975-06-09 19:40:00,1975-06-09 19:40:00,True,True
,10135580,Texas,441,Taylor,,1975-06-09 20:20:00,CST,1975-06-09 20:20:00,0,0,0,0,0K,0,,F0,Unknown,0.0,33,,,,,32.47,-100.1,,,,,TX,1975-06-09 21:20:00,1975-06-09 21:20:00,True,True
,10135585,Texas,201,Harris,,1975-06-10 08:30:00,CST,1975-06-10 08:30:00,0,0,0,0,0K,0,,F0,Unknown,0.0,33,,,,,29.72,-95.6,,,,,TX,1975-06-10 09:30:00,1975-06-10 09:30:00,True,True
,10018271,Indiana,73,Jasper,,1975-06-17 12:05:00,CST,1975-06-17 12:05:00,0,0,0,0,250K,0,,F1,Unknown,3.6,50,,,,,41.13,-87.08,41.18,-87.03,,,IN,1975-06-17 13:05:00,1975-06-17 13:05:00,True,True
,10029607,Louisiana,37,East Feliciana,,1975-01-19 18:10:00,CST,1975-01-19 18:10:00,0,0,0,0,2.5K,0,,F0,Unknown,0.0,33,,,,,30.83,-91.22,,,,,LA,1975-01-19 18:10:00,1975-01-19 18:10:00,False,False
,10029608,Louisiana,43,Grant,,1975-02-01 15:10:00,CST,1975-02-01 15:10:00,0,0,0,0,25K,0,,F1,Unknown,0.5,27,,,,,31.67,-92.9,,,,,LA,1975-02-01 15:10:00,1975-02-01 15:10:00,False,False
,10029609,Louisiana,69,Natchitoches,,1975-02-01 15:25:00,CST,1975-02-01 15:25:00,0,0,0,0,2.5K,0,,F0,Unknown,0.2,17,,,,,31.53,-92.92,,,,,LA,1975-02-01 15:25:00,1975-02-01 15:25:00,False,False
,10029611,Louisiana,77,Pointe Coupee,,1975-02-16 15:56:00,CST,1975-02-16 15:56:00,2,0,0,0,25K,0,,F1,Unknown,0.5,33,,,,,30.87,-91.68,,,,,LA,1975-02-16 15:56:00,1975-02-16 15:56:00,False,False
,10029612,Louisiana,51,Jefferson,,1975-02-21 19:00:00,CST,1975-02-21 19:00:00,2,0,0,0,25K,0,,F1,Unknown,0.3,33,,,,,29.92,-90.17,,,,,LA,1975-02-21 19:00:00,1975-02-21 19:00:00,False,False
,10029623,Louisiana,45,Iberia,,1975-03-18 04:18:00,CST,1975-03-18 04:18:00,2,0,0,0,250K,0,,F2,Unknown,4.1,50,,,,,30.03,-91.93,30.07,-91.88,,,LA,1975-03-18 05:18:00,1975-03-18 05:18:00,True,True
,9996832,Georgia,31,Bulloch,,1975-04-27 15:45:00,CST,1975-04-27 15:45:00,0,0,0,0,250K,0,,F1,Unknown,0.5,30,,,,,32.45,-81.78,,,,,GA,1975-04-27 16:45:00,1975-04-27 16:45:00,True,True
,9996837,Georgia,309,Wheeler,,1975-05-03 14:00:00,CST,1975-05-03 14:00:00,1,0,0,0,250K,0,,F1,Unknown,1.0,200,,,,,32.15,-82.78,,,,,GA,1975-05-03 15:00:00,1975-05-03 15:00:00,True,True
,10029596,Louisiana,1,Acadia,,1975-01-10 07:20:00,CST,1975-01-10 07:20:00,0,0,0,0,0K,0,,F1,Unknown,4.3,33,,,,,30.23,-92.62,30.27,-92.57,,,LA,1975-01-10 07:20:00,1975-01-10 07:20:00,False,False
,10029598,Louisiana,1,Acadia,,1975-01-10 07:35:00,CST,1975-01-10 07:35:00,8,0,1,0,25K,0,,F1,Unknown,13.5,37,,,,,30.17,-92.58,30.22,-92.37,,,LA,1975-01-10 07:35:00,1975-01-10 07:35:00,False,False
,10029601,Louisiana,97,St. Landry,,1975-01-10 08:00:00,CST,1975-01-10 08:00:00,5,0,0,0,25K,0,,F1,Unknown,1.0,33,,,,,30.52,-92.18,,,,,LA,1975-01-10 08:00:00,1975-01-10 08:00:00,False,False
,10013799,Iowa,45,Clinton,,1975-12-14 04:35:00,CST,1975-12-14 04:35:00,0,0,0,0,25K,0,,F1,Unknown,5.7,33,,,,,42.0,-90.78,42.03,-90.67,,,IA,1975-12-14 04:35:00,1975-12-14 04:35:00,False,False
,10001683,Florida,13,Calhoun,,1975-07-07 12:57:00,CST,1975-07-07 12:57:00,0,0,0,0,25K,0,,F0,Unknown,0.1,30,,,,,30.57,-85.2,,,,,FL,1975-07-07 13:57:00,1975-07-07 13:57:00,True,True
,10001685,Florida,9,Brevard,,1975-07-10 14:45:00,CST,1975-07-10 14:45:00,0,0,0,0,250K,0,,F1,Unknown,5.9,70,,,,,28.6,-80.8,28.67,-80.75,,,FL,1975-07-10 15:45:00,1975-07-10 15:45:00,True,True
,10001686,Florida,9,Brevard,,1975-07-11 11:30:00,CST,1975-07-11 11:30:00,0,0,0,0,2.5K,0,,F0,Unknown,0.1,20,,,,,28.6,-80.8,,,,,FL,1975-07-11 12:30:00,1975-07-11 12:30:00,True,True
,10001688,Florida,121,Suwannee,,1975-07-17 14:50:00,CST,1975-07-17 14:50:00,0,0,0,0,0K,0,,F0,Unknown,0.1,30,,,,,30.13,-82.77,,,,,FL,1975-07-17 15:50:00,1975-07-17 15:50:00,True,True
,10001690,Florida,57,Hillsborough,,1975-07-29 13:10:00,CST,1975-07-29 13:10:00,0,0,0,0,0K,0,,F0,Unknown,0.1,30,,,,,28.15,-82.53,,,,,FL,1975-07-29 14:10:00,1975-07-29 14:10:00,True,True
,10001694,Florida,27,De Soto,,1975-08-04 16:00:00,CST,1975-08-04 16:00:00,0,0,0,0,25K,0,,F1,Unknown,0.1,30,,,,,27.22,-81.92,,,,,FL,1975-08-04 16:00:00,1975-08-04 16:00:00,False,False
,10001697,Florida,95,Orange,,1975-08-06 18:00:00,CST,1975-08-06 18:00:00,0,0,0,0,25K,0,,F1,Unknown,0.1,20,,,,,28.57,-81.53,,,,,FL,1975-08-06 19:00:00,1975-08-06 19:00:00,True,True
,10001699,Florida,23,Columbia,,1975-08-08 15:45:00,CST,1975-08-08 15:45:00,2,0,0,0,2.5K,0,,F1,Unknown,0.1,20,,,,,30.0,-82.6,,,,,FL,1975-08-08 16:45:00,1975-08-08 16:45:00,True,True
,10001700,Florida,57,Hillsborough,,1975-08-08 16:00:00,CST,1975-08-08 16:00:00,0,0,0,0,25K,0,,F1,Unknown,0.1,30,,,,,27.78,-82.42,,,,,FL,1975-08-08 17:00:00,1975-08-08 17:00:00,True,True
,10135528,Texas,195,Hansford,,1975-05-28 18:58:00,CST,1975-05-28 18:58:00,0,0,0,0,0K,0,,F0,Unknown,0.5,30,,,,,36.45,-101.62,,,,,TX,1975-05-28 19:58:00,1975-05-28 19:58:00,True,True
,10135529,Texas,233,Hutchinson,,1975-05-28 19:25:00,CST,1975-05-28 19:25:00,0,0,0,0,0K,0,,F0,Unknown,1.0,40,,,,,35.63,-101.63,,,,,TX,1975-05-28 20:25:00,1975-05-28 20:25:00,True,True
,10017657,Indiana,7,Benton,,1975-04-02 16:20:00,CST,1975-04-02 16:20:00,0,0,0,0,.25K,0,,F0,Unknown,0.1,23,,,,,40.55,-87.25,,,,,IN,1975-04-02 17:20:00,1975-04-02 17:20:00,True,True
,10017659,Indiana,23,Clinton,,1975-04-02 18:15:00,CST,1975-04-02 18:15:00,0,0,0,0,250K,0,,F2,Unknown,0.2,50,,,,,40.2,-86.37,,,,,IN,1975-04-02 19:15:00,1975-04-02 19:15:00,True,True
,10017660,Indiana,127,Porter,,1975-04-18 18:05:00,CST,1975-04-18 18:05:00,4,0,0,0,25K,0,,F0,Unknown,0.1,23,,,,,41.28,-87.2,,,,,IN,1975-04-18 19:05:00,1975-04-18 19:05:00,True,True
,10017665,Indiana,119,Owen,,1975-04-18 20:55:00,CST,1975-04-18 20:55:00,1,0,0,0,250K,0,,F2,Unknown,1.9,50,,,,,39.18,-86.7,39.22,-86.67,,,IN,1975-04-18 21:55:00,1975-04-18 21:55:00,True,True
,10017666,Indiana,105,Monroe,,1975-04-18 21:00:00,CST,1975-04-18 21:00:00,1,0,0,0,250K,0,,F2,Unknown,2.7,50,,,,,39.22,-86.67,39.23,-86.62,,,IN,1975-04-18 22:00:00,1975-04-18 22:00:00,True,True
,10017667,Indiana,159,Tipton,,1975-04-18 22:30:00,CST,1975-04-18 22:30:00,0,0,0,0,250K,0,,F0,Unknown,0.2,23,,,,,40.32,-85.9,,,,,IN,1975-04-18 23:30:00,1975-04-18 23:30:00,True,True
,10017671,Indiana,57,Hamilton,,1975-04-18 23:14:00,CST,1975-04-18 23:14:00,1,0,0,0,25K,0,,F1,Unknown,0.1,23,,,,,40.2,-85.9,,,,,IN,1975-04-19 00:14:00,1975-04-19 00:14:00,True,True
,10017672,Indiana,131,Pulaski,,1975-04-19 12:10:00,CST,1975-04-19 12:10:00,0,0,0,0,2.5K,0,,F0,Unknown,0.1,23,,,,,41.05,-86.87,,,,,IN,1975-04-19 13:10:00,1975-04-19 13:10:00,True,True
,9999461,Florida,99,Palm Beach,,1975-02-11 00:30:00,CST,1975-02-11 00:30:00,0,0,0,0,2.5K,0,,F0,Unknown,0.2,27,,,,,26.62,-80.05,,,,,FL,1975-02-11 00:30:00,1975-02-11 00:30:00,False,False
,9999462,Florida,23,Columbia,,1975-02-12 10:45:00,CST,1975-02-12 10:45:00,0,0,0,0,25K,0,,F0,Unknown,0.1,10,,,,,29.92,-82.72,,,,,FL,1975-02-12 10:45:00,1975-02-12 10:45:00,False,False
,9999464,Florida,101,Pasco,,1975-02-12 16:05:00,CST,1975-02-12 16:05:00,0,0,0,0,25K,0,,F1,Unknown,0.3,17,,,,,28.22,-82.72,,,,,FL,1975-02-12 16:05:00,1975-02-12 16:05:00,False,False
,10001471,Florida,31,Duval,,1975-07-05 16:15:00,CST,1975-07-05 16:15:00,0,0,0,0,2.5K,0,,F0,Unknown,0.1,20,,,,,30.35,-81.63,,,,,FL,1975-07-05 17:15:00,1975-07-05 17:15:00,True,True
,10029644,Louisiana,73,Ouachita,,1975-04-29 16:47:00,CST,1975-04-29 16:47:00,0,0,0,0,2.5K,0,,F1,Unknown,17.2,33,,,,,32.42,-92.15,32.48,-91.87,,,LA,1975-04-29 17:47:00,1975-04-29 17:47:00,True,True
,10029645,Louisiana,67,Morehouse,,1975-04-29 17:20:00,CST,1975-04-29 17:20:00,0,0,0,0,.25K,0,,F1,Unknown,0.5,33,,,,,32.67,-91.75,,,,,LA,1975-04-29 18:20:00,1975-04-29 18:20:00,True,True
,10135610,Texas,45,Briscoe,,1975-06-22 20:20:00,CST,1975-06-22 20:20:00,0,0,3,0,.03K,0,,F1,Unknown,10.0,80,,,,,34.5,-101.47,,,,,TX,1975-06-22 21:20:00,1975-06-22 21:20:00,True,True
,10135616,Texas,167,Galveston,,1975-06-24 12:30:00,CST,1975-06-24 12:30:00,0,0,0,0,0K,0,,F0,Unknown,0.0,33,,,,,29.45,-95.13,,,,,TX,1975-06-24 13:30:00,1975-06-24 13:30:00,True,True
,10135617,Texas,321,Matagorda,,1975-06-25 07:00:00,CST,1975-06-25 07:00:00,0,0,0,0,0K,0,,F0,Unknown,0.0,33,,,,,28.83,-95.65,,,,,TX,1975-06-25 08:00:00,1975-06-25 08:00:00,True,True
,10135619,Texas,195,Hansford,,1975-06-26 16:45:00,CST,1975-06-26 16:45:00,0,0,0,0,0K,0,,F0,Unknown,1.9,60,,,,,36.2,-101.2,36.18,-101.23,,,TX,1975-06-26 17:45:00,1975-06-26 17:45:00,True,True
,10135620,Texas,195,Hansford,,1975-06-26 17:30:00,CST,1975-06-26 17:30:00,0,0,0,0,.03K,0,,F1,Unknown,1.0,40,,,,,36.12,-101.48,,,,,TX,1975-06-26 18:30:00,1975-06-26 18:30:00,True,True
,10135621,Texas,39,Brazoria,,1975-06-27 09:45:00,CST,1975-06-27 09:45:00,0,0,0,0,0K,0,,F0,Unknown,0.0,33,,,,,28.95,-95.33,,,,,TX,1975-06-27 10:45:00,1975-06-27 10:45:00,True,True
,10134194,Texas,201,Harris,,1975-06-30 17:30:00,CST,1975-06-30 17:30:00,0,0,0,0,0K,0,,F0,Unknown,0.0,33,,,,,29.73,-95.37,,,,,TX,1975-06-30 18:30:00,1975-06-30 18:30:00,True,True
,9999465,Florida,59,Holmes,,1975-02-17 09:30:00,CST,1975-02-17 09:30:00,0,0,0,0,25K,0,,F1,Unknown,0.1,10,,,,,30.8,-85.63,,,,,FL,1975-02-17 09:30:00,1975-02-17 09:30:00,False,False
,9999466,Florida,63,Jackson,,1975-02-17 10:30:00,CST,1975-02-17 10:30:00,0,0,0,0,250K,0,,F1,Unknown,5.4,100,,,,,30.75,-85.27,30.8,-85.2,,,FL,1975-02-17 10:30:00,1975-02-17 10:30:00,False,False
,9999467,Florida,39,Gadsden,,1975-02-17 14:00:00,CST,1975-02-17 14:00:00,0,0,0,0,2.5K,0,,F0,Unknown,0.5,10,,,,,30.58,-84.42,,,,,FL,1975-02-17 14:00:00,1975-02-17 14:00:00,False,False
,9999468,Florida,113,Santa Rosa,,1975-03-13 19:25:00,CST,1975-03-13 19:25:00,0,0,0,0,0K,0,,F0,Unknown,0.2,10,,,,,30.77,-87.23,,,,,FL,1975-03-13 20:25:00,1975-03-13 20:25:00,True,True
,10135591,Texas,61,Cameron,,1975-06-10 13:00:00,CST,1975-06-10 13:00:00,0,0,0,0,0K,0,,F0,Unknown,0.0,33,,,,,26.23,-97.58,,,,,TX,1975-06-10 14:00:00,1975-06-10 14:00:00,True,True
,10134354,Texas,325,Medina,,1975-04-29 14:35:00,CST,1975-04-29 14:35:00,5,0,3,0,0K,0,,F3,Unknown,8.3,500,,,,,29.07,-99.18,29.07,-99.05,,,TX,1975-04-29 15:35:00,1975-04-29 15:35:00,True,True
,10134358,Texas,331,Milam,,1975-04-29 15:45:00,CST,1975-04-29 15:45:00,0,0,0,0,250K,0,,F2,Unknown,26.3,200,,,,,30.87,-97.0,31.0,-96.58,,,TX,1975-04-29 16:45:00,1975-04-29 16:45:00,True,True
,10134361,Texas,149,Fayette,,1975-04-29 17:15:00,CST,1975-04-29 17:15:00,0,0,0,0,0K,0,,F1,Unknown,4.9,33,,,,,29.75,-96.92,29.8,-96.97,,,TX,1975-04-29 18:15:00,1975-04-29 18:15:00,True,True
,10134365,Texas,177,Gonzales,,1975-04-29 18:00:00,CST,1975-04-29 18:00:00,0,0,0,0,0K,0,,F0,Unknown,0.0,33,,,,,29.37,-97.27,,,,,TX,1975-04-29 19:00:00,1975-04-29 19:00:00,True,True
,10031875,Louisiana,1,Acadia,,1975-05-09 16:30:00,CST,1975-05-09 16:30:00,0,0,0,0,0K,0,,F1,Unknown,0.0,33,,,,,30.23,-92.27,,,,,LA,1975-05-09 17:30:00,1975-05-09 17:30:00,True,True
,10134420,Texas,157,Fort Bend,,1975-07-12 15:50:00,CST,1975-07-12 15:50:00,0,0,0,0,0K,0,,F0,Unknown,0.0,33,,,,,29.95,-95.7,,,,,TX,1975-07-12 16:50:00,1975-07-12 16:50:00,True,True
,10134424,Texas,305,Lynn,,1975-07-20 16:30:00,CST,1975-07-20 16:30:00,0,0,0,0,0K,0,,F0,Unknown,0.0,33,,,,,33.17,-101.8,,,,,TX,1975-07-20 17:30:00,1975-07-20 17:30:00,True,True
,10018055,Indiana,49,Fulton,,1975-06-14 16:42:00,CST,1975-06-14 16:42:00,0,0,0,0,0K,0,,F0,Unknown,0.2,23,,,,,40.92,-86.4,,,,,IN,1975-06-14 17:42:00,1975-06-14 17:42:00,True,True
,10018056,Indiana,181,White,,1975-06-14 16:55:00,CST,1975-06-14 16:55:00,0,0,0,0,0K,0,,F0,Unknown,0.1,23,,,,,40.63,-86.82,,,,,IN,1975-06-14 17:55:00,1975-06-14 17:55:00,True,True
,10135532,Texas,329,Midland,,1975-05-28 23:30:00,CST,1975-05-28 23:30:00,0,0,0,0,25K,0,,F0,Unknown,2.0,30,,,,,31.97,-102.0,,,,,TX,1975-05-29 00:30:00,1975-05-29 00:30:00,True,True
,10135533,Texas,453,Travis,,1975-05-29 07:00:00,CST,1975-05-29 07:00:00,0,0,0,0,0K,0,,F1,Unknown,0.0,33,,,,,30.28,-97.75,,,,,TX,1975-05-29 08:00:00,1975-05-29 08:00:00,True,True
,10135534,Texas,367,Parker,,1975-05-29 07:15:00,CST,1975-05-29 07:15:00,0,0,0,0,2.5K,0,,F2,Unknown,0.0,33,,,,,32.82,-97.8,,,,,TX,1975-05-29 08:15:00,1975-05-29 08:15:00,True,True
,10135536,Texas,497,Wise,,1975-05-29 08:00:00,CST,1975-05-29 08:00:00,0,0,0,0,250K,0,,F2,Unknown,0.0,33,,,,,33.0,-97.48,,,,,TX,1975-05-29 09:00:00,1975-05-29 09:00:00,True,True
,10133232,Texas,179,Gray,,1975-03-26 23:50:00,CST,1975-03-26 23:50:00,42,0,2,0,0K,0,,F3,Unknown,1.0,220,,,,,35.43,-100.82,,,,,TX,1975-03-27 00:50:00,1975-03-27 00:50:00,True,True
,10133233,Texas,179,Gray,,1975-03-27 00:01:00,CST,1975-03-27 00:01:00,0,0,0,0,25K,0,,F1,Unknown,0.3,17,,,,,35.53,-100.67,,,,,TX,1975-03-27 01:01:00,1975-03-27 01:01:00,True,True
,10133234,Texas,295,Lipscomb,,1975-03-27 01:00:00,CST,1975-03-27 01:00:00,0,0,0,0,0K,0,,F1,Unknown,0.1,20,,,,,36.12,-100.02,,,,,TX,1975-03-27 02:00:00,1975-03-27 02:00:00,True,True
,10133242,Texas,181,Grayson,,1975-03-27 22:50:00,CST,1975-03-27 22:50:00,0,0,0,0,0K,0,,F0,Unknown,0.0,33,,,,,33.72,-96.6,,,,,TX,1975-03-27 23:50:00,1975-03-27 23:50:00,True,True
,10133243,Texas,97,Cooke,,1975-03-27 23:45:00,CST,1975-03-27 23:45:00,2,0,0,0,25K,0,,F2,Unknown,2.0,320,,,,,33.47,-97.17,,,,,TX,1975-03-28 00:45:00,1975-03-28 00:45:00,True,True
,10133244,Texas,181,Grayson,,1975-03-28 00:10:00,CST,1975-03-28 00:10:00,0,0,0,0,0K,0,,F0,Unknown,0.0,33,,,,,33.65,-96.65,,,,,TX,1975-03-28 01:10:00,1975-03-28 01:10:00,True,True
,10133245,Texas,181,Grayson,,1975-03-28 00:30:00,CST,1975-03-28 00:30:00,0,0,0,0,0K,0,,F0,Unknown,0.0,33,,,,,33.72,-96.7,,,,,TX,1975-03-28 01:30:00,1975-03-28 01:30:00,True,True
,10135348,Texas,367,Parker,,1975-06-08 01:05:00,CST,1975-06-08 01:05:00,0,0,0,0,25K,0,,F2,Unknown,0.0,33,,,,,32.8,-97.8,,,,,TX,1975-06-08 02:05:00,1975-06-08 02:05:00,True,True
,10136487,Texas,209,Hays,,1975-05-10 07:15:00,CST,1975-05-10 07:15:00,0,0,0,0,25K,0,,F1,Unknown,0.0,33,,,,,29.9,-97.9,,,,,TX,1975-05-10 08:15:00,1975-05-10 08:15:00,True,True
,10136490,Texas,43,Brewster,,1975-05-10 15:30:00,CST,1975-05-10 15:30:00,0,0,0,0,2.5K,0,,F0,Unknown,2.0,880,,,,,29.13,-103.52,,,,,TX,1975-05-10 16:30:00,1975-05-10 16:30:00,True,True
,10012643,Iowa,11,Benton,,1975-08-12 21:30:00,CST,1975-08-12 21:30:00,0,0,0,0,25K,0,,F1,Unknown,0.0,33,,,,,41.88,-92.0,,,,,IA,1975-08-12 22:30:00,1975-08-12 22:30:00,True,True
,10031910,Louisiana,51,Jefferson,,1975-07-17 10:05:00,CST,1975-07-17 10:05:00,0,0,0,0,2.5K,0,,F0,Unknown,0.0,33,,,,,30.03,-90.18,,,,,LA,1975-07-17 11:05:00,1975-07-17 11:05:00,True,True
,10031912,Louisiana,39,Evangeline,,1975-08-05 12:59:00,CST,1975-08-05 12:59:00,0,0,0,0,0K,0,,F0,Unknown,0.0,33,,,,,30.52,-92.05,,,,,LA,1975-08-05 13:59:00,1975-08-05 13:59:00,True,True
,10031913,Louisiana,39,Evangeline,,1975-08-05 12:59:00,CST,1975-08-05 12:59:00,0,0,0,0,0K,0,,F0,Unknown,0.0,33,,,,,30.52,-92.05,,,,,LA,1975-08-05 13:59:00,1975-08-05 13:59:00,True,True
,10134121,Texas,251,Johnson,,1975-04-07 22:30:00,CST,1975-04-07 22:30:00,1,0,0,0,250K,0,,F2,Unknown,0.2,27,,,,,32.35,-97.4,,,,,TX,1975-04-07 23:30:00,1975-04-07 23:30:00,True,True
,10134126,Texas,245,Jefferson,,1975-04-10 12:42:00,CST,1975-04-10 12:42:00,0,0,0,0,2.5K,0,,F0,Unknown,0.0,33,,,,,29.77,-93.9,,,,,TX,1975-04-10 13:42:00,1975-04-10 13:42:00,True,True
,10134127,Texas,71,Chambers,,1975-04-10 13:00:00,CST,1975-04-10 13:00:00,0,0,0,0,2.5K,0,,F0,Unknown,0.0,33,,,,,29.57,-94.4,,,,,TX,1975-04-10 14:00:00,1975-04-10 14:00:00,True,True
,10131939,Texas,333,Mills,,1975-05-13 19:00:00,CST,1975-05-13 19:00:00,0,0,0,0,25K,0,,F0,Unknown,20.0,800,,,,,31.45,-98.57,,,,,TX,1975-05-13 20:00:00,1975-05-13 20:00:00,True,True
,10131941,Texas,497,Wise,,1975-05-13 19:45:00,CST,1975-05-13 19:45:00,0,0,0,0,0K,0,,F0,Unknown,0.0,33,,,,,33.1,-97.92,,,,,TX,1975-05-13 20:45:00,1975-05-13 20:45:00,True,True
,10131943,Texas,97,Cooke,,1975-05-13 20:10:00,CST,1975-05-13 20:10:00,0,0,0,0,0K,0,,F0,Unknown,0.0,33,,,,,33.63,-97.32,,,,,TX,1975-05-13 21:10:00,1975-05-13 21:10:00,True,True
,10131944,Texas,439,Tarrant,,1975-05-13 20:20:00,CST,1975-05-13 20:20:00,0,0,0,0,2.5K,0,,F1,Unknown,0.0,33,,,,,32.83,-97.08,,,,,TX,1975-05-13 21:20:00,1975-05-13 21:20:00,True,True
,10012613,Iowa,147,Palo Alto,,1975-06-21 12:25:00,CST,1975-06-21 12:25:00,0,0,0,0,.03K,0,,F0,Unknown,0.0,33,,,,,43.0,-94.7,,,,,IA,1975-06-21 13:25:00,1975-06-21 13:25:00,True,True
,10134432,Texas,321,Matagorda,,1975-08-03 09:55:00,CST,1975-08-03 09:55:00,0,0,0,0,0K,0,,F0,Unknown,0.0,33,,,,,28.7,-96.15,,,,,TX,1975-08-03 10:55:00,1975-08-03 10:55:00,True,True
,10134433,Texas,469,Victoria,,1975-08-04 14:45:00,CST,1975-08-04 14:45:00,0,0,0,0,0K,0,,F0,Unknown,0.0,33,,,,,28.7,-96.8,,,,,TX,1975-08-04 15:45:00,1975-08-04 15:45:00,True,True
,10134434,Texas,469,Victoria,,1975-08-04 14:50:00,CST,1975-08-04 14:50:00,0,0,0,0,0K,0,,F0,Unknown,0.0,33,,,,,28.65,-96.88,,,,,TX,1975-08-04 15:50:00,1975-08-04 15:50:00,True,True
,10134446,Texas,25,Bee,,1975-09-02 17:06:00,CST,1975-09-02 17:06:00,0,0,0,0,0K,0,,F0,Unknown,0.0,33,,,,,28.2,-97.75,,,,,TX,1975-09-02 18:06:00,1975-09-02 18:06:00,True,True
,10134454,Texas,469,Victoria,,1975-09-04 18:05:00,CST,1975-09-04 18:05:00,0,0,0,0,.25K,0,,F0,Unknown,0.0,33,,,,,28.85,-97.08,,,,,TX,1975-09-04 19:05:00,1975-09-04 19:05:00,True,True
,10134458,Texas,497,Wise,,1975-09-18 18:00:00,CST,1975-09-18 18:00:00,0,0,0,0,25K,0,,F1,Unknown,0.0,107,,,,,33.22,-97.8,,,,,TX,1975-09-18 19:00:00,1975-09-18 19:00:00,True,True
,10134460,Texas,469,Victoria,,1975-10-15 12:11:00,CST,1975-10-15 12:11:00,0,0,0,0,.25K,0,,F0,Unknown,0.0,33,,,,,28.85,-96.87,,,,,TX,1975-10-15 13:11:00,1975-10-15 13:11:00,True,True
,10134461,Texas,407,San Jacinto,,1975-10-23 00:55:00,CST,1975-10-23 00:55:00,0,0,0,0,250K,0,,F2,Unknown,6.4,100,,,,,30.53,-95.05,30.53,-94.95,,,TX,1975-10-23 01:55:00,1975-10-23 01:55:00,True,True
,10133202,Texas,245,Jefferson,,1975-01-10 04:30:00,CST,1975-01-10 04:30:00,0,0,0,0,25K,0,,F1,Unknown,0.0,33,,,,,30.37,-94.32,,,,,TX,1975-01-10 04:30:00,1975-01-10 04:30:00,False,False
,10133204,Texas,153,Floyd,,1975-02-04 15:00:00,CST,1975-02-04 15:00:00,0,0,0,0,0K,0,,F0,Unknown,0.3,20,,,,,34.03,-101.32,,,,,TX,1975-02-04 15:00:00,1975-02-04 15:00:00,False,False
,10133205,Texas,263,Kent,,1975-02-04 15:30:00,CST,1975-02-04 15:30:00,0,0,0,0,0K,0,,F0,Unknown,1.0,100,,,,,33.25,-100.58,,,,,TX,1975-02-04 15:30:00,1975-02-04 15:30:00,False,False
