episode_id,event_id,state,county_fips,county_name,wfo,begin_date_time,county_timezone,end_date_time,injuries_direct,injuries_indirect,deaths_direct,deaths_indirect,property_damage,crop_damage,source,tornado_rating,max_windspeed,tornado_length,tornado_max_width,other_wfos,other_states,other_counties_fips,other_counties_names,begin_latitude,begin_longitude,end_latitude,end_longitude,episode_narrative,event_narrative,state_code,begin_date_time_corrected,end_date_time_corrected,begin_time_adjusted,end_time_adjusted
,9981225,Arkansas,35,Crittenden,,1978-05-01 00:05:00,CST,1978-05-01 00:05:00,2,0,0,0,25K,0,,F0,Unknown,0.1,50,,,,,35.15,-90.18,,,,,AR,1978-05-01 01:05:00,1978-05-01 01:05:00,True,True
,10042105,Maryland,21,Frederick,,1978-07-31 18:15:00,CST,1978-07-31 18:15:00,0,0,0,0,25K,0,,F2,Unknown,1.5,100,,,,,39.4,-77.35,,,,,MD,1978-07-31 19:15:00,1978-07-31 19:15:00,True,True
,10080749,New Mexico,41,Roosevelt,,1978-07-05 17:30:00,CST,1978-07-05 17:30:00,0,0,0,0,2.5K,0,,F0,Unknown,0.0,33,,,,,34.17,-103.43,,,,,NM,1978-07-05 18:30:00,1978-07-05 18:30:00,True,True
,10080755,New Mexico,25,Lea,,1978-10-10 18:53:00,CST,1978-10-10 18:53:00,0,0,0,0,25K,0,,F1,Unknown,0.0,33,,,,,32.78,-103.13,,,,,NM,1978-10-10 19:53:00,1978-10-10 19:53:00,True,True
,10080742,New Mexico,19,Guadalupe,,1978-06-04 15:00:00,CST,1978-06-04 15:00:00,0,0,0,0,.03K,0,,F2,Unknown,2.0,33,,,,,34.93,-104.9,,,,,NM,1978-06-04 16:00:00,1978-06-04 16:00:00,True,True
,10066303,Nebraska,67,Gage,,1978-07-18 22:30:00,CST,1978-07-18 22:30:00,0,0,0,0,250K,0,,,Unknown,0.2,20,,,,,40.27,-96.73,,,,,NE,1978-07-18 23:30:00,1978-07-18 23:30:00,True,True
,9978729,Alabama,79,Lawrence,,1978-04-18 02:00:00,CST,1978-04-18 02:00:00,0,0,0,0,250K,0,,F2,Unknown,6.8,33,,,,,34.68,-87.38,34.68,-87.27,,,AL,1978-04-18 02:00:00,1978-04-18 02:00:00,False,False
,9978730,Alabama,27,Clay,,1978-04-18 06:00:00,CST,1978-04-18 06:00:00,0,0,0,0,25K,0,,F1,Unknown,0.3,100,,,,,33.17,-85.75,,,,,AL,1978-04-18 06:00:00,1978-04-18 06:00:00,False,False
,10067443,Nebraska,133,Pawnee,,1978-09-13 16:20:00,CST,1978-09-13 16:20:00,0,0,0,0,2.5K,0,,,Unknown,4.9,100,,,,,40.15,-96.23,40.17,-96.13,,,NE,1978-09-13 17:20:00,1978-09-13 17:20:00,True,True
,10118060,Pennsylvania,107,Schuylkill,,1978-08-07 15:30:00,CST,1978-08-07 15:30:00,0,0,0,0,2.5K,0,,F0,Unknown,0.0,33,,,,,40.83,-75.95,40.85,-75.92,,,PA,1978-08-07 16:30:00,1978-08-07 16:30:00,True,True
,10013868,Iowa,123,Mahaska,,1978-09-16 20:45:00,CST,1978-09-16 20:45:00,0,0,0,0,250K,0,,,Unknown,0.5,100,,,,,41.25,-92.5,,,,,IA,1978-09-16 21:45:00,1978-09-16 21:45:00,True,True
,10018354,Indiana,3,Allen,,1978-04-10 14:20:00,CST,1978-04-10 14:20:00,0,0,0,0,250K,0,,F1,Unknown,1.0,33,,,,,41.07,-85.13,,,,,IN,1978-04-10 14:20:00,1978-04-10 14:20:00,False,False
,10127590,Texas,467,Van Zandt,,1978-05-05 02:41:00,CST,1978-05-05 02:41:00,0,0,0,0,25K,0,,,Unknown,21.4,33,,,,,32.83,-96.08,32.7,-95.75,,,TX,1978-05-05 03:41:00,1978-05-05 03:41:00,True,True
,10130965,Texas,299,Llano,,1978-07-26 15:55:00,CST,1978-07-26 15:55:00,0,0,0,0,25K,0,,F1,Unknown,0.1,30,,,,,30.77,-98.77,,,,,TX,1978-07-26 16:55:00,1978-07-26 16:55:00,True,True
,9999643,Florida,69,Lake,,1978-04-18 17:45:00,CST,1978-04-18 17:45:00,0,0,0,0,250K,0,,F1,Unknown,1.0,50,,,,,28.87,-81.67,,,,,FL,1978-04-18 17:45:00,1978-04-18 17:45:00,False,False
,9978767,Alabama,39,Covington,,1978-05-03 11:15:00,CST,1978-05-03 11:15:00,0,0,0,0,25K,0,,F1,Unknown,0.3,30,,,,,31.2,-86.25,,,,,AL,1978-05-03 12:15:00,1978-05-03 12:15:00,True,True
,9978741,Alabama,85,Lowndes,,1978-04-18 15:00:00,CST,1978-04-18 15:00:00,0,0,0,0,0K,0,,F0,Unknown,0.1,20,,,,,32.3,-86.62,,,,,AL,1978-04-18 15:00:00,1978-04-18 15:00:00,False,False
,9978746,Alabama,99,Monroe,,1978-04-18 17:00:00,CST,1978-04-18 17:00:00,30,0,0,0,2.5M,0,,F3,Unknown,10.5,220,,,,,31.53,-87.45,31.58,-87.28,,,AL,1978-04-18 17:00:00,1978-04-18 17:00:00,False,False
,9978747,Alabama,37,Coosa,,1978-04-18 17:15:00,CST,1978-04-18 17:15:00,0,0,0,0,25K,0,,F2,Unknown,0.1,80,,,,,33.02,-86.32,,,,,AL,1978-04-18 17:15:00,1978-04-18 17:15:00,False,False
,9978752,Alabama,31,Coffee,,1978-04-18 20:32:00,CST,1978-04-18 20:32:00,0,0,0,0,25K,0,,F0,Unknown,0.2,100,,,,,31.58,-86.07,,,,,AL,1978-04-18 20:32:00,1978-04-18 20:32:00,False,False
,9978757,Alabama,101,Montgomery,,1978-04-18 23:38:00,CST,1978-04-18 23:38:00,3,0,0,0,250K,0,,F1,Unknown,0.7,420,,,,,32.25,-86.3,,,,,AL,1978-04-18 23:38:00,1978-04-18 23:38:00,False,False
,9978760,Alabama,73,Jefferson,,1978-04-24 20:00:00,CST,1978-04-24 20:00:00,0,0,0,0,2.5K,0,,F0,Unknown,0.1,50,,,,,33.57,-86.97,,,,,AL,1978-04-24 20:00:00,1978-04-24 20:00:00,False,False
,9978763,Alabama,47,Dallas,,1978-05-01 05:30:00,CST,1978-05-01 05:30:00,0,0,0,0,2.5M,0,,F2,Unknown,2.0,20,,,,,32.4,-87.02,,,,,AL,1978-05-01 06:30:00,1978-05-01 06:30:00,True,True
,9978764,Alabama,113,Russell,,1978-05-01 07:30:00,CST,1978-05-01 07:30:00,4,0,0,0,250K,0,,F2,Unknown,4.3,150,,,,,32.47,-85.05,32.48,-84.98,,,AL,1978-05-01 08:30:00,1978-05-01 08:30:00,True,True
,10054807,Minnesota,119,Polk,,1978-07-24 20:20:00,CST,1978-07-24 20:20:00,0,0,0,0,0K,0,,F0,Unknown,0.0,33,,,,,47.8,-96.62,,,,,MN,1978-07-24 21:20:00,1978-07-24 21:20:00,True,True
,10054808,Minnesota,119,Polk,,1978-07-24 20:25:00,CST,1978-07-24 20:25:00,0,0,0,0,25K,0,,F1,Unknown,1.5,100,,,,,47.82,-96.62,,,,,MN,1978-07-24 21:25:00,1978-07-24 21:25:00,True,True
,10054812,Minnesota,1,Aitkin,,1978-07-28 18:40:00,CST,1978-07-28 18:40:00,0,0,0,0,250K,0,,F1,Unknown,18.0,880,,,,,46.63,-93.27,,,,,MN,1978-07-28 19:40:00,1978-07-28 19:40:00,True,True
,10054817,Minnesota,161,Waseca,,1978-08-01 19:30:00,CST,1978-08-01 19:30:00,1,0,0,0,2.5M,0,,F1,Unknown,0.1,33,,,,,44.02,-93.73,,,,,MN,1978-08-01 20:30:00,1978-08-01 20:30:00,True,True
,10083666,North Dakota,45,La Moure,,1978-07-05 00:55:00,CST,1978-07-05 00:55:00,0,0,0,0,0K,0,,F0,Unknown,0.0,33,,,,,46.53,-98.07,,,,,ND,1978-07-05 00:55:00,1978-07-05 00:55:00,False,False
,10088807,North Carolina,55,Dare,,1978-07-31 11:30:00,CST,1978-07-31 11:30:00,4,0,1,0,250K,0,,F2,Unknown,0.2,50,,,,,36.03,-75.67,,,,,NC,1978-07-31 12:30:00,1978-07-31 12:30:00,True,True
,10083902,North Dakota,101,Ward,,1978-07-11 23:53:00,CST,1978-07-11 23:53:00,0,0,0,0,2.5K,0,,F0,Unknown,0.0,33,,,,,48.32,-101.73,,,,,ND,1978-07-12 00:53:00,1978-07-12 00:53:00,True,True
,10083903,North Dakota,101,Ward,,1978-07-12 00:05:00,CST,1978-07-12 00:05:00,0,0,0,0,250K,0,,F0,Unknown,0.0,33,,,,,48.2,-101.32,,,,,ND,1978-07-12 01:05:00,1978-07-12 01:05:00,True,True
,10113581,South Carolina,55,Kershaw,,1978-05-04 17:00:00,CST,1978-05-04 17:00:00,0,0,0,0,2.5K,0,,F1,Unknown,0.6,100,,,,,34.32,-80.4,,,,,SC,1978-05-04 18:00:00,1978-05-04 18:00:00,True,True
,10113583,South Carolina,89,Williamsburg,,1978-05-04 17:40:00,CST,1978-05-04 17:40:00,0,0,0,0,250K,0,,F2,Unknown,10.7,33,,,,,33.67,-80.03,33.73,-79.87,,,SC,1978-05-04 18:40:00,1978-05-04 18:40:00,True,True
,10113584,South Carolina,37,Edgefield,,1978-05-08 19:23:00,CST,1978-05-08 19:23:00,0,0,0,0,250K,0,,F1,Unknown,1.3,100,,,,,33.53,-82.02,33.55,-82.0,,,SC,1978-05-08 20:23:00,1978-05-08 20:23:00,True,True
,10113585,South Carolina,3,Aiken,,1978-05-08 19:35:00,CST,1978-05-08 19:35:00,0,0,0,0,250K,0,,F1,Unknown,30.2,33,,,,,33.55,-82.0,33.68,-81.5,,,SC,1978-05-08 20:35:00,1978-05-08 20:35:00,True,True
,10083907,North Dakota,21,Dickey,,1978-07-16 20:29:00,CST,1978-07-16 20:29:00,0,0,0,0,0K,0,,F0,Unknown,0.0,33,,,,,46.95,-98.58,,,,,ND,1978-07-16 21:29:00,1978-07-16 21:29:00,True,True
,10087722,North Carolina,127,Nash,,1978-06-03 17:15:00,CST,1978-06-03 17:15:00,0,0,0,0,2.5K,0,,F1,Unknown,0.2,20,,,,,36.08,-77.72,,,,,NC,1978-06-03 18:15:00,1978-06-03 18:15:00,True,True
,10087723,North Carolina,179,Union,,1978-06-06 16:30:00,CST,1978-06-06 16:30:00,1,0,0,0,25K,0,,F1,Unknown,0.3,33,,,,,35.13,-80.37,,,,,NC,1978-06-06 17:30:00,1978-06-06 17:30:00,True,True
,10041880,Maryland,17,Charles,,1978-06-20 14:10:00,CST,1978-06-20 14:10:00,0,0,0,0,25K,0,,F2,Unknown,1.0,50,,,,,38.68,-77.1,,,,,MD,1978-06-20 15:10:00,1978-06-20 15:10:00,True,True
,10082789,North Dakota,9,Bottineau,,1978-05-23 19:15:00,CST,1978-05-23 19:15:00,0,0,0,0,0K,0,,,Unknown,0.0,33,,,,,48.83,-100.77,,,,,ND,1978-05-23 20:15:00,1978-05-23 20:15:00,True,True
,10092513,Oklahoma,113,Osage,,1978-05-11 18:00:00,CST,1978-05-11 18:00:00,0,0,0,0,25K,0,,F1,Unknown,1.0,40,,,,,36.88,-95.92,,,,,OK,1978-05-11 19:00:00,1978-05-11 19:00:00,True,True
,10082793,North Dakota,49,Mchenry,,1978-05-25 17:00:00,CST,1978-05-25 17:00:00,0,0,0,0,2.5K,0,,,Unknown,0.3,33,,,,,47.85,-100.45,,,,,ND,1978-05-25 17:00:00,1978-05-25 17:00:00,False,False
,10082796,North Dakota,95,Towner,,1978-05-25 18:10:00,CST,1978-05-25 18:10:00,0,0,0,0,0K,0,,F0,Unknown,0.2,33,,,,,48.8,-99.1,,,,,ND,1978-05-25 19:10:00,1978-05-25 19:10:00,True,True
,10082797,North Dakota,69,Pierce,,1978-05-25 18:30:00,CST,1978-05-25 18:30:00,0,0,0,0,2.5K,0,,F1,Unknown,0.2,10,,,,,48.13,-100.03,,,,,ND,1978-05-25 19:30:00,1978-05-25 19:30:00,True,True
,10082799,North Dakota,99,Walsh,,1978-05-25 22:00:00,CST,1978-05-25 22:00:00,0,0,0,0,0K,0,,F0,Unknown,0.1,33,,,,,48.28,-97.32,,,,,ND,1978-05-25 23:00:00,1978-05-25 23:00:00,True,True
,10082801,North Dakota,25,Dunn,,1978-05-26 03:25:00,CST,1978-05-26 03:25:00,0,0,0,0,25K,0,,F2,Unknown,0.3,33,,,,,47.07,-102.67,,,,,ND,1978-05-26 04:25:00,1978-05-26 04:25:00,True,True
,10092515,Oklahoma,113,Osage,,1978-05-11 19:00:00,CST,1978-05-11 19:00:00,0,0,0,0,0K,0,,F0,Unknown,0.2,10,,,,,36.52,-96.12,,,,,OK,1978-05-11 20:00:00,1978-05-11 20:00:00,True,True
,10041285,Massachusetts,3,Berkshire,,1978-07-27 22:30:00,CST,1978-07-27 22:30:00,0,0,0,0,.25K,0,,F0,Unknown,0.1,100,,,,,42.07,-73.13,,,,,MA,1978-07-27 23:30:00,1978-07-27 23:30:00,True,True
,10113580,South Carolina,27,Clarendon,,1978-05-04 16:50:00,CST,1978-05-04 16:50:00,1,0,0,0,250K,0,,F2,Unknown,30.5,150,,,,,33.43,-80.48,33.67,-80.03,,,SC,1978-05-04 17:50:00,1978-05-04 17:50:00,True,True
,10067424,Nebraska,7,Banner,,1978-08-31 12:40:00,CST,1978-08-31 12:40:00,0,0,0,0,2.5K,0,,,Unknown,20.9,440,,,,,41.55,-103.78,41.68,-103.42,,,NE,1978-08-31 13:40:00,1978-08-31 13:40:00,True,True
,10067425,Nebraska,105,Kimball,,1978-08-31 13:30:00,CST,1978-08-31 13:30:00,0,0,0,0,2.5K,0,,,Unknown,4.5,440,,,,,41.38,-103.7,41.4,-103.6,,,NE,1978-08-31 14:30:00,1978-08-31 14:30:00,True,True
,10067426,Nebraska,7,Banner,,1978-08-31 13:35:00,CST,1978-08-31 13:35:00,0,0,0,0,2.5K,0,,,Unknown,12.8,33,,,,,41.4,-103.6,41.43,-103.35,,,NE,1978-08-31 14:35:00,1978-08-31 14:35:00,True,True
,10067427,Nebraska,123,Morrill,,1978-08-31 14:00:00,CST,1978-08-31 14:00:00,0,0,0,0,2.5K,0,,,Unknown,8.6,33,,,,,41.43,-103.35,41.5,-103.2,,,NE,1978-08-31 15:00:00,1978-08-31 15:00:00,True,True
,10087686,North Carolina,159,Rowan,,1978-01-08 16:30:00,CST,1978-01-08 16:30:00,0,0,0,0,25K,0,,F1,Unknown,0.5,20,,,,,35.67,-80.47,,,,,NC,1978-01-08 16:30:00,1978-01-08 16:30:00,False,False
,10087694,North Carolina,61,Duplin,,1978-04-19 16:43:00,CST,1978-04-19 16:43:00,0,0,0,0,250K,0,,F2,Unknown,11.6,70,,,,,34.83,-78.03,34.87,-77.83,,,NC,1978-04-19 16:43:00,1978-04-19 16:43:00,False,False
,10087696,North Carolina,155,Robeson,,1978-04-19 17:00:00,CST,1978-04-19 17:00:00,0,0,0,0,2.5K,0,,F1,Unknown,13.4,33,,,,,34.78,-79.13,34.8,-78.9,,,NC,1978-04-19 17:00:00,1978-04-19 17:00:00,False,False
,10067432,Nebraska,63,Frontier,,1978-09-11 15:10:00,CST,1978-09-11 15:10:00,0,0,0,0,25K,0,,,Unknown,8.0,20,,,,,40.6,-100.0,40.72,-100.0,,,NE,1978-09-11 16:10:00,1978-09-11 16:10:00,True,True
,10067433,Nebraska,47,Dawson,,1978-09-11 15:15:00,CST,1978-09-11 15:15:00,0,0,0,0,25K,0,,,Unknown,14.5,33,,,,,40.72,-100.0,40.92,-99.9,,,NE,1978-09-11 16:15:00,1978-09-11 16:15:00,True,True
,10092499,Oklahoma,45,Ellis,,1978-04-30 19:33:00,CST,1978-04-30 19:33:00,0,0,0,0,25K,0,,F2,Unknown,3.0,60,,,,,36.25,-99.88,36.27,-99.83,,,OK,1978-04-30 20:33:00,1978-04-30 20:33:00,True,True
,10092505,Oklahoma,53,Grant,,1978-05-06 01:00:00,CST,1978-05-06 01:00:00,0,0,0,0,250K,0,,F1,Unknown,2.0,40,,,,,36.87,-97.92,,,,,OK,1978-05-06 02:00:00,1978-05-06 02:00:00,True,True
,10092508,Oklahoma,71,Kay,,1978-05-11 14:35:00,CST,1978-05-11 14:35:00,3,0,0,0,25K,0,,F2,Unknown,3.8,100,,,,,36.9,-97.38,36.92,-97.32,,,OK,1978-05-11 15:35:00,1978-05-11 15:35:00,True,True
,10099922,Ohio,77,Huron,,1978-06-26 11:13:00,CST,1978-06-26 11:13:00,0,0,0,0,25K,0,,F1,Unknown,0.1,20,,,,,41.03,-82.5,,,,,OH,1978-06-26 12:13:00,1978-06-26 12:13:00,True,True
,10099925,Ohio,137,Putnam,,1978-06-27 16:15:00,CST,1978-06-27 16:15:00,0,0,0,0,2.5M,0,,F1,Unknown,3.8,70,,,,,40.93,-84.33,40.93,-84.25,,,OH,1978-06-27 17:15:00,1978-06-27 17:15:00,True,True
,10099929,Ohio,127,Perry,,1978-06-27 20:00:00,CST,1978-06-27 20:00:00,0,0,0,0,2.5M,0,,F1,Unknown,1.0,40,,,,,39.72,-82.2,,,,,OH,1978-06-27 21:00:00,1978-06-27 21:00:00,True,True
,10099933,Ohio,37,Darke,,1978-07-02 16:40:00,CST,1978-07-02 16:40:00,0,0,0,0,25K,0,,F0,Unknown,6.2,50,,,,,40.1,-84.55,40.07,-84.43,,,OH,1978-07-02 17:40:00,1978-07-02 17:40:00,True,True
,10099934,Ohio,109,Miami,,1978-07-02 16:45:00,CST,1978-07-02 16:45:00,0,0,0,0,25K,0,,F0,Unknown,21.3,33,,,,,40.07,-84.43,39.97,-84.05,,,OH,1978-07-02 17:45:00,1978-07-02 17:45:00,True,True
,10099935,Ohio,15,Brown,,1978-07-02 17:45:00,CST,1978-07-02 17:45:00,1,0,0,0,25K,0,,F0,Unknown,0.7,33,,,,,38.92,-83.9,,,,,OH,1978-07-02 18:45:00,1978-07-02 18:45:00,True,True
,10099916,Ohio,155,Trumbull,,1978-06-18 15:15:00,CST,1978-06-18 15:15:00,0,0,0,0,250K,0,,F1,Unknown,0.5,40,,,,,41.23,-80.57,,,,,OH,1978-06-18 16:15:00,1978-06-18 16:15:00,True,True
,10087698,North Carolina,133,Onslow,,1978-04-19 17:25:00,CST,1978-04-19 17:25:00,3,0,0,0,250K,0,,F2,Unknown,3.3,50,,,,,34.93,-77.63,34.95,-77.58,,,NC,1978-04-19 17:25:00,1978-04-19 17:25:00,False,False
,10087700,North Carolina,103,Jones,,1978-04-19 17:55:00,CST,1978-04-19 17:55:00,0,0,0,0,250K,0,,F2,Unknown,0.7,30,,,,,35.13,-77.27,,,,,NC,1978-04-19 17:55:00,1978-04-19 17:55:00,False,False
,10087715,North Carolina,129,New Hanover,,1978-05-13 17:45:00,CST,1978-05-13 17:45:00,0,0,0,0,2.5K,0,,F1,Unknown,0.2,17,,,,,34.28,-77.75,,,,,NC,1978-05-13 18:45:00,1978-05-13 18:45:00,True,True
,10087716,North Carolina,129,New Hanover,,1978-05-13 18:05:00,CST,1978-05-13 18:05:00,0,0,0,0,.25K,0,,F0,Unknown,0.0,33,,,,,34.25,-77.8,,,,,NC,1978-05-13 19:05:00,1978-05-13 19:05:00,True,True
,10087718,North Carolina,15,Bertie,,1978-06-03 13:30:00,CST,1978-06-03 13:30:00,0,0,0,0,250K,0,,F2,Unknown,0.8,83,,,,,36.0,-76.95,,,,,NC,1978-06-03 14:30:00,1978-06-03 14:30:00,True,True
,10087719,North Carolina,155,Robeson,,1978-06-03 15:00:00,CST,1978-06-03 15:00:00,0,0,0,0,2.5K,0,,F1,Unknown,0.3,27,,,,,34.67,-79.37,,,,,NC,1978-06-03 16:00:00,1978-06-03 16:00:00,True,True
,10098835,Ohio,97,Madison,,1978-04-19 18:00:00,CST,1978-04-19 18:00:00,0,0,0,0,250K,0,,F1,Unknown,2.7,33,,,,,40.12,-83.28,40.13,-83.22,,,OH,1978-04-19 18:00:00,1978-04-19 18:00:00,False,False
,10088810,North Carolina,119,Mecklenburg,,1978-08-14 11:45:00,CST,1978-08-14 11:45:00,0,0,0,0,2.5K,0,,F0,Unknown,0.0,33,,,,,35.47,-80.85,,,,,NC,1978-08-14 12:45:00,1978-08-14 12:45:00,True,True
,10098836,Ohio,41,Delaware,,1978-04-19 18:10:00,CST,1978-04-19 18:10:00,0,0,0,0,250K,0,,F1,Unknown,6.8,33,,,,,40.13,-83.22,40.17,-83.08,,,OH,1978-04-19 18:10:00,1978-04-19 18:10:00,False,False
,10038765,Michigan,147,St. Clair,,1978-08-19 13:15:00,CST,1978-08-19 13:15:00,0,0,0,0,25K,0,,,Unknown,0.5,100,,,,,42.67,-82.62,,,,,MI,1978-08-19 14:15:00,1978-08-19 14:15:00,True,True
,10088809,North Carolina,125,Moore,,1978-08-05 19:00:00,CST,1978-08-05 19:00:00,0,0,0,0,0K,0,,F1,Unknown,0.2,67,,,,,35.4,-79.58,,,,,NC,1978-08-05 20:00:00,1978-08-05 20:00:00,True,True
,10113902,South Dakota,47,Fall River,,1978-05-04 16:30:00,CST,1978-05-04 16:30:00,0,0,0,0,2.5K,0,,,Unknown,0.2,200,,,,,43.43,-103.48,,,,,SD,1978-05-04 17:30:00,1978-05-04 17:30:00,True,True
,10113908,South Dakota,105,Perkins,,1978-06-06 18:50:00,CST,1978-06-06 18:50:00,0,0,0,0,250K,0,,,Unknown,0.0,33,,,,,45.73,-99.63,,,,,SD,1978-06-06 19:50:00,1978-06-06 19:50:00,True,True
,10099936,Ohio,137,Putnam,,1978-07-05 16:30:00,CST,1978-07-05 16:30:00,0,0,0,0,250K,0,,F1,Unknown,2.5,30,,,,,40.9,-84.23,,,,,OH,1978-07-05 17:30:00,1978-07-05 17:30:00,True,True
,10050882,Mississippi,77,Lawrence,,1978-04-18 00:30:00,CST,1978-04-18 00:30:00,31,0,4,0,250K,0,,F4,Unknown,9.2,100,,,,,31.55,-90.12,31.58,-89.97,,,MS,1978-04-18 00:30:00,1978-04-18 00:30:00,False,False
,10068547,Nebraska,1,Adams,,1978-04-05 18:10:00,CST,1978-04-05 18:10:00,0,0,0,0,2.5M,0,,F2,Unknown,11.0,80,,,,,40.35,-98.43,40.45,-98.27,,,NE,1978-04-05 18:10:00,1978-04-05 18:10:00,False,False
,10068548,Nebraska,35,Clay,,1978-04-05 18:35:00,CST,1978-04-05 18:35:00,0,0,0,0,2.5M,0,,F2,Unknown,0.0,33,,,,,40.45,-98.27,40.47,-98.25,,,NE,1978-04-05 18:35:00,1978-04-05 18:35:00,False,False
,10113809,South Carolina,75,Orangeburg,,1978-06-25 16:30:00,CST,1978-06-25 16:30:00,0,0,0,0,25K,0,,F1,Unknown,0.2,23,,,,,33.67,-81.1,,,,,SC,1978-06-25 17:30:00,1978-06-25 17:30:00,True,True
,10113924,South Dakota,129,Walworth,,1978-06-15 19:55:00,CST,1978-06-15 19:55:00,0,0,0,0,0K,0,,,Unknown,0.0,33,,,,,45.5,-99.9,,,,,SD,1978-06-15 20:55:00,1978-06-15 20:55:00,True,True
,10047762,Mississippi,85,Lincoln,,1978-04-17 00:00:00,CST,1978-04-17 00:00:00,0,0,0,0,25K,0,,F2,Unknown,27.5,33,,,,,31.33,-90.63,31.7,-90.45,,,MS,1978-04-17 00:00:00,1978-04-17 00:00:00,False,False
,10047763,Mississippi,29,Copiah,,1978-04-17 00:40:00,CST,1978-04-17 00:40:00,0,0,0,0,25K,0,,F2,Unknown,3.3,33,,,,,31.7,-90.45,31.73,-90.42,,,MS,1978-04-17 00:40:00,1978-04-17 00:40:00,False,False
,10047765,Mississippi,151,Washington,,1978-04-17 23:00:00,CST,1978-04-17 23:00:00,3,0,0,0,2.5M,0,,F4,Unknown,3.6,100,,,,,33.47,-91.0,33.5,-90.95,,,MS,1978-04-17 23:00:00,1978-04-17 23:00:00,False,False
,10099702,Ohio,25,Clermont,,1978-06-12 12:10:00,CST,1978-06-12 12:10:00,0,0,0,0,25K,0,,F0,Unknown,1.0,50,,,,,39.22,-84.32,,,,,OH,1978-06-12 13:10:00,1978-06-12 13:10:00,True,True
,10099703,Ohio,25,Clermont,,1978-06-12 12:50:00,CST,1978-06-12 12:50:00,0,0,0,0,25K,0,,F1,Unknown,0.5,17,,,,,39.05,-84.05,,,,,OH,1978-06-12 13:50:00,1978-06-12 13:50:00,True,True
,9980103,Arkansas,147,Woodruff,,1978-01-07 15:32:00,CST,1978-01-07 15:32:00,1,0,0,0,25K,0,,F3,Unknown,5.1,100,,,,,35.03,-91.22,35.05,-91.13,,,AR,1978-01-07 15:32:00,1978-01-07 15:32:00,False,False
,9980104,Arkansas,123,St. Francis,,1978-01-07 15:40:00,CST,1978-01-07 15:40:00,0,0,0,0,.25K,0,,F3,Unknown,16.6,150,,,,,35.05,-91.13,35.15,-90.87,,,AR,1978-01-07 15:40:00,1978-01-07 15:40:00,False,False
,10047767,Mississippi,5,Amite,,1978-04-17 23:55:00,CST,1978-04-17 23:55:00,2,0,0,0,25K,0,,F2,Unknown,3.8,100,,,,,31.33,-90.7,31.33,-90.63,,,MS,1978-04-17 23:55:00,1978-04-17 23:55:00,False,False
,10068595,Nebraska,41,Custer,,1978-05-24 22:15:00,CST,1978-05-24 22:15:00,0,0,0,0,0K,0,,,Unknown,0.0,33,,,,,41.13,-99.82,,,,,NE,1978-05-24 23:15:00,1978-05-24 23:15:00,True,True
,10068596,Nebraska,29,Chase,,1978-05-26 19:10:00,CST,1978-05-26 19:10:00,0,0,0,0,25K,0,,,Unknown,0.0,33,,,,,40.63,-101.78,,,,,NE,1978-05-26 20:10:00,1978-05-26 20:10:00,True,True
,10068597,Nebraska,57,Dundy,,1978-05-26 19:45:00,CST,1978-05-26 19:45:00,0,0,0,0,25K,0,,,Unknown,1.0,10,,,,,40.32,-101.62,,,,,NE,1978-05-26 20:45:00,1978-05-26 20:45:00,True,True
,10068598,Nebraska,87,Hitchcock,,1978-05-26 20:10:00,CST,1978-05-26 20:10:00,0,0,0,0,250K,0,,,Unknown,2.0,10,,,,,40.3,-101.22,,,,,NE,1978-05-26 21:10:00,1978-05-26 21:10:00,True,True
,10068599,Nebraska,87,Hitchcock,,1978-05-26 20:35:00,CST,1978-05-26 20:35:00,0,0,0,0,0K,0,,,Unknown,0.0,33,,,,,40.27,-101.23,,,,,NE,1978-05-26 21:35:00,1978-05-26 21:35:00,True,True
,10068602,Nebraska,101,Keith,,1978-05-27 17:30:00,CST,1978-05-27 17:30:00,0,0,0,0,0K,0,,,Unknown,0.0,33,,,,,41.05,-101.9,,,,,NE,1978-05-27 18:30:00,1978-05-27 18:30:00,True,True
,10068604,Nebraska,101,Keith,,1978-05-27 18:15:00,CST,1978-05-27 18:15:00,0,0,0,0,250K,0,,,Unknown,1.0,20,,,,,41.05,-101.6,,,,,NE,1978-05-27 19:15:00,1978-05-27 19:15:00,True,True
,10068609,Nebraska,103,Keya Paha,,1978-05-28 11:50:00,CST,1978-05-28 11:50:00,0,0,0,0,0K,0,,,Unknown,4.9,20,,,,,42.87,-99.67,42.93,-99.6,,,NE,1978-05-28 12:50:00,1978-05-28 12:50:00,True,True
,10068611,Nebraska,115,Loup,,1978-05-28 16:55:00,CST,1978-05-28 16:55:00,0,0,0,0,0K,0,,,Unknown,0.7,20,,,,,42.1,-99.38,,,,,NE,1978-05-28 17:55:00,1978-05-28 17:55:00,True,True
,10068612,Nebraska,149,Rock,,1978-05-28 17:30:00,CST,1978-05-28 17:30:00,0,0,0,0,0K,0,,,Unknown,1.0,20,,,,,42.08,-99.47,,,,,NE,1978-05-28 18:30:00,1978-05-28 18:30:00,True,True
,10042098,Maryland,9,Calvert,,1978-06-27 18:00:00,CST,1978-06-27 18:00:00,0,0,0,0,250K,0,,F2,Unknown,6.9,50,,,,,38.7,-76.67,38.62,-76.58,,,MD,1978-06-27 19:00:00,1978-06-27 19:00:00,True,True
,10042099,Maryland,41,Talbot,,1978-06-27 18:30:00,CST,1978-06-27 18:30:00,0,0,0,0,25K,0,,F1,Unknown,0.3,27,,,,,38.73,-76.27,,,,,MD,1978-06-27 19:30:00,1978-06-27 19:30:00,True,True
,10042106,Maryland,27,Howard,,1978-07-31 19:15:00,CST,1978-07-31 19:15:00,0,0,0,0,250K,0,,F2,Unknown,0.8,40,,,,,39.3,-77.07,,,,,MD,1978-07-31 20:15:00,1978-07-31 20:15:00,True,True
,10042107,Maryland,5,Baltimore,,1978-08-11 17:00:00,CST,1978-08-11 17:00:00,0,0,0,0,2.5K,0,,,Unknown,0.3,50,,,,,39.47,-76.58,,,,,MD,1978-08-11 18:00:00,1978-08-11 18:00:00,True,True
,10042109,Maryland,21,Frederick,,1978-08-28 14:45:00,CST,1978-08-28 14:45:00,0,0,0,0,0K,0,,F2,Unknown,14.8,33,,,,,39.72,-76.98,39.57,-76.78,,,MD,1978-08-28 15:45:00,1978-08-28 15:45:00,True,True
,9980130,Arkansas,119,Pulaski,,1978-04-17 20:10:00,CST,1978-04-17 20:10:00,2,0,0,0,250K,0,,F2,Unknown,1.3,250,,,,,34.72,-92.08,34.73,-92.07,,,AR,1978-04-17 20:10:00,1978-04-17 20:10:00,False,False
,9980131,Arkansas,85,Lonoke,,1978-04-17 20:12:00,CST,1978-04-17 20:12:00,5,0,0,0,250K,0,,F2,Unknown,28.2,33,,,,,34.73,-92.07,34.83,-91.58,,,AR,1978-04-17 20:12:00,1978-04-17 20:12:00,False,False
,9980132,Arkansas,117,Prairie,,1978-04-17 21:12:00,CST,1978-04-17 21:12:00,0,0,0,0,250K,0,,F2,Unknown,12.8,33,,,,,34.83,-91.58,34.92,-91.38,,,AR,1978-04-17 21:12:00,1978-04-17 21:12:00,False,False
,9980133,Arkansas,11,Bradley,,1978-04-17 21:25:00,CST,1978-04-17 21:25:00,0,0,0,0,0K,0,,F0,Unknown,0.1,27,,,,,33.62,-92.05,,,,,AR,1978-04-17 21:25:00,1978-04-17 21:25:00,False,False
,9980134,Arkansas,3,Ashley,,1978-04-17 21:40:00,CST,1978-04-17 21:40:00,3,0,0,0,250K,0,,F2,Unknown,9.1,500,,,,,33.28,-91.97,33.35,-91.83,,,AR,1978-04-17 21:40:00,1978-04-17 21:40:00,False,False
,9980135,Arkansas,147,Woodruff,,1978-04-17 21:42:00,CST,1978-04-17 21:42:00,0,0,0,0,250K,0,,F2,Unknown,6.4,33,,,,,34.92,-91.38,34.95,-91.28,,,AR,1978-04-17 21:42:00,1978-04-17 21:42:00,False,False
,10051134,Mississippi,115,Pontotoc,,1978-05-12 20:35:00,CST,1978-05-12 20:35:00,0,0,0,0,250K,0,,F1,Unknown,10.4,200,,,,,34.27,-88.97,34.27,-88.78,,,MS,1978-05-12 21:35:00,1978-05-12 21:35:00,True,True
,10051136,Mississippi,81,Lee,,1978-05-12 21:00:00,CST,1978-05-12 21:00:00,18,0,0,0,250K,0,,F1,Unknown,4.1,33,,,,,34.27,-88.78,34.27,-88.72,,,MS,1978-05-12 22:00:00,1978-05-12 22:00:00,True,True
,10051142,Mississippi,119,Quitman,,1978-05-12 21:37:00,CST,1978-05-12 21:37:00,0,0,0,0,25M,0,,F2,Unknown,11.5,33,,,,,34.32,-90.42,34.32,-90.22,,,MS,1978-05-12 22:37:00,1978-05-12 22:37:00,True,True
,10051147,Mississippi,107,Panola,,1978-05-12 22:03:00,CST,1978-05-12 22:03:00,0,0,0,0,25M,0,,F2,Unknown,16.2,33,,,,,34.32,-90.22,34.32,-89.93,,,MS,1978-05-12 23:03:00,1978-05-12 23:03:00,True,True
,10041032,Michigan,99,Macomb,,1978-10-05 13:45:00,CST,1978-10-05 13:45:00,0,0,0,0,25K,0,,,Unknown,0.5,100,,,,,42.52,-83.0,,,,,MI,1978-10-05 14:45:00,1978-10-05 14:45:00,True,True
,9982359,Arkansas,39,Dallas,,1978-12-03 02:15:00,CST,1978-12-03 02:15:00,0,0,0,0,250K,0,,F2,Unknown,16.8,33,,,,,33.8,-92.7,33.9,-92.43,,,AR,1978-12-03 02:15:00,1978-12-03 02:15:00,False,False
,9982360,Arkansas,139,Union,,1978-12-03 03:25:00,CST,1978-12-03 03:25:00,7,0,1,0,250K,0,,F2,Unknown,6.4,50,,,,,33.17,-92.9,33.2,-92.8,,,AR,1978-12-03 03:25:00,1978-12-03 03:25:00,False,False
,9982361,Arkansas,69,Jefferson,,1978-12-03 03:30:00,CST,1978-12-03 03:30:00,0,0,0,0,250K,0,,F1,Unknown,3.8,77,,,,,34.15,-91.9,34.18,-91.85,,,AR,1978-12-03 03:30:00,1978-12-03 03:30:00,False,False
,9982362,Arkansas,13,Calhoun,,1978-12-03 04:00:00,CST,1978-12-03 04:00:00,0,0,0,0,250K,0,,F1,Unknown,8.4,100,,,,,33.4,-92.45,33.5,-92.37,,,AR,1978-12-03 04:00:00,1978-12-03 04:00:00,False,False
,9982363,Arkansas,1,Arkansas,,1978-12-03 04:30:00,CST,1978-12-03 04:30:00,0,0,0,0,25K,0,,F1,Unknown,25.3,100,,,,,34.37,-91.65,34.45,-91.22,,,AR,1978-12-03 04:30:00,1978-12-03 04:30:00,False,False
,9982364,Arkansas,139,Union,,1978-12-03 04:50:00,CST,1978-12-03 04:50:00,0,0,0,0,0K,0,,F3,Unknown,3.8,100,,,,,33.0,-92.58,33.03,-92.53,,,AR,1978-12-03 04:50:00,1978-12-03 04:50:00,False,False
,9982365,Arkansas,95,Monroe,,1978-12-03 04:55:00,CST,1978-12-03 04:55:00,0,0,0,0,2.5K,0,,F0,Unknown,0.5,50,,,,,34.52,-91.18,,,,,AR,1978-12-03 04:55:00,1978-12-03 04:55:00,False,False
,9982366,Arkansas,77,Lee,,1978-12-03 05:12:00,CST,1978-12-03 05:12:00,0,0,0,0,2.5M,0,,F2,Unknown,1.0,100,,,,,34.77,-90.77,,,,,AR,1978-12-03 05:12:00,1978-12-03 05:12:00,False,False
,9982367,Arkansas,79,Lincoln,,1978-12-03 05:15:00,CST,1978-12-03 05:15:00,0,0,0,0,250K,0,,F2,Unknown,12.0,400,,,,,33.83,-91.72,33.92,-91.53,,,AR,1978-12-03 05:15:00,1978-12-03 05:15:00,False,False
,9981229,Arkansas,115,Pope,,1978-05-07 18:10:00,CST,1978-05-07 18:10:00,0,0,0,0,25K,0,,F2,Unknown,12.3,50,,,,,35.27,-93.15,35.25,-92.93,,,AR,1978-05-07 19:10:00,1978-05-07 19:10:00,True,True
,9981230,Arkansas,29,Conway,,1978-05-07 18:20:00,CST,1978-05-07 18:20:00,0,0,0,0,.25K,0,,F0,Unknown,0.1,27,,,,,35.28,-92.78,,,,,AR,1978-05-07 19:20:00,1978-05-07 19:20:00,True,True
,9981232,Arkansas,7,Benton,,1978-05-07 19:14:00,CST,1978-05-07 19:14:00,0,0,0,0,2.5K,0,,F1,Unknown,0.1,50,,,,,36.27,-94.12,,,,,AR,1978-05-07 20:14:00,1978-05-07 20:14:00,True,True
,9981234,Arkansas,149,Yell,,1978-05-07 22:40:00,CST,1978-05-07 22:40:00,0,0,0,0,0K,0,,F0,Unknown,0.1,20,,,,,35.23,-93.2,,,,,AR,1978-05-07 23:40:00,1978-05-07 23:40:00,True,True
,9981238,Arkansas,7,Benton,,1978-05-12 13:14:00,CST,1978-05-12 13:14:00,0,0,0,0,25K,0,,F1,Unknown,3.0,50,,,,,36.15,-94.53,,,,,AR,1978-05-12 14:14:00,1978-05-12 14:14:00,True,True
,9982358,Arkansas,103,Ouachita,,1978-12-03 02:00:00,CST,1978-12-03 02:00:00,0,0,0,0,250K,0,,F2,Unknown,8.4,250,,,,,33.73,-92.82,33.8,-92.7,,,AR,1978-12-03 02:00:00,1978-12-03 02:00:00,False,False
,9980125,Arkansas,133,Sevier,,1978-03-23 22:45:00,CST,1978-03-23 22:45:00,1,0,0,0,250K,0,,F1,Unknown,5.1,77,,,,,33.8,-94.05,33.87,-94.02,,,AR,1978-03-23 22:45:00,1978-03-23 22:45:00,False,False
,9980108,Arkansas,37,Cross,,1978-01-07 16:05:00,CST,1978-01-07 16:05:00,8,0,1,0,2.5M,0,,F3,Unknown,17.9,150,,,,,35.15,-90.87,35.27,-90.58,,,AR,1978-01-07 16:05:00,1978-01-07 16:05:00,False,False
,9980112,Arkansas,53,Grant,,1978-01-07 17:10:00,CST,1978-01-07 17:10:00,0,0,0,0,2.5K,0,,F1,Unknown,19.4,50,,,,,34.32,-92.5,34.45,-92.2,,,AR,1978-01-07 17:10:00,1978-01-07 17:10:00,False,False
,9980117,Arkansas,69,Jefferson,,1978-01-07 18:00:00,CST,1978-01-07 18:00:00,0,0,0,0,0K,0,,F0,Unknown,3.0,27,,,,,34.45,-92.18,34.47,-92.15,,,AR,1978-01-07 18:00:00,1978-01-07 18:00:00,False,False
,9980118,Arkansas,69,Jefferson,,1978-01-07 18:00:00,CST,1978-01-07 18:00:00,0,0,0,0,2.5K,0,,F1,Unknown,3.3,33,,,,,34.45,-92.2,34.48,-92.17,,,AR,1978-01-07 18:00:00,1978-01-07 18:00:00,False,False
,9980119,Arkansas,119,Pulaski,,1978-01-07 18:08:00,CST,1978-01-07 18:08:00,0,0,0,0,2.5K,0,,F1,Unknown,10.4,33,,,,,34.48,-92.17,34.58,-92.03,,,AR,1978-01-07 18:08:00,1978-01-07 18:08:00,False,False
,9980120,Arkansas,85,Lonoke,,1978-01-07 18:12:00,CST,1978-01-07 18:12:00,0,0,0,0,2.5K,0,,F1,Unknown,1.9,33,,,,,34.58,-92.03,34.6,-92.02,,,AR,1978-01-07 18:12:00,1978-01-07 18:12:00,False,False
,9980121,Arkansas,103,Ouachita,,1978-01-07 19:05:00,CST,1978-01-07 19:05:00,0,0,0,0,2.5K,0,,F0,Unknown,1.0,50,,,,,33.58,-92.85,,,,,AR,1978-01-07 19:05:00,1978-01-07 19:05:00,False,False
,9980122,Arkansas,103,Ouachita,,1978-01-07 19:05:00,CST,1978-01-07 19:05:00,0,0,0,0,250K,0,,F1,Unknown,2.0,100,,,,,33.6,-92.83,,,,,AR,1978-01-07 19:05:00,1978-01-07 19:05:00,False,False
,9981217,Arkansas,119,Pulaski,,1978-04-22 20:57:00,CST,1978-04-22 20:57:00,0,0,0,0,2.5K,0,,F1,Unknown,1.3,50,,,,,34.72,-92.08,34.73,-92.07,,,AR,1978-04-22 20:57:00,1978-04-22 20:57:00,False,False
,9981218,Arkansas,85,Lonoke,,1978-04-22 21:15:00,CST,1978-04-22 21:15:00,0,0,0,0,2.5K,0,,F1,Unknown,5.7,33,,,,,34.73,-92.07,34.75,-91.97,,,AR,1978-04-22 21:15:00,1978-04-22 21:15:00,False,False
,9981219,Arkansas,59,Hot Spring,,1978-04-22 21:50:00,CST,1978-04-22 21:50:00,0,0,0,0,0K,0,,F0,Unknown,0.1,27,,,,,34.22,-92.93,,,,,AR,1978-04-22 21:50:00,1978-04-22 21:50:00,False,False
,10053659,Minnesota,63,Jackson,,1978-05-27 15:45:00,CST,1978-05-27 15:45:00,0,0,0,0,.03K,0,,F0,Unknown,0.1,20,,,,,43.58,-95.42,,,,,MN,1978-05-27 16:45:00,1978-05-27 16:45:00,True,True
,10053661,Minnesota,129,Renville,,1978-05-28 15:15:00,CST,1978-05-28 15:15:00,0,0,0,0,.25K,0,,F0,Unknown,0.1,300,,,,,44.82,-94.98,,,,,MN,1978-05-28 16:15:00,1978-05-28 16:15:00,True,True
,10053662,Minnesota,55,Houston,,1978-05-29 14:25:00,CST,1978-05-29 14:25:00,0,0,0,0,2.5K,0,,F1,Unknown,0.3,180,,,,,43.67,-91.53,,,,,MN,1978-05-29 15:25:00,1978-05-29 15:25:00,True,True
,10053663,Minnesota,91,Martin,,1978-05-29 16:50:00,CST,1978-05-29 16:50:00,0,0,0,0,.25K,0,,F0,Unknown,0.1,60,,,,,43.67,-94.63,,,,,MN,1978-05-29 17:50:00,1978-05-29 17:50:00,True,True
,9988642,Colorado,35,Douglas,,1978-05-17 14:00:00,CST,1978-05-17 14:00:00,0,0,0,0,2.5K,0,,F0,Unknown,0.3,17,,,,,39.52,-104.77,,,,,CO,1978-05-17 15:00:00,1978-05-17 15:00:00,True,True
,9988643,Colorado,1,Adams,,1978-05-17 14:20:00,CST,1978-05-17 14:20:00,0,0,0,0,250K,0,,F2,Unknown,0.5,33,,,,,39.63,-104.75,,,,,CO,1978-05-17 15:20:00,1978-05-17 15:20:00,True,True
,9988644,Colorado,13,Boulder,,1978-05-17 15:45:00,CST,1978-05-17 15:45:00,0,0,0,0,2.5K,0,,F1,Unknown,0.5,17,,,,,40.17,-105.1,,,,,CO,1978-05-17 16:45:00,1978-05-17 16:45:00,True,True
,9988645,Colorado,61,Kiowa,,1978-05-17 16:00:00,CST,1978-05-17 16:00:00,1,0,0,0,2.5K,0,,F1,Unknown,0.5,33,,,,,38.45,-103.27,,,,,CO,1978-05-17 17:00:00,1978-05-17 17:00:00,True,True
,9988647,Colorado,73,Lincoln,,1978-05-21 16:44:00,CST,1978-05-21 16:44:00,0,0,0,0,0K,0,,F0,Unknown,0.8,17,,,,,39.28,-103.73,,,,,CO,1978-05-21 17:44:00,1978-05-21 17:44:00,True,True
,9988648,Colorado,25,Crowley,,1978-05-27 14:00:00,CST,1978-05-27 14:00:00,0,0,0,0,0K,0,,F1,Unknown,0.5,17,,,,,38.32,-103.52,,,,,CO,1978-05-27 15:00:00,1978-05-27 15:00:00,True,True
,10053677,Minnesota,167,Wilkin,,1978-06-25 16:30:00,CST,1978-06-25 16:30:00,0,0,0,0,0K,0,,,Unknown,0.0,33,,,,,46.18,-96.48,,,,,MN,1978-06-25 17:30:00,1978-06-25 17:30:00,True,True
,10053685,Minnesota,107,Norman,,1978-07-05 01:45:00,CST,1978-07-05 01:45:00,35,0,3,0,25M,0,,F2,Unknown,15.2,400,,,,,47.33,-96.35,47.45,-96.07,,,MN,1978-07-05 02:45:00,1978-07-05 02:45:00,True,True
,10070241,Montana,107,Wheatland,,1978-06-24 19:00:00,CST,1978-06-24 19:00:00,0,0,0,0,0K,0,,,Unknown,0.0,33,,,,,46.43,-109.82,,,,,MT,1978-06-24 20:00:00,1978-06-24 20:00:00,True,True
,10070242,Montana,3,Big Horn,,1978-06-24 19:45:00,CST,1978-06-24 19:45:00,0,0,0,0,0K,0,,,Unknown,0.0,33,,,,,45.73,-107.6,,,,,MT,1978-06-24 20:45:00,1978-06-24 20:45:00,True,True
,10053679,Minnesota,125,Red Lake,,1978-06-26 01:30:00,CST,1978-06-26 01:30:00,0,0,0,0,25K,0,,F2,Unknown,0.1,100,,,,,47.88,-96.27,,,,,MN,1978-06-26 02:30:00,1978-06-26 02:30:00,True,True
,10053686,Minnesota,87,Mahnomen,,1978-07-05 02:00:00,CST,1978-07-05 02:00:00,0,0,0,0,0K,0,,F2,Unknown,3.8,400,,,,,47.45,-96.07,47.5,-96.0,,,MN,1978-07-05 03:00:00,1978-07-05 03:00:00,True,True
,10053688,Minnesota,29,Clearwater,,1978-07-05 02:45:00,CST,1978-07-05 02:45:00,0,0,0,0,0K,0,,F2,Unknown,17.2,400,,,,,47.63,-95.58,47.75,-95.25,,,MN,1978-07-05 03:45:00,1978-07-05 03:45:00,True,True
,10056198,Missouri,95,Jackson,,1978-04-05 21:40:00,CST,1978-04-05 21:40:00,0,0,0,0,2.5K,0,,F1,Unknown,0.1,50,,,,,39.08,-94.33,,,,,MO,1978-04-05 21:40:00,1978-04-05 21:40:00,False,False
,10113818,South Carolina,75,Orangeburg,,1978-07-25 15:00:00,CST,1978-07-25 15:00:00,0,0,0,0,.25K,0,,F1,Unknown,1.0,20,,,,,33.65,-80.85,,,,,SC,1978-07-25 16:00:00,1978-07-25 16:00:00,True,True
,10113819,South Carolina,75,Orangeburg,,1978-07-25 15:00:00,CST,1978-07-25 15:00:00,0,0,0,0,25K,0,,F2,Unknown,0.1,10,,,,,33.57,-81.13,,,,,SC,1978-07-25 16:00:00,1978-07-25 16:00:00,True,True
,10094821,Oklahoma,15,Caddo,,1978-04-01 19:00:00,CST,1978-04-01 19:00:00,0,0,0,0,25K,0,,F1,Unknown,2.0,50,,,,,35.03,-98.68,,,,,OK,1978-04-01 19:00:00,1978-04-01 19:00:00,False,False
,10094824,Oklahoma,75,Kiowa,,1978-04-05 17:45:00,CST,1978-04-05 17:45:00,0,0,0,0,25K,0,,F1,Unknown,6.2,50,,,,,34.95,-99.27,35.0,-99.18,,,OK,1978-04-05 17:45:00,1978-04-05 17:45:00,False,False
,10094827,Oklahoma,31,Comanche,,1978-04-05 19:55:00,CST,1978-04-05 19:55:00,0,0,0,0,250K,0,,F2,Unknown,9.6,150,,,,,34.5,-98.28,34.58,-98.15,,,OK,1978-04-05 19:55:00,1978-04-05 19:55:00,False,False
,10094828,Oklahoma,137,Stephens,,1978-04-05 20:15:00,CST,1978-04-05 20:15:00,0,0,0,0,250K,0,,F2,Unknown,1.9,33,,,,,34.58,-98.15,34.6,-98.13,,,OK,1978-04-05 20:15:00,1978-04-05 20:15:00,False,False
,10094829,Oklahoma,137,Stephens,,1978-04-05 20:22:00,CST,1978-04-05 20:22:00,0,0,0,0,25K,0,,F2,Unknown,2.0,50,,,,,34.58,-97.9,,,,,OK,1978-04-05 20:22:00,1978-04-05 20:22:00,False,False
,10068575,Nebraska,177,Washington,,1978-04-08 03:40:00,CST,1978-04-08 03:40:00,0,0,0,0,.25K,0,,,Unknown,0.5,10,,,,,41.43,-96.03,,,,,NE,1978-04-08 03:40:00,1978-04-08 03:40:00,False,False
,10068577,Nebraska,145,Red Willow,,1978-04-08 18:10:00,CST,1978-04-08 18:10:00,0,0,0,0,0K,0,,,Unknown,8.0,10,,,,,40.23,-100.5,40.35,-100.5,,,NE,1978-04-08 18:10:00,1978-04-08 18:10:00,False,False
,10068578,Nebraska,63,Frontier,,1978-04-08 18:25:00,CST,1978-04-08 18:25:00,0,0,0,0,0K,0,,,Unknown,19.4,33,,,,,40.35,-100.5,40.63,-100.47,,,NE,1978-04-08 18:25:00,1978-04-08 18:25:00,False,False
,10075915,New York,123,Yates,,1978-06-27 14:05:00,CST,1978-06-27 14:05:00,0,0,0,0,2.5M,0,,F1,Unknown,1.9,440,,,,,42.68,-76.95,42.68,-76.88,,,NY,1978-06-27 15:05:00,1978-06-27 15:05:00,True,True
,10075920,New York,35,Fulton,,1978-06-27 17:05:00,CST,1978-06-27 17:05:00,0,0,0,0,250K,0,,F1,Unknown,3.6,333,,,,,43.13,-74.5,43.17,-74.42,,,NY,1978-06-27 18:05:00,1978-06-27 18:05:00,True,True
,10075922,New York,21,Columbia,,1978-07-10 14:45:00,CST,1978-07-10 14:45:00,0,0,0,0,25K,0,,F1,Unknown,0.7,53,,,,,42.17,-73.75,,,,,NY,1978-07-10 15:45:00,1978-07-10 15:45:00,True,True
,10075930,New York,27,Dutchess,,1978-08-07 21:00:00,CST,1978-08-07 21:00:00,0,0,0,0,25K,0,,,Unknown,1.0,17,,,,,41.7,-73.93,,,,,NY,1978-08-07 22:00:00,1978-08-07 22:00:00,True,True
,10075931,New York,59,Nassau,,1978-08-12 04:56:00,CST,1978-08-12 04:56:00,0,0,0,0,2.5K,0,,,Unknown,0.0,33,,,,,40.77,-73.47,,,,,NY,1978-08-12 05:56:00,1978-08-12 05:56:00,True,True
,9982285,Arizona,27,Yuma,,1978-02-10 16:30:00,CST,1978-02-10 16:30:00,0,0,0,0,0K,0,,,Unknown,0.0,33,,,,,32.68,-113.92,,,,,AZ,1978-02-10 16:30:00,1978-02-10 16:30:00,False,False
,9988655,Colorado,73,Lincoln,,1978-06-05 19:00:00,CST,1978-06-05 19:00:00,0,0,0,0,0K,0,,F0,Unknown,0.3,50,,,,,39.28,-103.27,,,,,CO,1978-06-05 20:00:00,1978-06-05 20:00:00,True,True
,9988663,Colorado,73,Lincoln,,1978-06-23 17:35:00,CST,1978-06-23 17:35:00,0,0,0,0,0K,0,,F0,Unknown,0.3,50,,,,,39.38,-103.7,,,,,CO,1978-06-23 18:35:00,1978-06-23 18:35:00,True,True
,9988664,Colorado,63,Kit Carson,,1978-06-26 20:25:00,CST,1978-06-26 20:25:00,0,0,0,0,0K,0,,F0,Unknown,0.3,50,,,,,39.3,-102.6,,,,,CO,1978-06-26 21:25:00,1978-06-26 21:25:00,True,True
,9988665,Colorado,9,Baca,,1978-06-26 21:00:00,CST,1978-06-26 21:00:00,0,0,0,0,0K,0,,F1,Unknown,12.3,67,,,,,37.47,-102.2,37.42,-101.98,,,CO,1978-06-26 22:00:00,1978-06-26 22:00:00,True,True
,10068569,Nebraska,143,Polk,,1978-04-07 23:10:00,CST,1978-04-07 23:10:00,0,0,0,0,2.5M,0,,,Unknown,8.0,50,,,,,41.18,-97.42,41.3,-97.37,,,NE,1978-04-07 23:10:00,1978-04-07 23:10:00,False,False
,10068570,Nebraska,23,Butler,,1978-04-07 23:36:00,CST,1978-04-07 23:36:00,0,0,0,0,2.5M,0,,,Unknown,0.0,33,,,,,41.3,-97.37,41.3,-97.37,,,NE,1978-04-07 23:36:00,1978-04-07 23:36:00,False,False
,10068571,Nebraska,23,Butler,,1978-04-07 23:50:00,CST,1978-04-07 23:50:00,0,0,0,0,25K,0,,,Unknown,2.0,20,,,,,41.27,-97.22,,,,,NE,1978-04-07 23:50:00,1978-04-07 23:50:00,False,False
,10068615,Nebraska,173,Thurston,,1978-05-28 20:50:00,CST,1978-05-28 20:50:00,0,0,0,0,0K,0,,,Unknown,0.0,33,,,,,42.12,-96.7,,,,,NE,1978-05-28 21:50:00,1978-05-28 21:50:00,True,True
,10068616,Nebraska,59,Fillmore,,1978-05-30 16:25:00,CST,1978-05-30 16:25:00,0,0,0,0,250K,0,,F2,Unknown,3.8,30,,,,,40.62,-97.45,40.67,-97.4,,,NE,1978-05-30 17:25:00,1978-05-30 17:25:00,True,True
,10068619,Nebraska,151,Saline,,1978-05-30 17:30:00,CST,1978-05-30 17:30:00,0,0,0,0,25K,0,,,Unknown,1.0,20,,,,,40.58,-97.23,,,,,NE,1978-05-30 18:30:00,1978-05-30 18:30:00,True,True
,10068620,Nebraska,169,Thayer,,1978-05-30 18:00:00,CST,1978-05-30 18:00:00,0,0,0,0,25K,0,,,Unknown,0.7,20,,,,,40.25,-97.77,,,,,NE,1978-05-30 19:00:00,1978-05-30 19:00:00,True,True
,10068621,Nebraska,169,Thayer,,1978-05-30 18:00:00,CST,1978-05-30 18:00:00,0,0,0,0,25K,0,,,Unknown,1.0,20,,,,,40.22,-97.58,,,,,NE,1978-05-30 19:00:00,1978-05-30 19:00:00,True,True
,10068623,Nebraska,67,Gage,,1978-05-30 18:20:00,CST,1978-05-30 18:20:00,0,0,0,0,0K,0,,,Unknown,0.0,33,,,,,40.3,-96.73,,,,,NE,1978-05-30 19:20:00,1978-05-30 19:20:00,True,True
,10057305,Missouri,167,Polk,,1978-05-12 13:00:00,CST,1978-05-12 13:00:00,0,0,0,0,25K,0,,,Unknown,3.6,100,,,,,37.8,-93.65,37.8,-93.58,,,MO,1978-05-12 14:00:00,1978-05-12 14:00:00,True,True
,9982642,Arizona,27,Yuma,,1978-02-10 16:40:00,CST,1978-02-10 16:40:00,0,0,0,0,0K,0,,,Unknown,0.0,33,,,,,32.68,-114.17,,,,,AZ,1978-02-10 16:40:00,1978-02-10 16:40:00,False,False
,10065113,Nebraska,31,Cherry,,1978-06-16 20:30:00,CST,1978-06-16 20:30:00,0,0,0,0,0K,0,,,Unknown,0.7,17,,,,,42.7,-100.55,,,,,NE,1978-06-16 21:30:00,1978-06-16 21:30:00,True,True
,10065126,Nebraska,67,Gage,,1978-06-19 19:15:00,CST,1978-06-19 19:15:00,0,0,0,0,25K,0,,,Unknown,0.5,10,,,,,40.43,-96.73,,,,,NE,1978-06-19 20:15:00,1978-06-19 20:15:00,True,True
,10065127,Nebraska,59,Fillmore,,1978-06-19 19:15:00,CST,1978-06-19 19:15:00,0,0,0,0,2.5M,0,,,Unknown,4.0,7,,,,,40.42,-97.43,,,,,NE,1978-06-19 20:15:00,1978-06-19 20:15:00,True,True
,10075904,New York,113,Warren,,1978-05-09 16:30:00,CST,1978-05-09 16:30:00,0,0,0,0,250K,0,,F1,Unknown,1.2,167,,,,,43.33,-73.75,,,,,NY,1978-05-09 17:30:00,1978-05-09 17:30:00,True,True
,10075906,New York,91,Saratoga,,1978-05-09 17:00:00,CST,1978-05-09 17:00:00,0,0,0,0,0K,0,,,Unknown,0.0,33,,,,,42.9,-73.68,,,,,NY,1978-05-09 18:00:00,1978-05-09 18:00:00,True,True
,10065140,Nebraska,17,Brown,,1978-06-21 18:15:00,CST,1978-06-21 18:15:00,0,0,0,0,2.5K,0,,,Unknown,0.7,30,,,,,42.57,-99.98,,,,,NE,1978-06-21 19:15:00,1978-06-21 19:15:00,True,True
,10065142,Nebraska,175,Valley,,1978-06-21 21:15:00,CST,1978-06-21 21:15:00,0,0,0,0,2.5K,0,,,Unknown,0.2,20,,,,,41.55,-99.0,,,,,NE,1978-06-21 22:15:00,1978-06-21 22:15:00,True,True
,10054786,Minnesota,149,Stevens,,1978-07-15 15:15:00,CST,1978-07-15 15:15:00,0,0,0,0,25K,0,,F0,Unknown,2.0,77,,,,,45.57,-96.22,,,,,MN,1978-07-15 16:15:00,1978-07-15 16:15:00,True,True
,10075907,New York,31,Essex,,1978-05-09 17:30:00,CST,1978-05-09 17:30:00,0,0,0,0,0K,0,,,Unknown,0.0,33,,,,,44.05,-73.45,,,,,NY,1978-05-09 18:30:00,1978-05-09 18:30:00,True,True
,10065159,Nebraska,161,Sheridan,,1978-06-25 14:30:00,CST,1978-06-25 14:30:00,8,0,0,0,2.5M,0,,F2,Unknown,11.1,300,,,,,42.93,-102.23,42.78,-102.13,,,NE,1978-06-25 15:30:00,1978-06-25 15:30:00,True,True
,10065161,Nebraska,31,Cherry,,1978-06-25 16:50:00,CST,1978-06-25 16:50:00,0,0,0,0,25K,0,,,Unknown,0.0,33,,,,,42.78,-101.33,,,,,NE,1978-06-25 17:50:00,1978-06-25 17:50:00,True,True
,10085034,North Dakota,11,Bowman,,1978-08-26 17:40:00,CST,1978-08-26 17:40:00,0,0,0,0,.25K,0,,F1,Unknown,5.6,33,,,,,46.28,-103.13,46.2,-103.18,,,ND,1978-08-26 18:40:00,1978-08-26 18:40:00,True,True
,10085039,North Dakota,89,Stark,,1978-09-11 16:35:00,CST,1978-09-11 16:35:00,0,0,0,0,0K,0,,F1,Unknown,1.0,133,,,,,46.9,-102.42,,,,,ND,1978-09-11 17:35:00,1978-09-11 17:35:00,True,True
,10038768,Michigan,27,Cass,,1978-08-27 14:20:00,CST,1978-08-27 14:20:00,0,0,0,0,25K,0,,F1,Unknown,1.0,77,,,,,41.85,-85.92,,,,,MI,1978-08-27 15:20:00,1978-08-27 15:20:00,True,True
,10092545,Oklahoma,17,Canadian,,1978-06-21 11:15:00,CST,1978-06-21 11:15:00,0,0,0,0,25K,0,,F1,Unknown,1.5,40,,,,,35.58,-98.18,,,,,OK,1978-06-21 12:15:00,1978-06-21 12:15:00,True,True
,10092533,Oklahoma,141,Tillman,,1978-05-27 18:15:00,CST,1978-05-27 18:15:00,0,0,0,0,25K,0,,F1,Unknown,0.3,40,,,,,34.42,-98.97,,,,,OK,1978-05-27 19:15:00,1978-05-27 19:15:00,True,True
,10068552,Nebraska,181,Webster,,1978-04-07 17:25:00,CST,1978-04-07 17:25:00,0,0,0,0,25K,0,,,Unknown,0.5,20,,,,,40.03,-98.5,,,,,NE,1978-04-07 17:25:00,1978-04-07 17:25:00,False,False
,10068560,Nebraska,81,Hamilton,,1978-04-07 20:45:00,CST,1978-04-07 20:45:00,1,0,0,0,25M,0,,,Unknown,26.9,77,,,,,40.87,-98.27,41.08,-97.83,,,NE,1978-04-07 20:45:00,1978-04-07 20:45:00,False,False
,10068563,Nebraska,143,Polk,,1978-04-07 21:35:00,CST,1978-04-07 21:35:00,0,0,0,0,25M,0,,,Unknown,4.3,33,,,,,41.08,-97.83,41.12,-97.75,,,NE,1978-04-07 21:35:00,1978-04-07 21:35:00,False,False
,10080285,New Hampshire,15,Rockingham,,1978-06-09 15:00:00,CST,1978-06-09 15:00:00,0,0,0,0,.25K,0,,F0,Unknown,0.2,27,,,,,43.05,-70.82,,,,,NH,1978-06-09 16:00:00,1978-06-09 16:00:00,True,True
,10080286,New Hampshire,11,Hillsborough,,1978-06-19 15:45:00,CST,1978-06-19 15:45:00,0,0,0,0,2.5K,0,,F0,Unknown,1.5,100,,,,,42.97,-71.68,,,,,NH,1978-06-19 16:45:00,1978-06-19 16:45:00,True,True
,10080290,New Hampshire,1,Belknap,,1978-07-23 15:00:00,CST,1978-07-23 15:00:00,0,0,0,0,25K,0,,F1,Unknown,0.2,100,,,,,43.6,-71.65,,,,,NH,1978-07-23 16:00:00,1978-07-23 16:00:00,True,True
,10094843,Oklahoma,71,Kay,,1978-04-17 13:54:00,CST,1978-04-17 13:54:00,0,0,0,0,25K,0,,F2,Unknown,9.0,40,,,,,36.73,-97.13,36.78,-96.98,,,OK,1978-04-17 13:54:00,1978-04-17 13:54:00,False,False
,10094844,Oklahoma,71,Kay,,1978-04-17 13:57:00,CST,1978-04-17 13:57:00,0,0,0,0,250K,0,,F2,Unknown,7.8,60,,,,,36.82,-97.12,36.88,-97.0,,,OK,1978-04-17 13:57:00,1978-04-17 13:57:00,False,False
,10094845,Oklahoma,71,Kay,,1978-04-17 13:58:00,CST,1978-04-17 13:58:00,0,0,0,0,25K,0,,F2,Unknown,10.7,40,,,,,36.77,-97.2,36.85,-97.03,,,OK,1978-04-17 13:58:00,1978-04-17 13:58:00,False,False
,10094846,Oklahoma,71,Kay,,1978-04-17 13:58:00,CST,1978-04-17 13:58:00,0,0,0,0,250K,0,,F2,Unknown,12.2,100,,,,,36.87,-97.12,36.98,-96.95,,,OK,1978-04-17 13:58:00,1978-04-17 13:58:00,False,False
,10082804,North Dakota,35,Grand Forks,,1978-05-26 06:30:00,CST,1978-05-26 06:30:00,0,0,0,0,250K,0,,F2,Unknown,0.5,20,,,,,48.92,-97.05,,,,,ND,1978-05-26 07:30:00,1978-05-26 07:30:00,True,True
,10082805,North Dakota,71,Ramsey,,1978-05-26 07:15:00,CST,1978-05-26 07:15:00,0,0,0,0,25K,0,,F0,Unknown,0.1,10,,,,,48.42,-98.45,,,,,ND,1978-05-26 08:15:00,1978-05-26 08:15:00,True,True
,10082807,North Dakota,13,Burke,,1978-06-09 20:23:00,CST,1978-06-09 20:23:00,0,0,0,0,0K,0,,F0,Unknown,0.0,33,,,,,48.88,-102.55,,,,,ND,1978-06-09 21:23:00,1978-06-09 21:23:00,True,True
,10082811,North Dakota,41,Hettinger,,1978-06-15 00:25:00,CST,1978-06-15 00:25:00,0,0,0,0,2.5K,0,,F1,Unknown,0.3,10,,,,,46.53,-102.85,,,,,ND,1978-06-15 01:25:00,1978-06-15 01:25:00,True,True
,10082812,North Dakota,89,Stark,,1978-06-15 00:30:00,CST,1978-06-15 00:30:00,0,0,0,0,0K,0,,F1,Unknown,0.3,10,,,,,46.68,-102.55,,,,,ND,1978-06-15 01:30:00,1978-06-15 01:30:00,True,True
,10082816,North Dakota,55,Mclean,,1978-06-15 16:15:00,CST,1978-06-15 16:15:00,0,0,0,0,0K,0,,F1,Unknown,0.0,33,,,,,47.67,-101.83,,,,,ND,1978-06-15 16:15:00,1978-06-15 16:15:00,False,False
,10082817,North Dakota,47,Logan,,1978-06-15 18:16:00,CST,1978-06-15 18:16:00,0,0,0,0,2.5K,0,,F0,Unknown,1.0,33,,,,,46.5,-99.73,,,,,ND,1978-06-15 19:16:00,1978-06-15 19:16:00,True,True
,10092278,Oklahoma,17,Canadian,,1978-04-30 17:57:00,CST,1978-04-30 17:57:00,0,0,0,0,2.5K,0,,F0,Unknown,6.1,77,,,,,35.5,-97.92,35.53,-97.82,,,OK,1978-04-30 18:57:00,1978-04-30 18:57:00,True,True
,10092281,Oklahoma,17,Canadian,,1978-04-30 18:20:00,CST,1978-04-30 18:20:00,0,0,0,0,2.5M,0,,F4,Unknown,5.7,1760,,,,,35.58,-97.75,35.65,-97.68,,,OK,1978-04-30 19:20:00,1978-04-30 19:20:00,True,True
,10092282,Oklahoma,109,Oklahoma,,1978-04-30 18:30:00,CST,1978-04-30 18:30:00,0,0,0,0,2.5M,0,,F4,Unknown,3.6,33,,,,,35.65,-97.68,35.68,-97.63,,,OK,1978-04-30 19:30:00,1978-04-30 19:30:00,True,True
,10051096,Mississippi,129,Smith,,1978-04-18 01:00:00,CST,1978-04-18 01:00:00,0,0,0,0,25K,0,,F1,Unknown,6.4,100,,,,,31.83,-89.43,31.87,-89.33,,,MS,1978-04-18 01:00:00,1978-04-18 01:00:00,False,False
,10051097,Mississippi,61,Jasper,,1978-04-18 01:10:00,CST,1978-04-18 01:10:00,0,0,0,0,25K,0,,F1,Unknown,26.3,33,,,,,31.87,-89.33,31.97,-88.9,,,MS,1978-04-18 01:10:00,1978-04-18 01:10:00,False,False
,10051099,Mississippi,23,Clarke,,1978-04-18 02:00:00,CST,1978-04-18 02:00:00,0,0,0,0,25K,0,,F1,Unknown,13.1,33,,,,,31.97,-88.9,32.05,-88.7,,,MS,1978-04-18 02:00:00,1978-04-18 02:00:00,False,False
,10054832,Minnesota,137,St. Louis,,1978-08-14 19:30:00,CST,1978-08-14 19:30:00,2,0,0,0,250K,0,,F1,Unknown,14.5,120,,,,,47.92,-91.92,48.08,-91.72,,,MN,1978-08-14 20:30:00,1978-08-14 20:30:00,True,True
,10054836,Minnesota,7,Beltrami,,1978-08-17 18:37:00,CST,1978-08-17 18:37:00,0,0,0,0,25K,0,,F1,Unknown,13.5,880,,,,,47.75,-94.67,47.92,-94.5,,,MN,1978-08-17 19:37:00,1978-08-17 19:37:00,True,True
,10098845,Ohio,157,Tuscarawas,,1978-06-07 16:00:00,CST,1978-06-07 16:00:00,1,0,0,0,250K,0,,F1,Unknown,0.5,50,,,,,40.52,-81.62,,,,,OH,1978-06-07 17:00:00,1978-06-07 17:00:00,True,True
,10098846,Ohio,153,Summit,,1978-06-07 16:15:00,CST,1978-06-07 16:15:00,0,0,0,0,2.5M,0,,F1,Unknown,1.0,70,,,,,41.13,-81.48,,,,,OH,1978-06-07 17:15:00,1978-06-07 17:15:00,True,True
,10098847,Ohio,71,Highland,,1978-06-07 16:50:00,CST,1978-06-07 16:50:00,0,0,0,0,25K,0,,F1,Unknown,0.5,40,,,,,39.2,-83.62,,,,,OH,1978-06-07 17:50:00,1978-06-07 17:50:00,True,True
,10098848,Ohio,155,Trumbull,,1978-06-07 16:55:00,CST,1978-06-07 16:55:00,0,0,0,0,2.5M,0,,F2,Unknown,0.0,50,,,,,41.15,-80.77,41.17,-80.72,,,OH,1978-06-07 17:55:00,1978-06-07 17:55:00,True,True
,10098850,Ohio,59,Guernsey,,1978-06-07 19:55:00,CST,1978-06-07 19:55:00,6,0,0,0,2.5M,0,,F2,Unknown,0.8,100,,,,,40.07,-81.63,,,,,OH,1978-06-07 20:55:00,1978-06-07 20:55:00,True,True
,10082823,North Dakota,15,Burleigh,,1978-06-15 20:25:00,CST,1978-06-15 20:25:00,0,0,0,0,0K,0,,F0,Unknown,0.0,33,,,,,47.1,-100.8,,,,,ND,1978-06-15 21:25:00,1978-06-15 21:25:00,True,True
,10054824,Minnesota,145,Stearns,,1978-08-14 18:03:00,CST,1978-08-14 18:03:00,1,0,0,0,25K,0,,F1,Unknown,15.0,67,,,,,45.5,-94.47,45.7,-94.33,,,MN,1978-08-14 19:03:00,1978-08-14 19:03:00,True,True
,10054825,Minnesota,145,Stearns,,1978-08-14 18:03:00,CST,1978-08-14 18:03:00,0,0,0,0,25K,0,,F1,Unknown,15.0,67,,,,,45.5,-94.47,45.7,-94.33,,,MN,1978-08-14 19:03:00,1978-08-14 19:03:00,True,True
,10054828,Minnesota,97,Morrison,,1978-08-14 18:35:00,CST,1978-08-14 18:35:00,0,0,0,0,250K,0,,F1,Unknown,2.0,27,,,,,45.8,-94.3,,,,,MN,1978-08-14 19:35:00,1978-08-14 19:35:00,True,True
,10118045,Pennsylvania,31,Clarion,,1978-07-23 15:05:00,CST,1978-07-23 15:05:00,24,0,1,0,250K,0,,,Unknown,0.0,33,,,,,40.98,-79.6,,,,,PA,1978-07-23 16:05:00,1978-07-23 16:05:00,True,True
,10118048,Pennsylvania,5,Armstrong,,1978-07-23 15:10:00,CST,1978-07-23 15:10:00,2,0,0,0,250K,0,,,Unknown,0.0,33,,,,,40.88,-79.58,,,,,PA,1978-07-23 16:10:00,1978-07-23 16:10:00,True,True
,10095745,Oklahoma,31,Comanche,,1978-09-05 17:00:00,CST,1978-09-05 17:00:00,0,0,0,0,0K,0,,F0,Unknown,0.5,20,,,,,34.63,-98.45,,,,,OK,1978-09-05 18:00:00,1978-09-05 18:00:00,True,True
,10113910,South Dakota,119,Sully,,1978-06-06 19:00:00,CST,1978-06-06 19:00:00,0,0,0,0,0K,0,,,Unknown,0.0,33,,,,,45.63,-99.02,,,,,SD,1978-06-06 20:00:00,1978-06-06 20:00:00,True,True
,10113911,South Dakota,45,Edmunds,,1978-06-06 19:30:00,CST,1978-06-06 19:30:00,0,0,0,0,0K,0,,,Unknown,0.0,33,,,,,45.53,-98.83,,,,,SD,1978-06-06 20:30:00,1978-06-06 20:30:00,True,True
,10113918,South Dakota,59,Hand,,1978-06-15 18:30:00,CST,1978-06-15 18:30:00,0,0,0,0,250K,0,,,Unknown,0.0,33,,,,,44.52,-99.13,,,,,SD,1978-06-15 19:30:00,1978-06-15 19:30:00,True,True
,10113920,South Dakota,105,Perkins,,1978-06-15 18:50:00,CST,1978-06-15 18:50:00,0,0,0,0,0K,0,,,Unknown,0.0,33,,,,,45.8,-102.17,,,,,SD,1978-06-15 19:50:00,1978-06-15 19:50:00,True,True
,10113923,South Dakota,129,Walworth,,1978-06-15 19:55:00,CST,1978-06-15 19:55:00,0,0,0,0,250K,0,,,Unknown,0.0,33,,,,,45.38,-99.88,,,,,SD,1978-06-15 20:55:00,1978-06-15 20:55:00,True,True
,10087734,North Carolina,97,Iredell,,1978-06-24 20:00:00,CST,1978-06-24 20:00:00,3,0,0,0,250K,0,,,Unknown,3.6,27,,,,,35.57,-80.88,35.53,-80.83,,,NC,1978-06-24 21:00:00,1978-06-24 21:00:00,True,True
,10083922,North Dakota,19,Cavalier,,1978-07-24 17:17:00,CST,1978-07-24 17:17:00,0,0,0,0,250K,0,,F1,Unknown,8.6,100,,,,,48.63,-98.28,48.63,-98.08,,,ND,1978-07-24 18:17:00,1978-07-24 18:17:00,True,True
,10083923,North Dakota,35,Grand Forks,,1978-07-24 17:20:00,CST,1978-07-24 17:20:00,0,0,0,0,0K,0,,F0,Unknown,0.0,33,,,,,48.0,-97.87,,,,,ND,1978-07-24 18:20:00,1978-07-24 18:20:00,True,True
,10066274,Nebraska,95,Jefferson,,1978-07-06 16:45:00,CST,1978-07-06 16:45:00,0,0,0,0,2.5M,0,,F2,Unknown,3.3,100,,,,,40.0,-96.98,40.02,-96.92,,,NE,1978-07-06 17:45:00,1978-07-06 17:45:00,True,True
,10066275,Nebraska,67,Gage,,1978-07-06 16:57:00,CST,1978-07-06 16:57:00,0,0,0,0,2.5M,0,,F2,Unknown,1.1,33,,,,,40.02,-96.92,40.0,-96.92,,,NE,1978-07-06 17:57:00,1978-07-06 17:57:00,True,True
,10066276,Nebraska,67,Gage,,1978-07-06 17:00:00,CST,1978-07-06 17:00:00,0,0,0,0,25K,0,,,Unknown,1.0,30,,,,,40.02,-96.77,,,,,NE,1978-07-06 18:00:00,1978-07-06 18:00:00,True,True
,10043807,Maine,17,Oxford,,1978-05-06 11:15:00,CST,1978-05-06 11:15:00,0,0,0,0,.25K,0,,F0,Unknown,0.1,10,,,,,44.55,-70.53,,,,,ME,1978-05-06 12:15:00,1978-05-06 12:15:00,True,True
,10043814,Maine,7,Franklin,,1978-07-23 15:00:00,CST,1978-07-23 15:00:00,0,0,0,0,0K,0,,F1,Unknown,0.2,40,,,,,44.97,-70.13,,,,,ME,1978-07-23 16:00:00,1978-07-23 16:00:00,True,True
,10066298,Nebraska,181,Webster,,1978-07-17 20:30:00,CST,1978-07-17 20:30:00,0,0,0,0,25K,0,,,Unknown,0.2,20,,,,,40.17,-98.57,,,,,NE,1978-07-17 21:30:00,1978-07-17 21:30:00,True,True
,10066305,Nebraska,33,Cheyenne,,1978-07-19 17:45:00,CST,1978-07-19 17:45:00,0,0,0,0,0K,0,,,Unknown,0.5,20,,,,,41.1,-102.98,,,,,NE,1978-07-19 18:45:00,1978-07-19 18:45:00,True,True
,10066306,Nebraska,165,Sioux,,1978-07-20 20:05:00,CST,1978-07-20 20:05:00,0,0,0,0,250K,0,,,Unknown,29.2,23,,,,,42.17,-104.0,42.1,-103.43,,,NE,1978-07-20 21:05:00,1978-07-20 21:05:00,True,True
,10066307,Nebraska,13,Box Butte,,1978-07-20 21:05:00,CST,1978-07-20 21:05:00,0,0,0,0,0K,0,,,Unknown,24.0,33,,,,,42.1,-103.43,42.05,-102.97,,,NE,1978-07-20 22:05:00,1978-07-20 22:05:00,True,True
,10066309,Nebraska,95,Jefferson,,1978-07-21 17:00:00,CST,1978-07-21 17:00:00,0,0,0,0,25K,0,,,Unknown,0.5,23,,,,,40.05,-97.1,,,,,NE,1978-07-21 18:00:00,1978-07-21 18:00:00,True,True
,10071340,Montana,59,Meagher,,1978-08-22 16:45:00,CST,1978-08-22 16:45:00,0,0,0,0,0K,0,,,Unknown,0.0,33,,,,,46.45,-110.32,,,,,MT,1978-08-22 17:45:00,1978-08-22 17:45:00,True,True
,9979638,Alabama,103,Morgan,,1978-05-12 23:15:00,CST,1978-05-12 23:15:00,11,0,0,0,250K,0,,F1,Unknown,3.6,100,,,,,34.45,-87.1,34.47,-87.05,,,AL,1978-05-13 00:15:00,1978-05-13 00:15:00,True,True
,10057061,Missouri,141,Morgan,,1978-04-06 03:00:00,CST,1978-04-06 03:00:00,0,0,0,0,25K,0,,,Unknown,2.0,100,,,,,38.42,-93.03,,,,,MO,1978-04-06 03:00:00,1978-04-06 03:00:00,False,False
,10053704,Minnesota,27,Clay,,1978-07-12 15:30:00,CST,1978-07-12 15:30:00,0,0,0,0,2.5K,0,,F0,Unknown,0.0,33,,,,,46.73,-96.23,,,,,MN,1978-07-12 16:30:00,1978-07-12 16:30:00,True,True
,10070254,Montana,69,Petroleum,,1978-07-03 02:00:00,CST,1978-07-03 02:00:00,0,0,0,0,0K,0,,,Unknown,0.0,33,,,,,47.0,-108.35,,,,,MT,1978-07-03 03:00:00,1978-07-03 03:00:00,True,True
,10070255,Montana,13,Cascade,,1978-07-03 17:30:00,CST,1978-07-03 17:30:00,0,0,0,0,250K,0,,,Unknown,1.0,300,,,,,47.33,-111.5,,,,,MT,1978-07-03 18:30:00,1978-07-03 18:30:00,True,True
,10070256,Montana,13,Cascade,,1978-07-03 17:30:00,CST,1978-07-03 17:30:00,0,0,0,0,250K,0,,,Unknown,1.0,300,,,,,47.33,-111.5,,,,,MT,1978-07-03 18:30:00,1978-07-03 18:30:00,True,True
,10070257,Montana,13,Cascade,,1978-07-03 17:30:00,CST,1978-07-03 17:30:00,0,0,0,0,250K,0,,,Unknown,1.0,300,,,,,47.33,-111.5,,,,,MT,1978-07-03 18:30:00,1978-07-03 18:30:00,True,True
,10070258,Montana,105,Valley,,1978-07-04 17:00:00,CST,1978-07-04 17:00:00,0,0,0,0,0K,0,,,Unknown,0.0,33,,,,,48.4,-106.0,,,,,MT,1978-07-04 18:00:00,1978-07-04 18:00:00,True,True
,10070259,Montana,25,Fallon,,1978-07-04 19:00:00,CST,1978-07-04 19:00:00,0,0,0,0,0K,0,,,Unknown,0.0,33,,,,,46.65,-104.68,,,,,MT,1978-07-04 20:00:00,1978-07-04 20:00:00,True,True
,10070262,Montana,89,Sanders,,1978-07-09 18:00:00,CST,1978-07-09 18:00:00,0,0,0,0,0K,0,,,Unknown,0.0,33,,,,,47.6,-115.42,,,,,MT,1978-07-09 19:00:00,1978-07-09 19:00:00,True,True
,10070265,Montana,11,Carter,,1978-07-18 18:00:00,CST,1978-07-18 18:00:00,0,0,0,0,250K,0,,,Unknown,0.0,33,,,,,45.22,-104.55,,,,,MT,1978-07-18 19:00:00,1978-07-18 19:00:00,True,True
,10038705,Michigan,161,Washtenaw,,1978-05-13 14:25:00,CST,1978-05-13 14:25:00,0,0,0,0,.25K,0,,F0,Unknown,0.7,50,,,,,42.2,-83.88,,,,,MI,1978-05-13 15:25:00,1978-05-13 15:25:00,True,True
,10038706,Michigan,5,Allegan,,1978-05-20 11:00:00,CST,1978-05-20 11:00:00,0,0,0,0,25K,0,,F1,Unknown,1.9,100,,,,,42.52,-85.7,42.52,-85.63,,,MI,1978-05-20 12:00:00,1978-05-20 12:00:00,True,True
,10038707,Michigan,75,Jackson,,1978-05-20 12:15:00,CST,1978-05-20 12:15:00,0,0,0,0,.25K,0,,F0,Unknown,0.7,70,,,,,42.37,-84.52,,,,,MI,1978-05-20 13:15:00,1978-05-20 13:15:00,True,True
,10038711,Michigan,87,Lapeer,,1978-06-12 13:45:00,CST,1978-06-12 13:45:00,0,0,0,0,.03K,0,,F0,Unknown,1.5,50,,,,,43.05,-83.03,,,,,MI,1978-06-12 14:45:00,1978-06-12 14:45:00,True,True
,10038715,Michigan,21,Berrien,,1978-06-17 22:51:00,CST,1978-06-17 22:51:00,0,0,0,0,2.5K,0,,F1,Unknown,1.0,40,,,,,41.87,-86.62,,,,,MI,1978-06-17 23:51:00,1978-06-17 23:51:00,True,True
,10038716,Michigan,21,Berrien,,1978-06-17 23:02:00,CST,1978-06-17 23:02:00,0,0,0,0,25K,0,,F1,Unknown,1.0,30,,,,,41.82,-86.5,,,,,MI,1978-06-18 00:02:00,1978-06-18 00:02:00,True,True
,10053708,Minnesota,93,Meeker,,1978-07-12 17:45:00,CST,1978-07-12 17:45:00,0,0,0,0,250K,0,,F1,Unknown,8.5,90,,,,,45.23,-94.55,45.33,-94.43,,,MN,1978-07-12 18:45:00,1978-07-12 18:45:00,True,True
,10053710,Minnesota,21,Cass,,1978-07-12 18:20:00,CST,1978-07-12 18:20:00,0,0,0,0,.25K,0,,F0,Unknown,0.1,50,,,,,46.5,-94.65,,,,,MN,1978-07-12 19:20:00,1978-07-12 19:20:00,True,True
,10053711,Minnesota,159,Wadena,,1978-07-12 18:30:00,CST,1978-07-12 18:30:00,0,0,0,0,.25K,0,,F0,Unknown,0.1,40,,,,,46.63,-94.87,,,,,MN,1978-07-12 19:30:00,1978-07-12 19:30:00,True,True
,10064888,Nebraska,181,Webster,,1978-04-07 17:40:00,CST,1978-04-07 17:40:00,0,0,0,0,.25K,0,,F2,Unknown,0.2,10,,,,,40.08,-98.33,,,,,NE,1978-04-07 17:40:00,1978-04-07 17:40:00,False,False
,10071341,Montana,107,Wheatland,,1978-08-22 17:10:00,CST,1978-08-22 17:10:00,0,0,0,0,0K,0,,,Unknown,0.0,33,,,,,46.42,-110.07,,,,,MT,1978-08-22 18:10:00,1978-08-22 18:10:00,True,True
,10057308,Missouri,169,Pulaski,,1978-05-12 14:15:00,CST,1978-05-12 14:15:00,4,0,0,0,2.5M,0,,F2,Unknown,13.9,400,,,,,37.93,-92.27,37.98,-92.02,,,MO,1978-05-12 15:15:00,1978-05-12 15:15:00,True,True
,10038704,Michigan,139,Ottawa,,1978-05-13 12:48:00,CST,1978-05-13 12:48:00,0,0,0,0,.03K,0,,F0,Unknown,0.1,20,,,,,42.82,-86.13,,,,,MI,1978-05-13 13:48:00,1978-05-13 13:48:00,True,True
,9979886,Alabama,97,Mobile,,1978-07-22 11:28:00,CST,1978-07-22 11:28:00,0,0,0,0,0K,0,,F1,Unknown,3.0,50,,,,,30.7,-88.02,,,,,AL,1978-07-22 12:28:00,1978-07-22 12:28:00,True,True
,9979859,Alabama,97,Mobile,,1978-05-17 14:23:00,CST,1978-05-17 14:23:00,0,0,0,0,0K,0,,F0,Unknown,1.0,50,,,,,30.72,-88.33,,,,,AL,1978-05-17 15:23:00,1978-05-17 15:23:00,True,True
,9979868,Alabama,97,Mobile,,1978-06-06 11:30:00,CST,1978-06-06 11:30:00,0,0,0,0,25K,0,,F0,Unknown,0.1,17,,,,,30.7,-88.17,,,,,AL,1978-06-06 12:30:00,1978-06-06 12:30:00,True,True
,9979874,Alabama,81,Lee,,1978-06-08 13:00:00,CST,1978-06-08 13:00:00,0,0,0,0,25K,0,,F1,Unknown,1.5,100,,,,,32.5,-85.15,,,,,AL,1978-06-08 14:00:00,1978-06-08 14:00:00,True,True
,9979880,Alabama,3,Baldwin,,1978-06-29 20:10:00,CST,1978-06-29 20:10:00,0,0,0,0,0K,0,,F0,Unknown,0.5,17,,,,,30.42,-87.68,,,,,AL,1978-06-29 21:10:00,1978-06-29 21:10:00,True,True
,10054802,Minnesota,113,Pennington,,1978-07-17 23:00:00,CST,1978-07-17 23:00:00,0,0,0,0,25K,0,,F0,Unknown,0.2,100,,,,,48.13,-96.45,,,,,MN,1978-07-18 00:00:00,1978-07-18 00:00:00,True,True
,10054803,Minnesota,61,Itasca,,1978-07-19 12:30:00,CST,1978-07-19 12:30:00,0,0,0,0,25K,0,,F1,Unknown,1.0,100,,,,,47.27,-93.15,,,,,MN,1978-07-19 13:30:00,1978-07-19 13:30:00,True,True
,10054804,Minnesota,43,Faribault,,1978-07-19 15:15:00,CST,1978-07-19 15:15:00,0,0,0,0,25K,0,,F0,Unknown,0.5,77,,,,,43.77,-93.77,,,,,MN,1978-07-19 16:15:00,1978-07-19 16:15:00,True,True
,10054805,Minnesota,119,Polk,,1978-07-21 13:30:00,CST,1978-07-21 13:30:00,0,0,0,0,2.5K,0,,F0,Unknown,0.2,30,,,,,47.62,-96.83,,,,,MN,1978-07-21 14:30:00,1978-07-21 14:30:00,True,True
,9979902,Alabama,107,Pickens,,1978-12-08 15:45:00,CST,1978-12-08 15:45:00,0,0,0,0,25K,0,,F1,Unknown,1.0,50,,,,,33.43,-87.9,,,,,AL,1978-12-08 15:45:00,1978-12-08 15:45:00,False,False
,9979904,Alabama,125,Tuscaloosa,,1978-12-08 15:55:00,CST,1978-12-08 15:55:00,0,0,0,0,25K,0,,F1,Unknown,2.5,50,,,,,33.42,-87.75,,,,,AL,1978-12-08 15:55:00,1978-12-08 15:55:00,False,False
,9979905,Alabama,125,Tuscaloosa,,1978-12-08 16:06:00,CST,1978-12-08 16:06:00,0,0,0,0,0K,0,,F0,Unknown,0.3,20,,,,,33.12,-87.62,,,,,AL,1978-12-08 16:06:00,1978-12-08 16:06:00,False,False
,9979906,Alabama,127,Walker,,1978-12-08 16:40:00,CST,1978-12-08 16:40:00,1,0,0,0,250K,0,,F1,Unknown,1.0,100,,,,,33.75,-87.05,,,,,AL,1978-12-08 16:40:00,1978-12-08 16:40:00,False,False
,10038743,Michigan,71,Iron,,1978-08-15 14:00:00,CST,1978-08-15 14:00:00,2,0,0,0,25K,0,,F1,Unknown,0.5,50,,,,,46.05,-88.7,,,,,MI,1978-08-15 15:00:00,1978-08-15 15:00:00,True,True
,10038746,Michigan,127,Oceana,,1978-08-15 23:05:00,CST,1978-08-15 23:05:00,1,0,0,0,250K,0,,F2,Unknown,0.8,333,,,,,43.55,-86.53,,,,,MI,1978-08-16 00:05:00,1978-08-16 00:05:00,True,True
,10038748,Michigan,89,Leelanau,,1978-08-15 23:20:00,CST,1978-08-15 23:20:00,0,0,0,0,250K,0,,,Unknown,2.3,160,,,,,44.98,-85.68,45.02,-85.62,,,MI,1978-08-16 00:20:00,1978-08-16 00:20:00,True,True
,10038749,Michigan,31,Cheboygan,,1978-08-16 00:03:00,CST,1978-08-16 00:03:00,0,0,0,0,25K,0,,,Unknown,1.5,60,,,,,45.57,-84.4,,,,,MI,1978-08-16 01:03:00,1978-08-16 01:03:00,True,True
,10057311,Missouri,161,Phelps,,1978-05-12 14:45:00,CST,1978-05-12 14:45:00,0,0,0,0,2.5M,0,,F2,Unknown,5.6,33,,,,,37.98,-92.02,38.02,-91.92,,,MO,1978-05-12 15:45:00,1978-05-12 15:45:00,True,True
,10057315,Missouri,65,Dent,,1978-05-12 15:00:00,CST,1978-05-12 15:00:00,0,0,0,0,25K,0,,,Unknown,0.1,10,,,,,37.72,-91.55,,,,,MO,1978-05-12 16:00:00,1978-05-12 16:00:00,True,True
,10057317,Missouri,189,St. Louis,,1978-05-12 15:05:00,CST,1978-05-12 15:05:00,0,0,0,0,250K,0,,,Unknown,0.5,50,,,,,38.78,-90.33,,,,,MO,1978-05-12 16:05:00,1978-05-12 16:05:00,True,True
,10057325,Missouri,99,Jefferson,,1978-05-12 17:00:00,CST,1978-05-12 17:00:00,0,0,0,0,250K,0,,,Unknown,4.5,200,,,,,38.23,-90.4,38.28,-90.35,,,MO,1978-05-12 18:00:00,1978-05-12 18:00:00,True,True
,10070230,Montana,21,Dawson,,1978-06-01 18:00:00,CST,1978-06-01 18:00:00,0,0,0,0,0K,0,,,Unknown,0.0,33,,,,,47.22,-105.15,,,,,MT,1978-06-01 19:00:00,1978-06-01 19:00:00,True,True
,10057326,Missouri,61,Daviess,,1978-05-12 17:20:00,CST,1978-05-12 17:20:00,1,0,0,0,250K,0,,,Unknown,1.0,200,,,,,39.97,-93.85,,,,,MO,1978-05-12 18:20:00,1978-05-12 18:20:00,True,True
,10057335,Missouri,131,Miller,,1978-05-28 12:00:00,CST,1978-05-28 12:00:00,5,0,0,0,25K,0,,F1,Unknown,0.1,23,,,,,38.2,-92.67,,,,,MO,1978-05-28 13:00:00,1978-05-28 13:00:00,True,True
,9981276,Arkansas,31,Craighead,,1978-08-16 19:30:00,CST,1978-08-16 19:30:00,0,0,0,0,2.5K,0,,F0,Unknown,6.1,20,,,,,35.9,-90.82,35.87,-90.72,,,AR,1978-08-16 20:30:00,1978-08-16 20:30:00,True,True
,9981284,Arkansas,107,Phillips,,1978-08-29 14:30:00,CST,1978-08-29 14:30:00,0,0,0,0,250K,0,,F1,Unknown,0.1,50,,,,,34.55,-90.7,,,,,AR,1978-08-29 15:30:00,1978-08-29 15:30:00,True,True
,9981265,Arkansas,29,Conway,,1978-07-10 15:30:00,CST,1978-07-10 15:30:00,0,0,0,0,2.5K,0,,F0,Unknown,0.1,27,,,,,35.45,-92.57,,,,,AR,1978-07-10 16:30:00,1978-07-10 16:30:00,True,True
,9981269,Arkansas,1,Arkansas,,1978-07-27 17:25:00,CST,1978-07-27 17:25:00,0,0,0,0,0K,0,,F0,Unknown,0.1,27,,,,,34.28,-91.33,,,,,AR,1978-07-27 18:25:00,1978-07-27 18:25:00,True,True
,9981272,Arkansas,31,Craighead,,1978-08-13 05:50:00,CST,1978-08-13 05:50:00,3,0,0,0,2.5M,0,,F2,Unknown,4.5,50,,,,,35.9,-90.72,35.85,-90.67,,,AR,1978-08-13 06:50:00,1978-08-13 06:50:00,True,True
,9982368,Arkansas,41,Desha,,1978-12-03 05:45:00,CST,1978-12-03 05:45:00,0,0,0,0,250K,0,,F2,Unknown,6.6,33,,,,,33.92,-91.53,33.97,-91.43,,,AR,1978-12-03 05:45:00,1978-12-03 05:45:00,False,False
,9982369,Arkansas,107,Phillips,,1978-12-03 06:50:00,CST,1978-12-03 06:50:00,0,0,0,0,2.5M,0,,F2,Unknown,0.8,100,,,,,34.52,-90.6,,,,,AR,1978-12-03 06:50:00,1978-12-03 06:50:00,False,False
,10038750,Michigan,33,Chippewa,,1978-08-16 00:06:00,CST,1978-08-16 00:06:00,0,0,0,0,250K,0,,,Unknown,0.5,27,,,,,46.38,-85.18,,,,,MI,1978-08-16 01:06:00,1978-08-16 01:06:00,True,True
,10038751,Michigan,77,Kalamazoo,,1978-08-16 00:30:00,CST,1978-08-16 00:30:00,1,0,0,0,250K,0,,,Unknown,1.5,350,,,,,42.28,-85.57,,,,,MI,1978-08-16 01:30:00,1978-08-16 01:30:00,True,True
,10038762,Michigan,155,Shiawassee,,1978-08-19 03:40:00,CST,1978-08-19 03:40:00,8,0,0,0,250K,0,,F2,Unknown,2.0,230,,,,,42.83,-84.25,,,,,MI,1978-08-19 04:40:00,1978-08-19 04:40:00,True,True
,9981242,Arkansas,137,Stone,,1978-05-12 16:10:00,CST,1978-05-12 16:10:00,0,0,0,0,250K,0,,F2,Unknown,12.1,200,,,,,35.92,-92.32,35.9,-92.1,,,AR,1978-05-12 17:10:00,1978-05-12 17:10:00,True,True
,9981243,Arkansas,57,Hempstead,,1978-05-12 17:45:00,CST,1978-05-12 17:45:00,2,0,0,0,25K,0,,F1,Unknown,2.0,77,,,,,33.52,-93.58,,,,,AR,1978-05-12 18:45:00,1978-05-12 18:45:00,True,True
,9981244,Arkansas,53,Grant,,1978-05-12 18:00:00,CST,1978-05-12 18:00:00,0,0,0,0,0K,0,,F0,Unknown,0.3,27,,,,,34.33,-92.23,,,,,AR,1978-05-12 19:00:00,1978-05-12 19:00:00,True,True
,9981246,Arkansas,1,Arkansas,,1978-05-12 18:58:00,CST,1978-05-12 18:58:00,0,0,0,0,2.5K,0,,F0,Unknown,0.3,50,,,,,34.22,-91.25,,,,,AR,1978-05-12 19:58:00,1978-05-12 19:58:00,True,True
,9981253,Arkansas,67,Jackson,,1978-06-06 15:15:00,CST,1978-06-06 15:15:00,0,0,0,0,25K,0,,F1,Unknown,0.1,77,,,,,35.62,-91.27,,,,,AR,1978-06-06 16:15:00,1978-06-06 16:15:00,True,True
,9981254,Arkansas,93,Mississippi,,1978-06-08 12:10:00,CST,1978-06-08 12:10:00,0,0,0,0,.25K,0,,F0,Unknown,0.1,27,,,,,35.6,-90.22,,,,,AR,1978-06-08 13:10:00,1978-06-08 13:10:00,True,True
,9981255,Arkansas,35,Crittenden,,1978-06-08 13:41:00,CST,1978-06-08 13:41:00,0,0,0,0,0K,0,,F0,Unknown,0.1,27,,,,,35.23,-90.33,,,,,AR,1978-06-08 14:41:00,1978-06-08 14:41:00,True,True
,10038702,Michigan,87,Lapeer,,1978-04-11 13:36:00,CST,1978-04-11 13:36:00,0,0,0,0,0K,0,,F0,Unknown,1.5,33,,,,,43.2,-83.15,,,,,MI,1978-04-11 13:36:00,1978-04-11 13:36:00,False,False
,10038703,Michigan,151,Sanilac,,1978-04-11 13:51:00,CST,1978-04-11 13:51:00,0,0,0,0,.25K,0,,F0,Unknown,2.0,33,,,,,43.3,-82.87,,,,,MI,1978-04-11 13:51:00,1978-04-11 13:51:00,False,False
,10063970,Mississippi,29,Copiah,,1978-08-29 06:30:00,CST,1978-08-29 06:30:00,2,0,1,0,250K,0,,F1,Unknown,21.3,100,,,,,31.98,-90.42,32.28,-90.33,,,MS,1978-08-29 07:30:00,1978-08-29 07:30:00,True,True
,9981259,Arkansas,85,Lonoke,,1978-06-19 16:30:00,CST,1978-06-19 16:30:00,0,0,0,0,0K,0,,F0,Unknown,0.3,20,,,,,34.52,-91.97,,,,,AR,1978-06-19 17:30:00,1978-06-19 17:30:00,True,True
,9981260,Arkansas,93,Mississippi,,1978-06-22 12:29:00,CST,1978-06-22 12:29:00,0,0,0,0,0K,0,,F0,Unknown,0.1,27,,,,,35.7,-90.0,,,,,AR,1978-06-22 13:29:00,1978-06-22 13:29:00,True,True
,9981262,Arkansas,79,Lincoln,,1978-06-27 15:45:00,CST,1978-06-27 15:45:00,0,0,0,0,0K,0,,F1,Unknown,5.7,27,,,,,34.07,-91.58,33.98,-91.58,,,AR,1978-06-27 16:45:00,1978-06-27 16:45:00,True,True
,9981263,Arkansas,85,Lonoke,,1978-07-02 16:30:00,CST,1978-07-02 16:30:00,0,0,0,0,.25K,0,,F1,Unknown,0.5,200,,,,,34.63,-92.1,,,,,AR,1978-07-02 17:30:00,1978-07-02 17:30:00,True,True
,9981264,Arkansas,61,Howard,,1978-07-04 16:00:00,CST,1978-07-04 16:00:00,0,0,0,0,2.5K,0,,F1,Unknown,6.9,440,,,,,33.87,-93.92,33.77,-93.92,,,AR,1978-07-04 17:00:00,1978-07-04 17:00:00,True,True
,10051161,Mississippi,59,Jackson,,1978-07-29 10:30:00,CST,1978-07-29 10:30:00,0,0,0,0,2.5K,0,,,Unknown,0.5,40,,,,,30.38,-88.62,,,,,MS,1978-07-29 11:30:00,1978-07-29 11:30:00,True,True
,10042857,Maryland,35,Queen Anne'S,,1978-03-14 13:10:00,CST,1978-03-14 13:10:00,0,0,0,0,25K,0,,F1,Unknown,0.2,17,,,,,38.97,-76.28,,,,,MD,1978-03-14 13:10:00,1978-03-14 13:10:00,False,False
,10042858,Maryland,11,Caroline,,1978-04-18 18:20:00,CST,1978-04-18 18:20:00,0,0,0,0,25K,0,,F1,Unknown,0.1,10,,,,,38.93,-75.87,,,,,MD,1978-04-18 18:20:00,1978-04-18 18:20:00,False,False
,10000074,Florida,101,Pasco,,1978-07-26 13:10:00,CST,1978-07-26 13:10:00,0,0,0,0,.25K,0,,F0,Unknown,0.1,3,,,,,28.25,-82.72,,,,,FL,1978-07-26 14:10:00,1978-07-26 14:10:00,True,True
,10000075,Florida,101,Pasco,,1978-07-26 13:30:00,CST,1978-07-26 13:30:00,0,0,0,0,.25K,0,,F0,Unknown,0.1,7,,,,,28.45,-82.7,,,,,FL,1978-07-26 14:30:00,1978-07-26 14:30:00,True,True
,10000076,Florida,127,Volusia,,1978-07-27 13:30:00,CST,1978-07-27 13:30:00,0,0,0,0,.25K,0,,F0,Unknown,0.1,10,,,,,29.33,-81.05,,,,,FL,1978-07-27 14:30:00,1978-07-27 14:30:00,True,True
,10000077,Florida,11,Broward,,1978-07-29 17:00:00,CST,1978-07-29 17:00:00,0,0,0,0,.25K,0,,F0,Unknown,0.1,10,,,,,26.37,-80.5,,,,,FL,1978-07-29 18:00:00,1978-07-29 18:00:00,True,True
,10099951,Ohio,89,Licking,,1978-09-14 17:05:00,CST,1978-09-14 17:05:00,0,0,0,0,250K,0,,F1,Unknown,0.0,33,,,,,39.92,-82.45,39.93,-82.43,,,OH,1978-09-14 18:05:00,1978-09-14 18:05:00,True,True
,10099954,Ohio,29,Columbiana,,1978-10-12 17:25:00,CST,1978-10-12 17:25:00,4,0,0,0,2.5M,0,,F3,Unknown,7.3,250,,,,,40.8,-80.92,40.88,-80.82,,,OH,1978-10-12 18:25:00,1978-10-12 18:25:00,True,True
,10023949,Kansas,149,Pottawatomie,,1978-05-31 15:30:00,CST,1978-05-31 15:30:00,0,0,0,0,250K,0,,F3,Unknown,18.9,1300,,,,,39.32,-96.38,39.37,-96.03,,,KS,1978-05-31 16:30:00,1978-05-31 16:30:00,True,True
,10023952,Kansas,85,Jackson,,1978-05-31 16:00:00,CST,1978-05-31 16:00:00,1,0,3,0,2.5M,0,,F3,Unknown,18.1,1300,,,,,39.37,-96.03,39.47,-95.72,,,KS,1978-05-31 17:00:00,1978-05-31 17:00:00,True,True
,9990670,California,99,Stanislaus,,1978-03-01 16:00:00,CST,1978-03-01 16:00:00,0,0,0,0,25K,0,,,Unknown,1.5,100,,,,,37.67,-120.93,,,,,CA,1978-03-01 16:00:00,1978-03-01 16:00:00,False,False
,10116948,Pennsylvania,63,Indiana,,1978-06-07 20:00:00,CST,1978-06-07 20:00:00,0,0,0,0,0K,0,,,Unknown,0.0,33,,,,,40.82,-78.98,,,,,PA,1978-06-07 21:00:00,1978-06-07 21:00:00,True,True
,10116949,Pennsylvania,65,Jefferson,,1978-06-07 20:00:00,CST,1978-06-07 20:00:00,0,0,0,0,250K,0,,F1,Unknown,0.0,33,,,,,41.25,-78.85,,,,,PA,1978-06-07 21:00:00,1978-06-07 21:00:00,True,True
,10116950,Pennsylvania,5,Armstrong,,1978-06-07 20:00:00,CST,1978-06-07 20:00:00,1,0,0,0,0K,0,,F1,Unknown,0.0,33,,,,,40.82,-79.5,,,,,PA,1978-06-07 21:00:00,1978-06-07 21:00:00,True,True
,10116953,Pennsylvania,19,Butler,,1978-06-16 21:20:00,CST,1978-06-16 21:20:00,1,0,0,0,250K,0,,F1,Unknown,0.0,33,,,,,40.8,-80.13,,,,,PA,1978-06-16 22:20:00,1978-06-16 22:20:00,True,True
,10023919,Kansas,139,Osage,,1978-05-23 18:30:00,CST,1978-05-23 18:30:00,1,0,0,0,250K,0,,F2,Unknown,4.1,30,,,,,38.82,-95.72,38.82,-95.63,,,KS,1978-05-23 19:30:00,1978-05-23 19:30:00,True,True
,10023927,Kansas,33,Comanche,,1978-05-24 22:45:00,CST,1978-05-24 22:45:00,0,0,0,0,.03K,0,,F0,Unknown,0.1,10,,,,,37.33,-99.42,,,,,KS,1978-05-24 23:45:00,1978-05-24 23:45:00,True,True
,10023928,Kansas,55,Finney,,1978-05-25 18:15:00,CST,1978-05-25 18:15:00,0,0,0,0,.03K,0,,F0,Unknown,0.1,10,,,,,37.82,-100.85,,,,,KS,1978-05-25 19:15:00,1978-05-25 19:15:00,True,True
,10023937,Kansas,55,Finney,,1978-05-30 17:30:00,CST,1978-05-30 17:30:00,0,0,0,0,250K,0,,F2,Unknown,11.7,17,,,,,38.07,-100.7,38.0,-100.5,,,KS,1978-05-30 18:30:00,1978-05-30 18:30:00,True,True
,10023941,Kansas,69,Gray,,1978-05-30 18:30:00,CST,1978-05-30 18:30:00,0,0,0,0,250K,0,,F2,Unknown,16.9,33,,,,,38.0,-100.5,37.9,-100.22,,,KS,1978-05-30 19:30:00,1978-05-30 19:30:00,True,True
,10023943,Kansas,57,Ford,,1978-05-30 19:30:00,CST,1978-05-30 19:30:00,0,0,0,0,250K,0,,F2,Unknown,3.3,33,,,,,37.9,-100.22,37.87,-100.17,,,KS,1978-05-30 20:30:00,1978-05-30 20:30:00,True,True
,10099948,Ohio,131,Pike,,1978-09-14 16:30:00,CST,1978-09-14 16:30:00,2,0,0,0,25K,0,,F1,Unknown,7.2,400,,,,,39.2,-83.33,39.28,-83.25,,,OH,1978-09-14 17:30:00,1978-09-14 17:30:00,True,True
,10099949,Ohio,45,Fairfield,,1978-09-14 16:55:00,CST,1978-09-14 16:55:00,0,0,0,0,250K,0,,F1,Unknown,0.0,100,,,,,39.9,-82.5,39.9,-82.47,,,OH,1978-09-14 17:55:00,1978-09-14 17:55:00,True,True
,10099950,Ohio,127,Perry,,1978-09-14 17:00:00,CST,1978-09-14 17:00:00,0,0,0,0,250K,0,,F1,Unknown,0.0,33,,,,,39.9,-82.47,39.92,-82.45,,,OH,1978-09-14 18:00:00,1978-09-14 18:00:00,True,True
,9996676,Georgia,145,Harris,,1978-06-08 12:10:00,CST,1978-06-08 12:10:00,2,0,0,0,25K,0,,F1,Unknown,2.0,100,,,,,32.65,-84.87,,,,,GA,1978-06-08 13:10:00,1978-06-08 13:10:00,True,True
,9996677,Georgia,287,Turner,,1978-06-08 18:20:00,CST,1978-06-08 18:20:00,0,0,0,0,25K,0,,F1,Unknown,12.8,100,,,,,31.67,-83.63,31.8,-83.48,,,GA,1978-06-08 19:20:00,1978-06-08 19:20:00,True,True
,9996680,Georgia,251,Screven,,1978-06-24 16:00:00,CST,1978-06-24 16:00:00,0,0,0,0,25K,0,,F1,Unknown,1.0,50,,,,,32.63,-81.6,,,,,GA,1978-06-24 17:00:00,1978-06-24 17:00:00,True,True
,10116941,Pennsylvania,85,Mercer,,1978-05-13 09:40:00,CST,1978-05-13 09:40:00,0,0,0,0,0K,0,,,Unknown,0.0,33,,,,,41.33,-80.12,,,,,PA,1978-05-13 10:40:00,1978-05-13 10:40:00,True,True
,10021394,Kansas,71,Greeley,,1978-07-30 14:24:00,CST,1978-07-30 14:24:00,0,0,0,0,0K,0,,,Unknown,0.0,33,,,,,38.33,-101.6,,,,,KS,1978-07-30 15:24:00,1978-07-30 15:24:00,True,True
,10118064,Pennsylvania,1,Adams,,1978-08-28 14:30:00,CST,1978-08-28 14:30:00,0,0,0,0,2.5K,0,,F2,Unknown,3.3,20,,,,,39.8,-77.03,39.75,-77.0,,,PA,1978-08-28 15:30:00,1978-08-28 15:30:00,True,True
,10092276,Oklahoma,17,Canadian,,1978-04-30 17:40:00,CST,1978-04-30 17:40:00,0,0,0,0,25K,0,,F1,Unknown,5.7,50,,,,,35.53,-97.9,35.55,-97.8,,,OK,1978-04-30 18:40:00,1978-04-30 18:40:00,True,True
,10092277,Oklahoma,17,Canadian,,1978-04-30 17:55:00,CST,1978-04-30 17:55:00,0,0,0,0,2.5K,0,,F0,Unknown,6.6,70,,,,,35.45,-97.95,35.5,-97.85,,,OK,1978-04-30 18:55:00,1978-04-30 18:55:00,True,True
,9979856,Alabama,95,Marshall,,1978-05-12 23:35:00,CST,1978-05-12 23:35:00,0,0,0,0,0K,0,,F1,Unknown,8.0,200,,,,,34.42,-86.35,,,,,AL,1978-05-13 00:35:00,1978-05-13 00:35:00,True,True
,9988682,Colorado,35,Douglas,,1978-07-29 15:45:00,CST,1978-07-29 15:45:00,0,0,0,0,0K,0,,F0,Unknown,0.3,30,,,,,39.52,-104.73,,,,,CO,1978-07-29 16:45:00,1978-07-29 16:45:00,True,True
,9988683,Colorado,35,Douglas,,1978-08-01 18:20:00,CST,1978-08-01 18:20:00,0,0,0,0,2.5K,0,,F1,Unknown,0.5,50,,,,,39.55,-104.8,,,,,CO,1978-08-01 19:20:00,1978-08-01 19:20:00,True,True
,9988685,Colorado,121,Washington,,1978-08-14 15:02:00,CST,1978-08-14 15:02:00,0,0,0,0,0K,0,,F0,Unknown,0.5,50,,,,,40.15,-103.17,,,,,CO,1978-08-14 16:02:00,1978-08-14 16:02:00,True,True
,10018408,Indiana,5,Bartholomew,,1978-07-01 15:45:00,CST,1978-07-01 15:45:00,6,0,0,0,25K,0,,F1,Unknown,0.5,50,,,,,39.17,-85.83,,,,,IN,1978-07-01 16:45:00,1978-07-01 16:45:00,True,True
,10018410,Indiana,157,Tippecanoe,,1978-07-02 12:15:00,CST,1978-07-02 12:15:00,0,0,0,0,25K,0,,F1,Unknown,8.3,170,,,,,40.47,-86.9,40.42,-86.75,,,IN,1978-07-02 13:15:00,1978-07-02 13:15:00,True,True
,10018411,Indiana,171,Warren,,1978-07-07 14:08:00,CST,1978-07-07 14:08:00,0,0,0,0,25K,0,,F1,Unknown,0.2,50,,,,,40.42,-87.32,,,,,IN,1978-07-07 15:08:00,1978-07-07 15:08:00,True,True
,10013860,Iowa,127,Marshall,,1978-09-16 19:25:00,CST,1978-09-16 19:25:00,0,0,0,0,0K,0,,F3,Unknown,11.3,200,,,,,41.97,-93.18,41.87,-93.0,,,IA,1978-09-16 20:25:00,1978-09-16 20:25:00,True,True
,10013861,Iowa,99,Jasper,,1978-09-16 19:35:00,CST,1978-09-16 19:35:00,2,0,2,0,250K,0,,F3,Unknown,16.4,200,,,,,41.87,-93.0,41.7,-92.77,,,IA,1978-09-16 20:35:00,1978-09-16 20:35:00,True,True
,10013864,Iowa,157,Poweshiek,,1978-09-16 19:55:00,CST,1978-09-16 19:55:00,43,0,4,0,2.5M,0,,F3,Unknown,4.1,200,,,,,41.7,-92.77,41.65,-92.7,,,IA,1978-09-16 20:55:00,1978-09-16 20:55:00,True,True
,10020479,Kansas,187,Stanton,,1978-06-26 21:00:00,CST,1978-06-26 21:00:00,0,0,0,0,25K,0,,F1,Unknown,3.0,37,,,,,37.42,-101.98,37.4,-101.93,,,KS,1978-06-26 22:00:00,1978-06-26 22:00:00,True,True
,10020480,Kansas,129,Morton,,1978-06-26 21:10:00,CST,1978-06-26 21:10:00,0,0,0,0,25K,0,,F1,Unknown,7.6,33,,,,,37.4,-101.93,37.37,-101.8,,,KS,1978-06-26 22:10:00,1978-06-26 22:10:00,True,True
,10029896,Kentucky,197,Powell,,1978-08-30 15:20:00,CST,1978-08-30 15:20:00,0,0,0,0,25K,0,,F2,Unknown,5.2,800,,,,,37.87,-83.82,37.87,-83.72,,,KY,1978-08-30 16:20:00,1978-08-30 16:20:00,True,True
,10020469,Kansas,195,Trego,,1978-06-19 23:10:00,CST,1978-06-19 23:10:00,0,0,0,0,.03K,0,,F0,Unknown,0.1,3,,,,,39.12,-99.98,,,,,KS,1978-06-20 00:10:00,1978-06-20 00:10:00,True,True
,10020470,Kansas,145,Pawnee,,1978-06-20 00:45:00,CST,1978-06-20 00:45:00,0,0,0,0,250K,0,,F1,Unknown,11.3,100,,,,,38.03,-99.2,37.98,-99.0,,,KS,1978-06-20 01:45:00,1978-06-20 01:45:00,True,True
,10032257,Louisiana,55,Lafayette,,1978-05-07 12:05:00,CST,1978-05-07 12:05:00,0,0,0,0,0K,0,,F1,Unknown,0.0,33,,,,,30.17,-92.0,,,,,LA,1978-05-07 13:05:00,1978-05-07 13:05:00,True,True
,10032262,Louisiana,17,Caddo,,1978-05-12 00:35:00,CST,1978-05-12 00:35:00,0,0,0,0,250K,0,,F1,Unknown,4.0,53,,,,,32.4,-93.73,,,,,LA,1978-05-12 01:35:00,1978-05-12 01:35:00,True,True
,10000114,Florida,115,Sarasota,,1978-12-24 13:45:00,CST,1978-12-24 13:45:00,1,0,0,0,250K,0,,F1,Unknown,0.4,20,,,,,27.28,-82.53,,,,,FL,1978-12-24 13:45:00,1978-12-24 13:45:00,False,False
,10000116,Florida,95,Orange,,1978-12-24 14:00:00,CST,1978-12-24 14:00:00,0,0,0,0,25K,0,,F1,Unknown,0.3,20,,,,,28.73,-81.6,,,,,FL,1978-12-24 14:00:00,1978-12-24 14:00:00,False,False
,10000117,Florida,95,Orange,,1978-12-24 14:15:00,CST,1978-12-24 14:15:00,0,0,0,0,25K,0,,F1,Unknown,0.3,20,,,,,28.67,-81.5,,,,,FL,1978-12-24 14:15:00,1978-12-24 14:15:00,False,False
,10018384,Indiana,145,Shelby,,1978-06-18 17:37:00,CST,1978-06-18 17:37:00,0,0,0,0,0K,0,,F1,Unknown,0.0,33,,,,,39.55,-85.78,,,,,IN,1978-06-18 18:37:00,1978-06-18 18:37:00,True,True
,10018385,Indiana,157,Tippecanoe,,1978-06-25 15:55:00,CST,1978-06-25 15:55:00,0,0,0,0,0K,0,,F0,Unknown,0.0,33,,,,,40.45,-86.95,,,,,IN,1978-06-25 16:55:00,1978-06-25 16:55:00,True,True
,10018386,Indiana,157,Tippecanoe,,1978-06-25 17:00:00,CST,1978-06-25 17:00:00,0,0,0,0,0K,0,,F3,Unknown,18.0,33,,,,,40.43,-86.97,40.28,-86.68,,,IN,1978-06-25 18:00:00,1978-06-25 18:00:00,True,True
,10018388,Indiana,23,Clinton,,1978-06-25 17:30:00,CST,1978-06-25 17:30:00,0,0,0,0,0K,0,,F3,Unknown,9.4,33,,,,,40.28,-86.68,40.18,-86.55,,,IN,1978-06-25 18:30:00,1978-06-25 18:30:00,True,True
,10018390,Indiana,97,Marion,,1978-06-25 18:25:00,CST,1978-06-25 18:25:00,0,0,0,0,0K,0,,F3,Unknown,1.0,100,,,,,39.75,-86.27,,,,,IN,1978-06-25 19:25:00,1978-06-25 19:25:00,True,True
,10029988,Louisiana,27,Claiborne,,1978-12-03 04:00:00,CST,1978-12-03 04:00:00,0,0,0,0,0K,0,,F3,Unknown,33.4,150,,,,,32.53,-93.18,32.83,-92.73,,,LA,1978-12-03 04:00:00,1978-12-03 04:00:00,False,False
,10029989,Louisiana,111,Union,,1978-12-03 04:45:00,CST,1978-12-03 04:45:00,1,0,0,0,0K,0,,F3,Unknown,14.5,100,,,,,32.83,-92.73,33.0,-92.58,,,LA,1978-12-03 04:45:00,1978-12-03 04:45:00,False,False
,10029991,Louisiana,127,Winn,,1978-12-07 17:20:00,CST,1978-12-07 17:20:00,0,0,0,0,0K,0,,F1,Unknown,0.0,33,,,,,32.12,-92.57,,,,,LA,1978-12-07 17:20:00,1978-12-07 17:20:00,False,False
,9998954,Florida,1,Alachua,,1978-05-01 17:30:00,CST,1978-05-01 17:30:00,0,0,0,0,0K,0,,F0,Unknown,0.1,10,,,,,29.65,-82.62,,,,,FL,1978-05-01 18:30:00,1978-05-01 18:30:00,True,True
,9998955,Florida,107,Putnam,,1978-05-01 17:30:00,CST,1978-05-01 17:30:00,0,0,0,0,2.5K,0,,F0,Unknown,0.1,10,,,,,29.62,-81.9,,,,,FL,1978-05-01 18:30:00,1978-05-01 18:30:00,True,True
,9998956,Florida,107,Putnam,,1978-05-01 17:30:00,CST,1978-05-01 17:30:00,0,0,0,0,.25K,0,,F0,Unknown,0.5,10,,,,,29.5,-81.63,,,,,FL,1978-05-01 18:30:00,1978-05-01 18:30:00,True,True
,9998957,Florida,99,Palm Beach,,1978-05-02 16:30:00,CST,1978-05-02 16:30:00,0,0,0,0,0K,0,,F0,Unknown,0.1,10,,,,,26.42,-80.72,,,,,FL,1978-05-02 17:30:00,1978-05-02 17:30:00,True,True
,10117810,Pennsylvania,61,Huntingdon,,1978-06-27 16:00:00,CST,1978-06-27 16:00:00,0,0,0,0,0K,0,,,Unknown,0.0,33,,,,,40.5,-78.02,,,,,PA,1978-06-27 17:00:00,1978-06-27 17:00:00,True,True
,10013839,Iowa,119,Lyon,,1978-07-06 19:05:00,CST,1978-07-06 19:05:00,0,0,0,0,2.5M,0,,F2,Unknown,14.2,200,,,,,43.47,-96.4,43.43,-96.12,,,IA,1978-07-06 20:05:00,1978-07-06 20:05:00,True,True
,10013840,Iowa,75,Grundy,,1978-07-07 00:02:00,CST,1978-07-07 00:02:00,0,0,0,0,25K,0,,,Unknown,1.0,60,,,,,42.37,-92.68,,,,,IA,1978-07-07 01:02:00,1978-07-07 01:02:00,True,True
,10013841,Iowa,63,Emmet,,1978-07-14 16:00:00,CST,1978-07-14 16:00:00,0,0,0,0,25K,0,,,Unknown,5.0,100,,,,,43.43,-94.67,,,,,IA,1978-07-14 17:00:00,1978-07-14 17:00:00,True,True
,10013842,Iowa,63,Emmet,,1978-07-14 16:30:00,CST,1978-07-14 16:30:00,0,0,0,0,0K,0,,,Unknown,0.5,30,,,,,43.45,-94.82,,,,,IA,1978-07-14 17:30:00,1978-07-14 17:30:00,True,True
,10013843,Iowa,147,Palo Alto,,1978-07-14 17:00:00,CST,1978-07-14 17:00:00,0,0,0,0,25K,0,,F1,Unknown,7.7,100,,,,,43.13,-94.57,43.08,-94.42,,,IA,1978-07-14 18:00:00,1978-07-14 18:00:00,True,True
,10013844,Iowa,147,Palo Alto,,1978-07-14 17:00:00,CST,1978-07-14 17:00:00,0,0,0,0,25K,0,,F1,Unknown,7.7,100,,,,,43.13,-94.57,43.08,-94.42,,,IA,1978-07-14 18:00:00,1978-07-14 18:00:00,True,True
,10013845,Iowa,109,Kossuth,,1978-07-14 17:15:00,CST,1978-07-14 17:15:00,0,0,0,0,25K,0,,F1,Unknown,1.3,33,,,,,43.08,-94.42,43.07,-94.47,,,IA,1978-07-14 18:15:00,1978-07-14 18:15:00,True,True
,10013846,Iowa,109,Kossuth,,1978-07-14 17:15:00,CST,1978-07-14 17:15:00,0,0,0,0,25K,0,,F1,Unknown,1.3,33,,,,,43.08,-94.42,43.07,-94.47,,,IA,1978-07-14 18:15:00,1978-07-14 18:15:00,True,True
,10117802,Pennsylvania,19,Butler,,1978-06-27 14:30:00,CST,1978-06-27 14:30:00,1,0,0,0,250K,0,,,Unknown,0.0,33,,,,,40.98,-79.77,,,,,PA,1978-06-27 15:30:00,1978-06-27 15:30:00,True,True
,10020485,Kansas,115,Marion,,1978-06-27 18:30:00,CST,1978-06-27 18:30:00,0,0,0,0,.03K,0,,F0,Unknown,0.1,7,,,,,38.42,-97.3,,,,,KS,1978-06-27 19:30:00,1978-06-27 19:30:00,True,True
,10020488,Kansas,147,Phillips,,1978-07-05 15:50:00,CST,1978-07-05 15:50:00,0,0,0,0,0K,0,,,Unknown,0.0,33,,,,,39.72,-99.62,,,,,KS,1978-07-05 16:50:00,1978-07-05 16:50:00,True,True
,10020491,Kansas,135,Ness,,1978-07-05 17:28:00,CST,1978-07-05 17:28:00,0,0,0,0,0K,0,,,Unknown,0.0,33,,,,,38.63,-99.98,,,,,KS,1978-07-05 18:28:00,1978-07-05 18:28:00,True,True
,10094863,Oklahoma,17,Canadian,,1978-04-30 17:40:00,CST,1978-04-30 17:40:00,0,0,0,0,250K,0,,F1,Unknown,2.0,50,,,,,35.5,-97.95,,,,,OK,1978-04-30 18:40:00,1978-04-30 18:40:00,True,True
,10013821,Iowa,167,Sioux,,1978-07-05 18:00:00,CST,1978-07-05 18:00:00,0,0,0,0,2.5M,0,,F2,Unknown,11.9,200,,,,,43.03,-96.25,42.93,-96.05,,,IA,1978-07-05 19:00:00,1978-07-05 19:00:00,True,True
,10013827,Iowa,21,Buena Vista,,1978-07-05 18:30:00,CST,1978-07-05 18:30:00,0,0,0,0,25K,0,,,Unknown,1.0,30,,,,,42.87,-95.23,,,,,IA,1978-07-05 19:30:00,1978-07-05 19:30:00,True,True
,10013828,Iowa,161,Sac,,1978-07-05 19:40:00,CST,1978-07-05 19:40:00,0,0,0,0,25K,0,,,Unknown,1.0,223,,,,,42.32,-95.23,,,,,IA,1978-07-05 20:40:00,1978-07-05 20:40:00,True,True
,9999864,Florida,57,Hillsborough,,1978-07-26 12:10:00,CST,1978-07-26 12:10:00,0,0,0,0,0K,0,,F0,Unknown,0.1,3,,,,,28.03,-82.55,,,,,FL,1978-07-26 13:10:00,1978-07-26 13:10:00,True,True
,9988675,Colorado,55,Huerfano,,1978-07-10 17:00:00,CST,1978-07-10 17:00:00,2,0,0,0,25K,0,,F2,Unknown,0.3,50,,,,,37.62,-104.25,,,,,CO,1978-07-10 18:00:00,1978-07-10 18:00:00,True,True
,9988676,Colorado,39,Elbert,,1978-07-13 14:00:00,CST,1978-07-13 14:00:00,0,0,0,0,.25K,0,,F0,Unknown,0.3,50,,,,,39.55,-104.63,,,,,CO,1978-07-13 15:00:00,1978-07-13 15:00:00,True,True
,9988677,Colorado,35,Douglas,,1978-07-13 15:50:00,CST,1978-07-13 15:50:00,0,0,0,0,2.5K,0,,F0,Unknown,0.3,50,,,,,39.37,-104.87,,,,,CO,1978-07-13 16:50:00,1978-07-13 16:50:00,True,True
,9988678,Colorado,61,Kiowa,,1978-07-21 19:15:00,CST,1978-07-21 19:15:00,0,0,0,0,2.5K,0,,F0,Unknown,0.3,50,,,,,38.48,-102.77,,,,,CO,1978-07-21 20:15:00,1978-07-21 20:15:00,True,True
,9988679,Colorado,61,Kiowa,,1978-07-21 19:15:00,CST,1978-07-21 19:15:00,0,0,0,0,0K,0,,F0,Unknown,0.3,50,,,,,38.45,-102.7,,,,,CO,1978-07-21 20:15:00,1978-07-21 20:15:00,True,True
,10021658,Kansas,73,Greenwood,,1978-09-17 20:15:00,CST,1978-09-17 20:15:00,0,0,0,0,25K,0,,F0,Unknown,2.0,7,,,,,37.98,-96.02,,,,,KS,1978-09-17 21:15:00,1978-09-17 21:15:00,True,True
,10032255,Louisiana,73,Ouachita,,1978-05-07 04:10:00,CST,1978-05-07 04:10:00,0,0,0,0,0K,0,,F1,Unknown,0.0,33,,,,,32.42,-92.08,,,,,LA,1978-05-07 05:10:00,1978-05-07 05:10:00,True,True
,10032256,Louisiana,123,West Carroll,,1978-05-07 04:10:00,CST,1978-05-07 04:10:00,4,0,0,0,0K,0,,F2,Unknown,19.7,33,,,,,32.6,-91.48,32.73,-91.18,,,LA,1978-05-07 05:10:00,1978-05-07 05:10:00,True,True
,10018377,Indiana,137,Ripley,,1978-06-12 11:45:00,CST,1978-06-12 11:45:00,0,0,0,0,0K,0,,F1,Unknown,0.0,33,,,,,39.12,-85.27,,,,,IN,1978-06-12 12:45:00,1978-06-12 12:45:00,True,True
,10018378,Indiana,167,Vigo,,1978-06-18 14:51:00,CST,1978-06-18 14:51:00,0,0,0,0,0K,0,,F0,Unknown,0.0,33,,,,,39.43,-87.37,,,,,IN,1978-06-18 15:51:00,1978-06-18 15:51:00,True,True
,10018382,Indiana,145,Shelby,,1978-06-18 17:16:00,CST,1978-06-18 17:16:00,0,0,0,0,0K,0,,F0,Unknown,0.0,33,,,,,39.37,-85.92,,,,,IN,1978-06-18 18:16:00,1978-06-18 18:16:00,True,True
,10018383,Indiana,145,Shelby,,1978-06-18 17:30:00,CST,1978-06-18 17:30:00,0,0,0,0,0K,0,,F1,Unknown,0.0,33,,,,,39.47,-85.83,,,,,IN,1978-06-18 18:30:00,1978-06-18 18:30:00,True,True
,10000081,Florida,71,Lee,,1978-08-05 16:30:00,CST,1978-08-05 16:30:00,0,0,0,0,0K,0,,F0,Unknown,4.7,33,,,,,26.7,-82.02,26.77,-82.03,,,FL,1978-08-05 17:30:00,1978-08-05 17:30:00,True,True
,10000082,Florida,15,Charlotte,,1978-08-05 16:36:00,CST,1978-08-05 16:36:00,0,0,0,0,0K,0,,F0,Unknown,2.3,33,,,,,26.77,-82.03,26.8,-82.03,,,FL,1978-08-05 17:36:00,1978-08-05 17:36:00,True,True
,10000083,Florida,31,Duval,,1978-08-06 10:40:00,CST,1978-08-06 10:40:00,0,0,0,0,0K,0,,F0,Unknown,0.1,10,,,,,30.23,-81.68,,,,,FL,1978-08-06 11:40:00,1978-08-06 11:40:00,True,True
,10000085,Florida,127,Volusia,,1978-08-13 12:30:00,CST,1978-08-13 12:30:00,1,0,0,0,25K,0,,F1,Unknown,0.1,20,,,,,28.83,-81.27,,,,,FL,1978-08-13 13:30:00,1978-08-13 13:30:00,True,True
,10000087,Florida,81,Manatee,,1978-08-17 17:15:00,CST,1978-08-17 17:15:00,0,0,0,0,.25K,0,,F0,Unknown,0.1,10,,,,,27.45,-82.1,,,,,FL,1978-08-17 18:15:00,1978-08-17 18:15:00,True,True
,10000089,Florida,11,Broward,,1978-08-19 11:05:00,CST,1978-08-19 11:05:00,0,0,0,0,2.5K,0,,F0,Unknown,0.1,10,,,,,26.0,-80.28,,,,,FL,1978-08-19 12:05:00,1978-08-19 12:05:00,True,True
,10000090,Florida,87,Monroe,,1978-08-20 15:17:00,CST,1978-08-20 15:17:00,0,0,0,0,25K,0,,F0,Unknown,0.1,10,,,,,24.57,-81.73,,,,,FL,1978-08-20 15:17:00,1978-08-20 15:17:00,False,False
,10000094,Florida,127,Volusia,,1978-09-04 14:00:00,CST,1978-09-04 14:00:00,0,0,0,0,2.5K,0,,F0,Unknown,0.2,20,,,,,28.92,-81.27,,,,,FL,1978-09-04 15:00:00,1978-09-04 15:00:00,True,True
,10000095,Florida,127,Volusia,,1978-09-22 10:30:00,CST,1978-09-22 10:30:00,0,0,0,0,0K,0,,F0,Unknown,0.1,10,,,,,28.85,-80.85,,,,,FL,1978-09-22 11:30:00,1978-09-22 11:30:00,True,True
,10000096,Florida,127,Volusia,,1978-09-27 14:25:00,CST,1978-09-27 14:25:00,0,0,0,0,.03K,0,,F0,Unknown,0.1,10,,,,,29.05,-80.95,,,,,FL,1978-09-27 15:25:00,1978-09-27 15:25:00,True,True
,10000097,Florida,61,Indian River,,1978-10-04 13:00:00,CST,1978-10-04 13:00:00,0,0,0,0,25K,0,,F0,Unknown,0.3,20,,,,,27.57,-80.38,,,,,FL,1978-10-04 14:00:00,1978-10-04 14:00:00,True,True
,10000099,Florida,115,Sarasota,,1978-10-13 12:40:00,CST,1978-10-13 12:40:00,0,0,0,0,0K,0,,F0,Unknown,2.3,10,,,,,27.37,-82.38,27.38,-82.4,,,FL,1978-10-13 13:40:00,1978-10-13 13:40:00,True,True
,10000100,Florida,81,Manatee,,1978-10-13 12:44:00,CST,1978-10-13 12:44:00,0,0,0,0,0K,0,,F0,Unknown,9.3,33,,,,,27.38,-82.4,27.48,-82.5,,,FL,1978-10-13 13:44:00,1978-10-13 13:44:00,True,True
,10000101,Florida,11,Broward,,1978-11-08 05:30:00,CST,1978-11-08 05:30:00,0,0,0,0,250K,0,,F1,Unknown,0.4,40,,,,,26.27,-80.12,,,,,FL,1978-11-08 05:30:00,1978-11-08 05:30:00,False,False
,10000102,Florida,5,Bay,,1978-11-27 07:30:00,CST,1978-11-27 07:30:00,0,0,0,0,0K,0,,,Unknown,0.0,33,,,,,29.95,-85.42,,,,,FL,1978-11-27 07:30:00,1978-11-27 07:30:00,False,False
,10000103,Florida,101,Pasco,,1978-12-01 00:01:00,CST,1978-12-01 00:01:00,0,0,0,0,250K,0,,F2,Unknown,0.8,30,,,,,28.18,-82.47,,,,,FL,1978-12-01 00:01:00,1978-12-01 00:01:00,False,False
,10000104,Florida,101,Pasco,,1978-12-01 00:30:00,CST,1978-12-01 00:30:00,0,0,0,0,250K,0,,F2,Unknown,0.6,30,,,,,28.17,-82.18,,,,,FL,1978-12-01 00:30:00,1978-12-01 00:30:00,False,False
,10023964,Kansas,17,Chase,,1978-06-17 17:00:00,CST,1978-06-17 17:00:00,0,0,0,0,.03K,0,,F0,Unknown,0.1,7,,,,,38.17,-96.57,,,,,KS,1978-06-17 18:00:00,1978-06-17 18:00:00,True,True
,10023965,Kansas,139,Osage,,1978-06-17 18:15:00,CST,1978-06-17 18:15:00,3,0,16,0,250K,0,,F1,Unknown,7.3,150,,,,,38.68,-95.65,38.68,-95.52,,,KS,1978-06-17 19:15:00,1978-06-17 19:15:00,True,True
,10023966,Kansas,59,Franklin,,1978-06-17 18:20:00,CST,1978-06-17 18:20:00,0,0,0,0,.03K,0,,F0,Unknown,0.1,3,,,,,38.62,-95.45,,,,,KS,1978-06-17 19:20:00,1978-06-17 19:20:00,True,True
,10023968,Kansas,15,Butler,,1978-06-17 20:00:00,CST,1978-06-17 20:00:00,0,0,0,0,250K,0,,F1,Unknown,0.3,10,,,,,37.68,-96.98,,,,,KS,1978-06-17 21:00:00,1978-06-17 21:00:00,True,True
,10101253,Oregon,9,Columbia,,1978-08-16 16:20:00,CST,1978-08-16 16:20:00,0,0,0,0,25K,0,,F1,Unknown,0.2,20,,,,,45.78,-122.88,,,,,OR,1978-08-16 17:20:00,1978-08-16 17:20:00,True,True
,10000105,Florida,101,Pasco,,1978-12-05 04:14:00,CST,1978-12-05 04:14:00,2,0,0,0,25K,0,,F1,Unknown,0.4,20,,,,,28.47,-82.17,,,,,FL,1978-12-05 04:14:00,1978-12-05 04:14:00,False,False
,10000106,Florida,5,Bay,,1978-12-09 11:00:00,CST,1978-12-09 11:00:00,0,0,0,0,25K,0,,F1,Unknown,0.2,20,,,,,29.95,-85.42,,,,,FL,1978-12-09 11:00:00,1978-12-09 11:00:00,False,False
,10000107,Florida,45,Gulf,,1978-12-24 04:10:00,CST,1978-12-24 04:10:00,0,0,0,0,250K,0,,F1,Unknown,0.5,20,,,,,29.82,-85.3,,,,,FL,1978-12-24 04:10:00,1978-12-24 04:10:00,False,False
,10013867,Iowa,123,Mahaska,,1978-09-16 20:35:00,CST,1978-09-16 20:35:00,1,0,0,0,250K,0,,,Unknown,1.0,100,,,,,41.28,-92.67,,,,,IA,1978-09-16 21:35:00,1978-09-16 21:35:00,True,True
,9996669,Georgia,245,Richmond,,1978-05-08 19:20:00,CST,1978-05-08 19:20:00,0,0,0,0,2.5M,0,,F1,Unknown,3.0,33,,,,,33.52,-82.07,33.53,-82.02,,,GA,1978-05-08 20:20:00,1978-05-08 20:20:00,True,True
,9996670,Georgia,321,Worth,,1978-05-08 21:10:00,CST,1978-05-08 21:10:00,0,0,0,0,25K,0,,F1,Unknown,2.3,77,,,,,31.47,-83.68,31.47,-83.67,,,GA,1978-05-08 22:10:00,1978-05-08 22:10:00,True,True
,9996671,Georgia,277,Tift,,1978-05-08 21:12:00,CST,1978-05-08 21:12:00,0,0,0,0,25K,0,,F1,Unknown,7.2,33,,,,,31.47,-83.67,31.47,-83.55,,,GA,1978-05-08 22:12:00,1978-05-08 22:12:00,True,True
,10083949,North Dakota,9,Bottineau,,1978-08-25 17:15:00,CST,1978-08-25 17:15:00,0,0,0,0,0K,0,,F0,Unknown,0.0,33,,,,,48.58,-101.37,,,,,ND,1978-08-25 18:15:00,1978-08-25 18:15:00,True,True
,10083950,North Dakota,9,Bottineau,,1978-08-25 17:35:00,CST,1978-08-25 17:35:00,0,0,0,0,25K,0,,F1,Unknown,13.3,70,,,,,48.82,-100.7,48.82,-100.4,,,ND,1978-08-25 18:35:00,1978-08-25 18:35:00,True,True
,10020511,Kansas,15,Butler,,1978-07-07 18:14:00,CST,1978-07-07 18:14:00,0,0,0,0,2.5K,0,,,Unknown,0.1,7,,,,,37.82,-96.9,,,,,KS,1978-07-07 19:14:00,1978-07-07 19:14:00,True,True
,10012712,Iowa,25,Calhoun,,1978-06-25 16:30:00,CST,1978-06-25 16:30:00,0,0,0,0,0K,0,,,Unknown,0.1,10,,,,,42.25,-94.55,,,,,IA,1978-06-25 17:30:00,1978-06-25 17:30:00,True,True
,9998961,Florida,31,Duval,,1978-05-03 17:45:00,CST,1978-05-03 17:45:00,0,0,0,0,250K,0,,F1,Unknown,0.1,10,,,,,30.32,-81.85,,,,,FL,1978-05-03 18:45:00,1978-05-03 18:45:00,True,True
,9998963,Florida,7,Bradford,,1978-05-04 01:10:00,CST,1978-05-04 01:10:00,0,0,0,0,0K,0,,F0,Unknown,0.1,13,,,,,30.07,-82.17,,,,,FL,1978-05-04 02:10:00,1978-05-04 02:10:00,True,True
,9998964,Florida,29,Dixie,,1978-05-04 03:30:00,CST,1978-05-04 03:30:00,0,0,0,0,25K,0,,F0,Unknown,0.1,13,,,,,29.33,-83.15,,,,,FL,1978-05-04 04:30:00,1978-05-04 04:30:00,True,True
,9998965,Florida,1,Alachua,,1978-05-04 04:30:00,CST,1978-05-04 04:30:00,4,0,0,0,2.5M,0,,F2,Unknown,12.8,300,,,,,29.57,-82.45,29.68,-82.28,,,FL,1978-05-04 05:30:00,1978-05-04 05:30:00,True,True
,9998968,Florida,109,St. Johns,,1978-05-04 07:00:00,CST,1978-05-04 07:00:00,0,0,0,0,25K,0,,F0,Unknown,0.1,13,,,,,29.97,-81.32,,,,,FL,1978-05-04 08:00:00,1978-05-04 08:00:00,True,True
,9998969,Florida,109,St. Johns,,1978-05-04 09:00:00,CST,1978-05-04 09:00:00,0,0,0,0,2.5K,0,,F0,Unknown,0.2,10,,,,,30.03,-81.33,,,,,FL,1978-05-04 10:00:00,1978-05-04 10:00:00,True,True
,9998970,Florida,101,Pasco,,1978-05-04 09:45:00,CST,1978-05-04 09:45:00,0,0,0,0,2.5K,0,,F0,Unknown,0.1,13,,,,,28.33,-82.27,,,,,FL,1978-05-04 10:45:00,1978-05-04 10:45:00,True,True
,9998971,Florida,103,Pinellas,,1978-05-04 09:47:00,CST,1978-05-04 09:47:00,94,0,3,0,2.5M,0,,F3,Unknown,1.5,200,,,,,27.92,-82.7,,,,,FL,1978-05-04 10:47:00,1978-05-04 10:47:00,True,True
,9998973,Florida,107,Putnam,,1978-05-04 11:55:00,CST,1978-05-04 11:55:00,0,0,0,0,2.5K,0,,F0,Unknown,0.1,13,,,,,29.43,-81.52,,,,,FL,1978-05-04 12:55:00,1978-05-04 12:55:00,True,True
,10118061,Pennsylvania,25,Carbon,,1978-08-07 15:45:00,CST,1978-08-07 15:45:00,0,0,0,0,2.5K,0,,F0,Unknown,1.9,33,,,,,40.85,-75.92,40.87,-75.87,,,PA,1978-08-07 16:45:00,1978-08-07 16:45:00,True,True
,10118065,Pennsylvania,133,York,,1978-08-28 14:45:00,CST,1978-08-28 14:45:00,0,0,0,0,2.5K,0,,F2,Unknown,1.9,33,,,,,39.75,-77.0,39.72,-76.98,,,PA,1978-08-28 15:45:00,1978-08-28 15:45:00,True,True
,10118066,Pennsylvania,109,Snyder,,1978-08-28 16:00:00,CST,1978-08-28 16:00:00,1,0,0,0,25K,0,,F2,Unknown,3.3,50,,,,,40.88,-76.87,40.85,-76.8,,,PA,1978-08-28 17:00:00,1978-08-28 17:00:00,True,True
,10118067,Pennsylvania,97,Northumberland,,1978-08-28 16:15:00,CST,1978-08-28 16:15:00,0,0,0,0,25K,0,,F2,Unknown,0.0,33,,,,,40.85,-76.8,40.87,-76.77,,,PA,1978-08-28 17:15:00,1978-08-28 17:15:00,True,True
,10118068,Pennsylvania,11,Berks,,1978-08-28 16:45:00,CST,1978-08-28 16:45:00,0,0,0,0,25K,0,,F1,Unknown,2.0,20,,,,,40.53,-75.78,,,,,PA,1978-08-28 17:45:00,1978-08-28 17:45:00,True,True
,10118069,Pennsylvania,91,Montgomery,,1978-08-28 18:45:00,CST,1978-08-28 18:45:00,1,0,0,0,25K,0,,F1,Unknown,0.5,67,,,,,40.78,-75.32,,,,,PA,1978-08-28 19:45:00,1978-08-28 19:45:00,True,True
,10012716,Iowa,157,Poweshiek,,1978-06-26 00:41:00,CST,1978-06-26 00:41:00,1,0,0,0,2.5M,0,,F2,Unknown,0.7,100,,,,,41.58,-92.53,,,,,IA,1978-06-26 01:41:00,1978-06-26 01:41:00,True,True
,10020502,Kansas,201,Washington,,1978-07-06 16:45:00,CST,1978-07-06 16:45:00,0,0,0,0,0K,0,,,Unknown,0.0,33,,,,,40.0,-96.88,,,,,KS,1978-07-06 17:45:00,1978-07-06 17:45:00,True,True
,9998977,Florida,55,Highlands,,1978-05-04 13:20:00,CST,1978-05-04 13:20:00,2,0,0,0,2.5M,0,,F1,Unknown,0.5,50,,,,,27.45,-81.33,,,,,FL,1978-05-04 14:20:00,1978-05-04 14:20:00,True,True
,9998979,Florida,97,Osceola,,1978-05-04 13:50:00,CST,1978-05-04 13:50:00,1,0,0,0,25K,0,,F0,Unknown,0.1,13,,,,,27.98,-80.98,,,,,FL,1978-05-04 14:50:00,1978-05-04 14:50:00,True,True
,10033239,Kentucky,221,Trigg,,1978-05-12 19:00:00,CST,1978-05-12 19:00:00,0,0,0,0,2.5M,0,,F2,Unknown,15.8,800,,,,,36.68,-87.9,36.82,-87.67,,,KY,1978-05-12 20:00:00,1978-05-12 20:00:00,True,True
,10033240,Kentucky,221,Trigg,,1978-05-12 19:25:00,CST,1978-05-12 19:25:00,0,0,0,0,2.5M,0,,F3,Unknown,3.0,800,,,,,36.82,-87.75,36.83,-87.7,,,KY,1978-05-12 20:25:00,1978-05-12 20:25:00,True,True
,10033241,Kentucky,47,Christian,,1978-05-12 19:33:00,CST,1978-05-12 19:33:00,17,0,0,0,2.5M,0,,F3,Unknown,6.5,33,,,,,36.83,-87.7,36.85,-87.58,,,KY,1978-05-12 20:33:00,1978-05-12 20:33:00,True,True
,10033244,Kentucky,133,Letcher,,1978-05-12 20:45:00,CST,1978-05-12 20:45:00,0,0,0,0,250K,0,,F1,Unknown,14.4,400,,,,,37.12,-86.7,37.18,-86.45,,,KY,1978-05-12 21:45:00,1978-05-12 21:45:00,True,True
,9990662,California,37,Los Angeles,,1978-01-04 17:15:00,CST,1978-01-04 17:15:00,0,0,0,0,.03K,0,,,Unknown,0.0,33,,,,,34.12,-117.82,,,,,CA,1978-01-04 17:15:00,1978-01-04 17:15:00,False,False
,9990665,California,67,Sacramento,,1978-02-07 15:26:00,CST,1978-02-07 15:26:00,0,0,0,0,250K,0,,F2,Unknown,1.9,20,,,,,38.7,-121.45,38.73,-121.42,,,CA,1978-02-07 15:26:00,1978-02-07 15:26:00,False,False
,9990667,California,37,Los Angeles,,1978-02-10 00:30:00,CST,1978-02-10 00:30:00,0,0,0,0,0K,0,,,Unknown,1.0,33,,,,,33.93,-118.42,,,,,CA,1978-02-10 00:30:00,1978-02-10 00:30:00,False,False
,9998959,Florida,91,Okaloosa,,1978-05-03 11:30:00,CST,1978-05-03 11:30:00,0,0,0,0,25K,0,,F0,Unknown,0.1,10,,,,,30.75,-86.42,,,,,FL,1978-05-03 12:30:00,1978-05-03 12:30:00,True,True
,9998960,Florida,19,Clay,,1978-05-03 17:43:00,CST,1978-05-03 17:43:00,0,0,0,0,2.5K,0,,F0,Unknown,0.1,10,,,,,30.07,-81.87,,,,,FL,1978-05-03 18:43:00,1978-05-03 18:43:00,True,True
,10082840,North Dakota,103,Wells,,1978-06-25 03:12:00,CST,1978-06-25 03:12:00,0,0,0,0,2.5K,0,,F0,Unknown,0.0,33,,,,,47.47,-99.38,,,,,ND,1978-06-25 04:12:00,1978-06-25 04:12:00,True,True
,10082845,North Dakota,37,Grant,,1978-06-30 16:45:00,CST,1978-06-30 16:45:00,0,0,0,0,0K,0,,F0,Unknown,0.0,33,,,,,46.55,-101.85,,,,,ND,1978-06-30 17:45:00,1978-06-30 17:45:00,True,True
,10082847,North Dakota,3,Barnes,,1978-07-03 12:30:00,CST,1978-07-03 12:30:00,0,0,0,0,0K,0,,F0,Unknown,0.0,33,,,,,47.2,-97.83,,,,,ND,1978-07-03 13:30:00,1978-07-03 13:30:00,True,True
,10018353,Indiana,157,Tippecanoe,,1978-04-10 12:15:00,CST,1978-04-10 12:15:00,0,0,0,0,25K,0,,F2,Unknown,8.0,77,,,,,40.42,-86.87,40.5,-86.75,,,IN,1978-04-10 12:15:00,1978-04-10 12:15:00,False,False
,10020318,Kansas,89,Jewell,,1978-06-19 18:15:00,CST,1978-06-19 18:15:00,0,0,0,0,25K,0,,F0,Unknown,0.1,7,,,,,39.88,-98.23,,,,,KS,1978-06-19 19:15:00,1978-06-19 19:15:00,True,True
,10012682,Iowa,111,Lee,,1978-06-07 15:48:00,CST,1978-06-07 15:48:00,0,0,0,0,250K,0,,,Unknown,2.0,30,,,,,40.68,-91.27,,,,,IA,1978-06-07 16:48:00,1978-06-07 16:48:00,True,True
,10012684,Iowa,109,Kossuth,,1978-06-14 22:20:00,CST,1978-06-14 22:20:00,0,0,0,0,25K,0,,F1,Unknown,1.0,17,,,,,43.28,-94.3,,,,,IA,1978-06-14 23:20:00,1978-06-14 23:20:00,True,True
,10012687,Iowa,197,Wright,,1978-06-15 00:01:00,CST,1978-06-15 00:01:00,0,0,0,0,0K,0,,,Unknown,0.5,10,,,,,42.67,-93.87,,,,,IA,1978-06-15 01:01:00,1978-06-15 01:01:00,True,True
,10012701,Iowa,123,Mahaska,,1978-06-17 16:00:00,CST,1978-06-17 16:00:00,0,0,0,0,25K,0,,F1,Unknown,0.1,10,,,,,41.38,-92.65,,,,,IA,1978-06-17 17:00:00,1978-06-17 17:00:00,True,True
,10012706,Iowa,119,Lyon,,1978-06-19 16:50:00,CST,1978-06-19 16:50:00,0,0,0,0,0K,0,,,Unknown,0.1,10,,,,,43.43,-96.02,,,,,IA,1978-06-19 17:50:00,1978-06-19 17:50:00,True,True
,10012707,Iowa,71,Fremont,,1978-06-19 21:15:00,CST,1978-06-19 21:15:00,0,0,0,0,25K,0,,F1,Unknown,0.1,10,,,,,40.7,-95.5,,,,,IA,1978-06-19 22:15:00,1978-06-19 22:15:00,True,True
,10082855,North Dakota,89,Stark,,1978-07-04 20:08:00,CST,1978-07-04 20:08:00,0,0,0,0,0K,0,,F0,Unknown,0.0,33,,,,,47.03,-102.42,,,,,ND,1978-07-04 21:08:00,1978-07-04 21:08:00,True,True
,10082858,North Dakota,37,Grant,,1978-07-04 20:34:00,CST,1978-07-04 20:34:00,35,0,5,0,2.5M,0,,F4,Unknown,26.0,250,,,,,46.4,-101.88,46.4,-101.33,,,ND,1978-07-04 21:34:00,1978-07-04 21:34:00,True,True
,10082860,North Dakota,101,Ward,,1978-07-04 21:40:00,CST,1978-07-04 21:40:00,0,0,0,0,0K,0,,F0,Unknown,0.0,33,,,,,48.23,-101.13,,,,,ND,1978-07-04 22:40:00,1978-07-04 22:40:00,True,True
,10082866,North Dakota,69,Pierce,,1978-07-04 22:15:00,CST,1978-07-04 22:15:00,0,0,0,0,.03K,0,,F1,Unknown,5.9,33,,,,,48.32,-100.18,48.35,-100.05,,,ND,1978-07-04 23:15:00,1978-07-04 23:15:00,True,True
,10082869,North Dakota,71,Ramsey,,1978-07-04 23:23:00,CST,1978-07-04 23:23:00,0,0,0,0,0K,0,,F0,Unknown,0.0,33,,,,,48.27,-99.18,,,,,ND,1978-07-05 00:23:00,1978-07-05 00:23:00,True,True
,10082874,North Dakota,63,Nelson,,1978-07-05 00:20:00,CST,1978-07-05 00:20:00,0,0,0,0,0K,0,,F0,Unknown,0.0,33,,,,,47.83,-98.43,,,,,ND,1978-07-05 01:20:00,1978-07-05 01:20:00,True,True
,10018358,Indiana,157,Tippecanoe,,1978-04-23 18:00:00,CST,1978-04-23 18:00:00,0,0,0,0,250K,0,,F1,Unknown,0.5,100,,,,,40.38,-86.87,,,,,IN,1978-04-23 18:00:00,1978-04-23 18:00:00,False,False
,10018360,Indiana,67,Howard,,1978-04-23 19:20:00,CST,1978-04-23 19:20:00,0,0,0,0,0K,0,,,Unknown,0.0,33,,,,,40.35,-86.27,,,,,IN,1978-04-23 19:20:00,1978-04-23 19:20:00,False,False
,10018367,Indiana,125,Pike,,1978-05-12 20:20:00,CST,1978-05-12 20:20:00,0,0,0,0,250K,0,,F1,Unknown,1.5,40,,,,,38.4,-87.1,,,,,IN,1978-05-12 21:20:00,1978-05-12 21:20:00,True,True
,10018369,Indiana,71,Jackson,,1978-05-23 16:43:00,CST,1978-05-23 16:43:00,0,0,0,0,2.5K,0,,F1,Unknown,0.5,20,,,,,39.0,-85.97,,,,,IN,1978-05-23 17:43:00,1978-05-23 17:43:00,True,True
,10018370,Indiana,79,Jennings,,1978-05-23 17:00:00,CST,1978-05-23 17:00:00,0,0,0,0,2.5K,0,,F1,Unknown,0.5,20,,,,,39.13,-85.72,,,,,IN,1978-05-23 18:00:00,1978-05-23 18:00:00,True,True
,10018371,Indiana,119,Owen,,1978-06-01 20:10:00,CST,1978-06-01 20:10:00,0,0,0,0,0K,0,,F1,Unknown,0.0,20,,,,,39.25,-86.68,39.25,-86.67,,,IN,1978-06-01 21:10:00,1978-06-01 21:10:00,True,True
,10018372,Indiana,105,Monroe,,1978-06-01 20:13:00,CST,1978-06-01 20:13:00,0,0,0,0,0K,0,,F1,Unknown,0.0,33,,,,,39.25,-86.67,39.25,-86.65,,,IN,1978-06-01 21:13:00,1978-06-01 21:13:00,True,True
,10018373,Indiana,137,Ripley,,1978-06-08 14:05:00,CST,1978-06-08 14:05:00,0,0,0,0,25K,0,,F1,Unknown,0.0,33,,,,,39.18,-85.1,,,,,IN,1978-06-08 15:05:00,1978-06-08 15:05:00,True,True
,9991244,California,103,Tehama,,1978-03-05 18:00:00,CST,1978-03-05 18:00:00,0,0,0,0,.03K,0,,,Unknown,0.0,33,,,,,40.33,-122.17,,,,,CA,1978-03-05 18:00:00,1978-03-05 18:00:00,False,False
,9999636,Florida,99,Palm Beach,,1978-03-03 14:04:00,CST,1978-03-03 14:04:00,0,0,0,0,2.5K,0,,F1,Unknown,0.1,10,,,,,26.62,-80.05,,,,,FL,1978-03-03 14:04:00,1978-03-03 14:04:00,False,False
,9998980,Florida,55,Highlands,,1978-05-04 14:00:00,CST,1978-05-04 14:00:00,0,0,0,0,25K,0,,F0,Unknown,0.1,20,,,,,27.45,-81.4,,,,,FL,1978-05-04 15:00:00,1978-05-04 15:00:00,True,True
,9996637,Georgia,71,Colquitt,,1978-04-18 11:30:00,CST,1978-04-18 11:30:00,0,0,0,0,25K,0,,F1,Unknown,3.8,77,,,,,31.07,-83.63,31.08,-83.58,,,GA,1978-04-18 11:30:00,1978-04-18 11:30:00,False,False
,10159596,Wyoming,3,Big Horn,,1978-06-18 21:00:00,CST,1978-06-18 21:00:00,0,0,0,0,25K,0,,F1,Unknown,0.0,33,,,,,44.83,-108.25,,,,,WY,1978-06-18 22:00:00,1978-06-18 22:00:00,True,True
,10159598,Wyoming,15,Goshen,,1978-06-29 15:50:00,CST,1978-06-29 15:50:00,0,0,0,0,0K,0,,F1,Unknown,0.0,33,,,,,42.03,-104.4,,,,,WY,1978-06-29 16:50:00,1978-06-29 16:50:00,True,True
,10159599,Wyoming,3,Big Horn,,1978-07-04 14:30:00,CST,1978-07-04 14:30:00,1,0,0,0,250K,0,,F2,Unknown,5.0,200,,,,,44.5,-108.0,,,,,WY,1978-07-04 15:30:00,1978-07-04 15:30:00,True,True
,10004675,Illinois,161,Rock Island,,1978-08-15 19:13:00,CST,1978-08-15 19:13:00,0,0,0,0,250K,0,,F3,Unknown,0.0,33,,,,,41.33,-90.68,41.35,-90.7,,,IL,1978-08-15 20:13:00,1978-08-15 20:13:00,True,True
,10003261,Illinois,115,Macon,,1978-05-12 18:00:00,CST,1978-05-12 18:00:00,3,0,0,0,250K,0,,F2,Unknown,7.6,700,,,,,39.85,-88.95,39.93,-88.85,,,IL,1978-05-12 19:00:00,1978-05-12 19:00:00,True,True
,10116945,Pennsylvania,101,Philadelphia,,1978-06-07 13:30:00,CST,1978-06-07 13:30:00,0,0,0,0,25K,0,,F1,Unknown,0.5,100,,,,,39.93,-75.22,,,,,PA,1978-06-07 14:30:00,1978-06-07 14:30:00,True,True
,9980136,Arkansas,95,Monroe,,1978-04-17 21:54:00,CST,1978-04-17 21:54:00,0,0,0,0,250K,0,,F2,Unknown,5.1,33,,,,,34.95,-91.28,34.97,-91.2,,,AR,1978-04-17 21:54:00,1978-04-17 21:54:00,False,False
,9981278,Arkansas,31,Craighead,,1978-08-16 20:45:00,CST,1978-08-16 20:45:00,0,0,0,0,0K,0,,F0,Unknown,0.1,27,,,,,35.75,-90.57,,,,,AR,1978-08-16 21:45:00,1978-08-16 21:45:00,True,True
,9990666,California,59,Orange,,1978-02-09 03:55:00,CST,1978-02-09 03:55:00,6,0,0,0,2.5M,0,,F3,Unknown,2.0,67,,,,,33.67,-115.78,,,,,CA,1978-02-09 03:55:00,1978-02-09 03:55:00,False,False
,10053687,Minnesota,119,Polk,,1978-07-05 02:05:00,CST,1978-07-05 02:05:00,9,0,1,0,0K,0,,F2,Unknown,21.3,400,,,,,47.5,-96.0,47.63,-95.58,,,MN,1978-07-05 03:05:00,1978-07-05 03:05:00,True,True
,10159369,Wyoming,9,Converse,,1978-05-18 18:00:00,CST,1978-05-18 18:00:00,0,0,0,0,0K,0,,,Unknown,0.0,33,,,,,42.75,-105.27,,,,,WY,1978-05-18 19:00:00,1978-05-18 19:00:00,True,True
,10159370,Wyoming,9,Converse,,1978-05-18 18:00:00,CST,1978-05-18 18:00:00,0,0,0,0,0K,0,,,Unknown,0.0,33,,,,,42.77,-105.25,,,,,WY,1978-05-18 19:00:00,1978-05-18 19:00:00,True,True
,10159371,Wyoming,5,Campbell,,1978-05-22 20:00:00,CST,1978-05-22 20:00:00,0,0,0,0,250K,0,,,Unknown,3.0,140,,,,,44.18,-105.48,,,,,WY,1978-05-22 21:00:00,1978-05-22 21:00:00,True,True
,10159372,Wyoming,5,Campbell,,1978-05-23 16:55:00,CST,1978-05-23 16:55:00,0,0,0,0,250K,0,,,Unknown,14.5,180,,,,,44.25,-105.75,44.25,-105.45,,,WY,1978-05-23 17:55:00,1978-05-23 17:55:00,True,True
,10159375,Wyoming,9,Converse,,1978-05-27 12:14:00,CST,1978-05-27 12:14:00,0,0,0,0,0K,0,,,Unknown,3.0,160,,,,,42.65,-105.18,,,,,WY,1978-05-27 13:14:00,1978-05-27 13:14:00,True,True
,10159376,Wyoming,5,Campbell,,1978-05-29 17:30:00,CST,1978-05-29 17:30:00,0,0,0,0,0K,0,,,Unknown,3.0,160,,,,,44.28,-105.97,,,,,WY,1978-05-29 18:30:00,1978-05-29 18:30:00,True,True
,10063974,Mississippi,143,Tunica,,1978-12-03 07:00:00,CST,1978-12-03 07:00:00,0,0,0,0,250K,0,,,Unknown,1.0,70,,,,,34.63,-90.35,,,,,MS,1978-12-03 07:00:00,1978-12-03 07:00:00,False,False
,10126639,Tennessee,157,Shelby,,1978-08-29 18:05:00,CST,1978-08-29 18:05:00,26,0,0,0,2.5M,0,,F2,Unknown,2.0,100,,,,,35.02,-90.0,,,,,TN,1978-08-29 19:05:00,1978-08-29 19:05:00,True,True
,10126644,Tennessee,167,Tipton,,1978-12-07 16:45:00,CST,1978-12-07 16:45:00,0,0,0,0,25K,0,,F0,Unknown,0.0,33,,,,,35.55,-89.7,,,,,TN,1978-12-07 16:45:00,1978-12-07 16:45:00,False,False
,10126645,Tennessee,97,Lauderdale,,1978-12-31 13:45:00,CST,1978-12-31 13:45:00,1,0,0,0,250K,0,,F1,Unknown,6.5,167,,,,,35.67,-89.72,35.73,-89.63,,,TN,1978-12-31 13:45:00,1978-12-31 13:45:00,False,False
,10130863,Texas,279,Lamb,,1978-04-09 01:58:00,CST,1978-04-09 01:58:00,0,0,0,0,.03K,0,,F0,Unknown,0.1,33,,,,,34.07,-102.55,,,,,TX,1978-04-09 01:58:00,1978-04-09 01:58:00,False,False
,10130865,Texas,81,Coke,,1978-04-09 16:15:00,CST,1978-04-09 16:15:00,0,0,0,0,.03K,0,,F0,Unknown,0.1,33,,,,,32.05,-100.3,,,,,TX,1978-04-09 16:15:00,1978-04-09 16:15:00,False,False
,10130867,Texas,115,Dawson,,1978-04-09 16:30:00,CST,1978-04-09 16:30:00,0,0,0,0,.03K,0,,F0,Unknown,0.3,33,,,,,32.77,-101.95,,,,,TX,1978-04-09 16:30:00,1978-04-09 16:30:00,False,False
,10130873,Texas,95,Concho,,1978-04-09 22:45:00,CST,1978-04-09 22:45:00,0,0,0,0,0K,0,,F0,Unknown,0.0,33,,,,,31.42,-99.9,,,,,TX,1978-04-09 22:45:00,1978-04-09 22:45:00,False,False
,10126682,South Dakota,7,Bennett,,1978-07-02 20:30:00,CST,1978-07-02 20:30:00,0,0,0,0,0K,0,,,Unknown,0.0,33,,,,,43.17,-101.85,,,,,SD,1978-07-02 21:30:00,1978-07-02 21:30:00,True,True
,10126684,South Dakota,23,Charles Mix,,1978-07-04 18:10:00,CST,1978-07-04 18:10:00,0,0,0,0,0K,0,,,Unknown,0.0,33,,,,,43.43,-98.77,,,,,SD,1978-07-04 19:10:00,1978-07-04 19:10:00,True,True
,10126685,South Dakota,99,Minnehaha,,1978-07-04 20:40:00,CST,1978-07-04 20:40:00,0,0,0,0,0K,0,,,Unknown,0.0,33,,,,,43.65,-96.73,,,,,SD,1978-07-04 21:40:00,1978-07-04 21:40:00,True,True
,10126687,South Dakota,9,Bon Homme,,1978-07-04 22:25:00,CST,1978-07-04 22:25:00,0,0,0,0,0K,0,,,Unknown,0.0,33,,,,,42.85,-97.88,,,,,SD,1978-07-04 23:25:00,1978-07-04 23:25:00,True,True
,10003250,Illinois,119,Madison,,1978-04-10 13:30:00,CST,1978-04-10 13:30:00,0,0,0,0,250K,0,,F1,Unknown,0.5,100,,,,,38.82,-90.05,,,,,IL,1978-04-10 13:30:00,1978-04-10 13:30:00,False,False
,10003253,Illinois,31,Cook,,1978-04-18 16:55:00,CST,1978-04-18 16:55:00,0,0,0,0,250K,0,,F1,Unknown,6.1,177,,,,,41.67,-87.83,41.75,-87.77,,,IL,1978-04-18 16:55:00,1978-04-18 16:55:00,False,False
,10003256,Illinois,117,Macoupin,,1978-05-12 15:50:00,CST,1978-05-12 15:50:00,1,0,0,0,250K,0,,F2,Unknown,27.9,700,,,,,39.12,-90.05,39.42,-89.7,,,IL,1978-05-12 16:50:00,1978-05-12 16:50:00,True,True
,10003257,Illinois,135,Montgomery,,1978-05-12 16:20:00,CST,1978-05-12 16:20:00,0,0,0,0,250K,0,,F2,Unknown,6.2,33,,,,,39.42,-89.7,39.48,-89.62,,,IL,1978-05-12 17:20:00,1978-05-12 17:20:00,True,True
,10146513,Washington,51,Pend Oreille,,1978-07-17 16:00:00,CST,1978-07-17 16:00:00,0,0,0,0,0K,0,,F2,Unknown,0.0,33,,,,,48.18,-117.13,,,,,WA,1978-07-17 17:00:00,1978-07-17 17:00:00,True,True
,10146514,Washington,43,Lincoln,,1978-08-15 20:10:00,CST,1978-08-15 20:10:00,0,0,0,0,2.5K,0,,,Unknown,0.0,33,,,,,47.72,-118.93,,,,,WA,1978-08-15 21:10:00,1978-08-15 21:10:00,True,True
,10129855,Texas,201,Harris,,1978-06-06 16:52:00,CST,1978-06-06 16:52:00,0,0,0,0,0K,0,,,Unknown,7.0,33,,,,,29.92,-95.62,,,,,TX,1978-06-06 17:52:00,1978-06-06 17:52:00,True,True
,9996654,Georgia,215,Muscogee,,1978-05-01 07:30:00,CST,1978-05-01 07:30:00,3,0,0,0,2.5M,0,,F2,Unknown,8.9,150,,,,,32.48,-84.98,32.5,-84.83,,,GA,1978-05-01 08:30:00,1978-05-01 08:30:00,True,True
,10148299,Wisconsin,71,Manitowoc,,1978-06-07 15:15:00,CST,1978-06-07 15:15:00,0,0,0,0,0K,0,,,Unknown,0.0,33,,,,,44.23,-87.75,,,,,WI,1978-06-07 16:15:00,1978-06-07 16:15:00,True,True
,10029986,Louisiana,111,Union,,1978-12-03 03:20:00,CST,1978-12-03 03:20:00,0,0,0,0,0K,0,,F3,Unknown,3.6,33,,,,,32.97,-92.62,33.0,-92.58,,,LA,1978-12-03 03:20:00,1978-12-03 03:20:00,False,False
,10159367,Wyoming,9,Converse,,1978-05-18 18:00:00,CST,1978-05-18 18:00:00,0,0,0,0,0K,0,,,Unknown,0.0,33,,,,,42.75,-105.25,,,,,WY,1978-05-18 19:00:00,1978-05-18 19:00:00,True,True
,10159368,Wyoming,9,Converse,,1978-05-18 18:00:00,CST,1978-05-18 18:00:00,0,0,0,0,0K,0,,,Unknown,0.0,33,,,,,42.73,-105.25,,,,,WY,1978-05-18 19:00:00,1978-05-18 19:00:00,True,True
,10148284,Wisconsin,105,Rock,,1978-04-05 17:00:00,CST,1978-04-05 17:00:00,0,0,0,0,250K,0,,,Unknown,0.7,33,,,,,42.5,-89.07,,,,,WI,1978-04-05 17:00:00,1978-04-05 17:00:00,False,False
,10148286,Wisconsin,61,Kewaunee,,1978-05-08 17:00:00,CST,1978-05-08 17:00:00,0,0,0,0,0K,0,,,Unknown,0.0,33,,,,,44.52,-87.67,,,,,WI,1978-05-08 18:00:00,1978-05-08 18:00:00,True,True
,10159612,Wyoming,25,Natrona,,1978-07-20 18:40:00,CST,1978-07-20 18:40:00,1,0,0,0,25K,0,,F2,Unknown,1.0,100,,,,,43.0,-106.33,,,,,WY,1978-07-20 19:40:00,1978-07-20 19:40:00,True,True
,10159614,Wyoming,1,Albany,,1978-07-21 13:53:00,CST,1978-07-21 13:53:00,0,0,0,0,0K,0,,F0,Unknown,5.0,100,,,,,41.32,-105.67,,,,,WY,1978-07-21 14:53:00,1978-07-21 14:53:00,True,True
,10159615,Wyoming,27,Niobrara,,1978-07-28 19:00:00,CST,1978-07-28 19:00:00,0,0,0,0,250K,0,,F2,Unknown,5.0,700,,,,,43.03,-104.67,,,,,WY,1978-07-28 20:00:00,1978-07-28 20:00:00,True,True
,10159616,Wyoming,15,Goshen,,1978-07-28 19:30:00,CST,1978-07-28 19:30:00,0,0,0,0,250K,0,,F2,Unknown,1.0,200,,,,,42.3,-104.03,,,,,WY,1978-07-28 20:30:00,1978-07-28 20:30:00,True,True
,10159617,Wyoming,37,Sweetwater,,1978-07-31 15:58:00,CST,1978-07-31 15:58:00,0,0,0,0,0K,0,,F1,Unknown,1.0,100,,,,,41.6,-109.17,,,,,WY,1978-07-31 16:58:00,1978-07-31 16:58:00,True,True
,10159628,Wyoming,21,Laramie,,1978-08-31 13:00:00,CST,1978-08-31 13:00:00,0,0,0,0,0K,0,,F1,Unknown,1.0,30,,,,,41.17,-104.13,,,,,WY,1978-08-31 14:00:00,1978-08-31 14:00:00,True,True
,10148285,Wisconsin,61,Kewaunee,,1978-05-08 16:50:00,CST,1978-05-08 16:50:00,0,0,0,0,0K,0,,,Unknown,0.0,33,,,,,44.55,-87.73,,,,,WI,1978-05-08 17:50:00,1978-05-08 17:50:00,True,True
,10146511,Washington,21,Franklin,,1978-07-01 17:30:00,CST,1978-07-01 17:30:00,0,0,0,0,0K,0,,F1,Unknown,2.3,33,,,,,46.73,-118.82,46.77,-118.82,,,WA,1978-07-01 18:30:00,1978-07-01 18:30:00,True,True
,10152144,Virginia,117,Mecklenburg,,1978-01-26 00:01:00,CST,1978-01-26 00:01:00,0,0,0,0,25K,0,,F1,Unknown,0.1,17,,,,,36.8,-78.33,,,,,VA,1978-01-26 00:01:00,1978-01-26 00:01:00,False,False
,10152145,Virginia,153,Prince William,,1978-01-26 01:10:00,CST,1978-01-26 01:10:00,10,0,1,0,250K,0,,F3,Unknown,0.7,250,,,,,38.5,-77.3,,,,,VA,1978-01-26 01:10:00,1978-01-26 01:10:00,False,False
,10152150,Virginia,183,Sussex,,1978-04-19 18:15:00,CST,1978-04-19 18:15:00,3,0,0,0,250K,0,,F3,Unknown,32.0,100,,,,,36.88,-77.57,37.03,-77.02,,,VA,1978-04-19 18:15:00,1978-04-19 18:15:00,False,False
,10152151,Virginia,181,Surry,,1978-04-19 19:20:00,CST,1978-04-19 19:20:00,0,0,0,0,250K,0,,F3,Unknown,3.6,33,,,,,37.03,-77.02,37.08,-77.0,,,VA,1978-04-19 19:20:00,1978-04-19 19:20:00,False,False
,10152156,Virginia,157,Rappahannock,,1978-06-19 14:00:00,CST,1978-06-19 14:00:00,0,0,0,0,25K,0,,F2,Unknown,0.2,40,,,,,38.67,-78.0,,,,,VA,1978-06-19 15:00:00,1978-06-19 15:00:00,True,True
,9999649,Florida,83,Marion,,1978-04-19 09:03:00,CST,1978-04-19 09:03:00,14,0,0,0,2.5M,0,,F2,Unknown,5.6,100,,,,,29.07,-82.05,29.1,-81.97,,,FL,1978-04-19 09:03:00,1978-04-19 09:03:00,False,False
,10032247,Louisiana,111,Union,,1978-05-07 00:55:00,CST,1978-05-07 00:55:00,0,0,0,0,0K,0,,F1,Unknown,0.0,33,,,,,32.77,-92.23,,,,,LA,1978-05-07 01:55:00,1978-05-07 01:55:00,True,True
,10050883,Mississippi,65,Jefferson Davis,,1978-04-18 00:45:00,CST,1978-04-18 00:45:00,0,0,0,0,.25K,0,,F4,Unknown,9.9,100,,,,,31.58,-89.97,31.67,-89.83,,,MS,1978-04-18 00:45:00,1978-04-18 00:45:00,False,False
,10051140,Mississippi,27,Coahoma,,1978-05-12 21:25:00,CST,1978-05-12 21:25:00,0,0,0,0,25M,0,,F2,Unknown,5.7,100,,,,,34.32,-90.52,34.32,-90.42,,,MS,1978-05-12 22:25:00,1978-05-12 22:25:00,True,True
,10082794,North Dakota,59,Morton,,1978-05-25 17:15:00,CST,1978-05-25 17:15:00,0,0,0,0,250K,0,,F3,Unknown,2.5,30,,,,,46.83,-100.9,,,,,ND,1978-05-25 18:15:00,1978-05-25 18:15:00,True,True
,10162982,Wyoming,9,Converse,,1978-05-16 19:15:00,CST,1978-05-16 19:15:00,0,0,0,0,0K,0,,,Unknown,2.0,180,,,,,43.08,-104.97,,,,,WY,1978-05-16 20:15:00,1978-05-16 20:15:00,True,True
,10162983,Wyoming,9,Converse,,1978-05-16 21:00:00,CST,1978-05-16 21:00:00,0,0,0,0,0K,0,,,Unknown,2.0,180,,,,,42.75,-104.83,,,,,WY,1978-05-16 22:00:00,1978-05-16 22:00:00,True,True
,10162984,Wyoming,21,Laramie,,1978-05-17 18:00:00,CST,1978-05-17 18:00:00,0,0,0,0,0K,0,,,Unknown,0.0,33,,,,,41.15,-105.32,,,,,WY,1978-05-17 19:00:00,1978-05-17 19:00:00,True,True
,10153014,Virginia,67,Franklin,,1978-08-09 14:45:00,CST,1978-08-09 14:45:00,0,0,0,0,2.5K,0,,,Unknown,0.1,10,,,,,37.0,-79.88,,,,,VA,1978-08-09 15:45:00,1978-08-09 15:45:00,True,True
,10083938,North Dakota,45,La Moure,,1978-08-14 19:30:00,CST,1978-08-14 19:30:00,0,0,0,0,0K,0,,F0,Unknown,0.0,33,,,,,46.35,-98.6,,,,,ND,1978-08-14 19:30:00,1978-08-14 19:30:00,False,False
,10159604,Wyoming,29,Park,,1978-07-11 16:20:00,CST,1978-07-11 16:20:00,0,0,0,0,25K,0,,F2,Unknown,0.4,200,,,,,44.67,-108.83,,,,,WY,1978-07-11 17:20:00,1978-07-11 17:20:00,True,True
,10047764,Mississippi,21,Claiborne,,1978-04-17 23:00:00,CST,1978-04-17 23:00:00,2,0,0,0,25M,0,,F3,Unknown,18.5,100,,,,,31.95,-91.18,32.07,-90.9,,,MS,1978-04-17 23:00:00,1978-04-17 23:00:00,False,False
,10047768,Mississippi,49,Hinds,,1978-04-17 23:55:00,CST,1978-04-17 23:55:00,0,0,0,0,250K,0,,F3,Unknown,4.5,100,,,,,32.12,-90.62,32.13,-90.55,,,MS,1978-04-17 23:55:00,1978-04-17 23:55:00,False,False
,10130711,Texas,277,Lamar,,1978-06-07 14:30:00,CST,1978-06-07 14:30:00,0,0,0,0,25K,0,,,Unknown,0.0,33,,,,,33.65,-95.53,,,,,TX,1978-06-07 15:30:00,1978-06-07 15:30:00,True,True
,10130712,Texas,277,Lamar,,1978-06-07 15:30:00,CST,1978-06-07 15:30:00,0,0,0,0,0K,0,,,Unknown,0.0,33,,,,,33.55,-95.35,,,,,TX,1978-06-07 16:30:00,1978-06-07 16:30:00,True,True
,10130714,Texas,309,Mclennan,,1978-06-07 20:30:00,CST,1978-06-07 20:30:00,0,0,0,0,25K,0,,,Unknown,0.0,33,,,,,31.58,-96.85,,,,,TX,1978-06-07 20:30:00,1978-06-07 20:30:00,False,False
,10126720,South Dakota,23,Charles Mix,,1978-07-17 20:10:00,CST,1978-07-17 20:10:00,0,0,0,0,0K,0,,,Unknown,0.0,33,,,,,43.22,-98.82,,,,,SD,1978-07-17 21:10:00,1978-07-17 21:10:00,True,True
,10126725,South Dakota,63,Harding,,1978-07-18 22:15:00,CST,1978-07-18 22:15:00,0,0,0,0,0K,0,,,Unknown,0.0,33,,,,,43.47,-103.38,,,,,SD,1978-07-18 23:15:00,1978-07-18 23:15:00,True,True
,9996646,Georgia,233,Polk,,1978-04-18 17:05:00,EST,1978-04-18 17:05:00,0,0,0,0,250K,0,,F2,Unknown,4.1,200,,,,,33.93,-85.28,33.93,-85.22,,,GA,1978-04-18 17:05:00,1978-04-18 17:05:00,False,False
,9996662,Georgia,159,Jasper,,1978-05-08 14:30:00,CST,1978-05-08 14:30:00,0,0,0,0,25K,0,,F1,Unknown,11.5,100,,,,,33.3,-83.63,33.43,-83.52,,,GA,1978-05-08 15:30:00,1978-05-08 15:30:00,True,True
,9996663,Georgia,211,Morgan,,1978-05-08 14:50:00,CST,1978-05-08 14:50:00,0,0,0,0,25K,0,,F1,Unknown,4.3,33,,,,,33.43,-83.52,33.48,-83.48,,,GA,1978-05-08 15:50:00,1978-05-08 15:50:00,True,True
,9996664,Georgia,213,Murray,,1978-05-08 15:00:00,CST,1978-05-08 15:00:00,0,0,0,0,25K,0,,F1,Unknown,2.0,77,,,,,34.77,-84.77,,,,,GA,1978-05-08 16:00:00,1978-05-08 16:00:00,True,True
,9996665,Georgia,63,Clayton,,1978-05-08 16:20:00,CST,1978-05-08 16:20:00,0,0,0,0,2.5M,0,,F2,Unknown,4.5,200,,,,,33.62,-84.38,33.65,-84.32,,,GA,1978-05-08 17:20:00,1978-05-08 17:20:00,True,True
,9996666,Georgia,89,De Kalb,,1978-05-08 16:29:00,CST,1978-05-08 16:29:00,0,0,0,0,2.5M,0,,F2,Unknown,2.7,33,,,,,33.65,-84.32,33.68,-84.3,,,GA,1978-05-08 16:29:00,1978-05-08 16:29:00,False,False
,9996667,Georgia,217,Newton,,1978-05-08 18:20:00,CST,1978-05-08 18:20:00,0,0,0,0,250K,0,,F1,Unknown,6.1,100,,,,,33.53,-83.83,33.58,-83.75,,,GA,1978-05-08 19:20:00,1978-05-08 19:20:00,True,True
,9996668,Georgia,73,Columbia,,1978-05-08 19:15:00,CST,1978-05-08 19:15:00,0,0,0,0,2.5M,0,,F1,Unknown,4.1,100,,,,,33.52,-82.13,33.52,-82.07,,,GA,1978-05-08 20:15:00,1978-05-08 20:15:00,True,True
,10127587,Texas,295,Lipscomb,,1978-05-03 16:30:00,CST,1978-05-03 16:30:00,0,0,0,0,250K,0,,F0,Unknown,6.5,400,,,,,36.43,-100.32,36.42,-100.2,,,TX,1978-05-03 17:30:00,1978-05-03 17:30:00,True,True
,10130894,Texas,123,De Witt,,1978-04-23 15:25:00,CST,1978-04-23 15:25:00,0,0,0,0,.25K,0,,F1,Unknown,0.1,13,,,,,29.3,-97.3,,,,,TX,1978-04-23 15:25:00,1978-04-23 15:25:00,False,False
,10130946,Texas,499,Wood,,1978-06-30 17:45:00,CST,1978-06-30 17:45:00,0,0,0,0,25K,0,,,Unknown,2.0,50,,,,,32.97,-95.57,,,,,TX,1978-06-30 18:45:00,1978-06-30 18:45:00,True,True
,10130947,Texas,421,Sherman,,1978-07-01 16:20:00,CST,1978-07-01 16:20:00,0,0,0,0,0K,0,,F0,Unknown,0.4,7,,,,,36.47,-102.12,,,,,TX,1978-07-01 17:20:00,1978-07-01 17:20:00,True,True
,10130949,Texas,169,Garza,,1978-07-03 15:34:00,CST,1978-07-03 15:34:00,0,0,0,0,.25K,0,,F0,Unknown,0.5,10,,,,,33.27,-101.5,,,,,TX,1978-07-03 16:34:00,1978-07-03 16:34:00,True,True
,10130950,Texas,441,Taylor,,1978-07-03 15:50:00,CST,1978-07-03 15:50:00,0,0,0,0,250K,0,,F2,Unknown,0.1,50,,,,,32.48,-99.87,,,,,TX,1978-07-03 16:50:00,1978-07-03 16:50:00,True,True
,10130951,Texas,107,Crosby,,1978-07-04 19:05:00,CST,1978-07-04 19:05:00,0,0,0,0,0K,0,,F0,Unknown,1.0,50,,,,,33.67,-101.08,,,,,TX,1978-07-04 20:05:00,1978-07-04 20:05:00,True,True
,10130952,Texas,361,Orange,,1978-07-05 12:28:00,CST,1978-07-05 12:28:00,0,0,0,0,.25K,0,,F1,Unknown,1.0,20,,,,,29.97,-93.83,,,,,TX,1978-07-05 13:28:00,1978-07-05 13:28:00,True,True
,10130953,Texas,245,Jefferson,,1978-07-05 13:58:00,CST,1978-07-05 13:58:00,0,0,0,0,2.5K,0,,F0,Unknown,0.1,20,,,,,29.93,-94.15,,,,,TX,1978-07-05 14:58:00,1978-07-05 14:58:00,True,True
,10130961,Texas,201,Harris,,1978-07-16 21:00:00,CST,1978-07-16 21:00:00,0,0,0,0,0K,0,,F0,Unknown,0.2,13,,,,,30.02,-95.27,,,,,TX,1978-07-16 22:00:00,1978-07-16 22:00:00,True,True
,10130962,Texas,17,Bailey,,1978-07-18 14:45:00,CST,1978-07-18 14:45:00,0,0,0,0,25K,0,,F0,Unknown,0.4,10,,,,,33.97,-103.0,,,,,TX,1978-07-18 15:45:00,1978-07-18 15:45:00,True,True
,10130967,Texas,167,Galveston,,1978-07-27 15:08:00,CST,1978-07-27 15:08:00,0,0,0,0,25K,0,,F1,Unknown,0.1,20,,,,,29.35,-95.03,,,,,TX,1978-07-27 16:08:00,1978-07-27 16:08:00,True,True
,10127625,Texas,213,Henderson,,1978-05-11 18:30:00,CST,1978-05-11 18:30:00,0,0,0,0,25K,0,,,Unknown,0.0,33,,,,,32.18,-95.83,,,,,TX,1978-05-11 19:30:00,1978-05-11 19:30:00,True,True
,10127626,Texas,467,Van Zandt,,1978-05-11 18:30:00,CST,1978-05-11 18:30:00,0,0,0,0,0K,0,,,Unknown,0.0,33,,,,,32.55,-95.83,,,,,TX,1978-05-11 19:30:00,1978-05-11 19:30:00,True,True
,10127627,Texas,467,Van Zandt,,1978-05-11 18:30:00,CST,1978-05-11 18:30:00,0,0,0,0,0K,0,,,Unknown,0.0,33,,,,,32.52,-95.87,,,,,TX,1978-05-11 19:30:00,1978-05-11 19:30:00,True,True
,10127631,Texas,467,Van Zandt,,1978-05-11 18:31:00,CST,1978-05-11 18:31:00,0,0,0,0,0K,0,,,Unknown,0.0,33,,,,,32.57,-96.0,,,,,TX,1978-05-11 19:31:00,1978-05-11 19:31:00,True,True
,10127635,Texas,423,Smith,,1978-05-11 18:50:00,CST,1978-05-11 18:50:00,0,0,0,0,0K,0,,,Unknown,0.0,33,,,,,32.33,-95.42,,,,,TX,1978-05-11 19:50:00,1978-05-11 19:50:00,True,True
,10127667,Texas,423,Smith,,1978-05-11 22:42:00,CST,1978-05-11 22:42:00,0,0,0,0,25K,0,,F1,Unknown,1.0,33,,,,,32.13,-95.33,,,,,TX,1978-05-11 23:42:00,1978-05-11 23:42:00,True,True
,10127668,Texas,257,Kaufman,,1978-05-12 15:30:00,CST,1978-05-12 15:30:00,0,0,0,0,0K,0,,F1,Unknown,0.0,33,,,,,32.55,-96.33,,,,,TX,1978-05-12 16:30:00,1978-05-12 16:30:00,True,True
,10127669,Texas,225,Houston,,1978-05-12 20:05:00,CST,1978-05-12 20:05:00,0,0,0,0,0K,0,,,Unknown,0.0,33,,,,,31.48,-95.47,,,,,TX,1978-05-12 21:05:00,1978-05-12 21:05:00,True,True
,10127645,Texas,423,Smith,,1978-05-11 19:10:00,CST,1978-05-11 19:10:00,0,0,0,0,0K,0,,F0,Unknown,0.0,33,,,,,32.3,-95.08,,,,,TX,1978-05-11 20:10:00,1978-05-11 20:10:00,True,True
,10127647,Texas,423,Smith,,1978-05-11 19:15:00,CST,1978-05-11 19:15:00,0,0,0,0,0K,0,,F0,Unknown,0.0,33,,,,,32.25,-95.2,,,,,TX,1978-05-11 20:15:00,1978-05-11 20:15:00,True,True
,10127650,Texas,183,Gregg,,1978-05-11 19:35:00,CST,1978-05-11 19:35:00,0,0,0,0,0K,0,,F1,Unknown,0.0,33,,,,,32.37,-94.87,,,,,TX,1978-05-11 20:35:00,1978-05-11 20:35:00,True,True
,10127651,Texas,183,Gregg,,1978-05-11 19:39:00,CST,1978-05-11 19:39:00,0,0,0,0,0K,0,,F1,Unknown,0.0,33,,,,,32.37,-94.72,,,,,TX,1978-05-11 20:39:00,1978-05-11 20:39:00,True,True
,10127652,Texas,183,Gregg,,1978-05-11 19:40:00,CST,1978-05-11 19:40:00,0,0,0,0,250K,0,,F1,Unknown,12.1,33,,,,,32.45,-94.77,32.58,-94.63,,,TX,1978-05-11 20:40:00,1978-05-11 20:40:00,True,True
,10145848,Wisconsin,27,Dodge,,1978-06-17 18:57:00,CST,1978-06-17 18:57:00,0,0,0,0,2.5M,0,,F2,Unknown,16.5,33,,,,,43.5,-88.77,43.52,-88.43,,,WI,1978-06-17 19:57:00,1978-06-17 19:57:00,True,True
,10145851,Wisconsin,127,Walworth,,1978-06-20 19:45:00,CST,1978-06-20 19:45:00,0,0,0,0,0K,0,,,Unknown,18.0,50,,,,,42.63,-88.63,42.73,-88.3,,,WI,1978-06-20 20:45:00,1978-06-20 20:45:00,True,True
,10145852,Wisconsin,101,Racine,,1978-06-20 20:15:00,CST,1978-06-20 20:15:00,0,0,0,0,0K,0,,,Unknown,2.3,33,,,,,42.73,-88.3,42.77,-88.25,,,WI,1978-06-20 21:15:00,1978-06-20 21:15:00,True,True
,10127588,Texas,421,Sherman,,1978-05-04 16:50:00,CST,1978-05-04 16:50:00,0,0,0,0,250K,0,,F0,Unknown,11.3,60,,,,,36.42,-102.07,36.38,-101.87,,,TX,1978-05-04 17:50:00,1978-05-04 17:50:00,True,True
,10127589,Texas,231,Hunt,,1978-05-05 02:31:00,CST,1978-05-05 02:31:00,0,0,0,0,25K,0,,,Unknown,8.5,33,,,,,32.88,-96.22,32.83,-96.08,,,TX,1978-05-05 03:31:00,1978-05-05 03:31:00,True,True
,10127594,Texas,111,Dallam,,1978-05-05 17:45:00,CST,1978-05-05 17:45:00,0,0,0,0,0K,0,,F0,Unknown,4.5,30,,,,,36.07,-102.52,36.12,-102.47,,,TX,1978-05-05 18:45:00,1978-05-05 18:45:00,True,True
,10127596,Texas,111,Dallam,,1978-05-05 18:30:00,CST,1978-05-05 18:30:00,0,0,0,0,0K,0,,F0,Unknown,2.0,30,,,,,36.07,-102.52,,,,,TX,1978-05-05 19:30:00,1978-05-05 19:30:00,True,True
,10128706,Texas,389,Reeves,,1978-05-26 16:00:00,CST,1978-05-26 16:00:00,0,0,0,0,250K,0,,,Unknown,2.0,60,,,,,31.42,-103.48,,,,,TX,1978-05-26 17:00:00,1978-05-26 17:00:00,True,True
,10128710,Texas,389,Reeves,,1978-05-26 16:30:00,CST,1978-05-26 16:30:00,0,0,0,0,0K,0,,,Unknown,1.0,30,,,,,31.42,-103.23,,,,,TX,1978-05-26 17:30:00,1978-05-26 17:30:00,True,True
,10032220,Louisiana,17,Caddo,,1978-01-07 17:20:00,CST,1978-01-07 17:20:00,0,0,0,0,2.5K,0,,F1,Unknown,0.1,77,,,,,32.42,-93.8,,,,,LA,1978-01-07 17:20:00,1978-01-07 17:20:00,False,False
,10032228,Louisiana,23,Cameron,,1978-02-12 18:20:00,CST,1978-02-12 18:20:00,0,0,0,0,2.5K,0,,F1,Unknown,0.1,50,,,,,29.8,-93.37,,,,,LA,1978-02-12 18:20:00,1978-02-12 18:20:00,False,False
,10032229,Louisiana,51,Jefferson,,1978-02-12 22:00:00,CST,1978-02-12 22:00:00,1,0,0,0,250K,0,,F1,Unknown,1.8,50,,,,,30.02,-90.22,,,,,LA,1978-02-12 22:00:00,1978-02-12 22:00:00,False,False
,10032233,Louisiana,17,Caddo,,1978-04-17 18:49:00,CST,1978-04-17 18:49:00,14,0,0,0,2.5M,0,,F2,Unknown,5.4,100,,,,,32.45,-93.82,32.5,-93.75,,,LA,1978-04-17 18:49:00,1978-04-17 18:49:00,False,False
,10130878,Texas,367,Parker,,1978-04-22 15:50:00,CST,1978-04-22 15:50:00,0,0,0,0,0K,0,,F0,Unknown,0.0,33,,,,,32.73,-97.7,,,,,TX,1978-04-22 15:50:00,1978-04-22 15:50:00,False,False
,10130879,Texas,423,Smith,,1978-04-22 16:00:00,CST,1978-04-22 16:00:00,0,0,0,0,25K,0,,F0,Unknown,0.0,33,,,,,32.35,-95.2,,,,,TX,1978-04-22 16:00:00,1978-04-22 16:00:00,False,False
,10130880,Texas,367,Parker,,1978-04-22 16:25:00,CST,1978-04-22 16:25:00,0,0,0,0,0K,0,,F0,Unknown,0.0,33,,,,,32.72,-97.65,,,,,TX,1978-04-22 16:25:00,1978-04-22 16:25:00,False,False
,10130881,Texas,367,Parker,,1978-04-22 16:30:00,CST,1978-04-22 16:30:00,0,0,0,0,25K,0,,F1,Unknown,4.1,33,,,,,32.7,-97.62,32.7,-97.55,,,TX,1978-04-22 16:30:00,1978-04-22 16:30:00,False,False
,10130882,Texas,439,Tarrant,,1978-04-22 16:40:00,CST,1978-04-22 16:40:00,0,0,0,0,25K,0,,F1,Unknown,4.1,33,,,,,32.7,-97.55,32.7,-97.48,,,TX,1978-04-22 16:40:00,1978-04-22 16:40:00,False,False
,10130888,Texas,239,Jackson,,1978-04-22 17:50:00,CST,1978-04-22 17:50:00,0,0,0,0,25K,0,,F1,Unknown,0.1,17,,,,,29.03,-96.5,,,,,TX,1978-04-22 17:50:00,1978-04-22 17:50:00,False,False
,10130889,Texas,481,Wharton,,1978-04-22 18:00:00,CST,1978-04-22 18:00:00,0,0,0,0,2.5K,0,,F1,Unknown,1.9,20,,,,,29.6,-96.1,29.6,-96.08,,,TX,1978-04-22 18:00:00,1978-04-22 18:00:00,False,False
,10130891,Texas,157,Fort Bend,,1978-04-22 18:03:00,CST,1978-04-22 18:03:00,0,0,0,0,2.5K,0,,F1,Unknown,17.1,33,,,,,29.6,-96.08,29.58,-95.8,,,TX,1978-04-22 18:03:00,1978-04-22 18:03:00,False,False
,10004670,Illinois,167,Sangamon,,1978-07-26 15:30:00,CST,1978-07-26 15:30:00,0,0,0,0,250K,0,,,Unknown,8.9,177,,,,,39.8,-89.78,39.9,-89.67,,,IL,1978-07-26 16:30:00,1978-07-26 16:30:00,True,True
,10004672,Illinois,43,Du Page,,1978-08-02 15:30:00,CST,1978-08-02 15:30:00,0,0,0,0,0K,0,,F0,Unknown,4.1,880,,,,,41.75,-87.9,41.7,-87.83,,,IL,1978-08-02 15:30:00,1978-08-02 15:30:00,False,False
,10004674,Illinois,131,Mercer,,1978-08-15 19:00:00,CST,1978-08-15 19:00:00,0,0,0,0,250K,0,,F3,Unknown,6.4,77,,,,,41.27,-90.78,41.33,-90.68,,,IL,1978-08-15 20:00:00,1978-08-15 20:00:00,True,True
,10004677,Illinois,111,Mchenry,,1978-08-15 19:45:00,CST,1978-08-15 19:45:00,0,0,0,0,250K,0,,F2,Unknown,2.0,100,,,,,42.18,-88.37,,,,,IL,1978-08-15 19:45:00,1978-08-15 19:45:00,False,False
,10127555,Texas,303,Lubbock,,1978-05-02 06:42:00,CST,1978-05-02 06:42:00,0,0,0,0,0K,0,,F0,Unknown,3.3,60,,,,,33.6,-101.62,33.6,-101.57,,,TX,1978-05-02 07:42:00,1978-05-02 07:42:00,True,True
,10127560,Texas,103,Crane,,1978-05-02 08:35:00,CST,1978-05-02 08:35:00,0,0,0,0,0K,0,,F0,Unknown,2.0,30,,,,,31.4,-102.35,,,,,TX,1978-05-02 09:35:00,1978-05-02 09:35:00,True,True
,10146069,Wisconsin,123,Vernon,,1978-07-01 19:02:00,CST,1978-07-01 19:02:00,0,0,0,0,0K,0,,F1,Unknown,0.0,100,,,,,43.57,-90.9,,,,,WI,1978-07-01 20:02:00,1978-07-01 20:02:00,True,True
,10146070,Wisconsin,121,Trempealeau,,1978-07-05 17:00:00,CST,1978-07-05 17:00:00,2,0,0,0,0K,0,,,Unknown,11.1,100,,,,,44.32,-91.58,44.22,-91.4,,,WI,1978-07-05 18:00:00,1978-07-05 18:00:00,True,True
,10146078,Wisconsin,45,Green,,1978-07-20 13:45:00,CST,1978-07-20 13:45:00,0,0,0,0,0K,0,,,Unknown,0.5,100,,,,,42.7,-89.43,,,,,WI,1978-07-20 14:45:00,1978-07-20 14:45:00,True,True
,10126691,South Dakota,125,Turner,,1978-07-05 09:30:00,CST,1978-07-05 09:30:00,0,0,0,0,0K,0,,,Unknown,0.0,33,,,,,43.03,-96.67,,,,,SD,1978-07-05 10:30:00,1978-07-05 10:30:00,True,True
,10126694,South Dakota,127,Union,,1978-07-05 17:15:00,CST,1978-07-05 17:15:00,0,0,0,0,0K,0,,,Unknown,0.0,33,,,,,42.87,-97.47,,,,,SD,1978-07-05 18:15:00,1978-07-05 18:15:00,True,True
,10126704,South Dakota,125,Turner,,1978-07-06 19:30:00,CST,1978-07-06 19:30:00,0,0,0,0,0K,0,,,Unknown,0.0,33,,,,,43.0,-97.02,,,,,SD,1978-07-06 20:30:00,1978-07-06 20:30:00,True,True
,10127655,Texas,1,Anderson,,1978-05-11 19:51:00,CST,1978-05-11 19:51:00,0,0,0,0,2.5K,0,,,Unknown,0.0,33,,,,,31.67,-95.55,,,,,TX,1978-05-11 20:51:00,1978-05-11 20:51:00,True,True
,10127661,Texas,203,Harrison,,1978-05-11 20:11:00,CST,1978-05-11 20:11:00,0,0,0,0,25K,0,,F1,Unknown,0.0,33,,,,,32.53,-94.62,,,,,TX,1978-05-11 21:11:00,1978-05-11 21:11:00,True,True
,10126711,South Dakota,55,Haakon,,1978-07-11 20:10:00,CST,1978-07-11 20:10:00,0,0,0,0,0K,0,,,Unknown,0.0,33,,,,,44.17,-101.93,,,,,SD,1978-07-11 21:10:00,1978-07-11 21:10:00,True,True
,10126712,South Dakota,55,Haakon,,1978-07-11 21:30:00,CST,1978-07-11 21:30:00,0,0,0,0,0K,0,,,Unknown,0.0,33,,,,,44.05,-101.92,,,,,SD,1978-07-11 22:30:00,1978-07-11 22:30:00,True,True
,10126714,South Dakota,55,Haakon,,1978-07-16 23:00:00,CST,1978-07-16 23:00:00,0,0,0,0,0K,0,,,Unknown,0.0,33,,,,,44.33,-102.1,,,,,SD,1978-07-17 00:00:00,1978-07-17 00:00:00,True,True
,10029973,Louisiana,11,Beauregard,,1978-08-28 22:15:00,CST,1978-08-28 22:15:00,0,0,0,0,25K,0,,F0,Unknown,0.0,33,,,,,30.85,-93.28,,,,,LA,1978-08-28 23:15:00,1978-08-28 23:15:00,True,True
,10029976,Louisiana,23,Cameron,,1978-09-03 14:50:00,CST,1978-09-03 14:50:00,0,0,0,0,0K,0,,F0,Unknown,0.0,33,,,,,29.82,-93.1,,,,,LA,1978-09-03 15:50:00,1978-09-03 15:50:00,True,True
,10029977,Louisiana,115,Vernon,,1978-09-14 05:45:00,CST,1978-09-14 05:45:00,2,0,0,0,250K,0,,F1,Unknown,5.7,33,,,,,31.17,-93.53,31.2,-93.45,,,LA,1978-09-14 06:45:00,1978-09-14 06:45:00,True,True
,10029978,Louisiana,31,De Soto,,1978-11-26 09:30:00,CST,1978-11-26 09:30:00,0,0,0,0,25K,0,,F1,Unknown,0.8,77,,,,,31.9,-93.9,,,,,LA,1978-11-26 09:30:00,1978-11-26 09:30:00,False,False
,10029980,Louisiana,115,Vernon,,1978-11-26 11:00:00,CST,1978-11-26 11:00:00,0,0,0,0,25K,0,,F1,Unknown,0.5,27,,,,,30.95,-93.32,,,,,LA,1978-11-26 11:00:00,1978-11-26 11:00:00,False,False
,10029982,Louisiana,15,Bossier,,1978-12-03 01:50:00,CST,1978-12-03 01:50:00,266,0,2,0,250M,0,,F4,Unknown,6.2,400,,,,,32.5,-93.75,32.57,-93.68,,,LA,1978-12-03 01:50:00,1978-12-03 01:50:00,False,False
,10029983,Louisiana,15,Bossier,,1978-12-03 02:30:00,CST,1978-12-03 02:30:00,0,0,0,0,0K,0,,F3,Unknown,7.7,33,,,,,32.7,-93.55,32.75,-93.43,,,LA,1978-12-03 02:30:00,1978-12-03 02:30:00,False,False
,10029984,Louisiana,119,Webster,,1978-12-03 02:45:00,CST,1978-12-03 02:45:00,0,0,0,0,0K,0,,F3,Unknown,11.6,33,,,,,32.75,-93.43,32.82,-93.25,,,LA,1978-12-03 02:45:00,1978-12-03 02:45:00,False,False
,10029985,Louisiana,27,Claiborne,,1978-12-03 03:15:00,CST,1978-12-03 03:15:00,0,0,0,0,0K,0,,F3,Unknown,38.2,33,,,,,32.82,-93.25,32.97,-92.62,,,LA,1978-12-03 03:15:00,1978-12-03 03:15:00,False,False
,10029987,Louisiana,119,Webster,,1978-12-03 03:38:00,CST,1978-12-03 03:38:00,3,0,2,0,250K,0,,F3,Unknown,8.3,300,,,,,32.47,-93.3,32.53,-93.18,,,LA,1978-12-03 03:38:00,1978-12-03 03:38:00,False,False
,10130637,Texas,45,Briscoe,,1978-04-04 19:10:00,CST,1978-04-04 19:10:00,0,0,0,0,.03K,0,,F1,Unknown,0.5,30,,,,,34.33,-101.28,,,,,TX,1978-04-04 19:10:00,1978-04-04 19:10:00,False,False
,10130638,Texas,107,Crosby,,1978-04-04 22:30:00,CST,1978-04-04 22:30:00,0,0,0,0,25K,0,,F1,Unknown,0.5,30,,,,,33.77,-101.18,,,,,TX,1978-04-04 22:30:00,1978-04-04 22:30:00,False,False
,10130639,Texas,389,Reeves,,1978-04-07 19:05:00,CST,1978-04-07 19:05:00,0,0,0,0,.03K,0,,F0,Unknown,4.7,10,,,,,31.28,-103.0,31.33,-102.95,,,TX,1978-04-07 19:05:00,1978-04-07 19:05:00,False,False
,10130641,Texas,303,Lubbock,,1978-04-08 17:37:00,CST,1978-04-08 17:37:00,0,0,0,0,250K,0,,F2,Unknown,2.0,30,,,,,33.8,-101.68,,,,,TX,1978-04-08 17:37:00,1978-04-08 17:37:00,False,False
,10130642,Texas,189,Hale,,1978-04-08 18:20:00,CST,1978-04-08 18:20:00,0,0,0,0,0K,0,,,Unknown,2.0,30,,,,,33.68,-101.83,,,,,TX,1978-04-08 18:20:00,1978-04-08 18:20:00,False,False
,10129584,Texas,347,Nacogdoches,,1978-09-11 13:00:00,CST,1978-09-11 13:00:00,0,0,0,0,2.5K,0,,,Unknown,0.0,33,,,,,31.6,-94.67,,,,,TX,1978-09-11 14:00:00,1978-09-11 14:00:00,True,True
,10129585,Texas,7,Aransas,,1978-09-11 15:35:00,CST,1978-09-11 15:35:00,0,0,0,0,0K,0,,F0,Unknown,0.2,17,,,,,28.02,-97.15,,,,,TX,1978-09-11 16:35:00,1978-09-11 16:35:00,True,True
,10129586,Texas,311,Mcmullen,,1978-09-13 06:15:00,CST,1978-09-13 06:15:00,0,0,0,0,0K,0,,F0,Unknown,0.1,20,,,,,28.42,-98.35,,,,,TX,1978-09-13 06:15:00,1978-09-13 06:15:00,False,False
,10129588,Texas,457,Tyler,,1978-09-13 14:00:00,CST,1978-09-13 14:00:00,0,0,0,0,0K,0,,,Unknown,0.0,33,,,,,30.77,-94.38,,,,,TX,1978-09-13 15:00:00,1978-09-13 15:00:00,True,True
,10129589,Texas,403,Sabine,,1978-09-14 05:45:00,CST,1978-09-14 05:45:00,0,0,0,0,0K,0,,F1,Unknown,3.6,33,,,,,31.17,-93.58,31.17,-93.53,,,TX,1978-09-14 06:45:00,1978-09-14 06:45:00,True,True
,10129593,Texas,167,Galveston,,1978-10-05 12:45:00,CST,1978-10-05 12:45:00,0,0,0,0,25K,0,,F1,Unknown,0.1,20,,,,,29.38,-95.13,,,,,TX,1978-10-05 13:45:00,1978-10-05 13:45:00,True,True
,10129775,Texas,197,Hardeman,,1978-04-03 17:20:00,CST,1978-04-03 17:20:00,0,0,0,0,0K,0,,F0,Unknown,4.5,33,,,,,34.47,-99.97,34.43,-99.9,,,TX,1978-04-03 17:20:00,1978-04-03 17:20:00,False,False
,10129597,Texas,347,Nacogdoches,,1978-11-26 08:00:00,CST,1978-11-26 08:00:00,0,0,0,0,2.5K,0,,F0,Unknown,0.0,33,,,,,31.6,-94.67,,,,,TX,1978-11-26 08:00:00,1978-11-26 08:00:00,False,False
,10129599,Texas,5,Angelina,,1978-11-26 09:00:00,CST,1978-11-26 09:00:00,0,0,0,0,2.5K,0,,F0,Unknown,0.0,33,,,,,31.33,-94.75,,,,,TX,1978-11-26 09:00:00,1978-11-26 09:00:00,False,False
,10129600,Texas,5,Angelina,,1978-11-26 09:05:00,CST,1978-11-26 09:05:00,0,0,0,0,2.5K,0,,F1,Unknown,1.0,33,,,,,31.18,-94.8,,,,,TX,1978-11-26 09:05:00,1978-11-26 09:05:00,False,False
,10147462,West Virginia,33,Harrison,,1978-07-10 13:25:00,CST,1978-07-10 13:25:00,0,0,0,0,.03K,0,,F0,Unknown,0.0,33,,,,,39.28,-80.42,,,,,WV,1978-07-10 14:25:00,1978-07-10 14:25:00,True,True
,10127552,Texas,439,Tarrant,,1978-05-02 01:05:00,CST,1978-05-02 01:05:00,0,0,0,0,0K,0,,F0,Unknown,0.0,33,,,,,32.82,-97.15,,,,,TX,1978-05-02 02:05:00,1978-05-02 02:05:00,True,True
,10146067,Wisconsin,123,Vernon,,1978-07-01 19:02:00,CST,1978-07-01 19:02:00,0,0,0,0,0K,0,,F1,Unknown,0.0,100,,,,,43.55,-90.88,,,,,WI,1978-07-01 20:02:00,1978-07-01 20:02:00,True,True
,10146068,Wisconsin,123,Vernon,,1978-07-01 19:02:00,CST,1978-07-01 19:02:00,0,0,0,0,0K,0,,F1,Unknown,0.0,100,,,,,43.53,-90.87,,,,,WI,1978-07-01 20:02:00,1978-07-01 20:02:00,True,True
,10008522,Idaho,19,Bonneville,,1978-04-07 15:20:00,CST,1978-04-07 15:20:00,1,0,0,0,2.5M,0,,F2,Unknown,1.5,73,,,,,43.5,-112.03,,,,,ID,1978-04-07 15:20:00,1978-04-07 15:20:00,False,False
,10008526,Idaho,17,Bonner,,1978-08-19 14:50:00,CST,1978-08-19 14:50:00,1,0,0,0,25K,0,,F1,Unknown,1.9,200,,,,,48.27,-116.57,48.3,-116.52,,,ID,1978-08-19 15:50:00,1978-08-19 15:50:00,True,True
,10126463,South Dakota,9,Bon Homme,,1978-06-25 20:30:00,CST,1978-06-25 20:30:00,0,0,0,0,0K,0,,,Unknown,0.0,33,,,,,42.85,-97.88,,,,,SD,1978-06-25 21:30:00,1978-06-25 21:30:00,True,True
,10130856,Texas,153,Floyd,,1978-04-08 18:20:00,CST,1978-04-08 18:20:00,0,0,0,0,0K,0,,F1,Unknown,2.0,30,,,,,33.88,-101.58,,,,,TX,1978-04-08 18:20:00,1978-04-08 18:20:00,False,False
,10130858,Texas,303,Lubbock,,1978-04-08 18:35:00,CST,1978-04-08 18:35:00,0,0,0,0,0K,0,,,Unknown,1.0,30,,,,,33.87,-101.68,,,,,TX,1978-04-08 18:35:00,1978-04-08 18:35:00,False,False
,10130859,Texas,153,Floyd,,1978-04-08 18:50:00,CST,1978-04-08 18:50:00,0,0,0,0,0K,0,,F1,Unknown,4.9,20,,,,,33.9,-101.43,33.95,-101.38,,,TX,1978-04-08 18:50:00,1978-04-08 18:50:00,False,False
,10130860,Texas,153,Floyd,,1978-04-08 19:05:00,CST,1978-04-08 19:05:00,0,0,0,0,0K,0,,,Unknown,5.6,300,,,,,33.95,-101.57,34.02,-101.52,,,TX,1978-04-08 19:05:00,1978-04-08 19:05:00,False,False
,10130861,Texas,189,Hale,,1978-04-08 19:40:00,CST,1978-04-08 19:40:00,0,0,0,0,2.5K,0,,F2,Unknown,2.0,100,,,,,33.87,-101.75,,,,,TX,1978-04-08 19:40:00,1978-04-08 19:40:00,False,False
,10126467,South Dakota,105,Perkins,,1978-06-30 16:40:00,CST,1978-06-30 16:40:00,0,0,0,0,0K,0,,,Unknown,0.0,33,,,,,45.87,-102.25,,,,,SD,1978-06-30 17:40:00,1978-06-30 17:40:00,True,True
,10147466,West Virginia,79,Putnam,,1978-12-08 12:30:00,CST,1978-12-08 12:30:00,1,0,0,0,25K,0,,F0,Unknown,0.0,33,,,,,38.4,-81.92,,,,,WV,1978-12-08 12:30:00,1978-12-08 12:30:00,False,False
,9999583,Florida,57,Hillsborough,,1978-01-08 16:20:00,CST,1978-01-08 16:20:00,2,0,0,0,250K,0,,F2,Unknown,10.0,100,,,,,27.92,-82.3,28.0,-82.17,,,FL,1978-01-08 16:20:00,1978-01-08 16:20:00,False,False
,9999584,Florida,95,Orange,,1978-01-08 17:18:00,CST,1978-01-08 17:18:00,0,0,0,0,25K,0,,F2,Unknown,2.0,100,,,,,28.5,-81.53,,,,,FL,1978-01-08 17:18:00,1978-01-08 17:18:00,False,False
,9999585,Florida,95,Orange,,1978-01-08 17:35:00,CST,1978-01-08 17:35:00,23,0,0,0,2.5M,0,,F2,Unknown,3.0,200,,,,,28.62,-81.43,28.63,-81.4,,,FL,1978-01-08 17:35:00,1978-01-08 17:35:00,False,False
,9999586,Florida,117,Seminole,,1978-01-08 17:39:00,CST,1978-01-08 17:39:00,0,0,0,0,2.5M,0,,F2,Unknown,16.3,33,,,,,28.63,-81.4,28.75,-81.17,,,FL,1978-01-08 17:39:00,1978-01-08 17:39:00,False,False
,9999588,Florida,9,Brevard,,1978-01-13 12:39:00,CST,1978-01-13 12:39:00,0,0,0,0,25K,0,,F0,Unknown,2.0,20,,,,,28.08,-80.6,,,,,FL,1978-01-13 12:39:00,1978-01-13 12:39:00,False,False
,10146090,Wisconsin,127,Walworth,,1978-08-15 16:52:00,CST,1978-08-15 16:52:00,0,0,0,0,0K,0,,,Unknown,0.0,33,,,,,42.63,-88.58,,,,,WI,1978-08-15 17:52:00,1978-08-15 17:52:00,True,True
,10021640,Kansas,15,Butler,,1978-09-13 18:00:00,CST,1978-09-13 18:00:00,0,0,0,0,250K,0,,F0,Unknown,0.1,7,,,,,37.68,-96.78,,,,,KS,1978-09-13 19:00:00,1978-09-13 19:00:00,True,True
,10010635,Hawaii,1,Hawaii,,1978-11-20 20:40:00,CST,1978-11-20 20:40:00,0,0,0,0,.25K,0,,,Unknown,0.0,33,,,,,19.92,-155.02,,,,,HI,1978-11-20 20:40:00,1978-11-20 20:40:00,False,False
,10146510,Washington,53,Pierce,,1978-06-12 17:30:00,CST,1978-06-12 17:30:00,0,0,0,0,25K,0,,,Unknown,1.5,33,,,,,47.13,-122.37,,,,,WA,1978-06-12 18:30:00,1978-06-12 18:30:00,True,True
,10146512,Washington,1,Adams,,1978-07-01 17:34:00,CST,1978-07-01 17:34:00,0,0,0,0,0K,0,,F1,Unknown,0.0,33,,,,,46.77,-118.82,46.78,-118.83,,,WA,1978-07-01 18:34:00,1978-07-01 18:34:00,True,True
,10147460,West Virginia,41,Lewis,,1978-06-27 17:40:00,CST,1978-06-27 17:40:00,0,0,0,0,250K,0,,F1,Unknown,5.7,40,,,,,39.02,-80.47,39.1,-80.5,,,WV,1978-06-27 18:40:00,1978-06-27 18:40:00,True,True
,10013812,Iowa,111,Lee,,1978-07-01 14:30:00,CST,1978-07-01 14:30:00,0,0,0,0,25K,0,,,Unknown,5.0,30,,,,,40.67,-91.23,,,,,IA,1978-07-01 15:30:00,1978-07-01 15:30:00,True,True
,10013815,Iowa,149,Plymouth,,1978-07-05 16:20:00,CST,1978-07-05 16:20:00,0,0,0,0,2.5M,0,,F2,Unknown,20.8,30,,,,,42.9,-96.55,42.78,-96.17,,,IA,1978-07-05 17:20:00,1978-07-05 17:20:00,True,True
,10013817,Iowa,167,Sioux,,1978-07-05 17:30:00,CST,1978-07-05 17:30:00,0,0,0,0,25K,0,,,Unknown,8.0,100,,,,,43.18,-96.47,,,,,IA,1978-07-05 18:30:00,1978-07-05 18:30:00,True,True
,10127616,Texas,439,Tarrant,,1978-05-11 17:00:00,CST,1978-05-11 17:00:00,0,0,0,0,2.5K,0,,F0,Unknown,0.0,33,,,,,32.73,-97.12,,,,,TX,1978-05-11 18:00:00,1978-05-11 18:00:00,True,True
,10127617,Texas,139,Ellis,,1978-05-11 17:15:00,CST,1978-05-11 17:15:00,0,0,0,0,25K,0,,,Unknown,0.0,33,,,,,32.4,-96.85,,,,,TX,1978-05-11 18:15:00,1978-05-11 18:15:00,True,True
,10127620,Texas,217,Hill,,1978-05-11 17:26:00,CST,1978-05-11 17:26:00,0,0,0,0,25K,0,,,Unknown,7.2,33,,,,,32.0,-97.13,31.97,-97.02,,,TX,1978-05-11 18:26:00,1978-05-11 18:26:00,True,True
,10128517,Texas,199,Hardin,,1978-08-28 15:20:00,CST,1978-08-28 15:20:00,0,0,0,0,2.5K,0,,F1,Unknown,0.3,20,,,,,30.48,-94.4,,,,,TX,1978-08-28 16:20:00,1978-08-28 16:20:00,True,True
,10127621,Texas,139,Ellis,,1978-05-11 17:30:00,CST,1978-05-11 17:30:00,0,0,0,0,250K,0,,,Unknown,0.0,33,,,,,32.48,-96.98,,,,,TX,1978-05-11 18:30:00,1978-05-11 18:30:00,True,True
,10130980,Texas,355,Nueces,,1978-08-21 13:20:00,CST,1978-08-21 13:20:00,0,0,0,0,0K,0,,F0,Unknown,0.2,17,,,,,27.67,-97.8,,,,,TX,1978-08-21 14:20:00,1978-08-21 14:20:00,True,True
,10130986,Texas,355,Nueces,,1978-08-25 09:00:00,CST,1978-08-25 09:00:00,0,0,0,0,0K,0,,F0,Unknown,0.1,13,,,,,27.85,-97.58,,,,,TX,1978-08-25 10:00:00,1978-08-25 10:00:00,True,True
,10130987,Texas,169,Garza,,1978-08-27 17:25:00,CST,1978-08-27 17:25:00,0,0,0,0,0K,0,,F0,Unknown,2.0,27,,,,,33.18,-101.55,,,,,TX,1978-08-27 18:25:00,1978-08-27 18:25:00,True,True
,10023890,Kansas,37,Crawford,,1978-04-06 00:05:00,CST,1978-04-06 00:05:00,0,0,0,0,250K,0,,F1,Unknown,0.2,10,,,,,37.42,-94.7,,,,,KS,1978-04-06 00:05:00,1978-04-06 00:05:00,False,False
,10023898,Kansas,35,Cowley,,1978-05-11 16:30:00,CST,1978-05-11 16:30:00,0,0,0,0,.25K,0,,F0,Unknown,0.1,7,,,,,37.0,-97.13,,,,,KS,1978-05-11 17:30:00,1978-05-11 17:30:00,True,True
,10023901,Kansas,121,Miami,,1978-05-11 17:00:00,CST,1978-05-11 17:00:00,1,0,0,0,2.5M,0,,F2,Unknown,11.5,100,,,,,38.62,-94.98,38.6,-94.77,,,KS,1978-05-11 18:00:00,1978-05-11 18:00:00,True,True
,10023902,Kansas,73,Greenwood,,1978-05-11 17:03:00,CST,1978-05-11 17:03:00,0,0,0,0,.25K,0,,F0,Unknown,0.1,3,,,,,37.82,-96.38,,,,,KS,1978-05-11 18:03:00,1978-05-11 18:03:00,True,True
,10023903,Kansas,73,Greenwood,,1978-05-11 17:37:00,CST,1978-05-11 17:37:00,0,0,0,0,25K,0,,F0,Unknown,0.1,3,,,,,37.85,-96.47,,,,,KS,1978-05-11 18:37:00,1978-05-11 18:37:00,True,True
,9997760,Georgia,89,De Kalb,,1978-07-23 14:00:00,CST,1978-07-23 14:00:00,0,0,0,0,250K,0,,F1,Unknown,0.1,50,,,,,33.9,-84.28,,,,,GA,1978-07-23 14:00:00,1978-07-23 14:00:00,False,False
,9997762,Georgia,51,Chatham,,1978-08-01 19:05:00,CST,1978-08-01 19:05:00,1,0,0,0,25K,0,,F1,Unknown,0.5,50,,,,,32.03,-80.85,,,,,GA,1978-08-01 20:05:00,1978-08-01 20:05:00,True,True
,10023911,Kansas,165,Rush,,1978-05-19 19:40:00,CST,1978-05-19 19:40:00,0,0,0,0,0K,0,,F0,Unknown,0.1,3,,,,,38.4,-99.38,,,,,KS,1978-05-19 20:40:00,1978-05-19 20:40:00,True,True
,10130905,Texas,459,Upshur,,1978-04-24 21:10:00,CST,1978-04-24 21:10:00,0,0,0,0,25K,0,,F0,Unknown,0.0,33,,,,,32.73,-94.93,,,,,TX,1978-04-24 21:10:00,1978-04-24 21:10:00,False,False
,10130909,Texas,357,Ochiltree,,1978-04-30 15:24:00,CST,1978-04-30 15:24:00,0,0,0,0,250K,0,,F2,Unknown,8.6,100,,,,,36.5,-100.92,36.58,-100.8,,,TX,1978-04-30 16:24:00,1978-04-30 16:24:00,True,True
,10130910,Texas,295,Lipscomb,,1978-04-30 16:28:00,CST,1978-04-30 16:28:00,0,0,0,0,25K,0,,F3,Unknown,14.4,100,,,,,36.37,-100.43,36.5,-100.23,,,TX,1978-04-30 17:28:00,1978-04-30 17:28:00,True,True
,10130911,Texas,411,San Saba,,1978-04-30 17:20:00,CST,1978-04-30 17:20:00,0,0,0,0,2.5K,0,,F1,Unknown,5.9,33,,,,,31.25,-98.73,31.32,-98.67,,,TX,1978-04-30 18:20:00,1978-04-30 18:20:00,True,True
,10130913,Texas,333,Mills,,1978-04-30 17:35:00,CST,1978-04-30 17:35:00,0,0,0,0,25K,0,,F1,Unknown,5.9,33,,,,,31.38,-98.5,31.45,-98.45,,,TX,1978-04-30 18:35:00,1978-04-30 18:35:00,True,True
,10130916,Texas,251,Johnson,,1978-04-30 18:20:00,CST,1978-04-30 18:20:00,0,0,0,0,25K,0,,F2,Unknown,2.0,33,,,,,32.4,-97.4,,,,,TX,1978-04-30 19:20:00,1978-04-30 19:20:00,True,True
,10130918,Texas,193,Hamilton,,1978-04-30 18:33:00,CST,1978-04-30 18:33:00,0,0,0,0,0K,0,,F1,Unknown,0.0,33,,,,,31.48,-98.33,,,,,TX,1978-04-30 19:33:00,1978-04-30 19:33:00,True,True
,10126396,Tennessee,45,Dyer,,1978-04-17 23:30:00,CST,1978-04-17 23:30:00,0,0,0,0,25K,0,,F0,Unknown,0.2,220,,,,,36.03,-89.38,,,,,TN,1978-04-17 23:30:00,1978-04-17 23:30:00,False,False
,10126612,Tennessee,117,Marshall,,1978-04-18 02:00:00,CST,1978-04-18 02:00:00,0,0,0,0,25K,0,,F1,Unknown,0.0,33,,,,,35.27,-86.75,,,,,TN,1978-04-18 02:00:00,1978-04-18 02:00:00,False,False
,10126613,Tennessee,185,White,,1978-04-18 03:45:00,CST,1978-04-18 03:45:00,0,0,0,0,250K,0,,F1,Unknown,0.5,440,,,,,35.2,-87.3,,,,,TN,1978-04-18 03:45:00,1978-04-18 03:45:00,False,False
,9999630,Florida,11,Broward,,1978-03-03 12:30:00,CST,1978-03-03 12:30:00,0,0,0,0,250K,0,,F1,Unknown,0.1,20,,,,,27.3,-80.3,,,,,FL,1978-03-03 12:30:00,1978-03-03 12:30:00,False,False
,9999625,Florida,71,Lee,,1978-03-03 11:35:00,CST,1978-03-03 11:35:00,0,0,0,0,250K,0,,F1,Unknown,0.1,20,,,,,26.7,-82.15,,,,,FL,1978-03-03 11:35:00,1978-03-03 11:35:00,False,False
,9999626,Florida,15,Charlotte,,1978-03-03 11:45:00,CST,1978-03-03 11:45:00,0,0,0,0,25K,0,,F1,Unknown,0.1,20,,,,,26.93,-82.05,,,,,FL,1978-03-03 11:45:00,1978-03-03 11:45:00,False,False
,10129816,Texas,415,Scurry,,1978-05-28 19:15:00,CST,1978-05-28 19:15:00,0,0,0,0,0K,0,,F0,Unknown,1.0,30,,,,,32.72,-100.9,,,,,TX,1978-05-28 20:15:00,1978-05-28 20:15:00,True,True
,10129817,Texas,169,Garza,,1978-05-28 20:40:00,CST,1978-05-28 20:40:00,0,0,0,0,0K,0,,F0,Unknown,9.1,90,,,,,32.18,-101.15,32.28,-101.05,,,TX,1978-05-28 21:40:00,1978-05-28 21:40:00,True,True
,10129818,Texas,201,Harris,,1978-05-29 16:20:00,CST,1978-05-29 16:20:00,0,0,0,0,250K,0,,F2,Unknown,0.2,20,,,,,29.8,-95.27,,,,,TX,1978-05-29 17:20:00,1978-05-29 17:20:00,True,True
,10129821,Texas,117,Deaf Smith,,1978-05-31 15:35:00,CST,1978-05-31 15:35:00,0,0,0,0,0K,0,,F0,Unknown,2.0,30,,,,,34.82,-102.53,,,,,TX,1978-05-31 16:35:00,1978-05-31 16:35:00,True,True
,10129822,Texas,369,Parmer,,1978-05-31 15:50:00,CST,1978-05-31 15:50:00,0,0,0,0,0K,0,,F0,Unknown,1.0,30,,,,,34.7,-102.62,,,,,TX,1978-05-31 16:50:00,1978-05-31 16:50:00,True,True
,10129826,Texas,17,Bailey,,1978-06-01 22:15:00,CST,1978-06-01 22:15:00,0,0,0,0,0K,0,,F0,Unknown,1.0,30,,,,,34.17,-102.9,,,,,TX,1978-06-01 23:15:00,1978-06-01 23:15:00,True,True
,9999010,Florida,103,Pinellas,,1978-06-29 10:43:00,CST,1978-06-29 10:43:00,2,0,0,0,25K,0,,F0,Unknown,0.1,13,,,,,27.83,-82.78,,,,,FL,1978-06-29 11:43:00,1978-06-29 11:43:00,True,True
,9999012,Florida,95,Orange,,1978-07-01 19:43:00,CST,1978-07-01 19:43:00,0,0,0,0,.25K,0,,F0,Unknown,0.1,10,,,,,28.53,-81.3,,,,,FL,1978-07-01 20:43:00,1978-07-01 20:43:00,True,True
,9999013,Florida,111,St. Lucie,,1978-07-05 16:30:00,CST,1978-07-05 16:30:00,0,0,0,0,2.5K,0,,F0,Unknown,0.1,10,,,,,27.3,-80.3,,,,,FL,1978-07-05 17:30:00,1978-07-05 17:30:00,True,True
,9999014,Florida,51,Hendry,,1978-07-09 15:48:00,CST,1978-07-09 15:48:00,0,0,0,0,0K,0,,F0,Unknown,0.5,13,,,,,26.57,-81.12,,,,,FL,1978-07-09 16:48:00,1978-07-09 16:48:00,True,True
,9999017,Florida,57,Hillsborough,,1978-07-12 13:10:00,CST,1978-07-12 13:10:00,0,0,0,0,0K,0,,F0,Unknown,0.5,10,,,,,27.98,-82.47,,,,,FL,1978-07-12 14:10:00,1978-07-12 14:10:00,True,True
,9999018,Florida,101,Pasco,,1978-07-12 13:30:00,CST,1978-07-12 13:30:00,0,0,0,0,0K,0,,F0,Unknown,0.1,10,,,,,28.23,-82.35,,,,,FL,1978-07-12 14:30:00,1978-07-12 14:30:00,True,True
,9999019,Florida,33,Escambia,,1978-07-21 03:35:00,CST,1978-07-21 03:35:00,0,0,0,0,25K,0,,F0,Unknown,0.2,10,,,,,30.35,-87.22,,,,,FL,1978-07-21 04:35:00,1978-07-21 04:35:00,True,True
,10131767,Texas,251,Johnson,,1978-04-30 18:50:00,CST,1978-04-30 18:50:00,0,0,0,0,25K,0,,F1,Unknown,1.3,33,,,,,32.55,-97.3,32.55,-97.28,,,TX,1978-04-30 19:50:00,1978-04-30 19:50:00,True,True
,10131768,Texas,439,Tarrant,,1978-04-30 18:52:00,CST,1978-04-30 18:52:00,0,0,0,0,25K,0,,F1,Unknown,10.0,33,,,,,32.55,-97.28,32.58,-97.12,,,TX,1978-04-30 19:52:00,1978-04-30 19:52:00,True,True
,10131771,Texas,35,Bosque,,1978-04-30 19:20:00,CST,1978-04-30 19:20:00,0,0,0,0,2.5K,0,,F2,Unknown,0.0,33,,,,,31.87,-97.62,,,,,TX,1978-04-30 20:20:00,1978-04-30 20:20:00,True,True
,10131772,Texas,139,Ellis,,1978-04-30 19:30:00,CST,1978-04-30 19:30:00,0,0,0,0,0K,0,,F0,Unknown,0.0,33,,,,,32.45,-96.98,,,,,TX,1978-04-30 20:30:00,1978-04-30 20:30:00,True,True
,10129837,Texas,421,Sherman,,1978-06-04 00:43:00,CST,1978-06-04 00:43:00,0,0,0,0,0K,0,,F0,Unknown,1.0,60,,,,,36.22,-102.27,,,,,TX,1978-06-04 01:43:00,1978-06-04 01:43:00,True,True
,10129841,Texas,17,Bailey,,1978-06-04 20:20:00,CST,1978-06-04 20:20:00,0,0,0,0,0K,0,,F0,Unknown,0.5,17,,,,,34.2,-102.75,,,,,TX,1978-06-04 21:20:00,1978-06-04 21:20:00,True,True
,10129844,Texas,189,Hale,,1978-06-04 21:42:00,CST,1978-06-04 21:42:00,0,0,0,0,0K,0,,F0,Unknown,0.5,17,,,,,34.02,-102.0,,,,,TX,1978-06-04 22:42:00,1978-06-04 22:42:00,True,True
,10129845,Texas,303,Lubbock,,1978-06-04 21:43:00,CST,1978-06-04 21:43:00,0,0,0,0,0K,0,,F0,Unknown,0.5,20,,,,,33.58,-101.87,,,,,TX,1978-06-04 22:43:00,1978-06-04 22:43:00,True,True
,10127570,Texas,325,Medina,,1978-05-02 18:20:00,CST,1978-05-02 18:20:00,0,0,0,0,2.5K,0,,F1,Unknown,0.1,13,,,,,29.37,-98.8,,,,,TX,1978-05-02 19:20:00,1978-05-02 19:20:00,True,True
,10127581,Texas,383,Reagan,,1978-05-02 21:35:00,CST,1978-05-02 21:35:00,0,0,0,0,0K,0,,F0,Unknown,2.0,30,,,,,31.2,-101.47,,,,,TX,1978-05-02 22:35:00,1978-05-02 22:35:00,True,True
,10129804,Texas,59,Callahan,,1978-05-28 15:40:00,CST,1978-05-28 15:40:00,0,0,0,0,0K,0,,,Unknown,0.0,33,,,,,32.17,-99.57,,,,,TX,1978-05-28 16:40:00,1978-05-28 16:40:00,True,True
,10129806,Texas,139,Ellis,,1978-05-28 16:45:00,CST,1978-05-28 16:45:00,0,0,0,0,0K,0,,,Unknown,0.0,33,,,,,32.38,-96.83,,,,,TX,1978-05-28 17:45:00,1978-05-28 17:45:00,True,True
,10129807,Texas,139,Ellis,,1978-05-28 17:00:00,CST,1978-05-28 17:00:00,0,0,0,0,0K,0,,,Unknown,0.0,33,,,,,32.38,-96.82,,,,,TX,1978-05-28 18:00:00,1978-05-28 18:00:00,True,True
,10129810,Texas,139,Ellis,,1978-05-28 17:03:00,CST,1978-05-28 17:03:00,0,0,0,0,0K,0,,,Unknown,0.0,33,,,,,32.53,-96.67,,,,,TX,1978-05-28 18:03:00,1978-05-28 18:03:00,True,True
,10129812,Texas,335,Mitchell,,1978-05-28 18:02:00,CST,1978-05-28 18:02:00,0,0,0,0,2.5K,0,,F0,Unknown,3.3,60,,,,,32.42,-100.72,32.45,-100.68,,,TX,1978-05-28 19:02:00,1978-05-28 19:02:00,True,True
,10128447,Texas,225,Houston,,1978-05-12 20:05:00,CST,1978-05-12 20:05:00,0,0,0,0,0K,0,,,Unknown,0.0,33,,,,,31.32,-95.5,,,,,TX,1978-05-12 21:05:00,1978-05-12 21:05:00,True,True
,10128448,Texas,225,Houston,,1978-05-12 20:05:00,CST,1978-05-12 20:05:00,0,0,0,0,0K,0,,,Unknown,0.0,33,,,,,31.28,-95.45,,,,,TX,1978-05-12 21:05:00,1978-05-12 21:05:00,True,True
,10128452,Texas,429,Stephens,,1978-05-16 17:00:00,CST,1978-05-16 17:00:00,0,0,0,0,0K,0,,,Unknown,3.0,33,,,,,32.87,-98.9,32.87,-98.85,,,TX,1978-05-16 18:00:00,1978-05-16 18:00:00,True,True
,10003284,Illinois,197,Will,,1978-06-25 12:10:00,CST,1978-06-25 12:10:00,0,0,1,0,250K,0,,F1,Unknown,0.0,17,,,,,41.27,-88.07,41.25,-88.02,,,IL,1978-06-25 13:10:00,1978-06-25 13:10:00,True,True
,10003285,Illinois,91,Kankakee,,1978-06-25 12:15:00,CST,1978-06-25 12:15:00,0,0,0,0,.25K,0,,F1,Unknown,1.3,17,,,,,41.25,-88.02,41.22,-87.98,,,IL,1978-06-25 13:15:00,1978-06-25 13:15:00,True,True
,10003286,Illinois,197,Will,,1978-06-25 12:15:00,CST,1978-06-25 12:15:00,0,0,0,0,2.5K,0,,F1,Unknown,0.5,17,,,,,41.28,-88.03,,,,,IL,1978-06-25 13:15:00,1978-06-25 13:15:00,True,True
,10003288,Illinois,105,Livingston,,1978-06-25 13:08:00,CST,1978-06-25 13:08:00,0,0,0,0,250K,0,,F2,Unknown,16.4,400,,,,,40.77,-88.57,40.77,-88.25,,,IL,1978-06-25 14:08:00,1978-06-25 14:08:00,True,True
,10003289,Illinois,99,La Salle,,1978-06-25 13:30:00,CST,1978-06-25 13:30:00,0,0,0,0,25K,0,,F2,Unknown,0.9,300,,,,,41.53,-88.68,,,,,IL,1978-06-25 14:30:00,1978-06-25 14:30:00,True,True
,10019493,Indiana,87,Lagrange,,1978-10-05 15:20:00,CST,1978-10-05 15:20:00,0,0,0,0,25K,0,,F1,Unknown,1.0,40,,,,,41.68,-85.27,,,,,IN,1978-10-05 16:20:00,1978-10-05 16:20:00,True,True
,10019495,Indiana,17,Cass,,1978-11-17 09:50:00,CST,1978-11-17 09:50:00,0,0,0,0,25K,0,,F1,Unknown,0.5,40,,,,,40.75,-86.5,,,,,IN,1978-11-17 09:50:00,1978-11-17 09:50:00,False,False
,10032245,Louisiana,119,Webster,,1978-05-07 00:20:00,CST,1978-05-07 00:20:00,0,0,0,0,2.5M,0,,F2,Unknown,10.6,33,,,,,32.82,-93.42,32.82,-93.23,,,LA,1978-05-07 01:20:00,1978-05-07 01:20:00,True,True
,10032246,Louisiana,27,Claiborne,,1978-05-07 00:38:00,CST,1978-05-07 00:38:00,0,0,0,0,2.5M,0,,F2,Unknown,30.0,33,,,,,32.82,-93.23,32.83,-92.72,,,LA,1978-05-07 01:38:00,1978-05-07 01:38:00,True,True
,10032250,Louisiana,111,Union,,1978-05-07 01:05:00,CST,1978-05-07 01:05:00,0,0,0,0,2.5M,0,,F2,Unknown,4.3,33,,,,,32.83,-92.72,32.82,-92.65,,,LA,1978-05-07 02:05:00,1978-05-07 02:05:00,True,True
,10032251,Louisiana,119,Webster,,1978-05-07 01:40:00,CST,1978-05-07 01:40:00,0,0,0,0,25K,0,,F1,Unknown,4.9,33,,,,,32.43,-93.35,32.45,-93.27,,,LA,1978-05-07 02:40:00,1978-05-07 02:40:00,True,True
,10128715,Texas,381,Randall,,1978-05-26 18:56:00,CST,1978-05-26 18:56:00,0,0,0,0,0K,0,,F0,Unknown,1.0,40,,,,,34.98,-101.92,,,,,TX,1978-05-26 19:56:00,1978-05-26 19:56:00,True,True
,10128717,Texas,117,Deaf Smith,,1978-05-26 19:04:00,CST,1978-05-26 19:04:00,0,0,0,0,250K,0,,F0,Unknown,2.0,30,,,,,34.82,-102.4,,,,,TX,1978-05-26 20:04:00,1978-05-26 20:04:00,True,True
,10128718,Texas,117,Deaf Smith,,1978-05-26 19:25:00,CST,1978-05-26 19:25:00,0,0,0,0,0K,0,,F0,Unknown,2.0,50,,,,,34.68,-102.37,,,,,TX,1978-05-26 20:25:00,1978-05-26 20:25:00,True,True
,10128721,Texas,129,Donley,,1978-05-26 22:00:00,CST,1978-05-26 22:00:00,0,0,0,0,25K,0,,F0,Unknown,1.0,40,,,,,34.87,-100.67,,,,,TX,1978-05-26 23:00:00,1978-05-26 23:00:00,True,True
,10128722,Texas,191,Hall,,1978-05-26 22:19:00,CST,1978-05-26 22:19:00,0,0,1,0,0K,0,,F0,Unknown,4.5,60,,,,,34.72,-100.53,34.77,-100.48,,,TX,1978-05-26 23:19:00,1978-05-26 23:19:00,True,True
,10128723,Texas,191,Hall,,1978-05-26 22:38:00,CST,1978-05-26 22:38:00,0,0,0,0,0K,0,,F0,Unknown,1.0,30,,,,,34.72,-100.53,,,,,TX,1978-05-26 23:38:00,1978-05-26 23:38:00,True,True
,10128724,Texas,191,Hall,,1978-05-26 22:40:00,CST,1978-05-26 22:40:00,0,0,0,0,0K,0,,F0,Unknown,1.0,40,,,,,34.72,-100.53,,,,,TX,1978-05-26 23:40:00,1978-05-26 23:40:00,True,True
,10128725,Texas,87,Collingsworth,,1978-05-27 02:00:00,CST,1978-05-27 02:00:00,0,0,0,0,0K,0,,F0,Unknown,2.0,30,,,,,34.77,-100.53,,,,,TX,1978-05-27 03:00:00,1978-05-27 03:00:00,True,True
,9991240,California,7,Butte,,1978-03-04 16:00:00,CST,1978-03-04 16:00:00,0,0,0,0,2.5K,0,,,Unknown,1.5,53,,,,,39.83,-121.92,,,,,CA,1978-03-04 16:00:00,1978-03-04 16:00:00,False,False
,9991241,California,99,Stanislaus,,1978-03-04 16:30:00,CST,1978-03-04 16:30:00,0,0,0,0,25K,0,,,Unknown,2.5,100,,,,,37.63,-120.83,,,,,CA,1978-03-04 16:30:00,1978-03-04 16:30:00,False,False
,9991242,California,47,Merced,,1978-03-04 16:35:00,CST,1978-03-04 16:35:00,1,0,0,0,250K,0,,F1,Unknown,1.0,880,,,,,37.42,-120.85,,,,,CA,1978-03-04 16:35:00,1978-03-04 16:35:00,False,False
,9991243,California,103,Tehama,,1978-03-05 16:00:00,CST,1978-03-05 16:00:00,0,0,0,0,2.5K,0,,,Unknown,0.0,33,,,,,40.05,-122.37,,,,,CA,1978-03-05 16:00:00,1978-03-05 16:00:00,False,False
,9991245,California,103,Tehama,,1978-03-05 18:00:00,CST,1978-03-05 18:00:00,0,0,0,0,.03K,0,,,Unknown,0.0,33,,,,,40.0,-122.17,,,,,CA,1978-03-05 18:00:00,1978-03-05 18:00:00,False,False
,9991246,California,7,Butte,,1978-03-23 16:20:00,CST,1978-03-23 16:20:00,0,0,0,0,25K,0,,,Unknown,0.0,33,,,,,39.77,-121.62,,,,,CA,1978-03-23 16:20:00,1978-03-23 16:20:00,False,False
,9991247,California,77,San Joaquin,,1978-03-31 15:40:00,CST,1978-03-31 15:40:00,0,0,0,0,25K,0,,,Unknown,0.5,10,,,,,37.93,-112.2,,,,,CA,1978-03-31 15:40:00,1978-03-31 15:40:00,False,False
,9991250,California,73,San Diego,,1978-12-18 12:30:00,CST,1978-12-18 12:30:00,0,0,0,0,25K,0,,,Unknown,0.8,80,,,,,33.2,-117.38,,,,,CA,1978-12-18 12:30:00,1978-12-18 12:30:00,False,False
,10126452,South Dakota,13,Brown,,1978-06-15 22:45:00,CST,1978-06-15 22:45:00,15,0,0,0,250K,0,,F2,Unknown,0.0,33,,,,,45.47,-98.3,,,,,SD,1978-06-15 23:45:00,1978-06-15 23:45:00,True,True
,10126453,South Dakota,91,Marshall,,1978-06-16 01:20:00,CST,1978-06-16 01:20:00,0,0,0,0,250K,0,,,Unknown,0.0,33,,,,,45.67,-97.67,,,,,SD,1978-06-16 02:20:00,1978-06-16 02:20:00,True,True
,10126457,South Dakota,61,Hanson,,1978-06-24 06:52:00,CST,1978-06-24 06:52:00,0,0,0,0,0K,0,,,Unknown,0.0,33,,,,,43.65,-97.78,,,,,SD,1978-06-24 07:52:00,1978-06-24 07:52:00,True,True
,10126458,South Dakota,111,Sanborn,,1978-06-24 18:50:00,CST,1978-06-24 18:50:00,0,0,0,0,0K,0,,F2,Unknown,0.0,33,,,,,43.9,-98.12,,,,,SD,1978-06-24 19:50:00,1978-06-24 19:50:00,True,True
,10126459,South Dakota,23,Charles Mix,,1978-06-24 18:52:00,CST,1978-06-24 18:52:00,0,0,0,0,0K,0,,,Unknown,0.0,33,,,,,42.95,-98.13,,,,,SD,1978-06-24 19:52:00,1978-06-24 19:52:00,True,True
,10029951,Louisiana,41,Franklin,,1978-06-29 17:30:00,CST,1978-06-29 17:30:00,0,0,0,0,0K,0,,F0,Unknown,0.1,27,,,,,32.0,-91.73,,,,,LA,1978-06-29 18:30:00,1978-06-29 18:30:00,True,True
,10029955,Louisiana,31,De Soto,,1978-07-15 15:30:00,CST,1978-07-15 15:30:00,0,0,0,0,25K,0,,F2,Unknown,0.7,50,,,,,32.25,-93.7,,,,,LA,1978-07-15 16:30:00,1978-07-15 16:30:00,True,True
,10003282,Illinois,99,La Salle,,1978-06-25 10:00:00,CST,1978-06-25 10:00:00,0,0,0,0,2.5K,0,,F1,Unknown,0.1,50,,,,,41.38,-88.8,,,,,IL,1978-06-25 11:00:00,1978-06-25 11:00:00,True,True
,9999631,Florida,55,Highlands,,1978-03-03 12:35:00,CST,1978-03-03 12:35:00,0,0,0,0,25K,0,,F1,Unknown,0.1,20,,,,,27.25,-80.83,,,,,FL,1978-03-03 12:35:00,1978-03-03 12:35:00,False,False
,9999641,Florida,89,Nassau,,1978-04-18 15:45:00,CST,1978-04-18 15:45:00,0,0,0,0,25K,0,,F1,Unknown,0.3,20,,,,,30.67,-81.45,,,,,FL,1978-04-18 15:45:00,1978-04-18 15:45:00,False,False
,9999642,Florida,127,Volusia,,1978-04-18 17:45:00,CST,1978-04-18 17:45:00,0,0,0,0,250K,0,,F1,Unknown,0.5,20,,,,,29.28,-81.05,,,,,FL,1978-04-18 17:45:00,1978-04-18 17:45:00,False,False
,9999646,Florida,1,Alachua,,1978-04-19 06:40:00,CST,1978-04-19 06:40:00,6,0,0,0,250K,0,,F2,Unknown,1.0,50,,,,,29.85,-82.4,,,,,FL,1978-04-19 06:40:00,1978-04-19 06:40:00,False,False
,9999650,Florida,69,Lake,,1978-04-19 10:07:00,CST,1978-04-19 10:07:00,0,0,0,0,250K,0,,F1,Unknown,1.0,50,,,,,29.08,-81.58,,,,,FL,1978-04-19 10:07:00,1978-04-19 10:07:00,False,False
,9998984,Florida,101,Pasco,,1978-05-13 04:45:00,CST,1978-05-13 04:45:00,0,0,0,0,2.5K,0,,F0,Unknown,0.1,13,,,,,30.82,-86.22,,,,,FL,1978-05-13 05:45:00,1978-05-13 05:45:00,True,True
,9998985,Florida,99,Palm Beach,,1978-05-17 13:30:00,CST,1978-05-17 13:30:00,0,0,0,0,0K,0,,F0,Unknown,0.1,10,,,,,26.78,-80.63,,,,,FL,1978-05-17 14:30:00,1978-05-17 14:30:00,True,True
,9998987,Florida,86,Miami-Dade,,1978-05-18 09:14:00,CST,1978-05-18 09:14:00,0,0,0,0,0K,0,,F0,Unknown,0.1,10,,,,,25.92,-80.35,,,,,FL,1978-05-18 10:14:00,1978-05-18 10:14:00,True,True
,9998990,Florida,81,Manatee,,1978-05-20 17:15:00,CST,1978-05-20 17:15:00,0,0,0,0,2.5K,0,,F0,Unknown,0.1,10,,,,,27.48,-82.57,,,,,FL,1978-05-20 18:15:00,1978-05-20 18:15:00,True,True
,9998991,Florida,3,Baker,,1978-05-26 12:50:00,CST,1978-05-26 12:50:00,0,0,0,0,.25K,0,,F0,Unknown,0.1,13,,,,,30.2,-82.43,,,,,FL,1978-05-26 13:50:00,1978-05-26 13:50:00,True,True
,9998992,Florida,57,Hillsborough,,1978-05-26 17:40:00,CST,1978-05-26 17:40:00,0,0,0,0,2.5K,0,,F0,Unknown,0.1,13,,,,,28.02,-82.12,,,,,FL,1978-05-26 18:40:00,1978-05-26 18:40:00,True,True
,9998993,Florida,115,Sarasota,,1978-05-28 15:20:00,CST,1978-05-28 15:20:00,0,0,0,0,2.5K,0,,F0,Unknown,0.1,10,,,,,27.1,-82.45,,,,,FL,1978-05-28 16:20:00,1978-05-28 16:20:00,True,True
,9998996,Florida,107,Putnam,,1978-06-03 14:24:00,CST,1978-06-03 14:24:00,0,0,0,0,.25K,0,,F0,Unknown,0.1,13,,,,,29.77,-81.63,,,,,FL,1978-06-03 15:24:00,1978-06-03 15:24:00,True,True
,9998997,Florida,103,Pinellas,,1978-06-08 07:00:00,CST,1978-06-08 07:00:00,0,0,0,0,2.5K,0,,F0,Unknown,0.1,10,,,,,27.83,-82.78,,,,,FL,1978-06-08 08:00:00,1978-06-08 08:00:00,True,True
,9998998,Florida,127,Volusia,,1978-06-09 13:35:00,CST,1978-06-09 13:35:00,0,0,0,0,2.5K,0,,F0,Unknown,0.1,10,,,,,29.1,-80.95,,,,,FL,1978-06-09 14:35:00,1978-06-09 14:35:00,True,True
,9998999,Florida,95,Orange,,1978-06-10 17:50:00,CST,1978-06-10 17:50:00,0,0,0,0,25K,0,,F0,Unknown,0.5,20,,,,,28.43,-81.37,,,,,FL,1978-06-10 18:50:00,1978-06-10 18:50:00,True,True
,9999000,Florida,99,Palm Beach,,1978-06-11 13:00:00,CST,1978-06-11 13:00:00,1,0,0,0,25K,0,,F0,Unknown,0.5,10,,,,,26.63,-80.67,,,,,FL,1978-06-11 14:00:00,1978-06-11 14:00:00,True,True
,9999001,Florida,11,Broward,,1978-06-12 11:30:00,CST,1978-06-12 11:30:00,0,0,0,0,.25K,0,,F0,Unknown,0.1,10,,,,,25.98,-80.22,,,,,FL,1978-06-12 12:30:00,1978-06-12 12:30:00,True,True
,9999003,Florida,53,Hernando,,1978-06-12 14:30:00,CST,1978-06-12 14:30:00,0,0,0,0,2.5K,0,,F0,Unknown,0.1,10,,,,,28.58,-82.38,,,,,FL,1978-06-12 15:30:00,1978-06-12 15:30:00,True,True
,9999004,Florida,81,Manatee,,1978-06-12 16:55:00,CST,1978-06-12 16:55:00,0,0,0,0,2.5K,0,,F0,Unknown,0.2,23,,,,,27.48,-82.57,,,,,FL,1978-06-12 17:55:00,1978-06-12 17:55:00,True,True
,9999005,Florida,99,Palm Beach,,1978-06-23 11:14:00,CST,1978-06-23 11:14:00,0,0,0,0,25K,0,,F0,Unknown,0.2,13,,,,,26.7,-80.08,,,,,FL,1978-06-23 12:14:00,1978-06-23 12:14:00,True,True
,9999006,Florida,131,Walton,,1978-06-25 23:00:00,CST,1978-06-25 23:00:00,0,0,0,0,.25K,0,,F0,Unknown,0.1,10,,,,,30.82,-86.22,,,,,FL,1978-06-26 00:00:00,1978-06-26 00:00:00,True,True
,9999007,Florida,121,Suwannee,,1978-06-28 18:00:00,CST,1978-06-28 18:00:00,0,0,0,0,2.5K,0,,F0,Unknown,0.5,10,,,,,30.23,-82.88,,,,,FL,1978-06-28 19:00:00,1978-06-28 19:00:00,True,True
,10129579,Texas,191,Hall,,1978-05-27 14:08:00,CST,1978-05-27 14:08:00,0,0,0,0,0K,0,,F0,Unknown,1.0,30,,,,,34.67,-100.48,,,,,TX,1978-05-27 15:08:00,1978-05-27 15:08:00,True,True
,10130969,Texas,297,Live Oak,,1978-07-28 13:20:00,CST,1978-07-28 13:20:00,0,0,0,0,.25K,0,,F1,Unknown,1.0,33,,,,,28.53,-98.12,,,,,TX,1978-07-28 14:20:00,1978-07-28 14:20:00,True,True
,9996638,Georgia,75,Cook,,1978-04-18 11:35:00,CST,1978-04-18 11:35:00,0,0,0,0,25K,0,,F1,Unknown,9.5,33,,,,,31.08,-83.58,31.13,-83.43,,,GA,1978-04-18 11:35:00,1978-04-18 11:35:00,False,False
,10128712,Texas,303,Lubbock,,1978-05-26 18:20:00,CST,1978-05-26 18:20:00,0,0,0,0,0K,0,,F0,Unknown,4.5,30,,,,,33.5,-101.85,33.5,-101.77,,,TX,1978-05-26 19:20:00,1978-05-26 19:20:00,True,True
,10129776,Texas,75,Childress,,1978-04-03 17:20:00,CST,1978-04-03 17:20:00,0,0,0,0,.03K,0,,F1,Unknown,0.2,33,,,,,34.53,-100.0,,,,,TX,1978-04-03 17:20:00,1978-04-03 17:20:00,False,False
,10129779,Texas,197,Hardeman,,1978-04-03 18:00:00,CST,1978-04-03 18:00:00,0,0,0,0,0K,0,,F0,Unknown,0.0,33,,,,,34.18,-99.65,,,,,TX,1978-04-03 18:00:00,1978-04-03 18:00:00,False,False
,10126686,South Dakota,111,Sanborn,,1978-07-04 21:05:00,CST,1978-07-04 21:05:00,0,0,0,0,0K,0,,,Unknown,0.0,33,,,,,43.85,-98.1,,,,,SD,1978-07-04 22:05:00,1978-07-04 22:05:00,True,True
,10130970,Texas,491,Williamson,,1978-07-28 14:15:00,CST,1978-07-28 14:15:00,0,0,0,0,25K,0,,F2,Unknown,0.5,30,,,,,30.6,-97.3,,,,,TX,1978-07-28 15:15:00,1978-07-28 15:15:00,True,True
,10130971,Texas,409,San Patricio,,1978-07-31 13:30:00,CST,1978-07-31 13:30:00,0,0,0,0,25K,0,,F0,Unknown,0.1,13,,,,,27.88,-97.32,,,,,TX,1978-07-31 14:30:00,1978-07-31 14:30:00,True,True
,10130975,Texas,107,Crosby,,1978-08-15 19:25:00,CST,1978-08-15 19:25:00,0,0,0,0,0K,0,,F0,Unknown,0.5,30,,,,,33.67,-101.37,,,,,TX,1978-08-15 20:25:00,1978-08-15 20:25:00,True,True
,10130976,Texas,125,Dickens,,1978-08-15 19:50:00,CST,1978-08-15 19:50:00,0,0,0,0,0K,0,,F0,Unknown,0.4,30,,,,,33.68,-101.67,,,,,TX,1978-08-15 20:50:00,1978-08-15 20:50:00,True,True
,9999592,Florida,19,Clay,,1978-01-19 08:32:00,CST,1978-01-19 08:32:00,0,0,0,0,25K,0,,F0,Unknown,0.5,20,,,,,30.07,-81.87,,,,,FL,1978-01-19 08:32:00,1978-01-19 08:32:00,False,False
,9999597,Florida,57,Hillsborough,,1978-01-19 12:50:00,CST,1978-01-19 12:50:00,0,0,0,0,2.5K,0,,F0,Unknown,1.0,50,,,,,28.05,-82.53,,,,,FL,1978-01-19 12:50:00,1978-01-19 12:50:00,False,False
,9999600,Florida,117,Seminole,,1978-01-19 13:30:00,CST,1978-01-19 13:30:00,0,0,0,0,250K,0,,F1,Unknown,0.5,20,,,,,28.58,-81.33,,,,,FL,1978-01-19 13:30:00,1978-01-19 13:30:00,False,False
,9999604,Florida,85,Martin,,1978-01-19 14:50:00,CST,1978-01-19 14:50:00,0,0,0,0,25K,0,,F0,Unknown,3.6,50,,,,,27.07,-80.12,27.08,-80.07,,,FL,1978-01-19 14:50:00,1978-01-19 14:50:00,False,False
,9999607,Florida,115,Sarasota,,1978-01-19 15:45:00,CST,1978-01-19 15:45:00,0,0,0,0,250K,0,,F1,Unknown,1.0,50,,,,,27.12,-82.45,,,,,FL,1978-01-19 15:45:00,1978-01-19 15:45:00,False,False
,9999609,Florida,15,Charlotte,,1978-01-19 16:03:00,CST,1978-01-19 16:03:00,0,0,0,0,2.5K,0,,F0,Unknown,0.3,10,,,,,26.95,-82.07,,,,,FL,1978-01-19 16:03:00,1978-01-19 16:03:00,False,False
,9999618,Florida,69,Lake,,1978-01-25 20:30:00,CST,1978-01-25 20:30:00,2,0,0,0,25K,0,,F0,Unknown,0.5,20,,,,,28.97,-81.63,,,,,FL,1978-01-25 20:30:00,1978-01-25 20:30:00,False,False
,10126393,Tennessee,95,Lake,,1978-03-13 19:12:00,CST,1978-03-13 19:12:00,0,0,0,0,25K,0,,F0,Unknown,0.0,33,,,,,36.47,-89.42,,,,,TN,1978-03-13 19:12:00,1978-03-13 19:12:00,False,False
,10128669,Texas,83,Coleman,,1978-05-17 18:32:00,CST,1978-05-17 18:32:00,0,0,0,0,0K,0,,,Unknown,0.0,33,,,,,31.83,-99.52,,,,,TX,1978-05-17 19:32:00,1978-05-17 19:32:00,True,True
,10128674,Texas,155,Foard,,1978-05-18 20:15:00,CST,1978-05-18 20:15:00,0,0,0,0,25K,0,,,Unknown,1.5,20,,,,,33.98,-99.73,,,,,TX,1978-05-18 21:15:00,1978-05-18 21:15:00,True,True
,10128677,Texas,189,Hale,,1978-05-19 16:23:00,CST,1978-05-19 16:23:00,0,0,0,0,2.5K,0,,F0,Unknown,2.0,30,,,,,34.28,-101.72,,,,,TX,1978-05-19 17:23:00,1978-05-19 17:23:00,True,True
,10128678,Texas,437,Swisher,,1978-05-19 16:45:00,CST,1978-05-19 16:45:00,0,0,0,0,0K,0,,F0,Unknown,4.5,30,,,,,34.37,-101.75,34.42,-101.7,,,TX,1978-05-19 17:45:00,1978-05-19 17:45:00,True,True
,10128679,Texas,191,Hall,,1978-05-19 18:40:00,CST,1978-05-19 18:40:00,0,0,0,0,0K,0,,F0,Unknown,6.1,50,,,,,34.52,-100.6,34.58,-100.53,,,TX,1978-05-19 19:40:00,1978-05-19 19:40:00,True,True
,10128680,Texas,101,Cottle,,1978-05-19 18:50:00,CST,1978-05-19 18:50:00,0,0,0,0,25K,0,,F0,Unknown,8.9,50,,,,,34.02,-100.3,34.12,-100.2,,,TX,1978-05-19 19:50:00,1978-05-19 19:50:00,True,True
,10128682,Texas,483,Wheeler,,1978-05-20 23:11:00,CST,1978-05-20 23:11:00,0,0,0,0,0K,0,,F0,Unknown,2.0,30,,,,,35.22,-100.25,,,,,TX,1978-05-21 00:11:00,1978-05-21 00:11:00,True,True
,10128698,Texas,371,Pecos,,1978-05-25 18:15:00,CST,1978-05-25 18:15:00,0,0,0,0,250K,0,,F0,Unknown,2.0,40,,,,,30.88,-102.87,,,,,TX,1978-05-25 19:15:00,1978-05-25 19:15:00,True,True
,10128699,Texas,303,Lubbock,,1978-05-25 18:20:00,CST,1978-05-25 18:20:00,0,0,0,0,250K,0,,F0,Unknown,3.6,60,,,,,33.5,-101.85,33.5,-101.78,,,TX,1978-05-25 19:20:00,1978-05-25 19:20:00,True,True
,10128700,Texas,117,Deaf Smith,,1978-05-25 18:25:00,CST,1978-05-25 18:25:00,0,0,0,0,250K,0,,F0,Unknown,6.1,60,,,,,34.82,-102.4,34.88,-102.33,,,TX,1978-05-25 19:25:00,1978-05-25 19:25:00,True,True
,10128703,Texas,303,Lubbock,,1978-05-25 18:35:00,CST,1978-05-25 18:35:00,0,0,0,0,0K,0,,F0,Unknown,1.0,30,,,,,33.45,-101.73,,,,,TX,1978-05-25 19:35:00,1978-05-25 19:35:00,True,True
,10126390,Tennessee,71,Hardin,,1978-01-07 18:40:00,CST,1978-01-07 18:40:00,0,0,0,0,250K,0,,F1,Unknown,1.0,100,,,,,35.23,-88.25,,,,,TN,1978-01-07 18:40:00,1978-01-07 18:40:00,False,False
,10126391,Tennessee,167,Tipton,,1978-01-07 19:30:00,CST,1978-01-07 19:30:00,0,0,0,0,250K,0,,F1,Unknown,3.0,100,,,,,35.47,-89.73,35.5,-89.7,,,TN,1978-01-07 19:30:00,1978-01-07 19:30:00,False,False
